submission_id,h1,h2,N1,N2,vocabulary,length,calculated_length,volume,difficulty,effort,time_sec,bugs,cyclomatic,sloc,lloc,comment_rate,mi_std,mi_custom
15926,9,35,56,140,44,196,208.05,1070.05,18.0,19260.87,1070.05,0.3567,6,24,22,0.0,47.87,47.87
55246,6,33,36,103,39,139,181.97,734.67,9.36,6879.19,382.18,0.2449,3,21,17,0.0,50.69,50.69
19768,7,31,34,103,38,137,173.23,718.97,11.63,8360.88,464.49,0.2397,5,24,21,0.0,49.22,49.22
75920,4,18,9,31,22,40,83.06,178.38,3.44,614.41,34.13,0.0595,1,7,5,0.0,65.67,65.67
19821,9,39,35,115,48,150,234.66,837.74,13.27,11116.22,617.57,0.2792,4,24,21,0.0,48.89,48.89
1,8,31,37,121,39,158,177.58,835.09,15.61,13038.23,724.35,0.2784,5,23,21,0.0,49.16,49.16
64080,10,79,193,828,89,1021,531.22,6611.72,52.41,346487.81,19249.32,2.2039,37,91,79,0.0,25.54,25.54
3,7,26,23,55,33,78,141.86,393.46,7.4,2913.14,161.84,0.1312,1,11,9,0.0,58.98,58.98
108733,6,30,21,86,36,107,162.72,553.18,8.6,4757.36,264.3,0.1844,3,16,14,0.0,54.12,54.12
112112,7,29,27,73,36,100,160.53,516.99,8.81,4554.88,253.05,0.1723,3,20,16,0.0,52.22,52.22
101612,5,29,30,88,34,118,152.49,600.32,7.59,4554.16,253.01,0.2001,3,17,13,0.0,53.3,53.3
47057,11,90,235,1208,101,1443,622.32,9607.8,73.82,709269.09,39403.84,3.2026,0,129,0,0.0,26.07,26.07
69382,9,28,20,59,37,79,163.14,411.55,9.48,3902.35,216.8,0.1372,1,9,7,0.0,60.74,60.74
43242,13,90,264,985,103,1249,632.37,8351.44,71.14,594112.1,33006.23,2.7838,39,138,127,0.0,20.61,20.61
45907,10,48,66,236,58,302,301.3,1769.11,24.58,43490.63,2416.15,0.5897,14,51,49,0.0,38.13,38.13
55387,9,76,105,332,85,437,503.37,2800.9,19.66,55059.87,3058.88,0.9336,11,48,36,0.0,37.71,37.71
133788,5,31,41,124,36,165,165.19,853.04,10.0,8530.38,473.91,0.2843,5,28,26,0.0,47.24,47.24
75817,8,47,59,231,55,290,285.07,1676.59,19.66,32961.13,1831.17,0.5589,13,42,40,0.0,40.26,40.26
129419,11,55,99,499,66,598,356.03,3614.55,49.9,180365.93,10020.33,1.2048,15,64,54,0.0,33.67,33.67
118342,5,30,27,76,35,103,158.82,528.32,6.33,3346.0,185.89,0.1761,1,14,11,0.0,55.8,55.8
147830,7,58,52,189,65,241,359.41,1451.39,11.41,16553.36,919.63,0.4838,5,30,24,0.14,65.4,44.97
96634,7,31,35,81,38,116,173.23,608.76,9.15,5567.2,309.29,0.2029,5,18,16,0.0,52.45,52.45
156010,5,33,37,119,38,156,178.07,818.68,9.02,7380.49,410.03,0.2729,5,28,24,0.0,47.36,47.36
185783,8,25,23,63,33,86,140.1,433.82,10.08,4372.88,242.94,0.1446,4,16,14,0.0,54.73,54.73
161617,9,78,103,299,87,402,518.79,2590.06,17.25,44678.59,2482.14,0.8634,5,60,26,0.0,36.64,36.64
112137,11,108,181,656,119,837,767.58,5770.96,33.41,192792.89,10710.72,1.9237,29,90,65,0.04,39.32,27.13
118364,7,35,54,186,42,240,199.18,1294.16,18.6,24071.3,1337.29,0.4314,6,28,26,0.0,45.83,45.83
118445,6,46,55,206,52,261,269.59,1487.81,13.43,19988.47,1110.47,0.4959,8,35,29,0.0,43.03,43.03
192365,7,54,121,445,61,566,330.42,3356.8,28.84,96818.74,5378.82,1.1189,13,54,43,0.09,52.21,35.77
192392,7,59,43,147,66,190,366.73,1148.43,8.72,10014.74,556.37,0.3828,6,28,22,0.12,65.23,46.2
200570,9,34,76,176,43,252,201.5,1367.42,23.29,31852.81,1769.6,0.4558,8,34,31,0.0,43.56,43.56
200270,5,29,27,89,34,116,152.49,590.15,7.67,4527.84,251.55,0.1967,3,18,15,0.0,52.81,52.81
148341,12,56,73,233,68,306,368.23,1862.76,24.96,46502.56,2583.48,0.6209,13,41,35,0.05,53.57,40.17
192311,7,70,57,191,77,248,448.7,1554.16,9.55,14842.26,824.57,0.5181,3,24,17,0.15,67.97,47.14
210996,11,43,51,137,54,188,271.38,1081.92,17.52,18958.74,1053.26,0.3606,9,30,27,0.0,45.32,45.32
112077,11,59,136,472,70,608,385.13,3726.6,44.0,163970.58,9109.48,1.2422,23,66,61,0.03,42.64,32.21
211002,11,61,109,412,72,521,399.83,3214.53,37.15,119411.92,6634.0,1.0715,25,91,86,0.0,29.35,29.35
218090,7,38,56,200,45,256,219.07,1405.91,18.42,25898.42,1438.8,0.4686,6,32,28,0.0,44.32,44.32
224339,6,39,60,204,45,264,221.64,1449.85,15.69,22751.48,1263.97,0.4833,10,35,32,0.0,42.84,42.84
143196,10,47,64,260,57,324,294.28,1889.86,27.66,52272.62,2904.03,0.63,18,41,35,0.0,39.46,39.46
224151,12,80,197,660,92,857,548.77,5590.69,49.5,276739.28,15374.4,1.8636,35,84,71,0.05,40.39,27.08
200214,9,53,83,235,62,318,332.11,1893.43,19.95,37779.38,2098.85,0.6311,9,45,41,0.0,39.78,39.78
178292,8,41,46,143,49,189,243.66,1061.18,13.95,14804.76,822.49,0.3537,4,23,17,0.0,48.57,48.57
239732,7,34,42,132,41,174,192.63,932.21,13.59,12667.14,703.73,0.3107,6,27,24,0.0,47.18,47.18
244683,6,38,24,95,44,119,214.93,649.67,7.5,4872.54,270.7,0.2166,3,17,15,0.0,53.06,53.06
178390,8,34,43,123,42,166,196.97,895.12,14.47,12952.98,719.61,0.2984,5,21,19,0.0,49.82,49.82
258060,10,43,57,131,53,188,266.55,1076.85,15.23,16403.17,911.29,0.3589,3,20,13,0.24,74.47,49.98
249813,7,30,30,79,37,109,166.86,567.83,9.22,5233.5,290.75,0.1893,5,18,16,0.0,52.66,52.66
258061,7,51,46,133,58,179,308.95,1048.58,9.13,9570.85,531.71,0.3495,3,24,19,0.1,65.6,48.34
272361,8,27,19,56,35,75,152.38,384.7,8.3,3191.55,177.31,0.1282,1,10,7,0.0,59.95,59.95
297611,6,27,23,52,33,75,143.89,378.33,5.78,2185.9,121.44,0.1261,1,10,8,0.0,60.0,60.0
200168,11,70,103,287,81,390,467.1,2472.54,22.55,55755.81,3097.55,0.8242,18,46,40,0.07,52.6,37.55
297601,6,40,44,137,46,181,228.39,999.76,10.27,10272.58,570.7,0.3333,5,29,26,0.0,46.42,46.42
303113,11,42,41,155,53,196,264.53,1122.67,20.3,22787.58,1265.98,0.3742,6,26,23,0.0,46.97,46.97
224382,10,49,65,274,59,339,308.34,1994.22,27.96,55756.65,3097.59,0.6647,9,40,36,0.0,40.74,40.74
307903,4,24,16,49,28,65,118.04,312.48,4.08,1275.95,70.89,0.1042,2,12,10,0.0,58.72,58.72
285017,9,58,146,424,67,570,368.29,3457.67,32.9,113745.45,6319.19,1.1526,11,59,52,0.0,35.11,35.11
258309,9,31,29,77,40,106,182.11,564.12,11.18,6305.45,350.3,0.188,3,16,14,0.0,54.06,54.06
244637,9,54,80,265,63,345,339.29,2062.16,22.08,45539.4,2529.97,0.6874,11,52,50,0.0,37.88,37.88
224283,8,36,45,130,44,175,210.12,955.4,14.44,13800.23,766.68,0.3185,6,21,19,0.0,49.48,49.48
307917,5,24,11,40,29,51,121.65,247.76,4.17,1032.32,57.35,0.0826,1,10,7,0.0,61.29,61.29
307987,5,24,11,41,29,52,121.65,252.62,4.27,1078.88,59.94,0.0842,2,9,7,0.0,62.09,62.09
308031,7,35,57,163,42,220,199.18,1186.31,16.3,19336.85,1074.27,0.3954,7,20,18,0.0,49.15,49.15
315047,6,31,39,134,37,173,169.09,901.24,12.97,11686.99,649.28,0.3004,5,24,22,0.0,48.53,48.53
303554,9,49,90,285,58,375,303.65,2196.74,26.17,57496.38,3194.24,0.7322,12,49,43,0.0,38.12,38.12
308146,8,34,32,106,42,138,196.97,744.14,12.47,9279.86,515.55,0.248,4,22,19,0.0,50.07,50.07
293441,11,68,131,518,79,649,452.0,4091.15,41.9,171407.31,9522.63,1.3637,17,68,60,0.0,32.45,32.45
249812,10,41,49,133,51,182,252.88,1032.38,16.22,16744.72,930.26,0.3441,4,26,24,0.0,47.49,47.49
308152,10,42,53,140,52,193,259.7,1100.18,16.67,18336.41,1018.69,0.3667,1,19,14,0.18,72.83,50.67
337884,9,79,89,362,88,451,526.53,2913.2,20.62,60071.0,3337.28,0.9711,12,68,52,0.05,47.6,34.15
293603,11,75,125,378,86,503,505.22,3232.41,27.72,89602.44,4977.91,1.0775,17,69,58,0.13,52.96,33.03
344382,6,41,94,277,47,371,235.17,2060.75,20.27,41767.93,2320.44,0.6869,9,37,32,0.06,55.3,41.38
344389,9,32,57,140,41,197,188.53,1055.44,19.69,20778.93,1154.39,0.3518,10,31,29,0.0,44.95,44.95
297638,10,43,50,141,53,191,266.55,1094.03,16.4,17937.05,996.5,0.3647,7,23,19,0.1,65.34,48.07
327914,10,83,192,679,93,871,562.35,5695.61,40.9,232970.93,12942.83,1.8985,27,111,98,0.0,25.46,25.46
344361,11,48,87,297,59,384,306.13,2258.93,34.03,76874.38,4270.8,0.753,17,64,60,0.0,34.83,34.83
307911,9,34,41,121,43,162,201.5,879.05,16.01,14077.81,782.1,0.293,7,22,20,0.0,49.16,49.16
307952,5,24,12,32,29,44,121.65,213.75,3.33,712.5,39.58,0.0713,1,8,6,0.0,63.85,63.85
354706,7,45,50,163,52,213,266.78,1214.19,12.68,15393.28,855.18,0.4047,7,32,25,0.0,44.63,44.63
308151,9,36,35,103,45,138,214.65,757.88,12.88,9757.65,542.09,0.2526,4,20,18,0.0,50.92,50.92
354671,5,38,27,97,43,124,211.03,672.86,6.38,4293.89,238.55,0.2243,3,19,16,0.0,51.9,51.9
368339,11,109,228,1195,120,1423,775.79,9828.51,60.3,592640.84,32924.49,3.2762,0,132,0,0.0,25.79,25.79
398136,7,32,35,88,39,123,179.65,650.1,9.62,6257.26,347.63,0.2167,3,19,17,0.0,52.01,52.01
303119,11,70,86,421,81,507,467.1,3214.3,33.08,106324.58,5906.92,1.0714,11,53,43,0.0,36.35,36.35
398280,10,78,106,366,88,472,523.48,3048.85,23.46,71530.75,3973.93,1.0163,14,59,51,0.07,50.42,35.09
337831,12,36,48,121,48,169,229.14,943.86,20.17,19034.48,1057.47,0.3146,7,27,25,0.0,47.0,47.0
327735,11,37,33,89,48,122,230.8,681.37,13.23,9014.28,500.79,0.2271,5,17,15,0.0,52.65,52.65
354720,10,60,87,362,70,449,387.63,2752.05,30.17,83020.12,4612.23,0.9173,16,63,59,0.0,34.51,34.51
414709,9,79,77,228,88,305,526.53,1970.13,12.99,25586.71,1421.48,0.6567,12,49,37,0.2,61.45,38.45
444190,8,53,41,177,61,218,327.58,1292.9,13.36,17271.2,959.51,0.431,7,24,22,0.0,47.16,47.16
414801,8,42,53,158,50,211,250.48,1190.85,15.05,17919.51,995.53,0.397,8,38,33,0.0,42.93,42.93
376048,8,82,88,308,90,396,545.32,2570.77,15.02,38624.31,2145.79,0.8569,7,66,33,0.0,35.49,35.49
430764,12,92,233,867,104,1100,643.19,7370.48,56.54,416752.78,23152.93,2.4568,0,68,0,0.0,32.95,32.95
363101,9,27,21,69,36,90,156.91,465.29,11.5,5350.87,297.27,0.1551,2,13,10,0.0,56.75,56.75
444038,3,16,16,25,19,41,68.75,174.17,2.34,408.2,22.68,0.0581,1,6,5,0.0,67.2,67.2
424904,8,63,96,416,71,512,400.57,3148.67,26.41,83164.88,4620.27,1.0496,13,68,54,0.0,33.78,33.78
392629,12,47,80,258,59,338,304.09,1988.33,32.94,65488.09,3638.23,0.6628,11,48,46,0.0,38.75,38.75
456940,8,50,60,235,58,295,306.19,1728.1,18.8,32488.36,1804.91,0.576,8,38,35,0.0,41.79,41.79
451108,13,75,90,250,88,340,515.27,2196.21,21.67,47584.48,2643.58,0.7321,9,43,31,0.18,62.27,39.76
440977,9,80,76,285,89,361,534.28,2337.74,16.03,37476.89,2082.05,0.7792,5,38,27,0.16,62.44,41.28
465910,12,59,66,249,71,315,390.1,1937.17,25.32,49053.09,2725.17,0.6457,6,34,25,0.0,42.77,42.77
392682,12,85,112,477,97,589,587.82,3887.35,33.67,130889.32,7271.63,1.2958,18,74,65,0.0,31.67,31.67
385739,9,40,56,183,49,239,241.41,1341.92,20.59,27626.69,1534.82,0.4473,8,31,28,0.0,44.49,44.49
479666,11,46,56,222,57,278,292.14,1621.54,26.54,43041.4,2391.19,0.5405,9,42,37,0.0,40.9,40.9
484650,3,25,18,46,28,64,120.85,307.67,2.76,849.17,47.18,0.1026,2,13,10,0.0,58.01,58.01
441060,9,88,72,329,97,401,596.96,2646.57,16.82,44525.45,2473.64,0.8822,12,58,50,0.04,47.38,35.95
444170,12,65,87,352,77,439,434.47,2751.12,32.49,89390.21,4966.12,0.917,15,63,59,0.0,34.65,34.65
457000,10,55,57,234,65,291,351.19,1752.51,21.27,37280.65,2071.15,0.5842,9,42,38,0.0,40.67,40.67
458200,9,57,58,229,66,287,361.0,1734.74,18.08,31362.29,1742.35,0.5782,9,39,35,0.0,41.4,41.4
458326,7,25,21,49,32,70,135.75,350.0,6.86,2401.0,133.39,0.1167,2,10,7,0.0,60.1,60.1
516298,7,29,25,79,36,104,160.53,537.67,9.53,5126.43,284.8,0.1792,4,20,18,0.0,51.96,51.96
518995,10,48,64,193,58,257,301.3,1505.5,20.1,30266.85,1681.49,0.5018,4,29,25,0.04,56.73,45.31
458299,8,48,62,180,56,242,292.08,1405.38,15.0,21080.7,1171.15,0.4685,9,36,33,0.0,42.8,42.8
441059,9,36,47,115,45,162,214.65,889.68,14.38,12789.15,710.51,0.2966,4,24,21,0.0,48.7,48.7
568688,6,21,14,35,27,49,107.75,232.99,5.0,1164.95,64.72,0.0777,1,8,6,0.0,63.59,63.59
516427,7,43,42,156,50,198,252.98,1117.48,12.7,14189.44,788.3,0.3725,7,35,30,0.0,44.03,44.03
465906,10,46,115,313,56,428,287.3,2485.55,34.02,84562.66,4697.93,0.8285,17,58,54,0.0,35.47,35.47
484553,10,60,80,226,70,306,387.63,1875.56,18.83,35323.06,1962.39,0.6252,12,40,38,0.0,40.52,40.52
489953,10,43,47,110,53,157,266.55,899.28,12.79,11502.46,639.03,0.2998,4,21,19,0.0,49.94,49.94
504447,8,60,55,150,68,205,378.41,1247.93,10.0,12479.3,693.29,0.416,3,31,21,0.0,45.38,45.38
568648,10,35,46,127,45,173,212.74,950.09,18.14,17237.36,957.63,0.3167,4,22,18,0.0,49.33,49.33
474537,10,59,82,306,69,388,380.3,2370.11,25.93,61462.11,3414.56,0.79,12,64,59,0.02,42.99,35.36
532024,6,39,31,112,45,143,221.64,785.33,8.62,6765.96,375.89,0.2618,4,25,20,0.0,48.7,48.7
518909,8,48,59,226,56,285,292.08,1655.1,18.83,31170.98,1731.72,0.5517,10,41,35,0.0,40.94,40.94
568697,8,39,56,177,47,233,230.13,1294.22,18.15,23495.06,1305.28,0.4314,5,31,28,0.0,45.0,45.0
588303,10,44,58,143,54,201,273.43,1156.73,16.25,18796.9,1044.27,0.3856,7,27,22,0.0,46.39,46.39
549069,11,30,43,111,41,154,185.26,825.06,20.35,16790.03,932.78,0.275,8,25,23,0.0,48.01,48.01
588277,7,36,29,81,43,110,205.77,596.89,7.88,4700.5,261.14,0.199,5,19,16,0.0,52.0,52.0
588254,10,75,115,300,85,415,500.38,2659.9,20.0,53197.94,2955.44,0.8866,10,59,50,0.07,51.5,36.04
548611,8,43,56,239,51,295,257.33,1673.37,22.23,37203.2,2066.84,0.5578,10,37,33,0.0,41.87,41.87
518938,7,32,39,88,39,127,179.65,671.25,9.62,6460.74,358.93,0.2237,5,25,22,0.0,49.04,49.04
594810,8,32,43,149,40,192,184.0,1021.81,18.62,19031.21,1057.29,0.3406,6,26,24,0.0,47.26,47.26
627111,11,81,177,794,92,971,551.58,6334.38,53.91,341509.03,18972.72,2.1115,0,102,0,0.0,29.56,29.56
555643,8,64,49,254,72,303,408.0,1869.49,15.88,29678.11,1648.78,0.6232,4,38,29,0.06,56.62,42.09
562129,6,29,24,69,35,93,156.39,477.02,7.14,3404.96,189.16,0.159,3,18,16,0.0,53.46,53.46
648677,6,25,24,62,31,86,131.61,426.06,7.44,3169.89,176.11,0.142,2,15,12,0.0,55.66,55.66
595910,12,74,138,555,86,693,502.52,4453.4,45.0,200403.07,11133.5,1.4845,21,66,58,0.0,31.94,31.94
619383,9,45,35,144,54,179,275.66,1030.12,14.4,14833.8,824.1,0.3434,5,25,23,0.0,47.74,47.74
626577,9,96,121,588,105,709,660.69,4760.4,27.56,131208.53,7289.36,1.5868,14,83,61,0.0,30.5,30.5
648891,9,42,68,210,51,278,255.01,1576.93,22.5,35481.02,1971.17,0.5256,7,40,31,0.0,41.72,41.72
626564,11,49,49,192,60,241,313.17,1423.56,21.55,30679.18,1704.4,0.4745,8,29,25,0.0,44.94,44.94
631798,6,25,17,43,31,60,131.61,297.25,5.16,1533.82,85.21,0.0991,1,9,7,0.0,61.73,61.73
631804,8,47,39,134,55,173,285.07,1000.18,11.4,11406.25,633.68,0.3334,8,32,30,0.0,45.08,45.08
691399,8,63,74,317,71,391,400.57,2404.55,20.13,48396.36,2688.69,0.8015,13,56,46,0.08,52.44,36.44
665017,10,32,31,94,42,125,193.22,674.04,14.69,9899.96,550.0,0.2247,7,14,12,0.0,54.25,54.25
619572,8,54,73,295,62,368,334.76,2191.14,21.85,47880.56,2660.03,0.7304,10,53,48,0.0,37.65,37.65
632064,10,63,150,476,73,626,409.79,3874.83,37.78,146382.47,8132.36,1.2916,29,91,84,0.02,37.22,28.24
648633,7,42,46,162,49,208,246.13,1167.86,13.5,15766.11,875.89,0.3893,8,33,31,0.0,44.32,44.32
631978,10,111,132,590,121,722,787.4,4995.42,26.58,132761.14,7375.62,1.6651,20,77,60,0.06,44.58,30.26
648914,10,61,70,277,71,347,394.99,2133.96,22.7,48451.44,2691.75,0.7113,14,48,41,0.02,47.21,38.13
691386,9,68,85,251,77,336,442.48,2105.64,16.61,34975.3,1943.07,0.7019,8,44,36,0.1,57.43,39.8
649046,6,27,18,50,33,68,143.89,343.02,5.56,1905.66,105.87,0.1143,1,10,8,0.0,60.3,60.3
704194,6,33,31,94,39,125,181.97,660.68,8.55,5645.77,313.65,0.2202,6,23,21,0.0,49.74,49.74
649682,9,113,73,348,122,421,799.21,2917.84,13.86,40436.62,2246.48,0.9726,8,53,30,0.03,47.56,37.05
717532,5,29,22,73,34,95,152.49,483.31,6.29,3041.51,168.97,0.1611,3,17,15,0.0,53.96,53.96
699166,12,80,235,1282,92,1517,548.77,9896.24,96.15,951523.81,52862.43,3.2987,40,176,157,0.0,17.66,17.66
651596,10,58,97,383,68,480,372.98,2921.98,33.02,96475.79,5359.77,0.974,16,63,55,0.0,34.33,34.33
697927,8,34,47,132,42,179,196.97,965.22,15.53,14989.37,832.74,0.3217,2,20,17,0.0,50.45,50.45
704193,12,74,73,254,86,327,502.52,2101.39,20.59,43277.25,2404.29,0.7005,8,46,33,0.13,59.16,39.39
697880,5,40,50,219,45,269,224.49,1477.31,13.69,20220.66,1123.37,0.4924,6,30,26,0.0,44.78,44.78
730283,9,72,135,480,81,615,472.76,3899.01,30.0,116970.23,6498.35,1.2997,19,73,62,0.0,31.65,31.65
665054,8,82,75,334,90,409,545.32,2655.17,16.29,43259.81,2403.32,0.8851,9,61,41,0.0,35.87,35.87
749398,6,43,42,125,49,167,248.84,937.66,8.72,8177.24,454.29,0.3126,4,25,22,0.04,60.26,48.16
749330,9,30,36,67,39,103,175.74,544.4,10.05,5471.18,303.95,0.1815,7,11,9,0.0,57.18,57.18
762213,6,27,26,90,33,116,143.89,585.15,10.0,5851.5,325.08,0.195,3,16,14,0.0,53.95,53.95
755785,6,45,61,197,51,258,262.64,1463.49,13.13,19220.45,1067.8,0.4878,9,38,33,0.06,55.91,42.16
697850,7,37,34,116,44,150,212.4,818.91,10.97,8985.93,499.22,0.273,3,22,19,0.0,49.91,49.91
678029,11,37,53,130,48,183,230.8,1022.05,19.32,19750.39,1097.24,0.3407,8,23,21,0.0,48.15,48.15
788784,5,28,24,72,33,96,146.22,484.26,6.43,3113.11,172.95,0.1614,3,17,15,0.0,53.95,53.95
782338,13,84,153,955,97,1108,585.06,7312.7,73.9,540400.08,30022.23,2.4376,29,103,85,0.0,25.14,25.14
717600,9,31,33,78,40,111,182.11,590.73,11.32,6688.63,371.59,0.1969,5,19,17,0.0,52.03,52.03
775527,6,33,36,94,39,130,181.97,687.1,8.55,5871.6,326.2,0.229,4,19,16,0.0,51.7,51.7
697864,9,36,36,100,45,136,214.65,746.89,12.5,9336.15,518.68,0.249,4,20,18,0.0,50.96,50.96
818250,8,41,50,140,49,190,243.66,1066.79,13.66,14570.86,809.49,0.3556,7,33,30,0.0,44.73,44.73
824502,10,60,78,267,70,345,387.63,2114.6,22.25,47049.91,2613.88,0.7049,13,43,39,0.0,39.34,39.34
782353,9,74,113,290,83,403,488.03,2569.14,17.64,45307.15,2517.06,0.8564,7,55,31,0.0,37.22,37.22
730443,10,85,148,613,95,761,578.02,4999.66,36.06,180281.86,10015.66,1.6666,12,80,63,0.06,44.99,30.97
857157,7,40,172,499,47,671,232.53,3727.13,43.66,162735.78,9040.88,1.2424,26,72,61,0.12,49.75,30.98
831041,12,80,195,602,92,797,548.77,5199.28,45.15,234747.44,13041.52,1.7331,35,82,68,0.07,42.45,27.53
808558,9,48,66,232,57,298,296.61,1738.2,21.75,37805.88,2100.33,0.5794,9,43,39,0.05,53.24,40.47
775529,8,40,47,135,48,182,236.88,1016.46,13.5,13722.25,762.35,0.3388,5,33,31,0.0,45.15,45.15
723984,8,38,42,102,46,144,223.42,795.39,10.74,8540.01,474.44,0.2651,2,16,14,0.0,53.15,53.15
723983,8,37,37,119,45,156,216.75,856.73,12.86,11021.7,612.32,0.2856,3,21,19,0.0,50.22,50.22
888504,5,35,27,102,40,129,191.13,686.53,7.29,5001.85,277.88,0.2288,6,25,22,0.0,48.84,48.84
818598,11,60,84,291,71,375,392.47,2306.16,26.67,61516.69,3417.59,0.7687,5,32,28,0.0,42.95,42.95
837419,11,67,69,297,78,366,444.48,2300.46,24.38,56086.52,3115.92,0.7668,10,38,30,0.09,57.57,40.65
844376,9,88,119,434,97,553,596.96,3649.75,22.19,80999.61,4499.98,1.2166,7,61,39,0.0,35.17,35.17
837515,10,82,123,488,92,611,554.54,3985.9,29.76,118604.72,6589.15,1.3286,26,71,63,0.06,44.93,30.91
864344,10,80,163,531,90,694,538.97,4505.35,33.19,149521.17,8306.73,1.5018,23,72,63,0.07,46.21,30.81
831063,8,55,57,230,63,287,341.97,1715.48,16.73,28695.29,1594.18,0.5718,11,48,45,0.02,47.89,39.2
894501,6,35,37,159,41,196,195.03,1050.08,13.63,14311.09,795.06,0.35,11,31,28,0.0,44.83,44.83
795642,8,37,39,125,45,164,216.75,900.66,13.51,12171.13,676.17,0.3002,3,19,17,0.0,51.01,51.01
912495,9,63,104,319,72,423,405.1,2609.88,22.79,59467.94,3303.77,0.87,14,38,28,0.2,62.91,39.73
876179,6,39,43,139,45,182,221.64,999.52,10.69,10687.15,593.73,0.3332,4,25,22,0.0,47.96,47.96
919056,8,47,69,282,55,351,285.07,2029.26,24.0,48702.17,2705.68,0.6764,11,37,33,0.0,41.15,41.15
888497,8,49,34,101,57,135,299.12,787.44,8.24,6492.36,360.69,0.2625,1,15,10,0.23,78.27,53.93
906718,11,76,137,389,87,526,512.9,3388.99,28.15,95404.48,5300.25,1.1297,15,77,69,0.0,32.11,32.11
857119,10,52,66,183,62,249,329.64,1482.59,17.6,26087.97,1449.33,0.4942,10,36,32,0.06,56.43,42.5
882455,7,42,49,146,49,195,246.13,1094.87,12.17,13320.9,740.05,0.365,4,29,27,0.0,46.28,46.28
894386,8,51,73,214,59,287,313.29,1688.32,16.78,28337.27,1574.29,0.5628,8,26,24,0.0,45.46,45.46
876175,9,28,27,62,37,89,163.14,463.64,9.96,4619.85,256.66,0.1545,4,14,12,0.0,55.79,55.79
894506,8,46,48,197,54,245,278.08,1409.95,17.13,24153.01,1341.83,0.47,10,34,30,0.0,43.2,43.2
938419,4,31,17,64,35,81,161.58,415.47,4.13,1715.5,95.31,0.1385,2,14,12,0.0,56.39,56.39
925709,8,35,43,111,43,154,203.52,835.64,12.69,10600.75,588.93,0.2785,5,23,19,0.0,49.16,49.16
876172,9,48,86,292,57,378,296.61,2204.83,27.38,60357.29,3353.18,0.7349,15,61,56,0.0,35.63,35.63
925648,10,102,139,560,112,699,713.81,4758.34,27.45,130621.13,7256.73,1.5861,11,54,19,0.0,34.98,34.98
900540,9,47,26,152,56,178,289.6,1033.71,14.55,15043.77,835.76,0.3446,4,23,19,0.1,65.91,48.65
976536,6,37,59,150,43,209,208.26,1134.09,12.16,13792.98,766.28,0.378,11,31,28,0.0,44.6,44.6
989531,5,30,22,69,35,91,158.82,466.76,5.75,2683.9,149.11,0.1556,3,18,16,0.0,53.52,53.52
912503,13,70,103,333,83,436,477.16,2779.52,30.92,85946.64,4774.81,0.9265,17,57,52,0.0,35.3,35.3
976532,11,66,109,305,77,414,436.98,2594.45,25.42,65942.26,3663.46,0.8648,11,56,46,0.1,53.96,36.48
970052,7,25,23,54,32,77,135.75,385.0,7.56,2910.6,161.7,0.1283,2,13,10,0.0,57.33,57.33
983068,10,51,65,217,61,282,322.51,1672.47,21.27,35580.94,1976.72,0.5575,8,30,25,0.04,55.56,44.13
976641,10,33,38,81,43,119,199.68,645.73,12.27,7924.81,440.27,0.2152,2,12,10,0.0,56.51,56.51
925657,9,56,83,236,65,319,353.74,1921.14,18.96,36432.96,2024.05,0.6404,10,40,34,0.08,56.81,40.72
938486,12,46,48,144,58,192,297.1,1124.73,18.78,21125.41,1173.63,0.3749,6,27,25,0.0,46.61,46.61
944518,7,31,23,60,38,83,173.23,435.58,6.77,2950.69,163.93,0.1452,2,14,12,0.0,56.25,56.25
900804,11,36,39,169,47,208,224.17,1155.35,25.82,29830.61,1657.26,0.3851,12,27,25,0.0,45.72,45.72
1015420,8,28,31,168,36,199,158.61,1028.82,24.0,24691.56,1371.75,0.3429,9,34,32,0.0,44.29,44.29
995745,10,40,37,116,50,153,246.1,863.51,14.5,12520.89,695.61,0.2878,3,14,11,0.0,54.04,54.04
944537,7,29,27,80,36,107,160.53,553.18,9.66,5341.07,296.73,0.1844,4,20,18,0.0,51.88,51.88
1008916,5,39,123,338,44,461,217.74,2516.8,21.67,54530.62,3029.48,0.8389,14,68,66,0.0,34.33,34.33
1015360,7,32,26,103,39,129,179.65,681.82,11.27,7681.09,426.73,0.2273,7,22,19,0.0,49.93,49.93
995758,7,50,80,226,57,306,301.84,1784.86,15.82,28236.55,1568.7,0.595,10,48,44,0.0,39.21,39.21
1015564,7,37,42,183,44,225,212.4,1228.37,17.31,21264.12,1181.34,0.4095,10,37,34,0.0,42.81,42.81
1008904,9,78,157,512,87,669,518.79,4310.33,29.54,127320.49,7073.36,1.4368,19,89,78,0.0,29.47,29.47
944521,8,31,33,76,39,109,177.58,576.11,9.81,5649.58,313.87,0.192,3,17,15,0.0,53.43,53.43
963814,7,27,22,56,34,78,148.03,396.82,7.26,2880.63,160.04,0.1323,1,11,9,0.0,58.95,58.95
1046440,8,32,29,165,40,194,184.0,1032.45,20.62,21294.36,1183.02,0.3442,9,33,31,0.0,44.56,44.56
1039874,7,53,74,294,60,368,323.23,2173.74,19.42,42203.28,2344.63,0.7246,11,46,44,0.0,38.88,38.88
970067,12,80,121,346,92,467,548.77,3046.5,25.95,79056.76,4392.04,1.0155,19,64,57,0.05,46.57,33.65
1036925,6,46,56,183,52,239,269.59,1362.41,11.93,16260.01,903.33,0.4541,5,29,25,0.0,45.48,45.48
970066,8,54,88,306,62,394,334.76,2345.95,22.67,53174.94,2954.16,0.782,13,62,51,0.02,43.74,35.55
1039892,8,42,51,95,50,146,250.48,824.0,9.05,7455.27,414.18,0.2747,9,19,15,0.06,64.79,50.48
1065520,8,32,20,106,40,126,184.0,670.56,13.25,8884.96,493.61,0.2235,3,18,16,0.0,52.42,52.42
1002267,7,93,88,361,100,449,627.79,2983.09,13.59,40528.34,2251.57,0.9944,6,61,32,0.09,52.41,35.92
1065517,6,33,38,137,39,175,181.97,924.95,12.45,11519.77,639.99,0.3083,8,24,20,0.0,48.05,48.05
1040278,7,64,70,229,71,299,403.65,1838.77,12.52,23027.78,1279.32,0.6129,9,43,37,0.05,53.37,40.3
1076709,10,54,70,193,64,263,343.98,1578.0,17.87,28199.44,1566.64,0.526,9,31,25,0.14,64.01,43.86
994613,12,66,55,310,78,365,441.95,2294.17,28.18,64653.93,3591.89,0.7647,12,51,45,0.0,37.61,37.61
1108759,8,40,45,110,48,155,236.88,865.67,11.0,9522.36,529.02,0.2886,6,25,19,0.17,70.17,48.13
1095300,8,46,76,251,54,327,278.08,1881.85,21.83,41073.38,2281.85,0.6273,11,48,44,0.0,38.92,38.92
1108796,7,33,24,79,40,103,186.12,548.16,8.38,4592.9,255.16,0.1827,2,18,15,0.0,53.17,53.17
1129577,8,70,81,211,78,292,453.05,1835.34,12.06,22128.93,1229.38,0.6118,5,40,31,0.14,61.73,41.53
1108869,9,66,57,174,75,231,427.46,1438.86,11.86,17070.08,948.34,0.4796,7,31,25,0.14,64.56,44.41
989638,10,43,63,198,53,261,266.55,1494.99,23.02,34419.47,1912.19,0.4983,16,47,45,0.0,39.14,39.14
1070201,9,33,39,109,42,148,194.99,798.06,14.86,11862.12,659.01,0.266,5,16,14,0.0,52.74,52.74
1096039,10,102,133,345,112,478,713.81,3253.92,16.91,55029.46,3057.19,1.0846,10,50,35,0.26,62.13,37.0
1102676,8,27,25,64,35,89,152.38,456.51,9.48,4328.35,240.46,0.1522,2,15,13,0.0,55.45,55.45
1155494,5,35,17,74,40,91,191.13,484.3,5.29,2559.85,142.21,0.1614,2,13,11,0.0,56.63,56.63
1168892,7,37,40,137,44,177,212.4,966.32,12.96,12522.98,695.72,0.3221,6,27,22,0.0,47.07,47.07
1102661,9,113,124,737,122,861,799.21,5967.36,29.35,175139.52,9729.97,1.9891,27,128,108,0.03,33.62,23.96
1114482,9,51,60,156,60,216,317.82,1275.89,13.76,17562.23,975.68,0.4253,6,31,29,0.0,44.91,44.91
1168891,9,55,65,193,64,258,346.5,1548.0,15.79,24444.33,1358.02,0.516,6,40,33,0.11,60.14,41.91
1124390,9,49,88,293,58,381,303.65,2231.89,26.91,60056.08,3336.45,0.744,9,38,36,0.0,40.88,40.88
1137467,11,62,99,288,73,387,407.21,2395.46,25.55,61200.19,3400.01,0.7985,9,42,40,0.0,39.72,39.72
1164312,9,93,129,368,102,497,636.67,3316.2,17.81,59049.67,3280.54,1.1054,7,62,31,0.11,53.96,35.31
1195935,5,30,35,145,35,180,158.82,923.27,12.08,11156.19,619.79,0.3078,5,23,21,0.0,48.86,48.86
1209594,9,62,131,519,71,650,397.69,3997.34,37.67,150577.05,8365.39,1.3324,23,66,54,0.07,46.97,32.0
1152317,10,32,42,126,42,168,193.22,905.91,19.69,17835.09,990.84,0.302,5,25,23,0.0,48.13,48.13
1158514,12,120,155,740,132,895,871.85,6304.73,37.0,233275.11,12959.73,2.1016,14,88,43,0.0,29.09,29.09
1196382,9,51,56,201,60,257,317.82,1518.07,17.74,26923.43,1495.75,0.506,7,35,33,0.0,43.1,43.1
1187690,10,48,64,205,58,269,301.3,1575.8,21.35,33649.83,1869.43,0.5253,11,33,30,0.0,43.01,43.01
1152471,9,29,33,83,38,116,169.41,608.76,12.88,7840.4,435.58,0.2029,5,21,19,0.0,50.99,50.99
1209682,11,38,55,137,49,192,237.47,1078.02,19.83,21376.09,1187.56,0.3593,6,25,23,0.0,47.46,47.46
1218687,11,41,32,109,52,141,257.71,803.76,14.62,11752.57,652.92,0.2679,7,21,18,0.05,63.1,49.87
1233565,11,74,127,432,85,559,497.55,3582.85,32.11,115038.52,6391.03,1.1943,11,73,67,0.0,32.99,32.99
1225972,7,52,54,172,59,226,316.07,1329.48,11.58,15391.26,855.07,0.4432,9,29,25,0.07,60.47,45.02
1168863,7,32,35,103,39,138,179.65,729.39,11.27,8216.98,456.5,0.2431,3,16,14,0.0,53.28,53.28
1265684,11,58,90,454,69,544,377.82,3323.04,43.05,143062.49,7947.92,1.1077,20,67,60,0.0,32.82,32.82
1233985,13,98,217,725,111,942,696.35,6400.34,48.09,307771.44,17098.41,2.1334,24,97,82,0.02,35.86,26.78
1205873,10,39,67,179,49,246,239.35,1381.22,22.95,31697.2,1760.96,0.4604,11,28,26,0.0,44.96,44.96
1265438,9,40,44,120,49,164,241.41,920.81,13.5,12430.97,690.61,0.3069,6,27,24,0.0,47.21,47.21
1243460,10,36,31,122,46,153,219.34,845.1,16.94,14319.83,795.55,0.2817,7,28,25,0.0,47.0,47.0
1218879,10,55,86,314,65,400,351.19,2408.95,28.55,68764.49,3820.25,0.803,9,47,44,0.0,38.63,38.63
1186390,10,61,102,373,71,475,394.99,2921.13,30.57,89309.95,4961.66,0.9737,18,57,55,0.0,35.01,35.01
1233544,8,44,29,113,52,142,264.21,809.46,10.27,8315.39,461.97,0.2698,4,18,15,0.0,51.72,51.72
1262753,10,39,54,164,49,218,239.35,1224.01,21.03,25735.53,1429.75,0.408,1,16,13,0.0,51.98,51.98
1279422,5,30,29,87,35,116,158.82,595.0,7.25,4313.73,239.65,0.1983,3,19,16,0.0,52.27,52.27
1294495,6,36,33,99,42,132,201.63,711.79,8.25,5872.23,326.24,0.2373,4,26,22,0.08,64.91,48.62
1233491,8,39,30,89,47,119,230.13,661.0,9.13,6033.71,335.21,0.2203,5,15,13,0.0,53.93,53.93
1251715,8,64,64,255,72,319,408.0,1968.21,15.94,31368.28,1742.68,0.6561,7,32,25,0.14,63.31,43.16
1233476,10,35,25,73,45,98,212.74,538.2,10.43,5612.67,311.82,0.1794,3,15,13,0.0,54.82,54.82
1301328,10,53,56,232,63,288,336.8,1721.46,21.89,37677.16,2093.18,0.5738,7,41,35,0.0,41.22,41.22
1309279,8,40,52,163,48,215,236.88,1200.77,16.3,19572.5,1087.36,0.4003,6,23,20,0.05,60.56,47.93
1309272,8,54,61,178,62,239,334.76,1423.05,13.19,18763.22,1042.4,0.4744,5,29,24,0.08,61.07,45.35
1272868,11,95,177,472,106,649,662.19,4366.42,27.33,119318.18,6628.79,1.4555,13,116,85,0.0,27.73,27.73
1322679,11,75,45,185,86,230,505.22,1478.04,13.57,20052.09,1114.0,0.4927,11,32,26,0.1,61.38,43.49
1239577,11,87,103,503,98,606,598.59,4008.51,31.8,127466.14,7081.45,1.3362,23,90,73,0.0,29.05,29.05
1344037,8,31,34,99,39,133,177.58,702.96,12.77,8979.73,498.87,0.2343,4,19,16,0.0,51.63,51.63
1331210,11,36,60,169,47,229,224.17,1272.0,25.82,32842.36,1824.58,0.424,8,32,29,0.0,44.35,44.35
1322547,10,45,39,151,55,190,280.35,1098.46,16.78,18429.69,1023.87,0.3662,5,29,26,0.0,46.14,46.14
1396506,10,30,38,174,40,212,180.43,1128.25,29.0,32719.21,1817.73,0.3761,9,27,26,0.0,46.19,46.19
1353623,6,36,37,114,42,151,201.63,814.24,9.5,7735.28,429.74,0.2714,4,26,23,0.0,48.21,48.21
1272668,8,59,75,282,67,357,371.08,2165.59,19.12,41403.22,2300.18,0.7219,14,56,50,0.04,48.05,36.63
1375148,5,44,104,499,49,603,251.82,3385.67,28.35,95991.44,5332.86,1.1286,16,48,41,0.0,36.46,36.46
1423914,8,44,42,126,52,168,264.21,957.67,11.45,10969.72,609.43,0.3192,7,29,26,0.0,46.28,46.28
1301234,10,40,40,121,50,161,246.1,908.66,15.12,13743.5,763.53,0.3029,4,24,20,0.0,48.64,48.64
1295202,11,53,63,191,64,254,341.63,1524.0,19.82,30206.83,1678.16,0.508,5,26,19,0.14,66.23,46.17
1301455,10,95,175,721,105,896,657.36,6015.96,37.95,228290.0,12682.78,2.0053,19,97,75,0.0,27.64,27.64
1431111,10,68,78,340,78,418,447.17,2627.3,25.0,65682.45,3649.03,0.8758,7,33,17,0.11,60.01,41.99
1265219,7,27,21,49,34,70,148.03,356.12,6.35,2262.04,125.67,0.1187,1,11,9,0.0,59.28,59.28
1431180,10,42,121,363,52,484,259.7,2759.01,43.21,119228.77,6623.82,0.9197,21,75,71,0.0,32.18,32.18
1447244,8,43,62,162,51,224,257.33,1270.62,15.07,19148.0,1063.78,0.4235,5,28,25,0.0,46.02,46.02
1437899,6,35,36,104,41,140,195.03,750.06,8.91,6686.22,371.46,0.25,5,23,20,0.0,49.49,49.49
1339168,13,112,241,806,125,1047,810.53,7293.18,46.78,341151.34,18952.85,2.4311,38,105,84,0.02,32.73,23.75
1380901,10,40,38,102,50,140,246.1,790.14,12.75,10074.28,559.68,0.2634,6,16,13,0.0,52.64,52.64
1447407,7,48,61,209,55,270,287.73,1560.97,15.24,23788.49,1321.58,0.5203,2,25,22,0.0,46.88,46.88
1438108,9,85,137,476,94,613,573.33,4017.96,25.2,101252.67,5625.15,1.3393,11,77,64,0.12,51.38,32.13
1405568,11,56,119,395,67,514,363.27,3117.97,38.79,120960.53,6720.03,1.0393,15,53,51,0.0,35.91,35.91
1470351,12,96,129,596,108,725,675.18,4897.29,37.25,182424.18,10134.68,1.6324,27,77,63,0.06,43.4,29.38
1469264,4,33,47,174,37,221,174.47,1151.29,10.55,12140.87,674.49,0.3838,8,31,27,0.0,44.96,44.96
1461690,5,32,32,86,37,118,171.61,614.72,6.72,4130.12,229.45,0.2049,1,14,12,0.0,55.34,55.34
1438420,10,90,96,382,100,478,617.49,3175.76,21.22,67396.75,3744.26,1.0586,18,67,48,0.0,33.23,33.23
1353963,13,90,168,813,103,981,632.37,6559.46,58.72,385149.45,21397.19,2.1865,32,134,126,0.0,22.57,22.57
1493000,11,57,67,326,68,393,370.53,2392.37,31.46,75254.82,4180.82,0.7975,11,50,40,0.0,37.8,37.8
1482347,4,30,35,133,34,168,155.21,854.69,8.87,7578.28,421.02,0.2849,6,28,26,0.0,47.1,47.1
1470350,14,96,272,1071,110,1343,685.46,9107.37,78.09,711228.37,39512.69,3.0358,40,142,117,0.0,19.95,19.95
1483210,12,85,112,570,97,682,587.82,4501.14,40.24,181104.71,10061.37,1.5004,26,101,92,0.0,27.2,27.2
1402481,10,50,104,215,60,319,315.41,1884.3,21.5,40512.41,2250.69,0.6281,21,38,35,0.03,49.56,39.78
1431123,10,62,115,510,72,625,402.38,3856.2,41.13,158601.9,8811.22,1.2854,15,57,47,0.02,43.08,34.57
1502484,8,45,36,112,53,148,271.13,847.73,9.96,8439.65,468.87,0.2826,5,24,19,0.05,61.64,48.72
1558063,8,33,27,96,41,123,190.47,658.98,11.64,7668.12,426.01,0.2197,2,16,15,0.0,53.73,53.73
1402693,7,29,42,90,36,132,160.53,682.43,10.86,7412.6,411.81,0.2275,6,23,21,0.0,49.64,49.64
1531468,10,47,94,351,57,445,294.28,2595.64,37.34,96922.15,5384.56,0.8652,15,53,46,0.0,36.46,36.46
1549701,10,61,79,346,71,425,394.99,2613.64,28.36,74124.62,4118.03,0.8712,12,53,43,0.0,36.85,36.85
1516828,7,30,42,127,37,169,166.86,880.4,14.82,13044.56,724.7,0.2935,5,23,20,0.0,49.0,49.0
1478442,9,42,78,200,51,278,255.01,1576.93,21.43,33791.45,1877.3,0.5256,11,43,41,0.0,40.5,40.5
1602130,5,18,10,28,23,38,86.67,171.9,3.89,668.48,37.14,0.0573,1,7,5,0.0,65.78,65.78
1551806,11,58,68,190,69,258,377.82,1576.0,18.02,28395.16,1577.51,0.5253,7,52,35,0.0,39.24,39.24
1602388,7,20,17,36,27,53,106.09,252.01,6.3,1587.66,88.2,0.084,2,8,7,0.0,63.22,63.22
1611054,6,38,43,139,44,182,214.93,993.62,10.97,10903.63,605.76,0.3312,6,26,22,0.0,47.34,47.34
1500613,6,64,88,314,70,402,399.51,2463.97,14.72,36266.58,2014.81,0.8213,11,61,47,0.1,53.16,35.83
1516817,7,51,57,210,58,267,308.95,1564.08,14.41,22541.17,1252.29,0.5214,9,37,35,0.0,42.21,42.21
1625800,10,43,37,162,53,199,266.55,1139.86,18.84,21471.71,1192.87,0.38,7,34,27,0.0,44.25,44.25
1617987,12,72,200,701,84,901,487.25,5759.48,58.42,336449.51,18691.64,1.9198,38,108,98,0.0,24.2,24.2
1531477,10,61,94,254,71,348,394.99,2140.11,20.82,44556.43,2475.36,0.7134,10,44,37,0.0,39.48,39.48
1569435,11,61,139,428,72,567,399.83,3498.35,38.59,135001.8,7500.1,1.1661,18,65,61,0.03,43.65,33.22
1574125,8,28,20,52,36,72,158.61,372.23,7.43,2765.17,153.62,0.1241,1,11,9,0.0,59.15,59.15
1588843,11,53,54,180,64,234,341.63,1404.0,18.68,26225.66,1456.98,0.468,9,33,30,0.03,54.13,43.63
1582981,7,33,28,81,40,109,186.12,580.09,8.59,4983.5,276.86,0.1934,2,13,11,0.0,56.08,56.08
1640466,8,37,43,104,45,147,216.75,807.3,11.24,9076.7,504.26,0.2691,7,22,20,0.0,49.42,49.42
1649132,10,49,56,264,59,320,308.34,1882.45,26.94,50710.78,2817.27,0.6275,7,45,36,0.0,40.07,40.07
1640465,10,35,40,107,45,147,212.74,807.3,15.29,12340.19,685.57,0.2691,7,19,17,0.0,50.81,50.81
1649054,10,69,180,503,79,683,454.71,4305.48,36.45,156931.71,8718.43,1.4352,18,83,72,0.0,30.27,30.27
1655170,8,67,214,610,75,824,430.43,5132.55,36.42,186916.62,10384.26,1.7108,24,69,60,0.09,47.6,30.68
1640468,9,57,39,154,66,193,361.0,1166.57,12.16,14183.01,787.95,0.3889,6,30,25,0.11,63.65,45.5
1661052,8,48,69,196,56,265,292.08,1538.95,16.33,25136.17,1396.45,0.513,7,34,29,0.0,43.33,43.33
1669217,10,50,76,218,60,294,315.41,1736.63,21.8,37858.44,2103.25,0.5789,8,35,31,0.0,42.56,42.56
1649145,12,65,154,546,77,700,434.47,4386.75,50.4,221092.23,12282.9,1.4623,23,67,60,0.0,31.57,31.57
1640719,11,60,119,482,71,601,392.47,3696.0,44.18,163301.51,9072.31,1.232,22,98,92,0.0,28.62,28.62
1702190,6,28,24,76,34,100,150.12,508.75,8.14,4142.65,230.15,0.1696,3,14,12,0.0,55.64,55.64
1682904,7,43,36,148,50,184,252.98,1038.47,12.05,12509.94,695.0,0.3462,4,26,24,0.0,47.47,47.47
1640470,10,70,74,400,80,474,462.27,2996.59,28.57,85616.97,4756.5,0.9989,17,71,64,0.0,32.99,32.99
1655159,9,31,37,84,40,121,182.11,643.95,12.19,7852.08,436.23,0.2147,4,15,13,0.0,54.14,54.14
1649143,12,115,247,753,127,1000,830.25,6988.68,39.29,274564.15,15253.56,2.3296,44,118,102,0.1,39.4,21.97
1655162,10,38,61,173,48,234,232.64,1306.88,22.76,29748.74,1652.71,0.4356,8,41,38,0.0,41.92,41.92
1711290,11,72,152,506,83,658,482.29,4194.78,38.65,162139.74,9007.76,1.3983,11,83,71,0.0,31.29,31.29
1660843,7,31,36,126,38,162,173.23,850.16,14.23,12094.27,671.9,0.2834,5,19,17,0.0,50.92,50.92
1711217,8,66,68,269,74,337,422.93,2092.59,16.3,34115.49,1895.3,0.6975,9,38,31,0.06,55.19,41.08
1728970,8,55,51,163,63,214,341.97,1279.14,11.85,15163.6,842.42,0.4264,6,29,25,0.0,45.54,45.54
1690131,8,44,46,114,52,160,264.21,912.07,10.36,9452.37,525.13,0.304,2,18,15,0.06,65.94,51.62
1701833,9,33,59,164,42,223,194.99,1202.49,22.36,26891.98,1494.0,0.4008,8,21,19,0.0,48.51,48.51
1728972,7,38,28,180,45,208,219.07,1142.31,16.58,18938.22,1052.12,0.3808,4,23,18,0.0,48.35,48.35
1740421,10,41,31,119,51,150,252.88,850.86,14.51,12347.9,685.99,0.2836,4,26,24,0.0,48.08,48.08
1740200,5,25,15,43,30,58,127.71,284.6,4.3,1223.78,67.99,0.0949,1,10,7,0.0,60.87,60.87
1689896,10,69,85,237,79,322,454.71,2029.82,17.17,34859.91,1936.66,0.6766,5,31,27,0.0,43.64,43.64
1746556,9,51,55,254,60,309,317.82,1825.23,22.41,40906.61,2272.59,0.6084,6,43,33,0.0,40.72,40.72
1689725,10,51,74,283,61,357,322.51,2117.27,27.75,58743.95,3263.55,0.7058,8,40,33,0.03,50.74,40.69
1758037,6,32,33,86,38,119,175.51,624.5,8.06,5035.06,279.73,0.2082,3,17,15,0.0,53.18,53.18
1771281,8,54,71,188,62,259,334.76,1542.14,13.93,21475.68,1193.09,0.514,8,43,36,0.1,58.6,40.97
1716367,10,63,72,270,73,342,409.79,2116.92,21.43,45362.57,2520.14,0.7056,9,42,34,0.0,40.09,40.09
1746738,10,49,55,199,59,254,308.34,1494.19,20.31,30341.23,1685.62,0.4981,8,38,31,0.0,42.24,42.24
1716362,9,44,46,138,53,184,268.74,1053.94,14.11,14874.89,826.38,0.3513,5,25,21,0.0,47.67,47.67
1791613,11,64,109,341,75,450,422.05,2802.97,29.3,82140.11,4563.34,0.9343,15,59,50,0.0,35.21,35.21
1735599,10,46,113,438,56,551,287.3,3199.85,47.61,152340.81,8463.38,1.0666,24,65,62,0.0,32.68,32.68
1821210,9,61,126,442,70,568,390.3,3481.43,32.61,113517.54,6306.53,1.1605,11,63,58,0.0,34.47,34.47
1771226,11,71,129,378,82,507,474.69,3223.28,29.28,94383.05,5243.5,1.0744,17,64,56,0.0,33.75,33.75
1722265,10,85,135,752,95,887,578.02,5827.46,44.24,257779.49,14321.08,1.9425,24,102,87,0.0,26.59,26.59
1820670,10,102,117,347,112,464,713.81,3158.61,17.01,53727.38,2984.85,1.0529,12,66,57,0.07,48.82,34.19
1790571,8,45,33,110,53,143,271.13,819.09,9.78,8008.91,444.94,0.273,5,22,15,0.0,49.64,49.64
1782299,10,68,98,369,78,467,447.17,2935.28,27.13,79641.13,4424.51,0.9784,11,62,53,0.0,35.14,35.14
1746500,8,35,35,98,43,133,203.52,721.69,11.2,8082.96,449.05,0.2406,5,20,17,0.0,50.93,50.93
1790853,14,111,218,985,125,1203,807.48,8379.84,62.12,520531.41,28918.41,2.7933,43,134,110,0.0,20.35,20.35
1799244,7,28,25,59,35,84,154.26,430.86,7.38,3177.59,176.53,0.1436,3,16,14,0.0,54.88,54.88
1813549,11,40,64,200,51,264,250.93,1497.52,27.5,41181.81,2287.88,0.4992,12,39,37,0.0,41.44,41.44
1813514,11,77,85,256,88,341,520.6,2202.67,18.29,40277.32,2237.63,0.7342,8,48,40,0.0,38.84,38.84
1846769,11,62,138,466,73,604,407.21,3738.65,41.34,154551.13,8586.17,1.2462,34,80,76,0.0,28.9,28.9
1846638,8,30,74,137,38,211,171.21,1107.31,18.27,20226.91,1123.72,0.3691,14,30,28,0.0,44.58,44.58
1782878,9,48,67,213,57,280,296.61,1633.21,19.97,32613.15,1811.84,0.5444,8,43,41,0.0,40.79,40.79
1834869,10,50,88,431,60,519,315.41,3065.68,43.1,132130.65,7340.59,1.0219,21,47,40,0.0,36.29,36.29
1833499,10,82,178,592,92,770,554.54,5023.14,36.1,181323.2,10073.51,1.6744,40,94,77,0.01,32.38,25.66
1864555,8,43,36,120,51,156,257.33,884.9,11.16,9877.94,548.77,0.295,6,21,18,0.0,49.72,49.72
1933538,10,56,164,420,66,584,358.43,3529.93,37.5,132372.23,7354.01,1.1766,27,68,63,0.0,31.55,31.55
1955328,12,54,162,555,66,717,353.78,4333.83,61.67,267252.89,14847.38,1.4446,28,86,82,0.0,28.57,28.57
1961246,7,38,44,124,45,168,219.07,922.63,11.42,10537.42,585.41,0.3075,3,26,23,0.0,47.97,47.97
1834499,10,62,75,243,72,318,402.38,1962.04,19.6,38449.58,2136.09,0.654,9,46,41,0.05,51.95,39.46
1827344,7,37,38,139,44,177,212.4,966.32,13.15,12705.79,705.88,0.3221,6,29,27,0.0,46.39,46.39
1870443,9,55,72,234,64,306,346.5,1836.0,19.15,35151.05,1952.84,0.612,4,42,31,0.16,62.66,41.2
1848126,13,65,114,527,78,641,439.56,4028.94,52.7,212325.29,11795.85,1.343,18,74,60,0.0,31.56,31.56
1907195,6,46,32,123,52,155,269.59,883.57,8.02,7087.75,393.76,0.2945,3,23,20,0.0,49.26,49.26
1907196,10,50,93,328,60,421,315.41,2486.8,32.8,81567.07,4531.5,0.8289,12,43,39,0.05,51.75,38.98
1966678,6,26,17,61,32,78,137.72,390.0,7.04,2745.0,152.5,0.13,2,12,9,0.0,58.05,58.05
1992584,6,28,27,64,34,91,150.12,462.96,6.86,3174.58,176.37,0.1543,3,13,11,0.0,56.63,56.63
1943361,10,61,74,329,71,403,394.99,2478.35,26.97,66834.14,3713.01,0.8261,8,47,38,0.03,48.09,38.68
1986739,9,51,57,171,60,228,317.82,1346.77,15.09,20320.4,1128.91,0.4489,8,34,30,0.0,43.6,43.6
2009272,8,25,28,61,33,89,140.1,448.95,9.76,4381.76,243.43,0.1497,4,14,12,0.0,55.89,55.89
1950546,11,85,33,200,96,233,582.85,1534.3,12.94,19855.6,1103.09,0.5114,4,19,14,0.0,49.26,49.26
1961602,11,51,75,271,62,346,327.35,2060.15,29.23,60208.95,3344.94,0.6867,12,41,34,0.0,40.0,40.0
1961643,8,39,39,154,47,193,230.13,1072.04,15.79,16932.67,940.7,0.3573,3,21,19,0.0,49.54,49.54
1897267,11,42,47,133,53,180,264.53,1031.03,17.42,17957.03,997.61,0.3437,7,30,28,0.0,45.74,45.74
1878236,9,76,116,363,85,479,503.37,3070.1,21.49,65986.91,3665.94,1.0234,8,59,51,0.11,53.9,35.88
2034874,11,67,85,310,78,395,444.48,2482.73,25.45,63180.02,3510.0,0.8276,12,54,46,0.02,45.42,36.82
1966666,9,53,100,304,62,404,332.11,2405.5,25.81,62089.01,3449.39,0.8018,14,49,46,0.0,37.57,37.57
1942802,8,52,53,181,60,234,320.42,1382.21,13.92,19244.65,1069.15,0.4607,6,30,28,0.0,44.98,44.98
1992591,8,38,164,260,46,424,223.42,2341.99,27.37,64096.58,3560.92,0.7807,31,36,29,0.17,60.2,38.29
1986738,9,60,60,208,69,268,382.94,1637.08,15.6,25538.52,1418.81,0.5457,9,39,34,0.03,51.49,41.58
2009264,13,45,66,167,58,233,295.24,1364.91,24.12,32924.65,1829.15,0.455,11,39,36,0.0,41.86,41.86
2009877,10,69,92,415,79,507,454.71,3196.02,30.07,96112.1,5339.56,1.0653,10,56,45,0.02,44.67,35.98
2017166,8,60,105,317,68,422,378.41,2568.91,21.13,54289.62,3016.09,0.8563,20,67,65,0.0,33.6,33.6
2023169,11,58,66,231,69,297,377.82,1814.23,21.91,39741.06,2207.84,0.6047,9,42,37,0.05,53.63,40.56
2041962,9,32,27,68,41,95,188.53,508.97,9.56,4867.0,270.39,0.1697,2,14,11,0.0,55.78,55.78
2034818,8,30,25,79,38,104,171.21,545.78,10.53,5748.93,319.38,0.1819,3,18,16,0.0,53.05,53.05
2077968,8,58,79,244,66,323,363.76,1952.34,16.83,32853.16,1825.18,0.6508,12,44,36,0.1,57.13,39.5
2069829,6,38,53,176,44,229,214.93,1250.21,13.89,17371.34,965.07,0.4167,5,31,28,0.0,45.11,45.11
2092063,8,59,94,342,67,436,371.08,2644.81,23.19,61323.84,3406.88,0.8816,11,53,41,0.05,49.43,36.94
2101971,6,42,58,147,48,205,241.99,1144.92,10.5,12021.63,667.87,0.3816,5,34,30,0.06,58.82,44.5
2084759,10,85,232,829,95,1061,578.02,6970.62,48.76,339920.08,18884.45,2.3235,34,113,105,0.0,23.73,23.73
2051227,10,54,50,178,64,228,343.98,1368.0,16.48,22546.67,1252.59,0.456,5,29,23,0.12,64.2,45.47
2027300,10,41,27,93,51,120,252.88,680.69,11.34,7720.03,428.89,0.2269,4,20,18,0.0,51.25,51.25
2027310,9,45,55,169,54,224,275.66,1289.09,16.9,21785.7,1210.32,0.4297,6,26,22,0.0,46.55,46.55
2035921,10,48,83,245,58,328,301.3,1921.42,25.52,49036.18,2724.23,0.6405,8,38,33,0.0,41.47,41.47
2105620,7,24,37,70,31,107,129.69,530.1,10.21,5411.43,300.63,0.1767,3,17,16,0.0,53.68,53.68
2023396,9,78,157,788,87,945,518.79,6088.58,45.46,276796.29,15377.57,2.0295,27,100,91,0.0,26.24,26.24
2131774,10,76,217,655,86,872,508.06,5603.7,43.09,241475.35,13415.3,1.8679,25,122,110,0.0,24.88,24.88
2147356,5,27,26,100,32,126,139.99,630.0,9.26,5833.33,324.07,0.21,5,22,20,0.0,50.44,50.44
2077928,8,43,49,119,51,168,257.33,952.97,11.07,10549.13,586.06,0.3177,5,20,18,0.0,50.09,50.09
2123328,11,81,97,277,92,374,551.58,2439.81,18.81,45889.55,2549.42,0.8133,11,52,41,0.15,57.97,37.37
2051785,10,48,44,161,58,205,301.3,1200.89,16.77,20139.86,1118.88,0.4003,5,27,24,0.0,46.54,46.54
2084766,8,35,38,126,43,164,203.52,889.91,14.4,12814.67,711.93,0.2966,5,25,23,0.0,48.18,48.18
2153812,6,32,48,130,38,178,175.51,934.13,12.19,11384.72,632.48,0.3114,8,36,33,0.0,44.18,44.18
2101539,10,59,114,392,69,506,380.3,3090.91,33.22,102681.19,5704.51,1.0303,14,55,45,0.08,51.86,35.72
2105670,11,45,63,200,56,263,285.19,1527.33,24.44,37334.84,2074.16,0.5091,8,36,31,0.0,42.68,42.68
2105710,9,58,90,280,67,370,368.29,2244.45,21.72,48758.81,2708.82,0.7482,12,48,40,0.07,53.3,38.25
2173748,12,82,186,622,94,808,564.34,5296.11,45.51,241037.49,13390.97,1.7654,40,113,107,0.0,23.76,23.76
2069871,14,74,157,727,88,884,512.8,5710.14,68.77,392687.7,21815.98,1.9034,24,104,91,0.0,26.47,26.47
2123387,8,32,47,109,40,156,184.0,830.22,13.62,11311.76,628.43,0.2767,6,28,26,0.0,47.18,47.18
2210498,8,36,36,103,44,139,210.12,758.86,11.44,8684.74,482.49,0.253,5,24,22,0.0,49.05,49.05
2131685,7,38,47,139,45,186,219.07,1021.48,12.8,13077.69,726.54,0.3405,7,35,33,0.0,44.31,44.31
2102161,9,32,31,97,41,128,188.53,685.77,13.64,9354.29,519.68,0.2286,5,21,19,0.0,50.63,50.63
2167926,8,41,34,131,49,165,243.66,926.43,12.78,11840.19,657.79,0.3088,3,22,20,0.0,49.54,49.54
2131757,11,107,152,512,118,664,759.39,4570.07,26.32,120274.12,6681.9,1.5234,22,69,54,0.19,54.23,31.3
2228904,6,37,29,108,43,137,208.26,743.4,8.76,6509.76,361.65,0.2478,4,18,16,0.0,51.98,51.98
2216442,10,63,118,475,73,593,409.79,3670.57,37.7,138374.51,7687.47,1.2235,26,81,72,0.0,29.91,29.91
2225714,6,39,34,98,45,132,221.64,724.92,7.54,5464.82,303.6,0.2416,4,18,14,0.0,52.05,52.05
2161869,7,60,69,284,67,353,374.06,2141.33,16.57,35474.69,1970.82,0.7138,9,44,41,0.0,39.62,39.62
2161786,10,59,65,222,69,287,380.3,1753.15,18.81,32982.93,1832.38,0.5844,7,35,30,0.0,42.66,42.66
2168389,9,52,84,311,61,395,324.95,2342.64,26.91,63048.59,3502.7,0.7809,9,44,41,0.0,39.34,39.34
2197651,8,51,40,166,59,206,313.29,1211.82,13.02,15777.48,876.53,0.4039,8,31,26,0.04,56.02,44.8
2289414,8,33,39,106,41,145,190.47,776.85,12.85,9981.28,554.52,0.2589,9,23,21,0.0,48.85,48.85
2204666,8,47,55,205,55,260,285.07,1503.15,17.45,26225.23,1456.96,0.5011,12,39,35,0.0,41.43,41.43
2283485,6,31,35,95,37,130,169.09,677.23,9.19,6226.14,345.9,0.2257,5,25,23,0.0,49.01,49.01
2261464,8,29,35,82,37,117,164.88,609.51,11.31,6893.72,382.98,0.2032,2,17,15,0.0,53.39,53.39
2183877,10,69,63,277,79,340,454.71,2143.29,20.07,43021.02,2390.06,0.7144,8,40,32,0.0,40.65,40.65
2216383,8,46,56,189,54,245,278.08,1409.95,16.43,23172.18,1287.34,0.47,7,35,31,0.0,43.33,43.33
2246078,9,51,51,259,60,310,317.82,1831.14,22.85,41846.85,2324.82,0.6104,9,41,35,0.0,40.76,40.76
2261471,8,38,46,122,46,168,223.42,927.96,12.84,11916.94,662.05,0.3093,6,22,19,0.0,49.13,49.13
2303838,8,51,89,299,59,388,313.29,2282.47,23.45,53526.05,2973.67,0.7608,12,54,45,0.0,37.08,37.08
2256869,10,31,36,87,41,123,186.8,658.98,14.03,9246.96,513.72,0.2197,5,22,20,0.0,50.31,50.31
2277837,12,60,91,264,72,355,397.43,2190.32,26.4,57824.54,3212.47,0.7301,12,40,32,0.09,56.54,40.05
2364215,6,25,17,62,31,79,131.61,391.38,7.44,2911.88,161.77,0.1305,3,12,9,0.0,57.9,57.9
2299626,8,29,34,87,37,121,164.88,630.34,12.0,7564.13,420.23,0.2101,4,20,18,0.0,51.48,51.48
2370826,5,29,23,75,34,98,152.49,498.57,6.47,3223.52,179.08,0.1662,4,18,16,0.0,53.19,53.19
2319980,9,37,51,214,46,265,221.28,1463.74,26.03,38096.9,2116.49,0.4879,9,31,28,0.0,44.09,44.09
2299643,8,35,31,93,43,124,203.52,672.86,10.63,7151.51,397.31,0.2243,3,17,13,0.0,52.95,52.95
2246018,8,31,19,55,39,74,177.58,391.12,7.1,2775.69,154.2,0.1304,3,14,12,0.0,56.44,56.44
2334641,11,77,269,735,88,1004,520.6,6485.27,52.5,340476.64,18915.37,2.1618,27,111,106,0.02,33.1,25.06
2388419,5,35,40,122,40,162,191.13,862.15,8.71,7513.04,417.39,0.2874,9,28,25,0.0,46.67,46.67
2284376,10,78,96,287,88,383,523.48,2473.96,18.4,45514.56,2528.59,0.8247,12,52,47,0.06,51.24,37.19
2392791,8,39,44,120,47,164,230.13,910.95,12.31,11211.72,622.87,0.3037,5,25,19,0.14,68.16,48.11
2393352,9,80,134,564,89,698,534.28,4520.06,31.72,143398.96,7966.61,1.5067,19,69,52,0.13,51.61,31.74
2358848,10,50,82,300,60,382,315.41,2256.43,30.0,67692.97,3760.72,0.7521,12,46,39,0.0,38.63,38.63
2320006,11,37,49,113,48,162,230.8,904.76,16.8,15197.59,844.31,0.3016,5,19,15,0.0,50.73,50.73
2415077,7,47,42,155,54,197,280.72,1133.71,11.54,13085.94,727.0,0.3779,4,28,21,0.12,65.87,46.51
2364282,11,45,65,165,56,230,285.19,1335.69,20.17,26936.45,1496.47,0.4452,10,28,26,0.0,45.2,45.2
2323782,12,38,34,94,50,128,242.44,722.41,14.84,10722.14,595.67,0.2408,6,18,16,0.0,51.79,51.79
2388539,12,77,126,596,89,722,525.56,4675.48,46.44,217136.56,12063.14,1.5585,23,93,76,0.05,41.19,28.27
2429822,9,38,38,108,47,146,227.95,810.97,12.79,10371.88,576.22,0.2703,5,23,20,0.0,49.25,49.25
2434990,3,61,11,177,64,188,366.53,1128.0,4.35,4909.57,272.75,0.376,1,44,42,0.0,42.64,42.64
2369195,11,50,44,199,61,243,320.25,1441.17,21.89,31547.19,1752.62,0.4804,6,30,24,0.0,44.85,44.85
2435053,3,60,7,198,63,205,359.17,1225.34,4.95,6065.44,336.97,0.4084,1,19,17,0.0,50.35,50.35
2409344,12,39,56,172,51,228,249.15,1293.31,26.46,34223.05,1901.28,0.4311,7,27,25,0.0,46.05,46.05
2409330,7,37,49,158,44,207,212.4,1130.1,14.95,16890.45,938.36,0.3767,9,23,21,0.0,47.71,47.71
2443123,9,39,42,126,48,168,234.66,938.27,14.54,13641.06,757.84,0.3128,7,30,26,0.0,46.02,46.02
2423674,8,38,50,138,46,188,223.42,1038.43,14.53,15084.56,838.03,0.3461,8,33,31,0.0,44.68,44.68
2409415,11,50,69,231,61,300,320.25,1779.22,25.41,45210.01,2511.67,0.5931,9,40,36,0.0,41.08,41.08
2423945,9,37,34,117,46,151,221.28,834.06,14.23,11868.42,659.36,0.278,4,22,19,0.0,49.72,49.72
2423667,8,32,32,85,40,117,184.0,622.67,10.62,6615.82,367.55,0.2076,3,19,17,0.0,52.14,52.14
2464898,13,70,143,355,83,498,477.16,3174.77,32.96,104654.01,5814.11,1.0583,17,63,56,0.03,44.79,33.94
2409393,7,34,44,119,41,163,192.63,873.28,12.25,10697.69,594.32,0.2911,6,31,27,0.0,46.07,46.07
2443104,7,44,54,172,51,226,259.87,1281.97,13.68,17539.65,974.43,0.4273,10,42,38,0.05,54.4,41.48
2479518,9,54,43,190,63,233,339.29,1392.71,15.83,22051.18,1225.07,0.4642,8,41,33,0.0,41.73,41.73
2451624,9,46,51,189,55,240,282.61,1387.53,18.49,25654.16,1425.23,0.4625,9,26,23,0.0,45.92,45.92
2492466,6,39,54,151,45,205,221.64,1125.83,11.62,13076.95,726.5,0.3753,8,33,30,0.0,44.43,44.43
2451898,8,35,39,106,43,145,203.52,786.81,12.11,9531.62,529.53,0.2623,3,20,18,0.0,50.94,50.94
2492493,12,254,317,1463,266,1780,2072.15,14338.4,34.56,495521.65,27528.98,4.7795,21,130,66,0.48,50.86,21.96
2464373,7,57,62,198,64,260,352.13,1560.0,12.16,18966.32,1053.68,0.52,6,30,25,0.11,62.77,44.61
2497509,8,40,42,127,48,169,236.88,943.86,12.7,11987.01,665.94,0.3146,7,27,23,0.0,47.0,47.0
2492648,5,45,36,195,50,231,258.74,1303.73,10.83,14123.75,784.65,0.4346,3,34,27,0.0,44.38,44.38
2464383,8,36,46,156,44,202,210.12,1102.81,17.33,19115.29,1061.96,0.3676,7,26,23,0.0,46.89,46.89
2429809,10,51,41,160,61,201,322.51,1192.08,15.69,18699.27,1038.85,0.3974,7,33,28,0.0,44.39,44.39
2512311,8,59,59,165,67,224,371.08,1358.8,11.19,15200.18,844.45,0.4529,9,36,30,0.06,57.22,42.9
2521956,7,56,106,437,63,543,344.86,3245.66,27.31,88647.17,4924.84,1.0819,0,72,0,1.0,60.89,34.9
2512562,11,72,251,967,83,1218,482.29,7764.8,73.87,573570.53,31865.03,2.5883,0,64,0,0.0,33.36,33.36
2548998,4,27,22,65,31,87,136.38,431.02,4.81,2075.26,115.29,0.1437,4,14,12,0.0,56.01,56.01
2539288,6,39,37,147,45,184,221.64,1010.5,11.31,11426.43,634.8,0.3368,2,26,21,0.0,47.83,47.83
2521959,11,58,93,292,69,385,377.82,2351.78,27.69,65120.03,3617.78,0.7839,14,52,44,0.0,37.08,37.08
2570651,5,30,33,91,35,124,158.82,636.03,7.58,4823.24,267.96,0.212,3,19,16,0.0,52.07,52.07
2483846,10,52,68,242,62,310,329.64,1845.8,23.27,42950.37,2386.13,0.6153,12,42,40,0.0,40.11,40.11
2576126,4,34,37,123,38,160,180.97,839.67,7.24,6075.25,337.51,0.2799,6,24,21,0.0,48.61,48.61
2483842,10,74,115,462,84,577,492.72,3688.37,31.22,115136.87,6396.49,1.2295,20,72,66,0.01,39.05,31.82
2479750,8,65,92,327,73,419,415.45,2593.54,20.12,52189.93,2899.44,0.8645,12,40,31,0.11,58.19,39.53
2591716,7,34,40,126,41,166,192.63,889.35,12.97,11535.44,640.86,0.2965,5,25,21,0.0,48.18,48.18
2533919,9,58,112,423,67,535,368.29,3245.36,32.82,106509.28,5917.18,1.0818,15,50,43,0.0,36.34,36.34
2563823,6,31,31,99,37,130,169.09,677.23,9.58,6488.29,360.46,0.2257,4,22,20,0.0,50.36,50.36
2570774,10,74,138,442,84,580,492.72,3707.54,29.86,110725.3,6151.41,1.2358,20,64,53,0.13,52.66,32.92
2576118,10,58,122,402,68,524,372.98,3189.83,34.66,110544.13,6141.34,1.0633,19,68,66,0.0,32.94,32.94
2602676,8,70,63,230,78,293,453.05,1841.62,13.14,24204.19,1344.68,0.6139,14,44,36,0.12,58.57,39.4
2607564,7,44,51,235,51,286,259.87,1622.31,18.69,30326.2,1684.79,0.5408,10,38,32,0.0,41.72,41.72
2576124,8,38,35,127,46,162,223.42,894.82,13.37,11962.29,664.57,0.2983,6,24,22,0.0,48.42,48.42
2615040,9,35,37,123,44,160,208.05,873.51,15.81,13813.92,767.44,0.2912,5,23,22,0.0,49.03,49.03
2591920,11,75,177,556,86,733,505.22,4710.45,40.77,192060.83,10670.05,1.5702,19,83,74,0.06,44.26,29.86
2576129,8,46,69,200,54,269,278.08,1548.06,17.39,26922.87,1495.71,0.516,8,34,32,0.0,43.18,43.18
2607662,8,36,45,97,44,142,210.12,775.24,10.78,8355.36,464.19,0.2584,2,16,13,0.0,53.23,53.23
2615108,7,39,78,247,46,325,225.78,1795.16,22.17,39792.66,2210.7,0.5984,11,41,39,0.0,40.55,40.55
2539378,10,64,65,231,74,296,417.22,1838.0,18.05,33170.12,1842.78,0.6127,10,39,33,0.03,51.14,41.09
2512373,9,70,96,338,79,434,457.58,2735.84,21.73,59445.91,3302.55,0.9119,9,48,40,0.05,50.68,38.05
2615402,11,71,233,937,82,1170,474.69,7438.34,72.58,539907.94,29994.89,2.4794,59,115,107,0.0,20.0,20.0
2628366,6,24,19,58,30,77,125.55,377.83,7.25,2739.27,152.18,0.1259,2,12,10,0.0,58.14,58.14
2650196,7,73,48,153,80,201,471.51,1270.71,7.34,9321.42,517.86,0.4236,9,22,16,0.16,69.01,47.77
2591907,8,44,55,161,52,216,264.21,1231.29,14.64,18021.68,1001.2,0.4104,7,27,25,0.0,46.2,46.2
2642113,6,62,55,212,68,267,384.67,1625.35,10.26,16672.97,926.28,0.5418,8,42,33,0.13,60.8,41.03
2669443,8,65,81,259,73,340,415.45,2104.54,15.94,33543.14,1863.51,0.7015,12,49,42,0.02,47.23,38.25
2607587,9,51,44,147,60,191,317.82,1128.22,12.97,14633.63,812.98,0.3761,7,36,31,0.09,60.44,43.74
2614885,6,44,29,98,50,127,255.72,716.77,6.68,4789.33,266.07,0.2389,2,18,15,0.0,52.36,52.36
2622353,13,98,123,442,111,565,696.35,3838.84,29.32,112540.83,6252.27,1.2796,22,59,47,0.18,55.42,33.32
2622354,7,46,23,129,53,152,273.74,870.64,9.82,8545.56,474.75,0.2902,2,13,11,0.0,54.85,54.85
2580830,7,34,29,77,41,106,192.63,567.9,7.93,4501.45,250.08,0.1893,3,18,16,0.0,52.93,52.93
2684803,9,61,80,256,70,336,390.3,2059.44,18.89,38893.01,2160.72,0.6865,10,43,37,0.05,52.89,39.82
2699853,5,27,18,83,32,101,139.99,505.0,7.69,3881.02,215.61,0.1683,5,18,16,0.0,53.02,53.02
2678362,12,84,157,734,96,891,579.97,5867.2,52.43,307609.0,17089.39,1.9557,23,98,85,0.0,27.08,27.08
2699628,7,40,53,136,47,189,232.53,1049.82,11.9,12492.83,694.05,0.3499,8,24,21,0.0,47.66,47.66
2555262,12,94,291,1152,106,1443,659.15,9708.39,73.53,713876.45,39659.8,3.2361,39,188,175,0.0,17.23,17.23
2642750,10,139,193,694,149,887,1022.75,6403.4,24.96,159854.72,8880.82,2.1345,13,90,52,0.34,56.18,28.97
2716944,8,26,18,77,34,95,146.21,483.31,11.85,5725.35,318.08,0.1611,4,16,15,0.0,54.4,54.4
2635949,9,52,115,372,61,487,324.95,2888.27,32.19,92980.05,5165.56,0.9628,18,65,63,0.0,33.8,33.8
2684830,10,32,30,139,42,169,193.22,911.3,21.72,19792.33,1099.57,0.3038,5,28,26,0.0,47.04,47.04
2661184,6,21,14,31,27,45,107.75,213.97,4.43,947.58,52.64,0.0713,1,8,6,0.0,63.85,63.85
2730805,7,46,52,180,53,232,273.74,1328.88,13.7,18199.84,1011.1,0.443,8,29,25,0.07,60.61,45.15
2711433,12,71,121,411,83,532,479.65,3391.52,34.73,117795.64,6544.2,1.1305,15,62,54,0.0,34.16,34.16
2711415,10,51,47,212,61,259,322.51,1536.06,20.78,31925.97,1773.67,0.512,9,33,31,0.0,43.35,43.35
2730755,9,49,105,298,58,403,303.65,2360.77,27.37,64607.91,3589.33,0.7869,17,41,32,0.14,58.9,38.91
2706414,9,50,64,254,59,318,310.72,1870.68,22.86,42763.76,2375.76,0.6236,10,35,33,0.0,42.06,42.06
2752932,9,40,40,108,49,148,241.41,830.98,12.15,10096.37,560.91,0.277,5,18,14,0.12,70.86,51.5
2706412,13,66,148,531,79,679,447.04,4280.27,52.3,223838.52,12435.47,1.4268,22,61,59,0.0,32.67,32.67
2730751,7,48,61,263,55,324,287.73,1873.16,19.18,35921.76,1995.65,0.6244,10,39,35,0.0,41.03,41.03
2669369,9,64,74,271,73,345,412.53,2135.49,19.05,40691.08,2260.62,0.7118,10,43,37,0.0,39.71,39.71
2744314,10,48,67,214,58,281,301.3,1646.09,22.29,36694.15,2038.56,0.5487,8,41,37,0.0,41.22,41.22
2770473,9,60,83,221,69,304,382.94,1856.99,16.57,30779.63,1709.98,0.619,12,33,27,0.13,61.98,42.37
2796763,6,34,33,114,40,147,188.48,782.32,10.06,7869.25,437.18,0.2608,5,20,18,0.0,50.69,50.69
2706418,9,62,39,175,71,214,397.69,1316.05,12.7,16715.91,928.66,0.4387,6,31,29,0.0,44.82,44.82
2784694,8,41,72,267,49,339,243.66,1903.39,26.05,49580.9,2754.49,0.6345,13,42,37,0.05,52.95,39.88
2684929,12,56,125,394,68,519,368.23,3159.39,42.21,133371.53,7409.53,1.0531,15,56,50,0.0,35.34,35.34
2784685,6,40,62,206,46,268,228.39,1480.31,15.45,22870.86,1270.6,0.4934,7,41,37,0.0,41.68,41.68
2723487,10,72,70,230,82,300,477.45,1907.27,15.97,30463.27,1692.4,0.6358,9,41,33,0.13,60.41,40.64
2743913,8,32,24,73,40,97,184.0,516.23,9.12,4710.57,261.7,0.1721,3,12,10,0.0,57.06,57.06
2812808,7,29,21,69,36,90,160.53,465.29,8.33,3874.77,215.26,0.1551,3,17,15,0.0,54.08,54.08
2723688,10,58,110,410,68,520,372.98,3165.48,35.34,111883.37,6215.74,1.0552,21,69,66,0.0,32.55,32.55
2790825,9,54,58,187,63,245,339.29,1464.43,15.58,22820.76,1267.82,0.4881,7,36,31,0.03,53.29,42.94
2790832,10,57,54,225,67,279,365.69,1692.44,19.74,33403.4,1855.74,0.5641,7,38,32,0.0,41.99,41.99
2817667,5,37,36,89,42,125,204.36,674.04,6.01,4053.35,225.19,0.2247,3,26,19,0.0,48.92,48.92
2850088,8,40,49,168,48,217,236.88,1211.94,16.8,20360.54,1131.14,0.404,4,28,23,0.0,46.3,46.3
2780123,9,39,39,119,48,158,234.66,882.42,13.73,12116.36,673.13,0.2941,5,26,24,0.0,47.84,47.84
2743924,10,64,60,245,74,305,417.22,1893.88,19.14,36250.11,2013.89,0.6313,7,37,26,0.0,41.9,41.9
2779745,7,45,43,159,52,202,266.78,1151.49,12.37,14240.08,791.12,0.3838,6,30,27,0.04,56.57,45.54
2779806,7,35,54,182,42,236,199.18,1272.59,18.2,23161.08,1286.73,0.4242,7,28,26,0.0,45.75,45.75
2856312,7,37,38,101,44,139,212.4,758.86,9.55,7250.2,402.79,0.253,2,18,14,0.0,52.18,52.18
2872045,8,43,71,178,51,249,257.33,1412.43,16.56,23387.28,1299.29,0.4708,13,41,35,0.1,58.84,41.01
2865062,10,50,78,257,60,335,315.41,1978.81,25.7,50855.37,2825.3,0.6596,12,48,42,0.0,38.63,38.63
2797008,9,50,93,341,59,434,310.72,2553.07,30.69,78353.63,4352.98,0.851,17,63,61,0.0,34.61,34.61
2913788,4,23,10,32,27,42,112.04,199.71,2.78,555.7,30.87,0.0666,1,8,6,0.0,64.06,64.06
2872157,9,51,69,192,60,261,317.82,1541.7,16.94,26118.19,1451.01,0.5139,7,31,25,0.0,44.2,44.2
2885633,9,53,50,197,62,247,332.11,1470.69,16.73,24599.31,1366.63,0.4902,11,40,36,0.0,41.39,41.39
2835556,8,42,46,162,50,208,250.48,1173.92,15.43,18111.94,1006.22,0.3913,7,29,26,0.0,45.66,45.66
2828381,11,52,88,239,63,327,334.48,1954.57,25.28,49409.29,2744.96,0.6515,8,47,44,0.0,39.4,39.4
2842965,10,62,75,249,72,324,402.38,1999.06,20.08,40142.33,2230.13,0.6664,10,44,39,0.0,39.69,39.69
2926210,9,39,44,177,48,221,234.66,1234.28,20.42,25207.73,1400.43,0.4114,8,29,23,0.0,45.38,45.38
2796771,10,88,118,437,98,555,601.65,3671.16,24.83,91153.33,5064.07,1.2237,12,61,46,0.16,56.02,34.48
2952211,9,49,79,235,58,314,303.65,1839.41,21.58,39697.39,2205.41,0.6131,9,47,43,0.0,39.46,39.46
2977027,8,23,21,53,31,74,128.04,366.61,9.22,3379.19,187.73,0.1222,2,14,12,0.0,56.77,56.77
2871924,11,79,178,674,90,852,536.05,5531.06,46.92,259539.68,14418.87,1.8437,0,88,0,1.0,57.37,31.38
2850477,11,40,85,222,51,307,250.93,1741.43,30.52,53157.29,2953.18,0.5805,11,45,40,0.0,39.76,39.76
2885891,9,45,36,81,54,117,275.66,673.32,8.1,5453.91,302.99,0.2244,2,16,11,0.21,77.4,53.66
2906930,9,37,42,132,46,174,221.28,961.1,16.05,15429.55,857.2,0.3204,4,22,20,0.0,49.29,49.29
2947518,10,74,111,474,84,585,492.72,3739.51,32.03,119765.25,6653.62,1.2465,19,68,61,0.0,32.45,32.45
2913983,8,34,48,133,42,181,196.97,976.01,15.65,15271.68,848.43,0.3253,5,27,25,0.0,47.17,47.17
3023645,8,35,33,105,43,138,203.52,748.82,12.0,8985.89,499.22,0.2496,5,23,20,0.0,49.5,49.5
2990407,9,42,52,177,51,229,255.01,1298.99,18.96,24634.33,1368.57,0.433,8,43,40,0.02,50.68,41.49
3036125,9,40,41,138,49,179,241.41,1005.03,15.53,15603.14,866.84,0.335,7,31,29,0.0,45.5,45.5
2969405,10,40,48,144,50,192,246.1,1083.62,18.0,19505.17,1083.62,0.3612,7,26,24,0.0,46.94,46.94
2990418,9,69,74,339,78,413,450.02,2595.87,22.11,57391.32,3188.41,0.8653,11,48,31,0.03,48.29,37.94
2997560,6,60,75,377,66,452,369.92,2732.07,18.85,51499.45,2861.08,0.9107,15,60,55,0.0,35.13,35.13
2952242,8,39,72,216,47,288,230.13,1599.72,22.15,35439.99,1968.89,0.5332,7,30,27,0.0,44.4,44.4
3048945,9,65,125,289,74,414,419.98,2570.71,20.01,51434.05,2857.45,0.8569,10,49,45,0.02,46.6,37.91
3017566,11,97,163,522,108,685,678.25,4627.1,29.6,136952.56,7608.48,1.5424,16,82,67,0.08,46.62,30.44
3003022,8,69,117,485,77,602,445.49,3772.61,28.12,106070.36,5892.8,1.2575,14,55,46,0.0,35.11,35.11
3042506,9,55,79,269,64,348,346.5,2088.0,22.01,45954.98,2553.05,0.696,12,54,49,0.0,37.35,37.35
3055459,8,49,71,262,57,333,299.12,1942.35,21.39,41542.56,2307.92,0.6475,12,55,49,0.0,37.4,37.4
3029885,9,63,117,364,72,481,405.1,2967.73,26.0,77161.08,4286.73,0.9892,11,56,49,0.06,49.87,36.07
2977350,9,70,57,203,79,260,457.58,1638.98,13.05,21388.73,1188.26,0.5463,6,33,25,0.14,63.71,43.56
3072233,8,64,144,530,72,674,408.0,4158.53,33.12,137751.29,7652.85,1.3862,24,73,65,0.0,30.79,30.79
3008760,12,92,176,1099,104,1275,643.19,8543.06,71.67,612314.59,34017.48,2.8477,33,124,108,0.0,22.37,22.37
3083791,4,30,40,91,34,131,155.21,666.46,6.07,4043.18,224.62,0.2222,4,21,18,0.0,50.85,50.85
3042610,6,73,24,135,79,159,467.37,1002.3,5.55,5560.71,308.93,0.3341,2,17,7,0.42,80.21,51.88
3109422,7,55,61,242,62,303,337.63,1804.12,15.4,27783.47,1543.53,0.6014,9,42,34,0.0,40.58,40.58
3048935,9,57,63,239,66,302,361.0,1825.41,18.87,34442.55,1913.47,0.6085,11,40,34,0.0,40.74,40.74
3122526,6,35,35,109,41,144,195.03,771.49,9.34,7207.9,400.44,0.2572,3,25,21,0.0,48.88,48.88
3130091,8,47,29,117,55,146,285.07,844.08,9.96,8404.87,466.94,0.2814,3,21,14,0.0,50.26,50.26
3083863,8,62,94,451,70,545,393.16,3340.46,29.1,97196.59,5399.81,1.1135,15,76,66,0.0,32.28,32.28
3129123,5,34,30,101,39,131,184.58,692.39,7.43,5142.0,285.67,0.2308,4,19,15,0.0,51.68,51.68
3076354,11,67,73,245,78,318,444.48,1998.76,20.11,40198.9,2233.27,0.6663,6,40,28,0.12,60.49,41.13
3147930,6,36,37,123,42,160,201.63,862.77,10.25,8843.4,491.3,0.2876,5,26,23,0.0,47.9,47.9
3129093,9,27,26,62,36,88,156.91,454.95,10.33,4701.19,261.18,0.1517,1,11,9,0.0,58.54,58.54
3109385,10,60,87,310,70,397,387.63,2433.33,25.83,62860.91,3492.27,0.8111,10,51,42,0.0,37.7,37.7
3029904,12,73,112,562,85,674,494.88,4319.93,46.19,199545.24,11085.85,1.44,23,71,63,0.0,31.07,31.07
3122660,6,50,81,343,56,424,297.7,2462.32,20.58,50674.51,2815.25,0.8208,15,55,49,0.0,36.27,36.27
3061857,10,64,63,245,74,308,417.22,1912.51,19.14,36606.67,2033.7,0.6375,9,45,39,0.03,49.05,39.75
3083815,10,48,148,484,58,632,301.3,3702.24,50.42,186654.8,10369.71,1.2341,20,80,77,0.0,30.81,30.81
3129227,8,25,21,55,33,76,140.1,383.37,8.8,3373.69,187.43,0.1278,2,15,13,0.0,55.99,55.99
3160830,6,39,48,164,45,212,221.64,1164.27,12.62,14687.75,815.99,0.3881,5,32,28,0.0,45.03,45.03
3075083,9,58,65,256,67,321,368.29,1947.21,19.86,38675.71,2148.65,0.6491,10,50,45,0.0,38.56,38.56
3176376,7,33,52,162,40,214,186.12,1138.89,17.18,19568.25,1087.12,0.3796,6,25,23,0.0,47.3,47.3
3122560,12,68,77,321,80,398,456.97,2516.13,28.32,71265.61,3959.2,0.8387,11,60,50,0.04,47.34,35.92
3135631,7,36,33,90,43,123,205.77,667.43,8.75,5840.02,324.45,0.2225,6,18,16,0.0,52.03,52.03
3170090,11,120,116,487,131,603,866.88,4241.15,22.32,94666.09,5259.23,1.4137,13,91,52,0.02,38.23,30.12
6,10,52,80,279,62,359,329.64,2137.56,26.83,57344.06,3185.78,0.7125,9,49,40,0.0,38.6,38.6
3135634,8,40,51,156,48,207,236.88,1156.09,15.6,18034.96,1001.94,0.3854,8,29,27,0.0,45.58,45.58
3188967,7,31,27,63,38,90,173.23,472.31,7.11,3359.52,186.64,0.1574,2,13,11,0.0,56.71,56.71
35393,6,33,66,173,39,239,181.97,1263.21,15.73,19866.87,1103.71,0.4211,12,38,36,0.0,42.21,42.21
3195447,9,49,40,141,58,181,303.65,1060.29,12.95,13729.73,762.76,0.3534,5,28,18,0.0,46.58,46.58
3195493,9,45,70,168,54,238,275.66,1369.66,16.8,23010.34,1278.35,0.4566,14,35,33,0.0,42.47,42.47
3182691,10,67,158,510,77,668,439.65,4186.21,38.06,159326.03,8851.45,1.3954,18,82,68,0.0,30.47,30.47
3195514,10,47,63,217,57,280,294.28,1633.21,23.09,37702.81,2094.6,0.5444,9,36,34,0.0,42.34,42.34
31790,11,42,31,179,53,210,264.53,1202.86,23.44,28195.69,1566.43,0.401,9,20,16,0.0,48.84,48.84
3154280,10,45,63,270,55,333,280.35,1925.19,30.0,57755.78,3208.65,0.6417,11,44,41,0.0,39.67,39.67
31543,8,42,60,194,50,254,250.48,1433.54,18.48,26486.35,1471.46,0.4778,8,36,33,0.0,42.87,42.87
3170100,9,28,20,63,37,83,163.14,432.38,10.12,4377.89,243.22,0.1441,2,14,12,0.0,56.27,56.27
19829,10,35,47,153,45,200,212.74,1098.37,21.86,24007.24,1333.74,0.3661,10,28,26,0.0,45.8,45.8
31504,13,82,186,691,95,877,569.42,5761.76,54.77,315597.08,17533.17,1.9206,18,92,79,0.0,28.41,28.41
20122,10,64,80,308,74,388,417.22,2409.27,24.06,57973.01,3220.72,0.8031,9,52,39,0.0,37.68,37.68
16001,9,30,64,155,39,219,175.74,1157.5,23.25,26911.95,1495.11,0.3858,12,39,37,0.0,42.23,42.23
16484,8,46,45,273,54,318,278.08,1830.05,23.74,43443.9,2413.55,0.61,2,38,32,0.0,42.43,42.43
11553,10,56,106,424,66,530,358.43,3203.53,37.86,121276.45,6737.58,1.0678,17,46,39,0.0,36.9,36.9
55394,13,78,116,673,91,789,538.37,5134.65,56.08,287968.29,15998.24,1.7115,14,82,66,0.0,30.39,30.39
55393,12,72,78,517,84,595,487.25,3803.43,43.08,163864.39,9103.58,1.2678,15,59,45,0.0,34.28,34.28
69622,9,53,86,286,62,372,332.11,2214.96,24.28,53785.94,2988.11,0.7383,12,42,38,0.0,39.55,39.55
55395,10,75,109,614,85,723,500.38,4633.99,40.93,189684.64,10538.04,1.5447,14,81,63,0.0,30.82,30.82
64088,8,48,62,239,56,301,292.08,1748.01,19.92,34814.61,1934.14,0.5827,6,25,18,0.0,45.99,45.99
55503,7,56,100,431,63,531,344.86,3173.94,26.94,85497.89,4749.88,1.058,13,35,29,0.0,40.05,40.05
91549,10,50,47,165,60,212,315.41,1252.26,16.5,20662.3,1147.91,0.4174,4,23,17,0.0,48.07,48.07
31644,11,72,127,572,83,699,482.29,4456.15,43.69,194709.11,10817.17,1.4854,16,68,56,0.0,32.32,32.32
17873,12,52,95,376,64,471,339.44,2826.0,43.38,122604.92,6811.38,0.942,17,37,29,0.0,39.34,39.34
16181,12,47,66,201,59,267,304.09,1570.67,25.66,40302.61,2239.03,0.5236,8,34,29,0.0,43.14,43.14
91551,10,70,161,552,80,713,462.27,4507.53,39.43,177725.66,9873.65,1.5025,27,83,69,0.0,28.92,28.92
64065,8,40,64,207,48,271,236.88,1513.52,20.7,31329.96,1740.55,0.5045,7,34,31,0.0,43.38,43.38
129246,9,53,79,323,62,402,332.11,2393.59,27.42,65642.99,3646.83,0.7979,9,42,34,0.0,39.72,39.72
56363,13,72,177,729,85,906,492.34,5806.91,65.81,382167.15,21231.51,1.9356,30,121,107,0.0,24.18,24.18
83937,11,83,149,694,94,843,567.18,5525.52,45.99,254107.27,14117.07,1.8418,31,79,65,0.0,28.23,28.23
101961,13,73,176,645,86,821,499.96,5275.96,57.43,303006.53,16833.7,1.7587,20,34,26,0.0,37.84,37.84
75874,11,39,47,153,50,200,244.18,1128.77,21.58,24355.41,1353.08,0.3763,4,24,22,0.0,47.98,47.98
109105,9,52,52,262,61,314,324.95,1862.25,22.67,42222.97,2345.72,0.6208,8,27,20,0.0,44.8,44.8
98122,10,62,71,265,72,336,402.38,2073.09,21.37,44304.04,2461.34,0.691,7,38,33,0.0,41.37,41.37
147951,6,32,25,75,38,100,175.51,524.79,7.03,3689.95,205.0,0.1749,3,17,13,0.0,53.71,53.71
101742,10,56,152,454,66,606,358.43,3662.9,40.54,148478.38,8248.8,1.221,18,60,51,0.0,33.84,33.84
156003,13,55,87,365,68,452,366.08,2751.53,43.14,118691.14,6593.95,0.9172,16,56,46,0.0,35.63,35.63
84138,9,54,60,315,63,375,339.29,2241.48,26.25,58838.85,3268.82,0.7472,9,38,34,0.0,40.87,40.87
156160,11,63,73,288,74,361,414.62,2241.61,25.14,56360.55,3131.14,0.7472,11,26,19,0.0,44.19,44.19
156144,12,88,231,832,100,1063,611.45,7062.42,56.73,400631.78,22257.32,2.3541,5,50,4,0.0,35.32,35.32
119358,12,71,217,900,83,1117,479.65,7120.92,76.06,541591.03,30088.39,2.3736,39,92,81,0.0,24.94,24.94
133845,10,56,85,319,66,404,358.43,2441.94,28.48,69551.55,3863.97,0.814,9,51,43,0.0,37.82,37.82
174497,7,42,52,194,49,246,246.13,1381.22,16.17,22329.7,1240.54,0.4604,3,25,22,0.0,47.11,47.11
129325,11,65,114,513,76,627,429.51,3917.45,43.41,170047.49,9447.08,1.3058,17,73,66,0.0,31.91,31.91
174534,4,28,23,67,32,90,142.61,450.0,4.79,2153.57,119.64,0.15,2,15,12,0.0,55.5,55.5
148114,10,45,52,190,55,242,280.35,1399.09,21.11,29536.32,1640.91,0.4664,8,40,36,0.0,41.95,41.95
112424,11,60,71,308,71,379,392.47,2330.75,28.23,65804.96,3655.83,0.7769,9,39,31,0.0,40.5,40.5
168932,8,50,58,272,58,330,306.19,1933.13,21.76,42064.99,2336.94,0.6444,11,40,33,0.0,40.56,40.56
147780,9,36,35,117,45,152,214.65,834.76,14.62,12208.39,678.24,0.2783,3,16,14,0.0,52.87,52.87
143252,12,41,52,161,53,213,262.68,1220.05,23.56,28745.5,1596.97,0.4067,8,30,26,0.0,45.09,45.09
185877,8,72,107,336,80,443,468.23,2800.61,18.67,52278.13,2904.34,0.9335,10,66,46,0.0,34.83,34.83
162199,11,65,96,413,76,509,429.51,3180.2,34.95,111135.59,6174.2,1.0601,15,55,47,0.0,35.49,35.49
168408,9,46,63,231,55,294,282.61,1699.72,22.6,38409.97,2133.89,0.5666,7,35,29,0.0,42.76,42.76
168425,9,38,67,284,47,351,227.95,1949.66,33.63,65570.17,3642.79,0.6499,10,28,23,0.0,44.05,44.05
175068,10,53,47,268,63,315,336.8,1882.84,25.28,47603.96,2644.66,0.6276,9,29,21,0.0,43.96,43.96
230367,6,22,14,40,28,54,113.62,259.6,5.45,1415.98,78.67,0.0865,2,12,10,0.0,59.28,59.28
143199,12,69,152,518,81,670,464.51,4247.7,45.04,191331.16,10629.51,1.4159,24,32,23,0.0,38.53,38.53
208759,12,71,166,567,83,733,479.65,4672.9,47.92,223904.49,12439.14,1.5576,19,63,52,0.0,32.5,32.5
178639,12,80,179,648,92,827,548.77,5394.99,48.6,262196.31,14566.46,1.7983,23,94,81,0.0,27.73,27.73
161613,9,46,87,291,55,378,282.61,2185.35,28.47,62211.33,3456.18,0.7285,9,41,36,0.0,40.22,40.22
218458,9,80,118,489,89,607,534.28,3930.77,27.51,108120.75,6006.71,1.3103,7,70,38,0.0,33.64,33.64
178306,14,86,201,817,100,1018,605.96,6763.45,66.5,449769.13,24987.17,2.2545,23,95,84,0.0,26.95,26.95
175836,11,98,97,541,109,638,686.3,4318.1,30.36,131107.26,7283.74,1.4394,17,69,42,0.0,32.15,32.15
258140,10,69,68,309,79,377,454.71,2376.53,22.39,53213.5,2956.31,0.7922,9,51,38,0.0,37.9,37.9
174673,8,60,78,323,68,401,378.41,2441.07,21.53,52564.43,2920.25,0.8137,9,46,37,0.0,38.8,38.8
230661,9,56,93,274,65,367,353.74,2210.21,22.02,48664.07,2703.56,0.7367,7,42,34,0.0,40.23,40.23
268565,10,45,60,235,55,295,280.35,1705.5,26.11,44532.53,2474.03,0.5685,5,34,27,0.0,43.29,43.29
192461,13,123,339,1771,136,2110,902.04,14954.55,93.59,1399587.51,77754.86,4.9848,51,183,145,0.0,14.56,14.56
276028,5,32,53,169,37,222,171.61,1156.5,13.2,15269.4,848.3,0.3855,7,28,26,0.0,46.04,46.04
193180,11,75,151,596,86,747,505.22,4800.42,43.71,209810.35,11656.13,1.6001,33,107,101,0.0,25.52,25.52
240349,13,73,141,514,86,655,499.96,4209.2,45.77,192643.13,10702.4,1.4031,9,31,18,0.0,40.88,40.88
211122,12,100,135,769,112,904,707.41,6153.85,46.14,283938.59,15774.37,2.0513,10,96,59,0.0,28.88,28.88
239736,10,46,69,280,56,349,287.3,2026.77,30.43,61684.21,3426.9,0.6756,11,51,49,0.0,38.12,38.12
239869,13,77,90,405,90,495,530.65,3213.47,34.19,109863.02,6103.5,1.0712,13,54,42,0.0,35.91,35.91
224402,11,97,166,785,108,951,678.25,6423.9,44.51,285929.69,15884.98,2.1413,27,107,91,0.0,25.44,25.44
284580,6,40,111,270,46,381,228.39,2104.48,20.25,42615.66,2367.54,0.7015,27,40,38,0.0,38.15,38.15
277093,11,45,87,307,56,394,285.19,2288.1,37.52,85854.52,4769.7,0.7627,17,57,54,0.0,35.89,35.89
193179,9,63,100,504,72,604,405.1,3726.63,36.0,134158.85,7453.27,1.2422,14,68,66,0.0,33.14,33.14
308148,10,43,24,158,53,182,266.55,1042.48,18.37,19152.57,1064.03,0.3475,5,18,15,0.0,50.81,50.81
279022,11,73,138,590,84,728,489.91,4653.61,44.45,206862.4,11492.36,1.5512,13,61,43,0.0,33.62,33.62
249797,10,66,86,474,76,560,432.15,3498.84,35.91,125640.14,6980.01,1.1663,21,63,54,0.0,33.11,33.11
239747,10,50,83,223,60,306,315.41,1807.51,22.3,40307.44,2239.3,0.6025,5,28,25,0.0,44.95,44.95
308042,7,39,26,102,46,128,225.78,707.02,9.15,6471.92,359.55,0.2357,4,23,17,0.0,49.81,49.81
268270,9,69,181,700,78,881,450.02,5537.44,45.65,252796.14,14044.23,1.8458,26,64,54,0.0,30.89,30.89
293810,10,62,160,593,72,753,402.38,4645.95,47.82,222181.49,12343.42,1.5487,24,92,86,0.0,28.26,28.26
297766,10,63,124,568,73,692,409.79,4283.36,45.08,193091.09,10727.28,1.4278,22,39,30,0.0,36.9,36.9
273966,12,68,107,499,80,606,456.97,3831.09,44.03,168680.57,9371.14,1.277,11,52,44,0.0,36.0,36.0
258213,12,50,118,322,62,440,325.21,2619.85,38.64,101230.86,5623.94,0.8733,9,29,25,0.0,42.95,42.95
308143,10,36,27,88,46,115,219.34,635.21,12.22,7763.67,431.32,0.2117,1,12,9,0.0,56.7,56.7
308145,7,29,28,65,36,93,160.53,480.8,7.84,3771.82,209.55,0.1603,1,9,7,0.0,60.27,60.27
315075,9,56,188,539,65,727,353.74,4378.26,43.31,189633.45,10535.19,1.4594,30,80,70,0.0,28.95,28.95
307992,5,22,11,31,27,42,109.72,199.71,3.52,703.51,39.08,0.0666,1,9,6,0.0,62.94,62.94
308432,9,33,28,71,42,99,194.99,533.84,9.68,5168.54,287.14,0.1779,1,9,6,0.0,59.95,59.95
376007,8,43,80,206,51,286,257.33,1622.31,19.16,31088.06,1727.11,0.5408,8,36,32,0.0,42.5,42.5
245547,10,69,173,648,79,821,454.71,5175.4,46.96,243018.97,13501.05,1.7251,17,82,78,0.0,29.96,29.96
293824,15,126,230,1201,141,1431,937.74,10216.7,71.49,730372.28,40576.24,3.4056,14,142,38,0.0,23.09,23.09
308403,11,58,114,402,69,516,377.82,3152.0,38.12,120156.36,6675.35,1.0507,10,30,24,0.0,41.94,41.94
268633,10,64,182,742,74,924,417.22,5737.53,57.97,332597.73,18477.65,1.9125,24,56,50,0.0,32.32,32.32
376556,11,58,105,462,69,567,377.82,3463.53,43.81,151738.59,8429.92,1.1545,15,67,57,0.0,33.36,33.36
376507,10,60,111,349,70,460,387.63,2819.47,29.08,81999.59,4555.53,0.9398,11,54,44,0.0,36.57,36.57
284588,10,48,70,218,58,288,301.3,1687.1,22.71,38311.2,2128.4,0.5624,7,31,24,0.0,43.93,43.93
411182,9,45,192,492,54,684,275.66,3936.34,49.2,193668.08,10759.34,1.3121,21,75,72,0.0,31.1,31.1
327797,12,56,96,357,68,453,368.23,2757.62,38.25,105478.99,5859.94,0.9192,13,46,35,0.0,37.89,37.89
368958,12,47,70,227,59,297,304.09,1747.14,28.98,50630.03,2812.78,0.5824,11,35,29,0.0,42.14,42.14
363119,9,57,68,276,66,344,361.0,2079.27,21.79,45306.23,2517.01,0.6931,9,44,36,0.0,39.71,39.71
385760,11,37,53,158,48,211,230.8,1178.43,23.49,27677.11,1537.62,0.3928,9,20,18,0.0,48.9,48.9
424735,7,29,34,77,36,111,160.53,573.86,9.29,5332.96,296.28,0.1913,3,13,10,0.0,55.98,55.98
385815,10,49,81,274,59,355,308.34,2088.34,27.96,58388.23,3243.79,0.6961,9,33,27,0.0,42.42,42.42
368167,6,55,53,185,61,238,333.48,1411.52,10.09,14243.47,791.3,0.4705,6,33,27,0.0,44.01,44.01
399058,10,62,135,404,72,539,402.38,3325.59,32.58,108349.85,6019.44,1.1085,8,49,33,0.0,37.39,37.39
376554,15,129,248,1251,144,1499,963.05,10747.72,72.73,781708.99,43428.28,3.5826,53,134,93,0.0,18.24,18.24
368962,10,60,100,356,70,456,387.63,2794.95,29.67,82916.94,4606.5,0.9317,10,46,42,0.0,38.25,38.25
414717,10,98,186,534,108,720,681.46,4863.52,27.24,132506.08,7361.45,1.6212,19,88,54,0.04,40.24,29.21
440974,11,87,130,520,98,650,598.59,4299.56,32.87,141341.9,7852.33,1.4332,12,71,53,0.0,32.56,32.56
414893,12,117,252,1000,129,1252,846.85,8778.06,51.28,450156.74,25008.71,2.926,33,140,104,0.0,21.13,21.13
411505,11,60,100,540,71,640,392.47,3935.84,49.5,194823.99,10823.55,1.3119,0,46,0,0.0,38.56,38.56
425360,11,120,165,856,131,1021,866.88,7181.12,39.23,281739.47,15652.19,2.3937,13,83,49,0.0,29.39,29.39
451074,10,73,110,346,83,456,485.08,2907.02,23.7,68892.34,3827.35,0.969,10,63,32,0.0,35.15,35.15
451177,11,79,155,597,90,752,536.05,4881.87,41.56,202906.73,11272.6,1.6273,20,83,67,0.0,29.62,29.62
386080,12,93,185,1196,105,1381,651.16,9272.37,77.16,715468.27,39748.24,3.0908,22,160,134,0.0,21.18,21.18
444180,7,26,20,45,33,65,141.86,327.89,6.06,1986.23,110.35,0.1093,3,11,9,0.0,59.26,59.26
474500,11,50,84,299,61,383,320.25,2271.47,32.89,74708.73,4150.48,0.7572,10,36,28,0.0,41.2,41.2
385745,9,62,105,404,71,509,397.69,3130.22,29.32,91786.17,5099.23,1.0434,9,49,42,0.0,37.44,37.44
444172,10,37,31,87,47,118,225.97,655.44,11.76,7705.87,428.1,0.2185,6,12,10,0.0,55.93,55.93
441039,9,64,86,371,73,457,412.53,2828.75,26.09,73790.59,4099.48,0.9429,15,60,53,0.0,35.03,35.03
431061,12,74,103,400,86,503,502.52,3232.41,32.43,104834.96,5824.16,1.0775,11,63,51,0.0,34.7,34.7
467000,11,62,84,390,73,474,407.21,2933.98,34.6,101506.13,5639.23,0.978,10,48,38,0.0,37.7,37.7
457018,11,32,66,203,43,269,198.05,1459.67,34.89,50928.63,2829.37,0.4866,9,29,27,0.0,44.73,44.73
441090,10,59,99,456,69,555,380.3,3390.23,38.64,131012.32,7278.46,1.1301,16,58,45,0.0,34.66,34.66
489935,10,38,40,170,48,210,232.64,1172.84,22.37,26234.63,1457.48,0.3909,7,20,16,0.0,49.19,49.19
516211,8,40,60,205,48,265,236.88,1480.02,20.5,30340.31,1685.57,0.4933,7,39,35,0.0,42.15,42.15
457024,11,49,65,242,60,307,313.17,1813.42,27.16,49258.28,2736.57,0.6045,11,38,33,0.0,41.24,41.24
474667,11,45,44,143,56,187,285.19,1085.98,17.48,18980.44,1054.47,0.362,4,24,20,0.0,48.1,48.1
466653,7,34,36,113,41,149,192.63,798.28,11.63,9285.82,515.88,0.2661,2,14,10,0.0,54.41,54.41
511700,10,40,75,211,50,286,246.1,1614.14,26.38,42573.02,2365.17,0.538,6,39,36,0.0,42.02,42.02
511794,11,58,105,462,69,567,377.82,3463.53,43.81,151738.59,8429.92,1.1545,15,66,56,0.0,33.51,33.51
489958,8,56,115,343,64,458,349.21,2748.0,24.5,67326.0,3740.33,0.916,17,55,45,0.0,35.67,35.67
516556,7,54,81,372,61,453,330.42,2686.62,24.11,64777.49,3598.75,0.8955,10,39,31,0.0,39.94,39.94
451178,11,72,106,420,83,526,482.29,3353.27,32.08,107584.1,5976.89,1.1178,10,60,45,0.0,35.18,35.18
504448,7,35,33,97,42,130,199.18,701.0,9.7,6799.71,377.76,0.2337,3,17,15,0.0,52.83,52.83
540447,6,31,45,134,37,179,169.09,932.49,12.97,12092.32,671.8,0.3108,6,27,24,0.0,47.18,47.18
511726,9,50,92,296,59,388,310.72,2282.47,26.64,60804.88,3378.05,0.7608,8,35,29,0.0,41.73,41.73
490186,13,89,168,744,102,912,624.45,6085.25,54.34,330654.81,18369.71,2.0284,24,77,59,0.0,29.12,29.12
511795,12,72,235,1259,84,1494,487.25,9550.12,104.92,1001966.99,55664.83,3.1834,44,140,122,0.0,19.4,19.4
499068,11,53,50,195,64,245,341.63,1470.0,20.24,29746.7,1652.59,0.49,7,28,22,0.0,45.31,45.31
489800,12,64,114,427,76,541,427.02,3380.13,40.03,135310.78,7517.27,1.1267,15,74,60,0.0,32.5,32.5
529169,11,49,88,324,60,412,313.17,2433.64,36.37,88504.99,4916.94,0.8112,13,42,36,0.0,39.13,39.13
518954,10,50,50,205,60,255,315.41,1506.26,20.5,30878.27,1715.46,0.5021,9,31,26,0.0,44.01,44.01
529315,10,75,119,785,85,904,500.38,5794.09,52.33,303224.01,16845.78,1.9314,0,64,0,0.0,34.25,34.25
533663,12,83,244,1147,95,1391,572.15,9138.67,82.92,757738.81,42096.6,3.0462,36,113,99,0.0,22.64,22.64
499320,11,70,83,481,81,564,467.1,3575.68,37.79,135134.99,7507.5,1.1919,17,71,64,0.0,32.45,32.45
519127,13,118,288,1180,131,1468,860.26,10325.06,65.0,671129.22,37284.96,3.4417,47,212,176,0.0,14.83,14.83
540669,8,43,60,231,51,291,257.33,1650.68,21.49,35470.34,1970.57,0.5502,10,33,29,0.0,43.0,43.0
548599,8,30,101,144,38,245,171.21,1285.74,19.2,24686.25,1371.46,0.4286,13,25,23,0.0,45.99,45.99
529166,10,65,71,401,75,472,424.67,2940.0,30.85,90687.77,5038.21,0.98,2,29,20,0.0,43.54,43.54
532058,13,58,122,590,71,712,387.87,4378.62,66.12,289517.37,16084.3,1.4595,25,92,88,0.0,28.3,28.3
529987,12,101,272,1415,113,1687,715.5,11505.64,84.06,967157.42,53730.97,3.8352,45,165,146,0.0,17.14,17.14
541346,9,73,97,462,82,559,480.39,3553.87,28.48,101212.32,5622.91,1.1846,11,52,40,0.0,36.23,36.23
540643,8,34,105,156,42,261,196.97,1407.39,18.35,25829.83,1434.99,0.4691,13,23,21,0.0,46.5,46.5
568770,10,34,39,108,44,147,206.19,802.54,15.88,12746.17,708.12,0.2675,8,25,23,0.0,48.09,48.09
549126,6,37,42,136,43,178,208.26,965.88,11.03,10650.73,591.71,0.322,1,17,14,0.0,52.12,52.12
579591,9,66,23,203,75,226,427.46,1407.71,13.84,19484.03,1082.45,0.4692,8,22,18,0.0,47.59,47.59
548573,10,48,75,220,58,295,301.3,1728.1,22.92,39602.39,2200.13,0.576,8,38,33,0.0,41.79,41.79
588403,10,62,86,531,72,617,402.38,3806.84,42.82,163018.87,9056.6,1.2689,16,82,68,0.0,31.03,31.03
549070,7,33,29,88,40,117,186.12,622.67,9.33,5811.55,322.86,0.2076,3,20,18,0.0,51.65,51.65
548556,11,57,123,498,68,621,370.53,3780.31,48.05,181654.06,10091.89,1.2601,20,56,48,0.0,34.13,34.13
649196,8,29,31,115,37,146,164.88,760.58,15.86,12064.38,670.24,0.2535,3,18,16,0.0,52.04,52.04
562133,8,37,48,156,45,204,216.75,1120.34,16.86,18894.35,1049.69,0.3734,7,30,28,0.0,45.49,45.49
616577,11,53,62,287,64,349,341.63,2094.0,29.78,62365.64,3464.76,0.698,15,57,50,0.0,36.43,36.43
594811,7,40,33,116,47,149,232.53,827.63,10.15,8400.48,466.69,0.2759,4,19,15,0.0,51.14,51.14
579589,10,70,324,850,80,1174,462.27,7421.94,60.71,450618.0,25034.33,2.474,64,90,76,0.0,21.66,21.66
581874,10,55,50,165,65,215,351.19,1294.81,15.0,19422.14,1079.01,0.4316,8,31,28,0.0,44.6,44.6
594828,9,83,118,441,92,559,557.66,3646.67,23.91,87190.59,4843.92,1.2156,12,71,61,0.0,33.06,33.06
549074,9,47,65,167,56,232,289.6,1347.31,15.99,21542.57,1196.81,0.4491,5,31,29,0.0,44.88,44.88
649723,11,51,53,212,62,265,327.35,1577.86,22.86,36074.26,2004.13,0.526,4,26,19,0.0,46.2,46.2
589276,12,114,207,806,126,1013,821.97,7067.98,42.42,299831.35,16657.3,2.356,18,78,61,0.0,29.35,29.35
651529,4,30,32,100,34,132,155.21,671.55,6.67,4476.97,248.72,0.2238,6,26,24,0.0,48.53,48.53
582098,11,61,158,662,72,820,399.83,5059.34,59.69,301984.45,16776.91,1.6864,22,89,85,0.0,28.58,28.58
562336,12,73,103,448,85,551,494.88,3531.57,36.82,130039.34,7224.41,1.1772,14,43,36,0.0,37.64,37.64
594808,9,94,83,523,103,606,644.66,4052.02,25.04,101451.36,5636.19,1.3507,2,52,20,0.0,37.04,37.04
648792,10,47,82,433,57,515,294.28,3003.94,46.06,138372.91,7687.38,1.0013,15,46,40,0.0,37.36,37.36
549083,13,52,104,413,65,517,344.53,3113.56,51.62,160737.75,8929.87,1.0379,15,57,50,0.0,35.22,35.22
651609,9,43,29,109,52,138,261.86,786.66,11.41,8973.42,498.52,0.2622,3,18,14,0.0,51.94,51.94
616485,13,77,202,767,90,969,530.65,6290.61,64.75,407296.29,22627.57,2.0969,30,72,63,0.0,28.85,28.85
665060,8,47,67,212,55,279,285.07,1613.0,18.04,29102.63,1616.81,0.5377,4,35,32,0.0,43.32,43.32
638934,14,114,175,687,128,862,832.25,6034.0,42.18,254539.53,14141.08,2.0113,17,88,52,0.0,28.82,28.82
652665,7,82,134,458,89,592,540.97,3833.63,19.55,74942.87,4163.49,1.2779,14,91,68,0.0,30.29,30.29
580226,13,120,306,1181,133,1487,876.93,10491.2,63.97,671131.13,37285.06,3.4971,37,170,144,0.0,18.21,18.21
639065,9,57,80,183,66,263,361.0,1589.68,14.45,22966.63,1275.92,0.5299,21,26,22,0.0,43.89,43.89
649712,12,101,231,1122,113,1353,715.5,9227.7,66.65,615058.32,34169.91,3.0759,46,147,130,0.0,18.77,18.77
649717,10,37,79,219,47,298,225.97,1655.27,29.59,48986.97,2721.5,0.5518,18,23,19,0.0,45.34,45.34
568748,12,113,180,909,125,1089,813.7,7585.74,48.27,366129.39,20340.52,2.5286,29,103,82,0.0,25.02,25.02
621155,11,83,371,892,94,1263,567.18,8278.45,59.11,489325.96,27184.78,2.7595,15,105,90,0.0,26.46,26.46
651704,10,81,77,349,91,426,546.75,2772.32,21.54,59724.68,3318.04,0.9241,7,47,30,0.0,38.48,38.48
678061,10,46,53,239,56,292,287.3,1695.75,25.98,44052.57,2447.37,0.5652,9,36,31,0.0,42.23,42.23
713157,9,61,151,747,70,898,390.3,5504.1,55.11,303311.79,16850.66,1.8347,21,60,50,0.0,32.19,32.19
689247,12,49,45,229,61,274,318.14,1625.02,28.04,45566.94,2531.5,0.5417,7,32,25,0.0,43.74,43.74
679045,11,58,83,292,69,375,377.82,2290.7,27.69,63428.6,3523.81,0.7636,10,42,33,0.0,39.72,39.72
663279,12,52,60,204,64,264,339.44,1584.0,23.54,37284.92,2071.38,0.528,7,32,28,0.0,43.82,43.82
704690,11,56,66,212,67,278,363.27,1686.37,20.82,35112.69,1950.71,0.5621,6,28,16,0.0,45.03,45.03
649718,10,75,102,424,85,526,500.38,3371.34,28.27,95296.53,5294.25,1.1238,13,45,33,0.0,37.49,37.49
672446,15,65,81,393,80,474,450.06,2996.59,45.35,135884.01,7549.11,0.9989,9,42,32,0.0,39.04,39.04
663263,10,46,76,265,56,341,287.3,1980.31,28.8,57041.48,3168.97,0.6601,10,55,52,0.0,37.61,37.61
689946,12,124,179,1069,136,1248,905.34,8845.15,51.73,457522.7,25417.93,2.9484,40,103,74,0.0,23.08,23.08
717565,10,62,67,266,72,333,402.38,2054.59,21.45,44074.16,2448.56,0.6849,11,41,37,0.0,40.14,40.14
724050,10,64,66,303,74,369,417.22,2291.29,23.67,54239.09,3013.28,0.7638,9,40,31,0.0,40.31,40.31
672473,13,57,128,630,70,758,380.58,4646.0,71.84,333778.17,18543.23,1.5487,24,83,70,0.0,29.23,29.23
663693,12,140,226,1266,152,1492,1041.12,10813.91,54.26,586731.74,32596.21,3.6046,28,140,113,0.0,21.17,21.17
697892,8,63,100,471,71,571,400.57,3511.51,29.9,105010.74,5833.93,1.1705,12,61,49,0.0,34.62,34.62
665907,10,58,66,279,68,345,372.98,2100.17,24.05,50512.82,2806.27,0.7001,12,55,51,0.0,37.16,37.16
768785,9,34,33,117,43,150,201.5,813.94,15.49,12604.1,700.23,0.2713,3,21,19,0.0,50.37,50.37
724557,10,52,168,417,62,585,329.64,3483.2,40.1,139663.12,7759.06,1.1611,16,47,40,0.0,36.57,36.57
738273,11,43,136,311,54,447,271.38,2572.43,39.78,102329.06,5684.95,0.8575,23,65,63,0.0,33.48,33.48
755841,11,66,71,447,77,518,436.98,3246.2,37.25,120920.78,6717.82,1.0821,15,64,49,0.0,34.0,34.0
713268,16,124,289,1156,140,1445,926.32,10301.81,74.58,768315.93,42684.22,3.4339,44,124,103,0.0,20.32,20.32
788962,7,25,23,62,32,85,135.75,425.0,8.68,3689.0,204.94,0.1417,2,13,11,0.0,57.03,57.03
782053,8,33,19,79,41,98,190.47,525.04,9.58,5027.66,279.31,0.175,2,13,9,0.0,56.38,56.38
762180,8,32,24,95,40,119,184.0,633.31,11.88,7520.55,417.81,0.2111,3,16,14,0.0,53.71,53.71
755859,10,52,413,1147,62,1560,329.64,9288.55,110.29,1024419.48,56912.19,3.0962,95,254,251,0.0,6.98,6.98
730318,9,59,122,506,68,628,375.61,3822.93,38.59,147539.05,8196.61,1.2743,14,65,59,0.0,33.49,33.49
743309,6,28,27,71,34,98,150.12,498.57,7.61,3792.7,210.71,0.1662,4,18,15,0.0,53.19,53.19
738657,11,83,129,552,94,681,567.18,4463.68,36.58,163273.7,9070.76,1.4879,5,56,37,0.0,35.64,35.64
768823,9,55,57,217,64,274,346.5,1644.0,17.75,29188.47,1621.58,0.548,9,30,27,0.0,44.05,44.05
762352,10,69,159,727,79,886,454.71,5585.15,52.68,294232.16,16346.23,1.8617,15,82,72,0.0,30.0,30.0
776374,9,55,154,668,64,822,346.5,4932.0,54.65,269556.22,14975.35,1.644,27,113,107,0.0,25.72,25.72
795255,11,131,213,933,142,1146,959.43,8193.61,39.17,320958.1,17831.01,2.7312,30,143,97,0.0,21.55,21.55
749884,12,98,152,798,110,950,691.26,6442.29,48.86,314751.97,17486.22,2.1474,34,121,106,0.0,23.32,23.32
769820,10,68,156,537,78,693,447.17,4355.78,39.49,171989.4,9554.97,1.4519,24,90,87,0.0,28.66,28.66
814921,9,65,69,316,74,385,419.98,2390.64,21.88,52299.84,2905.55,0.7969,11,47,39,0.0,38.39,38.39
768810,9,66,177,750,75,927,427.46,5774.11,51.14,295267.24,16403.74,1.9247,20,75,65,0.0,30.07,30.07
831277,11,60,105,337,71,442,392.47,2718.19,30.89,83969.36,4664.96,0.9061,12,48,37,0.0,37.66,37.66
801806,11,50,94,355,61,449,320.25,2662.9,39.05,103986.29,5777.02,0.8876,18,66,61,0.0,33.9,33.9
788967,13,104,252,1022,117,1274,744.95,8752.84,63.88,559087.95,31060.44,2.9176,50,137,118,0.0,19.06,19.06
795841,10,69,241,945,79,1186,454.71,7476.28,68.48,511962.92,28442.38,2.4921,32,115,107,0.0,23.62,23.62
844005,10,46,58,149,56,207,287.3,1202.12,16.2,19469.16,1081.62,0.4007,11,26,23,0.0,46.09,46.09
815896,9,61,145,619,70,764,390.3,4682.77,45.66,213833.8,11879.66,1.5609,31,114,108,0.0,25.26,25.26
808600,12,46,108,310,58,418,297.1,2448.64,40.43,99010.07,5500.56,0.8162,22,65,61,0.0,33.76,33.76
837600,8,58,45,350,66,395,363.76,2387.54,24.14,57630.17,3201.68,0.7958,2,34,21,0.0,42.67,42.67
818273,9,41,54,132,50,186,248.19,1049.76,14.49,15208.68,844.93,0.3499,5,24,22,0.0,48.07,48.07
824581,12,42,38,153,54,191,269.5,1099.18,21.86,24025.01,1334.72,0.3664,7,30,28,0.0,45.54,45.54
844049,8,46,119,396,54,515,278.08,2963.77,34.43,102056.67,5669.82,0.9879,22,66,64,0.0,33.04,33.04
837399,8,57,60,236,65,296,356.47,1782.62,16.56,29522.7,1640.15,0.5942,12,60,56,0.0,36.83,36.83
818421,10,65,129,464,75,593,424.67,3693.69,35.69,131836.3,7324.24,1.2312,13,81,65,0.0,31.64,31.64
816454,12,89,259,1021,101,1280,619.36,8522.51,68.83,586616.86,32589.83,2.8408,30,93,76,0.0,25.5,25.5
837414,10,62,122,421,72,543,402.38,3350.27,33.95,113747.05,6319.28,1.1168,15,68,61,0.0,33.33,33.33
863932,7,48,81,344,55,425,287.73,2457.08,25.08,61631.7,3423.98,0.819,12,44,37,0.0,38.8,38.8
850793,10,66,110,384,76,494,432.15,3086.48,29.09,89788.4,4988.24,1.0288,16,68,56,0.0,33.44,33.44
857259,7,41,61,185,48,246,239.31,1373.9,15.79,21697.58,1205.42,0.458,11,40,35,0.0,41.6,41.6
876207,6,27,42,91,33,133,143.89,670.9,10.11,6783.59,376.87,0.2236,4,13,11,0.0,55.37,55.37
850944,8,62,84,424,70,508,393.16,3113.68,27.35,85174.1,4731.89,1.0379,10,53,51,0.0,36.58,36.58
857114,12,93,151,572,105,723,651.16,4854.4,36.9,179143.0,9952.39,1.6181,32,98,88,0.0,26.45,26.45
844016,11,65,101,387,76,488,429.51,3048.99,32.75,99842.65,5546.81,1.0163,15,56,46,0.0,35.45,35.45
846979,14,141,300,1614,155,1914,1059.98,13926.5,80.13,1115898.02,61994.33,4.6422,43,176,137,0.0,16.22,16.22
850717,9,74,177,613,83,790,488.03,5036.28,37.28,187737.59,10429.87,1.6788,23,118,107,0.0,25.79,25.79
869825,8,65,44,223,73,267,415.45,1652.68,13.72,22679.9,1259.99,0.5509,1,32,15,0.0,44.5,44.5
864284,10,74,63,295,84,358,492.72,2288.45,19.93,45614.37,2534.13,0.7628,5,42,27,0.0,40.39,40.39
882458,10,63,161,540,73,701,409.79,4339.07,42.86,185960.01,10331.11,1.4464,27,82,78,0.0,29.15,29.15
882652,9,95,267,1240,104,1507,652.67,10097.56,58.74,593098.94,32949.94,3.3659,27,173,159,0.01,24.22,19.51
876448,10,79,170,493,89,663,531.22,4293.41,31.2,133965.3,7442.52,1.4311,17,76,64,0.0,31.25,31.25
869824,10,77,107,512,87,619,515.76,3988.18,33.25,132594.1,7366.34,1.3294,11,67,49,0.0,33.47,33.47
888923,13,71,125,607,84,732,484.74,4679.18,55.57,260023.81,14445.77,1.5597,22,64,46,0.0,31.94,31.94
844041,11,66,80,249,77,329,436.98,2061.77,20.75,42781.79,2376.77,0.6873,7,41,28,0.0,40.67,40.67
882515,13,107,222,1355,120,1577,769.44,10892.17,82.31,896567.81,49809.32,3.6307,34,129,109,0.0,21.12,21.12
906715,10,43,75,292,53,367,266.55,2102.15,33.95,71375.22,3965.29,0.7007,11,37,29,0.0,41.05,41.05
906706,9,51,71,190,60,261,317.82,1541.7,16.76,25846.12,1435.9,0.5139,8,32,26,0.0,43.77,43.77
888711,13,59,118,415,72,533,395.18,3288.57,45.72,150354.54,8353.03,1.0962,18,73,65,0.0,32.31,32.31
863732,9,61,103,355,70,458,390.3,2807.21,26.19,73516.73,4084.26,0.9357,12,69,58,0.0,34.13,34.13
912502,11,75,117,365,86,482,505.22,3097.46,26.77,82908.67,4606.04,1.0325,14,64,54,0.0,34.27,34.27
913681,8,54,87,500,62,587,334.76,3495.11,37.04,129448.64,7191.59,1.165,9,40,31,0.0,39.03,39.03
902164,13,83,135,594,96,729,577.23,4800.44,46.52,223307.11,12405.95,1.6001,25,69,56,0.0,30.75,30.75
931859,10,58,84,318,68,402,372.98,2447.16,27.41,67085.94,3727.0,0.8157,12,48,41,0.0,37.98,37.98
895322,11,69,106,466,80,572,459.54,3616.14,37.14,134321.36,7462.3,1.2054,14,67,57,0.0,33.37,33.37
963978,8,36,44,142,44,186,210.12,1015.45,15.78,16021.61,890.09,0.3385,4,24,21,0.0,48.3,48.3
938477,12,49,56,225,61,281,318.14,1666.54,27.55,45914.8,2550.82,0.5555,13,48,43,0.0,39.02,39.02
912499,9,42,69,163,51,232,255.01,1316.0,17.46,22983.05,1276.84,0.4387,7,36,34,0.0,43.27,43.27
950767,10,90,111,472,100,583,617.49,3873.37,26.22,101568.32,5642.68,1.2911,15,57,39,0.0,34.56,34.56
910792,11,89,292,1076,100,1368,614.39,9088.8,66.49,604353.82,33575.21,3.0296,55,165,149,0.0,16.51,16.51
963935,8,44,175,523,52,698,264.21,3978.91,47.55,189178.94,10509.94,1.3263,32,114,108,0.0,25.62,25.62
938701,10,56,76,331,66,407,358.43,2460.07,29.55,72703.81,4039.1,0.82,8,46,36,0.0,38.91,38.91
957405,10,46,71,263,56,334,287.3,1939.66,28.59,55448.88,3080.49,0.6466,17,40,38,0.0,39.75,39.75
963846,11,42,44,165,53,209,264.53,1197.14,21.61,25866.68,1437.04,0.399,7,30,28,0.0,45.28,45.28
964152,8,44,74,342,52,416,264.21,2371.38,31.09,73728.45,4096.03,0.7905,11,45,38,0.0,38.83,38.83
970056,9,49,119,324,58,443,303.65,2595.09,29.76,77217.04,4289.84,0.865,22,53,50,0.0,35.52,35.52
919119,15,166,284,1488,181,1772,1282.86,13289.73,67.23,893453.93,49636.33,4.4299,37,164,116,0.0,17.84,17.84
976605,9,60,41,192,69,233,382.94,1423.29,14.4,20495.32,1138.63,0.4744,7,32,24,0.0,44.15,44.15
983074,9,74,67,306,83,373,488.03,2377.89,18.61,44248.03,2458.22,0.7926,9,53,40,0.0,37.54,37.54
976533,9,59,105,373,68,478,375.61,2909.81,28.45,82781.55,4598.97,0.9699,12,53,51,0.0,36.52,36.52
919118,14,133,470,1895,147,2365,991.66,17027.23,99.74,1698241.66,94346.76,5.6757,92,296,262,0.0,4.09,4.09
964048,12,70,141,594,82,735,472.07,4672.8,50.91,237912.31,13217.35,1.5576,20,98,87,0.0,28.18,28.18
992978,8,38,55,137,46,192,223.42,1060.52,14.42,15293.87,849.66,0.3535,6,22,19,0.0,48.72,48.72
957579,10,49,153,489,59,642,308.34,3776.66,49.9,188447.47,10469.3,1.2589,21,73,69,0.0,31.48,31.48
958178,12,90,172,650,102,822,627.29,5484.73,43.33,237671.79,13203.99,1.8282,24,77,66,0.0,29.44,29.44
976785,12,51,76,402,63,478,332.31,2857.14,47.29,135125.91,7506.99,0.9524,19,46,40,0.0,36.97,36.97
995776,10,82,125,379,92,504,554.54,3287.88,23.11,75981.99,4221.22,1.096,14,54,44,0.0,35.7,35.7
983379,10,80,138,448,90,586,538.97,3804.23,28.0,106518.33,5917.68,1.2681,10,75,57,0.0,32.68,32.68
1022045,9,50,46,238,59,284,310.72,1670.67,21.42,35785.76,1988.1,0.5569,5,29,18,0.0,44.86,44.86
995726,9,72,127,421,81,548,472.76,3474.24,26.31,91415.88,5078.66,1.1581,16,60,52,0.0,34.27,34.27
1046587,10,34,59,232,44,291,206.19,1588.69,34.12,54202.52,3011.25,0.5296,9,28,24,0.0,44.81,44.81
1015345,13,69,90,273,82,363,469.59,2307.79,25.72,59350.37,3297.24,0.7693,10,56,45,0.04,48.95,36.97
983949,11,69,201,856,80,1057,459.54,6682.28,68.23,455944.42,25330.25,2.2274,20,92,84,0.0,27.69,27.69
1037726,12,64,96,378,76,474,427.02,2961.52,35.44,104948.78,5830.49,0.9872,14,41,33,0.0,38.63,38.63
1076795,10,32,57,184,42,241,193.22,1299.55,28.75,37362.02,2075.67,0.4332,9,16,14,0.0,50.72,50.72
1076570,8,40,59,140,48,199,236.88,1111.41,14.0,15559.71,864.43,0.3705,6,25,23,0.0,47.37,47.37
1030636,14,46,174,400,60,574,307.39,3390.56,60.87,206381.62,11465.65,1.1302,18,50,47,0.0,35.8,35.8
1040485,6,43,68,277,49,345,248.84,1937.07,19.33,37435.1,2079.73,0.6457,8,32,23,0.0,43.07,43.07
1088093,12,44,98,213,56,311,283.23,1806.09,29.05,52458.63,2914.37,0.602,16,29,23,0.0,43.14,43.14
1030817,8,65,140,711,73,851,415.45,5267.54,43.75,230475.17,12804.18,1.7558,17,89,74,0.0,29.13,29.13
990098,11,71,116,599,82,715,474.69,4545.65,46.4,210924.55,11718.03,1.5152,23,87,77,0.0,28.99,28.99
1024401,10,53,55,209,63,264,336.8,1578.0,19.72,31113.43,1728.52,0.526,6,33,28,0.0,43.67,43.67
1022337,13,132,258,1055,145,1313,977.97,9427.22,51.95,489751.25,27208.4,3.1424,35,147,116,0.0,20.19,20.19
1108792,11,56,94,373,67,467,363.27,2832.86,36.63,103778.92,5765.5,0.9443,15,55,45,0.0,35.85,35.85
1024291,13,60,87,302,73,389,402.52,2407.84,32.72,78776.56,4376.48,0.8026,13,45,38,0.0,38.51,38.51
1046660,11,76,116,457,87,573,512.9,3691.81,33.07,122096.79,6783.15,1.2306,20,56,48,0.0,34.2,34.2
1145682,8,33,38,124,41,162,190.47,867.92,15.03,13045.15,724.73,0.2893,6,22,19,0.0,49.33,49.33
1024320,12,59,66,289,71,355,390.1,2183.16,29.39,64162.71,3564.59,0.7277,12,44,35,0.0,39.16,39.16
1168887,7,30,30,74,37,104,166.86,541.78,8.63,4677.39,259.86,0.1806,6,15,13,0.0,54.4,54.4
1146454,9,60,108,386,69,494,382.94,3017.61,28.95,87359.84,4853.32,1.0059,26,64,59,0.0,32.74,32.74
1178975,9,49,88,310,58,398,303.65,2331.48,28.47,66375.71,3687.54,0.7772,12,45,41,0.0,38.74,38.74
1070213,12,63,90,286,75,376,419.59,2342.04,27.24,63792.59,3544.03,0.7807,12,50,48,0.0,37.73,37.73
1088383,12,94,155,685,106,840,659.15,5651.45,43.72,247100.77,13727.82,1.8838,25,81,68,0.0,28.73,28.73
1052683,8,74,82,506,82,588,483.5,3738.24,27.35,102245.93,5680.33,1.2461,9,63,31,0.0,34.52,34.52
1178976,10,58,110,565,68,675,372.98,4109.04,48.71,200138.46,11118.8,1.3697,14,53,43,0.0,35.2,35.2
1059038,11,66,148,506,77,654,436.98,4098.48,42.17,172819.17,9601.07,1.3662,18,70,61,0.0,32.03,32.03
1052691,9,75,87,325,84,412,495.69,2633.63,19.5,51355.88,2853.1,0.8779,8,43,31,0.0,39.34,39.34
1102901,11,63,90,404,74,494,414.62,3067.47,35.27,108189.18,6010.51,1.0225,13,56,43,0.0,35.7,35.7
1103099,10,38,50,184,48,234,232.64,1306.88,24.21,31640.28,1757.79,0.4356,11,30,27,0.0,44.48,44.48
1164661,12,48,87,301,60,388,311.1,2291.87,37.62,86231.74,4790.65,0.764,12,26,23,0.0,43.99,43.99
1164715,13,80,276,1119,93,1395,553.86,9122.13,90.92,829372.34,46076.24,3.0407,32,108,101,0.0,23.61,23.61
1192497,12,37,54,175,49,229,235.77,1285.77,28.38,36488.03,2027.11,0.4286,11,18,14,0.0,49.37,49.37
1206361,11,49,84,276,60,360,313.17,2126.48,30.98,65877.5,3659.86,0.7088,14,49,45,0.0,37.95,37.95
1186269,10,47,22,118,57,140,294.28,816.6,12.55,10250.99,569.5,0.2722,5,25,18,0.0,48.44,48.44
1153134,13,56,93,306,69,399,373.32,2437.3,35.52,86567.72,4809.32,0.8124,14,53,48,0.0,36.79,36.79
1164716,8,46,110,381,54,491,278.08,2825.65,33.13,93615.01,5200.83,0.9419,14,38,33,0.0,39.49,39.49
1233545,8,38,27,98,46,125,223.42,690.45,10.32,7122.49,395.69,0.2301,2,18,15,0.0,52.47,52.47
1226983,6,29,55,176,35,231,156.39,1184.86,18.21,21572.7,1198.48,0.395,7,22,19,0.0,48.25,48.25
1243641,10,41,46,129,51,175,252.88,992.67,15.73,15616.46,867.58,0.3309,9,20,15,0.0,49.43,49.43
1239877,8,38,54,170,46,224,223.42,1237.28,17.89,22140.76,1230.04,0.4124,10,45,41,0.0,40.94,40.94
1178288,11,88,147,638,99,785,606.48,5204.04,39.88,207511.29,11528.41,1.7347,20,79,68,0.0,29.89,29.89
1145772,12,74,143,385,86,528,502.52,3393.07,31.22,105918.74,5884.37,1.131,14,37,31,0.0,39.19,39.19
1274013,9,43,60,253,52,313,261.86,1784.24,26.48,47240.8,2624.49,0.5947,9,31,24,0.0,43.49,43.49
1239641,11,61,81,312,72,393,399.83,2424.78,28.13,68211.86,3789.55,0.8083,14,50,44,0.0,37.36,37.36
1226353,6,35,23,80,41,103,195.03,551.83,6.86,3783.96,210.22,0.1839,3,18,16,0.0,53.02,53.02
1286966,7,36,42,181,43,223,205.77,1210.06,17.6,21293.64,1182.98,0.4034,6,25,22,0.0,47.11,47.11
1281384,9,38,118,358,47,476,227.95,2643.98,42.39,112091.02,6227.28,0.8813,19,47,44,0.0,37.01,37.01
1225959,12,85,176,656,97,832,587.82,5491.13,46.31,254271.5,14126.19,1.8304,23,61,51,0.0,31.78,31.78
1191104,10,66,97,398,76,495,432.15,3092.72,30.15,93250.32,5180.57,1.0309,11,50,42,0.0,37.02,37.02
1279446,8,38,42,101,46,143,223.42,789.87,10.63,8397.56,466.53,0.2633,2,21,17,0.0,50.6,50.6
1279561,10,66,117,359,76,476,432.15,2974.01,27.2,80884.15,4493.56,0.9913,15,70,60,0.0,33.41,33.41
1322420,5,40,33,105,45,138,224.49,757.88,6.56,4973.56,276.31,0.2526,6,21,18,0.0,50.19,50.19
1240405,9,72,133,412,81,545,472.76,3455.22,25.75,88971.87,4942.88,1.1517,21,51,43,0.0,35.15,35.15
1339740,11,41,62,201,52,263,257.71,1499.22,26.96,40423.97,2245.78,0.4997,7,24,19,0.0,46.71,46.71
1251614,12,68,110,428,80,538,456.97,3401.2,37.76,128445.22,7135.85,1.1337,16,65,57,0.02,41.34,33.57
1339320,9,49,57,349,58,406,303.65,2378.34,32.05,76228.23,4234.9,0.7928,17,58,53,0.0,35.61,35.61
1317619,10,54,66,281,64,347,343.98,2082.0,26.02,54170.56,3009.48,0.694,12,45,33,0.0,39.09,39.09
1286947,11,58,57,225,69,282,377.82,1722.6,21.34,36753.83,2041.88,0.5742,8,41,39,0.0,41.08,41.08
1317761,11,73,110,565,84,675,489.91,4314.81,42.57,183675.14,10204.17,1.4383,21,74,60,0.0,30.95,30.95
1295200,12,81,162,661,93,823,556.55,5381.73,48.96,263505.33,14639.19,1.7939,27,74,62,0.0,29.47,29.47
1262831,11,53,136,477,64,613,341.63,3678.0,49.5,182061.0,10114.5,1.226,22,65,58,0.0,32.53,32.53
1205998,11,52,96,331,63,427,334.48,2552.3,35.01,89354.99,4964.17,0.8508,10,33,29,0.0,41.67,41.67
1311065,10,57,130,425,67,555,365.69,3366.68,37.28,125512.17,6972.9,1.1222,20,46,41,0.0,36.34,36.34
1258416,13,61,113,309,74,422,409.88,2620.39,32.93,86279.54,4793.31,0.8735,22,49,43,0.0,36.24,36.24
1358948,7,61,136,624,68,760,381.43,4626.47,35.8,165642.86,9202.38,1.5422,16,68,58,0.0,32.21,32.21
1272997,9,71,79,367,80,446,465.16,2819.58,23.26,65585.02,3643.61,0.9399,8,45,36,0.0,38.7,38.7
1344939,13,74,183,515,87,698,507.61,4497.17,45.24,203436.38,11302.02,1.4991,27,94,73,0.0,27.75,27.75
1366998,6,33,29,90,39,119,181.97,628.96,8.18,5146.06,285.89,0.2097,5,21,19,0.0,50.89,50.89
1302326,13,98,244,1113,111,1357,696.35,9220.02,73.82,680635.22,37813.07,3.0733,55,144,139,0.0,17.76,17.76
1302389,9,60,138,428,69,566,382.94,3457.42,32.1,110983.34,6165.74,1.1525,15,44,34,0.0,37.35,37.35
1404154,13,59,124,592,72,716,395.18,4417.67,65.22,288121.69,16006.76,1.4726,27,76,56,0.0,29.82,29.82
1431174,9,39,45,131,48,176,234.66,982.95,15.12,14857.72,825.43,0.3277,5,29,27,0.0,46.47,46.47
1331518,10,66,101,333,76,434,432.15,2711.6,25.23,68406.29,3800.35,0.9039,14,49,38,0.0,37.21,37.21
1358953,15,67,127,510,82,637,465.03,4049.76,57.09,231199.02,12844.39,1.3499,0,38,0,0.0,40.28,40.28
1374272,8,36,38,115,44,153,210.12,835.29,12.78,10673.19,592.95,0.2784,6,22,20,0.0,49.45,49.45
1380956,8,40,46,117,48,163,236.88,910.35,11.7,10651.08,591.73,0.3034,5,20,17,0.0,50.23,50.23
1380953,10,74,99,330,84,429,492.72,2742.3,22.3,61145.97,3397.0,0.9141,12,49,36,0.0,37.44,37.44
1423933,8,47,152,372,55,524,285.07,3029.43,31.66,95910.54,5328.36,1.0098,29,59,56,0.0,33.09,33.09
1396351,11,57,84,256,68,340,370.53,2069.74,24.7,51126.14,2840.34,0.6899,17,41,39,0.0,39.31,39.31
1384681,9,52,73,314,61,387,324.95,2295.2,27.17,62367.52,3464.86,0.7651,9,28,22,0.0,43.69,43.69
1384686,13,67,122,530,80,652,454.53,4121.9,51.42,211939.34,11774.41,1.374,26,57,52,0.0,32.89,32.89
1380699,10,40,72,280,50,352,246.1,1986.64,35.0,69532.31,3862.91,0.6622,14,43,39,0.0,39.39,39.39
1367092,9,57,120,433,66,553,361.0,3342.55,34.18,114262.43,6347.91,1.1142,11,45,40,0.0,37.78,37.78
1405475,11,64,114,382,75,496,422.05,3089.49,32.83,101422.3,5634.57,1.0298,15,54,49,0.0,35.76,35.76
1381337,11,80,149,493,91,642,543.81,4178.0,33.89,141608.23,7867.12,1.3927,16,62,36,0.0,33.39,33.39
1415717,7,39,35,103,46,138,225.78,762.25,9.24,7045.94,391.44,0.2541,6,18,15,0.0,51.63,51.63
1461864,8,39,48,155,47,203,230.13,1127.58,15.9,17925.66,995.87,0.3759,8,37,33,0.0,43.34,43.34
1405841,10,65,82,279,75,361,424.67,2248.6,21.46,48258.49,2681.03,0.7495,8,35,26,0.0,41.77,41.77
1428140,11,74,108,467,85,575,497.55,3685.4,34.71,127918.23,7106.57,1.2285,23,75,64,0.0,31.03,31.03
1502595,7,35,61,177,42,238,199.18,1283.37,17.7,22715.68,1261.98,0.4278,10,34,32,0.0,43.48,43.48
1381333,10,79,157,620,89,777,531.22,5031.64,39.24,197444.29,10969.13,1.6772,14,67,40,0.0,32.36,32.36
1416291,13,88,135,617,101,752,616.54,5006.98,45.57,228187.2,12677.07,1.669,14,83,62,0.0,30.35,30.35
1447246,7,45,55,150,52,205,266.78,1168.59,11.67,13633.55,757.42,0.3895,5,22,20,0.0,48.56,48.56
1499868,7,39,40,116,46,156,225.78,861.68,10.41,8970.26,498.35,0.2872,3,22,17,0.0,49.76,49.76
1492984,12,81,223,738,93,961,556.55,6284.13,54.67,343532.53,19085.14,2.0947,35,104,91,0.0,24.7,24.7
1465038,11,73,150,603,84,753,489.91,4813.42,45.43,218680.7,12148.93,1.6045,13,62,45,0.0,33.37,33.37
1455409,8,36,55,135,44,190,210.12,1037.29,15.0,15559.38,864.41,0.3458,7,27,24,0.0,46.72,46.72
1517286,6,37,34,113,43,147,208.26,797.66,9.16,7308.3,406.02,0.2659,4,22,17,0.0,49.86,49.86
1478935,11,129,212,966,140,1178,942.5,8398.3,41.19,345892.58,19216.25,2.7994,21,84,51,0.0,27.72,27.72
1415797,11,51,143,450,62,593,327.35,3530.84,48.53,171349.51,9519.42,1.1769,25,70,68,0.0,31.55,31.55
1447336,11,82,200,677,93,877,559.37,5734.84,45.41,260410.8,14467.27,1.9116,27,75,63,0.0,29.15,29.15
1503137,8,52,75,282,60,357,320.42,2108.76,21.69,45743.87,2541.33,0.7029,6,31,23,0.0,43.39,43.39
1499992,8,96,61,343,104,404,656.16,2706.98,14.29,38687.22,2149.29,0.9023,6,43,19,0.1,56.79,39.53
1541292,8,45,61,205,53,266,271.13,1523.63,18.22,27763.87,1542.44,0.5079,7,34,21,0.0,43.36,43.36
1522645,13,79,175,690,92,865,546.1,5642.88,56.77,320358.5,17797.69,1.881,20,79,59,0.0,29.65,29.65
1478239,14,65,81,322,79,403,444.76,2540.42,34.68,88094.08,4894.12,0.8468,4,41,31,0.0,40.44,40.44
1511264,9,49,72,210,58,282,303.65,1651.95,19.29,31859.05,1769.95,0.5507,9,26,24,0.0,45.39,45.39
1602238,5,24,17,51,29,68,121.65,330.34,5.31,1754.95,97.5,0.1101,2,14,12,0.0,57.09,57.09
1500865,9,53,50,199,62,249,332.11,1482.59,16.9,25050.26,1391.68,0.4942,8,34,29,0.0,43.31,43.31
1541502,13,72,117,394,85,511,492.34,3275.2,35.57,116497.0,6472.06,1.0917,17,47,35,0.0,36.62,36.62
1569671,10,41,45,139,51,184,252.88,1043.73,16.95,17692.43,982.91,0.3479,3,22,15,0.0,49.18,49.18
1541144,12,77,120,422,89,542,525.56,3509.85,32.88,115414.73,6411.93,1.1699,14,57,49,0.0,34.99,34.99
1558141,10,45,53,165,55,218,280.35,1260.34,18.33,23106.17,1283.68,0.4201,5,23,19,0.0,47.91,47.91
1574230,8,55,106,330,63,436,341.97,2606.09,24.0,62546.26,3474.79,0.8687,9,40,32,0.06,53.85,39.92
1569536,11,43,35,135,54,170,271.38,978.33,17.27,16893.27,938.52,0.3261,7,20,17,0.0,49.74,49.74
1602291,8,26,23,58,34,81,146.21,412.08,8.92,3677.06,204.28,0.1374,2,15,11,0.0,55.77,55.77
1602534,11,35,42,136,46,178,217.58,983.19,21.37,21012.26,1167.35,0.3277,6,21,20,0.0,49.4,49.4
1558312,12,62,89,334,74,423,412.18,2626.6,32.32,84898.45,4716.58,0.8755,14,48,42,0.0,37.5,37.5
1511182,11,72,190,586,83,776,482.29,4947.03,44.76,221448.33,12302.68,1.649,12,54,47,0.0,34.73,34.73
1549388,12,46,70,291,58,361,297.1,2114.73,37.96,80267.84,4459.32,0.7049,13,40,38,0.0,40.02,40.02
1549734,12,74,107,537,86,644,502.52,4138.51,43.54,180193.16,10010.73,1.3795,19,44,32,0.0,36.27,36.27
1569673,10,73,148,486,83,634,485.08,4041.77,33.29,134541.28,7474.52,1.3473,16,43,28,0.0,36.96,36.96
1629732,7,42,69,208,49,277,246.13,1555.27,17.33,26958.09,1497.67,0.5184,5,35,30,0.0,43.3,43.3
1625803,8,95,118,588,103,706,648.14,4720.67,24.76,116873.84,6492.99,1.5736,8,71,40,0.0,32.82,32.82
1637204,5,39,38,117,44,155,217.74,846.21,7.5,6346.59,352.59,0.2821,5,15,10,0.0,53.17,53.17
1617979,7,43,76,322,50,398,252.98,2246.25,26.21,58872.77,3270.71,0.7488,9,31,24,0.0,42.79,42.79
1629739,9,73,120,435,82,555,480.39,3528.44,26.82,94615.4,5256.41,1.1761,12,57,42,0.0,35.24,35.24
1649130,10,69,80,400,79,480,454.71,3025.81,28.99,87704.78,4872.49,1.0086,9,48,32,0.0,37.74,37.74
1521412,12,89,147,719,101,866,619.36,5766.01,48.47,279489.57,15527.2,1.922,24,88,76,0.0,28.02,28.02
1640472,9,43,50,196,52,246,261.86,1402.31,20.51,28763.62,1597.98,0.4674,5,20,16,0.0,48.91,48.91
1618174,10,79,74,348,89,422,531.22,2732.76,22.03,60189.89,3343.88,0.9109,9,51,33,0.0,37.48,37.48
1649055,10,62,158,472,72,630,402.38,3887.05,38.06,147958.78,8219.93,1.2957,15,68,58,0.0,32.87,32.87
1648986,10,48,78,265,58,343,301.3,2009.29,27.6,55464.71,3081.37,0.6698,10,38,33,0.0,41.07,41.07
1648985,9,46,90,277,55,367,282.61,2121.76,27.1,57495.06,3194.17,0.7073,10,38,35,0.0,40.9,40.9
1625814,11,89,127,543,100,670,614.39,4451.38,33.56,149371.43,8298.41,1.4838,0,70,0,0.0,34.2,34.2
1611050,9,58,95,340,67,435,368.29,2638.75,26.38,69608.37,3867.13,0.8796,10,45,38,0.0,38.64,38.64
1649139,13,63,364,1098,76,1462,424.67,9134.47,113.29,1034804.96,57489.16,3.0448,67,97,87,0.0,19.92,19.92
1649135,11,50,99,335,61,434,320.25,2573.94,36.85,94849.69,5269.43,0.858,19,45,37,0.0,37.5,37.5
1649140,13,63,364,1098,76,1462,424.67,9134.47,113.29,1034804.96,57489.16,3.0448,67,97,87,0.0,19.92,19.92
1679242,6,40,42,104,46,146,228.39,806.44,7.8,6290.23,349.46,0.2688,2,19,15,0.0,51.48,51.48
1679240,10,56,109,333,66,442,358.43,2671.62,29.73,79433.05,4412.95,0.8905,13,66,61,0.0,34.57,34.57
1661062,10,89,119,580,99,699,609.56,4633.92,32.58,150992.91,8388.49,1.5446,10,80,54,0.0,31.47,31.47
1649050,8,39,39,136,47,175,230.13,972.05,13.95,13558.89,753.27,0.324,4,22,18,0.0,49.26,49.26
1679244,13,78,175,562,91,737,538.37,4796.24,46.83,224624.12,12479.12,1.5987,31,86,75,0.0,27.86,27.86
1655401,12,75,137,676,87,813,510.18,5238.11,54.08,283277.15,15737.62,1.746,28,82,76,0.0,28.44,28.44
1696711,11,100,236,878,111,1114,702.44,7568.98,48.29,365506.01,20305.89,2.523,25,146,112,0.0,22.26,22.26
1637191,11,44,60,198,55,258,278.27,1491.59,24.75,36916.87,2050.94,0.4972,5,24,19,0.0,47.0,47.0
1696298,8,36,45,150,44,195,210.12,1064.59,16.67,17743.15,985.73,0.3549,6,20,17,0.0,49.62,49.62
1682992,11,74,83,265,85,348,497.55,2230.47,19.7,43931.18,2440.62,0.7435,4,36,10,0.0,42.07,42.07
1674299,10,98,147,764,108,911,681.46,6153.7,38.98,239868.81,13326.05,2.0512,14,91,60,0.0,28.85,28.85
1696351,10,93,273,909,103,1182,641.36,7903.44,48.87,386248.94,21458.27,2.6345,35,83,64,0.0,26.14,26.14
1679189,11,102,150,799,113,949,718.64,6472.35,43.08,278850.41,15491.69,2.1574,27,82,57,0.0,27.94,27.94
1735630,10,69,170,697,79,867,454.71,5465.38,50.51,276041.19,15335.62,1.8218,5,57,6,0.0,34.85,34.85
1674083,7,32,31,83,39,114,179.65,602.54,9.08,5469.9,303.88,0.2008,3,16,12,0.0,53.86,53.86
1690658,13,52,83,376,65,459,344.53,2764.27,47.0,129920.54,7217.81,0.9214,18,31,27,0.0,40.95,40.95
1669221,12,101,101,476,113,577,715.5,3935.24,28.28,111277.77,6182.1,1.3117,0,68,0,1.0,60.84,34.85
1702042,9,40,34,160,49,194,241.41,1089.25,18.0,19606.57,1089.25,0.3631,5,27,22,0.0,46.84,46.84
1716379,10,42,39,129,52,168,259.7,957.67,15.36,14707.13,817.06,0.3192,3,20,18,0.0,50.34,50.34
1696340,9,83,94,425,92,519,557.66,3385.73,23.04,78014.53,4334.14,1.1286,14,69,54,0.0,33.29,33.29
1740435,11,95,93,499,106,592,662.19,3982.93,28.89,115064.72,6392.48,1.3276,7,66,34,0.0,34.16,34.16
1711271,11,96,176,813,107,989,670.21,6667.31,46.58,310550.84,17252.82,2.2224,21,91,81,0.0,27.67,27.67
1722713,11,55,53,261,66,314,356.03,1897.94,26.1,49536.23,2752.01,0.6326,8,50,40,0.0,38.91,38.91
1683290,13,112,313,1121,125,1434,810.53,9988.93,65.06,649860.47,36103.36,3.3296,35,151,117,0.0,19.76,19.76
1722316,7,38,62,187,45,249,219.07,1367.47,17.22,23552.9,1308.49,0.4558,7,29,22,0.0,45.2,45.2
1729062,9,46,52,241,55,293,282.61,1693.94,23.58,39936.44,2218.69,0.5646,7,32,26,0.0,43.62,43.62
1771238,8,34,92,143,42,235,196.97,1267.19,16.82,21318.69,1184.37,0.4224,13,27,24,0.0,45.3,45.3
1758061,8,31,34,121,39,155,177.58,819.24,15.61,12790.67,710.59,0.2731,5,20,18,0.0,50.55,50.55
1752277,10,86,62,448,96,510,585.88,3358.33,26.05,87472.8,4859.6,1.1194,7,53,36,0.0,36.76,36.76
1735661,12,51,89,412,63,501,332.31,2994.62,48.47,145150.86,8063.94,0.9982,13,57,50,0.0,35.61,35.61
1683181,13,83,125,489,96,614,577.23,4043.17,38.3,154833.81,8601.88,1.3477,12,74,62,0.03,42.71,32.36
1746538,11,45,73,228,56,301,285.19,1748.01,27.87,48711.32,2706.18,0.5827,13,46,44,0.0,39.28,39.28
1758119,13,46,97,242,59,339,302.19,1994.22,34.2,68193.52,3788.53,0.6647,14,31,28,0.0,42.48,42.48
1790846,12,64,81,358,76,439,427.02,2742.84,33.56,92056.57,5114.25,0.9143,12,48,37,0.0,37.64,37.64
1799684,14,56,211,634,70,845,378.51,5179.24,79.25,410455.1,22803.06,1.7264,27,59,52,0.0,31.73,31.73
1771525,13,131,259,1000,144,1259,969.48,9026.94,49.62,447901.38,24883.41,3.009,23,125,89,0.0,23.47,23.47
1799928,9,45,71,213,54,284,275.66,1634.39,21.3,34812.47,1934.03,0.5448,14,37,33,0.0,41.41,41.41
1799930,12,106,194,635,118,829,756.18,5705.71,35.94,205082.63,11393.48,1.9019,11,83,47,0.0,30.36,30.36
1833489,9,61,146,586,70,732,390.3,4486.64,43.23,193955.03,10775.28,1.4955,20,68,53,0.0,31.76,31.76
1764446,13,102,225,660,115,885,728.69,6058.26,42.06,254803.23,14155.74,2.0194,21,74,65,0.0,29.92,29.92
1764442,13,139,169,978,152,1147,1037.64,8313.37,45.73,380202.24,21122.35,2.7711,24,106,72,0.0,25.15,25.15
1833500,9,81,256,877,90,1133,542.06,7355.27,48.72,358365.08,19909.17,2.4518,25,140,134,0.0,22.75,22.75
1833502,8,21,9,39,29,48,116.24,233.18,7.43,1732.22,96.23,0.0777,2,9,8,0.0,62.34,62.34
1833506,8,23,12,46,31,58,128.04,287.34,8.0,2298.75,127.71,0.0958,3,9,8,0.0,61.57,61.57
1833490,9,56,117,483,65,600,353.74,3613.42,38.81,140245.89,7791.44,1.2045,15,40,29,0.0,38.12,38.12
1833491,8,75,187,609,83,796,491.16,5074.53,32.48,164820.78,9156.71,1.6915,20,64,38,0.0,31.96,31.96
1833508,5,25,8,63,30,71,127.71,348.39,6.3,2194.85,121.94,0.1161,3,13,12,0.0,57.5,57.5
1813547,9,46,69,161,55,230,282.61,1329.71,15.75,20942.98,1163.5,0.4432,5,28,24,0.0,45.89,45.89
1842979,6,32,33,109,38,142,175.51,745.21,10.22,7615.07,423.06,0.2484,4,16,10,0.0,53.08,53.08
1807342,9,48,68,352,57,420,296.61,2449.81,33.0,80843.86,4491.33,0.8166,10,47,40,0.0,38.45,38.45
1853508,9,48,68,273,57,341,296.61,1989.02,25.59,50906.37,2828.13,0.663,10,35,23,0.0,41.88,41.88
1834447,9,73,168,765,82,933,480.39,5931.6,47.16,279719.44,15539.97,1.9772,30,97,82,0.0,26.21,26.21
1799540,9,58,138,424,67,562,368.29,3409.14,32.9,112149.02,6230.5,1.1364,15,81,75,0.0,31.62,31.62
1858382,8,39,91,344,47,435,230.13,2416.25,35.28,85250.12,4736.12,0.8054,16,35,31,0.0,40.48,40.48
1858899,10,45,77,255,55,332,280.35,1919.41,28.33,54383.32,3021.3,0.6398,1,20,17,0.0,48.5,48.5
1864545,8,44,104,340,52,444,264.21,2531.0,30.91,78230.76,4346.15,0.8437,22,72,69,0.0,32.7,32.7
1842685,10,42,46,181,52,227,259.7,1294.0,21.55,27882.62,1549.03,0.4313,3,22,17,0.0,48.52,48.52
1820627,9,47,76,244,56,320,289.6,1858.35,23.36,43414.3,2411.91,0.6195,4,29,27,0.0,44.67,44.67
1834895,11,101,150,738,112,888,710.53,6044.93,40.19,242934.41,13496.36,2.015,20,70,51,0.0,30.58,30.58
1853461,12,57,106,475,69,581,375.49,3549.05,50.0,177452.64,9858.48,1.183,16,47,42,0.0,36.51,36.51
1853509,9,40,49,247,49,296,241.41,1661.95,27.79,46181.55,2565.64,0.554,2,28,23,0.0,45.61,45.61
1887385,12,48,104,414,60,518,311.1,3059.77,51.75,158343.06,8796.84,1.0199,23,48,40,0.0,35.83,35.83
1887392,10,46,56,188,56,244,287.3,1416.99,20.43,28955.98,1608.67,0.4723,6,17,11,0.0,50.29,50.29
1858898,9,45,82,409,54,491,275.66,2825.65,40.9,115569.08,6420.5,0.9419,18,26,22,0.0,42.55,42.55
1870448,9,42,53,194,51,247,255.01,1401.09,20.79,29122.64,1617.92,0.467,8,36,34,0.0,42.94,42.94
1853384,10,59,89,372,69,461,380.3,2816.03,31.53,88776.53,4932.03,0.9387,17,56,47,0.0,35.42,35.42
1865042,12,55,60,375,67,435,360.99,2638.75,40.91,107948.81,5997.16,0.8796,0,31,0,0.0,43.51,43.51
1878258,9,43,115,310,52,425,261.86,2422.69,32.44,78596.47,4366.47,0.8076,14,62,60,0.0,35.32,35.32
1878289,12,55,73,317,67,390,360.99,2365.77,34.58,81812.79,4545.16,0.7886,10,36,32,0.0,41.08,41.08
1865037,12,67,99,472,79,571,449.45,3599.46,42.27,152144.29,8452.46,1.1998,17,53,45,0.0,35.2,35.2
1907125,11,34,89,159,45,248,211.03,1361.98,25.72,35030.92,1946.16,0.454,14,26,24,0.0,45.31,45.31
1870478,9,75,124,599,84,723,495.69,4621.65,35.94,166101.94,9227.89,1.5405,30,91,85,0.0,27.57,27.57
1870476,13,43,52,150,56,202,281.44,1173.09,22.67,26599.04,1477.72,0.391,5,26,23,0.0,46.97,46.97
1870553,11,55,131,350,66,481,356.03,2907.35,35.0,101757.37,5653.19,0.9691,18,48,42,0.0,36.65,36.65
1892201,10,32,60,129,42,189,193.22,1019.15,20.16,20542.2,1141.23,0.3397,7,17,13,0.0,51.15,51.15
1886644,10,53,113,353,63,466,336.8,2785.41,33.3,92759.49,5153.3,0.9285,14,74,72,0.0,33.22,33.22
1892440,11,78,83,424,89,507,528.32,3283.2,29.9,98159.17,5453.29,1.0944,15,62,56,0.0,34.26,34.26
1907321,9,52,92,352,61,444,324.95,2633.25,30.46,80212.77,4456.26,0.8777,11,38,34,0.0,40.11,40.11
1897279,11,66,130,462,77,592,436.98,3709.94,38.5,142832.6,7935.14,1.2366,15,73,66,0.0,32.34,32.34
1897459,9,63,281,861,72,1142,405.1,7046.05,61.5,433332.34,24074.02,2.3487,25,101,89,0.0,25.97,25.97
1892219,9,40,48,168,49,216,241.41,1212.78,18.9,22921.49,1273.42,0.4043,9,29,24,0.0,45.3,45.3
1921766,10,62,128,418,72,546,402.38,3368.78,33.71,113560.46,6308.91,1.1229,17,49,40,0.0,36.14,36.14
1943356,13,64,97,383,77,480,432.11,3008.06,38.9,117008.74,6500.49,1.0027,13,49,40,0.02,46.21,37.03
1928347,9,39,53,144,48,197,234.66,1100.24,16.62,18280.87,1015.6,0.3667,8,31,29,0.0,45.09,45.09
1955357,11,50,99,486,61,585,320.25,3469.48,53.46,185478.47,10304.36,1.1565,19,44,42,0.0,36.81,36.81
1955469,10,37,30,134,47,164,225.97,910.95,18.11,16495.63,916.42,0.3037,5,22,20,0.0,49.32,49.32
1915346,12,42,120,274,54,394,269.5,2267.43,39.14,88753.52,4930.75,0.7558,13,26,21,0.0,43.89,43.89
1922117,10,67,114,495,77,609,439.65,3816.47,36.94,140981.65,7832.31,1.2722,12,52,42,0.02,44.85,35.87
1943359,13,82,120,704,95,824,569.42,5413.56,55.8,302103.11,16783.51,1.8045,10,66,34,0.0,32.82,32.82
1892442,12,66,275,586,78,861,441.95,5411.73,53.27,288297.69,16016.54,1.8039,70,66,58,0.0,24.75,24.75
1950228,11,43,51,168,54,219,271.38,1260.32,21.49,27082.23,1504.57,0.4201,9,21,18,0.0,48.24,48.24
1936374,15,118,385,1480,133,1865,870.76,13158.1,94.07,1237753.64,68764.09,4.386,49,145,111,0.0,17.42,17.42
1961729,9,33,29,98,42,127,194.99,684.82,13.36,9151.74,508.43,0.2283,4,16,13,0.0,53.34,53.34
1955413,10,47,49,195,57,244,294.28,1423.23,20.74,29524.35,1640.24,0.4744,7,24,18,0.0,46.87,46.87
2009562,10,44,67,241,54,308,273.43,1772.51,27.39,48542.48,2696.8,0.5908,8,31,24,0.0,43.64,43.64
2000436,7,42,119,395,49,514,246.13,2885.96,32.92,94996.21,5277.57,0.962,19,63,60,0.0,33.96,33.96
1976310,10,63,41,179,73,220,409.79,1361.76,14.21,19345.66,1074.76,0.4539,2,27,14,0.0,46.56,46.56
1982180,6,26,17,46,32,63,137.72,315.0,5.31,1671.92,92.88,0.105,2,12,10,0.0,58.7,58.7
2024071,10,59,85,426,69,511,380.3,3121.46,36.1,112689.85,6260.55,1.0405,10,55,39,0.0,36.22,36.22
1982412,7,49,60,196,56,256,294.77,1486.68,14.0,20813.56,1156.31,0.4956,6,34,26,0.0,43.57,43.57
1967267,12,61,194,976,73,1170,404.79,7242.09,96.0,695241.09,38624.51,2.414,30,58,55,0.0,30.47,30.47
1961762,11,67,72,336,78,408,444.48,2564.44,27.58,70732.73,3929.6,0.8548,6,42,32,0.03,50.11,39.91
2023541,8,37,34,85,45,119,216.75,653.53,9.19,6005.42,333.63,0.2178,2,15,13,0.0,54.36,54.36
2056992,10,42,41,162,52,203,259.7,1157.19,19.29,22317.22,1239.85,0.3857,4,22,15,0.0,48.73,48.73
1986859,12,79,99,457,91,556,541.02,3618.33,34.71,125588.24,6977.12,1.2061,13,70,56,0.0,33.09,33.09
1993178,10,46,86,225,56,311,287.3,1806.09,24.46,44170.62,2453.92,0.602,9,41,38,0.0,40.8,40.8
2017772,15,78,127,579,93,706,548.86,4616.65,55.67,257022.89,14279.05,1.5389,29,77,67,0.0,29.29,29.29
2041987,8,67,129,714,75,843,430.43,5250.89,42.63,223829.16,12434.95,1.7503,30,76,68,0.0,28.89,28.89
2042026,11,72,91,484,83,575,482.29,3665.65,36.97,135527.14,7529.29,1.2219,11,59,43,0.0,34.93,34.93
2056916,7,42,71,496,49,567,246.13,3183.54,41.33,131586.34,7310.35,1.0612,10,52,48,0.0,36.69,36.69
2017324,14,90,131,633,104,764,637.57,5119.14,49.23,252032.13,14001.78,1.7064,17,62,46,0.0,32.64,32.64
2070000,2,21,2,45,23,47,94.24,212.61,2.14,455.59,25.31,0.0709,1,9,7,0.0,62.75,62.75
2105685,7,25,12,58,32,70,135.75,350.0,8.12,2842.0,157.89,0.1167,3,7,6,0.0,63.35,63.35
2057320,9,48,148,429,57,577,296.61,3365.58,40.22,135359.32,7519.96,1.1219,8,48,44,0.0,37.55,37.55
2062989,11,60,96,329,71,425,392.47,2613.64,30.16,78823.1,4379.06,0.8712,13,42,31,0.0,38.91,38.91
2062988,8,53,42,244,61,286,327.58,1696.19,18.42,31235.52,1735.31,0.5654,6,32,24,0.0,43.75,43.75
2069997,12,68,91,358,80,449,456.97,2838.55,31.59,89664.65,4981.37,0.9462,15,39,29,0.0,39.1,39.1
2069951,12,79,154,623,91,777,541.02,5056.56,47.32,239258.33,13292.13,1.6855,26,107,97,0.01,32.3,26.3
2062990,12,57,97,551,69,648,375.49,3958.32,58.0,229582.78,12754.6,1.3194,15,42,30,0.0,37.38,37.38
2085081,8,53,70,323,61,393,327.58,2330.78,24.38,56818.25,3156.57,0.7769,14,57,53,0.0,36.24,36.24
2051789,11,66,53,315,77,368,436.98,2306.18,26.25,60537.16,3363.18,0.7687,4,38,29,0.0,41.45,41.45
2101875,9,93,87,313,102,400,636.67,2668.97,15.15,40421.98,2245.67,0.8897,6,44,37,0.05,52.42,39.35
2084860,11,159,178,1117,170,1295,1200.8,9595.16,38.64,370741.34,20596.74,3.1984,12,125,64,0.0,24.76,24.76
2101609,8,46,60,137,54,197,278.08,1133.71,11.91,13505.97,750.33,0.3779,3,25,23,0.0,47.71,47.71
2118748,12,77,110,398,89,508,525.56,3289.67,31.01,102022.57,5667.92,1.0966,17,58,43,0.0,34.62,34.62
2092094,12,97,211,842,109,1053,683.21,7126.9,52.08,371186.49,20621.47,2.3756,27,123,108,0.0,23.8,23.8
2113930,10,44,49,152,54,201,273.43,1156.73,17.27,19979.92,1110.0,0.3856,2,23,19,0.0,48.58,48.58
2113921,4,31,29,88,35,117,161.58,600.13,5.68,3407.17,189.29,0.2,4,13,11,0.0,55.71,55.71
2041964,8,63,82,308,71,390,400.57,2398.4,19.56,46902.07,2605.67,0.7995,6,43,39,0.05,52.67,39.89
2113941,11,63,100,426,74,526,414.62,3266.17,37.19,121470.51,6748.36,1.0887,9,58,38,0.0,35.72,35.72
2069813,11,70,116,511,81,627,467.1,3975.09,40.15,159599.7,8866.65,1.325,20,64,53,0.0,32.71,32.71
2118750,10,43,61,258,53,319,266.55,1827.21,30.0,54816.2,3045.34,0.6091,5,22,17,0.0,47.2,47.2
2118728,11,62,97,352,73,449,407.21,2779.23,31.23,86783.74,4821.32,0.9264,9,52,35,0.0,37.24,37.24
2118727,11,69,191,550,80,741,459.54,4684.55,43.84,205373.33,11409.63,1.5615,11,68,55,0.0,32.84,32.84
2101710,10,36,43,128,46,171,219.34,944.53,17.78,16791.63,932.87,0.3148,5,21,18,0.0,49.65,49.65
2118831,9,48,63,139,57,202,296.61,1178.24,13.03,15353.99,853.0,0.3927,2,29,21,0.0,46.33,46.33
2147515,10,48,70,285,58,355,301.3,2079.58,29.69,61737.63,3429.87,0.6932,11,43,36,0.0,39.66,39.66
2141443,10,65,122,466,75,588,424.67,3662.55,35.85,131288.17,7293.79,1.2208,21,52,36,0.0,34.79,34.79
2078147,8,54,82,309,62,391,334.76,2328.09,22.89,53287.41,2960.41,0.776,9,41,34,0.0,40.03,40.03
2147426,9,40,126,350,49,476,241.41,2672.6,39.38,105233.7,5846.32,0.8909,18,60,56,0.0,34.79,34.79
2173667,6,39,44,184,45,228,221.64,1252.14,14.15,17722.63,984.59,0.4174,6,30,27,0.0,45.28,45.28
2062728,11,98,314,1408,109,1722,686.3,11654.81,79.02,920968.11,51164.9,3.8849,43,176,136,0.0,16.76,16.76
2113929,10,62,123,541,72,664,402.38,4096.83,43.63,178740.74,9930.04,1.3656,21,88,76,0.0,29.46,29.46
2123964,8,42,70,289,50,359,250.48,2026.14,27.52,55767.21,3098.18,0.6754,9,30,26,0.0,43.41,43.41
2190228,7,50,128,658,57,786,301.84,4584.65,46.06,211169.05,11731.61,1.5282,19,48,42,0.0,35.13,35.13
2183945,4,28,19,54,32,73,142.61,365.0,3.86,1407.86,78.21,0.1217,1,11,8,0.0,59.21,59.21
2167919,9,38,34,113,47,147,227.95,816.52,13.38,10926.39,607.02,0.2722,6,18,16,0.0,51.42,51.42
2161912,10,55,74,280,65,354,351.19,2131.92,25.45,54267.01,3014.83,0.7106,11,36,34,0.0,41.26,41.26
2173681,6,562,28,1192,568,1220,5149.06,11162.69,6.36,71028.09,3946.0,3.7209,3,34,13,0.0,37.85,37.85
2142265,14,74,220,1118,88,1338,512.8,8642.72,105.76,914025.98,50779.22,2.8809,42,81,72,0.0,25.15,25.15
2113900,10,40,56,141,50,197,246.1,1111.84,17.62,19596.17,1088.68,0.3706,7,28,26,0.0,46.16,46.16
2147430,9,46,257,787,55,1044,282.61,6035.74,76.99,464686.34,25815.91,2.0119,61,148,146,0.0,17.98,17.98
2168861,14,69,76,317,83,393,474.79,2505.39,32.16,80571.91,4476.22,0.8351,12,44,36,0.03,48.39,38.74
2141509,11,46,95,424,57,519,292.14,3027.27,50.7,153469.42,8526.08,1.0091,21,55,50,0.0,34.84,34.84
2225793,9,46,85,189,55,274,282.61,1584.09,18.49,29288.49,1627.14,0.528,5,28,25,0.0,45.35,45.35
2197667,8,39,47,215,47,262,230.13,1455.3,22.05,32091.28,1782.85,0.4851,7,29,26,0.0,45.01,45.01
2190225,11,58,102,385,69,487,377.82,2974.85,36.51,108607.72,6033.76,0.9916,16,53,46,0.0,35.91,35.91
2237902,6,41,33,118,47,151,235.17,838.74,8.63,7241.83,402.32,0.2796,5,20,16,0.0,50.48,50.48
2190216,10,39,34,97,49,131,239.35,735.53,12.44,9146.94,508.16,0.2452,6,20,18,0.0,50.74,50.74
2216572,8,42,73,204,50,277,250.48,1563.35,19.43,30373.62,1687.42,0.5211,11,32,29,0.0,43.32,43.32
2205126,9,65,59,186,74,245,419.98,1521.32,12.88,19589.87,1088.33,0.5071,4,37,23,0.0,42.97,42.97
2154394,12,86,124,512,98,636,595.68,4206.96,35.72,150276.36,8348.69,1.4023,19,52,36,0.0,34.64,34.64
2246105,8,38,39,116,46,155,223.42,856.15,12.21,10454.07,580.78,0.2854,5,15,12,0.0,53.14,53.14
2198099,11,73,89,388,84,477,489.91,3049.14,29.23,89135.0,4951.94,1.0164,12,56,47,0.0,35.85,35.85
2190262,12,103,203,862,115,1065,731.73,7290.45,50.21,366079.53,20337.75,2.4301,16,97,80,0.0,27.46,27.46
2270468,9,58,84,380,67,464,368.29,2814.67,29.48,82984.1,4610.23,0.9382,10,49,39,0.0,37.63,37.63
2210538,10,43,60,175,53,235,266.55,1346.06,20.35,27390.78,1521.71,0.4487,7,25,20,0.0,46.65,46.65
2226051,10,45,65,196,55,261,280.35,1508.93,21.78,32861.25,1825.62,0.503,7,21,16,0.0,47.96,47.96
2229115,10,54,53,300,64,353,343.98,2118.0,27.78,58833.33,3268.52,0.706,10,55,48,0.0,37.4,37.4
2237734,13,74,96,509,87,605,507.61,3897.98,44.71,174276.62,9682.03,1.2993,11,53,37,0.0,35.76,35.76
2216575,9,54,57,296,63,353,339.29,2109.98,24.67,52046.17,2891.45,0.7033,11,37,33,0.0,41.04,41.04
2246564,13,69,76,435,82,511,469.59,3248.71,40.98,133126.45,7395.91,1.0829,9,48,35,0.0,37.53,37.53
2257080,14,65,159,729,79,888,444.76,5597.76,78.51,439467.01,24414.83,1.8659,26,59,45,0.0,31.63,31.63
2226404,10,61,78,371,71,449,394.99,2761.24,30.41,83968.75,4664.93,0.9204,5,44,34,0.03,49.3,39.38
2261465,7,29,29,74,36,103,160.53,532.5,8.93,4755.8,264.21,0.1775,2,11,9,0.0,57.92,57.92
2270439,8,67,52,272,75,324,430.43,2018.14,16.24,32772.14,1820.67,0.6727,7,34,22,0.0,42.51,42.51
2256913,11,87,141,686,98,827,598.59,5470.37,43.37,237237.79,13179.88,1.8235,23,78,71,0.0,29.46,29.46
2277845,10,54,67,249,64,316,343.98,1896.0,23.06,43713.33,2428.52,0.632,8,35,27,0.0,42.29,42.29
2303893,12,60,61,355,72,416,397.43,2566.69,35.5,91117.45,5062.08,0.8556,15,60,48,0.0,35.32,35.32
2283793,7,29,24,73,36,97,160.53,501.48,8.81,4418.24,245.46,0.1672,3,15,11,0.0,55.03,55.03
2284699,11,60,102,388,71,490,392.47,3013.38,35.57,107175.74,5954.21,1.0045,16,57,52,0.0,35.18,35.18
2270515,8,46,40,140,54,180,278.08,1035.88,12.17,12610.71,700.6,0.3453,4,21,16,0.0,49.51,49.51
2290514,8,32,64,135,40,199,184.0,1059.06,16.88,17871.7,992.87,0.353,10,38,36,0.0,43.01,43.01
2237754,14,108,234,1096,122,1330,782.83,9217.88,71.04,654810.93,36378.38,3.0726,28,120,96,0.0,23.12,23.12
2277852,11,89,110,499,100,609,614.39,4046.11,30.84,124770.16,6931.68,1.3487,29,83,66,0.0,28.98,28.98
2320019,10,54,59,253,64,312,343.98,1872.0,23.43,43853.33,2436.3,0.624,7,35,28,0.0,42.46,42.46
2334112,11,32,43,116,43,159,198.05,862.78,19.94,17201.6,955.64,0.2876,8,17,16,0.0,51.53,51.53
2334011,10,49,63,229,59,292,308.34,1717.73,23.37,40138.83,2229.94,0.5726,10,45,37,0.0,39.94,39.94
2299647,11,72,124,446,83,570,482.29,3633.77,34.07,123800.61,6877.81,1.2113,21,61,50,0.0,33.3,33.3
2314092,10,85,71,466,95,537,578.02,3528.01,27.41,96709.05,5372.72,1.176,8,59,34,0.0,35.45,35.45
2299648,12,71,138,657,83,795,479.65,5068.16,55.52,281389.75,15632.76,1.6894,23,109,91,0.0,26.52,26.52
2303897,8,63,97,727,71,824,400.57,5067.39,46.16,233904.36,12994.69,1.6891,21,60,52,0.0,32.45,32.45
2320981,11,65,206,799,76,1005,429.51,6279.17,67.61,424520.0,23584.44,2.0931,29,63,55,0.0,30.26,30.26
2334824,11,73,165,664,84,829,489.91,5299.23,50.03,265106.74,14728.15,1.7664,13,67,43,0.0,32.34,32.34
2345079,8,38,69,172,46,241,223.42,1331.18,18.11,24101.34,1338.96,0.4437,14,36,32,0.0,42.29,42.29
2303878,13,68,114,505,81,619,462.05,3924.37,48.27,189437.28,10524.29,1.3081,10,54,36,0.0,35.7,35.7
2314122,11,44,52,150,55,202,278.27,1167.83,18.75,21896.9,1216.49,0.3893,7,30,28,0.0,45.36,45.36
2320009,7,54,61,321,61,382,330.42,2265.54,20.81,47135.85,2618.66,0.7552,13,31,26,0.0,42.23,42.23
2370962,6,44,30,191,50,221,255.72,1247.29,13.02,16243.15,902.4,0.4158,8,36,33,0.0,43.3,43.3
2323764,8,31,38,82,39,120,177.58,634.25,10.58,6710.76,372.82,0.2114,4,18,15,0.0,52.46,52.46
2354771,10,58,82,469,68,551,372.98,3354.19,40.43,135613.45,7534.08,1.1181,19,29,24,0.0,40.86,40.86
2399760,9,46,53,229,55,282,282.61,1630.34,22.4,36523.24,2029.07,0.5434,9,33,27,0.0,43.17,43.17
2254561,11,114,459,1500,125,1959,817.0,13645.97,72.37,987537.4,54863.19,4.5487,42,159,142,0.0,17.38,17.38
2341320,12,82,105,454,94,559,564.34,3664.02,33.22,121716.8,6762.04,1.2213,13,59,45,0.02,43.36,34.67
2374178,11,44,85,281,55,366,278.27,2115.98,35.12,74323.72,4129.1,0.7053,12,32,28,0.0,42.27,42.27
2341332,12,86,212,923,98,1135,595.68,7507.7,64.4,483460.68,26858.93,2.5026,28,114,103,0.0,24.23,24.23
2370892,13,69,114,463,82,577,469.59,3668.31,43.62,159996.69,8888.7,1.2228,16,60,51,0.0,34.1,34.1
2399823,10,33,40,133,43,173,199.68,938.74,20.15,18917.11,1050.95,0.3129,5,17,13,0.0,51.67,51.67
2314309,11,68,100,514,79,614,452.0,3870.52,41.57,160911.23,8939.51,1.2902,19,82,63,0.0,30.57,30.57
2381450,11,79,75,382,90,457,536.05,2966.78,26.59,78901.24,4383.4,0.9889,10,41,25,0.0,39.16,39.16
2364239,10,50,96,250,60,346,315.41,2043.78,25.0,51094.6,2838.59,0.6813,5,31,28,0.0,43.62,43.62
2435071,6,32,34,132,38,166,175.51,871.16,12.38,10780.56,598.92,0.2904,6,20,16,0.0,50.23,50.23
2370842,7,44,44,147,51,191,259.87,1083.43,11.69,12668.78,703.82,0.3611,5,27,23,0.0,46.85,46.85
2409416,8,38,51,142,46,193,223.42,1066.05,14.95,15934.6,885.26,0.3553,5,21,17,0.0,49.28,49.28
2393500,13,97,40,304,110,344,688.3,2332.79,20.37,47521.53,2640.09,0.7776,5,32,10,0.17,64.6,42.91
2434978,7,29,29,84,36,113,160.53,584.2,10.14,5922.59,329.03,0.1947,3,18,15,0.0,52.84,52.84
2415153,8,35,43,121,43,164,203.52,889.91,13.83,12306.15,683.67,0.2966,5,25,22,0.0,48.18,48.18
2415078,13,40,51,139,53,190,260.98,1088.3,22.59,24582.09,1365.67,0.3628,8,25,23,0.0,47.17,47.17
2423666,9,44,49,167,53,216,268.74,1237.23,17.08,21131.34,1173.96,0.4124,6,30,23,0.0,45.32,45.32
2381504,14,172,349,1734,186,2083,1330.62,15704.07,70.57,1108232.41,61568.47,5.2347,50,190,125,0.0,14.19,14.19
2435157,9,55,48,162,64,210,346.5,1260.0,13.25,16700.73,927.82,0.42,5,26,22,0.0,46.75,46.75
2423701,12,59,130,347,71,477,390.1,2933.43,35.29,103515.25,5750.85,0.9778,17,67,58,0.0,33.6,33.6
2399737,12,114,204,933,126,1137,821.97,7933.17,49.11,389560.27,21642.24,2.6444,22,110,79,0.0,25.21,25.21
2443395,11,67,44,315,78,359,444.48,2256.46,25.86,58348.0,3241.56,0.7522,3,28,12,0.0,44.55,44.55
2451638,12,56,116,534,68,650,368.23,3956.85,57.21,226388.39,12577.13,1.319,18,75,68,0.0,31.49,31.49
2443192,15,60,100,282,75,382,413.02,2379.41,35.25,83874.16,4659.68,0.7931,12,42,39,0.0,39.33,39.33
2497622,8,43,54,163,51,217,257.33,1230.92,15.16,18664.13,1036.9,0.4103,10,31,27,0.0,44.48,44.48
2494008,9,50,61,330,59,391,310.72,2300.11,29.7,68313.37,3795.19,0.7667,11,34,27,0.0,41.57,41.57
2429828,10,64,98,489,74,587,417.22,3644.95,38.2,139248.45,7736.02,1.215,16,61,52,0.0,33.96,33.96
2527570,9,38,40,138,47,178,227.95,988.72,16.34,16157.71,897.65,0.3296,5,24,20,0.0,48.25,48.25
2527688,7,25,29,72,32,101,135.75,505.0,10.08,5090.4,282.8,0.1683,1,12,10,0.0,57.4,57.4
2483816,8,46,52,186,54,238,278.08,1369.66,16.17,22152.81,1230.71,0.4566,6,32,29,0.0,44.4,44.4
2521958,8,59,103,416,67,519,371.08,3148.3,28.2,88792.74,4932.93,1.0494,22,45,36,0.0,36.48,36.48
2503457,9,52,109,432,61,541,324.95,3208.53,37.38,119949.62,6663.87,1.0695,29,65,61,0.0,32.0,32.0
2503460,9,57,85,277,66,362,361.0,2188.07,21.87,47849.65,2658.31,0.7294,10,52,42,0.0,37.83,37.83
2555387,10,37,39,143,47,182,225.97,1010.94,19.32,19535.64,1085.31,0.337,7,25,23,0.0,47.52,47.52
2464403,14,56,114,351,70,465,378.51,2850.12,43.88,125048.87,6947.16,0.95,16,50,42,0.0,36.6,36.6
2549218,11,88,188,647,99,835,606.48,5535.51,40.44,223842.3,12435.68,1.8452,17,84,70,0.0,29.53,29.53
2564673,11,72,146,645,83,791,482.29,5042.66,49.27,248455.87,13803.1,1.6809,23,81,69,0.0,29.35,29.35
2483850,10,89,180,695,99,875,609.56,5800.69,39.04,226487.5,12582.64,1.9336,22,103,91,0.01,32.97,26.78
2539297,8,35,34,105,43,139,203.52,754.25,12.0,9051.01,502.83,0.2514,5,18,16,0.0,51.8,51.8
2479647,13,91,145,566,104,711,640.32,4764.01,40.43,192602.23,10700.12,1.588,21,64,58,0.0,32.02,32.02
2471038,15,99,514,1446,114,1960,714.91,13392.46,109.55,1467083.6,81504.64,4.4642,48,203,187,0.0,14.31,14.31
2555386,8,56,77,336,64,413,349.21,2478.0,24.0,59472.0,3304.0,0.826,10,44,39,0.0,39.04,39.04
2576102,10,57,96,331,67,427,365.69,2590.22,29.04,75207.27,4178.18,0.8634,15,58,53,0.0,35.61,35.61
2580828,5,26,14,45,31,59,133.82,292.3,4.33,1264.75,70.26,0.0974,3,12,10,0.0,58.79,58.79
2539381,11,55,70,243,66,313,356.03,1891.9,24.3,45973.06,2554.06,0.6306,10,46,44,0.0,39.44,39.44
2533930,9,39,34,164,48,198,234.66,1105.82,18.92,20925.57,1162.53,0.3686,3,19,15,0.0,50.39,50.39
2497937,11,68,99,704,79,803,452.0,5061.94,56.94,288232.59,16012.92,1.6873,21,82,69,0.0,29.49,29.49
2581045,8,45,57,180,53,237,271.13,1357.52,16.0,21720.27,1206.68,0.4525,5,31,27,0.0,44.86,44.86
2539526,11,74,256,845,85,1101,497.55,7056.74,62.8,443191.84,24621.77,2.3522,17,71,62,0.0,30.38,30.38
2588700,7,34,39,134,41,173,192.63,926.86,13.79,12785.17,710.29,0.309,5,26,23,0.0,47.69,47.69
2564672,10,51,91,393,61,484,322.51,2870.48,38.53,110597.79,6144.32,0.9568,11,41,35,0.0,39.13,39.13
2588841,7,32,35,125,39,160,179.65,845.66,13.67,11561.82,642.32,0.2819,6,16,12,0.0,52.43,52.43
2576542,12,60,96,324,72,420,397.43,2591.37,32.4,83960.34,4664.46,0.8638,10,33,23,0.0,41.63,41.63
2570610,12,88,169,815,100,984,611.45,6537.55,55.57,363280.02,20182.22,2.1792,34,118,101,0.0,23.52,23.52
2614942,9,41,70,194,50,264,248.19,1489.98,21.29,31725.63,1762.53,0.4967,7,34,30,0.0,43.43,43.43
2608137,9,34,214,429,43,643,201.5,3489.09,56.78,198108.38,11006.02,1.163,26,78,76,0.0,30.42,30.42
2628334,9,44,48,152,53,200,268.74,1145.58,15.55,17808.63,989.37,0.3819,6,29,25,0.0,45.87,45.87
2576133,9,47,81,222,56,303,289.6,1759.63,21.26,37401.47,2077.86,0.5865,10,39,37,0.0,41.22,41.22
2570866,8,41,61,212,49,273,243.66,1532.82,20.68,31703.12,1761.28,0.5109,5,26,21,0.0,46.16,46.16
2628371,9,48,109,392,57,501,296.61,2922.28,36.75,107393.71,5966.32,0.9741,14,47,41,0.0,37.37,37.37
2588845,11,67,174,706,78,880,444.48,5531.15,57.96,320559.27,17808.85,1.8437,33,69,62,0.0,29.24,29.24
2570893,9,35,35,126,44,161,208.05,878.97,16.2,14239.29,791.07,0.293,5,22,20,0.0,49.43,49.43
2615403,8,46,60,240,54,300,278.08,1726.47,20.87,36030.6,2001.7,0.5755,6,23,15,0.0,46.82,46.82
2642711,12,42,219,722,54,941,269.5,5415.35,103.14,558554.58,31030.81,1.8051,41,75,72,0.0,27.44,27.44
2628370,7,51,88,240,58,328,308.95,1921.42,16.47,31646.88,1758.16,0.6405,8,38,34,0.0,41.47,41.47
2570769,12,100,156,702,112,858,707.41,5840.71,42.12,246010.73,13667.26,1.9469,19,73,61,0.0,30.43,30.43
2642709,12,106,201,1109,118,1310,756.18,9016.26,62.77,565983.11,31443.51,3.0054,12,134,102,0.0,24.29,24.29
2656468,7,48,54,195,55,249,287.73,1439.56,14.22,20468.72,1137.15,0.4799,7,40,35,0.0,42.0,42.0
2656448,10,38,101,260,48,361,232.64,2016.17,34.21,68974.29,3831.9,0.6721,7,41,37,0.0,40.74,40.74
2622259,12,55,144,554,67,698,360.99,4234.13,60.44,255895.44,14216.41,1.4114,34,104,98,0.0,26.03,26.03
2622471,9,45,146,486,54,632,275.66,3637.09,48.6,176762.52,9820.14,1.2124,25,61,58,0.0,32.76,32.76
2642623,11,57,88,237,68,325,370.53,1978.43,22.87,45243.47,2513.53,0.6595,7,38,33,0.0,41.52,41.52
2642040,14,118,284,966,132,1250,865.45,8805.49,57.31,504599.5,28033.31,2.9352,37,123,102,0.0,21.81,21.81
2690081,6,31,39,109,37,148,169.09,771.0,10.55,8132.8,451.82,0.257,5,29,26,0.0,47.21,47.21
2602677,11,82,178,833,93,1011,559.37,6611.09,55.87,369374.47,20520.8,2.2037,30,72,66,0.0,28.7,28.7
2678447,8,48,55,200,56,255,292.08,1480.88,16.67,24681.26,1371.18,0.4936,7,34,24,0.0,43.45,43.45
2650229,8,42,23,81,50,104,250.48,586.96,7.71,4527.99,251.55,0.1957,2,17,8,0.0,53.5,53.5
2665889,9,34,35,123,43,158,201.5,857.35,16.28,13957.15,775.4,0.2858,2,16,14,0.0,52.93,52.93
2690350,9,64,133,534,73,667,412.53,4128.61,37.55,155016.52,8612.03,1.3762,21,54,43,0.0,34.07,34.07
2650230,11,39,41,97,50,138,244.18,778.85,13.68,10654.3,591.91,0.2596,6,16,14,0.0,52.68,52.68
2656659,9,42,72,321,51,393,255.01,2229.26,34.39,76670.73,4259.48,0.7431,15,42,35,0.0,39.13,39.13
2760324,7,42,54,146,49,200,246.13,1122.94,12.17,13662.46,759.03,0.3743,7,35,23,0.0,44.02,44.02
2661304,12,171,242,985,183,1227,1311.47,9221.76,34.56,318717.1,17706.51,3.0739,19,120,57,0.0,24.33,24.33
2739197,10,57,110,743,67,853,365.69,5174.37,65.18,337242.1,18735.67,1.7248,14,53,49,0.0,34.5,34.5
2784762,9,39,46,193,48,239,234.66,1334.81,22.27,29725.1,1651.39,0.4449,10,17,14,0.0,49.93,49.93
2744957,10,78,126,410,88,536,523.48,3462.26,26.28,90995.17,5055.29,1.1541,22,53,45,0.0,34.65,34.65
2669419,10,51,58,180,61,238,322.51,1411.52,17.65,24909.1,1383.84,0.4705,6,34,32,0.0,43.73,43.73
2669608,10,50,100,345,60,445,315.41,2628.57,34.5,90685.54,5038.09,0.8762,22,46,42,0.0,36.82,36.82
2669465,12,85,177,932,97,1109,587.82,7319.3,65.79,481524.05,26751.34,2.4398,37,121,109,0.0,22.53,22.53
2780125,10,59,127,440,69,567,380.3,3463.53,37.29,129148.7,7174.93,1.1545,21,46,40,0.05,48.75,36.12
2770485,10,79,112,494,89,606,531.22,3924.29,31.27,122696.3,6816.46,1.3081,8,53,46,0.0,36.15,36.15
2699654,11,80,158,592,91,750,543.81,4880.85,40.7,198650.43,11036.14,1.6269,22,66,60,0.0,31.52,31.52
2717429,10,62,77,254,72,331,402.38,2042.25,20.48,41833.09,2324.06,0.6807,4,37,35,0.0,42.08,42.08
2784763,8,46,84,392,54,476,278.08,2739.33,34.09,93375.3,5187.52,0.9131,8,35,27,0.0,41.17,41.17
2684903,10,38,80,151,48,231,232.64,1290.13,19.87,25632.77,1424.04,0.43,12,22,19,0.0,47.32,47.32
2790979,9,57,125,443,66,568,361.0,3433.22,34.97,120072.21,6670.68,1.1444,13,64,55,0.0,34.09,34.09
2784765,9,76,127,467,85,594,503.37,3807.18,27.65,105273.49,5848.53,1.2691,17,63,39,0.0,33.39,33.39
2828485,9,64,126,393,73,519,412.53,3212.52,27.63,88770.93,4931.72,1.0708,13,55,40,0.0,35.73,35.73
2872163,11,57,142,489,68,631,370.53,3841.19,47.18,181243.47,10069.08,1.2804,23,40,36,0.0,36.86,36.86
2723689,11,83,132,575,94,707,567.18,4634.09,38.1,176570.16,9809.45,1.5447,23,70,60,0.0,30.99,30.99
2835869,8,39,71,175,47,246,230.13,1366.43,17.95,24525.65,1362.54,0.4555,12,32,28,0.0,43.6,43.6
2760353,11,47,50,204,58,254,299.12,1487.93,23.87,35520.3,1973.35,0.496,10,33,30,0.0,43.32,43.32
2780060,9,71,115,464,80,579,465.16,3660.4,29.41,107646.59,5980.37,1.2201,17,71,67,0.0,32.38,32.38
2880418,9,73,91,557,82,648,480.39,4119.69,34.34,141452.22,7858.46,1.3732,12,72,59,0.0,32.56,32.56
2856518,9,65,117,472,74,589,419.98,3657.37,32.68,119511.53,6639.53,1.2191,13,52,41,0.0,35.87,35.87
2806609,9,49,59,177,58,236,303.65,1382.48,16.26,22472.41,1248.47,0.4608,4,29,25,0.0,45.57,45.57
2770394,9,55,64,220,64,284,346.5,1704.0,18.0,30672.0,1704.0,0.568,11,31,29,0.0,43.36,43.36
2893637,12,41,107,259,53,366,262.68,2096.42,37.9,79459.39,4414.41,0.6988,20,30,27,0.0,41.83,41.83
2835819,7,27,18,50,34,68,148.03,345.95,6.48,2242.25,124.57,0.1153,1,10,8,0.0,60.27,60.27
2907277,8,62,70,380,70,450,393.16,2758.18,24.52,67619.83,3756.66,0.9194,6,32,25,0.0,42.27,42.27
2880510,12,66,133,510,78,643,441.95,4041.51,46.36,187379.27,10409.96,1.3472,18,68,57,0.0,32.35,32.35
2900234,9,64,119,446,73,565,412.53,3497.25,31.36,109671.6,6092.87,1.1658,14,66,57,0.0,33.61,33.61
2893738,9,51,69,312,60,381,317.82,2250.53,27.53,61955.64,3441.98,0.7502,10,43,36,0.0,39.55,39.55
2864510,8,36,28,89,44,117,210.12,638.75,9.89,6316.56,350.92,0.2129,3,17,15,0.0,53.11,53.11
2901098,12,84,221,752,96,973,579.97,6407.17,53.71,344156.48,19119.8,2.1357,16,69,53,0.0,31.08,31.08
2914372,9,72,205,608,81,813,472.76,5154.3,38.0,195863.33,10881.3,1.7181,25,68,53,0.0,30.67,30.67
2926232,8,48,20,186,56,206,292.08,1196.32,15.5,18542.88,1030.16,0.3988,3,13,8,0.0,53.75,53.75
2850481,10,71,118,490,81,608,469.85,3854.63,34.51,133011.84,7389.55,1.2849,11,60,50,0.0,34.62,34.62
2926231,11,78,89,636,89,725,528.32,4694.91,44.85,210548.51,11697.14,1.565,21,46,39,0.0,35.2,35.2
2871869,11,105,211,817,116,1028,743.05,7050.0,42.8,301706.62,16761.48,2.35,23,121,110,0.0,24.53,24.53
2934251,13,83,195,767,96,962,577.23,6334.73,60.07,380503.81,21139.1,2.1116,30,72,65,0.0,28.83,28.83
2952145,7,33,25,87,40,112,186.12,596.06,9.23,5499.97,305.55,0.1987,3,15,13,0.0,54.51,54.51
2893796,10,59,85,286,69,371,380.3,2266.26,24.24,54928.06,3051.56,0.7554,14,49,40,0.0,37.75,37.75
2828649,12,53,83,319,65,402,346.6,2420.99,36.11,87429.78,4857.21,0.807,18,47,38,0.0,37.41,37.41
2920191,8,52,39,199,60,238,320.42,1405.84,15.31,21520.17,1195.56,0.4686,6,35,30,0.0,43.47,43.47
2920166,11,88,149,735,99,884,606.48,5860.35,45.94,269209.89,14956.1,1.9535,28,108,90,0.0,25.49,25.49
2880632,9,81,154,797,90,951,542.06,6173.75,44.28,273360.03,15186.67,2.0579,13,61,53,0.0,32.76,32.76
2933876,8,37,38,108,45,146,216.75,801.81,11.68,9361.68,520.09,0.2673,4,23,20,0.0,49.42,49.42
2914769,11,135,315,1206,146,1521,993.42,10935.72,49.13,537308.53,29850.47,3.6452,43,138,114,0.0,19.26,19.26
2934138,11,112,173,682,123,855,800.48,5935.85,33.49,198797.97,11044.33,1.9786,17,78,42,0.0,30.02,30.02
2947537,10,64,109,428,74,537,417.22,3334.48,33.44,111496.56,6194.25,1.1115,17,41,24,0.0,37.86,37.86
2907033,12,63,90,310,75,400,419.59,2491.53,29.52,73559.38,4086.63,0.8305,12,56,50,0.0,36.47,36.47
2907037,12,54,76,265,66,341,353.78,2061.14,29.44,60689.07,3371.62,0.687,15,45,39,0.0,38.71,38.71
2947536,10,62,123,341,72,464,402.38,2862.85,27.5,78728.24,4373.79,0.9543,10,42,37,0.0,39.04,39.04
2947531,9,65,68,200,74,268,419.98,1664.13,13.85,23041.85,1280.1,0.5547,5,43,20,0.0,41.14,41.14
2920382,8,79,169,1208,87,1377,522.0,8871.93,61.16,542647.86,30147.1,2.9573,35,152,146,0.0,20.05,20.05
2920169,10,63,108,511,73,619,409.79,3831.5,40.56,155388.67,8632.7,1.2772,14,52,48,0.0,35.59,35.59
2977957,10,37,38,141,47,179,225.97,994.27,19.05,18944.9,1052.49,0.3314,6,21,18,0.0,49.36,49.36
2977013,7,31,40,119,38,159,173.23,834.42,13.44,11210.84,622.82,0.2781,6,27,24,0.0,47.51,47.51
2941519,11,55,122,354,66,476,356.03,2877.13,35.4,101850.46,5658.36,0.959,16,57,55,0.0,35.33,35.33
2933961,11,51,90,281,62,371,327.35,2209.01,30.3,66941.57,3718.98,0.7363,11,36,29,0.0,41.16,41.16
2982601,9,68,89,314,77,403,442.48,2525.51,20.78,52478.72,2915.48,0.8418,10,42,28,0.0,39.42,39.42
2969501,10,58,100,442,68,542,372.98,3299.4,38.1,125718.7,6984.37,1.0998,9,59,49,0.0,35.52,35.52
2961200,8,34,36,109,42,145,196.97,781.89,12.82,10026.54,557.03,0.2606,4,21,19,0.0,50.36,50.36
2953605,10,65,124,474,75,598,424.67,3724.83,36.46,135813.16,7545.18,1.2416,21,72,65,0.0,31.65,31.65
2982333,10,36,58,155,46,213,219.34,1176.52,21.53,25327.83,1407.1,0.3922,10,32,30,0.0,44.32,44.32
2982367,9,50,48,209,59,257,310.72,1511.84,18.81,28437.7,1579.87,0.5039,9,20,13,0.0,48.15,48.15
2969477,8,52,50,185,60,235,320.42,1388.12,14.23,19754.01,1097.44,0.4627,5,29,26,0.0,45.42,45.42
3008761,13,54,97,312,67,409,358.87,2481.03,37.56,93176.48,5176.47,0.827,14,40,31,0.0,39.4,39.4
3011897,8,46,92,500,54,592,278.08,3406.89,43.48,148125.8,8229.21,1.1356,15,58,54,0.0,34.78,34.78
3008868,9,60,120,377,69,497,382.94,3035.94,28.27,85841.11,4768.95,1.012,18,42,31,0.0,37.79,37.79
3008756,11,116,127,476,127,603,833.58,4214.18,22.57,95109.61,5283.87,1.4047,9,69,32,0.06,47.22,33.3
2997772,12,64,146,545,76,691,427.02,4317.32,51.09,220587.96,12254.89,1.4391,25,51,45,0.0,33.93,33.93
2990424,10,32,67,145,42,212,193.22,1143.17,22.66,25899.97,1438.89,0.3811,9,27,25,0.0,46.15,46.15
3029890,9,39,30,153,48,183,234.66,1022.05,17.65,18043.08,1002.39,0.3407,5,22,20,0.0,48.97,48.97
2969810,11,86,207,861,97,1068,590.71,7048.71,55.06,388129.67,21562.76,2.3496,24,92,82,0.0,26.99,26.99
2991214,12,65,85,368,77,453,434.47,2838.85,33.97,96433.7,5357.43,0.9463,14,51,41,0.0,36.69,36.69
3017523,8,35,38,130,43,168,203.52,911.61,14.86,13543.96,752.44,0.3039,7,31,28,0.0,45.8,45.8
3011979,11,41,59,251,52,310,257.71,1767.14,33.67,59500.77,3305.6,0.589,5,23,15,0.0,46.89,46.89
2997335,10,71,130,556,81,686,469.85,4349.14,39.15,170290.16,9460.56,1.4497,18,67,57,0.0,32.27,32.27
3001563,9,60,101,399,69,500,382.94,3054.26,29.93,91398.8,5077.71,1.0181,19,62,58,0.0,33.94,33.94
3023611,10,26,32,67,36,99,155.43,511.82,12.88,6594.64,366.37,0.1706,5,14,11,0.0,55.36,55.36
3011956,6,54,69,317,60,386,326.27,2280.06,17.61,40154.39,2230.8,0.76,11,43,34,0.0,39.38,39.38
3011955,10,64,66,265,74,331,417.22,2055.33,20.7,42551.73,2363.99,0.6851,7,25,18,0.0,45.37,45.37
3008869,11,73,162,774,84,936,489.91,5983.21,58.32,348911.25,19383.96,1.9944,31,86,69,0.0,27.19,27.19
3061858,8,50,113,377,58,490,306.19,2870.41,30.16,86571.59,4809.53,0.9568,14,62,57,0.0,34.81,34.81
3018345,9,82,53,543,91,596,549.85,3878.65,29.8,115578.91,6421.05,1.2929,5,60,17,0.0,35.41,35.41
3036146,9,47,84,246,56,330,289.6,1916.43,23.55,45137.98,2507.67,0.6388,13,47,45,0.0,38.79,38.79
3023717,11,109,147,739,120,886,775.79,6119.51,37.29,228190.17,12677.23,2.0398,21,110,79,0.0,26.13,26.13
3024103,13,140,440,1606,153,2046,1046.21,14848.62,74.56,1107176.41,61509.8,4.9495,49,212,170,0.0,13.45,13.45
3029898,9,33,23,70,42,93,194.99,501.49,9.55,4786.91,265.94,0.1672,2,14,12,0.0,55.82,55.82
3083806,8,39,37,160,47,197,230.13,1094.25,16.41,17956.99,997.61,0.3648,7,25,21,0.0,47.28,47.28
3072537,10,68,143,479,78,622,447.17,3909.52,35.22,137695.6,7649.76,1.3032,18,55,49,0.0,34.46,34.46
3068192,11,93,102,457,104,559,646.2,3745.55,27.03,101230.42,5623.91,1.2485,13,65,46,0.0,33.68,33.68
3075017,10,62,123,439,72,562,402.38,3467.5,35.4,122760.61,6820.03,1.1558,14,63,49,0.0,34.08,34.08
3036123,10,74,119,419,84,538,492.72,3439.07,28.31,97362.77,5409.04,1.1464,16,66,55,0.0,33.39,33.39
3090086,5,29,25,70,34,95,152.49,483.31,6.03,2916.52,162.03,0.1611,3,15,13,0.0,55.15,55.15
3036443,11,55,85,278,66,363,356.03,2194.12,27.8,60996.4,3388.69,0.7314,8,41,35,0.0,40.35,40.35
3084199,8,40,49,194,48,243,236.88,1357.15,19.4,26328.63,1462.7,0.4524,11,38,34,0.0,42.12,42.12
3068178,9,57,65,220,66,285,361.0,1722.65,17.37,29919.75,1662.21,0.5742,6,43,37,0.0,40.9,40.9
3090115,9,49,64,209,58,273,303.65,1599.23,19.19,30695.4,1705.3,0.5331,10,35,30,0.0,42.54,42.54
3096642,10,87,200,823,97,1023,593.76,6751.71,47.3,319348.16,17741.56,2.2506,29,100,75,0.0,25.66,25.66
3103136,9,45,70,200,54,270,275.66,1553.82,20.0,31076.39,1726.47,0.5179,9,38,33,0.0,41.98,41.98
3076321,10,46,48,131,56,179,287.3,1039.52,14.24,14801.81,822.32,0.3465,2,19,16,0.0,50.71,50.71
3109517,12,47,52,238,59,290,304.09,1705.97,30.38,51832.34,2879.57,0.5687,11,29,25,0.0,43.99,43.99
3064277,13,105,264,1061,118,1325,753.1,9119.5,65.68,598977.58,33276.53,3.0398,41,122,111,0.0,21.25,21.25
3103051,8,33,38,90,41,128,190.47,685.77,10.91,7481.09,415.62,0.2286,5,28,26,0.0,47.9,47.9
3090092,9,51,93,313,60,406,317.82,2398.2,27.62,66232.57,3679.59,0.7994,12,44,42,0.0,38.87,38.87
3096537,10,52,69,223,62,292,329.64,1738.63,21.44,37280.14,2071.12,0.5795,10,39,34,0.0,41.26,41.26
3109337,7,54,93,385,61,478,330.42,2834.89,24.95,70741.07,3930.06,0.945,15,62,56,0.0,34.71,34.71
3072300,10,57,89,343,67,432,365.69,2620.55,30.09,78846.39,4380.35,0.8735,16,64,59,0.0,34.51,34.51
3122528,9,52,55,258,61,313,324.95,1856.32,22.33,41445.93,2302.55,0.6188,8,41,33,0.0,40.86,40.86
3096447,14,89,193,967,103,1160,629.64,7756.34,76.06,589917.64,32773.2,2.5854,11,86,63,0.0,29.09,29.09
3130085,7,29,20,102,36,122,160.53,630.73,12.31,7764.51,431.36,0.2102,3,19,17,0.0,52.1,52.1
3129318,9,44,104,283,53,387,268.74,2216.71,28.94,64158.5,3564.36,0.7389,12,53,49,0.0,37.35,37.35
3062508,10,77,100,635,87,735,515.76,4735.56,41.23,195265.12,10848.06,1.5785,18,77,58,0.0,30.69,30.69
3069249,13,128,182,1056,141,1238,944.11,8838.76,53.62,473978.75,26332.15,2.9463,35,155,123,0.0,19.88,19.88
3072742,16,103,309,975,119,1284,752.71,8852.95,75.73,670417.27,37245.4,2.951,41,183,163,0.0,17.49,17.49
3116003,9,58,71,263,67,334,368.29,2026.07,20.41,41342.39,2296.8,0.6754,8,47,41,0.0,39.3,39.3
3117999,12,143,336,1249,155,1585,1066.88,11532.66,52.41,604375.75,33576.43,3.8442,36,198,170,0.0,16.62,16.62
3103164,10,70,107,583,80,690,462.27,4362.13,41.64,181651.57,10091.75,1.454,24,74,65,0.0,30.51,30.51
3160849,7,26,23,82,33,105,141.86,529.66,11.04,5846.65,324.81,0.1766,3,16,14,0.0,54.26,54.26
3103053,9,40,52,178,49,230,241.41,1291.38,20.03,25859.95,1436.66,0.4305,6,30,28,0.0,45.19,45.19
3129316,11,52,48,204,63,252,334.48,1506.27,21.58,32500.77,1805.6,0.5021,6,27,25,0.0,45.72,45.72
3112012,12,106,251,905,118,1156,756.18,7956.34,51.23,407574.54,22643.03,2.6521,23,131,119,0.0,23.41,23.41
3160824,10,49,85,283,59,368,308.34,2164.81,28.88,62514.49,3473.03,0.7216,18,55,51,0.0,36.26,36.26
3109370,11,66,107,516,77,623,436.98,3904.21,43.0,167880.94,9326.72,1.3014,19,58,50,0.0,33.83,33.83
3170098,7,51,66,231,58,297,308.95,1739.82,15.85,27581.27,1532.29,0.5799,8,43,33,0.0,40.6,40.6
3115911,10,93,330,635,103,965,641.36,6452.47,34.14,220286.04,12238.11,2.1508,5,71,36,0.08,47.99,32.27
3167624,7,64,96,498,71,594,403.65,3652.95,27.23,99485.8,5526.99,1.2176,15,52,45,0.0,35.6,35.6
3176436,10,45,83,248,55,331,280.35,1913.63,27.56,52731.14,2929.51,0.6379,10,54,48,0.0,37.88,37.88
3136308,9,46,67,237,55,304,282.61,1757.53,23.18,40748.03,2263.78,0.5858,8,30,25,0.0,43.98,43.98
3176392,12,49,142,471,61,613,318.14,3635.54,57.67,209674.32,11648.57,1.2118,31,61,58,0.0,31.95,31.95
3188990,6,40,42,127,46,169,228.39,933.48,9.52,8891.42,493.97,0.3112,4,28,14,0.0,47.1,47.1
3122530,10,52,93,481,62,574,329.64,3417.71,46.25,158069.03,8781.61,1.1392,15,42,36,0.0,37.83,37.83
3176400,12,59,68,399,71,467,390.1,2871.93,40.58,116532.29,6474.02,0.9573,18,54,49,0.0,35.57,35.57
3161139,11,58,84,297,69,381,377.82,2327.35,28.16,65546.94,3641.5,0.7758,12,46,38,0.0,38.54,38.54
3136012,14,133,368,1333,147,1701,991.66,12246.64,70.16,859198.67,47733.26,4.0822,25,166,85,0.0,19.58,19.58
3189057,9,46,89,352,55,441,282.61,2549.58,34.43,87794.22,4877.46,0.8499,10,63,54,0.0,35.55,35.55
3154346,13,147,285,1391,160,1676,1106.46,12271.55,61.51,754783.9,41932.44,4.0905,46,142,110,0.0,18.23,18.23
3182847,11,104,323,1225,115,1548,734.9,10596.82,64.78,686500.63,38138.92,3.5323,44,140,116,0.0,19.08,19.08
3147990,12,62,93,590,74,683,412.18,4241.06,57.1,242150.65,13452.81,1.4137,18,63,53,0.0,32.93,32.93
3201948,9,58,70,212,67,282,368.29,1710.64,16.45,28137.03,1563.17,0.5702,9,41,23,0.0,40.97,40.97
3197717,10,64,124,423,74,547,417.22,3396.57,33.05,112246.06,6235.89,1.1322,20,65,59,0.02,40.67,33.04
3182737,10,70,132,645,80,777,462.27,4912.14,46.07,226309.22,12572.73,1.6374,27,78,68,0.0,29.25,29.25
3201951,6,49,40,216,55,256,290.63,1480.03,13.22,19572.62,1087.37,0.4933,9,36,29,0.0,42.64,42.64
3197619,9,65,81,313,74,394,419.98,2446.52,21.67,53014.31,2945.24,0.8155,10,48,39,0.0,38.25,38.25
3197740,9,41,51,151,50,202,248.19,1140.06,16.57,18894.39,1049.69,0.38,6,27,25,0.0,46.56,46.56
3214407,10,48,56,148,58,204,301.3,1195.03,15.42,18423.35,1023.52,0.3983,7,32,18,0.0,44.68,44.68
3200476,10,44,75,223,54,298,273.43,1714.96,25.34,43458.56,2414.36,0.5717,8,36,31,0.0,42.33,42.33
3195486,9,53,60,160,62,220,332.11,1309.92,13.58,17795.18,988.62,0.4366,4,26,18,0.0,46.77,46.77
3189257,13,101,372,1343,114,1715,720.59,11718.41,86.43,1012829.98,56268.33,3.9061,56,173,159,0.0,15.16,15.16
3189058,10,71,126,555,81,681,469.85,4317.44,39.08,168744.93,9374.72,1.4391,20,90,84,0.0,29.23,29.23
3220468,9,33,43,109,42,152,194.99,819.63,14.86,12182.72,676.82,0.2732,6,25,23,0.0,48.3,48.3
3208138,10,50,74,292,60,366,315.41,2161.92,29.2,63128.12,3507.12,0.7206,12,37,31,0.0,40.83,40.83
3201958,10,70,119,390,80,509,462.27,3217.86,27.86,89640.42,4980.02,1.0726,11,73,54,0.02,41.28,33.31
3199596,10,48,46,201,58,247,301.3,1446.92,20.94,30294.91,1683.05,0.4823,8,31,25,0.0,44.26,44.26
3208182,9,55,72,328,64,400,346.5,2400.0,26.84,64407.27,3578.18,0.8,15,36,27,0.0,40.37,40.37
3230805,9,37,43,154,46,197,221.28,1088.14,18.73,20380.6,1132.26,0.3627,8,28,25,0.0,46.09,46.09
3214435,9,53,57,239,62,296,332.11,1762.44,20.29,35764.27,1986.9,0.5875,9,42,38,0.0,40.65,40.65
3204812,12,73,281,1022,85,1303,494.88,8351.44,84.0,701520.66,38973.37,2.7838,41,156,150,0.0,19.18,19.18
3208181,10,38,44,132,48,176,232.64,982.95,17.37,17072.35,948.46,0.3277,7,29,27,0.0,46.2,46.2
3220499,7,63,154,728,70,882,396.22,5406.03,40.44,218643.78,12146.88,1.802,19,83,72,0.0,29.44,29.44
3230890,6,30,22,79,36,101,162.72,522.16,7.9,4125.08,229.17,0.1741,3,21,18,0.0,51.72,51.72
3226676,9,104,104,379,113,483,725.38,3294.15,16.4,54020.83,3001.16,1.098,6,70,31,0.0,34.31,34.31
3189170,12,74,150,903,86,1053,502.52,6766.86,73.22,495443.65,27524.65,2.2556,29,107,93,0.0,25.01,25.01
3214471,8,40,92,360,48,452,236.88,2524.4,36.0,90878.51,5048.81,0.8415,11,55,53,0.0,36.73,36.73
3220480,12,67,124,350,79,474,449.45,2987.99,31.34,93653.48,5202.97,0.996,16,43,41,0.0,37.88,37.88
3208151,12,80,80,568,92,648,548.77,4227.27,42.6,180081.62,10004.53,1.4091,16,89,76,0.0,29.93,29.93
3220524,9,60,90,409,69,499,382.94,3048.15,30.67,93502.11,5194.56,1.0161,13,66,55,0.0,34.16,34.16
3208219,10,68,134,563,78,697,447.17,4380.93,41.4,181357.42,10075.41,1.4603,22,62,52,0.0,32.44,32.44
3237212,7,37,31,114,44,145,212.4,791.62,10.78,8536.63,474.26,0.2639,4,20,14,0.0,50.79,50.79
3230778,8,50,56,186,58,242,306.19,1417.63,14.88,21094.36,1171.91,0.4725,8,32,28,0.0,44.02,44.02
3227132,13,90,155,652,103,807,632.37,5396.01,47.09,254091.92,14116.22,1.7987,26,97,69,0.0,27.03,27.03
3237175,9,46,39,158,55,197,282.61,1138.93,15.46,17603.86,977.99,0.3796,5,27,23,0.0,46.7,46.7
3237179,7,43,66,159,50,225,252.98,1269.87,12.94,16434.45,913.02,0.4233,16,18,15,0.0,48.73,48.73
3237818,9,73,94,509,82,603,480.39,3833.6,31.38,120285.89,6682.55,1.2779,12,69,54,0.0,33.18,33.18
3214738,13,73,108,627,86,735,499.96,4723.3,55.83,263696.27,14649.79,1.5744,25,69,58,0.0,30.8,30.8
3237204,6,33,28,90,39,118,181.97,623.68,8.18,5102.82,283.49,0.2079,3,16,13,0.0,53.76,53.76
3237177,11,57,65,276,68,341,370.53,2075.82,26.63,55282.49,3071.25,0.6919,10,37,30,0.0,41.22,41.22
3243622,10,45,59,234,55,293,280.35,1693.94,26.0,44042.4,2446.8,0.5646,11,23,15,0.0,46.21,46.21
3237972,10,58,74,215,68,289,372.98,1759.28,18.53,32607.28,1811.52,0.5864,5,46,34,0.0,40.33,40.33
3230965,11,67,123,522,78,645,444.48,4054.08,42.85,173720.54,9651.14,1.3514,22,82,74,0.0,30.03,30.03
3237381,9,47,86,331,56,417,289.6,2421.67,31.69,76746.23,4263.68,0.8072,13,38,30,0.0,40.09,40.09
3237202,8,47,64,184,55,248,285.07,1433.78,15.66,22452.34,1247.35,0.4779,7,34,32,0.0,43.55,43.55
3243475,8,34,55,157,42,212,196.97,1143.17,18.47,21115.05,1173.06,0.3811,8,35,31,0.0,43.83,43.83
3237275,9,67,55,220,76,275,434.96,1718.18,14.78,25388.03,1410.45,0.5727,4,39,29,0.0,42.1,42.1
3237348,11,77,168,650,88,818,520.6,5283.82,46.43,245319.99,13628.89,1.7613,18,70,53,0.0,31.26,31.26
3243526,9,35,82,244,44,326,208.05,1779.77,31.37,55834.08,3101.89,0.5933,16,33,29,0.0,41.96,41.96
3256429,6,25,16,39,31,55,131.61,272.48,4.68,1275.21,70.85,0.0908,2,9,7,0.0,61.86,61.86
3249907,8,27,18,48,35,66,152.38,338.53,7.11,2407.34,133.74,0.1128,2,13,10,0.0,57.72,57.72
3256430,7,35,32,88,42,120,199.18,647.08,8.8,5694.29,316.35,0.2157,5,22,20,0.0,50.36,50.36
3237198,9,52,57,246,61,303,324.95,1797.01,21.29,38255.65,2125.31,0.599,7,42,36,0.0,40.86,40.86
3256441,11,49,56,186,60,242,313.17,1429.47,20.88,29843.78,1657.99,0.4765,7,26,22,0.0,46.1,46.1
3262436,9,60,96,234,69,330,382.94,2015.81,17.55,35377.52,1965.42,0.6719,14,46,29,0.0,38.71,38.71
3250251,8,32,143,203,40,346,184.0,1841.39,25.38,46725.2,2595.84,0.6138,7,31,29,0.0,43.66,43.66
3256443,9,27,12,49,36,61,156.91,315.37,8.17,2575.48,143.08,0.1051,1,10,8,0.0,60.55,60.55
3266267,10,39,44,157,49,201,239.35,1128.56,20.13,22715.82,1261.99,0.3762,7,30,27,0.0,45.46,45.46
3262850,11,61,99,349,72,448,399.83,2764.13,31.47,86979.35,4832.19,0.9214,13,52,45,0.0,36.72,36.72
3266292,10,46,48,188,56,236,287.3,1370.54,20.43,28006.6,1555.92,0.4568,11,39,33,0.0,41.85,41.85
3243494,11,55,68,262,66,330,356.03,1994.65,26.2,52259.83,2903.32,0.6649,11,45,38,0.0,39.35,39.35
3269737,11,49,87,352,60,439,313.17,2593.12,39.51,102454.9,5691.94,0.8644,15,43,36,0.0,38.45,38.45
3243762,12,121,328,1169,133,1497,880.2,10561.76,57.97,612232.8,34012.93,3.5206,39,196,160,0.0,16.58,16.58
3249908,10,57,78,319,67,397,365.69,2408.24,27.98,67388.4,3743.8,0.8027,15,44,39,0.0,38.45,38.45
3257068,12,77,88,446,89,534,525.56,3458.04,34.75,120178.17,6676.57,1.1527,16,54,44,0.0,35.28,35.28
3272747,7,30,23,78,37,101,166.86,526.15,9.1,4788.01,266.0,0.1754,3,20,17,0.0,52.16,52.16
3263237,12,87,148,694,99,842,603.56,5581.92,47.86,267162.16,14842.34,1.8606,30,62,36,0.0,30.63,30.63
3266269,10,46,86,225,56,311,287.3,1806.09,24.46,44170.62,2453.92,0.602,11,40,37,0.0,40.77,40.77
3250833,13,108,213,992,121,1205,777.63,8337.23,59.7,497763.52,27653.53,2.7791,41,96,79,0.0,23.79,23.79
3263602,11,82,159,775,93,934,559.37,6107.57,51.98,317482.14,17637.9,2.0359,22,139,112,0.0,23.78,23.78
3279097,8,52,71,233,60,304,320.42,1795.69,17.92,32184.37,1788.02,0.5986,9,36,30,0.0,42.05,42.05
3272772,9,41,42,142,50,184,248.19,1038.47,15.59,16184.93,899.16,0.3462,3,20,16,0.0,50.1,50.1
3278951,9,47,55,182,56,237,289.6,1376.34,17.43,23983.51,1332.42,0.4588,5,29,23,0.0,45.45,45.45
3272732,8,44,63,223,52,286,264.21,1630.33,20.27,33051.15,1836.17,0.5434,8,34,28,0.0,43.02,43.02
3297889,8,34,47,171,42,218,196.97,1175.53,20.12,23648.8,1313.82,0.3918,11,23,21,0.0,47.32,47.32
3266537,10,62,90,301,72,391,402.38,2412.44,24.27,58560.05,3253.34,0.8041,12,54,48,0.0,36.91,36.91
3272770,11,62,107,482,73,589,407.21,3645.81,42.76,155887.64,8660.42,1.2153,17,65,58,0.0,33.23,33.23
3285525,8,34,35,91,42,126,196.97,679.43,10.71,7273.92,404.11,0.2265,4,21,19,0.0,50.79,50.79
3297871,10,49,54,194,59,248,308.34,1458.9,19.8,28880.18,1604.45,0.4863,6,27,21,0.0,45.81,45.81
3285527,11,50,66,204,61,270,320.25,1601.3,22.44,35933.15,1996.29,0.5338,5,24,22,0.0,46.78,46.78
3279371,13,102,225,907,115,1132,728.69,7749.09,57.8,447890.08,24882.78,2.583,34,129,109,0.0,22.15,22.15
3297979,11,53,113,449,64,562,341.63,3372.0,46.59,157116.11,8728.67,1.124,13,53,48,0.0,35.94,35.94
3304006,6,42,56,413,48,469,241.99,2619.35,29.5,77270.75,4292.82,0.8731,6,38,30,0.0,40.8,40.8
3291767,7,31,28,79,38,107,173.23,561.53,8.92,5008.47,278.25,0.1872,4,24,22,0.0,50.1,50.1
3304018,8,40,50,132,48,182,236.88,1016.46,13.2,13417.31,745.41,0.3388,5,29,24,0.0,46.37,46.37
3272740,10,56,66,302,66,368,358.43,2224.34,26.96,59977.66,3332.09,0.7414,13,52,46,0.0,37.38,37.38
3291803,11,42,53,148,53,201,264.53,1151.31,19.38,22313.52,1239.64,0.3838,7,27,24,0.0,46.4,46.4
3323045,7,41,66,291,48,357,239.31,1993.83,24.84,49529.7,2751.65,0.6646,11,32,23,0.0,42.58,42.58
3279195,16,108,210,799,124,1009,793.53,7016.78,59.19,415289.67,23071.65,2.3389,38,66,51,0.0,28.27,28.27
3285517,9,40,43,162,49,205,241.41,1151.02,18.22,20977.26,1165.4,0.3837,4,26,18,0.0,47.16,47.16
3316627,12,84,246,776,96,1022,579.97,6729.83,55.43,373024.96,20723.61,2.2433,34,111,93,0.0,24.01,24.01
3310422,7,35,51,161,42,212,199.18,1143.17,16.1,18405.06,1022.5,0.3811,8,24,22,0.0,47.4,47.4
3310427,10,53,70,236,63,306,336.8,1829.05,22.26,40722.19,2262.34,0.6097,12,47,43,0.0,39.07,39.07
3285766,10,45,111,264,55,375,280.35,2168.01,29.33,63594.96,3533.05,0.7227,8,35,33,0.0,41.88,41.88
3310426,13,65,86,355,78,441,439.56,2771.86,35.5,98401.11,5466.73,0.924,15,42,35,0.0,38.47,38.47
3303982,10,56,82,376,66,458,358.43,2768.33,33.57,92936.88,5163.16,0.9228,6,32,26,0.0,42.26,42.26
3298046,13,57,81,320,70,401,380.58,2457.84,36.49,89689.69,4982.76,0.8193,13,37,28,0.0,40.3,40.3
3303988,12,81,118,571,93,689,556.55,4505.48,42.3,190565.13,10586.95,1.5018,15,67,57,0.0,32.56,32.56
3291785,10,46,64,288,56,352,287.3,2044.19,31.3,63992.0,3555.11,0.6814,11,41,39,0.0,40.16,40.16
3310446,11,42,77,320,53,397,264.53,2273.98,41.9,95290.78,5293.93,0.758,16,54,52,0.0,36.55,36.55
3329132,7,36,42,113,43,155,205.77,841.07,10.99,9240.1,513.34,0.2804,4,22,19,0.0,49.7,49.7
3304008,10,64,74,406,74,480,417.22,2980.54,31.72,94538.93,5252.16,0.9935,11,65,56,0.0,34.65,34.65
3316644,13,87,165,915,100,1080,608.64,7175.36,68.36,490522.78,27251.27,2.3918,31,92,74,0.0,25.99,25.99
3329158,7,40,72,224,47,296,232.53,1644.16,19.6,32225.5,1790.31,0.5481,11,42,38,0.0,40.59,40.59
3291920,11,67,149,716,78,865,444.48,5436.87,58.78,319558.29,17753.24,1.8123,24,91,81,0.0,27.88,27.88
3335342,9,55,59,161,64,220,346.5,1320.0,13.17,17388.0,966.0,0.44,3,30,14,0.0,45.52,45.52
3329159,8,38,34,112,46,146,223.42,806.44,11.79,9507.5,528.19,0.2688,5,26,22,0.0,48.11,48.11
3345512,7,32,28,105,39,133,179.65,702.96,11.48,8073.04,448.5,0.2343,2,20,15,0.0,51.42,51.42
3323072,10,39,43,138,49,181,239.35,1016.26,17.69,17980.03,998.89,0.3388,5,26,24,0.0,47.41,47.41
3329182,11,61,124,510,72,634,399.83,3911.73,45.98,179875.57,9993.09,1.3039,22,74,69,0.0,31.11,31.11
3335318,11,61,83,342,72,425,399.83,2622.22,30.84,80858.89,4492.16,0.8741,19,53,49,0.0,35.89,35.89
3304005,10,78,143,765,88,908,523.48,5865.16,49.04,287618.61,15978.81,1.9551,27,151,139,0.0,22.45,22.45
3335333,9,47,54,162,56,216,289.6,1254.39,15.51,19456.37,1080.91,0.4181,7,38,35,0.0,42.9,42.9
3335321,10,48,54,180,58,234,301.3,1370.77,18.75,25701.89,1427.88,0.4569,9,28,24,0.0,45.26,45.26
3316629,10,56,96,403,66,499,358.43,3016.15,35.98,108527.64,6029.31,1.0054,13,50,45,0.0,36.83,36.83
3323098,12,54,125,464,66,589,353.78,3560.15,51.56,183545.42,10196.97,1.1867,21,71,66,0.0,31.92,31.92
3342276,9,42,81,228,51,309,255.01,1752.78,24.43,42817.9,2378.77,0.5843,7,43,38,0.0,40.71,40.71
3357724,5,25,17,55,30,72,127.71,353.3,5.5,1943.13,107.95,0.1178,2,11,9,0.0,59.17,59.17
3345511,8,37,36,95,45,131,216.75,719.43,10.27,7388.77,410.49,0.2398,3,21,17,0.0,50.75,50.75
3341990,10,52,123,418,62,541,329.64,3221.22,40.19,129468.27,7192.68,1.0737,11,57,53,0.0,35.65,35.65
3335348,10,42,60,268,52,328,259.7,1869.74,31.9,59653.74,3314.1,0.6232,11,45,38,0.0,39.55,39.55
3351697,9,38,42,187,47,229,227.95,1272.0,22.14,28168.12,1564.9,0.424,10,18,15,0.0,49.53,49.53
3342027,11,75,161,635,86,796,505.22,5115.31,46.57,238202.78,13233.49,1.7051,25,100,89,0.0,27.04,27.04
3358234,10,66,180,692,76,872,432.15,5448.19,52.42,285617.38,15867.63,1.8161,15,85,78,0.0,29.73,29.73
3362766,8,35,59,150,43,209,203.52,1134.09,17.14,19441.53,1080.09,0.378,6,29,25,0.0,45.9,45.9
3351649,10,50,55,168,60,223,315.41,1317.24,16.8,22129.57,1229.42,0.4391,6,33,30,0.0,44.22,44.22
3329287,10,67,108,441,77,549,439.65,3440.47,32.91,113227.27,6290.4,1.1468,21,78,70,0.0,31.14,31.14
3341491,10,49,85,280,59,365,308.34,2147.16,28.57,61347.56,3408.2,0.7157,6,40,38,0.0,40.92,40.92
3345549,10,55,150,470,65,620,351.19,3733.87,42.73,159538.0,8863.22,1.2446,15,54,51,0.0,35.18,35.18
3351642,9,39,40,131,48,171,234.66,955.03,15.12,14435.62,801.98,0.3183,3,20,18,0.0,50.35,50.35
3362806,13,52,76,282,65,358,344.53,2156.01,35.25,75999.27,4222.18,0.7187,15,51,45,0.0,37.39,37.39
3362918,6,43,119,412,49,531,248.84,2981.41,28.74,85698.23,4761.01,0.9938,32,65,63,0.0,31.82,31.82
3345630,10,69,102,311,79,413,454.71,2603.46,22.54,58672.21,3259.57,0.8678,6,45,29,0.0,39.21,39.21
3362944,5,30,30,106,35,136,158.82,697.58,8.83,6161.98,342.33,0.2325,5,21,18,0.0,50.57,50.57
3363301,7,48,69,259,55,328,287.73,1896.29,18.89,35812.15,1989.56,0.6321,9,42,35,0.0,40.43,40.43
3362883,6,30,24,68,36,92,162.72,475.63,6.8,3234.31,179.68,0.1585,3,18,16,0.0,53.47,53.47
3357733,9,41,51,133,50,184,248.19,1038.47,14.6,15159.12,842.17,0.3462,6,29,27,0.0,46.17,46.17
3357831,11,58,91,321,69,412,377.82,2516.71,30.44,76607.85,4255.99,0.8389,14,34,27,0.0,40.9,40.9
3362905,13,83,132,568,96,700,577.23,4609.47,44.48,205038.28,11391.02,1.5365,20,72,59,0.0,31.14,31.14
3374607,7,36,46,147,43,193,205.77,1047.27,14.29,14967.22,831.51,0.3491,8,45,42,0.0,41.71,41.71
3368264,11,55,143,368,66,511,356.03,3088.69,36.8,113663.62,6314.65,1.0296,16,52,49,0.0,35.98,35.98
3363407,11,95,85,473,106,558,662.19,3754.18,27.38,102805.24,5711.4,1.2514,5,61,31,0.0,35.35,35.35
3374615,10,38,45,172,48,217,232.64,1211.94,22.63,27428.04,1523.78,0.404,5,32,28,0.0,44.9,44.9
3362856,13,119,283,1486,132,1769,868.59,12461.53,81.17,1011478.56,56193.25,4.1538,60,224,202,0.0,11.98,11.98
3386528,5,37,26,119,42,145,204.36,781.89,8.04,6286.79,349.27,0.2606,5,22,18,0.0,49.79,49.79
3362887,11,67,135,514,78,649,444.48,4079.23,42.19,172118.99,9562.17,1.3597,23,91,84,0.0,28.89,28.89
3386619,8,38,55,134,46,189,223.42,1043.95,14.11,14725.23,818.07,0.348,9,25,20,0.13,66.86,47.16
3362782,10,80,100,550,90,650,538.97,4219.7,34.38,145052.34,8058.46,1.4066,17,73,63,0.0,31.68,31.68
3357742,10,75,112,408,85,520,500.38,3332.88,27.2,90654.43,5036.36,1.111,6,49,32,0.0,37.66,37.66
3386542,8,50,59,230,58,289,306.19,1692.96,18.4,31150.4,1730.58,0.5643,7,35,29,0.0,42.77,42.77
3368277,14,127,385,1419,141,1804,940.87,12879.75,78.21,1007358.76,55964.38,4.2933,33,122,90,0.01,27.5,21.27
3362796,13,117,213,982,130,1195,851.94,8391.73,54.56,457815.47,25434.19,2.7972,35,140,112,0.0,21.0,21.0
3374679,9,43,80,180,52,260,261.86,1482.11,18.84,27918.9,1551.05,0.494,12,32,30,0.0,43.35,43.35
3392118,7,33,19,66,40,85,186.12,452.36,7.0,3166.55,175.92,0.1508,2,14,11,0.0,56.14,56.14
3368287,12,65,85,388,77,473,434.47,2964.19,35.82,106163.61,5897.98,0.9881,13,52,40,0.0,36.51,36.51
3368272,11,71,119,491,82,610,474.69,3878.11,38.04,147504.61,8194.7,1.2927,19,79,75,0.0,30.92,30.92
3380428,10,60,90,315,70,405,387.63,2482.36,26.25,65161.94,3620.11,0.8275,11,50,47,0.0,37.69,37.69
3386616,9,57,55,266,66,321,361.0,1940.25,21.0,40745.26,2263.63,0.6468,10,44,37,0.0,39.78,39.78
3374733,11,116,193,1088,127,1281,833.58,8952.51,51.59,461825.78,25656.99,2.9842,26,126,94,0.0,23.01,23.01
3374638,11,72,115,602,83,717,482.29,4570.9,45.99,210198.07,11677.67,1.5236,20,72,63,0.0,31.17,31.17
3380374,11,70,96,390,81,486,467.1,3081.17,30.64,94415.76,5245.32,1.0271,13,53,42,0.0,36.21,36.21
3396888,13,68,120,394,81,514,462.05,3258.68,37.66,122727.75,6818.21,1.0862,20,68,60,0.0,32.74,32.74
3386546,9,53,65,227,62,292,332.11,1738.63,19.27,33509.54,1861.64,0.5795,7,37,34,0.0,42.16,42.16
3402891,10,61,143,688,71,831,394.99,5110.44,56.39,288195.3,16010.85,1.7035,35,123,113,0.0,23.74,23.74
3392249,12,90,222,1227,102,1449,627.29,9668.34,81.8,790870.57,43937.25,3.2228,40,128,116,0.0,20.75,20.75
3402614,10,50,66,198,60,264,315.41,1559.42,19.8,30876.5,1715.36,0.5198,11,35,26,0.0,42.48,42.48
3381214,11,87,168,834,98,1002,598.59,6627.94,52.72,349452.38,19414.02,2.2093,27,119,109,0.0,24.34,24.34
3392738,11,72,166,677,83,843,482.29,5374.16,51.72,277926.09,15440.34,1.7914,31,95,89,0.0,26.57,26.57
3368373,12,88,176,1029,100,1205,611.45,8005.85,70.16,561682.93,31204.61,2.6686,31,117,98,0.0,23.38,23.38
3386717,12,70,139,662,82,801,472.07,5092.4,56.74,288957.28,16053.18,1.6975,21,87,81,0.0,28.91,28.91
3407095,9,88,58,316,97,374,596.96,2468.37,16.16,39886.57,2215.92,0.8228,5,63,35,0.0,36.32,36.32
3392125,12,56,101,437,68,538,368.23,3275.06,46.82,153342.75,8519.04,1.0917,24,81,77,0.0,30.53,30.53
3410906,9,46,126,256,55,382,282.61,2208.48,25.04,55308.01,3072.67,0.7362,21,35,30,0.03,50.59,40.08
3396879,11,67,109,590,78,699,444.48,4393.5,48.43,212789.48,11821.64,1.4645,17,62,51,0.0,33.11,33.11
3407101,8,37,35,89,45,124,216.75,680.99,9.62,6552.23,364.01,0.227,3,16,14,0.0,53.49,53.49
3402566,9,51,57,242,60,299,317.82,1766.16,21.35,37712.72,2095.15,0.5887,8,37,31,0.0,41.98,41.98
3402649,11,63,148,789,74,937,414.62,5818.26,68.88,400767.14,22264.84,1.9394,19,54,48,0.0,33.29,33.29
3411684,7,49,87,314,56,401,294.77,2328.75,22.43,52230.52,2901.7,0.7762,16,60,55,0.0,35.48,35.48
3407108,8,90,86,424,98,510,608.27,3373.5,18.84,63571.77,3531.77,1.1245,7,62,34,0.0,35.26,35.26
3410913,7,38,31,113,45,144,219.07,790.83,10.41,8230.84,457.27,0.2636,5,21,19,0.0,50.19,50.19
3410984,10,59,144,485,69,629,380.3,3842.26,41.1,157923.48,8773.53,1.2808,23,88,80,0.0,29.39,29.39
3402562,11,43,34,119,54,153,271.38,880.5,15.22,13402.0,744.56,0.2935,5,20,18,0.0,50.33,50.33
3407113,8,42,72,314,50,386,250.48,2178.53,29.9,65148.38,3619.35,0.7262,11,41,39,0.0,39.97,39.97
3407639,11,87,123,577,98,700,598.59,4630.3,36.48,168899.39,9383.3,1.5434,23,94,75,0.0,28.2,28.2
3411035,12,55,100,336,67,436,360.99,2644.81,36.65,96944.49,5385.8,0.8816,21,57,51,0.04,46.23,34.91
3418018,8,37,37,109,45,146,216.75,801.81,11.78,9448.36,524.91,0.2673,3,23,20,0.0,49.56,49.56
3407896,13,57,104,382,70,486,380.58,2978.83,43.56,129762.08,7209.0,0.9929,15,52,49,0.0,36.22,36.22
3414829,12,65,60,462,77,522,434.47,3271.26,42.65,139506.77,7750.38,1.0904,11,50,35,0.0,36.85,36.85
3418014,13,81,199,748,94,947,561.63,6207.2,60.02,372585.0,20699.17,2.0691,32,124,117,0.0,23.47,23.47
3410944,9,48,88,303,57,391,296.61,2280.66,28.41,64785.0,3599.17,0.7602,13,45,41,0.0,38.68,38.68
11549,6,52,104,512,58,616,311.93,3608.52,29.54,106590.02,5921.67,1.2028,23,52,48,0.0,34.57,34.57
11501,12,61,76,365,73,441,404.79,2729.71,35.9,98001.16,5444.51,0.9099,15,32,27,0.0,41.09,41.09
35394,6,40,65,247,46,312,228.39,1723.35,18.52,31925.08,1773.62,0.5745,7,35,31,0.0,42.72,42.72
3415426,9,35,38,96,44,134,208.05,731.56,12.34,9029.59,501.64,0.2439,3,18,14,0.0,52.16,52.16
3414841,11,91,244,1048,102,1292,630.26,8620.77,63.34,546045.48,30335.86,2.8736,22,155,64,0.0,21.7,21.7
87,10,53,148,569,63,717,336.8,4285.71,53.68,230053.66,12780.76,1.4286,27,75,72,0.01,36.97,30.03
45970,8,44,44,165,52,209,264.21,1191.39,15.0,17870.88,992.83,0.3971,5,34,29,0.0,44.38,44.38
3418027,10,49,73,280,59,353,308.34,2076.57,28.57,59330.66,3296.15,0.6922,8,41,31,0.0,40.51,40.51
43205,8,38,39,113,46,152,223.42,839.58,11.89,9986.6,554.81,0.2799,3,22,18,0.0,49.84,49.84
35453,8,47,79,240,55,319,285.07,1844.25,20.43,37669.86,2092.77,0.6148,10,44,35,0.0,39.94,39.94
11776,12,80,216,911,92,1127,548.77,7352.05,68.32,502329.11,27907.17,2.4507,28,108,94,0.0,24.8,24.8
43241,10,68,141,590,78,731,447.17,4594.63,43.38,199325.82,11073.66,1.5315,22,56,43,0.0,33.26,33.26
55271,9,73,90,362,82,452,480.39,2873.61,22.32,64124.88,3562.49,0.9579,3,54,38,0.0,37.59,37.59
56371,11,93,205,913,104,1118,646.2,7491.09,53.99,404478.67,22471.04,2.497,26,82,67,0.0,27.63,27.63
46775,12,68,118,448,80,566,456.97,3578.21,39.53,141444.59,7858.03,1.1927,11,52,42,0.0,36.2,36.2
69337,7,39,49,159,46,208,225.78,1148.9,14.27,16393.93,910.77,0.383,7,28,25,0.0,46.06,46.06
84059,8,46,54,187,54,241,278.08,1386.93,16.26,22552.65,1252.93,0.4623,4,33,28,0.0,44.34,44.34
56242,12,108,188,689,120,877,772.55,6057.34,38.28,231861.63,12881.2,2.0191,14,81,58,0.0,30.0,30.0
55390,11,77,83,405,88,488,520.6,3152.2,28.93,91188.72,5066.04,1.0507,13,61,45,0.0,34.81,34.81
69584,12,75,139,599,87,738,510.18,4754.89,47.92,227854.44,12658.58,1.585,27,60,53,0.0,31.83,31.83
108743,7,49,48,182,56,230,294.77,1335.69,13.0,17363.99,964.67,0.4452,6,28,19,0.0,45.74,45.74
112081,6,37,46,129,43,175,208.26,949.6,10.46,9932.26,551.79,0.3165,5,27,23,0.0,47.26,47.26
83873,10,51,70,233,61,303,322.51,1797.01,22.84,41049.42,2280.52,0.599,10,38,36,0.0,41.41,41.41
76824,12,81,320,942,93,1262,556.55,8252.42,69.78,575835.42,31990.86,2.7508,48,103,88,0.0,22.21,22.21
135140,10,47,65,237,57,302,294.28,1761.53,25.21,44413.11,2467.4,0.5872,7,36,29,0.0,42.38,42.38
156125,10,71,96,375,81,471,469.85,2986.07,26.41,78857.47,4380.97,0.9954,17,27,17,0.0,42.16,42.16
161624,8,38,34,137,46,171,223.42,944.53,14.42,13621.1,756.73,0.3148,4,26,22,0.0,47.76,47.76
101601,8,36,42,132,44,174,210.12,949.94,14.67,13932.47,774.03,0.3166,4,27,25,0.0,47.39,47.39
178590,6,37,35,147,43,182,208.26,987.58,11.92,11770.89,653.94,0.3292,6,27,24,0.0,47.0,47.0
96588,8,35,33,101,43,134,203.52,727.12,11.54,8393.04,466.28,0.2424,3,13,10,0.0,55.26,55.26
143071,9,37,51,149,46,200,221.28,1104.71,18.12,20019.18,1112.18,0.3682,7,30,28,0.0,45.53,45.53
185883,8,68,90,292,76,382,437.95,2386.71,17.18,40995.23,2277.51,0.7956,9,61,41,0.0,36.19,36.19
129489,10,95,161,744,105,905,657.36,6076.39,39.16,237938.73,13218.82,2.0255,21,49,29,0.0,33.81,33.81
134367,12,65,104,387,77,491,434.47,3076.99,35.72,109919.63,6106.65,1.0257,16,48,40,0.0,36.75,36.75
164646,10,60,49,253,70,302,387.63,1851.04,21.08,39026.17,2168.12,0.617,3,27,19,0.0,45.49,45.49
218045,7,46,40,141,53,181,273.74,1036.75,10.73,11122.56,617.92,0.3456,5,28,24,0.0,46.64,46.64
213660,9,46,74,238,55,312,282.61,1803.78,23.28,41996.8,2333.16,0.6013,10,37,32,0.0,41.65,41.65
201028,9,92,261,1210,101,1471,628.7,9794.23,59.18,579669.32,32203.85,3.2647,33,156,146,0.0,19.78,19.78
217915,11,50,51,203,61,254,320.25,1506.41,22.33,33638.07,1868.78,0.5021,6,34,29,0.0,43.53,43.53
208764,11,51,96,395,62,491,327.35,2923.51,42.6,124535.81,6918.66,0.9745,16,49,46,0.0,36.71,36.71
169147,13,117,398,1515,130,1913,851.94,13433.79,84.17,1130677.29,62815.41,4.4779,58,172,152,0.0,14.53,14.53
224206,7,47,66,212,54,278,280.72,1599.86,15.79,25257.34,1403.19,0.5333,8,44,37,0.0,40.64,40.64
208621,12,97,158,555,109,713,683.21,4825.72,34.33,165666.31,9203.68,1.6086,10,65,49,0.0,33.32,33.32
194640,10,66,179,801,76,980,432.15,6122.97,60.68,371552.89,20641.83,2.041,33,128,122,0.0,23.08,23.08
186506,13,118,193,964,131,1157,860.26,8137.67,53.1,432124.09,24006.89,2.7126,22,125,94,0.0,23.92,23.92
218317,8,63,120,338,71,458,400.57,2816.58,21.46,60444.79,3358.04,0.9389,16,69,53,0.0,33.58,33.58
208643,12,98,180,957,110,1137,691.26,7710.41,58.59,451766.85,25098.16,2.5701,31,132,113,0.0,22.35,22.35
230535,11,40,46,132,51,178,250.93,1009.69,18.15,18325.9,1018.11,0.3366,5,26,24,0.0,47.43,47.43
272360,5,37,39,159,42,198,204.36,1067.68,10.74,11470.33,637.24,0.3559,7,29,26,0.0,45.95,45.95
258182,9,43,105,309,52,414,261.86,2359.98,32.34,76315.23,4239.74,0.7867,13,47,44,0.0,38.16,38.16
284581,6,35,45,128,41,173,195.03,926.86,10.97,10168.94,564.94,0.309,9,21,18,0.0,49.17,49.17
276232,7,33,32,85,40,117,186.12,622.67,9.02,5613.42,311.86,0.2076,2,15,11,0.0,54.51,54.51
246046,15,143,301,1385,158,1686,1082.46,12314.17,72.64,894499.9,49694.44,4.1047,34,140,110,0.0,19.97,19.97
244645,13,117,182,918,130,1100,851.94,7724.6,51.0,393954.83,21886.38,2.5749,0,102,0,0.0,28.96,28.96
273055,10,59,135,475,69,610,380.3,3726.2,40.25,149995.34,8333.07,1.2421,26,68,66,0.0,31.52,31.52
276289,9,68,38,186,77,224,442.48,1403.76,12.31,17278.64,959.92,0.4679,3,32,20,0.0,44.73,44.73
284587,9,42,42,116,51,158,255.01,896.24,12.43,11139.02,618.83,0.2987,8,29,25,0.0,46.35,46.35
303112,6,46,52,183,52,235,269.59,1339.6,11.93,15987.87,888.22,0.4465,4,33,29,0.0,44.44,44.44
268145,15,106,247,1321,121,1568,771.76,10848.78,93.47,1014002.49,56333.47,3.6163,51,153,138,0.0,17.23,17.23
272485,13,70,175,677,83,852,477.16,5431.53,62.86,341449.48,18969.42,1.8105,20,78,70,0.0,29.88,29.88
323225,7,49,44,147,56,191,294.77,1109.2,10.5,11646.65,647.04,0.3697,4,30,21,0.05,58.28,45.92
293546,13,82,268,914,95,1182,569.42,7765.57,72.45,562624.97,31256.94,2.5885,34,122,114,0.0,22.68,22.68
297839,12,60,128,457,72,585,397.43,3609.41,45.7,164949.86,9163.88,1.2031,24,61,55,0.0,32.92,32.92
323278,9,42,38,115,51,153,255.01,867.88,12.32,10693.53,594.09,0.2893,4,24,20,0.0,48.78,48.78
308156,10,38,33,104,48,137,232.64,765.14,13.68,10470.33,581.69,0.255,1,13,11,0.0,55.37,55.37
308153,9,38,21,78,47,99,227.95,549.9,9.24,5079.38,282.19,0.1833,1,13,8,0.0,56.38,56.38
293768,11,76,134,828,87,962,512.9,6198.11,59.92,371397.37,20633.19,2.066,29,111,100,0.0,24.93,24.93
285795,11,73,145,715,84,860,489.91,5497.39,53.87,296143.81,16452.43,1.8325,27,83,70,0.0,28.32,28.32
327795,8,32,39,112,40,151,184.0,803.61,14.0,11250.56,625.03,0.2679,7,27,25,0.0,47.49,47.49
323287,7,48,72,241,55,313,287.73,1809.57,17.57,31799.35,1766.63,0.6032,9,40,32,0.0,41.03,41.03
323288,8,50,48,214,58,262,306.19,1534.79,17.12,26275.62,1459.76,0.5116,7,37,31,0.0,42.54,42.54
315722,11,74,119,491,85,610,497.55,3909.73,36.49,142678.67,7926.59,1.3032,16,59,43,0.0,34.07,34.07
323346,11,75,161,537,86,698,505.22,4485.53,39.38,176640.28,9813.35,1.4952,20,78,71,0.0,30.47,30.47
337818,9,58,52,227,67,279,368.29,1692.44,17.61,29807.35,1655.96,0.5641,7,39,26,0.0,41.74,41.74
328631,13,102,123,706,115,829,728.69,5674.91,44.99,255315.37,14184.19,1.8916,19,74,55,0.0,30.38,30.38
354627,8,41,35,122,49,157,243.66,881.51,11.9,10492.11,582.9,0.2938,4,26,19,0.0,47.97,47.97
337889,12,75,201,694,87,895,510.18,5766.43,55.52,320152.44,17786.25,1.9221,23,97,83,0.0,27.23,27.23
344359,11,71,152,645,82,797,474.69,5066.97,49.96,253170.03,14065.0,1.689,23,85,76,0.0,28.88,28.88
337860,13,59,151,607,72,758,395.18,4676.8,66.87,312751.3,17375.07,1.5589,19,48,40,0.0,35.07,35.07
328170,10,47,73,278,57,351,294.28,2047.34,29.57,60549.12,3363.84,0.6824,9,45,40,0.0,39.54,39.54
368165,10,52,126,239,62,365,329.64,2173.28,22.98,49943.68,2774.65,0.7244,12,54,39,0.0,37.23,37.23
337855,14,84,171,783,98,954,590.26,6310.43,65.25,411755.77,22875.32,2.1035,37,101,91,0.0,24.69,24.69
398169,5,44,50,214,49,264,251.82,1482.28,12.16,18023.22,1001.29,0.4941,8,19,15,0.0,48.83,48.83
344920,12,90,160,684,102,844,627.29,5631.53,45.6,256797.63,14266.54,1.8772,20,91,75,0.0,28.31,28.31
398177,11,63,78,323,74,401,414.62,2489.99,28.2,70213.79,3900.77,0.83,12,42,27,0.0,39.2,39.2
376001,9,67,76,323,76,399,434.96,2492.92,21.69,54081.55,3004.53,0.831,11,53,43,0.0,37.12,37.12
424683,9,55,68,288,64,356,346.5,2136.0,23.56,50331.93,2796.22,0.712,12,47,40,0.0,38.6,38.6
411038,11,56,112,394,67,506,363.27,3069.44,38.7,118776.41,6598.69,1.0231,16,83,73,0.0,31.57,31.57
328217,13,92,223,1050,105,1273,648.27,8547.23,74.18,634074.74,35226.37,2.8491,31,155,138,0.0,20.52,20.52
430656,7,37,50,166,44,216,212.4,1179.24,15.7,18517.21,1028.73,0.3931,8,31,28,0.0,44.88,44.88
398172,8,75,77,338,83,415,491.16,2645.64,18.03,47692.09,2649.56,0.8819,8,62,46,0.0,35.86,35.86
444179,7,33,22,75,40,97,186.12,516.23,7.95,4106.35,228.13,0.1721,3,12,10,0.0,57.06,57.06
458271,9,49,73,242,58,315,303.65,1845.26,22.22,41010.05,2278.34,0.6151,8,34,26,0.0,42.65,42.65
466153,5,28,31,68,33,99,146.22,499.4,6.07,3032.04,168.45,0.1665,4,14,12,0.0,55.57,55.57
411344,12,83,271,1094,95,1365,572.15,8967.85,79.08,709216.7,39400.93,2.9893,37,131,114,0.0,21.16,21.16
444171,8,36,50,204,44,254,210.12,1386.7,22.67,31431.77,1746.21,0.4622,8,39,37,0.0,42.22,42.22
458452,8,40,76,264,48,340,236.88,1898.89,26.4,50130.62,2785.03,0.633,19,40,36,0.0,39.54,39.54
466192,11,41,49,175,52,224,257.71,1276.9,23.48,29975.97,1665.33,0.4256,7,27,25,0.0,46.09,46.09
479681,12,51,112,389,63,501,332.31,2994.62,45.76,137047.78,7613.77,0.9982,14,53,46,0.0,36.16,36.16
458297,11,81,217,920,92,1137,551.58,7417.29,62.47,463351.69,25741.76,2.4724,42,99,83,0.0,23.72,23.72
474524,12,75,124,561,87,685,510.18,4413.42,44.88,198074.12,11004.12,1.4711,22,76,65,0.0,30.49,30.49
441011,8,52,66,246,60,312,320.42,1842.95,18.92,34874.28,1937.46,0.6143,7,32,30,0.0,43.36,43.36
504625,10,61,86,359,71,445,394.99,2736.64,29.43,80528.92,4473.83,0.9122,13,50,44,0.0,37.12,37.12
424866,8,43,63,220,51,283,257.33,1605.3,20.47,32852.58,1825.14,0.5351,7,27,23,0.0,45.39,45.39
489949,6,35,48,144,41,192,195.03,1028.65,12.34,12696.48,705.36,0.3429,6,28,25,0.0,46.53,46.53
484915,12,62,155,464,74,619,412.18,3843.65,44.9,172592.36,9588.46,1.2812,25,71,63,0.0,31.15,31.15
479989,15,133,313,1608,148,1921,996.96,13849.36,90.68,1255814.14,69767.45,4.6165,38,99,71,0.0,22.36,22.36
451233,13,155,376,1880,168,2256,1175.9,16677.07,78.84,1314798.53,73044.36,5.559,58,213,191,0.0,11.84,11.84
499121,11,111,252,1120,122,1372,792.23,9508.97,55.5,527705.09,29316.95,3.1697,35,136,102,0.0,20.9,20.9
519089,9,108,142,539,117,681,758.06,4678.72,22.46,105076.22,5837.57,1.5596,16,110,73,0.0,27.62,27.62
532048,9,66,137,463,75,600,427.46,3737.29,31.57,117979.49,6554.42,1.2458,9,59,49,0.0,35.15,35.15
540549,9,45,80,273,54,353,275.66,2031.48,27.3,55459.28,3081.07,0.6772,13,43,38,0.0,39.46,39.46
529167,11,71,177,868,82,1045,474.69,6643.64,67.24,446714.73,24817.49,2.2145,23,93,78,0.0,27.2,27.2
504494,11,88,262,946,99,1208,606.48,8008.26,59.12,473488.54,26304.92,2.6694,34,139,129,0.0,21.35,21.35
555606,8,33,30,99,41,129,190.47,691.12,12.0,8293.49,460.75,0.2304,4,17,15,0.0,52.74,52.74
579593,10,53,83,340,63,423,336.8,2528.39,32.08,81099.28,4505.52,0.8428,14,53,47,0.0,36.68,36.68
582029,6,34,25,88,40,113,188.48,601.38,7.76,4669.52,259.42,0.2005,3,11,8,0.0,57.42,57.42
582155,10,64,168,701,74,869,417.22,5396.01,54.77,295516.13,16417.56,1.7987,30,86,77,0.0,27.63,27.63
581970,7,40,57,166,47,223,232.53,1238.67,14.53,17991.73,999.54,0.4129,8,31,28,0.0,44.73,44.73
619551,7,39,28,132,46,160,225.78,883.77,11.85,10469.27,581.63,0.2946,4,21,14,0.0,49.99,49.99
562261,11,63,74,268,74,342,414.62,2123.63,23.4,49686.27,2760.35,0.7079,17,40,34,0.0,39.47,39.47
626740,9,40,66,289,49,355,241.41,1993.22,32.51,64804.63,3600.26,0.6644,9,35,29,0.0,42.0,42.0
568584,11,48,88,349,59,437,306.13,2570.72,39.99,102801.82,5711.21,0.8569,15,42,37,0.0,38.7,38.7
579587,11,81,140,683,92,823,551.58,5368.89,46.38,248990.63,13832.81,1.7896,23,88,74,0.0,28.37,28.37
627166,11,111,123,669,122,792,792.23,5489.14,33.15,181957.7,10108.76,1.8297,29,98,68,0.0,26.48,26.48
639003,10,55,99,410,65,509,351.19,3065.39,37.27,114255.27,6347.51,1.0218,0,46,0,0.0,39.32,39.32
648958,10,57,68,264,67,332,365.69,2013.94,23.16,46638.65,2591.04,0.6713,7,44,42,0.0,40.07,40.07
672515,10,49,75,329,59,404,308.34,2376.59,33.57,79785.45,4432.52,0.7922,15,56,47,0.0,36.21,36.21
616819,11,62,86,377,73,463,407.21,2865.89,33.44,95845.49,5324.75,0.9553,10,30,23,0.0,42.23,42.23
631965,9,41,26,129,50,155,248.19,874.8,14.16,12385.86,688.1,0.2916,5,24,22,0.0,48.62,48.62
649104,11,44,53,211,55,264,278.27,1526.28,26.38,40255.61,2236.42,0.5088,7,31,27,0.0,44.23,44.23
691398,11,40,37,141,51,178,250.93,1009.69,19.39,19575.4,1087.52,0.3366,5,22,17,0.0,49.01,49.01
674507,12,90,204,611,102,815,627.29,5438.03,40.73,221508.95,12306.05,1.8127,32,85,65,0.0,27.45,27.45
638703,9,50,47,218,59,265,310.72,1558.9,19.62,30585.63,1699.2,0.5196,9,28,22,0.0,44.87,44.87
678023,7,41,76,317,48,393,239.31,2194.89,27.06,59395.87,3299.77,0.7316,18,59,56,0.0,35.55,35.55
691402,9,57,49,258,66,307,361.0,1855.63,20.37,37796.23,2099.79,0.6185,7,41,30,0.0,40.99,40.99
672372,8,34,56,235,42,291,196.97,1569.16,27.65,43382.78,2410.15,0.5231,7,20,18,0.0,48.3,48.3
678124,9,43,55,311,52,366,261.86,2086.36,32.55,67903.77,3772.43,0.6955,12,42,38,0.0,39.73,39.73
730284,8,38,33,95,46,128,223.42,707.02,10.0,7070.16,392.79,0.2357,7,18,16,0.0,51.72,51.72
730287,9,28,53,102,37,155,163.14,807.47,16.39,13236.66,735.37,0.2692,5,17,15,0.0,52.13,52.13
713051,10,59,83,245,69,328,380.3,2003.6,20.76,41600.09,2311.12,0.6679,11,50,47,0.0,38.34,38.34
693235,11,118,270,1451,129,1721,850.21,12066.32,67.63,816061.73,45336.76,4.0221,33,200,184,0.0,16.79,16.79
723985,13,46,64,159,59,223,302.19,1311.83,22.47,29473.38,1637.41,0.4373,7,25,23,0.0,46.73,46.73
749310,8,42,56,219,50,275,250.48,1552.06,20.86,32371.55,1798.42,0.5174,6,25,21,0.0,46.36,46.36
743339,7,39,53,248,46,301,225.78,1662.59,22.26,37003.33,2055.74,0.5542,5,29,24,0.0,44.87,44.87
743253,10,41,39,119,51,158,252.88,896.24,14.51,13006.46,722.58,0.2987,7,23,21,0.0,48.68,48.68
738228,8,34,35,110,42,145,196.97,781.89,12.94,10118.53,562.14,0.2606,6,19,16,0.0,51.04,51.04
704755,13,94,162,673,107,835,664.24,5629.12,46.54,261963.9,14553.55,1.8764,22,106,91,0.0,26.6,26.6
762296,8,35,39,113,43,152,203.52,824.79,12.91,10651.6,591.76,0.2749,7,19,16,0.0,50.74,50.74
718126,11,49,145,627,60,772,313.17,4560.12,70.38,320930.05,17829.45,1.52,17,48,42,0.0,35.42,35.42
755807,13,54,76,413,67,489,358.87,2966.32,49.71,147464.44,8192.47,0.9888,16,58,51,0.0,35.07,35.07
749314,10,34,30,106,44,136,206.19,742.48,15.59,11574.0,643.0,0.2475,3,13,12,0.0,55.2,55.2
775517,8,41,41,125,49,166,243.66,932.04,12.2,11366.36,631.46,0.3107,3,26,16,0.0,47.94,47.94
795762,14,155,154,940,169,1094,1181.1,8096.56,42.45,343712.12,19095.12,2.6989,17,126,83,0.0,24.53,24.53
808557,9,36,64,159,45,223,214.65,1224.68,19.88,24340.58,1352.25,0.4082,9,42,40,0.0,41.76,41.76
802235,9,58,77,452,67,529,368.29,3208.96,35.07,112534.95,6251.94,1.0697,14,53,47,0.0,35.95,35.95
824527,7,40,37,135,47,172,232.53,955.39,11.81,11285.54,626.97,0.3185,6,29,26,0.0,46.43,46.43
824481,11,57,102,451,68,553,370.53,3366.37,43.52,146496.02,8138.67,1.1221,18,72,61,0.0,32.37,32.37
762410,10,94,133,529,104,662,649.35,4435.69,28.14,124812.8,6934.04,1.4786,13,56,36,0.0,34.58,34.58
831044,4,26,14,57,30,71,130.21,348.39,4.38,1527.55,84.86,0.1161,1,10,6,0.0,60.25,60.25
802917,9,92,304,1121,101,1425,628.7,9487.95,54.83,520238.81,28902.16,3.1627,39,122,100,0.0,21.39,21.39
844003,6,33,49,122,39,171,181.97,903.8,11.09,10024.01,556.89,0.3013,9,25,21,0.0,47.6,47.6
850577,10,42,56,223,52,279,259.7,1590.42,26.55,42221.94,2345.66,0.5301,6,38,35,0.0,42.31,42.31
818291,9,61,90,335,70,425,390.3,2604.95,24.71,64376.31,3576.46,0.8683,12,47,39,0.0,37.99,37.99
831069,6,37,79,251,43,330,208.26,1790.67,20.35,36442.5,2024.58,0.5969,12,40,36,0.0,40.66,40.66
863659,9,44,87,301,53,388,268.74,2222.43,30.78,68415.58,3800.87,0.7408,15,37,33,0.0,40.34,40.34
838418,13,84,150,637,97,787,585.06,5194.13,49.29,256027.39,14223.74,1.7314,22,96,78,0.0,27.78,27.78
857101,8,57,69,298,65,367,356.47,2210.21,20.91,46220.51,2567.81,0.7367,7,36,28,0.0,41.69,41.69
824532,12,95,124,656,107,780,667.16,5258.34,41.43,217861.5,12103.42,1.7528,21,81,64,0.0,29.49,29.49
869834,9,60,90,335,69,425,382.94,2596.12,25.12,65227.59,3623.75,0.8654,11,58,50,0.0,36.15,36.15
864013,11,53,81,206,64,287,341.63,1722.0,21.38,36811.81,2045.1,0.574,9,43,38,0.0,40.5,40.5
857133,9,57,82,329,66,411,361.0,2484.25,25.97,64525.02,3584.72,0.8281,14,40,33,0.0,39.4,39.4
824521,12,89,230,853,101,1083,619.36,7210.84,57.51,414663.98,23036.89,2.4036,29,103,88,0.0,25.18,25.18
869827,8,36,67,178,44,245,210.12,1337.56,19.78,26453.98,1469.67,0.4459,14,29,27,0.0,44.33,44.33
869823,7,40,26,95,47,121,232.53,672.11,8.31,5586.87,310.38,0.224,3,21,19,0.0,50.96,50.96
888568,10,54,88,340,64,428,343.98,2568.0,31.48,80844.44,4491.36,0.856,12,50,45,0.0,37.45,37.45
912521,8,39,57,167,47,224,230.13,1244.23,17.13,21311.39,1183.97,0.4147,9,32,26,0.0,44.29,44.29
882377,10,47,49,146,57,195,294.28,1137.41,15.53,17666.21,981.46,0.3791,9,22,19,0.0,48.11,48.11
869863,14,64,64,307,78,371,437.3,2331.88,33.58,78300.3,4350.02,0.7773,8,33,25,0.0,42.22,42.22
894485,6,34,23,74,40,97,188.48,516.23,6.53,3370.66,187.26,0.1721,3,20,17,0.0,52.22,52.22
864516,11,92,145,804,103,949,638.22,6345.49,48.07,304997.31,16944.29,2.1152,0,85,0,0.0,31.29,31.29
876246,10,77,164,1075,87,1239,515.76,7982.81,69.81,557241.4,30957.86,2.6609,28,149,123,0.0,21.51,21.51
931844,9,50,50,228,59,278,310.72,1635.37,20.52,33557.89,1864.33,0.5451,10,48,40,0.0,39.48,39.48
888707,11,78,123,563,89,686,528.32,4442.35,39.7,176355.72,9797.54,1.4808,26,76,69,0.0,29.93,29.93
944767,10,68,78,457,78,535,447.17,3362.69,33.6,112996.28,6277.57,1.1209,0,65,0,0.0,35.76,35.76
907957,13,81,137,634,94,771,561.63,5053.59,50.88,257109.09,14283.84,1.6845,13,52,45,0.0,34.89,34.89
938495,10,64,116,402,74,518,417.22,3216.5,31.41,101018.1,5612.12,1.0722,13,62,55,0.0,34.59,34.59
902572,13,69,100,446,82,546,469.59,3471.22,42.01,145841.69,8102.32,1.1571,19,67,54,0.0,32.82,32.82
919165,11,87,244,880,98,1124,598.59,7434.93,55.63,413621.61,22978.98,2.4783,22,118,98,0.0,24.74,24.74
932026,12,79,137,908,91,1045,541.02,6800.65,68.96,468986.28,26054.79,2.2669,25,81,70,0.0,28.17,28.17
950860,12,60,111,414,72,525,397.43,3239.21,41.4,134103.32,7450.18,1.0797,12,63,58,0.0,34.56,34.56
957407,6,31,28,82,37,110,169.09,573.04,7.94,4547.35,252.63,0.191,2,16,12,0.0,54.15,54.15
944552,12,68,88,418,80,506,456.97,3198.9,36.88,117982.8,6554.6,1.0663,12,45,38,0.0,37.78,37.78
983064,7,27,36,93,34,129,148.03,656.28,12.06,7911.85,439.55,0.2188,4,19,17,0.0,51.84,51.84
932644,15,114,421,1747,129,2168,837.55,15200.34,114.93,1747039.16,97057.73,5.0668,59,146,134,0.0,15.57,15.57
1002269,10,35,31,129,45,160,212.74,878.7,18.43,16193.12,899.62,0.2929,3,22,17,0.0,49.7,49.7
963840,10,30,33,87,40,120,180.43,638.63,14.5,9260.15,514.45,0.2129,4,15,13,0.0,54.16,54.16
951397,9,95,232,977,104,1209,652.67,8100.83,46.28,374897.96,20827.66,2.7003,34,129,121,0.0,22.02,22.02
989628,9,48,59,183,57,242,296.61,1411.56,17.16,24217.07,1345.39,0.4705,7,32,30,0.0,44.17,44.17
950799,12,79,99,435,91,534,541.02,3475.16,33.04,114812.33,6378.46,1.1584,10,45,31,0.0,37.8,37.8
995728,9,44,69,194,53,263,268.74,1506.44,19.84,29889.2,1660.51,0.5021,10,32,30,0.0,43.57,43.57
989627,11,63,152,636,74,788,414.62,4893.05,55.52,271680.73,15093.37,1.631,12,56,54,0.0,34.42,34.42
1021680,11,45,39,211,56,250,285.19,1451.84,25.79,37441.31,2080.07,0.4839,5,28,20,0.0,45.62,45.62
1030607,5,28,30,121,33,151,146.22,761.7,10.8,8229.12,457.17,0.2539,6,24,22,0.0,48.91,48.91
1008925,8,54,188,502,62,690,334.76,4108.4,37.19,152771.45,8487.3,1.3695,39,66,59,0.06,44.18,29.76
1030621,7,44,69,223,51,292,259.87,1656.35,17.74,29381.36,1632.3,0.5521,10,30,26,0.0,43.89,43.89
1024301,11,65,63,250,76,313,429.51,1955.6,21.15,41368.49,2298.25,0.6519,5,32,16,0.0,43.45,43.45
1021758,11,117,158,589,128,747,841.89,5229.0,27.69,144780.73,8043.37,1.743,11,68,40,0.0,32.51,32.51
1015402,8,43,47,155,51,202,257.33,1145.83,14.42,16521.27,917.85,0.3819,7,36,34,0.0,43.69,43.69
1036793,8,40,56,193,48,249,236.88,1390.66,19.3,26839.65,1491.09,0.4636,9,38,31,0.0,42.32,42.32
1052641,9,42,43,134,51,177,255.01,1004.02,14.36,14414.85,800.82,0.3347,5,28,21,0.0,46.74,46.74
1059031,7,35,36,142,42,178,199.18,959.83,14.2,13629.62,757.2,0.3199,8,18,14,0.0,50.66,50.66
1039910,12,81,62,374,93,436,556.55,2851.07,27.7,78985.29,4388.07,0.9504,10,61,40,0.0,35.52,35.52
1039943,9,64,80,369,73,449,412.53,2779.23,25.95,72108.02,4006.0,0.9264,11,49,36,0.0,37.54,37.54
1052656,6,53,101,297,59,398,319.09,2341.29,16.81,39360.21,2186.68,0.7804,11,49,42,0.0,38.06,38.06
1065527,8,33,35,137,41,172,190.47,921.5,16.61,15302.47,850.14,0.3072,5,22,18,0.0,49.29,49.29
1065514,8,54,46,278,62,324,334.76,1929.16,20.59,39726.4,2207.02,0.6431,8,42,27,0.0,40.51,40.51
1059610,10,79,150,692,89,842,531.22,5452.57,43.8,238808.65,13267.15,1.8175,21,107,85,0.0,26.74,26.74
1046647,9,57,70,225,66,295,361.0,1783.1,17.76,31673.42,1759.63,0.5944,7,27,20,0.0,45.07,45.07
1052679,9,79,125,434,88,559,526.53,3610.82,24.72,89265.01,4959.17,1.2036,12,72,63,0.0,32.96,32.96
1076691,8,47,81,294,55,375,285.07,2168.01,25.02,54246.38,3013.69,0.7227,10,54,47,0.0,37.51,37.51
1046760,9,93,193,984,102,1177,636.67,7853.44,47.61,373925.3,20773.63,2.6178,16,109,83,0.0,26.13,26.13
1095302,8,31,21,67,39,88,177.58,465.12,8.65,4021.0,223.39,0.155,3,17,15,0.0,54.08,54.08
1108665,8,44,56,192,52,248,264.21,1413.71,17.45,24675.65,1370.87,0.4712,10,41,36,0.0,41.41,41.41
1024437,11,109,206,1050,120,1256,775.79,8675.05,52.98,459618.72,25534.37,2.8917,36,153,133,0.0,19.93,19.93
1095359,9,61,72,265,70,337,390.3,2065.57,19.55,40380.17,2243.34,0.6885,10,51,44,0.0,38.19,38.19
1088129,8,63,72,238,71,310,400.57,1906.42,15.11,28808.15,1600.45,0.6355,9,47,45,0.0,39.35,39.35
1124310,6,47,54,207,53,261,276.58,1494.99,13.21,19752.92,1097.38,0.4983,10,30,26,0.0,44.2,44.2
1059426,11,117,205,904,128,1109,841.89,7763.0,42.5,329894.32,18327.46,2.5877,30,112,91,0.0,24.03,24.03
1114486,11,98,331,1096,109,1427,686.3,9658.2,61.51,594077.79,33004.32,3.2194,49,112,90,0.0,20.81,20.81
1088022,10,65,127,496,75,623,424.67,3880.55,38.15,148058.06,8225.45,1.2935,17,73,62,0.0,31.94,31.94
1124454,9,71,87,299,80,386,465.16,2440.26,18.95,46244.73,2569.15,0.8134,5,37,24,0.0,41.4,41.4
1137667,9,42,73,191,51,264,255.01,1497.52,20.46,30645.68,1702.54,0.4992,7,37,33,0.0,42.62,42.62
1124463,11,71,166,632,82,798,474.69,5073.33,48.96,248378.63,13798.81,1.6911,36,73,66,0.0,28.57,28.57
1065610,14,91,223,787,105,1010,645.51,6781.39,60.54,410534.79,22807.49,2.2605,29,126,109,0.0,23.46,23.46
1129654,11,59,120,380,70,500,385.13,3064.64,35.42,108561.03,6031.17,1.0215,18,50,44,0.0,36.11,36.11
1124333,7,43,62,177,50,239,252.98,1348.88,14.41,19433.31,1079.63,0.4496,9,26,18,0.0,46.01,46.01
1095374,10,66,139,478,76,617,432.15,3854.97,36.21,139596.69,7755.37,1.285,12,89,72,0.0,30.75,30.75
1137604,13,48,34,141,61,175,316.18,1037.88,19.09,19817.0,1100.94,0.346,6,20,15,0.0,49.69,49.69
1155345,7,39,32,87,46,119,225.78,657.3,7.81,5132.03,285.11,0.2191,6,18,16,0.0,52.08,52.08
1174227,12,43,117,202,55,319,276.35,1844.25,28.19,51982.22,2887.9,0.6148,18,34,31,0.0,41.3,41.3
1153464,11,59,119,401,70,520,385.13,3187.23,37.38,119142.87,6619.05,1.0624,25,45,38,0.0,36.04,36.04
1209590,8,37,40,98,45,138,216.75,757.88,10.59,8029.39,446.08,0.2526,9,20,17,0.0,50.25,50.25
1156257,12,36,63,140,48,203,229.14,1133.75,23.33,26454.11,1469.67,0.3779,11,29,27,0.0,45.23,45.23
1178432,9,43,52,145,52,197,261.86,1122.99,15.17,17040.67,946.7,0.3743,9,24,20,0.0,47.32,47.32
1186965,11,78,193,578,89,771,528.32,4992.79,40.76,203488.22,11304.9,1.6643,24,78,65,0.0,29.6,29.6
1195942,7,38,83,276,45,359,219.07,1971.58,25.42,50119.52,2784.42,0.6572,14,49,46,0.0,38.18,38.18
1220038,10,90,170,685,100,855,617.49,5680.5,38.06,216174.47,12009.69,1.8935,19,76,58,0.0,30.13,30.13
1206140,9,52,86,189,61,275,324.95,1630.95,16.36,26675.49,1481.97,0.5437,7,45,30,0.0,40.5,40.5
1243512,8,42,41,129,50,170,250.48,959.46,12.29,11787.6,654.87,0.3198,7,21,18,0.0,49.34,49.34
1164260,11,57,70,332,68,402,370.53,2447.16,32.04,78394.99,4355.28,0.8157,16,47,41,0.0,37.65,37.65
1233547,7,55,105,418,62,523,337.63,3114.04,26.6,82833.59,4601.87,1.038,16,45,42,0.0,37.32,37.32
1258291,4,24,14,39,28,53,118.04,254.79,3.25,828.07,46.0,0.0849,1,8,6,0.0,63.32,63.32
1233552,7,63,65,298,70,363,396.22,2224.93,16.56,36834.95,2046.39,0.7416,8,44,38,0.0,39.64,39.64
1239546,9,52,49,170,61,219,324.95,1298.83,14.71,19107.81,1061.54,0.4329,4,26,23,0.0,46.79,46.79
1205890,13,99,453,2480,112,2933,704.41,19965.97,162.83,3251024.93,180612.5,6.6553,75,257,248,0.0,7.23,7.23
1226013,10,54,83,231,64,314,343.98,1884.0,21.39,40296.67,2238.7,0.628,6,36,33,0.0,42.31,42.31
1265269,10,38,60,199,48,259,232.64,1446.51,26.18,37875.6,2104.2,0.4822,7,29,26,0.0,45.03,45.03
1244189,11,67,116,341,78,457,444.48,2872.43,27.99,80406.57,4467.03,0.9575,15,50,45,0.0,36.71,36.71
1309657,8,69,117,476,77,593,445.49,3716.2,27.59,102545.7,5696.98,1.2387,23,83,71,0.0,30.05,30.05
1286798,11,78,167,670,89,837,528.32,5420.19,47.24,256069.18,14226.07,1.8067,26,90,78,0.0,27.73,27.73
1309208,8,41,23,147,49,170,243.66,954.5,14.34,13688.94,760.5,0.3182,6,18,14,0.0,50.95,50.95
1294494,9,88,80,410,97,490,596.96,3233.96,20.97,67802.85,3766.83,1.078,8,61,42,0.0,35.4,35.4
1286801,10,57,91,288,67,379,365.69,2299.05,25.26,58081.21,3226.73,0.7663,23,43,38,0.0,37.74,37.74
1317601,11,45,37,127,56,164,285.19,952.41,15.52,14783.46,821.3,0.3175,4,25,23,0.0,48.11,48.11
1279443,9,49,70,283,58,353,303.65,2067.87,25.99,53743.45,2985.75,0.6893,14,44,40,0.0,39.05,39.05
1309509,9,62,282,722,71,1004,397.69,6174.35,52.4,323555.65,17975.31,2.0581,31,70,55,0.0,29.04,29.04
1295117,9,62,69,274,71,343,397.69,2109.36,19.89,41949.11,2330.51,0.7031,13,37,24,0.0,40.77,40.77
1265442,13,81,190,639,94,829,561.63,5433.75,51.28,278630.84,15479.49,1.8113,37,94,79,0.0,25.83,25.83
1331247,9,36,22,124,45,146,214.65,801.81,15.5,12428.06,690.45,0.2673,6,16,13,0.0,52.59,52.59
1251680,11,83,130,604,94,734,567.18,4811.07,40.02,192558.66,10697.7,1.6037,21,96,82,0.0,28.15,28.15
1344155,6,34,35,107,40,142,188.48,755.71,9.44,7134.83,396.38,0.2519,4,16,11,0.0,53.04,53.04
1324216,9,73,111,510,82,621,480.39,3948.04,31.44,124119.88,6895.55,1.316,16,59,50,0.04,45.46,34.04
1353686,7,43,39,152,50,191,252.98,1077.98,12.37,13336.83,740.93,0.3593,4,31,26,0.0,45.7,45.7
1344033,8,66,133,495,74,628,422.93,3899.54,30.0,116986.1,6499.23,1.2998,17,48,44,0.0,35.89,35.89
1353626,4,31,25,80,35,105,161.58,538.57,5.16,2779.74,154.43,0.1795,4,21,18,0.0,51.49,51.49
1339126,8,36,38,129,44,167,210.12,911.73,14.33,13068.06,726.0,0.3039,6,17,14,0.0,51.63,51.63
1317593,10,50,53,215,60,268,315.41,1583.05,21.5,34035.5,1890.86,0.5277,6,31,26,0.0,44.26,44.26
1384662,6,37,30,100,43,130,208.26,705.41,8.11,5719.58,317.75,0.2351,5,24,20,0.0,49.27,49.27
1384680,13,35,78,167,48,245,227.63,1368.32,31.01,42437.34,2357.63,0.4561,11,28,26,0.0,44.99,44.99
1374273,8,41,49,162,49,211,243.66,1184.7,15.8,18724.1,1040.23,0.3949,6,26,24,0.0,46.81,46.81
1367034,11,54,135,421,65,556,348.82,3348.44,42.88,143579.72,7976.65,1.1161,25,62,60,0.0,32.86,32.86
1374333,9,53,60,274,62,334,332.11,1988.7,23.26,46265.45,2570.3,0.6629,8,42,37,0.0,40.42,40.42
1367085,10,59,122,484,69,606,380.3,3701.77,41.02,151835.14,8435.29,1.2339,14,44,36,0.0,37.28,37.28
1358826,12,111,158,569,123,727,797.2,5047.21,30.76,155235.75,8624.21,1.6824,13,87,59,0.0,30.01,30.01
1423915,9,32,31,95,41,126,188.53,675.05,13.36,9018.27,501.01,0.225,6,25,23,0.0,48.89,48.89
1396281,11,48,57,178,59,235,306.13,1382.42,20.4,28195.63,1566.42,0.4608,7,31,28,0.0,44.54,44.54
1405384,7,34,32,110,41,142,192.63,760.77,11.32,8614.63,478.59,0.2536,5,25,22,0.0,48.66,48.66
1423883,7,36,35,97,43,132,205.77,716.27,9.43,6754.8,375.27,0.2388,6,13,11,0.0,54.9,54.9
1396288,12,69,253,1069,81,1322,464.51,8381.28,92.96,779094.79,43283.04,2.7938,48,83,73,0.0,24.21,24.21
1415731,13,70,124,455,83,579,477.16,3691.15,42.25,155951.0,8663.94,1.2304,19,71,62,0.0,32.08,32.08
1428146,10,32,76,182,42,258,193.22,1391.22,28.44,39562.76,2197.93,0.4637,17,28,26,0.0,44.14,44.14
1461732,10,72,141,474,82,615,477.45,3909.89,32.92,128700.69,7150.04,1.3033,23,77,73,0.0,30.6,30.6
1469300,8,41,64,196,49,260,243.66,1459.82,19.12,27914.69,1550.82,0.4866,6,22,16,0.0,47.75,47.75
1438032,12,79,98,493,91,591,541.02,3846.11,37.44,144009.92,8000.55,1.282,19,66,50,0.0,32.65,32.65
1478221,9,69,87,450,78,537,450.02,3375.26,29.35,99056.57,5503.14,1.1251,14,74,65,0.0,32.64,32.64
1469260,8,43,40,120,51,160,257.33,907.59,11.16,10131.22,562.85,0.3025,4,21,18,0.0,49.91,49.91
1478228,7,48,42,138,55,180,287.73,1040.64,10.06,10471.49,581.75,0.3469,4,26,24,0.0,47.47,47.47
1484072,6,52,56,306,58,362,311.93,2120.59,17.65,37436.55,2079.81,0.7069,12,38,33,0.0,40.63,40.63
1503513,10,50,60,189,60,249,315.41,1470.82,18.9,27798.42,1544.36,0.4903,10,56,52,0.0,38.34,38.34
1482359,9,45,56,171,54,227,275.66,1306.36,17.1,22338.75,1241.04,0.4355,6,32,24,0.0,44.54,44.54
1499984,8,37,35,155,45,190,216.75,1043.45,16.76,17484.87,971.38,0.3478,7,24,21,0.0,47.82,47.82
1492802,11,48,66,282,59,348,306.13,2047.16,32.31,66148.85,3674.94,0.6824,13,39,35,0.0,40.36,40.36
1502985,10,75,67,315,85,382,500.38,2448.39,21.0,51416.13,2856.45,0.8161,9,45,29,0.0,39.0,39.0
1511107,6,42,62,215,48,277,241.99,1547.03,15.36,23758.03,1319.89,0.5157,5,31,27,0.0,44.46,44.46
1521394,7,35,34,104,42,138,199.18,744.14,10.4,7739.05,429.95,0.248,4,22,20,0.0,50.07,50.07
1551715,7,40,75,215,47,290,232.53,1610.83,18.81,30303.75,1683.54,0.5369,7,38,33,0.0,42.14,42.14
1549675,10,69,179,790,79,969,454.71,6108.36,57.25,349681.68,19426.76,2.0361,26,119,105,0.0,24.72,24.72
1551666,8,51,78,268,59,346,313.29,2035.39,21.02,42783.19,2376.84,0.6785,9,38,36,0.0,41.16,41.16
1492734,12,50,75,259,62,334,325.21,1988.7,31.08,61808.84,3433.82,0.6629,8,32,26,0.0,42.99,42.99
1574181,6,40,44,163,46,207,228.39,1143.38,12.23,13977.79,776.54,0.3811,9,31,28,0.0,44.84,44.84
1511106,10,69,127,489,79,616,454.71,3883.13,35.43,137597.83,7644.32,1.2944,16,70,63,0.0,32.47,32.47
1551833,10,51,75,308,61,383,322.51,2271.47,30.2,68589.56,3810.53,0.7572,12,53,48,0.0,37.27,37.27
1521823,8,44,49,176,52,225,264.21,1282.6,16.0,20521.58,1140.09,0.4275,8,34,32,0.0,43.75,43.75
1558046,9,50,75,244,59,319,310.72,1876.56,21.96,41209.33,2289.41,0.6255,9,39,37,0.0,41.16,41.16
1549234,11,104,209,969,115,1178,734.9,8063.99,51.25,413240.58,22957.81,2.688,22,119,97,0.0,24.41,24.41
1521398,12,77,69,309,89,378,525.56,2447.83,24.08,58938.59,3274.37,0.8159,6,49,30,0.0,38.59,38.59
1560156,11,82,272,1096,93,1368,559.37,8945.57,73.51,657608.43,36533.8,2.9819,29,89,70,0.0,25.91,25.91
1516842,11,44,77,262,55,339,278.27,1959.88,32.75,64186.1,3565.89,0.6533,12,41,36,0.0,40.15,40.15
1618389,11,41,70,165,52,235,257.71,1339.6,22.13,29650.98,1647.28,0.4465,9,21,14,0.0,48.05,48.05
1629728,8,48,55,205,56,260,292.08,1509.91,17.08,25794.33,1433.02,0.5033,12,32,26,0.0,43.29,43.29
1602460,11,43,39,137,54,176,271.38,1012.86,17.52,17748.61,986.03,0.3376,9,28,26,0.0,46.18,46.18
1551854,12,98,221,1297,110,1518,691.26,10294.1,79.41,817435.89,45413.11,3.4314,38,159,148,0.0,18.77,18.77
1629729,9,57,101,275,66,376,361.0,2272.69,21.71,49341.34,2741.19,0.7576,11,37,30,0.0,40.81,40.81
1582957,7,33,28,92,40,120,186.12,638.63,9.76,6231.49,346.19,0.2129,4,16,14,0.0,53.55,53.55
1611047,8,41,35,125,49,160,243.66,898.35,12.2,10955.53,608.64,0.2995,6,24,20,0.0,48.41,48.41
1589107,11,64,85,301,75,386,422.05,2404.32,25.87,62193.1,3455.17,0.8014,12,49,44,0.0,37.84,37.84
1569632,14,131,260,1196,145,1456,974.68,10453.95,63.91,668095.04,37116.39,3.4846,44,127,95,0.0,20.05,20.05
1625802,11,99,123,452,110,575,694.36,3899.28,25.11,97915.3,5439.74,1.2998,13,77,45,0.02,40.65,31.96
1640878,10,59,63,301,69,364,380.3,2223.5,25.51,56718.17,3151.01,0.7412,10,30,21,0.0,43.0,43.0
1637206,9,56,73,305,65,378,353.74,2276.46,24.51,55793.47,3099.64,0.7588,11,33,21,0.0,41.89,41.89
1640877,10,62,95,422,72,517,402.38,3189.85,34.03,108557.84,6030.99,1.0633,16,38,28,0.0,38.85,38.85
1640467,9,34,33,90,43,123,201.5,667.43,11.91,7950.28,441.68,0.2225,5,24,22,0.0,49.44,49.44
1640471,9,41,45,181,50,226,248.19,1275.51,19.87,25339.12,1407.73,0.4252,4,18,14,0.0,50.33,50.33
1637147,12,72,149,639,84,788,487.25,5037.15,53.25,268228.03,14901.56,1.679,20,75,67,0.0,30.48,30.48
1660828,7,47,46,187,54,233,280.72,1340.89,13.93,18672.59,1037.37,0.447,6,31,25,0.0,44.76,44.76
1618008,11,93,204,971,104,1175,646.2,7873.02,57.42,452105.87,25116.99,2.6243,33,111,89,0.0,23.66,23.66
1649129,7,47,79,310,54,389,280.72,2238.65,23.09,51679.5,2871.08,0.7462,15,32,23,0.0,41.69,41.69
1669215,7,43,63,224,50,287,252.98,1619.79,18.23,29532.86,1640.71,0.5399,12,45,42,0.0,39.85,39.85
1655770,12,85,141,548,97,689,587.82,4547.34,38.68,175901.81,9772.32,1.5158,22,86,69,0.0,29.23,29.23
1689703,8,40,62,172,48,234,236.88,1306.88,17.2,22478.36,1248.8,0.4356,10,33,29,0.0,43.71,43.71
1669219,9,66,78,349,75,427,427.46,2659.71,23.8,63288.9,3516.05,0.8866,12,46,39,0.0,38.13,38.13
1674292,11,91,99,633,102,732,630.26,4884.22,38.26,186861.49,10381.19,1.6281,12,81,50,0.0,30.93,30.93
1648980,9,70,158,860,79,1018,457.58,6417.25,55.29,354782.18,19710.12,2.1391,25,86,78,0.0,27.78,27.78
1711392,11,65,124,542,76,666,429.51,4161.12,45.86,190835.35,10601.96,1.387,10,40,15,0.0,38.37,38.37
1660805,11,87,111,450,98,561,598.59,3710.85,28.45,105567.35,5864.85,1.237,11,62,45,0.0,34.43,34.43
1679217,10,54,87,356,64,443,343.98,2658.0,32.96,87615.56,4867.53,0.886,10,37,30,0.0,40.47,40.47
1735943,11,66,118,400,77,518,436.98,3246.2,33.33,108206.51,6011.47,1.0821,16,50,37,0.0,36.2,36.2
1722261,9,68,108,401,77,509,442.48,3189.79,26.54,84646.82,4702.6,1.0633,12,59,51,0.0,35.22,35.22
1716596,10,69,111,444,79,555,454.71,3498.6,32.17,112563.6,6253.53,1.1662,16,58,47,0.0,34.57,34.57
1674115,10,57,132,396,67,528,365.69,3202.9,34.74,111258.46,6181.03,1.0676,23,53,48,0.0,34.75,34.75
1729554,8,96,86,373,104,459,656.16,3075.5,15.54,47798.42,2655.47,1.0252,6,62,30,0.0,35.67,35.67
1702487,11,70,79,396,81,475,467.1,3011.43,31.11,93698.45,5205.47,1.0038,14,62,54,0.0,34.66,34.66
1752248,7,37,24,82,44,106,212.4,578.7,7.76,4488.83,249.38,0.1929,3,18,16,0.0,52.87,52.87
1740201,10,107,124,590,117,714,754.56,4905.44,27.57,135243.45,7513.53,1.6351,20,90,56,0.0,28.84,28.84
1696339,10,65,121,559,75,680,424.67,4235.6,43.0,182130.66,10118.37,1.4119,20,53,39,0.0,34.3,34.3
1806992,7,33,20,80,40,100,186.12,532.19,8.48,4515.58,250.87,0.1774,3,18,14,0.0,53.13,53.13
1740437,9,97,111,481,106,592,668.72,3982.93,22.31,88876.8,4937.6,1.3276,4,69,38,0.0,34.14,34.14
1729058,10,87,147,700,97,847,593.76,5590.13,40.23,224890.13,12493.9,1.8634,25,87,74,0.0,28.09,28.09
1735887,12,90,295,1368,102,1663,627.29,11096.24,91.2,1011977.39,56220.97,3.6987,42,117,108,0.0,20.91,20.91
1782310,9,62,57,198,71,255,397.69,1568.19,14.37,22536.34,1252.02,0.5227,8,33,19,0.0,43.42,43.42
1834417,6,37,39,108,43,147,208.26,797.66,8.76,6984.92,388.05,0.2659,7,22,19,0.0,49.46,49.46
1827335,12,57,82,333,69,415,375.49,2535.04,35.05,88859.74,4936.65,0.845,9,44,36,0.0,39.1,39.1
1833495,7,187,37,446,194,483,1430.92,3670.76,8.35,30642.0,1702.33,1.2236,6,31,28,0.0,41.7,41.7
1853510,13,80,181,913,93,1094,553.86,7153.84,74.18,530680.77,29482.27,2.3846,28,73,62,0.0,28.6,28.6
1827319,9,35,23,102,44,125,208.05,682.43,13.11,8949.57,497.2,0.2275,3,16,13,0.0,53.49,53.49
1813797,9,104,161,583,113,744,725.38,5074.21,25.23,128001.91,7111.22,1.6914,17,83,48,0.0,29.91,29.91
1858520,11,61,100,438,72,538,399.83,3319.42,39.49,131089.87,7282.77,1.1065,18,61,52,0.0,33.98,33.98
1846635,12,52,73,257,64,330,339.44,1980.0,29.65,58714.62,3261.92,0.66,11,39,34,0.0,40.73,40.73
1878204,13,90,87,505,103,592,632.37,3958.41,36.47,144371.95,8020.66,1.3195,17,59,38,0.0,33.89,33.89
1914068,8,39,28,112,47,140,230.13,777.64,11.49,8932.92,496.27,0.2592,5,19,15,0.0,51.19,51.19
1921794,8,41,55,123,49,178,243.66,999.42,12.0,11993.02,666.28,0.3331,5,15,12,0.0,52.67,52.67
1878182,8,26,24,47,34,71,146.21,361.21,7.23,2611.83,145.1,0.1204,1,10,7,0.0,60.14,60.14
1907203,9,47,49,156,56,205,289.6,1190.51,14.94,17781.63,987.87,0.3968,6,30,28,0.0,45.43,45.43
1897240,11,36,50,132,47,182,224.17,1010.94,20.17,20387.19,1132.62,0.337,7,23,20,0.0,48.31,48.31
1921755,9,40,44,140,49,184,241.41,1033.11,15.75,16271.43,903.97,0.3444,10,29,27,0.0,45.65,45.65
1921773,6,24,20,45,30,65,125.55,318.95,5.62,1794.08,99.67,0.1063,2,9,7,0.0,61.38,61.38
1892162,7,45,65,188,52,253,266.78,1442.21,14.62,21088.33,1171.57,0.4807,6,33,29,0.06,58.47,43.95
1928676,9,59,142,565,68,707,375.61,4303.84,43.09,185466.16,10303.68,1.4346,22,88,77,0.0,29.18,29.18
1950227,8,38,63,190,46,253,223.42,1397.46,20.0,27949.22,1552.73,0.4658,9,40,37,0.0,41.82,41.82
1933450,11,54,68,376,65,444,348.82,2673.93,38.3,102401.67,5688.98,0.8913,7,36,29,0.0,41.11,41.11
1950186,10,58,121,508,68,629,372.98,3829.01,43.79,167684.41,9315.8,1.2763,23,63,52,0.0,32.57,32.57
1928213,7,46,58,212,53,270,273.74,1546.54,16.13,24946.34,1385.91,0.5155,9,27,24,0.0,45.23,45.23
1928683,15,74,91,470,89,561,518.1,3632.89,47.64,173053.04,9614.06,1.211,16,67,57,0.0,33.09,33.09
1914465,12,64,111,487,76,598,427.02,3736.26,45.66,170583.65,9476.87,1.2454,16,68,63,0.0,32.86,32.86
1933535,9,44,57,288,53,345,268.74,1976.13,29.45,58206.09,3233.67,0.6587,8,43,38,0.0,40.21,40.21
1976377,8,38,36,151,46,187,223.42,1032.91,15.89,16417.77,912.1,0.3443,3,21,15,0.0,49.65,49.65
1942903,8,50,90,259,58,349,306.19,2044.44,20.72,42360.7,2353.37,0.6815,11,51,49,0.0,38.09,38.09
1928682,9,51,47,223,60,270,317.82,1594.86,19.68,31381.22,1743.4,0.5316,5,30,23,0.0,44.68,44.68
1936370,13,86,146,785,99,931,600.76,6171.93,59.33,366189.28,20343.85,2.0573,22,101,92,0.0,26.78,26.78
1982191,8,32,38,103,40,141,184.0,750.39,12.88,9661.3,536.74,0.2501,4,21,18,0.0,50.49,50.49
2017015,7,45,64,150,52,214,266.78,1219.89,11.67,14232.1,790.67,0.4066,6,25,21,0.0,47.09,47.09
1976254,12,76,146,658,88,804,517.86,5193.38,51.95,269782.58,14987.92,1.7311,18,72,57,0.0,31.05,31.05
1988770,6,44,89,380,50,469,255.72,2646.97,25.91,68580.55,3810.03,0.8823,13,57,53,0.0,35.98,35.98
1967424,15,93,168,897,108,1065,666.75,7193.96,72.34,520401.44,28911.19,2.398,19,104,73,0.0,26.44,26.44
1976214,11,57,96,412,68,508,370.53,3092.43,39.75,122937.7,6829.87,1.0308,17,65,61,0.0,33.73,33.73
2017770,9,65,53,295,74,348,419.98,2160.89,20.42,44132.02,2451.78,0.7203,3,33,22,0.04,55.23,43.12
2017192,7,42,57,183,49,240,246.13,1347.53,15.25,20549.84,1141.66,0.4492,9,42,40,0.0,41.47,41.47
2017766,11,90,88,417,101,505,622.32,3362.4,25.48,85685.08,4760.28,1.1208,6,57,43,0.0,36.2,36.2
2042085,12,97,160,744,109,904,683.21,6118.44,46.02,281574.33,15643.02,2.0395,26,78,59,0.0,28.71,28.71
2017058,7,39,43,125,46,168,225.78,927.96,11.22,10409.79,578.32,0.3093,3,22,19,0.0,49.53,49.53
2057037,9,65,140,471,74,611,419.98,3793.98,32.61,123712.8,6872.93,1.2647,17,58,48,0.0,34.19,34.19
2051786,11,79,107,529,90,636,536.05,4128.82,36.83,152060.73,8447.82,1.3763,10,60,45,0.06,48.86,34.55
2062987,9,62,85,343,71,428,397.69,2632.09,24.9,65526.35,3640.35,0.8774,15,43,33,0.0,38.4,38.4
1995669,13,84,258,1127,97,1385,585.06,9140.88,87.21,797160.85,44286.71,3.047,49,142,128,0.0,18.72,18.72
2092053,10,44,76,207,54,283,273.43,1628.63,23.52,38309.89,2128.33,0.5429,10,44,42,0.0,40.32,40.32
2051224,11,56,105,276,67,381,363.27,2311.18,27.11,62649.49,3480.53,0.7704,16,43,41,0.0,38.66,38.66
2101636,8,38,37,110,46,147,223.42,811.96,11.58,9401.68,522.32,0.2707,5,29,27,0.0,47.05,47.05
2131640,12,73,116,498,85,614,494.88,3935.37,40.93,161080.46,8948.91,1.3118,17,66,52,0.0,32.85,32.85
2141347,8,38,43,118,46,161,223.42,889.29,12.42,11045.96,613.66,0.2964,5,20,18,0.0,50.3,50.3
2147352,10,44,47,158,54,205,273.43,1179.75,17.95,21181.91,1176.77,0.3933,5,26,24,0.0,46.95,46.95
2101712,8,53,92,388,61,480,327.58,2846.75,29.28,83361.55,4631.2,0.9489,13,50,43,0.0,37.0,37.0
2077919,11,64,175,741,75,916,422.05,5705.6,63.68,363330.69,20185.04,1.9019,24,78,72,0.0,29.2,29.2
2078076,11,130,181,738,141,919,950.96,6561.25,31.22,204862.34,11381.24,2.1871,17,72,47,0.0,30.47,30.47
2153837,10,68,131,443,78,574,447.17,3607.82,32.57,117519.46,6528.86,1.2026,13,59,52,0.0,34.71,34.71
2183834,7,39,49,146,46,195,225.78,1077.09,13.1,14112.7,784.04,0.359,6,31,27,0.0,45.43,45.43
2173679,8,41,91,265,49,356,243.66,1998.84,25.85,51677.24,2870.96,0.6663,12,36,31,0.0,41.32,41.32
2153768,9,49,46,194,58,240,303.65,1405.92,17.82,25048.25,1391.57,0.4686,5,30,26,0.0,45.06,45.06
2167946,7,48,65,322,55,387,287.73,2237.39,23.48,52531.96,2918.44,0.7458,7,39,35,0.0,40.9,40.9
2131680,10,68,95,328,78,423,447.17,2658.73,24.12,64122.19,3562.34,0.8862,12,46,44,0.0,38.14,38.14
2205682,11,50,96,353,61,449,320.25,2662.9,38.83,103400.45,5744.47,0.8876,17,58,52,0.0,35.26,35.26
2210492,9,52,65,218,61,283,324.95,1678.4,18.87,31663.64,1759.09,0.5595,9,38,34,0.0,41.75,41.75
2184322,9,40,48,142,49,190,241.41,1066.79,15.97,17042.05,946.78,0.3556,7,26,24,0.0,46.99,46.99
2162068,10,79,102,647,89,749,531.22,4850.32,40.95,198617.71,11034.32,1.6168,12,66,55,0.0,32.89,32.89
2249661,7,33,27,84,40,111,186.12,590.73,8.91,5262.9,292.38,0.1969,3,20,17,0.0,51.81,51.81
2155391,12,94,145,638,106,783,659.15,5267.96,40.72,214529.33,11918.3,1.756,22,71,50,0.0,30.6,30.6
2249648,5,34,30,99,39,129,184.58,681.82,7.28,4963.23,275.73,0.2273,5,18,15,0.0,52.1,52.1
2197724,8,39,30,151,47,181,230.13,1005.38,15.49,15570.51,865.03,0.3351,8,27,24,0.0,46.68,46.68
2190325,13,78,140,515,91,655,538.37,4262.61,42.92,182936.82,10163.16,1.4209,25,84,70,0.0,29.25,29.25
2225735,12,36,47,123,48,170,229.14,949.44,20.5,19463.59,1081.31,0.3165,7,25,23,0.0,47.72,47.72
2162075,12,93,121,621,105,742,651.16,4981.97,40.06,199600.22,11088.9,1.6607,17,58,45,0.0,33.36,33.36
2204692,9,47,33,111,56,144,289.6,836.26,10.63,8887.48,493.75,0.2788,4,24,19,0.0,48.89,48.89
2261656,10,54,80,224,64,304,343.98,1824.0,20.74,37831.11,2101.73,0.608,4,27,15,0.0,45.4,45.4
2237950,8,50,56,258,58,314,306.19,1839.41,20.64,37965.34,2109.19,0.6131,10,27,20,0.0,44.57,44.57
2246028,8,34,54,165,42,219,196.97,1180.92,19.41,22923.69,1273.54,0.3936,7,36,34,0.0,43.6,43.6
2229000,7,40,32,96,47,128,232.53,710.99,8.4,5972.29,331.79,0.237,3,19,12,0.0,51.73,51.73
2210527,12,108,247,978,120,1225,772.55,8460.94,54.33,459711.13,25539.51,2.8203,4,71,2,0.0,31.58,31.58
2344696,9,31,87,142,40,229,182.11,1218.72,20.61,25121.39,1395.63,0.4062,18,23,21,0.0,46.27,46.27
2283713,9,46,41,194,55,235,282.61,1358.62,18.98,25784.24,1432.46,0.4529,6,30,26,0.0,45.03,45.03
2277789,8,37,29,99,45,128,216.75,702.96,10.7,7523.54,417.97,0.2343,4,21,19,0.0,50.68,50.68
2314881,12,82,181,642,94,823,564.34,5394.43,46.98,253406.48,14078.14,1.7981,25,80,70,0.0,28.99,28.99
2344697,6,33,41,118,39,159,181.97,840.38,10.73,9014.97,500.83,0.2801,5,24,20,0.0,48.74,48.74
2388319,10,37,51,141,47,192,225.97,1066.48,19.05,20320.79,1128.93,0.3555,9,28,26,0.0,46.02,46.02
2340715,7,35,36,111,42,147,199.18,792.67,11.1,8798.64,488.81,0.2642,3,18,16,0.0,51.91,51.91
2364697,11,78,107,395,89,502,528.32,3250.82,27.85,90543.62,5030.2,1.0836,14,54,31,0.0,35.74,35.74
2354696,9,51,120,421,60,541,317.82,3195.63,37.15,118708.17,6594.9,1.0652,13,49,44,0.0,36.84,36.84
2270977,12,99,314,1441,111,1755,699.33,11924.2,87.33,1041380.12,57854.45,3.9747,52,102,90,0.0,20.65,20.65
2392723,8,40,48,133,48,181,236.88,1010.88,13.3,13444.68,746.93,0.337,6,31,29,0.0,45.62,45.62
2399827,9,34,55,150,43,205,201.5,1112.38,19.85,22084.1,1226.89,0.3708,5,27,25,0.0,46.77,46.77
2456532,9,43,49,143,52,192,261.86,1094.48,14.97,16379.09,909.95,0.3648,8,21,18,0.0,48.8,48.8
2415332,9,70,164,447,79,611,457.58,3851.61,28.74,110678.77,6148.82,1.2839,12,55,42,0.0,35.32,35.32
2415291,10,52,60,232,62,292,329.64,1738.63,22.31,38784.72,2154.71,0.5795,5,32,25,0.0,43.81,43.81
2392644,7,34,29,96,41,125,192.63,669.69,9.88,6618.15,367.68,0.2232,3,15,13,0.0,54.15,54.15
2358753,13,97,226,856,110,1082,688.3,7337.43,57.36,420881.11,23382.28,2.4458,25,87,73,0.0,27.26,27.26
2452187,13,55,83,366,68,449,366.08,2733.27,43.25,118226.39,6568.13,0.9111,14,43,38,0.0,38.42,38.42
2358936,15,162,368,1738,177,2106,1247.66,15726.78,80.46,1265423.1,70301.28,5.2423,52,209,165,0.0,13.01,13.01
2451979,12,67,129,512,79,641,449.45,4040.72,45.85,185270.19,10292.79,1.3469,21,70,65,0.0,31.67,31.67
2521833,7,33,55,145,40,200,186.12,1064.39,15.38,16368.96,909.39,0.3548,9,25,23,0.0,47.1,47.1
2527550,6,30,37,117,36,154,162.72,796.17,11.7,9315.17,517.51,0.2654,6,24,21,0.0,48.77,48.77
2503434,9,62,155,404,71,559,397.69,3437.71,29.32,100802.49,5600.14,1.1459,15,58,52,0.0,34.75,34.75
2492655,8,48,41,126,56,167,292.08,969.83,10.5,10183.2,565.73,0.3233,7,20,12,0.0,49.76,49.76
2527691,9,57,136,320,66,456,361.0,2756.24,25.26,69631.42,3868.41,0.9187,12,36,27,0.0,40.35,40.35
2555036,9,50,43,157,59,200,310.72,1176.53,14.13,16624.35,923.57,0.3922,7,30,26,0.0,45.34,45.34
2512374,12,66,110,321,78,431,441.95,2709.01,29.18,79053.79,4391.88,0.903,29,39,37,0.0,37.36,37.36
2549323,9,51,72,223,60,295,317.82,1742.53,19.68,34286.89,1904.83,0.5808,8,40,36,0.0,41.28,41.28
2456605,13,58,111,303,71,414,387.87,2546.0,33.96,86454.1,4803.01,0.8487,20,37,34,0.0,39.25,39.25
2521864,8,41,56,160,49,216,243.66,1212.78,15.61,18931.16,1051.73,0.4043,8,24,22,0.0,47.22,47.22
2549227,8,45,42,152,53,194,271.13,1111.22,13.51,15013.77,834.1,0.3704,4,26,22,0.0,47.27,47.27
2479646,11,61,101,338,72,439,399.83,2708.6,30.48,82545.61,4585.87,0.9029,11,50,45,0.0,37.42,37.42
2591623,8,39,31,108,47,139,230.13,772.09,11.08,8552.36,475.13,0.2574,5,23,21,0.0,49.4,49.4
2581752,10,66,111,413,76,524,432.15,3273.91,31.29,102433.82,5690.77,1.0913,14,57,45,0.0,35.2,35.2
2615240,11,52,100,348,63,448,334.48,2677.82,36.81,98564.43,5475.8,0.8926,14,49,42,0.0,37.25,37.25
2591648,9,39,39,112,48,151,234.66,843.33,12.92,10898.41,605.47,0.2811,5,18,16,0.0,51.46,51.46
2622562,8,42,54,246,50,300,250.48,1693.16,23.43,39668.25,2203.79,0.5644,8,26,16,0.0,45.45,45.45
2615413,15,76,214,779,91,993,533.45,6462.24,76.88,496784.71,27599.15,2.1541,24,95,87,0.0,26.95,26.95
2602527,7,42,34,129,49,163,246.13,915.2,10.75,9838.38,546.58,0.3051,3,21,14,0.0,50.02,50.02
2622958,11,38,53,168,49,221,237.47,1240.85,24.32,30172.27,1676.24,0.4136,13,20,17,0.0,48.21,48.21
2635782,9,31,24,69,40,93,182.11,494.94,10.02,4957.38,275.41,0.165,3,13,10,0.0,56.43,56.43
2628292,9,54,57,216,63,273,339.29,1631.8,18.0,29372.35,1631.8,0.5439,11,39,34,0.0,41.32,41.32
2622943,12,53,98,334,65,432,346.6,2601.66,37.81,98372.31,5465.13,0.8672,15,44,33,0.0,38.22,38.22
2622541,6,46,64,258,52,322,269.59,1835.54,16.83,30884.98,1715.83,0.6118,11,38,34,0.0,41.21,41.21
2628851,12,83,228,893,95,1121,572.15,7364.81,64.55,475429.42,26412.75,2.4549,40,128,119,0.0,21.58,21.58
2622320,13,121,239,839,134,1078,885.29,7617.24,45.07,343311.08,19072.84,2.5391,24,83,40,0.0,27.73,27.73
2650235,8,44,48,155,52,203,264.21,1157.19,14.09,16305.85,905.88,0.3857,6,36,34,0.0,43.79,43.79
2661260,8,32,24,79,40,103,184.0,548.16,9.88,5413.07,300.73,0.1827,3,16,14,0.0,54.15,54.15
2636347,10,62,106,317,72,423,402.38,2609.88,25.56,66720.28,3706.68,0.87,10,36,28,0.0,40.78,40.78
2684898,9,35,38,97,44,135,208.05,737.02,12.47,9191.73,510.65,0.2457,6,21,19,0.0,50.27,50.27
2678385,8,36,25,102,44,127,210.12,693.35,11.33,7857.94,436.55,0.2311,2,18,16,0.0,52.46,52.46
2699608,12,48,71,236,60,307,311.1,1813.42,29.5,53495.75,2971.99,0.6045,11,34,31,0.0,42.3,42.3
2717744,7,36,30,120,43,150,205.77,813.94,11.67,9495.96,527.55,0.2713,4,21,17,0.0,50.24,50.24
2723408,6,32,29,112,38,141,175.51,739.96,10.5,7769.56,431.64,0.2467,6,20,17,0.0,50.72,50.72
2722921,9,54,111,402,63,513,339.29,3066.34,33.5,102722.54,5706.81,1.0221,12,32,26,0.0,41.14,41.14
2690089,12,67,154,540,79,694,449.45,4374.82,48.36,211558.65,11753.26,1.4583,27,89,82,0.0,28.35,28.35
2706401,10,58,55,259,68,314,372.98,1911.46,22.33,42678.36,2371.02,0.6372,12,36,29,0.0,41.46,41.46
2622634,11,87,163,874,98,1037,598.59,6859.45,55.25,379004.55,21055.81,2.2865,37,108,94,0.0,23.8,23.8
2716919,6,35,25,77,41,102,195.03,546.47,6.6,3606.7,200.37,0.1822,4,12,10,0.0,56.75,56.75
2730878,9,53,116,667,62,783,332.11,4662.14,56.63,264026.42,14668.13,1.554,16,51,42,0.0,34.91,34.91
2739595,7,39,43,122,46,165,225.78,911.39,10.95,9978.53,554.36,0.3038,4,26,23,0.0,47.87,47.87
2706413,9,56,50,199,65,249,353.74,1499.57,15.99,23979.72,1332.21,0.4999,9,37,29,0.0,42.34,42.34
2760411,10,49,88,309,59,397,308.34,2335.41,31.53,73636.88,4090.94,0.7785,15,47,43,0.0,37.92,37.92
2753025,11,89,96,547,100,643,614.39,4272.0,33.8,144407.98,8022.67,1.424,10,71,51,0.0,32.85,32.85
2760413,12,74,87,481,86,568,502.52,3650.12,39.0,142354.62,7908.59,1.2167,15,66,40,0.0,33.35,33.35
2711417,10,46,78,260,56,338,287.3,1962.89,28.26,55472.86,3081.83,0.6543,9,33,29,0.0,42.61,42.61
2730732,11,76,101,416,87,517,512.9,3331.0,30.11,100280.69,5571.15,1.1103,12,54,41,0.0,35.93,35.93
2723710,12,99,167,701,111,868,699.33,5897.55,42.48,250556.64,13919.81,1.9659,19,89,75,0.0,28.52,28.52
2806644,8,45,62,217,53,279,271.13,1598.09,19.29,30825.38,1712.52,0.5327,8,33,31,0.0,43.37,43.37
2753010,12,87,130,447,99,577,603.56,3825.14,30.83,117919.8,6551.1,1.275,19,50,37,0.05,48.37,35.3
2770486,10,77,140,532,87,672,515.76,4329.66,34.55,149570.0,8309.44,1.4432,29,86,78,0.03,37.74,28.44
2796998,9,69,139,525,78,664,450.02,4173.51,34.24,142897.25,7938.74,1.3912,16,67,58,0.0,32.66,32.66
2813003,11,45,57,181,56,238,285.19,1382.15,22.12,30576.24,1698.68,0.4607,11,34,30,0.0,43.12,43.12
2817727,9,43,43,148,52,191,261.86,1088.78,15.49,16863.49,936.86,0.3629,8,31,29,0.0,45.13,45.13
2864511,8,47,41,136,55,177,285.07,1023.3,11.57,11844.16,658.01,0.3411,11,25,22,0.0,46.95,46.95
2880549,9,41,125,677,50,802,248.19,4526.37,74.3,336331.57,18685.09,1.5088,17,44,39,0.0,36.27,36.27
2864515,8,36,49,138,44,187,210.12,1020.91,15.33,15654.01,869.67,0.3403,11,24,22,0.0,47.34,47.34
2744264,11,82,78,421,93,499,559.37,3263.04,28.24,92141.09,5118.95,1.0877,10,57,36,0.0,35.75,35.75
2843106,8,55,63,261,63,324,341.97,1936.64,18.98,36760.92,2042.27,0.6455,6,40,35,0.0,41.23,41.23
2898642,5,34,16,76,39,92,184.58,486.26,5.59,2717.32,150.96,0.1621,2,13,10,0.0,56.62,56.62
2887845,10,62,89,342,72,431,402.38,2659.24,27.58,73343.49,4074.64,0.8864,12,58,50,0.0,35.94,35.94
2899430,11,63,116,382,74,498,414.62,3092.31,33.35,103126.01,5729.22,1.0308,17,72,67,0.0,32.76,32.76
2850493,12,62,194,768,74,962,412.18,5973.49,74.32,443965.5,24664.75,1.9912,27,80,69,0.0,28.41,28.41
2920174,10,48,147,593,58,740,301.3,4334.91,61.77,267770.75,14876.15,1.445,13,88,84,0.0,30.37,30.37
2864632,11,119,310,1599,130,1909,858.54,13405.7,73.9,990726.3,55040.35,4.4686,60,161,135,0.0,14.89,14.89
2941266,8,60,87,311,68,398,378.41,2422.81,20.73,50232.93,2790.72,0.8076,12,42,36,0.0,39.28,39.28
2856334,10,88,121,508,98,629,601.65,4160.65,28.86,120091.56,6671.75,1.3869,19,64,56,0.0,32.7,32.7
2961363,13,61,90,371,74,461,409.88,2862.56,39.53,113164.9,6286.94,0.9542,20,56,50,0.0,34.97,34.97
2914063,9,48,111,322,57,433,296.61,2525.64,30.19,76242.8,4235.71,0.8419,11,54,48,0.0,36.91,36.91
3001523,6,37,32,104,43,136,208.26,737.97,8.43,6222.9,345.72,0.246,4,24,20,0.0,49.27,49.27
2961060,5,39,75,370,44,445,217.74,2429.45,23.72,57621.5,3201.19,0.8098,18,56,51,0.0,35.74,35.74
2977017,9,41,61,293,50,354,248.19,1997.93,32.16,64250.35,3569.46,0.666,13,53,48,0.0,37.53,37.53
3042579,7,38,32,128,45,160,219.07,878.7,11.79,10359.37,575.52,0.2929,7,19,16,0.0,50.55,50.55
2941400,10,89,114,426,99,540,609.56,3579.85,23.93,85675.12,4759.73,1.1933,16,64,45,0.0,33.56,33.56
2941516,13,48,79,229,61,308,316.18,1826.67,31.01,56645.71,3146.98,0.6089,11,32,30,0.0,42.85,42.85
2925640,10,75,112,460,85,572,500.38,3666.17,30.67,112429.26,6246.07,1.2221,13,64,57,0.0,33.89,33.89
3055458,7,29,21,70,36,91,160.53,470.46,8.45,3974.6,220.81,0.1568,4,14,12,0.0,55.75,55.75
2997588,7,54,187,777,61,964,330.42,5717.23,50.36,287926.1,15995.89,1.9057,40,116,108,0.0,23.28,23.28
3048941,6,31,23,75,37,98,169.09,510.53,7.26,3705.43,205.86,0.1702,2,15,11,0.0,55.11,55.11
3023578,10,41,45,243,51,288,252.88,1633.66,29.63,48412.08,2689.56,0.5446,7,29,22,0.0,44.66,44.66
3023759,7,32,23,69,39,92,179.65,486.26,7.55,3669.72,203.87,0.1621,4,18,16,0.0,53.27,53.27
3001559,10,53,58,237,63,295,336.8,1763.3,22.36,39424.67,2190.26,0.5878,10,33,30,0.0,42.8,42.8
3074198,7,25,10,58,32,68,135.75,340.0,8.12,2760.8,153.38,0.1133,3,16,15,0.0,55.6,55.6
3055526,9,44,50,177,53,227,268.74,1300.24,18.1,23537.26,1307.63,0.4334,9,38,34,0.03,52.44,42.52
3048957,10,78,142,473,88,615,523.48,3972.55,30.32,120449.77,6691.65,1.3242,22,67,57,0.0,32.01,32.01
3055451,8,42,143,426,50,569,250.48,3211.35,40.57,130289.23,7238.29,1.0705,16,67,63,0.0,33.46,33.46
3042606,8,43,86,216,51,302,257.33,1713.07,20.09,34420.8,1912.27,0.571,11,43,31,0.0,40.25,40.25
3074607,7,40,79,168,47,247,232.53,1371.98,14.7,20168.16,1120.45,0.4573,15,29,26,0.0,44.11,44.11
3042537,10,47,64,255,57,319,294.28,1860.69,27.13,50476.22,2804.23,0.6202,9,43,39,0.0,40.26,40.26
3074989,8,44,61,206,52,267,264.21,1522.02,18.73,28503.24,1583.51,0.5073,14,45,43,0.0,39.77,39.77
3074227,8,84,79,247,92,326,560.95,2126.68,11.76,25013.82,1389.66,0.7089,7,47,15,0.0,39.28,39.28
3075828,7,38,49,162,45,211,219.07,1158.78,14.92,17290.23,960.57,0.3863,8,34,30,0.0,44.06,44.06
3090087,6,37,58,182,43,240,208.26,1302.3,14.76,19217.78,1067.65,0.4341,7,31,27,0.0,44.72,44.72
3074851,9,69,84,289,78,373,450.02,2344.46,18.85,44187.88,2454.88,0.7815,14,55,51,0.02,44.74,36.56
3103047,9,47,73,192,56,265,289.6,1538.95,18.38,28290.47,1571.69,0.513,7,27,23,0.0,45.52,45.52
3084209,12,75,200,958,87,1158,510.18,7460.93,76.64,571805.57,31766.98,2.487,32,124,111,0.0,22.91,22.91
3109508,7,33,32,97,40,129,186.12,686.53,10.29,7062.92,392.38,0.2288,3,23,19,0.0,50.03,50.03
3122556,11,67,106,413,78,519,444.48,3262.12,33.9,110595.73,6144.21,1.0874,12,68,56,0.0,33.81,33.81
3141632,10,60,97,522,70,619,387.63,3794.03,43.5,165040.14,9168.9,1.2647,15,72,61,0.0,32.41,32.41
3135597,8,38,40,117,46,157,223.42,867.2,12.32,10680.24,593.35,0.2891,4,24,21,0.0,48.78,48.78
3070360,11,100,212,1054,111,1266,702.44,8601.73,57.97,498642.32,27702.35,2.8672,34,141,111,0.0,20.99,20.99
3090122,10,71,99,370,81,469,469.85,2973.39,26.06,77475.65,4304.2,0.9911,11,59,45,0.0,35.57,35.57
3147946,6,37,30,123,43,153,208.26,830.22,9.97,8279.75,459.99,0.2767,5,24,22,0.0,48.78,48.78
3085798,12,74,172,751,86,923,502.52,5931.44,60.89,361176.75,20065.37,1.9771,24,90,85,0.0,27.72,27.72
3161157,10,61,71,242,71,313,394.99,1924.87,19.84,38181.86,2121.21,0.6416,11,41,33,0.0,40.34,40.34
3154267,12,56,65,225,68,290,368.23,1765.36,24.11,42557.89,2364.33,0.5885,9,36,28,0.0,42.11,42.11
3141693,11,62,99,552,73,651,407.21,4029.58,48.97,197319.23,10962.18,1.3432,19,79,71,0.0,30.81,30.81
3182642,9,45,50,150,54,200,275.66,1150.98,15.0,17264.66,959.15,0.3837,6,31,28,0.0,45.23,45.23
3189000,8,49,56,217,57,273,299.12,1592.38,17.71,28207.86,1567.1,0.5308,5,36,29,0.0,42.96,42.96
3182721,8,66,113,639,74,752,422.93,4669.51,38.73,180837.35,10046.52,1.5565,15,60,42,0.0,33.5,33.5
3167032,8,39,47,147,47,194,230.13,1077.59,15.08,16246.75,902.6,0.3592,5,21,19,0.0,49.25,49.25
3199750,11,49,118,335,60,453,313.17,2675.82,37.6,100616.35,5589.8,0.8919,13,58,51,0.0,35.79,35.79
3176597,12,42,131,427,54,558,269.5,3211.23,61.0,195884.86,10882.49,1.0704,18,63,60,0.0,33.77,33.77
3226720,12,73,99,480,85,579,494.88,3711.04,39.45,146408.05,8133.78,1.237,20,50,41,0.0,35.26,35.26
3182782,9,65,123,421,74,544,419.98,3377.94,29.15,98454.04,5469.67,1.126,15,68,60,0.0,33.3,33.3
3196102,10,64,107,479,74,586,417.22,3638.74,37.42,136168.46,7564.91,1.2129,6,49,40,0.0,37.39,37.39
3237891,11,82,265,1017,93,1282,559.37,8383.2,68.21,571846.81,31769.27,2.7944,23,122,95,0.0,23.92,23.92
3323154,6,55,72,476,61,548,333.48,3250.04,25.96,84382.96,4687.94,1.0833,10,48,41,0.0,37.39,37.39
3202160,13,54,123,479,67,602,358.87,3651.79,57.66,210552.5,11697.36,1.2173,24,58,52,0.0,33.36,33.36
3272870,12,75,132,508,87,640,510.18,4123.48,40.64,167578.38,9309.91,1.3745,17,69,64,0.0,32.29,32.29
3335727,11,92,194,794,103,988,638.22,6606.26,47.47,313582.05,17421.22,2.2021,22,102,91,0.0,26.48,26.48
3291954,9,66,130,886,75,1016,427.46,6328.48,60.41,382297.71,21238.76,2.1095,32,124,114,0.0,23.41,23.41
3310755,12,57,114,568,69,682,375.49,4166.01,59.79,249083.77,13837.99,1.3887,20,72,67,0.0,31.45,31.45
3243487,10,55,101,447,65,548,351.19,3300.26,40.64,134110.47,7450.58,1.1001,16,67,63,0.0,33.38,33.38
3286272,11,51,99,320,62,419,327.35,2494.81,34.51,86095.34,4783.07,0.8316,8,33,27,0.0,42.01,42.01
average,9.4767,57.2814,92.3727,357.1888,66.7581,449.5615,372.1675,2824.2323,28.2313,117793.48,6544.0821,0.9414,12.6752,49.723,41.0887,0.0083,41.2141,39.9014
