submission_id,h1,h2,N1,N2,vocabulary,length,calculated_length,volume,difficulty,effort,time_sec,bugs,cyclomatic,sloc,lloc,comment_rate,mi_std,mi_custom
19821,8,37,31,117,45,148,216.75,812.79,12.65,10280.75,571.15,0.2709,4,22,19,0.0,49.8,49.8
19768,5,31,39,103,36,142,165.19,734.13,8.31,6098.01,338.78,0.2447,5,25,22,0.0,48.77,48.77
11553,8,39,58,200,47,258,230.13,1433.08,20.51,29396.59,1633.14,0.4777,10,37,34,0.0,42.35,42.35
15926,11,39,48,140,50,188,244.18,1061.04,19.74,20948.84,1163.82,0.3537,6,24,21,0.0,47.9,47.9
11776,13,74,139,426,87,565,507.61,3640.26,37.42,136214.71,7567.48,1.2134,21,86,81,0.0,30.04,30.04
11501,9,31,53,109,40,162,182.11,862.15,15.82,13641.48,757.86,0.2874,4,17,14,0.0,52.07,52.07
3,5,28,23,62,33,85,146.22,428.77,5.54,2373.57,131.86,0.1429,1,13,10,0.0,57.14,57.14
31543,9,43,72,230,52,302,261.86,1721.53,24.07,41436.89,2302.05,0.5738,9,38,35,0.0,41.67,41.67
11549,9,55,111,413,64,524,346.5,3144.0,33.79,106238.62,5902.15,1.048,13,63,58,0.0,34.51,34.51
20122,9,46,72,208,55,280,282.61,1618.78,20.35,32938.67,1829.93,0.5396,9,37,33,0.0,42.11,42.11
6,9,50,89,266,59,355,310.72,2088.34,23.94,49994.82,2777.49,0.6961,10,43,38,0.0,39.78,39.78
31644,9,43,88,269,52,357,261.86,2035.06,28.15,57289.22,3182.73,0.6784,13,43,39,0.0,39.45,39.45
16001,10,41,64,179,51,243,252.88,1378.4,21.83,30089.45,1671.64,0.4595,10,40,37,0.0,41.73,41.73
35453,9,48,89,286,57,375,296.61,2187.33,26.81,58647.89,3258.22,0.7291,11,51,47,0.0,37.89,37.89
31504,11,60,72,238,71,310,392.47,1906.42,21.82,41591.76,2310.65,0.6355,11,46,41,0.0,39.28,39.28
19829,9,32,94,174,41,268,188.53,1435.82,24.47,35132.82,1951.82,0.4786,10,33,31,0.0,43.42,43.42
17873,6,38,46,148,44,194,214.93,1059.13,11.68,12375.09,687.51,0.353,8,29,26,0.0,45.84,45.84
45907,7,25,22,59,32,81,135.75,405.0,8.26,3345.3,185.85,0.135,3,14,11,0.0,56.34,56.34
35394,8,55,129,357,63,486,341.97,2904.96,25.96,75423.27,4190.18,0.9683,19,67,61,0.03,43.79,33.36
35393,5,31,53,153,36,206,165.19,1065.0,12.34,13140.78,730.04,0.355,8,35,32,0.0,44.04,44.04
87,10,77,505,1716,87,2221,515.76,14309.78,111.43,1594518.06,88584.34,4.7699,88,154,141,0.05,24.7,11.35
55503,11,48,105,351,59,456,306.13,2682.49,40.22,107886.2,5993.68,0.8942,16,58,55,0.0,35.37,35.37
43241,9,53,106,396,62,502,332.11,2989.01,33.62,100498.3,5583.24,0.9963,10,48,43,0.0,37.64,37.64
1,7,33,44,148,40,192,186.12,1021.81,15.7,16039.32,891.07,0.3406,6,26,23,0.0,47.26,47.26
55246,7,31,51,118,38,169,173.23,886.9,13.32,11815.79,656.43,0.2956,4,21,19,0.0,49.98,49.98
45970,6,34,41,121,40,162,188.48,862.15,10.68,9204.74,511.37,0.2874,5,27,24,0.0,47.55,47.55
47057,9,56,112,481,65,593,353.74,3571.26,38.65,138035.74,7668.65,1.1904,16,76,72,0.0,31.94,31.94
43242,8,42,72,201,50,273,250.48,1540.77,19.14,29494.79,1638.6,0.5136,8,39,35,0.0,41.9,41.9
56363,9,52,65,223,61,288,324.95,1708.05,19.3,32962.13,1831.23,0.5694,13,48,44,0.0,38.94,38.94
43205,6,33,43,136,39,179,181.97,946.09,12.36,11697.08,649.84,0.3154,6,26,23,0.0,47.49,47.49
69337,4,33,32,106,37,138,174.47,718.9,6.42,4618.42,256.58,0.2396,5,22,19,0.0,50.04,50.04
31790,8,43,48,136,51,184,257.33,1043.73,12.65,13204.35,733.58,0.3479,7,29,25,0.0,46.02,46.02
75874,9,32,47,161,41,208,188.53,1114.37,22.64,25230.05,1401.67,0.3715,5,24,23,0.0,47.88,47.88
55387,8,64,87,286,72,373,408.0,2301.38,17.88,41137.2,2285.4,0.7671,10,52,46,0.0,37.68,37.68
55394,7,38,53,157,45,210,219.07,1153.29,14.46,16677.17,926.51,0.3844,8,32,28,0.0,44.65,44.65
69622,8,37,69,213,45,282,216.75,1548.7,23.03,35662.02,1981.22,0.5162,10,40,37,0.0,41.37,41.37
55393,11,47,103,377,58,480,299.12,2811.83,44.12,124049.6,6891.64,0.9373,16,44,41,0.0,37.85,37.85
75817,7,48,73,267,55,340,287.73,1965.66,19.47,38268.99,2126.05,0.6552,15,52,48,0.0,37.49,37.49
56371,12,92,169,550,104,719,643.19,4817.62,35.87,172805.8,9600.32,1.6059,17,75,63,0.0,31.02,31.02
55390,10,58,101,370,68,471,372.98,2867.19,31.9,91453.63,5080.76,0.9557,18,70,66,0.0,33.12,33.12
64065,9,45,73,250,54,323,275.66,1858.83,25.0,46470.72,2581.71,0.6196,10,45,41,0.0,39.7,39.7
46775,9,65,147,547,74,694,419.98,4309.36,37.87,163192.17,9066.23,1.4365,21,81,76,0.0,30.1,30.1
76824,8,47,79,207,55,286,285.07,1653.47,17.62,29129.2,1618.29,0.5512,8,32,29,0.0,43.56,43.56
84059,7,49,77,240,56,317,294.77,1840.93,17.14,31558.83,1753.27,0.6136,6,36,32,0.0,42.38,42.38
55395,10,68,152,527,78,679,447.17,4267.79,38.75,165376.79,9187.6,1.4226,24,95,91,0.0,28.21,28.21
55271,8,47,87,256,55,343,285.07,1983.01,21.79,43204.22,2400.23,0.661,13,44,40,0.0,39.31,39.31
96634,6,33,34,92,39,126,181.97,665.96,8.36,5569.85,309.44,0.222,5,19,16,0.0,51.66,51.66
91549,7,30,44,73,37,117,166.86,609.51,8.52,5190.96,288.39,0.2032,2,13,11,0.0,55.93,55.93
69584,8,63,136,453,71,589,400.57,3622.2,28.76,104181.4,5787.86,1.2074,18,59,54,0.0,34.03,34.03
56242,11,59,119,435,70,554,385.13,3395.62,40.55,137695.38,7649.74,1.1319,22,84,79,0.0,30.34,30.34
91551,10,57,98,304,67,402,365.69,2438.57,26.67,65028.48,3612.69,0.8129,11,40,35,0.0,39.86,39.86
83873,8,48,47,186,56,233,292.08,1353.11,15.5,20973.26,1165.18,0.451,10,36,31,0.0,42.78,42.78
69382,6,26,32,49,32,81,137.72,405.0,5.65,2289.81,127.21,0.135,1,8,6,0.0,61.91,61.91
108743,7,41,47,137,48,184,239.31,1027.63,11.7,12018.29,667.68,0.3425,4,25,21,0.0,47.88,47.88
101612,6,28,43,100,34,143,150.12,727.51,10.71,7794.72,433.04,0.2425,3,17,14,0.0,52.72,52.72
112081,7,38,54,162,45,216,219.07,1186.24,14.92,17699.95,983.33,0.3954,5,31,28,0.0,45.27,45.27
108733,8,26,39,80,34,119,146.21,605.41,12.31,7451.18,413.95,0.2018,2,14,13,0.0,55.25,55.25
84138,5,27,23,62,32,85,139.99,425.0,5.74,2439.81,135.55,0.1417,2,13,11,0.0,57.03,57.03
112112,7,27,26,74,34,100,148.03,508.75,9.59,4880.2,271.12,0.1696,3,19,17,0.0,52.75,52.75
118342,4,26,22,61,30,83,130.21,407.27,4.69,1911.05,106.17,0.1358,1,9,6,0.0,60.78,60.78
96588,8,29,36,81,37,117,164.88,609.51,11.17,6809.65,378.31,0.2032,2,14,11,0.0,55.23,55.23
101961,12,57,200,560,69,760,375.49,4642.48,58.95,273661.9,15203.44,1.5475,22,58,51,0.04,44.22,32.9
101742,10,58,112,319,68,431,372.98,2623.7,27.5,72151.65,4008.43,0.8746,12,54,49,0.0,36.66,36.66
119358,11,118,248,836,129,1084,850.21,7600.17,38.97,296149.01,16452.72,2.5334,31,130,120,0.05,35.17,22.54
98122,7,30,44,73,37,117,166.86,609.51,8.52,5190.96,288.39,0.2032,2,13,11,0.0,55.93,55.93
133788,8,45,64,201,53,265,271.13,1517.9,17.87,27119.79,1506.66,0.506,7,36,32,0.0,42.83,42.83
109105,6,40,75,281,46,356,228.39,1966.39,21.08,41441.63,2302.31,0.6555,10,42,39,0.0,40.18,40.18
129419,8,50,77,248,58,325,306.19,1903.84,19.84,37772.26,2098.46,0.6346,10,44,39,0.0,39.84,39.84
101601,11,45,92,233,56,325,285.19,1887.39,28.48,53748.68,2986.04,0.6291,9,36,31,0.0,41.9,41.9
112077,7,45,104,352,52,456,266.78,2599.4,27.38,71165.81,3953.66,0.8665,13,43,37,0.05,51.78,38.71
112137,10,66,148,441,76,589,432.15,3680.03,33.41,122946.43,6830.36,1.2267,21,72,67,0.03,41.68,31.69
133845,5,36,51,195,41,246,197.73,1317.96,13.54,17847.35,991.52,0.4393,6,34,30,0.0,43.94,43.94
112424,8,56,78,220,64,298,349.21,1788.0,15.71,28097.14,1560.95,0.596,5,36,30,0.03,53.11,42.61
143071,10,43,49,188,53,237,266.55,1357.52,21.86,29675.96,1648.66,0.4525,9,35,31,0.0,43.17,43.17
118364,5,35,53,189,40,242,191.13,1287.91,13.5,17386.74,965.93,0.4293,6,30,26,0.0,45.2,45.2
135140,10,43,81,223,53,304,266.55,1741.29,25.93,45152.0,2508.44,0.5804,8,32,28,0.0,43.4,43.4
143196,7,35,51,155,42,206,199.18,1110.82,15.5,17217.67,956.54,0.3703,7,32,29,0.0,44.9,44.9
129489,10,63,94,329,73,423,409.79,2618.3,26.11,68366.61,3798.15,0.8728,10,58,52,0.0,36.25,36.25
118445,8,47,75,250,55,325,285.07,1878.94,21.28,39977.49,2220.97,0.6263,12,46,43,0.0,39.19,39.19
147830,8,50,81,188,58,269,306.19,1575.8,15.04,23699.99,1316.67,0.5253,1,19,16,0.0,49.58,49.58
147780,5,33,41,126,38,167,178.07,876.4,9.55,8365.67,464.76,0.2921,4,23,19,0.0,49.15,49.15
147951,10,40,48,176,50,224,246.1,1264.22,22.0,27812.92,1545.16,0.4214,9,34,30,0.0,43.66,43.66
148341,6,31,26,76,37,102,169.09,531.36,7.35,3908.1,217.12,0.1771,3,18,16,0.0,53.13,53.13
156125,10,76,162,598,86,760,508.06,4883.96,39.34,192145.32,10674.74,1.628,23,118,105,0.0,25.88,25.88
156003,11,44,125,435,55,560,278.27,3237.56,54.38,176042.4,9780.13,1.0792,14,52,48,0.0,36.11,36.11
162199,11,60,98,277,71,375,392.47,2306.16,25.39,58557.12,3253.17,0.7687,17,56,52,0.0,36.03,36.03
134367,8,46,70,200,54,270,278.08,1553.82,17.39,27022.95,1501.28,0.5179,9,36,31,0.0,42.49,42.49
156010,8,38,34,113,46,147,223.42,811.96,11.89,9658.09,536.56,0.2707,4,23,19,0.0,49.38,49.38
143199,10,90,156,445,100,601,617.49,3992.96,24.72,98714.78,5484.15,1.331,13,50,45,0.04,47.96,35.97
143252,8,44,45,171,52,216,264.21,1231.29,15.55,19141.04,1063.39,0.4104,7,32,29,0.0,44.59,44.59
174497,7,34,35,101,41,136,192.63,728.63,10.4,7575.58,420.87,0.2429,4,21,18,0.0,50.58,50.58
161617,6,43,47,146,49,193,248.84,1083.64,10.19,11038.0,613.22,0.3612,2,21,18,0.0,49.64,49.64
129325,10,51,127,426,61,553,322.51,3279.7,41.76,136975.61,7609.76,1.0932,19,71,66,0.0,32.44,32.44
156160,9,92,223,697,101,920,628.7,6125.55,34.09,208834.8,11601.93,2.0419,33,113,108,0.0,24.26,24.26
168932,7,37,49,120,44,169,212.4,922.64,11.35,10473.26,581.85,0.3075,8,29,26,0.0,46.26,46.26
156144,8,54,112,329,62,441,334.76,2625.8,24.37,63991.73,3555.1,0.8753,10,45,40,0.0,38.65,38.65
161613,9,67,125,462,76,587,434.96,3667.53,31.03,113803.02,6322.39,1.2225,19,88,76,0.0,30.07,30.07
168408,7,46,68,241,53,309,273.74,1769.93,18.34,32455.08,1803.06,0.59,6,34,30,0.0,43.04,43.04
148114,9,47,90,307,56,397,289.6,2305.52,29.39,67767.57,3764.86,0.7685,16,63,60,0.0,35.05,35.05
174534,7,46,60,178,53,238,273.74,1363.25,13.54,18463.08,1025.73,0.4544,6,33,29,0.0,44.12,44.12
178590,6,34,52,120,40,172,188.48,915.37,10.59,9692.17,538.45,0.3051,4,23,20,0.0,49.02,49.02
175068,5,37,63,243,42,306,204.36,1650.05,16.42,27092.02,1505.11,0.55,8,34,30,0.0,42.99,42.99
161624,7,37,37,127,44,164,212.4,895.35,12.01,10756.26,597.57,0.2984,4,23,19,0.0,49.09,49.09
169147,8,65,94,262,73,356,415.45,2203.58,16.12,35528.45,1973.8,0.7345,6,38,32,0.0,41.32,41.32
178639,9,59,151,483,68,634,375.61,3859.45,36.84,142178.27,7898.79,1.2865,18,78,74,0.0,31.19,31.19
185877,5,35,61,212,40,273,191.13,1452.89,15.14,22000.85,1222.27,0.4843,7,31,28,0.0,44.38,44.38
168425,5,36,62,234,41,296,197.73,1585.84,16.25,25769.83,1431.66,0.5286,8,33,29,0.0,43.39,43.39
185883,8,41,52,166,49,218,243.66,1224.01,16.2,19822.94,1101.27,0.408,5,31,27,0.0,45.17,45.17
175836,7,35,56,128,42,184,199.18,992.19,12.8,12699.99,705.55,0.3307,10,28,25,0.0,46.1,46.1
164646,10,55,97,285,65,382,351.19,2300.54,25.91,59605.02,3311.39,0.7668,15,46,41,0.0,38.17,38.17
192392,3,33,32,78,36,110,171.22,568.69,3.55,2016.27,112.02,0.1896,4,20,17,0.0,51.79,51.79
192311,8,40,45,127,48,172,236.88,960.61,12.7,12199.79,677.77,0.3202,6,24,20,0.0,48.2,48.2
174673,7,46,66,219,53,285,273.74,1632.46,16.66,27201.71,1511.21,0.5442,10,39,35,0.0,41.45,41.45
200270,5,31,34,108,36,142,165.19,734.13,8.71,6394.03,355.22,0.2447,3,20,16,0.0,51.15,51.15
178292,7,33,43,151,40,194,186.12,1032.45,16.02,16534.91,918.61,0.3442,6,27,24,0.0,46.87,46.87
178390,5,32,34,105,37,139,171.61,724.11,8.2,5940.0,330.0,0.2414,5,21,18,0.0,50.46,50.46
192365,7,43,117,324,50,441,252.98,2488.94,26.37,65638.57,3646.59,0.8296,13,40,37,0.0,39.53,39.53
208759,7,47,58,152,54,210,280.72,1208.53,11.32,13679.49,759.97,0.4028,3,25,20,0.0,47.52,47.52
200214,10,51,127,390,61,517,322.51,3066.19,38.24,117236.72,6513.15,1.0221,13,51,47,0.0,36.59,36.59
178306,7,54,92,265,61,357,330.42,2117.27,17.18,36366.13,2020.34,0.7058,10,42,37,0.0,39.96,39.96
210996,9,32,43,98,41,141,188.53,755.41,13.78,10410.56,578.36,0.2518,7,24,23,0.0,48.8,48.8
186506,8,58,84,267,66,351,363.76,2121.58,18.41,39066.38,2170.35,0.7072,11,58,54,0.0,36.76,36.76
218045,5,41,40,135,46,175,231.27,966.62,8.23,7956.96,442.05,0.3222,6,30,27,0.0,46.07,46.07
211002,9,43,58,203,52,261,261.86,1487.81,21.24,31607.41,1755.97,0.4959,12,47,43,0.0,39.7,39.7
217915,9,52,65,231,61,296,324.95,1755.5,19.99,35093.09,1949.62,0.5852,9,44,38,0.0,40.22,40.22
201028,11,60,103,326,71,429,392.47,2638.24,29.88,78839.45,4379.97,0.8794,16,65,60,0.0,34.35,34.35
193179,7,46,203,771,53,974,273.74,5578.99,58.66,327280.8,18182.27,1.8597,29,129,125,0.0,23.83,23.83
213660,9,42,89,266,51,355,255.01,2013.71,28.5,57390.76,3188.38,0.6712,10,53,49,0.0,37.91,37.91
194640,9,48,72,194,57,266,296.61,1551.55,18.19,28218.79,1567.71,0.5172,6,32,27,0.0,44.02,44.02
224382,8,48,75,255,56,330,292.08,1916.43,21.25,40724.08,2262.45,0.6388,8,44,41,0.0,40.09,40.09
224206,8,37,62,202,45,264,216.75,1449.85,21.84,31661.57,1758.98,0.4833,8,38,35,0.0,42.33,42.33
218317,12,65,151,422,77,573,434.47,3590.87,38.95,139878.15,7771.01,1.197,15,57,50,0.04,46.21,34.79
200570,9,35,70,161,44,231,208.05,1261.13,20.7,26105.36,1450.3,0.4204,6,33,29,0.0,44.36,44.36
224339,7,35,54,152,42,206,199.18,1110.82,15.2,16884.42,938.02,0.3703,8,30,27,0.0,45.38,45.38
230367,8,20,21,40,28,61,110.44,293.25,8.0,2345.99,130.33,0.0977,2,11,10,0.0,59.74,59.74
208621,10,68,134,421,78,555,447.17,3488.4,30.96,107986.45,5999.25,1.1628,13,63,56,0.05,47.22,34.2
230535,6,36,56,178,42,234,201.63,1261.8,14.83,18716.73,1039.82,0.4206,10,42,39,0.0,41.53,41.53
192461,10,43,73,224,53,297,266.55,1701.19,26.05,44310.13,2461.67,0.5671,10,32,27,0.0,43.2,43.2
208643,10,68,154,518,78,672,447.17,4223.79,38.09,160876.72,8937.6,1.4079,29,104,99,0.0,26.71,26.71
239732,9,32,57,136,41,193,188.53,1034.01,19.12,19775.39,1098.63,0.3447,6,21,19,0.0,49.24,49.24
218090,7,40,59,226,47,285,232.53,1583.06,19.78,31304.97,1739.16,0.5277,7,34,30,0.0,43.25,43.25
208764,10,50,146,416,60,562,315.41,3319.67,41.6,138098.38,7672.13,1.1066,21,77,72,0.0,31.37,31.37
244683,6,40,29,128,46,157,228.39,867.2,9.6,8325.11,462.51,0.2891,5,25,23,0.0,48.26,48.26
258182,7,33,53,119,40,172,186.12,915.37,12.62,11553.1,641.84,0.3051,5,23,21,0.0,48.89,48.89
211122,8,58,85,234,66,319,363.76,1928.16,16.14,31116.54,1728.7,0.6427,3,32,27,0.0,43.76,43.76
239736,9,43,105,346,52,451,261.86,2570.9,36.21,93090.43,5171.69,0.857,21,58,54,0.0,34.83,34.83
249813,9,31,68,139,40,207,182.11,1101.64,20.18,22228.23,1234.9,0.3672,7,31,28,0.0,45.23,45.23
258061,7,24,19,52,31,71,129.69,351.75,7.58,2667.42,148.19,0.1172,2,12,10,0.0,58.36,58.36
230661,9,50,94,326,59,420,310.72,2470.71,29.34,72490.63,4027.26,0.8236,11,42,37,0.03,48.88,39.35
224283,4,34,42,146,38,188,180.97,986.61,8.59,8473.24,470.74,0.3289,5,24,20,0.0,48.25,48.25
258060,8,36,40,107,44,147,210.12,802.54,11.89,9541.27,530.07,0.2675,1,16,12,0.0,53.26,53.26
272361,6,26,33,51,32,84,137.72,420.0,5.88,2471.54,137.31,0.14,1,8,6,0.0,61.8,61.8
258309,8,28,37,96,36,133,158.61,687.6,13.71,9429.94,523.89,0.2292,4,17,14,0.0,52.75,52.75
240349,8,52,73,185,60,258,320.42,1523.98,14.23,21687.38,1204.85,0.508,4,32,26,0.0,44.34,44.34
239747,8,50,195,805,58,1000,306.19,5857.98,64.4,377253.98,20958.55,1.9527,30,62,59,0.0,30.48,30.48
224402,10,46,75,251,56,326,287.3,1893.2,27.28,51651.37,2869.52,0.6311,9,39,35,0.0,41.14,41.14
272360,8,39,57,143,47,200,230.13,1110.92,14.67,16293.46,905.19,0.3703,6,26,23,0.0,47.0,47.0
268270,11,69,188,708,80,896,459.54,5664.45,56.43,319671.87,17759.55,1.8881,23,106,102,0.0,26.45,26.45
276232,8,29,40,95,37,135,164.88,703.28,13.1,9215.34,511.96,0.2344,3,19,18,0.0,51.77,51.77
244637,9,53,95,288,62,383,332.11,2280.46,24.45,55763.63,3097.98,0.7602,15,56,52,0.0,36.33,36.33
249797,8,45,105,370,53,475,271.13,2720.76,32.89,89482.85,4971.27,0.9069,13,47,43,0.0,37.73,37.73
268565,8,46,67,176,54,243,278.08,1398.44,15.3,21402.18,1189.01,0.4661,6,33,28,0.0,44.04,44.04
276028,9,44,80,213,53,293,268.74,1678.28,21.78,36559.82,2031.1,0.5594,8,33,26,0.13,63.09,43.22
258213,9,44,81,261,53,342,268.74,1958.95,26.69,52290.58,2905.03,0.653,11,43,39,0.0,39.84,39.84
246046,6,36,45,143,42,188,201.63,1013.76,11.92,12080.59,671.14,0.3379,6,26,22,0.0,47.28,47.28
249812,7,35,44,130,42,174,199.18,938.26,13.0,12197.42,677.63,0.3128,3,22,19,0.0,49.5,49.5
284581,6,37,52,156,43,208,208.26,1128.66,12.65,14276.06,793.11,0.3762,10,32,29,0.0,44.45,44.45
284587,6,37,36,101,43,137,208.26,743.4,8.19,6087.83,338.21,0.2478,3,22,20,0.0,50.21,50.21
272485,13,51,155,636,64,791,337.4,4746.0,81.06,384705.18,21372.51,1.582,24,89,84,0.0,28.51,28.51
245547,7,66,155,432,73,587,418.58,3633.43,22.91,83238.51,4624.36,1.2111,13,71,63,0.05,45.3,32.94
284580,8,43,82,220,51,302,257.33,1713.07,20.47,35058.23,1947.68,0.571,19,34,30,0.0,41.39,41.39
268145,12,62,170,596,74,766,412.18,4756.44,57.68,274339.26,15241.07,1.5855,28,81,77,0.0,28.85,28.85
285795,10,69,109,349,79,458,454.71,2887.13,25.29,73015.14,4056.4,0.9624,11,53,48,0.0,36.68,36.68
279022,12,52,104,320,64,424,339.44,2544.0,36.92,93932.31,5218.46,0.848,15,59,50,0.02,43.77,35.51
297611,7,30,37,87,37,124,166.86,645.97,10.15,6556.62,364.26,0.2153,3,19,17,0.0,52.02,52.02
276289,6,31,30,86,37,116,169.09,604.3,8.32,5029.31,279.41,0.2014,3,20,17,0.0,51.74,51.74
277093,10,58,113,374,68,487,372.98,2964.59,32.24,95582.61,5310.15,0.9882,18,73,69,0.0,32.62,32.62
297638,9,33,45,108,42,153,194.99,825.02,14.73,12150.36,675.02,0.275,5,22,20,0.0,49.62,49.62
297766,9,54,83,279,63,362,339.29,2163.78,23.25,50307.78,2794.88,0.7213,15,46,40,0.07,53.41,38.36
273055,10,55,106,374,65,480,351.19,2890.74,34.0,98285.04,5460.28,0.9636,17,58,55,0.0,35.01,35.01
297601,6,45,55,172,51,227,262.64,1287.64,11.47,14764.95,820.27,0.4292,4,34,27,0.07,59.25,44.28
273966,11,58,146,379,69,525,377.82,3206.98,35.94,115257.59,6403.2,1.069,21,62,58,0.0,33.53,33.53
268633,7,32,32,95,39,127,179.65,671.25,10.39,6974.67,387.48,0.2237,3,17,14,0.0,52.96,52.96
307911,8,33,36,126,41,162,190.47,867.92,15.27,13255.56,736.42,0.2893,8,25,23,0.0,47.85,47.85
293768,10,62,100,385,72,485,402.38,2992.41,31.05,92909.62,5161.65,0.9975,14,69,65,0.0,33.67,33.67
297839,12,65,154,501,77,655,434.47,4104.75,46.25,189828.68,10546.04,1.3682,24,69,61,0.0,31.36,31.36
303112,6,43,48,162,49,210,248.84,1179.09,11.3,13326.45,740.36,0.393,7,30,26,0.0,45.33,45.33
284588,7,45,123,276,52,399,266.78,2274.48,21.47,48825.41,2712.52,0.7582,27,45,41,0.0,36.8,36.8
303113,7,37,59,173,44,232,212.4,1266.59,16.36,20727.54,1151.53,0.4222,8,34,29,0.06,58.32,43.79
307992,4,19,15,27,23,42,88.71,189.99,2.84,539.97,30.0,0.0633,1,7,6,0.0,65.47,65.47
303554,11,63,149,467,74,616,414.62,3825.02,40.77,155945.59,8663.64,1.275,19,67,62,0.0,32.52,32.52
293810,6,40,80,186,46,266,228.39,1469.27,13.95,20496.28,1138.68,0.4898,12,32,29,0.0,43.38,43.38
293441,5,42,56,174,47,230,238.09,1277.56,10.36,13231.82,735.1,0.4259,7,33,29,0.0,44.18,44.18
293824,10,72,249,812,82,1061,477.45,6745.36,56.39,380363.51,21131.31,2.2485,33,151,146,0.0,21.22,21.22
303119,6,43,67,238,49,305,248.84,1712.49,16.6,28435.24,1579.74,0.5708,8,36,30,0.0,42.33,42.33
308145,6,35,39,144,41,183,195.03,980.43,12.34,12101.33,672.3,0.3268,3,19,16,0.0,50.76,50.76
307903,6,25,17,49,31,66,131.61,326.98,5.88,1922.62,106.81,0.109,2,12,10,0.0,58.58,58.58
308146,6,44,68,156,50,224,255.72,1264.22,10.64,13446.74,747.04,0.4214,10,36,34,0.0,42.99,42.99
293546,11,63,125,382,74,507,414.62,3148.19,33.35,104989.73,5832.76,1.0494,13,61,53,0.02,42.85,34.81
307917,5,20,19,31,25,50,98.05,232.19,3.88,899.75,49.99,0.0774,1,7,6,0.0,64.86,64.86
308148,8,43,45,150,51,195,257.33,1106.12,13.95,15434.27,857.46,0.3687,4,32,28,0.0,45.32,45.32
307952,3,20,14,28,23,42,91.19,189.99,2.1,398.98,22.17,0.0633,1,7,6,0.0,65.47,65.47
315047,6,36,57,174,42,231,201.63,1245.63,14.5,18061.57,1003.42,0.4152,7,32,28,0.0,44.55,44.55
307987,5,22,25,43,27,68,109.72,323.33,4.89,1579.92,87.77,0.1078,2,11,10,0.0,59.44,59.44
308143,6,26,20,50,32,70,137.72,350.0,5.77,2019.23,112.18,0.1167,1,9,7,0.0,61.24,61.24
308031,6,36,43,78,42,121,201.63,652.47,6.5,4241.06,235.61,0.2175,1,13,11,0.0,55.86,55.86
323278,7,38,70,211,45,281,219.07,1543.21,19.43,29991.08,1666.17,0.5144,8,44,40,0.0,40.75,40.75
323225,7,37,34,111,44,145,212.4,791.62,10.5,8311.98,461.78,0.2639,3,22,17,0.0,50.02,50.02
308432,6,27,20,55,33,75,143.89,378.33,6.11,2312.01,128.45,0.1261,1,10,8,0.0,60.0,60.0
315722,7,40,50,163,47,213,232.53,1183.13,14.26,16874.35,937.46,0.3944,5,28,24,0.0,46.24,46.24
327735,9,28,33,75,37,108,163.14,562.62,12.05,6781.59,376.76,0.1875,4,14,12,0.0,55.2,55.2
308153,7,30,37,69,37,106,166.86,552.2,8.05,4445.23,246.96,0.1841,1,10,7,0.0,58.85,58.85
315075,10,49,96,281,59,377,308.34,2217.76,28.67,63590.77,3532.82,0.7393,17,53,50,0.0,36.67,36.67
323288,8,46,89,304,54,393,278.08,2261.67,26.43,59786.78,3321.49,0.7539,14,52,45,0.04,49.18,37.2
308156,7,36,43,98,43,141,205.77,765.1,9.53,7289.73,404.99,0.255,1,14,10,0.0,54.67,54.67
308152,8,47,54,145,55,199,285.07,1150.49,12.34,14197.54,788.75,0.3835,1,16,12,0.0,52.17,52.17
323287,9,36,92,205,45,297,214.65,1631.08,25.62,41796.43,2322.02,0.5437,10,37,34,0.0,41.95,41.95
327795,9,41,59,178,50,237,248.19,1337.59,19.54,26132.02,1451.78,0.4459,9,38,34,0.0,42.44,42.44
308403,7,43,143,189,50,332,252.98,1873.76,15.38,28825.4,1601.41,0.6246,1,24,20,0.0,46.84,46.84
344382,6,40,80,186,46,266,228.39,1469.27,13.95,20496.28,1138.68,0.4898,12,32,29,0.0,43.38,43.38
327914,10,63,89,317,73,406,409.79,2513.07,25.16,63225.62,3512.53,0.8377,11,53,47,0.0,37.1,37.1
323346,9,47,75,243,56,318,289.6,1846.74,23.27,42966.15,2387.01,0.6156,10,38,34,0.0,41.32,41.32
327797,9,52,84,284,61,368,324.95,2182.51,24.58,53639.41,2979.97,0.7275,10,49,44,0.0,38.41,38.41
308151,7,35,36,111,42,147,199.18,792.67,11.1,8798.64,488.81,0.2642,5,26,22,0.0,48.16,48.16
328631,10,58,135,572,68,707,372.98,4303.84,49.31,212223.65,11790.2,1.4346,33,136,132,0.0,23.58,23.58
337884,6,46,58,179,52,237,269.59,1351.0,11.67,15771.51,876.19,0.4503,7,33,28,0.03,54.86,44.01
354671,5,32,35,121,37,156,171.61,812.67,9.45,7682.32,426.8,0.2709,4,24,20,0.0,48.98,48.98
344361,9,47,77,276,56,353,289.6,2050.0,26.43,54172.24,3009.57,0.6833,14,52,48,0.0,37.5,37.5
344389,10,31,47,118,41,165,186.8,884.0,19.03,16824.44,934.69,0.2947,6,27,25,0.0,47.34,47.34
328170,5,45,66,241,50,307,258.74,1732.66,13.39,23198.44,1288.8,0.5776,10,53,48,0.0,38.36,38.36
337818,6,49,90,312,55,402,290.63,2324.11,19.1,44395.18,2466.4,0.7747,12,56,51,0.0,36.68,36.68
354706,9,47,60,209,56,269,289.6,1562.18,20.01,31260.19,1736.68,0.5207,12,45,40,0.0,39.96,39.96
368165,12,53,96,226,65,322,346.6,1939.2,25.58,49614.31,2756.35,0.6464,11,40,34,0.08,56.65,40.55
376007,8,39,74,241,47,315,230.13,1749.7,24.72,43248.88,2402.72,0.5832,11,39,36,0.0,41.11,41.11
344359,5,43,57,172,48,229,244.94,1278.96,10.0,12789.56,710.53,0.4263,7,35,31,0.0,43.62,43.62
354627,7,35,53,130,42,183,199.18,986.79,13.0,12828.32,712.68,0.3289,4,24,20,0.0,48.39,48.39
337860,6,40,80,186,46,266,228.39,1469.27,13.95,20496.28,1138.68,0.4898,12,32,29,0.0,43.38,43.38
337889,8,54,128,394,62,522,334.76,3108.09,29.19,90710.2,5039.46,1.036,13,69,65,0.0,33.68,33.68
337831,10,31,47,118,41,165,186.8,884.0,19.03,16824.44,934.69,0.2947,6,27,25,0.0,47.34,47.34
376048,8,48,61,184,56,245,292.08,1422.8,15.33,21816.3,1212.02,0.4743,8,37,33,0.0,42.64,42.64
368167,5,52,76,255,57,331,308.03,1930.69,12.26,23669.48,1314.97,0.6436,11,49,45,0.0,38.64,38.64
337855,9,58,81,304,67,385,368.29,2335.44,23.59,55084.27,3060.24,0.7785,11,53,49,0.0,37.32,37.32
368339,10,68,154,601,78,755,447.17,4745.48,44.19,209708.29,11650.46,1.5818,25,92,88,0.0,28.06,28.06
376554,11,55,111,331,66,442,356.03,2671.62,33.1,88430.69,4912.82,0.8905,15,50,44,0.0,36.93,36.93
376001,7,38,38,129,45,167,219.07,917.14,11.88,10897.06,605.39,0.3057,6,26,23,0.0,47.58,47.58
376556,11,55,142,539,66,681,356.03,4116.23,53.9,221864.93,12325.83,1.3721,20,76,72,0.01,37.91,30.97
385760,12,57,183,444,69,627,375.49,3830.04,46.74,179004.2,9944.68,1.2767,24,72,66,0.03,41.22,31.17
376507,9,43,151,354,52,505,261.86,2878.72,37.05,106646.61,5924.81,0.9596,12,54,50,0.0,36.37,36.37
363101,7,25,22,53,32,75,135.75,375.0,7.42,2782.5,154.58,0.125,2,12,10,0.0,58.17,58.17
398169,7,44,57,203,51,260,259.87,1474.83,16.15,23815.16,1323.06,0.4916,10,42,39,0.0,41.06,41.06
363119,10,49,110,347,59,457,308.34,2688.37,35.41,95190.17,5288.34,0.8961,10,48,44,0.0,37.97,37.97
368962,11,56,137,449,67,586,363.27,3554.73,44.1,156757.17,8708.73,1.1849,19,74,69,0.0,31.81,31.81
385739,6,36,62,193,42,255,201.63,1375.04,16.08,22115.24,1228.62,0.4583,9,34,31,0.0,43.41,43.41
398280,9,45,57,192,54,249,275.66,1432.97,19.2,27512.97,1528.5,0.4777,4,29,24,0.0,45.46,45.46
398172,8,49,56,204,57,260,299.12,1516.55,16.65,25255.22,1403.07,0.5055,8,37,31,0.0,42.44,42.44
398177,8,53,91,300,61,391,327.58,2318.92,22.64,52503.81,2916.88,0.773,13,55,51,0.0,36.72,36.72
411182,8,48,78,224,56,302,292.08,1753.82,18.67,32738.0,1818.78,0.5846,9,46,41,0.0,39.8,39.8
392629,10,35,78,229,45,307,212.74,1686.0,32.71,55156.25,3064.24,0.562,13,41,38,0.0,40.48,40.48
399058,9,53,83,213,62,296,332.11,1762.44,18.08,31873.6,1770.76,0.5875,7,35,30,0.0,42.65,42.65
368958,9,39,56,170,48,226,234.66,1262.2,19.62,24758.57,1375.48,0.4207,8,31,27,0.0,44.68,44.68
411344,9,45,52,174,54,226,275.66,1300.6,17.4,22630.52,1257.25,0.4335,6,33,29,0.0,44.26,44.26
411038,10,44,74,229,54,303,273.43,1743.73,26.02,45376.63,2520.92,0.5812,7,34,30,0.0,42.95,42.95
386080,7,44,174,518,51,692,259.87,3925.32,41.2,161740.96,8985.61,1.3084,24,89,85,0.0,29.08,29.08
411505,10,66,114,338,76,452,432.15,2824.06,25.61,72313.13,4017.4,0.9414,14,54,49,0.02,44.51,36.16
385745,7,47,126,386,54,512,280.72,2946.5,28.74,84696.27,4705.35,0.9822,12,53,48,0.0,36.48,36.48
414801,9,45,76,230,54,306,275.66,1761.0,23.0,40502.9,2250.16,0.587,13,49,45,0.0,38.65,38.65
414709,7,29,46,110,36,156,160.53,806.51,13.28,10707.09,594.84,0.2688,8,31,28,0.0,46.04,46.04
398136,6,25,14,42,31,56,131.61,277.43,5.04,1398.27,77.68,0.0925,1,9,7,0.0,61.94,61.94
424735,8,34,95,188,42,283,196.97,1526.03,22.12,33752.1,1875.12,0.5087,11,39,37,0.0,41.52,41.52
385815,7,34,24,77,41,101,192.63,541.11,7.93,4289.11,238.28,0.1804,2,13,11,0.0,56.29,56.29
392682,10,72,108,389,82,497,477.45,3159.7,27.01,85355.88,4741.99,1.0532,18,79,71,0.0,31.68,31.68
424683,10,35,52,154,45,206,212.74,1131.32,22.0,24889.08,1382.73,0.3771,6,25,21,0.0,47.32,47.32
430656,8,40,65,196,48,261,236.88,1457.68,19.6,28570.43,1587.25,0.4859,11,28,23,0.0,44.8,44.8
414893,9,44,117,521,53,638,268.74,3654.41,53.28,194722.09,10817.89,1.2181,16,56,52,0.0,34.77,34.77
430764,9,46,48,174,55,222,282.61,1283.46,17.02,21846.75,1213.71,0.4278,10,36,31,0.0,42.94,42.94
440977,9,44,57,188,53,245,268.74,1403.34,19.23,26982.41,1499.02,0.4678,4,29,25,0.0,45.52,45.52
441011,8,47,61,198,55,259,285.07,1497.37,16.85,25232.31,1401.8,0.4991,9,37,31,0.0,42.35,42.35
414717,6,43,73,211,49,284,248.84,1594.58,14.72,23473.67,1304.09,0.5315,9,41,36,0.0,41.18,41.18
444172,7,34,34,121,41,155,192.63,830.42,12.46,10343.62,574.65,0.2768,6,30,27,0.0,46.53,46.53
444179,5,25,25,48,30,73,127.71,358.2,4.8,1719.37,95.52,0.1194,1,10,8,0.0,60.17,60.17
440974,9,51,79,187,60,266,317.82,1571.23,16.5,25925.34,1440.3,0.5237,6,29,24,0.0,44.91,44.91
444170,9,46,78,253,55,331,282.61,1913.63,24.75,47362.34,2631.24,0.6379,11,45,42,0.0,39.48,39.48
424866,7,46,77,233,53,310,273.74,1775.66,17.73,31479.28,1748.85,0.5919,8,38,34,0.0,41.71,41.71
425360,11,50,138,422,61,560,320.25,3321.21,46.42,154170.7,8565.04,1.1071,13,51,47,0.0,36.35,36.35
451108,10,39,59,185,49,244,239.35,1369.99,23.72,32493.33,1805.19,0.4567,10,29,25,0.0,44.79,44.79
444190,4,35,42,124,39,166,187.52,877.38,7.09,6216.84,345.38,0.2925,6,26,22,0.0,47.72,47.72
444171,4,32,52,197,36,249,168.0,1287.31,12.31,15850.02,880.56,0.4291,8,29,25,0.0,45.25,45.25
456940,6,41,66,200,47,266,235.17,1477.52,14.63,21622.25,1201.24,0.4925,7,36,32,0.0,42.92,42.92
441059,6,26,22,54,32,76,137.72,380.0,6.23,2367.69,131.54,0.1267,2,12,10,0.0,58.13,58.13
441060,7,50,51,203,57,254,301.84,1481.55,14.21,21052.88,1169.6,0.4939,8,43,39,0.0,41.09,41.09
451074,12,53,118,293,65,411,346.6,2475.19,33.17,82101.69,4561.21,0.8251,13,55,49,0.06,50.33,36.53
451178,9,51,75,253,60,328,317.82,1937.46,22.32,43250.95,2402.83,0.6458,9,43,38,0.0,40.14,40.14
451177,9,59,93,289,68,382,375.61,2325.41,22.04,51257.57,2847.64,0.7751,7,47,36,0.0,39.01,39.01
431061,9,44,85,217,53,302,268.74,1729.83,22.19,38390.48,2132.8,0.5766,14,42,38,0.0,40.03,40.03
458271,8,47,89,203,55,292,285.07,1688.16,17.28,29165.61,1620.31,0.5627,5,26,22,0.0,45.86,45.86
458299,9,41,76,170,50,246,248.19,1388.39,18.66,25905.3,1439.18,0.4628,8,35,32,0.0,43.24,43.24
444180,4,21,24,41,25,65,100.24,301.85,3.9,1178.65,65.48,0.1006,2,11,10,0.0,59.65,59.65
457024,9,38,55,167,47,222,227.95,1233.12,19.78,24386.55,1354.81,0.411,8,28,24,0.0,45.71,45.71
466153,8,42,98,251,50,349,250.48,1969.71,23.9,47085.35,2615.85,0.6566,14,43,37,0.07,54.96,39.42
441039,8,55,101,346,63,447,341.97,2671.84,25.16,67233.31,3735.18,0.8906,16,67,63,0.0,34.02,34.02
457000,7,54,71,269,61,340,330.42,2016.45,17.44,35157.19,1953.18,0.6722,10,47,43,0.0,39.04,39.04
444038,3,18,16,28,21,44,79.81,193.26,2.33,450.94,25.05,0.0644,1,7,6,0.0,65.42,65.42
457018,11,55,116,263,66,379,356.03,2290.83,26.3,60248.71,3347.15,0.7636,16,47,38,0.14,57.9,37.85
474500,9,42,66,190,51,256,255.01,1452.14,20.36,29561.44,1642.3,0.484,10,37,33,0.0,42.31,42.31
467000,6,33,39,127,39,166,181.97,877.38,11.55,10129.71,562.76,0.2925,5,23,20,0.0,49.01,49.01
465910,10,43,61,182,53,243,266.55,1391.88,21.16,29456.16,1636.45,0.464,5,26,22,0.0,46.45,46.45
458200,9,52,67,221,61,288,324.95,1708.05,19.12,32666.5,1814.81,0.5694,8,44,41,0.0,40.44,40.44
458326,6,24,19,46,30,65,125.55,318.95,5.75,1833.95,101.89,0.1063,1,9,7,0.0,61.52,61.52
484650,4,23,30,48,27,78,112.04,370.88,4.17,1548.03,86.0,0.1236,2,12,10,0.0,58.2,58.2
479666,7,46,54,187,53,241,273.74,1380.43,14.23,19641.1,1091.17,0.4601,9,43,39,0.0,41.17,41.17
489935,7,33,27,95,40,122,186.12,649.28,10.08,6541.94,363.44,0.2164,5,19,16,0.0,51.74,51.74
451233,11,69,200,690,80,890,459.54,5626.52,55.0,309458.38,17192.13,1.8755,29,100,94,0.0,26.21,26.21
466192,10,33,72,192,43,264,199.68,1432.53,29.09,41673.71,2315.21,0.4775,9,33,31,0.0,43.57,43.57
458452,9,47,110,236,56,346,289.6,2009.34,22.6,45402.64,2522.37,0.6698,17,34,31,0.0,41.18,41.18
489953,7,41,41,116,48,157,239.31,876.84,9.9,8682.85,482.38,0.2923,3,22,19,0.0,49.71,49.71
484553,6,37,34,120,43,154,208.26,835.64,9.73,8130.6,451.7,0.2785,5,24,21,0.0,48.76,48.76
484915,10,58,134,415,68,549,372.98,3342.02,35.78,119563.54,6642.42,1.114,16,68,63,0.0,33.2,33.2
465906,9,43,119,332,52,451,261.86,2570.9,34.74,89323.77,4962.43,0.857,21,73,70,0.0,32.65,32.65
474667,7,42,43,142,49,185,246.13,1038.72,11.83,12291.54,682.86,0.3462,6,27,23,0.0,46.85,46.85
479681,10,52,97,319,62,416,329.64,2476.95,30.67,75975.54,4220.86,0.8256,16,52,43,0.09,53.09,36.65
489800,5,34,47,147,39,194,184.58,1025.37,10.81,11083.02,615.72,0.3418,6,26,22,0.0,47.24,47.24
474524,12,90,227,726,102,953,627.29,6358.82,48.4,307766.95,17098.16,2.1196,40,115,111,0.0,23.04,23.04
499121,9,56,134,450,65,584,353.74,3517.06,36.16,127179.5,7065.53,1.1724,23,56,52,0.0,33.94,33.94
504448,5,33,28,96,38,124,178.07,650.74,7.27,4732.68,262.93,0.2169,2,18,14,0.0,52.65,52.65
499320,9,52,87,271,61,358,324.95,2123.2,23.45,49793.22,2766.29,0.7077,10,46,41,0.0,39.09,39.09
474537,11,45,107,279,56,386,285.19,2241.64,34.1,76439.89,4246.66,0.7472,8,37,34,0.0,41.25,41.25
511700,8,43,100,291,51,391,257.33,2217.92,27.07,60038.53,3335.47,0.7393,13,54,51,0.0,37.03,37.03
516298,6,19,17,30,25,47,96.22,218.26,4.74,1033.87,57.44,0.0728,1,7,6,0.0,65.05,65.05
504625,8,42,48,147,50,195,250.48,1100.55,14.0,15407.73,855.98,0.3669,8,32,28,0.0,44.79,44.79
489949,6,43,56,171,49,227,248.84,1274.54,11.93,15205.55,844.75,0.4248,6,33,29,0.0,44.32,44.32
511795,11,47,134,355,58,489,299.12,2864.55,41.54,119000.83,6611.16,0.9549,17,50,47,0.0,36.45,36.45
518995,5,31,27,80,36,107,165.19,553.18,6.45,3568.92,198.27,0.1844,3,18,15,0.0,53.01,53.01
518909,7,44,57,186,51,243,259.87,1378.4,14.8,20394.05,1133.0,0.4595,7,36,33,0.0,43.13,43.13
511794,10,47,144,583,57,727,294.28,4240.51,62.02,263001.91,14611.22,1.4135,22,80,77,0.0,30.13,30.13
504447,7,41,44,95,48,139,239.31,776.31,8.11,6295.68,349.76,0.2588,2,20,16,0.0,51.11,51.11
489958,9,38,101,279,47,380,227.95,2110.74,33.04,69737.86,3874.33,0.7036,17,56,52,0.0,36.3,36.3
511726,8,43,92,253,51,345,257.33,1956.99,23.53,46057.46,2558.75,0.6523,6,41,36,0.0,40.96,40.96
516427,6,42,48,150,48,198,241.99,1105.82,10.71,11848.1,658.23,0.3686,6,32,28,0.0,45.05,45.05
519089,8,58,85,345,66,430,363.76,2599.09,23.79,61840.4,3435.58,0.8664,13,65,60,0.0,34.79,34.79
516556,7,40,42,145,47,187,232.53,1038.71,12.69,13178.61,732.14,0.3462,7,28,25,0.0,46.37,46.37
529167,9,43,83,260,52,343,261.86,1955.25,27.21,53201.01,2955.61,0.6518,12,44,41,0.0,39.49,39.49
532024,7,33,29,90,40,119,186.12,633.31,9.55,6045.23,335.85,0.2111,4,25,21,0.0,49.35,49.35
529987,7,48,97,307,55,404,287.73,2335.67,22.39,52284.93,2904.72,0.7786,12,57,53,0.0,36.5,36.5
540447,7,36,76,265,43,341,205.77,1850.36,25.76,47672.37,2648.47,0.6168,14,52,49,0.0,37.81,37.81
516211,8,37,73,194,45,267,216.75,1466.32,20.97,30753.19,1708.51,0.4888,7,34,31,0.0,43.48,43.48
540549,7,41,55,147,48,202,239.31,1128.16,12.55,14157.06,786.5,0.3761,9,28,25,0.0,45.85,45.85
529169,6,42,73,239,48,312,241.99,1742.51,17.07,29747.11,1652.62,0.5808,10,49,45,0.0,39.09,39.09
533663,8,42,82,260,50,342,250.48,1930.2,24.76,47795.4,2655.3,0.6434,12,44,41,0.0,39.53,39.53
519127,11,86,153,569,97,722,590.71,4765.14,36.39,173401.12,9633.4,1.5884,29,104,98,0.0,26.35,26.35
529315,10,86,190,783,96,973,585.88,6407.17,45.52,291675.17,16204.18,2.1357,33,139,135,0.0,22.16,22.16
532048,7,59,99,502,66,601,366.73,3632.68,29.78,108180.0,6010.0,1.2109,9,53,47,0.0,36.25,36.25
504494,7,56,136,496,63,632,344.86,3777.64,31.0,117106.87,6505.94,1.2592,19,61,57,0.0,33.45,33.45
518954,7,39,55,186,46,241,225.78,1331.18,16.69,22220.44,1234.47,0.4437,7,36,33,0.0,43.23,43.23
549069,6,28,40,107,34,147,150.12,747.86,11.46,8573.65,476.31,0.2493,5,27,25,0.0,47.98,47.98
562133,8,31,45,111,39,156,177.58,824.52,14.32,11809.29,656.07,0.2748,5,25,23,0.0,48.41,48.41
529166,7,68,107,501,75,608,433.6,3787.12,25.79,97657.62,5425.42,1.2624,8,51,45,0.0,36.62,36.62
532058,6,42,75,242,48,317,241.99,1770.43,17.29,30603.2,1700.18,0.5901,10,50,45,0.0,38.85,38.85
540669,6,36,62,193,42,255,201.63,1375.04,16.08,22115.24,1228.62,0.4583,9,34,31,0.0,43.41,43.41
549083,7,44,66,212,51,278,259.87,1576.93,16.86,26592.85,1477.38,0.5256,9,38,33,0.0,41.94,41.94
548599,11,50,131,345,61,476,320.25,2823.03,37.95,107134.03,5951.89,0.941,20,64,60,0.0,33.75,33.75
540643,11,44,132,323,55,455,278.27,2630.52,40.38,106207.19,5900.4,0.8768,19,58,55,0.0,35.03,35.03
541346,8,42,77,256,50,333,250.48,1879.4,24.38,45821.66,2545.65,0.6265,6,27,23,0.0,45.04,45.04
568648,9,33,51,163,42,214,194.99,1153.96,22.23,25649.29,1424.96,0.3847,5,30,29,0.0,45.66,45.66
548611,7,35,60,196,42,256,199.18,1380.43,19.6,27056.49,1503.14,0.4601,9,34,31,0.0,43.4,43.4
568688,5,23,13,37,28,50,115.65,240.37,4.02,966.7,53.71,0.0801,1,8,6,0.0,63.49,63.49
555643,7,35,70,213,42,283,199.18,1526.03,21.3,32504.35,1805.8,0.5087,9,33,30,0.0,43.37,43.37
548573,9,35,53,166,44,219,208.05,1195.62,21.34,25517.85,1417.66,0.3985,9,30,27,0.0,45.02,45.02
555606,5,40,49,169,45,218,224.49,1197.22,10.56,12645.68,702.54,0.3991,5,31,26,0.0,45.24,45.24
568770,8,35,43,123,43,166,203.52,900.76,14.06,12662.11,703.45,0.3003,9,26,24,0.0,47.24,47.24
568697,8,45,60,187,53,247,271.13,1414.8,16.62,23517.06,1306.5,0.4716,6,32,28,0.0,44.3,44.3
579591,7,43,60,202,50,262,252.98,1478.69,16.44,24312.42,1350.69,0.4929,7,45,41,0.0,40.8,40.8
548556,10,63,141,463,73,604,409.79,3738.65,36.75,137380.7,7632.26,1.2462,24,88,83,0.0,29.34,29.34
568584,10,41,91,251,51,342,252.88,1939.97,30.61,59381.99,3299.0,0.6467,9,31,27,0.0,43.24,43.24
582029,6,37,41,136,43,177,208.26,960.45,11.03,10590.9,588.38,0.3201,5,25,21,0.0,47.95,47.95
581970,7,35,61,140,42,201,199.18,1083.86,14.0,15173.98,843.0,0.3613,9,31,28,0.0,45.01,45.01
588277,5,31,29,75,36,104,165.19,537.67,6.05,3252.05,180.67,0.1792,4,18,15,0.0,52.96,52.96
549074,8,44,75,226,52,301,264.21,1715.83,20.55,35252.56,1958.48,0.5719,10,44,36,0.0,40.16,40.16
582098,8,40,48,153,48,201,236.88,1122.58,15.3,17175.44,954.19,0.3742,6,31,28,0.0,45.3,45.3
562129,4,29,22,68,33,90,148.88,454.0,4.69,2129.08,118.28,0.1513,3,18,16,0.0,53.61,53.61
579587,10,59,95,272,69,367,380.3,2241.83,23.05,51676.05,2870.89,0.7473,10,49,42,0.05,50.68,38.32
588254,10,51,120,496,61,616,322.51,3653.33,48.63,177652.33,9869.57,1.2178,16,72,67,0.0,32.39,32.39
588303,9,31,36,96,40,132,182.11,702.49,13.94,9789.6,543.87,0.2342,5,17,15,0.0,52.55,52.55
549070,7,37,43,157,44,200,212.4,1091.89,14.85,16215.99,900.89,0.364,5,27,23,0.0,46.83,46.83
594810,10,31,44,125,41,169,186.8,905.43,20.16,18254.56,1014.14,0.3018,5,18,16,0.0,51.24,51.24
619551,7,35,53,136,42,189,199.18,1019.15,13.6,13860.41,770.02,0.3397,6,25,23,0.0,47.63,47.63
616577,9,55,82,293,64,375,346.5,2250.0,23.97,53938.64,2996.59,0.75,15,59,54,0.0,35.88,35.88
594811,6,31,43,102,37,145,169.09,755.37,9.87,7456.24,414.24,0.2518,4,20,17,0.0,50.93,50.93
562336,9,57,110,334,66,444,361.0,2683.71,26.37,70765.22,3931.4,0.8946,13,51,46,0.0,36.99,36.99
562261,9,50,69,219,59,288,310.72,1694.2,19.71,33392.71,1855.15,0.5647,14,40,36,0.0,40.56,40.56
626564,6,36,52,144,42,196,201.63,1056.89,12.0,12682.73,704.6,0.3523,6,27,24,0.0,46.79,46.79
588403,10,69,187,687,79,874,454.71,5509.5,49.78,274277.5,15237.64,1.8365,42,135,130,0.0,21.68,21.68
580226,7,44,71,237,51,308,259.87,1747.11,18.85,32936.94,1829.83,0.5824,12,50,47,0.0,38.62,38.62
589276,10,84,160,470,94,630,570.17,4129.39,27.98,115524.63,6418.03,1.3765,12,68,60,0.02,40.67,33.09
568748,8,56,66,220,64,286,349.21,1716.0,15.71,26965.71,1498.1,0.572,8,44,40,0.0,40.43,40.43
627111,7,46,101,281,53,382,273.74,2188.07,21.38,46781.79,2598.99,0.7294,10,45,41,0.0,39.2,39.2
631804,4,39,36,137,43,173,214.13,938.74,7.03,6595.28,366.4,0.3129,6,30,27,0.0,46.16,46.16
582155,9,80,228,799,89,1027,534.28,6650.58,44.94,298901.93,16605.66,2.2169,39,116,103,0.04,34.22,22.95
594808,6,41,121,421,47,542,235.17,3010.59,30.8,92740.77,5152.27,1.0035,17,40,35,0.0,38.41,38.41
648633,5,41,41,142,46,183,231.27,1010.81,8.66,8752.15,486.23,0.3369,7,33,29,0.0,44.89,44.89
631965,6,36,52,144,42,196,201.63,1056.89,12.0,12682.73,704.6,0.3523,6,27,24,0.0,46.79,46.79
639003,8,53,71,245,61,316,327.58,1874.11,18.49,34653.41,1925.19,0.6247,6,40,35,0.0,41.33,41.33
648891,7,32,38,109,39,147,179.65,776.95,11.92,9262.75,514.6,0.259,3,20,17,0.0,50.98,50.98
649196,7,32,32,91,39,123,179.65,650.1,9.95,6470.57,359.48,0.2167,4,21,18,0.0,50.92,50.92
648677,4,21,10,30,25,40,100.24,185.75,2.86,530.73,29.48,0.0619,1,8,6,0.0,64.28,64.28
631798,4,26,17,50,30,67,130.21,328.76,3.85,1264.47,70.25,0.1096,1,12,8,0.0,58.7,58.7
616485,5,59,94,338,64,432,358.69,2592.0,14.32,37122.71,2062.37,0.864,7,44,39,0.0,39.31,39.31
638934,4,38,57,188,42,245,207.42,1321.12,9.89,13072.11,726.23,0.4404,8,34,30,0.0,43.66,43.66
616819,8,68,111,373,76,484,437.95,3024.0,21.94,66350.05,3686.11,1.008,13,58,53,0.0,35.41,35.41
619572,9,65,90,332,74,422,419.98,2620.39,22.98,60228.64,3346.04,0.8735,14,65,56,0.08,50.8,34.63
651529,5,32,46,138,37,184,171.61,958.54,10.78,10334.25,574.13,0.3195,7,31,28,0.0,45.65,45.65
619383,5,31,34,92,36,126,165.19,651.41,7.42,4833.05,268.5,0.2171,4,24,22,0.0,49.65,49.65
649682,6,41,53,179,47,232,235.17,1288.66,13.1,16878.36,937.69,0.4296,9,33,30,0.0,43.89,43.89
649723,8,43,51,171,51,222,257.33,1259.28,15.91,20031.31,1112.85,0.4198,6,27,23,0.0,46.26,46.26
652665,8,47,102,291,55,393,285.07,2272.07,24.77,56270.1,3126.12,0.7574,15,59,54,0.02,43.82,35.85
632064,10,50,158,499,60,657,315.41,3880.83,49.9,193653.27,10758.52,1.2936,25,83,80,0.0,29.65,29.65
638703,10,56,89,311,66,400,358.43,2417.76,27.77,67135.95,3729.77,0.8059,11,45,37,0.05,51.84,38.77
649717,7,47,146,314,54,460,280.72,2647.25,23.38,61900.55,3438.92,0.8824,29,48,45,0.0,35.46,35.46
649104,9,49,73,295,58,368,303.65,2155.74,27.09,58402.88,3244.6,0.7186,12,45,38,0.0,38.98,38.98
663263,6,45,82,370,51,452,262.64,2563.94,24.67,63243.76,3513.54,0.8546,14,70,67,0.0,34.0,34.0
627166,8,50,36,106,58,142,306.19,831.83,8.48,7053.95,391.89,0.2773,2,16,12,0.0,53.02,53.02
649046,5,20,18,32,25,50,98.05,232.19,4.0,928.77,51.6,0.0774,1,8,6,0.0,63.6,63.6
651609,11,60,179,412,71,591,392.47,3634.5,37.77,137262.97,7625.72,1.2115,48,56,53,0.0,30.48,30.48
649718,10,63,209,570,73,779,409.79,4821.87,45.24,218132.36,12118.46,1.6073,38,79,71,0.0,27.7,27.7
649712,11,68,197,647,79,844,452.0,5320.39,52.33,278420.75,15467.82,1.7735,32,105,101,0.0,25.52,25.52
639065,7,66,113,404,73,517,418.58,3200.14,21.42,68560.56,3808.92,1.0667,12,62,58,0.0,34.74,34.74
672515,11,51,119,386,62,505,327.35,3006.87,41.63,125168.3,6953.79,1.0023,20,78,73,0.0,31.68,31.68
665060,9,52,93,286,61,379,324.95,2247.75,24.75,55631.8,3090.66,0.7492,11,45,41,0.0,38.99,38.99
672372,6,34,71,300,40,371,188.48,1974.44,26.47,52264.46,2903.58,0.6581,11,31,27,0.0,42.91,42.91
651596,11,73,149,503,84,652,489.91,4167.79,37.9,157947.86,8774.88,1.3893,17,71,61,0.09,48.79,31.98
678061,8,53,81,256,61,337,327.58,1998.66,19.32,38615.59,2145.31,0.6662,13,47,42,0.05,51.02,38.66
691398,9,35,40,104,44,144,208.05,786.16,13.37,10512.06,584.0,0.2621,3,20,17,0.0,50.94,50.94
674507,13,86,195,584,99,779,600.76,5164.27,44.14,227948.42,12663.8,1.7214,39,79,77,0.0,27.36,27.36
665907,9,57,50,177,66,227,361.0,1372.08,13.97,19172.98,1065.17,0.4574,6,32,29,0.03,55.07,44.39
672446,14,85,232,763,99,995,598.1,6596.21,62.84,414474.79,23026.38,2.1987,34,117,104,0.08,39.53,23.57
691399,7,44,52,164,51,216,259.87,1225.24,13.05,15983.86,887.99,0.4084,6,38,33,0.0,43.11,43.11
689946,8,49,69,264,57,333,299.12,1942.35,21.55,41859.68,2325.54,0.6475,11,44,39,0.0,39.65,39.65
678023,10,36,69,222,46,291,219.34,1607.36,30.83,49560.16,2753.34,0.5358,10,36,33,0.0,42.26,42.26
665017,9,29,42,96,38,138,169.41,724.21,14.9,10788.29,599.35,0.2414,6,18,16,0.0,51.79,51.79
678029,8,47,55,158,55,213,285.07,1231.43,13.45,16558.8,919.93,0.4105,6,31,25,0.0,45.02,45.02
691402,10,52,72,305,62,377,329.64,2244.73,29.33,65831.08,3657.28,0.7482,8,50,46,0.0,38.4,38.4
665054,8,44,107,364,52,471,264.21,2684.91,33.09,88846.02,4935.89,0.895,15,68,65,0.0,34.0,34.0
663693,6,36,53,105,42,158,201.63,851.99,8.75,7454.88,414.16,0.284,2,16,12,0.0,52.95,52.95
697864,7,39,43,149,46,192,225.78,1060.52,13.37,14181.11,787.84,0.3535,7,31,28,0.0,45.34,45.34
704194,6,34,37,109,40,146,188.48,777.0,9.62,7472.93,415.16,0.259,6,25,23,0.0,48.46,48.46
678124,7,42,79,309,49,388,246.13,2178.51,25.75,56096.57,3116.48,0.7262,11,35,27,0.13,61.08,41.46
704193,10,42,76,224,52,300,259.7,1710.13,26.67,45603.52,2533.53,0.57,12,41,36,0.05,53.8,40.57
699166,10,55,110,321,65,431,351.19,2595.64,29.18,75745.51,4208.08,0.8652,13,52,48,0.0,36.91,36.91
697880,5,43,55,225,48,280,244.94,1563.79,13.08,20456.55,1136.47,0.5213,9,42,37,0.0,41.01,41.01
679045,13,54,130,380,67,510,358.87,3093.71,45.74,141508.38,7861.58,1.0312,18,60,55,0.02,42.25,34.35
697892,6,47,106,403,53,509,276.58,2915.51,25.72,74996.88,4166.49,0.9718,10,52,48,0.0,36.96,36.96
704755,9,37,67,149,46,216,221.28,1193.09,18.12,21620.71,1201.15,0.3977,6,31,28,0.0,45.12,45.12
717532,6,33,29,90,39,119,181.97,628.96,8.18,5146.06,285.89,0.2097,4,22,19,0.0,50.58,50.58
697927,9,35,65,170,44,235,208.05,1282.97,21.86,28041.98,1557.89,0.4277,6,29,25,0.0,45.53,45.53
704690,6,47,62,180,53,242,276.58,1386.16,11.49,15926.06,884.78,0.4621,6,30,25,0.0,44.97,44.97
724557,7,39,77,214,46,291,225.78,1607.36,19.21,30869.49,1714.97,0.5358,9,29,26,0.0,44.44,44.44
723983,7,41,48,150,48,198,239.31,1105.82,12.8,14159.92,786.66,0.3686,5,33,29,0.0,44.89,44.89
730284,6,41,39,108,47,147,235.17,816.52,7.9,6452.54,358.47,0.2722,7,23,20,0.0,48.96,48.96
713157,8,44,118,400,52,518,264.21,2952.83,36.36,107375.56,5965.31,0.9843,12,48,43,0.0,37.41,37.41
717565,7,47,61,207,54,268,280.72,1542.31,15.41,23774.54,1320.81,0.5141,9,48,44,0.0,39.79,39.79
730283,9,49,88,228,58,316,303.65,1851.12,20.94,38760.23,2153.35,0.617,14,43,39,0.0,39.61,39.61
730287,11,26,69,120,37,189,160.27,984.59,25.38,24993.35,1388.52,0.3282,6,23,22,0.0,48.53,48.53
713051,7,46,56,196,53,252,273.74,1443.44,14.91,21526.02,1195.89,0.4811,9,42,38,0.0,41.26,41.26
738228,8,36,36,119,44,155,210.12,846.21,13.22,11188.8,621.6,0.2821,6,26,23,0.0,47.83,47.83
730318,9,51,98,304,60,402,317.82,2374.57,26.82,63694.35,3538.57,0.7915,11,62,58,0.02,43.48,35.79
738273,10,48,215,459,58,674,301.3,3948.28,47.81,188777.1,10487.62,1.3161,35,78,74,0.0,28.84,28.84
743253,8,36,35,118,44,153,210.12,835.29,13.11,10951.62,608.42,0.2784,6,26,23,0.0,47.87,47.87
723984,8,41,47,110,49,157,243.66,881.51,10.73,9460.1,525.56,0.2938,4,19,15,0.0,50.94,50.94
730443,11,74,113,433,85,546,497.55,3499.53,32.18,112623.31,6256.85,1.1665,12,61,58,0.0,34.63,34.63
717600,8,32,58,130,40,188,184.0,1000.52,16.25,16258.49,903.25,0.3335,5,29,28,0.0,46.42,46.42
697850,5,32,28,105,37,133,171.61,692.86,8.2,5683.6,315.76,0.231,4,23,20,0.0,49.87,49.87
723985,9,52,115,349,61,464,324.95,2751.86,30.2,83111.53,4617.31,0.9173,14,66,58,0.0,34.34,34.34
749330,6,36,51,113,42,164,201.63,884.34,9.42,8327.54,462.64,0.2948,9,22,19,0.0,48.87,48.87
755841,10,54,78,283,64,361,343.98,2166.0,26.2,56757.22,3153.18,0.722,11,54,50,0.0,37.37,37.37
755785,6,44,58,222,50,280,255.72,1580.28,15.14,23919.69,1328.87,0.5268,9,36,32,0.0,42.44,42.44
749310,7,35,42,144,42,186,199.18,1002.97,14.4,14442.78,802.38,0.3343,3,19,15,0.0,50.69,50.69
749314,9,32,49,102,41,151,188.53,808.99,14.34,11603.96,644.66,0.2697,3,18,15,0.0,51.85,51.85
718126,9,66,138,504,75,642,427.46,3998.9,34.36,137416.8,7634.27,1.333,15,73,65,0.04,44.3,32.12
755859,7,45,146,430,52,576,266.78,3283.45,33.44,109813.27,6100.74,1.0945,20,84,77,0.05,43.56,30.71
743309,5,26,36,81,31,117,133.82,579.64,7.79,4514.51,250.81,0.1932,4,20,19,0.0,51.73,51.73
724050,8,45,126,607,53,733,271.13,4198.57,53.96,226535.94,12585.33,1.3995,19,78,73,0.0,30.8,30.8
762213,7,30,43,130,37,173,166.86,901.24,15.17,13668.74,759.37,0.3004,5,21,18,0.0,49.79,49.79
738657,8,47,46,197,55,243,285.07,1404.87,16.77,23554.0,1308.56,0.4683,5,31,28,0.03,55.6,44.76
768785,6,40,70,307,46,377,228.39,2082.38,23.02,47946.87,2663.71,0.6941,7,34,29,0.0,42.41,42.41
749398,10,37,56,175,47,231,225.97,1283.11,23.65,30343.82,1685.77,0.4277,6,29,26,0.0,45.53,45.53
762296,9,40,46,131,49,177,241.41,993.8,14.74,14646.18,813.68,0.3313,6,28,24,0.0,46.64,46.64
775517,6,46,70,266,52,336,269.59,1915.35,17.35,33227.12,1845.95,0.6384,6,36,30,0.0,42.26,42.26
775527,6,32,32,87,38,119,175.51,624.5,8.16,5093.61,282.98,0.2082,4,17,15,0.0,53.05,53.05
762180,3,22,13,33,25,46,102.86,213.62,2.25,480.64,26.7,0.0712,1,9,6,0.0,62.74,62.74
776374,9,42,447,840,51,1287,255.01,7300.41,90.0,657037.03,36502.06,2.4335,27,172,162,0.05,33.11,20.55
762352,8,54,114,308,62,422,334.76,2512.67,22.81,57326.12,3184.78,0.8376,5,41,35,0.05,53.73,40.34
788962,7,27,23,73,34,96,148.03,488.4,9.46,4621.68,256.76,0.1628,2,14,12,0.0,55.9,55.9
769820,9,53,77,268,62,345,332.11,2054.2,22.75,46742.69,2596.82,0.6847,12,51,45,0.04,49.92,37.94
788784,6,29,41,99,35,140,156.39,718.1,10.24,7354.33,408.57,0.2394,4,20,18,0.0,51.08,51.08
768810,6,49,111,338,55,449,290.63,2595.83,20.69,53717.8,2984.32,0.8653,15,52,48,0.0,36.64,36.64
749884,7,42,45,146,49,191,246.13,1072.41,12.17,13047.65,724.87,0.3575,7,31,27,0.0,45.31,45.31
801806,8,42,89,223,50,312,250.48,1760.88,21.24,37397.8,2077.66,0.587,12,50,46,0.0,38.6,38.6
795841,10,54,81,303,64,384,343.98,2304.0,28.06,64640.0,3591.11,0.768,10,43,38,0.0,39.48,39.48
795642,7,33,31,107,40,138,186.12,734.43,11.35,8334.62,463.03,0.2448,3,19,15,0.0,51.63,51.63
768823,10,45,66,239,55,305,280.35,1763.31,26.56,46825.8,2601.43,0.5878,10,53,49,0.0,38.31,38.31
795255,11,54,123,385,65,508,348.82,3059.36,39.21,119966.68,6664.82,1.0198,14,60,55,0.0,34.92,34.92
755807,6,43,127,488,49,615,248.84,3453.05,34.05,117564.19,6531.34,1.151,17,56,51,0.0,34.8,34.8
782053,7,26,27,93,33,120,141.86,605.33,12.52,7578.23,421.01,0.2018,2,14,12,0.0,55.25,55.25
782353,5,30,65,114,35,179,158.82,918.14,9.5,8722.35,484.57,0.306,3,17,15,0.0,52.01,52.01
775529,7,44,54,175,51,229,259.87,1298.99,13.92,18082.47,1004.58,0.433,6,31,26,0.0,44.86,44.86
818250,8,36,48,145,44,193,210.12,1053.67,16.11,16975.8,943.1,0.3512,7,31,27,0.0,45.36,45.36
802917,9,55,179,496,64,675,346.5,4050.0,40.58,164356.36,9130.91,1.35,28,84,75,0.05,41.99,29.0
815896,9,40,172,248,49,420,241.41,2358.18,27.9,65793.17,3655.18,0.7861,16,51,48,0.0,36.98,36.98
818273,8,42,61,161,50,222,250.48,1252.94,15.33,19211.69,1067.32,0.4176,5,30,25,0.0,45.41,45.41
814921,7,61,101,358,68,459,381.43,2794.15,20.54,57394.5,3188.58,0.9314,13,65,60,0.0,34.57,34.57
816454,11,78,159,559,89,718,528.32,4649.58,39.42,183270.81,10181.71,1.5499,16,72,64,0.0,31.65,31.65
824481,6,40,48,177,46,225,228.39,1242.8,13.27,16498.19,916.57,0.4143,6,33,29,0.0,44.4,44.4
795762,7,54,96,320,61,416,330.42,2467.19,20.74,51171.28,2842.85,0.8224,12,58,53,0.0,36.17,36.17
824502,6,39,43,164,45,207,221.64,1136.81,12.62,14341.34,796.74,0.3789,11,39,36,0.0,42.42,42.42
808600,9,52,112,315,61,427,324.95,2532.42,27.26,69032.93,3835.16,0.8441,14,68,63,0.02,41.71,34.31
831044,4,27,17,62,31,79,136.38,391.38,4.59,1797.46,99.86,0.1305,1,11,8,0.0,59.0,59.0
824527,8,51,65,197,59,262,313.29,1541.25,15.45,23813.86,1322.99,0.5138,13,40,35,0.0,40.98,40.98
818291,11,56,137,402,67,539,363.27,3269.62,39.48,129091.69,7171.76,1.0899,15,54,50,0.0,35.58,35.58
818421,8,42,82,298,50,380,250.48,2144.67,28.38,60867.65,3381.54,0.7149,14,51,46,0.0,37.54,37.54
831277,6,33,44,107,39,151,181.97,798.1,9.73,7763.29,431.29,0.266,4,20,17,0.0,50.76,50.76
808557,5,32,40,105,37,145,171.61,755.37,8.2,6196.4,344.24,0.2518,5,23,20,0.0,49.47,49.47
831041,11,86,259,864,97,1123,590.71,7411.7,55.26,409539.63,22752.2,2.4706,37,104,96,0.03,34.13,23.93
802235,9,58,95,293,67,388,368.29,2353.64,22.73,53504.79,2972.49,0.7845,9,50,42,0.0,38.12,38.12
808558,6,39,45,148,45,193,221.64,1059.93,11.38,12066.87,670.38,0.3533,6,33,29,0.0,44.89,44.89
831069,8,39,115,367,47,482,230.13,2677.31,37.64,100776.76,5598.71,0.8924,20,65,61,0.0,33.76,33.76
831063,7,47,55,233,54,288,280.72,1657.41,17.35,28757.79,1597.65,0.5525,13,52,48,0.0,38.28,38.28
844049,7,46,48,153,53,201,273.74,1151.31,11.64,13402.77,744.6,0.3838,7,37,33,0.0,43.42,43.42
837399,10,68,126,388,78,514,447.17,3230.7,28.53,92169.88,5120.55,1.0769,26,79,73,0.01,37.43,30.54
844005,10,55,86,280,65,366,351.19,2204.19,25.45,56106.57,3117.03,0.7347,18,52,50,0.0,36.74,36.74
844003,7,39,45,125,46,170,225.78,939.01,11.22,10533.72,585.21,0.313,8,31,27,0.0,45.58,45.58
850577,9,35,71,199,44,270,208.05,1474.05,25.59,37714.53,2095.25,0.4913,4,37,34,0.0,43.07,43.07
844041,9,63,139,577,72,716,405.1,4417.67,41.21,182070.96,10115.05,1.4726,31,97,91,0.02,35.61,26.97
857119,8,38,44,114,46,158,223.42,872.72,12.0,10472.67,581.82,0.2909,6,24,21,0.0,48.49,48.49
844016,10,52,82,242,62,324,329.64,1929.16,23.27,44890.06,2493.89,0.6431,10,46,42,0.0,39.38,39.38
838418,12,105,155,620,117,775,748.02,5324.53,35.43,188640.59,10480.03,1.7748,19,96,86,0.04,40.34,28.11
824532,12,67,198,626,79,824,449.45,5194.32,56.06,291191.77,16177.32,1.7314,26,99,95,0.0,26.95,26.95
850717,11,53,86,240,64,326,341.63,1956.0,24.91,48715.47,2706.42,0.652,11,46,41,0.0,39.2,39.2
824581,11,44,59,196,55,255,278.27,1474.25,24.5,36119.04,2006.61,0.4914,8,35,30,0.0,43.06,43.06
824521,12,83,203,665,95,868,572.15,5702.63,48.07,274138.7,15229.93,1.9009,27,97,91,0.0,26.73,26.73
850793,6,45,78,259,51,337,262.64,1911.61,17.27,33007.09,1833.73,0.6372,11,45,41,0.0,39.48,39.48
857157,6,45,93,308,51,401,262.64,2274.64,20.53,46705.99,2594.78,0.7582,18,66,59,0.06,48.8,34.38
837414,10,49,115,350,59,465,308.34,2735.43,35.71,97693.89,5427.44,0.9118,22,68,65,0.0,33.0,33.0
857133,8,59,90,293,67,383,371.08,2323.31,19.86,46151.22,2563.96,0.7744,11,46,42,0.0,38.68,38.68
846979,8,59,101,323,67,424,371.08,2572.02,21.9,56322.92,3129.05,0.8573,10,70,63,0.03,44.8,34.53
863659,10,65,120,464,75,584,424.67,3637.63,35.69,129835.41,7213.08,1.2125,23,84,78,0.03,39.3,30.0
837419,6,53,39,173,59,212,319.09,1247.12,9.79,12212.37,678.46,0.4157,3,28,23,0.0,46.35,46.35
863932,5,43,67,208,48,275,244.94,1535.86,12.09,18573.25,1031.85,0.512,7,36,32,0.0,42.8,42.8
857259,7,32,46,120,39,166,179.65,877.38,13.12,11515.57,639.75,0.2925,6,26,22,0.0,47.72,47.72
837515,8,56,113,375,64,488,349.21,2928.0,26.79,78428.57,4357.14,0.976,20,73,66,0.04,44.49,32.39
864013,10,63,69,234,73,303,409.79,1875.52,18.57,34831.03,1935.06,0.6252,9,48,42,0.05,51.55,39.2
869823,6,34,22,74,40,96,188.48,510.91,6.53,3335.91,185.33,0.1703,2,18,14,0.0,53.38,53.38
864344,9,46,124,397,55,521,282.61,3012.09,38.84,116980.35,6498.91,1.004,14,53,49,0.0,36.14,36.14
844376,9,61,140,476,70,616,390.3,3775.64,35.11,132580.61,7365.59,1.2585,11,58,54,0.0,35.01,35.01
864516,10,73,180,592,83,772,485.08,4921.53,40.55,199557.95,11086.55,1.6405,30,95,91,0.0,26.97,26.97
857114,8,41,78,217,49,295,243.66,1656.34,21.17,35065.92,1948.11,0.5521,10,50,46,0.0,39.05,39.05
869834,9,53,83,309,62,392,332.11,2334.04,26.24,61235.65,3401.98,0.778,10,50,44,0.0,38.01,38.01
876179,7,30,74,166,37,240,166.86,1250.27,19.37,24213.54,1345.2,0.4168,6,24,22,0.0,47.4,47.4
876207,5,28,34,94,33,128,146.22,645.68,8.39,5419.12,301.06,0.2152,1,14,11,0.0,55.19,55.19
888504,5,32,49,104,37,153,171.61,797.05,8.12,6476.0,359.78,0.2657,5,25,23,0.0,48.52,48.52
876448,10,46,115,314,56,429,287.3,2491.36,34.13,85031.04,4723.95,0.8305,16,60,56,0.0,35.28,35.28
869824,9,45,95,263,54,358,275.66,2060.25,26.3,54184.57,3010.25,0.6867,20,47,44,0.0,37.63,37.63
876246,11,67,138,535,78,673,444.48,4230.08,43.92,185776.09,10320.89,1.41,23,87,72,0.0,29.21,29.21
864284,11,52,87,273,63,360,334.48,2151.82,28.88,62133.82,3451.88,0.7173,15,49,41,0.07,52.67,37.78
869863,6,38,44,144,44,188,214.93,1026.37,11.37,11668.24,648.24,0.3421,5,25,21,0.0,47.75,47.75
850944,10,76,116,547,86,663,508.06,4260.61,35.99,153326.03,8518.11,1.4202,18,83,74,0.04,41.8,30.3
869827,6,34,47,147,40,194,188.48,1032.45,12.97,13391.54,743.97,0.3442,7,35,32,0.0,44.27,44.27
876175,7,27,25,61,34,86,148.03,437.52,7.91,3459.66,192.2,0.1458,4,14,12,0.0,55.97,55.97
894506,11,41,75,200,52,275,257.71,1567.62,26.83,42058.12,2336.56,0.5225,14,43,40,0.0,40.11,40.11
869825,5,37,49,157,42,206,204.36,1110.82,10.61,11783.67,654.65,0.3703,4,25,21,0.0,47.64,47.64
900540,4,32,27,86,36,113,168.0,584.2,5.38,3140.08,174.45,0.1947,4,24,22,0.0,49.98,49.98
888568,8,52,111,391,60,502,320.42,2965.26,30.08,89185.87,4954.77,0.9884,16,61,55,0.04,45.53,34.59
882515,11,69,128,550,80,678,459.54,4286.27,43.84,187912.44,10439.58,1.4288,17,78,67,0.0,31.01,31.01
882377,7,42,57,159,49,216,246.13,1212.78,13.25,16069.3,892.74,0.4043,9,23,18,0.0,47.49,47.49
912495,5,45,89,306,50,395,258.74,2229.32,17.0,37898.49,2105.47,0.7431,18,66,59,0.06,48.86,34.44
882455,5,38,50,164,43,214,211.03,1161.22,10.79,12528.96,696.05,0.3871,4,31,27,0.0,45.47,45.47
888711,9,34,76,185,43,261,201.5,1416.26,24.49,34677.42,1926.52,0.4721,8,32,30,0.0,44.03,44.03
912503,7,37,43,113,44,156,212.4,851.67,10.69,9103.68,505.76,0.2839,6,26,23,0.0,47.81,47.81
888923,9,45,66,232,54,298,275.66,1714.96,23.2,39786.99,2210.39,0.5717,9,45,41,0.0,40.08,40.08
882652,6,58,225,743,64,968,355.27,5808.0,38.43,223207.45,12400.41,1.936,25,126,112,0.08,40.63,24.46
906706,8,40,60,150,48,210,236.88,1172.84,15.0,17592.63,977.37,0.3909,7,29,26,0.0,45.67,45.67
888497,6,31,24,74,37,98,169.09,510.53,7.16,3656.03,203.11,0.1702,1,13,10,0.0,56.6,56.6
894386,7,40,72,163,47,235,232.53,1305.33,14.26,18617.25,1034.29,0.4351,5,26,22,0.0,46.64,46.64
900804,6,29,29,94,35,123,156.39,630.9,9.72,6134.98,340.83,0.2103,7,22,20,0.0,50.17,50.17
882458,9,60,141,477,69,618,382.94,3775.07,35.77,135053.06,7502.95,1.2584,21,91,88,0.0,29.4,29.4
912502,10,58,86,262,68,348,372.98,2118.44,22.59,47847.46,2658.19,0.7061,11,45,41,0.0,39.17,39.17
888707,9,52,230,698,61,928,324.95,5503.72,60.4,332446.11,18469.23,1.8346,57,91,87,0.0,23.41,23.41
912521,7,35,88,261,42,349,199.18,1881.92,26.1,49118.08,2728.78,0.6273,15,55,51,0.0,37.09,37.09
925709,8,31,42,100,39,142,177.58,750.53,12.9,9684.22,538.01,0.2502,4,20,16,0.0,50.95,50.95
919056,9,36,51,125,45,176,214.65,966.57,15.62,15102.6,839.03,0.3222,4,21,17,0.0,49.72,49.72
925648,6,32,52,120,38,172,175.51,902.64,11.25,10154.74,564.15,0.3009,5,24,22,0.0,48.53,48.53
895322,12,73,168,597,85,765,494.88,4903.18,49.07,240591.85,13366.21,1.6344,15,73,63,0.07,46.9,31.5
938419,4,27,34,83,31,117,136.38,579.64,6.15,3563.72,197.98,0.1932,5,21,19,0.0,51.14,51.14
902572,5,32,30,82,37,112,171.61,583.46,6.41,3737.78,207.65,0.1945,3,15,12,0.0,54.57,54.57
919118,12,90,281,936,102,1217,627.29,8120.34,62.4,506709.32,28150.52,2.7068,51,160,151,0.03,28.16,17.68
912499,8,37,73,150,45,223,216.75,1224.68,16.22,19859.73,1103.32,0.4082,6,28,25,0.0,46.0,46.0
931844,11,50,111,376,61,487,320.25,2888.27,41.36,119458.81,6636.6,0.9628,17,66,63,0.0,33.79,33.79
913681,8,49,118,461,57,579,299.12,3377.24,37.63,127094.63,7060.81,1.1257,10,55,51,0.0,35.98,35.98
938477,11,45,76,264,56,340,285.19,1974.5,32.27,63710.56,3539.48,0.6582,11,47,44,0.0,38.97,38.97
944521,7,21,36,52,28,88,111.89,423.05,8.67,3666.41,203.69,0.141,2,11,10,0.0,58.62,58.62
907957,8,49,114,421,57,535,299.12,3120.6,34.37,107246.61,5958.15,1.0402,12,54,50,0.0,36.13,36.13
932026,12,73,135,502,85,637,494.88,4082.78,41.26,168456.7,9358.71,1.3609,13,69,64,0.0,32.85,32.85
938495,9,57,130,496,66,626,361.0,3783.79,39.16,148165.28,8231.4,1.2613,15,67,63,0.0,33.1,33.1
925657,7,33,41,106,40,147,186.12,782.32,11.24,8795.21,488.62,0.2608,4,18,15,0.0,51.82,51.82
944552,11,64,168,558,75,726,422.05,4522.12,47.95,216849.9,12047.22,1.5074,34,94,89,0.01,33.05,26.79
910792,7,44,64,177,51,241,259.87,1367.05,14.08,19247.51,1069.31,0.4557,7,34,30,0.0,43.69,43.69
950767,9,38,66,182,47,248,227.95,1377.54,21.55,29689.57,1649.42,0.4592,8,35,31,0.0,43.26,43.26
950860,11,61,125,460,72,585,399.83,3609.41,41.48,149701.6,8316.76,1.2031,26,85,82,0.0,29.51,29.51
944518,4,31,27,70,35,97,161.58,497.54,4.52,2246.96,124.83,0.1658,2,16,12,0.0,54.58,54.58
938486,6,30,47,109,36,156,162.72,806.51,10.9,8790.94,488.39,0.2688,3,20,17,0.0,50.86,50.86
919165,9,58,125,420,67,545,368.29,3306.02,32.59,107730.61,5985.03,1.102,27,75,70,0.03,40.61,30.82
963840,7,30,22,70,37,92,166.86,479.27,8.17,3914.04,217.45,0.1598,3,19,16,0.0,52.93,52.93
957407,6,33,30,92,39,122,181.97,644.82,8.36,5393.03,299.61,0.2149,2,18,14,0.0,52.68,52.68
919119,8,56,104,367,64,471,349.21,2826.0,26.21,74081.57,4115.64,0.942,10,50,45,0.0,37.43,37.43
963846,7,43,56,176,50,232,252.98,1309.37,14.33,18757.55,1042.09,0.4365,9,40,37,0.0,42.02,42.02
932644,9,41,61,141,50,202,248.19,1140.06,15.48,17643.11,980.17,0.38,7,27,23,0.0,46.43,46.43
944537,4,30,24,79,34,103,155.21,524.01,5.27,2759.78,153.32,0.1747,4,20,17,0.0,52.04,52.04
963814,5,28,18,51,33,69,146.22,348.06,4.55,1584.93,88.05,0.116,1,10,7,0.0,60.25,60.25
970052,8,29,37,97,37,134,164.88,698.07,13.38,9339.65,518.87,0.2327,5,24,21,0.0,49.31,49.31
938701,11,53,149,481,64,630,341.63,3780.0,49.92,188679.06,10482.17,1.26,20,67,63,0.0,32.43,32.43
976641,10,33,38,81,43,119,199.68,645.73,12.27,7924.81,440.27,0.2152,2,12,10,0.0,56.51,56.51
958178,8,44,78,247,52,325,264.21,1852.64,22.45,41600.25,2311.13,0.6175,8,38,34,0.0,41.58,41.58
963935,13,48,210,524,61,734,316.18,4353.16,70.96,308893.06,17160.73,1.4511,41,115,111,0.0,24.05,24.05
964048,6,41,68,206,47,274,235.17,1521.96,15.07,22940.72,1274.48,0.5073,8,39,35,0.0,41.93,41.93
976536,8,38,85,207,46,292,223.42,1612.88,21.79,35143.81,1952.43,0.5376,17,34,31,0.0,41.85,41.85
983064,9,26,73,112,35,185,150.74,948.92,19.38,18394.4,1021.91,0.3163,5,20,18,0.0,50.1,50.1
944767,9,58,100,403,67,503,368.29,3051.24,31.27,95403.95,5300.22,1.0171,14,65,61,0.0,34.17,34.17
983068,4,28,56,77,32,133,142.61,665.0,5.5,3657.5,203.19,0.2217,1,12,9,0.0,56.56,56.56
976532,9,56,84,251,65,335,353.74,2017.49,20.17,40692.12,2260.67,0.6725,11,45,40,0.0,39.32,39.32
989531,7,30,32,72,37,104,166.86,541.78,8.4,4550.98,252.83,0.1806,3,18,17,0.0,53.07,53.07
983074,7,40,47,164,47,211,232.53,1172.02,14.35,16818.46,934.36,0.3907,7,35,32,0.0,43.89,43.89
964152,9,51,125,325,60,450,317.82,2658.1,28.68,76224.95,4234.72,0.886,16,67,64,0.0,34.04,34.04
950799,8,47,87,276,55,363,285.07,2098.63,23.49,49295.56,2738.64,0.6995,9,38,34,0.0,41.07,41.07
970066,7,42,57,177,49,234,246.13,1313.84,14.75,19379.17,1076.62,0.4379,7,35,31,0.0,43.54,43.54
983379,8,52,80,240,60,320,320.42,1890.2,18.46,34896.09,1938.67,0.6301,12,53,49,0.0,37.83,37.83
995728,7,34,59,149,41,208,192.63,1114.37,15.34,17092.48,949.58,0.3715,11,23,20,0.0,47.48,47.48
983949,9,44,73,242,53,315,268.74,1804.29,24.75,44656.3,2480.91,0.6014,10,42,39,0.0,40.44,40.44
994613,8,32,67,158,40,225,184.0,1197.43,19.75,23649.32,1313.85,0.3991,5,39,36,0.0,43.07,43.07
989627,7,44,52,230,51,282,259.87,1599.62,18.3,29265.85,1625.88,0.5332,5,30,21,0.0,44.67,44.67
992978,9,40,93,236,49,329,241.41,1847.24,26.55,49044.21,2724.68,0.6157,12,37,35,0.0,41.31,41.31
1002269,8,37,53,150,45,203,216.75,1114.85,16.22,18078.59,1004.37,0.3716,7,30,27,0.0,45.5,45.5
995745,10,34,42,92,44,134,206.19,731.56,13.53,9897.63,549.87,0.2439,3,15,13,0.0,53.89,53.89
1008916,6,41,76,165,47,241,235.17,1338.66,12.07,16161.82,897.88,0.4462,5,32,28,0.0,44.6,44.6
976533,9,53,92,297,62,389,332.11,2316.18,25.22,58407.13,3244.84,0.7721,17,60,55,0.0,35.36,35.36
976785,6,32,53,125,38,178,175.51,934.13,11.72,10946.85,608.16,0.3114,4,21,18,0.0,49.82,49.82
995776,7,43,55,215,50,270,252.98,1523.84,17.5,26667.22,1481.51,0.5079,8,41,37,0.0,41.46,41.46
995758,9,45,61,219,54,280,275.66,1611.37,21.9,35288.97,1960.5,0.5371,8,37,32,0.0,42.26,42.26
970067,10,42,118,260,52,378,259.7,2154.77,30.95,66695.14,3705.29,0.7183,21,48,44,0.0,37.16,37.16
995726,8,58,113,423,66,536,363.76,3239.8,29.17,94512.65,5250.7,1.0799,16,68,62,0.0,33.29,33.29
989638,9,37,63,162,46,225,221.28,1242.8,19.7,24486.55,1360.36,0.4143,11,36,33,0.0,42.9,42.9
1015360,7,34,29,106,41,135,192.63,723.27,10.91,7892.15,438.45,0.2411,7,24,21,0.0,48.93,48.93
1015564,4,28,28,85,32,113,142.61,565.0,6.07,3430.36,190.58,0.1883,4,19,16,0.0,52.3,52.3
989628,6,47,53,171,53,224,276.58,1283.05,10.91,14004.4,778.02,0.4277,6,34,30,0.0,44.02,44.02
1008904,10,64,189,603,74,792,417.22,4917.89,47.11,231678.59,12871.03,1.6393,30,87,83,0.0,27.81,27.81
1002267,8,46,60,193,54,253,278.08,1455.99,16.78,24435.25,1357.51,0.4853,10,39,34,0.0,41.8,41.8
990098,8,55,100,415,63,515,341.97,3078.3,30.18,92908.67,5161.59,1.0261,13,57,51,0.0,35.52,35.52
1015345,12,62,201,687,74,888,412.18,5513.99,66.48,366591.7,20366.21,1.838,29,123,110,0.08,39.91,24.31
976605,10,47,52,180,57,232,294.28,1353.23,19.15,25912.92,1439.61,0.4511,8,36,32,0.0,43.05,43.05
1024291,10,68,93,357,78,450,447.17,2828.43,26.25,74246.31,4124.8,0.9428,16,69,63,0.0,33.57,33.57
1030607,5,31,34,113,36,147,165.19,759.98,9.11,6925.61,384.76,0.2533,4,22,18,0.0,50.01,50.01
1015402,9,41,59,177,50,236,248.19,1331.95,19.43,25875.57,1437.53,0.444,8,40,36,0.0,42.1,42.1
1021680,8,43,63,203,51,266,257.33,1508.87,18.88,28492.99,1582.94,0.503,9,43,38,0.05,53.82,40.9
1036793,7,39,59,196,46,255,225.78,1408.51,17.59,24775.3,1376.41,0.4695,9,41,38,0.0,41.56,41.56
1036925,8,41,71,243,49,314,243.66,1763.02,23.71,41796.45,2322.02,0.5877,10,37,33,0.0,41.72,41.72
1030621,9,56,115,329,65,444,353.74,2673.93,26.44,70692.06,3927.34,0.8913,16,48,43,0.0,37.18,37.18
1039892,5,30,15,73,35,88,158.82,451.38,6.08,2745.88,152.55,0.1505,1,10,8,0.0,59.46,59.46
1008925,8,45,124,388,53,512,271.13,2932.7,34.49,101145.4,5619.19,0.9776,25,49,43,0.07,50.09,35.49
1024301,6,33,53,131,39,184,181.97,972.51,11.91,11581.76,643.43,0.3242,5,25,22,0.0,47.91,47.91
1021758,5,42,70,281,47,351,238.09,1949.66,16.73,32610.4,1811.69,0.6499,9,45,41,0.0,39.69,39.69
1046587,7,41,76,255,48,331,239.31,1848.62,21.77,40241.36,2235.63,0.6162,9,40,37,0.0,40.97,40.97
1040278,9,47,71,227,56,298,289.6,1730.59,21.73,37612.76,2089.6,0.5769,9,44,40,0.0,40.27,40.27
1046440,6,29,25,60,35,85,156.39,435.99,6.21,2706.14,150.34,0.1453,4,13,10,0.0,56.68,56.68
1039943,9,45,78,231,54,309,275.66,1778.26,23.1,41077.81,2282.1,0.5928,11,41,35,0.05,53.98,40.58
1024401,9,59,115,438,68,553,375.61,3366.37,33.41,112459.48,6247.75,1.1221,18,68,63,0.0,32.91,32.91
1039874,7,39,79,221,46,300,225.78,1657.07,19.83,32865.19,1825.84,0.5524,8,39,34,0.06,55.24,41.67
1037726,11,44,63,199,55,262,278.27,1514.72,24.88,37678.57,2093.25,0.5049,6,37,31,0.06,56.83,42.72
1024320,8,50,112,361,58,473,306.19,2770.83,28.88,80021.43,4445.63,0.9236,18,72,66,0.0,32.96,32.96
1022045,8,45,84,346,53,430,271.13,2463.01,30.76,75751.11,4208.4,0.821,16,63,58,0.0,34.85,34.85
1059426,5,52,69,270,57,339,308.03,1977.35,12.98,25667.52,1425.97,0.6591,12,53,48,0.0,37.69,37.69
1052656,6,53,96,329,59,425,319.09,2500.12,18.62,46558.9,2586.61,0.8334,8,51,47,0.0,37.88,37.88
1059031,7,38,60,148,45,208,219.07,1142.31,13.63,15571.43,865.08,0.3808,9,26,23,0.0,46.51,46.51
1052641,11,35,55,122,46,177,217.58,977.67,19.17,18743.34,1041.3,0.3259,5,23,20,0.0,48.69,48.69
1046760,8,62,146,460,70,606,393.16,3714.35,29.68,110232.19,6124.01,1.2381,12,59,53,0.0,34.76,34.76
1039910,7,40,59,202,47,261,232.53,1449.75,17.68,25624.29,1423.57,0.4832,9,42,39,0.0,41.24,41.24
1030817,8,50,144,412,58,556,306.19,3257.04,32.96,107351.95,5964.0,1.0857,14,61,54,0.0,34.58,34.58
1070201,8,24,27,56,32,83,134.04,415.0,9.33,3873.33,215.19,0.1383,1,9,8,0.0,60.72,60.72
1065527,9,30,59,123,39,182,175.74,961.94,18.45,17747.85,985.99,0.3206,5,19,16,0.0,50.54,50.54
1076709,9,28,37,104,37,141,163.14,734.53,16.71,12277.19,682.07,0.2448,7,21,19,0.0,50.15,50.15
1065520,8,28,34,112,36,146,158.61,754.81,16.0,12076.94,670.94,0.2516,6,24,23,0.0,48.93,48.93
1065610,11,48,96,306,59,402,306.13,2364.82,35.06,82916.59,4606.48,0.7883,13,51,47,0.0,37.38,37.38
1046647,8,47,80,251,55,331,285.07,1913.63,21.36,40878.4,2271.02,0.6379,10,45,42,0.0,39.61,39.61
1076795,12,45,82,254,57,336,290.15,1959.85,33.87,66373.62,3687.42,0.6533,13,46,41,0.0,38.93,38.93
1046660,10,56,94,340,66,434,358.43,2623.27,30.36,79634.89,4424.16,0.8744,11,54,50,0.0,36.79,36.79
1076570,7,40,78,212,47,290,232.53,1610.83,18.55,29880.91,1660.05,0.5369,6,27,24,0.0,45.51,45.51
1065514,9,72,149,593,81,742,472.76,4704.17,37.06,174348.25,9686.01,1.5681,27,110,106,0.0,26.12,26.12
1076691,10,53,155,540,63,695,336.8,4154.21,50.94,211629.54,11757.2,1.3847,27,93,90,0.0,28.09,28.09
1095302,7,30,21,71,37,92,166.86,479.27,8.28,3969.95,220.55,0.1598,3,18,15,0.0,53.44,53.44
1052691,6,36,46,152,42,198,201.63,1067.68,12.67,13523.93,751.33,0.3559,6,22,18,0.0,48.7,48.7
1096039,10,39,88,227,49,315,239.35,1768.63,29.1,51471.77,2859.54,0.5895,14,46,44,0.0,39.11,39.11
1088093,7,40,56,153,47,209,232.53,1160.91,13.39,15541.67,863.43,0.387,7,23,21,0.0,47.89,47.89
1052679,7,38,64,214,45,278,219.07,1526.74,19.71,30092.75,1671.82,0.5089,12,40,37,0.0,41.15,41.15
1095300,7,40,72,217,47,289,232.53,1605.28,18.99,30480.18,1693.34,0.5351,11,34,30,0.0,42.67,42.67
1088022,7,48,81,273,55,354,287.73,2046.6,19.91,40740.16,2263.34,0.6822,9,39,33,0.0,40.9,40.9
1095359,9,55,73,263,64,336,346.5,2016.0,21.52,43380.65,2410.04,0.672,10,52,46,0.0,38.08,38.08
1108665,9,44,62,219,53,281,268.74,1609.55,22.4,36050.16,2002.79,0.5365,10,40,37,0.0,41.25,41.25
1059038,10,47,64,217,57,281,294.28,1639.04,23.09,37837.46,2102.08,0.5463,7,35,31,0.0,42.87,42.87
1070213,12,57,86,291,69,377,375.49,2302.91,30.63,70541.88,3918.99,0.7676,11,52,48,0.0,37.54,37.54
1108792,5,33,36,106,38,142,178.07,745.21,8.03,5984.23,332.46,0.2484,4,24,21,0.0,49.24,49.24
1124310,7,54,59,221,61,280,330.42,1660.61,14.32,23786.65,1321.48,0.5535,13,41,38,0.0,40.52,40.52
1088129,8,59,72,245,67,317,371.08,1922.95,16.61,31940.53,1774.47,0.641,10,53,47,0.0,38.05,38.05
1102676,7,24,30,72,31,102,129.69,505.33,10.5,5305.94,294.77,0.1684,3,16,15,0.0,54.4,54.4
1103099,6,30,23,72,36,95,162.72,491.14,7.2,3536.23,196.46,0.1637,3,17,15,0.0,53.91,53.91
1124390,7,40,68,195,47,263,232.53,1460.86,17.06,24925.87,1384.77,0.487,6,27,23,0.0,45.81,45.81
1102661,9,46,73,223,55,296,282.61,1711.28,21.82,37332.0,2074.0,0.5704,9,47,43,0.0,39.67,39.67
1088383,10,50,117,409,60,526,315.41,3107.02,40.9,127077.3,7059.85,1.0357,16,59,54,0.0,34.77,34.77
1129654,9,61,81,254,70,335,390.3,2053.31,18.74,38474.31,2137.46,0.6844,11,49,45,0.0,38.46,38.46
1124333,7,39,62,215,46,277,225.78,1530.03,19.29,29521.67,1640.09,0.51,11,36,33,0.0,42.27,42.27
1095374,8,42,47,137,50,184,250.48,1038.47,13.05,13549.55,752.75,0.3462,6,24,20,0.0,47.96,47.96
1108869,8,31,47,143,39,190,177.58,1004.23,18.45,18529.6,1029.42,0.3347,7,36,34,0.0,44.09,44.09
1102901,5,34,37,110,39,147,184.58,776.95,8.09,6284.19,349.12,0.259,4,25,22,0.0,48.73,48.73
1129577,9,43,83,221,52,304,261.86,1732.93,23.13,40079.13,2226.62,0.5776,11,43,39,0.0,40.21,40.21
1114486,10,92,309,1005,102,1314,633.39,8767.57,54.62,478880.69,26604.48,2.9225,40,161,140,0.0,18.87,18.87
1137667,9,41,80,218,50,298,248.19,1681.87,23.93,40241.8,2235.66,0.5606,11,41,38,0.0,40.75,40.75
1137467,6,45,59,224,51,283,262.64,1605.3,14.93,23972.43,1331.8,0.5351,10,45,41,0.0,40.15,40.15
1114482,11,66,102,270,77,372,436.98,2331.24,22.5,52453.0,2914.06,0.7771,9,55,42,0.11,55.35,37.25
1124454,8,68,126,330,76,456,437.95,2849.05,19.41,55305.18,3072.51,0.9497,7,49,39,0.05,50.77,38.0
1155494,5,28,19,61,33,80,146.22,403.55,5.45,2197.91,122.11,0.1345,2,13,10,0.0,57.18,57.18
1145682,9,33,48,115,42,163,194.99,878.95,15.68,13783.5,765.75,0.293,6,25,21,0.0,48.08,48.08
1152471,8,27,30,78,35,108,152.38,553.96,11.56,6401.35,355.63,0.1847,4,20,17,0.0,51.87,51.87
1164260,11,44,56,174,55,230,278.27,1329.71,21.75,28921.25,1606.74,0.4432,9,39,35,0.0,42.21,42.21
1124463,9,72,117,378,81,495,472.76,3138.23,23.62,74140.58,4118.92,1.0461,19,65,60,0.0,33.41,33.41
1146454,7,43,35,133,50,168,252.98,948.17,10.83,10264.47,570.25,0.3161,9,30,28,0.0,45.72,45.72
1153464,10,71,304,941,81,1245,469.85,7893.11,66.27,523057.72,29058.76,2.631,64,159,146,0.06,30.56,16.08
1137604,7,37,40,131,44,171,212.4,933.56,12.39,11568.61,642.7,0.3112,6,23,19,0.0,48.69,48.69
1152317,7,36,41,129,43,170,205.77,922.47,12.54,11569.25,642.74,0.3075,4,23,19,0.0,49.0,49.0
1158514,10,62,91,325,72,416,402.38,2566.69,26.21,67272.09,3737.34,0.8556,14,57,54,0.0,35.94,35.94
1164716,11,49,112,383,60,495,313.17,2923.91,42.99,125698.33,6983.24,0.9746,13,51,47,0.0,36.73,36.73
1155345,10,43,40,129,53,169,266.55,968.02,15.0,14520.28,806.68,0.3227,10,31,28,0.0,45.22,45.22
1156257,9,34,48,126,43,174,201.5,944.17,16.68,15745.42,874.75,0.3147,7,27,23,0.0,47.0,47.0
1145772,12,58,64,245,70,309,382.78,1893.95,25.34,48001.8,2666.77,0.6313,11,43,38,0.0,39.94,39.94
1164312,7,28,59,101,35,160,154.26,820.69,12.62,10361.15,575.62,0.2736,4,20,19,0.0,50.68,50.68
1168887,5,29,24,57,34,81,152.49,412.08,4.91,2024.9,112.49,0.1374,3,13,11,0.0,56.99,56.99
1153134,11,55,91,283,66,374,356.03,2260.6,28.3,63975.08,3554.17,0.7535,15,55,51,0.0,36.53,36.53
1178976,12,70,239,783,82,1022,472.07,6497.42,67.11,436069.58,24226.09,2.1658,27,115,111,0.0,24.72,24.72
1187690,8,38,49,155,46,204,223.42,1126.81,16.32,18384.74,1021.37,0.3756,12,30,27,0.0,44.8,44.8
1168891,6,36,40,104,42,144,201.63,776.49,8.67,6729.61,373.87,0.2588,4,20,17,0.0,50.84,50.84
1168892,9,42,62,200,51,262,255.01,1486.18,21.43,31846.62,1769.26,0.4954,11,44,40,0.0,40.46,40.46
1178975,10,55,97,326,65,423,351.19,2547.46,29.64,75497.5,4194.31,0.8492,17,69,65,0.0,33.75,33.75
1195942,8,55,75,229,63,304,341.97,1817.09,16.65,30262.86,1681.27,0.6057,12,33,29,0.03,53.11,42.44
1164661,6,25,19,56,31,75,131.61,371.56,6.72,2496.91,138.72,0.1239,1,9,6,0.0,61.05,61.05
1168863,5,30,35,101,35,136,158.82,697.58,8.42,5871.32,326.18,0.2325,3,18,14,0.0,52.3,52.3
1195935,5,28,25,73,33,98,146.22,494.35,6.52,3222.11,179.01,0.1648,2,18,15,0.0,53.48,53.48
1186390,8,55,87,295,63,382,341.97,2283.32,21.45,48987.61,2721.53,0.7611,13,53,47,0.0,37.12,37.12
1192497,12,62,95,304,74,399,412.18,2477.57,29.42,72888.57,4049.36,0.8259,13,40,32,0.09,56.03,39.54
1205873,7,33,64,161,40,225,186.12,1197.43,17.08,20447.09,1135.95,0.3991,11,25,22,0.0,46.47,46.47
1209590,7,37,40,90,44,130,212.4,709.73,8.51,6042.26,335.68,0.2366,8,19,16,0.0,51.07,51.07
1186269,9,30,37,92,39,129,175.74,681.82,13.8,9409.07,522.73,0.2273,6,21,19,0.0,50.51,50.51
1209682,6,32,45,124,38,169,175.51,886.9,11.62,10310.21,572.79,0.2956,6,25,22,0.0,48.06,48.06
1186965,6,34,52,156,40,208,188.48,1106.96,13.76,15236.99,846.5,0.369,6,23,18,0.0,48.17,48.17
1191104,7,47,83,272,54,355,280.72,2042.99,20.26,41381.31,2298.96,0.681,10,43,39,0.0,39.84,39.84
1209594,8,46,124,565,54,689,278.08,3965.12,49.13,194807.95,10822.66,1.3217,24,64,61,0.0,32.18,32.18
1206361,9,45,115,297,54,412,275.66,2371.01,29.7,70419.11,3912.17,0.7903,11,57,52,0.04,47.81,36.59
1226983,8,31,52,193,39,245,177.58,1294.92,24.9,32247.77,1791.54,0.4316,9,29,26,0.0,45.1,45.1
1225959,5,37,56,190,42,246,204.36,1326.51,12.84,17029.52,946.08,0.4422,11,35,32,0.0,42.97,42.97
1178288,6,34,56,165,40,221,188.48,1176.15,14.56,17123.3,951.29,0.392,8,29,25,0.0,45.52,45.52
1205998,8,42,48,210,50,258,250.48,1456.11,20.0,29122.3,1617.91,0.4854,7,27,24,0.0,45.69,45.69
1206140,9,47,57,163,56,220,289.6,1277.62,15.61,19939.0,1107.72,0.4259,6,31,27,0.0,44.91,44.91
1218687,7,49,49,181,56,230,294.77,1335.69,12.93,17268.58,959.37,0.4452,8,38,35,0.03,52.36,42.58
1233545,8,44,61,195,52,256,264.21,1459.31,17.73,25869.63,1437.2,0.4864,9,38,34,0.0,42.17,42.17
1220038,10,79,203,578,89,781,531.22,5057.55,36.58,185016.62,10278.7,1.6858,16,85,80,0.0,29.82,29.82
1205890,10,85,291,1086,95,1377,578.02,9046.69,63.88,577923.92,32106.88,3.0156,49,170,160,0.0,17.05,17.05
1243512,7,31,38,96,38,134,173.23,703.22,10.84,7622.02,423.45,0.2344,7,24,21,0.0,49.02,49.02
1239877,8,37,77,244,45,321,216.75,1762.88,26.38,46502.04,2583.45,0.5876,14,43,40,0.0,39.75,39.75
1226013,6,40,48,153,46,201,228.39,1110.24,11.48,12739.96,707.78,0.3701,4,25,20,0.0,47.64,47.64
1243460,5,48,23,104,53,127,279.69,727.45,5.42,3940.33,218.91,0.2425,4,21,18,0.0,50.58,50.58
1233565,12,58,117,377,70,494,382.78,3027.87,39.0,118086.77,6560.38,1.0093,12,58,53,0.0,35.54,35.54
1218879,9,74,139,472,83,611,488.03,3895.15,28.7,111801.31,6211.18,1.2984,14,80,74,0.0,31.46,31.46
1239546,7,47,44,171,54,215,280.72,1237.3,12.73,15755.84,875.32,0.4124,5,30,25,0.0,45.45,45.45
1233491,3,28,30,85,31,115,139.36,569.73,4.55,2594.32,144.13,0.1899,4,22,19,0.0,50.88,50.88
1233544,7,30,38,89,37,127,166.86,661.6,10.38,6869.62,381.65,0.2205,4,19,17,0.0,51.82,51.82
1243641,8,40,52,161,48,213,236.88,1189.6,16.1,19152.51,1064.03,0.3965,10,34,31,0.0,43.71,43.71
1265219,6,27,21,51,33,72,143.89,363.2,5.67,2058.11,114.34,0.1211,1,12,9,0.0,58.4,58.4
1225972,8,49,97,277,57,374,299.12,2181.5,22.61,49328.63,2740.48,0.7272,15,54,49,0.0,36.81,36.81
1226353,6,38,35,130,44,165,214.93,900.81,10.26,9245.12,513.62,0.3003,7,27,24,0.0,47.15,47.15
1233985,8,54,125,293,62,418,334.76,2488.85,21.7,54017.35,3000.96,0.8296,15,51,47,0.0,36.95,36.95
1233476,8,24,36,61,32,97,134.04,485.0,10.17,4930.83,273.94,0.1617,4,15,14,0.0,55.0,55.0
1239577,8,54,73,251,62,324,334.76,1929.16,18.59,35868.08,1992.67,0.6431,14,49,45,0.0,38.24,38.24
1251614,11,70,110,386,81,496,467.1,3144.57,30.33,95370.18,5298.34,1.0482,20,80,73,0.0,31.31,31.31
1233547,6,48,153,506,54,659,283.59,3792.47,31.62,119936.89,6663.16,1.2642,21,79,73,0.03,40.31,30.72
1274013,8,36,179,406,44,585,210.12,3193.77,45.11,144074.4,8004.13,1.0646,38,55,52,0.0,32.39,32.39
1265438,9,38,71,163,47,234,227.95,1299.77,19.3,25089.05,1393.84,0.4333,5,28,25,0.0,45.96,45.96
1258416,11,70,147,516,81,663,467.1,4203.32,40.54,170414.62,9467.48,1.4011,27,98,92,0.0,27.56,27.56
1265684,10,61,188,663,71,851,394.99,5233.43,54.34,284407.15,15800.4,1.7445,32,108,104,0.0,25.3,25.3
1265269,8,24,41,70,32,111,134.04,555.0,11.67,6475.0,359.72,0.185,3,13,12,0.0,56.08,56.08
1279443,6,40,41,132,46,173,228.39,955.58,9.9,9460.2,525.57,0.3185,6,27,24,0.0,47.1,47.1
1279422,7,35,32,99,42,131,199.18,706.39,9.9,6993.3,388.52,0.2355,4,22,18,0.0,50.23,50.23
1281384,9,40,82,223,49,305,241.41,1712.49,25.09,42962.01,2386.78,0.5708,16,36,33,0.0,41.26,41.26
1262753,8,33,52,119,41,171,190.47,916.14,14.42,13214.65,734.15,0.3054,5,22,19,0.0,49.3,49.3
1265442,11,81,191,686,92,877,551.58,5721.16,46.58,266493.22,14805.18,1.9071,24,109,99,0.03,36.07,26.02
1286801,9,68,118,365,77,483,442.48,3026.86,24.15,73111.97,4061.78,1.009,16,47,41,0.05,49.49,37.0
1286947,9,62,98,298,71,396,397.69,2435.3,21.63,52673.18,2926.29,0.8118,13,52,47,0.0,37.11,37.11
1244189,12,67,145,437,79,582,449.45,3668.8,39.13,143576.04,7976.45,1.2229,26,83,78,0.0,29.68,29.68
1251680,9,57,74,254,66,328,361.0,1982.56,20.05,39755.57,2208.64,0.6609,11,46,41,0.0,39.16,39.16
1279446,8,48,61,161,56,222,292.08,1289.23,13.42,17297.21,960.96,0.4297,3,25,20,0.0,47.32,47.32
1294494,9,57,69,256,66,325,361.0,1964.43,20.21,39702.13,2205.67,0.6548,10,45,40,0.02,48.72,39.53
1262831,8,53,199,666,61,865,327.58,5130.09,50.26,257859.51,14325.53,1.71,25,77,73,0.0,29.51,29.51
1279561,9,48,142,379,57,521,296.61,3038.94,35.53,107977.18,5998.73,1.013,25,78,74,0.0,30.98,30.98
1272668,9,38,39,110,47,149,227.95,827.63,13.03,10781.02,598.95,0.2759,5,21,18,0.0,50.05,50.05
1301455,5,41,54,152,46,206,231.27,1137.85,9.27,10545.96,585.89,0.3793,5,35,31,0.0,44.25,44.25
1309272,7,36,44,130,43,174,205.77,944.17,12.64,11933.26,662.96,0.3147,5,25,22,0.0,48.0,48.0
1309279,7,38,46,174,45,220,219.07,1208.21,16.03,19363.12,1075.73,0.4027,8,25,22,0.0,46.85,46.85
1295200,6,44,42,127,50,169,255.72,953.81,8.66,8259.14,458.84,0.3179,4,23,18,0.0,48.9,48.9
1240405,10,70,95,353,80,448,462.27,2832.22,25.21,71412.5,3967.36,0.9441,15,66,59,0.0,34.12,34.12
1317601,9,41,40,157,50,197,248.19,1111.84,17.23,19158.9,1064.38,0.3706,7,34,31,0.0,44.32,44.32
1309657,9,56,152,565,65,717,353.74,4318.04,45.4,196046.62,10891.48,1.4393,28,94,90,0.0,27.74,27.74
1322420,5,31,25,65,36,90,165.19,465.29,5.24,2439.04,135.5,0.1551,5,15,12,0.0,54.99,54.99
1302326,12,151,233,1018,163,1251,1136.02,9193.26,40.45,371870.37,20659.46,3.0644,42,110,97,0.05,34.87,22.07
1322679,9,48,67,214,57,281,296.61,1639.04,20.06,32883.28,1826.85,0.5463,12,38,35,0.0,41.42,41.42
1286798,6,43,51,168,49,219,248.84,1229.62,11.72,14412.31,800.68,0.4099,7,33,29,0.0,44.3,44.3
1309208,8,40,40,183,48,223,236.88,1245.45,18.3,22791.67,1266.2,0.4151,11,37,33,0.0,42.64,42.64
1301234,8,33,44,139,41,183,190.47,980.43,16.85,16518.79,917.71,0.3268,6,30,29,0.0,46.03,46.03
1331210,9,32,71,158,41,229,188.53,1226.88,22.22,27259.73,1514.43,0.409,6,25,23,0.0,47.07,47.07
1272997,7,52,68,221,59,289,316.07,1700.08,14.88,25288.75,1404.93,0.5667,7,40,35,0.03,51.27,41.49
1309509,12,74,392,932,86,1324,502.52,8508.37,75.57,642957.17,35719.84,2.8361,87,158,146,0.05,25.97,12.82
1294495,6,29,33,108,35,141,156.39,723.23,11.17,8080.21,448.9,0.2411,6,24,22,0.0,49.06,49.06
1331518,11,47,75,204,58,279,299.12,1634.38,23.87,39016.4,2167.58,0.5448,10,35,32,0.0,42.47,42.47
1311065,8,47,103,262,55,365,285.07,2110.2,22.3,47052.89,2614.05,0.7034,19,44,41,0.0,38.32,38.32
1324216,8,52,112,388,60,500,320.42,2953.45,29.85,88148.98,4897.17,0.9845,17,54,47,0.04,47.37,35.62
1317761,11,69,186,523,80,709,459.54,4482.25,41.69,186857.73,10380.99,1.4941,20,97,90,0.0,28.4,28.4
1339740,10,60,132,356,70,488,387.63,2991.09,29.67,88735.67,4929.76,0.997,19,71,66,0.01,39.96,32.72
1302389,10,54,103,337,64,440,343.98,2640.0,31.2,82377.78,4576.54,0.88,18,48,42,0.0,36.95,36.95
1295202,10,43,189,381,53,570,266.55,3264.91,44.3,144643.31,8035.74,1.0883,48,74,71,0.0,28.16,28.16
1344037,7,26,52,116,33,168,141.86,847.46,15.62,13233.39,735.19,0.2825,5,19,17,0.0,50.93,50.93
1317593,11,47,78,203,58,281,299.12,1646.09,23.76,39103.46,2172.41,0.5487,9,41,37,0.0,41.09,41.09
1353626,6,32,45,113,38,158,175.51,829.17,10.59,8784.05,488.0,0.2764,6,25,23,0.0,48.26,48.26
1344033,11,71,188,643,82,831,474.69,5283.13,49.81,263151.75,14619.54,1.761,31,76,71,0.0,28.73,28.73
1344155,8,33,37,109,41,146,190.47,782.2,13.21,10334.56,574.14,0.2607,4,20,16,0.0,50.82,50.82
1353686,6,34,46,163,40,209,188.48,1112.28,14.38,15997.25,888.74,0.3708,9,30,27,0.0,45.24,45.24
1353623,6,31,32,95,37,127,169.09,661.6,9.19,6082.46,337.91,0.2205,6,27,24,0.0,48.22,48.22
1322547,10,40,32,115,50,147,246.1,829.65,14.38,11926.17,662.57,0.2765,4,23,20,0.0,49.32,49.32
1344939,10,65,77,269,75,346,424.67,2155.17,20.69,44595.47,2477.53,0.7184,11,51,44,0.04,50.03,37.93
1331247,9,31,100,249,40,349,182.11,1857.35,36.15,67134.32,3729.68,0.6191,22,58,55,0.0,35.68,35.68
1339126,8,31,53,113,39,166,177.58,877.38,14.58,12792.72,710.71,0.2925,4,19,16,0.0,50.96,50.96
1358948,10,63,99,358,73,457,409.79,2828.75,28.41,80372.42,4465.13,0.9429,16,66,60,0.02,41.56,33.99
1339168,13,75,276,946,88,1222,515.27,7893.43,81.99,647155.64,35953.09,2.6311,38,103,94,0.01,29.79,23.69
1375148,6,44,108,333,50,441,255.72,2488.94,22.7,56510.26,3139.46,0.8296,18,51,48,0.0,36.55,36.55
1339320,12,55,126,446,67,572,360.99,3469.8,48.65,168821.69,9378.98,1.1566,23,91,85,0.0,29.38,29.38
1384662,6,48,38,114,54,152,283.59,874.74,7.12,6232.54,346.25,0.2916,4,25,18,0.14,68.8,48.37
1358826,9,60,118,296,69,414,382.94,2528.93,22.2,56142.23,3119.01,0.843,9,40,34,0.06,53.58,40.01
1381333,10,52,128,438,62,566,329.64,3370.08,42.12,141932.01,7885.11,1.1234,14,53,50,0.0,35.8,35.8
1374272,6,36,50,137,42,187,201.63,1008.36,11.42,11512.15,639.56,0.3361,7,29,25,0.0,46.13,46.13
1380901,9,35,55,133,44,188,208.05,1026.37,17.1,17550.98,975.05,0.3421,7,28,25,0.0,46.41,46.41
1380953,8,54,82,265,62,347,334.76,2066.11,19.63,40556.9,2253.16,0.6887,8,40,35,0.0,40.76,40.76
1367034,10,69,133,455,79,588,454.71,3706.62,32.97,122211.12,6789.51,1.2355,28,79,75,0.0,29.85,29.85
1381337,10,56,105,272,66,377,358.43,2278.74,24.29,55340.75,3074.49,0.7596,9,43,38,0.0,39.65,39.65
1366998,7,29,39,95,36,134,160.53,692.77,11.47,7942.97,441.28,0.2309,4,21,19,0.0,50.73,50.73
1396506,8,29,49,101,37,150,164.88,781.42,13.93,10885.96,604.78,0.2605,6,19,17,0.0,51.04,51.04
1404154,8,47,193,539,55,732,285.07,4231.96,45.87,194129.69,10784.98,1.4107,30,71,68,0.0,30.19,30.19
1405384,5,31,38,129,36,167,165.19,863.38,10.4,8981.91,499.0,0.2878,6,28,24,0.0,47.07,47.07
1380956,6,44,60,181,50,241,255.72,1360.17,12.34,16785.73,932.54,0.4534,6,34,30,0.0,43.84,43.84
1380699,11,77,154,481,88,635,520.6,4101.74,34.36,140924.04,7829.11,1.3672,32,104,98,0.02,34.74,26.4
1423914,9,43,50,156,52,206,261.86,1174.29,16.33,19170.98,1065.05,0.3914,8,34,31,0.0,44.02,44.02
1396281,8,41,54,150,49,204,243.66,1145.4,14.63,16761.96,931.22,0.3818,5,27,23,0.0,46.68,46.68
1374333,11,97,148,593,108,741,678.25,5005.37,33.62,168299.17,9349.95,1.6685,16,92,83,0.06,42.81,29.11
1415731,13,70,102,421,83,523,477.16,3334.15,39.09,130341.28,7241.18,1.1114,19,68,61,0.0,32.8,32.8
1384680,11,28,87,160,39,247,172.66,1305.49,31.43,41029.82,2279.43,0.4352,12,35,33,0.0,42.89,42.89
1423915,8,55,38,141,63,179,341.97,1069.93,10.25,10971.68,609.54,0.3566,8,28,24,0.0,46.14,46.14
1402693,10,29,89,184,39,273,174.1,1442.91,31.72,45775.23,2543.07,0.481,12,41,38,0.03,50.5,41.08
1396351,8,45,77,186,53,263,271.13,1506.44,16.53,24906.53,1383.7,0.5021,12,40,36,0.0,41.19,41.19
1405568,8,46,63,197,54,260,278.08,1496.27,17.13,25631.77,1423.99,0.4988,9,43,39,0.0,40.93,40.93
1431180,10,44,94,226,54,320,273.43,1841.56,25.68,47294.71,2627.48,0.6139,9,50,43,0.09,55.3,38.87
1428146,10,43,66,186,53,252,266.55,1443.44,21.63,31218.5,1734.36,0.4811,12,34,29,0.06,57.38,42.86
1416291,9,52,73,279,61,352,324.95,2087.62,24.14,50403.97,2800.22,0.6959,19,56,53,0.0,36.07,36.07
1402481,7,36,103,151,43,254,205.77,1378.27,14.68,20233.79,1124.1,0.4594,17,23,20,0.0,46.03,46.03
1405475,9,59,140,423,68,563,375.61,3427.24,32.26,110572.11,6142.89,1.1424,21,65,60,0.0,32.88,32.88
1437899,6,36,47,133,42,180,201.63,970.62,11.08,10757.67,597.65,0.3235,5,29,25,0.0,46.51,46.51
1431174,7,33,41,103,40,144,186.12,766.36,10.92,8371.88,465.1,0.2555,4,25,23,0.0,48.77,48.77
1431111,11,38,84,243,49,327,237.47,1836.01,35.17,64574.41,3587.47,0.612,12,28,24,0.0,43.96,43.96
1405841,12,54,90,332,66,422,353.78,2550.73,36.89,94093.75,5227.43,0.8502,9,44,40,0.0,39.09,39.09
1438108,10,37,69,161,47,230,225.97,1277.56,21.76,27795.46,1544.19,0.4259,6,26,22,0.0,46.58,46.58
1461690,6,32,42,86,38,128,175.51,671.73,8.06,5415.86,300.88,0.2239,1,13,11,0.0,55.77,55.77
1447244,10,40,47,149,50,196,246.1,1106.2,18.62,20602.9,1144.61,0.3687,5,25,22,0.0,47.52,47.52
1438420,10,63,94,318,73,412,409.79,2550.21,25.24,64362.39,3575.69,0.8501,18,59,54,0.0,35.1,35.1
1415717,6,36,37,107,42,144,201.63,776.49,8.92,6923.74,384.65,0.2588,6,19,15,0.0,51.06,51.06
1461864,8,37,61,181,45,242,216.75,1329.03,19.57,26005.85,1444.77,0.443,12,37,34,0.0,42.31,42.31
1423883,7,37,39,120,44,159,212.4,868.05,11.35,9853.54,547.42,0.2893,7,21,17,0.0,49.64,49.64
1447336,10,61,165,474,71,639,394.99,3929.69,38.85,152678.06,8482.11,1.3099,25,77,73,0.0,30.32,30.32
1431123,8,54,135,473,62,608,334.76,3620.15,35.04,126839.38,7046.63,1.2067,17,63,59,0.0,33.54,33.54
1469260,7,39,39,123,46,162,225.78,894.82,11.04,9877.4,548.74,0.2983,4,23,19,0.0,49.09,49.09
1455409,10,36,55,138,46,193,219.34,1066.05,19.17,20432.58,1135.14,0.3553,7,30,26,0.0,45.64,45.64
1465038,10,54,133,341,64,474,343.98,2844.0,31.57,89796.67,4988.7,0.948,15,50,46,0.0,36.74,36.74
1438032,11,53,144,468,64,612,341.63,3672.0,48.57,178334.49,9907.47,1.224,24,61,55,0.0,32.87,32.87
1482347,4,30,30,126,34,156,155.21,793.64,8.4,6666.61,370.37,0.2645,6,26,24,0.0,48.02,48.02
1447246,8,50,68,182,58,250,306.19,1464.5,14.56,21323.05,1184.61,0.4882,7,28,23,0.0,45.32,45.32
1428140,6,41,111,365,47,476,235.17,2643.98,26.71,70613.73,3922.98,0.8813,14,47,43,0.0,37.68,37.68
1483210,7,50,64,219,57,283,301.84,1650.71,15.33,25305.35,1405.85,0.5502,11,46,42,0.0,39.72,39.72
1470350,12,82,243,747,94,990,564.34,6489.04,54.66,354681.59,19704.53,2.163,38,119,114,0.01,28.47,22.92
1470351,9,58,219,603,67,822,368.29,4986.33,46.78,233282.65,12960.15,1.6621,42,83,80,0.0,26.6,26.6
1478228,10,47,73,225,57,298,294.28,1738.2,23.94,41605.88,2311.44,0.5794,10,40,35,0.0,41.02,41.02
1469264,7,40,54,186,47,240,232.53,1333.1,16.28,21696.22,1205.35,0.4444,10,37,34,0.0,42.57,42.57
1447407,6,44,47,150,50,197,255.72,1111.84,10.23,11371.09,631.73,0.3706,2,23,20,0.0,48.7,48.7
1461732,9,81,138,580,90,718,542.06,4661.15,32.22,150192.63,8344.03,1.5537,27,108,103,0.0,26.32,26.32
1493000,11,43,70,280,54,350,271.38,2014.21,35.81,72136.85,4007.6,0.6714,11,46,43,0.0,39.11,39.11
1502484,6,31,34,100,37,134,169.09,698.07,9.68,6755.48,375.3,0.2327,5,20,17,0.0,51.03,51.03
1478935,6,31,41,71,37,112,169.09,583.46,6.87,4008.93,222.72,0.1945,2,15,12,0.0,54.71,54.71
1492984,13,110,209,845,123,1054,794.06,7317.41,49.93,365371.6,20298.42,2.4391,37,155,146,0.03,29.78,20.19
1503513,9,51,54,207,60,261,317.82,1541.7,18.26,28158.67,1564.37,0.5139,10,44,39,0.0,40.48,40.48
1469300,7,38,68,201,45,269,219.07,1477.31,18.51,27349.65,1519.42,0.4924,9,42,39,0.0,41.19,41.19
1502595,7,35,52,181,42,233,199.18,1256.41,18.1,22741.02,1263.39,0.4188,6,37,34,0.0,43.28,43.28
1478239,7,42,68,196,49,264,246.13,1482.28,16.33,24210.63,1345.03,0.4941,12,35,32,0.0,42.5,42.5
1482359,6,50,58,198,56,256,297.7,1486.68,11.88,17661.79,981.21,0.4956,6,37,33,0.0,42.77,42.77
1499868,7,41,45,124,48,169,239.31,943.86,10.59,9991.09,555.06,0.3146,4,23,17,0.0,48.93,48.93
1516828,5,30,31,73,35,104,158.82,533.45,6.08,3245.13,180.28,0.1778,2,14,11,0.0,55.63,55.63
1492802,8,58,86,288,66,374,363.76,2260.6,19.86,44900.26,2494.46,0.7535,15,59,55,0.0,35.87,35.87
1499984,4,32,52,169,36,221,168.0,1142.55,10.56,12068.22,670.46,0.3809,8,31,28,0.0,44.98,44.98
1478442,6,37,51,116,43,167,208.26,906.19,9.41,8523.05,473.5,0.3021,7,26,24,0.0,47.49,47.49
1502985,9,79,63,221,88,284,526.53,1834.48,12.59,23093.53,1282.97,0.6115,6,30,24,0.08,59.84,44.12
1499992,6,43,73,269,49,342,248.84,1920.23,18.77,36037.82,2002.1,0.6401,8,35,30,0.0,42.25,42.25
1500613,10,59,78,285,69,363,380.3,2217.39,24.15,53555.71,2975.32,0.7391,14,60,56,0.0,35.9,35.9
1516817,7,48,51,176,55,227,287.73,1312.37,12.83,16842.06,935.67,0.4375,7,30,25,0.07,60.46,45.0
1500865,11,56,98,318,67,416,363.27,2523.49,31.23,78814.1,4378.56,0.8412,16,56,51,0.0,35.89,35.89
1517286,8,44,50,158,52,208,264.21,1185.69,14.36,17030.84,946.16,0.3952,4,26,22,0.0,47.07,47.07
1511182,10,65,138,396,75,534,424.67,3326.19,30.46,101320.84,5628.94,1.1087,12,65,60,0.0,34.18,34.18
1531477,8,42,98,202,50,300,250.48,1693.16,19.24,32573.11,1809.62,0.5644,9,32,30,0.0,43.35,43.35
1516842,13,44,136,387,57,523,288.32,3050.6,57.17,174404.27,9689.13,1.0169,20,55,51,0.0,34.95,34.95
1521394,7,35,57,140,42,197,199.18,1062.29,14.0,14872.01,826.22,0.3541,4,25,21,0.0,47.78,47.78
1511106,5,40,43,138,45,181,224.49,994.03,8.62,8573.47,476.3,0.3313,6,33,30,0.0,45.08,45.08
1531468,10,51,85,306,61,391,322.51,2318.92,30.0,69567.55,3864.86,0.773,8,51,47,0.0,38.11,38.11
1503137,6,47,104,379,53,483,276.58,2766.59,24.19,66927.83,3718.21,0.9222,15,57,53,0.0,35.58,35.58
1521398,9,32,44,94,41,138,188.53,739.34,13.22,9773.18,542.95,0.2464,2,14,11,0.0,54.64,54.64
1522645,9,44,110,275,53,385,268.74,2205.25,28.12,62022.64,3445.7,0.7351,11,37,33,0.0,40.9,40.9
1541292,7,45,73,247,52,320,266.78,1824.14,19.21,35043.77,1946.88,0.608,7,34,29,0.0,42.82,42.82
1551666,6,45,79,211,51,290,262.64,1645.0,14.07,23139.71,1285.54,0.5483,17,39,36,0.0,40.49,40.49
1541502,12,68,177,607,80,784,456.97,4956.39,53.56,265458.5,14747.69,1.6521,24,90,86,0.0,28.27,28.27
1549701,7,44,85,275,51,360,259.87,2042.07,21.88,44670.35,2481.69,0.6807,13,46,42,0.0,38.8,38.8
1558063,6,32,25,79,38,104,175.51,545.78,7.41,4042.22,224.57,0.1819,2,17,14,0.0,53.73,53.73
1541144,9,44,108,315,53,423,268.74,2422.91,32.22,78056.26,4336.46,0.8076,13,54,50,0.0,36.76,36.76
1551806,6,34,36,117,40,153,188.48,814.25,10.32,8405.99,467.0,0.2714,5,29,27,0.0,47.05,47.05
1549675,8,40,94,287,48,381,236.88,2127.87,28.7,61069.89,3392.77,0.7093,12,45,41,0.0,39.02,39.02
1551715,9,41,81,224,50,305,248.19,1721.38,24.59,42320.66,2351.15,0.5738,12,46,43,0.0,39.46,39.46
1521823,6,45,46,175,51,221,262.64,1253.61,11.67,14625.4,812.52,0.4179,7,35,30,0.0,43.68,43.68
1558046,8,43,67,181,51,248,257.33,1406.76,16.84,23685.94,1315.89,0.4689,6,29,25,0.0,45.25,45.25
1558312,11,59,153,551,70,704,385.13,4315.02,51.36,221638.2,12313.23,1.4383,19,66,62,0.0,32.3,32.3
1521412,8,81,156,654,89,810,537.53,5245.34,32.3,169405.19,9411.4,1.7484,25,103,92,0.0,26.68,26.68
1551833,8,41,53,174,49,227,243.66,1274.54,16.98,21636.08,1202.0,0.4248,8,30,26,0.0,44.96,44.96
1549234,9,58,89,307,67,396,368.29,2402.17,23.82,57217.24,3178.74,0.8007,10,49,38,0.0,38.11,38.11
1549734,11,61,117,384,72,501,399.83,3091.13,34.62,107024.13,5945.78,1.0304,18,59,54,0.0,34.51,34.51
1560156,10,56,117,330,66,447,358.43,2701.84,29.46,79607.91,4422.66,0.9006,12,58,43,0.0,35.89,35.89
1569435,8,50,134,394,58,528,306.19,3093.01,31.52,97491.8,5416.21,1.031,11,43,37,0.05,51.52,38.45
1569671,7,43,53,142,50,195,252.98,1100.55,11.56,12720.33,706.69,0.3669,3,26,22,0.0,47.43,47.43
1602238,6,22,27,53,28,80,113.62,384.59,7.23,2779.53,154.42,0.1282,2,13,12,0.0,57.33,57.33
1549388,10,58,139,529,68,668,372.98,4066.43,45.6,185443.01,10302.39,1.3555,27,89,85,0.0,28.57,28.57
1569673,12,76,230,600,88,830,517.86,5361.33,47.37,253957.65,14108.76,1.7871,39,84,76,0.0,26.67,26.67
1602130,8,25,33,90,33,123,140.1,620.46,14.4,8934.63,496.37,0.2068,6,22,20,0.0,50.35,50.35
1589107,7,39,44,147,46,191,225.78,1055.0,13.19,13917.89,773.22,0.3517,3,25,22,0.0,47.93,47.93
1574181,8,44,44,142,52,186,264.21,1060.28,12.91,13687.27,760.4,0.3534,9,34,30,0.0,44.2,44.2
1582957,7,34,46,107,41,153,192.63,819.71,11.01,9028.81,501.6,0.2732,4,18,14,0.0,51.68,51.68
1551854,10,62,105,349,72,454,402.38,2801.15,28.15,78838.7,4379.93,0.9337,11,59,55,0.0,35.75,35.75
1602388,4,25,28,56,29,84,124.1,408.07,4.48,1828.16,101.56,0.136,5,14,12,0.0,56.05,56.05
1602460,3,21,9,28,24,37,96.99,169.64,2.0,339.29,18.85,0.0565,1,8,6,0.0,64.55,64.55
1602534,4,30,42,104,34,146,155.21,742.77,6.93,5149.87,286.1,0.2476,7,24,22,0.0,48.85,48.85
1611047,6,42,46,180,48,226,241.99,1262.2,12.86,16228.31,901.57,0.4207,7,34,30,0.0,43.94,43.94
1574125,7,28,25,62,35,87,154.26,446.25,7.75,3458.42,192.13,0.1487,2,14,11,0.0,56.18,56.18
1574230,8,50,127,382,58,509,306.19,2981.71,30.56,91121.13,5062.28,0.9939,12,45,39,0.05,50.77,37.99
1569536,9,34,30,127,43,157,201.5,851.92,16.81,14319.83,795.55,0.284,8,26,24,0.0,47.54,47.54
1569632,12,74,180,710,86,890,502.52,5719.38,57.57,329250.54,18291.7,1.9065,24,102,97,0.01,32.65,26.65
1611054,7,35,45,117,42,162,199.18,873.56,11.7,10220.6,567.81,0.2912,4,22,18,0.0,49.58,49.58
1558141,7,43,43,139,50,182,252.98,1027.18,11.31,11621.49,645.64,0.3424,5,29,25,0.0,46.34,46.34
1617987,10,55,111,381,65,492,351.19,2963.0,34.64,102627.72,5701.54,0.9877,20,72,69,0.0,32.49,32.49
1618389,9,53,111,299,62,410,332.11,2441.22,25.39,61974.76,3443.04,0.8137,17,52,48,0.0,36.56,36.56
1602291,3,23,14,39,26,53,108.8,249.12,2.54,633.64,35.2,0.083,1,9,6,0.0,62.27,62.27
1611050,12,71,143,469,83,612,479.65,3901.52,39.63,154632.24,8590.68,1.3005,26,74,65,0.06,44.41,30.58
1588843,8,45,61,208,53,269,271.13,1540.81,18.49,28487.88,1582.66,0.5136,11,41,38,0.0,41.02,41.02
1625802,9,58,75,263,67,338,368.29,2050.34,20.41,41837.5,2324.31,0.6834,17,56,52,0.0,36.39,36.39
1629728,9,55,76,238,64,314,346.5,1884.0,19.47,36686.62,2038.15,0.628,12,44,40,0.0,39.6,39.6
1625800,8,46,66,197,54,263,278.08,1513.54,17.13,25927.52,1440.42,0.5045,8,39,35,0.0,41.95,41.95
1617979,13,74,255,815,87,1070,507.61,6893.95,71.59,493522.94,27417.94,2.298,64,188,184,0.0,14.91,14.91
1618008,9,55,101,369,64,470,346.5,2820.0,30.19,85138.36,4729.91,0.94,20,69,64,0.0,33.04,33.04
1629732,8,56,119,392,64,511,349.21,3066.0,28.0,85848.0,4769.33,1.022,18,76,72,0.0,32.14,32.14
1625803,9,45,119,359,54,478,275.66,2750.84,35.9,98755.02,5486.39,0.9169,16,63,60,0.0,34.51,34.51
1640467,8,32,36,110,40,146,184.0,777.0,13.75,10683.77,593.54,0.259,6,30,27,0.0,46.73,46.73
1637204,5,33,28,66,38,94,178.07,493.31,5.0,2466.53,137.03,0.1644,2,13,10,0.0,56.57,56.57
1625814,7,49,96,298,56,394,294.77,2288.1,21.29,48703.8,2705.77,0.7627,13,49,44,0.0,37.86,37.86
1640472,8,30,72,164,38,236,171.21,1238.51,21.87,27082.1,1504.56,0.4128,7,24,22,0.0,47.29,47.29
1629739,9,71,201,589,80,790,465.16,4994.32,37.33,186443.01,10357.94,1.6648,21,80,71,0.08,45.58,29.76
1637206,7,46,112,362,53,474,273.74,2715.03,27.54,74781.49,4154.53,0.905,12,43,38,0.0,38.71,38.71
1629729,9,56,79,228,65,307,353.74,1848.87,18.32,33873.88,1881.88,0.6163,10,44,38,0.0,39.93,39.93
1640878,8,51,81,258,59,339,313.29,1994.22,20.24,40353.55,2241.86,0.6647,8,40,35,0.0,40.87,40.87
1618174,10,59,147,495,69,642,380.3,3921.67,41.95,164510.85,9139.49,1.3072,21,87,81,0.02,38.84,29.71
1640877,8,51,89,271,59,360,313.29,2117.75,21.25,45012.6,2500.7,0.7059,8,41,37,0.0,40.45,40.45
1637191,8,42,68,245,50,313,250.48,1766.53,23.33,41218.96,2289.94,0.5888,5,33,29,0.0,43.47,43.47
1648980,8,69,89,303,77,392,445.49,2456.58,17.57,43150.37,2397.24,0.8189,11,57,50,0.06,50.16,36.48
1640465,7,32,55,135,39,190,179.65,1004.23,14.77,14828.03,823.78,0.3347,9,23,20,0.0,48.07,48.07
1637147,6,42,74,259,48,333,241.99,1859.79,18.5,34406.16,1911.45,0.6199,7,40,35,0.0,41.22,41.22
1640471,8,32,56,159,40,215,184.0,1144.21,19.88,22741.26,1263.4,0.3814,7,25,22,0.0,47.15,47.15
1649054,6,50,72,259,56,331,297.7,1922.23,15.54,29871.52,1659.53,0.6407,11,45,40,0.0,39.46,39.46
1648985,5,27,39,94,32,133,139.99,665.0,8.7,5787.96,321.55,0.2217,4,18,16,0.0,52.31,52.31
1640466,9,35,134,261,44,395,208.05,2156.48,33.56,72365.16,4020.29,0.7188,24,31,28,0.0,40.9,40.9
1640470,10,76,150,540,86,690,508.06,4434.12,35.53,157528.04,8751.56,1.478,24,80,73,0.04,41.29,29.72
1649132,8,42,55,172,50,227,250.48,1281.16,16.38,20986.54,1165.92,0.4271,7,36,33,0.0,43.35,43.35
1655159,8,37,38,110,45,148,216.75,812.79,11.89,9665.66,536.98,0.2709,6,24,22,0.0,48.71,48.71
1640468,8,30,34,104,38,138,171.21,724.21,13.87,10042.43,557.91,0.2414,6,28,26,0.0,47.6,47.6
1648986,5,27,39,94,32,133,139.99,665.0,8.7,5787.96,321.55,0.2217,4,18,16,0.0,52.31,52.31
1649130,6,46,49,159,52,208,269.59,1185.69,10.37,12295.1,683.06,0.3952,4,35,31,0.0,44.26,44.26
1649135,10,34,68,140,44,208,206.19,1135.56,20.59,23379.21,1298.85,0.3785,5,23,20,0.0,48.23,48.23
1649050,5,34,45,147,39,192,184.58,1014.8,10.81,10968.76,609.38,0.3383,7,29,26,0.0,46.11,46.11
1649129,11,68,175,526,79,701,452.0,4418.95,42.54,188000.34,10444.46,1.473,28,67,55,0.07,45.73,30.88
1649055,6,58,76,300,64,376,355.27,2256.0,15.52,35006.9,1944.83,0.752,11,49,44,0.0,38.17,38.17
1649140,6,48,170,342,54,512,283.59,2946.5,21.38,62981.49,3498.97,0.9822,6,33,29,0.0,41.78,41.78
1655170,6,59,74,493,65,567,362.59,3414.68,25.07,85598.57,4755.48,1.1382,9,52,49,0.0,36.62,36.62
1660828,5,35,34,122,40,156,191.13,830.22,8.71,7234.78,401.93,0.2767,6,26,22,0.0,47.89,47.89
1649139,12,52,117,405,64,522,339.44,3132.0,46.73,146360.77,8131.15,1.044,19,61,56,0.0,34.02,34.02
1655770,8,52,127,431,60,558,320.42,3296.04,33.15,109276.57,6070.92,1.0987,12,48,40,0.05,49.71,37.08
1649145,12,80,190,548,92,738,548.77,4814.39,41.1,197871.38,10992.85,1.6048,19,81,72,0.0,30.03,30.03
1669215,6,48,62,201,54,263,283.59,1513.54,12.56,19013.79,1056.32,0.5045,8,40,37,0.0,41.71,41.71
1661052,6,40,62,179,46,241,228.39,1331.18,13.42,17871.07,992.84,0.4437,9,37,33,0.0,42.7,42.7
1669217,7,39,60,163,46,223,225.78,1231.75,14.63,18018.35,1001.02,0.4106,7,26,23,0.0,46.55,46.55
1679242,8,59,86,261,67,347,371.08,2104.93,17.69,37246.61,2069.26,0.7016,10,43,37,0.0,39.75,39.75
1660805,8,51,84,328,59,412,313.29,2423.65,25.73,62349.56,3463.86,0.8079,11,60,55,0.0,36.03,36.03
1679240,6,44,68,248,50,316,255.72,1783.46,16.91,30156.66,1675.37,0.5945,13,53,49,0.0,37.87,37.87
1661062,9,57,106,463,66,569,361.0,3439.26,36.55,125714.01,6984.11,1.1464,14,70,66,0.0,33.11,33.11
1674292,10,42,136,493,52,629,259.7,3585.58,58.69,210439.2,11691.07,1.1952,18,50,46,0.0,35.63,35.63
1655401,7,58,123,425,65,548,359.41,3300.26,25.65,84640.23,4702.23,1.1001,23,92,87,0.0,29.43,29.43
1683181,9,46,82,294,55,376,282.61,2173.79,28.76,62520.13,3473.34,0.7246,12,55,54,0.0,37.05,37.05
1679244,10,48,87,246,58,333,301.3,1950.71,25.62,49986.88,2777.05,0.6502,12,41,36,0.05,53.4,40.17
1669219,6,49,84,274,55,358,290.63,2069.73,16.78,34720.72,1928.93,0.6899,8,40,35,0.0,40.76,40.76
1660843,6,32,57,164,38,221,175.51,1159.79,15.38,17831.8,990.66,0.3866,8,29,26,0.0,45.57,45.57
1689725,10,37,39,138,47,177,225.97,983.16,18.65,18334.65,1018.59,0.3277,5,24,22,0.0,48.27,48.27
1689703,7,39,51,161,46,212,225.78,1171.0,14.45,16919.38,939.97,0.3903,7,30,26,0.0,45.35,45.35
1655162,4,31,41,127,35,168,161.58,861.72,8.19,7060.54,392.25,0.2872,6,27,24,0.0,47.42,47.42
1682992,8,34,211,300,42,511,196.97,2755.47,35.29,97252.03,5402.89,0.9185,12,32,29,0.0,41.46,41.46
1682904,8,35,37,135,43,172,203.52,933.32,15.43,14399.76,799.99,0.3111,5,26,23,0.0,47.67,47.67
1649143,12,65,137,406,77,543,434.47,3402.87,37.48,127528.91,7084.94,1.1343,19,59,52,0.0,34.09,34.09
1696298,5,32,45,132,37,177,171.61,922.07,10.31,9508.88,528.27,0.3074,6,27,23,0.0,47.21,47.21
1702190,7,28,32,80,35,112,154.26,574.48,10.0,5744.8,319.16,0.1915,3,14,12,0.0,55.27,55.27
1674083,6,33,40,118,39,158,181.97,835.09,10.73,8958.28,497.68,0.2784,6,25,22,0.0,48.24,48.24
1716362,8,29,39,91,37,130,164.88,677.23,12.55,8500.39,472.24,0.2257,6,20,18,0.0,50.99,50.99
1683290,8,65,106,334,73,440,415.45,2723.52,20.55,55978.87,3109.94,0.9078,11,59,54,0.0,35.84,35.84
1696351,9,53,113,334,62,447,332.11,2661.53,28.36,75476.85,4193.16,0.8872,12,67,61,0.0,34.57,34.57
1711217,7,38,56,197,45,253,219.07,1389.44,18.14,25211.0,1400.61,0.4631,7,30,26,0.0,44.83,44.83
1711392,11,68,136,488,79,624,452.0,3933.56,39.47,155259.89,8625.55,1.3112,15,66,59,0.03,43.71,33.12
1711271,8,46,88,245,54,333,278.08,1916.38,21.3,40827.17,2268.18,0.6388,13,47,43,0.0,38.79,38.79
1722261,6,39,41,133,45,174,221.64,955.58,10.23,9776.34,543.13,0.3185,4,23,19,0.0,48.89,48.89
1696339,8,49,177,621,57,798,299.12,4654.65,50.69,235962.07,13109.0,1.5515,28,72,68,0.0,30.04,30.04
1711290,11,69,128,446,80,574,459.54,3628.79,35.55,129006.0,7167.0,1.2096,10,70,58,0.0,33.48,33.48
1689896,11,56,83,216,67,299,363.27,1813.76,21.21,38477.64,2137.65,0.6046,4,30,25,0.0,44.42,44.42
1728970,8,39,46,141,47,187,230.13,1038.71,14.46,15021.32,834.52,0.3462,7,27,24,0.0,46.71,46.71
1701833,7,33,61,169,40,230,186.12,1224.04,17.92,21940.05,1218.89,0.408,8,23,19,0.0,47.6,47.6
1696340,10,70,168,567,80,735,462.27,4646.62,40.5,188187.99,10454.89,1.5489,22,104,99,0.0,27.36,27.36
1728972,11,45,82,245,56,327,285.19,1899.01,29.94,56864.65,3159.15,0.633,16,48,44,0.0,38.22,38.22
1735943,10,40,58,165,50,223,246.1,1258.58,20.62,25958.21,1442.12,0.4195,8,37,34,0.0,43.01,43.01
1716596,8,51,114,376,59,490,313.29,2882.5,29.49,85005.35,4722.52,0.9608,16,61,57,0.0,34.68,34.68
1716367,7,42,44,149,49,193,246.13,1083.64,12.42,13455.18,747.51,0.3612,7,32,28,0.0,44.97,44.97
1702042,6,30,48,119,36,167,162.72,863.38,11.9,10274.19,570.79,0.2878,6,25,22,0.0,48.14,48.14
1716379,7,37,35,83,44,118,212.4,644.21,7.85,5057.94,281.0,0.2147,1,12,8,0.0,56.66,56.66
1740421,6,29,20,66,35,86,156.39,441.12,6.83,3011.77,167.32,0.147,2,14,11,0.0,56.21,56.21
1702487,10,74,165,623,84,788,492.72,5037.15,42.09,212036.62,11779.81,1.679,23,108,102,0.0,26.63,26.63
1746500,7,25,30,53,32,83,135.75,415.0,7.42,3079.3,171.07,0.1383,1,9,7,0.0,60.72,60.72
1722316,5,40,45,154,45,199,224.49,1092.88,9.62,10518.96,584.39,0.3643,8,36,33,0.0,43.7,43.7
1729554,6,45,60,224,51,284,262.64,1610.97,14.93,24057.13,1336.51,0.537,10,52,48,0.0,38.77,38.77
1735661,10,52,108,387,62,495,329.64,2947.33,37.21,109674.58,6093.03,0.9824,11,52,46,0.04,48.66,36.79
1746556,6,41,58,205,47,263,235.17,1460.86,15.0,21912.85,1217.38,0.487,7,39,35,0.0,42.19,42.19
1735887,12,54,164,436,66,600,353.78,3626.64,48.44,175690.39,9760.58,1.2089,24,57,52,0.0,33.55,33.55
1746538,8,45,56,190,53,246,271.13,1409.07,16.89,23797.6,1322.09,0.4697,9,38,33,0.0,42.28,42.28
1722265,11,65,104,359,76,463,429.51,2892.79,30.38,87874.07,4881.89,0.9643,12,62,58,0.0,35.05,35.05
1758037,6,26,34,55,32,89,137.72,445.0,6.35,2824.04,156.89,0.1483,3,11,10,0.0,58.34,58.34
1746738,6,37,38,121,43,159,208.26,862.78,9.81,8464.53,470.25,0.2876,3,25,21,0.0,48.54,48.54
1740435,10,55,94,320,65,414,351.19,2493.26,29.09,72531.21,4029.51,0.8311,9,43,37,0.05,52.44,39.37
1740437,9,51,136,375,60,511,317.82,3018.42,33.09,99874.23,5548.57,1.0061,20,58,53,0.0,34.48,34.48
1740201,8,60,201,634,68,835,378.41,5083.03,42.27,214842.8,11935.71,1.6943,35,98,93,0.0,25.91,25.91
1740200,6,37,43,103,43,146,208.26,792.23,8.35,6616.23,367.57,0.2641,1,19,16,0.0,51.67,51.67
1758119,10,38,105,235,48,340,232.64,1898.89,30.92,58715.59,3261.98,0.633,14,46,43,0.0,38.89,38.89
1735599,9,57,191,640,66,831,361.0,5022.89,50.53,253788.2,14099.34,1.6743,39,99,94,0.0,25.31,25.31
1771226,3,18,22,31,21,53,79.81,232.79,2.58,601.38,33.41,0.0776,1,7,6,0.0,64.86,64.86
1771281,6,30,25,68,36,93,162.72,480.8,6.8,3269.46,181.64,0.1603,2,14,12,0.0,55.95,55.95
1729062,10,57,78,283,67,361,365.69,2189.86,24.82,54362.27,3020.13,0.73,10,40,32,0.09,56.81,40.32
1771238,6,31,162,228,37,390,169.09,2031.69,22.06,44828.19,2490.45,0.6772,37,35,33,0.0,38.18,38.18
1782310,9,35,40,110,44,150,208.05,818.91,14.14,11581.79,643.43,0.273,7,22,19,0.0,49.38,49.38
1790571,7,26,37,64,33,101,141.86,509.48,8.62,4389.4,243.86,0.1698,2,14,12,0.0,55.77,55.77
1752248,7,33,56,157,40,213,186.12,1133.57,16.65,18875.67,1048.65,0.3779,7,31,29,0.0,45.14,45.14
1799684,6,23,26,55,29,81,119.55,393.5,7.17,2822.91,156.83,0.1312,2,13,12,0.0,57.26,57.26
1813549,6,34,79,216,40,295,188.48,1569.97,19.06,29921.76,1662.32,0.5233,13,40,38,0.0,40.93,40.93
1799928,6,28,48,90,34,138,150.12,702.07,9.64,6769.96,376.11,0.234,4,18,16,0.0,52.15,52.15
1758061,6,33,23,79,39,102,181.97,539.11,7.18,3871.8,215.1,0.1797,3,17,14,0.0,53.63,53.63
1791613,11,50,107,266,61,373,320.25,2212.17,29.26,64727.95,3596.0,0.7374,16,53,48,0.0,36.81,36.81
1790846,7,47,84,236,54,320,280.72,1841.56,17.57,32364.51,1798.03,0.6139,11,43,38,0.0,40.03,40.03
1790853,10,99,160,600,109,760,689.53,5143.82,30.3,155873.34,8659.63,1.7146,18,97,89,0.02,36.99,28.25
1807342,5,25,18,55,30,73,127.71,358.2,5.5,1970.12,109.45,0.1194,2,14,12,0.0,56.85,56.85
1752277,11,62,108,342,73,450,407.21,2785.42,30.34,84506.08,4694.78,0.9285,15,49,45,0.0,36.99,36.99
1820627,6,41,55,140,47,195,235.17,1083.14,10.24,11095.63,616.42,0.361,6,28,24,0.0,46.38,46.38
1782299,11,63,113,360,74,473,414.62,2937.07,31.43,92307.96,5128.22,0.979,11,52,47,0.0,36.81,36.81
1764446,9,56,72,200,65,272,353.74,1638.08,16.07,26326.35,1462.58,0.546,3,28,24,0.0,45.52,45.52
1806992,5,34,28,96,39,124,184.58,655.39,7.06,4626.28,257.02,0.2185,5,24,20,0.0,49.5,49.5
1813797,7,51,73,215,58,288,308.95,1687.1,14.75,24892.97,1382.94,0.5624,7,40,33,0.0,41.51,41.51
1799540,8,47,103,271,55,374,285.07,2162.23,23.06,49869.27,2770.52,0.7207,12,45,40,0.0,38.97,38.97
1799244,10,44,113,396,54,509,273.43,2929.24,45.0,131815.7,7323.09,0.9764,28,68,63,0.03,42.26,31.99
1821210,10,57,92,271,67,363,365.69,2201.99,23.77,52345.56,2908.09,0.734,16,49,41,0.07,52.46,37.57
1782878,8,46,96,211,54,307,278.08,1766.75,18.35,32416.03,1800.89,0.5889,6,42,36,0.0,41.05,41.05
1833489,9,59,128,436,68,564,375.61,3433.33,33.25,114172.74,6342.93,1.1444,19,67,63,0.0,32.85,32.85
1833502,4,34,34,70,38,104,180.97,545.78,4.12,2247.35,124.85,0.1819,2,13,11,0.08,72.55,56.27
1833506,4,25,29,62,29,91,124.1,442.08,4.96,2192.7,121.82,0.1474,2,13,11,0.0,56.91,56.91
1827335,7,54,94,294,61,388,330.42,2301.13,19.06,43849.24,2436.07,0.767,12,53,45,0.04,49.21,37.23
1813514,10,54,74,203,64,277,343.98,1662.0,18.8,31239.44,1735.52,0.554,6,35,31,0.0,42.96,42.96
1833508,5,37,34,76,42,110,204.36,593.15,5.14,3045.93,169.22,0.1977,2,14,11,0.08,71.6,55.31
1833490,9,63,209,733,72,942,405.1,5812.07,52.36,304303.35,16905.74,1.9374,33,106,102,0.0,25.02,25.02
1827319,5,28,26,96,33,122,146.22,615.42,8.57,5274.99,293.06,0.2051,4,18,16,0.0,52.55,52.55
1833500,3,25,30,58,28,88,120.85,423.05,3.48,1472.2,81.79,0.141,2,12,10,0.0,57.8,57.8
1842685,5,33,33,101,38,134,178.07,703.22,7.65,5380.72,298.93,0.2344,3,20,17,0.0,51.28,51.28
1834417,7,41,42,111,48,153,239.31,854.5,9.48,8096.9,449.83,0.2848,7,23,20,0.0,48.83,48.83
1846638,6,28,41,77,34,118,150.12,600.32,8.25,4952.65,275.15,0.2001,4,16,14,0.0,53.74,53.74
1833495,8,90,78,310,98,388,608.27,2566.51,13.78,35360.77,1964.49,0.8555,9,60,47,0.1,53.46,36.13
1813547,9,43,61,164,52,225,261.86,1282.6,17.16,22012.98,1222.94,0.4275,3,25,21,0.0,47.34,47.34
1834869,8,53,90,310,61,400,327.58,2372.29,23.4,55502.75,3083.49,0.7908,14,51,41,0.05,49.73,37.24
1833491,6,46,67,210,52,277,269.59,1579.02,13.7,21625.73,1201.43,0.5263,8,43,39,0.0,40.9,40.9
1853508,9,47,83,247,56,330,289.6,1916.43,23.65,45321.46,2517.86,0.6388,16,51,46,0.0,37.62,37.62
1833499,9,63,150,380,72,530,405.1,3270.06,27.14,88758.78,4931.04,1.09,23,71,62,0.05,44.36,31.91
1846635,9,37,78,217,46,295,221.28,1629.45,26.39,43004.29,2389.13,0.5432,12,42,39,0.0,40.49,40.49
1834447,9,53,139,441,62,580,332.11,3453.43,37.44,129308.29,7183.79,1.1511,22,72,68,0.0,31.75,31.75
1820670,11,48,96,277,59,373,306.13,2194.23,31.74,69643.81,3869.1,0.7314,17,56,51,0.0,36.18,36.18
1827344,5,37,45,143,42,188,204.36,1013.76,9.66,9795.07,544.17,0.3379,6,30,26,0.0,45.92,45.92
1858382,8,42,103,314,50,417,250.48,2353.49,29.9,70380.5,3910.03,0.7845,12,38,34,0.0,40.32,40.32
1846769,10,67,129,479,77,608,439.65,3810.21,35.75,136200.66,7566.7,1.2701,35,97,92,0.0,26.88,26.88
1853509,9,41,59,160,50,219,248.19,1236.0,17.56,21705.44,1205.86,0.412,6,30,26,0.0,45.32,45.32
1858898,8,44,75,240,52,315,264.21,1795.64,21.82,39177.57,2176.53,0.5985,13,46,43,0.0,39.19,39.19
1848126,12,70,181,616,82,797,472.07,5066.97,52.8,267535.96,14863.11,1.689,21,84,77,0.03,38.61,29.26
1864555,7,32,31,90,39,121,179.65,639.53,9.84,6295.41,349.74,0.2132,5,19,16,0.0,51.79,51.79
1834499,6,45,92,240,51,332,262.64,1883.25,16.0,30131.92,1674.0,0.6277,9,41,38,0.0,40.68,40.68
1870448,7,32,66,173,39,239,179.65,1263.21,18.92,23902.32,1327.91,0.4211,8,33,31,0.0,44.08,44.08
1853510,10,66,168,521,76,689,432.15,4304.82,39.47,169910.02,9439.45,1.4349,14,75,70,0.0,31.77,31.77
1878182,6,25,22,58,31,80,131.61,396.34,6.96,2758.5,153.25,0.1321,1,9,7,0.0,60.86,60.86
1858899,11,57,110,246,68,356,370.53,2167.14,23.74,51440.98,2857.83,0.7224,9,40,34,0.0,40.48,40.48
1870476,6,40,46,130,46,176,228.39,972.15,9.75,9478.43,526.58,0.324,4,25,20,0.0,48.05,48.05
1870478,11,53,76,241,64,317,341.63,1902.0,25.01,47567.94,2642.66,0.634,15,48,42,0.05,50.7,38.35
1870553,7,41,108,256,48,364,239.31,2032.93,21.85,44426.88,2468.16,0.6776,20,41,39,0.0,38.97,38.97
1870443,6,47,76,245,53,321,276.58,1838.66,15.64,28753.55,1597.42,0.6129,7,39,34,0.0,41.49,41.49
1878236,10,51,82,264,61,346,322.51,2052.04,25.88,53111.5,2950.64,0.684,14,45,40,0.0,38.86,38.86
1864545,10,58,200,701,68,901,372.98,5484.8,60.43,331452.38,18414.02,1.8283,41,133,129,0.0,21.97,21.97
1878258,10,48,67,172,58,239,301.3,1400.06,17.92,25084.36,1393.58,0.4667,8,30,26,0.04,55.89,44.67
1853461,7,39,55,190,46,245,225.78,1353.27,17.05,23075.03,1281.95,0.4511,9,37,33,0.0,42.65,42.65
1897267,9,46,52,164,55,216,282.61,1248.77,16.04,20034.67,1113.04,0.4163,8,36,32,0.0,43.29,43.29
1892162,7,51,82,229,58,311,308.95,1821.83,15.72,28631.34,1590.63,0.6073,8,46,39,0.05,52.59,39.82
1887392,9,54,101,315,63,416,339.29,2486.55,26.25,65271.9,3626.22,0.8288,18,58,52,0.0,35.34,35.34
1853384,9,79,221,770,88,991,526.53,6401.3,43.86,280765.74,15598.1,2.1338,34,129,124,0.0,22.74,22.74
1887385,12,66,175,595,78,770,441.95,4839.76,54.09,261787.0,14543.72,1.6133,29,111,107,0.0,25.68,25.68
1907125,10,48,93,243,58,336,301.3,1968.28,25.31,49822.13,2767.9,0.6561,15,46,43,0.0,38.65,38.65
1858520,10,53,116,443,63,559,336.8,3341.3,41.79,139641.1,7757.84,1.1138,17,63,58,0.0,33.79,33.79
1892201,9,32,58,143,41,201,188.53,1076.87,20.11,21655.14,1203.06,0.359,8,23,20,0.0,47.99,47.99
1892219,9,41,55,176,50,231,248.19,1303.73,19.32,25184.26,1399.13,0.4346,9,31,25,0.0,44.44,44.44
1897240,8,31,27,89,39,116,177.58,613.11,11.48,7040.84,391.16,0.2044,5,21,19,0.0,50.97,50.97
1907203,10,52,72,231,62,303,329.64,1804.12,22.21,40072.31,2226.24,0.6014,10,40,33,0.0,40.91,40.91
1907321,9,55,91,292,64,383,346.5,2298.0,23.89,54901.31,3050.07,0.766,14,63,60,0.0,35.33,35.33
1878289,9,38,76,263,47,339,227.95,1883.01,31.14,58645.71,3258.1,0.6277,12,42,39,0.0,40.05,40.05
1886644,12,53,238,649,65,887,346.6,5341.84,73.47,392474.07,21804.12,1.7806,33,104,97,0.02,33.85,25.46
1915346,9,38,65,172,47,237,227.95,1316.44,20.37,26813.75,1489.65,0.4388,9,27,24,0.0,45.72,45.72
1892440,8,55,87,264,63,351,341.97,2098.03,19.2,40282.08,2237.89,0.6993,10,40,32,0.06,54.37,40.45
1921773,5,24,20,49,29,69,121.65,335.2,5.1,1710.92,95.05,0.1117,2,12,9,0.0,58.51,58.51
1928213,6,40,76,202,46,278,228.39,1535.55,15.15,23263.59,1292.42,0.5119,8,27,25,0.0,45.39,45.39
1914068,6,43,52,184,49,236,248.84,1325.07,12.84,17010.22,945.01,0.4417,7,33,29,0.0,44.07,44.07
1921794,7,38,44,128,45,172,219.07,944.6,11.79,11136.32,618.68,0.3149,6,26,22,0.0,47.49,47.49
1865037,10,54,138,380,64,518,343.98,3108.0,35.19,109355.56,6075.31,1.036,26,69,64,0.0,31.94,31.94
1928347,6,36,47,145,42,192,201.63,1035.32,12.08,12510.18,695.01,0.3451,7,31,28,0.0,45.41,45.41
1928676,12,44,139,376,56,515,283.23,2990.79,51.27,153345.85,8519.21,0.9969,20,60,57,0.0,34.18,34.18
1933538,10,50,73,267,60,340,315.41,2008.34,26.7,53622.75,2979.04,0.6694,18,53,49,0.0,36.84,36.84
1897279,11,58,115,404,69,519,377.82,3170.32,38.31,121456.21,6747.57,1.0568,18,71,67,0.0,32.68,32.68
1921766,7,38,50,140,45,190,219.07,1043.45,12.89,13455.04,747.5,0.3478,6,30,26,0.0,45.84,45.84
1897459,9,62,77,257,71,334,397.69,2054.02,18.65,38314.02,2128.56,0.6847,11,56,47,0.08,53.05,37.19
1921755,9,38,36,147,47,183,227.95,1016.49,17.41,17694.95,983.05,0.3388,10,35,31,0.0,43.92,43.92
1907196,7,45,69,222,52,291,266.78,1658.83,17.27,28642.43,1591.25,0.5529,12,38,35,0.0,41.38,41.38
1928683,12,69,122,481,81,603,464.51,3822.93,41.83,159898.18,8883.23,1.2743,19,73,65,0.0,31.71,31.71
1943356,10,49,71,248,59,319,308.34,1876.56,25.31,47488.54,2638.25,0.6255,17,49,45,0.0,37.92,37.92
1914465,6,37,56,188,43,244,208.26,1324.01,15.24,20182.19,1121.23,0.4413,8,33,28,0.0,43.94,43.94
1950227,9,51,101,253,60,354,317.82,2091.04,22.32,46679.38,2593.3,0.697,10,39,36,0.0,40.7,40.7
1942903,8,43,91,249,51,340,257.33,1928.62,23.16,44672.33,2481.8,0.6429,14,48,44,0.0,38.44,38.44
1907195,7,45,59,187,52,246,266.78,1402.31,14.54,20395.79,1133.1,0.4674,9,37,34,0.0,42.55,42.55
1943359,10,51,127,460,61,587,322.51,3481.34,45.1,157001.73,8722.32,1.1604,27,70,63,0.05,43.68,31.32
1933450,8,36,49,155,44,204,210.12,1113.72,17.22,19180.8,1065.6,0.3712,6,25,21,0.0,47.36,47.36
1955328,10,51,116,387,61,503,322.51,2983.16,37.94,113184.63,6288.04,0.9944,18,71,65,0.03,42.99,32.87
1961729,4,23,12,34,27,46,112.04,218.72,2.96,646.66,35.93,0.0729,1,8,6,0.0,63.78,63.78
1928682,8,53,151,441,61,592,327.58,3511.0,33.28,116856.56,6492.03,1.1703,24,84,78,0.03,39.27,29.97
1936374,11,71,122,468,82,590,474.69,3750.96,36.25,135985.35,7554.74,1.2503,13,58,51,0.0,34.76,34.76
1933535,8,45,179,448,53,627,271.13,3591.41,39.82,143017.77,7945.43,1.1971,35,65,61,0.0,30.85,30.85
1942802,6,29,26,76,35,102,156.39,523.19,7.86,4113.33,228.52,0.1744,1,12,9,0.0,57.29,57.29
1936370,13,85,208,677,98,885,592.9,5854.02,51.77,303065.97,16837.0,1.9513,38,97,90,0.0,25.17,25.17
1966678,5,26,32,70,31,102,133.82,505.33,6.73,3401.25,188.96,0.1684,1,13,11,0.0,56.64,56.64
1966666,7,43,107,282,50,389,252.98,2195.46,22.95,50393.47,2799.64,0.7318,14,46,43,0.0,38.45,38.45
1943361,7,34,51,172,41,223,192.63,1194.73,17.71,21153.82,1175.21,0.3982,7,27,24,0.0,46.29,46.29
1961762,7,39,48,156,46,204,225.78,1126.81,14.0,15775.29,876.41,0.3756,5,30,26,0.0,45.74,45.74
1967267,13,58,288,693,71,981,387.87,6032.9,77.66,468538.05,26029.89,2.011,23,88,85,0.0,28.02,28.02
1922117,6,35,54,183,41,237,195.03,1269.74,15.69,19916.78,1106.49,0.4232,6,30,26,0.0,45.24,45.24
1982191,6,32,41,113,38,154,175.51,808.18,10.59,8561.67,475.65,0.2694,5,22,19,0.0,49.69,49.69
1976214,7,43,116,319,50,435,252.98,2455.08,25.97,63746.37,3541.47,0.8184,24,65,60,0.0,33.49,33.49
1955357,7,37,42,145,44,187,212.4,1020.91,13.72,14003.07,777.95,0.3403,6,25,23,0.0,47.63,47.63
1961602,6,38,49,141,44,190,214.93,1037.29,11.13,11546.7,641.48,0.3458,5,28,26,0.0,46.64,46.64
1976254,8,69,170,520,77,690,445.49,4324.08,30.14,130349.16,7241.62,1.4414,21,78,73,0.0,30.44,30.44
1992584,5,26,33,66,31,99,133.82,490.47,6.35,3112.57,172.92,0.1635,3,15,14,0.0,55.1,55.1
1950546,5,19,16,27,24,43,92.32,197.15,3.55,700.41,38.91,0.0657,1,7,6,0.0,65.36,65.36
1961246,6,31,60,131,37,191,169.09,995.01,12.68,12614.1,700.78,0.3317,3,24,22,0.0,48.5,48.5
1955413,10,52,115,351,62,466,329.64,2774.66,33.75,93644.62,5202.48,0.9249,21,68,64,0.0,33.09,33.09
1986739,5,39,43,128,44,171,217.74,933.56,8.21,7660.0,425.56,0.3112,4,23,19,0.0,48.96,48.96
1988770,7,42,61,177,49,238,246.13,1336.3,14.75,19710.44,1095.02,0.4454,10,39,34,0.0,42.06,42.06
1986738,8,54,63,212,62,275,334.76,1637.4,15.7,25713.31,1428.52,0.5458,9,41,35,0.03,50.88,41.1
1961643,5,33,36,101,38,137,178.07,718.97,7.65,5501.18,305.62,0.2397,3,15,13,0.0,53.94,53.94
1982412,10,52,111,337,62,448,329.64,2667.48,32.4,86436.61,4802.03,0.8892,10,50,46,0.0,37.6,37.6
1967424,8,41,57,189,49,246,243.66,1381.22,18.44,25468.32,1414.91,0.4604,6,35,32,0.0,43.52,43.52
2009272,9,28,54,110,37,164,163.14,854.35,17.68,15103.69,839.09,0.2848,5,20,18,0.0,50.42,50.42
1976310,7,35,47,132,42,179,199.18,965.22,13.2,12740.97,707.83,0.3217,3,22,19,0.0,49.41,49.41
1982180,4,19,20,38,23,58,88.71,262.37,4.0,1049.47,58.3,0.0875,2,11,10,0.0,60.08,60.08
2017015,6,36,35,108,42,143,201.63,771.1,9.0,6939.91,385.55,0.257,4,22,19,0.0,49.96,49.96
2000436,10,47,218,637,57,855,294.28,4987.12,67.77,337957.03,18775.39,1.6624,32,103,99,0.0,25.9,25.9
1986859,9,65,106,351,74,457,419.98,2837.72,24.3,68956.6,3830.92,0.9459,10,59,52,0.0,35.85,35.85
1992591,4,33,49,127,37,176,174.47,916.86,7.7,7057.07,392.06,0.3056,7,29,27,0.0,46.42,46.42
2027310,6,37,52,136,43,188,208.26,1020.14,11.03,11249.09,624.95,0.34,7,28,26,0.0,46.42,46.42
1995669,9,59,76,275,68,351,375.61,2136.7,20.97,44816.37,2489.8,0.7122,6,48,42,0.0,39.2,39.2
2017166,8,57,134,467,65,601,356.47,3619.44,32.77,118616.13,6589.79,1.2065,22,89,85,0.0,29.6,29.6
2017192,6,46,51,165,52,216,269.59,1231.29,10.76,13249.8,736.1,0.4104,7,31,25,0.07,60.35,44.89
2024071,6,37,52,143,43,195,208.26,1058.12,11.59,12268.49,681.58,0.3527,7,28,26,0.0,46.31,46.31
1993178,11,43,163,415,54,578,271.38,3326.32,53.08,176565.97,9809.22,1.1088,24,74,72,0.0,31.34,31.34
2023541,7,35,68,140,42,208,199.18,1121.6,14.0,15702.43,872.36,0.3739,3,23,20,0.0,48.54,48.54
2034818,5,32,36,114,37,150,171.61,781.42,8.91,6959.5,386.64,0.2605,5,30,28,0.0,46.85,46.85
2009877,9,45,95,341,54,436,275.66,2509.13,34.1,85561.37,4753.41,0.8364,12,46,43,0.0,38.31,38.31
2034874,6,41,60,189,47,249,235.17,1383.09,13.83,19127.16,1062.62,0.461,10,38,35,0.0,42.2,42.2
2051224,11,58,122,311,69,433,377.82,2644.99,29.49,78004.44,4333.58,0.8817,17,51,45,0.04,48.48,36.5
2017770,5,25,30,69,30,99,127.71,485.78,6.9,3351.9,186.22,0.1619,3,16,13,0.0,54.52,54.52
2042026,9,59,117,435,68,552,375.61,3360.28,33.18,111487.24,6193.74,1.1201,20,78,74,0.0,31.34,31.34
2017324,6,49,93,435,55,528,290.63,3052.56,26.63,81297.72,4516.54,1.0175,8,45,38,0.07,53.83,38.46
2056916,8,50,107,287,58,394,306.19,2308.04,22.96,52992.7,2944.04,0.7693,12,51,47,0.0,37.59,37.59
2017766,11,66,128,423,77,551,436.98,3453.0,35.25,121718.23,6762.12,1.151,9,60,50,0.02,43.49,35.23
2017058,8,39,67,194,47,261,230.13,1449.75,19.9,28846.26,1602.57,0.4832,10,37,33,0.0,42.31,42.31
2041987,11,100,205,727,111,932,702.44,6332.4,39.98,253200.84,14066.71,2.1108,30,127,118,0.03,34.04,23.45
2042085,10,50,109,316,60,425,315.41,2510.43,31.6,79329.54,4407.2,0.8368,20,60,56,0.0,34.72,34.72
2017772,11,47,192,564,58,756,299.12,4428.63,66.0,292289.82,16238.32,1.4762,37,126,122,0.0,23.67,23.67
2056992,8,43,88,233,51,321,257.33,1820.85,21.67,39465.83,2192.55,0.6069,6,41,38,0.0,41.18,41.18
2023396,7,36,51,143,43,194,205.77,1052.7,13.9,14635.39,813.08,0.3509,5,24,20,0.0,48.06,48.06
2062988,7,37,68,185,44,253,212.4,1381.24,17.5,24171.63,1342.87,0.4604,10,31,28,0.0,44.13,44.13
2027300,7,36,26,75,43,101,205.77,548.05,7.29,3996.22,222.01,0.1827,3,18,14,0.0,53.04,53.04
2062728,10,54,87,296,64,383,343.98,2298.0,27.41,62982.22,3499.01,0.766,11,52,47,0.0,37.55,37.55
2062987,7,52,97,385,59,482,316.07,2835.43,25.91,73475.91,4081.99,0.9451,17,72,68,0.0,33.02,33.02
2035921,7,35,91,185,42,276,199.18,1488.28,18.5,27533.17,1529.62,0.4961,9,25,21,0.0,46.08,46.08
2057037,9,70,132,515,79,647,457.58,4078.55,33.11,135029.01,7501.61,1.3595,24,97,88,0.0,28.15,28.15
2051227,9,35,61,124,44,185,208.05,1009.99,15.94,16102.2,894.57,0.3367,6,22,20,0.0,48.87,48.87
2069829,9,37,84,223,46,307,221.28,1695.73,27.12,45991.04,2555.06,0.5652,6,32,29,0.0,43.75,43.75
2041962,6,33,27,102,39,129,181.97,681.82,9.27,6322.3,351.24,0.2273,4,19,17,0.0,51.73,51.73
2057320,7,51,106,308,58,414,308.95,2425.2,21.14,51262.16,2847.9,0.8084,10,38,34,0.0,40.49,40.49
2051785,8,37,45,146,45,191,216.75,1048.94,15.78,16556.3,919.79,0.3496,6,28,25,0.0,46.47,46.47
2062990,8,45,125,566,53,691,271.13,3957.99,50.31,199131.03,11062.83,1.3193,15,56,50,0.04,46.08,34.66
2077919,6,37,53,156,43,209,208.26,1134.09,12.65,14344.7,796.93,0.378,6,33,30,0.0,44.68,44.68
2062989,11,56,121,330,67,451,363.27,2735.81,32.41,88669.43,4926.08,0.9119,16,58,52,0.04,46.54,35.31
2077968,7,39,49,140,46,189,225.78,1043.95,12.56,13116.34,728.69,0.348,5,25,21,0.0,47.7,47.7
2084766,7,33,39,135,40,174,186.12,926.02,14.32,13258.86,736.6,0.3087,4,27,23,0.0,47.47,47.47
2077928,7,42,49,125,49,174,246.13,976.96,10.42,10176.66,565.37,0.3257,5,22,18,0.0,49.11,49.11
2069951,11,60,98,312,71,410,392.47,2521.4,28.6,72111.93,4006.22,0.8405,15,57,51,0.0,35.86,35.86
2092063,7,33,39,135,40,174,186.12,926.02,14.32,13258.86,736.6,0.3087,4,27,23,0.0,47.47,47.47
2051786,11,89,131,443,100,574,614.39,3813.57,27.38,104401.93,5800.11,1.2712,17,69,62,0.05,44.97,32.52
2051789,10,79,213,846,89,1059,531.22,6857.8,53.54,367196.22,20399.79,2.2859,35,158,151,0.01,27.25,20.47
2078076,9,74,139,438,83,577,488.03,3678.4,26.64,97974.62,5443.03,1.2261,17,61,55,0.0,33.8,33.8
2084759,10,79,169,566,89,735,531.22,4759.66,35.82,170504.42,9472.47,1.5866,18,79,74,0.0,30.43,30.43
2101636,6,32,29,89,38,118,175.51,619.26,8.34,5166.91,287.05,0.2064,4,25,21,0.0,49.42,49.42
2101609,10,41,83,223,51,306,252.88,1735.76,27.2,47204.26,2622.46,0.5786,9,37,34,0.0,41.9,41.9
2069813,10,77,193,753,87,946,515.76,6095.02,48.9,298022.95,16556.83,2.0317,35,124,120,0.0,23.12,23.12
2105685,4,26,30,65,30,95,130.21,466.15,5.0,2330.77,129.49,0.1554,3,16,14,0.0,54.64,54.64
2101971,7,37,54,137,44,191,212.4,1042.75,12.96,13513.5,750.75,0.3476,5,32,30,0.0,45.36,45.36
2105620,5,27,26,71,32,97,139.99,485.0,6.57,3188.43,177.13,0.1617,3,19,16,0.0,52.9,52.9
2069871,10,43,52,180,53,232,266.55,1328.88,20.93,27813.72,1545.21,0.443,5,27,23,0.0,46.23,46.23
2101875,10,69,86,283,79,369,454.71,2326.1,20.51,47701.81,2650.1,0.7754,13,44,38,0.0,38.83,38.83
2084860,8,42,106,239,50,345,250.48,1947.13,22.76,44320.4,2462.24,0.649,18,35,32,0.0,40.86,40.86
2105710,5,27,38,78,32,116,139.99,580.0,7.22,4188.89,232.72,0.1933,3,14,12,0.0,55.25,55.25
2085081,7,52,116,474,59,590,316.07,3470.76,31.9,110730.57,6151.7,1.1569,21,77,73,0.0,31.23,31.23
2118727,8,44,47,147,52,194,264.21,1105.89,13.36,14778.65,821.04,0.3686,5,26,24,0.0,47.15,47.15
2113900,7,33,29,79,40,108,186.12,574.77,8.38,4815.86,267.55,0.1916,3,19,16,0.0,52.38,52.38
2105670,10,53,88,265,63,353,336.8,2109.98,25.0,52749.5,2930.53,0.7033,14,52,46,0.02,46.01,37.41
2113921,5,34,35,106,39,141,184.58,745.24,7.79,5808.5,322.69,0.2484,4,25,22,0.0,48.86,48.86
2092053,8,34,65,144,42,209,196.97,1126.99,16.94,19092.61,1060.7,0.3757,6,25,23,0.0,47.33,47.33
2113941,6,41,56,163,47,219,235.17,1216.45,11.93,14508.45,806.03,0.4055,6,35,31,0.0,43.91,43.91
2113930,9,35,101,149,44,250,208.05,1364.86,19.16,26146.78,1452.6,0.455,6,23,21,0.0,47.54,47.54
2118750,7,44,88,284,51,372,259.87,2110.14,22.59,47670.03,2648.34,0.7034,11,59,54,0.02,44.58,36.61
2101539,9,42,51,155,51,206,255.01,1168.52,16.61,19405.77,1078.1,0.3895,7,31,27,0.0,45.05,45.05
2092094,11,87,181,599,98,780,598.59,5159.47,37.87,195378.0,10854.33,1.7198,21,85,79,0.01,35.72,29.09
2118748,11,57,92,345,68,437,370.53,2660.22,33.29,88557.37,4919.85,0.8867,19,72,68,0.0,32.95,32.95
2123328,6,40,43,132,46,175,228.39,966.62,9.9,9569.57,531.64,0.3222,5,30,25,0.0,46.2,46.2
2118728,9,74,122,377,83,499,488.03,3181.14,22.93,72929.89,4051.66,1.0604,13,49,43,0.04,49.08,36.86
2078147,8,47,133,422,55,555,285.07,3208.65,35.91,115238.49,6402.14,1.0696,20,77,73,0.0,31.61,31.61
2131685,8,34,56,166,42,222,196.97,1197.09,19.53,23378.55,1298.81,0.399,8,34,31,0.0,43.96,43.96
2101712,9,66,104,348,75,452,427.46,2815.43,23.73,66802.38,3711.24,0.9385,14,60,54,0.0,35.17,35.17
2113929,9,53,62,215,62,277,332.11,1649.31,18.25,30107.73,1672.65,0.5498,10,46,42,0.0,39.86,39.86
2131757,9,43,63,196,52,259,261.86,1476.41,20.51,30283.65,1682.43,0.4921,11,38,34,0.0,41.87,41.87
2131774,9,51,79,213,60,292,317.82,1724.81,18.79,32416.32,1800.91,0.5749,10,44,39,0.05,52.91,40.14
2141347,8,34,49,130,42,179,196.97,965.22,15.29,14762.26,820.13,0.3217,6,26,23,0.0,47.43,47.43
2102161,9,31,52,163,40,215,182.11,1144.21,23.66,27073.59,1504.09,0.3814,8,27,24,0.0,46.28,46.28
2153812,5,32,48,149,37,197,171.61,1026.26,11.64,11946.33,663.69,0.3421,8,29,26,0.0,45.94,45.94
2131640,6,46,82,239,52,321,269.59,1829.84,15.59,28521.65,1584.54,0.6099,7,37,32,0.0,42.01,42.01
2147356,5,31,36,116,36,152,165.19,785.83,9.35,7351.3,408.41,0.2619,5,23,20,0.0,49.35,49.35
2153837,9,56,101,399,65,500,353.74,3011.18,32.06,96546.08,5363.67,1.0037,13,67,58,0.06,48.58,34.06
2154394,6,42,80,247,48,327,241.99,1826.28,17.64,32220.85,1790.05,0.6088,14,39,36,0.0,40.57,40.57
2147426,10,46,103,338,56,441,287.3,2561.04,36.74,94090.51,5227.25,0.8537,20,63,59,0.0,34.19,34.19
2167919,9,44,49,174,53,223,268.74,1277.33,17.8,22730.6,1262.81,0.4258,10,35,30,0.06,57.54,43.22
2147430,8,66,176,512,74,688,422.93,4272.1,31.03,132564.68,7364.7,1.424,26,91,85,0.0,28.35,28.35
2153768,7,37,39,132,44,171,212.4,933.56,12.49,11656.92,647.61,0.3112,3,22,18,0.0,49.52,49.52
2161869,6,50,94,305,56,399,297.7,2317.13,18.3,42403.56,2355.75,0.7724,11,43,39,0.0,39.33,39.33
2123964,7,38,76,257,45,333,219.07,1828.79,23.67,43289.32,2404.96,0.6096,9,35,31,0.0,42.27,42.27
2147515,10,51,86,267,61,353,322.51,2093.55,26.18,54801.76,3044.54,0.6979,12,39,35,0.0,40.43,40.43
2147352,8,41,43,140,49,183,243.66,1027.49,13.66,14034.04,779.67,0.3425,4,24,20,0.0,48.27,48.27
2167946,8,49,74,297,57,371,299.12,2164.0,24.24,52466.01,2914.78,0.7213,13,45,40,0.02,48.02,38.83
2123387,6,31,53,164,37,217,169.09,1130.45,15.87,17941.36,996.74,0.3768,9,36,33,0.0,43.46,43.46
2173667,6,40,71,307,46,378,228.39,2087.91,23.02,48074.05,2670.78,0.696,12,43,39,0.0,39.51,39.51
2131680,9,55,161,609,64,770,346.5,4620.0,49.83,230202.0,12789.0,1.54,32,122,118,0.0,24.52,24.52
2173679,8,47,157,452,55,609,285.07,3520.85,38.47,135440.28,7524.46,1.1736,24,75,73,0.0,31.04,31.04
2142265,6,36,62,163,42,225,201.63,1213.27,13.58,16480.27,915.57,0.4044,8,40,37,0.0,42.38,42.38
2173748,5,35,35,113,40,148,191.13,787.65,8.07,6357.42,353.19,0.2625,5,25,21,0.0,48.55,48.55
2168389,7,37,56,148,44,204,212.4,1113.72,14.0,15592.14,866.23,0.3712,3,24,21,0.0,48.16,48.16
2190216,6,36,23,92,42,115,201.63,620.12,7.67,4754.23,264.12,0.2067,4,21,18,0.0,51.07,51.07
2197724,7,46,47,186,53,233,273.74,1334.61,14.15,18887.57,1049.31,0.4449,9,36,32,0.0,42.96,42.96
2161912,8,44,76,282,52,358,264.21,2040.76,25.64,52317.6,2906.53,0.6803,10,48,44,0.0,38.81,38.81
2190228,9,43,127,407,52,534,261.86,3044.03,42.59,129654.65,7203.04,1.0147,11,48,44,0.0,37.45,37.45
2167926,6,33,53,154,39,207,181.97,1094.08,14.0,15317.1,850.95,0.3647,9,31,28,0.0,44.98,44.98
2183877,8,59,74,250,67,324,371.08,1965.41,16.95,33312.08,1850.67,0.6551,10,46,40,0.0,39.32,39.32
2161786,11,45,59,180,56,239,285.19,1387.96,22.0,30535.07,1696.39,0.4627,8,33,29,0.0,43.8,43.8
2210498,8,34,37,97,42,134,196.97,722.57,11.41,8245.8,458.1,0.2409,5,22,20,0.0,50.03,50.03
2168861,11,57,79,276,68,355,370.53,2161.05,26.63,57552.16,3197.34,0.7203,15,54,47,0.0,36.84,36.84
2162068,8,48,139,404,56,543,292.08,3153.39,33.67,106164.26,5898.01,1.0511,16,71,67,0.0,32.97,32.97
2183834,7,35,74,147,42,221,199.18,1191.7,14.7,17518.02,973.22,0.3972,5,28,25,0.0,46.22,46.22
2184322,5,34,42,138,39,180,184.58,951.37,10.15,9653.63,536.31,0.3171,5,28,24,0.0,46.9,46.9
2190325,11,78,142,598,89,740,528.32,4792.04,42.17,202064.47,11225.8,1.5973,22,99,94,0.0,27.74,27.74
2210492,8,52,61,219,60,280,320.42,1653.93,16.85,27862.35,1547.91,0.5513,8,39,35,0.0,41.68,41.68
2173681,9,46,80,267,55,347,282.61,2006.13,26.12,52399.29,2911.07,0.6687,13,48,45,0.0,38.45,38.45
2197667,5,32,62,90,37,152,171.61,791.84,7.03,5567.6,309.31,0.2639,1,12,10,0.0,56.03,56.03
2216442,8,36,38,150,44,188,210.12,1026.37,16.67,17106.22,950.35,0.3421,8,30,25,0.0,45.62,45.62
2197651,7,34,33,100,41,133,192.63,712.55,10.29,7335.12,407.51,0.2375,4,21,18,0.0,50.64,50.64
2190262,10,53,94,324,63,418,336.8,2498.5,30.57,76369.34,4242.74,0.8328,14,52,48,0.0,36.89,36.89
2205682,9,35,54,137,44,191,208.05,1042.75,17.61,18367.32,1020.41,0.3476,7,25,22,0.0,47.43,47.43
2204666,8,35,47,138,43,185,203.52,1003.86,15.77,15832.29,879.57,0.3346,10,29,25,0.0,45.74,45.74
2225714,6,35,32,95,41,127,195.03,680.41,8.14,5540.47,307.8,0.2268,6,23,21,0.0,49.65,49.65
2204692,6,29,24,78,35,102,156.39,523.19,8.07,4221.58,234.53,0.1744,5,21,18,0.0,51.45,51.45
2210538,10,39,66,191,49,257,239.35,1442.98,24.49,35334.52,1963.03,0.481,7,34,30,0.0,43.53,43.53
2226051,5,30,29,99,35,128,158.82,656.55,8.25,5416.52,300.92,0.2188,5,21,19,0.0,50.76,50.76
2216572,5,34,33,115,39,148,184.58,782.24,8.46,6614.53,367.47,0.2607,6,25,22,0.0,48.44,48.44
2237902,6,41,38,125,47,163,235.17,905.4,9.15,8281.08,460.06,0.3018,5,27,22,0.0,47.4,47.4
2216383,7,41,57,197,48,254,239.31,1418.58,16.82,23856.37,1325.35,0.4729,7,34,30,0.0,43.58,43.58
2225793,8,43,54,165,51,219,257.33,1242.26,15.35,19067.26,1059.29,0.4141,6,28,24,0.0,45.96,45.96
2198099,10,52,79,263,62,342,329.64,2036.34,25.29,51495.78,2860.88,0.6788,10,46,41,0.0,39.22,39.22
2237950,11,40,89,269,51,358,250.93,2030.73,36.99,75111.56,4172.86,0.6769,13,45,42,0.0,39.03,39.03
2210527,10,64,180,460,74,640,417.22,3974.05,35.94,142817.43,7934.3,1.3247,15,57,52,0.0,34.48,34.48
2216575,8,50,60,202,58,262,306.19,1534.79,16.16,24802.22,1377.9,0.5116,8,36,32,0.0,42.67,42.67
2249648,6,34,33,101,40,134,188.48,713.14,8.91,6355.32,353.07,0.2377,5,19,16,0.0,51.45,51.45
2246105,7,33,47,114,40,161,186.12,856.83,12.09,10359.86,575.55,0.2856,4,22,19,0.0,49.64,49.64
2246028,5,30,32,95,35,127,158.82,651.42,7.92,5157.07,286.5,0.2171,3,18,14,0.0,52.51,52.51
2229000,6,33,57,133,39,190,181.97,1004.23,12.09,12142.01,674.56,0.3347,9,26,23,0.0,46.9,46.9
2249661,5,28,23,69,33,92,146.22,464.08,6.16,2859.09,158.84,0.1547,3,17,14,0.0,54.08,54.08
2229115,11,52,89,281,63,370,334.48,2211.59,29.72,65731.11,3651.73,0.7372,9,44,39,0.03,48.82,39.52
2226404,6,49,56,182,55,238,290.63,1375.96,11.14,15332.17,851.79,0.4587,5,36,30,0.0,43.4,43.4
2228904,5,34,28,106,39,134,184.58,708.24,7.79,5520.14,306.67,0.2361,4,19,16,0.0,51.61,51.61
2256869,7,29,33,87,36,120,160.53,620.39,10.5,6514.11,361.89,0.2068,5,22,20,0.0,50.49,50.49
2225735,8,40,64,221,48,285,236.88,1591.71,22.1,35176.89,1954.27,0.5306,11,41,37,0.0,40.92,40.92
2237734,6,39,60,231,45,291,221.64,1598.13,17.77,28397.53,1577.64,0.5327,8,36,32,0.0,42.54,42.54
2261656,9,58,105,301,67,406,368.29,2462.83,23.35,57515.62,3195.31,0.8209,10,51,41,0.0,37.66,37.66
2270515,5,35,32,105,40,137,191.13,729.1,7.5,5468.28,303.79,0.243,4,24,21,0.0,49.31,49.31
2261471,7,32,43,113,39,156,179.65,824.52,12.36,10190.59,566.14,0.2748,6,21,18,0.0,49.93,49.93
2246078,7,36,60,190,43,250,205.77,1356.57,18.47,25058.79,1392.16,0.4522,8,31,27,0.0,44.46,44.46
2246018,7,31,23,62,38,85,173.23,446.07,7.0,3122.52,173.47,0.1487,4,15,12,0.0,55.26,55.26
2277837,9,39,69,184,48,253,234.66,1413.0,21.23,29998.98,1666.61,0.471,10,31,28,0.0,44.07,44.07
2261464,6,23,12,40,29,52,119.55,252.62,5.22,1317.99,73.22,0.0842,1,9,7,0.0,62.23,62.23
2283485,7,31,27,71,38,98,173.23,514.3,8.02,4122.67,229.04,0.1714,4,17,15,0.0,53.64,53.64
2254561,9,49,75,231,58,306,303.65,1792.54,21.21,38027.5,2112.64,0.5975,10,45,41,0.0,39.81,39.81
2256913,12,74,271,794,86,1065,502.52,6843.97,64.38,440603.82,24477.99,2.2813,40,117,112,0.0,22.65,22.65
2277852,9,61,100,370,70,470,390.3,2880.76,27.3,78630.66,4368.37,0.9603,19,53,50,0.0,35.61,35.61
2283713,5,36,47,167,41,214,197.73,1146.52,11.6,13296.4,738.69,0.3822,6,27,23,0.0,46.55,46.55
2246564,7,38,61,229,45,290,219.07,1592.64,21.09,33592.08,1866.23,0.5309,7,33,29,0.0,43.51,43.51
2237754,11,62,107,388,73,495,407.21,3063.96,34.42,105459.64,5858.87,1.0213,15,67,58,0.02,41.44,33.74
2289414,7,34,28,98,41,126,192.63,675.05,10.09,6810.08,378.34,0.225,5,23,20,0.0,49.81,49.81
2284376,11,59,124,465,70,589,385.13,3610.15,43.35,156490.72,8693.93,1.2034,23,71,66,0.0,31.61,31.61
2261465,5,29,31,75,34,106,152.49,539.27,6.47,3486.67,193.7,0.1798,2,14,9,0.0,55.6,55.6
2299648,4,34,42,146,38,188,180.97,986.61,8.59,8473.24,470.74,0.3289,5,28,24,0.0,46.79,46.79
2270468,10,62,88,310,72,398,402.38,2455.63,25.0,61390.75,3410.6,0.8185,7,43,38,0.03,49.1,39.69
2270439,5,36,45,160,41,205,197.73,1098.3,11.11,12203.31,677.96,0.3661,6,27,23,0.0,46.68,46.68
2277845,7,31,61,157,38,218,173.23,1144.05,17.73,20279.18,1126.62,0.3813,9,24,21,0.0,47.27,47.27
2303893,10,41,108,322,51,430,252.88,2439.14,39.27,95780.98,5321.17,0.813,22,61,57,0.02,42.14,34.38
2283793,5,33,33,107,38,140,178.07,734.71,8.11,5955.6,330.87,0.2449,4,23,19,0.0,49.69,49.69
2277789,6,28,35,78,34,113,150.12,574.88,8.36,4804.38,266.91,0.1916,3,19,16,0.0,52.38,52.38
2299647,7,31,32,120,38,152,173.23,797.68,13.55,10807.34,600.41,0.2659,5,24,22,0.0,48.9,48.9
2290514,11,35,95,167,46,262,217.58,1447.17,26.24,37977.96,2109.89,0.4824,11,30,27,0.0,44.17,44.17
2303878,8,39,70,241,47,311,230.13,1727.48,24.72,42699.69,2372.21,0.5758,4,29,26,0.0,44.89,44.89
2303897,10,72,151,336,82,487,477.45,3096.13,23.33,72242.98,4013.5,1.032,23,61,54,0.05,46.75,33.52
2270977,11,96,389,1109,107,1498,670.21,10098.72,63.54,641636.75,35646.49,3.3662,62,123,114,0.0,18.03,18.03
2319980,6,32,72,274,38,346,175.51,1815.78,25.69,46642.92,2591.27,0.6053,12,31,28,0.0,43.03,43.03
2323764,7,31,35,93,38,128,173.23,671.73,10.5,7053.21,391.85,0.2239,5,20,18,0.0,51.15,51.15
2314122,8,40,47,156,48,203,236.88,1133.75,15.6,17686.46,982.58,0.3779,7,30,25,0.0,45.45,45.45
2299643,10,40,44,159,50,203,246.1,1145.7,19.88,22770.84,1265.05,0.3819,7,32,28,0.0,44.81,44.81
2314309,10,47,110,346,57,456,294.28,2659.8,36.81,97903.2,5439.07,0.8866,16,58,54,0.0,35.4,35.4
2303838,4,35,43,143,39,186,187.52,983.08,8.17,8033.21,446.29,0.3277,5,29,25,0.0,46.47,46.47
2314881,11,68,250,722,79,972,452.0,6127.27,58.4,357814.83,19878.6,2.0424,36,139,133,0.0,21.89,21.89
2320019,8,47,66,235,55,301,285.07,1740.19,20.0,34803.79,1933.54,0.5801,7,44,40,0.0,40.52,40.52
2334112,10,42,59,153,52,212,259.7,1208.49,18.21,22011.84,1222.88,0.4028,6,25,20,0.09,64.04,47.12
2320981,8,52,80,213,60,293,320.42,1730.72,16.38,28357.16,1575.4,0.5769,7,36,30,0.0,42.44,42.44
2299626,7,29,32,90,36,122,160.53,630.73,10.86,6851.04,380.61,0.2102,4,21,19,0.0,51.01,51.01
2314092,9,47,66,256,56,322,289.6,1869.97,24.51,45834.12,2546.34,0.6233,8,45,41,0.0,39.95,39.95
2334641,11,56,156,345,67,501,363.27,3039.11,33.88,102977.01,5720.94,1.013,18,50,44,0.04,48.23,36.13
2340715,7,36,53,146,43,199,205.77,1079.83,14.19,15327.54,851.53,0.3599,5,34,30,0.0,44.68,44.68
2334824,9,44,141,458,53,599,268.74,3431.02,46.84,160712.3,8928.46,1.1437,12,42,38,0.0,38.22,38.22
2344697,4,35,39,128,39,167,187.52,882.66,7.31,6456.04,358.67,0.2942,5,27,24,0.0,47.48,47.48
2320009,7,62,100,420,69,520,388.81,3176.43,23.71,75312.2,4184.01,1.0588,20,72,67,0.03,42.26,32.27
2364215,6,24,23,58,30,81,125.55,397.46,7.25,2881.57,160.09,0.1325,3,11,9,0.0,58.68,58.68
2320006,7,44,53,186,51,239,259.87,1355.71,14.8,20058.34,1114.35,0.4519,7,33,28,0.0,44.0,44.0
2345079,7,35,47,148,42,195,199.18,1051.5,14.8,15562.23,864.57,0.3505,8,31,27,0.0,45.23,45.23
2323782,8,40,44,127,48,171,236.88,955.03,12.7,12128.86,673.83,0.3183,7,30,26,0.0,45.97,45.97
2370826,8,29,28,72,37,100,164.88,520.95,9.93,5173.53,287.42,0.1736,3,19,16,0.0,52.68,52.68
2344696,7,28,67,114,35,181,154.26,928.4,14.25,13229.7,734.98,0.3095,9,21,18,0.0,49.17,49.17
2334011,9,50,82,317,59,399,310.72,2347.17,28.53,66964.89,3720.27,0.7824,17,61,57,0.0,35.17,35.17
2354771,9,45,106,324,54,430,275.66,2474.6,32.4,80177.09,4454.28,0.8249,11,47,43,0.0,38.28,38.28
2358753,11,125,264,866,136,1130,908.78,8008.83,38.1,305168.57,16953.81,2.6696,22,106,88,0.09,42.6,25.53
2370842,6,43,57,159,49,216,248.84,1212.78,11.09,13453.37,747.41,0.4043,5,31,26,0.0,45.2,45.2
2370962,7,39,50,152,46,202,225.78,1115.76,13.64,15220.1,845.56,0.3719,12,35,32,0.0,43.36,43.36
2364697,6,37,44,175,43,219,208.26,1188.35,14.19,16861.75,936.76,0.3961,6,29,25,0.0,45.76,45.76
2341332,9,45,117,263,54,380,275.66,2186.86,26.3,57514.35,3195.24,0.729,13,37,33,0.0,40.66,40.66
2374178,4,33,38,112,37,150,174.47,781.42,6.79,5304.17,294.68,0.2605,5,24,20,0.0,48.96,48.96
2364282,8,43,54,158,51,212,257.33,1202.55,14.7,17674.75,981.93,0.4009,8,31,27,0.0,44.82,44.82
2381450,7,40,64,172,47,236,232.53,1310.88,15.05,19728.79,1096.04,0.437,11,39,36,0.0,41.98,41.98
2364239,12,78,272,760,90,1032,533.28,6699.59,58.46,391668.48,21759.36,2.2332,21,90,84,0.0,27.76,27.76
2388419,5,35,29,101,40,130,191.13,691.85,7.21,4991.21,277.29,0.2306,6,26,23,0.0,48.44,48.44
2354696,8,51,182,556,59,738,313.29,4341.39,43.61,189318.68,10517.7,1.4471,16,65,60,0.0,32.83,32.83
2358936,7,43,86,251,50,337,252.98,1901.98,20.43,38857.88,2158.77,0.634,8,39,35,0.0,41.26,41.26
2388319,10,27,46,102,37,148,161.6,771.0,18.89,14563.32,809.07,0.257,5,21,19,0.0,50.27,50.27
2358848,8,36,71,201,44,272,210.12,1484.97,22.33,33164.23,1842.46,0.495,13,36,32,0.0,42.09,42.09
2341320,10,46,69,190,56,259,287.3,1504.1,20.65,31063.04,1725.72,0.5014,6,29,25,0.0,45.04,45.04
2388539,7,38,65,178,45,243,219.07,1334.52,16.39,21879.11,1215.51,0.4448,9,41,38,0.0,41.72,41.72
2392791,7,31,48,109,38,157,173.23,823.92,12.31,10139.59,563.31,0.2746,5,20,18,0.0,50.53,50.53
2381504,7,47,101,334,54,435,280.72,2503.38,24.87,62264.82,3459.16,0.8345,21,49,45,0.0,36.51,36.51
2393352,10,48,145,452,58,597,301.3,3497.21,47.08,164660.52,9147.81,1.1657,13,59,54,0.02,42.78,34.81
2409393,7,27,34,83,34,117,148.03,595.23,10.76,6404.27,355.79,0.1984,4,17,15,0.0,53.19,53.19
2409330,9,55,75,254,64,329,346.5,1974.0,20.78,41023.31,2279.07,0.658,12,38,32,0.09,57.34,40.85
2409415,11,45,86,280,56,366,285.19,2125.49,34.22,72739.06,4041.06,0.7085,13,53,49,0.0,37.34,37.34
2415078,10,35,74,168,45,242,212.74,1329.03,24.0,31896.68,1772.04,0.443,13,30,27,0.0,44.16,44.16
2369195,9,47,70,234,56,304,289.6,1765.44,22.4,39553.28,2197.4,0.5885,6,40,36,0.0,41.51,41.51
2409416,9,51,72,225,60,297,317.82,1754.35,19.85,34828.94,1934.94,0.5848,9,35,31,0.0,42.39,42.39
2415077,7,33,31,114,40,145,186.12,771.68,12.09,9330.31,518.35,0.2572,4,19,17,0.0,51.35,51.35
2423667,6,29,27,75,35,102,156.39,523.19,7.76,4059.21,225.51,0.1744,2,15,13,0.0,55.04,55.04
2370892,6,41,48,145,47,193,235.17,1072.04,10.61,11374.04,631.89,0.3573,5,29,22,0.12,65.25,46.21
2415153,11,40,66,190,51,256,250.93,1452.14,26.12,37937.18,2107.62,0.484,9,35,32,0.0,42.97,42.97
2423701,7,32,48,141,39,189,179.65,998.94,15.42,15405.54,855.86,0.333,6,24,21,0.0,48.08,48.08
2399823,10,35,89,272,45,361,212.74,1982.56,38.86,77036.58,4279.81,0.6609,11,42,39,0.0,40.02,40.02
2399760,9,46,91,304,55,395,282.61,2283.64,29.74,67913.38,3772.97,0.7612,12,55,50,0.0,36.9,36.9
2423945,7,34,32,111,41,143,192.63,766.13,11.43,8754.16,486.34,0.2554,4,20,17,0.0,50.89,50.89
2423666,10,46,59,182,56,241,287.3,1399.57,19.78,27687.2,1538.18,0.4665,6,32,27,0.0,44.33,44.33
2392644,7,32,45,106,39,151,179.65,798.1,11.59,9252.92,514.05,0.266,3,18,15,0.0,51.89,51.89
2429822,6,31,46,134,37,180,169.09,937.7,12.97,12159.87,675.55,0.3126,7,22,19,0.0,48.96,48.96
2435053,4,64,16,207,68,223,392.0,1357.5,6.47,8781.36,487.85,0.4525,1,23,19,0.0,48.23,48.23
2435157,5,37,27,80,42,107,204.36,576.98,5.41,3118.8,173.27,0.1923,6,20,17,0.0,51.48,51.48
2435071,10,38,44,99,48,143,232.64,798.65,13.03,10403.46,577.97,0.2662,4,17,15,0.0,52.3,52.3
2393500,6,28,21,65,34,86,150.12,437.52,6.96,3047.03,169.28,0.1458,2,14,11,0.0,56.24,56.24
2399827,12,33,66,144,45,210,209.48,1153.29,26.18,30195.21,1677.51,0.3844,9,25,22,0.0,46.86,46.86
2434978,10,45,49,145,55,194,280.35,1121.58,16.11,18069.96,1003.89,0.3739,5,34,30,0.0,44.56,44.56
2392723,7,37,47,129,44,176,212.4,960.86,12.2,11725.09,651.39,0.3203,5,30,26,0.0,46.22,46.22
2409344,10,31,69,165,41,234,186.8,1253.67,26.61,33363.72,1853.54,0.4179,8,29,26,0.0,45.33,45.33
2423674,6,35,71,191,41,262,195.03,1403.68,16.37,22980.22,1276.68,0.4679,10,43,40,0.0,40.99,40.99
2443123,8,37,40,124,45,164,216.75,900.66,13.41,12073.76,670.76,0.3002,7,30,26,0.0,46.15,46.15
2451979,9,48,102,322,57,424,296.61,2473.15,30.19,74658.08,4147.67,0.8244,13,51,48,0.0,37.24,37.24
2464373,5,34,46,147,39,193,184.58,1020.08,10.81,11025.89,612.55,0.34,6,30,27,0.0,45.9,45.9
2464898,10,59,184,512,69,696,380.3,4251.53,43.39,184473.3,10248.52,1.4172,36,104,100,0.0,25.75,25.75
2443104,7,36,60,153,43,213,205.77,1155.79,14.88,17192.44,955.14,0.3853,8,30,27,0.0,45.26,45.26
2451624,9,55,106,313,64,419,346.5,2514.0,25.61,64381.25,3576.74,0.838,17,66,60,0.05,46.84,34.21
2452187,8,79,154,524,87,678,522.0,4368.32,26.53,115898.6,6438.81,1.4561,20,88,82,0.0,29.4,29.4
2434990,4,26,28,49,30,77,130.21,377.83,3.77,1424.13,79.12,0.1259,5,12,10,0.0,57.74,57.74
2451898,6,46,50,153,52,203,269.59,1157.19,9.98,11546.74,641.49,0.3857,5,36,30,0.09,60.85,43.93
2451638,6,34,77,170,40,247,188.48,1314.52,15.0,19717.74,1095.43,0.4382,6,32,30,0.0,44.52,44.52
2456532,8,41,81,206,49,287,243.66,1611.42,20.1,32385.65,1799.2,0.5371,11,38,35,0.0,41.6,41.6
2479518,6,40,44,142,46,186,228.39,1027.38,10.65,10941.62,607.87,0.3425,5,27,22,0.0,47.02,47.02
2483846,8,40,71,239,48,310,236.88,1731.34,23.9,41378.99,2298.83,0.5771,14,49,46,0.0,38.57,38.57
2492466,8,40,79,209,48,288,236.88,1608.47,20.9,33617.01,1867.61,0.5362,9,46,44,0.0,40.07,40.07
2492493,6,42,76,161,48,237,241.99,1323.64,11.5,15221.82,845.66,0.4412,14,33,30,0.0,43.13,43.13
2443395,6,29,37,89,35,126,156.39,646.29,9.21,5950.32,330.57,0.2154,6,19,16,0.0,51.62,51.62
2429828,10,49,108,381,59,489,308.34,2876.61,38.88,111835.65,6213.09,0.9589,17,70,66,0.0,33.25,33.25
2494008,8,33,63,187,41,250,190.47,1339.39,22.67,30359.46,1686.64,0.4465,8,32,29,0.0,44.2,44.2
2497509,6,38,37,111,44,148,214.93,808.0,8.76,7080.6,393.37,0.2693,5,26,23,0.0,48.1,48.1
2497622,7,41,63,174,48,237,239.31,1323.64,14.85,19660.84,1092.27,0.4412,10,29,26,0.0,44.9,44.9
2443192,10,73,110,351,83,461,485.08,2938.89,24.04,70654.21,3925.23,0.9796,12,66,59,0.0,34.41,34.41
2483816,5,42,43,144,47,187,238.09,1038.71,8.57,8903.21,494.62,0.3462,4,24,20,0.0,48.23,48.23
2456605,9,30,72,154,39,226,175.74,1194.5,23.1,27592.97,1532.94,0.3982,12,28,25,0.0,45.27,45.27
2527550,6,32,40,119,38,159,175.51,834.42,11.16,9309.0,517.17,0.2781,6,25,22,0.0,48.24,48.24
2483842,8,31,89,196,39,285,177.58,1506.34,25.29,38095.82,2116.43,0.5021,8,31,29,0.0,44.14,44.14
2521833,7,30,61,133,37,194,166.86,1010.63,15.52,15681.67,871.2,0.3369,9,23,20,0.0,48.05,48.05
2471038,8,56,79,263,64,342,349.21,2052.0,18.79,38548.29,2141.57,0.684,9,47,42,0.0,39.12,39.12
2503434,9,56,90,284,65,374,353.74,2252.37,22.82,51402.2,2855.68,0.7508,9,52,44,0.0,37.88,37.88
2479750,8,41,83,305,49,388,243.66,2178.51,29.76,64823.88,3601.33,0.7262,13,45,42,0.0,38.81,38.81
2479646,10,54,419,1585,64,2004,343.98,12024.0,146.76,1764633.33,98035.19,4.008,33,130,122,0.02,30.0,20.88
2483850,10,73,156,536,83,692,485.08,4411.53,36.71,161957.44,8997.64,1.4705,18,67,63,0.0,32.23,32.23
2527570,7,32,40,112,39,152,179.65,803.38,12.25,9841.42,546.75,0.2678,6,22,18,0.0,49.57,49.57
2521956,9,49,96,353,58,449,303.65,2630.23,32.42,85267.87,4737.1,0.8767,12,51,45,0.0,37.19,37.19
2527688,8,25,29,66,33,95,140.1,479.22,10.56,5060.54,281.14,0.1597,3,10,8,0.0,59.01,59.01
2492655,9,47,43,158,56,201,289.6,1167.28,15.13,17658.19,981.01,0.3891,8,32,29,0.0,44.61,44.61
2521959,9,53,79,255,62,334,332.11,1988.7,21.65,43057.27,2392.07,0.6629,12,41,37,0.0,40.11,40.11
2512562,11,67,126,353,78,479,444.48,3010.71,28.98,87243.12,4846.84,1.0036,16,67,61,0.03,44.08,33.66
2521958,11,52,99,312,63,411,334.48,2456.66,33.0,81069.85,4503.88,0.8189,11,46,39,0.0,38.51,38.51
2521864,9,50,56,244,59,300,310.72,1764.79,21.96,38754.85,2153.05,0.5883,14,50,46,0.0,38.32,38.32
2527691,11,65,145,382,76,527,429.51,3292.66,32.32,106428.83,5912.71,1.0976,15,60,50,0.0,34.56,34.56
2512374,12,72,104,413,84,517,487.25,3304.83,34.42,113741.17,6318.95,1.1016,25,66,62,0.0,32.3,32.3
2548998,4,27,22,69,31,91,136.38,450.83,5.11,2304.25,128.01,0.1503,4,17,15,0.0,54.04,54.04
2503460,10,55,154,454,65,608,351.19,3661.6,41.27,151124.2,8395.79,1.2205,23,90,85,0.0,29.32,29.32
2533930,4,29,27,85,33,112,148.88,564.97,5.86,3311.91,183.99,0.1883,3,18,14,0.0,52.94,52.94
2539288,5,37,48,150,42,198,204.36,1067.68,10.14,10821.07,601.17,0.3559,5,30,26,0.0,45.9,45.9
2549323,8,54,90,269,62,359,334.76,2137.56,19.93,42592.79,2366.27,0.7125,9,50,45,0.0,38.41,38.41
2503457,9,54,141,475,63,616,339.29,3682.0,39.58,145746.01,8097.0,1.2273,34,71,68,0.0,30.07,30.07
2512373,5,49,76,330,54,406,286.73,2336.48,16.84,39338.77,2185.49,0.7788,11,42,37,0.0,39.52,39.52
2555387,7,28,32,74,35,106,154.26,543.7,9.25,5029.26,279.4,0.1812,4,16,14,0.0,54.04,54.04
2570651,6,28,45,93,34,138,150.12,702.07,9.96,6995.62,388.65,0.234,3,18,16,0.0,52.28,52.28
2539381,7,57,75,308,64,383,352.13,2298.0,18.91,43460.42,2414.47,0.766,8,48,41,0.0,38.71,38.71
2564673,5,40,38,135,45,173,224.49,950.09,8.44,8016.39,445.35,0.3167,7,28,25,0.0,46.64,46.64
2539378,10,47,78,259,57,337,294.28,1965.68,27.55,54160.87,3008.94,0.6552,10,41,37,0.0,40.41,40.41
2539297,5,39,41,151,44,192,217.74,1048.21,9.68,10146.14,563.67,0.3494,5,26,22,0.0,47.31,47.31
2539526,10,53,132,386,63,518,336.8,3096.23,36.42,112749.54,6263.86,1.0321,10,48,41,0.0,37.54,37.54
2549218,11,69,134,459,80,593,459.54,3748.9,36.59,137160.96,7620.05,1.2496,13,69,60,0.0,33.11,33.11
2549227,6,31,34,103,37,137,169.09,713.7,9.97,7113.93,395.22,0.2379,4,21,18,0.0,50.64,50.64
2555036,7,43,44,159,50,203,252.98,1145.7,12.94,14827.53,823.75,0.3819,7,32,29,0.0,44.81,44.81
2555386,9,64,108,363,73,471,412.53,2915.41,25.52,74411.22,4133.96,0.9718,11,58,49,0.0,35.79,35.79
2564672,7,39,93,326,46,419,225.78,2314.37,29.26,67710.23,3761.68,0.7715,9,39,35,0.0,40.52,40.52
2570774,8,55,115,283,63,398,341.97,2378.96,20.58,48963.27,2720.18,0.793,21,45,37,0.12,56.45,37.47
2576126,4,32,37,92,36,129,168.0,666.92,5.75,3834.79,213.04,0.2223,5,23,21,0.0,49.85,49.85
2580828,5,25,18,47,30,65,127.71,318.95,4.7,1499.06,83.28,0.1063,3,12,10,0.0,58.52,58.52
2533919,7,51,106,370,58,476,308.95,2788.4,25.39,70803.46,3933.53,0.9295,11,55,50,0.0,36.43,36.43
2576133,8,38,53,141,46,194,223.42,1071.57,14.84,15904.37,883.58,0.3572,6,25,21,0.0,47.48,47.48
2576124,11,37,42,134,48,176,230.8,982.95,19.92,19579.37,1087.74,0.3277,7,29,25,0.0,46.2,46.2
2563823,7,38,35,112,45,147,219.07,807.3,10.32,8327.96,462.66,0.2691,4,23,19,0.0,49.4,49.4
2588700,8,35,53,99,43,152,203.52,824.79,11.31,9331.94,518.44,0.2749,3,18,16,0.0,51.79,51.79
2576542,12,77,179,596,89,775,525.56,5018.69,46.44,233075.94,12948.66,1.6729,22,95,89,0.01,34.25,27.99
2570610,9,42,56,162,51,218,255.01,1236.59,17.36,21463.65,1192.42,0.4122,7,29,25,0.0,45.51,45.51
2570893,8,38,63,156,46,219,223.42,1209.66,16.42,19863.89,1103.55,0.4032,10,28,24,0.0,45.5,45.5
2581045,8,40,74,215,48,289,236.88,1614.05,21.5,34702.16,1927.9,0.538,8,37,33,0.0,42.25,42.25
2588841,6,32,56,174,38,230,175.51,1207.02,16.31,19689.57,1093.86,0.4023,9,28,26,0.0,45.64,45.64
2581752,10,60,124,410,70,534,387.63,3273.04,34.17,111828.77,6212.71,1.091,17,67,60,0.0,33.27,33.27
2576118,8,35,55,152,43,207,203.52,1123.24,17.37,19512.23,1084.01,0.3744,7,29,26,0.0,45.8,45.8
2576129,8,47,82,265,55,347,285.07,2006.13,22.55,45244.68,2513.59,0.6687,12,45,41,0.0,39.2,39.2
2607564,6,45,29,132,51,161,262.64,913.26,8.8,8036.69,446.48,0.3044,6,30,26,0.0,46.24,46.24
2591623,4,32,23,70,36,93,168.0,480.8,4.38,2103.51,116.86,0.1603,2,16,12,0.0,54.69,54.69
2588845,14,103,206,650,117,856,742.01,5881.03,44.17,259793.17,14432.95,1.9603,29,108,98,0.04,36.88,25.35
2591716,8,37,45,142,45,187,216.75,1026.98,15.35,15765.48,875.86,0.3423,6,28,24,0.0,46.54,46.54
2614885,5,30,26,74,35,100,158.82,512.93,6.17,3163.06,175.73,0.171,2,16,12,0.0,54.49,54.49
2607587,6,41,41,163,47,204,235.17,1133.14,11.93,13514.72,750.82,0.3777,6,39,35,0.0,43.1,43.1
2570866,8,75,166,647,83,813,491.16,5182.91,34.51,178844.85,9935.82,1.7276,29,94,85,0.04,39.34,27.05
2580830,6,40,61,137,46,198,228.39,1093.67,10.27,11237.41,624.3,0.3646,5,29,26,0.0,46.15,46.15
2615040,7,31,39,85,38,124,173.23,650.74,9.6,6245.03,346.95,0.2169,5,17,15,0.0,52.79,52.79
2602676,7,31,45,142,38,187,173.23,981.36,16.03,15733.46,874.08,0.3271,7,24,21,0.0,48.0,48.0
2608137,10,40,132,359,50,491,246.1,2771.13,44.88,124354.61,6908.59,0.9237,15,62,59,0.0,34.78,34.78
2615108,6,34,44,121,40,165,188.48,878.12,10.68,9375.2,520.84,0.2927,5,23,20,0.0,49.01,49.01
2607662,6,38,42,126,44,168,214.93,917.18,9.95,9123.57,506.87,0.3057,5,28,24,0.0,47.02,47.02
2591920,9,51,224,732,60,956,317.82,5646.99,64.59,364728.95,20262.72,1.8823,21,67,63,0.0,31.07,31.07
2615240,10,57,70,252,67,322,365.69,1953.28,22.11,43177.78,2398.77,0.6511,10,48,44,0.0,38.94,38.94
2622259,10,35,71,210,45,281,212.74,1543.21,30.0,46296.32,2572.02,0.5144,13,38,35,0.0,41.46,41.46
2591648,7,45,100,302,52,402,266.78,2291.58,23.49,53826.59,2990.37,0.7639,17,61,58,0.0,35.24,35.24
2615413,3,28,16,88,31,104,139.36,515.24,4.71,2428.97,134.94,0.1717,2,12,8,0.0,57.2,57.2
2622562,8,49,73,258,57,331,299.12,1930.69,21.06,40662.62,2259.03,0.6436,8,45,42,0.0,39.85,39.85
2615402,8,52,178,576,60,754,320.42,4453.8,44.31,197337.4,10963.19,1.4846,35,82,79,0.0,28.0,28.0
2622320,12,76,180,476,88,656,517.86,4237.39,37.58,159236.55,8846.47,1.4125,18,70,52,0.0,31.93,31.93
2591907,6,28,34,78,34,112,150.12,569.8,8.36,4761.87,264.55,0.1899,3,16,14,0.0,54.03,54.03
2622353,11,53,139,453,64,592,341.63,3552.0,47.01,166977.51,9276.53,1.184,23,80,75,0.0,30.53,30.53
2614942,9,40,50,141,49,191,241.41,1072.41,15.86,17011.1,945.06,0.3575,5,27,23,0.0,46.89,46.89
2622541,8,38,47,162,46,209,223.42,1154.42,17.05,19685.97,1093.67,0.3848,7,27,24,0.0,46.39,46.39
2628366,8,26,28,74,34,102,146.21,518.92,11.38,5907.72,328.21,0.173,4,17,14,0.0,53.61,53.61
2602677,11,75,145,425,86,570,505.22,3662.97,31.17,114162.59,6342.37,1.221,14,69,62,0.05,45.5,33.05
2635782,6,31,30,86,37,116,169.09,604.3,8.32,5029.31,279.41,0.2014,4,19,16,0.0,52.09,52.09
2628334,6,38,37,121,44,158,214.93,862.59,9.55,8240.01,457.78,0.2875,6,28,24,0.0,47.07,47.07
2615403,7,50,58,193,57,251,301.84,1464.06,13.51,19779.39,1098.85,0.488,4,27,18,0.0,46.07,46.07
2602527,6,39,52,166,45,218,221.64,1197.22,12.77,15287.63,849.31,0.3991,5,28,23,0.0,46.21,46.21
2628371,5,37,105,364,42,469,204.36,2529.0,24.59,62199.65,3455.54,0.843,11,42,38,0.0,39.28,39.28
2642113,5,39,53,168,44,221,217.74,1206.53,10.77,12993.45,721.86,0.4022,14,23,20,0.0,46.84,46.84
2622943,12,60,137,538,72,675,397.43,4164.7,53.8,224060.83,12447.82,1.3882,17,76,71,0.0,31.34,31.34
2628292,5,37,200,474,42,674,204.36,3634.42,32.03,116399.73,6466.65,1.2115,26,100,97,0.0,27.94,27.94
2635949,10,49,73,212,59,285,308.34,1676.55,21.63,36268.3,2014.91,0.5589,10,40,35,0.0,41.13,41.13
2628851,7,40,76,175,47,251,232.53,1394.2,15.31,21348.72,1186.04,0.4647,9,39,35,0.0,42.07,42.07
2622354,6,47,29,132,53,161,276.58,922.2,8.43,7769.99,431.67,0.3074,3,21,17,0.0,49.99,49.99
2650196,6,47,46,125,53,171,276.58,979.47,7.98,7814.96,434.16,0.3265,9,22,18,0.0,48.56,48.56
2628370,7,59,121,371,66,492,366.73,2973.84,22.01,65449.72,3636.1,0.9913,19,78,72,0.04,43.49,31.85
2642711,9,46,146,430,55,576,282.61,3330.06,42.07,140079.83,7782.21,1.11,10,58,53,0.04,46.65,35.52
2661184,4,22,12,33,26,45,106.11,211.52,3.0,634.56,35.25,0.0705,1,8,6,0.0,63.88,63.88
2622471,11,34,85,231,45,316,211.03,1735.43,37.37,64848.77,3602.71,0.5785,15,39,36,0.0,40.59,40.59
2642709,9,57,96,299,66,395,361.0,2387.54,23.61,56358.41,3131.02,0.7958,10,45,40,0.0,38.94,38.94
2656468,8,51,87,275,59,362,313.29,2129.52,21.57,45930.75,2551.71,0.7098,13,58,53,0.0,36.48,36.48
2661260,7,34,23,77,41,100,192.63,535.76,7.93,4246.65,235.92,0.1786,3,18,14,0.0,53.11,53.11
2636347,10,58,94,260,68,354,372.98,2154.96,22.41,48300.87,2683.38,0.7183,9,45,40,0.0,39.39,39.39
2661304,7,37,41,118,44,159,212.4,868.05,11.16,9689.31,538.3,0.2893,4,22,18,0.0,49.6,49.6
2642750,10,45,85,269,55,354,280.35,2046.6,29.89,61170.64,3398.37,0.6822,10,46,42,0.0,39.2,39.2
2678385,5,34,36,112,39,148,184.58,782.24,8.24,6441.97,357.89,0.2607,5,24,20,0.0,48.96,48.96
2650229,7,31,36,119,38,155,173.23,813.43,13.44,10928.81,607.16,0.2711,6,21,18,0.0,49.97,49.97
2669369,8,67,95,302,75,397,430.43,2472.84,18.03,44584.95,2476.94,0.8243,9,49,44,0.0,38.16,38.16
2669608,9,41,67,192,50,259,248.19,1461.76,21.07,30803.89,1711.33,0.4873,10,30,27,0.0,44.27,44.27
2650235,7,45,40,175,52,215,266.78,1225.59,13.61,16681.7,926.76,0.4085,7,37,33,0.0,43.23,43.23
2650230,7,34,37,112,41,149,192.63,798.28,11.53,9203.64,511.31,0.2661,5,24,20,0.0,48.9,48.9
2678447,7,36,63,181,43,244,205.77,1324.01,17.6,23298.87,1294.38,0.4413,11,33,30,0.0,43.54,43.54
2656659,5,39,54,224,44,278,217.74,1517.72,14.36,21792.93,1210.72,0.5059,12,41,38,0.0,40.93,40.93
2622634,12,77,264,870,89,1134,525.56,7343.48,67.79,497830.84,27657.27,2.4478,38,142,138,0.0,20.87,20.87
2669443,11,61,119,315,72,434,399.83,2677.75,28.4,76052.42,4225.13,0.8926,14,51,45,0.0,36.87,36.87
2684898,8,35,38,119,43,157,203.52,851.92,13.6,11586.16,643.68,0.284,7,28,24,0.0,46.97,46.97
2690081,5,39,47,142,44,189,217.74,1031.83,9.1,9392.32,521.8,0.3439,7,33,30,0.0,44.83,44.83
2678362,6,40,82,276,46,358,228.39,1977.44,20.7,40932.91,2274.05,0.6591,12,52,48,0.0,37.87,37.87
2690350,8,52,109,404,60,513,320.42,3030.23,31.08,94170.38,5231.69,1.0101,23,71,67,0.0,32.15,32.15
2665889,6,36,34,113,42,147,201.63,792.67,9.42,7464.32,414.68,0.2642,2,23,19,0.0,49.73,49.73
2642623,8,53,100,280,61,380,327.58,2253.68,21.13,47624.94,2645.83,0.7512,12,61,56,0.0,35.96,35.96
2699608,9,64,123,479,73,602,412.53,3726.27,33.68,125499.76,6972.21,1.2421,16,65,60,0.0,33.3,33.3
2699853,8,37,41,127,45,168,216.75,922.63,13.73,12667.48,703.75,0.3075,5,28,25,0.0,47.0,47.0
2669419,8,46,71,285,54,356,278.08,2048.74,24.78,50773.12,2820.73,0.6829,5,48,43,0.0,39.47,39.47
2684803,9,41,62,181,50,243,248.19,1371.46,19.87,27245.17,1513.62,0.4572,8,31,28,0.0,44.42,44.42
2706414,8,35,61,189,43,250,203.52,1356.57,21.6,29301.83,1627.88,0.4522,8,27,24,0.0,45.77,45.77
2690089,12,59,182,577,71,759,390.1,4667.66,58.68,273888.68,15216.04,1.5559,28,85,80,0.0,28.45,28.45
2706418,7,56,37,197,63,234,344.86,1398.68,12.31,17221.29,956.74,0.4662,10,41,37,0.0,41.45,41.45
2716944,11,35,42,124,46,166,217.58,916.91,19.49,17866.67,992.59,0.3056,6,26,23,0.0,47.58,47.58
2684929,9,57,107,352,66,459,361.0,2774.38,27.79,77098.47,4283.25,0.9248,16,65,61,0.0,34.19,34.19
2684903,7,53,79,246,60,325,323.23,1919.74,16.25,31186.71,1732.6,0.6399,11,46,40,0.05,51.89,39.26
2706401,7,40,57,159,47,216,232.53,1199.79,13.91,16692.09,927.34,0.3999,7,31,27,0.0,44.97,44.97
2699654,8,49,131,374,57,505,299.12,2945.61,30.53,89931.26,4996.18,0.9819,16,42,39,0.0,38.15,38.15
2706412,9,50,134,406,59,540,310.72,3176.63,36.54,116073.96,6448.55,1.0589,17,51,46,0.0,35.94,35.94
2699628,6,37,37,102,43,139,208.26,754.25,8.27,6237.86,346.55,0.2514,3,19,16,0.0,51.55,51.55
2717744,7,42,55,179,49,234,246.13,1313.84,14.92,19598.14,1088.79,0.4379,7,34,29,0.0,43.81,43.81
2684830,8,35,44,117,43,161,203.52,873.63,13.37,11681.66,648.98,0.2912,5,30,25,0.0,46.51,46.51
2711415,6,36,55,154,42,209,201.63,1126.99,12.83,14463.09,803.51,0.3757,7,31,27,0.0,45.16,45.16
2723408,6,35,30,114,41,144,195.03,771.49,9.77,7538.53,418.81,0.2572,4,24,20,0.0,49.14,49.14
2711433,9,73,114,343,82,457,480.39,2905.4,21.14,61431.33,3412.85,0.9685,12,52,47,0.0,36.7,36.7
2730755,9,45,131,370,54,501,275.66,2883.2,37.0,106678.35,5926.57,0.9611,21,51,43,0.09,52.14,35.7
2730732,9,55,118,344,64,462,346.5,2772.0,28.15,78019.2,4334.4,0.924,18,57,53,0.0,35.17,35.17
2717429,10,82,218,770,92,988,554.54,6445.28,46.95,302613.72,16811.87,2.1484,39,131,126,0.0,21.9,21.9
2730805,6,34,55,121,40,176,188.48,936.66,10.68,10000.22,555.57,0.3122,4,29,27,0.0,46.75,46.75
2722921,6,39,43,123,45,166,221.64,911.65,9.46,8625.59,479.2,0.3039,1,21,18,0.0,50.3,50.3
2723710,10,63,134,390,73,524,409.79,3243.47,30.95,100393.06,5577.39,1.0812,14,67,61,0.0,33.7,33.7
2730751,10,43,86,243,53,329,266.55,1884.49,28.26,53247.68,2958.2,0.6282,14,44,38,0.05,52.25,39.33
2716919,6,32,32,96,38,128,175.51,671.73,9.0,6045.61,335.87,0.2239,5,20,17,0.0,51.15,51.15
2706413,11,59,98,296,70,394,385.13,2414.94,27.59,66635.9,3701.99,0.805,16,59,50,0.02,43.8,35.53
2730878,9,56,140,405,65,545,353.74,3282.19,32.54,106817.72,5934.32,1.0941,21,72,67,0.01,39.22,32.04
2739595,6,45,43,159,51,202,262.64,1145.83,10.6,12145.8,674.77,0.3819,4,29,25,0.0,46.14,46.14
2744957,10,95,84,431,105,515,657.36,3457.84,22.68,78438.29,4357.68,1.1526,13,68,62,0.02,40.95,33.5
2760353,8,39,62,178,47,240,230.13,1333.1,18.26,24337.64,1352.09,0.4444,10,38,34,0.0,42.31,42.31
2744314,9,57,69,260,66,329,361.0,1988.61,20.53,40818.75,2267.71,0.6629,10,51,46,0.0,38.31,38.31
2723487,8,36,62,136,44,198,210.12,1080.97,15.11,16334.62,907.48,0.3603,5,29,26,0.0,46.18,46.18
2723689,12,55,147,388,67,535,360.99,3245.36,42.33,137367.14,7631.51,1.0818,17,62,58,0.0,34.03,34.03
2760411,10,54,129,392,64,521,343.98,3126.0,36.3,113462.22,6303.46,1.042,19,68,62,0.05,45.44,33.0
2760324,9,44,44,164,53,208,268.74,1191.41,16.77,19983.15,1110.18,0.3971,9,34,31,0.0,43.84,43.84
2752932,7,30,60,99,37,159,166.86,828.3,11.55,9566.9,531.49,0.2761,9,13,11,0.0,54.06,54.06
2770473,6,31,80,150,37,230,169.09,1198.17,14.52,17392.85,966.27,0.3994,14,28,26,0.0,44.99,44.99
2743913,7,32,34,80,39,114,179.65,602.54,8.75,5272.19,292.9,0.2008,3,16,14,0.0,53.86,53.86
2779745,4,38,58,124,42,182,207.42,981.4,6.53,6404.94,355.83,0.3271,10,25,21,0.0,47.21,47.21
2753025,10,75,289,816,85,1105,500.38,7082.38,54.4,385281.31,21404.52,2.3608,55,122,118,0.0,20.13,20.13
2780125,11,47,104,352,58,456,299.12,2671.24,41.19,110032.33,6112.91,0.8904,14,59,55,0.0,35.49,35.49
2760413,10,61,89,331,71,420,394.99,2582.89,27.13,70076.87,3893.16,0.861,14,57,52,0.0,35.92,35.92
2743924,10,48,52,193,58,245,301.3,1435.21,20.1,28853.61,1602.98,0.4784,4,32,28,0.0,44.52,44.52
2723688,10,62,157,429,72,586,402.38,3615.58,34.6,125087.27,6949.29,1.2052,22,68,59,0.08,47.98,32.15
2770485,8,66,247,540,74,787,422.93,4886.84,32.73,159932.94,8885.16,1.6289,9,77,69,0.0,31.81,31.81
2784762,10,52,107,332,62,439,329.64,2613.89,31.92,83443.48,4635.75,0.8713,18,62,58,0.0,34.55,34.55
2784694,8,43,70,229,51,299,257.33,1696.06,21.3,36129.92,2007.22,0.5654,11,37,30,0.09,58.62,41.7
2780060,9,71,132,406,80,538,465.16,3401.2,25.73,87520.95,4862.28,1.1337,15,73,67,0.0,32.61,32.61
2770486,10,63,118,433,73,551,409.79,3410.59,34.37,117205.31,6511.41,1.1369,17,59,52,0.02,42.46,34.35
2784763,7,41,75,241,48,316,239.31,1764.85,20.57,36308.52,2017.14,0.5883,6,31,26,0.0,43.93,43.93
2770394,5,49,61,227,54,288,286.73,1657.41,11.58,19195.49,1066.42,0.5525,10,46,41,0.0,39.84,39.84
2796763,6,31,53,94,37,147,169.09,765.79,9.1,6966.22,387.01,0.2553,5,19,18,0.0,51.24,51.24
2784765,8,81,86,319,89,405,537.53,2622.67,15.75,41315.18,2295.29,0.8742,7,45,34,0.11,57.08,39.06
2790832,8,49,68,199,57,267,299.12,1557.38,16.24,25299.51,1405.53,0.5191,6,36,31,0.0,42.89,42.89
2790979,12,91,245,733,103,978,635.23,6539.4,48.33,316046.93,17558.16,2.1798,37,117,106,0.06,37.45,23.19
2780123,8,87,72,319,95,391,584.54,2568.81,14.67,37675.93,2093.11,0.8563,9,41,38,0.0,39.73,39.73
2779806,6,40,52,179,46,231,228.39,1275.94,13.42,17129.53,951.64,0.4253,7,38,33,0.06,56.59,42.85
2753010,7,46,52,171,53,223,273.74,1277.33,13.01,16619.13,923.28,0.4258,7,36,30,0.0,43.36,43.36
2790825,6,46,53,163,52,216,269.59,1231.29,10.63,13089.2,727.18,0.4104,5,29,25,0.0,45.79,45.79
2817667,6,31,30,81,37,111,169.09,578.25,7.84,4532.73,251.82,0.1927,3,17,14,0.0,53.42,53.42
2796771,7,39,68,215,46,283,225.78,1563.17,19.29,30161.13,1675.62,0.5211,11,38,34,0.0,41.69,41.69
2806609,8,45,60,224,53,284,271.13,1626.73,19.91,32389.99,1799.44,0.5422,10,46,42,0.0,39.9,39.9
2806644,4,38,53,188,42,241,207.42,1299.55,9.89,12858.69,714.37,0.4332,11,41,38,0.0,41.54,41.54
2797008,7,47,53,161,54,214,280.72,1231.55,11.99,14765.45,820.3,0.4105,7,33,28,0.0,44.29,44.29
2835819,5,23,23,41,28,64,115.65,307.67,4.46,1371.14,76.17,0.1026,1,8,6,0.0,62.74,62.74
2812808,8,33,39,111,41,150,190.47,803.63,13.45,10812.51,600.7,0.2679,4,22,19,0.0,49.84,49.84
2796998,8,75,140,511,83,651,491.16,4150.15,27.25,113105.44,6283.64,1.3834,17,82,76,0.0,30.63,30.63
2835869,9,64,130,394,73,524,412.53,3243.47,27.7,89854.2,4991.9,1.0812,20,80,70,0.07,45.95,31.21
2828485,9,59,210,617,68,827,375.61,5034.33,47.06,236912.24,13161.79,1.6781,26,103,97,0.0,26.67,26.67
2850493,10,53,91,276,63,367,336.8,2193.66,26.04,57117.98,3173.22,0.7312,12,49,43,0.04,50.35,38.12
2813003,8,41,61,177,49,238,243.66,1336.3,17.27,23075.64,1281.98,0.4454,8,37,34,0.0,42.83,42.83
2843106,9,59,80,300,68,380,375.61,2313.24,22.88,52929.97,2940.55,0.7711,11,51,46,0.02,46.32,37.72
2842965,12,41,77,209,53,286,262.68,1638.19,30.59,50104.5,2783.58,0.5461,10,39,36,0.0,41.44,41.44
2828649,12,58,148,483,70,631,382.78,3867.58,49.97,193245.51,10735.86,1.2892,34,107,102,0.0,26.04,26.04
2850088,7,36,49,133,43,182,205.77,987.58,12.93,12769.96,709.44,0.3292,4,22,18,0.0,49.21,49.21
2864510,6,32,21,68,38,89,175.51,467.07,6.38,2977.54,165.42,0.1557,2,15,12,0.0,55.38,55.38
2828381,6,33,40,117,39,157,181.97,829.81,10.64,8826.14,490.34,0.2766,3,16,13,0.0,52.89,52.89
2856312,8,54,147,361,62,508,334.76,3024.73,26.74,80883.57,4493.53,1.0082,7,53,49,0.0,37.07,37.07
2864515,5,34,25,79,39,104,184.58,549.68,5.81,3193.0,177.39,0.1832,4,19,17,0.0,52.38,52.38
2864511,7,48,49,151,55,200,287.73,1156.27,11.01,12731.04,707.28,0.3854,11,28,25,0.0,45.5,45.5
2835556,6,39,46,105,45,151,221.64,829.27,8.08,6697.95,372.11,0.2764,3,22,18,0.0,49.88,49.88
2817727,7,38,47,148,45,195,219.07,1070.91,13.63,14598.21,811.01,0.357,8,31,28,0.0,45.18,45.18
2880549,9,53,73,275,62,348,332.11,2072.06,23.35,48380.65,2687.81,0.6907,11,52,47,0.0,37.87,37.87
2872157,9,56,119,302,65,421,353.74,2535.42,24.27,61529.13,3418.29,0.8451,19,56,52,0.0,35.47,35.47
2871869,7,47,54,187,54,241,280.72,1386.93,13.93,19313.71,1072.98,0.4623,8,37,33,0.0,42.71,42.71
2856518,9,42,48,148,51,196,255.01,1111.8,15.86,17629.9,979.44,0.3706,4,28,24,0.0,46.57,46.57
2880418,8,36,54,130,44,184,210.12,1004.54,14.44,14509.96,806.11,0.3348,10,18,15,0.0,50.25,50.25
2872045,9,42,64,180,51,244,255.01,1384.07,19.29,26692.81,1482.93,0.4614,11,46,44,0.0,40.25,40.25
2885633,7,36,32,105,43,137,205.77,743.4,10.21,7588.86,421.6,0.2478,7,23,21,0.0,49.25,49.25
2893637,8,43,97,276,51,373,257.33,2115.81,25.67,54322.31,3017.91,0.7053,18,47,44,0.0,37.82,37.82
2850477,12,31,119,185,43,304,196.6,1649.58,35.81,59065.77,3281.43,0.5499,11,29,28,0.0,44.09,44.09
2856334,11,95,206,793,106,999,662.19,6721.19,45.91,308573.49,17142.97,2.2404,30,123,116,0.0,23.58,23.58
2850481,9,46,96,376,55,472,282.61,2728.8,36.78,100372.45,5576.25,0.9096,14,51,45,0.04,48.79,36.81
2880510,12,70,204,703,82,907,472.07,5766.3,60.26,347460.74,19303.37,1.9221,22,87,80,0.02,37.59,28.4
2887845,10,44,69,270,54,339,273.43,1950.91,30.68,59857.37,3325.41,0.6503,8,48,44,0.0,39.21,39.21
2880632,8,55,101,332,63,433,341.97,2588.16,24.15,62492.35,3471.8,0.8627,9,40,36,0.0,39.94,39.94
2898642,7,42,33,132,49,165,246.13,926.43,11.0,10190.7,566.15,0.3088,3,21,17,0.0,49.98,49.98
2864632,9,101,180,655,110,835,701.01,5662.44,29.18,165247.8,9180.43,1.8875,27,84,74,0.06,42.51,28.11
2899430,11,62,122,485,73,607,407.21,3757.22,43.02,161651.51,8980.64,1.2524,30,102,97,0.0,27.12,27.12
2893738,8,41,72,250,49,322,243.66,1807.94,24.39,44096.01,2449.78,0.6026,10,40,36,0.0,40.9,40.9
2907033,9,45,72,220,54,292,275.66,1680.43,22.0,36969.4,2053.86,0.5601,9,42,38,0.0,40.8,40.8
2913788,5,19,16,29,24,45,92.32,206.32,3.82,787.29,43.74,0.0688,1,7,6,0.0,65.22,65.22
2914063,9,45,72,220,54,292,275.66,1680.43,22.0,36969.4,2053.86,0.5601,9,42,38,0.0,40.8,40.8
2901098,11,63,93,283,74,376,414.62,2334.75,24.71,57683.26,3204.63,0.7783,6,43,38,0.0,39.98,39.98
2885891,8,35,30,60,43,90,203.52,488.36,6.86,3348.78,186.04,0.1628,1,12,9,0.0,57.5,57.5
2900234,11,73,179,659,84,838,489.91,5356.76,49.65,265966.9,14775.94,1.7856,26,101,96,0.0,26.67,26.67
2907277,9,52,90,320,61,410,324.95,2431.6,27.69,67336.68,3740.93,0.8105,14,52,47,0.0,36.98,36.98
2920169,6,52,81,287,58,368,311.93,2155.74,16.56,35694.03,1983.0,0.7186,6,46,41,0.0,39.58,39.58
2933876,7,36,69,177,43,246,205.77,1334.86,17.21,22970.74,1276.15,0.445,9,34,32,0.0,43.5,43.5
2920191,8,53,91,230,61,321,327.58,1903.77,17.36,33046.52,1835.92,0.6346,9,45,41,0.0,39.76,39.76
2906930,8,32,40,112,40,152,184.0,808.93,14.0,11325.06,629.17,0.2696,5,23,20,0.0,49.26,49.26
2926232,12,47,123,366,59,489,304.09,2876.61,46.72,134405.13,7466.95,0.9589,16,58,54,0.0,35.16,35.16
2913983,8,32,37,112,40,149,184.0,792.97,14.0,11101.54,616.75,0.2643,5,24,21,0.0,48.92,48.92
2926210,8,43,32,132,51,164,257.33,930.28,12.28,11422.95,634.61,0.3101,5,25,21,0.0,48.05,48.05
2934251,10,68,128,410,78,538,447.17,3381.55,30.15,101943.68,5663.54,1.1272,16,59,52,0.02,42.62,34.51
2941516,6,24,26,47,30,73,125.55,358.2,5.88,2104.44,116.91,0.1194,4,12,10,0.0,58.04,58.04
2920174,4,46,96,583,50,679,262.08,3832.18,25.35,97137.39,5396.52,1.2774,7,65,62,0.0,34.42,34.42
2947518,9,56,140,483,65,623,353.74,3751.94,38.81,145621.98,8090.11,1.2506,25,93,90,0.0,28.67,28.67
2941266,9,68,74,328,77,402,442.48,2519.25,21.71,54682.5,3037.92,0.8397,10,39,33,0.0,40.13,40.13
2952145,7,31,33,91,38,124,173.23,650.74,10.27,6685.86,371.44,0.2169,3,17,16,0.0,53.06,53.06
2934138,10,90,220,870,100,1090,617.49,7241.8,48.33,350020.49,19445.58,2.4139,49,192,187,0.0,16.57,16.57
2907037,8,37,42,124,45,166,216.75,911.65,13.41,12221.01,678.94,0.3039,6,27,25,0.0,47.24,47.24
2893796,9,45,87,223,54,310,275.66,1784.02,22.3,39783.54,2210.2,0.5947,12,32,29,0.0,42.79,42.79
2952211,8,50,74,230,58,304,306.19,1780.83,18.4,32767.2,1820.4,0.5936,7,35,30,0.0,42.62,42.62
2920166,12,78,157,616,90,773,533.28,5018.2,47.38,237785.59,13210.31,1.6727,25,103,95,0.01,32.88,26.82
2947536,10,85,326,636,95,962,578.02,6320.2,37.41,236449.88,13136.1,2.1067,19,76,65,0.04,41.99,29.8
2961363,8,60,144,471,68,615,378.41,3743.79,31.4,117554.99,6530.83,1.2479,31,94,90,0.0,27.77,27.77
2933961,10,39,79,255,49,334,239.35,1875.31,32.69,61308.31,3406.02,0.6251,15,50,46,0.0,38.0,38.0
2977027,6,26,25,65,32,90,137.72,450.0,7.5,3375.0,187.5,0.15,4,19,18,0.0,52.99,52.99
2961060,6,43,80,290,49,370,248.84,2077.44,20.23,42031.98,2335.11,0.6925,13,46,39,0.07,53.96,38.75
2925640,11,59,120,412,70,532,385.13,3260.78,38.41,125236.0,6957.56,1.0869,10,71,63,0.0,33.67,33.67
2941400,8,69,105,372,77,477,445.49,2989.26,21.57,64463.98,3581.33,0.9964,17,67,61,0.0,33.54,33.54
2969405,8,31,47,128,39,175,177.58,924.95,16.52,15276.52,848.7,0.3083,8,25,22,0.0,47.66,47.66
2977957,8,47,66,201,55,267,285.07,1543.62,17.11,26405.81,1466.99,0.5145,9,37,34,0.0,42.25,42.25
2977013,8,33,37,120,41,157,190.47,841.14,14.55,12234.7,679.71,0.2804,6,27,24,0.0,47.49,47.49
2947531,8,44,89,282,52,371,264.21,2114.86,25.64,54217.4,3012.08,0.705,10,46,41,0.0,39.1,39.1
2990407,6,37,36,118,43,154,208.26,835.64,9.57,7995.09,444.17,0.2785,5,24,20,0.0,48.76,48.76
2990424,6,31,35,83,37,118,169.09,614.72,8.03,4937.55,274.31,0.2049,3,16,14,0.0,53.8,53.8
2941519,11,72,107,403,83,510,482.29,3251.27,30.78,100089.45,5560.52,1.0838,23,83,77,0.01,37.17,30.45
2961200,6,30,35,86,36,121,162.72,625.56,8.6,5379.82,298.88,0.2085,2,16,14,0.0,53.88,53.88
2969477,7,35,49,130,42,179,199.18,965.22,13.0,12547.92,697.11,0.3217,7,28,25,0.0,46.59,46.59
3001523,5,32,33,101,37,134,171.61,698.07,7.89,5508.18,306.01,0.2327,5,28,25,0.0,47.85,47.85
2982601,10,52,71,207,62,278,329.64,1655.27,19.9,32946.17,1830.34,0.5518,9,38,34,0.0,41.79,41.79
2969501,10,60,117,452,70,569,387.63,3487.56,37.67,131364.84,7298.05,1.1625,21,74,69,0.0,31.6,31.6
2977017,8,30,58,133,38,191,171.21,1002.35,17.73,17775.08,987.5,0.3341,7,26,24,0.0,47.18,47.18
2953605,9,79,310,1339,88,1649,526.53,10651.6,76.27,812420.66,45134.48,3.5505,50,187,183,0.0,15.52,15.52
2982367,9,35,50,141,44,191,208.05,1042.75,18.13,18903.59,1050.2,0.3476,6,30,27,0.0,45.84,45.84
2969810,5,38,53,155,43,208,211.03,1128.66,10.2,11509.39,639.41,0.3762,5,27,24,0.0,46.73,46.73
3001559,9,43,41,165,52,206,261.86,1174.29,17.27,20276.99,1126.5,0.3914,9,33,27,0.0,44.17,44.17
2997772,12,66,158,452,78,610,441.95,3834.1,41.09,157546.46,8752.58,1.278,26,67,58,0.0,31.58,31.58
2990418,6,40,62,198,46,260,228.39,1436.13,14.85,21326.47,1184.8,0.4787,11,30,27,0.0,44.19,44.19
3008868,8,32,48,106,40,154,184.0,819.58,13.25,10859.39,603.3,0.2732,4,19,17,0.0,51.17,51.17
2997588,11,74,80,308,85,388,497.55,2486.84,22.89,56928.56,3162.7,0.8289,14,54,48,0.02,44.98,36.55
3001563,7,55,74,334,62,408,337.63,2429.31,21.25,51633.92,2868.55,0.8098,16,62,57,0.0,35.04,35.04
3011955,8,51,64,185,59,249,313.29,1464.78,14.51,21253.64,1180.76,0.4883,5,34,30,0.0,43.75,43.75
3008761,10,62,131,361,72,492,402.38,3035.6,29.11,88375.22,4909.73,1.0119,24,67,63,0.0,32.56,32.56
2997560,8,52,79,305,60,384,320.42,2268.25,23.46,53216.54,2956.47,0.7561,17,56,51,0.0,36.08,36.08
3011897,8,47,59,203,55,262,285.07,1514.72,17.28,26169.14,1453.84,0.5049,8,32,28,0.0,43.82,43.82
2997335,10,59,151,507,69,658,380.3,4019.41,42.97,172698.34,9594.35,1.3398,23,73,68,0.0,31.02,31.02
3017523,6,40,39,119,46,158,228.39,872.72,8.93,7789.05,432.73,0.2909,3,23,20,0.0,49.3,49.3
3023645,5,29,25,73,34,98,152.49,498.57,6.29,3137.56,174.31,0.1662,3,19,16,0.0,52.81,52.81
2982333,7,31,40,89,38,129,173.23,676.98,10.05,6802.58,377.92,0.2257,5,15,12,0.0,53.85,53.85
2991214,9,53,74,211,62,285,332.11,1696.95,17.92,30400.95,1688.94,0.5656,8,36,32,0.0,42.36,42.36
3023611,9,28,89,183,37,272,163.14,1416.97,29.41,41674.14,2315.23,0.4723,16,50,48,0.0,38.72,38.72
3008760,10,61,121,529,71,650,394.99,3997.34,43.36,173327.09,9629.28,1.3324,21,90,86,0.0,29.33,29.33
3008756,6,40,73,201,46,274,228.39,1513.46,15.08,22815.35,1267.52,0.5045,6,31,27,0.0,44.39,44.39
3017566,10,52,85,239,62,324,329.64,1929.16,22.98,44333.57,2462.98,0.6431,10,40,36,0.0,40.7,40.7
3029890,7,34,51,119,41,170,192.63,910.78,12.25,11157.1,619.84,0.3036,4,20,17,0.0,50.36,50.36
3008869,9,75,217,727,84,944,495.69,6034.35,43.62,263218.24,14623.24,2.0114,30,89,84,0.0,26.97,26.97
3011956,7,94,110,943,101,1053,635.78,7011.1,35.11,246171.54,13676.2,2.337,23,75,67,0.03,39.06,29.08
3036125,8,38,45,145,46,190,223.42,1049.48,15.26,16018.33,889.91,0.3498,6,26,23,0.0,47.17,47.17
3023717,10,64,131,432,74,563,417.22,3495.92,33.75,117987.38,6554.85,1.1653,20,81,76,0.0,30.87,30.87
3003022,9,59,167,542,68,709,375.61,4316.01,41.34,178419.51,9912.2,1.4387,19,69,64,0.0,31.88,31.88
3042610,7,33,32,95,40,127,186.12,675.88,10.08,6810.05,378.34,0.2253,4,22,20,0.0,50.36,50.36
3042579,8,34,58,138,42,196,196.97,1056.89,16.24,17158.99,953.28,0.3523,6,26,23,0.0,47.15,47.15
3055458,5,29,21,64,34,85,152.49,432.43,5.52,2385.84,132.55,0.1441,2,13,10,0.0,56.97,56.97
3042537,12,57,110,321,69,431,375.49,2632.77,33.79,88960.05,4942.22,0.8776,14,55,51,0.0,36.2,36.2
3055451,10,46,166,464,56,630,287.3,3658.63,50.43,184522.39,10251.24,1.2195,20,76,70,0.03,41.11,31.33
3042506,9,43,60,171,52,231,261.86,1316.8,17.9,23564.62,1309.15,0.4389,7,36,32,0.0,43.27,43.27
3029885,10,66,115,400,76,515,432.15,3217.68,30.3,97505.54,5416.97,1.0726,14,61,52,0.05,48.06,34.61
3018345,6,77,94,1040,83,1134,498.05,7229.29,40.52,292927.27,16273.74,2.4098,28,47,42,0.0,32.74,32.74
3048945,10,62,99,283,72,382,402.38,2356.91,22.82,53790.8,2988.38,0.7856,14,52,45,0.08,53.21,37.07
3061858,9,45,85,247,54,332,275.66,1910.62,24.7,47192.38,2621.8,0.6369,8,40,36,0.0,41.0,41.0
3042606,9,32,54,235,41,289,188.53,1548.33,33.05,51167.55,2842.64,0.5161,14,37,35,0.0,41.57,41.57
3048941,6,31,23,75,37,98,169.09,510.53,7.26,3705.43,205.86,0.1702,2,15,11,0.0,55.11,55.11
3055526,9,45,49,209,54,258,275.66,1484.76,20.9,31031.5,1723.97,0.4949,9,41,37,0.0,41.4,41.4
3029898,5,28,23,60,33,83,146.22,418.68,5.36,2242.95,124.61,0.1396,2,14,10,0.0,56.37,56.37
3036443,11,41,120,349,52,469,257.71,2673.51,46.82,125165.74,6953.65,0.8912,13,67,64,0.0,34.42,34.42
3074198,8,26,46,86,34,132,146.21,671.55,13.23,8885.06,493.61,0.2238,4,19,17,0.0,51.77,51.77
3048957,11,72,174,560,83,734,482.29,4679.28,42.78,200169.15,11120.51,1.5598,21,72,62,0.07,46.47,30.96
3062508,6,38,78,266,44,344,214.93,1878.04,21.0,39438.93,2191.05,0.626,11,42,38,0.0,40.19,40.19
3023578,9,41,90,276,50,366,248.19,2065.65,30.29,62574.12,3476.34,0.6886,13,46,42,0.0,38.77,38.77
3068178,8,48,70,197,56,267,292.08,1550.56,16.42,25455.09,1414.17,0.5169,6,38,34,0.0,42.39,42.39
3036146,10,59,105,371,69,476,380.3,2907.66,31.44,91418.73,5078.82,0.9692,14,64,60,0.0,34.47,34.47
3070360,11,94,145,469,105,614,654.19,4122.55,27.44,113128.82,6284.93,1.3742,14,71,66,0.01,39.66,32.42
3074607,7,43,73,201,50,274,252.98,1546.42,16.36,25300.09,1405.56,0.5155,14,38,35,0.0,41.32,41.32
3048935,7,34,43,142,41,185,192.63,991.15,14.62,14488.24,804.9,0.3304,7,30,27,0.0,45.86,45.86
3055459,9,65,123,486,74,609,419.98,3781.56,33.65,127234.85,7068.6,1.2605,22,93,88,0.0,29.05,29.05
3061857,9,47,72,241,56,313,289.6,1817.7,23.07,41942.51,2330.14,0.6059,17,51,48,0.0,37.64,37.64
3072300,11,59,132,449,70,581,385.13,3561.11,41.86,149053.72,8280.76,1.187,25,97,93,0.0,28.43,28.43
3074227,6,40,48,150,46,198,228.39,1093.67,11.25,12303.73,683.54,0.3646,8,30,27,0.0,45.42,45.42
3072233,10,94,170,607,104,777,649.35,5206.24,32.29,168095.14,9338.62,1.7354,25,87,77,0.07,43.6,28.31
3068192,9,56,73,222,65,295,353.74,1776.6,17.84,31693.25,1760.74,0.5922,4,29,23,0.0,44.81,44.81
3069249,10,65,89,346,75,435,424.67,2709.54,26.62,72115.35,4006.41,0.9032,14,62,57,0.0,34.98,34.98
3074989,7,38,49,161,45,210,219.07,1153.29,14.83,17102.06,950.11,0.3844,8,38,34,0.0,43.02,43.02
3083806,9,31,68,166,40,234,182.11,1245.33,24.1,30008.46,1667.14,0.4151,12,32,29,0.0,43.88,43.88
3074851,10,60,137,437,70,574,387.63,3518.21,36.42,128121.42,7117.86,1.1727,25,85,78,0.03,39.02,29.72
3075083,7,47,56,180,54,236,280.72,1358.15,13.4,18205.04,1011.39,0.4527,7,42,38,0.0,41.71,41.71
3072742,7,59,101,379,66,480,366.73,2901.31,22.48,65230.28,3623.9,0.9671,13,61,57,0.0,35.06,35.06
3083791,4,30,38,86,34,124,155.21,630.85,5.73,3616.85,200.94,0.2103,3,21,18,0.0,51.15,51.15
3075828,7,51,94,358,58,452,308.95,2647.81,24.57,65052.99,3614.06,0.8826,18,79,74,0.01,39.06,32.22
3090086,5,28,32,100,33,132,146.22,665.86,8.93,5945.18,330.29,0.222,7,25,23,0.0,48.79,48.79
3083815,10,43,66,209,53,275,266.55,1575.18,24.3,38280.49,2126.69,0.5251,11,45,41,0.0,40.07,40.07
3084209,7,27,47,87,34,134,148.03,681.72,11.28,7688.29,427.13,0.2272,5,15,14,0.0,53.83,53.83
3084199,8,37,50,188,45,238,216.75,1307.06,20.32,26565.13,1475.84,0.4357,11,39,36,0.0,41.99,41.99
3090087,8,48,84,274,56,358,292.08,2079.03,22.83,47471.25,2637.29,0.693,11,51,44,0.04,50.14,38.04
3075017,5,47,108,340,52,448,272.68,2553.8,18.09,46185.69,2565.87,0.8513,8,40,36,0.0,40.12,40.12
3064277,12,86,146,586,98,732,595.68,4841.97,40.88,197957.65,10997.65,1.614,26,86,77,0.01,35.22,28.5
3096537,9,49,74,248,58,322,303.65,1886.27,22.78,42960.76,2386.71,0.6288,11,47,43,0.0,39.11,39.11
3103136,9,50,75,252,59,327,310.72,1923.62,22.68,43627.8,2423.77,0.6412,11,48,44,0.0,38.85,38.85
3090122,6,45,58,227,51,285,262.64,1616.64,15.13,24465.17,1359.18,0.5389,6,33,26,0.0,43.6,43.6
3103053,8,39,82,252,47,334,230.13,1855.23,25.85,47950.63,2663.92,0.6184,11,46,41,0.0,39.36,39.36
3096642,11,60,100,317,71,417,392.47,2564.44,29.06,74518.48,4139.92,0.8548,10,37,31,0.09,57.28,40.58
3076354,11,42,42,132,53,174,264.53,996.66,17.29,17227.95,957.11,0.3322,5,24,19,0.0,48.22,48.22
3109337,9,87,120,427,96,547,589.07,3601.97,22.09,79553.95,4419.66,1.2007,14,65,56,0.07,48.41,33.67
3109422,10,50,93,313,60,406,315.41,2398.2,31.3,75063.58,4170.2,0.7994,13,52,48,0.0,37.15,37.15
3109517,9,53,71,230,62,301,332.11,1792.21,19.53,34998.88,1944.38,0.5974,7,40,35,0.0,41.33,41.33
3085798,13,70,89,348,83,437,477.16,2785.89,32.31,90024.12,5001.34,0.9286,15,72,66,0.03,43.4,33.34
3122526,7,35,32,102,42,134,199.18,722.57,10.2,7370.22,409.46,0.2409,3,24,21,0.0,49.47,49.47
3076321,10,38,55,139,48,194,232.64,1083.48,18.29,19816.33,1100.91,0.3612,6,27,23,0.0,46.72,46.72
3090115,7,31,37,118,38,155,173.23,813.43,13.32,10836.97,602.05,0.2711,6,21,17,0.0,49.97,49.97
3116003,11,47,78,262,58,340,299.12,1991.71,30.66,61065.09,3392.5,0.6639,9,43,39,0.0,40.06,40.06
3103051,6,37,45,128,43,173,208.26,938.74,10.38,9742.64,541.26,0.3129,6,32,28,0.0,45.55,45.55
3129093,5,26,25,77,31,102,133.82,505.33,7.4,3741.37,207.85,0.1684,1,16,14,0.0,54.67,54.67
3090092,5,44,77,265,49,342,251.82,1920.23,15.06,28912.57,1606.25,0.6401,10,46,42,0.0,39.39,39.39
3115911,13,58,127,397,71,524,387.87,3222.47,44.49,143372.02,7965.11,1.0742,14,56,51,0.02,43.61,35.42
3129227,4,17,16,27,21,43,77.49,188.87,3.18,599.94,33.33,0.063,1,7,6,0.0,65.49,65.49
3122560,11,52,66,246,63,312,334.48,1864.91,26.02,48523.56,2695.75,0.6216,10,46,38,0.0,39.48,39.48
3103164,10,73,119,422,83,541,485.08,3448.9,28.9,99687.28,5538.18,1.1496,15,73,67,0.0,32.57,32.57
3135631,5,35,47,117,40,164,191.13,872.8,8.36,7294.08,405.23,0.2909,7,24,22,0.0,48.36,48.36
3130085,6,24,17,50,30,67,125.55,328.76,6.25,2054.76,114.15,0.1096,3,15,13,0.0,56.32,56.32
3122556,8,48,61,188,56,249,292.08,1446.03,15.67,22654.49,1258.58,0.482,6,35,30,0.0,43.38,43.38
3122528,10,51,80,286,61,366,322.51,2170.65,28.04,60863.32,3381.3,0.7235,11,44,40,0.0,39.31,39.31
3129123,8,30,47,101,38,148,171.21,776.69,13.47,10459.47,581.08,0.2589,4,17,14,0.0,52.38,52.38
3129318,9,64,136,246,73,382,412.53,2364.51,17.3,40898.69,2272.15,0.7882,8,47,39,0.09,55.92,38.83
3136308,9,43,104,344,52,448,261.86,2553.8,36.0,91936.69,5107.59,0.8513,11,41,36,0.0,39.48,39.48
3117999,9,69,342,1082,78,1424,450.02,8950.41,70.57,631587.82,35088.21,2.9835,26,120,115,0.0,23.48,23.48
3109370,13,56,146,444,69,590,373.32,3604.03,51.54,185736.23,10318.68,1.2013,18,56,52,0.0,34.54,34.54
3130091,5,29,22,73,34,95,152.49,483.31,6.29,3041.51,168.97,0.1611,3,20,17,0.0,52.42,52.42
3147930,9,45,78,232,54,310,275.66,1784.02,23.2,41389.15,2299.4,0.5947,18,52,48,0.0,37.38,37.38
3160849,7,29,44,97,36,141,160.53,728.96,11.71,8533.85,474.1,0.243,3,18,15,0.0,52.17,52.17
3147946,8,29,34,74,37,108,164.88,562.62,10.21,5742.61,319.03,0.1875,4,15,13,0.0,54.55,54.55
3141632,9,57,137,458,66,595,361.0,3596.41,36.16,130038.78,7224.38,1.1988,22,98,91,0.02,37.35,28.71
3161157,7,37,51,157,44,208,212.4,1135.56,14.85,16864.63,936.92,0.3785,7,28,24,0.0,46.1,46.1
3135597,6,41,36,135,47,171,235.17,949.83,9.88,9382.51,521.25,0.3166,5,28,25,0.0,46.91,46.91
3170098,8,50,79,243,58,322,306.19,1886.27,19.44,36669.09,2037.17,0.6288,11,50,46,0.0,38.52,38.52
3135634,6,39,67,207,45,274,221.64,1504.77,15.92,23960.53,1331.14,0.5016,7,32,28,0.0,43.98,43.98
3160830,5,36,43,134,41,177,197.73,948.29,9.31,8824.33,490.24,0.3161,5,25,20,0.0,47.99,47.99
3154346,9,63,167,624,72,791,405.1,4880.41,44.57,217526.88,12084.83,1.6268,21,111,105,0.02,34.81,26.73
3141693,7,40,55,172,47,227,232.53,1260.89,15.05,18976.42,1054.25,0.4203,8,38,34,0.0,42.75,42.75
3122660,8,62,98,372,70,470,393.16,2880.76,24.0,69138.31,3841.02,0.9603,12,64,58,0.02,42.46,34.76
3167624,9,51,177,563,60,740,317.82,4371.1,49.68,217140.77,12063.38,1.457,26,60,54,0.0,32.22,32.22
3154280,5,34,37,115,39,152,184.58,803.38,8.46,6793.3,377.41,0.2678,4,20,16,0.0,50.74,50.74
3147990,7,37,46,139,44,185,212.4,1009.99,13.15,13280.07,737.78,0.3367,7,32,28,0.0,45.19,45.19
3154267,8,48,148,458,56,606,292.08,3519.26,38.17,134318.31,7462.13,1.1731,24,70,66,0.0,31.69,31.69
3160824,11,52,177,495,63,672,334.48,4016.73,52.36,210299.1,11683.28,1.3389,31,90,85,0.0,27.97,27.97
3167032,9,45,69,223,54,292,275.66,1680.43,22.3,37473.53,2081.86,0.5601,10,39,35,0.0,41.36,41.36
3176436,9,35,70,170,44,240,208.05,1310.26,21.86,28638.62,1591.03,0.4368,6,27,25,0.0,46.14,46.14
3170090,7,41,62,182,48,244,239.31,1362.73,15.54,21172.18,1176.23,0.4542,11,28,25,0.0,45.01,45.01
3161139,11,47,88,308,58,396,299.12,2319.76,36.04,83610.09,4645.01,0.7733,14,50,47,0.0,37.49,37.49
3136012,5,40,74,239,45,313,224.49,1718.95,14.94,25676.82,1426.49,0.573,12,51,48,0.0,38.48,38.48
3170100,5,25,19,48,30,67,127.71,328.76,4.8,1578.06,87.67,0.1096,2,14,12,0.0,57.11,57.11
3182642,10,34,59,138,44,197,206.19,1075.51,20.29,21826.49,1212.58,0.3585,4,24,21,0.0,48.13,48.13
3176392,12,67,351,965,79,1316,449.45,8295.78,86.42,716903.58,39827.98,2.7653,62,178,166,0.04,26.83,15.13
3176597,8,48,135,410,56,545,292.08,3165.01,34.17,108137.79,6007.65,1.055,24,96,91,0.0,29.02,29.02
3188990,5,28,27,69,33,96,146.22,484.26,6.16,2983.4,165.74,0.1614,4,16,14,0.0,54.39,54.39
3182782,8,42,65,195,50,260,250.48,1467.4,18.57,27251.76,1513.99,0.4891,10,36,32,0.0,42.53,42.53
3182721,10,58,142,459,68,601,372.98,3658.57,39.57,144765.64,8042.54,1.2195,23,69,65,0.0,31.84,31.84
3189057,8,44,70,258,52,328,264.21,1869.74,23.45,43854.0,2436.33,0.6232,12,47,42,0.0,39.0,39.0
3195493,7,44,84,228,51,312,259.87,1769.8,18.14,32097.68,1783.2,0.5899,16,44,41,0.0,39.26,39.26
3182847,9,51,169,447,60,616,317.82,3638.64,39.44,143512.42,7972.91,1.2129,20,75,72,0.0,31.47,31.47
3189000,9,46,77,252,55,329,282.61,1902.07,24.65,46890.1,2605.01,0.634,8,54,49,0.0,38.17,38.17
3189058,11,59,131,399,70,530,385.13,3248.52,37.19,120828.43,6712.69,1.0828,19,69,64,0.0,32.74,32.74
3182691,9,56,104,281,65,385,353.74,2318.61,22.58,52355.08,2908.62,0.7729,12,56,51,0.0,36.69,36.69
3182737,6,47,75,217,53,292,276.58,1672.55,13.85,23166.64,1287.04,0.5575,11,42,39,0.0,40.54,40.54
3197740,8,55,77,258,63,335,341.97,2002.39,18.76,37572.09,2087.34,0.6675,10,55,51,0.0,37.57,37.57
3196102,7,55,120,398,62,518,337.63,3084.27,25.33,78116.24,4339.79,1.0281,10,51,47,0.0,36.98,36.98
3176400,10,53,81,384,63,465,336.8,2779.44,36.23,100688.97,5593.83,0.9265,22,92,88,0.0,30.09,30.09
3188967,8,33,49,87,41,136,190.47,728.63,10.55,7683.7,426.87,0.2429,3,17,14,0.0,52.71,52.71
3195447,7,28,30,82,35,112,154.26,574.48,10.25,5888.42,327.13,0.1915,4,20,17,0.0,51.76,51.76
3189170,7,48,66,226,55,292,287.73,1688.16,16.48,27819.42,1545.52,0.5627,9,42,37,0.0,40.78,40.78
3199596,8,50,76,271,58,347,306.19,2032.72,21.68,44069.36,2448.3,0.6776,14,63,59,0.0,35.7,35.7
3201948,9,35,47,118,44,165,208.05,900.81,15.17,13666.52,759.25,0.3003,7,23,19,0.0,48.67,48.67
3197619,7,48,55,187,55,242,287.73,1399.09,13.64,19077.16,1059.84,0.4664,9,42,38,0.0,41.35,41.35
3189257,12,83,215,718,95,933,572.15,6129.68,51.9,318152.3,17675.13,2.0432,37,135,131,0.0,22.03,22.03
3201951,6,38,53,138,44,191,214.93,1042.75,10.89,11360.5,631.14,0.3476,7,31,29,0.0,45.39,45.39
3195514,7,34,46,135,41,181,192.63,969.72,13.9,13476.21,748.68,0.3232,7,25,22,0.0,47.65,47.65
3195486,10,39,57,146,49,203,239.35,1139.79,18.72,21334.46,1185.25,0.3799,6,29,24,0.0,45.89,45.89
3201958,11,65,121,389,76,510,429.51,3186.44,32.92,104883.0,5826.83,1.0621,13,63,58,0.0,34.47,34.47
3200476,10,43,73,170,53,243,266.55,1391.88,19.77,27514.0,1528.56,0.464,11,30,26,0.0,44.29,44.29
3202160,5,44,106,358,49,464,251.82,2605.23,20.34,52992.65,2944.04,0.8684,13,54,50,0.0,36.54,36.54
3199750,10,44,41,132,54,173,273.43,995.6,15.0,14933.93,829.66,0.3319,5,25,20,0.0,47.84,47.84
3208182,8,44,84,315,52,399,264.21,2274.48,28.64,65132.71,3618.48,0.7582,14,59,51,0.0,35.98,35.98
3204812,10,56,149,545,66,694,358.43,4194.81,48.66,204122.43,11340.13,1.3983,25,92,88,0.0,28.43,28.43
3220468,9,37,37,110,46,147,221.28,811.96,13.38,10862.76,603.49,0.2707,3,17,14,0.0,52.38,52.38
3208181,13,38,140,376,51,516,247.53,2926.97,64.32,188250.48,10458.36,0.9757,22,79,76,0.0,31.37,31.37
3214471,8,35,86,203,43,289,203.52,1568.19,23.2,36382.02,2021.22,0.5227,10,38,35,0.0,41.82,41.82
3214435,6,49,69,236,55,305,290.63,1763.31,14.45,25478.1,1415.45,0.5878,10,47,42,0.0,39.45,39.45
3197717,10,66,131,425,76,556,432.15,3473.85,32.2,111847.37,6213.74,1.1579,21,76,69,0.03,41.2,31.35
3220499,6,46,100,297,52,397,269.59,2263.07,19.37,43834.77,2435.27,0.7544,18,30,25,0.04,53.29,41.87
3208138,10,40,59,172,50,231,246.1,1303.73,21.5,28030.21,1557.23,0.4346,7,29,25,0.0,45.35,45.35
3227132,12,41,58,174,53,232,262.68,1328.88,25.46,33837.76,1879.88,0.443,7,30,27,0.0,44.97,44.97
3226676,7,46,63,191,53,254,273.74,1454.89,14.53,21143.37,1174.63,0.485,7,36,32,0.0,42.96,42.96
3220480,8,55,119,337,63,456,341.97,2725.64,24.51,66802.95,3711.27,0.9085,18,48,43,0.0,36.85,36.85
3230890,6,37,28,94,43,122,208.26,662.0,7.62,5045.55,280.31,0.2207,4,22,19,0.0,50.43,50.43
3230805,8,46,47,176,54,223,278.08,1283.34,15.3,19640.68,1091.15,0.4278,6,31,24,0.11,63.33,44.9
3208219,9,72,150,659,81,809,472.76,5128.94,41.19,211248.16,11736.01,1.7096,21,87,72,0.0,28.89,28.89
3226720,9,53,77,210,62,287,332.11,1708.85,17.83,30469.2,1692.73,0.5696,3,31,26,0.0,44.43,44.43
3220524,11,47,105,317,58,422,299.12,2472.07,37.1,91703.2,5094.62,0.824,15,50,46,0.0,37.16,37.16
3237212,7,45,46,136,52,182,266.78,1037.48,10.58,10974.23,609.68,0.3458,4,25,19,0.0,47.85,47.85
3237198,8,63,69,246,71,315,400.57,1937.17,15.62,30256.76,1680.93,0.6457,8,45,39,0.05,52.62,39.84
3230965,11,40,64,169,51,233,250.93,1321.68,23.24,30712.43,1706.25,0.4406,7,31,27,0.0,44.67,44.67
3237818,9,58,49,153,67,202,368.29,1225.35,11.87,14545.75,808.1,0.4085,5,28,24,0.04,57.77,46.14
3243494,8,46,75,266,54,341,278.08,1962.42,23.13,45391.55,2521.75,0.6541,10,43,38,0.0,39.97,39.97
3243475,10,41,83,238,51,321,252.88,1820.85,29.02,52849.02,2936.06,0.6069,12,45,42,0.0,39.49,39.49
3237891,6,41,45,136,47,181,235.17,1005.38,9.95,10004.76,555.82,0.3351,4,26,20,0.09,64.49,47.57
3237381,5,36,68,233,41,301,197.73,1612.62,16.18,26093.14,1449.62,0.5375,7,30,26,0.0,44.38,44.38
3256429,3,24,16,43,27,59,114.79,280.54,2.69,753.95,41.89,0.0935,2,12,10,0.0,59.05,59.05
3237972,7,47,52,156,54,208,280.72,1197.02,11.62,13905.77,772.54,0.399,5,29,22,0.0,45.87,45.87
3243622,9,45,73,223,54,296,275.66,1703.45,22.3,37986.86,2110.38,0.5678,10,44,37,0.07,55.72,40.18
3237177,7,44,74,257,51,331,259.87,1877.57,20.44,38383.56,2132.42,0.6259,11,47,42,0.0,39.12,39.12
3230778,8,47,71,192,55,263,285.07,1520.5,16.34,24845.58,1380.31,0.5068,6,37,33,0.0,42.7,42.7
3237179,6,33,32,96,39,128,181.97,676.53,8.73,5904.27,328.02,0.2255,5,20,17,0.0,51.13,51.13
3237202,7,30,33,92,37,125,166.86,651.18,10.73,6989.35,388.3,0.2171,4,21,18,0.0,50.92,50.92
3256441,8,38,32,98,46,130,223.42,718.06,10.32,7407.39,411.52,0.2394,3,20,16,0.0,51.22,51.22
3237204,5,22,24,48,27,72,109.72,342.35,5.45,1867.37,103.74,0.1141,2,11,10,0.0,59.27,59.27
3243526,8,33,60,188,41,248,190.47,1328.67,22.79,30277.64,1682.09,0.4429,10,35,32,0.0,43.1,43.1
3237348,8,56,126,455,64,581,349.21,3486.0,32.5,113295.0,6294.17,1.162,18,72,68,0.0,32.26,32.26
3237275,7,51,61,196,58,257,308.95,1505.5,13.45,20250.47,1125.03,0.5018,7,36,30,0.0,42.86,42.86
3249907,6,21,26,45,27,71,107.75,337.6,6.43,2170.27,120.57,0.1125,2,11,10,0.0,59.31,59.31
3243487,10,53,183,505,63,688,336.8,4112.37,47.64,195919.45,10884.41,1.3708,31,100,95,0.0,26.9,26.9
3266267,6,40,41,153,46,194,228.39,1071.57,11.48,12296.28,683.13,0.3572,7,32,29,0.0,45.01,45.01
3262436,8,35,65,152,43,217,203.52,1177.5,17.37,20454.85,1136.38,0.3925,6,32,28,0.0,44.86,44.86
3256430,6,31,27,71,37,98,169.09,510.53,6.87,3507.81,194.88,0.1702,4,17,14,0.0,53.66,53.66
3266292,8,45,48,136,53,184,271.13,1053.94,12.09,12740.93,707.83,0.3513,7,28,25,0.0,46.32,46.32
3249908,10,49,97,344,59,441,308.34,2594.25,35.1,91063.31,5059.07,0.8647,13,50,45,0.0,37.29,37.29
3243762,10,52,121,337,62,458,329.64,2727.02,32.4,88366.0,4909.22,0.909,15,64,59,0.0,34.53,34.53
3263602,8,51,73,244,59,317,313.29,1864.8,19.14,35687.11,1982.62,0.6216,11,40,36,0.0,40.67,40.67
3257068,10,48,89,298,58,387,301.3,2267.04,31.04,70372.66,3909.59,0.7557,15,55,51,0.0,36.52,36.52
3272747,7,35,26,84,42,110,199.18,593.15,8.4,4982.5,276.81,0.1977,2,18,14,0.0,52.93,52.93
3272740,8,37,53,163,45,216,216.75,1186.24,17.62,20903.48,1161.3,0.3954,7,31,28,0.0,45.0,45.0
3250251,8,28,56,91,36,147,158.61,759.98,13.0,9879.73,548.87,0.2533,5,17,15,0.0,52.32,52.32
3256443,9,21,65,88,30,153,120.77,750.75,18.86,14157.08,786.5,0.2503,4,18,17,0.0,51.95,51.95
3250833,8,90,241,952,98,1193,608.27,7891.35,42.31,333891.74,18549.54,2.6304,42,145,138,0.0,19.91,19.91
3279195,7,37,40,110,44,150,212.4,818.91,10.41,8521.14,473.4,0.273,5,22,19,0.0,49.65,49.65
3262850,10,76,175,593,86,768,508.06,4935.37,39.01,192544.42,10696.91,1.6451,29,109,105,0.0,25.79,25.79
3266269,7,32,66,157,39,223,179.65,1178.64,17.17,20239.54,1124.42,0.3929,8,37,35,0.0,43.21,43.21
3263237,5,42,71,291,47,362,238.09,2010.76,17.32,34829.26,1934.96,0.6703,13,56,52,0.0,36.99,36.99
3266537,13,74,161,497,87,658,507.61,4239.46,43.66,185075.21,10281.96,1.4132,25,99,91,0.03,38.16,27.71
3285766,6,35,117,268,41,385,195.03,2062.66,22.97,47382.19,2632.34,0.6876,10,57,54,0.0,37.14,37.14
3278951,9,46,57,200,55,257,282.61,1485.81,19.57,29070.18,1615.01,0.4953,7,35,30,0.0,43.17,43.17
3272732,10,54,107,349,64,456,343.98,2736.0,32.31,88413.33,4911.85,0.912,12,57,52,0.0,36.02,36.02
3279097,5,38,55,141,43,196,211.03,1063.55,9.28,9865.81,548.1,0.3545,5,26,22,0.0,47.27,47.27
3297889,6,36,70,212,42,282,201.63,1520.63,17.67,26864.53,1492.47,0.5069,14,29,26,0.0,43.94,43.94
3285525,7,37,33,103,44,136,212.4,742.48,9.74,7234.19,401.9,0.2475,2,17,12,0.0,52.79,52.79
3291767,6,34,28,97,40,125,188.48,665.24,8.56,5693.68,316.32,0.2217,5,28,26,0.0,47.99,47.99
3272772,8,35,63,125,43,188,203.52,1020.14,14.29,14573.4,809.63,0.34,4,22,19,0.0,49.11,49.11
3272870,5,34,41,141,39,182,184.58,961.94,10.37,9973.09,554.06,0.3206,4,21,17,0.0,49.73,49.73
3272770,9,43,60,236,52,296,261.86,1687.33,24.7,41673.13,2315.17,0.5624,11,36,31,0.0,41.97,41.97
3285527,7,37,50,189,44,239,212.4,1304.8,17.88,23327.78,1295.99,0.4349,5,27,23,0.0,46.29,46.29
3297871,7,44,76,217,51,293,259.87,1662.02,17.26,28688.74,1593.82,0.554,12,39,35,0.0,41.13,41.13
3286272,7,37,40,108,44,148,212.4,808.0,10.22,8254.66,458.59,0.2693,5,22,19,0.0,49.69,49.69
3297979,6,40,124,416,46,540,228.39,2982.72,31.2,93060.97,5170.05,0.9942,11,47,42,0.0,37.72,37.72
3304018,8,51,78,241,59,319,313.29,1876.56,18.9,35470.72,1970.6,0.6255,8,45,41,0.0,39.94,39.94
3279371,5,39,61,242,44,303,217.74,1654.21,15.51,25661.43,1425.63,0.5514,8,37,33,0.0,42.18,42.18
3323045,5,39,61,188,44,249,217.74,1359.4,12.05,16382.49,910.14,0.4531,7,31,28,0.0,44.59,44.59
3304005,11,67,115,372,78,487,444.48,3060.99,30.54,93474.44,5193.02,1.0203,17,58,55,0.0,34.84,34.84
3291803,6,45,62,184,51,246,262.64,1395.42,12.27,17117.11,950.95,0.4651,6,32,28,0.0,44.34,44.34
3310422,8,49,130,414,57,544,299.12,3173.09,33.8,107237.56,5957.64,1.0577,27,74,70,0.0,31.08,31.08
3291920,8,46,92,342,54,434,278.08,2497.62,29.74,74277.08,4126.5,0.8325,15,44,38,0.0,38.34,38.34
3316629,8,40,45,154,48,199,236.88,1111.41,15.4,17115.68,950.87,0.3705,5,28,24,0.0,46.43,46.43
3285517,9,45,57,186,54,243,275.66,1398.44,18.6,26010.94,1445.05,0.4661,6,31,26,0.0,44.63,44.63
3329159,7,35,44,135,42,179,199.18,965.22,13.5,13030.54,723.92,0.3217,6,32,30,0.0,45.46,45.46
3323098,8,42,46,162,50,208,250.48,1173.92,15.43,18111.94,1006.22,0.3913,6,30,26,0.0,45.48,45.48
3298046,12,58,176,615,70,791,382.78,4848.26,63.62,308449.83,17136.1,1.6161,34,106,102,0.0,25.44,25.44
3335321,5,39,49,152,44,201,217.74,1097.35,9.74,10692.09,594.0,0.3658,9,35,32,0.0,43.82,43.82
3303988,6,43,60,191,49,251,248.84,1409.29,13.33,18779.64,1043.31,0.4698,6,35,31,0.0,43.46,43.46
3291785,11,46,82,278,57,360,292.14,2099.84,33.24,69796.87,3877.6,0.6999,13,47,42,0.0,38.51,38.51
3329287,8,38,59,149,46,208,223.42,1148.9,15.68,18019.6,1001.09,0.383,7,34,32,0.0,44.22,44.22
3329132,6,30,32,69,36,101,162.72,522.16,6.9,3602.92,200.16,0.1741,3,12,10,0.0,57.03,57.03
3304008,10,51,121,458,61,579,322.51,3433.9,44.9,154188.7,8566.04,1.1446,19,81,76,0.0,31.06,31.06
3323154,9,55,120,473,64,593,346.5,3558.0,38.7,137694.6,7649.7,1.186,12,60,56,0.0,34.73,34.73
3310427,6,39,48,143,45,191,221.64,1048.94,11.0,11538.38,641.02,0.3496,7,33,29,0.0,44.78,44.78
3310426,8,45,48,138,53,186,271.13,1065.39,12.27,13068.82,726.05,0.3551,4,28,18,0.0,46.7,46.7
3329158,11,48,83,267,59,350,306.13,2058.93,30.59,62990.24,3499.46,0.6863,15,51,47,0.0,37.53,37.53
3335318,10,36,52,159,46,211,219.34,1165.47,22.08,25737.5,1429.86,0.3885,9,31,28,0.0,44.79,44.79
3342276,3,25,29,50,28,79,120.85,379.78,3.0,1139.34,63.3,0.1266,2,11,10,0.0,58.95,58.95
3342027,9,43,78,246,52,324,261.86,1846.94,25.74,47548.03,2641.56,0.6156,9,43,38,0.0,40.29,40.29
3335342,8,27,34,65,35,99,152.38,507.8,9.63,4889.92,271.66,0.1693,1,11,10,0.0,58.2,58.2
3351642,7,30,27,83,37,110,166.86,573.04,9.68,5548.94,308.27,0.191,2,14,12,0.0,55.42,55.42
3341491,7,37,54,140,44,194,212.4,1059.13,13.24,14026.31,779.24,0.353,6,28,23,0.0,46.44,46.44
3351649,8,39,49,140,47,189,230.13,1049.82,14.36,15074.3,837.46,0.3499,7,35,31,0.0,44.22,44.22
3357724,5,29,21,62,34,83,152.49,422.26,5.34,2256.9,125.38,0.1408,2,14,11,0.0,56.35,56.35
3345512,6,31,30,82,37,112,169.09,583.46,7.94,4630.03,257.22,0.1945,3,18,16,0.0,52.85,52.85
3345630,7,37,54,140,44,194,212.4,1059.13,13.24,14026.31,779.24,0.353,6,28,23,0.0,46.44,46.44
3329182,9,41,128,447,50,575,248.19,3245.22,49.06,159213.53,8845.2,1.0817,22,63,59,0.0,33.2,33.2
3335727,9,52,102,470,61,572,324.95,3392.38,40.67,137978.6,7665.48,1.1308,14,60,56,0.0,34.61,34.61
3345549,6,32,61,144,38,205,175.51,1075.83,13.5,14523.64,806.87,0.3586,7,26,23,0.0,46.96,46.96
3323072,5,44,44,179,49,223,251.82,1252.08,10.17,12734.23,707.46,0.4174,8,41,37,0.0,42.05,42.05
3357733,9,41,63,163,50,226,248.19,1275.51,17.89,22819.21,1267.73,0.4252,7,33,28,0.0,44.19,44.19
3357831,8,44,58,182,52,240,264.21,1368.11,16.55,22635.93,1257.55,0.456,5,28,21,0.0,45.8,45.8
3358234,6,42,70,234,48,304,241.99,1697.83,16.71,28377.99,1576.56,0.5659,7,37,32,0.0,42.23,42.23
3362782,7,39,46,137,46,183,225.78,1010.81,12.29,12427.8,690.43,0.3369,5,31,28,0.0,45.76,45.76
3362883,4,33,27,89,37,116,174.47,604.3,5.39,3259.54,181.09,0.2014,3,22,19,0.0,50.84,50.84
3362766,6,30,69,125,36,194,162.72,1002.97,12.5,12537.07,696.5,0.3343,5,23,20,0.0,48.61,48.61
3335333,7,30,57,134,37,191,166.86,995.01,15.63,15555.25,864.18,0.3317,4,23,21,0.0,48.77,48.77
3362918,9,52,126,451,61,577,324.95,3422.04,39.03,133558.09,7419.89,1.1407,27,78,71,0.05,43.66,30.35
3335348,11,48,133,428,59,561,306.13,3300.16,49.04,161845.48,8991.42,1.1001,19,79,75,0.01,38.21,31.41
3345511,8,37,41,92,45,133,216.75,730.42,9.95,7264.68,403.59,0.2435,3,20,16,0.0,51.17,51.17
3363301,9,44,72,227,53,299,268.74,1712.65,23.22,39760.69,2208.93,0.5709,9,41,37,0.0,40.97,40.97
3362944,5,34,35,108,39,143,184.58,755.81,7.94,6002.04,333.45,0.2519,4,23,19,0.0,49.6,49.6
3374607,5,31,40,120,36,160,165.19,827.19,9.68,8005.05,444.72,0.2757,7,32,30,0.0,45.8,45.8
3362806,8,43,54,166,51,220,257.33,1247.93,15.44,19270.42,1070.58,0.416,5,32,28,0.0,44.81,44.81
3362856,11,64,112,372,75,484,422.05,3014.75,31.97,96377.73,5354.32,1.0049,19,72,68,0.0,32.57,32.57
3363407,10,52,67,273,62,340,329.64,2024.43,26.25,53141.2,2952.29,0.6748,9,58,54,0.0,37.17,37.17
3374638,7,45,69,227,52,296,266.78,1687.33,17.66,29790.75,1655.04,0.5624,8,38,34,0.0,41.87,41.87
3351697,5,39,54,203,44,257,217.74,1403.07,13.01,18257.95,1014.33,0.4677,11,37,34,0.0,42.28,42.28
3357742,8,37,59,196,45,255,216.75,1400.42,21.19,29673.82,1648.55,0.4668,10,28,24,0.0,45.06,45.06
3362796,10,44,66,189,54,255,273.43,1467.5,21.48,31517.82,1750.99,0.4892,11,34,29,0.0,42.94,42.94
3386528,6,40,29,114,46,143,228.39,789.87,8.55,6753.38,375.19,0.2633,4,23,19,0.0,49.47,49.47
3368277,10,51,97,305,61,402,322.51,2384.16,29.9,71290.95,3960.61,0.7947,18,61,56,0.0,34.99,34.99
3368287,7,43,54,169,50,223,252.98,1258.58,13.76,17312.79,961.82,0.4195,7,34,30,0.0,43.95,43.95
3368272,7,39,46,137,46,183,225.78,1010.81,12.29,12427.8,690.43,0.3369,5,31,28,0.0,45.76,45.76
3368264,8,31,57,105,39,162,177.58,856.24,13.55,11600.61,644.48,0.2854,3,18,14,0.0,51.68,51.68
3380428,7,40,51,162,47,213,232.53,1183.13,14.17,16770.83,931.71,0.3944,6,32,28,0.0,44.84,44.84
3374615,10,46,100,229,56,329,287.3,1910.62,24.89,47557.82,2642.1,0.6369,9,45,42,0.0,39.75,39.75
3386619,7,36,63,157,43,220,205.77,1193.78,15.26,18221.7,1012.32,0.3979,10,34,28,0.1,61.09,43.7
3392118,5,29,18,52,34,70,152.49,356.12,4.48,1596.41,88.69,0.1187,2,12,10,0.0,58.32,58.32
3381214,8,39,59,149,47,208,230.13,1155.35,15.28,17656.19,980.9,0.3851,6,28,25,0.0,46.18,46.18
3380374,8,43,37,124,51,161,257.33,913.26,11.53,10534.35,585.24,0.3044,4,26,21,0.05,60.22,47.87
3386616,6,42,73,267,48,340,241.99,1898.89,19.07,36214.49,2011.92,0.633,6,31,26,0.0,43.7,43.7
3362905,7,45,66,215,52,281,266.78,1601.82,16.72,26786.05,1488.11,0.5339,6,37,32,0.0,42.55,42.55
3392738,8,52,84,275,60,359,320.42,2120.57,21.15,44858.29,2492.13,0.7069,8,42,37,0.0,40.22,40.22
3374679,7,42,67,198,49,265,246.13,1487.9,16.5,24550.32,1363.91,0.496,8,36,32,0.0,42.76,42.76
3402891,7,55,51,181,62,232,337.63,1381.37,11.52,15910.91,883.94,0.4605,6,31,26,0.0,44.67,44.67
3374733,9,93,273,1012,102,1285,636.67,8574.07,48.97,419852.68,23325.15,2.858,31,158,154,0.0,20.33,20.33
3392249,9,80,136,685,89,821,534.28,5316.58,38.53,204854.36,11380.8,1.7722,25,109,100,0.0,26.11,26.11
3402614,9,43,54,150,52,204,261.86,1162.89,15.7,18254.66,1014.15,0.3876,5,27,23,0.0,46.64,46.64
3402649,6,38,61,189,44,250,214.93,1364.86,14.92,20365.12,1131.4,0.455,6,27,22,0.0,46.02,46.02
3392125,12,62,171,505,74,676,412.18,4197.59,48.87,205140.31,11396.68,1.3992,36,120,115,0.01,29.96,24.43
3410913,7,44,32,153,51,185,259.87,1049.4,12.17,12771.66,709.54,0.3498,6,33,29,0.0,44.92,44.92
3407113,10,52,135,443,62,578,329.64,3441.53,42.6,146595.75,8144.21,1.1472,17,59,53,0.04,45.44,34.32
3386717,8,38,52,132,46,184,223.42,1016.34,13.89,14121.71,784.54,0.3388,4,28,25,0.0,46.84,46.84
3368373,9,67,123,481,76,604,434.96,3773.75,32.31,121914.6,6773.03,1.2579,18,79,68,0.0,31.14,31.14
3410906,9,41,196,690,50,886,248.19,5000.46,75.73,378693.11,21038.51,1.6668,36,36,29,0.12,54.42,35.31
3396879,7,44,70,247,51,317,259.87,1798.16,19.65,35329.73,1962.76,0.5994,8,35,30,0.0,42.45,42.45
3410984,6,31,24,115,37,139,169.09,724.11,11.13,8058.69,447.7,0.2414,6,27,24,0.0,47.94,47.94
3415426,6,32,23,70,38,93,175.51,488.06,6.56,3202.88,177.94,0.1627,2,14,11,0.0,55.9,55.9
3402566,5,47,59,209,52,268,272.68,1527.72,11.12,16983.67,943.54,0.5092,8,43,39,0.0,41.0,41.0
3407095,7,42,46,139,49,185,246.13,1038.72,11.58,12031.86,668.44,0.3462,5,32,27,0.0,45.37,45.37
3402562,9,43,58,208,52,266,261.86,1516.32,21.77,33006.34,1833.69,0.5054,8,40,37,0.0,41.7,41.7
3407896,10,41,73,212,51,285,252.88,1616.64,25.85,41796.09,2322.01,0.5389,10,47,44,0.0,39.71,39.71
3407101,5,33,34,84,38,118,178.07,619.26,6.36,3940.72,218.93,0.2064,3,16,14,0.0,53.78,53.78
75920,6,23,13,40,29,53,119.55,257.47,5.22,1343.34,74.63,0.0858,1,9,7,0.0,62.17,62.17
3411684,6,34,55,184,40,239,188.48,1271.94,16.24,20650.33,1147.24,0.424,8,34,31,0.0,43.78,43.78
200168,9,37,78,169,46,247,221.28,1364.32,20.55,28042.3,1557.91,0.4548,16,33,29,0.0,42.77,42.77
3418014,10,52,89,296,62,385,329.64,2292.37,28.46,65244.25,3624.68,0.7641,13,50,42,0.0,37.66,37.66
3411035,9,51,152,588,60,740,317.82,4371.1,51.88,226782.9,12599.05,1.457,44,113,106,0.02,31.84,23.8
3414829,6,49,54,214,55,268,290.63,1549.4,13.1,20300.36,1127.8,0.5165,4,29,23,0.0,45.22,45.22
185783,8,21,28,47,29,75,116.24,364.35,8.95,3261.79,181.21,0.1214,2,11,10,0.0,59.08,59.08
64088,7,52,105,370,59,475,316.07,2794.26,24.9,69587.71,3865.98,0.9314,11,49,45,0.0,37.52,37.52
258140,10,55,75,305,65,380,351.19,2288.5,27.73,63453.86,3525.21,0.7628,10,48,44,0.0,38.46,38.46
518938,8,31,64,141,39,205,177.58,1083.51,18.19,19712.85,1095.16,0.3612,8,34,33,0.0,44.27,44.27
424904,9,65,91,355,74,446,419.98,2769.42,24.58,68063.73,3781.32,0.9231,6,51,42,0.05,50.2,37.84
293603,12,37,243,426,49,669,235.77,3756.24,69.08,259485.18,14415.84,1.2521,49,89,85,0.02,34.78,25.85
626740,9,45,90,313,54,403,275.66,2319.22,31.3,72591.58,4032.87,0.7731,13,40,36,0.0,39.74,39.74
129246,8,40,80,216,48,296,236.88,1653.15,21.6,35708.02,1983.78,0.551,8,32,28,0.0,43.56,43.56
894485,5,29,26,77,34,103,152.49,524.01,6.64,3478.33,193.24,0.1747,3,21,19,0.0,51.71,51.71
3418018,5,34,39,114,39,153,184.58,808.67,8.38,6778.53,376.58,0.2696,4,25,22,0.0,48.61,48.61
595910,7,39,85,221,46,306,225.78,1690.21,19.83,33522.5,1862.36,0.5634,6,28,24,0.0,45.02,45.02
1015420,6,30,37,77,36,114,162.72,589.37,7.7,4538.16,252.12,0.1965,3,18,15,0.0,52.82,52.82
762410,7,53,87,294,60,381,323.23,2250.53,19.42,43694.16,2427.45,0.7502,6,40,36,0.0,40.77,40.77
193180,8,57,85,240,65,325,356.47,1957.27,16.84,32964.54,1831.36,0.6524,14,56,52,0.0,36.93,36.93
3414841,11,68,228,706,79,934,452.0,5887.73,57.1,336206.77,18678.15,1.9626,23,105,100,0.01,32.33,26.42
1108759,5,29,38,83,34,121,152.49,615.58,7.16,4404.6,244.7,0.2052,6,20,18,0.0,51.28,51.28
1040485,9,45,54,187,54,241,275.66,1386.93,18.7,25935.55,1440.86,0.4623,5,35,30,0.0,43.64,43.64
328217,11,58,138,521,69,659,377.82,4025.52,49.41,198881.39,11048.97,1.3418,24,101,96,0.0,27.81,27.81
1286966,9,36,42,127,45,169,214.65,928.12,15.88,14733.96,818.55,0.3094,6,26,23,0.0,47.55,47.55
1251715,9,35,65,154,44,219,208.05,1195.62,19.8,23673.19,1315.18,0.3985,9,31,28,0.0,44.71,44.71
906715,8,41,82,249,49,331,243.66,1858.47,24.29,45147.2,2508.18,0.6195,13,45,41,0.0,39.3,39.3
663279,6,32,25,80,38,105,175.51,551.03,7.5,4132.74,229.6,0.1837,4,20,18,0.0,51.89,51.89
951397,7,54,88,262,61,350,330.42,2075.76,16.98,35249.45,1958.3,0.6919,8,42,36,0.0,40.29,40.29
648958,10,54,81,272,64,353,343.98,2118.0,25.19,53342.22,2963.46,0.706,10,48,43,0.0,38.69,38.69
1396288,10,58,209,547,68,756,372.98,4602.12,47.16,217013.85,12056.33,1.534,30,81,73,0.06,43.17,28.69
957405,7,46,99,248,53,347,273.74,1987.59,18.87,37504.93,2083.61,0.6625,13,41,38,0.0,39.98,39.98
1415797,7,42,140,371,49,511,246.13,2869.12,30.92,88703.53,4927.97,0.9564,20,68,65,0.0,33.12,33.12
1272868,9,57,183,518,66,701,361.0,4237.12,40.89,173275.92,9626.44,1.4124,21,95,90,0.0,28.64,28.64
1423933,10,40,210,464,50,674,246.1,3803.96,58.0,220629.63,12257.2,1.268,32,86,83,0.0,28.43,28.43
1108796,6,29,31,99,35,130,156.39,666.81,10.24,6829.02,379.39,0.2223,3,19,16,0.0,51.93,51.93
631978,10,46,107,359,56,466,287.3,2706.23,39.02,105601.7,5866.76,0.9021,14,41,35,0.05,52.3,38.9
1022337,13,66,141,475,79,616,447.04,3883.13,46.78,181653.95,10091.89,1.2944,17,66,61,0.0,32.89,32.89
1674115,8,42,53,160,50,213,250.48,1202.14,15.24,18318.34,1017.69,0.4007,8,29,25,0.0,45.46,45.46
1484072,7,43,54,209,50,263,252.98,1484.33,17.01,25250.94,1402.83,0.4948,5,34,29,0.0,43.71,43.71
1233552,10,52,89,316,62,405,329.64,2411.45,30.38,73270.97,4070.61,0.8038,10,56,52,0.0,36.84,36.84
1052683,6,41,110,518,47,628,235.17,3488.28,37.9,132214.39,7345.24,1.1628,20,57,53,0.0,34.2,34.2
1735630,8,52,97,324,60,421,320.42,2486.8,24.92,61978.73,3443.26,0.8289,13,52,47,0.0,37.04,37.04
1669221,10,45,84,277,55,361,280.35,2087.07,30.78,64235.4,3568.63,0.6957,8,39,34,0.0,40.97,40.97
2009562,8,35,62,167,43,229,203.52,1242.61,19.09,23716.19,1317.57,0.4142,8,34,30,0.0,43.85,43.85
1842979,6,28,27,58,34,85,150.12,432.43,6.21,2687.27,149.29,0.1441,2,13,10,0.0,56.97,56.97
1511107,4,43,60,215,47,275,241.33,1527.51,10.0,15275.12,848.62,0.5092,5,33,30,0.0,43.91,43.91
2023169,7,28,33,95,35,128,154.26,656.55,11.88,7796.51,433.14,0.2188,3,18,16,0.0,52.49,52.49
1367092,7,44,81,183,51,264,259.87,1497.52,14.56,21799.13,1211.06,0.4992,5,34,30,0.0,43.69,43.69
1771525,8,53,69,176,61,245,327.58,1453.03,13.28,19300.63,1072.26,0.4843,3,28,24,0.0,45.89,45.89
1582981,7,31,40,87,38,127,173.23,666.49,9.82,6546.62,363.7,0.2222,2,14,11,0.0,54.96,54.96
1679217,6,44,61,193,50,254,255.72,1433.54,13.16,18864.08,1048.0,0.4778,6,30,25,0.0,44.87,44.87
1640719,8,52,118,356,60,474,320.42,2799.87,27.38,76673.26,4259.63,0.9333,13,72,66,0.03,43.65,33.6
2141443,7,27,41,82,34,123,148.03,625.76,10.63,6651.58,369.53,0.2086,4,15,13,0.0,54.23,54.23
2190225,9,47,145,394,56,539,289.6,3130.16,37.72,118080.45,6560.03,1.0434,27,76,71,0.0,30.86,30.86
2622958,10,28,98,186,38,284,167.83,1490.41,33.21,49502.95,2750.16,0.4968,17,40,38,0.0,40.55,40.55
1865042,8,42,153,512,50,665,250.48,3753.16,48.76,183011.44,10167.3,1.2511,22,55,51,0.0,34.05,34.05
2415332,10,54,56,194,64,250,343.98,1500.0,17.96,26944.44,1496.91,0.5,6,34,28,0.0,43.55,43.55
1892442,13,63,141,458,76,599,424.67,3742.51,47.25,176848.38,9824.91,1.2475,23,79,75,0.0,30.49,30.49
2464383,7,44,65,192,51,257,259.87,1457.81,15.27,22264.79,1236.93,0.4859,8,37,33,0.0,42.56,42.56
1955469,8,32,30,107,40,137,184.0,729.1,13.38,9751.77,541.76,0.243,4,19,17,0.0,51.52,51.52
2512311,10,44,71,226,54,297,273.43,1709.2,25.68,43895.4,2438.63,0.5697,14,44,41,0.0,39.63,39.63
2711417,9,45,69,269,54,338,275.66,1945.15,26.9,52324.59,2906.92,0.6484,10,39,33,0.0,40.92,40.92
2872163,9,60,89,369,69,458,382.94,2797.7,27.68,77426.46,4301.47,0.9326,17,70,63,0.0,33.33,33.33
2492648,5,46,50,182,51,232,265.69,1316.0,9.89,13016.98,723.17,0.4387,6,32,28,0.0,44.52,44.52
2009264,10,38,51,144,48,195,232.64,1089.07,18.95,20634.97,1146.39,0.363,9,30,27,0.0,45.3,45.3
2947537,5,33,36,110,38,146,178.07,766.2,8.33,6384.98,354.72,0.2554,5,24,20,0.0,49.02,49.02
3083863,10,56,121,469,66,590,358.43,3566.19,41.88,149334.31,8296.35,1.1887,19,72,69,0.0,32.06,32.06
2739197,11,64,156,554,75,710,422.05,4422.46,47.61,210550.62,11697.26,1.4742,17,87,83,0.0,29.88,29.88
2656448,8,77,152,395,85,547,506.54,3505.94,20.52,71940.0,3996.67,1.1686,7,71,61,0.09,50.66,33.85
2205126,10,38,88,210,48,298,232.64,1664.32,27.63,45987.76,2554.88,0.5548,12,34,31,0.0,42.42,42.42
2871924,6,47,118,455,53,573,276.58,3282.1,29.04,95320.52,5295.58,1.094,20,73,69,0.0,32.04,32.04
2041964,10,60,146,483,70,629,387.63,3855.32,40.25,155176.59,8620.92,1.2851,19,76,69,0.04,43.17,31.31
2784685,7,41,60,202,48,262,239.31,1463.26,17.24,25232.32,1401.8,0.4878,6,33,29,0.0,43.9,43.9
3304006,10,50,87,311,60,398,315.41,2350.94,31.1,73114.31,4061.91,0.7836,18,50,46,0.0,36.91,36.91
3396888,9,45,55,180,54,235,275.66,1352.4,18.0,24343.17,1352.4,0.4508,7,38,35,0.0,42.67,42.67
3237175,9,48,49,193,57,242,296.61,1411.56,18.09,25540.4,1418.91,0.4705,4,32,28,0.0,44.57,44.57
3072537,12,60,117,401,72,518,397.43,3196.02,40.1,128160.45,7120.02,1.0653,20,65,61,0.0,33.22,33.22
3316627,9,58,107,380,67,487,368.29,2954.19,29.48,87097.54,4838.75,0.9847,19,68,63,0.0,33.17,33.17
3386542,8,44,81,281,52,362,264.21,2063.56,25.55,52714.56,2928.59,0.6879,13,52,48,0.0,37.61,37.61
83937,9,50,198,663,59,861,310.72,5064.96,59.67,302225.9,16790.33,1.6883,32,47,42,0.0,33.28,33.28
3362887,10,44,73,257,54,330,273.43,1899.11,29.2,55462.73,3081.26,0.633,13,55,50,0.0,37.33,37.33
3410944,10,48,94,322,58,416,301.3,2436.92,33.54,81738.36,4541.02,0.8123,12,46,42,0.0,38.4,38.4
2977350,7,33,73,196,40,269,186.12,1431.6,20.79,29759.9,1653.33,0.4772,13,44,41,0.0,40.3,40.3
16484,9,52,62,223,61,285,324.95,1690.26,19.3,32618.77,1812.15,0.5634,8,43,38,0.0,40.69,40.69
218458,9,42,252,573,51,825,255.01,4679.75,61.39,287303.28,15961.29,1.5599,24,136,134,0.0,24.53,24.53
239869,6,40,57,165,46,222,228.39,1226.23,12.38,15174.61,843.03,0.4087,6,32,29,0.0,44.73,44.73
479989,8,66,150,450,74,600,422.93,3725.67,27.27,101609.24,5644.96,1.2419,26,73,65,0.06,44.68,30.85
490186,7,47,62,218,54,280,280.72,1611.37,16.23,26159.02,1453.28,0.5371,10,41,37,0.0,41.02,41.02
466653,8,37,39,125,45,164,216.75,900.66,13.51,12171.13,676.17,0.3002,5,23,20,0.0,48.93,48.93
458297,9,64,178,654,73,832,412.53,5149.93,45.98,236816.5,13156.47,1.7166,41,107,99,0.0,24.23,24.23
499068,10,56,95,313,66,408,358.43,2466.11,27.95,68919.05,3828.84,0.822,15,77,71,0.0,33.08,33.08
579589,11,72,128,427,83,555,482.29,3538.15,32.62,115407.47,6411.53,1.1794,20,60,50,0.06,47.35,33.67
441090,6,55,63,259,61,322,333.48,1909.7,14.13,26978.82,1498.82,0.6366,9,43,38,0.0,40.18,40.18
354720,9,56,109,366,65,475,353.74,2860.62,29.41,84133.02,4674.06,0.9535,11,57,53,0.0,36.02,36.02
579593,7,34,40,115,41,155,192.63,830.42,11.84,9830.71,546.15,0.2768,6,26,23,0.0,47.89,47.89
344920,10,61,108,348,71,456,394.99,2804.28,28.52,79991.07,4443.95,0.9348,11,59,52,0.0,35.75,35.75
285017,9,49,76,226,58,302,303.65,1769.11,20.76,36718.06,2039.89,0.5897,9,42,37,0.0,40.64,40.64
581874,6,50,47,166,56,213,297.7,1236.97,9.96,12320.19,684.45,0.4123,6,34,30,0.0,44.13,44.13
691386,7,38,50,155,45,205,219.07,1125.83,14.28,16072.7,892.93,0.3753,7,28,25,0.0,46.12,46.12
594828,9,57,72,247,66,319,361.0,1928.16,19.5,37599.15,2088.84,0.6427,9,42,37,0.0,40.38,40.38
743339,7,38,73,181,45,254,219.07,1394.93,16.67,23254.96,1291.94,0.465,4,22,19,0.0,48.16,48.16
626577,11,48,143,407,59,550,306.13,3235.45,46.64,150886.73,8382.6,1.0785,22,69,66,0.0,32.35,32.35
621155,5,60,95,343,65,438,366.02,2637.8,14.29,37698.52,2094.36,0.8793,7,45,40,0.0,39.04,39.04
648914,10,51,92,308,61,400,322.51,2372.29,30.2,71634.0,3979.67,0.7908,19,51,48,0.0,36.56,36.56
689247,10,48,61,229,58,290,301.3,1698.81,23.85,40523.8,2251.32,0.5663,6,38,34,0.0,42.11,42.11
648792,9,47,79,256,56,335,289.6,1945.46,24.51,47684.56,2649.14,0.6485,10,43,38,0.0,39.99,39.99
782338,13,79,173,735,92,908,546.1,5923.39,60.47,358215.39,19900.86,1.9745,29,111,107,0.0,25.07,25.07
788967,11,67,100,405,78,505,444.48,3174.13,33.25,105527.92,5862.66,1.058,14,63,59,0.0,34.35,34.35
894501,7,33,42,146,40,188,186.12,1000.52,15.48,15492.94,860.72,0.3335,10,34,31,0.0,44.24,44.24
857101,9,59,155,552,68,707,375.61,4303.84,42.1,181198.8,10066.6,1.4346,14,72,63,0.07,47.56,32.16
672473,10,52,122,529,62,651,329.64,3876.18,50.87,197163.48,10953.53,1.2921,27,95,90,0.0,28.1,28.1
713268,14,65,131,431,79,562,444.76,3542.72,46.42,164436.93,9135.39,1.1809,18,71,66,0.0,32.34,32.34
693235,11,71,222,703,82,925,474.69,5880.74,54.46,320251.61,17791.76,1.9602,25,93,86,0.03,38.03,27.3
818598,9,48,92,279,57,371,296.61,2164.0,26.16,56602.18,3144.57,0.7213,12,53,49,0.0,37.42,37.42
963978,6,34,47,126,40,173,188.48,920.69,11.12,10235.95,568.66,0.3069,4,24,21,0.0,48.6,48.6
863732,12,57,106,302,69,408,375.49,2492.28,31.79,79228.21,4401.57,0.8308,15,62,58,0.0,35.1,35.1
931859,7,33,46,172,40,218,186.12,1160.18,18.24,21164.5,1175.81,0.3867,5,27,24,0.0,46.65,46.65
1174227,4,22,12,33,26,45,106.11,211.52,3.0,634.56,35.25,0.0705,1,8,6,0.0,63.88,63.88
1065517,6,34,42,128,40,170,188.48,904.73,11.29,10218.1,567.67,0.3016,3,17,14,0.0,52.05,52.05
1164715,11,54,97,210,65,307,348.82,1848.87,21.39,39545.21,2196.96,0.6163,11,32,28,0.03,53.66,42.81
1258291,5,27,21,53,32,74,139.99,370.0,4.91,1815.74,100.87,0.1233,1,11,8,0.0,59.17,59.17
1374273,6,38,51,177,44,228,214.93,1244.75,13.97,17393.75,966.32,0.4149,7,29,26,0.0,45.49,45.49
902164,12,68,169,631,80,800,456.97,5057.54,55.68,281586.11,15643.67,1.6858,15,71,62,0.06,45.78,31.66
1030636,11,49,120,364,60,484,313.17,2858.94,40.86,116807.92,6489.33,0.953,14,52,48,0.0,36.48,36.48
1024437,10,64,124,390,74,514,417.22,3191.66,30.47,97245.86,5402.55,1.0639,14,57,52,0.0,35.28,35.28
1301328,6,41,61,235,47,296,235.17,1644.16,17.2,28271.5,1570.64,0.5481,6,32,27,0.0,43.84,43.84
1358953,10,57,165,546,67,711,365.69,4312.99,47.89,206569.49,11476.08,1.4377,30,81,78,0.0,28.88,28.88
1196382,9,39,53,209,48,262,234.66,1463.26,24.12,35287.08,1960.39,0.4878,8,36,32,0.0,42.81,42.81
970056,7,36,47,136,43,183,205.77,993.01,13.22,13129.75,729.43,0.331,8,34,31,0.0,44.53,44.53
1178432,8,38,47,162,46,209,223.42,1154.42,17.05,19685.97,1093.67,0.3848,12,34,31,0.0,43.54,43.54
1239641,12,73,151,496,85,647,494.88,4146.88,40.77,169056.2,9392.01,1.3823,23,89,84,0.0,29.05,29.05
1317619,7,55,120,652,62,772,337.63,4596.64,41.49,190718.75,10595.49,1.5322,16,52,42,0.11,52.87,34.77
1367085,9,63,117,308,72,425,405.1,2622.22,22.0,57688.8,3204.93,0.8741,9,41,35,0.05,53.06,39.67
1478221,10,61,88,335,71,423,394.99,2601.34,27.46,71430.32,3968.35,0.8671,15,64,60,0.0,34.67,34.67
1384681,7,58,149,485,65,634,359.41,3818.18,29.27,111747.63,6208.2,1.2727,22,82,78,0.0,30.21,30.21
1353963,8,50,75,205,58,280,306.19,1640.23,16.4,26899.85,1494.44,0.5467,14,42,39,0.0,40.2,40.2
1492734,8,46,57,192,54,249,278.08,1432.97,16.7,23924.32,1329.13,0.4777,6,30,25,0.0,44.87,44.87
1511264,10,68,158,418,78,576,447.17,3620.39,30.74,111273.8,6181.88,1.2068,25,67,59,0.03,42.47,31.89
1384686,12,69,188,520,81,708,464.51,4488.61,45.22,202963.41,11275.74,1.4962,27,82,78,0.0,29.05,29.05
1295117,9,77,167,483,86,650,511.07,4177.07,28.23,117907.35,6550.41,1.3924,31,71,65,0.03,40.22,30.09
1696711,6,35,46,139,41,185,195.03,991.15,11.91,11808.81,656.04,0.3304,5,27,25,0.0,47.12,47.12
1679189,9,52,82,270,61,352,324.95,2087.62,23.37,48778.03,2709.89,0.6959,13,48,45,0.0,38.33,38.33
1878204,10,60,128,451,70,579,387.63,3548.85,37.58,133377.8,7409.88,1.183,27,81,77,0.0,29.88,29.88
1976377,9,50,122,400,59,522,310.72,3070.74,36.0,110546.63,6141.48,1.0236,18,60,55,0.02,42.27,34.37
1690658,9,77,174,599,86,773,511.07,4967.5,35.01,173894.85,9660.82,1.6558,17,85,78,0.04,40.97,29.74
1950186,6,45,101,360,51,461,262.64,2614.99,24.0,62759.71,3486.65,0.8717,12,46,42,0.0,38.19,38.19
2070000,3,19,46,45,22,91,85.47,405.81,3.55,1441.69,80.09,0.1353,1,8,7,0.0,61.9,61.9
1674299,11,105,290,879,116,1169,743.05,8016.98,46.04,369124.65,20506.93,2.6723,21,103,88,0.05,39.29,25.93
1690131,8,31,128,177,39,305,177.58,1612.05,22.84,36817.09,2045.39,0.5373,7,22,19,0.0,47.32,47.32
2101710,8,42,70,203,50,273,250.48,1540.77,19.33,29788.27,1654.9,0.5136,8,41,37,0.0,41.42,41.42
2069997,9,83,149,523,92,672,557.66,4383.83,28.36,124305.45,6905.86,1.4613,17,102,89,0.0,28.4,28.4
1834895,12,84,218,830,96,1048,579.97,6901.04,59.29,409133.13,22729.62,2.3003,30,125,118,0.02,30.98,23.34
2155391,9,68,136,457,77,593,442.48,3716.2,30.24,112387.86,6243.77,1.2387,16,81,76,0.0,31.22,31.22
2118831,8,40,54,110,48,164,236.88,915.93,11.0,10075.27,559.74,0.3053,4,23,20,0.0,49.02,49.02
2183945,4,26,28,54,30,82,130.21,402.37,4.15,1671.36,92.85,0.1341,2,13,10,0.0,57.19,57.19
2284699,8,53,65,246,61,311,327.58,1844.46,18.57,34244.3,1902.46,0.6148,6,39,35,0.0,41.62,41.62
2257080,8,56,118,419,64,537,349.21,3222.0,29.93,96429.86,5357.21,1.074,13,58,53,0.0,35.22,35.22
2162075,10,68,140,433,78,573,447.17,3601.54,31.84,114666.53,6370.36,1.2005,19,62,56,0.05,46.46,33.44
2865062,6,26,18,51,32,69,137.72,345.0,5.88,2030.19,112.79,0.115,2,12,10,0.0,58.42,58.42
2399737,5,34,36,90,39,126,184.58,665.96,6.62,4407.09,244.84,0.222,3,20,16,0.0,51.45,51.45
2669465,9,46,75,242,55,317,282.61,1832.69,23.67,43386.97,2410.39,0.6109,9,50,47,0.0,38.88,38.88
2141509,8,56,172,510,64,682,349.21,4092.0,36.43,149065.71,8281.43,1.364,28,105,101,0.0,26.85,26.85
3023759,5,32,21,76,37,97,171.61,505.32,5.94,3000.32,166.68,0.1684,4,20,17,0.0,52.15,52.15
2914372,8,37,108,271,45,379,216.75,2081.41,29.3,60979.76,3387.76,0.6938,9,39,37,0.0,40.85,40.85
2497937,8,42,50,176,50,226,250.48,1275.51,16.76,21380.0,1187.78,0.4252,8,33,30,0.0,44.05,44.05
3011979,8,40,155,448,48,603,236.88,3367.73,44.8,150874.41,8381.91,1.1226,16,62,59,0.0,34.05,34.05
2952242,6,33,75,231,39,306,181.97,1617.33,21.0,33963.99,1886.89,0.5391,8,30,27,0.0,44.23,44.23
2744264,7,31,54,146,38,200,173.23,1049.59,16.48,17301.23,961.18,0.3499,7,28,26,0.0,46.34,46.34
2415291,11,47,75,246,58,321,299.12,1880.41,28.79,54131.86,3007.33,0.6268,9,42,39,0.0,40.45,40.45
3109508,6,35,28,100,41,128,195.03,685.77,8.57,5878.0,326.56,0.2286,3,21,18,0.0,50.89,50.89
2920382,8,55,117,410,63,527,341.97,3150.03,29.82,93928.06,5218.23,1.05,15,78,69,0.0,32.21,32.21
3096447,12,74,166,654,86,820,502.52,5269.54,53.03,279427.89,15523.77,1.7565,29,113,108,0.0,25.25,25.25
3103047,7,48,87,317,55,404,287.73,2335.67,23.11,53988.02,2999.33,0.7786,14,58,54,0.0,36.06,36.06
3176376,6,39,44,133,45,177,221.64,972.06,10.23,9944.9,552.49,0.324,5,27,22,0.0,47.18,47.18
3214407,10,34,68,143,44,211,206.19,1151.94,21.03,24224.62,1345.81,0.384,12,28,25,0.0,45.38,45.38
2576102,10,67,132,416,77,548,439.65,3434.2,31.04,106613.94,5923.0,1.1447,16,78,73,0.0,31.82,31.82
2464403,10,58,110,423,68,533,372.98,3244.62,36.47,118316.66,6573.15,1.0815,14,63,55,0.0,34.28,34.28
3036123,10,58,122,396,68,518,372.98,3153.31,34.14,107647.33,5980.41,1.0511,21,82,77,0.01,37.64,30.93
2914769,11,95,210,722,106,932,662.19,6270.42,41.8,262103.63,14561.31,2.0901,26,96,89,0.0,26.67,26.67
3109385,11,49,77,258,60,335,313.17,1978.81,28.96,57304.67,3183.59,0.6596,7,40,36,0.0,41.03,41.03
3310446,10,54,159,523,64,682,343.98,4092.0,48.43,198158.89,11008.83,1.364,28,94,89,0.0,27.9,27.9
3122530,13,53,168,501,66,669,351.69,4043.7,61.44,248458.64,13803.26,1.3479,24,76,72,0.0,30.49,30.49
3407108,6,38,60,161,44,221,214.93,1206.53,12.71,15335.69,851.98,0.4022,8,22,20,0.0,48.06,48.06
3208151,5,32,37,105,37,142,171.61,739.74,8.2,6068.2,337.12,0.2466,4,24,21,0.0,49.26,49.26
3269737,11,79,164,602,90,766,536.05,4972.76,41.91,208415.27,11578.63,1.6576,25,95,88,0.0,27.61,27.61
3341990,9,53,129,369,62,498,332.11,2965.19,31.33,92899.95,5161.11,0.9884,9,55,51,0.0,36.51,36.51
3291954,12,84,154,510,96,664,579.97,4372.42,36.43,159280.84,8848.94,1.4575,32,76,68,0.03,39.09,29.18
3303982,9,51,95,334,60,429,317.82,2534.06,29.47,74680.12,4148.9,0.8447,18,56,52,0.0,35.61,35.61
3316644,6,46,165,470,52,635,269.59,3619.78,30.65,110954.1,6164.12,1.2066,5,40,38,0.0,39.46,39.46
224151,11,66,165,527,77,692,436.98,4336.62,43.92,190449.73,10580.54,1.4455,25,70,65,0.0,30.92,30.92
3407639,10,79,199,689,89,888,531.22,5750.45,43.61,250763.35,13931.3,1.9168,25,96,89,0.01,33.33,27.07
906718,9,58,93,270,67,363,368.29,2201.99,20.95,46127.9,2562.66,0.734,11,45,41,0.0,39.05,39.05
64080,8,62,145,460,70,605,393.16,3708.22,29.68,110050.29,6113.9,1.2361,19,58,54,0.0,33.99,33.99
3214738,10,64,141,502,74,643,417.22,3992.68,39.22,156587.86,8699.33,1.3309,23,84,78,0.03,39.01,29.71
876172,8,47,102,347,55,449,285.07,2595.83,29.53,76659.85,4258.88,0.8653,15,58,55,0.0,35.61,35.61
3310755,9,42,94,298,51,392,255.01,2223.59,31.93,70996.08,3944.23,0.7412,14,40,36,0.0,39.73,39.73
3418027,11,50,75,281,61,356,320.25,2111.34,30.91,65261.6,3625.64,0.7038,9,43,36,0.0,39.88,39.88
3029904,7,51,127,489,58,616,308.95,3608.52,33.56,121097.56,6727.64,1.2028,16,75,69,0.0,32.04,32.04
308042,4,30,20,47,34,67,155.21,340.86,3.13,1068.03,59.33,0.1136,1,10,6,0.0,60.32,60.32
549126,6,33,32,102,39,134,181.97,708.24,9.27,6567.35,364.85,0.2361,1,12,9,0.0,56.37,56.37
837600,5,36,56,210,41,266,197.73,1425.11,14.58,20782.84,1154.6,0.475,6,33,29,0.0,43.98,43.98
2429809,9,46,58,206,55,264,282.61,1526.28,20.15,30757.84,1708.77,0.5088,8,43,39,0.0,41.0,41.0
651704,6,32,48,161,38,209,175.51,1096.82,15.09,16555.08,919.73,0.3656,8,31,28,0.0,45.1,45.1
2555262,12,116,235,761,128,996,838.55,6972.0,39.36,274432.34,15246.24,2.324,31,122,114,0.03,32.82,23.41
1722713,10,56,77,269,66,346,358.43,2091.36,24.02,50229.99,2790.56,0.6971,9,52,48,0.0,38.11,38.11
957579,11,49,139,341,60,480,313.17,2835.31,38.28,108522.84,6029.05,0.9451,19,60,53,0.05,47.82,34.48
1799930,10,79,165,540,89,705,531.22,4565.39,34.18,156032.39,8668.47,1.5218,22,92,87,0.0,28.58,28.58
16181,9,31,53,109,40,162,182.11,862.15,15.82,13641.48,757.86,0.2874,4,17,14,0.0,52.07,52.07
1764442,9,62,82,290,71,372,397.69,2287.71,21.05,48152.52,2675.14,0.7626,9,44,36,0.0,39.42,39.42
2479647,11,59,269,860,70,1129,385.13,6919.96,80.17,554769.72,30820.54,2.3067,30,102,98,0.0,25.26,25.26
2926231,8,45,80,269,53,349,271.13,1999.04,23.91,47799.37,2655.52,0.6663,13,41,36,0.0,39.96,39.96
3129316,8,41,30,101,49,131,243.66,735.53,9.85,7247.63,402.65,0.2452,3,22,18,0.0,50.24,50.24
2570769,11,72,204,602,83,806,482.29,5138.28,45.99,236289.6,13127.2,1.7128,33,122,110,0.0,24.07,24.07
1950228,6,30,38,77,36,115,162.72,594.54,7.7,4577.97,254.33,0.1982,6,16,14,0.0,53.5,53.5
2642040,9,79,297,845,88,1142,526.53,7376.67,48.13,355060.65,19725.59,2.4589,35,124,114,0.04,34.45,22.54
3386546,7,40,51,156,47,207,232.53,1149.8,13.65,15694.77,871.93,0.3833,5,32,28,0.0,45.06,45.06
3112012,10,78,182,616,88,798,523.48,5154.63,39.49,203541.66,11307.87,1.7182,17,101,96,0.0,28.0,28.0
3024103,8,47,75,270,55,345,285.07,1994.57,22.98,45832.65,2546.26,0.6649,8,43,39,0.0,40.19,40.19
1059610,9,54,78,296,63,374,339.29,2235.5,24.67,55142.4,3063.47,0.7452,9,54,49,0.0,37.55,37.55
244645,8,54,107,405,62,512,334.76,3048.55,30.0,91456.46,5080.91,1.0162,16,80,76,0.0,31.94,31.94
1729058,10,57,99,343,67,442,365.69,2681.21,30.09,80671.54,4481.75,0.8937,12,61,57,0.0,35.44,35.44
average,8.0435,45.7801,82.6594,259.7059,53.8235,342.3652,280.1596,2022.301,22.3396,63240.4899,3513.3605,0.6741,11.2125,44.0637,39.8468,0.0056,43.1204,41.701
