name,ac_total,ac_count,ans_total,ans_count,ref_total,ref_count,total_total,total_count,ans_total_ratio,ref_total_ratio,ans_count_ratio,ref_count_ratio
main,2935,2776,3337,2813,3152,2781,9424,8370,1.1369676320272573,1.0739352640545146,1.013328530259366,1.0018011527377522
in,2689,39,0,0,1572,22,4261,61,0.0,0.5846039419858684,0.0,0.5641025641025641
f,2338,55,78,6,1112,33,3528,94,0.033361847733105215,0.4756201881950385,0.10909090909090909,0.6
dfs,1243,246,10,2,847,202,2100,450,0.008045052292839904,0.6814159292035398,0.008130081300813009,0.8211382113821138
solve,870,291,30,8,615,220,1515,519,0.034482758620689655,0.7068965517241379,0.027491408934707903,0.7560137457044673
sc,880,3,0,0,590,2,1470,5,0.0,0.6704545454545454,0.0,0.6666666666666666
gcd,733,149,213,41,392,104,1338,294,0.29058663028649384,0.5347885402455662,0.2751677852348993,0.697986577181208
query,686,75,4,1,365,59,1055,135,0.0058309037900874635,0.532069970845481,0.013333333333333334,0.7866666666666666
get,485,63,0,0,322,41,807,104,0.0,0.6639175257731958,0.0,0.6507936507936508
update,486,84,4,1,291,55,781,140,0.00823045267489712,0.5987654320987654,0.011904761904761904,0.6547619047619048
read,428,90,0,0,310,66,738,156,0.0,0.7242990654205608,0.0,0.7333333333333333
add,419,82,0,0,290,64,709,146,0.0,0.6921241050119332,0.0,0.7804878048780488
build,324,60,4,1,219,46,547,107,0.012345679012345678,0.6759259259259259,0.016666666666666666,0.7666666666666667
gn,282,6,0,0,220,4,502,10,0.0,0.7801418439716312,0.0,0.6666666666666666
check,258,91,2,1,179,65,439,157,0.007751937984496124,0.6937984496124031,0.01098901098901099,0.7142857142857143
dist,143,34,139,10,149,29,431,73,0.972027972027972,1.0419580419580419,0.29411764705882354,0.8529411764705882
r,233,5,0,0,188,4,421,9,0.0,0.8068669527896996,0.0,0.8
o,202,1,0,0,202,1,404,2,0.0,1.0,0.0,1.0
find,163,29,66,10,159,28,388,67,0.4049079754601227,0.9754601226993865,0.3448275862068966,0.9655172413793104
calc,218,52,0,0,147,36,365,88,0.0,0.6743119266055045,0.0,0.6923076923076923
upd,297,25,0,0,64,13,361,38,0.0,0.21548821548821548,0.0,0.52
power,133,37,94,31,131,38,358,106,0.706766917293233,0.9849624060150376,0.8378378378378378,1.027027027027027
R,171,1,0,0,171,1,342,2,0.0,1.0,0.0,1.0
init,189,74,0,0,139,54,328,128,0.0,0.7354497354497355,0.0,0.7297297297297297
sqr,185,28,0,0,129,19,314,47,0.0,0.6972972972972973,0.0,0.6785714285714286
range,182,4,0,0,130,3,312,7,0.0,0.7142857142857143,0.0,0.75
g,190,11,0,0,101,7,291,18,0.0,0.531578947368421,0.0,0.6363636363636364
d,161,2,0,0,105,1,266,3,0.0,0.6521739130434783,0.0,0.5
insert,156,23,0,0,110,17,266,40,0.0,0.7051282051282052,0.0,0.7391304347826086
merge,151,37,0,0,93,28,244,65,0.0,0.6158940397350994,0.0,0.7567567567567568
inc,134,17,0,0,108,13,242,30,0.0,0.8059701492537313,0.0,0.7647058823529411
go,134,26,0,0,83,17,217,43,0.0,0.6194029850746269,0.0,0.6538461538461539
W,108,1,0,0,108,1,216,2,0.0,1.0,0.0,1.0
sum,119,18,0,0,85,16,204,34,0.0,0.7142857142857143,0.0,0.8888888888888888
mul,113,23,0,0,90,14,203,37,0.0,0.7964601769911505,0.0,0.6086956521739131
modify,105,8,0,0,92,5,197,13,0.0,0.8761904761904762,0.0,0.625
c,101,1,0,0,94,1,195,2,0.0,0.9306930693069307,0.0,1.0
cmp,114,53,0,0,80,38,194,91,0.0,0.7017543859649122,0.0,0.7169811320754716
push,130,21,4,1,60,11,194,33,0.03076923076923077,0.46153846153846156,0.047619047619047616,0.5238095238095238
max,105,10,0,0,88,9,193,19,0.0,0.8380952380952381,0.0,0.9
lcm,75,58,53,5,55,34,183,97,0.7066666666666667,0.7333333333333333,0.08620689655172414,0.5862068965517241
dot,93,12,0,0,90,11,183,23,0.0,0.967741935483871,0.0,0.9166666666666666
dfs2,104,27,0,0,78,22,182,49,0.0,0.75,0.0,0.8148148148148148
C,122,22,0,0,54,16,176,38,0.0,0.4426229508196721,0.0,0.7272727272727273
sign,101,27,0,0,71,16,172,43,0.0,0.7029702970297029,0.0,0.5925925925925926
cross,92,14,0,0,78,11,170,25,0.0,0.8478260869565217,0.0,0.7857142857142857
scf,80,1,0,0,80,1,160,2,0.0,1.0,0.0,1.0
E,80,3,0,0,80,3,160,6,0.0,1.0,0.0,1.0
min,97,11,0,0,62,8,159,19,0.0,0.6391752577319587,0.0,0.7272727272727273
h,156,1,0,0,0,0,156,1,0.0,0.0,0.0,0.0
size,90,6,0,0,58,4,148,10,0.0,0.6444444444444445,0.0,0.6666666666666666
print,76,18,0,0,63,13,139,31,0.0,0.8289473684210527,0.0,0.7222222222222222
bfs,69,31,0,0,64,26,133,57,0.0,0.927536231884058,0.0,0.8387096774193549
dfs1,65,20,0,0,61,19,126,39,0.0,0.9384615384615385,0.0,0.95
change,67,10,0,0,59,7,126,17,0.0,0.8805970149253731,0.0,0.7
splay,65,5,0,0,61,5,126,10,0.0,0.9384615384615385,0.0,1.0
add_edge,66,14,0,0,52,12,118,26,0.0,0.7878787878787878,0.0,0.8571428571428571
cal,74,16,0,0,42,11,116,27,0.0,0.5675675675675675,0.0,0.6875
qu,112,2,0,0,0,0,112,2,0.0,0.0,0.0,0.0
DFS,58,15,0,0,52,14,110,29,0.0,0.896551724137931,0.0,0.9333333333333333
clear,51,13,0,0,47,11,98,24,0.0,0.9215686274509803,0.0,0.8461538461538461
count,55,7,0,0,41,4,96,11,0.0,0.7454545454545455,0.0,0.5714285714285714
Cross,51,4,0,0,45,4,96,8,0.0,0.8823529411764706,0.0,1.0
can,49,12,0,0,45,12,94,24,0.0,0.9183673469387755,0.0,1.0
mult,60,15,0,0,33,9,93,24,0.0,0.55,0.0,0.6
ask,48,13,0,0,45,12,93,25,0.0,0.9375,0.0,0.9230769230769231
deb,76,3,0,0,16,2,92,5,0.0,0.21052631578947367,0.0,0.6666666666666666
fi,92,1,0,0,0,0,92,1,0.0,0.0,0.0,0.0
work,51,18,0,0,40,14,91,32,0.0,0.7843137254901961,0.0,0.7777777777777778
addEdge,47,12,0,0,42,11,89,23,0.0,0.8936170212765957,0.0,0.9166666666666666
dcmp,45,7,0,0,44,6,89,13,0.0,0.9777777777777777,0.0,0.8571428571428571
SP,44,2,0,0,44,2,88,4,0.0,1.0,0.0,1.0
out,56,11,0,0,30,5,86,16,0.0,0.5357142857142857,0.0,0.45454545454545453
intersect,42,3,6,1,38,2,86,6,0.14285714285714285,0.9047619047619048,0.3333333333333333,0.6666666666666666
ins,49,5,0,0,37,3,86,8,0.0,0.7551020408163265,0.0,0.6
area,19,3,15,1,51,3,85,7,0.7894736842105263,2.6842105263157894,0.3333333333333333,1.0
nxt,41,8,0,0,41,8,82,16,0.0,1.0,0.0,1.0
SR,40,2,0,0,40,2,80,4,0.0,1.0,0.0,1.0
__f,48,6,0,0,32,4,80,10,0.0,0.6666666666666666,0.0,0.6666666666666666
phi,48,7,7,3,24,4,79,14,0.14583333333333334,0.5,0.42857142857142855,0.5714285714285714
point,39,1,0,0,39,1,78,2,0.0,1.0,0.0,1.0
up,39,6,0,0,39,6,78,12,0.0,1.0,0.0,1.0
sol,42,7,0,0,36,5,78,12,0.0,0.8571428571428571,0.0,0.7142857142857143
po,62,8,0,0,15,5,77,13,0.0,0.24193548387096775,0.0,0.625
Cl,38,1,0,0,38,1,76,2,0.0,1.0,0.0,1.0
st,38,1,0,0,38,1,76,2,0.0,1.0,0.0,1.0
comp,47,20,0,0,28,13,75,33,0.0,0.5957446808510638,0.0,0.65
rotate,42,7,7,1,26,6,75,14,0.16666666666666666,0.6190476190476191,0.14285714285714285,0.8571428571428571
pow,63,12,0,0,11,4,74,16,0.0,0.1746031746031746,0.0,0.3333333333333333
cpx,37,1,0,0,37,1,74,2,0.0,1.0,0.0,1.0
inv,49,15,0,0,23,10,72,25,0.0,0.46938775510204084,0.0,0.6666666666666666
y,35,1,0,0,35,1,70,2,0.0,1.0,0.0,1.0
input,43,16,0,0,27,10,70,26,0.0,0.627906976744186,0.0,0.625
ex,42,6,0,0,27,3,69,9,0.0,0.6428571428571429,0.0,0.5
mulmod,42,10,0,0,26,4,68,14,0.0,0.6190476190476191,0.0,0.4
Check,40,9,0,0,25,8,65,17,0.0,0.625,0.0,0.8888888888888888
Get,39,9,0,0,25,7,64,16,0.0,0.6410256410256411,0.0,0.7777777777777778
Merge,34,6,0,0,30,5,64,11,0.0,0.8823529411764706,0.0,0.8333333333333334
Num,31,1,0,0,31,1,62,2,0.0,1.0,0.0,1.0
Find,34,8,0,0,28,7,62,15,0.0,0.8235294117647058,0.0,0.875
del,33,7,0,0,29,7,62,14,0.0,0.8787878787878788,0.0,1.0
x,31,1,0,0,31,1,62,2,0.0,1.0,0.0,1.0
root,50,7,0,0,10,2,60,9,0.0,0.2,0.0,0.2857142857142857
Findy,34,1,0,0,26,1,60,2,0.0,0.7647058823529411,0.0,1.0
rot,30,4,0,0,30,4,60,8,0.0,1.0,0.0,1.0
Findx,34,1,0,0,26,1,60,2,0.0,0.7647058823529411,0.0,1.0
intersection,13,6,0,0,46,5,59,11,0.0,3.5384615384615383,0.0,0.8333333333333334
bigmod,34,11,0,0,24,9,58,20,0.0,0.7058823529411765,0.0,0.8181818181818182
rep,7,2,0,0,51,3,58,5,0.0,7.285714285714286,0.0,1.5
split,46,8,0,0,11,4,57,12,0.0,0.2391304347826087,0.0,0.5
Dist,28,3,0,0,28,3,56,6,0.0,1.0,0.0,1.0
bits_count,40,5,0,0,16,2,56,7,0.0,0.4,0.0,0.4
summodfast,40,5,0,0,16,2,56,7,0.0,0.4,0.0,0.4
pw,36,12,0,0,18,7,54,19,0.0,0.5,0.0,0.5833333333333334
set,27,4,0,0,27,4,54,8,0.0,1.0,0.0,1.0
lca,30,14,0,0,24,11,54,25,0.0,0.8,0.0,0.7857142857142857
isPrime,13,9,23,7,18,8,54,24,1.7692307692307692,1.3846153846153846,0.7777777777777778,0.8888888888888888
ans,30,5,0,0,23,4,53,9,0.0,0.7666666666666667,0.0,0.8
P,36,5,0,0,17,2,53,7,0.0,0.4722222222222222,0.0,0.4
rhymes,0,0,53,2,0,0,53,2,,,,
distance,6,3,36,2,11,5,53,10,6.0,1.8333333333333333,0.6666666666666666,1.6666666666666667
powmod,33,28,0,0,19,17,52,45,0.0,0.5757575757575758,0.0,0.6071428571428571
gt,29,6,0,0,23,4,52,10,0.0,0.7931034482758621,0.0,0.6666666666666666
PutFrom66ToPos,26,1,0,0,26,1,52,2,0.0,1.0,0.0,1.0
PutTo66,26,1,0,0,26,1,52,2,0.0,1.0,0.0,1.0
is_prime,5,2,34,13,12,3,51,18,6.8,2.4,6.5,1.5
fin,34,2,0,0,17,2,51,4,0.0,0.5,0.0,1.0
Licz,49,2,0,0,2,1,51,3,0.0,0.04081632653061224,0.0,0.5
reduce,27,2,0,0,24,1,51,3,0.0,0.8888888888888888,0.0,0.5
readInt,25,6,0,0,25,6,50,12,0.0,1.0,0.0,1.0
Q,25,3,0,0,25,3,50,6,0.0,1.0,0.0,1.0
Gcd,30,6,0,0,20,4,50,10,0.0,0.6666666666666666,0.0,0.6666666666666666
err,26,3,0,0,24,2,50,5,0.0,0.9230769230769231,0.0,0.6666666666666666
CHECK,49,1,0,0,0,0,49,1,0.0,0.0,0.0,0.0
Add,29,9,0,0,20,6,49,15,0.0,0.6896551724137931,0.0,0.6666666666666666
join,24,5,0,0,24,4,48,9,0.0,1.0,0.0,0.8
_dbg,24,3,0,0,24,3,48,6,0.0,1.0,0.0,1.0
intersectionWith,24,1,0,0,24,1,48,2,0.0,1.0,0.0,1.0
dbg,24,1,0,0,24,1,48,2,0.0,1.0,0.0,1.0
setmax,31,20,0,0,17,13,48,33,0.0,0.5483870967741935,0.0,0.65
ok,27,11,0,0,20,9,47,20,0.0,0.7407407407407407,0.0,0.8181818181818182
pre,31,10,0,0,16,6,47,16,0.0,0.5161290322580645,0.0,0.6
smin,27,22,0,0,20,16,47,38,0.0,0.7407407407407407,0.0,0.7272727272727273
RI,24,4,0,0,23,3,47,7,0.0,0.9583333333333334,0.0,0.75
t,47,1,0,0,0,0,47,1,0.0,0.0,0.0,0.0
DOWN,44,1,0,0,3,1,47,2,0.0,0.06818181818181818,0.0,1.0
down,24,7,0,0,22,6,46,13,0.0,0.9166666666666666,0.0,0.8571428571428571
writeChar,23,4,0,0,23,4,46,8,0.0,1.0,0.0,1.0
modpow,32,7,0,0,13,3,45,10,0.0,0.40625,0.0,0.42857142857142855
RIGHT,41,1,0,0,4,1,45,2,0.0,0.0975609756097561,0.0,1.0
s,23,1,0,0,22,1,45,2,0.0,0.9565217391304348,0.0,1.0
faltu,45,3,0,0,0,0,45,3,0.0,0.0,0.0,0.0
Print,24,6,0,0,21,5,45,11,0.0,0.875,0.0,0.8333333333333334
binpow,27,7,0,0,18,5,45,12,0.0,0.6666666666666666,0.0,0.7142857142857143
F,29,5,0,0,15,2,44,7,0.0,0.5172413793103449,0.0,0.4
erase,25,4,0,0,19,3,44,7,0.0,0.76,0.0,0.75
getChar,22,4,0,0,22,4,44,8,0.0,1.0,0.0,1.0
fun,34,5,0,0,10,3,44,8,0.0,0.29411764705882354,0.0,0.6
Matrix,22,1,0,0,22,1,44,2,0.0,1.0,0.0,1.0
scani,22,1,0,0,22,1,44,2,0.0,1.0,0.0,1.0
S,23,3,0,0,21,2,44,5,0.0,0.9130434782608695,0.0,0.6666666666666666
gao,23,8,0,0,20,7,43,15,0.0,0.8695652173913043,0.0,0.875
rec,23,5,0,0,20,4,43,9,0.0,0.8695652173913043,0.0,0.8
unite,10,4,22,9,11,5,43,18,2.2,1.1,2.25,1.25
concat,21,2,0,0,21,2,42,4,0.0,1.0,0.0,1.0
inverse,22,5,2,1,18,2,42,8,0.09090909090909091,0.8181818181818182,0.2,0.4
dj,21,1,0,0,21,1,42,2,0.0,1.0,0.0,1.0
mini,21,8,0,0,21,8,42,16,0.0,1.0,0.0,1.0
write,23,9,0,0,19,7,42,16,0.0,0.8260869565217391,0.0,0.7777777777777778
nb,21,1,0,0,21,1,42,2,0.0,1.0,0.0,1.0
sieve,23,8,0,0,18,6,41,14,0.0,0.782608695652174,0.0,0.75
setmin,24,19,0,0,17,12,41,31,0.0,0.7083333333333334,0.0,0.631578947368421
dis,22,6,0,0,19,5,41,11,0.0,0.8636363636363636,0.0,0.8333333333333334
norm,25,7,0,0,16,5,41,12,0.0,0.64,0.0,0.7142857142857143
pushup,28,2,0,0,13,2,41,4,0.0,0.4642857142857143,0.0,1.0
fft,29,7,0,0,11,3,40,10,0.0,0.3793103448275862,0.0,0.42857142857142855
findver,20,1,0,0,20,1,40,2,0.0,1.0,0.0,1.0
findhor,20,1,0,0,20,1,40,2,0.0,1.0,0.0,1.0
isIntersecting,20,1,0,0,20,1,40,2,0.0,1.0,0.0,1.0
PL,20,2,0,0,20,2,40,4,0.0,1.0,0.0,1.0
smax,22,21,0,0,16,15,38,36,0.0,0.7272727272727273,0.0,0.7142857142857143
sq,19,3,0,0,19,3,38,6,0.0,1.0,0.0,1.0
eq,20,4,0,0,18,3,38,7,0.0,0.9,0.0,0.75
combinations,2,1,26,8,9,3,37,12,13.0,4.5,8.0,3.0
Query,22,4,0,0,15,3,37,7,0.0,0.6818181818181818,0.0,0.75
fill,30,5,0,0,7,3,37,8,0.0,0.23333333333333334,0.0,0.6
chmax,22,10,0,0,15,5,37,15,0.0,0.6818181818181818,0.0,0.5
bs,19,4,0,0,18,4,37,8,0.0,0.9473684210526315,0.0,1.0
equal,24,5,0,0,13,4,37,9,0.0,0.5416666666666666,0.0,0.8
fix,31,4,0,0,5,1,36,5,0.0,0.16129032258064516,0.0,0.25
debug,23,7,0,0,13,4,36,11,0.0,0.5652173913043478,0.0,0.5714285714285714
fpow,28,6,0,0,8,4,36,10,0.0,0.2857142857142857,0.0,0.6666666666666666
fast,23,6,0,0,13,3,36,9,0.0,0.5652173913043478,0.0,0.5
pluss,18,1,0,0,18,1,36,2,0.0,1.0,0.0,1.0
dp,24,6,0,0,12,3,36,9,0.0,0.5,0.0,0.5
sort,18,1,0,0,18,1,36,2,0.0,1.0,0.0,1.0
Node,22,1,0,0,14,1,36,2,0.0,0.6363636363636364,0.0,1.0
POW,23,7,0,0,12,4,35,11,0.0,0.5217391304347826,0.0,0.5714285714285714
on,28,2,0,0,7,1,35,3,0.0,0.25,0.0,0.5
getmod,21,3,0,0,14,2,35,5,0.0,0.6666666666666666,0.0,0.6666666666666666
LCA,21,7,0,0,14,5,35,12,0.0,0.6666666666666666,0.0,0.7142857142857143
isLucky,4,2,19,9,12,5,35,16,4.75,3.0,4.5,2.5
chmin,22,8,0,0,13,5,35,13,0.0,0.5909090909090909,0.0,0.625
G,17,3,0,0,17,3,34,6,0.0,1.0,0.0,1.0
dfs3,17,5,0,0,17,5,34,10,0.0,1.0,0.0,1.0
lazy,10,1,0,0,24,1,34,2,0.0,2.4,0.0,1.0
lower_bound,17,2,0,0,17,2,34,4,0.0,1.0,0.0,1.0
get_sum,17,4,0,0,17,4,34,8,0.0,1.0,0.0,1.0
answer,22,5,0,0,11,3,33,8,0.0,0.5,0.0,0.6
abs,25,13,0,0,8,5,33,18,0.0,0.32,0.0,0.38461538461538464
b,30,1,0,0,3,1,33,2,0.0,0.1,0.0,1.0
play,16,1,0,0,16,1,32,2,0.0,1.0,0.0,1.0
toInt,19,17,0,0,13,12,32,29,0.0,0.6842105263157895,0.0,0.7058823529411765
fme,28,2,0,0,4,1,32,3,0.0,0.14285714285714285,0.0,0.5
make_edge,16,1,0,0,16,1,32,2,0.0,1.0,0.0,1.0
assign,16,1,0,0,16,1,32,2,0.0,1.0,0.0,1.0
L,16,1,0,0,16,1,32,2,0.0,1.0,0.0,1.0
sgn,19,11,0,0,13,6,32,17,0.0,0.6842105263157895,0.0,0.5454545454545454
gc,16,3,0,0,16,3,32,6,0.0,1.0,0.0,1.0
addedge,16,3,0,0,16,3,32,6,0.0,1.0,0.0,1.0
func,22,10,0,0,10,5,32,15,0.0,0.45454545454545453,0.0,0.5
normal,24,3,0,0,8,1,32,4,0.0,0.3333333333333333,0.0,0.3333333333333333
squareDist,16,1,0,0,16,1,32,2,0.0,1.0,0.0,1.0
In,16,4,0,0,16,4,32,8,0.0,1.0,0.0,1.0
LEFT,29,1,0,0,3,1,32,2,0.0,0.10344827586206896,0.0,1.0
Dfs,19,6,0,0,12,4,31,10,0.0,0.631578947368421,0.0,0.6666666666666666
parse,17,4,0,0,14,3,31,7,0.0,0.8235294117647058,0.0,0.75
Get_val,15,1,0,0,15,1,30,2,0.0,1.0,0.0,1.0
color,15,1,0,0,15,1,30,2,0.0,1.0,0.0,1.0
StringInt,30,3,0,0,0,0,30,3,0.0,0.0,0.0,0.0
cross_product,0,0,28,8,2,1,30,9,,,,
pwr,16,7,0,0,14,5,30,12,0.0,0.875,0.0,0.7142857142857143
lowbit,16,6,0,0,14,4,30,10,0.0,0.875,0.0,0.6666666666666666
id,15,2,0,0,15,2,30,4,0.0,1.0,0.0,1.0
Lcm,18,6,0,0,12,4,30,10,0.0,0.6666666666666666,0.0,0.6666666666666666
ud,24,2,0,0,6,1,30,3,0.0,0.25,0.0,0.5
chkmin,17,12,0,0,13,9,30,21,0.0,0.7647058823529411,0.0,0.75
append,16,5,0,0,14,4,30,9,0.0,0.875,0.0,0.8
fre,18,6,0,0,12,4,30,10,0.0,0.6666666666666666,0.0,0.6666666666666666
modInverse,7,4,11,6,11,6,29,16,1.5714285714285714,1.5714285714285714,1.5,1.5
eval,15,3,0,0,14,3,29,6,0.0,0.9333333333333333,0.0,1.0
Read,17,3,0,0,12,2,29,5,0.0,0.7058823529411765,0.0,0.6666666666666666
rem,17,5,0,0,11,3,28,8,0.0,0.6470588235294118,0.0,0.6
bin_pow,18,5,0,0,10,3,28,8,0.0,0.5555555555555556,0.0,0.6
addmodfast,20,5,0,0,8,2,28,7,0.0,0.4,0.0,0.4
chkmax,19,12,0,0,9,9,28,21,0.0,0.47368421052631576,0.0,0.75
SA_IS,14,1,0,0,14,1,28,2,0.0,1.0,0.0,1.0
binPow,15,3,0,0,13,3,28,6,0.0,0.8666666666666667,0.0,1.0
apply,14,2,0,0,14,2,28,4,0.0,1.0,0.0,1.0
getans,14,4,0,0,14,4,28,8,0.0,1.0,0.0,1.0
submodfast,20,5,0,0,8,2,28,7,0.0,0.4,0.0,0.4
GI,14,2,0,0,14,2,28,4,0.0,1.0,0.0,1.0
relax,20,2,0,0,8,1,28,3,0.0,0.4,0.0,0.5
zeta,14,1,0,0,14,1,28,2,0.0,1.0,0.0,1.0
rev,18,5,3,1,6,2,27,8,0.16666666666666666,0.3333333333333333,0.2,0.4
next,18,4,0,0,9,2,27,6,0.0,0.5,0.0,0.5
ff,16,5,0,0,11,3,27,8,0.0,0.6875,0.0,0.6
sci,15,4,0,0,12,1,27,5,0.0,0.8,0.0,0.25
pos,19,4,0,0,8,3,27,7,0.0,0.42105263157894735,0.0,0.75
readChar,13,4,0,0,13,4,26,8,0.0,1.0,0.0,1.0
prod,26,1,0,0,0,0,26,1,0.0,0.0,0.0,0.0
dijkstra,14,6,0,0,12,6,26,12,0.0,0.8571428571428571,0.0,1.0
Min,17,4,0,0,9,3,26,7,0.0,0.5294117647058824,0.0,0.75
is_lucky,0,0,18,7,8,2,26,9,,,,
process,15,6,0,0,11,4,26,10,0.0,0.7333333333333333,0.0,0.6666666666666666
spfa,14,4,0,0,12,3,26,7,0.0,0.8571428571428571,0.0,0.75
bin,17,6,0,0,9,3,26,9,0.0,0.5294117647058824,0.0,0.5
UP,23,1,0,0,3,1,26,2,0.0,0.13043478260869565,0.0,1.0
bins,22,2,0,0,4,1,26,3,0.0,0.18181818181818182,0.0,0.5
simple,14,2,0,0,11,1,25,3,0.0,0.7857142857142857,0.0,0.5
isValid,3,1,16,4,6,2,25,7,5.333333333333333,2.0,4.0,2.0
evaluate,2,1,21,5,2,1,25,7,10.5,1.0,5.0,1.0
isVowel,12,6,3,1,10,5,25,12,0.25,0.8333333333333334,0.16666666666666666,0.8333333333333334
amax,14,7,0,0,11,4,25,11,0.0,0.7857142857142857,0.0,0.5714285714285714
left,14,4,0,0,11,3,25,7,0.0,0.7857142857142857,0.0,0.75
Points,8,1,0,0,17,1,25,2,0.0,2.125,0.0,1.0
getDistance,13,2,0,0,12,2,25,4,0.0,0.9230769230769231,0.0,1.0
gen,15,5,0,0,10,4,25,9,0.0,0.6666666666666666,0.0,0.8
move,8,3,0,0,17,3,25,6,0.0,2.125,0.0,1.0
len,16,5,0,0,9,3,25,8,0.0,0.5625,0.0,0.6
get_left_not_less,12,1,0,0,12,1,24,2,0.0,1.0,0.0,1.0
dump,12,2,0,0,12,2,24,4,0.0,1.0,0.0,1.0
Less,14,6,0,0,10,4,24,10,0.0,0.7142857142857143,0.0,0.6666666666666666
dor,12,1,0,0,12,1,24,2,0.0,1.0,0.0,1.0
mod,17,5,0,0,7,3,24,8,0.0,0.4117647058823529,0.0,0.6
nCr,1,1,18,6,5,3,24,10,18.0,5.0,6.0,3.0
pushdown,14,4,0,0,10,3,24,7,0.0,0.7142857142857143,0.0,0.75
Cal,12,1,0,0,12,1,24,2,0.0,1.0,0.0,1.0
lower,12,2,0,0,12,2,24,4,0.0,1.0,0.0,1.0
BinDec,24,3,0,0,0,0,24,3,0.0,0.0,0.0,0.0
writeInt,12,5,0,0,12,5,24,10,0.0,1.0,0.0,1.0
inter,12,3,0,0,12,3,24,6,0.0,1.0,0.0,1.0
clz,12,1,0,0,12,1,24,2,0.0,1.0,0.0,1.0
con,14,3,0,0,10,1,24,4,0.0,0.7142857142857143,0.0,0.3333333333333333
serere,12,2,0,0,12,2,24,4,0.0,1.0,0.0,1.0
printarray,16,5,0,0,7,2,23,7,0.0,0.4375,0.0,0.4
output,23,3,0,0,0,0,23,3,0.0,0.0,0.0,0.0
compute,10,2,0,0,13,2,23,4,0.0,1.3,0.0,1.0
get2,13,3,0,0,10,2,23,5,0.0,0.7692307692307693,0.0,0.6666666666666666
flush,13,3,0,0,10,2,23,5,0.0,0.7692307692307693,0.0,0.6666666666666666
Solve,15,6,0,0,8,3,23,9,0.0,0.5333333333333333,0.0,0.5
run,12,5,0,0,10,4,22,9,0.0,0.8333333333333334,0.0,0.8
flow,11,3,0,0,11,3,22,6,0.0,1.0,0.0,1.0
For,11,1,0,0,11,1,22,2,0.0,1.0,0.0,1.0
cnt,17,3,0,0,5,2,22,5,0.0,0.29411764705882354,0.0,0.6666666666666666
sig,11,1,0,0,11,1,22,2,0.0,1.0,0.0,1.0
getSum,10,3,0,0,12,3,22,6,0.0,1.2,0.0,1.0
read_int,11,3,0,0,11,3,22,6,0.0,1.0,0.0,1.0
a,22,1,0,0,0,0,22,1,0.0,0.0,0.0,0.0
BFS,12,5,0,0,10,4,22,9,0.0,0.8333333333333334,0.0,0.8
isPalindrome,0,0,20,8,2,1,22,9,,,,
contains,11,1,0,0,11,1,22,2,0.0,1.0,0.0,1.0
multiply,10,3,0,0,11,3,21,6,0.0,1.1,0.0,1.0
right,12,3,0,0,9,2,21,5,0.0,0.75,0.0,0.6666666666666666
normmod,15,5,0,0,6,2,21,7,0.0,0.4,0.0,0.4
isprime,11,6,0,0,10,4,21,10,0.0,0.9090909090909091,0.0,0.6666666666666666
forn,21,2,0,0,0,0,21,2,0.0,0.0,0.0,0.0
sub,14,4,0,0,7,3,21,7,0.0,0.5,0.0,0.75
remove,14,5,0,0,7,2,21,7,0.0,0.5,0.0,0.4
pasa,14,1,0,0,7,1,21,2,0.0,0.5,0.0,1.0
make,12,4,0,0,9,3,21,7,0.0,0.75,0.0,0.75
_p,14,2,0,0,7,1,21,3,0.0,0.5,0.0,0.5
toString,12,4,0,0,9,3,21,7,0.0,0.75,0.0,0.75
getsz,10,1,0,0,10,1,20,2,0.0,1.0,0.0,1.0
new_node,11,3,0,0,9,2,20,5,0.0,0.8181818181818182,0.0,0.6666666666666666
pushFlow,10,1,0,0,10,1,20,2,0.0,1.0,0.0,1.0
tCHECK,20,1,0,0,0,0,20,1,0.0,0.0,0.0,0.0
Bigmod,12,6,0,0,8,4,20,10,0.0,0.6666666666666666,0.0,0.6666666666666666
propagate,10,2,0,0,10,2,20,4,0.0,1.0,0.0,1.0
st_upd,13,2,0,0,7,1,20,3,0.0,0.5384615384615384,0.0,0.5
put,16,3,0,0,4,1,20,4,0.0,0.25,0.0,0.3333333333333333
link,10,2,0,0,10,2,20,4,0.0,1.0,0.0,1.0
get_ans,13,6,0,0,7,3,20,9,0.0,0.5384615384615384,0.0,0.5
movedep,10,2,0,0,10,2,20,4,0.0,1.0,0.0,1.0
vec,10,2,0,0,10,2,20,4,0.0,1.0,0.0,1.0
poww,11,3,0,0,9,3,20,6,0.0,0.8181818181818182,0.0,1.0
maxi,10,5,0,0,10,5,20,10,0.0,1.0,0.0,1.0
ret,10,2,0,0,10,2,20,4,0.0,1.0,0.0,1.0
dfsCiclos,20,2,0,0,0,0,20,2,0.0,0.0,0.0,0.0
rs,11,3,0,0,8,2,19,5,0.0,0.7272727272727273,0.0,0.6666666666666666
disjoint,7,1,0,0,12,1,19,2,0.0,1.7142857142857142,0.0,1.0
findSet,19,2,0,0,0,0,19,2,0.0,0.0,0.0,0.0
upmax,11,5,0,0,8,4,19,9,0.0,0.7272727272727273,0.0,0.8
genera,13,2,0,0,6,1,19,3,0.0,0.46153846153846156,0.0,0.5
Update,11,3,0,0,8,2,19,5,0.0,0.7272727272727273,0.0,0.6666666666666666
prime,8,5,0,0,11,4,19,9,0.0,1.375,0.0,0.8
getAns,10,2,0,0,9,2,19,4,0.0,0.9,0.0,1.0
umin,11,6,0,0,8,3,19,9,0.0,0.7272727272727273,0.0,0.5
kpow,10,5,0,0,9,4,19,9,0.0,0.9,0.0,0.8
ccw,13,4,0,0,6,2,19,6,0.0,0.46153846153846156,0.0,0.5
cover,11,2,0,0,8,2,19,4,0.0,0.7272727272727273,0.0,1.0
Build,14,3,0,0,4,1,18,4,0.0,0.2857142857142857,0.0,0.3333333333333333
complex_t,9,1,0,0,9,1,18,2,0.0,1.0,0.0,1.0
mrg,9,2,0,0,9,2,18,4,0.0,1.0,0.0,1.0
load,10,5,0,0,8,4,18,9,0.0,0.8,0.0,0.8
tra,9,1,0,0,9,1,18,2,0.0,1.0,0.0,1.0
hash_suffices,12,2,0,0,6,1,18,3,0.0,0.5,0.0,0.5
add1,9,2,0,0,9,2,18,4,0.0,1.0,0.0,1.0
side,9,1,0,0,9,1,18,2,0.0,1.0,0.0,1.0
mv0,9,1,0,0,9,1,18,2,0.0,1.0,0.0,1.0
Count,7,2,0,0,11,2,18,4,0.0,1.5714285714285714,0.0,1.0
querry,18,1,0,0,0,0,18,1,0.0,0.0,0.0,0.0
foo,10,2,0,0,8,1,18,3,0.0,0.8,0.0,0.5
naqiz,9,1,0,0,9,1,18,2,0.0,1.0,0.0,1.0
factor,9,1,0,0,9,1,18,2,0.0,1.0,0.0,1.0
NOT,18,1,0,0,0,0,18,1,0.0,0.0,0.0,0.0
allBlack,9,1,0,0,9,1,18,2,0.0,1.0,0.0,1.0
valid,11,5,0,0,7,3,18,8,0.0,0.6363636363636364,0.0,0.6
isInSegment,9,1,0,0,9,1,18,2,0.0,1.0,0.0,1.0
lol,14,3,0,0,4,1,18,4,0.0,0.2857142857142857,0.0,0.3333333333333333
get_mask,11,2,2,1,5,1,18,4,0.18181818181818182,0.45454545454545453,0.5,0.5
isSquare,8,1,2,1,8,1,18,3,0.25,1.0,1.0,1.0
orientation,0,0,18,3,0,0,18,3,,,,
isRectangle,8,1,2,1,8,1,18,3,0.25,1.0,1.0,1.0
precalc,12,6,0,0,6,3,18,9,0.0,0.5,0.0,0.5
reset,10,6,0,0,8,5,18,11,0.0,0.8,0.0,0.8333333333333334
combine,8,2,0,0,9,2,17,4,0.0,1.125,0.0,1.0
Max,13,3,0,0,4,2,17,5,0.0,0.3076923076923077,0.0,0.6666666666666666
Insert,11,2,0,0,6,1,17,3,0.0,0.5454545454545454,0.0,0.5
llpow,9,1,0,0,8,1,17,2,0.0,0.8888888888888888,0.0,1.0
hash,8,1,0,0,9,1,17,2,0.0,1.125,0.0,1.0
remax,15,2,0,0,1,1,16,3,0.0,0.06666666666666667,0.0,0.5
Swap,13,1,0,0,3,1,16,2,0.0,0.23076923076923078,0.0,1.0
PS,8,1,0,0,8,1,16,2,0.0,1.0,0.0,1.0
lessOrEq,8,1,0,0,8,1,16,2,0.0,1.0,0.0,1.0
mark,8,1,0,0,8,1,16,2,0.0,1.0,0.0,1.0
Fab,8,1,0,0,8,1,16,2,0.0,1.0,0.0,1.0
days,7,1,0,0,9,1,16,2,0.0,1.2857142857142858,0.0,1.0
gp,8,1,0,0,8,1,16,2,0.0,1.0,0.0,1.0
value_for_other,8,1,0,0,8,1,16,2,0.0,1.0,0.0,1.0
exists,11,1,0,0,5,1,16,2,0.0,0.45454545454545453,0.0,1.0
PR,8,4,0,0,8,4,16,8,0.0,1.0,0.0,1.0
isLeft,9,7,0,0,7,5,16,12,0.0,0.7777777777777778,0.0,0.7142857142857143
modinverse,9,9,0,0,7,7,16,16,0.0,0.7777777777777778,0.0,0.7777777777777778
cut,8,2,0,0,8,2,16,4,0.0,1.0,0.0,1.0
factorial,4,2,10,3,2,1,16,6,2.5,0.5,1.5,0.5
show,10,3,0,0,6,2,16,5,0.0,0.6,0.0,0.6666666666666666
getP,7,2,0,0,9,2,16,4,0.0,1.2857142857142858,0.0,1.0
Modify,8,2,0,0,8,2,16,4,0.0,1.0,0.0,1.0
find2,8,1,0,0,8,1,16,2,0.0,1.0,0.0,1.0
pop,12,3,0,0,4,2,16,5,0.0,0.3333333333333333,0.0,0.6666666666666666
fill_layers,8,1,0,0,8,1,16,2,0.0,1.0,0.0,1.0
det,8,3,0,0,8,3,16,6,0.0,1.0,0.0,1.0
dfs_ans,10,3,0,0,6,2,16,5,0.0,0.6,0.0,0.6666666666666666
camino,16,1,0,0,0,0,16,1,0.0,0.0,0.0,0.0
getmin,13,5,0,0,3,2,16,7,0.0,0.23076923076923078,0.0,0.4
ppDistance,10,1,0,0,6,1,16,2,0.0,0.6,0.0,1.0
dbs,8,1,0,0,8,1,16,2,0.0,1.0,0.0,1.0
bad,8,3,0,0,8,3,16,6,0.0,1.0,0.0,1.0
make_range,9,2,0,0,7,1,16,3,0.0,0.7777777777777778,0.0,0.5
getVal,8,2,0,0,8,2,16,4,0.0,1.0,0.0,1.0
modMul,12,3,0,0,4,1,16,4,0.0,0.3333333333333333,0.0,0.3333333333333333
Generate,8,1,0,0,8,1,16,2,0.0,1.0,0.0,1.0
mk,8,1,0,0,8,1,16,2,0.0,1.0,0.0,1.0
writeWord,8,4,0,0,8,4,16,8,0.0,1.0,0.0,1.0
reverse,9,2,0,0,7,1,16,3,0.0,0.7777777777777778,0.0,0.5
query2,11,2,0,0,5,1,16,3,0.0,0.45454545454545453,0.0,0.5
satisfy,8,1,0,0,8,1,16,2,0.0,1.0,0.0,1.0
pidorand,8,4,0,0,8,4,16,8,0.0,1.0,0.0,1.0
judge,11,3,0,0,4,2,15,5,0.0,0.36363636363636365,0.0,0.6666666666666666
qry,13,4,0,0,2,1,15,5,0.0,0.15384615384615385,0.0,0.25
scan,9,3,0,0,6,2,15,5,0.0,0.6666666666666666,0.0,0.6666666666666666
adde,11,2,0,0,4,1,15,3,0.0,0.36363636363636365,0.0,0.5
Gen,9,3,0,0,6,2,15,5,0.0,0.6666666666666666,0.0,0.6666666666666666
unit,7,2,0,0,7,2,14,4,0.0,1.0,0.0,1.0
mem,7,1,0,0,7,1,14,2,0.0,1.0,0.0,1.0
getBest,8,3,0,0,6,2,14,5,0.0,0.75,0.0,0.6666666666666666
get_hash,6,2,0,0,8,3,14,5,0.0,1.3333333333333333,0.0,1.5
less,12,1,0,0,2,1,14,2,0.0,0.16666666666666666,0.0,1.0
onSegment,0,0,14,2,0,0,14,2,,,,
smd,7,1,0,0,7,1,14,2,0.0,1.0,0.0,1.0
mpow,7,3,0,0,7,3,14,6,0.0,1.0,0.0,1.0
obtenpadre,8,1,0,0,6,1,14,2,0.0,0.75,0.0,1.0
relabel,7,2,0,0,7,2,14,4,0.0,1.0,0.0,1.0
mn,14,1,0,0,0,0,14,1,0.0,0.0,0.0,0.0
dsu_get,7,1,0,0,7,1,14,2,0.0,1.0,0.0,1.0
dis2,7,2,0,0,7,2,14,4,0.0,1.0,0.0,1.0
is_valid,0,0,14,7,0,0,14,7,,,,
vecDir,7,1,0,0,7,1,14,2,0.0,1.0,0.0,1.0
Del,9,4,0,0,5,2,14,6,0.0,0.5555555555555556,0.0,0.5
fuck,7,1,0,0,7,1,14,2,0.0,1.0,0.0,1.0
getd,11,3,0,0,3,2,14,5,0.0,0.2727272727272727,0.0,0.6666666666666666
de,14,1,0,0,0,0,14,1,0.0,0.0,0.0,0.0
dfs_hash,7,1,0,0,7,1,14,2,0.0,1.0,0.0,1.0
rd,7,2,0,0,7,2,14,4,0.0,1.0,0.0,1.0
lcp,10,2,2,1,2,1,14,4,0.2,0.2,0.5,0.5
izeta,7,1,0,0,7,1,14,2,0.0,1.0,0.0,1.0
gcdex,10,5,0,0,4,2,14,7,0.0,0.4,0.0,0.4
readli,7,1,0,0,7,1,14,2,0.0,1.0,0.0,1.0
getVector,7,1,0,0,7,1,14,2,0.0,1.0,0.0,1.0
factorize,10,2,0,0,4,1,14,3,0.0,0.4,0.0,0.5
AddEdge,9,2,0,0,5,1,14,3,0.0,0.5555555555555556,0.0,0.5
clc,7,2,0,0,7,2,14,4,0.0,1.0,0.0,1.0
dfs_up,7,2,0,0,7,2,14,4,0.0,1.0,0.0,1.0
escribe,14,1,0,0,0,0,14,1,0.0,0.0,0.0,0.0
from,7,1,0,0,7,1,14,2,0.0,1.0,0.0,1.0
regs,7,1,0,0,7,1,14,2,0.0,1.0,0.0,1.0
xmul,7,1,0,0,7,1,14,2,0.0,1.0,0.0,1.0
_Find,8,2,0,0,6,2,14,4,0.0,0.75,0.0,1.0
upper,9,2,0,0,5,1,14,3,0.0,0.5555555555555556,0.0,0.5
Calculate,7,1,0,0,7,1,14,2,0.0,1.0,0.0,1.0
getNxt,7,2,0,0,7,2,14,4,0.0,1.0,0.0,1.0
Tarjan,7,2,0,0,7,2,14,4,0.0,1.0,0.0,1.0
dfs_down,7,2,0,0,7,2,14,4,0.0,1.0,0.0,1.0
fast_power,8,3,0,0,6,2,14,5,0.0,0.75,0.0,0.6666666666666666
meterlosdedentro,7,1,0,0,7,1,14,2,0.0,1.0,0.0,1.0
delet,7,3,0,0,7,3,14,6,0.0,1.0,0.0,1.0
trans,7,1,0,0,7,1,14,2,0.0,1.0,0.0,1.0
begin,8,2,0,0,6,1,14,3,0.0,0.75,0.0,0.5
Go,8,2,0,0,6,1,14,3,0.0,0.75,0.0,0.5
sg,7,2,0,0,6,2,13,4,0.0,0.8571428571428571,0.0,1.0
invmod,8,3,0,0,5,2,13,5,0.0,0.625,0.0,0.6666666666666666
get_max,11,2,0,0,2,1,13,3,0.0,0.18181818181818182,0.0,0.5
end,9,2,0,0,4,1,13,3,0.0,0.4444444444444444,0.0,0.5
pr,6,2,0,0,7,2,13,4,0.0,1.1666666666666667,0.0,1.0
rnd,9,7,0,0,4,4,13,11,0.0,0.4444444444444444,0.0,0.5714285714285714
qp,7,5,0,0,6,4,13,9,0.0,0.8571428571428571,0.0,0.8
upmin,9,5,0,0,4,4,13,9,0.0,0.4444444444444444,0.0,0.8
chu,11,2,0,0,2,1,13,3,0.0,0.18181818181818182,0.0,0.5
cube,7,1,0,0,6,1,13,2,0.0,0.8571428571428571,0.0,1.0
kruskal,2,1,9,2,2,1,13,4,4.5,1.0,2.0,1.0
getRes,9,3,0,0,4,1,13,4,0.0,0.4444444444444444,0.0,0.3333333333333333
generate_lucky_numbers,0,0,8,2,5,1,13,3,,,,
initialize,6,2,0,0,7,2,13,4,0.0,1.1666666666666667,0.0,1.0
preprocess,4,2,7,1,2,1,13,4,1.75,0.5,0.5,0.5
dis_angel,13,1,0,0,0,0,13,1,0.0,0.0,0.0,0.0
segTree_mul,6,1,0,0,6,1,12,2,0.0,1.0,0.0,1.0
GP,6,1,0,0,6,1,12,2,0.0,1.0,0.0,1.0
inclusiveRange,6,1,0,0,6,1,12,2,0.0,1.0,0.0,1.0
renew,6,1,0,0,6,1,12,2,0.0,1.0,0.0,1.0
D,6,1,0,0,6,1,12,2,0.0,1.0,0.0,1.0
putn,12,3,0,0,0,0,12,3,0.0,0.0,0.0,0.0
efs,6,2,0,0,6,2,12,4,0.0,1.0,0.0,1.0
meterlosdefuera,6,1,0,0,6,1,12,2,0.0,1.0,0.0,1.0
checkVer,6,1,0,0,6,1,12,2,0.0,1.0,0.0,1.0
include,6,1,0,0,6,1,12,2,0.0,1.0,0.0,1.0
kth_query,6,1,0,0,6,1,12,2,0.0,1.0,0.0,1.0
tri,6,1,0,0,6,1,12,2,0.0,1.0,0.0,1.0
canFill,6,1,0,0,6,1,12,2,0.0,1.0,0.0,1.0
m,12,2,0,0,0,0,12,2,0.0,0.0,0.0,0.0
isFractal,6,1,0,0,6,1,12,2,0.0,1.0,0.0,1.0
bsearch,6,2,0,0,6,2,12,4,0.0,1.0,0.0,1.0
qpow,6,2,0,0,6,2,12,4,0.0,1.0,0.0,1.0
U,6,1,0,0,6,1,12,2,0.0,1.0,0.0,1.0
morir,6,1,0,0,6,1,12,2,0.0,1.0,0.0,1.0
qy,6,1,0,0,6,1,12,2,0.0,1.0,0.0,1.0
mod_mul,9,3,0,0,3,1,12,4,0.0,0.3333333333333333,0.0,0.3333333333333333
InducedSort,6,1,0,0,6,1,12,2,0.0,1.0,0.0,1.0
st_query,8,2,0,0,4,1,12,3,0.0,0.5,0.0,0.5
write_string,6,1,0,0,6,1,12,2,0.0,1.0,0.0,1.0
rollback,6,1,0,0,6,1,12,2,0.0,1.0,0.0,1.0
Wylicz,12,1,0,0,0,0,12,1,0.0,0.0,0.0,0.0
pc,6,3,0,0,6,3,12,6,0.0,1.0,0.0,1.0
bt,8,2,0,0,4,1,12,3,0.0,0.5,0.0,0.5
Go3,6,2,0,0,6,2,12,4,0.0,1.0,0.0,1.0
w,6,1,0,0,6,1,12,2,0.0,1.0,0.0,1.0
vecProdNorm,6,1,0,0,6,1,12,2,0.0,1.0,0.0,1.0
gg,6,2,0,0,6,2,12,4,0.0,1.0,0.0,1.0
segtree_query,6,1,0,0,6,1,12,2,0.0,1.0,0.0,1.0
ResizeVec,6,1,0,0,6,1,12,2,0.0,1.0,0.0,1.0
ga,9,8,0,0,3,3,12,11,0.0,0.3333333333333333,0.0,0.375
isParent,6,1,0,0,6,1,12,2,0.0,1.0,0.0,1.0
DEBUG,6,4,0,0,6,4,12,8,0.0,1.0,0.0,1.0
M,7,2,0,0,5,1,12,3,0.0,0.7142857142857143,0.0,0.5
fp,9,4,0,0,3,1,12,5,0.0,0.3333333333333333,0.0,0.25
IN,6,2,0,0,6,2,12,4,0.0,1.0,0.0,1.0
hitung,6,1,0,0,6,1,12,2,0.0,1.0,0.0,1.0
Chunk,6,1,0,0,6,1,12,2,0.0,1.0,0.0,1.0
printAns,7,2,0,0,5,1,12,3,0.0,0.7142857142857143,0.0,0.5
segTree_maintain,6,1,0,0,6,1,12,2,0.0,1.0,0.0,1.0
build_tree,10,3,0,0,2,1,12,4,0.0,0.2,0.0,0.3333333333333333
mod_add,9,3,0,0,3,1,12,4,0.0,0.3333333333333333,0.0,0.3333333333333333
STQ,6,1,0,0,6,1,12,2,0.0,1.0,0.0,1.0
mp,6,1,0,0,6,1,12,2,0.0,1.0,0.0,1.0
itos,8,8,0,0,4,4,12,12,0.0,0.5,0.0,0.5
readInteger,7,2,0,0,5,1,12,3,0.0,0.7142857142857143,0.0,0.5
segTree_update_val,6,1,0,0,6,1,12,2,0.0,1.0,0.0,1.0
eliminateTask,0,0,0,0,12,1,12,1,,,,
extend,6,2,0,0,6,2,12,4,0.0,1.0,0.0,1.0
res,6,2,0,0,6,2,12,4,0.0,1.0,0.0,1.0
cti,6,1,0,0,6,1,12,2,0.0,1.0,0.0,1.0
getValue,6,2,0,0,6,2,12,4,0.0,1.0,0.0,1.0
match,8,3,0,0,4,2,12,5,0.0,0.5,0.0,0.6666666666666666
is_vowel,6,3,0,0,6,3,12,6,0.0,1.0,0.0,1.0
tree,6,1,0,0,6,1,12,2,0.0,1.0,0.0,1.0
dfs_sz,6,2,0,0,6,2,12,4,0.0,1.0,0.0,1.0
mex,6,2,0,0,6,2,12,4,0.0,1.0,0.0,1.0
pack,6,2,0,0,6,2,12,4,0.0,1.0,0.0,1.0
no,6,2,0,0,6,2,12,4,0.0,1.0,0.0,1.0
elimina,12,1,0,0,0,0,12,1,0.0,0.0,0.0,0.0
Go4,6,2,0,0,6,2,12,4,0.0,1.0,0.0,1.0
Pot,6,3,0,0,6,3,12,6,0.0,1.0,0.0,1.0
Qry,6,1,0,0,6,1,12,2,0.0,1.0,0.0,1.0
dfs_euler,6,1,0,0,6,1,12,2,0.0,1.0,0.0,1.0
pre_dfs,6,2,0,0,6,2,12,4,0.0,1.0,0.0,1.0
DistanceToSegment,6,1,0,0,6,1,12,2,0.0,1.0,0.0,1.0
test,6,2,0,0,6,2,12,4,0.0,1.0,0.0,1.0
GCD,8,3,0,0,4,1,12,4,0.0,0.5,0.0,0.3333333333333333
ck,7,2,0,0,5,1,12,3,0.0,0.7142857142857143,0.0,0.5
rotatePuzzle,6,1,0,0,6,1,12,2,0.0,1.0,0.0,1.0
compare,5,2,0,0,6,3,11,5,0.0,1.2,0.0,1.5
calc_dist,6,1,0,0,5,1,11,2,0.0,0.8333333333333334,0.0,1.0
gettle,6,6,0,0,5,5,11,11,0.0,0.8333333333333334,0.0,0.8333333333333334
umax,7,6,0,0,4,3,11,9,0.0,0.5714285714285714,0.0,0.5
xchar,11,1,0,0,0,0,11,1,0.0,0.0,0.0,0.0
Remove,5,1,0,0,6,1,11,2,0.0,1.2,0.0,1.0
choose,9,3,0,0,2,1,11,4,0.0,0.2222222222222222,0.0,0.3333333333333333
getre,6,6,0,0,5,5,11,11,0.0,0.8333333333333334,0.0,0.8333333333333334
UFfind,7,2,0,0,4,1,11,3,0.0,0.5714285714285714,0.0,0.5
add2,7,2,0,0,4,1,11,3,0.0,0.5714285714285714,0.0,0.5
amin,7,7,0,0,4,4,11,11,0.0,0.5714285714285714,0.0,0.5714285714285714
push_down,7,2,0,0,4,1,11,3,0.0,0.5714285714285714,0.0,0.5
bet,11,1,0,0,0,0,11,1,0.0,0.0,0.0,0.0
Pow,6,1,0,0,5,1,11,2,0.0,0.8333333333333334,0.0,1.0
scanint,11,3,0,0,0,0,11,3,0.0,0.0,0.0,0.0
qsum,8,1,0,0,3,1,11,2,0.0,0.375,0.0,1.0
kmp,8,2,0,0,3,1,11,3,0.0,0.375,0.0,0.5
is_palindrome,0,0,6,2,5,2,11,4,,,,
getmax,6,3,0,0,5,2,11,5,0.0,0.8333333333333334,0.0,0.6666666666666666
getint,6,2,0,0,5,1,11,3,0.0,0.8333333333333334,0.0,0.5
substitute,0,0,11,1,0,0,11,1,,,,
segTree_query_val,6,1,0,0,5,1,11,2,0.0,0.8333333333333334,0.0,1.0
TEN,8,2,0,0,3,1,11,3,0.0,0.375,0.0,0.5
get_father,6,1,0,0,5,1,11,2,0.0,0.8333333333333334,0.0,1.0
printcnt,5,1,0,0,5,1,10,2,0.0,1.0,0.0,1.0
sum_query,5,1,0,0,5,1,10,2,0.0,1.0,0.0,1.0
fillC,5,1,0,0,5,1,10,2,0.0,1.0,0.0,1.0
how_much,5,1,0,0,5,1,10,2,0.0,1.0,0.0,1.0
segtree_revert,5,1,0,0,5,1,10,2,0.0,1.0,0.0,1.0
get_inv,5,1,0,0,5,1,10,2,0.0,1.0,0.0,1.0
gethsh,5,1,0,0,5,1,10,2,0.0,1.0,0.0,1.0
node,5,1,0,0,5,1,10,2,0.0,1.0,0.0,1.0
B,5,1,0,0,5,1,10,2,0.0,1.0,0.0,1.0
ModInverse,6,6,0,0,4,4,10,10,0.0,0.6666666666666666,0.0,0.6666666666666666
DEL,5,1,0,0,5,1,10,2,0.0,1.0,0.0,1.0
MakeCale,10,1,0,0,0,0,10,1,0.0,0.0,0.0,0.0
len2,7,2,0,0,3,1,10,3,0.0,0.42857142857142855,0.0,0.5
setBit,8,4,0,0,2,1,10,5,0.0,0.25,0.0,0.25
getSize,5,1,0,0,5,1,10,2,0.0,1.0,0.0,1.0
Start,6,3,0,0,4,2,10,5,0.0,0.6666666666666666,0.0,0.6666666666666666
start,6,3,0,0,4,2,10,5,0.0,0.6666666666666666,0.0,0.6666666666666666
dir,5,1,0,0,5,1,10,2,0.0,1.0,0.0,1.0
uni,5,2,0,0,5,2,10,4,0.0,1.0,0.0,1.0
matpow,5,1,0,0,5,1,10,2,0.0,1.0,0.0,1.0
dec,9,4,0,0,1,1,10,5,0.0,0.1111111111111111,0.0,0.25
_find,5,1,0,0,5,1,10,2,0.0,1.0,0.0,1.0
make_shape,10,1,0,0,0,0,10,1,0.0,0.0,0.0,0.0
file,6,3,0,0,4,2,10,5,0.0,0.6666666666666666,0.0,0.6666666666666666
helper,5,1,0,0,5,1,10,2,0.0,1.0,0.0,1.0
count_substring,0,0,10,2,0,0,10,2,,,,
segTree_pushdown,5,1,0,0,5,1,10,2,0.0,1.0,0.0,1.0
completas,5,1,0,0,5,1,10,2,0.0,1.0,0.0,1.0
maa,5,1,0,0,5,1,10,2,0.0,1.0,0.0,1.0
fibonacci,2,1,6,2,2,1,10,4,3.0,1.0,2.0,1.0
to_bit,5,1,0,0,5,1,10,2,0.0,1.0,0.0,1.0
pw3,10,1,0,0,0,0,10,1,0.0,0.0,0.0,0.0
updateval,5,1,0,0,5,1,10,2,0.0,1.0,0.0,1.0
seive,6,3,0,0,4,2,10,5,0.0,0.6666666666666666,0.0,0.6666666666666666
distsquared,5,1,0,0,5,1,10,2,0.0,1.0,0.0,1.0
updlz,5,1,0,0,5,1,10,2,0.0,1.0,0.0,1.0
rec1,5,1,0,0,5,1,10,2,0.0,1.0,0.0,1.0
_factor,5,1,0,0,5,1,10,2,0.0,1.0,0.0,1.0
circumcenter,4,2,0,0,6,3,10,5,0.0,1.5,0.0,1.5
dif,7,1,0,0,3,1,10,2,0.0,0.42857142857142855,0.0,1.0
iSP,5,1,0,0,5,1,10,2,0.0,1.0,0.0,1.0
comb,7,4,0,0,3,1,10,5,0.0,0.42857142857142855,0.0,0.25
segTree_build,5,1,0,0,5,1,10,2,0.0,1.0,0.0,1.0
plus1,5,1,0,0,5,1,10,2,0.0,1.0,0.0,1.0
calculate_cost,0,0,0,0,10,3,10,3,,,,
Det,5,1,0,0,5,1,10,2,0.0,1.0,0.0,1.0
pLL,5,1,0,0,5,1,10,2,0.0,1.0,0.0,1.0
Set,7,4,0,0,3,3,10,7,0.0,0.42857142857142855,0.0,0.75
update2,5,1,0,0,5,1,10,2,0.0,1.0,0.0,1.0
value,10,1,0,0,0,0,10,1,0.0,0.0,0.0,0.0
OnLeft,5,1,0,0,5,1,10,2,0.0,1.0,0.0,1.0
dsu,5,1,0,0,5,1,10,2,0.0,1.0,0.0,1.0
refl,4,2,0,0,6,2,10,4,0.0,1.5,0.0,1.0
update_answer,5,1,0,0,5,1,10,2,0.0,1.0,0.0,1.0
isConst,6,6,0,0,4,4,10,10,0.0,0.6666666666666666,0.0,0.6666666666666666
add_rib,5,1,0,0,5,1,10,2,0.0,1.0,0.0,1.0
fft_0,5,1,0,0,5,1,10,2,0.0,1.0,0.0,1.0
parse_expression,5,1,0,0,5,1,10,2,0.0,1.0,0.0,1.0
rorate,9,1,0,0,1,1,10,2,0.0,0.1111111111111111,0.0,1.0
sch,6,1,0,0,4,1,10,2,0.0,0.6666666666666666,0.0,1.0
smu,5,1,0,0,5,1,10,2,0.0,1.0,0.0,1.0
zz,5,1,0,0,5,1,10,2,0.0,1.0,0.0,1.0
fit,5,1,0,0,5,1,10,2,0.0,1.0,0.0,1.0
invget,5,1,0,0,5,1,10,2,0.0,1.0,0.0,1.0
segTree_query_siz,5,1,0,0,5,1,10,2,0.0,1.0,0.0,1.0
segtree_init,5,1,0,0,5,1,10,2,0.0,1.0,0.0,1.0
plant,7,2,0,0,3,1,10,3,0.0,0.42857142857142855,0.0,0.5
encode,0,0,0,0,10,1,10,1,,,,
Lehmer,5,1,0,0,5,1,10,2,0.0,1.0,0.0,1.0
is_leap,3,1,2,1,5,2,10,4,0.6666666666666666,1.6666666666666667,1.0,2.0
hamid,5,1,0,0,5,1,10,2,0.0,1.0,0.0,1.0
lcm3,0,0,5,1,5,1,10,2,,,,
Enough,6,3,0,0,4,2,10,5,0.0,0.6666666666666666,0.0,0.6666666666666666
Dot,5,2,0,0,5,2,10,4,0.0,1.0,0.0,1.0
generateLuckyNumbers,0,0,10,3,0,0,10,3,,,,
Assign,5,1,0,0,5,1,10,2,0.0,1.0,0.0,1.0
getInd,5,1,0,0,5,1,10,2,0.0,1.0,0.0,1.0
hj,5,1,0,0,5,1,10,2,0.0,1.0,0.0,1.0
euler,5,2,0,0,5,2,10,4,0.0,1.0,0.0,1.0
printv,5,1,0,0,5,1,10,2,0.0,1.0,0.0,1.0
tc,5,1,0,0,5,1,10,2,0.0,1.0,0.0,1.0
rotate_point,5,1,0,0,5,1,10,2,0.0,1.0,0.0,1.0
Symbol,5,1,0,0,5,1,10,2,0.0,1.0,0.0,1.0
make_range1,5,1,0,0,5,1,10,2,0.0,1.0,0.0,1.0
O_O,5,2,0,0,5,2,10,4,0.0,1.0,0.0,1.0
calcula,9,3,0,0,0,0,9,3,0.0,0.0,0.0,0.0
find_centroid,6,2,0,0,3,1,9,3,0.0,0.5,0.0,0.5
getdist,5,1,0,0,4,1,9,2,0.0,0.8,0.0,1.0
codigo,9,1,0,0,0,0,9,1,0.0,0.0,0.0,0.0
prt,7,2,0,0,2,1,9,3,0.0,0.2857142857142857,0.0,0.5
add_suf,9,2,0,0,0,0,9,2,0.0,0.0,0.0,0.0
newnode,8,2,0,0,1,1,9,3,0.0,0.125,0.0,0.5
hash_prefices,6,2,0,0,3,1,9,3,0.0,0.5,0.0,0.5
divide_by_two,0,0,0,0,9,1,9,1,,,,
reverse_bits,5,5,2,1,2,2,9,8,0.4,0.4,0.2,0.4
gmin,5,5,0,0,4,4,9,9,0.0,0.8,0.0,0.8
comp2,5,4,0,0,4,3,9,7,0.0,0.8,0.0,0.75
Fill,6,2,0,0,3,1,9,3,0.0,0.5,0.0,0.5
LiczLiczba,9,1,0,0,0,0,9,1,0.0,0.0,0.0,0.0
flo,5,5,0,0,4,4,9,9,0.0,0.8,0.0,0.8
is_on_segment,0,0,9,1,0,0,9,1,,,,
tostring,6,6,0,0,3,3,9,9,0.0,0.5,0.0,0.5
gmax,5,5,0,0,4,4,9,9,0.0,0.8,0.0,0.8
calculate,3,1,0,0,6,2,9,3,0.0,2.0,0.0,2.0
cei,5,5,0,0,4,4,9,9,0.0,0.8,0.0,0.8
pull,6,2,0,0,3,1,9,3,0.0,0.5,0.0,0.5
fmm,6,2,0,0,3,1,9,3,0.0,0.5,0.0,0.5
angle,3,2,5,1,1,1,9,4,1.6666666666666667,0.3333333333333333,0.5,0.5
prodvec,6,2,0,0,3,1,9,3,0.0,0.5,0.0,0.5
_rev,7,2,0,0,2,1,9,3,0.0,0.2857142857142857,0.0,0.5
UFunion,7,2,0,0,2,1,9,3,0.0,0.2857142857142857,0.0,0.5
DIV2,9,1,0,0,0,0,9,1,0.0,0.0,0.0,0.0
is_subsequence,0,0,9,2,0,0,9,2,,,,
Licz_,9,1,0,0,0,0,9,1,0.0,0.0,0.0,0.0
Upd,4,1,0,0,4,1,8,2,0.0,1.0,0.0,1.0
get_shift,8,1,0,0,0,0,8,1,0.0,0.0,0.0,0.0
try_add2,4,1,0,0,4,1,8,2,0.0,1.0,0.0,1.0
getUnique,4,1,0,0,4,1,8,2,0.0,1.0,0.0,1.0
getrt,4,1,0,0,4,1,8,2,0.0,1.0,0.0,1.0
SPFA,4,2,0,0,4,2,8,4,0.0,1.0,0.0,1.0
path,4,1,0,0,4,1,8,2,0.0,1.0,0.0,1.0
repeat,4,2,0,0,4,2,8,4,0.0,1.0,0.0,1.0
cmp2,4,2,0,0,4,2,8,4,0.0,1.0,0.0,1.0
FastIO,4,1,0,0,4,1,8,2,0.0,1.0,0.0,1.0
nextIndex,4,1,0,0,4,1,8,2,0.0,1.0,0.0,1.0
dotProduct,4,1,0,0,4,1,8,2,0.0,1.0,0.0,1.0
parseTerm,4,1,0,0,4,1,8,2,0.0,1.0,0.0,1.0
seq,8,1,0,0,0,0,8,1,0.0,0.0,0.0,0.0
convex_hull,3,2,2,1,3,2,8,5,0.6666666666666666,1.0,0.5,1.0
addMe,4,1,0,0,4,1,8,2,0.0,1.0,0.0,1.0
tap,4,1,0,0,4,1,8,2,0.0,1.0,0.0,1.0
getStepDown,4,1,0,0,4,1,8,2,0.0,1.0,0.0,1.0
unizeta,4,1,0,0,4,1,8,2,0.0,1.0,0.0,1.0
zFunction,8,2,0,0,0,0,8,2,0.0,0.0,0.0,0.0
isp,8,2,0,0,0,0,8,2,0.0,0.0,0.0,0.0
getx,4,1,0,0,4,1,8,2,0.0,1.0,0.0,1.0
findDiam,4,1,0,0,4,1,8,2,0.0,1.0,0.0,1.0
Travel,4,1,0,0,4,1,8,2,0.0,1.0,0.0,1.0
make_alive,4,1,0,0,4,1,8,2,0.0,1.0,0.0,1.0
chk,8,2,0,0,0,0,8,2,0.0,0.0,0.0,0.0
getTime,5,1,0,0,3,1,8,2,0.0,0.6,0.0,1.0
sorted,4,1,0,0,4,1,8,2,0.0,1.0,0.0,1.0
updmax,4,1,0,0,4,1,8,2,0.0,1.0,0.0,1.0
lemon,4,2,0,0,4,2,8,4,0.0,1.0,0.0,1.0
splitByX,4,1,0,0,4,1,8,2,0.0,1.0,0.0,1.0
GetDigs,8,1,0,0,0,0,8,1,0.0,0.0,0.0,0.0
toLlint,4,4,0,0,4,4,8,8,0.0,1.0,0.0,1.0
cmd,4,1,0,0,4,1,8,2,0.0,1.0,0.0,1.0
try_solve,4,1,0,0,4,1,8,2,0.0,1.0,0.0,1.0
setMark,4,1,0,0,4,1,8,2,0.0,1.0,0.0,1.0
make_zero,4,1,0,0,4,1,8,2,0.0,1.0,0.0,1.0
acumula,4,1,0,0,4,1,8,2,0.0,1.0,0.0,1.0
next_int,4,1,0,0,4,1,8,2,0.0,1.0,0.0,1.0
make_set,4,2,0,0,4,2,8,4,0.0,1.0,0.0,1.0
icbrt,4,4,0,0,4,4,8,8,0.0,1.0,0.0,1.0
CreateEndBucket,4,1,0,0,4,1,8,2,0.0,1.0,0.0,1.0
BMOD,4,2,0,0,4,2,8,4,0.0,1.0,0.0,1.0
__query,4,1,0,0,4,1,8,2,0.0,1.0,0.0,1.0
modp,4,1,0,0,4,1,8,2,0.0,1.0,0.0,1.0
Inc,4,1,0,0,4,1,8,2,0.0,1.0,0.0,1.0
downrange,4,1,0,0,4,1,8,2,0.0,1.0,0.0,1.0
addmod,4,4,0,0,4,4,8,8,0.0,1.0,0.0,1.0
ws,4,1,0,0,4,1,8,2,0.0,1.0,0.0,1.0
Prepare,4,2,0,0,4,2,8,4,0.0,1.0,0.0,1.0
Faa,4,1,0,0,4,1,8,2,0.0,1.0,0.0,1.0
conn,4,1,0,0,4,1,8,2,0.0,1.0,0.0,1.0
solve1,4,1,0,0,4,1,8,2,0.0,1.0,0.0,1.0
merge_even_base,4,1,0,0,4,1,8,2,0.0,1.0,0.0,1.0
kmpm,8,2,0,0,0,0,8,2,0.0,0.0,0.0,0.0
mkrt,4,1,0,0,4,1,8,2,0.0,1.0,0.0,1.0
getW,4,1,0,0,4,1,8,2,0.0,1.0,0.0,1.0
Power,5,2,0,0,3,1,8,3,0.0,0.6,0.0,0.5
maintain,4,1,0,0,4,1,8,2,0.0,1.0,0.0,1.0
serch,4,1,0,0,4,1,8,2,0.0,1.0,0.0,1.0
fib,8,2,0,0,0,0,8,2,0.0,0.0,0.0,0.0
btree,4,1,0,0,4,1,8,2,0.0,1.0,0.0,1.0
write_ans,4,1,0,0,4,1,8,2,0.0,1.0,0.0,1.0
HLD,4,1,0,0,4,1,8,2,0.0,1.0,0.0,1.0
getNext,4,1,0,0,4,1,8,2,0.0,1.0,0.0,1.0
get_max2,4,1,0,0,4,1,8,2,0.0,1.0,0.0,1.0
addBIT,4,1,0,0,4,1,8,2,0.0,1.0,0.0,1.0
getID,4,1,0,0,4,1,8,2,0.0,1.0,0.0,1.0
push_up,4,1,0,0,4,1,8,2,0.0,1.0,0.0,1.0
numlucky,5,1,0,0,3,1,8,2,0.0,0.6,0.0,1.0
up2,4,1,0,0,4,1,8,2,0.0,1.0,0.0,1.0
modPow,6,3,0,0,2,1,8,4,0.0,0.3333333333333333,0.0,0.3333333333333333
refresh,4,1,0,0,4,1,8,2,0.0,1.0,0.0,1.0
meterconjunto0,4,1,0,0,4,1,8,2,0.0,1.0,0.0,1.0
Length,4,1,0,0,4,1,8,2,0.0,1.0,0.0,1.0
u1,8,2,0,0,0,0,8,2,0.0,0.0,0.0,0.0
isGood,4,2,0,0,4,2,8,4,0.0,1.0,0.0,1.0
construct,4,1,0,0,4,1,8,2,0.0,1.0,0.0,1.0
segtree_maintain,4,1,0,0,4,1,8,2,0.0,1.0,0.0,1.0
bit,5,2,0,0,3,1,8,3,0.0,0.6,0.0,0.5
getType,5,2,0,0,3,1,8,3,0.0,0.6,0.0,0.5
getST,4,1,0,0,4,1,8,2,0.0,1.0,0.0,1.0
solve2,4,1,0,0,4,1,8,2,0.0,1.0,0.0,1.0
failureFunction,4,1,0,0,4,1,8,2,0.0,1.0,0.0,1.0
submod,4,4,0,0,4,4,8,8,0.0,1.0,0.0,1.0
cmp1,4,2,0,0,4,2,8,4,0.0,1.0,0.0,1.0
inclusiveDownrange,4,1,0,0,4,1,8,2,0.0,1.0,0.0,1.0
bpow,4,4,0,0,4,4,8,8,0.0,1.0,0.0,1.0
getn,4,1,0,0,4,1,8,2,0.0,1.0,0.0,1.0
fold,4,1,0,0,4,1,8,2,0.0,1.0,0.0,1.0
INIT,4,1,0,0,4,1,8,2,0.0,1.0,0.0,1.0
neg,8,2,0,0,0,0,8,2,0.0,0.0,0.0,0.0
top_sort,4,2,0,0,4,2,8,4,0.0,1.0,0.0,1.0
scans,4,1,0,0,4,1,8,2,0.0,1.0,0.0,1.0
makeEdge,4,1,0,0,4,1,8,2,0.0,1.0,0.0,1.0
unzeta,4,1,0,0,4,1,8,2,0.0,1.0,0.0,1.0
addMark,4,1,0,0,4,1,8,2,0.0,1.0,0.0,1.0
fastModExp,6,1,0,0,2,1,8,2,0.0,0.3333333333333333,0.0,1.0
prepare,4,2,0,0,4,2,8,4,0.0,1.0,0.0,1.0
find_sizes,4,1,0,0,4,1,8,2,0.0,1.0,0.0,1.0
dij,4,2,0,0,4,2,8,4,0.0,1.0,0.0,1.0
get_dim,8,1,0,0,0,0,8,1,0.0,0.0,0.0,0.0
fibo,4,1,0,0,4,1,8,2,0.0,1.0,0.0,1.0
redirect,4,2,0,0,4,2,8,4,0.0,1.0,0.0,1.0
bd,4,1,0,0,4,1,8,2,0.0,1.0,0.0,1.0
MakeRozbite,8,1,0,0,0,0,8,1,0.0,0.0,0.0,0.0
Mul,8,1,0,0,0,0,8,1,0.0,0.0,0.0,0.0
range_update,4,1,0,0,4,1,8,2,0.0,1.0,0.0,1.0
getdeep,4,1,0,0,4,1,8,2,0.0,1.0,0.0,1.0
recover,4,1,0,0,4,1,8,2,0.0,1.0,0.0,1.0
ipgraph,4,2,0,0,4,2,8,4,0.0,1.0,0.0,1.0
furthest,4,1,0,0,4,1,8,2,0.0,1.0,0.0,1.0
Out,4,3,0,0,4,3,8,6,0.0,1.0,0.0,1.0
Gao,4,1,0,0,4,1,8,2,0.0,1.0,0.0,1.0
zfs,0,0,0,0,8,1,8,1,,,,
io,8,1,0,0,0,0,8,1,0.0,0.0,0.0,0.0
get_sum1,4,1,0,0,4,1,8,2,0.0,1.0,0.0,1.0
getBIT,4,1,0,0,4,1,8,2,0.0,1.0,0.0,1.0
Qs,4,1,0,0,4,1,8,2,0.0,1.0,0.0,1.0
BigMod,4,2,0,0,4,2,8,4,0.0,1.0,0.0,1.0
getA,4,1,0,0,4,1,8,2,0.0,1.0,0.0,1.0
GenTwo,4,1,0,0,4,1,8,2,0.0,1.0,0.0,1.0
_DOING,4,1,0,0,4,1,8,2,0.0,1.0,0.0,1.0
dft,4,1,0,0,4,1,8,2,0.0,1.0,0.0,1.0
glance,4,2,0,0,4,2,8,4,0.0,1.0,0.0,1.0
getLCA,3,2,0,0,5,2,8,4,0.0,1.6666666666666667,0.0,1.0
inverseMod,4,1,0,0,4,1,8,2,0.0,1.0,0.0,1.0
constrSquare,4,1,0,0,4,1,8,2,0.0,1.0,0.0,1.0
findParent,4,1,0,0,4,1,8,2,0.0,1.0,0.0,1.0
EQ,5,5,0,0,3,3,8,8,0.0,0.6,0.0,0.6
MAIN,4,2,0,0,4,2,8,4,0.0,1.0,0.0,1.0
addST,4,1,0,0,4,1,8,2,0.0,1.0,0.0,1.0
printPath,4,1,0,0,4,1,8,2,0.0,1.0,0.0,1.0
upper_bound,4,1,0,0,4,1,8,2,0.0,1.0,0.0,1.0
rek,4,1,0,0,4,1,8,2,0.0,1.0,0.0,1.0
setpower,4,1,0,0,4,1,8,2,0.0,1.0,0.0,1.0
lg2,4,1,0,0,4,1,8,2,0.0,1.0,0.0,1.0
PR0,4,4,0,0,4,4,8,8,0.0,1.0,0.0,1.0
iot,4,1,0,0,4,1,8,2,0.0,1.0,0.0,1.0
STB,4,1,0,0,4,1,8,2,0.0,1.0,0.0,1.0
Sieve,6,3,0,0,2,1,8,4,0.0,0.3333333333333333,0.0,0.3333333333333333
Rotate,4,1,0,0,4,1,8,2,0.0,1.0,0.0,1.0
e_r_r,8,1,0,0,0,0,8,1,0.0,0.0,0.0,0.0
kth,4,1,0,0,4,1,8,2,0.0,1.0,0.0,1.0
min_,8,1,0,0,0,0,8,1,0.0,0.0,0.0,0.0
getMin,4,1,0,0,4,1,8,2,0.0,1.0,0.0,1.0
upd2,4,1,0,0,4,1,8,2,0.0,1.0,0.0,1.0
slope,4,1,0,0,4,1,8,2,0.0,1.0,0.0,1.0
isqrt,4,4,0,0,4,4,8,8,0.0,1.0,0.0,1.0
getB,4,1,0,0,4,1,8,2,0.0,1.0,0.0,1.0
_dump,8,1,0,0,0,0,8,1,0.0,0.0,0.0,0.0
ty2,4,1,0,0,4,1,8,2,0.0,1.0,0.0,1.0
get_par,4,1,0,0,4,1,8,2,0.0,1.0,0.0,1.0
getPoints,4,1,0,0,4,1,8,2,0.0,1.0,0.0,1.0
go_to_next_token,4,1,0,0,4,1,8,2,0.0,1.0,0.0,1.0
isSubsequence,0,0,7,4,0,0,7,4,,,,
recalcula,7,1,0,0,0,0,7,1,0.0,0.0,0.0,0.0
calc2,5,2,0,0,2,1,7,3,0.0,0.4,0.0,0.5
temp,7,1,0,0,0,0,7,1,0.0,0.0,0.0,0.0
xswap,7,1,0,0,0,0,7,1,0.0,0.0,0.0,0.0
Rem,7,1,0,0,0,0,7,1,0.0,0.0,0.0,0.0
Position,7,1,0,0,0,0,7,1,0.0,0.0,0.0,0.0
recalculateBlock,0,0,0,0,7,1,7,1,,,,
summod,4,3,0,0,3,2,7,5,0.0,0.75,0.0,0.6666666666666666
need,7,1,0,0,0,0,7,1,0.0,0.0,0.0,0.0
sip,4,1,0,0,3,1,7,2,0.0,0.75,0.0,1.0
min_val,0,0,0,0,7,1,7,1,,,,
binary_search,5,2,0,0,2,1,7,3,0.0,0.4,0.0,0.5
angle_difference,0,0,0,0,7,1,7,1,,,,
isPowerOfTwo,5,5,0,0,2,2,7,7,0.0,0.4,0.0,0.4
asignar1,7,1,0,0,0,0,7,1,0.0,0.0,0.0,0.0
counter,7,1,0,0,0,0,7,1,0.0,0.0,0.0,0.0
get_lca,3,1,0,0,4,2,7,3,0.0,1.3333333333333333,0.0,2.0
Calc,7,2,0,0,0,0,7,2,0.0,0.0,0.0,0.0
lucky,2,1,0,0,5,1,7,2,0.0,2.5,0.0,1.0
get_pri_tab,7,1,0,0,0,0,7,1,0.0,0.0,0.0,0.0
getnum,5,2,0,0,2,1,7,3,0.0,0.4,0.0,0.5
triangleArea,0,0,5,1,2,1,7,2,,,,
z_function,5,2,0,0,2,1,7,3,0.0,0.4,0.0,0.5
GetResidents,0,0,0,0,7,1,7,1,,,,
pfun,7,1,0,0,0,0,7,1,0.0,0.0,0.0,0.0
btw,7,1,0,0,0,0,7,1,0.0,0.0,0.0,0.0
siguienteiguallucky,6,1,0,0,1,1,7,2,0.0,0.16666666666666666,0.0,1.0
getpar,6,1,0,0,1,1,7,2,0.0,0.16666666666666666,0.0,1.0
controls,0,0,7,1,0,0,7,1,,,,
dfs_max_decrease,4,1,0,0,3,1,7,2,0.0,0.75,0.0,1.0
countOccurrences,0,0,0,0,7,1,7,1,,,,
get_size,3,1,0,0,3,1,6,2,0.0,1.0,0.0,1.0
dfsRotulo,6,2,0,0,0,0,6,2,0.0,0.0,0.0,0.0
gb,6,2,0,0,0,0,6,2,0.0,0.0,0.0,0.0
isEmpty,3,1,0,0,3,1,6,2,0.0,1.0,0.0,1.0
Len,3,1,0,0,3,1,6,2,0.0,1.0,0.0,1.0
slow,6,1,0,0,0,0,6,1,0.0,0.0,0.0,0.0
score,3,1,0,0,3,1,6,2,0.0,1.0,0.0,1.0
getnext,3,1,0,0,3,1,6,2,0.0,1.0,0.0,1.0
addLetter,3,1,0,0,3,1,6,2,0.0,1.0,0.0,1.0
getGender,0,0,6,2,0,0,6,2,,,,
Traverse,3,1,0,0,3,1,6,2,0.0,1.0,0.0,1.0
all_90_angles,3,1,0,0,3,1,6,2,0.0,1.0,0.0,1.0
getString,3,1,0,0,3,1,6,2,0.0,1.0,0.0,1.0
checkB,3,1,0,0,3,1,6,2,0.0,1.0,0.0,1.0
bal,3,1,0,0,3,1,6,2,0.0,1.0,0.0,1.0
zfunc,3,1,0,0,3,1,6,2,0.0,1.0,0.0,1.0
zig,3,1,0,0,3,1,6,2,0.0,1.0,0.0,1.0
getKhar,3,1,0,0,3,1,6,2,0.0,1.0,0.0,1.0
tarjan,3,1,0,0,3,1,6,2,0.0,1.0,0.0,1.0
getMSB,3,1,0,0,3,1,6,2,0.0,1.0,0.0,1.0
fact,3,1,0,0,3,1,6,2,0.0,1.0,0.0,1.0
sqrf,3,3,0,0,3,3,6,6,0.0,1.0,0.0,1.0
tfs,3,1,0,0,3,1,6,2,0.0,1.0,0.0,1.0
Fix,3,1,0,0,3,1,6,2,0.0,1.0,0.0,1.0
new_dfs,3,1,0,0,3,1,6,2,0.0,1.0,0.0,1.0
YF,4,2,0,0,2,1,6,3,0.0,0.5,0.0,0.5
dfssize,3,1,0,0,3,1,6,2,0.0,1.0,0.0,1.0
isDown,3,1,0,0,3,1,6,2,0.0,1.0,0.0,1.0
countLuckyDigits,0,0,6,2,0,0,6,2,,,,
init_matrix,3,1,0,0,3,1,6,2,0.0,1.0,0.0,1.0
InvertInducedSort,3,1,0,0,3,1,6,2,0.0,1.0,0.0,1.0
Main,4,2,0,0,2,1,6,3,0.0,0.5,0.0,0.5
isRight,3,1,0,0,3,1,6,2,0.0,1.0,0.0,1.0
getlen,3,1,0,0,3,1,6,2,0.0,1.0,0.0,1.0
ComputeLightPos,3,1,0,0,3,1,6,2,0.0,1.0,0.0,1.0
Eq,3,1,0,0,3,1,6,2,0.0,1.0,0.0,1.0
max_flow,3,1,0,0,3,1,6,2,0.0,1.0,0.0,1.0
Rot,3,1,0,0,3,1,6,2,0.0,1.0,0.0,1.0
isE,3,1,0,0,3,1,6,2,0.0,1.0,0.0,1.0
proj,3,2,0,0,3,2,6,4,0.0,1.0,0.0,1.0
able,3,1,0,0,3,1,6,2,0.0,1.0,0.0,1.0
query1,6,1,0,0,0,0,6,1,0.0,0.0,0.0,0.0
swap,3,1,0,0,3,1,6,2,0.0,1.0,0.0,1.0
shot,3,1,0,0,3,1,6,2,0.0,1.0,0.0,1.0
Union,4,2,0,0,2,1,6,3,0.0,0.5,0.0,0.5
Int,3,1,0,0,3,1,6,2,0.0,1.0,0.0,1.0
mcd,3,1,0,0,3,1,6,2,0.0,1.0,0.0,1.0
dfsPre,3,1,0,0,3,1,6,2,0.0,1.0,0.0,1.0
divide,4,2,0,0,2,1,6,3,0.0,0.5,0.0,0.5
constrCube,3,1,0,0,3,1,6,2,0.0,1.0,0.0,1.0
GetMin,3,2,0,0,3,2,6,4,0.0,1.0,0.0,1.0
checkA,3,1,0,0,3,1,6,2,0.0,1.0,0.0,1.0
tinh,3,1,0,0,3,1,6,2,0.0,1.0,0.0,1.0
findDepth,3,1,0,0,3,1,6,2,0.0,1.0,0.0,1.0
unconcatLeft,3,1,0,0,3,1,6,2,0.0,1.0,0.0,1.0
fn,3,1,0,0,3,1,6,2,0.0,1.0,0.0,1.0
find_cycle,3,1,0,0,3,1,6,2,0.0,1.0,0.0,1.0
getch,0,0,0,0,6,1,6,1,,,,
count_paths,3,1,0,0,3,1,6,2,0.0,1.0,0.0,1.0
initAcum,3,1,0,0,3,1,6,2,0.0,1.0,0.0,1.0
lazyupdate,6,2,0,0,0,0,6,2,0.0,0.0,0.0,0.0
count_bad,3,1,0,0,3,1,6,2,0.0,1.0,0.0,1.0
digit,3,1,0,0,3,1,6,2,0.0,1.0,0.0,1.0
trim,3,1,0,0,3,1,6,2,0.0,1.0,0.0,1.0
check_num,3,1,0,0,3,1,6,2,0.0,1.0,0.0,1.0
nest,3,1,0,0,3,1,6,2,0.0,1.0,0.0,1.0
is_square,0,0,2,1,4,2,6,3,,,,
gauss,3,1,0,0,3,1,6,2,0.0,1.0,0.0,1.0
computeSize,3,1,0,0,3,1,6,2,0.0,1.0,0.0,1.0
p,6,1,0,0,0,0,6,1,0.0,0.0,0.0,0.0
Show,3,1,0,0,3,1,6,2,0.0,1.0,0.0,1.0
update_result,3,1,0,0,3,1,6,2,0.0,1.0,0.0,1.0
Conv,3,1,0,0,3,1,6,2,0.0,1.0,0.0,1.0
update_tree,3,1,0,0,3,1,6,2,0.0,1.0,0.0,1.0
miller,3,1,0,0,3,1,6,2,0.0,1.0,0.0,1.0
get_angle,3,1,0,0,3,1,6,2,0.0,1.0,0.0,1.0
DBG,6,2,0,0,0,0,6,2,0.0,0.0,0.0,0.0
multimod,4,4,0,0,2,2,6,6,0.0,0.5,0.0,0.5
print_tuple,3,1,0,0,3,1,6,2,0.0,1.0,0.0,1.0
delfrom,6,1,0,0,0,0,6,1,0.0,0.0,0.0,0.0
first_contains_prefix,4,2,0,0,2,1,6,3,0.0,0.5,0.0,0.5
removeZeroes,6,1,0,0,0,0,6,1,0.0,0.0,0.0,0.0
zag,3,1,0,0,3,1,6,2,0.0,1.0,0.0,1.0
get_str,3,1,0,0,3,1,6,2,0.0,1.0,0.0,1.0
ty11,3,1,0,0,3,1,6,2,0.0,1.0,0.0,1.0
POWMOD,6,3,0,0,0,0,6,3,0.0,0.0,0.0,0.0
cfs,3,1,0,0,3,1,6,2,0.0,1.0,0.0,1.0
OnSegment,3,1,0,0,3,1,6,2,0.0,1.0,0.0,1.0
cal_time,3,1,0,0,3,1,6,2,0.0,1.0,0.0,1.0
FindRingRoad,3,1,0,0,3,1,6,2,0.0,1.0,0.0,1.0
T_T,3,1,0,0,3,1,6,2,0.0,1.0,0.0,1.0
sub_query,3,1,0,0,3,1,6,2,0.0,1.0,0.0,1.0
convex_minko_sum,3,1,0,0,3,1,6,2,0.0,1.0,0.0,1.0
nex,3,1,0,0,3,1,6,2,0.0,1.0,0.0,1.0
digitalRoot,0,0,0,0,6,1,6,1,,,,
go_del,3,1,0,0,3,1,6,2,0.0,1.0,0.0,1.0
seqor,3,1,0,0,3,1,6,2,0.0,1.0,0.0,1.0
vec_hash,3,1,0,0,3,1,6,2,0.0,1.0,0.0,1.0
write_int,3,2,0,0,3,2,6,4,0.0,1.0,0.0,1.0
findFlow,3,1,0,0,3,1,6,2,0.0,1.0,0.0,1.0
refrain,3,1,0,0,3,1,6,2,0.0,1.0,0.0,1.0
is_noun,3,1,0,0,3,1,6,2,0.0,1.0,0.0,1.0
add_letter,4,2,0,0,2,1,6,3,0.0,0.5,0.0,0.5
mediatrice,3,1,0,0,3,1,6,2,0.0,1.0,0.0,1.0
Push,3,1,0,0,3,1,6,2,0.0,1.0,0.0,1.0
pv,4,1,0,0,2,1,6,2,0.0,0.5,0.0,1.0
MatMul,3,1,0,0,3,1,6,2,0.0,1.0,0.0,1.0
conv,3,1,0,0,3,1,6,2,0.0,1.0,0.0,1.0
Descend,3,1,0,0,3,1,6,2,0.0,1.0,0.0,1.0
mabs,3,1,0,0,3,1,6,2,0.0,1.0,0.0,1.0
middle,3,1,0,0,3,1,6,2,0.0,1.0,0.0,1.0
findCycle,3,1,0,0,3,1,6,2,0.0,1.0,0.0,1.0
box,3,1,0,0,3,1,6,2,0.0,1.0,0.0,1.0
fnxt,3,1,0,0,3,1,6,2,0.0,1.0,0.0,1.0
rename,3,1,0,0,3,1,6,2,0.0,1.0,0.0,1.0
recs,3,1,0,0,3,1,6,2,0.0,1.0,0.0,1.0
tavan,3,3,0,0,3,3,6,6,0.0,1.0,0.0,1.0
Take,3,1,0,0,3,1,6,2,0.0,1.0,0.0,1.0
getWays,3,1,0,0,3,1,6,2,0.0,1.0,0.0,1.0
dfsSolve,3,1,0,0,3,1,6,2,0.0,1.0,0.0,1.0
prefix_sum,0,0,6,1,0,0,6,1,,,,
getCycle,3,1,0,0,3,1,6,2,0.0,1.0,0.0,1.0
seqand,3,1,0,0,3,1,6,2,0.0,1.0,0.0,1.0
Loses,3,1,0,0,3,1,6,2,0.0,1.0,0.0,1.0
absolut,3,1,0,0,3,1,6,2,0.0,1.0,0.0,1.0
Init,4,2,0,0,2,1,6,3,0.0,0.5,0.0,0.5
get_single_ma,3,1,0,0,3,1,6,2,0.0,1.0,0.0,1.0
inversia,3,1,0,0,3,1,6,2,0.0,1.0,0.0,1.0
cont,3,1,0,0,3,1,6,2,0.0,1.0,0.0,1.0
xycmp,3,1,0,0,3,1,6,2,0.0,1.0,0.0,1.0
submissionScore,6,1,0,0,0,0,6,1,0.0,0.0,0.0,0.0
productVect,3,1,0,0,3,1,6,2,0.0,1.0,0.0,1.0
go_add,3,1,0,0,3,1,6,2,0.0,1.0,0.0,1.0
v,3,1,0,0,3,1,6,2,0.0,1.0,0.0,1.0
mitad,3,1,0,0,3,1,6,2,0.0,1.0,0.0,1.0
notCircle,3,1,0,0,3,1,6,2,0.0,1.0,0.0,1.0
put_edge,3,1,0,0,3,1,6,2,0.0,1.0,0.0,1.0
find_leftmost,3,1,0,0,3,1,6,2,0.0,1.0,0.0,1.0
lie,3,1,0,0,3,1,6,2,0.0,1.0,0.0,1.0
count_numbers,0,0,3,1,3,1,6,2,,,,
summ,3,1,0,0,3,1,6,2,0.0,1.0,0.0,1.0
isUp,3,1,0,0,3,1,6,2,0.0,1.0,0.0,1.0
is_leaking,0,0,6,2,0,0,6,2,,,,
GetIntersection,3,1,0,0,3,1,6,2,0.0,1.0,0.0,1.0
my_del,3,1,0,0,3,1,6,2,0.0,1.0,0.0,1.0
code,3,1,0,0,3,1,6,2,0.0,1.0,0.0,1.0
prv,3,1,0,0,3,1,6,2,0.0,1.0,0.0,1.0
dfsBT,3,1,0,0,3,1,6,2,0.0,1.0,0.0,1.0
rotating_calipers_min_dist,3,1,0,0,3,1,6,2,0.0,1.0,0.0,1.0
Renew,3,1,0,0,3,1,6,2,0.0,1.0,0.0,1.0
dfsfa,3,1,0,0,3,1,6,2,0.0,1.0,0.0,1.0
final_dfs,3,1,0,0,3,1,6,2,0.0,1.0,0.0,1.0
subwork,3,1,0,0,3,1,6,2,0.0,1.0,0.0,1.0
rf,4,2,0,0,2,1,6,3,0.0,0.5,0.0,0.5
mdc,4,2,0,0,2,1,6,3,0.0,0.5,0.0,0.5
dinic,4,2,0,0,2,1,6,3,0.0,0.5,0.0,0.5
add_edge_,3,1,0,0,3,1,6,2,0.0,1.0,0.0,1.0
exEuclid,3,1,0,0,3,1,6,2,0.0,1.0,0.0,1.0
length,3,1,0,0,3,1,6,2,0.0,1.0,0.0,1.0
gx,3,1,0,0,3,1,6,2,0.0,1.0,0.0,1.0
dfs_dp,3,1,0,0,3,1,6,2,0.0,1.0,0.0,1.0
toNum,2,1,0,0,4,1,6,2,0.0,2.0,0.0,1.0
issame,3,1,0,0,3,1,6,2,0.0,1.0,0.0,1.0
matmult,3,1,0,0,3,1,6,2,0.0,1.0,0.0,1.0
getByIndex,3,1,0,0,3,1,6,2,0.0,1.0,0.0,1.0
treat,3,1,0,0,3,1,6,2,0.0,1.0,0.0,1.0
makecntr,3,1,0,0,3,1,6,2,0.0,1.0,0.0,1.0
get_min,3,1,0,0,3,1,6,2,0.0,1.0,0.0,1.0
fft_1,3,1,0,0,3,1,6,2,0.0,1.0,0.0,1.0
underChain,3,1,0,0,3,1,6,2,0.0,1.0,0.0,1.0
set_xor,3,1,0,0,3,1,6,2,0.0,1.0,0.0,1.0
parse_number,3,1,0,0,3,1,6,2,0.0,1.0,0.0,1.0
LCAB,3,1,0,0,3,1,6,2,0.0,1.0,0.0,1.0
Dijkstra,4,2,0,0,2,1,6,3,0.0,0.5,0.0,0.5
funVal,3,1,0,0,3,1,6,2,0.0,1.0,0.0,1.0
get_diviser,3,1,0,0,3,1,6,2,0.0,1.0,0.0,1.0
remMe,3,1,0,0,3,1,6,2,0.0,1.0,0.0,1.0
good,3,1,0,0,3,1,6,2,0.0,1.0,0.0,1.0
center,3,1,0,0,3,1,6,2,0.0,1.0,0.0,1.0
precomputePowerTable,3,1,0,0,3,1,6,2,0.0,1.0,0.0,1.0
Fab2,3,1,0,0,3,1,6,2,0.0,1.0,0.0,1.0
must,3,1,0,0,3,1,6,2,0.0,1.0,0.0,1.0
changes,0,0,6,1,0,0,6,1,,,,
rowright,3,1,0,0,3,1,6,2,0.0,1.0,0.0,1.0
go2,6,1,0,0,0,0,6,1,0.0,0.0,0.0,0.0
isdig,3,1,0,0,3,1,6,2,0.0,1.0,0.0,1.0
is_adj,3,1,0,0,3,1,6,2,0.0,1.0,0.0,1.0
crosspoint,3,1,0,0,3,1,6,2,0.0,1.0,0.0,1.0
result,6,1,0,0,0,0,6,1,0.0,0.0,0.0,0.0
ncr,4,2,0,0,2,1,6,3,0.0,0.5,0.0,0.5
my_add,3,1,0,0,3,1,6,2,0.0,1.0,0.0,1.0
dfsutil,6,1,0,0,0,0,6,1,0.0,0.0,0.0,0.0
hash_combine,3,1,0,0,3,1,6,2,0.0,1.0,0.0,1.0
is_inside,0,0,6,2,0,0,6,2,,,,
Dp,3,1,0,0,3,1,6,2,0.0,1.0,0.0,1.0
get_len,3,1,0,0,3,1,6,2,0.0,1.0,0.0,1.0
isOpen,3,1,0,0,3,1,6,2,0.0,1.0,0.0,1.0
copi,4,1,0,0,2,1,6,2,0.0,0.5,0.0,1.0
segtree_pushdown,3,1,0,0,3,1,6,2,0.0,1.0,0.0,1.0
calcDifference,3,1,0,0,3,1,6,2,0.0,1.0,0.0,1.0
getParent,4,1,0,0,2,1,6,2,0.0,0.5,0.0,1.0
getsum,3,1,0,0,3,1,6,2,0.0,1.0,0.0,1.0
dfs_p,3,1,0,0,3,1,6,2,0.0,1.0,0.0,1.0
get_some,3,1,0,0,3,1,6,2,0.0,1.0,0.0,1.0
index,3,1,0,0,3,1,6,2,0.0,1.0,0.0,1.0
addto,6,1,0,0,0,0,6,1,0.0,0.0,0.0,0.0
zeroes,3,1,0,0,3,1,6,2,0.0,1.0,0.0,1.0
is_leap_year,0,0,6,2,0,0,6,2,,,,
ty3,3,1,0,0,3,1,6,2,0.0,1.0,0.0,1.0
Angle,3,1,0,0,3,1,6,2,0.0,1.0,0.0,1.0
Addline,3,1,0,0,3,1,6,2,0.0,1.0,0.0,1.0
rm_z,3,1,0,0,3,1,6,2,0.0,1.0,0.0,1.0
calc_ans,3,1,0,0,3,1,6,2,0.0,1.0,0.0,1.0
ad,3,1,0,0,3,1,6,2,0.0,1.0,0.0,1.0
ncount,3,1,0,0,3,1,6,2,0.0,1.0,0.0,1.0
sum_of_digits,0,0,6,2,0,0,6,2,,,,
priv,3,2,0,0,3,2,6,4,0.0,1.0,0.0,1.0
TimeChecker,3,1,0,0,3,1,6,2,0.0,1.0,0.0,1.0
get_ready,3,1,0,0,3,1,6,2,0.0,1.0,0.0,1.0
ekv,3,1,0,0,3,1,6,2,0.0,1.0,0.0,1.0
dfsdis,3,1,0,0,3,1,6,2,0.0,1.0,0.0,1.0
binpowmod,3,1,0,0,3,1,6,2,0.0,1.0,0.0,1.0
fill_cur,3,1,0,0,3,1,6,2,0.0,1.0,0.0,1.0
make_directed,4,1,0,0,2,1,6,2,0.0,0.5,0.0,1.0
isIn,3,1,0,0,3,1,6,2,0.0,1.0,0.0,1.0
Ins,3,1,0,0,3,1,6,2,0.0,1.0,0.0,1.0
dfs_size,3,1,0,0,3,1,6,2,0.0,1.0,0.0,1.0
ini,4,2,0,0,2,1,6,3,0.0,0.5,0.0,0.5
getId,3,1,0,0,3,1,6,2,0.0,1.0,0.0,1.0
addE,6,1,0,0,0,0,6,1,0.0,0.0,0.0,0.0
add_LR_edge,3,1,0,0,3,1,6,2,0.0,1.0,0.0,1.0
dfs_m,3,1,0,0,3,1,6,2,0.0,1.0,0.0,1.0
getDist,3,1,0,0,3,1,6,2,0.0,1.0,0.0,1.0
show_even_base,3,1,0,0,3,1,6,2,0.0,1.0,0.0,1.0
nCk,4,2,0,0,2,1,6,3,0.0,0.5,0.0,0.5
gs,3,3,0,0,3,3,6,6,0.0,1.0,0.0,1.0
_query,6,1,0,0,0,0,6,1,0.0,0.0,0.0,0.0
make_tree,3,1,0,0,3,1,6,2,0.0,1.0,0.0,1.0
lk,3,1,0,0,3,1,6,2,0.0,1.0,0.0,1.0
big_dfs,3,1,0,0,3,1,6,2,0.0,1.0,0.0,1.0
rewind,3,1,0,0,3,1,6,2,0.0,1.0,0.0,1.0
init_dfs,3,1,0,0,3,1,6,2,0.0,1.0,0.0,1.0
bigMod,3,1,0,0,3,1,6,2,0.0,1.0,0.0,1.0
floodfill,3,1,0,0,3,1,6,2,0.0,1.0,0.0,1.0
Create,3,1,0,0,3,1,6,2,0.0,1.0,0.0,1.0
swapCol,3,1,0,0,3,1,6,2,0.0,1.0,0.0,1.0
set_bit,3,1,0,0,3,1,6,2,0.0,1.0,0.0,1.0
Up,3,1,0,0,3,1,6,2,0.0,1.0,0.0,1.0
Write,3,1,0,0,3,1,6,2,0.0,1.0,0.0,1.0
findpa,3,1,0,0,3,1,6,2,0.0,1.0,0.0,1.0
fagocitar,4,1,0,0,2,1,6,2,0.0,0.5,0.0,1.0
RMQ,3,1,0,0,3,1,6,2,0.0,1.0,0.0,1.0
Cfit,3,1,0,0,3,1,6,2,0.0,1.0,0.0,1.0
in_order,6,1,0,0,0,0,6,1,0.0,0.0,0.0,0.0
checkPic,3,1,0,0,3,1,6,2,0.0,1.0,0.0,1.0
Izbaci,3,1,0,0,3,1,6,2,0.0,1.0,0.0,1.0
release,3,1,0,0,3,1,6,2,0.0,1.0,0.0,1.0
to_number,3,1,0,0,3,1,6,2,0.0,1.0,0.0,1.0
toPower,3,1,0,0,3,1,6,2,0.0,1.0,0.0,1.0
fstplc,3,1,0,0,3,1,6,2,0.0,1.0,0.0,1.0
dfs_path,3,1,0,0,3,1,6,2,0.0,1.0,0.0,1.0
rotate90,2,1,0,0,4,2,6,3,0.0,2.0,0.0,2.0
dfssub,3,1,0,0,3,1,6,2,0.0,1.0,0.0,1.0
add_ans,3,1,0,0,3,1,6,2,0.0,1.0,0.0,1.0
get_num10,3,1,0,0,3,1,6,2,0.0,1.0,0.0,1.0
bigexp,3,1,0,0,3,1,6,2,0.0,1.0,0.0,1.0
Cmp,4,2,0,0,2,1,6,3,0.0,0.5,0.0,0.5
convo,3,1,0,0,3,1,6,2,0.0,1.0,0.0,1.0
powl,3,1,0,0,3,1,6,2,0.0,1.0,0.0,1.0
remin,5,1,0,0,1,1,6,2,0.0,0.2,0.0,1.0
pointtosegsq,3,1,0,0,3,1,6,2,0.0,1.0,0.0,1.0
dfs4,3,1,0,0,3,1,6,2,0.0,1.0,0.0,1.0
read_graph,3,1,0,0,3,1,6,2,0.0,1.0,0.0,1.0
Fib,6,3,0,0,0,0,6,3,0.0,0.0,0.0,0.0
exgcd,3,1,0,0,3,1,6,2,0.0,1.0,0.0,1.0
lin,3,1,0,0,3,1,6,2,0.0,1.0,0.0,1.0
pd,3,1,0,0,3,1,6,2,0.0,1.0,0.0,1.0
topol,3,1,0,0,3,1,6,2,0.0,1.0,0.0,1.0
mx,3,1,0,0,3,1,6,2,0.0,1.0,0.0,1.0
factorG,3,1,0,0,3,1,6,2,0.0,1.0,0.0,1.0
POWE,6,3,0,0,0,0,6,3,0.0,0.0,0.0,0.0
backtrack,3,1,0,0,3,1,6,2,0.0,1.0,0.0,1.0
prep,3,1,0,0,3,1,6,2,0.0,1.0,0.0,1.0
scalProd,3,1,0,0,3,1,6,2,0.0,1.0,0.0,1.0
take_base,3,1,0,0,3,1,6,2,0.0,1.0,0.0,1.0
buildHalfHull,3,1,0,0,3,1,6,2,0.0,1.0,0.0,1.0
GenOne,3,1,0,0,3,1,6,2,0.0,1.0,0.0,1.0
getCnt,3,1,0,0,3,1,6,2,0.0,1.0,0.0,1.0
fft_init,3,1,0,0,3,1,6,2,0.0,1.0,0.0,1.0
FUNCREV,3,1,0,0,3,1,6,2,0.0,1.0,0.0,1.0
longestCommonPrefix,0,0,2,1,4,2,6,3,,,,
is_undirected,4,1,0,0,2,1,6,2,0.0,0.5,0.0,1.0
connect,4,2,0,0,2,1,6,3,0.0,0.5,0.0,0.5
lastdfs,3,1,0,0,3,1,6,2,0.0,1.0,0.0,1.0
value_for_self,3,1,0,0,3,1,6,2,0.0,1.0,0.0,1.0
__insert,3,1,0,0,3,1,6,2,0.0,1.0,0.0,1.0
first_contains_suffix,4,2,0,0,2,1,6,3,0.0,0.5,0.0,0.5
Fbb,3,1,0,0,3,1,6,2,0.0,1.0,0.0,1.0
extGCD,4,2,0,0,2,1,6,3,0.0,0.5,0.0,0.5
MUL,3,1,0,0,3,1,6,2,0.0,1.0,0.0,1.0
ones,3,1,0,0,3,1,6,2,0.0,1.0,0.0,1.0
ToDec,3,1,0,0,3,1,6,2,0.0,1.0,0.0,1.0
be,5,1,0,0,0,0,5,1,0.0,0.0,0.0,0.0
get_k,5,2,0,0,0,0,5,2,0.0,0.0,0.0,0.0
incluir,3,1,0,0,2,1,5,2,0.0,0.6666666666666666,0.0,1.0
ab,5,1,0,0,0,0,5,1,0.0,0.0,0.0,0.0
is_noun_masculine,0,0,0,0,5,1,5,1,,,,
incluido,3,1,0,0,2,1,5,2,0.0,0.6666666666666666,0.0,1.0
bitC,5,1,0,0,0,0,5,1,0.0,0.0,0.0,0.0
_modify,5,1,0,0,0,0,5,1,0.0,0.0,0.0,0.0
triangle,5,1,0,0,0,0,5,1,0.0,0.0,0.0,0.0
updateSize,5,1,0,0,0,0,5,1,0.0,0.0,0.0,0.0
set_union,3,1,0,0,2,1,5,2,0.0,0.6666666666666666,0.0,1.0
isInRange,0,0,0,0,5,1,5,1,,,,
nextInt,4,2,0,0,1,1,5,3,0.0,0.25,0.0,0.5
fc,5,1,0,0,0,0,5,1,0.0,0.0,0.0,0.0
safe,5,1,0,0,0,0,5,1,0.0,0.0,0.0,0.0
reverse_number,0,0,0,0,5,1,5,1,,,,
reverse_string,0,0,5,2,0,0,5,2,,,,
digital_root,0,0,5,1,0,0,5,1,,,,
count_len,3,1,0,0,2,1,5,2,0.0,0.6666666666666666,0.0,1.0
overlap,0,0,5,1,0,0,5,1,,,,
fr,5,1,0,0,0,0,5,1,0.0,0.0,0.0,0.0
checkk,3,1,0,0,2,1,5,2,0.0,0.6666666666666666,0.0,1.0
prairie_partition,0,0,5,3,0,0,5,3,,,,
compara,5,1,0,0,0,0,5,1,0.0,0.0,0.0,0.0
checkBit,4,4,0,0,1,1,5,5,0.0,0.25,0.0,0.25
combination,0,0,5,2,0,0,5,2,,,,
min_need,5,1,0,0,0,0,5,1,0.0,0.0,0.0,0.0
FO,0,0,0,0,5,1,5,1,,,,
findpos,5,1,0,0,0,0,5,1,0.0,0.0,0.0,0.0
mod_inv,4,4,0,0,1,1,5,5,0.0,0.25,0.0,0.25
reads,5,1,0,0,0,0,5,1,0.0,0.0,0.0,0.0
closest,3,3,0,0,2,2,5,5,0.0,0.6666666666666666,0.0,0.6666666666666666
doIntersect,0,0,5,2,0,0,5,2,,,,
ae,5,1,0,0,0,0,5,1,0.0,0.0,0.0,0.0
update_segment_tree,0,0,0,0,5,1,5,1,,,,
Wartosc,5,1,0,0,0,0,5,1,0.0,0.0,0.0,0.0
checka,5,1,0,0,0,0,5,1,0.0,0.0,0.0,0.0
charToInt,5,1,0,0,0,0,5,1,0.0,0.0,0.0,0.0
min_double,4,1,0,0,1,1,5,2,0.0,0.25,0.0,1.0
isValidWord,0,0,5,2,0,0,5,2,,,,
solveC,3,1,0,0,2,1,5,2,0.0,0.6666666666666666,0.0,1.0
is_noun_feminine,0,0,0,0,5,1,5,1,,,,
cost,3,1,0,0,2,1,5,2,0.0,0.6666666666666666,0.0,1.0
prodc,5,1,0,0,0,0,5,1,0.0,0.0,0.0,0.0
getv,5,1,0,0,0,0,5,1,0.0,0.0,0.0,0.0
trama,5,1,0,0,0,0,5,1,0.0,0.0,0.0,0.0
crossOper,5,1,0,0,0,0,5,1,0.0,0.0,0.0,0.0
Ok,3,1,0,0,2,1,5,2,0.0,0.6666666666666666,0.0,1.0
cal2,3,1,0,0,2,1,5,2,0.0,0.6666666666666666,0.0,1.0
countTrailingZeros,0,0,2,1,3,1,5,2,,,,
build_st,5,1,0,0,0,0,5,1,0.0,0.0,0.0,0.0
lessE,5,1,0,0,0,0,5,1,0.0,0.0,0.0,0.0
div,4,2,0,0,1,1,5,3,0.0,0.25,0.0,0.5
LiczLiczba_,5,1,0,0,0,0,5,1,0.0,0.0,0.0,0.0
pt,2,1,0,0,3,1,5,2,0.0,1.5,0.0,1.0
contain,5,1,0,0,0,0,5,1,0.0,0.0,0.0,0.0
xuint,5,1,0,0,0,0,5,1,0.0,0.0,0.0,0.0
water,5,1,0,0,0,0,5,1,0.0,0.0,0.0,0.0
hsh,5,1,0,0,0,0,5,1,0.0,0.0,0.0,0.0
Rev,5,1,0,0,0,0,5,1,0.0,0.0,0.0,0.0
relax_rev,5,1,0,0,0,0,5,1,0.0,0.0,0.0,0.0
show_min_ak_minus_k,5,1,0,0,0,0,5,1,0.0,0.0,0.0,0.0
tonum,3,3,0,0,2,2,5,5,0.0,0.6666666666666666,0.0,0.6666666666666666
findc,5,1,0,0,0,0,5,1,0.0,0.0,0.0,0.0
getanc,5,1,0,0,0,0,5,1,0.0,0.0,0.0,0.0
longestAlternatingSubsequence,0,0,5,2,0,0,5,2,,,,
intersects,0,0,2,1,3,1,5,2,,,,
resetBit,4,4,0,0,1,1,5,5,0.0,0.25,0.0,0.25
dist_point_line,0,0,5,1,0,0,5,1,,,,
calculate_fibonacci,0,0,0,0,5,1,5,1,,,,
Dvd,5,1,0,0,0,0,5,1,0.0,0.0,0.0,0.0
point_in_poly,2,1,0,0,3,1,5,2,0.0,1.5,0.0,1.0
find_pos,0,0,0,0,5,1,5,1,,,,
neib,5,1,0,0,0,0,5,1,0.0,0.0,0.0,0.0
findPath,3,1,0,0,2,1,5,2,0.0,0.6666666666666666,0.0,1.0
brute,5,2,0,0,0,0,5,2,0.0,0.0,0.0,0.0
cli,3,1,0,0,2,1,5,2,0.0,0.6666666666666666,0.0,1.0
Highest,2,1,0,0,2,1,4,2,0.0,1.0,0.0,1.0
verify,2,1,0,0,2,1,4,2,0.0,1.0,0.0,1.0
mul_inv,2,1,0,0,2,1,4,2,0.0,1.0,0.0,1.0
trailing_zeros,0,0,4,1,0,0,4,1,,,,
calcTime,2,1,0,0,2,1,4,2,0.0,1.0,0.0,1.0
ToInt,2,1,0,0,2,1,4,2,0.0,1.0,0.0,1.0
is_verb_masculine,0,0,0,0,4,1,4,1,,,,
get_hev,2,1,0,0,2,1,4,2,0.0,1.0,0.0,1.0
segtree_get,4,1,0,0,0,0,4,1,0.0,0.0,0.0,0.0
full,4,1,0,0,0,0,4,1,0.0,0.0,0.0,0.0
AssignResidents,0,0,0,0,4,1,4,1,,,,
countSetBits,0,0,4,2,0,0,4,2,,,,
LcaSparseTable,2,1,0,0,2,1,4,2,0.0,1.0,0.0,1.0
helper1,2,1,0,0,2,1,4,2,0.0,1.0,0.0,1.0
calculate_path,2,1,0,0,2,1,4,2,0.0,1.0,0.0,1.0
is_allowed,0,0,4,1,0,0,4,1,,,,
mergeS,2,1,0,0,2,1,4,2,0.0,1.0,0.0,1.0
canGetGroup,2,1,0,0,2,1,4,2,0.0,1.0,0.0,1.0
BFS_2,2,1,0,0,2,1,4,2,0.0,1.0,0.0,1.0
ipow,2,1,0,0,2,1,4,2,0.0,1.0,0.0,1.0
is_valid_part,0,0,4,1,0,0,4,1,,,,
q2,4,1,0,0,0,0,4,1,0.0,0.0,0.0,0.0
preproces,2,1,0,0,2,1,4,2,0.0,1.0,0.0,1.0
createNode,0,0,0,0,4,1,4,1,,,,
splitstr,2,2,0,0,2,2,4,4,0.0,1.0,0.0,1.0
safe_sqrt,2,2,0,0,2,2,4,4,0.0,1.0,0.0,1.0
solve_naive,2,1,0,0,2,1,4,2,0.0,1.0,0.0,1.0
getFullUtilization,2,1,0,0,2,1,4,2,0.0,1.0,0.0,1.0
removeBlock,2,1,0,0,2,1,4,2,0.0,1.0,0.0,1.0
PrintCont,2,2,0,0,2,2,4,4,0.0,1.0,0.0,1.0
Duracion,4,1,0,0,0,0,4,1,0.0,0.0,0.0,0.0
calculate_dp,0,0,0,0,4,1,4,1,,,,
split_string,0,0,4,1,0,0,4,1,,,,
GetIntervals,2,1,0,0,2,1,4,2,0.0,1.0,0.0,1.0
make_node,4,1,0,0,0,0,4,1,0.0,0.0,0.0,0.0
removed,2,1,0,0,2,1,4,2,0.0,1.0,0.0,1.0
getMaxFlow,2,1,0,0,2,1,4,2,0.0,1.0,0.0,1.0
onlyLower,2,1,0,0,2,1,4,2,0.0,1.0,0.0,1.0
Compare,2,1,0,0,2,1,4,2,0.0,1.0,0.0,1.0
sortPairsCmp,3,3,0,0,1,1,4,4,0.0,0.3333333333333333,0.0,0.3333333333333333
isBad,0,0,2,1,2,1,4,2,,,,
q3,4,1,0,0,0,0,4,1,0.0,0.0,0.0,0.0
push_query,2,1,0,0,2,1,4,2,0.0,1.0,0.0,1.0
arquivo,4,2,0,0,0,0,4,2,0.0,0.0,0.0,0.0
sumCows,2,1,0,0,2,1,4,2,0.0,1.0,0.0,1.0
iwyt,2,1,0,0,2,1,4,2,0.0,1.0,0.0,1.0
Transfer,2,1,0,0,2,1,4,2,0.0,1.0,0.0,1.0
updateValue,0,0,0,0,4,1,4,1,,,,
findMax,2,1,0,0,2,1,4,2,0.0,1.0,0.0,1.0
geta,2,1,0,0,2,1,4,2,0.0,1.0,0.0,1.0
PO,2,1,0,0,2,1,4,2,0.0,1.0,0.0,1.0
is_ancestor,0,0,0,0,4,1,4,1,,,,
Przelicz,4,1,0,0,0,0,4,1,0.0,0.0,0.0,0.0
is_unlucky,0,0,0,0,4,1,4,1,,,,
same,2,1,0,0,2,1,4,2,0.0,1.0,0.0,1.0
ED,2,1,0,0,2,1,4,2,0.0,1.0,0.0,1.0
Gen5,2,1,0,0,2,1,4,2,0.0,1.0,0.0,1.0
kmpSearch,2,1,0,0,2,1,4,2,0.0,1.0,0.0,1.0
expo,4,1,0,0,0,0,4,1,0.0,0.0,0.0,0.0
rad,2,1,0,0,2,1,4,2,0.0,1.0,0.0,1.0
isPlacable,2,1,0,0,2,1,4,2,0.0,1.0,0.0,1.0
rasga,4,1,0,0,0,0,4,1,0.0,0.0,0.0,0.0
get_bit,4,1,0,0,0,0,4,1,0.0,0.0,0.0,0.0
Intersect,2,1,0,0,2,1,4,2,0.0,1.0,0.0,1.0
stress,2,1,0,0,2,1,4,2,0.0,1.0,0.0,1.0
calcScore,4,1,0,0,0,0,4,1,0.0,0.0,0.0,0.0
matches_pattern,0,0,4,2,0,0,4,2,,,,
Mult,2,1,0,0,2,1,4,2,0.0,1.0,0.0,1.0
addString,2,1,0,0,2,1,4,2,0.0,1.0,0.0,1.0
range_exc,2,1,0,0,2,1,4,2,0.0,1.0,0.0,1.0
sync_stdio,2,1,0,0,2,1,4,2,0.0,1.0,0.0,1.0
ntr,2,1,0,0,2,1,4,2,0.0,1.0,0.0,1.0
gph_clr,2,1,0,0,2,1,4,2,0.0,1.0,0.0,1.0
count_dists,2,1,0,0,2,1,4,2,0.0,1.0,0.0,1.0
check_r,2,1,0,0,2,1,4,2,0.0,1.0,0.0,1.0
convex,2,1,0,0,2,1,4,2,0.0,1.0,0.0,1.0
del_node,2,1,0,0,2,1,4,2,0.0,1.0,0.0,1.0
z_algo,2,1,0,0,2,1,4,2,0.0,1.0,0.0,1.0
first_lin,2,1,0,0,2,1,4,2,0.0,1.0,0.0,1.0
modSub,3,3,0,0,1,1,4,4,0.0,0.3333333333333333,0.0,0.3333333333333333
midans,2,1,0,0,2,1,4,2,0.0,1.0,0.0,1.0
dominator_tree,2,1,0,0,2,1,4,2,0.0,1.0,0.0,1.0
combine_odd,2,1,0,0,2,1,4,2,0.0,1.0,0.0,1.0
witness,2,1,0,0,2,1,4,2,0.0,1.0,0.0,1.0
writeString,2,1,0,0,2,1,4,2,0.0,1.0,0.0,1.0
fore,0,0,0,0,4,1,4,1,,,,
getHull,2,1,0,0,2,1,4,2,0.0,1.0,0.0,1.0
getdfn,2,1,0,0,2,1,4,2,0.0,1.0,0.0,1.0
compfunc,2,1,0,0,2,1,4,2,0.0,1.0,0.0,1.0
myabs,2,1,0,0,2,1,4,2,0.0,1.0,0.0,1.0
izxl,2,1,0,0,2,1,4,2,0.0,1.0,0.0,1.0
printPar,2,1,0,0,2,1,4,2,0.0,1.0,0.0,1.0
count_number,2,1,0,0,2,1,4,2,0.0,1.0,0.0,1.0
palin,4,1,0,0,0,0,4,1,0.0,0.0,0.0,0.0
Epr,4,1,0,0,0,0,4,1,0.0,0.0,0.0,0.0
wet,2,1,0,0,2,1,4,2,0.0,1.0,0.0,1.0
toint,3,3,0,0,1,1,4,4,0.0,0.3333333333333333,0.0,0.3333333333333333
rch,4,1,0,0,0,0,4,1,0.0,0.0,0.0,0.0
pl,4,1,0,0,0,0,4,1,0.0,0.0,0.0,0.0
Graph,2,1,0,0,2,1,4,2,0.0,1.0,0.0,1.0
getExtreme,2,1,0,0,2,1,4,2,0.0,1.0,0.0,1.0
RUN,2,1,0,0,2,1,4,2,0.0,1.0,0.0,1.0
calculate_size,0,0,0,0,4,1,4,1,,,,
upans2,3,1,0,0,1,1,4,2,0.0,0.3333333333333333,0.0,1.0
check_sh,4,1,0,0,0,0,4,1,0.0,0.0,0.0,0.0
read_problem,2,1,0,0,2,1,4,2,0.0,1.0,0.0,1.0
lazy_eval,4,1,0,0,0,0,4,1,0.0,0.0,0.0,0.0
Wypisz,4,1,0,0,0,0,4,1,0.0,0.0,0.0,0.0
tryGet,4,1,0,0,0,0,4,1,0.0,0.0,0.0,0.0
toBinary,3,3,0,0,1,1,4,4,0.0,0.3333333333333333,0.0,0.3333333333333333
debugv,2,1,0,0,2,1,4,2,0.0,1.0,0.0,1.0
getPath,2,1,0,0,2,1,4,2,0.0,1.0,0.0,1.0
dispatch,3,1,0,0,1,1,4,2,0.0,0.3333333333333333,0.0,1.0
modAdd,3,3,0,0,1,1,4,4,0.0,0.3333333333333333,0.0,0.3333333333333333
generate_super_lucky,0,0,4,1,0,0,4,1,,,,
calcPrimes,2,1,0,0,2,1,4,2,0.0,1.0,0.0,1.0
zero,2,1,0,0,2,1,4,2,0.0,1.0,0.0,1.0
getSuffVal,2,1,0,0,2,1,4,2,0.0,1.0,0.0,1.0
bitcnt,2,1,0,0,2,1,4,2,0.0,1.0,0.0,1.0
unir,2,1,0,0,2,1,4,2,0.0,1.0,0.0,1.0
unstable,2,1,0,0,2,1,4,2,0.0,1.0,0.0,1.0
findtime,2,1,0,0,2,1,4,2,0.0,1.0,0.0,1.0
_LLi,2,1,0,0,2,1,4,2,0.0,1.0,0.0,1.0
mod_pow,3,3,0,0,1,1,4,4,0.0,0.3333333333333333,0.0,0.3333333333333333
grab_ys,2,1,0,0,2,1,4,2,0.0,1.0,0.0,1.0
read_it,2,1,0,0,2,1,4,2,0.0,1.0,0.0,1.0
conj,2,1,0,0,2,1,4,2,0.0,1.0,0.0,1.0
toDrink,2,1,0,0,2,1,4,2,0.0,1.0,0.0,1.0
query_,4,1,0,0,0,0,4,1,0.0,0.0,0.0,0.0
Gen4,2,1,0,0,2,1,4,2,0.0,1.0,0.0,1.0
buildSparse,2,1,0,0,2,1,4,2,0.0,1.0,0.0,1.0
halfplaneIntersection,2,1,0,0,2,1,4,2,0.0,1.0,0.0,1.0
dij2,2,1,0,0,2,1,4,2,0.0,1.0,0.0,1.0
see,2,1,0,0,2,1,4,2,0.0,1.0,0.0,1.0
takeHor,2,1,0,0,2,1,4,2,0.0,1.0,0.0,1.0
generate_ip,0,0,0,0,4,1,4,1,,,,
Less2,2,1,0,0,2,1,4,2,0.0,1.0,0.0,1.0
combine_even,2,1,0,0,2,1,4,2,0.0,1.0,0.0,1.0
rebuild,2,1,0,0,2,1,4,2,0.0,1.0,0.0,1.0
my_srand,2,1,0,0,2,1,4,2,0.0,1.0,0.0,1.0
get_sum_pref,2,1,0,0,2,1,4,2,0.0,1.0,0.0,1.0
lcm4,0,0,2,1,2,1,4,2,,,,
moze,2,1,0,0,2,1,4,2,0.0,1.0,0.0,1.0
EnableFileIO,2,1,0,0,2,1,4,2,0.0,1.0,0.0,1.0
getLowestBit,0,0,0,0,4,1,4,1,,,,
Inv,2,1,0,0,2,1,4,2,0.0,1.0,0.0,1.0
sqrt4,2,1,0,0,2,1,4,2,0.0,1.0,0.0,1.0
modularExpo,4,1,0,0,0,0,4,1,0.0,0.0,0.0,0.0
par,2,1,0,0,2,1,4,2,0.0,1.0,0.0,1.0
mask,2,1,0,0,2,1,4,2,0.0,1.0,0.0,1.0
_add,4,1,0,0,0,0,4,1,0.0,0.0,0.0,0.0
buildtree,2,1,0,0,2,1,4,2,0.0,1.0,0.0,1.0
fromLeft,2,1,0,0,2,1,4,2,0.0,1.0,0.0,1.0
perp,2,1,0,0,2,1,4,2,0.0,1.0,0.0,1.0
get_not_conected,4,1,0,0,0,0,4,1,0.0,0.0,0.0,0.0
Side,2,1,0,0,2,1,4,2,0.0,1.0,0.0,1.0
unique,2,1,0,0,2,1,4,2,0.0,1.0,0.0,1.0
init_chunks,2,1,0,0,2,1,4,2,0.0,1.0,0.0,1.0
value_of,2,1,0,0,2,1,4,2,0.0,1.0,0.0,1.0
findSubsequences,0,0,4,1,0,0,4,1,,,,
nthPerm,2,1,0,0,2,1,4,2,0.0,1.0,0.0,1.0
son,4,1,0,0,0,0,4,1,0.0,0.0,0.0,0.0
can_win,0,0,4,1,0,0,4,1,,,,
generate,0,0,4,1,0,0,4,1,,,,
printSwap,2,1,0,0,2,1,4,2,0.0,1.0,0.0,1.0
checkPos,2,1,0,0,2,1,4,2,0.0,1.0,0.0,1.0
CreateBeginBucket,2,1,0,0,2,1,4,2,0.0,1.0,0.0,1.0
rowleft,2,1,0,0,2,1,4,2,0.0,1.0,0.0,1.0
iOS,2,1,0,0,2,1,4,2,0.0,1.0,0.0,1.0
hexToDecimal,0,0,4,1,0,0,4,1,,,,
getid,2,1,0,0,2,1,4,2,0.0,1.0,0.0,1.0
Gen3,2,1,0,0,2,1,4,2,0.0,1.0,0.0,1.0
add_tag,4,1,0,0,0,0,4,1,0.0,0.0,0.0,0.0
getRep,4,1,0,0,0,0,4,1,0.0,0.0,0.0,0.0
get_pos,2,1,0,0,2,1,4,2,0.0,1.0,0.0,1.0
DaddE,2,1,0,0,2,1,4,2,0.0,1.0,0.0,1.0
overlay,2,1,0,0,2,1,4,2,0.0,1.0,0.0,1.0
rangeOr,4,1,0,0,0,0,4,1,0.0,0.0,0.0,0.0
Gen2,2,1,0,0,2,1,4,2,0.0,1.0,0.0,1.0
Lca,2,1,0,0,2,1,4,2,0.0,1.0,0.0,1.0
kosaraju,4,2,0,0,0,0,4,2,0.0,0.0,0.0,0.0
getLb,4,1,0,0,0,0,4,1,0.0,0.0,0.0,0.0
ty6,2,1,0,0,2,1,4,2,0.0,1.0,0.0,1.0
crosssq,2,1,0,0,2,1,4,2,0.0,1.0,0.0,1.0
Adj,2,1,0,0,2,1,4,2,0.0,1.0,0.0,1.0
find_solution,2,1,0,0,2,1,4,2,0.0,1.0,0.0,1.0
normalize,2,1,0,0,2,1,4,2,0.0,1.0,0.0,1.0
q4,4,1,0,0,0,0,4,1,0.0,0.0,0.0,0.0
is_verb,2,1,0,0,2,1,4,2,0.0,1.0,0.0,1.0
z_f,2,1,0,0,2,1,4,2,0.0,1.0,0.0,1.0
quickMod,2,1,0,0,2,1,4,2,0.0,1.0,0.0,1.0
init_set,2,1,0,0,2,1,4,2,0.0,1.0,0.0,1.0
iex,2,1,0,0,2,1,4,2,0.0,1.0,0.0,1.0
KMP,2,1,0,0,2,1,4,2,0.0,1.0,0.0,1.0
cmpV,4,1,0,0,0,0,4,1,0.0,0.0,0.0,0.0
updateRange,0,0,0,0,4,1,4,1,,,,
fixLess,4,1,0,0,0,0,4,1,0.0,0.0,0.0,0.0
get_solution,2,1,0,0,2,1,4,2,0.0,1.0,0.0,1.0
num2str,2,1,0,0,2,1,4,2,0.0,1.0,0.0,1.0
check_vertical,0,0,4,2,0,0,4,2,,,,
CreateLCP,2,1,0,0,2,1,4,2,0.0,1.0,0.0,1.0
getToken,2,1,0,0,2,1,4,2,0.0,1.0,0.0,1.0
dfs_false,4,1,0,0,0,0,4,1,0.0,0.0,0.0,0.0
_extend,2,1,0,0,2,1,4,2,0.0,1.0,0.0,1.0
printCorrStr,2,1,0,0,2,1,4,2,0.0,1.0,0.0,1.0
parse_term,2,1,0,0,2,1,4,2,0.0,1.0,0.0,1.0
wen,2,1,0,0,2,1,4,2,0.0,1.0,0.0,1.0
build_segment_tree,0,0,0,0,4,1,4,1,,,,
project,2,1,0,0,2,1,4,2,0.0,1.0,0.0,1.0
make_push,2,1,0,0,2,1,4,2,0.0,1.0,0.0,1.0
tmpClear,2,1,0,0,2,1,4,2,0.0,1.0,0.0,1.0
conc10,2,1,0,0,2,1,4,2,0.0,1.0,0.0,1.0
modF,2,1,0,0,2,1,4,2,0.0,1.0,0.0,1.0
ot,2,1,0,0,2,1,4,2,0.0,1.0,0.0,1.0
prefixFunction,2,1,0,0,2,1,4,2,0.0,1.0,0.0,1.0
extcmp,2,1,0,0,2,1,4,2,0.0,1.0,0.0,1.0
calcDepth,2,1,0,0,2,1,4,2,0.0,1.0,0.0,1.0
setBlock,2,1,0,0,2,1,4,2,0.0,1.0,0.0,1.0
removeZeros,0,0,4,1,0,0,4,1,,,,
countDifferent,4,1,0,0,0,0,4,1,0.0,0.0,0.0,0.0
Hunger,2,1,0,0,2,1,4,2,0.0,1.0,0.0,1.0
dziel,2,1,0,0,2,1,4,2,0.0,1.0,0.0,1.0
corr,2,1,0,0,2,1,4,2,0.0,1.0,0.0,1.0
queryValue,0,0,0,0,4,1,4,1,,,,
SolveQEq,2,1,0,0,2,1,4,2,0.0,1.0,0.0,1.0
increase,2,1,0,0,2,1,4,2,0.0,1.0,0.0,1.0
ComputeTime,2,1,0,0,2,1,4,2,0.0,1.0,0.0,1.0
modDiv,3,3,0,0,1,1,4,4,0.0,0.3333333333333333,0.0,0.3333333333333333
add_string,2,1,0,0,2,1,4,2,0.0,1.0,0.0,1.0
precompute,2,1,0,0,2,1,4,2,0.0,1.0,0.0,1.0
TopBit,2,1,0,0,2,1,4,2,0.0,1.0,0.0,1.0
diff,2,1,0,0,2,1,4,2,0.0,1.0,0.0,1.0
prevIndex,2,1,0,0,2,1,4,2,0.0,1.0,0.0,1.0
dispallseg,2,1,0,0,2,1,4,2,0.0,1.0,0.0,1.0
Lowest,2,1,0,0,2,1,4,2,0.0,1.0,0.0,1.0
ejecuta,2,1,0,0,2,1,4,2,0.0,1.0,0.0,1.0
countVowels,0,0,4,1,0,0,4,1,,,,
test_case,2,1,0,0,2,1,4,2,0.0,1.0,0.0,1.0
get_clear,2,1,0,0,2,1,4,2,0.0,1.0,0.0,1.0
disposeWithBeginning,2,1,0,0,2,1,4,2,0.0,1.0,0.0,1.0
makegr,2,1,0,0,2,1,4,2,0.0,1.0,0.0,1.0
build_r1,2,1,0,0,2,1,4,2,0.0,1.0,0.0,1.0
toStr,3,3,0,0,1,1,4,4,0.0,0.3333333333333333,0.0,0.3333333333333333
distSq,0,0,0,0,4,1,4,1,,,,
qq_BIT,2,1,0,0,2,1,4,2,0.0,1.0,0.0,1.0
Paradox,2,1,0,0,2,1,4,2,0.0,1.0,0.0,1.0
MODINV,2,2,0,0,2,2,4,4,0.0,1.0,0.0,1.0
duval,2,1,0,0,2,1,4,2,0.0,1.0,0.0,1.0
ata,2,1,0,0,2,1,4,2,0.0,1.0,0.0,1.0
sparse,2,1,0,0,2,1,4,2,0.0,1.0,0.0,1.0
output_solution,2,1,0,0,2,1,4,2,0.0,1.0,0.0,1.0
SolveLarge,2,1,0,0,2,1,4,2,0.0,1.0,0.0,1.0
getWidth,2,1,0,0,2,1,4,2,0.0,1.0,0.0,1.0
getname,2,1,0,0,2,1,4,2,0.0,1.0,0.0,1.0
gph_ade,2,1,0,0,2,1,4,2,0.0,1.0,0.0,1.0
Isbad,2,1,0,0,2,1,4,2,0.0,1.0,0.0,1.0
count_distinct,0,0,0,0,4,1,4,1,,,,
update_single,2,1,0,0,2,1,4,2,0.0,1.0,0.0,1.0
pre_calc,2,1,0,0,2,1,4,2,0.0,1.0,0.0,1.0
init_ispri,2,1,0,0,2,1,4,2,0.0,1.0,0.0,1.0
colineaire,2,1,0,0,2,1,4,2,0.0,1.0,0.0,1.0
MF,2,1,0,0,2,1,4,2,0.0,1.0,0.0,1.0
EGCD,2,1,0,0,2,1,4,2,0.0,1.0,0.0,1.0
pushLeft,2,1,0,0,2,1,4,2,0.0,1.0,0.0,1.0
theMin,2,1,0,0,2,1,4,2,0.0,1.0,0.0,1.0
sqrt2,2,1,0,0,2,1,4,2,0.0,1.0,0.0,1.0
next_permutation,2,1,0,0,2,1,4,2,0.0,1.0,0.0,1.0
disposeWithEnding,2,1,0,0,2,1,4,2,0.0,1.0,0.0,1.0
query_range,0,0,0,0,4,1,4,1,,,,
countDivisors,0,0,4,2,0,0,4,2,,,,
segTree_clear,2,1,0,0,2,1,4,2,0.0,1.0,0.0,1.0
checks2,2,1,0,0,2,1,4,2,0.0,1.0,0.0,1.0
dijk,2,1,0,0,2,1,4,2,0.0,1.0,0.0,1.0
Mx,2,1,0,0,2,1,4,2,0.0,1.0,0.0,1.0
pushDown,2,1,0,0,2,1,4,2,0.0,1.0,0.0,1.0
rdtsc,2,1,0,0,2,1,4,2,0.0,1.0,0.0,1.0
prime_table,2,1,0,0,2,1,4,2,0.0,1.0,0.0,1.0
Slove,2,1,0,0,2,1,4,2,0.0,1.0,0.0,1.0
isvalid,2,1,0,0,2,1,4,2,0.0,1.0,0.0,1.0
qiuni,2,1,0,0,2,1,4,2,0.0,1.0,0.0,1.0
init_graph,2,1,0,0,2,1,4,2,0.0,1.0,0.0,1.0
modifyLabel,2,1,0,0,2,1,4,2,0.0,1.0,0.0,1.0
delLetter,2,1,0,0,2,1,4,2,0.0,1.0,0.0,1.0
Enter,2,1,0,0,2,1,4,2,0.0,1.0,0.0,1.0
jia,2,1,0,0,2,1,4,2,0.0,1.0,0.0,1.0
ComputeInterval,2,1,0,0,2,1,4,2,0.0,1.0,0.0,1.0
fullUtilize,2,1,0,0,2,1,4,2,0.0,1.0,0.0,1.0
Isconvex,2,1,0,0,2,1,4,2,0.0,1.0,0.0,1.0
getBoard,2,1,0,0,2,1,4,2,0.0,1.0,0.0,1.0
is_verb_feminine,0,0,0,0,4,1,4,1,,,,
getpath,2,1,0,0,2,1,4,2,0.0,1.0,0.0,1.0
get_gra,2,1,0,0,2,1,4,2,0.0,1.0,0.0,1.0
GetMax,2,1,0,0,2,1,4,2,0.0,1.0,0.0,1.0
colup,2,1,0,0,2,1,4,2,0.0,1.0,0.0,1.0
calculate_legendre,0,0,4,1,0,0,4,1,,,,
fail,4,1,0,0,0,0,4,1,0.0,0.0,0.0,0.0
truth,2,1,0,0,2,1,4,2,0.0,1.0,0.0,1.0
bruteSpGr,2,1,0,0,2,1,4,2,0.0,1.0,0.0,1.0
inc0,2,1,0,0,2,1,4,2,0.0,1.0,0.0,1.0
bfs_road,2,1,0,0,2,1,4,2,0.0,1.0,0.0,1.0
is_nice,0,0,2,1,2,1,4,2,,,,
smoke,4,1,0,0,0,0,4,1,0.0,0.0,0.0,0.0
fromRight,2,1,0,0,2,1,4,2,0.0,1.0,0.0,1.0
calc_endpos,2,1,0,0,2,1,4,2,0.0,1.0,0.0,1.0
_get,4,1,0,0,0,0,4,1,0.0,0.0,0.0,0.0
FOR,4,1,0,0,0,0,4,1,0.0,0.0,0.0,0.0
satisfy2,2,1,0,0,2,1,4,2,0.0,1.0,0.0,1.0
tagRev,4,1,0,0,0,0,4,1,0.0,0.0,0.0,0.0
dijST,2,1,0,0,2,1,4,2,0.0,1.0,0.0,1.0
multiplyMod,4,1,0,0,0,0,4,1,0.0,0.0,0.0,0.0
segtree_clear,2,1,0,0,2,1,4,2,0.0,1.0,0.0,1.0
count_d_magic,0,0,4,1,0,0,4,1,,,,
doit,2,1,0,0,2,1,4,2,0.0,1.0,0.0,1.0
alpha,4,1,0,0,0,0,4,1,0.0,0.0,0.0,0.0
latte,2,1,0,0,2,1,4,2,0.0,1.0,0.0,1.0
range_max,4,1,0,0,0,0,4,1,0.0,0.0,0.0,0.0
prodesc,2,1,0,0,2,1,4,2,0.0,1.0,0.0,1.0
findEdgesInCycle,2,1,0,0,2,1,4,2,0.0,1.0,0.0,1.0
Gen1,2,1,0,0,2,1,4,2,0.0,1.0,0.0,1.0
is_adjective_feminine,0,0,0,0,4,1,4,1,,,,
count_true_bits,3,3,0,0,1,1,4,4,0.0,0.3333333333333333,0.0,0.3333333333333333
my_rand,2,1,0,0,2,1,4,2,0.0,1.0,0.0,1.0
calcInside,2,1,0,0,2,1,4,2,0.0,1.0,0.0,1.0
add_suffix,0,0,0,0,4,1,4,1,,,,
majid,2,1,0,0,2,1,4,2,0.0,1.0,0.0,1.0
getPos,4,1,0,0,0,0,4,1,0.0,0.0,0.0,0.0
get_suf,2,1,0,0,2,1,4,2,0.0,1.0,0.0,1.0
segtree_set,4,1,0,0,0,0,4,1,0.0,0.0,0.0,0.0
computeSpGr,2,1,0,0,2,1,4,2,0.0,1.0,0.0,1.0
rho,2,1,0,0,2,1,4,2,0.0,1.0,0.0,1.0
build_sam,2,1,0,0,2,1,4,2,0.0,1.0,0.0,1.0
unomas,2,1,0,0,2,1,4,2,0.0,1.0,0.0,1.0
validCutPicture,2,1,0,0,2,1,4,2,0.0,1.0,0.0,1.0
mst,2,1,0,0,2,1,4,2,0.0,1.0,0.0,1.0
do_solve,2,1,0,0,2,1,4,2,0.0,1.0,0.0,1.0
lb,2,1,0,0,2,1,4,2,0.0,1.0,0.0,1.0
iSS,2,1,0,0,2,1,4,2,0.0,1.0,0.0,1.0
is_sum_of_two_squares,0,0,4,2,0,0,4,2,,,,
getMaximalFlow,2,1,0,0,2,1,4,2,0.0,1.0,0.0,1.0
Circumcenter,2,1,0,0,2,1,4,2,0.0,1.0,0.0,1.0
Change,2,1,0,0,2,1,4,2,0.0,1.0,0.0,1.0
dodaj,2,1,0,0,2,1,4,2,0.0,1.0,0.0,1.0
mat_pow,2,1,0,0,2,1,4,2,0.0,1.0,0.0,1.0
count_all,2,1,0,0,2,1,4,2,0.0,1.0,0.0,1.0
lpow,2,1,0,0,2,1,4,2,0.0,1.0,0.0,1.0
jb,4,2,0,0,0,0,4,2,0.0,0.0,0.0,0.0
engzly,2,1,0,0,2,1,4,2,0.0,1.0,0.0,1.0
Halfcmp,2,1,0,0,2,1,4,2,0.0,1.0,0.0,1.0
kill,4,1,0,0,0,0,4,1,0.0,0.0,0.0,0.0
Roll2,4,1,0,0,0,0,4,1,0.0,0.0,0.0,0.0
vecNormal,2,1,0,0,2,1,4,2,0.0,1.0,0.0,1.0
seg_inter_seg,2,1,0,0,2,1,4,2,0.0,1.0,0.0,1.0
locate,2,1,0,0,2,1,4,2,0.0,1.0,0.0,1.0
isLeapYear,3,3,0,0,1,1,4,4,0.0,0.3333333333333333,0.0,0.3333333333333333
p_f,2,1,0,0,2,1,4,2,0.0,1.0,0.0,1.0
insert_exhibit,0,0,0,0,4,1,4,1,,,,
modulo,3,2,0,0,1,1,4,3,0.0,0.3333333333333333,0.0,0.5
find_path,2,1,0,0,2,1,4,2,0.0,1.0,0.0,1.0
writeEndl,2,1,0,0,2,1,4,2,0.0,1.0,0.0,1.0
cutPicture,2,1,0,0,2,1,4,2,0.0,1.0,0.0,1.0
escribir,3,1,0,0,1,1,4,2,0.0,0.3333333333333333,0.0,1.0
build_c,4,1,0,0,0,0,4,1,0.0,0.0,0.0,0.0
invert,2,1,0,0,2,1,4,2,0.0,1.0,0.0,1.0
powd,2,1,0,0,2,1,4,2,0.0,1.0,0.0,1.0
readString,2,1,0,0,2,1,4,2,0.0,1.0,0.0,1.0
mapTo,2,1,0,0,2,1,4,2,0.0,1.0,0.0,1.0
dirc,2,1,0,0,2,1,4,2,0.0,1.0,0.0,1.0
pushLinks,2,1,0,0,2,1,4,2,0.0,1.0,0.0,1.0
coldown,2,1,0,0,2,1,4,2,0.0,1.0,0.0,1.0
allotServers,2,1,0,0,2,1,4,2,0.0,1.0,0.0,1.0
prev,2,1,0,0,2,1,4,2,0.0,1.0,0.0,1.0
divs,2,1,0,0,2,1,4,2,0.0,1.0,0.0,1.0
read_data,2,1,0,0,2,1,4,2,0.0,1.0,0.0,1.0
norm2,2,1,0,0,2,1,4,2,0.0,1.0,0.0,1.0
popcount,2,2,0,0,2,2,4,4,0.0,1.0,0.0,1.0
GetDistances,2,1,0,0,2,1,4,2,0.0,1.0,0.0,1.0
ppcm,2,1,0,0,2,1,4,2,0.0,1.0,0.0,1.0
PHI,2,1,0,0,2,1,4,2,0.0,1.0,0.0,1.0
crossing,2,1,0,0,2,1,4,2,0.0,1.0,0.0,1.0
convexIntersection,2,1,0,0,2,1,4,2,0.0,1.0,0.0,1.0
destroy,4,1,0,0,0,0,4,1,0.0,0.0,0.0,0.0
Down,2,1,0,0,2,1,4,2,0.0,1.0,0.0,1.0
generate_assignment,0,0,0,0,4,1,4,1,,,,
puede,2,1,0,0,2,1,4,2,0.0,1.0,0.0,1.0
kmpPreprocess,2,1,0,0,2,1,4,2,0.0,1.0,0.0,1.0
check_min,2,1,0,0,2,1,4,2,0.0,1.0,0.0,1.0
check_horizontal,0,0,4,2,0,0,4,2,,,,
iceil,3,1,0,0,1,1,4,2,0.0,0.3333333333333333,0.0,1.0
bsNTN,2,1,0,0,2,1,4,2,0.0,1.0,0.0,1.0
is_adjective_masculine,0,0,0,0,4,1,4,1,,,,
EXEC,2,1,0,0,2,1,4,2,0.0,1.0,0.0,1.0
height,0,0,4,1,0,0,4,1,,,,
projection,2,1,0,0,2,1,4,2,0.0,1.0,0.0,1.0
isPal,2,1,0,0,2,1,4,2,0.0,1.0,0.0,1.0
swapxy,2,1,0,0,2,1,4,2,0.0,1.0,0.0,1.0
dfs_util,2,1,0,0,2,1,4,2,0.0,1.0,0.0,1.0
tobase,2,1,0,0,2,1,4,2,0.0,1.0,0.0,1.0
fast_pow,2,1,0,0,2,1,4,2,0.0,1.0,0.0,1.0
iPar,2,1,0,0,2,1,4,2,0.0,1.0,0.0,1.0
query_tree,2,1,0,0,2,1,4,2,0.0,1.0,0.0,1.0
get_mask2,2,1,0,0,2,1,4,2,0.0,1.0,0.0,1.0
bfs_rail,2,1,0,0,2,1,4,2,0.0,1.0,0.0,1.0
StupidSolution,2,1,0,0,2,1,4,2,0.0,1.0,0.0,1.0
mod_sub,3,3,0,0,1,1,4,4,0.0,0.3333333333333333,0.0,0.3333333333333333
is_rectangle,0,0,2,1,2,1,4,2,,,,
ks,4,1,0,0,0,0,4,1,0.0,0.0,0.0,0.0
LightIntervalExists,2,1,0,0,2,1,4,2,0.0,1.0,0.0,1.0
getBitString,2,1,0,0,2,1,4,2,0.0,1.0,0.0,1.0
mag,2,1,0,0,2,1,4,2,0.0,1.0,0.0,1.0
fx,2,1,0,0,2,1,4,2,0.0,1.0,0.0,1.0
cleanup,2,1,0,0,2,1,4,2,0.0,1.0,0.0,1.0
getPart,4,1,0,0,0,0,4,1,0.0,0.0,0.0,0.0
distance_angle_ratio,0,0,0,0,4,1,4,1,,,,
DP,2,1,0,0,2,1,4,2,0.0,1.0,0.0,1.0
prec,2,1,0,0,2,1,4,2,0.0,1.0,0.0,1.0
ispalin,2,1,0,0,2,1,4,2,0.0,1.0,0.0,1.0
merge_info,2,1,0,0,2,1,4,2,0.0,1.0,0.0,1.0
BuildSA,2,1,0,0,2,1,4,2,0.0,1.0,0.0,1.0
possible,2,1,0,0,2,1,4,2,0.0,1.0,0.0,1.0
getscore,4,1,0,0,0,0,4,1,0.0,0.0,0.0,0.0
euclide,4,1,0,0,0,0,4,1,0.0,0.0,0.0,0.0
count_powerof2,2,1,0,0,2,1,4,2,0.0,1.0,0.0,1.0
GetAngle,2,1,0,0,2,1,4,2,0.0,1.0,0.0,1.0
wchar,4,1,0,0,0,0,4,1,0.0,0.0,0.0,0.0
da,2,1,0,0,2,1,4,2,0.0,1.0,0.0,1.0
isok,2,1,0,0,2,1,4,2,0.0,1.0,0.0,1.0
dijEN,2,1,0,0,2,1,4,2,0.0,1.0,0.0,1.0
parent,2,1,0,0,2,1,4,2,0.0,1.0,0.0,1.0
empty,2,1,0,0,2,1,4,2,0.0,1.0,0.0,1.0
minCostFlow,2,1,0,0,2,1,4,2,0.0,1.0,0.0,1.0
aton,2,1,0,0,2,1,4,2,0.0,1.0,0.0,1.0
fastio,2,1,0,0,2,1,4,2,0.0,1.0,0.0,1.0
enter,2,1,0,0,2,1,4,2,0.0,1.0,0.0,1.0
canHit,2,1,0,0,2,1,4,2,0.0,1.0,0.0,1.0
Fail,2,1,0,0,2,1,4,2,0.0,1.0,0.0,1.0
query_segment_tree,0,0,0,0,4,1,4,1,,,,
generaasignacion,4,1,0,0,0,0,4,1,0.0,0.0,0.0,0.0
gethsh2,2,1,0,0,2,1,4,2,0.0,1.0,0.0,1.0
print_layers,3,1,0,0,1,1,4,2,0.0,0.3333333333333333,0.0,1.0
vertical,2,1,0,0,2,1,4,2,0.0,1.0,0.0,1.0
belong,2,1,0,0,2,1,4,2,0.0,1.0,0.0,1.0
area2,2,1,0,0,2,1,4,2,0.0,1.0,0.0,1.0
is_pol,2,1,0,0,2,1,4,2,0.0,1.0,0.0,1.0
findSubsets,0,0,4,1,0,0,4,1,,,,
anglecmp,2,1,0,0,2,1,4,2,0.0,1.0,0.0,1.0
to_str,2,2,0,0,2,2,4,4,0.0,1.0,0.0,1.0
FIRE,2,1,0,0,2,1,4,2,0.0,1.0,0.0,1.0
insert_trie,2,1,0,0,2,1,4,2,0.0,1.0,0.0,1.0
ENERGY,2,1,0,0,2,1,4,2,0.0,1.0,0.0,1.0
mxpwr,4,1,0,0,0,0,4,1,0.0,0.0,0.0,0.0
handle,4,1,0,0,0,0,4,1,0.0,0.0,0.0,0.0
pii_comp_x,2,1,0,0,2,1,4,2,0.0,1.0,0.0,1.0
myAbs,2,1,0,0,2,1,4,2,0.0,1.0,0.0,1.0
getbit,3,3,0,0,1,1,4,4,0.0,0.3333333333333333,0.0,0.3333333333333333
Big_Mod,2,1,0,0,2,1,4,2,0.0,1.0,0.0,1.0
sumag,2,1,0,0,2,1,4,2,0.0,1.0,0.0,1.0
prepbin,3,3,0,0,1,1,4,4,0.0,0.3333333333333333,0.0,0.3333333333333333
isSource,2,1,0,0,2,1,4,2,0.0,1.0,0.0,1.0
takeVer,2,1,0,0,2,1,4,2,0.0,1.0,0.0,1.0
getIntersect,3,1,0,0,1,1,4,2,0.0,0.3333333333333333,0.0,1.0
matexpo,2,1,0,0,2,1,4,2,0.0,1.0,0.0,1.0
nxtNoneEmpty,2,1,0,0,2,1,4,2,0.0,1.0,0.0,1.0
findCentroid,2,1,0,0,2,1,4,2,0.0,1.0,0.0,1.0
findDivisors,0,0,3,1,0,0,3,1,,,,
search,0,0,0,0,3,1,3,1,,,,
f0,0,0,3,1,0,0,3,1,,,,
isPrimeSmall,2,2,0,0,1,1,3,3,0.0,0.5,0.0,0.5
makePt,3,1,0,0,0,0,3,1,0.0,0.0,0.0,0.0
nCkInit,2,2,0,0,1,1,3,3,0.0,0.5,0.0,0.5
expand_string,0,0,3,1,0,0,3,1,,,,
has_2x2_square,0,0,3,1,0,0,3,1,,,,
is_digit,0,0,3,1,0,0,3,1,,,,
is_geometric,0,0,0,0,3,1,3,1,,,,
readss,3,1,0,0,0,0,3,1,0.0,0.0,0.0,0.0
calculateYear,0,0,0,0,3,1,3,1,,,,
isPizzaNumber,0,0,3,1,0,0,3,1,,,,
__builtin_popcount,3,1,0,0,0,0,3,1,0.0,0.0,0.0,0.0
days_in_month,0,0,3,1,0,0,3,1,,,,
condence,3,1,0,0,0,0,3,1,0.0,0.0,0.0,0.0
cpy,3,1,0,0,0,0,3,1,0.0,0.0,0.0,0.0
Cut,3,1,0,0,0,0,3,1,0.0,0.0,0.0,0.0
is_ant,3,1,0,0,0,0,3,1,0.0,0.0,0.0,0.0
transform,3,1,0,0,0,0,3,1,0.0,0.0,0.0,0.0
count_uncomfortable_pairs,0,0,3,1,0,0,3,1,,,,
findCutPosition,0,0,0,0,3,1,3,1,,,,
to_ternary,0,0,3,1,0,0,3,1,,,,
inyes,3,1,0,0,0,0,3,1,0.0,0.0,0.0,0.0
calculate_implications,0,0,0,0,3,1,3,1,,,,
dfs_decom,3,1,0,0,0,0,3,1,0.0,0.0,0.0,0.0
zhuan,3,1,0,0,0,0,3,1,0.0,0.0,0.0,0.0
print_assignments,0,0,0,0,3,1,3,1,,,,
update_size,3,1,0,0,0,0,3,1,0.0,0.0,0.0,0.0
matches,0,0,3,1,0,0,3,1,,,,
propagate_implications,0,0,0,0,3,1,3,1,,,,
getminL,3,1,0,0,0,0,3,1,0.0,0.0,0.0,0.0
inside,3,1,0,0,0,0,3,1,0.0,0.0,0.0,0.0
checkRow,0,0,0,0,3,1,3,1,,,,
cal1,3,1,0,0,0,0,3,1,0.0,0.0,0.0,0.0
getfail,3,1,0,0,0,0,3,1,0.0,0.0,0.0,0.0
query_max,3,1,0,0,0,0,3,1,0.0,0.0,0.0,0.0
is_parent,3,1,0,0,0,0,3,1,0.0,0.0,0.0,0.0
sadd,3,1,0,0,0,0,3,1,0.0,0.0,0.0,0.0
is_sorted_ascending,0,0,0,0,3,1,3,1,,,,
mycomparison,3,1,0,0,0,0,3,1,0.0,0.0,0.0,0.0
digit_diff,0,0,3,1,0,0,3,1,,,,
calculate_days,0,0,0,0,3,1,3,1,,,,
countVK,0,0,3,1,0,0,3,1,,,,
gen_pairs,3,1,0,0,0,0,3,1,0.0,0.0,0.0,0.0
upd_mn,3,1,0,0,0,0,3,1,0.0,0.0,0.0,0.0
is_valid_price,0,0,3,1,0,0,3,1,,,,
EE,3,1,0,0,0,0,3,1,0.0,0.0,0.0,0.0
updateExpectedValue,0,0,0,0,3,1,3,1,,,,
is_k_palindrome,0,0,0,0,3,1,3,1,,,,
sfme,2,2,0,0,1,1,3,3,0.0,0.5,0.0,0.5
zapytanie,3,1,0,0,0,0,3,1,0.0,0.0,0.0,0.0
calculate_min_moves,0,0,0,0,3,1,3,1,,,,
isClique,3,1,0,0,0,0,3,1,0.0,0.0,0.0,0.0
construct_digit_array,0,0,0,0,3,1,3,1,,,,
takefalse,3,1,0,0,0,0,3,1,0.0,0.0,0.0,0.0
Parse,3,1,0,0,0,0,3,1,0.0,0.0,0.0,0.0
addWord,3,1,0,0,0,0,3,1,0.0,0.0,0.0,0.0
get_int,2,2,0,0,1,1,3,3,0.0,0.5,0.0,0.5
rank_value,0,0,3,1,0,0,3,1,,,,
sprit,3,1,0,0,0,0,3,1,0.0,0.0,0.0,0.0
unionSets,3,1,0,0,0,0,3,1,0.0,0.0,0.0,0.0
is_arithmetic_progression,0,0,3,1,0,0,3,1,,,,
calculate_turns,0,0,0,0,3,1,3,1,,,,
cheng,3,1,0,0,0,0,3,1,0.0,0.0,0.0,0.0
calc1,3,1,0,0,0,0,3,1,0.0,0.0,0.0,0.0
chk_lower,3,1,0,0,0,0,3,1,0.0,0.0,0.0,0.0
parity,0,0,3,1,0,0,3,1,,,,
is_fractal,0,0,3,1,0,0,3,1,,,,
Clear,3,1,0,0,0,0,3,1,0.0,0.0,0.0,0.0
slove,0,0,0,0,3,1,3,1,,,,
simplify_fraction,0,0,0,0,3,1,3,1,,,,
calculate_alternating_subsequence_length,0,0,0,0,3,1,3,1,,,,
is_vertex_cover,0,0,3,1,0,0,3,1,,,,
calculateRemainingLength,0,0,0,0,3,1,3,1,,,,
checkInsert,3,1,0,0,0,0,3,1,0.0,0.0,0.0,0.0
Search,3,1,0,0,0,0,3,1,0.0,0.0,0.0,0.0
copii,2,1,0,0,1,1,3,2,0.0,0.5,0.0,1.0
generate_fractal,0,0,3,1,0,0,3,1,,,,
scll,3,3,0,0,0,0,3,3,0.0,0.0,0.0,0.0
direct,3,1,0,0,0,0,3,1,0.0,0.0,0.0,0.0
getCuts,3,1,0,0,0,0,3,1,0.0,0.0,0.0,0.0
dfs_count_fools,0,0,0,0,3,1,3,1,,,,
stupid,3,1,0,0,0,0,3,1,0.0,0.0,0.0,0.0
rearrange,3,1,0,0,0,0,3,1,0.0,0.0,0.0,0.0
query_partial_sum,0,0,0,0,3,1,3,1,,,,
lazy_update,0,0,0,0,3,1,3,1,,,,
convert,3,2,0,0,0,0,3,2,0.0,0.0,0.0,0.0
PutBack,3,1,0,0,0,0,3,1,0.0,0.0,0.0,0.0
getdis,3,1,0,0,0,0,3,1,0.0,0.0,0.0,0.0
isMelody,0,0,3,1,0,0,3,1,,,,
generate_trees,0,0,3,1,0,0,3,1,,,,
CountPositions,3,1,0,0,0,0,3,1,0.0,0.0,0.0,0.0
matrix_multiply,0,0,3,1,0,0,3,1,,,,
inse,3,1,0,0,0,0,3,1,0.0,0.0,0.0,0.0
gtid,3,1,0,0,0,0,3,1,0.0,0.0,0.0,0.0
power_sum,3,1,0,0,0,0,3,1,0.0,0.0,0.0,0.0
parse_comments,0,0,3,1,0,0,3,1,,,,
calcc,3,1,0,0,0,0,3,1,0.0,0.0,0.0,0.0
Zapytanie,3,1,0,0,0,0,3,1,0.0,0.0,0.0,0.0
nope,2,2,0,0,1,1,3,3,0.0,0.5,0.0,0.5
isName,3,1,0,0,0,0,3,1,0.0,0.0,0.0,0.0
assign_value,0,0,0,0,3,1,3,1,,,,
getIntersectionTime,0,0,0,0,3,1,3,1,,,,
lazy_upd,3,1,0,0,0,0,3,1,0.0,0.0,0.0,0.0
is_almost_unique,0,0,3,1,0,0,3,1,,,,
squared_distance,0,0,0,0,3,1,3,1,,,,
is_beautiful,0,0,3,1,0,0,3,1,,,,
DFSH,3,1,0,0,0,0,3,1,0.0,0.0,0.0,0.0
A,3,1,0,0,0,0,3,1,0.0,0.0,0.0,0.0
limpa,3,1,0,0,0,0,3,1,0.0,0.0,0.0,0.0
visit,3,1,0,0,0,0,3,1,0.0,0.0,0.0,0.0
checkMod,3,1,0,0,0,0,3,1,0.0,0.0,0.0,0.0
convet,3,1,0,0,0,0,3,1,0.0,0.0,0.0,0.0
read_formula,0,0,0,0,3,1,3,1,,,,
dfs_n,3,1,0,0,0,0,3,1,0.0,0.0,0.0,0.0
calculate_min_paths,0,0,0,0,3,1,3,1,,,,
tam,3,1,0,0,0,0,3,1,0.0,0.0,0.0,0.0
fkk,3,1,0,0,0,0,3,1,0.0,0.0,0.0,0.0
checksum,2,1,0,0,1,1,3,2,0.0,0.5,0.0,1.0
is_direction_change,0,0,0,0,3,1,3,1,,,,
is_right_triangle,0,0,0,0,3,1,3,1,,,,
jzxc,3,1,0,0,0,0,3,1,0.0,0.0,0.0,0.0
calc_max_num,3,1,0,0,0,0,3,1,0.0,0.0,0.0,0.0
countBeautifulNumbersUpTo,0,0,0,0,3,1,3,1,,,,
isValidPath,0,0,3,1,0,0,3,1,,,,
dmod,3,1,0,0,0,0,3,1,0.0,0.0,0.0,0.0
is_sorted,0,0,3,1,0,0,3,1,,,,
powerMod,3,1,0,0,0,0,3,1,0.0,0.0,0.0,0.0
propaga,3,1,0,0,0,0,3,1,0.0,0.0,0.0,0.0
calc_dp,3,1,0,0,0,0,3,1,0.0,0.0,0.0,0.0
evaluate_formula,0,0,3,1,0,0,3,1,,,,
Next,2,1,0,0,1,1,3,2,0.0,0.5,0.0,1.0
smallest_prime_factor,0,0,0,0,3,1,3,1,,,,
getO,3,1,0,0,0,0,3,1,0.0,0.0,0.0,0.0
fastmult,3,1,0,0,0,0,3,1,0.0,0.0,0.0,0.0
solve2sat,0,0,0,0,3,1,3,1,,,,
checkpal,3,1,0,0,0,0,3,1,0.0,0.0,0.0,0.0
bridge_detect,3,1,0,0,0,0,3,1,0.0,0.0,0.0,0.0
col,3,1,0,0,0,0,3,1,0.0,0.0,0.0,0.0
addAnotherString,3,1,0,0,0,0,3,1,0.0,0.0,0.0,0.0
get_id,0,0,0,0,3,1,3,1,,,,
pohe,3,1,0,0,0,0,3,1,0.0,0.0,0.0,0.0
isTaxiNumber,0,0,3,1,0,0,3,1,,,,
is_geometric_progression,0,0,3,1,0,0,3,1,,,,
day_to_int,0,0,3,1,0,0,3,1,,,,
is_sorted_descending,0,0,0,0,3,1,3,1,,,,
checknum,2,1,0,0,1,1,3,2,0.0,0.5,0.0,1.0
day_of_week,0,0,3,1,0,0,3,1,,,,
cv,3,1,0,0,0,0,3,1,0.0,0.0,0.0,0.0
cal_valid,0,0,0,0,3,1,3,1,,,,
is_syn,3,1,0,0,0,0,3,1,0.0,0.0,0.0,0.0
Ile,3,1,0,0,0,0,3,1,0.0,0.0,0.0,0.0
operation,3,1,0,0,0,0,3,1,0.0,0.0,0.0,0.0
upd_cnt,3,1,0,0,0,0,3,1,0.0,0.0,0.0,0.0
WebsiteGroup,0,0,0,0,3,1,3,1,,,,
Roll1,3,1,0,0,0,0,3,1,0.0,0.0,0.0,0.0
remove_char,0,0,0,0,3,1,3,1,,,,
checkValid,3,1,0,0,0,0,3,1,0.0,0.0,0.0,0.0
cq,3,1,0,0,0,0,3,1,0.0,0.0,0.0,0.0
Can,3,1,0,0,0,0,3,1,0.0,0.0,0.0,0.0
calculate_max_pairs,0,0,0,0,3,1,3,1,,,,
recur,3,1,0,0,0,0,3,1,0.0,0.0,0.0,0.0
get_neighbors,0,0,3,1,0,0,3,1,,,,
comparaangulo,3,1,0,0,0,0,3,1,0.0,0.0,0.0,0.0
longestMelodicSubsequence,0,0,0,0,3,1,3,1,,,,
bridge_dfs,3,1,0,0,0,0,3,1,0.0,0.0,0.0,0.0
taketrue,3,1,0,0,0,0,3,1,0.0,0.0,0.0,0.0
binarySearch,3,3,0,0,0,0,3,3,0.0,0.0,0.0,0.0
exp,2,2,0,0,1,1,3,3,0.0,0.5,0.0,0.5
insert_edge,0,0,0,0,3,1,3,1,,,,
is_good,1,1,2,1,0,0,3,2,2.0,0.0,1.0,0.0
pairUp,3,1,0,0,0,0,3,1,0.0,0.0,0.0,0.0
LCM,2,2,0,0,1,1,3,3,0.0,0.5,0.0,0.5
chk_upper,3,1,0,0,0,0,3,1,0.0,0.0,0.0,0.0
removeLeadingZeros,0,0,0,0,3,1,3,1,,,,
computeDuplicates,0,0,0,0,3,1,3,1,,,,
fhit,3,1,0,0,0,0,3,1,0.0,0.0,0.0,0.0
leer,3,1,0,0,0,0,3,1,0.0,0.0,0.0,0.0
subtr,3,1,0,0,0,0,3,1,0.0,0.0,0.0,0.0
rmq,3,1,0,0,0,0,3,1,0.0,0.0,0.0,0.0
nok,3,1,0,0,0,0,3,1,0.0,0.0,0.0,0.0
bytecount,3,1,0,0,0,0,3,1,0.0,0.0,0.0,0.0
findd,3,1,0,0,0,0,3,1,0.0,0.0,0.0,0.0
putln,2,2,0,0,1,1,3,3,0.0,0.5,0.0,0.5
dfs_z,3,1,0,0,0,0,3,1,0.0,0.0,0.0,0.0
inp,2,2,0,0,1,1,3,3,0.0,0.5,0.0,0.5
updown,1,1,0,0,1,1,2,2,0.0,1.0,0.0,1.0
iterate,2,1,0,0,0,0,2,1,0.0,0.0,0.0,0.0
_MIN,1,1,0,0,1,1,2,2,0.0,1.0,0.0,1.0
is_super_lucky,0,0,2,1,0,0,2,1,,,,
generate_hashes,0,0,0,0,2,1,2,1,,,,
negCycle,2,1,0,0,0,0,2,1,0.0,0.0,0.0,0.0
binr,2,1,0,0,0,0,2,1,0.0,0.0,0.0,0.0
in64,2,1,0,0,0,0,2,1,0.0,0.0,0.0,0.0
ddiv,2,1,0,0,0,0,2,1,0.0,0.0,0.0,0.0
make_hash,2,1,0,0,0,0,2,1,0.0,0.0,0.0,0.0
fini_main,1,1,0,0,1,1,2,2,0.0,1.0,0.0,1.0
get_res,2,1,0,0,0,0,2,1,0.0,0.0,0.0,0.0
check_diagonal_tr_bl,0,0,2,1,0,0,2,1,,,,
get_fact,2,1,0,0,0,0,2,1,0.0,0.0,0.0,0.0
chap,2,1,0,0,0,0,2,1,0.0,0.0,0.0,0.0
is_good_difference,2,1,0,0,0,0,2,1,0.0,0.0,0.0,0.0
luigi2,1,1,0,0,1,1,2,2,0.0,1.0,0.0,1.0
buginfo,1,1,0,0,1,1,2,2,0.0,1.0,0.0,1.0
compare_distance,0,0,0,0,2,1,2,1,,,,
isPointInPolygon,1,1,0,0,1,1,2,2,0.0,1.0,0.0,1.0
REMIN,2,2,0,0,0,0,2,2,0.0,0.0,0.0,0.0
next_lucky,0,0,2,1,0,0,2,1,,,,
findSubsetSums,0,0,2,1,0,0,2,1,,,,
Arpas_technique,2,1,0,0,0,0,2,1,0.0,0.0,0.0,0.0
maxarr,2,1,0,0,0,0,2,1,0.0,0.0,0.0,0.0
collinear,2,1,0,0,0,0,2,1,0.0,0.0,0.0,0.0
inverse_c,2,1,0,0,0,0,2,1,0.0,0.0,0.0,0.0
lose,2,1,0,0,0,0,2,1,0.0,0.0,0.0,0.0
check_diagonal1,0,0,2,1,0,0,2,1,,,,
a1_to_num,0,0,2,1,0,0,2,1,,,,
is_cool,0,0,2,1,0,0,2,1,,,,
ReadInt,2,1,0,0,0,0,2,1,0.0,0.0,0.0,0.0
Judge,2,1,0,0,0,0,2,1,0.0,0.0,0.0,0.0
modInv,1,1,0,0,1,1,2,2,0.0,1.0,0.0,1.0
computeRow,2,1,0,0,0,0,2,1,0.0,0.0,0.0,0.0
smallest_number_with_n_divisors,0,0,2,1,0,0,2,1,,,,
offbit,1,1,0,0,1,1,2,2,0.0,1.0,0.0,1.0
setbit,2,2,0,0,0,0,2,2,0.0,0.0,0.0,0.0
area_tri,2,1,0,0,0,0,2,1,0.0,0.0,0.0,0.0
digit_sum_mod3,0,0,2,1,0,0,2,1,,,,
bmm,2,1,0,0,0,0,2,1,0.0,0.0,0.0,0.0
__builtin_popcountll,2,1,0,0,0,0,2,1,0.0,0.0,0.0,0.0
cntbit,1,1,0,0,1,1,2,2,0.0,1.0,0.0,1.0
findIntersection,0,0,2,1,0,0,2,1,,,,
term_res,2,1,0,0,0,0,2,1,0.0,0.0,0.0,0.0
intoLL,2,2,0,0,0,0,2,2,0.0,0.0,0.0,0.0
count_suitable_procedures,0,0,2,1,0,0,2,1,,,,
calculateLipschitzConstant,0,0,2,1,0,0,2,1,,,,
is_connected,0,0,0,0,2,1,2,1,,,,
PLAY,2,1,0,0,0,0,2,1,0.0,0.0,0.0,0.0
is_valid_date,0,0,2,1,0,0,2,1,,,,
rss,1,1,0,0,1,1,2,2,0.0,1.0,0.0,1.0
GetPrimeList,2,1,0,0,0,0,2,1,0.0,0.0,0.0,0.0
sieve_euler,2,1,0,0,0,0,2,1,0.0,0.0,0.0,0.0
square,2,1,0,0,0,0,2,1,0.0,0.0,0.0,0.0
InvMod,1,1,0,0,1,1,2,2,0.0,1.0,0.0,1.0
count_inversions,0,0,2,1,0,0,2,1,,,,
recheck,2,1,0,0,0,0,2,1,0.0,0.0,0.0,0.0
getfather,2,1,0,0,0,0,2,1,0.0,0.0,0.0,0.0
area_polygon,2,1,0,0,0,0,2,1,0.0,0.0,0.0,0.0
fibb,2,2,0,0,0,0,2,2,0.0,0.0,0.0,0.0
num,2,1,0,0,0,0,2,1,0.0,0.0,0.0,0.0
calculate_backward_counts,0,0,0,0,2,1,2,1,,,,
in_c,1,1,0,0,1,1,2,2,0.0,1.0,0.0,1.0
beforeBlock,2,1,0,0,0,0,2,1,0.0,0.0,0.0,0.0
initializeTrie,0,0,0,0,2,1,2,1,,,,
ianterior,2,1,0,0,0,0,2,1,0.0,0.0,0.0,0.0
combi,2,1,0,0,0,0,2,1,0.0,0.0,0.0,0.0
rand_int,1,1,0,0,1,1,2,2,0.0,1.0,0.0,1.0
calculate_hash,0,0,0,0,2,1,2,1,,,,
countLuckyNumbersInRange,0,0,2,1,0,0,2,1,,,,
test0,2,1,0,0,0,0,2,1,0.0,0.0,0.0,0.0
nrange,2,1,0,0,0,0,2,1,0.0,0.0,0.0,0.0
prc,1,1,0,0,1,1,2,2,0.0,1.0,0.0,1.0
add_suff,2,1,0,0,0,0,2,1,0.0,0.0,0.0,0.0
minmax,2,1,0,0,0,0,2,1,0.0,0.0,0.0,0.0
pvp,1,1,0,0,1,1,2,2,0.0,1.0,0.0,1.0
BS,2,1,0,0,0,0,2,1,0.0,0.0,0.0,0.0
iSum,1,1,0,0,1,1,2,2,0.0,1.0,0.0,1.0
letsMove,2,1,0,0,0,0,2,1,0.0,0.0,0.0,0.0
jian,2,1,0,0,0,0,2,1,0.0,0.0,0.0,0.0
check_max,1,1,0,0,1,1,2,2,0.0,1.0,0.0,1.0
toLower,1,1,0,0,1,1,2,2,0.0,1.0,0.0,1.0
isLowerCase,2,1,0,0,0,0,2,1,0.0,0.0,0.0,0.0
compareCrosswords,0,0,0,0,2,1,2,1,,,,
mb,2,1,0,0,0,0,2,1,0.0,0.0,0.0,0.0
check1,2,1,0,0,0,0,2,1,0.0,0.0,0.0,0.0
equals,2,1,0,0,0,0,2,1,0.0,0.0,0.0,0.0
mfmc,2,1,0,0,0,0,2,1,0.0,0.0,0.0,0.0
ZnajdzPocz,2,1,0,0,0,0,2,1,0.0,0.0,0.0,0.0
Wylicz_,2,1,0,0,0,0,2,1,0.0,0.0,0.0,0.0
revv,2,1,0,0,0,0,2,1,0.0,0.0,0.0,0.0
is_match,0,0,2,1,0,0,2,1,,,,
print_operations,0,0,0,0,2,1,2,1,,,,
wsd,1,1,0,0,1,1,2,2,0.0,1.0,0.0,1.0
get_quatrain_scheme,0,0,2,1,0,0,2,1,,,,
cmpx,2,1,0,0,0,0,2,1,0.0,0.0,0.0,0.0
parse_procedure,0,0,2,1,0,0,2,1,,,,
trata,2,1,0,0,0,0,2,1,0.0,0.0,0.0,0.0
calc_h,2,1,0,0,0,0,2,1,0.0,0.0,0.0,0.0
bs_lower,2,1,0,0,0,0,2,1,0.0,0.0,0.0,0.0
debugarr,1,1,0,0,1,1,2,2,0.0,1.0,0.0,1.0
is_supersequence,0,0,2,1,0,0,2,1,,,,
checkall,2,1,0,0,0,0,2,1,0.0,0.0,0.0,0.0
solveLinearDiophantineEquation,2,1,0,0,0,0,2,1,0.0,0.0,0.0,0.0
pad_block,0,0,0,0,2,1,2,1,,,,
nextLL,1,1,0,0,1,1,2,2,0.0,1.0,0.0,1.0
bug1d,2,2,0,0,0,0,2,2,0.0,0.0,0.0,0.0
ison,2,2,0,0,0,0,2,2,0.0,0.0,0.0,0.0
min_cost_max_flow,0,0,0,0,2,1,2,1,,,,
minimize,1,1,0,0,1,1,2,2,0.0,1.0,0.0,1.0
allfill,2,1,0,0,0,0,2,1,0.0,0.0,0.0,0.0
FacGen,1,1,0,0,1,1,2,2,0.0,1.0,0.0,1.0
tor,0,0,0,0,2,1,2,1,,,,
Area2,1,1,0,0,1,1,2,2,0.0,1.0,0.0,1.0
checkSimple,2,1,0,0,0,0,2,1,0.0,0.0,0.0,0.0
createTest,2,1,0,0,0,0,2,1,0.0,0.0,0.0,0.0
calculateSumOfPowersOfTwo,0,0,2,1,0,0,2,1,,,,
isValidEmail,0,0,2,1,0,0,2,1,,,,
findMST,0,0,0,0,2,1,2,1,,,,
valuep,1,1,0,0,1,1,2,2,0.0,1.0,0.0,1.0
Facts,2,1,0,0,0,0,2,1,0.0,0.0,0.0,0.0
pnt_to_line,1,1,0,0,1,1,2,2,0.0,1.0,0.0,1.0
try_assign_three,0,0,0,0,2,1,2,1,,,,
s_p_l_i_t,2,1,0,0,0,0,2,1,0.0,0.0,0.0,0.0
fout,1,1,0,0,1,1,2,2,0.0,1.0,0.0,1.0
println,1,1,0,0,1,1,2,2,0.0,1.0,0.0,1.0
parse_variable,0,0,2,1,0,0,2,1,,,,
die,2,2,0,0,0,0,2,2,0.0,0.0,0.0,0.0
YES,2,1,0,0,0,0,2,1,0.0,0.0,0.0,0.0
add_e,2,1,0,0,0,0,2,1,0.0,0.0,0.0,0.0
Bfs,2,1,0,0,0,0,2,1,0.0,0.0,0.0,0.0
check2,2,1,0,0,0,0,2,1,0.0,0.0,0.0,0.0
read_vpi,2,1,0,0,0,0,2,1,0.0,0.0,0.0,0.0
countbit,2,1,0,0,0,0,2,1,0.0,0.0,0.0,0.0
mii,1,1,0,0,1,1,2,2,0.0,1.0,0.0,1.0
is_pythagorean_triple,0,0,2,1,0,0,2,1,,,,
set_ant,2,1,0,0,0,0,2,1,0.0,0.0,0.0,0.0
isPointInsideTriangle,0,0,2,1,0,0,2,1,,,,
yxcmp,1,1,0,0,1,1,2,2,0.0,1.0,0.0,1.0
try_3,2,1,0,0,0,0,2,1,0.0,0.0,0.0,0.0
maximize,1,1,0,0,1,1,2,2,0.0,1.0,0.0,1.0
precalcAns,2,1,0,0,0,0,2,1,0.0,0.0,0.0,0.0
bs_upper,2,1,0,0,0,0,2,1,0.0,0.0,0.0,0.0
base_conversion,0,0,2,1,0,0,2,1,,,,
segtouch,1,1,0,0,1,1,2,2,0.0,1.0,0.0,1.0
geto,2,1,0,0,0,0,2,1,0.0,0.0,0.0,0.0
DBGOUT,1,1,0,0,1,1,2,2,0.0,1.0,0.0,1.0
dominators,1,1,0,0,1,1,2,2,0.0,1.0,0.0,1.0
Factinvs,2,1,0,0,0,0,2,1,0.0,0.0,0.0,0.0
print_2darray,2,2,0,0,0,0,2,2,0.0,0.0,0.0,0.0
Doralion,2,1,0,0,0,0,2,1,0.0,0.0,0.0,0.0
_less,2,1,0,0,0,0,2,1,0.0,0.0,0.0,0.0
raichu,1,1,0,0,1,1,2,2,0.0,1.0,0.0,1.0
getroot3,2,1,0,0,0,0,2,1,0.0,0.0,0.0,0.0
MatPow,1,1,0,0,1,1,2,2,0.0,1.0,0.0,1.0
repair,2,1,0,0,0,0,2,1,0.0,0.0,0.0,0.0
reversed,1,1,0,0,1,1,2,2,0.0,1.0,0.0,1.0
set_syn,2,1,0,0,0,0,2,1,0.0,0.0,0.0,0.0
add_collider,0,0,0,0,2,1,2,1,,,,
printarr,2,2,0,0,0,0,2,2,0.0,0.0,0.0,0.0
ToInteger,1,1,0,0,1,1,2,2,0.0,1.0,0.0,1.0
is_tree,0,0,2,1,0,0,2,1,,,,
grundy,0,0,2,1,0,0,2,1,,,,
readLI,1,1,0,0,1,1,2,2,0.0,1.0,0.0,1.0
isConnected,0,0,0,0,2,1,2,1,,,,
tostr,1,1,0,0,1,1,2,2,0.0,1.0,0.0,1.0
maxer,1,1,0,0,1,1,2,2,0.0,1.0,0.0,1.0
Expo,2,1,0,0,0,0,2,1,0.0,0.0,0.0,0.0
minimum_covering_circle,1,1,0,0,1,1,2,2,0.0,1.0,0.0,1.0
flip_colors,0,0,2,1,0,0,2,1,,,,
can_grip,0,0,2,1,0,0,2,1,,,,
dijsktra,2,1,0,0,0,0,2,1,0.0,0.0,0.0,0.0
build_dec,2,1,0,0,0,0,2,1,0.0,0.0,0.0,0.0
showVi,2,1,0,0,0,0,2,1,0.0,0.0,0.0,0.0
edge_list,2,1,0,0,0,0,2,1,0.0,0.0,0.0,0.0
computeCol,2,1,0,0,0,0,2,1,0.0,0.0,0.0,0.0
makelv,2,1,0,0,0,0,2,1,0.0,0.0,0.0,0.0
bye,2,1,0,0,0,0,2,1,0.0,0.0,0.0,0.0
add_clause,0,0,0,0,2,1,2,1,,,,
isOnLine,0,0,0,0,2,1,2,1,,,,
QUERY_partial_sum,2,1,0,0,0,0,2,1,0.0,0.0,0.0,0.0
check_diagonal_tl_br,0,0,2,1,0,0,2,1,,,,
containsAllDigits,0,0,2,1,0,0,2,1,,,,
count_difference,2,1,0,0,0,0,2,1,0.0,0.0,0.0,0.0
cmpy,2,1,0,0,0,0,2,1,0.0,0.0,0.0,0.0
countSurjectiveFunctions,0,0,2,1,0,0,2,1,,,,
ch,2,1,0,0,0,0,2,1,0.0,0.0,0.0,0.0
dmsg,1,1,0,0,1,1,2,2,0.0,1.0,0.0,1.0
print_result,0,0,0,0,2,1,2,1,,,,
sset,1,1,0,0,1,1,2,2,0.0,1.0,0.0,1.0
toYX,1,1,0,0,1,1,2,2,0.0,1.0,0.0,1.0
clamp,1,1,0,0,1,1,2,2,0.0,1.0,0.0,1.0
reflection,0,0,2,1,0,0,2,1,,,,
_MAX,1,1,0,0,1,1,2,2,0.0,1.0,0.0,1.0
modi,2,1,0,0,0,0,2,1,0.0,0.0,0.0,0.0
divCeil,2,1,0,0,0,0,2,1,0.0,0.0,0.0,0.0
powmulmod,1,1,0,0,1,1,2,2,0.0,1.0,0.0,1.0
exist,2,1,0,0,0,0,2,1,0.0,0.0,0.0,0.0
Reset,1,1,0,0,1,1,2,2,0.0,1.0,0.0,1.0
mygetchar,1,1,0,0,1,1,2,2,0.0,1.0,0.0,1.0
dot_product,0,0,2,1,0,0,2,1,,,,
precompute_hashes,0,0,0,0,2,1,2,1,,,,
compute_reachability,0,0,0,0,2,1,2,1,,,,
generate_subsequences,0,0,2,1,0,0,2,1,,,,
read_ranks,0,0,0,0,2,1,2,1,,,,
generate_primes,0,0,0,0,2,1,2,1,,,,
cmpr,1,1,0,0,1,1,2,2,0.0,1.0,0.0,1.0
Sqrt,1,1,0,0,1,1,2,2,0.0,1.0,0.0,1.0
rdijkstra,2,1,0,0,0,0,2,1,0.0,0.0,0.0,0.0
go_edge,2,1,0,0,0,0,2,1,0.0,0.0,0.0,0.0
slv,2,1,0,0,0,0,2,1,0.0,0.0,0.0,0.0
check_winner,0,0,2,1,0,0,2,1,,,,
calculateLength,0,0,0,0,2,1,2,1,,,,
make_pos,2,1,0,0,0,0,2,1,0.0,0.0,0.0,0.0
miner,1,1,0,0,1,1,2,2,0.0,1.0,0.0,1.0
calc_empty,2,1,0,0,0,0,2,1,0.0,0.0,0.0,0.0
rever,1,1,0,0,1,1,2,2,0.0,1.0,0.0,1.0
pot,1,1,0,0,1,1,2,2,0.0,1.0,0.0,1.0
get_cost,2,1,0,0,0,0,2,1,0.0,0.0,0.0,0.0
get_result,2,1,0,0,0,0,2,1,0.0,0.0,0.0,0.0
calc_max_cnt,2,1,0,0,0,0,2,1,0.0,0.0,0.0,0.0
Do,2,1,0,0,0,0,2,1,0.0,0.0,0.0,0.0
chuliu,2,1,0,0,0,0,2,1,0.0,0.0,0.0,0.0
getDistinctDigits,0,0,2,1,0,0,2,1,,,,
segcross,1,1,0,0,1,1,2,2,0.0,1.0,0.0,1.0
get_all_dists,2,1,0,0,0,0,2,1,0.0,0.0,0.0,0.0
getName,2,1,0,0,0,0,2,1,0.0,0.0,0.0,0.0
BUILD_partial_sum,2,1,0,0,0,0,2,1,0.0,0.0,0.0,0.0
nextChar,2,1,0,0,0,0,2,1,0.0,0.0,0.0,0.0
countTrailingNines,0,0,2,1,0,0,2,1,,,,
Collect,2,1,0,0,0,0,2,1,0.0,0.0,0.0,0.0
COM,1,1,0,0,1,1,2,2,0.0,1.0,0.0,1.0
edit_distance,0,0,2,1,0,0,2,1,,,,
initialize_top_die,0,0,0,0,2,1,2,1,,,,
hcf,2,1,0,0,0,0,2,1,0.0,0.0,0.0,0.0
find_unconnected_cities,0,0,0,0,2,1,2,1,,,,
comparePoints,0,0,0,0,2,1,2,1,,,,
check_lca_constraints,0,0,2,1,0,0,2,1,,,,
IntToString,2,2,0,0,0,0,2,2,0.0,0.0,0.0,0.0
minarr,2,1,0,0,0,0,2,1,0.0,0.0,0.0,0.0
avai,2,1,0,0,0,0,2,1,0.0,0.0,0.0,0.0
openfile,2,2,0,0,0,0,2,2,0.0,0.0,0.0,0.0
isSuperLucky,0,0,0,0,2,1,2,1,,,,
setprime,2,1,0,0,0,0,2,1,0.0,0.0,0.0,0.0
fixMod,1,1,0,0,1,1,2,2,0.0,1.0,0.0,1.0
mf,2,1,0,0,0,0,2,1,0.0,0.0,0.0,0.0
removeElement,2,1,0,0,0,0,2,1,0.0,0.0,0.0,0.0
quick_pow,1,1,0,0,1,1,2,2,0.0,1.0,0.0,1.0
normalize_email,0,0,2,1,0,0,2,1,,,,
is_checkered,0,0,2,1,0,0,2,1,,,,
delbit,2,2,0,0,0,0,2,2,0.0,0.0,0.0,0.0
bellmanford,2,1,0,0,0,0,2,1,0.0,0.0,0.0,0.0
find_lca,0,0,2,1,0,0,2,1,,,,
compare_angle,0,0,0,0,2,1,2,1,,,,
_gcd,2,1,0,0,0,0,2,1,0.0,0.0,0.0,0.0
wsl,1,1,0,0,1,1,2,2,0.0,1.0,0.0,1.0
dist_point_to_segment,0,0,0,0,2,1,2,1,,,,
xo,2,2,0,0,0,0,2,2,0.0,0.0,0.0,0.0
pop_begin,1,1,0,0,1,1,2,2,0.0,1.0,0.0,1.0
decimalToRoman,0,0,2,1,0,0,2,1,,,,
GetLineIntersection,1,1,0,0,1,1,2,2,0.0,1.0,0.0,1.0
push_back,2,1,0,0,0,0,2,1,0.0,0.0,0.0,0.0
readL,1,1,0,0,1,1,2,2,0.0,1.0,0.0,1.0
reduce_numbers,0,0,0,0,2,1,2,1,,,,
seekEof,1,1,0,0,1,1,2,2,0.0,1.0,0.0,1.0
getVi,2,1,0,0,0,0,2,1,0.0,0.0,0.0,0.0
un,2,1,0,0,0,0,2,1,0.0,0.0,0.0,0.0
prov,2,1,0,0,0,0,2,1,0.0,0.0,0.0,0.0
mypow,2,1,0,0,0,0,2,1,0.0,0.0,0.0,0.0
count_factors_of_5,0,0,2,1,0,0,2,1,,,,
bulls_and_cows,0,0,2,1,0,0,2,1,,,,
toline,1,1,0,0,1,1,2,2,0.0,1.0,0.0,1.0
initRMQ,2,1,0,0,0,0,2,1,0.0,0.0,0.0,0.0
makeSol,2,1,0,0,0,0,2,1,0.0,0.0,0.0,0.0
get_ranks,2,1,0,0,0,0,2,1,0.0,0.0,0.0,0.0
maxpos,2,1,0,0,0,0,2,1,0.0,0.0,0.0,0.0
insere,2,1,0,0,0,0,2,1,0.0,0.0,0.0,0.0
wss,1,1,0,0,1,1,2,2,0.0,1.0,0.0,1.0
siv,1,1,0,0,1,1,2,2,0.0,1.0,0.0,1.0
pruts,1,1,0,0,1,1,2,2,0.0,1.0,0.0,1.0
evaluatePolynomial,0,0,0,0,2,1,2,1,,,,
is_inside_triangle,0,0,2,1,0,0,2,1,,,,
HalfPlaneIntersection,1,1,0,0,1,1,2,2,0.0,1.0,0.0,1.0
comp1,2,1,0,0,0,0,2,1,0.0,0.0,0.0,0.0
calculate_forward_counts,0,0,0,0,2,1,2,1,,,,
rectangle,2,1,0,0,0,0,2,1,0.0,0.0,0.0,0.0
levenshteinDistance,0,0,2,1,0,0,2,1,,,,
_equal,2,1,0,0,0,0,2,1,0.0,0.0,0.0,0.0
rdgraph,1,1,0,0,1,1,2,2,0.0,1.0,0.0,1.0
File,1,1,0,0,1,1,2,2,0.0,1.0,0.0,1.0
_Int,1,1,0,0,1,1,2,2,0.0,1.0,0.0,1.0
binl,2,1,0,0,0,0,2,1,0.0,0.0,0.0,0.0
qw,2,1,0,0,0,0,2,1,0.0,0.0,0.0,0.0
rotate180,0,0,0,0,2,1,2,1,,,,
REMAX,2,2,0,0,0,0,2,2,0.0,0.0,0.0,0.0
Prnt,1,1,0,0,1,1,2,2,0.0,1.0,0.0,1.0
rsl,1,1,0,0,1,1,2,2,0.0,1.0,0.0,1.0
planeInt,2,1,0,0,0,0,2,1,0.0,0.0,0.0,0.0
build_partial_sum,0,0,0,0,2,1,2,1,,,,
longest_common_prefix,0,0,2,1,0,0,2,1,,,,
isBeautiful,0,0,2,1,0,0,2,1,,,,
ip_to_int,0,0,2,1,0,0,2,1,,,,
Modinvs,2,1,0,0,0,0,2,1,0.0,0.0,0.0,0.0
updmin,1,1,0,0,1,1,2,2,0.0,1.0,0.0,1.0
fio,2,1,0,0,0,0,2,1,0.0,0.0,0.0,0.0
get_value,0,0,2,1,0,0,2,1,,,,
getroot2,2,1,0,0,0,0,2,1,0.0,0.0,0.0,0.0
editDistance,0,0,0,0,2,1,2,1,,,,
luigi1,1,1,0,0,1,1,2,2,0.0,1.0,0.0,1.0
INRA,1,1,0,0,1,1,2,2,0.0,1.0,0.0,1.0
sum_digits,0,0,0,0,2,1,2,1,,,,
raiseError,1,1,0,0,1,1,2,2,0.0,1.0,0.0,1.0
add_word,0,0,0,0,2,1,2,1,,,,
wint,2,1,0,0,0,0,2,1,0.0,0.0,0.0,0.0
is,2,1,0,0,0,0,2,1,0.0,0.0,0.0,0.0
Rand,2,1,0,0,0,0,2,1,0.0,0.0,0.0,0.0
naive_phi,1,1,0,0,1,1,2,2,0.0,1.0,0.0,1.0
pythagoreanTriples,2,1,0,0,0,0,2,1,0.0,0.0,0.0,0.0
rotate270,0,0,0,0,2,1,2,1,,,,
calculate_years,0,0,0,0,2,1,2,1,,,,
DAGfortes,2,2,0,0,0,0,2,2,0.0,0.0,0.0,0.0
remove_collider,0,0,0,0,2,1,2,1,,,,
nbit,2,2,0,0,0,0,2,2,0.0,0.0,0.0,0.0
toll,1,1,0,0,1,1,2,2,0.0,1.0,0.0,1.0
is_board_full,0,0,2,1,0,0,2,1,,,,
print_array,2,1,0,0,0,0,2,1,0.0,0.0,0.0,0.0
find_s,2,1,0,0,0,0,2,1,0.0,0.0,0.0,0.0
calculate_dp1,0,0,0,0,2,1,2,1,,,,
disjoint_set,2,1,0,0,0,0,2,1,0.0,0.0,0.0,0.0
isUpperCase,2,1,0,0,0,0,2,1,0.0,0.0,0.0,0.0
matrix_power,0,0,2,1,0,0,2,1,,,,
compareStrings,0,0,2,1,0,0,2,1,,,,
scale,1,1,0,0,1,1,2,2,0.0,1.0,0.0,1.0
ToString,1,1,0,0,1,1,2,2,0.0,1.0,0.0,1.0
calculate_probability,0,0,2,1,0,0,2,1,,,,
is_occupied,0,0,0,0,2,1,2,1,,,,
gh,1,1,0,0,1,1,2,2,0.0,1.0,0.0,1.0
o_ccw,1,1,0,0,1,1,2,2,0.0,1.0,0.0,1.0
build_suffix_array,2,1,0,0,0,0,2,1,0.0,0.0,0.0,0.0
rsd,1,1,0,0,1,1,2,2,0.0,1.0,0.0,1.0
res_is_0,2,1,0,0,0,0,2,1,0.0,0.0,0.0,0.0
gets,2,1,0,0,0,0,2,1,0.0,0.0,0.0,0.0
Scan,1,1,0,0,1,1,2,2,0.0,1.0,0.0,1.0
hmf,2,1,0,0,0,0,2,1,0.0,0.0,0.0,0.0
GetLineVectorPoint,1,1,0,0,1,1,2,2,0.0,1.0,0.0,1.0
fibo1,1,1,0,0,1,1,2,2,0.0,1.0,0.0,1.0
doesReduce,0,0,2,1,0,0,2,1,,,,
printV,1,1,0,0,1,1,2,2,0.0,1.0,0.0,1.0
isPow2,1,1,0,0,1,1,2,2,0.0,1.0,0.0,1.0
findMatchingPairs,0,0,0,0,2,1,2,1,,,,
bug2d,2,2,0,0,0,0,2,2,0.0,0.0,0.0,0.0
dance,2,1,0,0,0,0,2,1,0.0,0.0,0.0,0.0
check_diagonal2,0,0,2,1,0,0,2,1,,,,
tri_Area,1,1,0,0,1,1,2,2,0.0,1.0,0.0,1.0
from_ternary,0,0,2,1,0,0,2,1,,,,
ZnajdzKon,2,1,0,0,0,0,2,1,0.0,0.0,0.0,0.0
pushc,2,1,0,0,0,0,2,1,0.0,0.0,0.0,0.0
update_ans,0,0,0,0,2,1,2,1,,,,
polygon_area,0,0,2,1,0,0,2,1,,,,
is_fine,2,1,0,0,0,0,2,1,0.0,0.0,0.0,0.0
arrceil,2,1,0,0,0,0,2,1,0.0,0.0,0.0,0.0
countSyllables,0,0,2,1,0,0,2,1,,,,
is_primitive,1,1,0,0,1,1,2,2,0.0,1.0,0.0,1.0
toBaseK,0,0,2,1,0,0,2,1,,,,
ConvexHull,1,1,0,0,1,1,2,2,0.0,1.0,0.0,1.0
nextString,2,1,0,0,0,0,2,1,0.0,0.0,0.0,0.0
print_1darray,2,2,0,0,0,0,2,2,0.0,0.0,0.0,0.0
dryrun,2,1,0,0,0,0,2,1,0.0,0.0,0.0,0.0
isInteger,1,1,0,0,1,1,2,2,0.0,1.0,0.0,1.0
mulm,2,2,0,0,0,0,2,2,0.0,0.0,0.0,0.0
primegen,2,2,0,0,0,0,2,2,0.0,0.0,0.0,0.0
PolygonArea,1,1,0,0,1,1,2,2,0.0,1.0,0.0,1.0
insertSequence,0,0,0,0,2,1,2,1,,,,
countHacks,2,1,0,0,0,0,2,1,0.0,0.0,0.0,0.0
getBestMatch,1,1,0,0,1,1,2,2,0.0,1.0,0.0,1.0
baotren,0,0,0,0,2,1,2,1,,,,
findPreviousNonEmptyBlock,0,0,0,0,2,1,2,1,,,,
Distance,1,1,0,0,1,1,2,2,0.0,1.0,0.0,1.0
is_hydra,0,0,0,0,2,1,2,1,,,,
SolveD,2,1,0,0,0,0,2,1,0.0,0.0,0.0,0.0
topologica,2,2,0,0,0,0,2,2,0.0,0.0,0.0,0.0
cbit,2,2,0,0,0,0,2,2,0.0,0.0,0.0,0.0
num_to_a1,0,0,2,1,0,0,2,1,,,,
charToIndex,0,0,0,0,2,1,2,1,,,,
tick,1,1,0,0,1,1,2,2,0.0,1.0,0.0,1.0
isCooler,0,0,2,1,0,0,2,1,,,,
onbit,1,1,0,0,1,1,2,2,0.0,1.0,0.0,1.0
calc_sum,2,1,0,0,0,0,2,1,0.0,0.0,0.0,0.0
min_prime_divisor,0,0,2,1,0,0,2,1,,,,
palindromeDegree,0,0,2,1,0,0,2,1,,,,
findLayer,0,0,0,0,2,1,2,1,,,,
printL,1,1,0,0,1,1,2,2,0.0,1.0,0.0,1.0
isPeriodic,0,0,2,1,0,0,2,1,,,,
Antiderivative,1,1,0,0,1,1,2,2,0.0,1.0,0.0,1.0
mentions_user,0,0,2,1,0,0,2,1,,,,
rarr,1,1,0,0,1,1,2,2,0.0,1.0,0.0,1.0
done,2,1,0,0,0,0,2,1,0.0,0.0,0.0,0.0
make_neg,2,1,0,0,0,0,2,1,0.0,0.0,0.0,0.0
triangleType,0,0,0,0,2,1,2,1,,,,
dinitz,2,1,0,0,0,0,2,1,0.0,0.0,0.0,0.0
compareTeams,0,0,2,1,0,0,2,1,,,,
rgraph,1,1,0,0,1,1,2,2,0.0,1.0,0.0,1.0
calc_area,2,1,0,0,0,0,2,1,0.0,0.0,0.0,0.0
int_to_ip,0,0,2,1,0,0,2,1,,,,
calculate_lipschitz_constant,0,0,2,1,0,0,2,1,,,,
geth,2,1,0,0,0,0,2,1,0.0,0.0,0.0,0.0
initialize_node,0,0,0,0,1,1,1,1,,,,
getVs,1,1,0,0,0,0,1,1,0.0,0.0,0.0,0.0
stoa,1,1,0,0,0,0,1,1,0.0,0.0,0.0,0.0
cmpDown,1,1,0,0,0,0,1,1,0.0,0.0,0.0,0.0
off,1,1,0,0,0,0,1,1,0.0,0.0,0.0,0.0
count_lucky,0,0,1,1,0,0,1,1,,,,
xstring,1,1,0,0,0,0,1,1,0.0,0.0,0.0,0.0
calculateMinimumCost,0,0,0,0,1,1,1,1,,,,
pisz,1,1,0,0,0,0,1,1,0.0,0.0,0.0,0.0
debug3,1,1,0,0,0,0,1,1,0.0,0.0,0.0,0.0
wstring,1,1,0,0,0,0,1,1,0.0,0.0,0.0,0.0
read_vl,1,1,0,0,0,0,1,1,0.0,0.0,0.0,0.0
debug4,1,1,0,0,0,0,1,1,0.0,0.0,0.0,0.0
MN,1,1,0,0,0,0,1,1,0.0,0.0,0.0,0.0
powerwithmodulus,1,1,0,0,0,0,1,1,0.0,0.0,0.0,0.0
isSplit,1,1,0,0,0,0,1,1,0.0,0.0,0.0,0.0
setV,1,1,0,0,0,0,1,1,0.0,0.0,0.0,0.0
count_bit,1,1,0,0,0,0,1,1,0.0,0.0,0.0,0.0
read_vpl,1,1,0,0,0,0,1,1,0.0,0.0,0.0,0.0
Open,1,1,0,0,0,0,1,1,0.0,0.0,0.0,0.0
get_all,1,1,0,0,0,0,1,1,0.0,0.0,0.0,0.0
convertStr,1,1,0,0,0,0,1,1,0.0,0.0,0.0,0.0
isDigit,1,1,0,0,0,0,1,1,0.0,0.0,0.0,0.0
fbug,1,1,0,0,0,0,1,1,0.0,0.0,0.0,0.0
debug2,1,1,0,0,0,0,1,1,0.0,0.0,0.0,0.0
toLowerCase,1,1,0,0,0,0,1,1,0.0,0.0,0.0,0.0
is_valid_progression,0,0,0,0,1,1,1,1,,,,
printArray,1,1,0,0,0,0,1,1,0.0,0.0,0.0,0.0
GetSum,1,1,0,0,0,0,1,1,0.0,0.0,0.0,0.0
nextUnsigned,1,1,0,0,0,0,1,1,0.0,0.0,0.0,0.0
showVs,1,1,0,0,0,0,1,1,0.0,0.0,0.0,0.0
toUpperCase,1,1,0,0,0,0,1,1,0.0,0.0,0.0,0.0
isGirlsNumber,0,0,1,1,0,0,1,1,,,,
toBin,1,1,0,0,0,0,1,1,0.0,0.0,0.0,0.0
AddLink,1,1,0,0,0,0,1,1,0.0,0.0,0.0,0.0
distR,1,1,0,0,0,0,1,1,0.0,0.0,0.0,0.0
_greater,1,1,0,0,0,0,1,1,0.0,0.0,0.0,0.0
showMatrix,1,1,0,0,0,0,1,1,0.0,0.0,0.0,0.0
broot,1,1,0,0,0,0,1,1,0.0,0.0,0.0,0.0
atos,1,1,0,0,0,0,1,1,0.0,0.0,0.0,0.0
read_vpd,1,1,0,0,0,0,1,1,0.0,0.0,0.0,0.0
vertex_size,1,1,0,0,0,0,1,1,0.0,0.0,0.0,0.0
isPrimeNumber,1,1,0,0,0,0,1,1,0.0,0.0,0.0,0.0
vtoa,1,1,0,0,0,0,1,1,0.0,0.0,0.0,0.0
compare2,1,1,0,0,0,0,1,1,0.0,0.0,0.0,0.0
calPow,1,1,0,0,0,0,1,1,0.0,0.0,0.0,0.0
conv_to_string,1,1,0,0,0,0,1,1,0.0,0.0,0.0,0.0
isLetter,1,1,0,0,0,0,1,1,0.0,0.0,0.0,0.0
token_of_number,1,1,0,0,0,0,1,1,0.0,0.0,0.0,0.0
getVii,1,1,0,0,0,0,1,1,0.0,0.0,0.0,0.0
IsPrime,1,1,0,0,0,0,1,1,0.0,0.0,0.0,0.0
showVii,1,1,0,0,0,0,1,1,0.0,0.0,0.0,0.0
myPower,1,1,0,0,0,0,1,1,0.0,0.0,0.0,0.0
addModMatrix,1,1,0,0,0,0,1,1,0.0,0.0,0.0,0.0
endDBG,1,1,0,0,0,0,1,1,0.0,0.0,0.0,0.0
largestPowerOf2,1,1,0,0,0,0,1,1,0.0,0.0,0.0,0.0
xint,1,1,0,0,0,0,1,1,0.0,0.0,0.0,0.0
nextint,1,1,0,0,0,0,1,1,0.0,0.0,0.0,0.0
read_vi,1,1,0,0,0,0,1,1,0.0,0.0,0.0,0.0
startDBG,1,1,0,0,0,0,1,1,0.0,0.0,0.0,0.0
token_of_string,1,1,0,0,0,0,1,1,0.0,0.0,0.0,0.0
mulModMatrix,1,1,0,0,0,0,1,1,0.0,0.0,0.0,0.0
atov,1,1,0,0,0,0,1,1,0.0,0.0,0.0,0.0
ABS,1,1,0,0,0,0,1,1,0.0,0.0,0.0,0.0
toDouble,1,1,0,0,0,0,1,1,0.0,0.0,0.0,0.0
nth_summation,1,1,0,0,0,0,1,1,0.0,0.0,0.0,0.0
subModMatrix,1,1,0,0,0,0,1,1,0.0,0.0,0.0,0.0
showArray,1,1,0,0,0,0,1,1,0.0,0.0,0.0,0.0
debarr,1,1,0,0,0,0,1,1,0.0,0.0,0.0,0.0
MX,1,1,0,0,0,0,1,1,0.0,0.0,0.0,0.0
nextll,1,1,0,0,0,0,1,1,0.0,0.0,0.0,0.0
isIntersect,1,1,0,0,0,0,1,1,0.0,0.0,0.0,0.0
cli2,1,1,0,0,0,0,1,1,0.0,0.0,0.0,0.0
getRand,1,1,0,0,0,0,1,1,0.0,0.0,0.0,0.0
toInt64,1,1,0,0,0,0,1,1,0.0,0.0,0.0,0.0
debv,1,1,0,0,0,0,1,1,0.0,0.0,0.0,0.0
itoa,1,1,0,0,0,0,1,1,0.0,0.0,0.0,0.0
solveA,1,1,0,0,0,0,1,1,0.0,0.0,0.0,0.0
subMatrix,1,1,0,0,0,0,1,1,0.0,0.0,0.0,0.0
NumberToString,1,1,0,0,0,0,1,1,0.0,0.0,0.0,0.0
ITS,1,1,0,0,0,0,1,1,0.0,0.0,0.0,0.0
atoi,1,1,0,0,0,0,1,1,0.0,0.0,0.0,0.0
aval,1,1,0,0,0,0,1,1,0.0,0.0,0.0,0.0
eularFunction,1,1,0,0,0,0,1,1,0.0,0.0,0.0,0.0
EXIT,1,1,0,0,0,0,1,1,0.0,0.0,0.0,0.0
edge_size,1,1,0,0,0,0,1,1,0.0,0.0,0.0,0.0
addMatrix,1,1,0,0,0,0,1,1,0.0,0.0,0.0,0.0
vtos,1,1,0,0,0,0,1,1,0.0,0.0,0.0,0.0
gadd,1,1,0,0,0,0,1,1,0.0,0.0,0.0,0.0
mulMatrix,1,1,0,0,0,0,1,1,0.0,0.0,0.0,0.0
stov,1,1,0,0,0,0,1,1,0.0,0.0,0.0,0.0
procStatus,1,1,0,0,0,0,1,1,0.0,0.0,0.0,0.0
allocate,1,1,0,0,0,0,1,1,0.0,0.0,0.0,0.0
isConflict,1,1,0,0,0,0,1,1,0.0,0.0,0.0,0.0
read_vd,1,1,0,0,0,0,1,1,0.0,0.0,0.0,0.0
inrange,1,1,0,0,0,0,1,1,0.0,0.0,0.0,0.0
MUOI,1,1,0,0,0,0,1,1,0.0,0.0,0.0,0.0
identityMatrix,1,1,0,0,0,0,1,1,0.0,0.0,0.0,0.0
QueryLink,1,1,0,0,0,0,1,1,0.0,0.0,0.0,0.0
greater,0,0,0,0,1,1,1,1,,,,
powMM,1,1,0,0,0,0,1,1,0.0,0.0,0.0,0.0
getV,1,1,0,0,0,0,1,1,0.0,0.0,0.0,0.0
isMiddle,1,1,0,0,0,0,1,1,0.0,0.0,0.0,0.0
toggle,1,1,0,0,0,0,1,1,0.0,0.0,0.0,0.0
getLeft,1,1,0,0,0,0,1,1,0.0,0.0,0.0,0.0
nth_element,1,1,0,0,0,0,1,1,0.0,0.0,0.0,0.0
isReflexVertex,0,0,0,0,1,1,1,1,,,,
rndb,1,1,0,0,0,0,1,1,0.0,0.0,0.0,0.0
modexp,1,1,0,0,0,0,1,1,0.0,0.0,0.0,0.0
Unset,1,1,0,0,0,0,1,1,0.0,0.0,0.0,0.0
_max,1,1,0,0,0,0,1,1,0.0,0.0,0.0,0.0
conv_to_num,1,1,0,0,0,0,1,1,0.0,0.0,0.0,0.0
