name,ac_total,ac_count,ans_total,ans_count,ref_total,ref_count,total_total,total_count,ans_total_ratio,ref_total_ratio,ans_count_ratio,ref_count_ratio
n,22702,573,14856,438,32842,615,70400,1626,0.65439168355211,1.4466566822306404,0.7643979057591623,1.0732984293193717
i,13882,166,3773,54,22097,98,39752,318,0.27179080824088747,1.5917735196657543,0.3253012048192771,0.5903614457831325
b,26051,255,1643,150,4159,222,31853,627,0.0630685962151165,0.15964838201988407,0.5882352941176471,0.8705882352941177
a,10648,348,5657,227,11228,290,27533,865,0.5312734785875282,1.0544703230653645,0.6522988505747126,0.8333333333333334
s,9625,279,5833,226,7890,237,23348,742,0.606025974025974,0.8197402597402598,0.8100358422939068,0.8494623655913979
t,8676,149,2424,61,7318,96,18418,306,0.2793914246196404,0.8434762563393269,0.40939597315436244,0.6442953020134228
k,3313,267,1141,178,7114,233,11568,678,0.3444008451554482,2.147298520977966,0.6666666666666666,0.8726591760299626
r,5942,114,2061,42,3076,62,11079,218,0.346852911477617,0.5176708179064288,0.3684210526315789,0.543859649122807
m,4034,237,2490,145,4376,217,10900,599,0.6172533465542885,1.0847793753098662,0.6118143459915611,0.9156118143459916
1,225,12,96,4,10379,7,10700,23,0.4266666666666667,46.12888888888889,0.3333333333333333,0.5833333333333334
c,3885,189,2734,101,3562,147,10181,437,0.7037323037323038,0.9168597168597169,0.5343915343915344,0.7777777777777778
d,3422,141,1000,58,5521,100,9943,299,0.29222676797194624,1.6133839859731152,0.41134751773049644,0.7092198581560284
y,2183,125,669,52,6384,104,9236,281,0.30645900137425564,2.924415941365094,0.416,0.832
p,3571,108,1337,47,2982,83,7890,238,0.374404928591431,0.835060207224867,0.4351851851851852,0.7685185185185185
x,3325,192,1150,87,2339,134,6814,413,0.3458646616541353,0.7034586466165413,0.453125,0.6979166666666666
l,4011,145,377,16,1164,42,5552,203,0.09399152331089504,0.29020194465220644,0.1103448275862069,0.2896551724137931
j,1260,72,351,39,3133,48,4744,159,0.2785714285714286,2.4865079365079366,0.5416666666666666,0.6666666666666666
0,190,8,0,0,4527,1,4717,9,0.0,23.826315789473686,0.0,0.125
f,3515,61,128,9,376,15,4019,85,0.03641536273115221,0.1069701280227596,0.14754098360655737,0.2459016393442623
v,1841,79,264,22,1139,56,3244,157,0.14340032590983162,0.6186854970124932,0.27848101265822783,0.7088607594936709
2,1163,86,373,62,1523,96,3059,244,0.3207222699914015,1.3095442820292347,0.7209302325581395,1.1162790697674418
u,490,26,701,22,1530,41,2721,89,1.4306122448979592,3.122448979591837,0.8461538461538461,1.5769230769230769
ans,2002,191,34,9,558,84,2594,284,0.016983016983016984,0.2787212787212787,0.04712041884816754,0.4397905759162304
current,56,7,916,92,1344,123,2316,222,16.357142857142858,24.0,13.142857142857142,17.571428571428573
left,99,13,192,25,1770,59,2061,97,1.9393939393939394,17.87878787878788,1.9230769230769231,4.538461538461538
count,453,61,517,115,1040,138,2010,314,1.141280353200883,2.295805739514349,1.8852459016393444,2.262295081967213
right,76,11,102,21,1761,47,1939,79,1.3421052631578947,23.17105263157895,1.9090909090909092,4.2727272727272725
e,893,17,592,11,436,9,1921,37,0.6629339305711086,0.48824188129899215,0.6470588235294118,0.5294117647058824
20,0,0,0,0,1748,1,1748,1,,,,
result,390,50,374,82,860,140,1624,272,0.958974358974359,2.2051282051282053,1.64,2.8
10,24,6,2,1,1433,7,1459,14,0.08333333333333333,59.708333333333336,0.16666666666666666,1.1666666666666667
res,783,88,235,29,381,51,1399,168,0.3001277139208174,0.48659003831417624,0.32954545454545453,0.5795454545454546
w,684,27,212,12,449,17,1345,56,0.30994152046783624,0.6564327485380117,0.4444444444444444,0.6296296296296297
total,100,12,539,113,688,146,1327,271,5.39,6.88,9.416666666666666,12.166666666666666
h,655,44,273,20,367,32,1295,96,0.416793893129771,0.5603053435114503,0.45454545454545453,0.7272727272727273
q,517,62,248,31,454,57,1219,150,0.4796905222437137,0.8781431334622823,0.5,0.9193548387096774
line,602,13,171,15,279,20,1052,48,0.2840531561461794,0.4634551495016611,1.1538461538461537,1.5384615384615385
pos,264,21,240,27,546,25,1050,73,0.9090909090909091,2.0681818181818183,1.2857142857142858,1.1904761904761905
g,447,27,125,11,468,23,1040,61,0.2796420581655481,1.0469798657718121,0.4074074074074074,0.8518518518518519
temp,357,18,40,5,511,18,908,41,0.11204481792717087,1.4313725490196079,0.2777777777777778,1.0
dp,185,15,265,24,413,26,863,65,1.4324324324324325,2.2324324324324323,1.6,1.7333333333333334
idx,143,8,234,30,450,56,827,94,1.6363636363636365,3.1468531468531467,3.75,7.0
end,285,71,102,13,363,40,750,124,0.35789473684210527,1.2736842105263158,0.18309859154929578,0.5633802816901409
cnt,476,45,80,15,161,22,717,82,0.16806722689075632,0.3382352941176471,0.3333333333333333,0.4888888888888889
mid,140,21,154,21,357,45,651,87,1.1,2.55,1.0,2.142857142857143
val,376,14,26,6,245,13,647,33,0.06914893617021277,0.651595744680851,0.42857142857142855,0.9285714285714286
100,0,0,1,1,639,1,640,2,,,,
abbr_num,0,0,0,0,624,1,624,1,,,,
points,196,7,110,11,298,19,604,37,0.5612244897959183,1.5204081632653061,1.5714285714285714,2.7142857142857144
__name__,303,132,58,58,243,243,604,433,0.19141914191419143,0.801980198019802,0.4393939393939394,1.8409090909090908
row,44,6,159,24,399,33,602,63,3.6136363636363638,9.068181818181818,4.0,5.5
z,283,37,93,13,218,17,594,67,0.3286219081272085,0.7703180212014135,0.35135135135135137,0.4594594594594595
found,62,7,256,35,275,33,593,75,4.129032258064516,4.435483870967742,5.0,4.714285714285714
start,83,11,101,21,404,39,588,71,1.216867469879518,4.867469879518072,1.9090909090909092,3.5454545454545454
last,379,21,69,12,133,14,581,47,0.1820580474934037,0.35092348284960423,0.5714285714285714,0.6666666666666666
low,66,9,250,21,257,16,573,46,3.787878787878788,3.893939393939394,2.3333333333333335,1.7777777777777777
visited,82,16,160,33,322,55,564,104,1.951219512195122,3.926829268292683,2.0625,3.4375
cur,430,31,0,0,113,7,543,38,0.0,0.2627906976744186,0.0,0.22580645161290322
high,67,11,260,22,214,18,541,51,3.8805970149253732,3.1940298507462686,2.0,1.6363636363636365
num,166,25,117,13,252,23,535,61,0.7048192771084337,1.5180722891566265,0.52,0.92
valid,0,0,230,25,284,28,514,53,,,,
heap,32,2,163,9,272,18,467,29,5.09375,8.5,4.5,9.0
4,28,5,2,1,424,7,454,13,0.07142857142857142,15.142857142857142,0.2,1.4
st,375,21,6,1,68,10,449,32,0.016,0.18133333333333335,0.047619047619047616,0.47619047619047616
grid,41,6,149,28,256,37,446,71,3.6341463414634148,6.2439024390243905,4.666666666666667,6.166666666666667
y2,214,14,48,10,169,25,431,49,0.22429906542056074,0.7897196261682243,0.7142857142857143,1.7857142857142858
A,205,34,96,13,126,18,427,65,0.4682926829268293,0.6146341463414634,0.38235294117647056,0.5294117647058824
o,425,10,0,0,0,0,425,10,0.0,0.0,0.0,0.0
prev,36,6,189,19,200,23,425,48,5.25,5.555555555555555,3.1666666666666665,3.8333333333333335
L,344,35,28,7,51,8,423,50,0.08139534883720931,0.14825581395348839,0.2,0.22857142857142856
ai,31,4,89,15,298,15,418,34,2.870967741935484,9.612903225806452,3.75,3.75
best,142,10,12,2,260,16,414,28,0.08450704225352113,1.8309859154929577,0.2,1.6
diff,60,9,147,18,201,28,408,55,2.45,3.35,2.0,3.111111111111111
cost,76,6,161,7,168,11,405,24,2.1184210526315788,2.210526315789474,1.1666666666666667,1.8333333333333333
10000,0,0,0,0,396,1,396,1,,,,
possible,17,4,139,14,239,22,395,40,8.176470588235293,14.058823529411764,3.5,5.5
itero,390,1,0,0,0,0,390,1,0.0,0.0,0.0,0.0
new_state,0,0,2,1,384,1,386,2,,,,
target,91,12,100,21,194,15,385,48,1.098901098901099,2.131868131868132,1.75,1.25
time,70,7,116,9,193,14,379,30,1.6571428571428573,2.757142857142857,1.2857142857142858,2.0
queue,49,7,170,25,153,22,372,54,3.4693877551020407,3.122448979591837,3.5714285714285716,3.142857142857143
50,0,0,0,0,371,1,371,1,,,,
x1,216,14,24,6,128,10,368,30,0.1111111111111111,0.5925925925925926,0.42857142857142855,0.7142857142857143
max_len,15,2,140,14,211,20,366,36,9.333333333333334,14.066666666666666,7.0,10.0
dx,109,6,172,13,84,16,365,35,1.5779816513761469,0.7706422018348624,2.1666666666666665,2.6666666666666665
parts,6,2,164,43,191,44,361,89,27.333333333333332,31.833333333333332,21.5,22.0
blocked,48,1,312,2,0,0,360,3,6.5,0.0,2.0,0.0
data,57,8,53,8,244,43,354,59,0.9298245614035088,4.280701754385965,1.0,5.375
color,110,6,94,11,147,11,351,28,0.8545454545454545,1.3363636363636364,1.8333333333333333,1.8333333333333333
y1,230,13,19,6,96,13,345,32,0.08260869565217391,0.41739130434782606,0.46153846153846156,1.0
name,77,5,124,11,140,9,341,25,1.6103896103896105,1.8181818181818181,2.2,1.8
maxx,315,5,0,0,25,3,340,8,0.0,0.07936507936507936,0.0,0.6
index,174,14,71,8,90,18,335,40,0.40804597701149425,0.5172413793103449,0.5714285714285714,1.2857142857142858
input,75,17,86,17,173,59,334,93,1.1466666666666667,2.3066666666666666,1.0,3.4705882352941178
pr,315,5,0,0,17,2,332,7,0.0,0.05396825396825397,0.0,0.4
dy,78,9,154,14,99,23,331,46,1.9743589743589745,1.2692307692307692,1.5555555555555556,2.5555555555555554
arr,182,22,52,9,88,17,322,48,0.2857142857142857,0.4835164835164835,0.4090909090909091,0.7727272727272727
ptr,3,1,141,11,173,14,317,26,47.0,57.666666666666664,11.0,14.0
ok,166,10,0,0,142,3,308,13,0.0,0.8554216867469879,0.0,0.3
divisors,26,1,139,8,140,7,305,16,5.346153846153846,5.384615384615385,8.0,7.0
score,104,6,28,2,173,7,305,15,0.2692307692307692,1.6634615384615385,0.3333333333333333,1.1666666666666667
stack,75,10,65,10,164,20,304,40,0.8666666666666667,2.1866666666666665,1.0,2.0
mod,92,15,92,9,117,15,301,39,1.0,1.2717391304347827,0.6,1.0
key,97,40,86,29,117,46,300,115,0.8865979381443299,1.2061855670103092,0.725,1.15
rank,124,2,18,3,154,6,296,11,0.14516129032258066,1.2419354838709677,1.5,3.0
B,159,14,87,11,45,8,291,33,0.5471698113207547,0.2830188679245283,0.7857142857142857,0.5714285714285714
path,15,3,179,11,97,11,291,25,11.933333333333334,6.466666666666667,3.6666666666666665,3.6666666666666665
flag,274,23,6,1,9,2,289,26,0.021897810218978103,0.032846715328467155,0.043478260869565216,0.08695652173913043
d1,224,8,28,5,37,8,289,21,0.125,0.16517857142857142,0.625,1.0
mod_val,0,0,2,1,286,1,288,2,,,,
zero_pos,0,0,0,0,282,2,282,2,,,,
parent,64,5,85,14,133,21,282,40,1.328125,2.078125,2.8,4.2
M,196,21,21,3,62,6,279,30,0.10714285714285714,0.3163265306122449,0.14285714285714285,0.2857142857142857
first,151,13,30,7,89,10,270,30,0.1986754966887417,0.5894039735099338,0.5384615384615384,0.7692307692307693
candidates,0,0,137,18,129,17,266,35,,,,
MOD,9,4,130,22,126,22,265,48,14.444444444444445,14.0,5.5,5.5
mat,57,5,44,2,164,5,265,12,0.7719298245614035,2.8771929824561404,0.4,1.0
final,260,1,0,0,2,1,262,2,0.0,0.007692307692307693,0.0,1.0
mi,184,4,4,1,72,1,260,6,0.021739130434782608,0.391304347826087,0.25,0.25
3,19,2,28,2,211,5,258,9,1.4736842105263157,11.105263157894736,1.0,2.5
d2,177,9,30,6,49,8,256,23,0.1694915254237288,0.2768361581920904,0.6666666666666666,0.8888888888888888
s2,132,15,62,9,60,10,254,34,0.4696969696969697,0.45454545454545453,0.6,0.6666666666666666
abbr,0,0,2,1,250,1,252,2,,,,
x2,141,13,25,6,83,8,249,27,0.1773049645390071,0.5886524822695035,0.46153846153846156,0.6153846153846154
root,39,2,53,6,157,5,249,13,1.358974358974359,4.0256410256410255,3.0,2.5
col,38,2,35,5,174,6,247,13,0.9210526315789473,4.578947368421052,2.5,3.0
dist,81,10,61,6,103,11,245,27,0.7530864197530864,1.271604938271605,0.6,1.1
new_wall,0,0,234,2,11,2,245,4,,,,
s1,110,11,79,8,56,9,245,28,0.7181818181818181,0.509090909090909,0.7272727272727273,0.8181818181818182
length,53,9,75,7,116,15,244,31,1.4150943396226414,2.188679245283019,0.7777777777777778,1.6666666666666667
C,115,13,61,9,67,9,243,31,0.5304347826086957,0.5826086956521739,0.6923076923076923,0.6923076923076923
N,175,28,12,4,56,8,243,40,0.06857142857142857,0.32,0.14285714285714285,0.2857142857142857
current_sum,0,0,78,14,163,16,241,30,,,,
remaining,0,0,79,14,161,21,240,35,,,,
S,142,13,68,10,29,5,239,28,0.4788732394366197,0.20422535211267606,0.7692307692307693,0.38461538461538464
ret,184,8,3,1,40,2,227,11,0.016304347826086956,0.21739130434782608,0.125,0.25
adj,28,5,116,21,79,14,223,40,4.142857142857143,2.8214285714285716,4.2,2.8
min_val,2,1,24,6,192,10,218,17,12.0,96.0,6.0,10.0
direction,29,1,74,6,114,7,217,14,2.5517241379310347,3.9310344827586206,6.0,7.0
b1,102,6,11,2,102,3,215,11,0.10784313725490197,1.0,0.3333333333333333,0.5
numbers,186,7,11,3,18,5,215,15,0.05913978494623656,0.0967741935483871,0.42857142857142855,0.7142857142857143
current_char,0,0,120,8,91,5,211,13,,,,
ch,192,10,0,0,17,3,209,13,0.0,0.08854166666666667,0.0,0.3
best_cost,128,1,0,0,78,2,206,3,0.0,0.609375,0.0,2.0
60,0,0,0,0,204,1,204,1,,,,
new_x,0,0,181,5,19,2,200,7,,,,
inicio,200,1,0,0,0,0,200,1,0.0,0.0,0.0,0.0
top,117,5,0,0,83,8,200,13,0.0,0.7094017094017094,0.0,1.6
colors,122,5,29,6,47,5,198,16,0.23770491803278687,0.38524590163934425,1.2,1.0
lower_bound,0,0,0,0,192,1,192,1,,,,
size,44,9,52,7,95,14,191,30,1.1818181818181819,2.159090909090909,0.7777777777777778,1.5555555555555556
move,12,1,0,0,175,5,187,6,0.0,14.583333333333334,0.0,5.0
good,146,4,12,2,27,3,185,9,0.0821917808219178,0.18493150684931506,0.5,0.75
maxim,180,1,0,0,0,0,180,1,0.0,0.0,0.0,0.0
counts,20,4,68,10,92,13,180,27,3.4,4.6,2.5,3.25
pair,55,3,23,2,100,3,178,8,0.41818181818181815,1.8181818181818181,0.6666666666666666,1.0
answer,89,15,20,3,68,10,177,28,0.2247191011235955,0.7640449438202247,0.2,0.6666666666666666
word,38,4,22,2,114,5,174,11,0.5789473684210527,3.0,0.5,1.25
max_total,0,0,61,6,112,8,173,14,,,,
minim,171,1,0,0,0,0,171,1,0.0,0.0,0.0,0.0
l1,129,11,0,0,42,3,171,14,0.0,0.32558139534883723,0.0,0.2727272727272727
char,2,1,108,9,60,10,170,20,54.0,30.0,9.0,10.0
bi,8,2,11,4,151,6,170,12,1.375,18.875,2.0,3.0
hull,72,1,0,0,97,3,169,4,0.0,1.3472222222222223,0.0,3.0
sa,63,3,12,1,93,2,168,6,0.19047619047619047,1.4761904761904763,0.3333333333333333,0.6666666666666666
mp,19,3,136,1,13,1,168,5,7.157894736842105,0.6842105263157895,0.3333333333333333,0.3333333333333333
current_max,0,0,89,11,79,9,168,20,,,,
t2,104,16,2,1,61,8,167,25,0.019230769230769232,0.5865384615384616,0.0625,0.5
k1,165,6,2,1,0,0,167,7,0.012121212121212121,0.0,0.16666666666666666,0.0
indices,14,2,21,4,131,13,166,19,1.5,9.357142857142858,2.0,6.5
prefix,0,0,59,9,102,16,161,25,,,,
p2,81,7,9,2,71,5,161,14,0.1111111111111111,0.8765432098765432,0.2857142857142857,0.7142857142857143
cycle,6,1,46,4,108,9,160,14,7.666666666666667,18.0,4.0,9.0
t1,112,9,0,0,48,5,160,14,0.0,0.42857142857142855,0.0,0.5555555555555556
nx,13,2,53,3,92,8,158,13,4.076923076923077,7.076923076923077,1.5,4.0
R,118,14,21,6,18,4,157,24,0.17796610169491525,0.15254237288135594,0.42857142857142855,0.2857142857142857
min_dist,0,0,60,3,96,7,156,10,,,,
ar,88,4,0,0,66,1,154,5,0.0,0.75,0.0,0.25
remainder,0,0,32,7,122,16,154,23,,,,
sum,121,18,0,0,32,3,153,21,0.0,0.2644628099173554,0.0,0.16666666666666666
ny,3,1,53,3,96,9,152,13,17.666666666666668,32.0,3.0,9.0
challenger,152,1,0,0,0,0,152,1,0.0,0.0,0.0,0.0
base,20,3,29,5,102,15,151,23,1.45,5.1,1.6666666666666667,5.0
cents,0,0,102,1,48,1,150,2,,,,
current_pos,7,1,34,2,109,9,150,12,4.857142857142857,15.571428571428571,2.0,9.0
digits,24,5,48,8,78,9,150,22,2.0,3.25,1.6,1.8
type,75,2,0,0,74,3,149,5,0.0,0.9866666666666667,0.0,1.5
steps,20,2,51,8,78,15,149,25,2.55,3.9,4.0,7.5
factors,5,1,61,4,81,5,147,10,12.2,16.2,4.0,5.0
F,62,8,0,0,83,6,145,14,0.0,1.3387096774193548,0.0,0.75
primes,19,3,42,9,83,9,144,21,2.210526315789474,4.368421052631579,3.0,3.0
freq,0,0,92,21,52,8,144,29,,,,
days,6,2,32,6,104,8,142,16,5.333333333333333,17.333333333333332,3.0,4.0
required,0,0,46,14,95,23,141,37,,,,
tree,7,1,7,1,126,4,140,6,1.0,18.0,1.0,4.0
max_count,8,1,47,6,83,10,138,17,5.875,10.375,6.0,10.0
offset,0,0,2,1,135,1,137,2,,,,
T,60,13,39,10,38,8,137,31,0.65,0.6333333333333333,0.7692307692307693,0.6153846153846154
array,103,9,5,1,29,5,137,15,0.04854368932038835,0.2815533980582524,0.1111111111111111,0.5555555555555556
rem,18,3,74,16,44,9,136,28,4.111111111111111,2.4444444444444446,5.333333333333333,3.0
sol,69,3,0,0,66,1,135,4,0.0,0.9565217391304348,0.0,0.3333333333333333
tmp,118,12,0,0,16,3,134,15,0.0,0.13559322033898305,0.0,0.25
max_sum,0,0,54,7,80,8,134,15,,,,
reverse,43,23,35,21,55,35,133,79,0.813953488372093,1.2790697674418605,0.9130434782608695,1.5217391304347827
match,0,0,120,6,9,2,129,8,,,,
area,8,3,47,7,71,13,126,23,5.875,8.875,2.3333333333333335,4.333333333333333
next_pos,0,0,95,7,31,2,126,9,,,,
new_v,63,1,0,0,63,1,126,2,0.0,1.0,0.0,1.0
lines,63,12,16,6,47,12,126,30,0.25396825396825395,0.746031746031746,0.5,1.0
tt,125,3,0,0,0,0,125,3,0.0,0.0,0.0,0.0
cell,0,0,8,2,117,2,125,4,,,,
min_time,0,0,38,5,86,6,124,11,,,,
distance,39,3,17,6,68,9,124,18,0.4358974358974359,1.7435897435897436,2.0,3.0
D,34,4,65,11,24,2,123,17,1.911764705882353,0.7058823529411765,2.75,0.5
balance,5,1,94,1,23,2,122,4,18.8,4.6,1.0,2.0
r1,66,7,6,2,50,4,122,13,0.09090909090909091,0.7575757575757576,0.2857142857142857,0.5714285714285714
u_root,0,0,38,3,83,9,121,12,,,,
median,112,1,6,2,2,1,120,4,0.05357142857142857,0.017857142857142856,2.0,1.0
midx,120,1,0,0,0,0,120,1,0.0,0.0,0.0,0.0
month,94,2,17,2,8,2,119,6,0.18085106382978725,0.0851063829787234,1.0,1.0
le,118,5,0,0,0,0,118,5,0.0,0.0,0.0,0.0
candidate,14,2,51,2,53,7,118,11,3.642857142857143,3.7857142857142856,1.0,3.5
min_cost,18,2,35,5,65,5,118,12,1.9444444444444444,3.611111111111111,2.5,2.5
pattern,0,0,34,5,83,8,117,13,,,,
min_d,0,0,34,3,83,4,117,7,,,,
second,68,8,5,2,44,5,117,15,0.07352941176470588,0.6470588235294118,0.25,0.625
add,36,5,38,3,43,9,117,17,1.0555555555555556,1.1944444444444444,0.6,1.8
X,82,10,12,3,22,5,116,18,0.14634146341463414,0.2682926829268293,0.3,0.5
span,82,3,0,0,33,1,115,4,0.0,0.4024390243902439,0.0,0.3333333333333333
current_len,0,0,49,9,66,10,115,19,,,,
edges,10,3,10,3,94,13,114,19,1.0,9.4,1.0,4.333333333333333
y3,76,3,2,1,35,4,113,8,0.02631578947368421,0.4605263157894737,0.3333333333333333,1.3333333333333333
current_y,0,0,72,5,41,5,113,10,,,,
email,0,0,0,0,112,2,112,2,,,,
number,91,6,6,3,14,2,111,11,0.06593406593406594,0.15384615384615385,0.5,0.3333333333333333
fail,24,1,0,0,87,2,111,3,0.0,3.625,0.0,2.0
output,42,6,42,9,25,7,109,22,1.0,0.5952380952380952,1.5,1.1666666666666667
lower,41,4,17,5,50,8,108,17,0.4146341463414634,1.2195121951219512,1.25,2.0
V,59,6,0,0,49,4,108,10,0.0,0.8305084745762712,0.0,0.6666666666666666
op,14,1,73,6,18,2,105,9,5.214285714285714,1.2857142857142858,6.0,2.0
c1,41,7,32,7,32,6,105,20,0.7804878048780488,0.7804878048780488,1.0,0.8571428571428571
ti,18,2,69,7,18,3,105,12,3.8333333333333335,1.0,3.5,1.5
current_length,0,0,42,5,63,6,105,11,,,,
min,105,7,0,0,0,0,105,7,0.0,0.0,0.0,0.0
new_pos,0,0,6,1,99,2,105,3,,,,
K,44,4,24,3,36,2,104,9,0.5454545454545454,0.8181818181818182,0.75,0.5
y0,85,4,2,1,17,4,104,9,0.023529411764705882,0.2,0.25,1.0
matrix,10,1,34,8,60,8,104,17,3.4,6.0,8.0,8.0
dists,0,0,54,1,50,1,104,2,,,,
denominator,2,1,32,10,70,11,104,22,16.0,35.0,10.0,11.0
mx,104,7,0,0,0,0,104,7,0.0,0.0,0.0,0.0
it,47,3,0,0,57,4,104,7,0.0,1.2127659574468086,0.0,1.3333333333333333
p1,42,6,9,2,53,5,104,13,0.21428571428571427,1.2619047619047619,0.3333333333333333,0.8333333333333334
groups,13,2,44,10,47,7,104,19,3.3846153846153846,3.6153846153846154,5.0,3.5
children,0,0,65,9,38,6,103,15,,,,
chk,103,2,0,0,0,0,103,2,0.0,0.0,0.0,0.0
mode,102,6,0,0,0,0,102,6,0.0,0.0,0.0,0.0
state,74,2,6,2,22,5,102,9,0.08108108108108109,0.2972972972972973,1.0,2.5
changes,25,3,7,1,70,5,102,9,0.28,2.8,0.3333333333333333,1.6666666666666667
ri,29,3,44,2,29,3,102,8,1.5172413793103448,1.0,0.6666666666666666,1.0
delta,15,6,72,10,14,6,101,22,4.8,0.9333333333333333,1.6666666666666667,1.0
graph,60,7,9,1,32,6,101,14,0.15,0.5333333333333333,0.14285714285714285,0.8571428571428571
value,89,5,8,1,2,1,99,7,0.0898876404494382,0.02247191011235955,0.2,0.2
b2,36,4,3,1,59,3,98,8,0.08333333333333333,1.6388888888888888,0.25,0.75
previous,57,6,0,0,41,4,98,10,0.0,0.7192982456140351,0.0,0.6666666666666666
stdin,62,45,0,0,35,12,97,57,0.0,0.5645161290322581,0.0,0.26666666666666666
upper,42,4,12,4,43,7,97,15,0.2857142857142857,1.0238095238095237,1.0,1.75
computer,0,0,4,1,92,2,96,3,,,,
last_op,36,1,0,0,60,1,96,2,0.0,1.6666666666666667,0.0,1.0
hasActor,0,0,96,1,0,0,96,1,,,,
_,29,3,58,3,8,1,95,7,2.0,0.27586206896551724,1.0,0.3333333333333333
moves,20,4,33,3,42,5,95,12,1.65,2.1,0.75,1.25
pos1,78,1,4,1,13,2,95,4,0.05128205128205128,0.16666666666666666,1.0,2.0
gap,21,1,45,3,28,2,94,6,2.142857142857143,1.3333333333333333,3.0,2.0
max1,45,4,0,0,48,1,93,5,0.0,1.0666666666666667,0.0,0.25
alpha,54,2,0,0,39,1,93,3,0.0,0.7222222222222222,0.0,0.5
new_c,0,0,93,2,0,0,93,2,,,,
inp,76,14,0,0,16,4,92,18,0.0,0.21052631578947367,0.0,0.2857142857142857
rx,10,1,72,1,10,1,92,3,7.2,1.0,1.0,1.0
65,0,0,0,0,92,1,92,1,,,,
current_start,0,0,10,1,82,4,92,5,,,,
pos2,78,1,0,0,13,2,91,3,0.0,0.16666666666666666,0.0,2.0
z1,77,4,0,0,14,2,91,6,0.0,0.18181818181818182,0.0,0.5
selected,0,0,30,6,60,8,90,14,,,,
step,27,3,37,6,26,6,90,15,1.3703703703703705,0.9629629629629629,2.0,2.0
symbol,90,1,0,0,0,0,90,1,0.0,0.0,0.0,0.0
numerator,0,0,25,10,65,14,90,24,,,,
factor,39,2,0,0,50,3,89,5,0.0,1.2820512820512822,0.0,1.5
c2,33,6,28,7,28,8,89,21,0.8484848484848485,0.8484848484848485,1.1666666666666667,1.3333333333333333
fact,0,0,53,4,35,3,88,7,,,,
ps,63,5,0,0,25,3,88,8,0.0,0.3968253968253968,0.0,0.6
n1,73,5,12,1,3,1,88,7,0.1643835616438356,0.0410958904109589,0.2,0.2
max_size,8,1,32,4,48,5,88,10,4.0,6.0,4.0,5.0
new_row,0,0,68,6,20,1,88,7,,,,
ss,82,10,0,0,5,2,87,12,0.0,0.06097560975609756,0.0,0.2
r2,23,4,8,3,55,6,86,13,0.34782608695652173,2.391304347826087,0.75,1.5
new_i,0,0,83,2,3,1,86,3,,,,
new_j,0,0,83,2,3,1,86,3,,,,
depth,23,3,15,2,48,4,86,9,0.6521739130434783,2.0869565217391304,0.6666666666666666,1.3333333333333333
text,23,4,35,4,28,6,86,14,1.5217391304347827,1.2173913043478262,1.0,1.5
order,7,3,12,3,66,10,85,16,1.7142857142857142,9.428571428571429,1.0,3.3333333333333335
now,72,8,0,0,12,1,84,9,0.0,0.16666666666666666,0.0,0.125
fractional_part,0,0,60,2,24,2,84,4,,,,
a2,42,6,16,4,26,4,84,14,0.38095238095238093,0.6190476190476191,0.6666666666666666,0.6666666666666666
option1,0,0,22,9,61,4,83,13,,,,
shift,0,0,16,2,66,2,82,4,,,,
lst,48,8,10,2,24,3,82,13,0.20833333333333334,0.5,0.25,0.375
token,4,1,60,1,18,1,82,3,15.0,4.5,1.0,1.0
results,41,3,7,2,34,6,82,11,0.17073170731707318,0.8292682926829268,0.6666666666666666,2.0
option2,0,0,25,9,56,4,81,13,,,,
G,45,5,0,0,36,4,81,9,0.0,0.8,0.0,0.8
s_count,63,1,18,2,0,0,81,3,0.2857142857142857,0.0,2.0,0.0
max_length,5,1,41,5,34,7,80,13,8.2,6.8,5.0,7.0
counter,58,8,15,1,7,2,80,11,0.25862068965517243,0.1206896551724138,0.125,0.25
need_a,40,1,0,0,40,1,80,2,0.0,1.0,0.0,1.0
component,0,0,31,3,49,4,80,7,,,,
last_type,0,0,80,1,0,0,80,1,,,,
state1,80,1,0,0,0,0,80,1,0.0,0.0,0.0,0.0
mn,72,8,0,0,8,1,80,9,0.0,0.1111111111111111,0.0,0.125
state2,80,1,0,0,0,0,80,1,0.0,0.0,0.0,0.0
intervals,0,0,23,5,56,4,79,9,,,,
a1,19,3,19,4,41,4,79,11,1.0,2.1578947368421053,1.3333333333333333,1.3333333333333333
ma,71,5,0,0,8,1,79,6,0.0,0.11267605633802817,0.0,0.2
new_t,0,0,74,4,4,1,78,5,,,,
lis,61,5,0,0,17,2,78,7,0.0,0.2786885245901639,0.0,0.4
prime,60,1,0,0,18,2,78,3,0.0,0.3,0.0,2.0
id,28,6,23,2,27,4,78,12,0.8214285714285714,0.9642857142857143,0.3333333333333333,0.6666666666666666
parity,0,0,75,2,2,1,77,3,,,,
leave,55,2,0,0,22,2,77,4,0.0,0.4,0.0,1.0
available,8,1,23,6,46,9,77,16,2.875,5.75,6.0,9.0
suffix,16,1,3,1,58,5,77,7,0.1875,3.625,1.0,5.0
substr,0,0,17,5,59,4,76,9,,,,
li,61,4,0,0,15,2,76,6,0.0,0.2459016393442623,0.0,0.5
transition,0,0,72,1,4,1,76,2,,,,
amount,48,3,0,0,28,1,76,4,0.0,0.5833333333333334,0.0,0.3333333333333333
neighbors,7,1,32,2,37,3,76,6,4.571428571428571,5.285714285714286,2.0,3.0
day,32,4,8,1,36,5,76,10,0.25,1.125,0.25,1.25
max_time,0,0,66,3,10,2,76,5,,,,
level,22,2,38,2,14,1,74,5,1.7272727272727273,0.6363636363636364,1.0,0.5
seen,25,5,15,5,34,9,74,19,0.6,1.36,1.0,1.8
min_x,0,0,58,7,16,2,74,9,,,,
tokens,14,3,38,5,21,4,73,12,2.7142857142857144,1.5,1.6666666666666667,1.3333333333333333
events,23,3,24,5,26,4,73,12,1.0434782608695652,1.1304347826086956,1.6666666666666667,1.3333333333333333
seq,49,10,0,0,24,5,73,15,0.0,0.4897959183673469,0.0,0.5
v_root,0,0,17,3,56,9,73,12,,,,
other,12,4,56,1,5,1,73,6,4.666666666666667,0.4166666666666667,0.25,0.25
best_b,0,0,52,3,20,3,72,6,,,,
is_ok,72,1,0,0,0,0,72,1,0.0,0.0,0.0,0.0
br,72,1,0,0,0,0,72,1,0.0,0.0,0.0,0.0
kk,56,1,0,0,16,1,72,2,0.0,0.2857142857142857,0.0,1.0
new_dp,0,0,24,2,48,4,72,6,,,,
nums,43,10,10,4,19,6,72,20,0.23255813953488372,0.4418604651162791,0.4,0.6
min_row,0,0,26,2,45,6,71,8,,,,
current_time,0,0,22,2,49,6,71,8,,,,
arrival,0,0,5,2,66,4,71,6,,,,
bad,26,3,11,2,34,2,71,7,0.4230769230769231,1.3076923076923077,0.6666666666666666,0.6666666666666666
cry,44,1,0,0,27,1,71,2,0.0,0.6136363636363636,0.0,1.0
b_processed,0,0,0,0,70,1,70,1,,,,
expr,0,0,60,3,10,1,70,4,,,,
x_intercept,26,1,0,0,44,1,70,2,0.0,1.6923076923076923,0.0,1.0
mnext,70,1,0,0,0,0,70,1,0.0,0.0,0.0,0.0
n2,38,5,15,2,17,2,70,9,0.39473684210526316,0.4473684210526316,0.4,0.4
houses,37,2,4,1,28,2,69,5,0.10810810810810811,0.7567567567567568,0.5,1.0
best_a,0,0,63,3,6,1,69,4,,,,
x_pos,0,0,44,3,25,1,69,4,,,,
others,0,0,4,2,64,5,68,7,,,,
sideResult,68,1,0,0,0,0,68,1,0.0,0.0,0.0,0.0
positions,12,2,23,4,33,4,68,10,1.9166666666666667,2.75,2.0,2.0
dir,63,3,0,0,5,2,68,5,0.0,0.07936507936507936,0.0,0.6666666666666666
removed,0,0,17,4,51,6,68,10,,,,
side,20,1,4,2,44,3,68,6,0.2,2.2,2.0,3.0
hh,60,1,8,2,0,0,68,3,0.13333333333333333,0.0,2.0,0.0
best_char,32,1,0,0,36,1,68,2,0.0,1.125,0.0,1.0
sign,32,4,4,2,31,6,67,12,0.125,0.96875,0.5,1.5
min_changes,24,1,12,3,31,3,67,7,0.5,1.2916666666666667,3.0,3.0
words,21,1,22,9,24,8,67,18,1.0476190476190477,1.1428571428571428,9.0,8.0
sieve,4,1,33,3,30,3,67,7,8.25,7.5,3.0,3.0
max_pos,0,0,46,3,21,4,67,7,,,,
names,23,5,17,4,27,5,67,14,0.7391304347826086,1.173913043478261,0.8,1.0
pairs,18,4,15,4,34,5,67,13,0.8333333333333334,1.8888888888888888,1.0,1.25
current_min,0,0,32,5,35,5,67,10,,,,
items,23,2,14,1,30,2,67,5,0.6086956521739131,1.3043478260869565,0.5,1.0
7,3,1,0,0,64,1,67,2,0.0,21.333333333333332,0.0,1.0
curh,14,1,0,0,52,1,66,2,0.0,3.7142857142857144,0.0,1.0
min_diff,0,0,53,7,13,3,66,10,,,,
current_word,0,0,14,1,52,1,66,2,,,,
you,32,1,0,0,34,1,66,2,0.0,1.0625,0.0,1.0
ys,38,4,0,0,27,2,65,6,0.0,0.7105263157894737,0.0,0.5
v2,46,9,2,1,17,4,65,14,0.043478260869565216,0.3695652173913043,0.1111111111111111,0.4444444444444444
max2,5,1,0,0,60,1,65,2,0.0,12.0,0.0,1.0
stolen,0,0,13,1,52,1,65,2,,,,
sc,8,2,14,2,43,2,65,6,1.75,5.375,1.0,1.0
self,64,1,0,0,0,0,64,1,0.0,0.0,0.0,0.0
flag1,64,1,0,0,0,0,64,1,0.0,0.0,0.0,0.0
product,6,2,38,9,20,4,64,15,6.333333333333333,3.3333333333333335,4.5,2.0
last_zero,0,0,40,1,24,1,64,2,,,,
sum1,36,3,2,1,25,3,63,7,0.05555555555555555,0.6944444444444444,0.3333333333333333,1.0
set_a,63,1,0,0,0,0,63,1,0.0,0.0,0.0,0.0
bottom,8,1,0,0,55,6,63,7,0.0,6.875,0.0,6.0
take,0,0,7,2,56,5,63,7,,,,
stt,17,1,0,0,46,1,63,2,0.0,2.7058823529411766,0.0,1.0
min_total,0,0,24,4,38,8,62,12,,,,
x3,46,1,0,0,16,1,62,2,0.0,0.34782608695652173,0.0,1.0
dollars,0,0,48,1,14,1,62,2,,,,
xs,38,3,0,0,24,3,62,6,0.0,0.631578947368421,0.0,1.0
len_t,0,0,5,1,56,4,61,5,,,,
power,4,2,33,4,24,3,61,9,8.25,6.0,2.0,1.5
best_k,0,0,43,4,18,2,61,6,,,,
str,58,7,0,0,2,1,60,8,0.0,0.034482758620689655,0.0,0.14285714285714285
app,0,0,0,0,60,1,60,1,,,,
mask,29,3,2,1,29,5,60,9,0.06896551724137931,1.0,0.3333333333333333,1.6666666666666667
E,29,3,11,2,20,2,60,7,0.3793103448275862,0.6896551724137931,0.6666666666666666,0.6666666666666666
best_i,0,0,24,2,36,2,60,4,,,,
carry,42,2,8,1,10,1,60,4,0.19047619047619047,0.23809523809523808,0.5,0.5
earliest,0,0,13,2,47,4,60,6,,,,
ind,60,6,0,0,0,0,60,6,0.0,0.0,0.0,0.0
current_end,0,0,2,1,58,4,60,5,,,,
a_found,0,0,60,1,0,0,60,1,,,,
minResult,60,1,0,0,0,0,60,1,0.0,0.0,0.0,0.0
rows,16,3,13,3,30,4,59,10,0.8125,1.875,1.0,1.3333333333333333
sequence,0,0,24,2,35,4,59,6,,,,
group,26,5,17,2,15,3,58,10,0.6538461538461539,0.5769230769230769,0.4,0.6
min_deque,0,0,49,2,9,1,58,3,,,,
max_deque,0,0,49,2,9,1,58,3,,,,
p_char,0,0,57,2,0,0,57,2,,,,
max_x,0,0,35,7,22,5,57,12,,,,
square,0,0,0,0,57,3,57,3,,,,
max_val,2,1,39,7,16,6,57,14,19.5,8.0,7.0,6.0
bus,8,1,10,1,38,1,56,3,1.25,4.75,1.0,1.0
interest_i,56,1,0,0,0,0,56,1,0.0,0.0,0.0,0.0
move_cost,0,0,0,0,56,1,56,1,,,,
current_x,0,0,28,3,28,4,56,7,,,,
best_time,8,1,30,2,18,3,56,6,3.75,2.25,2.0,3.0
bool,55,3,0,0,0,0,55,3,0.0,0.0,0.0,0.0
sp,41,3,0,0,14,2,55,5,0.0,0.34146341463414637,0.0,0.6666666666666666
min_col,0,0,23,2,32,5,55,7,,,,
inf,9,4,46,1,0,0,55,5,5.111111111111111,0.0,0.25,0.0
scheme,0,0,0,0,54,1,54,1,,,,
coin,54,1,0,0,0,0,54,1,0.0,0.0,0.0,0.0
pre_o,0,0,54,1,0,0,54,1,,,,
min_trees,0,0,18,1,36,1,54,2,,,,
USB,36,1,0,0,18,1,54,2,0.0,0.5,0.0,1.0
best_index,0,0,39,2,15,1,54,3,,,,
next_t,0,0,0,0,54,2,54,2,,,,
net,0,0,0,0,54,1,54,1,,,,
pre_k,0,0,54,1,0,0,54,1,,,,
pre_v,0,0,54,1,0,0,54,1,,,,
fo,46,4,0,0,7,1,53,5,0.0,0.15217391304347827,0.0,0.25
need,34,6,0,0,19,1,53,7,0.0,0.5588235294117647,0.0,0.16666666666666666
dict,53,3,0,0,0,0,53,3,0.0,0.0,0.0,0.0
ratio,10,1,5,2,38,4,53,7,0.5,3.8,2.0,4.0
label,46,4,0,0,7,2,53,6,0.0,0.15217391304347827,0.0,0.5
segments,5,1,14,4,34,6,53,11,2.8,6.8,4.0,6.0
max_col,0,0,23,2,30,4,53,6,,,,
pts,33,4,0,0,19,3,52,7,0.0,0.5757575757575758,0.0,0.75
k2,36,6,7,2,9,2,52,10,0.19444444444444445,0.25,0.3333333333333333,0.3333333333333333
max_y,8,1,23,6,21,4,52,11,2.875,2.625,6.0,4.0
l2,35,7,0,0,17,2,52,9,0.0,0.4857142857142857,0.0,0.2857142857142857
next_balance,0,0,52,1,0,0,52,1,,,,
domino,26,1,0,0,26,1,52,2,0.0,1.0,0.0,1.0
current_count,0,0,45,2,7,2,52,4,,,,
max_gap,0,0,44,3,8,1,52,4,,,,
hi,49,4,3,1,0,0,52,5,0.061224489795918366,0.0,0.25,0.0
teams,7,1,26,3,19,3,52,7,3.7142857142857144,2.7142857142857144,3.0,3.0
max_row,0,0,23,2,28,4,51,6,,,,
login,24,1,0,0,27,1,51,2,0.0,1.125,0.0,1.0
bulls,6,2,30,2,15,2,51,6,5.0,2.5,1.0,1.0
cmd,0,0,25,1,26,3,51,4,,,,
min_distance,0,0,20,4,31,3,51,7,,,,
exponent,0,0,10,5,41,6,51,11,,,,
integer_part,0,0,39,2,12,2,51,4,,,,
unique,5,1,32,7,14,3,51,11,6.4,2.8,7.0,3.0
angle,5,1,24,3,22,2,51,6,4.8,4.4,3.0,2.0
heights,5,1,13,3,33,4,51,8,2.6,6.6,3.0,4.0
prev_was_amplifying,0,0,0,0,50,1,50,1,,,,
bits,18,3,10,4,22,4,50,11,0.5555555555555556,1.2222222222222223,1.3333333333333333,1.3333333333333333
P,31,6,17,4,2,1,50,11,0.5483870967741935,0.06451612903225806,0.6666666666666666,0.16666666666666666
expected,0,0,10,3,40,4,50,7,,,,
sz,34,4,0,0,16,3,50,7,0.0,0.47058823529411764,0.0,0.75
processed,0,0,29,8,21,7,50,15,,,,
current_a,0,0,38,3,12,2,50,5,,,,
current_d,0,0,49,3,0,0,49,3,,,,
PS2,33,1,0,0,16,1,49,2,0.0,0.48484848484848486,0.0,1.0
ra,34,3,0,0,15,2,49,5,0.0,0.4411764705882353,0.0,0.6666666666666666
like,24,2,0,0,25,2,49,4,0.0,1.0416666666666667,0.0,1.0
mas,47,5,0,0,2,1,49,6,0.0,0.0425531914893617,0.0,0.2
current_state,0,0,49,1,0,0,49,1,,,,
mapp,31,1,0,0,18,1,49,2,0.0,0.5806451612903226,0.0,1.0
common,5,1,20,5,24,3,49,9,4.0,4.8,5.0,3.0
equipped,25,1,0,0,23,1,48,2,0.0,0.92,0.0,1.0
new_last_type,0,0,48,1,0,0,48,1,,,,
matched,48,1,0,0,0,0,48,1,0.0,0.0,0.0,0.0
mod100,0,0,0,0,48,1,48,1,,,,
need_b,24,1,0,0,24,1,48,2,0.0,1.0,0.0,1.0
current_gcd,0,0,15,1,33,3,48,4,,,,
current_lcm,0,0,38,4,10,1,48,5,,,,
new_cnt,0,0,48,1,0,0,48,1,,,,
ud,48,1,0,0,0,0,48,1,0.0,0.0,0.0,0.0
save,48,1,0,0,0,0,48,1,0.0,0.0,0.0,0.0
di,0,0,24,4,24,5,48,9,,,,
cs,33,4,0,0,15,3,48,7,0.0,0.45454545454545453,0.0,0.75
incorrect,0,0,0,0,48,1,48,1,,,,
node,0,0,34,5,14,5,48,10,,,,
max_a,0,0,36,7,11,6,47,13,,,,
current_color,0,0,36,1,11,3,47,4,,,,
max_k,0,0,34,10,13,3,47,13,,,,
len_b,0,0,7,1,40,2,47,3,,,,
bb,23,5,22,1,2,1,47,7,0.9565217391304348,0.08695652173913043,0.2,0.2
used,16,3,6,2,25,6,47,11,0.375,1.5625,0.6666666666666666,2.0
blocks,0,0,19,3,28,2,47,5,,,,
hours,20,2,6,1,20,2,46,5,0.3,1.0,0.5,1.0
current_r,0,0,20,3,26,1,46,4,,,,
aa,37,8,0,0,9,3,46,11,0.0,0.24324324324324326,0.0,0.375
digit,4,1,2,1,40,4,46,6,0.5,10.0,1.0,4.0
_A,46,1,0,0,0,0,46,1,0.0,0.0,0.0,0.0
max,46,4,0,0,0,0,46,4,0.0,0.0,0.0,0.0
columns,3,1,18,4,25,4,46,9,6.0,8.333333333333334,4.0,4.0
cur_loc,0,0,0,0,45,1,45,1,,,,
new_stick,0,0,45,1,0,0,45,1,,,,
current_group,0,0,45,4,0,0,45,4,,,,
components,4,1,11,3,30,8,45,12,2.75,7.5,3.0,8.0
current_parent,0,0,45,1,0,0,45,1,,,,
bone_pos,0,0,45,1,0,0,45,1,,,,
napr,45,1,0,0,0,0,45,1,0.0,0.0,0.0,0.0
den,14,3,7,1,24,3,45,7,0.5,1.7142857142857142,0.3333333333333333,1.0
middle,17,3,13,4,15,5,45,12,0.7647058823529411,0.8823529411764706,1.3333333333333333,1.6666666666666667
limlen,45,1,0,0,0,0,45,1,0.0,0.0,0.0,0.0
friends,0,0,10,3,34,2,44,5,,,,
smash,22,1,0,0,22,1,44,2,0.0,1.0,0.0,1.0
max_outside,0,0,8,1,36,1,44,2,,,,
I,41,12,0,0,3,1,44,13,0.0,0.07317073170731707,0.0,0.08333333333333333
current_row,0,0,4,1,40,1,44,2,,,,
z2,23,2,0,0,20,1,43,3,0.0,0.8695652173913043,0.0,0.5
ring,15,1,8,1,20,2,43,4,0.5333333333333333,1.3333333333333333,1.0,2.0
curr,8,2,26,2,9,2,43,6,3.25,1.125,1.0,1.0
part,0,0,7,1,36,4,43,5,,,,
1000,0,0,0,0,43,1,43,1,,,,
b0,12,1,3,1,28,1,43,3,0.25,2.3333333333333335,1.0,1.0
pi,8,3,25,3,10,2,43,8,3.125,1.25,1.0,0.6666666666666666
mm,17,2,26,4,0,0,43,6,1.5294117647058822,0.0,2.0,0.0
can_R,0,0,0,0,42,1,42,1,,,,
can_U,0,0,0,0,42,1,42,1,,,,
status,12,1,28,1,2,1,42,3,2.3333333333333335,0.16666666666666666,1.0,1.0
min_pos,0,0,40,1,2,1,42,2,,,,
7011,0,0,0,0,42,1,42,1,,,,
lps,12,1,0,0,30,2,42,3,0.0,2.5,0.0,2.0
deep,42,1,0,0,0,0,42,1,0.0,0.0,0.0,0.0
t_snitch,30,1,0,0,12,1,42,2,0.0,0.4,0.0,1.0
curr_act,0,0,21,1,21,1,42,2,,,,
can_D,0,0,0,0,42,1,42,1,,,,
v1,30,4,0,0,12,2,42,6,0.0,0.4,0.0,0.5
bonus_pos,42,1,0,0,0,0,42,1,0.0,0.0,0.0,0.0
vis,42,8,0,0,0,0,42,8,0.0,0.0,0.0,0.0
has_infinite,0,0,0,0,42,1,42,1,,,,
money,0,0,42,2,0,0,42,2,,,,
ff,42,2,0,0,0,0,42,2,0.0,0.0,0.0,0.0
can_L,0,0,0,0,42,1,42,1,,,,
root_u,0,0,0,0,42,1,42,1,,,,
ap,24,2,0,0,18,2,42,4,0.0,0.75,0.0,1.0
sum_a,0,0,5,2,36,6,41,8,,,,
max_dist,0,0,16,2,25,5,41,7,,,,
macro,15,1,0,0,26,1,41,2,0.0,1.7333333333333334,0.0,1.0
gender,0,0,12,2,29,2,41,4,,,,
sum_b,0,0,9,2,32,4,41,6,,,,
gain,0,0,0,0,41,4,41,4,,,,
term,0,0,35,9,6,3,41,12,,,,
two,41,2,0,0,0,0,41,2,0.0,0.0,0.0,0.0
vectors,0,0,0,0,40,2,40,2,,,,
category,0,0,30,1,10,2,40,3,,,,
allowed,0,0,40,1,0,0,40,1,,,,
new_d,8,1,32,2,0,0,40,3,4.0,0.0,2.0,0.0
mintime,40,1,0,0,0,0,40,1,0.0,0.0,0.0,0.0
cur_right,40,1,0,0,0,0,40,1,0.0,0.0,0.0,0.0
Y,20,5,9,2,11,3,40,10,0.45,0.55,0.4,0.6
directions,0,0,17,7,23,10,40,17,,,,
ymid,24,1,0,0,16,1,40,2,0.0,0.6666666666666666,0.0,1.0
flush,40,1,0,0,0,0,40,1,0.0,0.0,0.0,0.0
squares,3,1,32,1,5,2,40,4,10.666666666666666,1.6666666666666667,1.0,2.0
needed,0,0,18,5,22,6,40,11,,,,
record,31,4,0,0,9,2,40,6,0.0,0.2903225806451613,0.0,0.5
max_stolen,0,0,8,1,32,1,40,2,,,,
withFile,40,1,0,0,0,0,40,1,0.0,0.0,0.0,0.0
best_j,0,0,12,2,28,1,40,3,,,,
yp,10,1,2,1,28,2,40,4,0.2,2.8,1.0,2.0
sets,35,2,5,1,0,0,40,3,0.14285714285714285,0.0,0.5,0.0
bounds,30,1,0,0,9,1,39,2,0.0,0.3,0.0,1.0
cows,10,2,17,2,12,2,39,6,1.7,1.2,1.0,1.0
file,26,9,0,0,13,2,39,11,0.0,0.5,0.0,0.2222222222222222
current_v,36,1,3,1,0,0,39,2,0.08333333333333333,0.0,1.0,0.0
b_i,0,0,2,1,37,2,39,3,,,,
inv_fact,0,0,21,3,18,3,39,6,,,,
py,24,2,0,0,15,3,39,5,0.0,0.625,0.0,1.5
trips,18,2,16,1,5,1,39,4,0.8888888888888888,0.2777777777777778,0.5,0.5
res1,34,4,0,0,5,1,39,5,0.0,0.14705882352941177,0.0,0.25
spf,0,0,28,3,11,2,39,5,,,,
participants,0,0,24,5,15,2,39,7,,,,
one,39,4,0,0,0,0,39,4,0.0,0.0,0.0,0.0
cur_time,0,0,0,0,39,1,39,1,,,,
letters,0,0,36,1,3,1,39,2,,,,
avg,9,2,0,0,29,2,38,4,0.0,3.2222222222222223,0.0,1.0
next_val,0,0,13,2,25,3,38,5,,,,
ll,28,3,0,0,10,1,38,4,0.0,0.35714285714285715,0.0,0.3333333333333333
typ,2,1,24,2,12,2,38,5,12.0,6.0,2.0,2.0
max_liking,15,1,0,0,23,2,38,3,0.0,1.5333333333333334,0.0,2.0
ry,0,0,36,2,2,1,38,3,,,,
ls,38,4,0,0,0,0,38,4,0.0,0.0,0.0,0.0
empty,0,0,0,0,38,2,38,2,,,,
degrees,5,1,21,4,12,2,38,7,4.2,2.4,4.0,2.0
zero,38,3,0,0,0,0,38,3,0.0,0.0,0.0,0.0
vowels,3,1,19,7,16,7,38,15,6.333333333333333,5.333333333333333,7.0,7.0
max_p,0,0,12,2,26,3,38,5,,,,
variables,0,0,5,1,33,2,38,3,,,,
new_h,0,0,32,1,5,1,37,2,,,,
out,31,3,6,1,0,0,37,4,0.1935483870967742,0.0,0.3333333333333333,0.0
min_prefix,0,0,5,1,32,1,37,2,,,,
missing,0,0,30,3,7,2,37,5,,,,
INF,14,6,16,4,7,2,37,12,1.1428571428571428,0.5,0.6666666666666666,0.3333333333333333
lo,37,5,0,0,0,0,37,5,0.0,0.0,0.0,0.0
sums,7,3,9,2,21,4,37,9,1.2857142857142858,3.0,0.6666666666666666,1.3333333333333333
domain,15,1,7,2,15,1,37,4,0.4666666666666667,1.0,2.0,1.0
width,17,2,0,0,20,4,37,6,0.0,1.1764705882352942,0.0,2.0
total_time,0,0,7,3,30,9,37,12,,,,
dimensions,3,1,0,0,34,1,37,2,0.0,11.333333333333334,0.0,1.0
profit,16,1,10,2,11,1,37,4,0.625,0.6875,2.0,1.0
dq,0,0,7,1,30,1,37,2,,,,
year,10,4,13,3,14,3,37,10,1.3,1.4,0.75,0.75
sep,35,9,0,0,1,1,36,10,0.0,0.02857142857142857,0.0,0.1111111111111111
mark,33,4,0,0,3,1,36,5,0.0,0.09090909090909091,0.0,0.25
option4,0,0,36,3,0,0,36,3,,,,
mod10000,0,0,0,0,36,1,36,1,,,,
ci,0,0,31,7,5,3,36,10,,,,
statues,0,0,10,2,26,2,36,4,,,,
NO,36,1,0,0,0,0,36,1,0.0,0.0,0.0,0.0
times,3,1,9,3,24,7,36,11,3.0,8.0,3.0,7.0
string,36,4,0,0,0,0,36,4,0.0,0.0,0.0,0.0
free_blocks,0,0,36,1,0,0,36,1,,,,
ml,30,2,0,0,6,1,36,3,0.0,0.2,0.0,0.5
terms,16,2,0,0,20,2,36,4,0.0,1.25,0.0,1.0
nd,20,2,16,1,0,0,36,3,0.8,0.0,0.5,0.0
worst,20,1,0,0,16,2,36,3,0.0,0.8,0.0,2.0
slash_pos,0,0,0,0,36,2,36,2,,,,
tag,0,0,36,1,0,0,36,1,,,,
current_turn,0,0,36,2,0,0,36,2,,,,
best_color,0,0,18,1,18,1,36,2,,,,
current_n,0,0,36,1,0,0,36,1,,,,
shape,36,1,0,0,0,0,36,1,0.0,0.0,0.0,0.0
new,15,1,2,1,18,1,35,3,0.13333333333333333,1.2,1.0,1.0
lr,35,2,0,0,0,0,35,2,0.0,0.0,0.0,0.0
rest,3,1,25,2,7,3,35,6,8.333333333333334,2.3333333333333335,2.0,3.0
msg,3,1,32,2,0,0,35,3,10.666666666666666,0.0,2.0,0.0
h2,30,4,0,0,5,1,35,5,0.0,0.16666666666666666,0.0,0.25
hexversion,24,24,0,0,11,11,35,35,0.0,0.4583333333333333,0.0,0.4583333333333333
mins,35,3,0,0,0,0,35,3,0.0,0.0,0.0,0.0
check,35,3,0,0,0,0,35,3,0.0,0.0,0.0,0.0
j1,35,1,0,0,0,0,35,1,0.0,0.0,0.0,0.0
next_server_free_time,16,1,0,0,18,1,34,2,0.0,1.125,0.0,1.0
current_mod,0,0,26,4,8,1,34,5,,,,
mu,12,1,10,1,12,1,34,3,0.8333333333333334,1.0,1.0,1.0
next_x,0,0,0,0,34,3,34,3,,,,
last_pos,2,1,9,2,23,4,34,7,4.5,11.5,2.0,4.0
snitch,25,1,0,0,9,1,34,2,0.0,0.36,0.0,1.0
co,8,1,26,1,0,0,34,2,3.25,0.0,1.0,0.0
set_b,34,1,0,0,0,0,34,1,0.0,0.0,0.0,0.0
cond,29,2,0,0,5,1,34,3,0.0,0.1724137931034483,0.0,0.5
clubs,0,0,4,1,30,3,34,4,,,,
our_tiles,4,1,0,0,30,1,34,2,0.0,7.5,0.0,1.0
cj,32,1,2,1,0,0,34,2,0.0625,0.0,1.0,0.0
max_profit,0,0,8,1,26,2,34,3,,,,
selected_indices,0,0,15,1,18,1,33,2,,,,
o_count,0,0,5,1,28,1,33,2,,,,
mentioned,0,0,30,1,3,1,33,2,,,,
new_start,0,0,0,0,33,1,33,1,,,,
r0,5,2,26,3,2,1,33,6,5.2,0.4,1.5,0.5
maxy,16,2,0,0,17,2,33,4,0.0,1.0625,0.0,1.0
types,4,2,13,2,16,3,33,7,3.25,4.0,1.0,1.5
ref,21,2,4,1,8,1,33,4,0.19047619047619047,0.38095238095238093,0.5,0.5
waste,0,0,15,1,18,1,33,2,,,,
dmgi,0,0,0,0,33,1,33,1,,,,
max_n,0,0,13,2,20,3,33,5,,,,
al,23,4,0,0,10,2,33,6,0.0,0.43478260869565216,0.0,0.5
a_str,0,0,0,0,33,2,33,2,,,,
fractional,0,0,0,0,33,1,33,1,,,,
floor,8,1,22,1,3,1,33,3,2.75,0.375,1.0,1.0
dates,9,1,10,1,14,1,33,3,1.1111111111111112,1.5555555555555556,1.0,1.0
max_pair,0,0,8,1,24,1,32,2,,,,
max_col_min,0,0,0,0,32,1,32,1,,,,
min_stolen,0,0,8,1,24,1,32,2,,,,
processed_login,0,0,32,1,0,0,32,1,,,,
mk,32,2,0,0,0,0,32,2,0.0,0.0,0.0,0.0
ans2,30,2,0,0,2,1,32,3,0.0,0.06666666666666667,0.0,0.5
combined,0,0,3,1,29,5,32,6,,,,
fi,29,6,3,1,0,0,32,7,0.10344827586206896,0.0,0.16666666666666666,0.0
scores,18,3,7,2,7,1,32,6,0.3888888888888889,0.3888888888888889,0.6666666666666666,0.3333333333333333
current_t,0,0,10,2,22,2,32,4,,,,
xi,2,1,17,6,13,3,32,10,8.5,6.5,6.0,3.0
path2,4,1,0,0,28,1,32,2,0.0,7.0,0.0,1.0
end_y,0,0,32,1,0,0,32,1,,,,
min_sum,0,0,22,3,10,2,32,5,,,,
new_m,0,0,32,1,0,0,32,1,,,,
flg,32,1,0,0,0,0,32,1,0.0,0.0,0.0,0.0
new_y,0,0,24,3,8,2,32,5,,,,
C2,0,0,12,1,20,1,32,2,,,,
end_x,0,0,32,1,0,0,32,1,,,,
fib,5,1,18,2,9,1,32,4,3.6,1.8,2.0,1.0
minDist,32,2,0,0,0,0,32,2,0.0,0.0,0.0,0.0
occurrences,0,0,32,2,0,0,32,2,,,,
poem_scheme,0,0,0,0,32,1,32,1,,,,
merged,0,0,0,0,32,2,32,2,,,,
next_cost,0,0,32,1,0,0,32,1,,,,
cups,18,1,0,0,13,1,31,2,0.0,0.7222222222222222,0.0,1.0
volume,24,2,0,0,7,1,31,3,0.0,0.2916666666666667,0.0,0.5
difference,31,3,0,0,0,0,31,3,0.0,0.0,0.0,0.0
diri,0,0,10,1,21,1,31,2,,,,
max_num,6,1,2,1,23,5,31,7,0.3333333333333333,3.8333333333333335,1.0,5.0
stress,0,0,18,1,13,1,31,2,,,,
total_steps,3,1,8,1,20,2,31,4,2.6666666666666665,6.666666666666667,1.0,2.0
choices,20,1,0,0,10,1,30,2,0.0,0.5,0.0,1.0
read,27,6,0,0,3,1,30,7,0.0,0.1111111111111111,0.0,0.16666666666666666
sum_p,0,0,30,2,0,0,30,2,,,,
next_v,0,0,0,0,30,1,30,1,,,,
sn,30,1,0,0,0,0,30,1,0.0,0.0,0.0,0.0
prev_direction,12,1,0,0,18,1,30,2,0.0,1.5,0.0,1.0
xor,12,1,0,0,18,2,30,3,0.0,1.5,0.0,2.0
inside,0,0,30,1,0,0,30,1,,,,
next_k,0,0,0,0,30,1,30,1,,,,
lucky,0,0,0,0,30,1,30,1,,,,
i1,30,2,0,0,0,0,30,2,0.0,0.0,0.0,0.0
current_segment,0,0,30,1,0,0,30,1,,,,
commands,12,3,0,0,18,3,30,6,0.0,1.5,0.0,1.0
maxhits,26,1,0,0,4,1,30,2,0.0,0.15384615384615385,0.0,1.0
next_term,0,0,6,1,24,1,30,2,,,,
mini,30,3,0,0,0,0,30,3,0.0,0.0,0.0,0.0
vasya,0,0,15,2,15,2,30,4,,,,
lastR,30,1,0,0,0,0,30,1,0.0,0.0,0.0,0.0
ABs,14,1,0,0,16,1,30,2,0.0,1.1428571428571428,0.0,1.0
multiple,18,1,0,0,12,1,30,2,0.0,0.6666666666666666,0.0,1.0
y_idx,0,0,3,1,27,1,30,2,,,,
emirps,0,0,0,0,30,1,30,1,,,,
loc2,30,1,0,0,0,0,30,1,0.0,0.0,0.0,0.0
U,12,2,14,3,4,1,30,6,1.1666666666666667,0.3333333333333333,1.5,0.5
current_point,30,1,0,0,0,0,30,1,0.0,0.0,0.0,0.0
loc1,30,1,0,0,0,0,30,1,0.0,0.0,0.0,0.0
current_latitude,0,0,30,1,0,0,30,1,,,,
pick,20,1,0,0,10,1,30,2,0.0,0.5,0.0,1.0
nechet,30,1,0,0,0,0,30,1,0.0,0.0,0.0,0.0
possible_deltas,0,0,30,1,0,0,30,1,,,,
marks,4,1,14,2,11,2,29,5,3.5,2.75,2.0,2.0
permutation,8,1,8,2,13,2,29,5,1.0,1.625,2.0,2.0
cache,13,2,0,0,16,2,29,4,0.0,1.2307692307692308,0.0,1.0
S2,29,3,0,0,0,0,29,3,0.0,0.0,0.0,0.0
minx,12,2,0,0,17,2,29,4,0.0,1.4166666666666667,0.0,1.0
max_min,9,2,0,0,20,3,29,5,0.0,2.2222222222222223,0.0,1.5
submission_time,0,0,29,2,0,0,29,2,,,,
feasible,9,2,6,1,14,2,29,5,0.6666666666666666,1.5555555555555556,0.5,1.0
sum_prev,0,0,26,4,3,1,29,5,,,,
raw,27,2,0,0,2,1,29,3,0.0,0.07407407407407407,0.0,0.5
yi,0,0,20,5,9,3,29,8,,,,
yb,21,1,0,0,8,1,29,2,0.0,0.38095238095238093,0.0,1.0
re,29,2,0,0,0,0,29,2,0.0,0.0,0.0,0.0
point,11,2,6,1,12,3,29,6,0.5454545454545454,1.0909090909090908,0.5,1.5
h1,29,3,0,0,0,0,29,3,0.0,0.0,0.0,0.0
min_y,0,0,25,4,4,1,29,5,,,,
substring,0,0,6,2,23,3,29,5,,,,
half,0,0,6,2,23,5,29,7,,,,
per,26,3,0,0,3,1,29,4,0.0,0.11538461538461539,0.0,0.3333333333333333
fr,26,4,0,0,3,1,29,5,0.0,0.11538461538461539,0.0,0.25
max_streak,0,0,8,1,20,2,28,3,,,,
cn,28,1,0,0,0,0,28,1,0.0,0.0,0.0,0.0
petya,0,0,14,2,14,2,28,4,,,,
min_len,0,0,10,2,18,2,28,4,,,,
small,28,3,0,0,0,0,28,3,0.0,0.0,0.0,0.0
book,5,1,4,1,19,1,28,3,0.8,3.8,1.0,1.0
abw,24,1,0,0,4,1,28,2,0.0,0.16666666666666666,0.0,1.0
curwin,28,1,0,0,0,0,28,1,0.0,0.0,0.0,0.0
cur_level,28,1,0,0,0,0,28,1,0.0,0.0,0.0,0.0
max_row_min,0,0,0,0,28,1,28,1,,,,
heroes,12,2,5,1,11,2,28,5,0.4166666666666667,0.9166666666666666,0.5,1.0
folders,5,1,6,1,17,2,28,4,1.2,3.4,1.0,2.0
s3,4,1,20,2,4,1,28,4,5.0,1.0,2.0,1.0
cuts,3,1,5,2,20,1,28,4,1.6666666666666667,6.666666666666667,2.0,1.0
S1,28,3,0,0,0,0,28,3,0.0,0.0,0.0,0.0
initial,4,1,9,3,15,5,28,9,2.25,3.75,3.0,5.0
current_col,0,0,0,0,28,1,28,1,,,,
temp_numbers,28,1,0,0,0,0,28,1,0.0,0.0,0.0,0.0
rt,12,2,3,1,13,2,28,5,0.25,1.0833333333333333,0.5,1.0
flips,0,0,18,1,10,1,28,2,,,,
interest_j,28,1,0,0,0,0,28,1,0.0,0.0,0.0,0.0
phase,8,1,0,0,20,1,28,2,0.0,2.5,0.0,1.0
next,16,2,0,0,12,1,28,3,0.0,0.75,0.0,0.5
height,3,1,0,0,25,4,28,5,0.0,8.333333333333334,0.0,4.0
Q,23,5,0,0,5,2,28,7,0.0,0.21739130434782608,0.0,0.4
new_a,0,0,15,2,13,2,28,4,,,,
naked,28,1,0,0,0,0,28,1,0.0,0.0,0.0,0.0
a_sorted,0,0,8,3,19,5,27,8,,,,
h_count,0,0,0,0,27,1,27,1,,,,
original,8,1,4,1,15,3,27,5,0.5,1.875,1.0,3.0
vertical,3,1,18,3,6,2,27,6,6.0,2.0,3.0,2.0
prod,16,2,0,0,11,1,27,3,0.0,0.6875,0.0,0.5
new_end,0,0,0,0,27,1,27,1,,,,
ans1,24,1,0,0,3,1,27,2,0.0,0.125,0.0,1.0
window,0,0,9,1,18,2,27,3,,,,
distances,18,3,0,0,9,1,27,4,0.0,0.5,0.0,0.3333333333333333
f2,27,2,0,0,0,0,27,2,0.0,0.0,0.0,0.0
ty,10,2,8,1,9,2,27,5,0.8,0.9,0.5,1.0
pred,27,1,0,0,0,0,27,1,0.0,0.0,0.0,0.0
messages,0,0,10,2,17,4,27,6,,,,
mapping,0,0,17,3,10,2,27,5,,,,
d3,8,1,15,3,4,1,27,5,1.875,0.5,3.0,1.0
next_point,27,1,0,0,0,0,27,1,0.0,0.0,0.0,0.0
max_power,0,0,0,0,27,3,27,3,,,,
assigned,9,1,13,3,5,1,27,5,1.4444444444444444,0.5555555555555556,3.0,1.0
new_o,0,0,27,1,0,0,27,1,,,,
new_last_v,0,0,27,1,0,0,27,1,,,,
horizontal,3,1,18,3,6,2,27,6,6.0,2.0,3.0,2.0
an,20,4,0,0,7,2,27,6,0.0,0.35,0.0,0.5
s_char,0,0,27,1,0,0,27,1,,,,
costs,9,2,3,1,15,3,27,6,0.3333333333333333,1.6666666666666667,0.5,1.5
strings,16,2,4,1,7,2,27,5,0.25,0.4375,0.5,1.0
closest,0,0,0,0,27,2,27,2,,,,
crush,0,0,12,2,15,2,27,4,,,,
i2,27,2,0,0,0,0,27,2,0.0,0.0,0.0,0.0
o2,1,1,0,0,26,1,27,2,0.0,26.0,0.0,1.0
safe,0,0,18,1,8,1,26,2,,,,
processor,21,1,0,0,5,1,26,2,0.0,0.23809523809523808,0.0,1.0
cols,14,3,3,1,9,2,26,6,0.21428571428571427,0.6428571428571429,0.3333333333333333,0.6666666666666666
max_steps,0,0,2,1,24,1,26,2,,,,
max_r,0,0,18,3,8,1,26,4,,,,
max_beauty,0,0,18,2,8,1,26,3,,,,
time_str,0,0,16,3,10,1,26,4,,,,
predecessor,0,0,26,1,0,0,26,1,,,,
vec,13,1,0,0,13,1,26,2,0.0,1.0,0.0,1.0
lca,0,0,0,0,26,1,26,1,,,,
apples,12,1,0,0,14,1,26,2,0.0,1.1666666666666667,0.0,1.0
players,11,2,4,1,11,1,26,4,0.36363636363636365,1.0,0.5,0.5
MIN,26,2,0,0,0,0,26,2,0.0,0.0,0.0,0.0
type2,0,0,26,1,0,0,26,1,,,,
max_prod,0,0,0,0,26,2,26,2,,,,
reg,9,2,0,0,17,2,26,4,0.0,1.8888888888888888,0.0,1.0
toffees,0,0,18,1,8,1,26,2,,,,
current_l,0,0,0,0,26,1,26,1,,,,
hostname,0,0,19,2,7,1,26,3,,,,
total_sum,0,0,13,4,13,5,26,9,,,,
da,12,3,0,0,13,1,25,4,0.0,1.0833333333333333,0.0,0.3333333333333333
challengers,14,1,0,0,11,1,25,2,0.0,0.7857142857142857,0.0,1.0
min_count,0,0,10,2,15,1,25,3,,,,
in_degree,0,0,10,2,15,3,25,5,,,,
miny,8,1,0,0,17,2,25,3,0.0,2.125,0.0,2.0
action_type,0,0,0,0,25,1,25,1,,,,
occupied_by,0,0,25,1,0,0,25,1,,,,
subset,0,0,25,3,0,0,25,3,,,,
prices,4,1,9,2,12,2,25,5,2.25,3.0,2.0,2.0
current_b,0,0,13,3,12,2,25,5,,,,
parents,16,2,5,1,4,1,25,4,0.3125,0.25,0.5,0.5
total_cost,3,1,7,2,15,4,25,7,2.3333333333333335,5.0,2.0,4.0
labels,22,2,3,1,0,0,25,3,0.13636363636363635,0.0,0.5,0.0
ni,5,1,13,3,7,2,25,6,2.6,1.4,3.0,2.0
col_num,0,0,25,1,0,0,25,1,,,,
d0,12,2,0,0,13,3,25,5,0.0,1.0833333333333333,0.0,1.5
edge,13,2,0,0,12,2,25,4,0.0,0.9230769230769231,0.0,1.0
db,8,2,2,1,15,2,25,5,0.25,1.875,0.5,1.0
max_index,0,0,13,2,12,3,25,5,,,,
correct,0,0,12,3,13,2,25,5,,,,
row_num,0,0,25,1,0,0,25,1,,,,
vmax,25,4,0,0,0,0,25,4,0.0,0.0,0.0,0.0
course,0,0,0,0,25,1,25,1,,,,
house,10,1,3,1,12,1,25,3,0.3,1.2,1.0,1.0
stick,0,0,25,1,0,0,25,1,,,,
sb,8,2,12,1,5,1,25,4,1.5,0.625,0.5,0.5
min_flips,0,0,15,1,10,1,25,2,,,,
min_ratio,0,0,0,0,24,1,24,1,,,,
new_coef,12,1,0,0,12,1,24,2,0.0,1.0,0.0,1.0
stars,5,2,5,1,14,3,24,6,1.0,2.8,0.5,1.5
max_possible,0,0,13,4,11,5,24,9,,,,
eq_pairs,0,0,24,1,0,0,24,1,,,,
dislike,12,2,0,0,12,2,24,4,0.0,1.0,0.0,1.0
sorted_a,0,0,18,5,6,2,24,7,,,,
cur_len,24,1,0,0,0,0,24,1,0.0,0.0,0.0,0.0
matches,14,1,2,1,8,2,24,4,0.14285714285714285,0.5714285714285714,1.0,2.0
min_super,0,0,24,1,0,0,24,1,,,,
languages,24,2,0,0,0,0,24,2,0.0,0.0,0.0,0.0
max_socks,0,0,8,1,16,2,24,3,,,,
px,16,2,0,0,8,1,24,3,0.0,0.5,0.0,0.5
min_area,0,0,8,1,16,2,24,3,,,,
hor,11,1,0,0,13,1,24,2,0.0,1.1818181818181819,0.0,1.0
sum2,12,2,2,1,10,2,24,5,0.16666666666666666,0.8333333333333334,0.5,1.0
buyer,0,0,24,1,0,0,24,1,,,,
stops,9,1,0,0,15,2,24,3,0.0,1.6666666666666667,0.0,2.0
type1,0,0,24,1,0,0,24,1,,,,
departure,0,0,0,0,24,1,24,1,,,,
max_depth,0,0,8,2,16,2,24,4,,,,
double_tile,17,1,0,0,7,1,24,2,0.0,0.4117647058823529,0.0,1.0
loss_count,12,1,0,0,12,1,24,2,0.0,1.0,0.0,1.0
winner,6,1,18,2,0,0,24,3,3.0,0.0,2.0,0.0
best_d,0,0,24,1,0,0,24,1,,,,
a4,24,1,0,0,0,0,24,1,0.0,0.0,0.0,0.0
table,17,2,5,1,2,1,24,4,0.29411764705882354,0.11764705882352941,0.5,0.5
minn,24,3,0,0,0,0,24,3,0.0,0.0,0.0,0.0
lc,24,1,0,0,0,0,24,1,0.0,0.0,0.0,0.0
circle,20,1,4,1,0,0,24,2,0.2,0.0,1.0,0.0
es,18,2,0,0,6,1,24,3,0.0,0.3333333333333333,0.0,0.5
max_points,0,0,17,3,7,2,24,5,,,,
open,24,2,0,0,0,0,24,2,0.0,0.0,0.0,0.0
people,0,0,5,2,19,3,24,5,,,,
horaInicio,12,1,0,0,12,1,24,2,0.0,1.0,0.0,1.0
is_prime,12,3,0,0,12,2,24,5,0.0,1.0,0.0,0.6666666666666666
path1,10,1,0,0,14,1,24,2,0.0,1.4,0.0,1.0
best_n,0,0,24,1,0,0,24,1,,,,
curchar,24,1,0,0,0,0,24,1,0.0,0.0,0.0,0.0
current_health,0,0,0,0,24,1,24,1,,,,
cl,24,1,0,0,0,0,24,1,0.0,0.0,0.0,0.0
queries,2,1,9,2,13,4,24,7,4.5,6.5,2.0,4.0
mr,12,1,6,1,6,1,24,3,0.5,0.5,1.0,1.0
substituted,0,0,24,1,0,0,24,1,,,,
pa,10,1,0,0,13,3,23,4,0.0,1.3,0.0,3.0
spans,12,4,0,0,11,4,23,8,0.0,0.9166666666666666,0.0,1.0
curtime,23,2,0,0,0,0,23,2,0.0,0.0,0.0,0.0
best_candidate,0,0,23,2,0,0,23,2,,,,
done,23,2,0,0,0,0,23,2,0.0,0.0,0.0,0.0
ver,10,1,0,0,13,1,23,2,0.0,1.3,0.0,1.0
less,14,1,0,0,9,1,23,2,0.0,0.6428571428571429,0.0,1.0
response,4,1,0,0,19,2,23,3,0.0,4.75,0.0,2.0
stripped,0,0,15,2,8,1,23,3,,,,
targets,8,2,7,1,8,2,23,5,0.875,1.0,0.5,1.0
m_val,0,0,8,1,15,3,23,4,,,,
books,6,2,3,1,14,3,23,6,0.5,2.3333333333333335,0.5,1.5
book_id,23,1,0,0,0,0,23,1,0.0,0.0,0.0,0.0
nxt,23,3,0,0,0,0,23,3,0.0,0.0,0.0,0.0
det,7,1,0,0,16,1,23,2,0.0,2.2857142857142856,0.0,1.0
a0,6,1,3,1,14,1,23,3,0.5,2.3333333333333335,1.0,1.0
displayed,0,0,18,1,5,1,23,2,,,,
markers,0,0,0,0,23,1,23,1,,,,
sender,0,0,17,2,6,2,23,4,,,,
ones,0,0,12,2,11,4,23,6,,,,
newstt,5,1,0,0,18,1,23,2,0.0,3.6,0.0,1.0
dz,8,1,0,0,15,3,23,4,0.0,1.875,0.0,3.0
ft,0,0,9,1,14,2,23,3,,,,
history,18,1,0,0,5,1,23,2,0.0,0.2777777777777778,0.0,1.0
s4,8,1,7,1,8,1,23,3,0.875,1.0,1.0,1.0
gcd,14,1,3,1,6,2,23,4,0.21428571428571427,0.42857142857142855,1.0,2.0
new_r,0,0,13,2,10,1,23,3,,,,
new_sum,0,0,7,2,16,2,23,4,,,,
free,0,0,0,0,23,1,23,1,,,,
vertices,15,2,0,0,8,1,23,3,0.0,0.5333333333333333,0.0,0.5
parity_str,0,0,20,1,2,1,22,2,,,,
min_off,0,0,2,1,20,1,22,2,,,,
layers,0,0,4,1,18,1,22,2,,,,
brackets,12,1,0,0,10,1,22,2,0.0,0.8333333333333334,0.0,1.0
vehicle1,22,1,0,0,0,0,22,1,0.0,0.0,0.0,0.0
period,6,1,2,1,14,2,22,4,0.3333333333333333,2.3333333333333335,1.0,2.0
min_length,0,0,10,2,12,3,22,5,,,,
physics,0,0,18,1,4,1,22,2,,,,
res2,9,3,8,1,5,1,22,5,0.8888888888888888,0.5555555555555556,0.3333333333333333,0.3333333333333333
ax2,11,1,0,0,11,1,22,2,0.0,1.0,0.0,1.0
memo,0,0,13,2,9,2,22,4,,,,
dr,3,1,3,1,16,2,22,4,1.0,5.333333333333333,1.0,2.0
a_bit,0,0,0,0,22,2,22,2,,,,
current_val,12,1,10,1,0,0,22,2,0.8333333333333334,0.0,1.0,0.0
coef,12,1,0,0,10,1,22,2,0.0,0.8333333333333334,0.0,1.0
skills,9,1,5,1,8,1,22,3,0.5555555555555556,0.8888888888888888,1.0,1.0
g2,6,1,8,2,8,1,22,4,1.3333333333333333,1.3333333333333333,2.0,1.0
best_event,10,1,0,0,12,1,22,2,0.0,1.2,0.0,1.0
down,2,1,4,1,16,1,22,3,2.0,8.0,1.0,1.0
joy,0,0,16,1,6,1,22,2,,,,
max_off,0,0,2,1,20,1,22,2,,,,
center,14,2,0,0,8,1,22,3,0.0,0.5714285714285714,0.0,0.5
next_state,0,0,18,3,4,1,22,4,,,,
min_solution,0,0,0,0,21,1,21,1,,,,
min_max,3,1,8,1,10,1,21,3,2.6666666666666665,3.3333333333333335,1.0,1.0
runs,0,0,21,3,0,0,21,3,,,,
plates,21,1,0,0,0,0,21,1,0.0,0.0,0.0,0.0
we,21,1,0,0,0,0,21,1,0.0,0.0,0.0,0.0
min_upper,0,0,3,1,18,1,21,2,,,,
is_truth,0,0,0,0,21,1,21,1,,,,
new_dist,14,1,0,0,7,2,21,3,0.0,0.5,0.0,2.0
event_type,6,1,0,0,15,1,21,2,0.0,2.5,0.0,1.0
maxSoFar,21,1,0,0,0,0,21,1,0.0,0.0,0.0,0.0
lengths,7,2,4,2,10,3,21,7,0.5714285714285714,1.4285714285714286,1.0,1.5
lcm,3,1,9,2,9,4,21,7,3.0,3.0,2.0,4.0
works,21,1,0,0,0,0,21,1,0.0,0.0,0.0,0.0
macro_naked,0,0,0,0,21,1,21,1,,,,
best_start,0,0,0,0,21,2,21,2,,,,
index1,21,1,0,0,0,0,21,1,0.0,0.0,0.0,0.0
angles,2,1,10,1,9,2,21,4,5.0,4.5,1.0,2.0
figures,11,1,0,0,10,1,21,2,0.0,0.9090909090909091,0.0,1.0
price,15,1,0,0,6,1,21,2,0.0,0.4,0.0,1.0
root_v,0,0,0,0,21,1,21,1,,,,
g1,0,0,5,1,16,1,21,2,,,,
prefix_sum,0,0,21,4,0,0,21,4,,,,
similarity,3,1,0,0,18,1,21,2,0.0,6.0,0.0,1.0
girl,3,1,6,1,12,2,21,4,2.0,4.0,1.0,2.0
next_node,0,0,2,1,19,2,21,3,,,,
orientation,0,0,0,0,21,1,21,1,,,,
knight,0,0,0,0,21,1,21,1,,,,
summ,17,3,0,0,4,1,21,4,0.0,0.23529411764705882,0.0,0.3333333333333333
thread,16,3,0,0,5,1,21,4,0.0,0.3125,0.0,0.3333333333333333
positive,13,2,0,0,8,1,21,3,0.0,0.6153846153846154,0.0,0.5
non_beautiful,0,0,18,1,3,1,21,2,,,,
next_child,0,0,0,0,21,2,21,2,,,,
b_count,14,1,5,2,2,1,21,4,0.35714285714285715,0.14285714285714285,2.0,1.0
cards,0,0,9,3,11,3,20,6,,,,
dScore,20,1,0,0,0,0,20,1,0.0,0.0,0.0,0.0
result1,12,3,0,0,8,1,20,4,0.0,0.6666666666666666,0.0,0.3333333333333333
current_streak,0,0,0,0,20,2,20,2,,,,
best_frogs,10,1,0,0,10,1,20,2,0.0,1.0,0.0,1.0
contrib,0,0,20,1,0,0,20,1,,,,
free_rooms,0,0,14,2,6,1,20,3,,,,
max_tree,0,0,11,1,9,1,20,2,,,,
rail,0,0,4,1,16,2,20,3,,,,
nextAdd,10,1,0,0,10,1,20,2,0.0,1.0,0.0,1.0
assignment,10,1,0,0,10,2,20,3,0.0,1.0,0.0,2.0
nn,17,4,0,0,3,1,20,5,0.0,0.17647058823529413,0.0,0.25
team2,0,0,14,3,6,1,20,4,,,,
next_start,0,0,5,2,15,3,20,5,,,,
new_b,0,0,8,1,12,2,20,3,,,,
sumk,8,1,0,0,12,1,20,2,0.0,1.5,0.0,1.0
reachable_points,20,1,0,0,0,0,20,1,0.0,0.0,0.0,0.0
min_difference,10,1,0,0,10,1,20,2,0.0,1.0,0.0,1.0
turns,0,0,7,1,13,2,20,3,,,,
max_cube,0,0,0,0,20,1,20,1,,,,
neg,3,1,17,1,0,0,20,2,5.666666666666667,0.0,1.0,0.0
inv,5,1,7,1,8,1,20,3,1.4,1.6,1.0,1.0
changed,20,1,0,0,0,0,20,1,0.0,0.0,0.0,0.0
maxrow,20,1,0,0,0,0,20,1,0.0,0.0,0.0,0.0
chars,6,1,14,3,0,0,20,4,2.3333333333333335,0.0,3.0,0.0
sum_map,0,0,20,1,0,0,20,1,,,,
item,20,3,0,0,0,0,20,3,0.0,0.0,0.0,0.0
masc,20,1,0,0,0,0,20,1,0.0,0.0,0.0,0.0
day_count,10,1,0,0,10,1,20,2,0.0,1.0,0.0,1.0
next_next,0,0,0,0,20,1,20,1,,,,
cubes,14,1,0,0,6,1,20,2,0.0,0.42857142857142855,0.0,1.0
vertex,20,2,0,0,0,0,20,2,0.0,0.0,0.0,0.0
total_moves,0,0,3,1,17,4,20,5,,,,
count_1,0,0,20,1,0,0,20,1,,,,
t_min,11,1,0,0,9,1,20,2,0.0,0.8181818181818182,0.0,1.0
left_gap,10,1,0,0,10,1,20,2,0.0,1.0,0.0,1.0
last_char,0,0,14,2,6,1,20,3,,,,
ts,13,3,0,0,7,2,20,5,0.0,0.5384615384615384,0.0,0.6666666666666666
box_id,0,0,12,1,8,1,20,2,,,,
placed,0,0,6,1,14,2,20,3,,,,
femi,20,1,0,0,0,0,20,1,0.0,0.0,0.0,0.0
present,0,0,9,3,11,3,20,6,,,,
a_list,0,0,18,6,2,1,20,7,,,,
nom,14,1,0,0,6,1,20,2,0.0,0.42857142857142855,0.0,1.0
sum_i,9,1,0,0,11,1,20,2,0.0,1.2222222222222223,0.0,1.0
ranks,20,1,0,0,0,0,20,1,0.0,0.0,0.0,0.0
nc,0,0,10,2,10,2,20,4,,,,
current_change,0,0,0,0,20,1,20,1,,,,
want,14,2,0,0,6,1,20,3,0.0,0.42857142857142855,0.0,0.5
rx2,10,1,0,0,10,1,20,2,0.0,1.0,0.0,1.0
lx,10,1,0,0,10,1,20,2,0.0,1.0,0.0,1.0
right_str,20,1,0,0,0,0,20,1,0.0,0.0,0.0,0.0
c0,10,1,2,1,8,1,20,3,0.2,0.8,1.0,1.0
div,18,5,0,0,2,1,20,6,0.0,0.1111111111111111,0.0,0.2
B2,0,0,4,1,15,1,19,2,,,,
first_non_zero,0,0,0,0,19,2,19,2,,,,
yc,13,1,0,0,6,1,19,2,0.0,0.46153846153846156,0.0,1.0
before,11,2,3,1,5,1,19,4,0.2727272727272727,0.45454545454545453,0.5,0.5
wolf,0,0,0,0,19,1,19,1,,,,
get,19,5,0,0,0,0,19,5,0.0,0.0,0.0,0.0
useless,19,1,0,0,0,0,19,1,0.0,0.0,0.0,0.0
accident,0,0,1,1,18,1,19,2,,,,
remaining_start,0,0,3,1,16,1,19,2,,,,
current_cost,0,0,16,1,3,1,19,2,,,,
result2,11,2,0,0,8,1,19,3,0.0,0.7272727272727273,0.0,0.5
answ,11,2,0,0,8,1,19,3,0.0,0.7272727272727273,0.0,0.5
top_k,7,1,12,1,0,0,19,2,1.7142857142857142,0.0,1.0,0.0
best_x,0,0,19,2,0,0,19,2,,,,
zero_count,0,0,6,2,13,3,19,5,,,,
count_a,0,0,15,4,4,1,19,5,,,,
equasion,15,1,0,0,4,1,19,2,0.0,0.26666666666666666,0.0,1.0
by,5,2,2,1,12,3,19,6,0.4,2.4,0.5,1.5
zeros,13,1,0,0,6,2,19,3,0.0,0.46153846153846156,0.0,2.0
act,0,0,19,1,0,0,19,1,,,,
adjacency_list,13,2,0,0,6,1,19,3,0.0,0.46153846153846156,0.0,0.5
__author__,19,19,0,0,0,0,19,19,0.0,0.0,0.0,0.0
coor,19,1,0,0,0,0,19,1,0.0,0.0,0.0,0.0
inactive,13,2,0,0,6,1,19,3,0.0,0.46153846153846156,0.0,0.5
orb,5,1,0,0,14,1,19,2,0.0,2.8,0.0,1.0
nj,0,0,13,3,6,2,19,5,,,,
board,0,0,13,3,6,2,19,5,,,,
splits,0,0,19,2,0,0,19,2,,,,
piece,0,0,13,1,6,1,19,2,,,,
nmessage,6,1,0,0,13,1,19,2,0.0,2.1666666666666665,0.0,1.0
wins,0,0,3,1,16,2,19,3,,,,
on,0,0,19,1,0,0,19,1,,,,
bit,0,0,3,1,16,2,19,3,,,,
fa,13,3,0,0,5,1,18,4,0.0,0.38461538461538464,0.0,0.3333333333333333
rotated,0,0,6,2,12,3,18,5,,,,
forward_possible,0,0,10,1,8,1,18,2,,,,
colu,18,1,0,0,0,0,18,1,0.0,0.0,0.0,0.0
subt,18,1,0,0,0,0,18,1,0.0,0.0,0.0,0.0
bestDScore,18,1,0,0,0,0,18,1,0.0,0.0,0.0,0.0
infKnights,8,1,0,0,10,1,18,2,0.0,1.25,0.0,1.0
total_days,0,0,0,0,18,3,18,3,,,,
invalid,0,0,6,1,12,1,18,2,,,,
right_part,18,1,0,0,0,0,18,1,0.0,0.0,0.0,0.0
index_max,6,1,6,1,6,1,18,3,1.0,1.0,1.0,1.0
max_prev,0,0,16,2,2,1,18,3,,,,
new_one,18,1,0,0,0,0,18,1,0.0,0.0,0.0,0.0
corners,6,1,2,1,10,2,18,4,0.3333333333333333,1.6666666666666667,1.0,2.0
max_matches,0,0,0,0,18,1,18,1,,,,
minl,18,1,0,0,0,0,18,1,0.0,0.0,0.0,0.0
infPawns,8,1,0,0,10,1,18,2,0.0,1.25,0.0,1.0
cyclenum,18,1,0,0,0,0,18,1,0.0,0.0,0.0,0.0
countB,14,1,4,1,0,0,18,2,0.2857142857142857,0.0,1.0,0.0
max_pokemon,0,0,0,0,18,1,18,1,,,,
backward_possible,0,0,10,1,8,1,18,2,,,,
residents,10,1,0,0,8,1,18,2,0.0,0.8,0.0,1.0
dic,18,2,0,0,0,0,18,2,0.0,0.0,0.0,0.0
bk,0,0,18,1,0,0,18,1,,,,
conflict,0,0,10,2,8,1,18,3,,,,
min_a_x,0,0,18,1,0,0,18,1,,,,
nl,12,1,6,1,0,0,18,2,0.5,0.0,1.0,0.0
new_blocks,0,0,0,0,18,1,18,1,,,,
roots,5,1,3,1,10,3,18,5,0.6,2.0,1.0,3.0
can,18,1,0,0,0,0,18,1,0.0,0.0,0.0,0.0
min_y_b,0,0,18,1,0,0,18,1,,,,
modified,6,1,0,0,12,1,18,2,0.0,2.0,0.0,1.0
min_remainder,0,0,10,1,8,1,18,2,,,,
max_files,0,0,8,1,10,1,18,2,,,,
current_odd,0,0,0,0,18,1,18,1,,,,
lg_c,18,1,0,0,0,0,18,1,0.0,0.0,0.0,0.0
gas_tank_volume,18,1,0,0,0,0,18,1,0.0,0.0,0.0,0.0
term_type,6,1,0,0,12,1,18,2,0.0,2.0,0.0,1.0
rem_area,0,0,0,0,18,1,18,1,,,,
min_angle,0,0,0,0,18,1,18,1,,,,
maximum,18,2,0,0,0,0,18,2,0.0,0.0,0.0,0.0
sqrt_D,0,0,14,3,4,1,18,4,,,,
rem_tiles,0,0,0,0,18,1,18,1,,,,
max_suffix,0,0,8,1,10,1,18,2,,,,
exp,5,1,9,1,4,1,18,3,1.8,0.8,1.0,1.0
new_left,0,0,18,2,0,0,18,2,,,,
max_submission,0,0,18,1,0,0,18,1,,,,
noun_index,0,0,0,0,18,1,18,1,,,,
chunk,0,0,16,1,2,1,18,2,,,,
nodes,8,1,0,0,10,1,18,2,0.0,1.25,0.0,1.0
lcp,9,1,0,0,9,1,18,2,0.0,1.0,0.0,1.0
resp,15,2,0,0,3,1,18,3,0.0,0.2,0.0,0.5
is_positive,0,0,0,0,18,1,18,1,,,,
tc,0,0,0,0,18,2,18,2,,,,
new_zero,18,1,0,0,0,0,18,1,0.0,0.0,0.0,0.0
len_s,0,0,12,2,6,1,18,3,,,,
pp,11,1,0,0,7,1,18,2,0.0,0.6363636363636364,0.0,1.0
tab,18,3,0,0,0,0,18,3,0.0,0.0,0.0,0.0
memory,3,1,0,0,15,2,18,3,0.0,5.0,0.0,2.0
cnt1,2,1,6,1,10,2,18,4,3.0,5.0,1.0,2.0
best_change,0,0,0,0,18,1,18,1,,,,
health,18,1,0,0,0,0,18,1,0.0,0.0,0.0,0.0
next_super,0,0,18,1,0,0,18,1,,,,
liesIn,8,1,0,0,10,1,18,2,0.0,1.25,0.0,1.0
n4,18,1,0,0,0,0,18,1,0.0,0.0,0.0,0.0
cycle_length,0,0,6,1,12,3,18,4,,,,
swapped,6,1,6,1,6,1,18,3,1.0,1.0,1.0,1.0
max_run,0,0,6,1,12,1,18,2,,,,
servers,14,1,4,1,0,0,18,2,0.2857142857142857,0.0,1.0,0.0
wxw,9,1,0,0,9,1,18,2,0.0,1.0,0.0,1.0
max_distance,0,0,2,1,16,3,18,4,,,,
t_max,8,1,2,1,8,1,18,3,0.25,1.0,1.0,1.0
dp_prev,0,0,18,2,0,0,18,2,,,,
signs,0,0,0,0,18,2,18,2,,,,
forbidden,0,0,6,2,12,3,18,5,,,,
a_i,0,0,0,0,18,1,18,1,,,,
inside_parentheses,0,0,0,0,18,1,18,1,,,,
entry,0,0,18,1,0,0,18,1,,,,
txt,12,2,0,0,6,1,18,3,0.0,0.5,0.0,0.5
new_last,0,0,0,0,18,1,18,1,,,,
max_subfolders,0,0,8,1,10,1,18,2,,,,
np,12,1,3,1,3,1,18,3,0.25,0.25,1.0,1.0
vxv,9,1,0,0,9,1,18,2,0.0,1.0,0.0,1.0
max_f,0,0,0,0,18,1,18,1,,,,
min_price,0,0,10,1,8,1,18,2,,,,
nu,18,1,0,0,0,0,18,1,0.0,0.0,0.0,0.0
new_right,0,0,18,2,0,0,18,2,,,,
polygon,8,1,0,0,9,1,17,2,0.0,1.125,0.0,1.0
sec,17,2,0,0,0,0,17,2,0.0,0.0,0.0,0.0
term2,0,0,11,3,6,3,17,6,,,,
vehicle2,17,1,0,0,0,0,17,1,0.0,0.0,0.0,0.0
su,17,3,0,0,0,0,17,3,0.0,0.0,0.0,0.0
subtree_sum,0,0,4,1,13,1,17,2,,,,
min_num,0,0,0,0,17,4,17,4,,,,
ops,0,0,3,1,14,2,17,3,,,,
vertical_sum,17,1,0,0,0,0,17,1,0.0,0.0,0.0,0.0
masha_time,0,0,3,1,14,1,17,2,,,,
diffs,3,1,4,1,10,2,17,4,1.3333333333333333,3.3333333333333335,1.0,2.0
take_guess,14,1,0,0,3,1,17,2,0.0,0.21428571428571427,0.0,1.0
index2,17,1,0,0,0,0,17,1,0.0,0.0,0.0,0.0
passw,12,1,0,0,5,1,17,2,0.0,0.4166666666666667,0.0,1.0
wi,0,0,17,2,0,0,17,2,,,,
prefix_i,0,0,0,0,17,1,17,1,,,,
even,3,1,0,0,14,1,17,2,0.0,4.666666666666667,0.0,1.0
prefix_p,0,0,0,0,17,1,17,1,,,,
ara,8,2,0,0,9,2,17,4,0.0,1.125,0.0,1.0
non_friends,0,0,0,0,17,1,17,1,,,,
max_b,0,0,10,3,7,3,17,6,,,,
glasses,8,1,0,0,9,1,17,2,0.0,1.125,0.0,1.0
odd,10,2,0,0,7,1,17,3,0.0,0.7,0.0,0.5
wall,0,0,0,0,17,1,17,1,,,,
horizontal_sum,17,1,0,0,0,0,17,1,0.0,0.0,0.0,0.0
bit_pos,9,1,0,0,8,1,17,2,0.0,0.8888888888888888,0.0,1.0
leaves,17,2,0,0,0,0,17,2,0.0,0.0,0.0,0.0
ips,14,1,0,0,3,1,17,2,0.0,0.21428571428571427,0.0,1.0
c_i,5,1,10,1,2,1,17,3,2.0,0.4,1.0,1.0
a_count,3,1,6,2,8,3,17,6,2.0,2.6666666666666665,2.0,3.0
cy,4,1,0,0,13,5,17,6,0.0,3.25,0.0,5.0
dist_sq,0,0,10,2,7,1,17,3,,,,
reversed_s,0,0,14,3,3,1,17,4,,,,
char_indices,0,0,0,0,17,2,17,2,,,,
odds,0,0,8,3,9,1,17,4,,,,
half_len,7,1,0,0,10,1,17,2,0.0,1.4285714285714286,0.0,1.0
expressions,0,0,15,1,2,1,17,2,,,,
option3,0,0,17,5,0,0,17,5,,,,
bombs,12,1,0,0,5,1,17,2,0.0,0.4166666666666667,0.0,1.0
potter,17,1,0,0,0,0,17,1,0.0,0.0,0.0,0.0
pnt,16,1,0,0,0,0,16,1,0.0,0.0,0.0,0.0
aL,8,1,0,0,8,1,16,2,0.0,1.0,0.0,1.0
quz,8,1,0,0,8,1,16,2,0.0,1.0,0.0,1.0
new_dir,0,0,0,0,16,1,16,1,,,,
favorable,0,0,14,2,2,1,16,3,,,,
team,0,0,0,0,16,2,16,2,,,,
C1,0,0,4,1,12,1,16,2,,,,
frogs,8,1,0,0,8,1,16,2,0.0,1.0,0.0,1.0
bigest,8,1,0,0,8,1,16,2,0.0,1.0,0.0,1.0
sizes,7,1,0,0,9,2,16,3,0.0,1.2857142857142858,0.0,2.0
bL,8,1,0,0,8,1,16,2,0.0,1.0,0.0,1.0
shortest_dist,16,1,0,0,0,0,16,1,0.0,0.0,0.0,0.0
requests,7,1,0,0,9,2,16,3,0.0,1.2857142857142858,0.0,2.0
_B,16,1,0,0,0,0,16,1,0.0,0.0,0.0,0.0
complement,0,0,16,2,0,0,16,2,,,,
new_s,0,0,12,3,4,1,16,4,,,,
road,3,1,5,1,8,2,16,4,1.6666666666666667,2.6666666666666665,1.0,2.0
current_direction,0,0,0,0,16,1,16,1,,,,
new_leader,0,0,16,2,0,0,16,2,,,,
dev,0,0,16,1,0,0,16,1,,,,
max_joy,0,0,8,1,8,1,16,2,,,,
opposite,3,1,0,0,13,2,16,3,0.0,4.333333333333333,0.0,2.0
prev2,0,0,0,0,16,1,16,1,,,,
current_balance,0,0,16,2,0,0,16,2,,,,
d_edge,0,0,0,0,16,1,16,1,,,,
new_remainder,0,0,0,0,16,2,16,2,,,,
ay,4,1,0,0,12,3,16,4,0.0,3.0,0.0,3.0
best_t,0,0,0,0,16,1,16,1,,,,
max_area,0,0,8,1,8,1,16,2,,,,
max_descent,0,0,8,1,8,1,16,2,,,,
tmin,8,1,0,0,8,1,16,2,0.0,1.0,0.0,1.0
appear,16,1,0,0,0,0,16,1,0.0,0.0,0.0,0.0
limit,8,1,0,0,8,1,16,2,0.0,1.0,0.0,1.0
bqc,16,1,0,0,0,0,16,1,0.0,0.0,0.0,0.0
mapa,10,2,0,0,6,1,16,3,0.0,0.6,0.0,0.5
pl,13,2,0,0,3,1,16,3,0.0,0.23076923076923078,0.0,0.5
ev,16,1,0,0,0,0,16,1,0.0,0.0,0.0,0.0
final_cw,0,0,0,0,16,1,16,1,,,,
best_smash,8,1,0,0,8,1,16,2,0.0,1.0,0.0,1.0
s_v,0,0,0,0,16,1,16,1,,,,
min_diameter,0,0,0,0,16,1,16,1,,,,
permu,8,1,0,0,8,1,16,2,0.0,1.0,0.0,1.0
effective_ops,0,0,0,0,16,1,16,1,,,,
t_potter,16,1,0,0,0,0,16,1,0.0,0.0,0.0,0.0
current_volume,0,0,0,0,16,2,16,2,,,,
find,16,1,0,0,0,0,16,1,0.0,0.0,0.0,0.0
prev_level,16,1,0,0,0,0,16,1,0.0,0.0,0.0,0.0
deviation,0,0,0,0,16,1,16,1,,,,
new_money,0,0,16,1,0,0,16,1,,,,
max_overlap,0,0,0,0,16,2,16,2,,,,
sum_so_far,0,0,8,1,8,2,16,3,,,,
give,0,0,10,1,6,1,16,2,,,,
best_volume,8,1,0,0,8,1,16,2,0.0,1.0,0.0,1.0
sum_total,0,0,8,2,8,2,16,4,,,,
operators,5,1,9,2,2,1,16,4,1.8,0.4,2.0,1.0
time1,8,1,6,2,2,1,16,4,0.75,0.25,2.0,1.0
c_used,0,0,0,0,16,1,16,1,,,,
effective_k,0,0,8,1,8,1,16,2,,,,
left_str,16,1,0,0,0,0,16,1,0.0,0.0,0.0,0.0
computed_c,0,0,16,1,0,0,16,1,,,,
fill,10,1,0,0,6,1,16,2,0.0,0.6,0.0,1.0
res7,0,0,16,1,0,0,16,1,,,,
cnt_2,16,1,0,0,0,0,16,1,0.0,0.0,0.0,0.0
cross,2,1,10,2,4,2,16,5,5.0,2.0,2.0,2.0
alive,8,1,0,0,8,1,16,2,0.0,1.0,0.0,1.0
freq1,8,1,0,0,8,1,16,2,0.0,1.0,0.0,1.0
pSum,8,1,0,0,8,1,16,2,0.0,1.0,0.0,1.0
bestVal,8,1,0,0,8,1,16,2,0.0,1.0,0.0,1.0
can2,8,1,0,0,8,1,16,2,0.0,1.0,0.0,1.0
moved,8,1,2,1,6,1,16,3,0.25,0.75,1.0,1.0
current_node,0,0,16,1,0,0,16,1,,,,
percentile,4,1,0,0,12,1,16,2,0.0,3.0,0.0,1.0
sok,16,1,0,0,0,0,16,1,0.0,0.0,0.0,0.0
min_r,0,0,6,1,10,1,16,2,,,,
count_b,0,0,14,3,2,1,16,4,,,,
yf,16,1,0,0,0,0,16,1,0.0,0.0,0.0,0.0
okay,16,2,0,0,0,0,16,2,0.0,0.0,0.0,0.0
max_cap,0,0,8,1,8,1,16,2,,,,
s_list,0,0,16,4,0,0,16,4,,,,
n_len,0,0,12,2,4,1,16,3,,,,
min_swaps,0,0,8,1,8,1,16,2,,,,
a3,16,1,0,0,0,0,16,1,0.0,0.0,0.0,0.0
you_idx,0,0,0,0,16,1,16,1,,,,
sawprev,16,1,0,0,0,0,16,1,0.0,0.0,0.0,0.0
location,8,1,0,0,8,1,16,2,0.0,1.0,0.0,1.0
unloading,0,0,0,0,16,1,16,1,,,,
max_volume,0,0,8,1,8,1,16,2,,,,
new_candidates,0,0,15,2,0,0,15,2,,,,
swap,0,0,2,1,13,1,15,2,,,,
best_stop,0,0,0,0,15,1,15,1,,,,
pages,0,0,2,1,13,2,15,3,,,,
new_A,0,0,15,1,0,0,15,1,,,,
player,15,1,0,0,0,0,15,1,0.0,0.0,0.0,0.0
row_ops,0,0,3,1,12,1,15,2,,,,
new_B,0,0,15,1,0,0,15,1,,,,
stats,0,0,0,0,15,1,15,1,,,,
triplet,0,0,15,2,0,0,15,2,,,,
a11,0,0,0,0,15,1,15,1,,,,
erased,7,1,0,0,8,1,15,2,0.0,1.1428571428571428,0.0,1.0
max_h,0,0,3,1,12,2,15,3,,,,
stripped_line,0,0,0,0,15,1,15,1,,,,
best_pos,0,0,15,1,0,0,15,1,,,,
isDanger,15,1,0,0,0,0,15,1,0.0,0.0,0.0,0.0
new_name,0,0,15,1,0,0,15,1,,,,
scrolls,6,1,0,0,9,1,15,2,0.0,1.5,0.0,1.0
base_type,6,1,0,0,9,1,15,2,0.0,1.5,0.0,1.0
stdout,12,9,0,0,3,3,15,12,0.0,0.25,0.0,0.3333333333333333
group_valid,0,0,15,1,0,0,15,1,,,,
to_evict,15,1,0,0,0,0,15,1,0.0,0.0,0.0,0.0
col_ops,0,0,3,1,12,1,15,2,,,,
cube,0,0,0,0,15,1,15,1,,,,
noun_pos,0,0,11,2,4,1,15,3,,,,
max_like,0,0,15,1,0,0,15,1,,,,
least,15,1,0,0,0,0,15,1,0.0,0.0,0.0,0.0
best_h,0,0,15,1,0,0,15,1,,,,
b_digits,0,0,3,1,12,1,15,2,,,,
next_states,0,0,5,1,10,1,15,2,,,,
prev_amp,15,1,0,0,0,0,15,1,0.0,0.0,0.0,0.0
max_vks,0,0,0,0,15,1,15,1,,,,
found_ans,15,1,0,0,0,0,15,1,0.0,0.0,0.0,0.0
new_C,0,0,15,1,0,0,15,1,,,,
opt2,0,0,0,0,15,1,15,1,,,,
row_counts,0,0,5,2,10,3,15,5,,,,
t0,6,1,0,0,9,2,15,3,0.0,1.5,0.0,2.0
t_p,0,0,0,0,15,1,15,1,,,,
cup1,0,0,0,0,15,1,15,1,,,,
place_bonus,7,1,0,0,8,1,15,2,0.0,1.1428571428571428,0.0,1.0
movements,8,1,0,0,7,1,15,2,0.0,0.875,0.0,1.0
trueFlag,15,1,0,0,0,0,15,1,0.0,0.0,0.0,0.0
curloc,15,1,0,0,0,0,15,1,0.0,0.0,0.0,0.0
goal,15,1,0,0,0,0,15,1,0.0,0.0,0.0,0.0
char_map,0,0,10,1,5,1,15,2,,,,
noun,15,1,0,0,0,0,15,1,0.0,0.0,0.0,0.0
space,9,2,0,0,6,1,15,3,0.0,0.6666666666666666,0.0,0.5
sl,15,3,0,0,0,0,15,3,0.0,0.0,0.0,0.0
rooks,0,0,15,1,0,0,15,1,,,,
devices,3,1,0,0,12,2,15,3,0.0,4.0,0.0,2.0
ru_pos,0,0,15,1,0,0,15,1,,,,
el,7,2,0,0,8,2,15,4,0.0,1.1428571428571428,0.0,1.0
edge_count,0,0,10,1,5,1,15,2,,,,
current_naked,0,0,0,0,15,1,15,1,,,,
star_pos,0,0,3,1,12,1,15,2,,,,
pad,7,1,8,1,0,0,15,2,1.1428571428571428,0.0,1.0,0.0
dp_current,0,0,15,2,0,0,15,2,,,,
current_height,0,0,12,1,3,1,15,2,,,,
values,11,5,0,0,4,2,15,7,0.0,0.36363636363636365,0.0,0.4
close,15,1,0,0,0,0,15,1,0.0,0.0,0.0,0.0
t_a,12,1,2,1,0,0,14,2,0.16666666666666666,0.0,1.0,0.0
frontier,14,1,0,0,0,0,14,1,0.0,0.0,0.0,0.0
prec,14,2,0,0,0,0,14,2,0.0,0.0,0.0,0.0
resident,0,0,0,0,14,1,14,1,,,,
threshold,0,0,10,2,4,1,14,3,,,,
ab,0,0,2,1,12,3,14,4,,,,
message,0,0,4,2,10,2,14,4,,,,
tank,0,0,0,0,14,1,14,1,,,,
goodtemp,7,1,0,0,7,1,14,2,0.0,1.0,0.0,1.0
max_score,0,0,3,1,11,3,14,4,,,,
new_char,0,0,6,1,8,1,14,2,,,,
collision,0,0,8,1,6,1,14,2,,,,
aaa,14,1,0,0,0,0,14,1,0.0,0.0,0.0,0.0
all_valid,0,0,0,0,14,2,14,2,,,,
ct,14,1,0,0,0,0,14,1,0.0,0.0,0.0,0.0
overall,0,0,14,1,0,0,14,1,,,,
minimal_x,0,0,14,1,0,0,14,1,,,,
regions,0,0,9,1,5,1,14,2,,,,
hnext,14,1,0,0,0,0,14,1,0.0,0.0,0.0,0.0
required_b,0,0,4,1,10,2,14,3,,,,
each,0,0,0,0,14,1,14,1,,,,
max_new,0,0,4,1,10,1,14,2,,,,
total_diff,0,0,0,0,14,2,14,2,,,,
farthest,0,0,6,1,8,1,14,2,,,,
current_index,0,0,0,0,14,1,14,1,,,,
can3,7,1,0,0,7,1,14,2,0.0,1.0,0.0,1.0
anc,14,1,0,0,0,0,14,1,0.0,0.0,0.0,0.0
suffixes,0,0,9,2,5,1,14,3,,,,
forward,14,1,0,0,0,0,14,1,0.0,0.0,0.0,0.0
level_count,0,0,0,0,14,1,14,1,,,,
m_candidate,0,0,14,1,0,0,14,1,,,,
sqrtD,0,0,14,2,0,0,14,2,,,,
x_count,0,0,0,0,14,1,14,1,,,,
acc,14,3,0,0,0,0,14,3,0.0,0.0,0.0,0.0
max_reach,0,0,8,1,6,1,14,2,,,,
vouchers,0,0,0,0,14,1,14,1,,,,
socks,0,0,8,2,6,1,14,3,,,,
A2,0,0,4,1,10,1,14,2,,,,
dependencies,0,0,4,1,10,2,14,3,,,,
cycle_len,0,0,0,0,14,1,14,1,,,,
sum3,6,1,0,0,8,1,14,2,0.0,1.3333333333333333,0.0,1.0
max_contribution,0,0,6,1,8,1,14,2,,,,
max_s,0,0,2,1,12,1,14,2,,,,
impossible,0,0,6,1,8,1,14,2,,,,
backward,14,1,0,0,0,0,14,1,0.0,0.0,0.0,0.0
cc,14,3,0,0,0,0,14,3,0.0,0.0,0.0,0.0
total_terms,0,0,10,1,4,1,14,2,,,,
tower,4,1,0,0,10,1,14,2,0.0,2.5,0.0,1.0
team_b,2,1,0,0,12,1,14,2,0.0,6.0,0.0,1.0
new_total,4,1,3,1,7,2,14,4,0.75,1.75,1.0,2.0
mylist,14,1,0,0,0,0,14,1,0.0,0.0,0.0,0.0
graph_with_0,7,1,0,0,7,1,14,2,0.0,1.0,0.0,1.0
zero_blocks,0,0,2,1,12,1,14,2,,,,
position,4,1,3,1,7,2,14,4,0.75,1.75,1.0,2.0
params,0,0,0,0,14,1,14,1,,,,
od,14,1,0,0,0,0,14,1,0.0,0.0,0.0,0.0
rotations,0,0,11,2,3,1,14,3,,,,
operations,0,0,9,3,5,2,14,5,,,,
i_node,14,1,0,0,0,0,14,1,0.0,0.0,0.0,0.0
best_w,0,0,12,1,2,1,14,2,,,,
has_left,0,0,6,1,8,2,14,3,,,,
best_c,0,0,6,1,8,1,14,2,,,,
csum,14,1,0,0,0,0,14,1,0.0,0.0,0.0,0.0
poss,14,3,0,0,0,0,14,3,0.0,0.0,0.0,0.0
current_size,0,0,14,3,0,0,14,3,,,,
graph_with_max,7,1,0,0,7,1,14,2,0.0,1.0,0.0,1.0
universities,0,0,2,1,12,1,14,2,,,,
last_b,0,0,0,0,14,2,14,2,,,,
using,7,1,0,0,7,1,14,2,0.0,1.0,0.0,1.0
tap,0,0,0,0,14,1,14,1,,,,
B2P,6,1,0,0,8,1,14,2,0.0,1.3333333333333333,0.0,1.0
planets,0,0,11,2,3,1,14,3,,,,
transpose,6,1,0,0,8,1,14,2,0.0,1.3333333333333333,0.0,1.0
remaining_distance,0,0,0,0,14,3,14,3,,,,
is_valid,0,0,8,1,6,1,14,2,,,,
target_neighbors,0,0,0,0,14,1,14,1,,,,
has_right,0,0,6,1,8,2,14,3,,,,
p_radius,14,1,0,0,0,0,14,1,0.0,0.0,0.0,0.0
maxtemp,7,1,0,0,7,1,14,2,0.0,1.0,0.0,1.0
ispositive,14,1,0,0,0,0,14,1,0.0,0.0,0.0,0.0
result_number,14,1,0,0,0,0,14,1,0.0,0.0,0.0,0.0
dict1,13,1,0,0,0,0,13,1,0.0,0.0,0.0,0.0
shifts,0,0,5,1,8,2,13,3,,,,
best_total,0,0,13,3,0,0,13,3,,,,
dan,13,1,0,0,0,0,13,1,0.0,0.0,0.0,0.0
time2,2,1,9,2,2,1,13,4,4.5,1.0,2.0,1.0
holidays,4,1,5,1,4,1,13,3,1.25,1.0,1.0,1.0
total_given,0,0,10,1,3,1,13,2,,,,
sw,13,1,0,0,0,0,13,1,0.0,0.0,0.0,0.0
lucky_numbers,0,0,10,1,3,1,13,2,,,,
new_path,0,0,13,3,0,0,13,3,,,,
x_counts,0,0,10,3,3,1,13,4,,,,
yj,0,0,7,2,6,2,13,4,,,,
y_counts,0,0,10,3,3,1,13,4,,,,
vi,0,0,13,4,0,0,13,4,,,,
vy,11,2,0,0,2,1,13,3,0.0,0.18181818181818182,0.0,0.5
maxlen,12,3,0,0,1,1,13,4,0.0,0.08333333333333333,0.0,0.3333333333333333
current_free,0,0,0,0,13,1,13,1,,,,
current_beauty,0,0,8,1,5,2,13,3,,,,
bc,0,0,0,0,13,3,13,3,,,,
maxv,13,2,0,0,0,0,13,2,0.0,0.0,0.0,0.0
minutes,5,1,0,0,8,2,13,3,0.0,1.6,0.0,2.0
d_count,0,0,8,2,5,2,13,4,,,,
gas_prices,13,1,0,0,0,0,13,1,0.0,0.0,0.0,0.0
waiting,5,1,0,0,8,1,13,2,0.0,1.6,0.0,1.0
current_depth,0,0,5,1,8,1,13,2,,,,
5,3,1,0,0,10,2,13,3,0.0,3.3333333333333335,0.0,2.0
MAX_TEMP,0,0,13,1,0,0,13,1,,,,
letter,11,4,2,1,0,0,13,5,0.18181818181818182,0.0,0.25,0.0
d_str,13,1,0,0,0,0,13,1,0.0,0.0,0.0,0.0
max_speed,0,0,0,0,13,1,13,1,,,,
dsu,10,2,3,1,0,0,13,3,0.3,0.0,0.5,0.0
disk,0,0,8,1,5,1,13,2,,,,
allocated,0,0,13,1,0,0,13,1,,,,
que,13,1,0,0,0,0,13,1,0.0,0.0,0.0,0.0
current_id,0,0,7,1,6,1,13,2,,,,
paren,7,1,0,0,6,1,13,2,0.0,0.8571428571428571,0.0,1.0
ordenados,13,1,0,0,0,0,13,1,0.0,0.0,0.0,0.0
stew,7,1,0,0,6,1,13,2,0.0,0.8571428571428571,0.0,1.0
black,0,0,13,2,0,0,13,2,,,,
sticks,0,0,4,2,9,2,13,4,,,,
min_rank,0,0,0,0,13,2,13,2,,,,
chet,13,1,0,0,0,0,13,1,0.0,0.0,0.0,0.0
fuel,7,1,0,0,6,1,13,2,0.0,0.8571428571428571,0.0,1.0
wp,3,1,0,0,10,1,13,2,0.0,3.3333333333333335,0.0,1.0
decision,4,1,0,0,9,1,13,2,0.0,2.25,0.0,1.0
max_prefix,0,0,13,2,0,0,13,2,,,,
min_a,0,0,6,1,7,2,13,3,,,,
newy,3,1,0,0,10,1,13,2,0.0,3.3333333333333335,0.0,1.0
species,0,0,8,1,5,1,13,2,,,,
rs,12,2,0,0,0,0,12,2,0.0,0.0,0.0,0.0
luckynums,8,1,0,0,4,1,12,2,0.0,0.5,0.0,1.0
dollars_part,0,0,12,1,0,0,12,1,,,,
earliest_step,0,0,12,1,0,0,12,1,,,,
current_even,0,0,0,0,12,1,12,1,,,,
suffix_ok,0,0,12,1,0,0,12,1,,,,
reqs,12,1,0,0,0,0,12,1,0.0,0.0,0.0,0.0
pontos,5,1,0,0,7,1,12,2,0.0,1.4,0.0,1.0
n_edges,6,1,0,0,6,1,12,2,0.0,1.0,0.0,1.0
charcount,12,1,0,0,0,0,12,1,0.0,0.0,0.0,0.0
procedures,0,0,6,1,6,1,12,2,,,,
binary_str,0,0,12,1,0,0,12,1,,,,
comb,0,0,10,1,2,1,12,2,,,,
num_negative,0,0,0,0,12,1,12,1,,,,
new_visited,0,0,12,1,0,0,12,1,,,,
iter,12,1,0,0,0,0,12,1,0.0,0.0,0.0,0.0
time_to_traffic,0,0,0,0,12,1,12,1,,,,
max_right,0,0,4,1,8,1,12,2,,,,
name_end,0,0,0,0,12,1,12,1,,,,
cur_char,12,1,0,0,0,0,12,1,0.0,0.0,0.0,0.0
for_1,12,1,0,0,0,0,12,1,0.0,0.0,0.0,0.0
term1,0,0,8,3,4,2,12,5,,,,
type_q,0,0,8,2,4,1,12,3,,,,
bestSet,12,1,0,0,0,0,12,1,0.0,0.0,0.0,0.0
ihnext,12,1,0,0,0,0,12,1,0.0,0.0,0.0,0.0
asCost,6,1,0,0,6,1,12,2,0.0,1.0,0.0,1.0
in_segment,0,0,12,1,0,0,12,1,,,,
v3,0,0,12,1,0,0,12,1,,,,
block,0,0,12,1,0,0,12,1,,,,
total_pairs,0,0,10,2,2,1,12,3,,,,
qs,8,2,0,0,4,1,12,3,0.0,0.5,0.0,0.5
prev_time,0,0,6,1,6,1,12,2,,,,
mismatches,0,0,0,0,12,1,12,1,,,,
global_max,0,0,0,0,12,1,12,1,,,,
next_char,0,0,12,2,0,0,12,2,,,,
a_placed,0,0,0,0,12,1,12,1,,,,
pq,12,2,0,0,0,0,12,2,0.0,0.0,0.0,0.0
nouns,12,2,0,0,0,0,12,2,0.0,0.0,0.0,0.0
name_to_score,5,1,0,0,7,1,12,2,0.0,1.4,0.0,1.0
phi,0,0,8,1,4,1,12,2,,,,
c3,12,1,0,0,0,0,12,1,0.0,0.0,0.0,0.0
le1,12,1,0,0,0,0,12,1,0.0,0.0,0.0,0.0
curleave,12,1,0,0,0,0,12,1,0.0,0.0,0.0,0.0
heap2,7,1,0,0,5,1,12,2,0.0,0.7142857142857143,0.0,1.0
yres,12,1,0,0,0,0,12,1,0.0,0.0,0.0,0.0
c_placed,0,0,0,0,12,1,12,1,,,,
min_positive_odd,0,0,12,1,0,0,12,1,,,,
test,12,2,0,0,0,0,12,2,0.0,0.0,0.0,0.0
pref_sum,12,1,0,0,0,0,12,1,0.0,0.0,0.0,0.0
to_exit,12,1,0,0,0,0,12,1,0.0,0.0,0.0,0.0
index_min,0,0,12,1,0,0,12,1,,,,
genders,0,0,9,2,3,1,12,3,,,,
perm,0,0,8,2,4,1,12,3,,,,
students,0,0,3,1,9,2,12,3,,,,
lenAB,6,1,0,0,6,1,12,2,0.0,1.0,0.0,1.0
next_m,0,0,0,0,12,1,12,1,,,,
sy,6,1,6,1,0,0,12,2,1.0,0.0,1.0,0.0
maxr,12,1,0,0,0,0,12,1,0.0,0.0,0.0,0.0
current_positions,0,0,0,0,12,2,12,2,,,,
macro_dict,0,0,0,0,12,1,12,1,,,,
big,12,4,0,0,0,0,12,4,0.0,0.0,0.0,0.0
b_placed,0,0,0,0,12,1,12,1,,,,
emails,0,0,6,2,6,1,12,3,,,,
transitions,0,0,3,1,9,2,12,3,,,,
has_lower,0,0,6,1,6,1,12,2,,,,
sign_a,8,1,0,0,4,2,12,3,0.0,0.5,0.0,2.0
Tf,6,1,0,0,6,1,12,2,0.0,1.0,0.0,1.0
canSwap,6,1,0,0,6,1,12,2,0.0,1.0,0.0,1.0
nach,12,1,0,0,0,0,12,1,0.0,0.0,0.0,0.0
max_boring_start,0,0,0,0,12,1,12,1,,,,
inc,12,1,0,0,0,0,12,1,0.0,0.0,0.0,0.0
error,6,1,0,0,6,1,12,2,0.0,1.0,0.0,1.0
option_b,0,0,12,1,0,0,12,1,,,,
min_rot,0,0,12,1,0,0,12,1,,,,
is_masha_possible,0,0,12,1,0,0,12,1,,,,
presents,0,0,0,0,12,2,12,2,,,,
k_min,0,0,0,0,12,1,12,1,,,,
wrong,12,1,0,0,0,0,12,1,0.0,0.0,0.0,0.0
prev_is_number,0,0,0,0,12,1,12,1,,,,
prob,4,1,2,1,6,2,12,4,0.5,1.5,1.0,2.0
next_b,0,0,0,0,12,1,12,1,,,,
has_upper,0,0,6,1,6,1,12,2,,,,
cup2,0,0,0,0,12,1,12,1,,,,
W,12,1,0,0,0,0,12,1,0.0,0.0,0.0,0.0
is_row_first,0,0,0,0,12,1,12,1,,,,
deficit,0,0,2,1,10,1,12,2,,,,
hs,7,1,0,0,5,1,12,2,0.0,0.7142857142857143,0.0,1.0
prefix_ok,0,0,12,1,0,0,12,1,,,,
char_occur,7,1,0,0,5,1,12,2,0.0,0.7142857142857143,0.0,1.0
Restore,12,1,0,0,0,0,12,1,0.0,0.0,0.0,0.0
b_pos,0,0,0,0,12,2,12,2,,,,
rocks,12,1,0,0,0,0,12,1,0.0,0.0,0.0,0.0
is_negative,0,0,6,1,6,1,12,2,,,,
initial_color,12,1,0,0,0,0,12,1,0.0,0.0,0.0,0.0
call_types,0,0,12,1,0,0,12,1,,,,
all_zero,0,0,12,2,0,0,12,2,,,,
x4,0,0,0,0,12,1,12,1,,,,
team_a,2,1,0,0,10,1,12,2,0.0,5.0,0.0,1.0
catch_info,0,0,0,0,12,1,12,1,,,,
y4,0,0,0,0,12,1,12,1,,,,
max_negative_odd,0,0,12,1,0,0,12,1,,,,
males,0,0,6,1,6,1,12,2,,,,
sign_b,8,1,0,0,4,2,12,3,0.0,0.5,0.0,2.0
all_intervals,0,0,0,0,12,1,12,1,,,,
after,2,1,2,1,8,1,12,3,1.0,4.0,1.0,1.0
up,0,0,4,1,8,1,12,2,,,,
front,5,1,7,1,0,0,12,2,1.4,0.0,1.0,0.0
last_index,6,1,0,0,6,1,12,2,0.0,1.0,0.0,1.0
alld,4,1,0,0,8,1,12,2,0.0,2.0,0.0,1.0
a_digits,0,0,0,0,12,1,12,1,,,,
prev_end,6,1,6,1,0,0,12,2,1.0,0.0,1.0,0.0
med,12,1,0,0,0,0,12,1,0.0,0.0,0.0,0.0
your_name,7,1,0,0,5,1,12,2,0.0,0.7142857142857143,0.0,1.0
climb,0,0,4,1,8,1,12,2,,,,
tmax,4,1,0,0,8,1,12,2,0.0,2.0,0.0,1.0
min_index,0,0,4,1,8,1,12,2,,,,
b_abs,0,0,0,0,12,1,12,1,,,,
a_abs,0,0,0,0,12,1,12,1,,,,
finite,12,1,0,0,0,0,12,1,0.0,0.0,0.0,0.0
great,6,1,0,0,6,1,12,2,0.0,1.0,0.0,1.0
leader,0,0,6,1,6,1,12,2,,,,
c_sq,0,0,12,1,0,0,12,1,,,,
enemy,0,0,0,0,12,1,12,1,,,,
nt,0,0,0,0,12,1,12,1,,,,
prev_num_movements,6,1,0,0,6,1,12,2,0.0,1.0,0.0,1.0
max_sieve,0,0,12,2,0,0,12,2,,,,
cnt2,2,1,6,1,4,2,12,4,3.0,2.0,1.0,2.0
protocol,0,0,12,1,0,0,12,1,,,,
best_end,0,0,0,0,12,1,12,1,,,,
new_dimensions,0,0,0,0,12,1,12,1,,,,
is_increasing,0,0,12,2,0,0,12,2,,,,
final_ccw,0,0,0,0,12,1,12,1,,,,
pop,9,3,0,0,3,1,12,4,0.0,0.3333333333333333,0.0,0.3333333333333333
col_counts,0,0,7,2,5,2,12,4,,,,
child_dp,0,0,0,0,12,1,12,1,,,,
wait,0,0,12,1,0,0,12,1,,,,
max_w,0,0,2,1,10,1,12,2,,,,
escaped,0,0,0,0,12,1,12,1,,,,
max_people,0,0,12,2,0,0,12,2,,,,
bs,8,2,0,0,4,1,12,3,0.0,0.5,0.0,0.5
begin,12,3,0,0,0,0,12,3,0.0,0.0,0.0,0.0
collected,4,1,0,0,8,1,12,2,0.0,2.0,0.0,1.0
is_s_palindrome,0,0,12,1,0,0,12,1,,,,
odd_count,0,0,0,0,12,1,12,1,,,,
dg1,6,1,0,0,6,1,12,2,0.0,1.0,0.0,1.0
t_snitch_before,12,1,0,0,0,0,12,1,0.0,0.0,0.0,0.0
bsCost,6,1,0,0,6,1,12,2,0.0,1.0,0.0,1.0
pigs,0,0,4,1,8,1,12,2,,,,
poland,0,0,0,0,12,1,12,1,,,,
current_w,0,0,0,0,12,1,12,1,,,,
evict_candidate,0,0,0,0,12,1,12,1,,,,
anses,6,1,0,0,6,1,12,2,0.0,1.0,0.0,1.0
new_c1,0,0,12,1,0,0,12,1,,,,
is_1_in_numbers,12,1,0,0,0,0,12,1,0.0,0.0,0.0,0.0
worst_pos,12,1,0,0,0,0,12,1,0.0,0.0,0.0,0.0
min_odd,0,0,12,2,0,0,12,2,,,,
curv,12,1,0,0,0,0,12,1,0.0,0.0,0.0,0.0
global_min,0,0,0,0,12,1,12,1,,,,
apc,12,1,0,0,0,0,12,1,0.0,0.0,0.0,0.0
valid_years,0,0,0,0,12,1,12,1,,,,
a_R,0,0,12,1,0,0,12,1,,,,
rf,6,1,0,0,6,1,12,2,0.0,1.0,0.0,1.0
new_c2,0,0,12,1,0,0,12,1,,,,
wincount,12,1,0,0,0,0,12,1,0.0,0.0,0.0,0.0
Set,12,1,0,0,0,0,12,1,0.0,0.0,0.0,0.0
condition,12,1,0,0,0,0,12,1,0.0,0.0,0.0,0.0
min_operations,0,0,0,0,12,1,12,1,,,,
fl,12,2,0,0,0,0,12,2,0.0,0.0,0.0,0.0
star_node,0,0,0,0,12,1,12,1,,,,
max_runs,0,0,0,0,12,1,12,1,,,,
macros,0,0,12,1,0,0,12,1,,,,
langs,0,0,4,1,7,2,11,3,,,,
sum_x,0,0,8,2,3,1,11,3,,,,
MAX_WEIGHT,5,1,0,0,6,1,11,2,0.0,1.2,0.0,1.0
total_changes,0,0,0,0,11,2,11,2,,,,
current_stone,0,0,0,0,11,1,11,1,,,,
nz,0,0,0,0,11,2,11,2,,,,
cycle_lengths,0,0,7,2,4,1,11,3,,,,
dirs,0,0,2,1,9,3,11,4,,,,
max_degree,0,0,3,1,8,2,11,3,,,,
current_layer,0,0,8,1,3,1,11,2,,,,
rod,0,0,0,0,11,1,11,1,,,,
match_to,0,0,7,1,4,1,11,2,,,,
ceil,8,1,0,0,3,1,11,2,0.0,0.375,0.0,1.0
door,3,1,1,1,7,2,11,4,0.3333333333333333,2.3333333333333335,1.0,2.0
manager,0,0,6,1,5,1,11,2,,,,
probability,0,0,4,2,7,3,11,5,,,,
end1,0,0,0,0,11,1,11,1,,,,
code,5,2,0,0,6,2,11,4,0.0,1.2,0.0,1.0
min_bonus,8,1,0,0,3,1,11,2,0.0,0.375,0.0,1.0
dis,11,1,0,0,0,0,11,1,0.0,0.0,0.0,0.0
railway,0,0,6,1,5,1,11,2,,,,
prefix_x,0,0,11,1,0,0,11,1,,,,
powers,0,0,5,2,6,1,11,3,,,,
rook,0,0,0,0,11,1,11,1,,,,
resource,0,0,6,1,5,1,11,2,,,,
update,11,2,0,0,0,0,11,2,0.0,0.0,0.0,0.0
indEnd,6,1,0,0,5,1,11,2,0.0,0.8333333333333334,0.0,1.0
next_num,0,0,11,3,0,0,11,3,,,,
prime_count,0,0,4,1,7,1,11,2,,,,
shop,11,1,0,0,0,0,11,1,0.0,0.0,0.0,0.0
first_occurrence,0,0,0,0,11,2,11,2,,,,
desired,0,0,2,1,9,3,11,4,,,,
current_events,6,1,0,0,5,1,11,2,0.0,0.8333333333333334,0.0,1.0
unique_chars,0,0,8,4,3,1,11,5,,,,
total_ways,0,0,8,1,3,1,11,2,,,,
strokes,4,1,7,1,0,0,11,2,1.75,0.0,1.0,0.0
prefix_y,0,0,11,1,0,0,11,1,,,,
sqrt_d,0,0,5,1,6,2,11,3,,,,
optimal,6,1,0,0,5,1,11,2,0.0,0.8333333333333334,0.0,1.0
max_candidates,0,0,3,1,8,1,11,2,,,,
a_idx,0,0,11,2,0,0,11,2,,,,
max_height,0,0,4,2,7,3,11,5,,,,
city,4,1,0,0,7,2,11,3,0.0,1.75,0.0,2.0
trains,0,0,5,1,6,1,11,2,,,,
goals,0,0,0,0,11,2,11,2,,,,
active,0,0,5,1,6,1,11,2,,,,
sx,8,2,3,1,0,0,11,3,0.375,0.0,0.5,0.0
max_lower,0,0,3,1,8,1,11,2,,,,
numStores,8,1,0,0,3,1,11,2,0.0,0.375,0.0,1.0
laptops,0,0,4,1,7,1,11,2,,,,
comps,11,1,0,0,0,0,11,1,0.0,0.0,0.0,0.0
corrected,0,0,11,1,0,0,11,1,,,,
avail,0,0,11,1,0,0,11,1,,,,
total_a,0,0,3,1,8,3,11,4,,,,
sum_dist,0,0,0,0,11,2,11,2,,,,
option1_counts,0,0,0,0,11,2,11,2,,,,
B1,0,0,5,1,6,1,11,2,,,,
eq,0,0,0,0,11,1,11,1,,,,
event_dict,0,0,11,1,0,0,11,1,,,,
non_zero,0,0,11,2,0,0,11,2,,,,
soldiers,5,1,0,0,6,1,11,2,0.0,1.2,0.0,1.0
b_list,0,0,11,4,0,0,11,4,,,,
ip,3,1,0,0,8,1,11,2,0.0,2.6666666666666665,0.0,1.0
v0,5,1,0,0,6,1,11,2,0.0,1.2,0.0,1.0
compressed,0,0,0,0,11,1,11,1,,,,
current_h,0,0,2,1,9,2,11,3,,,,
mint,5,1,0,0,6,1,11,2,0.0,1.2,0.0,1.0
cyc,11,1,0,0,0,0,11,1,0.0,0.0,0.0,0.0
ordered_by_a,11,1,0,0,0,0,11,1,0.0,0.0,0.0,0.0
x0,6,2,3,1,2,1,11,4,0.5,0.3333333333333333,0.5,0.5
nr,0,0,8,2,3,1,11,3,,,,
traveled,2,1,0,0,8,1,10,2,0.0,4.0,0.0,1.0
evans,10,1,0,0,0,0,10,1,0.0,0.0,0.0,0.0
root2,0,0,0,0,10,1,10,1,,,,
bottleCoord,10,1,0,0,0,0,10,1,0.0,0.0,0.0,0.0
la,7,1,0,0,3,1,10,2,0.0,0.42857142857142855,0.0,1.0
odans,10,1,0,0,0,0,10,1,0.0,0.0,0.0,0.0
instant_spell_idx___mana,10,1,0,0,0,0,10,1,0.0,0.0,0.0,0.0
levelcount,10,1,0,0,0,0,10,1,0.0,0.0,0.0,0.0
max_current,0,0,0,0,10,1,10,1,,,,
A1,0,0,4,1,6,1,10,2,,,,
current_line_length,0,0,0,0,10,1,10,1,,,,
sa_new,7,1,0,0,3,1,10,2,0.0,0.42857142857142855,0.0,1.0
b_sorted,2,1,6,2,2,1,10,4,3.0,1.0,2.0,1.0
len1,3,1,0,0,7,2,10,3,0.0,2.3333333333333335,0.0,2.0
center_str,10,1,0,0,0,0,10,1,0.0,0.0,0.0,0.0
required_gas_volume,10,1,0,0,0,0,10,1,0.0,0.0,0.0,0.0
total_deficit,0,0,4,1,6,1,10,2,,,,
xor_group1,0,0,0,0,10,1,10,1,,,,
fb,5,1,0,0,5,1,10,2,0.0,1.0,0.0,1.0
ways_black,0,0,0,0,10,1,10,1,,,,
max_value,5,1,0,0,5,1,10,2,0.0,1.0,0.0,1.0
b_idx,0,0,10,1,0,0,10,1,,,,
day_index,0,0,10,1,0,0,10,1,,,,
Max,10,1,0,0,0,0,10,1,0.0,0.0,0.0,0.0
mlt,10,1,0,0,0,0,10,1,0.0,0.0,0.0,0.0
busy,0,0,10,1,0,0,10,1,,,,
sorted_m,0,0,10,1,0,0,10,1,,,,
list,10,1,0,0,0,0,10,1,0.0,0.0,0.0,0.0
angleC,10,1,0,0,0,0,10,1,0.0,0.0,0.0,0.0
x_low,0,0,10,1,0,0,10,1,,,,
days_in_month,6,2,2,1,2,1,10,4,0.3333333333333333,0.3333333333333333,0.5,0.5
reread,10,1,0,0,0,0,10,1,0.0,0.0,0.0,0.0
xor_group2,0,0,0,0,10,1,10,1,,,,
last_occurrence,0,0,10,1,0,0,10,1,,,,
left_part,10,1,0,0,0,0,10,1,0.0,0.0,0.0,0.0
distinct,0,0,0,0,10,1,10,1,,,,
current_temp,0,0,0,0,10,1,10,1,,,,
daynum,10,1,0,0,0,0,10,1,0.0,0.0,0.0,0.0
rear,5,1,0,0,5,1,10,2,0.0,1.0,0.0,1.0
almost,0,0,8,1,2,1,10,2,,,,
current_day,0,0,0,0,10,1,10,1,,,,
line2,10,2,0,0,0,0,10,2,0.0,0.0,0.0,0.0
triangular,0,0,4,1,6,1,10,2,,,,
reversed_second,0,0,0,0,10,1,10,1,,,,
accumulate_a,0,0,10,1,0,0,10,1,,,,
dn,5,1,0,0,5,1,10,2,0.0,1.0,0.0,1.0
pow10,0,0,6,1,4,1,10,2,,,,
cur_r,10,1,0,0,0,0,10,1,0.0,0.0,0.0,0.0
best_point,0,0,0,0,10,1,10,1,,,,
sol2,5,1,0,0,5,1,10,2,0.0,1.0,0.0,1.0
overlap_start,0,0,7,2,3,1,10,3,,,,
evsum,10,1,0,0,0,0,10,1,0.0,0.0,0.0,0.0
best_row,0,0,0,0,10,1,10,1,,,,
formatted,0,0,2,1,8,1,10,2,,,,
full_cycles,0,0,3,1,7,3,10,4,,,,
color_prev,0,0,10,1,0,0,10,1,,,,
dragons,0,0,5,1,5,1,10,2,,,,
maps,6,1,0,0,4,1,10,2,0.0,0.6666666666666666,0.0,1.0
dd,7,2,0,0,3,1,10,3,0.0,0.42857142857142855,0.0,0.5
rc,6,2,0,0,4,1,10,3,0.0,0.6666666666666666,0.0,0.5
best_i_for_j,0,0,10,1,0,0,10,1,,,,
users,0,0,10,1,0,0,10,1,,,,
bessie,0,0,6,1,4,1,10,2,,,,
timetotraffic,10,1,0,0,0,0,10,1,0.0,0.0,0.0,0.0
h1_1,0,0,0,0,10,1,10,1,,,,
td,10,1,0,0,0,0,10,1,0.0,0.0,0.0,0.0
max_freq,0,0,6,3,4,2,10,5,,,,
numnegative,10,1,0,0,0,0,10,1,0.0,0.0,0.0,0.0
currun,10,1,0,0,0,0,10,1,0.0,0.0,0.0,0.0
lazy,0,0,10,1,0,0,10,1,,,,
MAX,10,1,0,0,0,0,10,1,0.0,0.0,0.0,0.0
lx2,5,1,0,0,5,1,10,2,0.0,1.0,0.0,1.0
slice_num,10,1,0,0,0,0,10,1,0.0,0.0,0.0,0.0
sum_,10,1,0,0,0,0,10,1,0.0,0.0,0.0,0.0
online,0,0,7,2,3,1,10,3,,,,
new_coupons,0,0,10,1,0,0,10,1,,,,
L3,10,2,0,0,0,0,10,2,0.0,0.0,0.0,0.0
keep,2,1,0,0,8,2,10,3,0.0,4.0,0.0,2.0
degree,0,0,10,2,0,0,10,2,,,,
valid_h,0,0,10,1,0,0,10,1,,,,
connected,0,0,0,0,10,2,10,2,,,,
points_total,10,1,0,0,0,0,10,1,0.0,0.0,0.0,0.0
prev_arrival,0,0,0,0,10,1,10,1,,,,
ltr,10,1,0,0,0,0,10,1,0.0,0.0,0.0,0.0
star,0,0,10,1,0,0,10,1,,,,
rank_new,3,1,0,0,7,1,10,2,0.0,2.3333333333333335,0.0,1.0
zh,10,1,0,0,0,0,10,1,0.0,0.0,0.0,0.0
possible_discard,0,0,0,0,10,1,10,1,,,,
case1,0,0,8,1,2,1,10,2,,,,
ADD,5,1,0,0,5,1,10,2,0.0,1.0,0.0,1.0
last_vertex,0,0,0,0,10,1,10,1,,,,
sum_non_zero,0,0,10,1,0,0,10,1,,,,
new_plays,0,0,0,0,10,1,10,1,,,,
y_max,0,0,2,1,8,2,10,3,,,,
matt,10,1,0,0,0,0,10,1,0.0,0.0,0.0,0.0
totalv,10,1,0,0,0,0,10,1,0.0,0.0,0.0,0.0
right_gap,5,1,0,0,5,1,10,2,0.0,1.0,0.0,1.0
current_base,0,0,0,0,10,1,10,1,,,,
rect1,0,0,0,0,10,1,10,1,,,,
kids,4,1,0,0,6,1,10,2,0.0,1.5,0.0,1.0
in_match,5,1,0,0,5,1,10,2,0.0,1.0,0.0,1.0
exponents,0,0,6,2,4,1,10,3,,,,
c_less,6,1,0,0,4,1,10,2,0.0,0.6666666666666666,0.0,1.0
cr,10,1,0,0,0,0,10,1,0.0,0.0,0.0,0.0
far_node,0,0,10,1,0,0,10,1,,,,
ancestor,0,0,10,1,0,0,10,1,,,,
elsie,0,0,6,1,4,1,10,2,,,,
next_student,0,0,0,0,10,1,10,1,,,,
query,5,1,5,2,0,0,10,3,1.0,0.0,2.0,0.0
total_edges,0,0,0,0,10,2,10,2,,,,
daily,2,1,0,0,8,1,10,2,0.0,4.0,0.0,1.0
expr_str,0,0,2,1,8,1,10,2,,,,
throw_index,0,0,0,0,10,1,10,1,,,,
num_movements,5,1,0,0,5,1,10,2,0.0,1.0,0.0,1.0
current_overlap,0,0,0,0,10,1,10,1,,,,
overlap_end,0,0,7,2,3,1,10,3,,,,
mst_count,0,0,0,0,10,1,10,1,,,,
bob,4,1,0,0,6,1,10,2,0.0,1.5,0.0,1.0
min_year,0,0,0,0,10,1,10,1,,,,
a_ternary,0,0,10,1,0,0,10,1,,,,
tasks,5,1,0,0,5,1,10,2,0.0,1.0,0.0,1.0
found_segment,0,0,0,0,10,1,10,1,,,,
subseq,0,0,10,1,0,0,10,1,,,,
rings,0,0,6,1,4,1,10,2,,,,
current_total,0,0,10,2,0,0,10,2,,,,
c_ternary,0,0,10,1,0,0,10,1,,,,
store,10,1,0,0,0,0,10,1,0.0,0.0,0.0,0.0
aList,7,1,0,0,3,1,10,2,0.0,0.42857142857142855,0.0,1.0
double_colon_pos,0,0,0,0,10,1,10,1,,,,
best_similarity,0,0,0,0,10,1,10,1,,,,
valid_v,0,0,10,1,0,0,10,1,,,,
frodo,10,1,0,0,0,0,10,1,0.0,0.0,0.0,0.0
max_even,0,0,0,0,10,1,10,1,,,,
y_dir,0,0,10,1,0,0,10,1,,,,
lp,10,3,0,0,0,0,10,3,0.0,0.0,0.0,0.0
x_dir,0,0,10,1,0,0,10,1,,,,
alice,4,1,0,0,6,1,10,2,0.0,1.5,0.0,1.0
data_a,10,1,0,0,0,0,10,1,0.0,0.0,0.0,0.0
section,0,0,10,1,0,0,10,1,,,,
ranges,2,1,0,0,8,2,10,3,0.0,4.0,0.0,2.0
final_state,0,0,0,0,10,1,10,1,,,,
case2,0,0,8,1,2,1,10,2,,,,
crossword,0,0,0,0,10,1,10,1,,,,
dwarves,6,1,0,0,4,1,10,2,0.0,0.6666666666666666,0.0,1.0
found_triangle,0,0,0,0,10,1,10,1,,,,
vs,6,2,2,1,2,1,10,4,0.3333333333333333,0.3333333333333333,0.5,0.5
out_file,5,1,0,0,5,1,10,2,0.0,1.0,0.0,1.0
newString,5,1,0,0,5,1,10,2,0.0,1.0,0.0,1.0
sum_exponents,0,0,10,1,0,0,10,1,,,,
endings,0,0,4,2,6,2,10,4,,,,
latest,0,0,0,0,10,1,10,1,,,,
max_xor,0,0,10,2,0,0,10,2,,,,
num_pieces,10,1,0,0,0,0,10,1,0.0,0.0,0.0,0.0
denom,10,2,0,0,0,0,10,2,0.0,0.0,0.0,0.0
max_ratio,0,0,2,1,8,1,10,2,,,,
odsum,10,1,0,0,0,0,10,1,0.0,0.0,0.0,0.0
operator,5,1,0,0,5,1,10,2,0.0,1.0,0.0,1.0
p_count,0,0,10,1,0,0,10,1,,,,
comment,0,0,10,1,0,0,10,1,,,,
ac,8,2,0,0,2,1,10,3,0.0,0.25,0.0,0.5
max_start,0,0,0,0,10,2,10,2,,,,
coins,0,0,6,2,4,1,10,3,,,,
verbs,10,2,0,0,0,0,10,2,0.0,0.0,0.0,0.0
count_no_lang,0,0,0,0,10,1,10,1,,,,
sq,5,1,0,0,5,1,10,2,0.0,1.0,0.0,1.0
prev_val,0,0,10,1,0,0,10,1,,,,
sum_y,0,0,10,2,0,0,10,2,,,,
is_bipartite,0,0,10,1,0,0,10,1,,,,
c1_suit,0,0,0,0,9,1,9,1,,,,
dangerous,0,0,0,0,9,2,9,2,,,,
valid_pairs,0,0,0,0,9,2,9,2,,,,
pot,5,1,0,0,4,1,9,2,0.0,0.8,0.0,1.0
singles,6,1,0,0,3,1,9,2,0.0,0.5,0.0,1.0
a_len,0,0,0,0,9,1,9,1,,,,
s_min,0,0,9,3,0,0,9,3,,,,
len_S,0,0,9,1,0,0,9,1,,,,
NUM,9,1,0,0,0,0,9,1,0.0,0.0,0.0,0.0
next_prime,0,0,9,2,0,0,9,2,,,,
to_traverse,9,1,0,0,0,0,9,1,0.0,0.0,0.0,0.0
b_team,0,0,9,1,0,0,9,1,,,,
next_id,3,1,3,1,3,1,9,3,1.0,1.0,1.0,1.0
car,0,0,3,1,6,1,9,2,,,,
shit,9,1,0,0,0,0,9,1,0.0,0.0,0.0,0.0
currentCell,9,1,0,0,0,0,9,1,0.0,0.0,0.0,0.0
h_total,0,0,9,1,0,0,9,1,,,,
var_type,0,0,4,1,5,1,9,2,,,,
group1,0,0,0,0,9,1,9,1,,,,
mirror,2,1,5,1,2,1,9,3,2.5,1.0,1.0,1.0
action,0,0,0,0,9,1,9,1,,,,
watchman,9,1,0,0,0,0,9,1,0.0,0.0,0.0,0.0
x_digits,0,0,4,2,5,2,9,4,,,,
8,9,1,0,0,0,0,9,1,0.0,0.0,0.0,0.0
rods,2,1,5,1,2,1,9,3,2.5,1.0,1.0,1.0
model,0,0,3,1,6,1,9,2,,,,
stemp,9,1,0,0,0,0,9,1,0.0,0.0,0.0,0.0
likes,3,1,3,1,3,1,9,3,1.0,1.0,1.0,1.0
tags,2,1,5,2,2,1,9,4,2.5,1.0,2.0,1.0
sum_i_sq,4,1,0,0,5,1,9,2,0.0,1.25,0.0,1.0
white,0,0,9,2,0,0,9,2,,,,
interesting_index,9,1,0,0,0,0,9,1,0.0,0.0,0.0,0.0
at_indices,0,0,0,0,9,2,9,2,,,,
best_costs,4,1,0,0,5,1,9,2,0.0,1.25,0.0,1.0
fine,9,1,0,0,0,0,9,1,0.0,0.0,0.0,0.0
sum_mod_3,9,1,0,0,0,0,9,1,0.0,0.0,0.0,0.0
z0,4,1,0,0,5,1,9,2,0.0,1.25,0.0,1.0
c_mod,6,1,0,0,3,1,9,2,0.0,0.5,0.0,1.0
max_meals,0,0,0,0,9,1,9,1,,,,
prev_rev,0,0,6,1,3,1,9,2,,,,
dl,6,1,0,0,3,1,9,2,0.0,0.5,0.0,1.0
party_white,0,0,9,1,0,0,9,1,,,,
count_I,0,0,0,0,9,1,9,1,,,,
num_players,4,1,0,0,5,1,9,2,0.0,1.25,0.0,1.0
total_xor,0,0,3,1,6,1,9,2,,,,
largo,9,1,0,0,0,0,9,1,0.0,0.0,0.0,0.0
contribution,0,0,6,1,3,1,9,2,,,,
current_type,0,0,9,1,0,0,9,1,,,,
hash,9,2,0,0,0,0,9,2,0.0,0.0,0.0,0.0
max_open,0,0,8,1,1,1,9,2,,,,
index_map,0,0,0,0,9,1,9,1,,,,
fg,9,1,0,0,0,0,9,1,0.0,0.0,0.0,0.0
fnit,9,1,0,0,0,0,9,1,0.0,0.0,0.0,0.0
enemies,0,0,0,0,9,1,9,1,,,,
segment,0,0,0,0,9,2,9,2,,,,
bought,3,1,6,1,0,0,9,2,2.0,0.0,1.0,0.0
dj,0,0,2,1,7,2,9,3,,,,
vx,9,1,0,0,0,0,9,1,0.0,0.0,0.0,0.0
max_heights,0,0,0,0,9,1,9,1,,,,
taxis,0,0,0,0,9,1,9,1,,,,
col_shift,0,0,0,0,9,1,9,1,,,,
block_size,0,0,0,0,9,1,9,1,,,,
a_max,0,0,5,1,4,1,9,2,,,,
t_next,0,0,9,1,0,0,9,1,,,,
rect2,0,0,0,0,9,1,9,1,,,,
suffix_mod,0,0,9,2,0,0,9,2,,,,
dasha_time,0,0,3,1,6,1,9,2,,,,
m2,6,1,3,1,0,0,9,2,0.5,0.0,1.0,0.0
group2,0,0,0,0,9,1,9,1,,,,
num_heroes,5,1,0,0,4,1,9,2,0.0,0.8,0.0,1.0
streaks,3,1,0,0,6,1,9,2,0.0,2.0,0.0,1.0
a_team,0,0,9,1,0,0,9,1,,,,
rn,4,1,0,0,5,1,9,2,0.0,1.25,0.0,1.0
row_a,0,0,0,0,9,1,9,1,,,,
suffix_start,0,0,9,2,0,0,9,2,,,,
predecessors,0,0,9,2,0,0,9,2,,,,
party_black,0,0,9,1,0,0,9,1,,,,
end_cw,0,0,9,1,0,0,9,1,,,,
nDistritosRoubados,9,1,0,0,0,0,9,1,0.0,0.0,0.0,0.0
options,0,0,7,2,2,1,9,3,,,,
bf_code,0,0,9,1,0,0,9,1,,,,
prefix_mod,0,0,9,2,0,0,9,2,,,,
max_i,0,0,6,1,3,1,9,2,,,,
count_0,0,0,9,1,0,0,9,1,,,,
operation,0,0,0,0,9,1,9,1,,,,
current_sign,0,0,0,0,9,1,9,1,,,,
cinema,9,1,0,0,0,0,9,1,0.0,0.0,0.0,0.0
F7,0,0,0,0,9,1,9,1,,,,
row_shift,0,0,0,0,9,1,9,1,,,,
queue_ptr,0,0,0,0,9,1,9,1,,,,
dif,9,3,0,0,0,0,9,3,0.0,0.0,0.0,0.0
initial_r,0,0,9,2,0,0,9,2,,,,
childs,9,2,0,0,0,0,9,2,0.0,0.0,0.0,0.0
word_infos,0,0,9,1,0,0,9,1,,,,
array2,9,2,0,0,0,0,9,2,0.0,0.0,0.0,0.0
xmax,6,1,0,0,3,1,9,2,0.0,0.5,0.0,1.0
maxcol,9,1,0,0,0,0,9,1,0.0,0.0,0.0,0.0
max_group_sizes,0,0,0,0,9,1,9,1,,,,
photo_data,0,0,9,1,0,0,9,1,,,,
c_team,0,0,9,1,0,0,9,1,,,,
w5,0,0,0,0,9,1,9,1,,,,
beautiful,0,0,0,0,9,1,9,1,,,,
next_fib,0,0,3,1,6,2,9,3,,,,
home,3,1,3,1,3,1,9,3,1.0,1.0,1.0,1.0
liking,9,1,0,0,0,0,9,1,0.0,0.0,0.0,0.0
first_char,0,0,9,1,0,0,9,1,,,,
ws,4,1,0,0,5,1,9,2,0.0,1.25,0.0,1.0
t_start,0,0,0,0,9,1,9,1,,,,
option2_conflicts,0,0,0,0,9,1,9,1,,,,
length_counts,0,0,0,0,9,2,9,2,,,,
v_total,0,0,9,1,0,0,9,1,,,,
required_t,0,0,5,1,4,1,9,2,,,,
args,9,2,0,0,0,0,9,2,0.0,0.0,0.0,0.0
mod_map,0,0,9,2,0,0,9,2,,,,
Prev,6,1,0,0,3,1,9,2,0.0,0.5,0.0,1.0
at,9,2,0,0,0,0,9,2,0.0,0.0,0.0,0.0
divisible_a,4,1,0,0,4,1,8,2,0.0,1.0,0.0,1.0
mh,8,1,0,0,0,0,8,1,0.0,0.0,0.0,0.0
half_occupied,0,0,4,1,4,1,8,2,,,,
maj,8,1,0,0,0,0,8,1,0.0,0.0,0.0,0.0
maxindex,8,1,0,0,0,0,8,1,0.0,0.0,0.0,0.0
max_d,0,0,0,0,8,3,8,3,,,,
new_blocks2,0,0,0,0,8,1,8,1,,,,
L4,8,1,0,0,0,0,8,1,0.0,0.0,0.0,0.0
our,8,2,0,0,0,0,8,2,0.0,0.0,0.0,0.0
line1_all,0,0,8,1,0,0,8,1,,,,
max_discard,0,0,0,0,8,1,8,1,,,,
required_size,0,0,0,0,8,1,8,1,,,,
dy1,8,1,0,0,0,0,8,1,0.0,0.0,0.0,0.0
compteur,8,1,0,0,0,0,8,1,0.0,0.0,0.0,0.0
have,0,0,8,1,0,0,8,1,,,,
next_level,8,1,0,0,0,0,8,1,0.0,0.0,0.0,0.0
prev_act,0,0,8,1,0,0,8,1,,,,
mex,0,0,4,1,4,1,8,2,,,,
eat_positions,0,0,0,0,8,1,8,1,,,,
cycles,0,0,0,0,8,2,8,2,,,,
d_mod,0,0,8,1,0,0,8,1,,,,
maxa,8,1,0,0,0,0,8,1,0.0,0.0,0.0,0.0
best_perms,8,1,0,0,0,0,8,1,0.0,0.0,0.0,0.0
min_strokes,0,0,8,1,0,0,8,1,,,,
push,6,3,0,0,2,1,8,4,0.0,0.3333333333333333,0.0,0.3333333333333333
full_blocks,0,0,6,1,2,1,8,2,,,,
permutations,3,1,5,2,0,0,8,3,1.6666666666666667,0.0,2.0,0.0
zl,8,1,0,0,0,0,8,1,0.0,0.0,0.0,0.0
t_denominator,0,0,0,0,8,1,8,1,,,,
ey,0,0,3,1,5,1,8,2,,,,
substituted_value,0,0,8,1,0,0,8,1,,,,
minindex,8,1,0,0,0,0,8,1,0.0,0.0,0.0,0.0
visit,8,1,0,0,0,0,8,1,0.0,0.0,0.0,0.0
num_dislikes,4,2,0,0,4,2,8,4,0.0,1.0,0.0,1.0
best_sum,0,0,0,0,8,1,8,1,,,,
last_is_v,0,0,0,0,8,1,8,1,,,,
instant_spell_idx___potion_nr,8,1,0,0,0,0,8,1,0.0,0.0,0.0,0.0
timer,4,1,0,0,4,1,8,2,0.0,1.0,0.0,1.0
crtsize,8,1,0,0,0,0,8,1,0.0,0.0,0.0,0.0
sides,4,2,0,0,4,1,8,3,0.0,1.0,0.0,0.5
upper_x,0,0,8,1,0,0,8,1,,,,
all_black,0,0,0,0,8,1,8,1,,,,
count_parity_0,0,0,0,0,8,1,8,1,,,,
fs,4,1,0,0,4,1,8,2,0.0,1.0,0.0,1.0
government_components,0,0,8,1,0,0,8,1,,,,
max_watered,0,0,8,1,0,0,8,1,,,,
pb,5,1,0,0,3,1,8,2,0.0,0.6,0.0,1.0
pseudo,5,1,0,0,3,1,8,2,0.0,0.6,0.0,1.0
cd,8,1,0,0,0,0,8,1,0.0,0.0,0.0,0.0
formatted_integer,0,0,2,1,6,1,8,2,,,,
ndir,8,1,0,0,0,0,8,1,0.0,0.0,0.0,0.0
best_yl,0,0,8,1,0,0,8,1,,,,
has_cycle,0,0,0,0,8,1,8,1,,,,
max_sell,0,0,0,0,8,1,8,1,,,,
jy,0,0,0,0,8,1,8,1,,,,
captain,3,1,5,1,0,0,8,2,1.6666666666666667,0.0,1.0,0.0
is_rectangle,0,0,0,0,8,1,8,1,,,,
remove,8,1,0,0,0,0,8,1,0.0,0.0,0.0,0.0
best_deviation,0,0,8,1,0,0,8,1,,,,
minr,8,1,0,0,0,0,8,1,0.0,0.0,0.0,0.0
KEK1,4,1,0,0,4,1,8,2,0.0,1.0,0.0,1.0
min_match,4,1,0,0,4,1,8,2,0.0,1.0,0.0,1.0
minimum,8,1,0,0,0,0,8,1,0.0,0.0,0.0,0.0
c_i_max,0,0,8,1,0,0,8,1,,,,
max_jury,0,0,8,1,0,0,8,1,,,,
next_color,0,0,0,0,8,1,8,1,,,,
allBlackCount,8,1,0,0,0,0,8,1,0.0,0.0,0.0,0.0
inv_sum_i,3,1,0,0,5,1,8,2,0.0,1.6666666666666667,0.0,1.0
compatible,0,0,8,1,0,0,8,1,,,,
reversed_bits,0,0,8,1,0,0,8,1,,,,
max_l2,0,0,8,1,0,0,8,1,,,,
ext,0,0,0,0,8,1,8,1,,,,
right_r,0,0,0,0,8,1,8,1,,,,
phys,4,1,0,0,4,1,8,2,0.0,1.0,0.0,1.0
best_l,0,0,0,0,8,1,8,1,,,,
next_min,0,0,0,0,8,1,8,1,,,,
new_time,0,0,4,1,4,1,8,2,,,,
R1,8,1,0,0,0,0,8,1,0.0,0.0,0.0,0.0
taxi,0,0,8,1,0,0,8,1,,,,
isPrime,8,1,0,0,0,0,8,1,0.0,0.0,0.0,0.0
shirt,8,1,0,0,0,0,8,1,0.0,0.0,0.0,0.0
mx2a,8,1,0,0,0,0,8,1,0.0,0.0,0.0,0.0
max_water,0,0,0,0,8,1,8,1,,,,
max_rise,0,0,0,0,8,1,8,1,,,,
b_sq,0,0,8,1,0,0,8,1,,,,
command,4,1,0,0,4,1,8,2,0.0,1.0,0.0,1.0
lisRes,4,1,0,0,4,1,8,2,0.0,1.0,0.0,1.0
line2_all,0,0,8,1,0,0,8,1,,,,
cp1,0,0,0,0,8,1,8,1,,,,
max_houses,0,0,0,0,8,1,8,1,,,,
MAXN,2,1,0,0,6,1,8,2,0.0,3.0,0.0,1.0
i_val,0,0,0,0,8,1,8,1,,,,
max_day,0,0,0,0,8,1,8,1,,,,
per2,8,2,0,0,0,0,8,2,0.0,0.0,0.0,0.0
sold,0,0,0,0,8,2,8,2,,,,
ANS,4,1,0,0,4,1,8,2,0.0,1.0,0.0,1.0
primary,0,0,8,1,0,0,8,1,,,,
vly,4,1,0,0,4,1,8,2,0.0,1.0,0.0,1.0
total_students,0,0,2,1,6,1,8,2,,,,
tn,4,1,0,0,4,1,8,2,0.0,1.0,0.0,1.0
btm,8,1,0,0,0,0,8,1,0.0,0.0,0.0,0.0
second_win,8,1,0,0,0,0,8,1,0.0,0.0,0.0,0.0
filenames,0,0,3,1,5,1,8,2,,,,
units_needed,0,0,0,0,8,1,8,1,,,,
target_start,0,0,8,1,0,0,8,1,,,,
initial_x,0,0,8,1,0,0,8,1,,,,
statements,0,0,4,1,4,1,8,2,,,,
rad,8,1,0,0,0,0,8,1,0.0,0.0,0.0,0.0
d_potter,8,1,0,0,0,0,8,1,0.0,0.0,0.0,0.0
max_break,0,0,8,1,0,0,8,1,,,,
marray,8,1,0,0,0,0,8,1,0.0,0.0,0.0,0.0
max_u,0,0,8,1,0,0,8,1,,,,
left_l,0,0,0,0,8,1,8,1,,,,
dist2,8,1,0,0,0,0,8,1,0.0,0.0,0.0,0.0
max_color,0,0,0,0,8,1,8,1,,,,
left_alignment,0,0,0,0,8,1,8,1,,,,
list2,8,2,0,0,0,0,8,2,0.0,0.0,0.0,0.0
speed_spell_idx___speed,8,1,0,0,0,0,8,1,0.0,0.0,0.0,0.0
dist1,8,1,0,0,0,0,8,1,0.0,0.0,0.0,0.0
exc_type,0,0,2,1,6,1,8,2,,,,
max_group,0,0,0,0,8,1,8,1,,,,
hourly,2,1,0,0,6,1,8,2,0.0,3.0,0.0,1.0
ba,0,0,0,0,8,2,8,2,,,,
team1,0,0,8,2,0,0,8,2,,,,
max_cnt,0,0,8,1,0,0,8,1,,,,
stable,0,0,8,1,0,0,8,1,,,,
max_linear,0,0,8,1,0,0,8,1,,,,
best_count,0,0,0,0,8,1,8,1,,,,
x_max,0,0,0,0,8,2,8,2,,,,
transformed,0,0,0,0,8,2,8,2,,,,
word_info,0,0,0,0,8,1,8,1,,,,
min_mod,0,0,8,1,0,0,8,1,,,,
min_deviation,0,0,0,0,8,1,8,1,,,,
swaps,0,0,6,1,2,1,8,2,,,,
ua,3,1,0,0,5,1,8,2,0.0,1.6666666666666667,0.0,1.0
achou,8,1,0,0,0,0,8,1,0.0,0.0,0.0,0.0
Min_index,8,1,0,0,0,0,8,1,0.0,0.0,0.0,0.0
buffer,8,1,0,0,0,0,8,1,0.0,0.0,0.0,0.0
mark_r,8,1,0,0,0,0,8,1,0.0,0.0,0.0,0.0
foo,4,1,0,0,4,1,8,2,0.0,1.0,0.0,1.0
max_bonus,8,1,0,0,0,0,8,1,0.0,0.0,0.0,0.0
count_char,8,1,0,0,0,0,8,1,0.0,0.0,0.0,0.0
initial_y,0,0,8,1,0,0,8,1,,,,
main,8,1,0,0,0,0,8,1,0.0,0.0,0.0,0.0
current_top,0,0,0,0,8,1,8,1,,,,
num_changes,3,1,0,0,5,1,8,2,0.0,1.6666666666666667,0.0,1.0
convex_hull,0,0,0,0,8,1,8,1,,,,
count4,8,1,0,0,0,0,8,1,0.0,0.0,0.0,0.0
new_hull,0,0,0,0,8,1,8,1,,,,
best_team,0,0,0,0,8,1,8,1,,,,
time_to_x1,0,0,0,0,8,1,8,1,,,,
s_col,0,0,8,1,0,0,8,1,,,,
radii,0,0,5,1,3,1,8,2,,,,
current_dist_sq,0,0,0,0,8,1,8,1,,,,
ub,3,1,0,0,5,1,8,2,0.0,1.6666666666666667,0.0,1.0
KEK2,4,1,0,0,4,1,8,2,0.0,1.0,0.0,1.0
seconddish,8,1,0,0,0,0,8,1,0.0,0.0,0.0,0.0
k_max,0,0,8,1,0,0,8,1,,,,
min_r1,0,0,8,1,0,0,8,1,,,,
amin,6,2,0,0,2,1,8,3,0.0,0.3333333333333333,0.0,0.5
password,0,0,2,1,6,2,8,3,,,,
elem,8,1,0,0,0,0,8,1,0.0,0.0,0.0,0.0
logos,0,0,0,0,8,1,8,1,,,,
min_v,0,0,8,1,0,0,8,1,,,,
prefix_iw,0,0,0,0,8,1,8,1,,,,
MaxProfit,8,1,0,0,0,0,8,1,0.0,0.0,0.0,0.0
everyone,6,1,0,0,2,1,8,2,0.0,0.3333333333333333,0.0,1.0
first_subject,0,0,0,0,8,1,8,1,,,,
d_edge_total,0,0,0,0,8,1,8,1,,,,
compter,8,1,0,0,0,0,8,1,0.0,0.0,0.0,0.0
max_ascent,0,0,8,1,0,0,8,1,,,,
mul,8,2,0,0,0,0,8,2,0.0,0.0,0.0,0.0
active_power,0,0,8,1,0,0,8,1,,,,
h2_2,0,0,0,0,8,1,8,1,,,,
narray,8,1,0,0,0,0,8,1,0.0,0.0,0.0,0.0
adjList,4,1,0,0,4,1,8,2,0.0,1.0,0.0,1.0
fourth,8,1,0,0,0,0,8,1,0.0,0.0,0.0,0.0
min_missed,0,0,0,0,8,1,8,1,,,,
min_r2,0,0,8,1,0,0,8,1,,,,
missed,0,0,0,0,8,1,8,1,,,,
simons_turn,0,0,0,0,8,1,8,1,,,,
y2_best,0,0,0,0,8,1,8,1,,,,
x_values,0,0,3,1,5,1,8,2,,,,
s_prev,0,0,8,2,0,0,8,2,,,,
count_S,0,0,8,1,0,0,8,1,,,,
bigans,8,1,0,0,0,0,8,1,0.0,0.0,0.0,0.0
Max_index,8,1,0,0,0,0,8,1,0.0,0.0,0.0,0.0
current_neighbors,0,0,0,0,8,1,8,1,,,,
ceil_count,8,1,0,0,0,0,8,1,0.0,0.0,0.0,0.0
refill,8,2,0,0,0,0,8,2,0.0,0.0,0.0,0.0
temp_l,0,0,0,0,8,1,8,1,,,,
retval,4,1,0,0,4,1,8,2,0.0,1.0,0.0,1.0
cycle_start,0,0,0,0,8,1,8,1,,,,
max_odd,0,0,0,0,8,1,8,1,,,,
count_inside,0,0,3,1,5,1,8,2,,,,
min_candidates,0,0,0,0,8,1,8,1,,,,
part2,2,1,4,2,2,1,8,4,2.0,1.0,2.0,1.0
proportions,3,1,0,0,5,1,8,2,0.0,1.6666666666666667,0.0,1.0
Ans,4,1,0,0,4,1,8,2,0.0,1.0,0.0,1.0
max_edges,0,0,2,1,6,2,8,3,,,,
pcnt,4,1,0,0,4,1,8,2,0.0,1.0,0.0,1.0
adr,8,1,0,0,0,0,8,1,0.0,0.0,0.0,0.0
denied,0,0,4,1,4,1,8,2,,,,
prefix_row,0,0,0,0,8,1,8,1,,,,
hl,4,1,0,0,4,1,8,2,0.0,1.0,0.0,1.0
cnt_4,8,1,0,0,0,0,8,1,0.0,0.0,0.0,0.0
buf,8,1,0,0,0,0,8,1,0.0,0.0,0.0,0.0
rod_indices,3,1,0,0,5,1,8,2,0.0,1.6666666666666667,0.0,1.0
vxv_wxw,4,1,0,0,4,1,8,2,0.0,1.0,0.0,1.0
cnt3,0,0,0,0,8,1,8,1,,,,
radewoosh_total,0,0,4,1,4,1,8,2,,,,
color_list,8,1,0,0,0,0,8,1,0.0,0.0,0.0,0.0
max_books,0,0,8,1,0,0,8,1,,,,
desk,0,0,2,1,6,1,8,2,,,,
leq_pairs,0,0,8,1,0,0,8,1,,,,
pointsx,8,1,0,0,0,0,8,1,0.0,0.0,0.0,0.0
president_color,0,0,0,0,8,1,8,1,,,,
sum_ways,0,0,0,0,8,1,8,1,,,,
ans3,8,1,0,0,0,0,8,1,0.0,0.0,0.0,0.0
read_line,4,1,0,0,4,1,8,2,0.0,1.0,0.0,1.0
sorted_marks,0,0,8,1,0,0,8,1,,,,
min_ops,0,0,0,0,8,1,8,1,,,,
max_pieces,0,0,0,0,8,1,8,1,,,,
rht,8,1,0,0,0,0,8,1,0.0,0.0,0.0,0.0
has_divisor,0,0,0,0,8,1,8,1,,,,
current_or_set,0,0,0,0,8,1,8,1,,,,
garden,0,0,0,0,8,1,8,1,,,,
chef,8,1,0,0,0,0,8,1,0.0,0.0,0.0,0.0
geq_pairs,0,0,8,1,0,0,8,1,,,,
minv,8,1,0,0,0,0,8,1,0.0,0.0,0.0,0.0
tail,8,2,0,0,0,0,8,2,0.0,0.0,0.0,0.0
max_perimeter,0,0,0,0,8,1,8,1,,,,
min_stress,0,0,8,1,0,0,8,1,,,,
num_likes,4,2,0,0,4,2,8,4,0.0,1.0,0.0,1.0
canuse,8,1,0,0,0,0,8,1,0.0,0.0,0.0,0.0
max_abs_sum,0,0,0,0,8,1,8,1,,,,
vry,4,1,0,0,4,1,8,2,0.0,1.0,0.0,1.0
maxratio,8,1,0,0,0,0,8,1,0.0,0.0,0.0,0.0
cp2,0,0,0,0,8,1,8,1,,,,
ax2xd,4,1,0,0,4,1,8,2,0.0,1.0,0.0,1.0
line_min,4,1,0,0,4,1,8,2,0.0,1.0,0.0,1.0
max_deduction,0,0,8,1,0,0,8,1,,,,
limak_total,0,0,4,1,4,1,8,2,,,,
cumsum,4,1,0,0,4,1,8,2,0.0,1.0,0.0,1.0
pos_list,0,0,0,0,8,1,8,1,,,,
R2,8,1,0,0,0,0,8,1,0.0,0.0,0.0,0.0
count7,8,1,0,0,0,0,8,1,0.0,0.0,0.0,0.0
maxline,8,1,0,0,0,0,8,1,0.0,0.0,0.0,0.0
is_color,0,0,8,1,0,0,8,1,,,,
indStart,4,1,0,0,4,1,8,2,0.0,1.0,0.0,1.0
speed_spell_idx___mana,8,1,0,0,0,0,8,1,0.0,0.0,0.0,0.0
computed_b,0,0,8,1,0,0,8,1,,,,
max_l1,0,0,8,1,0,0,8,1,,,,
hrs,8,1,0,0,0,0,8,1,0.0,0.0,0.0,0.0
current_boring,0,0,8,1,0,0,8,1,,,,
new_beauty,0,0,0,0,8,1,8,1,,,,
colsum,6,2,0,0,2,1,8,3,0.0,0.3333333333333333,0.0,0.5
h2_1,0,0,0,0,8,1,8,1,,,,
result_index,0,0,6,1,2,1,8,2,,,,
d_snitch,8,1,0,0,0,0,8,1,0.0,0.0,0.0,0.0
current_left,0,0,0,0,8,1,8,1,,,,
y1_best,0,0,0,0,8,1,8,1,,,,
true_secret,8,1,0,0,0,0,8,1,0.0,0.0,0.0,0.0
binary,0,0,0,0,8,2,8,2,,,,
pizza,0,0,8,1,0,0,8,1,,,,
men,0,0,8,1,0,0,8,1,,,,
clients,0,0,0,0,8,1,8,1,,,,
Min_a,8,1,0,0,0,0,8,1,0.0,0.0,0.0,0.0
color_curr,0,0,8,1,0,0,8,1,,,,
m1,2,1,6,2,0,0,8,3,3.0,0.0,2.0,0.0
adj_dict,8,1,0,0,0,0,8,1,0.0,0.0,0.0,0.0
elim_indices,0,0,0,0,8,1,8,1,,,,
is_independent,0,0,8,1,0,0,8,1,,,,
cost2,0,0,0,0,8,1,8,1,,,,
next_y,0,0,6,1,2,1,8,2,,,,
prefix_pw,0,0,0,0,8,1,8,1,,,,
max_deep,8,1,0,0,0,0,8,1,0.0,0.0,0.0,0.0
current_width,0,0,0,0,8,1,8,1,,,,
surplus,0,0,0,0,8,1,8,1,,,,
bad_num,0,0,0,0,8,1,8,1,,,,
new_digit,0,0,2,1,6,1,8,2,,,,
shouldendwith,8,1,0,0,0,0,8,1,0.0,0.0,0.0,0.0
this_level,8,1,0,0,0,0,8,1,0.0,0.0,0.0,0.0
lg_c_sz,8,1,0,0,0,0,8,1,0.0,0.0,0.0,0.0
b_str,0,0,0,0,8,1,8,1,,,,
onlinevalue,8,1,0,0,0,0,8,1,0.0,0.0,0.0,0.0
sorted_teams,0,0,4,1,4,1,8,2,,,,
glads,6,1,0,0,2,1,8,2,0.0,0.3333333333333333,0.0,1.0
max_match,4,1,0,0,4,1,8,2,0.0,1.0,0.0,1.0
result_genre,0,0,0,0,8,1,8,1,,,,
years,0,0,5,2,3,1,8,3,,,,
Sj,0,0,8,1,0,0,8,1,,,,
schemes,0,0,8,1,0,0,8,1,,,,
max_money,0,0,8,1,0,0,8,1,,,,
lane_type,0,0,8,1,0,0,8,1,,,,
stair_heights,4,1,0,0,4,1,8,2,0.0,1.0,0.0,1.0
min_segments,0,0,8,1,0,0,8,1,,,,
player_data,0,0,8,1,0,0,8,1,,,,
k_bonacci,0,0,0,0,8,1,8,1,,,,
max_preserved,0,0,8,1,0,0,8,1,,,,
consistent,0,0,8,1,0,0,8,1,,,,
len2,2,1,0,0,6,2,8,3,0.0,3.0,0.0,2.0
throw_line,0,0,8,1,0,0,8,1,,,,
xb,0,0,0,0,8,1,8,1,,,,
inv_fact_prod,0,0,8,1,0,0,8,1,,,,
cnt_2_4,8,1,0,0,0,0,8,1,0.0,0.0,0.0,0.0
cmax,8,1,0,0,0,0,8,1,0.0,0.0,0.0,0.0
nupper,6,1,0,0,2,1,8,2,0.0,0.3333333333333333,0.0,1.0
max_product,0,0,0,0,8,1,8,1,,,,
prefix_col,0,0,0,0,8,1,8,1,,,,
costTmpIndiv,8,1,0,0,0,0,8,1,0.0,0.0,0.0,0.0
min_T,0,0,8,1,0,0,8,1,,,,
prod_w,0,0,8,1,0,0,8,1,,,,
short,5,1,0,0,3,1,8,2,0.0,0.6,0.0,1.0
camels,0,0,4,1,4,1,8,2,,,,
pointsy,8,1,0,0,0,0,8,1,0.0,0.0,0.0,0.0
average,0,0,4,2,4,2,8,4,,,,
Max_a,8,1,0,0,0,0,8,1,0.0,0.0,0.0,0.0
transform,6,2,0,0,2,1,8,3,0.0,0.3333333333333333,0.0,0.5
min_replacements,0,0,8,1,0,0,8,1,,,,
max_fact,0,0,8,1,0,0,8,1,,,,
new_root,8,1,0,0,0,0,8,1,0.0,0.0,0.0,0.0
res4,0,0,8,1,0,0,8,1,,,,
best_positions,0,0,8,1,0,0,8,1,,,,
retas,3,1,0,0,5,1,8,2,0.0,1.6666666666666667,0.0,1.0
new_vec,0,0,0,0,8,1,8,1,,,,
x_high,0,0,8,1,0,0,8,1,,,,
bsum,8,2,0,0,0,0,8,2,0.0,0.0,0.0,0.0
row_t,0,0,8,1,0,0,8,1,,,,
align_left,0,0,8,1,0,0,8,1,,,,
c_minus_2,0,0,0,0,8,1,8,1,,,,
sum_B,0,0,8,1,0,0,8,1,,,,
adj_list,8,1,0,0,0,0,8,1,0.0,0.0,0.0,0.0
evens,0,0,6,1,2,1,8,2,,,,
minline,8,1,0,0,0,0,8,1,0.0,0.0,0.0,0.0
floor_count,8,1,0,0,0,0,8,1,0.0,0.0,0.0,0.0
walls,0,0,4,1,4,1,8,2,,,,
row_sums,0,0,4,2,4,2,8,4,,,,
valid_splits,0,0,0,0,8,1,8,1,,,,
sympaty,3,1,0,0,5,1,8,2,0.0,1.6666666666666667,0.0,1.0
rng,8,1,0,0,0,0,8,1,0.0,0.0,0.0,0.0
tau,0,0,0,0,8,1,8,1,,,,
min_sum_xor,0,0,8,1,0,0,8,1,,,,
baz,4,1,0,0,4,1,8,2,0.0,1.0,0.0,1.0
bo,8,1,0,0,0,0,8,1,0.0,0.0,0.0,0.0
x_abs,0,0,8,1,0,0,8,1,,,,
max_extra,0,0,0,0,8,1,8,1,,,,
processed_parts,0,0,8,1,0,0,8,1,,,,
lft,8,1,0,0,0,0,8,1,0.0,0.0,0.0,0.0
maxrun,8,1,0,0,0,0,8,1,0.0,0.0,0.0,0.0
A_mod,0,0,8,1,0,0,8,1,,,,
host,0,0,0,0,8,1,8,1,,,,
checked,4,1,0,0,4,1,8,2,0.0,1.0,0.0,1.0
base_len,5,1,0,0,3,1,8,2,0.0,0.6,0.0,1.0
count_x,0,0,2,1,6,1,8,2,,,,
max_queue,0,0,0,0,8,1,8,1,,,,
cur_mod,8,1,0,0,0,0,8,1,0.0,0.0,0.0,0.0
dvt,8,1,0,0,0,0,8,1,0.0,0.0,0.0,0.0
prev_right,8,1,0,0,0,0,8,1,0.0,0.0,0.0,0.0
s_case2,0,0,8,1,0,0,8,1,,,,
f_mid,0,0,8,1,0,0,8,1,,,,
m3,0,0,8,1,0,0,8,1,,,,
init,8,1,0,0,0,0,8,1,0.0,0.0,0.0,0.0
pattern_str,0,0,3,1,4,1,7,2,,,,
evacuation_order,0,0,0,0,7,1,7,1,,,,
dominos,4,1,0,0,3,1,7,2,0.0,0.75,0.0,1.0
both,0,0,7,1,0,0,7,1,,,,
y_intervals,0,0,0,0,7,1,7,1,,,,
char_positions,0,0,0,0,7,1,7,1,,,,
light,7,1,0,0,0,0,7,1,0.0,0.0,0.0,0.0
option1_count,0,0,0,0,7,1,7,1,,,,
curlevel,7,1,0,0,0,0,7,1,0.0,0.0,0.0,0.0
cmap,7,1,0,0,0,0,7,1,0.0,0.0,0.0,0.0
occurences,7,1,0,0,0,0,7,1,0.0,0.0,0.0,0.0
zp,3,1,0,0,4,1,7,2,0.0,1.3333333333333333,0.0,1.0
costi,0,0,7,1,0,0,7,1,,,,
treated,0,0,7,1,0,0,7,1,,,,
char_to_val,0,0,7,1,0,0,7,1,,,,
initial_index,7,1,0,0,0,0,7,1,0.0,0.0,0.0,0.0
allocated_blocks,0,0,0,0,7,1,7,1,,,,
x_intervals,0,0,0,0,7,1,7,1,,,,
current_points,0,0,7,1,0,0,7,1,,,,
ylist,4,1,0,0,3,1,7,2,0.0,0.75,0.0,1.0
bnc,7,1,0,0,0,0,7,1,0.0,0.0,0.0,0.0
gains,0,0,3,1,4,1,7,2,,,,
rg,3,1,0,0,4,1,7,2,0.0,1.3333333333333333,0.0,1.0
ca,5,1,0,0,2,1,7,2,0.0,0.4,0.0,1.0
repeat,0,0,3,3,4,3,7,6,,,,
total_power,0,0,0,0,7,1,7,1,,,,
maxsize,6,1,1,1,0,0,7,2,0.16666666666666666,0.0,1.0,0.0
first_win,7,1,0,0,0,0,7,1,0.0,0.0,0.0,0.0
Sa,0,0,7,1,0,0,7,1,,,,
president_cells,0,0,0,0,7,1,7,1,,,,
ii,7,1,0,0,0,0,7,1,0.0,0.0,0.0,0.0
log_a1,0,0,7,1,0,0,7,1,,,,
ih,7,1,0,0,0,0,7,1,0.0,0.0,0.0,0.0
key_pos,0,0,0,0,7,2,7,2,,,,
il,7,1,0,0,0,0,7,1,0.0,0.0,0.0,0.0
rlist,7,1,0,0,0,0,7,1,0.0,0.0,0.0,0.0
chunks,0,0,7,2,0,0,7,2,,,,
no_stick_state,0,0,0,0,7,1,7,1,,,,
current_xor,0,0,7,2,0,0,7,2,,,,
discriminant,0,0,0,0,7,2,7,2,,,,
s_curr,0,0,7,1,0,0,7,1,,,,
is_palin,0,0,0,0,7,1,7,1,,,,
list_d2,0,0,0,0,7,1,7,1,,,,
s_reversed,0,0,0,0,7,1,7,1,,,,
boxes,5,1,0,0,2,1,7,2,0.0,0.4,0.0,1.0
total_length,0,0,3,1,4,2,7,3,,,,
descent,0,0,7,1,0,0,7,1,,,,
totalPower,7,1,0,0,0,0,7,1,0.0,0.0,0.0,0.0
lane,0,0,5,1,2,1,7,2,,,,
rez,7,1,0,0,0,0,7,1,0.0,0.0,0.0,0.0
best_chars,3,1,0,0,4,1,7,2,0.0,1.3333333333333333,0.0,1.0
flamingos,0,0,3,1,4,1,7,2,,,,
dpDeu,7,1,0,0,0,0,7,1,0.0,0.0,0.0,0.0
op_bit,3,1,0,0,4,1,7,2,0.0,1.3333333333333333,0.0,1.0
driver_list,0,0,0,0,7,1,7,1,,,,
end_pos,0,0,0,0,7,1,7,1,,,,
star_index,7,1,0,0,0,0,7,1,0.0,0.0,0.0,0.0
current_matches,0,0,0,0,7,1,7,1,,,,
enum,7,1,0,0,0,0,7,1,0.0,0.0,0.0,0.0
ivy,7,1,0,0,0,0,7,1,0.0,0.0,0.0,0.0
split1,0,0,0,0,7,1,7,1,,,,
solution,0,0,4,1,3,1,7,2,,,,
sum_u,0,0,0,0,7,1,7,1,,,,
t_exit_y,0,0,0,0,7,1,7,1,,,,
pres,4,1,0,0,3,1,7,2,0.0,0.75,0.0,1.0
powi,0,0,0,0,7,1,7,1,,,,
insert_pos,0,0,0,0,7,1,7,1,,,,
x_left,0,0,7,2,0,0,7,2,,,,
person_queue,0,0,0,0,7,1,7,1,,,,
basilisk_queue,0,0,0,0,7,1,7,1,,,,
preserved,0,0,7,1,0,0,7,1,,,,
bullets,0,0,0,0,7,1,7,1,,,,
process_order,0,0,7,1,0,0,7,1,,,,
field,7,1,0,0,0,0,7,1,0.0,0.0,0.0,0.0
duration,0,0,0,0,7,1,7,1,,,,
x_right,0,0,7,2,0,0,7,2,,,,
t_pos,0,0,0,0,7,1,7,1,,,,
index_0,7,1,0,0,0,0,7,1,0.0,0.0,0.0,0.0
goals_scored,0,0,7,1,0,0,7,1,,,,
t_segment,0,0,0,0,7,1,7,1,,,,
f1,7,2,0,0,0,0,7,2,0.0,0.0,0.0,0.0
allb,4,1,0,0,3,1,7,2,0.0,0.75,0.0,1.0
even_idx,0,0,0,0,7,1,7,1,,,,
a_minus_1,0,0,0,0,7,1,7,1,,,,
temps,4,1,0,0,3,1,7,2,0.0,0.75,0.0,1.0
t_enter_x,0,0,0,0,7,1,7,1,,,,
t_exit_x,0,0,0,0,7,1,7,1,,,,
crypted_word,7,1,0,0,0,0,7,1,0.0,0.0,0.0,0.0
post_order,0,0,3,1,4,2,7,3,,,,
connect,7,1,0,0,0,0,7,1,0.0,0.0,0.0,0.0
h_copy,0,0,0,0,7,1,7,1,,,,
num_cycles,4,1,0,0,3,1,7,2,0.0,0.75,0.0,1.0
tostore,7,1,0,0,0,0,7,1,0.0,0.0,0.0,0.0
periods,0,0,4,1,3,1,7,2,,,,
a10,0,0,0,0,7,1,7,1,,,,
fx,0,0,7,2,0,0,7,2,,,,
sergei,0,0,0,0,7,1,7,1,,,,
monster_points,5,1,0,0,2,1,7,2,0.0,0.4,0.0,1.0
next_balance_open,0,0,7,1,0,0,7,1,,,,
d_list,0,0,2,1,5,1,7,2,,,,
innerIndex,7,1,0,0,0,0,7,1,0.0,0.0,0.0,0.0
letter_amount,7,1,0,0,0,0,7,1,0.0,0.0,0.0,0.0
seat,3,1,0,0,4,1,7,2,0.0,1.3333333333333333,0.0,1.0
k6,2,1,2,1,3,1,7,3,1.0,1.5,1.0,1.0
overflow,0,0,3,1,4,1,7,2,,,,
L2,7,3,0,0,0,0,7,3,0.0,0.0,0.0,0.0
min_possible,0,0,0,0,7,2,7,2,,,,
xlist,4,1,0,0,3,1,7,2,0.0,0.75,0.0,1.0
t_enter_y,0,0,0,0,7,1,7,1,,,,
a01,0,0,0,0,7,1,7,1,,,,
cs1,7,1,0,0,0,0,7,1,0.0,0.0,0.0,0.0
dp_deu,0,0,0,0,7,1,7,1,,,,
res_b,3,1,4,1,0,0,7,2,1.3333333333333333,0.0,1.0,0.0
sentences,0,0,4,1,3,1,7,2,,,,
diameter,0,0,7,2,0,0,7,2,,,,
perimeter,0,0,0,0,7,1,7,1,,,,
at_pos,0,0,0,0,7,2,7,2,,,,
ae,7,1,0,0,0,0,7,1,0.0,0.0,0.0,0.0
qnt,3,1,0,0,4,1,7,2,0.0,1.3333333333333333,0.0,1.0
de,7,1,0,0,0,0,7,1,0.0,0.0,0.0,0.0
c_val,0,0,0,0,7,2,7,2,,,,
only_s,7,1,0,0,0,0,7,1,0.0,0.0,0.0,0.0
bpc,7,1,0,0,0,0,7,1,0.0,0.0,0.0,0.0
negative,7,1,0,0,0,0,7,1,0.0,0.0,0.0,0.0
good_guy,7,1,0,0,0,0,7,1,0.0,0.0,0.0,0.0
back,0,0,7,1,0,0,7,1,,,,
option2_count,0,0,0,0,7,1,7,1,,,,
freq2,3,1,0,0,4,1,7,2,0.0,1.3333333333333333,0.0,1.0
equation,0,0,0,0,7,1,7,1,,,,
col_sums,0,0,3,1,4,2,7,3,,,,
network,0,0,0,0,7,1,7,1,,,,
conn,7,1,0,0,0,0,7,1,0.0,0.0,0.0,0.0
kp,5,1,0,0,2,1,7,2,0.0,0.4,0.0,1.0
level_dict,0,0,7,1,0,0,7,1,,,,
len_a,0,0,3,1,4,1,7,2,,,,
nb,7,2,0,0,0,0,7,2,0.0,0.0,0.0,0.0
Sb,0,0,7,1,0,0,7,1,,,,
names1,7,1,0,0,0,0,7,1,0.0,0.0,0.0,0.0
nuts,0,0,6,1,0,0,6,1,,,,
midcy,3,1,0,0,3,1,6,2,0.0,1.0,0.0,1.0
buses,3,1,0,0,3,1,6,2,0.0,1.0,0.0,1.0
rect_indices,0,0,3,1,3,1,6,2,,,,
duplicate,0,0,6,1,0,0,6,1,,,,
movies,0,0,0,0,6,1,6,1,,,,
waste_dict,0,0,6,1,0,0,6,1,,,,
min_l,0,0,6,1,0,0,6,1,,,,
s_set,0,0,6,2,0,0,6,2,,,,
leaf_count,6,1,0,0,0,0,6,1,0.0,0.0,0.0,0.0
k3,4,2,0,0,2,1,6,3,0.0,0.5,0.0,0.5
guest,3,1,0,0,3,1,6,2,0.0,1.0,0.0,1.0
parent_cnt,3,1,0,0,3,1,6,2,0.0,1.0,0.0,1.0
is_sub,0,0,6,1,0,0,6,1,,,,
hosts,6,1,0,0,0,0,6,1,0.0,0.0,0.0,0.0
time_needed,0,0,6,2,0,0,6,2,,,,
count_b_le_j,0,0,6,1,0,0,6,1,,,,
s_row,0,0,6,1,0,0,6,1,,,,
boy,3,1,0,0,3,1,6,2,0.0,1.0,0.0,1.0
added,0,0,6,1,0,0,6,1,,,,
carry_in,0,0,6,1,0,0,6,1,,,,
result_cost,0,0,6,1,0,0,6,1,,,,
t_values,0,0,0,0,6,1,6,1,,,,
ancestors,3,1,0,0,3,1,6,2,0.0,1.0,0.0,1.0
time_diff,0,0,4,1,2,1,6,2,,,,
capitals,0,0,0,0,6,1,6,1,,,,
d_i,0,0,3,1,3,1,6,2,,,,
reversed_colors,0,0,0,0,6,1,6,1,,,,
current_prime,0,0,6,1,0,0,6,1,,,,
drs,6,1,0,0,0,0,6,1,0.0,0.0,0.0,0.0
source,6,1,0,0,0,0,6,1,0.0,0.0,0.0,0.0
prime_factors,0,0,0,0,6,1,6,1,,,,
current_j,0,0,6,1,0,0,6,1,,,,
catamarans,0,0,0,0,6,1,6,1,,,,
dir_idx,0,0,0,0,6,1,6,1,,,,
new_count,0,0,0,0,6,1,6,1,,,,
low_first,0,0,0,0,6,1,6,1,,,,
next_pos_open,0,0,6,1,0,0,6,1,,,,
office,0,0,0,0,6,1,6,1,,,,
max_cookies,0,0,6,1,0,0,6,1,,,,
x_list,0,0,6,2,0,0,6,2,,,,
zero_indices,0,0,3,1,3,1,6,2,,,,
max_char,0,0,3,1,3,1,6,2,,,,
total_size,0,0,0,0,6,1,6,1,,,,
is_non_empty,0,0,0,0,6,1,6,1,,,,
first_index,0,0,0,0,6,1,6,1,,,,
board1,4,1,0,0,2,1,6,2,0.0,0.5,0.0,1.0
t_sq,0,0,6,1,0,0,6,1,,,,
collision_vert,0,0,6,1,0,0,6,1,,,,
ambiguous,6,1,0,0,0,0,6,1,0.0,0.0,0.0,0.0
sorted_skills,0,0,3,1,3,1,6,2,,,,
M2,6,1,0,0,0,0,6,1,0.0,0.0,0.0,0.0
numIn,6,1,0,0,0,0,6,1,0.0,0.0,0.0,0.0
answered,6,1,0,0,0,0,6,1,0.0,0.0,0.0,0.0
last_send_time,0,0,0,0,6,1,6,1,,,,
guess,0,0,0,0,6,2,6,2,,,,
lasttime,6,1,0,0,0,0,6,1,0.0,0.0,0.0,0.0
d_p,0,0,0,0,6,1,6,1,,,,
variance,0,0,0,0,6,1,6,1,,,,
currSet,6,1,0,0,0,0,6,1,0.0,0.0,0.0,0.0
sum_z,0,0,6,1,0,0,6,1,,,,
min_ind,6,1,0,0,0,0,6,1,0.0,0.0,0.0,0.0
major_found,0,0,0,0,6,1,6,1,,,,
colours,3,1,0,0,3,1,6,2,0.0,1.0,0.0,1.0
word_dict,3,1,0,0,3,1,6,2,0.0,1.0,0.0,1.0
temp1,6,1,0,0,0,0,6,1,0.0,0.0,0.0,0.0
dy2,4,1,2,1,0,0,6,2,0.5,0.0,1.0,0.0
inner,0,0,6,1,0,0,6,1,,,,
and_val,0,0,6,1,0,0,6,1,,,,
is_max,0,0,0,0,6,1,6,1,,,,
initial_p,0,0,0,0,6,1,6,1,,,,
evict,0,0,6,1,0,0,6,1,,,,
bl,6,1,0,0,0,0,6,1,0.0,0.0,0.0,0.0
next_pos_close,0,0,6,1,0,0,6,1,,,,
is_outdated,0,0,6,1,0,0,6,1,,,,
a_used,0,0,6,1,0,0,6,1,,,,
adjacent_colors,0,0,0,0,6,1,6,1,,,,
chk1,6,1,0,0,0,0,6,1,0.0,0.0,0.0,0.0
current_leader,0,0,6,1,0,0,6,1,,,,
eggs,3,1,0,0,3,1,6,2,0.0,1.0,0.0,1.0
knight_pos,0,0,2,1,4,1,6,2,,,,
a_min,0,0,6,1,0,0,6,1,,,,
count_4,0,0,3,1,3,1,6,2,,,,
colour_counts,3,1,0,0,3,1,6,2,0.0,1.0,0.0,1.0
finish,6,1,0,0,0,0,6,1,0.0,0.0,0.0,0.0
c_prime,4,1,0,0,2,1,6,2,0.0,0.5,0.0,1.0
all_x,0,0,6,1,0,0,6,1,,,,
wolf_pig,0,0,0,0,6,1,6,1,,,,
all_bad,0,0,6,1,0,0,6,1,,,,
readint,4,2,0,0,2,1,6,3,0.0,0.5,0.0,0.5
deltatemp_plus,3,1,0,0,3,1,6,2,0.0,1.0,0.0,1.0
last_key,6,1,0,0,0,0,6,1,0.0,0.0,0.0,0.0
minor_found,0,0,0,0,6,1,6,1,,,,
Mem,3,1,0,0,3,1,6,2,0.0,1.0,0.0,1.0
occupied_next,0,0,6,1,0,0,6,1,,,,
finv,3,1,0,0,3,1,6,2,0.0,1.0,0.0,1.0
total_b,0,0,3,1,3,1,6,2,,,,
sum_positive,0,0,0,0,6,1,6,1,,,,
miny1,6,1,0,0,0,0,6,1,0.0,0.0,0.0,0.0
col_order,0,0,6,1,0,0,6,1,,,,
size_to_i,2,1,0,0,4,1,6,2,0.0,2.0,0.0,1.0
py2,6,1,0,0,0,0,6,1,0.0,0.0,0.0,0.0
bn,6,1,0,0,0,0,6,1,0.0,0.0,0.0,0.0
cumulative,0,0,6,1,0,0,6,1,,,,
t_bus,0,0,0,0,6,1,6,1,,,,
padded_line,0,0,0,0,6,1,6,1,,,,
next_zero,6,1,0,0,0,0,6,1,0.0,0.0,0.0,0.0
is_cycle,0,0,6,1,0,0,6,1,,,,
start_j,0,0,6,2,0,0,6,2,,,,
failturePoint,6,1,0,0,0,0,6,1,0.0,0.0,0.0,0.0
best_guess,0,0,0,0,6,1,6,1,,,,
start_length,0,0,0,0,6,1,6,1,,,,
long,3,1,0,0,3,1,6,2,0.0,1.0,0.0,1.0
prefix_phy_width,0,0,6,1,0,0,6,1,,,,
cent,0,0,0,0,6,1,6,1,,,,
clusters,0,0,0,0,6,1,6,1,,,,
guesses,3,1,0,0,3,1,6,2,0.0,1.0,0.0,1.0
b_segment,0,0,0,0,6,2,6,2,,,,
gets,6,2,0,0,0,0,6,2,0.0,0.0,0.0,0.0
abc,2,1,4,1,0,0,6,2,2.0,0.0,1.0,0.0
required_len,0,0,2,1,4,1,6,2,,,,
cx,0,0,0,0,6,3,6,3,,,,
s_to_points,0,0,0,0,6,1,6,1,,,,
slice_range,6,1,0,0,0,0,6,1,0.0,0.0,0.0,0.0
up_last,0,0,0,0,6,1,6,1,,,,
prevIndex,6,1,0,0,0,0,6,1,0.0,0.0,0.0,0.0
none_ways,0,0,6,1,0,0,6,1,,,,
rightmost,6,1,0,0,0,0,6,1,0.0,0.0,0.0,0.0
cycle_found,0,0,0,0,6,1,6,1,,,,
DEBUG,6,3,0,0,0,0,6,3,0.0,0.0,0.0,0.0
t_end,0,0,0,0,6,1,6,1,,,,
len_ab,0,0,0,0,6,1,6,1,,,,
is_possible,0,0,0,0,6,1,6,1,,,,
optimal_i,0,0,0,0,6,1,6,1,,,,
f_prev_prev,0,0,6,1,0,0,6,1,,,,
mascul,6,1,0,0,0,0,6,1,0.0,0.0,0.0,0.0
min_round,0,0,6,1,0,0,6,1,,,,
pnt2,6,1,0,0,0,0,6,1,0.0,0.0,0.0,0.0
yes,6,1,0,0,0,0,6,1,0.0,0.0,0.0,0.0
next_balance_close,0,0,6,1,0,0,6,1,,,,
validSet,6,1,0,0,0,0,6,1,0.0,0.0,0.0,0.0
t3,2,1,0,0,4,2,6,3,0.0,2.0,0.0,2.0
r_new,0,0,6,1,0,0,6,1,,,,
best_right,0,0,6,1,0,0,6,1,,,,
line_map,0,0,0,0,6,1,6,1,,,,
result_path,0,0,6,1,0,0,6,1,,,,
use,6,1,0,0,0,0,6,1,0.0,0.0,0.0,0.0
read_ptr,0,0,0,0,6,1,6,1,,,,
box_bottom,3,1,0,0,3,1,6,2,0.0,1.0,0.0,1.0
vertexes,6,1,0,0,0,0,6,1,0.0,0.0,0.0,0.0
x_coords,0,0,0,0,6,1,6,1,,,,
15,0,0,0,0,6,1,6,1,,,,
row_map,0,0,0,0,6,1,6,1,,,,
m_max_part,0,0,6,1,0,0,6,1,,,,
t_day,0,0,0,0,6,1,6,1,,,,
cnt256,6,1,0,0,0,0,6,1,0.0,0.0,0.0,0.0
potential_sz,6,1,0,0,0,0,6,1,0.0,0.0,0.0,0.0
print_row,3,1,0,0,3,1,6,2,0.0,1.0,0.0,1.0
a_part,0,0,2,1,4,2,6,3,,,,
magic_sum,0,0,6,1,0,0,6,1,,,,
max_single,0,0,6,1,0,0,6,1,,,,
need_end,6,1,0,0,0,0,6,1,0.0,0.0,0.0,0.0
ending,0,0,0,0,6,1,6,1,,,,
colored,6,1,0,0,0,0,6,1,0.0,0.0,0.0,0.0
strs,3,1,0,0,3,1,6,2,0.0,1.0,0.0,1.0
max_pi,0,0,6,1,0,0,6,1,,,,
prime_list,6,1,0,0,0,0,6,1,0.0,0.0,0.0,0.0
right_len,0,0,0,0,6,1,6,1,,,,
mean,0,0,0,0,6,1,6,1,,,,
xp,0,0,2,1,4,1,6,2,,,,
contador,6,1,0,0,0,0,6,1,0.0,0.0,0.0,0.0
central,0,0,0,0,6,1,6,1,,,,
sel,6,1,0,0,0,0,6,1,0.0,0.0,0.0,0.0
ambiguity,0,0,6,1,0,0,6,1,,,,
current_bottom,0,0,0,0,6,1,6,1,,,,
param_type,0,0,6,1,0,0,6,1,,,,
adults,0,0,0,0,6,1,6,1,,,,
last_z,0,0,6,1,0,0,6,1,,,,
slimmer_s,2,1,0,0,4,1,6,2,0.0,2.0,0.0,1.0
all_colors,0,0,2,1,4,1,6,2,,,,
tails,0,0,6,1,0,0,6,1,,,,
valid_check,0,0,6,1,0,0,6,1,,,,
use_roads,6,1,0,0,0,0,6,1,0.0,0.0,0.0,0.0
brand_new,6,1,0,0,0,0,6,1,0.0,0.0,0.0,0.0
prev_total,0,0,6,1,0,0,6,1,,,,
bulbs,0,0,3,1,3,1,6,2,,,,
next_city,0,0,0,0,6,1,6,1,,,,
max_end,0,0,0,0,6,1,6,1,,,,
body_parts,0,0,0,0,6,1,6,1,,,,
num_components,0,0,0,0,6,1,6,1,,,,
drivers,0,0,0,0,6,1,6,1,,,,
potentials,6,1,0,0,0,0,6,1,0.0,0.0,0.0,0.0
_word,6,1,0,0,0,0,6,1,0.0,0.0,0.0,0.0
rightbank,6,1,0,0,0,0,6,1,0.0,0.0,0.0,0.0
current_i,0,0,6,1,0,0,6,1,,,,
mult,6,1,0,0,0,0,6,1,0.0,0.0,0.0,0.0
valid_flag,0,0,6,1,0,0,6,1,,,,
seek,3,1,0,0,3,1,6,2,0.0,1.0,0.0,1.0
subordinates,0,0,0,0,6,1,6,1,,,,
current_zero,6,1,0,0,0,0,6,1,0.0,0.0,0.0,0.0
midcx,3,1,0,0,3,1,6,2,0.0,1.0,0.0,1.0
maxVal,6,1,0,0,0,0,6,1,0.0,0.0,0.0,0.0
max_ind,6,1,0,0,0,0,6,1,0.0,0.0,0.0,0.0
char_a,0,0,6,1,0,0,6,1,,,,
has_zero,0,0,6,1,0,0,6,1,,,,
min_point,0,0,0,0,6,1,6,1,,,,
wk_pos,0,0,6,1,0,0,6,1,,,,
distressed,0,0,3,1,3,1,6,2,,,,
best_subset,0,0,6,1,0,0,6,1,,,,
jump_pos,0,0,0,0,6,1,6,1,,,,
vasya_max,0,0,0,0,6,1,6,1,,,,
y_coords,0,0,0,0,6,1,6,1,,,,
l_r,6,1,0,0,0,0,6,1,0.0,0.0,0.0,0.0
goout,6,1,0,0,0,0,6,1,0.0,0.0,0.0,0.0
Board,6,1,0,0,0,0,6,1,0.0,0.0,0.0,0.0
in_top_k,0,0,6,1,0,0,6,1,,,,
constraints,0,0,6,1,0,0,6,1,,,,
all_even,0,0,6,1,0,0,6,1,,,,
a_segment,0,0,0,0,6,2,6,2,,,,
did_not_finish_index,6,1,0,0,0,0,6,1,0.0,0.0,0.0,0.0
best_prev,0,0,6,1,0,0,6,1,,,,
board2,4,1,0,0,2,1,6,2,0.0,0.5,0.0,1.0
tot,6,1,0,0,0,0,6,1,0.0,0.0,0.0,0.0
cry_volume,0,0,0,0,6,1,6,1,,,,
password_dict,6,1,0,0,0,0,6,1,0.0,0.0,0.0,0.0
open_span_ids,6,1,0,0,0,0,6,1,0.0,0.0,0.0,0.0
is_waste,0,0,0,0,6,1,6,1,,,,
U2,3,1,0,0,3,1,6,2,0.0,1.0,0.0,1.0
b_part,0,0,4,2,2,1,6,3,,,,
gcd_val,0,0,6,2,0,0,6,2,,,,
y_dim,6,1,0,0,0,0,6,1,0.0,0.0,0.0,0.0
data_b,6,1,0,0,0,0,6,1,0.0,0.0,0.0,0.0
distbest,6,1,0,0,0,0,6,1,0.0,0.0,0.0,0.0
m_max,0,0,6,1,0,0,6,1,,,,
white_king,0,0,0,0,6,1,6,1,,,,
howmany,6,1,0,0,0,0,6,1,0.0,0.0,0.0,0.0
letras,6,1,0,0,0,0,6,1,0.0,0.0,0.0,0.0
nhueco,6,1,0,0,0,0,6,1,0.0,0.0,0.0,0.0
toDelete,3,1,0,0,3,1,6,2,0.0,1.0,0.0,1.0
goal_dist,6,1,0,0,0,0,6,1,0.0,0.0,0.0,0.0
char_b,0,0,6,1,0,0,6,1,,,,
has_triangle,0,0,6,1,0,0,6,1,,,,
bobSpend,3,1,0,0,3,1,6,2,0.0,1.0,0.0,1.0
domain_key,0,0,6,1,0,0,6,1,,,,
list_b,0,0,6,1,0,0,6,1,,,,
l_out,6,1,0,0,0,0,6,1,0.0,0.0,0.0,0.0
drives,0,0,3,1,3,1,6,2,,,,
factorizations,0,0,6,1,0,0,6,1,,,,
femine,6,1,0,0,0,0,6,1,0.0,0.0,0.0,0.0
max_factor,0,0,0,0,6,1,6,1,,,,
best_ai,0,0,6,1,0,0,6,1,,,,
last_i,0,0,6,1,0,0,6,1,,,,
L1,6,3,0,0,0,0,6,3,0.0,0.0,0.0,0.0
b_rotated,0,0,0,0,6,1,6,1,,,,
smallx,6,1,0,0,0,0,6,1,0.0,0.0,0.0,0.0
is_unique,0,0,0,0,6,1,6,1,,,,
var_name,0,0,2,1,4,1,6,2,,,,
card_indices,0,0,0,0,6,1,6,1,,,,
file_system,0,0,6,1,0,0,6,1,,,,
colon_pos,0,0,6,2,0,0,6,2,,,,
iiprv,6,1,0,0,0,0,6,1,0.0,0.0,0.0,0.0
Vec,6,1,0,0,0,0,6,1,0.0,0.0,0.0,0.0
min_next_closest,6,1,0,0,0,0,6,1,0.0,0.0,0.0,0.0
t_arrival,0,0,0,0,6,1,6,1,,,,
max_days,0,0,4,2,2,1,6,3,,,,
total_max,0,0,3,1,3,1,6,2,,,,
existing,0,0,0,0,6,1,6,1,,,,
rounds,3,1,0,0,3,1,6,2,0.0,1.0,0.0,1.0
pws,6,1,0,0,0,0,6,1,0.0,0.0,0.0,0.0
states,0,0,0,0,6,1,6,1,,,,
yu,4,1,0,0,2,1,6,2,0.0,0.5,0.0,1.0
min_p,0,0,6,2,0,0,6,2,,,,
all_ok,0,0,6,1,0,0,6,1,,,,
is_non_increasing,0,0,6,1,0,0,6,1,,,,
restrictions,3,1,0,0,3,1,6,2,0.0,1.0,0.0,1.0
bottles,0,0,0,0,6,1,6,1,,,,
start_section,0,0,6,1,0,0,6,1,,,,
powk,4,1,2,1,0,0,6,2,0.5,0.0,1.0,0.0
prev_pos,0,0,0,0,6,1,6,1,,,,
first_three,0,0,0,0,6,2,6,2,,,,
sum_odds,0,0,0,0,6,1,6,1,,,,
initial_dir,0,0,6,1,0,0,6,1,,,,
yr,0,0,6,1,0,0,6,1,,,,
outer,0,0,6,1,0,0,6,1,,,,
out_edges,0,0,6,1,0,0,6,1,,,,
h1_2,0,0,0,0,6,1,6,1,,,,
rm,6,1,0,0,0,0,6,1,0.0,0.0,0.0,0.0
pre,6,1,0,0,0,0,6,1,0.0,0.0,0.0,0.0
t_prime,6,1,0,0,0,0,6,1,0.0,0.0,0.0,0.0
b_floor,0,0,6,1,0,0,6,1,,,,
rels_count,6,1,0,0,0,0,6,1,0.0,0.0,0.0,0.0
occupied_current,0,0,6,1,0,0,6,1,,,,
max_child,0,0,0,0,6,1,6,1,,,,
holes,0,0,3,1,3,1,6,2,,,,
right_heap,0,0,0,0,6,1,6,1,,,,
deref_count,3,1,0,0,3,1,6,2,0.0,1.0,0.0,1.0
last_end,0,0,0,0,6,1,6,1,,,,
elements,0,0,2,1,4,1,6,2,,,,
digitInput,3,1,0,0,3,1,6,2,0.0,1.0,0.0,1.0
has_gov,0,0,6,1,0,0,6,1,,,,
block_id,0,0,0,0,6,1,6,1,,,,
lower_x,0,0,6,1,0,0,6,1,,,,
al_num,3,1,0,0,3,1,6,2,0.0,1.0,0.0,1.0
heapq,6,1,0,0,0,0,6,1,0.0,0.0,0.0,0.0
sign_x,0,0,0,0,6,1,6,1,,,,
rev,6,1,0,0,0,0,6,1,0.0,0.0,0.0,0.0
all_a,0,0,6,1,0,0,6,1,,,,
U1,3,1,0,0,3,1,6,2,0.0,1.0,0.0,1.0
is_lucky,0,0,0,0,6,1,6,1,,,,
base_n,2,1,0,0,4,1,6,2,0.0,2.0,0.0,1.0
lastworks,6,1,0,0,0,0,6,1,0.0,0.0,0.0,0.0
best_yr,0,0,6,1,0,0,6,1,,,,
collision_right,0,0,6,1,0,0,6,1,,,,
larger,0,0,0,0,6,1,6,1,,,,
deltatemp_minus,3,1,0,0,3,1,6,2,0.0,1.0,0.0,1.0
lhs,0,0,2,1,4,1,6,2,,,,
secondary,0,0,6,1,0,0,6,1,,,,
first_free,6,1,0,0,0,0,6,1,0.0,0.0,0.0,0.0
total_d,0,0,0,0,6,1,6,1,,,,
is_ambiguous,0,0,0,0,6,1,6,1,,,,
ingredients,3,1,0,0,3,1,6,2,0.0,1.0,0.0,1.0
a_processed,0,0,0,0,6,1,6,1,,,,
siv,6,1,0,0,0,0,6,1,0.0,0.0,0.0,0.0
best_left,0,0,6,1,0,0,6,1,,,,
td2,3,1,0,0,3,1,6,2,0.0,1.0,0.0,1.0
numberfound,6,1,0,0,0,0,6,1,0.0,0.0,0.0,0.0
exception_type,0,0,0,0,6,1,6,1,,,,
part1,0,0,4,2,2,1,6,3,,,,
final_balance,0,0,6,1,0,0,6,1,,,,
badIdx,6,1,0,0,0,0,6,1,0.0,0.0,0.0,0.0
females,0,0,3,1,3,1,6,2,,,,
col_map,0,0,0,0,6,1,6,1,,,,
used_women,0,0,6,1,0,0,6,1,,,,
throw_type,0,0,6,1,0,0,6,1,,,,
miny2,6,1,0,0,0,0,6,1,0.0,0.0,0.0,0.0
fout,6,2,0,0,0,0,6,2,0.0,0.0,0.0,0.0
totalEdges,6,1,0,0,0,0,6,1,0.0,0.0,0.0,0.0
expected_first,0,0,0,0,6,1,6,1,,,,
bobCnt,3,1,0,0,3,1,6,2,0.0,1.0,0.0,1.0
dm,3,1,0,0,3,1,6,2,0.0,1.0,0.0,1.0
list_a,0,0,6,1,0,0,6,1,,,,
cur_value,6,1,0,0,0,0,6,1,0.0,0.0,0.0,0.0
new_w,0,0,0,0,6,1,6,1,,,,
dx2,4,1,2,1,0,0,6,2,0.5,0.0,1.0,0.0
anss,6,1,0,0,0,0,6,1,0.0,0.0,0.0,0.0
candidate_str,0,0,0,0,6,1,6,1,,,,
this_gap,3,1,0,0,3,1,6,2,0.0,1.0,0.0,1.0
t_meet,0,0,0,0,6,1,6,1,,,,
row_order,0,0,6,1,0,0,6,1,,,,
new_height,0,0,0,0,6,2,6,2,,,,
M1,6,1,0,0,0,0,6,1,0.0,0.0,0.0,0.0
best_instant,0,0,0,0,6,1,6,1,,,,
which,6,1,0,0,0,0,6,1,0.0,0.0,0.0,0.0
best_ind,6,1,0,0,0,0,6,1,0.0,0.0,0.0,0.0
newNum,3,1,0,0,3,1,6,2,0.0,1.0,0.0,1.0
is_decreasing,0,0,6,1,0,0,6,1,,,,
opt,6,1,0,0,0,0,6,1,0.0,0.0,0.0,0.0
readInts,3,1,0,0,3,1,6,2,0.0,1.0,0.0,1.0
dpNaoDeu,6,1,0,0,0,0,6,1,0.0,0.0,0.0,0.0
has_segment,0,0,6,1,0,0,6,1,,,,
required_r,0,0,6,1,0,0,6,1,,,,
prefix_inf_width,0,0,6,1,0,0,6,1,,,,
all_same,0,0,0,0,6,1,6,1,,,,
at_replaced,0,0,0,0,6,1,6,1,,,,
a_floor,0,0,6,1,0,0,6,1,,,,
adjacency,0,0,6,1,0,0,6,1,,,,
temp_grid,0,0,3,1,3,1,6,2,,,,
poem,3,1,0,0,3,1,6,2,0.0,1.0,0.0,1.0
matb,6,1,0,0,0,0,6,1,0.0,0.0,0.0,0.0
possible_next,0,0,6,1,0,0,6,1,,,,
non_increasing,0,0,0,0,6,1,6,1,,,,
best_side,0,0,0,0,6,1,6,1,,,,
was_over,3,1,0,0,3,1,6,2,0.0,1.0,0.0,1.0
sqrt_x,0,0,0,0,6,2,6,2,,,,
total_wrong,0,0,0,0,6,1,6,1,,,,
all_rotations,0,0,0,0,6,1,6,1,,,,
rook_pos,0,0,2,1,4,1,6,2,,,,
zeros_cnt,6,1,0,0,0,0,6,1,0.0,0.0,0.0,0.0
to_remove,0,0,0,0,6,2,6,2,,,,
best_bj,0,0,6,1,0,0,6,1,,,,
zm,6,1,0,0,0,0,6,1,0.0,0.0,0.0,0.0
employees,0,0,0,0,6,1,6,1,,,,
is_impossible,6,1,0,0,0,0,6,1,0.0,0.0,0.0,0.0
same_o1,0,0,0,0,6,1,6,1,,,,
smaller,0,0,0,0,6,1,6,1,,,,
temp2,6,1,0,0,0,0,6,1,0.0,0.0,0.0,0.0
cw_order,0,0,6,1,0,0,6,1,,,,
forxflag,6,1,0,0,0,0,6,1,0.0,0.0,0.0,0.0
slope_counts,0,0,6,1,0,0,6,1,,,,
is_1_in_numbers_twice,6,1,0,0,0,0,6,1,0.0,0.0,0.0,0.0
wanted,4,1,0,0,2,1,6,2,0.0,0.5,0.0,1.0
perms,0,0,4,2,2,1,6,3,,,,
kayaks,0,0,0,0,6,1,6,1,,,,
a_proc,0,0,6,1,0,0,6,1,,,,
subarrays,0,0,4,1,2,1,6,2,,,,
s_j,0,0,6,1,0,0,6,1,,,,
pascal,6,1,0,0,0,0,6,1,0.0,0.0,0.0,0.0
non_decreasing,0,0,0,0,6,1,6,1,,,,
divided,0,0,6,1,0,0,6,1,,,,
adjlist,6,2,0,0,0,0,6,2,0.0,0.0,0.0,0.0
print_list,6,1,0,0,0,0,6,1,0.0,0.0,0.0,0.0
adjusted,0,0,0,0,6,1,6,1,,,,
pow_10,0,0,5,1,0,0,5,1,,,,
w_pows,0,0,3,1,2,1,5,2,,,,
sizes_order,0,0,5,1,0,0,5,1,,,,
include_in_first,0,0,0,0,5,1,5,1,,,,
pmap,5,1,0,0,0,0,5,1,0.0,0.0,0.0,0.0
is_start,0,0,0,0,5,1,5,1,,,,
current_year,0,0,5,1,0,0,5,1,,,,
rotation_dicts,0,0,5,1,0,0,5,1,,,,
option1_to_option2,0,0,0,0,5,1,5,1,,,,
abs_m,0,0,5,1,0,0,5,1,,,,
comparisons,0,0,2,1,3,1,5,2,,,,
cm,5,1,0,0,0,0,5,1,0.0,0.0,0.0,0.0
q_count,2,1,0,0,3,1,5,2,0.0,1.5,0.0,1.0
handle,0,0,3,2,2,1,5,3,,,,
y_top,0,0,5,1,0,0,5,1,,,,
prog_r,0,0,0,0,5,1,5,1,,,,
fringe,5,1,0,0,0,0,5,1,0.0,0.0,0.0,0.0
jump,2,1,3,1,0,0,5,2,1.5,0.0,1.0,0.0
end_suffix,0,0,0,0,5,1,5,1,,,,
vx_unit,0,0,0,0,5,1,5,1,,,,
chess_r,0,0,0,0,5,1,5,1,,,,
Xy,5,1,0,0,0,0,5,1,0.0,0.0,0.0,0.0
lin,5,1,0,0,0,0,5,1,0.0,0.0,0.0,0.0
fin,5,2,0,0,0,0,5,2,0.0,0.0,0.0,0.0
final_index,5,1,0,0,0,0,5,1,0.0,0.0,0.0,0.0
total_unread,0,0,0,0,5,1,5,1,,,,
unsafe_after,2,1,0,0,3,1,5,2,0.0,1.5,0.0,1.0
candidate1,0,0,2,1,3,1,5,2,,,,
n_x,5,1,0,0,0,0,5,1,0.0,0.0,0.0,0.0
nmk,5,1,0,0,0,0,5,1,0.0,0.0,0.0,0.0
circles,0,0,5,1,0,0,5,1,,,,
eligible,0,0,5,1,0,0,5,1,,,,
informed,0,0,0,0,5,1,5,1,,,,
min_s,0,0,5,1,0,0,5,1,,,,
new_mask,0,0,0,0,5,1,5,1,,,,
max_mark,0,0,5,1,0,0,5,1,,,,
yy,5,1,0,0,0,0,5,1,0.0,0.0,0.0,0.0
odd_list,0,0,0,0,5,1,5,1,,,,
lf,5,1,0,0,0,0,5,1,0.0,0.0,0.0,0.0
dot_counts,0,0,5,1,0,0,5,1,,,,
d_h,0,0,5,1,0,0,5,1,,,,
v_count,0,0,5,1,0,0,5,1,,,,
required_order,0,0,0,0,5,1,5,1,,,,
numer,5,1,0,0,0,0,5,1,0.0,0.0,0.0,0.0
athletes,0,0,3,1,2,1,5,2,,,,
visited_cols_basilisk,0,0,0,0,5,1,5,1,,,,
line_to_points,5,1,0,0,0,0,5,1,0.0,0.0,0.0,0.0
containers,0,0,5,1,0,0,5,1,,,,
max_level,0,0,0,0,5,1,5,1,,,,
dt,0,0,0,0,5,2,5,2,,,,
possible_interesting_indices,0,0,0,0,5,1,5,1,,,,
filtered,0,0,5,2,0,0,5,2,,,,
CM,3,1,0,0,2,1,5,2,0.0,0.6666666666666666,0.0,1.0
reversed_first,0,0,0,0,5,1,5,1,,,,
mod_groups,0,0,0,0,5,1,5,1,,,,
prefix_phy_sign,0,0,5,1,0,0,5,1,,,,
num_right,0,0,5,1,0,0,5,1,,,,
new_str,0,0,5,2,0,0,5,2,,,,
ln_y,0,0,0,0,5,1,5,1,,,,
slip,0,0,0,0,5,1,5,1,,,,
add_len,3,1,0,0,2,1,5,2,0.0,0.6666666666666666,0.0,1.0
l_end,5,1,0,0,0,0,5,1,0.0,0.0,0.0,0.0
available_colors,0,0,0,0,5,1,5,1,,,,
main_courses,0,0,2,1,3,1,5,2,,,,
centers_x,0,0,0,0,5,1,5,1,,,,
app_notifications,0,0,0,0,5,1,5,1,,,,
descending,5,1,0,0,0,0,5,1,0.0,0.0,0.0,0.0
price_str,0,0,0,0,5,1,5,1,,,,
adding,5,1,0,0,0,0,5,1,0.0,0.0,0.0,0.0
new_last_char,0,0,5,1,0,0,5,1,,,,
interval,0,0,5,1,0,0,5,1,,,,
vd,5,1,0,0,0,0,5,1,0.0,0.0,0.0,0.0
max_dr,0,0,0,0,5,1,5,1,,,,
k_count,0,0,5,1,0,0,5,1,,,,
processes,0,0,0,0,5,1,5,1,,,,
all_pairs,0,0,5,1,0,0,5,1,,,,
child_area,0,0,0,0,5,1,5,1,,,,
b_bit,0,0,0,0,5,1,5,1,,,,
a_ptr,0,0,5,1,0,0,5,1,,,,
front_count,0,0,0,0,5,1,5,1,,,,
clockwise_dist,0,0,5,1,0,0,5,1,,,,
degree_counts,0,0,0,0,5,1,5,1,,,,
Sets,5,1,0,0,0,0,5,1,0.0,0.0,0.0,0.0
visited_cols_person,0,0,0,0,5,1,5,1,,,,
include_in_second,0,0,0,0,5,1,5,1,,,,
vy_unit,0,0,0,0,5,1,5,1,,,,
sqrt_val,0,0,5,1,0,0,5,1,,,,
mismatch,0,0,5,1,0,0,5,1,,,,
horizontal_sums,5,1,0,0,0,0,5,1,0.0,0.0,0.0,0.0
sum_S,0,0,5,2,0,0,5,2,,,,
st2,5,2,0,0,0,0,5,2,0.0,0.0,0.0,0.0
noun_count,0,0,5,2,0,0,5,2,,,,
max_plays,0,0,0,0,5,1,5,1,,,,
card,0,0,0,0,5,1,5,1,,,,
newx,0,0,0,0,5,1,5,1,,,,
sevs,5,1,0,0,0,0,5,1,0.0,0.0,0.0,0.0
tup,5,1,0,0,0,0,5,1,0.0,0.0,0.0,0.0
first_days,0,0,0,0,5,1,5,1,,,,
count_A,0,0,3,1,2,1,5,2,,,,
inches,0,0,5,1,0,0,5,1,,,,
back_count,0,0,0,0,5,1,5,1,,,,
b_d,0,0,5,1,0,0,5,1,,,,
prefix_inf_sign,0,0,5,1,0,0,5,1,,,,
suits,5,1,0,0,0,0,5,1,0.0,0.0,0.0,0.0
poi,5,1,0,0,0,0,5,1,0.0,0.0,0.0,0.0
demand,5,1,0,0,0,0,5,1,0.0,0.0,0.0,0.0
hadamard,0,0,5,1,0,0,5,1,,,,
mst_edges,0,0,0,0,5,1,5,1,,,,
new_decimal_pos,0,0,5,1,0,0,5,1,,,,
lights,3,1,0,0,2,1,5,2,0.0,0.6666666666666666,0.0,1.0
vtype,5,1,0,0,0,0,5,1,0.0,0.0,0.0,0.0
choice,0,0,5,2,0,0,5,2,,,,
root1,0,0,0,0,5,1,5,1,,,,
current_statue,0,0,0,0,5,1,5,1,,,,
min_from_end,0,0,5,1,0,0,5,1,,,,
far,0,0,0,0,5,1,5,1,,,,
bound1,5,1,0,0,0,0,5,1,0.0,0.0,0.0,0.0
pre_b,0,0,5,1,0,0,5,1,,,,
worst_ranking,3,1,0,0,2,1,5,2,0.0,0.6666666666666666,0.0,1.0
h_pows,0,0,3,1,2,1,5,2,,,,
max_256,0,0,0,0,5,1,5,1,,,,
ln_x,0,0,0,0,5,1,5,1,,,,
x_neg,0,0,5,1,0,0,5,1,,,,
max_winners,0,0,0,0,5,1,5,1,,,,
petals,0,0,0,0,5,1,5,1,,,,
lrd,2,1,0,0,3,1,5,2,0.0,1.5,0.0,1.0
watchMen,5,1,0,0,0,0,5,1,0.0,0.0,0.0,0.0
prog_l,0,0,0,0,5,1,5,1,,,,
num_count,0,0,0,0,5,1,5,1,,,,
next_occurrence,0,0,0,0,5,1,5,1,,,,
rootofl,5,1,0,0,0,0,5,1,0.0,0.0,0.0,0.0
des,5,1,0,0,0,0,5,1,0.0,0.0,0.0,0.0
totalwrong,5,1,0,0,0,0,5,1,0.0,0.0,0.0,0.0
giver,0,0,0,0,5,1,5,1,,,,
left_heap,0,0,0,0,5,1,5,1,,,,
r_count,0,0,5,1,0,0,5,1,,,,
m_str,0,0,0,0,5,2,5,2,,,,
expected_points,0,0,0,0,5,2,5,2,,,,
actions,3,1,0,0,2,1,5,2,0.0,0.6666666666666666,0.0,1.0
ld,5,1,0,0,0,0,5,1,0.0,0.0,0.0,0.0
shifted,0,0,2,1,3,1,5,2,,,,
child_sums,0,0,5,1,0,0,5,1,,,,
some_num,5,1,0,0,0,0,5,1,0.0,0.0,0.0,0.0
w_max,0,0,2,1,3,1,5,2,,,,
available_two,0,0,0,0,5,1,5,1,,,,
a00,0,0,0,0,5,1,5,1,,,,
next_values,0,0,0,0,5,1,5,1,,,,
gr,3,1,2,1,0,0,5,2,0.6666666666666666,0.0,1.0,0.0
username,0,0,0,0,5,1,5,1,,,,
bad_pairs,0,0,0,0,5,1,5,1,,,,
readidx,5,1,0,0,0,0,5,1,0.0,0.0,0.0,0.0
prev1,0,0,0,0,5,1,5,1,,,,
heigh,5,1,0,0,0,0,5,1,0.0,0.0,0.0,0.0
proc_data,5,1,0,0,0,0,5,1,0.0,0.0,0.0,0.0
unsafe_before,2,1,0,0,3,1,5,2,0.0,1.5,0.0,1.0
rr,5,1,0,0,0,0,5,1,0.0,0.0,0.0,0.0
a_rotated,0,0,0,0,5,1,5,1,,,,
value_indices,0,0,0,0,5,1,5,1,,,,
s_index,0,0,0,0,5,1,5,1,,,,
o_indices,0,0,5,1,0,0,5,1,,,,
new_skills,0,0,5,1,0,0,5,1,,,,
best_ranking,3,1,0,0,2,1,5,2,0.0,0.6666666666666666,0.0,1.0
xl,5,1,0,0,0,0,5,1,0.0,0.0,0.0,0.0
input_line,0,0,3,1,2,1,5,2,,,,
current_product,0,0,5,1,0,0,5,1,,,,
bk_pos,0,0,5,1,0,0,5,1,,,,
centr,5,1,0,0,0,0,5,1,0.0,0.0,0.0,0.0
current_hh,0,0,5,1,0,0,5,1,,,,
line1,5,2,0,0,0,0,5,2,0.0,0.0,0.0,0.0
cur_number,5,1,0,0,0,0,5,1,0.0,0.0,0.0,0.0
dp_nao_deu,0,0,0,0,5,1,5,1,,,,
xy,2,1,0,0,3,1,5,2,0.0,1.5,0.0,1.0
equations,0,0,0,0,5,1,5,1,,,,
box_locations,0,0,5,1,0,0,5,1,,,,
max_limit,0,0,0,0,5,2,5,2,,,,
new_turns,0,0,0,0,5,1,5,1,,,,
visited_rows_basilisk,0,0,0,0,5,1,5,1,,,,
k_indices,0,0,5,1,0,0,5,1,,,,
kr,5,1,0,0,0,0,5,1,0.0,0.0,0.0,0.0
new_max,0,0,0,0,5,1,5,1,,,,
unique_d,0,0,0,0,5,1,5,1,,,,
other_players,0,0,5,1,0,0,5,1,,,,
kf,5,1,0,0,0,0,5,1,0.0,0.0,0.0,0.0
r_end,5,1,0,0,0,0,5,1,0.0,0.0,0.0,0.0
parsed,0,0,5,1,0,0,5,1,,,,
total_needed,0,0,3,1,2,1,5,2,,,,
selected_files,0,0,5,1,0,0,5,1,,,,
inactive_power,0,0,5,1,0,0,5,1,,,,
inps,5,1,0,0,0,0,5,1,0.0,0.0,0.0,0.0
new_x2,0,0,0,0,5,2,5,2,,,,
row_sum,0,0,2,1,3,1,5,2,,,,
total_like,0,0,5,1,0,0,5,1,,,,
adder,2,1,0,0,3,1,5,2,0.0,1.5,0.0,1.0
t_radius,5,1,0,0,0,0,5,1,0.0,0.0,0.0,0.0
completed,0,0,0,0,5,1,5,1,,,,
b_ptr,0,0,5,1,0,0,5,1,,,,
warehouse,0,0,0,0,5,1,5,1,,,,
a_mod_3,5,1,0,0,0,0,5,1,0.0,0.0,0.0,0.0
highest_bit,0,0,0,0,5,1,5,1,,,,
repaint,0,0,5,1,0,0,5,1,,,,
radix,5,1,0,0,0,0,5,1,0.0,0.0,0.0,0.0
beacons,0,0,5,1,0,0,5,1,,,,
toRemove,0,0,0,0,5,1,5,1,,,,
passwords,0,0,3,1,2,1,5,2,,,,
window_counts,0,0,5,1,0,0,5,1,,,,
question_indices,0,0,0,0,5,1,5,1,,,,
leaf,5,1,0,0,0,0,5,1,0.0,0.0,0.0,0.0
dasha_total,0,0,5,1,0,0,5,1,,,,
centers_y,0,0,0,0,5,1,5,1,,,,
b_size,5,1,0,0,0,0,5,1,0.0,0.0,0.0,0.0
span_id,0,0,0,0,5,1,5,1,,,,
sorted_m_max,0,0,5,1,0,0,5,1,,,,
max_exp,0,0,5,2,0,0,5,2,,,,
weeds,0,0,0,0,5,1,5,1,,,,
newrow,5,1,0,0,0,0,5,1,0.0,0.0,0.0,0.0
cpd,5,1,0,0,0,0,5,1,0.0,0.0,0.0,0.0
hello,0,0,5,1,0,0,5,1,,,,
new_r2,0,0,0,0,5,1,5,1,,,,
priority_queue,5,1,0,0,0,0,5,1,0.0,0.0,0.0,0.0
visited_rows_person,0,0,0,0,5,1,5,1,,,,
lower_dict,5,1,0,0,0,0,5,1,0.0,0.0,0.0,0.0
bob_max,5,1,0,0,0,0,5,1,0.0,0.0,0.0,0.0
pows,0,0,0,0,5,1,5,1,,,,
responses,0,0,5,1,0,0,5,1,,,,
1234,5,1,0,0,0,0,5,1,0.0,0.0,0.0,0.0
allprimes,5,1,0,0,0,0,5,1,0.0,0.0,0.0,0.0
h_max,0,0,2,1,3,1,5,2,,,,
current_shelf,0,0,5,1,0,0,5,1,,,,
original_S,0,0,5,1,0,0,5,1,,,,
a_sq,0,0,4,1,1,1,5,2,,,,
pole,2,1,0,0,3,1,5,2,0.0,1.5,0.0,1.0
maxlevel,5,1,0,0,0,0,5,1,0.0,0.0,0.0,0.0
obj,5,1,0,0,0,0,5,1,0.0,0.0,0.0,0.0
prev_p,0,0,5,1,0,0,5,1,,,,
total_liking,0,0,0,0,5,1,5,1,,,,
deps,0,0,2,1,3,1,5,2,,,,
left_len,0,0,0,0,5,1,5,1,,,,
b_proc,0,0,5,1,0,0,5,1,,,,
mat_pow,0,0,2,1,3,1,5,2,,,,
color_neighbors,0,0,0,0,5,1,5,1,,,,
bList,4,1,0,0,1,1,5,2,0.0,0.25,0.0,1.0
s_p,0,0,0,0,5,1,5,1,,,,
h_str,0,0,0,0,5,2,5,2,,,,
masha_total,0,0,5,1,0,0,5,1,,,,
chess_l,0,0,0,0,5,1,5,1,,,,
activeUsers,5,1,0,0,0,0,5,1,0.0,0.0,0.0,0.0
len_p,0,0,2,1,3,1,5,2,,,,
non_gov,0,0,0,0,5,1,5,1,,,,
sum_all_ones,0,0,0,0,5,1,5,1,,,,
right_counts,0,0,5,1,0,0,5,1,,,,
go,5,1,0,0,0,0,5,1,0.0,0.0,0.0,0.0
countA,0,0,5,1,0,0,5,1,,,,
card_lower,5,1,0,0,0,0,5,1,0.0,0.0,0.0,0.0
next_h,0,0,3,1,2,1,5,2,,,,
pair_sum,0,0,5,1,0,0,5,1,,,,
trie,0,0,0,0,5,1,5,1,,,,
palindromes,0,0,5,1,0,0,5,1,,,,
extended,0,0,0,0,5,2,5,2,,,,
dogs,5,1,0,0,0,0,5,1,0.0,0.0,0.0,0.0
min_width,0,0,0,0,5,1,5,1,,,,
next_line,0,0,0,0,5,1,5,1,,,,
valid_solutions,0,0,0,0,5,1,5,1,,,,
upper_dict,5,1,0,0,0,0,5,1,0.0,0.0,0.0,0.0
vasya_solved,0,0,5,1,0,0,5,1,,,,
current_in,0,0,0,0,5,1,5,1,,,,
current_mm,0,0,5,1,0,0,5,1,,,,
lang_to_employees,0,0,0,0,5,1,5,1,,,,
vsum,5,2,0,0,0,0,5,2,0.0,0.0,0.0,0.0
dyn,5,1,0,0,0,0,5,1,0.0,0.0,0.0,0.0
rails_to,5,1,0,0,0,0,5,1,0.0,0.0,0.0,0.0
correct_len,0,0,2,1,3,1,5,2,,,,
clockwise,0,0,5,1,0,0,5,1,,,,
ingredientB,5,1,0,0,0,0,5,1,0.0,0.0,0.0,0.0
codes,0,0,5,2,0,0,5,2,,,,
sieve_limit,0,0,0,0,5,1,5,1,,,,
rdi,5,1,0,0,0,0,5,1,0.0,0.0,0.0,0.0
_sum,5,1,0,0,0,0,5,1,0.0,0.0,0.0,0.0
sent_len,0,0,0,0,5,1,5,1,,,,
notthere,5,1,0,0,0,0,5,1,0.0,0.0,0.0,0.0
simultaneous,0,0,0,0,5,1,5,1,,,,
objs,0,0,0,0,5,1,5,1,,,,
age,0,0,0,0,5,1,5,1,,,,
top_order,0,0,5,1,0,0,5,1,,,,
im,5,1,0,0,0,0,5,1,0.0,0.0,0.0,0.0
max_price,0,0,0,0,5,1,5,1,,,,
book_indices,0,0,0,0,5,1,5,1,,,,
y_bottom,0,0,5,1,0,0,5,1,,,,
capacity,2,1,0,0,3,1,5,2,0.0,1.5,0.0,1.0
nabor,5,1,0,0,0,0,5,1,0.0,0.0,0.0,0.0
inactive_ids,5,1,0,0,0,0,5,1,0.0,0.0,0.0,0.0
ln_z,0,0,0,0,5,1,5,1,,,,
dims,0,0,0,0,5,1,5,1,,,,
current_out,0,0,0,0,5,1,5,1,,,,
good_set,0,0,5,1,0,0,5,1,,,,
Es,5,1,0,0,0,0,5,1,0.0,0.0,0.0,0.0
v_indices,0,0,5,1,0,0,5,1,,,,
queues,0,0,0,0,5,1,5,1,,,,
split2,0,0,0,0,5,1,5,1,,,,
pow2,0,0,5,1,0,0,5,1,,,,
all_segments,0,0,2,1,3,1,5,2,,,,
binl,5,1,0,0,0,0,5,1,0.0,0.0,0.0,0.0
mask_bytes,0,0,0,0,5,1,5,1,,,,
no,5,1,0,0,0,0,5,1,0.0,0.0,0.0,0.0
net_adv,0,0,0,0,5,1,5,1,,,,
prim,5,1,0,0,0,0,5,1,0.0,0.0,0.0,0.0
dst,5,1,0,0,0,0,5,1,0.0,0.0,0.0,0.0
pref,5,1,0,0,0,0,5,1,0.0,0.0,0.0,0.0
current_honey,0,0,5,1,0,0,5,1,,,,
dest,5,1,0,0,0,0,5,1,0.0,0.0,0.0,0.0
xx,5,1,0,0,0,0,5,1,0.0,0.0,0.0,0.0
inv2,0,0,0,0,5,2,5,2,,,,
new_num,0,0,5,2,0,0,5,2,,,,
cost_single,0,0,0,0,4,2,4,2,,,,
initial_k,0,0,0,0,4,1,4,1,,,,
expected_s,0,0,0,0,4,1,4,1,,,,
dg2,2,1,0,0,2,1,4,2,0.0,1.0,0.0,1.0
time_at_max_speed,0,0,0,0,4,2,4,2,,,,
mutual_ones,0,0,0,0,4,1,4,1,,,,
num_digits,0,0,0,0,4,1,4,1,,,,
q_response,0,0,0,0,4,1,4,1,,,,
left_num,0,0,0,0,4,1,4,1,,,,
odd_num,0,0,0,0,4,1,4,1,,,,
f_read,4,1,0,0,0,0,4,1,0.0,0.0,0.0,0.0
rail_adj,0,0,0,0,4,1,4,1,,,,
subtract,0,0,2,1,2,1,4,2,,,,
outclb,4,1,0,0,0,0,4,1,0.0,0.0,0.0,0.0
w_actual,0,0,4,1,0,0,4,1,,,,
hometown,0,0,2,1,2,1,4,2,,,,
minutosTotales,2,1,0,0,2,1,4,2,0.0,1.0,0.0,1.0
ap1,2,1,0,0,2,1,4,2,0.0,1.0,0.0,1.0
low_from,0,0,4,1,0,0,4,1,,,,
reverse_f,0,0,4,1,0,0,4,1,,,,
row_in_pair,0,0,0,0,4,1,4,1,,,,
dzerosinrange,4,1,0,0,0,0,4,1,0.0,0.0,0.0,0.0
counts_sorted,0,0,0,0,4,1,4,1,,,,
changes2,4,1,0,0,0,0,4,1,0.0,0.0,0.0,0.0
k_to_range,0,0,4,1,0,0,4,1,,,,
num_factors,4,1,0,0,0,0,4,1,0.0,0.0,0.0,0.0
expand,4,1,0,0,0,0,4,1,0.0,0.0,0.0,0.0
hash_map,0,0,0,0,4,1,4,1,,,,
storages,0,0,0,0,4,1,4,1,,,,
next_cost_open,0,0,4,1,0,0,4,1,,,,
y_digits,0,0,2,1,2,1,4,2,,,,
max_square,0,0,0,0,4,1,4,1,,,,
alice_counts,0,0,0,0,4,1,4,1,,,,
BITS,4,1,0,0,0,0,4,1,0.0,0.0,0.0,0.0
alice_max,4,1,0,0,0,0,4,1,0.0,0.0,0.0,0.0
current_low,0,0,4,1,0,0,4,1,,,,
sorted_values,0,0,0,0,4,1,4,1,,,,
allocated_id,0,0,4,1,0,0,4,1,,,,
ed,4,1,0,0,0,0,4,1,0.0,0.0,0.0,0.0
right_pattern,0,0,0,0,4,1,4,1,,,,
sum_sq,0,0,2,1,2,1,4,2,,,,
top_score,0,0,0,0,4,1,4,1,,,,
remaining_time,0,0,0,0,4,1,4,1,,,,
total_score,0,0,0,0,4,1,4,1,,,,
next_state_tuple,0,0,4,1,0,0,4,1,,,,
new_seen,0,0,0,0,4,1,4,1,,,,
aby,0,0,0,0,4,1,4,1,,,,
subject_days,0,0,4,1,0,0,4,1,,,,
one_count,0,0,0,0,4,1,4,1,,,,
first_sum,0,0,0,0,4,1,4,1,,,,
rook1,0,0,0,0,4,1,4,1,,,,
res_a,0,0,4,1,0,0,4,1,,,,
women_children,0,0,4,1,0,0,4,1,,,,
sumbl,4,1,0,0,0,0,4,1,0.0,0.0,0.0,0.0
current_dir,0,0,0,0,4,1,4,1,,,,
new_rest,0,0,4,1,0,0,4,1,,,,
square_4,4,1,0,0,0,0,4,1,0.0,0.0,0.0,0.0
input_notes,0,0,2,1,2,1,4,2,,,,
count_ones,0,0,4,1,0,0,4,1,,,,
t_min1,2,1,0,0,2,1,4,2,0.0,1.0,0.0,1.0
t_min2,2,1,0,0,2,1,4,2,0.0,1.0,0.0,1.0
linha,4,1,0,0,0,0,4,1,0.0,0.0,0.0,0.0
once,4,1,0,0,0,0,4,1,0.0,0.0,0.0,0.0
fc,0,0,0,0,4,1,4,1,,,,
divisible_ab,2,1,0,0,2,1,4,2,0.0,1.0,0.0,1.0
problem,0,0,4,1,0,0,4,1,,,,
road_adj,0,0,0,0,4,1,4,1,,,,
unic_symbols,4,1,0,0,0,0,4,1,0.0,0.0,0.0,0.0
next_dasha,0,0,0,0,4,1,4,1,,,,
index_1,4,1,0,0,0,0,4,1,0.0,0.0,0.0,0.0
known_languages,0,0,4,1,0,0,4,1,,,,
orig,4,1,0,0,0,0,4,1,0.0,0.0,0.0,0.0
neighbor,0,0,4,1,0,0,4,1,,,,
queue_size,2,1,0,0,2,1,4,2,0.0,1.0,0.0,1.0
a_diff,0,0,4,1,0,0,4,1,,,,
total_changes2,0,0,0,0,4,1,4,1,,,,
ids,0,0,4,2,0,0,4,2,,,,
s2_occurrences,0,0,4,1,0,0,4,1,,,,
prefix_t2,0,0,0,0,4,1,4,1,,,,
square_response,0,0,0,0,4,1,4,1,,,,
lang_counts,0,0,0,0,4,1,4,1,,,,
connectionsList,4,1,0,0,0,0,4,1,0.0,0.0,0.0,0.0
count_T,0,0,4,1,0,0,4,1,,,,
fruits,0,0,2,1,2,1,4,2,,,,
next_masha,0,0,0,0,4,1,4,1,,,,
lowcost,4,1,0,0,0,0,4,1,0.0,0.0,0.0,0.0
tempPawn,4,1,0,0,0,0,4,1,0.0,0.0,0.0,0.0
saved,0,0,4,1,0,0,4,1,,,,
diagonals1,0,0,0,0,4,1,4,1,,,,
vmin,4,1,0,0,0,0,4,1,0.0,0.0,0.0,0.0
refills,0,0,0,0,4,1,4,1,,,,
paths,4,1,0,0,0,0,4,1,0.0,0.0,0.0,0.0
constructed,0,0,0,0,4,1,4,1,,,,
pos_1,4,1,0,0,0,0,4,1,0.0,0.0,0.0,0.0
nick,2,1,0,0,2,1,4,2,0.0,1.0,0.0,1.0
num_monsters,4,1,0,0,0,0,4,1,0.0,0.0,0.0,0.0
frequencies,0,0,4,1,0,0,4,1,,,,
tier_data,2,1,0,0,2,1,4,2,0.0,1.0,0.0,1.0
onepprod,4,1,0,0,0,0,4,1,0.0,0.0,0.0,0.0
min_right,0,0,2,1,2,1,4,2,,,,
aj,0,0,2,1,2,1,4,2,,,,
train_time,0,0,0,0,4,1,4,1,,,,
color_to_neighbors,0,0,4,1,0,0,4,1,,,,
cleaned,0,0,4,1,0,0,4,1,,,,
shirt_color,0,0,0,0,4,1,4,1,,,,
res3,0,0,4,1,0,0,4,1,,,,
msg0,0,0,4,1,0,0,4,1,,,,
total_trips,0,0,4,1,0,0,4,1,,,,
d_sq,0,0,4,1,0,0,4,1,,,,
rats,0,0,4,1,0,0,4,1,,,,
rook2,0,0,0,0,4,1,4,1,,,,
active_users,0,0,0,0,4,1,4,1,,,,
Os,4,1,0,0,0,0,4,1,0.0,0.0,0.0,0.0
mod1,0,0,0,0,4,1,4,1,,,,
last_read,0,0,0,0,4,1,4,1,,,,
matm,4,1,0,0,0,0,4,1,0.0,0.0,0.0,0.0
back_counts,0,0,4,1,0,0,4,1,,,,
lenght,4,1,0,0,0,0,4,1,0.0,0.0,0.0,0.0
ways,0,0,4,1,0,0,4,1,,,,
months_days,0,0,4,2,0,0,4,2,,,,
in_degree_copy,0,0,0,0,4,1,4,1,,,,
charset,2,1,0,0,2,1,4,2,0.0,1.0,0.0,1.0
tx,0,0,4,1,0,0,4,1,,,,
leng,4,1,0,0,0,0,4,1,0.0,0.0,0.0,0.0
bin,4,1,0,0,0,0,4,1,0.0,0.0,0.0,0.0
next_idx,0,0,0,0,4,1,4,1,,,,
val_right_plus_2,0,0,0,0,4,1,4,1,,,,
M_sorted,0,0,0,0,4,1,4,1,,,,
t_max2,2,1,0,0,2,1,4,2,0.0,1.0,0.0,1.0
raw_num,4,1,0,0,0,0,4,1,0.0,0.0,0.0,0.0
sortedByFirst,4,1,0,0,0,0,4,1,0.0,0.0,0.0,0.0
single,2,1,0,0,2,1,4,2,0.0,1.0,0.0,1.0
ki,0,0,4,1,0,0,4,1,,,,
start_date,0,0,0,0,4,2,4,2,,,,
sorted_freq,0,0,4,1,0,0,4,1,,,,
pilCount,4,1,0,0,0,0,4,1,0.0,0.0,0.0,0.0
forget,2,1,0,0,2,1,4,2,0.0,1.0,0.0,1.0
minus,2,1,2,1,0,0,4,2,1.0,0.0,1.0,0.0
point_counts,0,0,0,0,4,1,4,1,,,,
det1,2,1,0,0,2,1,4,2,0.0,1.0,0.0,1.0
person_start_col,0,0,0,0,4,1,4,1,,,,
allowed_activities,0,0,4,1,0,0,4,1,,,,
noc,2,1,0,0,2,1,4,2,0.0,1.0,0.0,1.0
calculated_angle,0,0,0,0,4,1,4,1,,,,
b_color,0,0,4,1,0,0,4,1,,,,
y_target,4,1,0,0,0,0,4,1,0.0,0.0,0.0,0.0
moods,0,0,0,0,4,1,4,1,,,,
waste_a_list,0,0,4,1,0,0,4,1,,,,
ansy2,4,1,0,0,0,0,4,1,0.0,0.0,0.0,0.0
full_type_name,4,1,0,0,0,0,4,1,0.0,0.0,0.0,0.0
eps,2,1,0,0,2,1,4,2,0.0,1.0,0.0,1.0
operands,0,0,4,1,0,0,4,1,,,,
white_steps,0,0,0,0,4,1,4,1,,,,
sh,0,0,4,2,0,0,4,2,,,,
count_black,0,0,4,1,0,0,4,1,,,,
target_len,0,0,0,0,4,1,4,1,,,,
max_,4,1,0,0,0,0,4,1,0.0,0.0,0.0,0.0
spit_j,0,0,4,1,0,0,4,1,,,,
remaining_caps,0,0,0,0,4,1,4,1,,,,
new_prev,0,0,4,1,0,0,4,1,,,,
frames,0,0,2,1,2,1,4,2,,,,
start_counts,0,0,4,1,0,0,4,1,,,,
denominations,0,0,4,1,0,0,4,1,,,,
divisible,0,0,0,0,4,1,4,1,,,,
blockl,4,1,0,0,0,0,4,1,0.0,0.0,0.0,0.0
mod2,0,0,0,0,4,1,4,1,,,,
curr_distance,2,1,0,0,2,1,4,2,0.0,1.0,0.0,1.0
out_degree,0,0,0,0,4,1,4,1,,,,
os,4,1,0,0,0,0,4,1,0.0,0.0,0.0,0.0
np1,4,1,0,0,0,0,4,1,0.0,0.0,0.0,0.0
target_indices,4,1,0,0,0,0,4,1,0.0,0.0,0.0,0.0
root_a,0,0,0,0,4,1,4,1,,,,
min_days,0,0,2,1,2,1,4,2,,,,
max_from_start,0,0,4,1,0,0,4,1,,,,
lsb,0,0,0,0,4,2,4,2,,,,
num_waste_before,0,0,2,1,2,1,4,2,,,,
jx,0,0,0,0,4,1,4,1,,,,
fractal,0,0,0,0,4,1,4,1,,,,
bob_counts,0,0,0,0,4,1,4,1,,,,
team0,0,0,4,1,0,0,4,1,,,,
masha_num,0,0,4,1,0,0,4,1,,,,
end_s1,0,0,4,1,0,0,4,1,,,,
andrey,0,0,4,1,0,0,4,1,,,,
initial_index2,4,1,0,0,0,0,4,1,0.0,0.0,0.0,0.0
effective,0,0,0,0,4,2,4,2,,,,
beats,0,0,0,0,4,1,4,1,,,,
nod,4,1,0,0,0,0,4,1,0.0,0.0,0.0,0.0
min_earnings,0,0,0,0,4,1,4,1,,,,
row_mins,0,0,0,0,4,1,4,1,,,,
mid_char,0,0,4,1,0,0,4,1,,,,
base_str,0,0,2,1,2,1,4,2,,,,
indx,4,1,0,0,0,0,4,1,0.0,0.0,0.0,0.0
entree,2,1,0,0,2,1,4,2,0.0,1.0,0.0,1.0
nchats,2,1,0,0,2,1,4,2,0.0,1.0,0.0,1.0
validendings,4,1,0,0,0,0,4,1,0.0,0.0,0.0,0.0
prices_sorted,0,0,0,0,4,1,4,1,,,,
next_cost_close,0,0,4,1,0,0,4,1,,,,
max_next,0,0,4,2,0,0,4,2,,,,
target2,0,0,0,0,4,2,4,2,,,,
cut,0,0,0,0,4,1,4,1,,,,
target1,0,0,0,0,4,2,4,2,,,,
possible_sums,0,0,0,0,4,1,4,1,,,,
bessie_state,0,0,4,2,0,0,4,2,,,,
symm,2,1,0,0,2,1,4,2,0.0,1.0,0.0,1.0
inv_denominator,0,0,2,1,2,1,4,2,,,,
cyclefind,4,1,0,0,0,0,4,1,0.0,0.0,0.0,0.0
indexed_marks,0,0,0,0,4,1,4,1,,,,
total_cells,0,0,0,0,4,2,4,2,,,,
count3,0,0,4,1,0,0,4,1,,,,
coeff,0,0,4,1,0,0,4,1,,,,
start_point,4,1,0,0,0,0,4,1,0.0,0.0,0.0,0.0
elsie_state,0,0,4,2,0,0,4,2,,,,
row_left,0,0,0,0,4,1,4,1,,,,
elsie_reachable,0,0,2,1,2,1,4,2,,,,
other_departments,0,0,0,0,4,1,4,1,,,,
start_i,0,0,4,1,0,0,4,1,,,,
condition1,2,1,2,1,0,0,4,2,1.0,0.0,1.0,0.0
vp,4,1,0,0,0,0,4,1,0.0,0.0,0.0,0.0
minimal_operations,0,0,4,2,0,0,4,2,,,,
out2,4,1,0,0,0,0,4,1,0.0,0.0,0.0,0.0
child_segments,0,0,2,1,2,1,4,2,,,,
valid_puzzles,0,0,4,1,0,0,4,1,,,,
new_window,0,0,4,1,0,0,4,1,,,,
events_by_val,4,1,0,0,0,0,4,1,0.0,0.0,0.0,0.0
disliked,0,0,4,1,0,0,4,1,,,,
connections,0,0,0,0,4,1,4,1,,,,
precedence,0,0,4,1,0,0,4,1,,,,
climb_day,0,0,0,0,4,1,4,1,,,,
count74,0,0,4,1,0,0,4,1,,,,
max_z,0,0,4,2,0,0,4,2,,,,
odds_sorted,0,0,0,0,4,1,4,1,,,,
strL,2,1,0,0,2,1,4,2,0.0,1.0,0.0,1.0
lexemes,0,0,4,1,0,0,4,1,,,,
angle_deg,0,0,4,1,0,0,4,1,,,,
total_r,0,0,0,0,4,1,4,1,,,,
team_list,0,0,0,0,4,1,4,1,,,,
index_2,4,1,0,0,0,0,4,1,0.0,0.0,0.0,0.0
indexes,4,1,0,0,0,0,4,1,0.0,0.0,0.0,0.0
counter_dist,0,0,4,1,0,0,4,1,,,,
current_buys,0,0,0,0,4,1,4,1,,,,
new_latitude,0,0,4,1,0,0,4,1,,,,
k_str,0,0,0,0,4,1,4,1,,,,
mosquitoes,2,1,0,0,2,1,4,2,0.0,1.0,0.0,1.0
mydic,4,1,0,0,0,0,4,1,0.0,0.0,0.0,0.0
last_element_first,2,1,0,0,2,1,4,2,0.0,1.0,0.0,1.0
new_leader_original,0,0,4,1,0,0,4,1,,,,
prev_v,0,0,0,0,4,1,4,1,,,,
w_min,0,0,2,1,2,1,4,2,,,,
toadd,4,1,0,0,0,0,4,1,0.0,0.0,0.0,0.0
lt,4,1,0,0,0,0,4,1,0.0,0.0,0.0,0.0
run_counts,0,0,0,0,4,1,4,1,,,,
flowers,0,0,0,0,4,1,4,1,,,,
picklist,4,1,0,0,0,0,4,1,0.0,0.0,0.0,0.0
boss,4,1,0,0,0,0,4,1,0.0,0.0,0.0,0.0
h_actual,0,0,4,1,0,0,4,1,,,,
change,4,1,0,0,0,0,4,1,0.0,0.0,0.0,0.0
ap2,2,1,0,0,2,1,4,2,0.0,1.0,0.0,1.0
next_sizes,0,0,4,1,0,0,4,1,,,,
NMAX,4,1,0,0,0,0,4,1,0.0,0.0,0.0,0.0
clist,4,1,0,0,0,0,4,1,0.0,0.0,0.0,0.0
new_vectors,0,0,0,0,4,1,4,1,,,,
volt,4,1,0,0,0,0,4,1,0.0,0.0,0.0,0.0
sort_key,2,1,0,0,2,1,4,2,0.0,1.0,0.0,1.0
input_tokens,2,1,0,0,2,1,4,2,0.0,1.0,0.0,1.0
syllables,0,0,4,1,0,0,4,1,,,,
ky,0,0,4,1,0,0,4,1,,,,
centers,2,1,0,0,2,1,4,2,0.0,1.0,0.0,1.0
prv,4,1,0,0,0,0,4,1,0.0,0.0,0.0,0.0
lenl,4,1,0,0,0,0,4,1,0.0,0.0,0.0,0.0
new_all,0,0,0,0,4,1,4,1,,,,
det2,2,1,0,0,2,1,4,2,0.0,1.0,0.0,1.0
endpoints,0,0,4,1,0,0,4,1,,,,
edge_list,0,0,0,0,4,1,4,1,,,,
UNSAFE_BEFORE,2,1,0,0,2,1,4,2,0.0,1.0,0.0,1.0
partial_sums,0,0,4,1,0,0,4,1,,,,
c_wins,0,0,4,1,0,0,4,1,,,,
informatics,0,0,0,0,4,1,4,1,,,,
wolves,0,0,4,1,0,0,4,1,,,,
m2a,4,1,0,0,0,0,4,1,0.0,0.0,0.0,0.0
Tp,2,1,0,0,2,1,4,2,0.0,1.0,0.0,1.0
full_columns,0,0,0,0,4,1,4,1,,,,
ctr,4,2,0,0,0,0,4,2,0.0,0.0,0.0,0.0
max_roll,0,0,2,1,2,1,4,2,,,,
reversed_segment,0,0,0,0,4,1,4,1,,,,
g_pos,0,0,4,1,0,0,4,1,,,,
ten,4,1,0,0,0,0,4,1,0.0,0.0,0.0,0.0
tiers,2,1,0,0,2,1,4,2,0.0,1.0,0.0,1.0
n_ways,4,1,0,0,0,0,4,1,0.0,0.0,0.0,0.0
concentrations,2,1,0,0,2,1,4,2,0.0,1.0,0.0,1.0
UNSAFE_AFTER,2,1,0,0,2,1,4,2,0.0,1.0,0.0,1.0
remaining_after_houses,0,0,0,0,4,1,4,1,,,,
a_counts,0,0,4,1,0,0,4,1,,,,
op_counts,0,0,4,1,0,0,4,1,,,,
start_s1,0,0,0,0,4,1,4,1,,,,
secC,4,1,0,0,0,0,4,1,0.0,0.0,0.0,0.0
next_msg,0,0,4,1,0,0,4,1,,,,
leap,2,1,0,0,2,1,4,2,0.0,1.0,0.0,1.0
rowsum,2,1,0,0,2,1,4,2,0.0,1.0,0.0,1.0
invalid_splits,0,0,0,0,4,1,4,1,,,,
count2,0,0,4,1,0,0,4,1,,,,
parity_a,0,0,0,0,4,1,4,1,,,,
max_q,0,0,2,1,2,1,4,2,,,,
dislike_dict,0,0,4,1,0,0,4,1,,,,
bessie_reachable,0,0,2,1,2,1,4,2,,,,
new_diff,0,0,2,1,2,1,4,2,,,,
rx1,2,1,0,0,2,1,4,2,0.0,1.0,0.0,1.0
h_min,0,0,2,1,2,1,4,2,,,,
close_next,0,0,0,0,4,1,4,1,,,,
PARTS,4,1,0,0,0,0,4,1,0.0,0.0,0.0,0.0
red_area,0,0,0,0,4,1,4,1,,,,
class_count,4,1,0,0,0,0,4,1,0.0,0.0,0.0,0.0
ori,2,1,0,0,2,1,4,2,0.0,1.0,0.0,1.0
plus,2,1,2,1,0,0,4,2,1.0,0.0,1.0,0.0
required_m,0,0,4,1,0,0,4,1,,,,
black_steps,0,0,0,0,4,1,4,1,,,,
f_events,0,0,0,0,4,1,4,1,,,,
g_neg,0,0,4,1,0,0,4,1,,,,
s_sq,0,0,4,1,0,0,4,1,,,,
some_color,0,0,0,0,4,1,4,1,,,,
noblocks,4,1,0,0,0,0,4,1,0.0,0.0,0.0,0.0
shop_to_house,4,1,0,0,0,0,4,1,0.0,0.0,0.0,0.0
lines_used,0,0,0,0,4,1,4,1,,,,
nominator,4,1,0,0,0,0,4,1,0.0,0.0,0.0,0.0
count_dict,0,0,4,1,0,0,4,1,,,,
circu,2,1,0,0,2,1,4,2,0.0,1.0,0.0,1.0
pattern2_b,0,0,0,0,4,1,4,1,,,,
win,0,0,0,0,4,1,4,1,,,,
last_msg,0,0,0,0,4,1,4,1,,,,
layer,0,0,0,0,4,1,4,1,,,,
bus_time,0,0,0,0,4,1,4,1,,,,
deltas,0,0,4,1,0,0,4,1,,,,
min_S,0,0,4,1,0,0,4,1,,,,
count_3,0,0,4,1,0,0,4,1,,,,
prefix_non_neg,0,0,0,0,4,1,4,1,,,,
decrypted_word,4,1,0,0,0,0,4,1,0.0,0.0,0.0,0.0
wind,0,0,2,1,2,1,4,2,,,,
min_suffix,0,0,4,1,0,0,4,1,,,,
up_to,0,0,4,1,0,0,4,1,,,,
max_mid,0,0,0,0,4,1,4,1,,,,
value_pos,0,0,0,0,4,1,4,1,,,,
valid_times,0,0,0,0,4,1,4,1,,,,
c_bigger,2,1,0,0,2,1,4,2,0.0,1.0,0.0,1.0
notification_info,0,0,0,0,4,1,4,1,,,,
condition2,2,1,2,1,0,0,4,2,1.0,0.0,1.0,0.0
mapsto,4,1,0,0,0,0,4,1,0.0,0.0,0.0,0.0
vrx,0,0,0,0,4,1,4,1,,,,
pack2s,4,1,0,0,0,0,4,1,0.0,0.0,0.0,0.0
winners,0,0,4,1,0,0,4,1,,,,
a_sorted_min,0,0,0,0,4,1,4,1,,,,
b_sorted_desc,0,0,2,1,2,1,4,2,,,,
group_start,0,0,4,1,0,0,4,1,,,,
speedup,4,1,0,0,0,0,4,1,0.0,0.0,0.0,0.0
nextv,4,1,0,0,0,0,4,1,0.0,0.0,0.0,0.0
networks,0,0,0,0,4,1,4,1,,,,
val_right_plus_1,0,0,0,0,4,1,4,1,,,,
inVal,4,1,0,0,0,0,4,1,0.0,0.0,0.0,0.0
num_records,2,1,0,0,2,1,4,2,0.0,1.0,0.0,1.0
res_last_max,0,0,4,1,0,0,4,1,,,,
row_right,0,0,0,0,4,1,4,1,,,,
ratios,0,0,4,1,0,0,4,1,,,,
sg,4,1,0,0,0,0,4,1,0.0,0.0,0.0,0.0
direction_changes,0,0,0,0,4,1,4,1,,,,
min_tea,0,0,2,1,2,1,4,2,,,,
mercenes,2,1,0,0,2,1,4,2,0.0,1.0,0.0,1.0
sorted_unique_a,0,0,4,1,0,0,4,1,,,,
coefficients,0,0,4,1,0,0,4,1,,,,
curX,4,1,0,0,0,0,4,1,0.0,0.0,0.0,0.0
abx,0,0,0,0,4,1,4,1,,,,
T2,0,0,4,1,0,0,4,1,,,,
y_list,0,0,4,1,0,0,4,1,,,,
trump,2,1,0,0,2,1,4,2,0.0,1.0,0.0,1.0
note_to_index,0,0,4,1,0,0,4,1,,,,
vlx,0,0,0,0,4,1,4,1,,,,
col_mins,0,0,0,0,4,1,4,1,,,,
minuses,0,0,4,1,0,0,4,1,,,,
rem_a,0,0,4,1,0,0,4,1,,,,
count_combined,0,0,0,0,4,1,4,1,,,,
ANY,2,1,0,0,2,1,4,2,0.0,1.0,0.0,1.0
a_points,0,0,0,0,4,1,4,1,,,,
juicer,4,1,0,0,0,0,4,1,0.0,0.0,0.0,0.0
try_stack,0,0,4,1,0,0,4,1,,,,
wrong_attempts,0,0,4,1,0,0,4,1,,,,
cap,4,1,0,0,0,0,4,1,0.0,0.0,0.0,0.0
ansy1,4,1,0,0,0,0,4,1,0.0,0.0,0.0,0.0
rooms,0,0,2,1,2,1,4,2,,,,
left_pattern,0,0,0,0,4,1,4,1,,,,
bothIdioms,4,1,0,0,0,0,4,1,0.0,0.0,0.0,0.0
blist,2,1,0,0,2,1,4,2,0.0,1.0,0.0,1.0
team_sizes,0,0,0,0,4,1,4,1,,,,
total_counter,0,0,0,0,4,1,4,1,,,,
parts_rest,0,0,4,1,0,0,4,1,,,,
res49,0,0,4,1,0,0,4,1,,,,
incomplete,0,0,0,0,4,1,4,1,,,,
distincts,4,1,0,0,0,0,4,1,0.0,0.0,0.0,0.0
current_dmg,0,0,0,0,4,1,4,1,,,,
b_p,0,0,4,1,0,0,4,1,,,,
maxm,4,1,0,0,0,0,4,1,0.0,0.0,0.0,0.0
reachable,0,0,4,1,0,0,4,1,,,,
aSold,4,1,0,0,0,0,4,1,0.0,0.0,0.0,0.0
next_,0,0,2,1,2,1,4,2,,,,
path_set_to_hosts,0,0,4,1,0,0,4,1,,,,
s0,0,0,4,1,0,0,4,1,,,,
names2,4,1,0,0,0,0,4,1,0.0,0.0,0.0,0.0
cmpr,4,1,0,0,0,0,4,1,0.0,0.0,0.0,0.0
mbase,4,1,0,0,0,0,4,1,0.0,0.0,0.0,0.0
min_step,0,0,4,1,0,0,4,1,,,,
candidate_num,0,0,4,1,0,0,4,1,,,,
maxi,4,2,0,0,0,0,4,2,0.0,0.0,0.0,0.0
sols,4,1,0,0,0,0,4,1,0.0,0.0,0.0,0.0
total_clockwise,0,0,0,0,4,1,4,1,,,,
ft_y,0,0,0,0,4,1,4,1,,,,
OP_BIT,2,1,0,0,2,1,4,2,0.0,1.0,0.0,1.0
hostName,4,1,0,0,0,0,4,1,0.0,0.0,0.0,0.0
lj,0,0,4,1,0,0,4,1,,,,
max_S,0,0,4,1,0,0,4,1,,,,
a_prime,0,0,4,2,0,0,4,2,,,,
getv,4,1,0,0,0,0,4,1,0.0,0.0,0.0,0.0
inclb,4,1,0,0,0,0,4,1,0.0,0.0,0.0,0.0
pd,4,1,0,0,0,0,4,1,0.0,0.0,0.0,0.0
instant_spells,0,0,0,0,4,1,4,1,,,,
mids,0,0,0,0,4,1,4,1,,,,
yaroslav_score,0,0,0,0,4,1,4,1,,,,
final_scores,0,0,4,1,0,0,4,1,,,,
b_val,0,0,0,0,4,1,4,1,,,,
m_wins,0,0,4,1,0,0,4,1,,,,
firstdish,4,1,0,0,0,0,4,1,0.0,0.0,0.0,0.0
temp_result1,4,1,0,0,0,0,4,1,0.0,0.0,0.0,0.0
countG,0,0,0,0,4,1,4,1,,,,
sum_si,0,0,4,1,0,0,4,1,,,,
len_first,0,0,0,0,4,1,4,1,,,,
count47,0,0,4,1,0,0,4,1,,,,
t_max3,2,1,0,0,2,1,4,2,0.0,1.0,0.0,1.0
ingredientA,4,1,0,0,0,0,4,1,0.0,0.0,0.0,0.0
col_bottom,0,0,0,0,4,1,4,1,,,,
name_to_index,0,0,4,1,0,0,4,1,,,,
in_edges,0,0,4,1,0,0,4,1,,,,
end_start,0,0,0,0,4,1,4,1,,,,
possible_positions,0,0,0,0,4,1,4,1,,,,
a_p,0,0,4,1,0,0,4,1,,,,
andrey_score,0,0,0,0,4,1,4,1,,,,
total_zeros,0,0,0,0,4,1,4,1,,,,
req,0,0,4,1,0,0,4,1,,,,
required_bench,0,0,0,0,4,1,4,1,,,,
spit_i,0,0,4,1,0,0,4,1,,,,
sentries,2,1,0,0,2,1,4,2,0.0,1.0,0.0,1.0
possible_x,0,0,4,1,0,0,4,1,,,,
a_int,0,0,4,1,0,0,4,1,,,,
tiling,0,0,0,0,4,1,4,1,,,,
finished,4,1,0,0,0,0,4,1,0.0,0.0,0.0,0.0
midpoints,0,0,0,0,4,1,4,1,,,,
exc_t,0,0,4,1,0,0,4,1,,,,
mail2,4,1,0,0,0,0,4,1,0.0,0.0,0.0,0.0
port,0,0,0,0,4,1,4,1,,,,
t_bus_one_way,0,0,0,0,4,1,4,1,,,,
petya_solved,0,0,4,1,0,0,4,1,,,,
even_num,0,0,0,0,4,1,4,1,,,,
suffix_sum,0,0,4,1,0,0,4,1,,,,
place,4,1,0,0,0,0,4,1,0.0,0.0,0.0,0.0
max_cost,0,0,0,0,4,1,4,1,,,,
nmoves,4,1,0,0,0,0,4,1,0.0,0.0,0.0,0.0
count_c,0,0,0,0,4,1,4,1,,,,
decoded,0,0,0,0,4,1,4,1,,,,
nnames,3,1,0,0,1,1,4,2,0.0,0.3333333333333333,0.0,1.0
interesting_char,2,1,0,0,2,1,4,2,0.0,1.0,0.0,1.0
simplified_normal,0,0,4,1,0,0,4,1,,,,
result_str,2,1,2,1,0,0,4,2,1.0,0.0,1.0,0.0
start_l,0,0,4,1,0,0,4,1,,,,
sum_t,0,0,0,0,4,1,4,1,,,,
res5,0,0,4,1,0,0,4,1,,,,
missed_letters,4,1,0,0,0,0,4,1,0.0,0.0,0.0,0.0
m_events,0,0,0,0,4,1,4,1,,,,
new_indices,0,0,0,0,4,1,4,1,,,,
count_both,0,0,4,1,0,0,4,1,,,,
best_seq,4,1,0,0,0,0,4,1,0.0,0.0,0.0,0.0
basilisk_start_row,0,0,0,0,4,1,4,1,,,,
other_children,0,0,0,0,4,1,4,1,,,,
a_color,0,0,4,1,0,0,4,1,,,,
surplus_a,0,0,4,1,0,0,4,1,,,,
b_counts,0,0,4,1,0,0,4,1,,,,
subfolder_count,0,0,4,1,0,0,4,1,,,,
col_shifts,0,0,0,0,4,1,4,1,,,,
lx1,2,1,0,0,2,1,4,2,0.0,1.0,0.0,1.0
numPeople,4,1,0,0,0,0,4,1,0.0,0.0,0.0,0.0
expected_b,0,0,0,0,4,1,4,1,,,,
yaroslav,0,0,4,1,0,0,4,1,,,,
short_names,0,0,0,0,4,1,4,1,,,,
prev_x,0,0,0,0,4,1,4,1,,,,
required_x,0,0,0,0,4,1,4,1,,,,
s_x,0,0,4,1,0,0,4,1,,,,
rearranged,0,0,4,1,0,0,4,1,,,,
buttons,4,1,0,0,0,0,4,1,0.0,0.0,0.0,0.0
op_type,0,0,4,1,0,0,4,1,,,,
slope,2,1,0,0,2,1,4,2,0.0,1.0,0.0,1.0
new_min,0,0,0,0,4,1,4,1,,,,
front_counts,0,0,4,1,0,0,4,1,,,,
total_gain,0,0,0,0,4,1,4,1,,,,
suffix_non_pos,0,0,0,0,4,1,4,1,,,,
both_counts,0,0,4,1,0,0,4,1,,,,
inversions,4,1,0,0,0,0,4,1,0.0,0.0,0.0,0.0
next_current,0,0,0,0,4,1,4,1,,,,
orderings,0,0,0,0,4,1,4,1,,,,
rated,0,0,4,1,0,0,4,1,,,,
known_fav,0,0,0,0,4,1,4,1,,,,
t_max1,2,1,0,0,2,1,4,2,0.0,1.0,0.0,1.0
prefix_t1,0,0,0,0,4,1,4,1,,,,
file_count,0,0,4,1,0,0,4,1,,,,
image,0,0,0,0,4,1,4,1,,,,
current_k,0,0,0,0,4,1,4,1,,,,
deu,4,1,0,0,0,0,4,1,0.0,0.0,0.0,0.0
rot_a,0,0,0,0,4,1,4,1,,,,
t_min3,2,1,0,0,2,1,4,2,0.0,1.0,0.0,1.0
new_gcd,0,0,0,0,4,1,4,1,,,,
posn,0,0,4,1,0,0,4,1,,,,
num_str,0,0,2,1,2,1,4,2,,,,
lb,4,1,0,0,0,0,4,1,0.0,0.0,0.0,0.0
firstinline,4,1,0,0,0,0,4,1,0.0,0.0,0.0,0.0
remaining_mana,0,0,0,0,4,1,4,1,,,,
col_top,0,0,0,0,4,1,4,1,,,,
sum_abs,0,0,4,1,0,0,4,1,,,,
c_i_min,0,0,4,1,0,0,4,1,,,,
worst_time,0,0,2,1,2,1,4,2,,,,
allowed_chars,0,0,4,1,0,0,4,1,,,,
curwrong,4,1,0,0,0,0,4,1,0.0,0.0,0.0,0.0
total_towers,0,0,2,1,2,1,4,2,,,,
min_bits,0,0,0,0,4,1,4,1,,,,
zer,4,1,0,0,0,0,4,1,0.0,0.0,0.0,0.0
note,0,0,4,1,0,0,4,1,,,,
dtype,0,0,0,0,4,1,4,1,,,,
sum_d,0,0,2,1,2,1,4,2,,,,
bada,4,1,0,0,0,0,4,1,0.0,0.0,0.0,0.0
prefix_counts,0,0,0,0,4,1,4,1,,,,
mails,2,1,0,0,2,1,4,2,0.0,1.0,0.0,1.0
count_2,0,0,4,1,0,0,4,1,,,,
max_mex,0,0,0,0,4,1,4,1,,,,
all_substrings,0,0,0,0,4,1,4,1,,,,
divisible_b,2,1,0,0,2,1,4,2,0.0,1.0,0.0,1.0
b_prime,0,0,4,1,0,0,4,1,,,,
clim,4,1,0,0,0,0,4,1,0.0,0.0,0.0,0.0
dmg,4,1,0,0,0,0,4,1,0.0,0.0,0.0,0.0
sorted_data,4,1,0,0,0,0,4,1,0.0,0.0,0.0,0.0
room,0,0,0,0,4,1,4,1,,,,
serverTraffic,4,1,0,0,0,0,4,1,0.0,0.0,0.0,0.0
res9,0,0,4,1,0,0,4,1,,,,
selected_set,0,0,4,1,0,0,4,1,,,,
new_point,0,0,4,1,0,0,4,1,,,,
first_part,0,0,0,0,4,1,4,1,,,,
count1,0,0,4,1,0,0,4,1,,,,
end_ccw,0,0,4,1,0,0,4,1,,,,
res25,0,0,4,1,0,0,4,1,,,,
farthest_reachable_point,4,1,0,0,0,0,4,1,0.0,0.0,0.0,0.0
current_king,4,1,0,0,0,0,4,1,0.0,0.0,0.0,0.0
fmt,0,0,4,1,0,0,4,1,,,,
prime_colliders,0,0,4,1,0,0,4,1,,,,
BFSQ,4,1,0,0,0,0,4,1,0.0,0.0,0.0,0.0
m_p,0,0,0,0,4,1,4,1,,,,
aM,2,1,0,0,2,1,4,2,0.0,1.0,0.0,1.0
y_to_idx,0,0,0,0,4,1,4,1,,,,
zap,2,1,0,0,2,1,4,2,0.0,1.0,0.0,1.0
naoDeu,4,1,0,0,0,0,4,1,0.0,0.0,0.0,0.0
res_last_min,0,0,4,1,0,0,4,1,,,,
row_shifts,0,0,0,0,4,1,4,1,,,,
cz,0,0,2,1,2,1,4,2,,,,
s1_occurrences,0,0,4,1,0,0,4,1,,,,
last_r,0,0,0,0,4,2,4,2,,,,
diff_list,0,0,0,0,4,1,4,1,,,,
same_days,0,0,2,1,2,1,4,2,,,,
input_str,2,1,2,1,0,0,4,2,1.0,0.0,1.0,0.0
dx1,4,1,0,0,0,0,4,1,0.0,0.0,0.0,0.0
pattern1_r,0,0,0,0,4,1,4,1,,,,
processing,0,0,0,0,4,1,4,1,,,,
diagonals2,0,0,0,0,4,1,4,1,,,,
normalized,0,0,0,0,4,1,4,1,,,,
move_directions,0,0,0,0,4,1,4,1,,,,
first_element_second,2,1,0,0,2,1,4,2,0.0,1.0,0.0,1.0
nice,4,1,0,0,0,0,4,1,0.0,0.0,0.0,0.0
max_tea,0,0,2,1,2,1,4,2,,,,
tram_time,0,0,0,0,4,1,4,1,,,,
final_result,0,0,0,0,4,1,4,1,,,,
checks_needed,0,0,0,0,4,1,4,1,,,,
room_switches,0,0,3,1,0,0,3,1,,,,
diag2,0,0,0,0,3,1,3,1,,,,
x5_max,0,0,0,0,3,1,3,1,,,,
passed,3,1,0,0,0,0,3,1,0.0,0.0,0.0,0.0
tree_size,3,1,0,0,0,0,3,1,0.0,0.0,0.0,0.0
len_w3,0,0,0,0,3,1,3,1,,,,
extension,3,1,0,0,0,0,3,1,0.0,0.0,0.0,0.0
j1440,0,0,3,1,0,0,3,1,,,,
s_ab,0,0,3,1,0,0,3,1,,,,
l_s_c,3,1,0,0,0,0,3,1,0.0,0.0,0.0,0.0
prefix_kay,0,0,0,0,3,1,3,1,,,,
left_right,0,0,0,0,3,1,3,1,,,,
group_list,0,0,3,1,0,0,3,1,,,,
x_min,0,0,0,0,3,1,3,1,,,,
employees_with_lang,0,0,0,0,3,1,3,1,,,,
m_idx,0,0,3,1,0,0,3,1,,,,
substr2,0,0,0,0,3,1,3,1,,,,
flipped,0,0,3,1,0,0,3,1,,,,
leftbest,3,1,0,0,0,0,3,1,0.0,0.0,0.0,0.0
bulbState,3,1,0,0,0,0,3,1,0.0,0.0,0.0,0.0
day_str,0,0,3,1,0,0,3,1,,,,
tempKnight,3,1,0,0,0,0,3,1,0.0,0.0,0.0,0.0
exp_a,0,0,3,1,0,0,3,1,,,,
buyers,0,0,3,1,0,0,3,1,,,,
r_s01,3,1,0,0,0,0,3,1,0.0,0.0,0.0,0.0
sum_brightness,0,0,3,1,0,0,3,1,,,,
l0,0,0,3,1,0,0,3,1,,,,
max_dec,0,0,3,1,0,0,3,1,,,,
border,0,0,0,0,3,1,3,1,,,,
bench,0,0,3,1,0,0,3,1,,,,
mana_left,3,1,0,0,0,0,3,1,0.0,0.0,0.0,0.0
server_traffic,0,0,0,0,3,1,3,1,,,,
count_even,0,0,0,0,3,1,3,1,,,,
spiral,0,0,0,0,3,1,3,1,,,,
next_bad,0,0,3,1,0,0,3,1,,,,
start_p,0,0,3,1,0,0,3,1,,,,
twicelarge,3,1,0,0,0,0,3,1,0.0,0.0,0.0,0.0
required_sum,0,0,3,1,0,0,3,1,,,,
p1_max,0,0,0,0,3,1,3,1,,,,
odd_sum,0,0,0,0,3,1,3,1,,,,
original_table,0,0,3,1,0,0,3,1,,,,
pre_v_v,0,0,3,1,0,0,3,1,,,,
cyclic_sum,0,0,0,0,3,1,3,1,,,,
dot,3,1,0,0,0,0,3,1,0.0,0.0,0.0,0.0
pair1,3,1,0,0,0,0,3,1,0.0,0.0,0.0,0.0
treated_child,0,0,3,1,0,0,3,1,,,,
nike_spots,0,0,3,1,0,0,3,1,,,,
power_of_2,3,1,0,0,0,0,3,1,0.0,0.0,0.0,0.0
first_max,0,0,0,0,3,1,3,1,,,,
stars_in_rows,0,0,0,0,3,1,3,1,,,,
per_period_nike,0,0,0,0,3,1,3,1,,,,
yi_val,0,0,3,1,0,0,3,1,,,,
qualifiers,0,0,3,1,0,0,3,1,,,,
cinema_to_shop,3,1,0,0,0,0,3,1,0.0,0.0,0.0,0.0
max_width,0,0,0,0,3,1,3,1,,,,
12,0,0,0,0,3,1,3,1,,,,
dont,3,1,0,0,0,0,3,1,0.0,0.0,0.0,0.0
c_painted,0,0,3,1,0,0,3,1,,,,
Z,3,1,0,0,0,0,3,1,0.0,0.0,0.0,0.0
c4,3,1,0,0,0,0,3,1,0.0,0.0,0.0,0.0
cost_b,0,0,3,1,0,0,3,1,,,,
zero_a,0,0,0,0,3,1,3,1,,,,
same,0,0,3,1,0,0,3,1,,,,
smallest,0,0,0,0,3,1,3,1,,,,
expected_d,0,0,0,0,3,1,3,1,,,,
w_index,0,0,0,0,3,1,3,1,,,,
word_lengths,0,0,0,0,3,1,3,1,,,,
cars_b,0,0,0,0,3,1,3,1,,,,
j_high,0,0,3,1,0,0,3,1,,,,
a_time,0,0,3,1,0,0,3,1,,,,
gov_set,0,0,3,1,0,0,3,1,,,,
max_shifts,0,0,0,0,3,1,3,1,,,,
pre_k_v,0,0,3,1,0,0,3,1,,,,
k_idx,0,0,0,0,3,1,3,1,,,,
rotated_board,0,0,0,0,3,1,3,1,,,,
reversed_i,0,0,0,0,3,1,3,1,,,,
free_end,0,0,3,1,0,0,3,1,,,,
seq_t,0,0,0,0,3,1,3,1,,,,
min_sp,3,1,0,0,0,0,3,1,0.0,0.0,0.0,0.0
lvl,3,1,0,0,0,0,3,1,0.0,0.0,0.0,0.0
num2,3,1,0,0,0,0,3,1,0.0,0.0,0.0,0.0
new_free,0,0,3,1,0,0,3,1,,,,
sorted_words,0,0,0,0,3,1,3,1,,,,
text_len,0,0,3,1,0,0,3,1,,,,
size_ft,0,0,3,1,0,0,3,1,,,,
ptr_count,0,0,0,0,3,1,3,1,,,,
a_pos,0,0,0,0,3,1,3,1,,,,
last_open,0,0,0,0,3,1,3,1,,,,
common_divisor,0,0,0,0,3,1,3,1,,,,
y_offset,0,0,0,0,3,1,3,1,,,,
hill,3,1,0,0,0,0,3,1,0.0,0.0,0.0,0.0
mt,3,1,0,0,0,0,3,1,0.0,0.0,0.0,0.0
lane_size,0,0,0,0,3,1,3,1,,,,
second_score,0,0,0,0,3,1,3,1,,,,
icopy,3,1,0,0,0,0,3,1,0.0,0.0,0.0,0.0
col_color,0,0,3,1,0,0,3,1,,,,
current_max_val,0,0,3,1,0,0,3,1,,,,
s_backward,0,0,3,1,0,0,3,1,,,,
MAXDIST,3,1,0,0,0,0,3,1,0.0,0.0,0.0,0.0
range,3,1,0,0,0,0,3,1,0.0,0.0,0.0,0.0
initial_t,0,0,3,1,0,0,3,1,,,,
grid_size,0,0,3,1,0,0,3,1,,,,
sorted_nd,0,0,3,1,0,0,3,1,,,,
binary_digits,0,0,0,0,3,1,3,1,,,,
needed_i,0,0,0,0,3,1,3,1,,,,
mySecond,3,1,0,0,0,0,3,1,0.0,0.0,0.0,0.0
new_b_parity_b,0,0,3,1,0,0,3,1,,,,
right_padded,0,0,3,1,0,0,3,1,,,,
twicesmall,3,1,0,0,0,0,3,1,0.0,0.0,0.0,0.0
lower_changes,0,0,0,0,3,1,3,1,,,,
platform_start,0,0,0,0,3,1,3,1,,,,
substr1,0,0,0,0,3,1,3,1,,,,
total_cents,0,0,3,1,0,0,3,1,,,,
piglet,0,0,3,1,0,0,3,1,,,,
book_to_record,3,1,0,0,0,0,3,1,0.0,0.0,0.0,0.0
hostname_words,0,0,3,1,0,0,3,1,,,,
cars_g,0,0,0,0,3,1,3,1,,,,
mj,0,0,0,0,3,1,3,1,,,,
totaldist,3,1,0,0,0,0,3,1,0.0,0.0,0.0,0.0
max_recur_size,3,1,0,0,0,0,3,1,0.0,0.0,0.0,0.0
reversed_p,0,0,0,0,3,1,3,1,,,,
addr_count,3,1,0,0,0,0,3,1,0.0,0.0,0.0,0.0
m_digits,0,0,3,1,0,0,3,1,,,,
t_indices,0,0,0,0,3,1,3,1,,,,
initial_sum,0,0,3,1,0,0,3,1,,,,
age_year,0,0,0,0,3,1,3,1,,,,
work_days,0,0,0,0,3,1,3,1,,,,
dice,0,0,0,0,3,1,3,1,,,,
givers,0,0,0,0,3,1,3,1,,,,
required_list,0,0,0,0,3,1,3,1,,,,
q_indices,0,0,3,1,0,0,3,1,,,,
x_pairs,0,0,3,1,0,0,3,1,,,,
sum_capitals,0,0,0,0,3,1,3,1,,,,
lobjs,3,1,0,0,0,0,3,1,0.0,0.0,0.0,0.0
max_marks,0,0,3,1,0,0,3,1,,,,
t_val,0,0,3,1,0,0,3,1,,,,
sorted_s,0,0,3,1,0,0,3,1,,,,
blockers,3,1,0,0,0,0,3,1,0.0,0.0,0.0,0.0
toposort,3,1,0,0,0,0,3,1,0.0,0.0,0.0,0.0
odd_cycles,0,0,0,0,3,1,3,1,,,,
array1,3,1,0,0,0,0,3,1,0.0,0.0,0.0,0.0
mb,3,1,0,0,0,0,3,1,0.0,0.0,0.0,0.0
smaller_counts,0,0,0,0,3,1,3,1,,,,
next_tag,0,0,0,0,3,1,3,1,,,,
prefix_type2,0,0,3,1,0,0,3,1,,,,
cheaper_reachable_points,3,1,0,0,0,0,3,1,0.0,0.0,0.0,0.0
lower_char,0,0,3,1,0,0,3,1,,,,
myFirst,3,1,0,0,0,0,3,1,0.0,0.0,0.0,0.0
DOHERA,3,1,0,0,0,0,3,1,0.0,0.0,0.0,0.0
as_,3,1,0,0,0,0,3,1,0.0,0.0,0.0,0.0
identity,0,0,3,1,0,0,3,1,,,,
midminute,3,1,0,0,0,0,3,1,0.0,0.0,0.0,0.0
exp2,0,0,0,0,3,1,3,1,,,,
numPairs,3,1,0,0,0,0,3,1,0.0,0.0,0.0,0.0
segs,3,1,0,0,0,0,3,1,0.0,0.0,0.0,0.0
new_pair,0,0,0,0,3,1,3,1,,,,
max_departure,0,0,0,0,3,1,3,1,,,,
sum_c,0,0,0,0,3,1,3,1,,,,
count_first,0,0,0,0,3,1,3,1,,,,
count_second,0,0,0,0,3,1,3,1,,,,
full_parts,0,0,0,0,3,1,3,1,,,,
neighbor_color,0,0,0,0,3,1,3,1,,,,
s_without_zeros,0,0,3,1,0,0,3,1,,,,
total_occupied,0,0,3,1,0,0,3,1,,,,
instant_mana,0,0,0,0,3,1,3,1,,,,
vasya_total,0,0,3,1,0,0,3,1,,,,
runners,3,1,0,0,0,0,3,1,0.0,0.0,0.0,0.0
class_skills,0,0,3,1,0,0,3,1,,,,
viola,0,0,0,0,3,1,3,1,,,,
sum_phy,0,0,3,1,0,0,3,1,,,,
sorted_list,0,0,3,1,0,0,3,1,,,,
s2_lower,0,0,3,1,0,0,3,1,,,,
c_neigh,0,0,3,1,0,0,3,1,,,,
next_frontier,3,1,0,0,0,0,3,1,0.0,0.0,0.0,0.0
turn,3,1,0,0,0,0,3,1,0.0,0.0,0.0,0.0
x_,3,1,0,0,0,0,3,1,0.0,0.0,0.0,0.0
m_part,0,0,3,1,0,0,3,1,,,,
pow_A,0,0,3,1,0,0,3,1,,,,
final_existing,0,0,0,0,3,1,3,1,,,,
count_even_y,0,0,0,0,3,1,3,1,,,,
earliest_possible,0,0,0,0,3,1,3,1,,,,
all_d,0,0,0,0,3,1,3,1,,,,
desired_parity,0,0,3,1,0,0,3,1,,,,
yz,0,0,0,0,3,1,3,1,,,,
candelete,3,1,0,0,0,0,3,1,0.0,0.0,0.0,0.0
min_list,0,0,0,0,3,1,3,1,,,,
idx_a,0,0,0,0,3,1,3,1,,,,
v2s,3,1,0,0,0,0,3,1,0.0,0.0,0.0,0.0
j90,0,0,3,1,0,0,3,1,,,,
dc,0,0,3,1,0,0,3,1,,,,
const,3,1,0,0,0,0,3,1,0.0,0.0,0.0,0.0
s_vasya,0,0,0,0,3,1,3,1,,,,
pair2,3,1,0,0,0,0,3,1,0.0,0.0,0.0,0.0
phrases,0,0,3,1,0,0,3,1,,,,
m_prefix,0,0,0,0,3,1,3,1,,,,
cakes_d,0,0,3,1,0,0,3,1,,,,
ai_values,0,0,0,0,3,1,3,1,,,,
month_str,0,0,3,1,0,0,3,1,,,,
count_B,0,0,3,1,0,0,3,1,,,,
LATIN,3,1,0,0,0,0,3,1,0.0,0.0,0.0,0.0
other_sizes,0,0,0,0,3,1,3,1,,,,
too,3,1,0,0,0,0,3,1,0.0,0.0,0.0,0.0
replacements,0,0,0,0,3,1,3,1,,,,
count_ba,0,0,0,0,3,1,3,1,,,,
count_lower,0,0,3,1,0,0,3,1,,,,
limak_time,0,0,3,1,0,0,3,1,,,,
sum_inf,0,0,3,1,0,0,3,1,,,,
speed_options,0,0,0,0,3,1,3,1,,,,
next_total,0,0,3,1,0,0,3,1,,,,
ress,3,1,0,0,0,0,3,1,0.0,0.0,0.0,0.0
ln,3,1,0,0,0,0,3,1,0.0,0.0,0.0,0.0
neighbors2,3,1,0,0,0,0,3,1,0.0,0.0,0.0,0.0
max_max,0,0,0,0,3,1,3,1,,,,
indices_reversed_second,0,0,0,0,3,1,3,1,,,,
new_used_men,0,0,3,1,0,0,3,1,,,,
worst_wrong,0,0,0,0,3,1,3,1,,,,
next_sector,0,0,3,1,0,0,3,1,,,,
next_positions,0,0,0,0,3,1,3,1,,,,
minb,3,1,0,0,0,0,3,1,0.0,0.0,0.0,0.0
max_pow,0,0,3,1,0,0,3,1,,,,
rootlist,3,1,0,0,0,0,3,1,0.0,0.0,0.0,0.0
black_king,0,0,0,0,3,1,3,1,,,,
deputies,0,0,3,1,0,0,3,1,,,,
quatrains,0,0,3,1,0,0,3,1,,,,
has_star,0,0,3,1,0,0,3,1,,,,
s_score,0,0,0,0,3,1,3,1,,,,
total_bottles,0,0,0,0,3,1,3,1,,,,
e_i,0,0,3,1,0,0,3,1,,,,
min_per_street,0,0,3,1,0,0,3,1,,,,
mindist,3,1,0,0,0,0,3,1,0.0,0.0,0.0,0.0
exp1,0,0,0,0,3,1,3,1,,,,
left0,0,0,0,0,3,1,3,1,,,,
left_current,0,0,3,1,0,0,3,1,,,,
v_mat,0,0,3,1,0,0,3,1,,,,
chain_length,0,0,0,0,3,1,3,1,,,,
zero_b,0,0,0,0,3,1,3,1,,,,
t_p_end,0,0,0,0,3,1,3,1,,,,
possible_a,0,0,0,0,3,1,3,1,,,,
n_str,0,0,3,1,0,0,3,1,,,,
length1,3,1,0,0,0,0,3,1,0.0,0.0,0.0,0.0
penalty,3,1,0,0,0,0,3,1,0.0,0.0,0.0,0.0
m1a,3,1,0,0,0,0,3,1,0.0,0.0,0.0,0.0
ss2,3,1,0,0,0,0,3,1,0.0,0.0,0.0,0.0
c_and_holidays,0,0,3,1,0,0,3,1,,,,
current_food,0,0,0,0,3,1,3,1,,,,
c_x,3,1,0,0,0,0,3,1,0.0,0.0,0.0,0.0
min_steps_B,0,0,3,1,0,0,3,1,,,,
f_count,0,0,3,1,0,0,3,1,,,,
fy,0,0,3,1,0,0,3,1,,,,
new_current,0,0,3,1,0,0,3,1,,,,
o1_list,0,0,0,0,3,1,3,1,,,,
i22,3,1,0,0,0,0,3,1,0.0,0.0,0.0,0.0
p_to_c,0,0,0,0,3,1,3,1,,,,
sum_excess,0,0,3,1,0,0,3,1,,,,
total_non_center,0,0,0,0,3,1,3,1,,,,
i_max,0,0,3,1,0,0,3,1,,,,
enemy_exclusive,0,0,0,0,3,1,3,1,,,,
row_cost,0,0,0,0,3,1,3,1,,,,
l_idx,0,0,3,1,0,0,3,1,,,,
row_elements,0,0,3,1,0,0,3,1,,,,
mtx,3,1,0,0,0,0,3,1,0.0,0.0,0.0,0.0
l_n,3,1,0,0,0,0,3,1,0.0,0.0,0.0,0.0
minimal_length,0,0,3,1,0,0,3,1,,,,
Record,3,1,0,0,0,0,3,1,0.0,0.0,0.0,0.0
fo_out,0,0,0,0,3,1,3,1,,,,
pre_v_o,0,0,3,1,0,0,3,1,,,,
airports,3,1,0,0,0,0,3,1,0.0,0.0,0.0,0.0
new_rows,0,0,0,0,3,1,3,1,,,,
original_char,0,0,3,1,0,0,3,1,,,,
imaxcol,3,1,0,0,0,0,3,1,0.0,0.0,0.0,0.0
even_sum_cycles,0,0,0,0,3,1,3,1,,,,
max_distance_acceleration,0,0,0,0,3,1,3,1,,,,
card2,0,0,0,0,3,1,3,1,,,,
countlargest,3,1,0,0,0,0,3,1,0.0,0.0,0.0,0.0
total_per_lane,0,0,3,1,0,0,3,1,,,,
In,3,1,0,0,0,0,3,1,0.0,0.0,0.0,0.0
sum_negative,0,0,0,0,3,1,3,1,,,,
chunk_size,0,0,3,1,0,0,3,1,,,,
main_to_trav,3,1,0,0,0,0,3,1,0.0,0.0,0.0,0.0
count_ab,0,0,0,0,3,1,3,1,,,,
food_required,0,0,0,0,3,1,3,1,,,,
three,3,1,0,0,0,0,3,1,0.0,0.0,0.0,0.0
free_count,0,0,0,0,3,1,3,1,,,,
horizontal_sum_3,3,1,0,0,0,0,3,1,0.0,0.0,0.0,0.0
new_k,0,0,3,1,0,0,3,1,,,,
count_upper,0,0,3,1,0,0,3,1,,,,
c_j,0,0,3,1,0,0,3,1,,,,
petya_min,0,0,0,0,3,1,3,1,,,,
n6,3,1,0,0,0,0,3,1,0.0,0.0,0.0,0.0
extra_needed,0,0,0,0,3,1,3,1,,,,
vertical_sum_3,3,1,0,0,0,0,3,1,0.0,0.0,0.0,0.0
var_types,0,0,0,0,3,1,3,1,,,,
log_a7,0,0,3,1,0,0,3,1,,,,
folder,3,1,0,0,0,0,3,1,0.0,0.0,0.0,0.0
prefix_cat,0,0,0,0,3,1,3,1,,,,
tentative,0,0,3,1,0,0,3,1,,,,
c74,0,0,3,1,0,0,3,1,,,,
next_next_next,0,0,0,0,3,1,3,1,,,,
exit_order,0,0,3,1,0,0,3,1,,,,
poly_spots,0,0,3,1,0,0,3,1,,,,
vertical_sum_1,3,1,0,0,0,0,3,1,0.0,0.0,0.0,0.0
menor,3,1,0,0,0,0,3,1,0.0,0.0,0.0,0.0
new_a_parity_b,0,0,3,1,0,0,3,1,,,,
total_removed,0,0,0,0,3,1,3,1,,,,
cost_a,0,0,3,1,0,0,3,1,,,,
val1,0,0,3,1,0,0,3,1,,,,
MAX_MIN_COST,3,1,0,0,0,0,3,1,0.0,0.0,0.0,0.0
sentence_lengths,0,0,3,1,0,0,3,1,,,,
pos_in_lane,0,0,3,1,0,0,3,1,,,,
free_start,0,0,3,1,0,0,3,1,,,,
initial_c,0,0,3,1,0,0,3,1,,,,
used_o2,0,0,0,0,3,1,3,1,,,,
possible_b,0,0,0,0,3,1,3,1,,,,
effective_row_shift,0,0,0,0,3,1,3,1,,,,
next_queue,0,0,3,1,0,0,3,1,,,,
a_blocked,0,0,3,1,0,0,3,1,,,,
full_periods,0,0,0,0,3,1,3,1,,,,
log_a11,0,0,3,1,0,0,3,1,,,,
v_max,0,0,0,0,3,1,3,1,,,,
ipAsNumbers,3,1,0,0,0,0,3,1,0.0,0.0,0.0,0.0
adjectives,3,1,0,0,0,0,3,1,0.0,0.0,0.0,0.0
yj_val,0,0,3,1,0,0,3,1,,,,
new_exp,0,0,3,1,0,0,3,1,,,,
ban,3,1,0,0,0,0,3,1,0.0,0.0,0.0,0.0
sum_s,0,0,3,1,0,0,3,1,,,,
sorted_suffixes,0,0,3,1,0,0,3,1,,,,
a_k,0,0,3,1,0,0,3,1,,,,
current_limit,0,0,0,0,3,1,3,1,,,,
same_counts,0,0,3,1,0,0,3,1,,,,
profit_margin,0,0,0,0,3,1,3,1,,,,
wrap_gap,0,0,3,1,0,0,3,1,,,,
soc,3,1,0,0,0,0,3,1,0.0,0.0,0.0,0.0
digit_count,3,1,0,0,0,0,3,1,0.0,0.0,0.0,0.0
in_storage,0,0,0,0,3,1,3,1,,,,
to_change,3,1,0,0,0,0,3,1,0.0,0.0,0.0,0.0
idx_b,0,0,0,0,3,1,3,1,,,,
col_cost,0,0,0,0,3,1,3,1,,,,
next_closect,3,1,0,0,0,0,3,1,0.0,0.0,0.0,0.0
b_len,3,1,0,0,0,0,3,1,0.0,0.0,0.0,0.0
var_values,0,0,0,0,3,1,3,1,,,,
combinations,0,0,3,1,0,0,3,1,,,,
upper_changes,0,0,0,0,3,1,3,1,,,,
x_reduced,0,0,3,1,0,0,3,1,,,,
response_line,0,0,3,1,0,0,3,1,,,,
b_time,0,0,3,1,0,0,3,1,,,,
exp_c,0,0,3,1,0,0,3,1,,,,
pre_o_o,0,0,3,1,0,0,3,1,,,,
count_factors,0,0,0,0,3,1,3,1,,,,
imaxrow,3,1,0,0,0,0,3,1,0.0,0.0,0.0,0.0
context,0,0,3,1,0,0,3,1,,,,
min_mid,0,0,0,0,3,1,3,1,,,,
y_next,0,0,3,1,0,0,3,1,,,,
cs2,3,1,0,0,0,0,3,1,0.0,0.0,0.0,0.0
s_forward,0,0,3,1,0,0,3,1,,,,
num_pairs,0,0,0,0,3,1,3,1,,,,
diag1,0,0,0,0,3,1,3,1,,,,
potential_lo,3,1,0,0,0,0,3,1,0.0,0.0,0.0,0.0
zi,0,0,3,1,0,0,3,1,,,,
indices_first,0,0,0,0,3,1,3,1,,,,
x_test,0,0,0,0,3,1,3,1,,,,
third_team,0,0,0,0,3,1,3,1,,,,
new_points,0,0,0,0,3,1,3,1,,,,
next_day,0,0,0,0,3,1,3,1,,,,
indexof,3,1,0,0,0,0,3,1,0.0,0.0,0.0,0.0
taps,0,0,3,1,0,0,3,1,,,,
actors,0,0,0,0,3,1,3,1,,,,
speed_spells,0,0,0,0,3,1,3,1,,,,
max_str,0,0,0,0,3,1,3,1,,,,
new_b_parity_a,0,0,3,1,0,0,3,1,,,,
bp2,1,1,0,0,2,1,3,2,0.0,2.0,0.0,1.0
loops,3,1,0,0,0,0,3,1,0.0,0.0,0.0,0.0
current_lucky,0,0,0,0,3,1,3,1,,,,
h_mat,0,0,3,1,0,0,3,1,,,,
m_count,0,0,3,1,0,0,3,1,,,,
t_len,0,0,3,1,0,0,3,1,,,,
current_rev,0,0,0,0,3,1,3,1,,,,
binary_search_array,3,1,0,0,0,0,3,1,0.0,0.0,0.0,0.0
W_total,0,0,3,1,0,0,3,1,,,,
running_scores,0,0,0,0,3,1,3,1,,,,
seq_d,0,0,0,0,3,1,3,1,,,,
pre_k_o,0,0,3,1,0,0,3,1,,,,
idx_day,0,0,3,1,0,0,3,1,,,,
total_players,0,0,3,1,0,0,3,1,,,,
pre_v_k,0,0,3,1,0,0,3,1,,,,
z_line,0,0,0,0,3,1,3,1,,,,
andrey_adv,0,0,0,0,3,1,3,1,,,,
horizontal_sum_2,3,1,0,0,0,0,3,1,0.0,0.0,0.0,0.0
Nal,3,1,0,0,0,0,3,1,0.0,0.0,0.0,0.0
months,0,0,0,0,3,1,3,1,,,,
log_a3,0,0,3,1,0,0,3,1,,,,
verification,0,0,0,0,3,1,3,1,,,,
sorted_pairs,0,0,0,0,3,1,3,1,,,,
group_count,0,0,3,1,0,0,3,1,,,,
sumN,3,1,0,0,0,0,3,1,0.0,0.0,0.0,0.0
expr_values,0,0,0,0,3,1,3,1,,,,
distribution,0,0,0,0,3,1,3,1,,,,
r_painted,0,0,3,1,0,0,3,1,,,,
r_neigh,0,0,3,1,0,0,3,1,,,,
distantion,3,1,0,0,0,0,3,1,0.0,0.0,0.0,0.0
x_i,0,0,0,0,3,1,3,1,,,,
total_polycarpus,0,0,0,0,3,1,3,1,,,,
teleporters,0,0,3,1,0,0,3,1,,,,
common_len,0,0,0,0,3,1,3,1,,,,
total_second,0,0,0,0,3,1,3,1,,,,
remaining_pages,0,0,0,0,3,1,3,1,,,,
s_step,0,0,3,1,0,0,3,1,,,,
inv_count,0,0,0,0,3,1,3,1,,,,
critical,0,0,0,0,3,1,3,1,,,,
min_steps_A,0,0,3,1,0,0,3,1,,,,
current_u,0,0,3,1,0,0,3,1,,,,
next_house,0,0,0,0,3,1,3,1,,,,
benched,0,0,0,0,3,1,3,1,,,,
running_total,0,0,0,0,3,1,3,1,,,,
top_chars,0,0,3,1,0,0,3,1,,,,
a_top,0,0,3,1,0,0,3,1,,,,
a_num,0,0,3,1,0,0,3,1,,,,
d_value,0,0,0,0,3,1,3,1,,,,
y_prev,0,0,3,1,0,0,3,1,,,,
mink2,3,1,0,0,0,0,3,1,0.0,0.0,0.0,0.0
cou,3,1,0,0,0,0,3,1,0.0,0.0,0.0,0.0
cid,3,1,0,0,0,0,3,1,0.0,0.0,0.0,0.0
inputs,3,1,0,0,0,0,3,1,0.0,0.0,0.0,0.0
s_counts,0,0,0,0,3,1,3,1,,,,
king_black,3,1,0,0,0,0,3,1,0.0,0.0,0.0,0.0
w_counts,0,0,0,0,3,1,3,1,,,,
assign,3,1,0,0,0,0,3,1,0.0,0.0,0.0,0.0
_l,3,1,0,0,0,0,3,1,0.0,0.0,0.0,0.0
likes_count,0,0,0,0,3,1,3,1,,,,
count_even_x,0,0,0,0,3,1,3,1,,,,
larger_counts,0,0,0,0,3,1,3,1,,,,
numpoint,3,1,0,0,0,0,3,1,0.0,0.0,0.0,0.0
newloc,3,1,0,0,0,0,3,1,0.0,0.0,0.0,0.0
best_names,0,0,3,1,0,0,3,1,,,,
row_b,0,0,0,0,3,1,3,1,,,,
current_dp,0,0,3,1,0,0,3,1,,,,
newHull,3,1,0,0,0,0,3,1,0.0,0.0,0.0,0.0
min_moves,0,0,0,0,3,1,3,1,,,,
effective_col_shift,0,0,0,0,3,1,3,1,,,,
netAddresses,3,1,0,0,0,0,3,1,0.0,0.0,0.0,0.0
B_mod,0,0,3,1,0,0,3,1,,,,
fail_output,3,1,0,0,0,0,3,1,0.0,0.0,0.0,0.0
flicks_min,0,0,3,1,0,0,3,1,,,,
new_table,0,0,3,1,0,0,3,1,,,,
plus_pos,0,0,0,0,3,1,3,1,,,,
new_used_women,0,0,3,1,0,0,3,1,,,,
row_color,0,0,3,1,0,0,3,1,,,,
column_sums,0,0,3,1,0,0,3,1,,,,
last_min,0,0,0,0,3,1,3,1,,,,
break_time,0,0,3,1,0,0,3,1,,,,
y_min,0,0,0,0,3,1,3,1,,,,
numA,3,1,0,0,0,0,3,1,0.0,0.0,0.0,0.0
pen,3,1,0,0,0,0,3,1,0.0,0.0,0.0,0.0
right0,0,0,0,0,3,1,3,1,,,,
len_second,0,0,0,0,3,1,3,1,,,,
rem_b,0,0,3,1,0,0,3,1,,,,
conversion_gain,3,1,0,0,0,0,3,1,0.0,0.0,0.0,0.0
s_max,0,0,3,1,0,0,3,1,,,,
d_m,0,0,3,1,0,0,3,1,,,,
plus_index,0,0,3,1,0,0,3,1,,,,
archive,0,0,3,1,0,0,3,1,,,,
char_idx,3,1,0,0,0,0,3,1,0.0,0.0,0.0,0.0
j_low,0,0,3,1,0,0,3,1,,,,
remainder_row_calls,0,0,0,0,3,1,3,1,,,,
char_present,0,0,0,0,3,1,3,1,,,,
global_set,0,0,3,1,0,0,3,1,,,,
current_digit,0,0,0,0,3,1,3,1,,,,
distance_at_max_speed,0,0,0,0,3,1,3,1,,,,
breaktime,3,1,0,0,0,0,3,1,0.0,0.0,0.0,0.0
or_val,0,0,3,1,0,0,3,1,,,,
largest,0,0,0,0,3,1,3,1,,,,
new_cols,0,0,0,0,3,1,3,1,,,,
min_k,0,0,0,0,3,1,3,1,,,,
current_path,0,0,3,1,0,0,3,1,,,,
len_w0,0,0,0,0,3,1,3,1,,,,
sum_base,0,0,3,1,0,0,3,1,,,,
min_b,0,0,0,0,3,1,3,1,,,,
sum_without,0,0,0,0,3,1,3,1,,,,
c_num,0,0,3,1,0,0,3,1,,,,
sum_good,0,0,3,1,0,0,3,1,,,,
reader,3,1,0,0,0,0,3,1,0.0,0.0,0.0,0.0
call_name,0,0,3,1,0,0,3,1,,,,
v_snitch,3,1,0,0,0,0,3,1,0.0,0.0,0.0,0.0
checkout,3,1,0,0,0,0,3,1,0.0,0.0,0.0,0.0
left_padded,0,0,3,1,0,0,3,1,,,,
numv,3,1,0,0,0,0,3,1,0.0,0.0,0.0,0.0
bessie_lines,0,0,3,1,0,0,3,1,,,,
h_digits,0,0,3,1,0,0,3,1,,,,
total_inches,0,0,3,1,0,0,3,1,,,,
cycle_sum,0,0,0,0,3,1,3,1,,,,
buys,3,1,0,0,0,0,3,1,0.0,0.0,0.0,0.0
full_rows,0,0,0,0,3,1,3,1,,,,
hashtag_count,3,1,0,0,0,0,3,1,0.0,0.0,0.0,0.0
reversed_dollars,0,0,0,0,3,1,3,1,,,,
col_time,0,0,3,1,0,0,3,1,,,,
min_paint,0,0,0,0,3,1,3,1,,,,
x_wins,0,0,0,0,3,1,3,1,,,,
max_inc,0,0,3,1,0,0,3,1,,,,
processed_children,0,0,3,1,0,0,3,1,,,,
weight,3,1,0,0,0,0,3,1,0.0,0.0,0.0,0.0
ndepth,3,1,0,0,0,0,3,1,0.0,0.0,0.0,0.0
sum_rest,0,0,3,1,0,0,3,1,,,,
sum_w_vertical,0,0,0,0,3,1,3,1,,,,
r_idx,0,0,3,1,0,0,3,1,,,,
slope2,3,1,0,0,0,0,3,1,0.0,0.0,0.0,0.0
all_options,0,0,0,0,3,1,3,1,,,,
d_total,0,0,0,0,3,1,3,1,,,,
reduction,0,0,3,1,0,0,3,1,,,,
factorial,0,0,0,0,3,1,3,1,,,,
earliest_time,0,0,0,0,3,1,3,1,,,,
twoList,3,1,0,0,0,0,3,1,0.0,0.0,0.0,0.0
flicks_max,0,0,3,1,0,0,3,1,,,,
min_doubles,0,0,0,0,3,1,3,1,,,,
a_entry,0,0,3,1,0,0,3,1,,,,
j_idx,0,0,0,0,3,1,3,1,,,,
list1,3,1,0,0,0,0,3,1,0.0,0.0,0.0,0.0
hr,0,0,0,0,3,1,3,1,,,,
count_on_line,3,1,0,0,0,0,3,1,0.0,0.0,0.0,0.0
otherblocks,3,1,0,0,0,0,3,1,0.0,0.0,0.0,0.0
st1,3,1,0,0,0,0,3,1,0.0,0.0,0.0,0.0
vertical_sum_2,3,1,0,0,0,0,3,1,0.0,0.0,0.0,0.0
odd_chains,0,0,0,0,3,1,3,1,,,,
h_bit,0,0,3,1,0,0,3,1,,,,
non_government_components,0,0,3,1,0,0,3,1,,,,
interesting_neighbor,3,1,0,0,0,0,3,1,0.0,0.0,0.0,0.0
max_speed_time,0,0,0,0,3,1,3,1,,,,
next_statue,0,0,0,0,3,1,3,1,,,,
y_pairs,0,0,3,1,0,0,3,1,,,,
expr_type,3,1,0,0,0,0,3,1,0.0,0.0,0.0,0.0
initial_beauty,0,0,3,1,0,0,3,1,,,,
count_C,0,0,3,1,0,0,3,1,,,,
rightbest,3,1,0,0,0,0,3,1,0.0,0.0,0.0,0.0
len_x,0,0,3,1,0,0,3,1,,,,
current_statues,0,0,0,0,3,1,3,1,,,,
t_arrive,0,0,3,1,0,0,3,1,,,,
max_blocks,0,0,0,0,3,1,3,1,,,,
t_i,0,0,2,1,1,1,3,2,,,,
height_to_add,3,1,0,0,0,0,3,1,0.0,0.0,0.0,0.0
converted,3,1,0,0,0,0,3,1,0.0,0.0,0.0,0.0
remaining_k,0,0,0,0,3,1,3,1,,,,
y_reduced,0,0,3,1,0,0,3,1,,,,
b_num,0,0,3,1,0,0,3,1,,,,
len_colors,0,0,0,0,3,1,3,1,,,,
old_skills,0,0,3,1,0,0,3,1,,,,
new_w2,0,0,0,0,3,1,3,1,,,,
w_list,0,0,3,1,0,0,3,1,,,,
two_size,0,0,0,0,3,1,3,1,,,,
cluster_end,0,0,0,0,3,1,3,1,,,,
numOnes,3,1,0,0,0,0,3,1,0.0,0.0,0.0,0.0
mst,3,1,0,0,0,0,3,1,0.0,0.0,0.0,0.0
pairsRemoved,3,1,0,0,0,0,3,1,0.0,0.0,0.0,0.0
asum,3,1,0,0,0,0,3,1,0.0,0.0,0.0,0.0
up_down,0,0,0,0,3,1,3,1,,,,
free_segments,0,0,0,0,3,1,3,1,,,,
yPossivel,3,1,0,0,0,0,3,1,0.0,0.0,0.0,0.0
non_zero_indices,0,0,0,0,3,1,3,1,,,,
volume_used,0,0,3,1,0,0,3,1,,,,
horizontal_sum_1,3,1,0,0,0,0,3,1,0.0,0.0,0.0,0.0
left_char,0,0,3,1,0,0,3,1,,,,
max_neg,0,0,3,1,0,0,3,1,,,,
elsie_lines,0,0,3,1,0,0,3,1,,,,
uplast,3,1,0,0,0,0,3,1,0.0,0.0,0.0,0.0
host_map,0,0,0,0,3,1,3,1,,,,
a_minus_bd,0,0,3,1,0,0,3,1,,,,
newlevel,3,1,0,0,0,0,3,1,0.0,0.0,0.0,0.0
work,3,1,0,0,0,0,3,1,0.0,0.0,0.0,0.0
pt,0,0,0,0,3,1,3,1,,,,
len_bi,0,0,3,1,0,0,3,1,,,,
num1,3,1,0,0,0,0,3,1,0.0,0.0,0.0,0.0
pre_k_k,0,0,3,1,0,0,3,1,,,,
fib_k,0,0,0,0,3,1,3,1,,,,
color_i,3,1,0,0,0,0,3,1,0.0,0.0,0.0,0.0
is_uni,0,0,3,1,0,0,3,1,,,,
p_pos,0,0,3,1,0,0,3,1,,,,
pre_o_k,0,0,3,1,0,0,3,1,,,,
new_cycles,0,0,0,0,3,1,3,1,,,,
e_times_area,0,0,3,1,0,0,3,1,,,,
sorted_allocated,0,0,3,1,0,0,3,1,,,,
space_used,0,0,0,0,3,1,3,1,,,,
possible_ds,0,0,3,1,0,0,3,1,,,,
next_cube,0,0,0,0,3,1,3,1,,,,
left_dist,3,1,0,0,0,0,3,1,0.0,0.0,0.0,0.0
pbs,3,1,0,0,0,0,3,1,0.0,0.0,0.0,0.0
per_period_polycarpus,0,0,0,0,3,1,3,1,,,,
t_mod,0,0,3,1,0,0,3,1,,,,
two_sizes,3,1,0,0,0,0,3,1,0.0,0.0,0.0,0.0
reached,3,1,0,0,0,0,3,1,0.0,0.0,0.0,0.0
arrival_time,0,0,0,0,3,1,3,1,,,,
epsilon,0,0,2,1,1,1,3,2,,,,
noun_indices,0,0,0,0,3,1,3,1,,,,
len_w1,0,0,0,0,3,1,3,1,,,,
tanks,0,0,3,1,0,0,3,1,,,,
r_s10,3,1,0,0,0,0,3,1,0.0,0.0,0.0,0.0
h_part,0,0,3,1,0,0,3,1,,,,
remaining_columns,0,0,0,0,3,1,3,1,,,,
next_use,0,0,0,0,3,1,3,1,,,,
val2,0,0,3,1,0,0,3,1,,,,
break_length,0,0,3,1,0,0,3,1,,,,
notes,0,0,0,0,3,1,3,1,,,,
task,3,1,0,0,0,0,3,1,0.0,0.0,0.0,0.0
possible_starts,0,0,3,1,0,0,3,1,,,,
ad_text,0,0,0,0,3,1,3,1,,,,
total_w,0,0,0,0,3,1,3,1,,,,
hc,3,1,0,0,0,0,3,1,0.0,0.0,0.0,0.0
right_dist,3,1,0,0,0,0,3,1,0.0,0.0,0.0,0.0
low1st,3,1,0,0,0,0,3,1,0.0,0.0,0.0,0.0
curPoints,3,1,0,0,0,0,3,1,0.0,0.0,0.0,0.0
yaroslav_adv,0,0,0,0,3,1,3,1,,,,
caption,3,1,0,0,0,0,3,1,0.0,0.0,0.0,0.0
all_points,0,0,0,0,3,1,3,1,,,,
max_grid,0,0,0,0,3,1,3,1,,,,
maior,3,1,0,0,0,0,3,1,0.0,0.0,0.0,0.0
cars_r,0,0,0,0,3,1,3,1,,,,
new_level,0,0,0,0,3,1,3,1,,,,
breakpoints,0,0,0,0,3,1,3,1,,,,
o_wins,0,0,0,0,3,1,3,1,,,,
y_powers,0,0,3,1,0,0,3,1,,,,
prefix_type1,0,0,3,1,0,0,3,1,,,,
px2,3,1,0,0,0,0,3,1,0.0,0.0,0.0,0.0
char1,0,0,3,1,0,0,3,1,,,,
num_children,0,0,3,1,0,0,3,1,,,,
suma,3,1,0,0,0,0,3,1,0.0,0.0,0.0,0.0
q_map,0,0,3,1,0,0,3,1,,,,
reverse_ops,0,0,0,0,3,1,3,1,,,,
seconds,0,0,0,0,3,1,3,1,,,,
min_h,0,0,0,0,3,1,3,1,,,,
body,3,1,0,0,0,0,3,1,0.0,0.0,0.0,0.0
max_animals,0,0,0,0,3,1,3,1,,,,
target_val,0,0,0,0,3,1,3,1,,,,
x_powers,0,0,3,1,0,0,3,1,,,,
ccw_order,0,0,3,1,0,0,3,1,,,,
pig_pos_to_idx,0,0,3,1,0,0,3,1,,,,
masha_times,0,0,3,1,0,0,3,1,,,,
col_elements,0,0,3,1,0,0,3,1,,,,
days_of_week,0,0,0,0,3,1,3,1,,,,
xz,0,0,0,0,3,1,3,1,,,,
a_j,0,0,3,1,0,0,3,1,,,,
y_line,0,0,0,0,3,1,3,1,,,,
s_petya,0,0,0,0,3,1,3,1,,,,
new_a_parity_a,0,0,3,1,0,0,3,1,,,,
l_s_r,3,1,0,0,0,0,3,1,0.0,0.0,0.0,0.0
cycle_count,0,0,0,0,3,1,3,1,,,,
x_idx,0,0,3,1,0,0,3,1,,,,
n_k,3,1,0,0,0,0,3,1,0.0,0.0,0.0,0.0
current_dist,0,0,3,1,0,0,3,1,,,,
total_nike,0,0,0,0,3,1,3,1,,,,
laneSize,3,1,0,0,0,0,3,1,0.0,0.0,0.0,0.0
k_s,0,0,3,1,0,0,3,1,,,,
bbin,3,1,0,0,0,0,3,1,0.0,0.0,0.0,0.0
itd,3,1,0,0,0,0,3,1,0.0,0.0,0.0,0.0
listOfNum,3,1,0,0,0,0,3,1,0.0,0.0,0.0,0.0
sorted_existing,0,0,0,0,3,1,3,1,,,,
new_memory,0,0,0,0,3,1,3,1,,,,
end_date,0,0,0,0,3,1,3,1,,,,
h_prev,0,0,3,1,0,0,3,1,,,,
inv_sum_i_sq,1,1,0,0,2,1,3,2,0.0,2.0,0.0,1.0
cents_candidate,0,0,3,1,0,0,3,1,,,,
next_query,0,0,3,1,0,0,3,1,,,,
last_dot,0,0,3,1,0,0,3,1,,,,
total_area,0,0,0,0,3,1,3,1,,,,
answer_len,3,1,0,0,0,0,3,1,0.0,0.0,0.0,0.0
row_time,0,0,3,1,0,0,3,1,,,,
x_int,0,0,3,1,0,0,3,1,,,,
stuffings,0,0,0,0,3,1,3,1,,,,
ships,3,1,0,0,0,0,3,1,0.0,0.0,0.0,0.0
exp3,0,0,0,0,3,1,3,1,,,,
year_str,0,0,3,1,0,0,3,1,,,,
length2,3,1,0,0,0,0,3,1,0.0,0.0,0.0,0.0
knightsAllowed,3,1,0,0,0,0,3,1,0.0,0.0,0.0,0.0
a_non_zero,0,0,0,0,3,1,3,1,,,,
index_set,0,0,0,0,3,1,3,1,,,,
t_p_start,0,0,0,0,3,1,3,1,,,,
len_w2,0,0,0,0,3,1,3,1,,,,
current_counts,0,0,3,1,0,0,3,1,,,,
host_to_paths,0,0,3,1,0,0,3,1,,,,
root_comments,0,0,3,1,0,0,3,1,,,,
total_traffic,0,0,3,1,0,0,3,1,,,,
total_minutes,0,0,0,0,3,1,3,1,,,,
ve,3,1,0,0,0,0,3,1,0.0,0.0,0.0,0.0
indexof_a,0,0,0,0,3,1,3,1,,,,
initial_queries,0,0,3,1,0,0,3,1,,,,
best_wrong,0,0,0,0,3,1,3,1,,,,
curr_reqs,3,1,0,0,0,0,3,1,0.0,0.0,0.0,0.0
possible_digits,0,0,0,0,3,1,3,1,,,,
sqrt_disc,0,0,0,0,3,1,3,1,,,,
total_first,0,0,0,0,3,1,3,1,,,,
400,1,1,1,1,1,1,3,3,1.0,1.0,1.0,1.0
secondSum,3,1,0,0,0,0,3,1,0.0,0.0,0.0,0.0
f_prefix,0,0,0,0,3,1,3,1,,,,
pre_o_v,0,0,3,1,0,0,3,1,,,,
cntb,3,1,0,0,0,0,3,1,0.0,0.0,0.0,0.0
reverse_key,0,0,0,0,3,1,3,1,,,,
taller_count,0,0,0,0,3,1,3,1,,,,
NAMES,3,1,0,0,0,0,3,1,0.0,0.0,0.0,0.0
k_remain,0,0,3,1,0,0,3,1,,,,
url,0,0,3,1,0,0,3,1,,,,
loc_min_lst,3,1,0,0,0,0,3,1,0.0,0.0,0.0,0.0
g_count,0,0,0,0,3,1,3,1,,,,
petya_total,0,0,3,1,0,0,3,1,,,,
replaced,0,0,0,0,3,1,3,1,,,,
reversed_flag,0,0,0,0,3,1,3,1,,,,
ar2,3,1,0,0,0,0,3,1,0.0,0.0,0.0,0.0
poland_exclusive,0,0,0,0,3,1,3,1,,,,
colon_index,0,0,0,0,3,1,3,1,,,,
c47,0,0,3,1,0,0,3,1,,,,
slope3,3,1,0,0,0,0,3,1,0.0,0.0,0.0,0.0
mx1a,3,1,0,0,0,0,3,1,0.0,0.0,0.0,0.0
malenoun,3,1,0,0,0,0,3,1,0.0,0.0,0.0,0.0
in_lst,3,1,0,0,0,0,3,1,0.0,0.0,0.0,0.0
mess,3,1,0,0,0,0,3,1,0.0,0.0,0.0,0.0
RI,3,1,0,0,0,0,3,1,0.0,0.0,0.0,0.0
w_bit,0,0,3,1,0,0,3,1,,,,
current_power,0,0,0,0,3,1,3,1,,,,
prime_set,0,0,0,0,3,2,3,2,,,,
bottle_usage,0,0,0,0,3,1,3,1,,,,
x5_min,0,0,0,0,3,1,3,1,,,,
calls_in_row,0,0,0,0,3,1,3,1,,,,
residents_list,0,0,0,0,3,1,3,1,,,,
n_plus_1,0,0,3,1,0,0,3,1,,,,
non_outdated,0,0,3,1,0,0,3,1,,,,
sum_pieces,3,1,0,0,0,0,3,1,0.0,0.0,0.0,0.0
same_pairs,0,0,3,1,0,0,3,1,,,,
x_sell,0,0,3,1,0,0,3,1,,,,
right1,0,0,0,0,3,1,3,1,,,,
a_needed,0,0,0,0,3,1,3,1,,,,
potential_earnings,0,0,0,0,3,1,3,1,,,,
zero_employees,0,0,3,1,0,0,3,1,,,,
drain_rate,0,0,0,0,3,1,3,1,,,,
missing_participants,0,0,0,0,3,1,3,1,,,,
to_give,3,1,0,0,0,0,3,1,0.0,0.0,0.0,0.0
word_num,3,1,0,0,0,0,3,1,0.0,0.0,0.0,0.0
rect_set,3,1,0,0,0,0,3,1,0.0,0.0,0.0,0.0
time_to_max_speed,0,0,0,0,3,1,3,1,,,,
new_mark,3,1,0,0,0,0,3,1,0.0,0.0,0.0,0.0
dasha_times,0,0,3,1,0,0,3,1,,,,
divisor,0,0,3,1,0,0,3,1,,,,
alf,3,2,0,0,0,0,3,2,0.0,0.0,0.0,0.0
left1,0,0,0,0,3,1,3,1,,,,
s1_lower,0,0,3,1,0,0,3,1,,,,
slope1,3,1,0,0,0,0,3,1,0.0,0.0,0.0,0.0
exp_b,0,0,3,1,0,0,3,1,,,,
x_line,0,0,0,0,3,1,3,1,,,,
new_statues,0,0,0,0,3,1,3,1,,,,
len_Sa,0,0,3,1,0,0,3,1,,,,
remaining_rows,0,0,0,0,3,1,3,1,,,,
ff2,3,1,0,0,0,0,3,1,0.0,0.0,0.0,0.0
acopy,3,1,0,0,0,0,3,1,0.0,0.0,0.0,0.0
end_day,0,0,3,1,0,0,3,1,,,,
conversion_ordered_by_a,2,1,0,0,0,0,2,1,0.0,0.0,0.0,0.0
cen,2,1,0,0,0,0,2,1,0.0,0.0,0.0,0.0
hostname_pattern,0,0,0,0,2,1,2,1,,,,
time_per_segment,0,0,0,0,2,1,2,1,,,,
new_lower,0,0,0,0,2,1,2,1,,,,
total_number,2,1,0,0,0,0,2,1,0.0,0.0,0.0,0.0
has_up,0,0,0,0,2,1,2,1,,,,
als,2,1,0,0,0,0,2,1,0.0,0.0,0.0,0.0
rtrans,2,1,0,0,0,0,2,1,0.0,0.0,0.0,0.0
K_mod,0,0,2,1,0,0,2,1,,,,
radius,0,0,2,1,0,0,2,1,,,,
problem_points,0,0,0,0,2,1,2,1,,,,
extratime,2,1,0,0,0,0,2,1,0.0,0.0,0.0,0.0
leg2,2,1,0,0,0,0,2,1,0.0,0.0,0.0,0.0
right_i,0,0,2,1,0,0,2,1,,,,
station1,0,0,0,0,2,1,2,1,,,,
swap_x,2,1,0,0,0,0,2,1,0.0,0.0,0.0,0.0
problems,0,0,0,0,2,1,2,1,,,,
left_blocks,0,0,2,1,0,0,2,1,,,,
sum_left,0,0,2,1,0,0,2,1,,,,
reps,0,0,0,0,2,1,2,1,,,,
ith,2,1,0,0,0,0,2,1,0.0,0.0,0.0,0.0
initial_score,0,0,0,0,2,1,2,1,,,,
x_win,0,0,2,1,0,0,2,1,,,,
exam_day,0,0,0,0,2,1,2,1,,,,
reduced_dy,0,0,2,1,0,0,2,1,,,,
relative_speed,0,0,0,0,2,1,2,1,,,,
b_int,0,0,2,1,0,0,2,1,,,,
cost_case2,0,0,2,1,0,0,2,1,,,,
total_in_cup,0,0,0,0,2,1,2,1,,,,
first_line,0,0,0,0,2,1,2,1,,,,
x_parity,0,0,2,1,0,0,2,1,,,,
log_a2,0,0,2,1,0,0,2,1,,,,
max_flicks,0,0,0,0,2,1,2,1,,,,
row_sets,0,0,0,0,2,1,2,1,,,,
parity_b,0,0,0,0,2,1,2,1,,,,
current_parity,0,0,2,1,0,0,2,1,,,,
layout1,0,0,0,0,2,1,2,1,,,,
min_flicks,0,0,0,0,2,1,2,1,,,,
gcd_ab,0,0,2,1,0,0,2,1,,,,
cp4,0,0,0,0,2,1,2,1,,,,
s2_counts,0,0,0,0,2,1,2,1,,,,
new_col,0,0,2,1,0,0,2,1,,,,
idx_i,0,0,0,0,2,1,2,1,,,,
max_idx,0,0,0,0,2,1,2,1,,,,
is_visited,0,0,2,1,0,0,2,1,,,,
full_address,0,0,0,0,2,1,2,1,,,,
triplets,0,0,2,1,0,0,2,1,,,,
y_parity,0,0,2,1,0,0,2,1,,,,
max_activated,0,0,0,0,2,1,2,1,,,,
d_right,0,0,2,1,0,0,2,1,,,,
passws,2,1,0,0,0,0,2,1,0.0,0.0,0.0,0.0
corner,0,0,0,0,2,1,2,1,,,,
total_k,0,0,0,0,2,1,2,1,,,,
new_hh,0,0,2,1,0,0,2,1,,,,
multinom,0,0,2,1,0,0,2,1,,,,
macro_name,0,0,0,0,2,1,2,1,,,,
max_strength,0,0,0,0,2,1,2,1,,,,
max_appends,0,0,2,1,0,0,2,1,,,,
draw_pos,0,0,0,0,2,1,2,1,,,,
prev_v2,0,0,0,0,2,1,2,1,,,,
index_cw,0,0,2,1,0,0,2,1,,,,
face_counts,0,0,0,0,2,1,2,1,,,,
sorted_arr,0,0,0,0,2,1,2,1,,,,
right_non,0,0,2,1,0,0,2,1,,,,
upper_x2,0,0,2,1,0,0,2,1,,,,
b_ordered_by_a,2,1,0,0,0,0,2,1,0.0,0.0,0.0,0.0
min_rotations,0,0,0,0,2,1,2,1,,,,
sqrt_n,0,0,0,0,2,1,2,1,,,,
unique_shifted_d,0,0,0,0,2,1,2,1,,,,
total_per_cycle,0,0,0,0,2,1,2,1,,,,
component_set,0,0,2,1,0,0,2,1,,,,
intersections,0,0,2,1,0,0,2,1,,,,
pairs_mod0,0,0,0,0,2,1,2,1,,,,
E_v,0,0,2,1,0,0,2,1,,,,
len_f7,0,0,0,0,2,1,2,1,,,,
root_children,0,0,0,0,2,1,2,1,,,,
reachable_elsie,0,0,2,1,0,0,2,1,,,,
min_petya,0,0,2,1,0,0,2,1,,,,
max_chess_l,0,0,0,0,2,1,2,1,,,,
max_earnings,0,0,0,0,2,1,2,1,,,,
counts_sorted_asc,0,0,0,0,2,1,2,1,,,,
total_volume,0,0,0,0,2,1,2,1,,,,
bc_y,0,0,0,0,2,1,2,1,,,,
fav,2,1,0,0,0,0,2,1,0.0,0.0,0.0,0.0
moves_left,0,0,0,0,2,1,2,1,,,,
cosC,2,1,0,0,0,0,2,1,0.0,0.0,0.0,0.0
n_int,0,0,2,1,0,0,2,1,,,,
min_q,0,0,0,0,2,1,2,1,,,,
r1_max,0,0,0,0,2,1,2,1,,,,
P2,2,1,0,0,0,0,2,1,0.0,0.0,0.0,0.0
happiness,0,0,0,0,2,1,2,1,,,,
num_weeks,0,0,2,1,0,0,2,1,,,,
sortedBySecond,2,1,0,0,0,0,2,1,0.0,0.0,0.0,0.0
line9,2,1,0,0,0,0,2,1,0.0,0.0,0.0,0.0
len_sub,0,0,2,1,0,0,2,1,,,,
b_sub,0,0,2,1,0,0,2,1,,,,
group_size,0,0,0,0,2,1,2,1,,,,
higher_count,0,0,2,1,0,0,2,1,,,,
d2y,0,0,0,0,2,1,2,1,,,,
x_index,0,0,0,0,2,1,2,1,,,,
G_ODD,2,1,0,0,0,0,2,1,0.0,0.0,0.0,0.0
sum_ab,0,0,2,1,0,0,2,1,,,,
indL,2,1,0,0,0,0,2,1,0.0,0.0,0.0,0.0
odd_center,0,0,0,0,2,1,2,1,,,,
overlap7_8,0,0,0,0,2,1,2,1,,,,
conversion_sorted,2,1,0,0,0,0,2,1,0.0,0.0,0.0,0.0
max_substrings,0,0,2,1,0,0,2,1,,,,
rank_order,0,0,0,0,2,1,2,1,,,,
letters_part,0,0,2,1,0,0,2,1,,,,
count_y,0,0,2,1,0,0,2,1,,,,
lower_fill,0,0,0,0,2,1,2,1,,,,
minibus_time,0,0,0,0,2,1,2,1,,,,
sum_rods,0,0,2,1,0,0,2,1,,,,
sum_max,0,0,2,1,0,0,2,1,,,,
option_a,0,0,2,1,0,0,2,1,,,,
ndy,0,0,2,1,0,0,2,1,,,,
ceil_n,0,0,0,0,2,1,2,1,,,,
c20,2,1,0,0,0,0,2,1,0.0,0.0,0.0,0.0
otr,2,1,0,0,0,0,2,1,0.0,0.0,0.0,0.0
original_digits,0,0,2,1,0,0,2,1,,,,
latency,0,0,0,0,2,1,2,1,,,,
P1,2,1,0,0,0,0,2,1,0.0,0.0,0.0,0.0
time_remaining,0,0,0,0,2,1,2,1,,,,
t_walk,0,0,0,0,2,1,2,1,,,,
c_nodes,0,0,2,1,0,0,2,1,,,,
second_layout,0,0,2,1,0,0,2,1,,,,
dbs,2,1,0,0,0,0,2,1,0.0,0.0,0.0,0.0
prev_ptr,0,0,0,0,2,1,2,1,,,,
d_train,0,0,2,1,0,0,2,1,,,,
min_i,0,0,0,0,2,1,2,1,,,,
bound2,2,1,0,0,0,0,2,1,0.0,0.0,0.0,0.0
d1_num,0,0,2,1,0,0,2,1,,,,
distance_pupils_last,0,0,0,0,2,1,2,1,,,,
max_taxi,0,0,0,0,2,1,2,1,,,,
even_sum,0,0,0,0,2,1,2,1,,,,
feet,0,0,2,1,0,0,2,1,,,,
min_exp,0,0,2,1,0,0,2,1,,,,
target_x,0,0,2,1,0,0,2,1,,,,
f_write,2,1,0,0,0,0,2,1,0.0,0.0,0.0,0.0
previous_record,2,1,0,0,0,0,2,1,0.0,0.0,0.0,0.0
count_odd_y,0,0,0,0,2,1,2,1,,,,
types_str,0,0,2,1,0,0,2,1,,,,
pizza_names,0,0,0,0,2,1,2,1,,,,
end_s1_back,0,0,2,1,0,0,2,1,,,,
original_col,0,0,2,1,0,0,2,1,,,,
max_add,0,0,0,0,2,1,2,1,,,,
neg_div,0,0,2,1,0,0,2,1,,,,
current_participants,0,0,0,0,2,1,2,1,,,,
in_neither,2,1,0,0,0,0,2,1,0.0,0.0,0.0,0.0
distance_pupils_covered,0,0,0,0,2,1,2,1,,,,
count_min,0,0,0,0,2,1,2,1,,,,
overlap,0,0,0,0,2,1,2,1,,,,
unavailable,0,0,0,0,2,1,2,1,,,,
best_sorted,0,0,0,0,2,1,2,1,,,,
underamount,2,1,0,0,0,0,2,1,0.0,0.0,0.0,0.0
aSet,0,0,0,0,2,1,2,1,,,,
moriarty,0,0,0,0,2,1,2,1,,,,
mtype,2,1,0,0,0,0,2,1,0.0,0.0,0.0,0.0
prices_sorted_desc,0,0,0,0,2,1,2,1,,,,
cnt4,0,0,0,0,2,1,2,1,,,,
var,0,0,2,1,0,0,2,1,,,,
last_diff,0,0,0,0,2,1,2,1,,,,
digits_b,0,0,2,1,0,0,2,1,,,,
dollar_part,0,0,0,0,2,1,2,1,,,,
categories,0,0,2,1,0,0,2,1,,,,
min_distinct,0,0,0,0,2,1,2,1,,,,
bad_ways,0,0,0,0,2,1,2,1,,,,
count_odd_x,0,0,0,0,2,1,2,1,,,,
time_to_reach_s,0,0,0,0,2,1,2,1,,,,
d2x,0,0,0,0,2,1,2,1,,,,
all_up,0,0,2,1,0,0,2,1,,,,
bij,0,0,2,1,0,0,2,1,,,,
y_index,0,0,0,0,2,1,2,1,,,,
r_max,0,0,0,0,2,1,2,1,,,,
solvers,0,0,0,0,2,1,2,1,,,,
bc_x,0,0,0,0,2,1,2,1,,,,
current_T,0,0,2,1,0,0,2,1,,,,
row_distance,0,0,2,1,0,0,2,1,,,,
unfold,2,1,0,0,0,0,2,1,0.0,0.0,0.0,0.0
cases,0,0,0,0,2,1,2,1,,,,
lcm_ab,0,0,2,1,0,0,2,1,,,,
fragments,0,0,0,0,2,1,2,1,,,,
count_7,0,0,0,0,2,1,2,1,,,,
min_roads,0,0,0,0,2,1,2,1,,,,
a_d,0,0,2,1,0,0,2,1,,,,
c2_rank,0,0,0,0,2,1,2,1,,,,
nlower,1,1,0,0,1,1,2,2,0.0,1.0,0.0,1.0
pos_div,0,0,2,1,0,0,2,1,,,,
contribution_a,0,0,2,1,0,0,2,1,,,,
extended_d,0,0,2,1,0,0,2,1,,,,
p2_min,0,0,0,0,2,1,2,1,,,,
goal_diff,0,0,2,1,0,0,2,1,,,,
rect2_points,0,0,0,0,2,1,2,1,,,,
maxl2,2,1,0,0,0,0,2,1,0.0,0.0,0.0,0.0
second_sum,0,0,0,0,2,1,2,1,,,,
target90,0,0,2,1,0,0,2,1,,,,
xor_b,0,0,2,1,0,0,2,1,,,,
idx_1_backward,2,1,0,0,0,0,2,1,0.0,0.0,0.0,0.0
s23,0,0,2,1,0,0,2,1,,,,
root_b,0,0,0,0,2,1,2,1,,,,
len_interval,0,0,2,1,0,0,2,1,,,,
firstrow,2,1,0,0,0,0,2,1,0.0,0.0,0.0,0.0
wc,0,0,2,1,0,0,2,1,,,,
r_intervals,0,0,0,0,2,1,2,1,,,,
worst_sorted,0,0,0,0,2,1,2,1,,,,
newtem,2,1,0,0,0,0,2,1,0.0,0.0,0.0,0.0
unsuccessful_hacks,0,0,0,0,2,1,2,1,,,,
worst_penalties,0,0,0,0,2,1,2,1,,,,
lowerfill,2,1,0,0,0,0,2,1,0.0,0.0,0.0,0.0
left_day,0,0,0,0,2,1,2,1,,,,
taxi_names,0,0,0,0,2,1,2,1,,,,
bestScore,2,1,0,0,0,0,2,1,0.0,0.0,0.0,0.0
total_required,0,0,0,0,2,1,2,1,,,,
getDP,2,1,0,0,0,0,2,1,0.0,0.0,0.0,0.0
usr_input,2,1,0,0,0,0,2,1,0.0,0.0,0.0,0.0
pattern1_b,0,0,0,0,2,1,2,1,,,,
count_L,0,0,2,1,0,0,2,1,,,,
success,0,0,0,0,2,1,2,1,,,,
effective_step,0,0,0,0,2,1,2,1,,,,
max_girl,0,0,0,0,2,1,2,1,,,,
max_sum_after,0,0,2,1,0,0,2,1,,,,
cost_90,0,0,0,0,2,1,2,1,,,,
goals_part,0,0,2,1,0,0,2,1,,,,
all_participants,0,0,0,0,2,1,2,1,,,,
conversions,2,1,0,0,0,0,2,1,0.0,0.0,0.0,0.0
dya,2,1,0,0,0,0,2,1,0.0,0.0,0.0,0.0
target_values,0,0,0,0,2,1,2,1,,,,
sum_sec,0,0,2,1,0,0,2,1,,,,
winner_ci,0,0,2,1,0,0,2,1,,,,
time_walk,0,0,0,0,2,1,2,1,,,,
time_last_trip,0,0,0,0,2,1,2,1,,,,
cinema_to_house,2,1,0,0,0,0,2,1,0.0,0.0,0.0,0.0
model_y,0,0,0,0,2,1,2,1,,,,
changes_pattern2,0,0,0,0,2,1,2,1,,,,
apy,0,0,0,0,2,1,2,1,,,,
curr_speed,2,1,0,0,0,0,2,1,0.0,0.0,0.0,0.0
encrypted,0,0,2,1,0,0,2,1,,,,
b_points,0,0,0,0,2,1,2,1,,,,
carry_out,0,0,2,1,0,0,2,1,,,,
addresses,0,0,2,1,0,0,2,1,,,,
color_pri,2,1,0,0,0,0,2,1,0.0,0.0,0.0,0.0
T_power,0,0,2,1,0,0,2,1,,,,
start_x,0,0,0,0,2,1,2,1,,,,
next_f,0,0,0,0,2,1,2,1,,,,
min_B,0,0,2,1,0,0,2,1,,,,
maxtime,2,1,0,0,0,0,2,1,0.0,0.0,0.0,0.0
dep,0,0,2,1,0,0,2,1,,,,
max_left,0,0,2,1,0,0,2,1,,,,
expected_values,0,0,0,0,2,1,2,1,,,,
message_length,0,0,0,0,2,1,2,1,,,,
best_gain,0,0,2,1,0,0,2,1,,,,
full_path,0,0,0,0,2,1,2,1,,,,
majority_even,0,0,0,0,2,1,2,1,,,,
time_remainder,0,0,0,0,2,1,2,1,,,,
vertical_span,0,0,0,0,2,1,2,1,,,,
best_penalties,0,0,0,0,2,1,2,1,,,,
non,0,0,2,1,0,0,2,1,,,,
s_i,0,0,2,1,0,0,2,1,,,,
d3y,0,0,0,0,2,1,2,1,,,,
rect1_points,0,0,0,0,2,1,2,1,,,,
time_pupils_during_bus,0,0,0,0,2,1,2,1,,,,
leftmost_R,0,0,0,0,2,1,2,1,,,,
aibj,0,0,2,1,0,0,2,1,,,,
driver_list_sorted_original,0,0,0,0,2,1,2,1,,,,
t_list,0,0,2,1,0,0,2,1,,,,
minr2,2,1,0,0,0,0,2,1,0.0,0.0,0.0,0.0
dems,0,0,0,0,2,1,2,1,,,,
sorted_lengths,0,0,2,1,0,0,2,1,,,,
ci_plus_1,0,0,2,1,0,0,2,1,,,,
total_participants,0,0,2,1,0,0,2,1,,,,
fail_prev,0,0,0,0,2,1,2,1,,,,
cost_x,0,0,0,0,2,1,2,1,,,,
note_to_value,0,0,0,0,2,1,2,1,,,,
len_T,0,0,0,0,2,1,2,1,,,,
resource_pattern,0,0,0,0,2,1,2,1,,,,
t_s,2,1,0,0,0,0,2,1,0.0,0.0,0.0,0.0
upper_fill,0,0,0,0,2,1,2,1,,,,
d2_num,0,0,2,1,0,0,2,1,,,,
ci_plus_2,0,0,2,1,0,0,2,1,,,,
objs_sorted,0,0,0,0,2,1,2,1,,,,
shuffled,0,0,0,0,2,1,2,1,,,,
elim,2,1,0,0,0,0,2,1,0.0,0.0,0.0,0.0
count_b_only,0,0,2,1,0,0,2,1,,,,
a_th_tallest,0,0,0,0,2,1,2,1,,,,
ans_p,0,0,2,1,0,0,2,1,,,,
ad,2,1,0,0,0,0,2,1,0.0,0.0,0.0,0.0
b_non_zero,0,0,0,0,2,1,2,1,,,,
min_alpha,0,0,0,0,2,1,2,1,,,,
sqrtn,2,1,0,0,0,0,2,1,0.0,0.0,0.0,0.0
condition4,2,1,0,0,0,0,2,1,0.0,0.0,0.0,0.0
candidate2,0,0,2,1,0,0,2,1,,,,
minrow,2,1,0,0,0,0,2,1,0.0,0.0,0.0,0.0
time_bus,0,0,0,0,2,1,2,1,,,,
days1,0,0,0,0,2,1,2,1,,,,
index_ccw,0,0,2,1,0,0,2,1,,,,
drink_toasts,0,0,2,1,0,0,2,1,,,,
len_w5,0,0,0,0,2,1,2,1,,,,
left_non,0,0,2,1,0,0,2,1,,,,
remaining_2,0,0,2,1,0,0,2,1,,,,
f_char,0,0,2,1,0,0,2,1,,,,
layout2,0,0,0,0,2,1,2,1,,,,
ctrans,2,1,0,0,0,0,2,1,0.0,0.0,0.0,0.0
charges,0,0,2,1,0,0,2,1,,,,
max_subtree,0,0,0,0,2,1,2,1,,,,
current_row_diff,0,0,2,1,0,0,2,1,,,,
price_start,0,0,0,0,2,1,2,1,,,,
A_np,0,0,0,0,2,1,2,1,,,,
next_sum,0,0,2,1,0,0,2,1,,,,
t_min4,2,1,0,0,0,0,2,1,0.0,0.0,0.0,0.0
imnext,2,1,0,0,0,0,2,1,0.0,0.0,0.0,0.0
new_ops,0,0,0,0,2,1,2,1,,,,
array_element,0,0,2,1,0,0,2,1,,,,
open_brackets,0,0,0,0,2,1,2,1,,,,
min_fav,0,0,0,0,2,1,2,1,,,,
rest_of_bs,2,1,0,0,0,0,2,1,0.0,0.0,0.0,0.0
target_A,0,0,2,1,0,0,2,1,,,,
target_day,0,0,0,0,2,1,2,1,,,,
original_row,0,0,2,1,0,0,2,1,,,,
fact_total,0,0,2,1,0,0,2,1,,,,
lime_toasts,0,0,2,1,0,0,2,1,,,,
friend_info,0,0,2,1,0,0,2,1,,,,
l_prime,0,0,0,0,2,1,2,1,,,,
sorted_paths,0,0,2,1,0,0,2,1,,,,
cost_multiple,0,0,0,0,2,1,2,1,,,,
min_even,0,0,0,0,2,1,2,1,,,,
temp_str,0,0,0,0,2,1,2,1,,,,
line4,2,1,0,0,0,0,2,1,0.0,0.0,0.0,0.0
primes_set,0,0,2,1,0,0,2,1,,,,
resolved,0,0,0,0,2,1,2,1,,,,
mapped_char,0,0,2,1,0,0,2,1,,,,
first_day,0,0,0,0,2,1,2,1,,,,
minimal_sum,0,0,2,1,0,0,2,1,,,,
sorted_names,0,0,2,1,0,0,2,1,,,,
new_mm,0,0,2,1,0,0,2,1,,,,
a_n,0,0,0,0,2,1,2,1,,,,
simplified_den,0,0,0,0,2,1,2,1,,,,
gcd_len,0,0,0,0,2,1,2,1,,,,
n_list,0,0,2,1,0,0,2,1,,,,
total_distance,0,0,2,1,0,0,2,1,,,,
rect_numbers,0,0,2,1,0,0,2,1,,,,
digits_a,0,0,2,1,0,0,2,1,,,,
alpha_rad,0,0,0,0,2,1,2,1,,,,
idx_notif,0,0,0,0,2,1,2,1,,,,
in_first,2,1,0,0,0,0,2,1,0.0,0.0,0.0,0.0
lb2,0,0,2,1,0,0,2,1,,,,
last_depart,0,0,2,1,0,0,2,1,,,,
mana_cost,2,1,0,0,0,0,2,1,0.0,0.0,0.0,0.0
oai,0,0,2,1,0,0,2,1,,,,
lower_x1,0,0,2,1,0,0,2,1,,,,
grouped,0,0,0,0,2,1,2,1,,,,
total_time_all_trips,0,0,0,0,2,1,2,1,,,,
max_swaps,0,0,0,0,2,1,2,1,,,,
audio,2,1,0,0,0,0,2,1,0.0,0.0,0.0,0.0
diff_s,0,0,2,1,0,0,2,1,,,,
curNode,2,1,0,0,0,0,2,1,0.0,0.0,0.0,0.0
apx,0,0,0,0,2,1,2,1,,,,
lower_c,0,0,2,1,0,0,2,1,,,,
new_terms,0,0,0,0,2,1,2,1,,,,
i_end,0,0,0,0,2,1,2,1,,,,
v_s,0,0,0,0,2,1,2,1,,,,
max_part,0,0,0,0,2,1,2,1,,,,
pairs_3_1,0,0,2,1,0,0,2,1,,,,
wanty,2,1,0,0,0,0,2,1,0.0,0.0,0.0,0.0
m_pos,0,0,2,1,0,0,2,1,,,,
boxes_amount,2,1,0,0,0,0,2,1,0.0,0.0,0.0,0.0
msg_len,0,0,2,1,0,0,2,1,,,,
t_numerator,0,0,0,0,2,1,2,1,,,,
oldval,2,1,0,0,0,0,2,1,0.0,0.0,0.0,0.0
upperfill,2,1,0,0,0,0,2,1,0.0,0.0,0.0,0.0
attacked,0,0,2,1,0,0,2,1,,,,
left_subsets,0,0,0,0,2,1,2,1,,,,
j_start,0,0,0,0,2,1,2,1,,,,
run_time,0,0,0,0,2,1,2,1,,,,
sd,2,1,0,0,0,0,2,1,0.0,0.0,0.0,0.0
smallxsquared,2,1,0,0,0,0,2,1,0.0,0.0,0.0,0.0
median_index,0,0,0,0,2,1,2,1,,,,
required_len_next,0,0,0,0,2,1,2,1,,,,
cp3,0,0,0,0,2,1,2,1,,,,
list_d1,0,0,0,0,2,1,2,1,,,,
m_divisors,0,0,2,1,0,0,2,1,,,,
all_down,0,0,2,1,0,0,2,1,,,,
new_length,0,0,0,0,2,1,2,1,,,,
spis,2,1,0,0,0,0,2,1,0.0,0.0,0.0,0.0
new_grid,0,0,2,1,0,0,2,1,,,,
seats,0,0,2,1,0,0,2,1,,,,
sorted_chars,0,0,0,0,2,1,2,1,,,,
lb3,0,0,2,1,0,0,2,1,,,,
d0_sorted,0,0,0,0,2,1,2,1,,,,
y_i,0,0,2,1,0,0,2,1,,,,
olympiad_day,0,0,2,1,0,0,2,1,,,,
condl,2,1,0,0,0,0,2,1,0.0,0.0,0.0,0.0
minimal_angle,0,0,2,1,0,0,2,1,,,,
target1440,0,0,2,1,0,0,2,1,,,,
prev_prev,0,0,2,1,0,0,2,1,,,,
max_cash,0,0,2,1,0,0,2,1,,,,
all_empty,0,0,0,0,2,1,2,1,,,,
ub2,0,0,2,1,0,0,2,1,,,,
maxl1,2,1,0,0,0,0,2,1,0.0,0.0,0.0,0.0
reversed_a,0,0,2,1,0,0,2,1,,,,
rightrem,2,1,0,0,0,0,2,1,0.0,0.0,0.0,0.0
name_len,0,0,2,1,0,0,2,1,,,,
target_y,0,0,2,1,0,0,2,1,,,,
rightbankminusleftbanksquared,2,1,0,0,0,0,2,1,0.0,0.0,0.0,0.0
mincol,2,1,0,0,0,0,2,1,0.0,0.0,0.0,0.0
correct_password,0,0,0,0,2,1,2,1,,,,
prices_desc,0,0,2,1,0,0,2,1,,,,
max_m,0,0,0,0,2,1,2,1,,,,
instant_potions,0,0,0,0,2,1,2,1,,,,
cost_v,0,0,0,0,2,1,2,1,,,,
c_count,0,0,0,0,2,1,2,1,,,,
sum_selected,0,0,0,0,2,1,2,1,,,,
sorted_h,0,0,0,0,2,1,2,1,,,,
line8,2,1,0,0,0,0,2,1,0.0,0.0,0.0,0.0
new_dirs,0,0,0,0,2,1,2,1,,,,
sum_add,0,0,2,1,0,0,2,1,,,,
free_moves,2,1,0,0,0,0,2,1,0.0,0.0,0.0,0.0
patern,2,1,0,0,0,0,2,1,0.0,0.0,0.0,0.0
exclude_right,0,0,2,1,0,0,2,1,,,,
stra,2,1,0,0,0,0,2,1,0.0,0.0,0.0,0.0
person2,2,1,0,0,0,0,2,1,0.0,0.0,0.0,0.0
top_teams,0,0,0,0,2,1,2,1,,,,
unique_count,0,0,0,0,2,1,2,1,,,,
lastrow,2,1,0,0,0,0,2,1,0.0,0.0,0.0,0.0
clones,0,0,2,1,0,0,2,1,,,,
total_time_one_trip,0,0,0,0,2,1,2,1,,,,
vocals,2,1,0,0,0,0,2,1,0.0,0.0,0.0,0.0
laneFirstValue,2,1,0,0,0,0,2,1,0.0,0.0,0.0,0.0
arr1,2,1,0,0,0,0,2,1,0.0,0.0,0.0,0.0
sum_col_j,0,0,2,1,0,0,2,1,,,,
buses_needed,0,0,0,0,2,1,2,1,,,,
climb_down,0,0,2,1,0,0,2,1,,,,
row_part,0,0,2,1,0,0,2,1,,,,
c2_suit,0,0,0,0,2,1,2,1,,,,
station3,0,0,0,0,2,1,2,1,,,,
right_win,0,0,2,1,0,0,2,1,,,,
d_product,0,0,0,0,2,1,2,1,,,,
rect_points,0,0,0,0,2,1,2,1,,,,
all_case,0,0,2,1,0,0,2,1,,,,
direct_cost,0,0,2,1,0,0,2,1,,,,
contribution_b,0,0,2,1,0,0,2,1,,,,
light_indices,0,0,0,0,2,1,2,1,,,,
count_D,0,0,2,1,0,0,2,1,,,,
lb1,0,0,2,1,0,0,2,1,,,,
max_alpha,0,0,0,0,2,1,2,1,,,,
lcd,2,1,0,0,0,0,2,1,0.0,0.0,0.0,0.0
total_x,0,0,0,0,2,1,2,1,,,,
max_gain,0,0,0,0,2,1,2,1,,,,
cars,0,0,2,1,0,0,2,1,,,,
bx,0,0,2,1,0,0,2,1,,,,
max_subject,0,0,0,0,2,1,2,1,,,,
best_mm,0,0,2,1,0,0,2,1,,,,
max_pizza,0,0,0,0,2,1,2,1,,,,
minone,2,1,0,0,0,0,2,1,0.0,0.0,0.0,0.0
square_numbers,0,0,2,1,0,0,2,1,,,,
line3,2,1,0,0,0,0,2,1,0.0,0.0,0.0,0.0
indR,2,1,0,0,0,0,2,1,0.0,0.0,0.0,0.0
flight,0,0,2,1,0,0,2,1,,,,
ub4,0,0,2,1,0,0,2,1,,,,
all_letters,0,0,2,1,0,0,2,1,,,,
horizontal_span,0,0,0,0,2,1,2,1,,,,
new_upper,0,0,0,0,2,1,2,1,,,,
count_seen_from_x,2,1,0,0,0,0,2,1,0.0,0.0,0.0,0.0
valid_sizes,0,0,0,0,2,1,2,1,,,,
upper_x1,0,0,2,1,0,0,2,1,,,,
average_line_length,0,0,0,0,2,1,2,1,,,,
sergei_count,0,0,0,0,2,1,2,1,,,,
num_pieces_x,0,0,2,1,0,0,2,1,,,,
Line2,2,1,0,0,0,0,2,1,0.0,0.0,0.0,0.0
start_s2,0,0,0,0,2,1,2,1,,,,
distance_OAi,0,0,0,0,2,1,2,1,,,,
distance_AiBi,0,0,0,0,2,1,2,1,,,,
log_a10,0,0,2,1,0,0,2,1,,,,
diag_dir,0,0,2,1,0,0,2,1,,,,
toasts_salt,0,0,0,0,2,1,2,1,,,,
min_groups,0,0,0,0,2,1,2,1,,,,
submission_times,0,0,0,0,2,1,2,1,,,,
common_d,0,0,2,1,0,0,2,1,,,,
titles,0,0,2,1,0,0,2,1,,,,
square_points,0,0,0,0,2,1,2,1,,,,
two_target,0,0,2,1,0,0,2,1,,,,
r2_squared,0,0,0,0,2,1,2,1,,,,
yk,0,0,2,1,0,0,2,1,,,,
reversed_bottom,0,0,0,0,2,1,2,1,,,,
sum_needed,0,0,0,0,2,1,2,1,,,,
grades,0,0,2,1,0,0,2,1,,,,
c_d,0,0,2,1,0,0,2,1,,,,
surplus_b,0,0,2,1,0,0,2,1,,,,
tax_not_split,0,0,2,1,0,0,2,1,,,,
hh_new,0,0,2,1,0,0,2,1,,,,
cents_str,0,0,2,1,0,0,2,1,,,,
stripe_height,0,0,0,0,2,1,2,1,,,,
wrong_submissions,0,0,0,0,2,1,2,1,,,,
nounends,2,1,0,0,0,0,2,1,0.0,0.0,0.0,0.0
p1_values,0,0,0,0,2,1,2,1,,,,
current_score,0,0,0,0,2,1,2,1,,,,
maxDist,2,1,0,0,0,0,2,1,0.0,0.0,0.0,0.0
debugging,2,1,0,0,0,0,2,1,0.0,0.0,0.0,0.0
col_part,0,0,0,0,2,1,2,1,,,,
sorted_results,0,0,0,0,2,1,2,1,,,,
try_line,0,0,2,1,0,0,2,1,,,,
time_after_traffic,0,0,2,1,0,0,2,1,,,,
l_m,2,1,0,0,0,0,2,1,0.0,0.0,0.0,0.0
k_prime,0,0,0,0,2,1,2,1,,,,
presses,0,0,0,0,2,1,2,1,,,,
pieces,0,0,0,0,2,1,2,1,,,,
_row,2,1,0,0,0,0,2,1,0.0,0.0,0.0,0.0
sum_t1,0,0,2,1,0,0,2,1,,,,
sum_min,0,0,2,1,0,0,2,1,,,,
right_subsets,0,0,0,0,2,1,2,1,,,,
target_B,0,0,2,1,0,0,2,1,,,,
ref_row_diff,0,0,2,1,0,0,2,1,,,,
shifted_d_list,0,0,0,0,2,1,2,1,,,,
num_spans,2,1,0,0,0,0,2,1,0.0,0.0,0.0,0.0
current_right,0,0,0,0,2,1,2,1,,,,
combined_lower,0,0,0,0,2,1,2,1,,,,
month_days,0,0,0,0,2,1,2,1,,,,
BCy,0,0,2,1,0,0,2,1,,,,
pairs_mod1_2,0,0,0,0,2,1,2,1,,,,
num_cols,0,0,0,0,2,1,2,1,,,,
sum_right,0,0,2,1,0,0,2,1,,,,
giv,2,1,0,0,0,0,2,1,0.0,0.0,0.0,0.0
station2,0,0,0,0,2,1,2,1,,,,
largest_component,0,0,2,1,0,0,2,1,,,,
count_dots,0,0,2,1,0,0,2,1,,,,
contest_possible,0,0,0,0,2,1,2,1,,,,
alcohol_drinks,0,0,0,0,2,1,2,1,,,,
M_pow,0,0,0,0,2,1,2,1,,,,
min_end,0,0,0,0,2,1,2,1,,,,
net_progress,0,0,0,0,2,1,2,1,,,,
new_sub,0,0,2,1,0,0,2,1,,,,
in_second,2,1,0,0,0,0,2,1,0.0,0.0,0.0,0.0
sa_prev,0,0,0,0,2,1,2,1,,,,
to_add,2,1,0,0,0,0,2,1,0.0,0.0,0.0,0.0
min_avg,0,0,0,0,2,1,2,1,,,,
po2,2,1,0,0,0,0,2,1,0.0,0.0,0.0,0.0
sb_prev,0,0,0,0,2,1,2,1,,,,
ab_y,0,0,0,0,2,1,2,1,,,,
idx1,0,0,2,1,0,0,2,1,,,,
receivers,0,0,0,0,2,1,2,1,,,,
zero_blocks_needed,0,0,0,0,2,1,2,1,,,,
counter_clockwise,0,0,2,1,0,0,2,1,,,,
min_light,0,0,0,0,2,1,2,1,,,,
rot_b,0,0,0,0,2,1,2,1,,,,
s2_occurrences_back,0,0,2,1,0,0,2,1,,,,
char2,0,0,2,1,0,0,2,1,,,,
MAX_INT,2,1,0,0,0,0,2,1,0.0,0.0,0.0,0.0
B2N,2,1,0,0,0,0,2,1,0.0,0.0,0.0,0.0
numB,2,1,0,0,0,0,2,1,0.0,0.0,0.0,0.0
count_R,0,0,2,1,0,0,2,1,,,,
ab_x,0,0,0,0,2,1,2,1,,,,
inv_2,0,0,2,1,0,0,2,1,,,,
upper_x3,0,0,2,1,0,0,2,1,,,,
end_1,0,0,2,1,0,0,2,1,,,,
two_digit,0,0,0,0,2,1,2,1,,,,
d_bus,0,0,2,1,0,0,2,1,,,,
perm_list,0,0,0,0,2,1,2,1,,,,
max_possible_c,0,0,0,0,2,1,2,1,,,,
line7,2,1,0,0,0,0,2,1,0.0,0.0,0.0,0.0
active_ys,0,0,0,0,2,1,2,1,,,,
is_power_of_two,0,0,2,1,0,0,2,1,,,,
total_v,0,0,0,0,2,1,2,1,,,,
wj,0,0,2,1,0,0,2,1,,,,
p2_values,0,0,0,0,2,1,2,1,,,,
aij,0,0,2,1,0,0,2,1,,,,
full_segments,0,0,0,0,2,1,2,1,,,,
leastSignificantBit,2,1,0,0,0,0,2,1,0.0,0.0,0.0,0.0
next_d,0,0,2,1,0,0,2,1,,,,
d_bin,0,0,0,0,2,1,2,1,,,,
all_one,0,0,2,1,0,0,2,1,,,,
end_p,0,0,2,1,0,0,2,1,,,,
team_part,0,0,2,1,0,0,2,1,,,,
candies,0,0,0,0,2,1,2,1,,,,
next_leader,0,0,0,0,2,1,2,1,,,,
s_center,0,0,0,0,2,1,2,1,,,,
negated,0,0,0,0,2,1,2,1,,,,
max_vasya,0,0,2,1,0,0,2,1,,,,
selected_asc,0,0,2,1,0,0,2,1,,,,
max_word_length,0,0,0,0,2,1,2,1,,,,
len_segment,0,0,0,0,2,1,2,1,,,,
container,2,1,0,0,0,0,2,1,0.0,0.0,0.0,0.0
b_needed,0,0,0,0,2,1,2,1,,,,
max_buns,0,0,0,0,2,1,2,1,,,,
idx_1_forward,2,1,0,0,0,0,2,1,0.0,0.0,0.0,0.0
input_board,0,0,0,0,2,1,2,1,,,,
days2,0,0,0,0,2,1,2,1,,,,
default,1,1,0,0,1,1,2,2,0.0,1.0,0.0,1.0
selected_chars,0,0,2,1,0,0,2,1,,,,
symbols,2,1,0,0,0,0,2,1,0.0,0.0,0.0,0.0
time_to_reach_0,0,0,0,0,2,1,2,1,,,,
line_len,0,0,0,0,2,1,2,1,,,,
min_racer,0,0,0,0,2,1,2,1,,,,
max_dp,0,0,2,1,0,0,2,1,,,,
exclude_left,0,0,2,1,0,0,2,1,,,,
digit_index,0,0,2,1,0,0,2,1,,,,
double,2,1,0,0,0,0,2,1,0.0,0.0,0.0,0.0
sport_possible,0,0,0,0,2,1,2,1,,,,
last_digits,0,0,0,0,2,1,2,1,,,,
top_left,0,0,0,0,2,1,2,1,,,,
dxa,2,1,0,0,0,0,2,1,0.0,0.0,0.0,0.0
x_mod,0,0,2,1,0,0,2,1,,,,
sum_t2,0,0,2,1,0,0,2,1,,,,
sorted_ni,0,0,2,1,0,0,2,1,,,,
total_blocks,0,0,2,1,0,0,2,1,,,,
w_i,0,0,0,0,2,1,2,1,,,,
count_a_less_i,0,0,2,1,0,0,2,1,,,,
actual,0,0,2,1,0,0,2,1,,,,
is_tank,0,0,2,1,0,0,2,1,,,,
log_a6,0,0,2,1,0,0,2,1,,,,
pai,2,1,0,0,0,0,2,1,0.0,0.0,0.0,0.0
zt,2,1,0,0,0,0,2,1,0.0,0.0,0.0,0.0
toys,2,1,0,0,0,0,2,1,0.0,0.0,0.0,0.0
Ms,0,0,2,1,0,0,2,1,,,,
cost_white,0,0,2,1,0,0,2,1,,,,
ub3,0,0,2,1,0,0,2,1,,,,
main_diag_sum,0,0,2,1,0,0,2,1,,,,
distance1,0,0,0,0,2,1,2,1,,,,
required_shift,0,0,2,1,0,0,2,1,,,,
sum_row_i,0,0,2,1,0,0,2,1,,,,
mismatches_after_repaint,0,0,2,1,0,0,2,1,,,,
polyhedron_faces,0,0,2,1,0,0,2,1,,,,
MOD2,0,0,2,1,0,0,2,1,,,,
initial_row,0,0,2,1,0,0,2,1,,,,
ceil_m,0,0,0,0,2,1,2,1,,,,
adjacent,0,0,2,1,0,0,2,1,,,,
violist,0,0,2,1,0,0,2,1,,,,
next_r,0,0,2,1,0,0,2,1,,,,
term3,0,0,0,0,2,1,2,1,,,,
var_names,0,0,0,0,2,1,2,1,,,,
disp_id,0,0,2,1,0,0,2,1,,,,
surplus_c,0,0,2,1,0,0,2,1,,,,
b_p_min,0,0,2,1,0,0,2,1,,,,
contribution_left,0,0,0,0,2,1,2,1,,,,
d_p_start,0,0,0,0,2,1,2,1,,,,
slist,2,1,0,0,0,0,2,1,0.0,0.0,0.0,0.0
m_list,0,0,2,1,0,0,2,1,,,,
d3x,0,0,0,0,2,1,2,1,,,,
c1_rank,0,0,0,0,2,1,2,1,,,,
a_p_min,0,0,2,1,0,0,2,1,,,,
cij,0,0,2,1,0,0,2,1,,,,
num_rows,0,0,0,0,2,1,2,1,,,,
count_a_only,0,0,2,1,0,0,2,1,,,,
optimal_y,0,0,0,0,2,1,2,1,,,,
mink56,2,1,0,0,0,0,2,1,0.0,0.0,0.0,0.0
max_shots,0,0,0,0,2,1,2,1,,,,
min_left,0,0,0,0,2,1,2,1,,,,
cost_k,0,0,0,0,2,1,2,1,,,,
a_sorted_desc,0,0,2,1,0,0,2,1,,,,
sorted_transformed,0,0,0,0,2,1,2,1,,,,
next_gain,0,0,0,0,2,1,2,1,,,,
remaining_students,0,0,0,0,2,1,2,1,,,,
proportionB,2,1,0,0,0,0,2,1,0.0,0.0,0.0,0.0
r1_values,0,0,0,0,2,1,2,1,,,,
min_prog_r,0,0,0,0,2,1,2,1,,,,
x_main,0,0,2,1,0,0,2,1,,,,
si,0,0,2,1,0,0,2,1,,,,
valid_words,0,0,0,0,2,1,2,1,,,,
dir_char,0,0,0,0,2,1,2,1,,,,
EPS,2,2,0,0,0,0,2,2,0.0,0.0,0.0,0.0
new_depth,0,0,0,0,2,1,2,1,,,,
sum_val,0,0,0,0,2,1,2,1,,,,
option4_elevator,0,0,2,1,0,0,2,1,,,,
j_right,0,0,2,1,0,0,2,1,,,,
new_gcd2,0,0,0,0,2,1,2,1,,,,
valid_strs,0,0,0,0,2,1,2,1,,,,
muscle,0,0,2,1,0,0,2,1,,,,
t_y,0,0,2,1,0,0,2,1,,,,
r_pos,0,0,2,1,0,0,2,1,,,,
diff_days,0,0,2,1,0,0,2,1,,,,
xor_a_minus_1,0,0,2,1,0,0,2,1,,,,
is_amplifying,0,0,2,1,0,0,2,1,,,,
max_prog_l,0,0,0,0,2,1,2,1,,,,
birth_components,0,0,0,0,2,1,2,1,,,,
count_high,0,0,0,0,2,1,2,1,,,,
min_balance,0,0,2,1,0,0,2,1,,,,
person,0,0,2,1,0,0,2,1,,,,
max_c,0,0,0,0,2,1,2,1,,,,
b_np,0,0,0,0,2,1,2,1,,,,
sum_seen,0,0,0,0,2,1,2,1,,,,
max_bits,0,0,2,1,0,0,2,1,,,,
maximal_sum,0,0,2,1,0,0,2,1,,,,
max_fav,0,0,0,0,2,1,2,1,,,,
pairs_of_2,0,0,2,1,0,0,2,1,,,,
a_c_e,0,0,2,1,0,0,2,1,,,,
batches_after,0,0,2,1,0,0,2,1,,,,
all_numbers,0,0,2,1,0,0,2,1,,,,
first_gender,0,0,2,1,0,0,2,1,,,,
subs,2,1,0,0,0,0,2,1,0.0,0.0,0.0,0.0
col_distance,0,0,2,1,0,0,2,1,,,,
wy,0,0,0,0,2,1,2,1,,,,
next_ld,0,0,2,1,0,0,2,1,,,,
transactions,0,0,0,0,2,1,2,1,,,,
right_blocks,0,0,2,1,0,0,2,1,,,,
preference_order,0,0,0,0,2,1,2,1,,,,
lesha_words,0,0,2,1,0,0,2,1,,,,
pattern2_r,0,0,0,0,2,1,2,1,,,,
overamount,2,1,0,0,0,0,2,1,0.0,0.0,0.0,0.0
sum_w_horizontal,0,0,0,0,2,1,2,1,,,,
s_right,0,0,0,0,2,1,2,1,,,,
girl_names,0,0,0,0,2,1,2,1,,,,
lower_x2,0,0,2,1,0,0,2,1,,,,
_t,2,1,0,0,0,0,2,1,0.0,0.0,0.0,0.0
prefix_sums_a,2,1,0,0,0,0,2,1,0.0,0.0,0.0,0.0
vars_str,0,0,2,1,0,0,2,1,,,,
favorites,0,0,0,0,2,1,2,1,,,,
newDist,2,1,0,0,0,0,2,1,0.0,0.0,0.0,0.0
lista,2,1,0,0,0,0,2,1,0.0,0.0,0.0,0.0
count_x5,0,0,0,0,2,1,2,1,,,,
over,0,0,0,0,2,1,2,1,,,,
a_rank,0,0,2,1,0,0,2,1,,,,
count_U,0,0,2,1,0,0,2,1,,,,
prev3,0,0,2,1,0,0,2,1,,,,
salt_toasts,0,0,2,1,0,0,2,1,,,,
valid1,0,0,2,1,0,0,2,1,,,,
has_down,0,0,0,0,2,1,2,1,,,,
last_g,0,0,0,0,2,1,2,1,,,,
lookup,0,0,0,0,2,1,2,1,,,,
walk_time,0,0,0,0,2,1,2,1,,,,
left_i,0,0,2,1,0,0,2,1,,,,
moretime,2,1,0,0,0,0,2,1,0.0,0.0,0.0,0.0
next_left,0,0,0,0,2,1,2,1,,,,
max_32,0,0,0,0,2,1,2,1,,,,
facts,2,1,0,0,0,0,2,1,0.0,0.0,0.0,0.0
max_ops,0,0,0,0,2,1,2,1,,,,
ub1,0,0,2,1,0,0,2,1,,,,
reflected,0,0,0,0,2,1,2,1,,,,
steps_vladik,0,0,0,0,2,1,2,1,,,,
b_segment_sorted,0,0,0,0,2,1,2,1,,,,
a_segment_sorted,0,0,0,0,2,1,2,1,,,,
candy,2,1,0,0,0,0,2,1,0.0,0.0,0.0,0.0
o_k,0,0,2,1,0,0,2,1,,,,
cross_time,0,0,0,0,2,1,2,1,,,,
s_left,0,0,0,0,2,1,2,1,,,,
count_parity_1,0,0,0,0,2,1,2,1,,,,
cp,2,1,0,0,0,0,2,1,0.0,0.0,0.0,0.0
padded_s,0,0,0,0,2,1,2,1,,,,
max_balance,0,0,2,1,0,0,2,1,,,,
middle_y,2,1,0,0,0,0,2,1,0.0,0.0,0.0,0.0
new_rooks,0,0,2,1,0,0,2,1,,,,
s1_occurrences_back,0,0,2,1,0,0,2,1,,,,
MAX_DIST,2,1,0,0,0,0,2,1,0.0,0.0,0.0,0.0
keys,0,0,0,0,2,1,2,1,,,,
p_idx,0,0,2,1,0,0,2,1,,,,
d_left,0,0,2,1,0,0,2,1,,,,
unique_colors,0,0,2,1,0,0,2,1,,,,
col_count,0,0,0,0,2,1,2,1,,,,
diff_t,0,0,2,1,0,0,2,1,,,,
lane_first,0,0,0,0,2,1,2,1,,,,
http_pos,0,0,0,0,2,1,2,1,,,,
left_div,2,1,0,0,0,0,2,1,0.0,0.0,0.0,0.0
square_side,0,0,0,0,2,1,2,1,,,,
contribution_right,0,0,0,0,2,1,2,1,,,,
V0,0,0,2,1,0,0,2,1,,,,
you_idx_best,0,0,0,0,2,1,2,1,,,,
max_t,0,0,2,1,0,0,2,1,,,,
final_index2,2,1,0,0,0,0,2,1,0.0,0.0,0.0,0.0
numSets,2,1,0,0,0,0,2,1,0.0,0.0,0.0,0.0
line5,2,1,0,0,0,0,2,1,0.0,0.0,0.0,0.0
line0,2,1,0,0,0,0,2,1,0.0,0.0,0.0,0.0
t_snitch_point,0,0,0,0,2,1,2,1,,,,
window_end,0,0,2,1,0,0,2,1,,,,
interesting,0,0,2,1,0,0,2,1,,,,
leftrem,2,1,0,0,0,0,2,1,0.0,0.0,0.0,0.0
final_prob,0,0,2,1,0,0,2,1,,,,
changes_pattern1,0,0,0,0,2,1,2,1,,,,
d1y,0,0,0,0,2,1,2,1,,,,
r_min,0,0,0,0,2,1,2,1,,,,
new_word,0,0,0,0,2,1,2,1,,,,
rpn,0,0,2,1,0,0,2,1,,,,
is_tap,0,0,2,1,0,0,2,1,,,,
full,0,0,0,0,2,1,2,1,,,,
t_next_list,0,0,2,1,0,0,2,1,,,,
d_start,0,0,0,0,2,1,2,1,,,,
train_start,0,0,0,0,2,1,2,1,,,,
col_sum,0,0,2,1,0,0,2,1,,,,
current_divisors,0,0,2,1,0,0,2,1,,,,
x_col,0,0,2,1,0,0,2,1,,,,
grams,2,1,0,0,0,0,2,1,0.0,0.0,0.0,0.0
conflicts,0,0,0,0,2,1,2,1,,,,
current_distance,0,0,0,0,2,1,2,1,,,,
first_layout,0,0,2,1,0,0,2,1,,,,
sec_diag_sum,0,0,2,1,0,0,2,1,,,,
stripe_width,0,0,0,0,2,1,2,1,,,,
sherlock,0,0,0,0,2,1,2,1,,,,
farthest_node,0,0,0,0,2,1,2,1,,,,
non_winners,0,0,0,0,2,1,2,1,,,,
required_a,0,0,0,0,2,1,2,1,,,,
condition3,2,1,0,0,0,0,2,1,0.0,0.0,0.0,0.0
sum_main,0,0,2,1,0,0,2,1,,,,
s_to_i,0,0,2,1,0,0,2,1,,,,
d_p_end,0,0,0,0,2,1,2,1,,,,
max_digit,0,0,2,1,0,0,2,1,,,,
max_yl,0,0,2,1,0,0,2,1,,,,
changes_needed,0,0,2,1,0,0,2,1,,,,
expression,0,0,2,1,0,0,2,1,,,,
reduced_dx,0,0,2,1,0,0,2,1,,,,
sorted_unique,0,0,0,0,2,1,2,1,,,,
toasts_drink,0,0,0,0,2,1,2,1,,,,
sergei_row,0,0,0,0,2,1,2,1,,,,
max_buy,0,0,0,0,2,1,2,1,,,,
previous_year,0,0,2,1,0,0,2,1,,,,
str_arr,2,1,0,0,0,0,2,1,0.0,0.0,0.0,0.0
max_avg,0,0,0,0,2,1,2,1,,,,
chunked,2,1,0,0,0,0,2,1,0.0,0.0,0.0,0.0
count_max,0,0,0,0,2,1,2,1,,,,
framed_line,0,0,2,1,0,0,2,1,,,,
prices_asc,0,0,2,1,0,0,2,1,,,,
s3p,0,0,2,1,0,0,2,1,,,,
is_leap_y,0,0,2,1,0,0,2,1,,,,
mat_exp,0,0,0,0,2,1,2,1,,,,
best_distance,0,0,0,0,2,1,2,1,,,,
picture,0,0,2,1,0,0,2,1,,,,
penalties,0,0,2,1,0,0,2,1,,,,
username_pattern,0,0,0,0,2,1,2,1,,,,
new_node,0,0,2,1,0,0,2,1,,,,
mtx_pow,0,0,0,0,2,1,2,1,,,,
alist,2,1,0,0,0,0,2,1,0.0,0.0,0.0,0.0
sum_powers,0,0,0,0,2,1,2,1,,,,
max_stack_size,2,1,0,0,0,0,2,1,0.0,0.0,0.0,0.0
non_empty,0,0,0,0,2,1,2,1,,,,
students_sorted,0,0,0,0,2,1,2,1,,,,
itops,2,1,0,0,0,0,2,1,0.0,0.0,0.0,0.0
room_status,0,0,0,0,2,1,2,1,,,,
max_dim,0,0,0,0,2,1,2,1,,,,
x_sec,0,0,2,1,0,0,2,1,,,,
selected_primes,0,0,2,1,0,0,2,1,,,,
ABy,0,0,2,1,0,0,2,1,,,,
s_rev,0,0,0,0,2,1,2,1,,,,
min_deletions,0,0,0,0,2,1,2,1,,,,
very,0,0,0,0,2,1,2,1,,,,
Exit,2,1,0,0,0,0,2,1,0.0,0.0,0.0,0.0
sum_p_min,0,0,2,1,0,0,2,1,,,,
c_lower,0,0,0,0,2,1,2,1,,,,
in_either,2,1,0,0,0,0,2,1,0.0,0.0,0.0,0.0
moves_right,0,0,0,0,2,1,2,1,,,,
adjacents,0,0,2,1,0,0,2,1,,,,
max_rod,0,0,2,1,0,0,2,1,,,,
max_boys,0,0,2,1,0,0,2,1,,,,
you_idx_worst,0,0,0,0,2,1,2,1,,,,
prev_x2,0,0,0,0,2,1,2,1,,,,
original_r,0,0,0,0,2,1,2,1,,,,
minr1,2,1,0,0,0,0,2,1,0.0,0.0,0.0,0.0
square_1,2,1,0,0,0,0,2,1,0.0,0.0,0.0,0.0
current_is_amp,0,0,0,0,2,1,2,1,,,,
min_indices,0,0,0,0,2,1,2,1,,,,
given,2,1,0,0,0,0,2,1,0.0,0.0,0.0,0.0
full_weeks,0,0,0,0,2,1,2,1,,,,
safe_cols,0,0,0,0,2,1,2,1,,,,
gov_nodes,0,0,2,1,0,0,2,1,,,,
condh,2,1,0,0,0,0,2,1,0.0,0.0,0.0,0.0
under,0,0,0,0,2,1,2,1,,,,
excluded,0,0,0,0,2,1,2,1,,,,
min_chess_r,0,0,0,0,2,1,2,1,,,,
new_idx,0,0,2,1,0,0,2,1,,,,
bSet,0,0,0,0,2,1,2,1,,,,
current_subfolders,0,0,0,0,2,1,2,1,,,,
w_worst,0,0,2,1,0,0,2,1,,,,
toasts_lime,0,0,0,0,2,1,2,1,,,,
vars_list,0,0,2,1,0,0,2,1,,,,
time_row2,0,0,0,0,2,1,2,1,,,,
window_size,0,0,0,0,2,1,2,1,,,,
row_count,0,0,0,0,2,1,2,1,,,,
time_after,0,0,2,1,0,0,2,1,,,,
ssskills,2,1,0,0,0,0,2,1,0.0,0.0,0.0,0.0
ns,0,0,0,0,2,1,2,1,,,,
new_y2,0,0,0,0,2,1,2,1,,,,
left_win,0,0,2,1,0,0,2,1,,,,
d1_sorted,0,0,0,0,2,1,2,1,,,,
batches,0,0,0,0,2,1,2,1,,,,
lj_val,0,0,2,1,0,0,2,1,,,,
disk_part,0,0,2,1,0,0,2,1,,,,
person1,2,1,0,0,0,0,2,1,0.0,0.0,0.0,0.0
j_max,0,0,2,1,0,0,2,1,,,,
dollars_str,0,0,2,1,0,0,2,1,,,,
batches1,0,0,2,1,0,0,2,1,,,,
smallest_id,0,0,2,1,0,0,2,1,,,,
d1x,0,0,0,0,2,1,2,1,,,,
count_low,0,0,0,0,2,1,2,1,,,,
cb,0,0,0,0,2,1,2,1,,,,
max_ship_start,0,0,0,0,2,1,2,1,,,,
ax,2,1,0,0,0,0,2,1,0.0,0.0,0.0,0.0
xor_a_b,0,0,2,1,0,0,2,1,,,,
tempstr,2,1,0,0,0,0,2,1,0.0,0.0,0.0,0.0
count_numbers,0,0,2,1,0,0,2,1,,,,
po1,2,1,0,0,0,0,2,1,0.0,0.0,0.0,0.0
sum_even,0,0,0,0,2,1,2,1,,,,
padded_parity,0,0,0,0,2,1,2,1,,,,
min_black,0,0,0,0,2,1,2,1,,,,
outputf,2,1,0,0,0,0,2,1,0.0,0.0,0.0,0.0
temp_result2,2,1,0,0,0,0,2,1,0.0,0.0,0.0,0.0
collisions,0,0,0,0,2,1,2,1,,,,
m_min,0,0,2,1,0,0,2,1,,,,
text_counts,0,0,0,0,2,1,2,1,,,,
time_to_B,0,0,2,1,0,0,2,1,,,,
inta,2,1,0,0,0,0,2,1,0.0,0.0,0.0,0.0
sum_steps,0,0,2,1,0,0,2,1,,,,
third,2,1,0,0,0,0,2,1,0.0,0.0,0.0,0.0
dza,2,1,0,0,0,0,2,1,0.0,0.0,0.0,0.0
used_doubles,0,0,0,0,2,1,2,1,,,,
b_sorted_asc,0,0,0,0,2,1,2,1,,,,
expr_normal,0,0,2,1,0,0,2,1,,,,
end_start_next,0,0,0,0,2,1,2,1,,,,
idx_k,0,0,0,0,2,1,2,1,,,,
divisors_A,0,0,2,1,0,0,2,1,,,,
m_neg,0,0,2,1,0,0,2,1,,,,
size_to_index,0,0,0,0,2,1,2,1,,,,
max_plates,0,0,0,0,2,1,2,1,,,,
h_list,0,0,0,0,2,1,2,1,,,,
elm,2,1,0,0,0,0,2,1,0.0,0.0,0.0,0.0
ABx,0,0,2,1,0,0,2,1,,,,
stones,2,1,0,0,0,0,2,1,0.0,0.0,0.0,0.0
original_c,0,0,0,0,2,1,2,1,,,,
j_left,0,0,2,1,0,0,2,1,,,,
sorted_with_indices,0,0,0,0,2,1,2,1,,,,
potions_made,0,0,0,0,2,1,2,1,,,,
sorted_events,0,0,0,0,2,1,2,1,,,,
hacks,0,0,0,0,2,1,2,1,,,,
G_EVEN,2,1,0,0,0,0,2,1,0.0,0.0,0.0,0.0
totalsteps,2,1,0,0,0,0,2,1,0.0,0.0,0.0,0.0
selected_desc,0,0,2,1,0,0,2,1,,,,
train_end,0,0,0,0,2,1,2,1,,,,
len_Sb,0,0,2,1,0,0,2,1,,,,
platform_end,0,0,0,0,2,1,2,1,,,,
gas_prices_number,2,1,0,0,0,0,2,1,0.0,0.0,0.0,0.0
line6,2,1,0,0,0,0,2,1,0.0,0.0,0.0,0.0
idx_j,0,0,0,0,2,1,2,1,,,,
in_str,2,1,0,0,0,0,2,1,0.0,0.0,0.0,0.0
log_a9,0,0,2,1,0,0,2,1,,,,
s1_counts,0,0,0,0,2,1,2,1,,,,
new_val,0,0,2,1,0,0,2,1,,,,
das,2,1,0,0,0,0,2,1,0.0,0.0,0.0,0.0
time_row1,0,0,0,0,2,1,2,1,,,,
bus_temp,0,0,0,0,2,1,2,1,,,,
new_bad,0,0,0,0,2,1,2,1,,,,
child,0,0,2,1,0,0,2,1,,,,
x_row,0,0,2,1,0,0,2,1,,,,
rem2,0,0,2,1,0,0,2,1,,,,
digits_needed,0,0,0,0,2,1,2,1,,,,
max_give,0,0,2,1,0,0,2,1,,,,
sell_out,0,0,2,1,0,0,2,1,,,,
c_pos,0,0,2,1,0,0,2,1,,,,
surplus_available,0,0,2,1,0,0,2,1,,,,
min_A,0,0,2,1,0,0,2,1,,,,
spacefound,2,1,0,0,0,0,2,1,0.0,0.0,0.0,0.0
reachable_bessie,0,0,2,1,0,0,2,1,,,,
p0,0,0,2,1,0,0,2,1,,,,
x_sorted,0,0,2,1,0,0,2,1,,,,
table_entry,2,1,0,0,0,0,2,1,0.0,0.0,0.0,0.0
unknowns,0,0,0,0,2,1,2,1,,,,
non_space,0,0,0,0,2,1,2,1,,,,
simplified_num,0,0,0,0,2,1,2,1,,,,
nextone,2,1,0,0,0,0,2,1,0.0,0.0,0.0,0.0
min_white,0,0,0,0,2,1,2,1,,,,
middle_x,2,1,0,0,0,0,2,1,0.0,0.0,0.0,0.0
flagSize,2,1,0,0,0,0,2,1,0.0,0.0,0.0,0.0
curr_x,2,1,0,0,0,0,2,1,0.0,0.0,0.0,0.0
dir_map,0,0,2,1,0,0,2,1,,,,
sum_delta,0,0,2,1,0,0,2,1,,,,
f_L,0,0,2,1,0,0,2,1,,,,
b_double,0,0,2,1,0,0,2,1,,,,
s2p,0,0,2,1,0,0,2,1,,,,
valid2,0,0,2,1,0,0,2,1,,,,
cost_day,0,0,0,0,2,1,2,1,,,,
BOX_INDEXES,2,1,0,0,0,0,2,1,0.0,0.0,0.0,0.0
remaining_sorted,0,0,2,1,0,0,2,1,,,,
prize_order,0,0,2,1,0,0,2,1,,,,
letter_order,0,0,0,0,2,1,2,1,,,,
leftover,2,1,0,0,0,0,2,1,0.0,0.0,0.0,0.0
log_a5,0,0,2,1,0,0,2,1,,,,
dsl,2,1,0,0,0,0,2,1,0.0,0.0,0.0,0.0
a_mod,0,0,2,1,0,0,2,1,,,,
rect_coords,0,0,2,1,0,0,2,1,,,,
w_best,0,0,2,1,0,0,2,1,,,,
j_end,0,0,0,0,2,1,2,1,,,,
cost_black,0,0,2,1,0,0,2,1,,,,
rightmost_L,0,0,0,0,2,1,2,1,,,,
alphabet,0,0,0,0,2,1,2,1,,,,
lb4,0,0,2,1,0,0,2,1,,,,
b_mod,0,0,2,1,0,0,2,1,,,,
col_freq,0,0,2,1,0,0,2,1,,,,
start_y,0,0,0,0,2,1,2,1,,,,
touse,2,1,0,0,0,0,2,1,0.0,0.0,0.0,0.0
i_start,0,0,0,0,2,1,2,1,,,,
b_ternary,0,0,2,1,0,0,2,1,,,,
total_tiles,0,0,0,0,2,1,2,1,,,,
start_day,0,0,2,1,0,0,2,1,,,,
image_rotation,0,0,2,1,0,0,2,1,,,,
num_pieces_y,0,0,2,1,0,0,2,1,,,,
other_available,0,0,2,1,0,0,2,1,,,,
safe_rows,0,0,0,0,2,1,2,1,,,,
sum_friends,0,0,2,1,0,0,2,1,,,,
steps_valera,0,0,0,0,2,1,2,1,,,,
maxb,2,1,0,0,0,0,2,1,0.0,0.0,0.0,0.0
prev_k,0,0,0,0,2,1,2,1,,,,
duplicate_pairs,0,0,0,0,2,1,2,1,,,,
mm_new,0,0,2,1,0,0,2,1,,,,
all_icicles,0,0,0,0,2,1,2,1,,,,
current_U,0,0,2,1,0,0,2,1,,,,
pockets,2,1,0,0,0,0,2,1,0.0,0.0,0.0,0.0
total_messages,0,0,0,0,2,1,2,1,,,,
row_freq,0,0,2,1,0,0,2,1,,,,
maxelem,2,1,0,0,0,0,2,1,0.0,0.0,0.0,0.0
initial_rank,0,0,0,0,2,1,2,1,,,,
t4,0,0,0,0,2,1,2,1,,,,
driver_list_sorted_alternative,0,0,0,0,2,1,2,1,,,,
freq_list,0,0,0,0,2,1,2,1,,,,
a_sub,0,0,2,1,0,0,2,1,,,,
current_ascii,0,0,2,1,0,0,2,1,,,,
s1p,0,0,2,1,0,0,2,1,,,,
sorted_species,0,0,0,0,2,1,2,1,,,,
divisors_B,0,0,2,1,0,0,2,1,,,,
macro_value,0,0,0,0,2,1,2,1,,,,
max_possible_d,0,0,2,1,0,0,2,1,,,,
current_digits,0,0,2,1,0,0,2,1,,,,
total_mana,2,1,0,0,0,0,2,1,0.0,0.0,0.0,0.0
sum_m_minus_1,0,0,2,1,0,0,2,1,,,,
start_pos,0,0,0,0,2,1,2,1,,,,
n_val,0,0,2,1,0,0,2,1,,,,
b_next_list,0,0,2,1,0,0,2,1,,,,
exercises,0,0,0,0,2,1,2,1,,,,
proportionA,2,1,0,0,0,0,2,1,0.0,0.0,0.0,0.0
BCx,0,0,2,1,0,0,2,1,,,,
concatenated,0,0,2,1,0,0,2,1,,,,
prev_y,0,0,0,0,2,1,2,1,,,,
max_ones,0,0,0,0,2,1,2,1,,,,
fileName,2,1,0,0,0,0,2,1,0.0,0.0,0.0,0.0
min_id,0,0,0,0,2,1,2,1,,,,
next_angle,0,0,2,1,0,0,2,1,,,,
notes_order,0,0,2,1,0,0,2,1,,,,
binary_to_digit,0,0,2,1,0,0,2,1,,,,
uy,2,1,0,0,0,0,2,1,0.0,0.0,0.0,0.0
monster_idx,0,0,0,0,2,1,2,1,,,,
y_start,2,1,0,0,0,0,2,1,0.0,0.0,0.0,0.0
bin_str,0,0,2,1,0,0,2,1,,,,
simplified_safe,0,0,2,1,0,0,2,1,,,,
model_x,0,0,0,0,2,1,2,1,,,,
presidents,0,0,2,1,0,0,2,1,,,,
distance2,0,0,0,0,2,1,2,1,,,,
idx2,0,0,2,1,0,0,2,1,,,,
nidx,0,0,2,1,0,0,2,1,,,,
square_coords,0,0,2,1,0,0,2,1,,,,
inv_q,0,0,2,1,0,0,2,1,,,,
expr_safe,0,0,2,1,0,0,2,1,,,,
inputf,2,1,0,0,0,0,2,1,0.0,0.0,0.0,0.0
almost_prime,2,1,0,0,0,0,2,1,0.0,0.0,0.0,0.0
ext_len,0,0,2,1,0,0,2,1,,,,
swap_y,2,1,0,0,0,0,2,1,0.0,0.0,0.0,0.0
go_through,2,1,0,0,0,0,2,1,0.0,0.0,0.0,0.0
leg1,2,1,0,0,0,0,2,1,0.0,0.0,0.0,0.0
current_position,0,0,0,0,1,1,1,1,,,,
tz,1,1,0,0,0,0,1,1,0.0,0.0,0.0,0.0
get_int,1,1,0,0,0,0,1,1,0.0,0.0,0.0,0.0
to_zero_based,1,1,0,0,0,0,1,1,0.0,0.0,0.0,0.0
dX,1,1,0,0,0,0,1,1,0.0,0.0,0.0,0.0
line2_invalid,0,0,1,1,0,0,1,1,,,,
emptyLine,1,1,0,0,0,0,1,1,0.0,0.0,0.0,0.0
Neven,1,1,0,0,0,0,1,1,0.0,0.0,0.0,0.0
current_best_inv,0,0,0,0,1,1,1,1,,,,
c_p,0,0,0,0,1,1,1,1,,,,
ab_diff_sq,0,0,0,0,1,1,1,1,,,,
line1_invalid,0,0,1,1,0,0,1,1,,,,
edges_used,0,0,0,0,1,1,1,1,,,,
paid,1,1,0,0,0,0,1,1,0.0,0.0,0.0,0.0
nof,1,1,0,0,0,0,1,1,0.0,0.0,0.0,0.0
OK,1,1,0,0,0,0,1,1,0.0,0.0,0.0,0.0
fenc,1,1,0,0,0,0,1,1,0.0,0.0,0.0,0.0
stairs_amount,1,1,0,0,0,0,1,1,0.0,0.0,0.0,0.0
removed_idx,0,0,0,0,1,1,1,1,,,,
last_right,0,0,0,0,1,1,1,1,,,,
tp,1,1,0,0,0,0,1,1,0.0,0.0,0.0,0.0
17,0,0,0,0,1,1,1,1,,,,
bestPrefix,1,1,0,0,0,0,1,1,0.0,0.0,0.0,0.0
qlist,1,1,0,0,0,0,1,1,0.0,0.0,0.0,0.0
instant_spell_nr,1,1,0,0,0,0,1,1,0.0,0.0,0.0,0.0
len,1,1,0,0,0,0,1,1,0.0,0.0,0.0,0.0
26,1,1,0,0,0,0,1,1,0.0,0.0,0.0,0.0
first_left,0,0,0,0,1,1,1,1,,,,
sumt,1,1,0,0,0,0,1,1,0.0,0.0,0.0,0.0
OB,1,1,0,0,0,0,1,1,0.0,0.0,0.0,0.0
is_ordered,0,0,0,0,1,1,1,1,,,,
replace,1,1,0,0,0,0,1,1,0.0,0.0,0.0,0.0
c_mid,0,0,0,0,1,1,1,1,,,,
title,0,0,0,0,1,1,1,1,,,,
5C2,0,0,0,0,1,1,1,1,,,,
len_w4,0,0,0,0,1,1,1,1,,,,
RS,1,1,0,0,0,0,1,1,0.0,0.0,0.0,0.0
visited_p,0,0,1,1,0,0,1,1,,,,
plusv,1,1,0,0,0,0,1,1,0.0,0.0,0.0,0.0
sergei_col,0,0,0,0,1,1,1,1,,,,
max_cars,0,0,0,0,1,1,1,1,,,,
9027,0,0,0,0,1,1,1,1,,,,
rev_names,1,1,0,0,0,0,1,1,0.0,0.0,0.0,0.0
xf,1,1,0,0,0,0,1,1,0.0,0.0,0.0,0.0
two_marks_course,1,1,0,0,0,0,1,1,0.0,0.0,0.0,0.0
at_count,0,0,0,0,1,1,1,1,,,,
current_result,1,1,0,0,0,0,1,1,0.0,0.0,0.0,0.0
pj,0,0,1,1,0,0,1,1,,,,
raf,1,1,0,0,0,0,1,1,0.0,0.0,0.0,0.0
MAX_COLORS,1,1,0,0,0,0,1,1,0.0,0.0,0.0,0.0
7012,0,0,0,0,1,1,1,1,,,,
total_seats,0,0,0,0,1,1,1,1,,,,
original_b,0,0,0,0,1,1,1,1,,,,
dY,1,1,0,0,0,0,1,1,0.0,0.0,0.0,0.0
o1,1,1,0,0,0,0,1,1,0.0,0.0,0.0,0.0
unwo,1,1,0,0,0,0,1,1,0.0,0.0,0.0,0.0
sze,1,1,0,0,0,0,1,1,0.0,0.0,0.0,0.0
min_dim,0,0,0,0,1,1,1,1,,,,
original_mm,0,0,0,0,1,1,1,1,,,,
keepends,0,0,1,1,0,0,1,1,,,,
num_squares,1,1,0,0,0,0,1,1,0.0,0.0,0.0,0.0
garb,1,1,0,0,0,0,1,1,0.0,0.0,0.0,0.0
