Word,2020_Q1,2020_Q2,2020_Q3,2020_Q4,2021_Q1,2021_Q2,2021_Q3,2021_Q4,2022_Q1,2022_Q2,2022_Q3,2022_Q4,2023_Q1,2023_Q2,2023_Q3,2023_Q4,2024_Q1,2024_Q2,2024_Q3,2024_Q4,2025_Q1
a,34243,21111,28925,27377,15951,30633,16869,28384,18720,19040,20662,28785,36640,27751,24381,27011,41040,43648,45446,41965,36849
aa,40,21,35,22,22,22,16,43,30,29,44,19,34,34,70,75,68,67,72,50,23
aaron,1,0,11,11,1,4,3,0,1,0,1,0,0,1,0,0,2,0,1,1,0
ab,49,22,35,46,8,54,27,11,26,37,24,10,40,25,103,70,53,42,46,54,67
abandon,12,3,1,1,2,25,1,3,2,4,1,3,15,10,0,34,2,1,3,0,0
abandoned,3,1,0,6,0,3,1,0,0,3,5,1,1,1,3,0,0,0,1,0,0
abc,60,16,46,20,14,61,11,21,22,14,16,25,43,70,36,66,32,23,16,28,22
abdomen,0,0,0,0,0,0,1,0,0,0,0,0,0,0,0,0,0,0,0,0,0
abdominal,0,0,0,0,0,0,0,0,2,1,1,1,0,0,0,2,2,0,0,0,0
abilities,0,0,1,0,0,1,0,0,1,0,0,0,0,0,0,0,0,2,0,7,0
ability,30,22,21,17,13,9,8,11,11,8,10,12,7,8,11,12,31,35,29,42,40
able,231,141,165,170,117,245,83,274,138,164,182,259,417,292,137,183,380,365,402,422,303
abnormal,1,0,0,0,0,9,10,27,19,32,34,44,23,38,12,14,22,41,30,24,22
abnormalities,0,0,0,0,0,0,0,0,0,0,0,0,0,0,1,0,0,0,1,4,0
about,741,476,696,472,278,607,380,557,430,434,395,568,656,540,520,517,708,637,777,707,521
above,2254,772,1007,741,420,825,448,776,531,474,514,918,839,545,754,962,857,866,1095,1377,1043
abraham,1,0,0,0,0,0,0,0,0,0,0,0,145,0,2,0,6,1,10,14,0
abroad,0,0,0,0,0,1,0,0,0,0,0,0,0,0,0,0,0,0,0,0,0
abruptly,1,3,0,1,1,3,1,1,3,2,1,1,2,0,1,2,0,1,2,2,0
absence,41,10,17,10,5,20,8,26,11,14,21,31,66,28,2,23,60,77,47,42,44
absent,38,16,18,25,14,30,14,22,19,10,27,15,19,18,18,19,26,15,23,10,22
absolute,367,276,306,293,226,390,264,400,370,354,414,538,512,383,312,433,446,554,554,474,531
absolutely,6,0,4,1,2,2,1,4,11,2,4,8,2,7,9,4,1,6,4,4,2
absorb,13,1,2,1,3,0,0,4,1,5,2,2,3,4,6,7,4,8,3,4,3
absorbed,5,3,3,5,2,8,3,6,2,7,3,6,6,7,5,8,9,8,6,2,2
absorption,19,8,0,4,5,5,2,0,6,4,4,19,5,2,3,2,4,5,8,0,7
abstract,115,62,43,55,48,108,18,36,22,24,18,65,43,42,34,53,44,138,56,116,98
abstracts,10,5,12,7,2,8,4,7,1,4,4,0,2,13,0,2,4,2,4,1,0
absurd,0,0,0,1,0,0,0,1,0,2,0,0,0,0,1,1,2,0,0,0,4
abundance,25,0,19,1,1,1,0,0,1,6,4,4,2,4,4,0,4,0,2,0,11
abundant,0,0,0,0,0,0,0,1,0,2,0,1,0,0,0,3,0,0,0,0,0
abuse,3,2,4,1,2,0,1,1,0,1,1,5,3,0,2,1,1,1,2,1,0
ac,203,151,133,51,11,167,41,58,56,102,44,38,341,61,24,144,59,91,48,48,90
academic,15,2,0,1,2,13,0,4,33,22,33,34,21,3,1,3,14,16,14,6,1
academy,0,0,0,0,0,0,0,0,0,3,3,0,0,45,33,11,18,22,13,11,5
accelerated,57,8,10,7,15,12,1,5,1,3,2,9,1,4,3,6,5,3,6,7,4
acceleration,48,10,15,28,9,102,24,22,60,27,23,48,36,27,23,40,62,36,82,90,42
accept,187,115,205,90,68,105,75,129,88,88,122,170,143,91,74,118,166,169,158,197,162
acceptable,46,12,34,7,6,29,7,16,7,13,28,16,15,15,8,15,18,31,27,30,30
acceptance,31,8,5,3,6,2,1,18,7,2,1,1,6,2,5,16,8,11,16,49,15
accepted,40,21,31,11,16,23,15,19,3,16,9,22,44,20,19,41,39,51,53,73,82
accepting,18,17,37,8,5,2,4,8,2,4,4,11,10,3,14,10,12,8,20,7,13
accepts,52,25,47,27,29,45,20,36,24,34,26,40,53,39,25,122,171,114,434,198,161
access,463,198,265,319,148,353,176,252,148,249,175,296,222,246,288,329,581,483,819,676,785
accessed,54,21,40,17,8,27,10,24,16,20,22,13,21,13,29,44,37,62,38,42,50
accessible,45,6,25,28,10,22,7,11,13,6,1,11,7,5,29,14,8,13,15,29,37
accessories,0,0,0,1,0,0,0,0,0,0,0,0,0,0,0,0,0,0,0,0,0
accident,3,7,7,4,2,4,2,7,3,1,0,3,3,0,1,2,4,4,2,5,2
accidental,6,9,3,8,4,8,8,2,3,4,7,4,14,8,0,9,1,5,11,5,8
accidents,0,0,0,0,0,1,0,0,1,1,0,0,0,0,1,1,0,1,3,0,1
accommodate,6,11,22,7,0,8,7,4,6,6,3,4,1,14,4,24,69,61,41,83,90
accommodation,0,0,0,0,0,0,2,0,2,0,0,0,0,0,0,0,0,0,0,0,0
accommodations,0,0,0,0,0,0,0,0,0,0,0,0,0,0,0,0,0,1,0,0,0
accompanied,0,1,0,0,0,0,0,3,0,0,0,0,0,1,0,3,0,1,1,0,0
accompany,1,0,0,0,0,1,0,1,0,0,2,0,0,0,0,0,0,0,1,0,0
accompanying,60,5,9,9,4,9,67,12,71,51,15,0,45,2,379,32,35,342,15,38,20
accomplish,1,0,3,3,2,4,3,6,7,8,1,7,6,8,1,3,4,4,5,1,1
accomplished,0,0,2,1,0,4,3,9,6,6,1,7,5,7,1,1,1,1,2,5,0
accomplishment,0,0,0,0,0,2,0,0,0,0,0,0,0,0,0,0,0,0,0,0,0
accomplishments,0,0,0,0,0,0,0,0,0,0,0,0,1,0,0,0,0,0,0,0,0
accord,0,0,0,0,0,1,0,0,0,0,0,0,0,0,0,4,0,1,0,1,0
accordance,35,5,1,1,0,0,0,3,0,2,0,6,2,2,2,1,0,0,5,6,30
according,582,349,473,430,344,590,633,662,525,613,586,610,640,667,571,592,637,765,803,651,587
accordingly,98,64,94,130,90,136,105,155,120,142,217,153,218,145,142,200,167,202,318,247,139
account,630,221,185,358,155,346,170,236,229,210,154,228,270,206,137,192,213,208,276,335,263
accountability,0,0,0,0,0,0,0,1,0,0,0,0,0,0,0,0,0,0,0,0,0
accountant,2,0,0,0,3,1,2,2,0,0,0,0,0,2,0,1,0,0,0,0,3
accounted,6,0,5,1,1,8,3,1,6,2,2,2,4,2,1,4,3,3,2,8,8
accounting,8,4,2,4,8,8,4,1,4,9,3,4,6,8,10,16,7,11,16,28,23
accounts,74,34,10,32,19,29,18,23,17,15,7,22,29,12,16,15,38,39,41,47,30
accrued,2,0,0,0,0,0,0,0,4,1,0,0,0,0,0,0,0,0,0,0,0
accumulated,136,50,77,91,144,62,67,69,74,80,54,74,83,88,63,68,87,92,72,68,57
accumulation,14,35,25,38,123,41,34,61,49,87,69,63,87,103,66,59,154,138,185,196,140
accuracy,1118,436,517,664,611,1041,538,619,459,697,597,374,613,553,599,647,661,760,536,524,455
accurate,107,55,77,57,27,41,35,48,32,48,60,54,48,68,59,79,93,111,105,88,80
accurately,5,4,14,2,2,1,0,5,9,2,13,5,5,3,10,5,9,5,10,8,19
accustomed,0,0,0,0,0,0,0,0,0,0,0,0,0,1,0,0,0,0,0,0,0
achieve,51,16,29,10,15,26,18,22,32,19,42,7,42,21,36,22,36,51,43,50,41
achieved,73,13,32,51,22,23,34,39,49,36,47,43,30,29,51,55,24,31,36,52,40
achievement,0,0,1,0,0,0,0,6,0,1,0,0,0,0,0,0,0,0,0,0,0
achieving,5,1,1,0,0,4,16,0,3,0,0,0,0,0,1,1,1,3,1,3,0
acid,4,4,1,2,0,0,0,0,2,1,4,3,8,10,1,23,13,13,12,4,3
acids,0,2,0,2,2,0,0,0,0,2,4,4,0,9,1,18,9,8,18,4,8
acknowledge,10,3,3,10,1,2,3,4,0,2,6,6,2,2,1,9,1,3,3,5,3
acknowledged,0,5,0,0,1,0,0,0,0,1,0,2,0,0,0,0,0,1,0,0,0
acknowledgment,1,2,0,3,3,4,3,1,5,2,4,3,0,6,5,2,2,7,12,5,3
acoustic,2,6,0,9,0,6,16,14,15,2,16,18,26,23,12,26,29,14,29,72,42
acquire,10,11,12,9,3,15,14,17,47,14,15,15,11,11,2,10,15,28,4,6,3
acquired,14,3,4,1,0,3,1,0,1,4,0,2,3,1,1,7,4,5,2,3,2
acquiring,0,2,0,2,3,3,3,5,2,4,1,6,3,0,2,1,2,1,7,3,2
acquisition,58,17,17,18,0,9,45,51,11,10,5,13,4,22,33,25,19,30,23,29,53
acquisitions,1,0,0,0,0,0,1,0,0,0,0,1,0,4,0,1,0,0,0,7,0
acres,0,0,0,0,0,0,0,0,0,0,1,0,0,0,0,0,0,0,0,0,0
across,513,294,363,463,420,500,438,483,572,603,543,709,522,712,450,565,848,907,772,1108,986
act,190,96,196,111,77,110,111,143,129,152,162,144,172,198,420,212,165,217,232,292,162
acta,0,0,1,0,0,0,0,0,0,0,0,0,0,0,0,0,0,0,0,0,0
acted,1,2,2,0,0,0,1,1,1,0,0,1,0,0,7,1,2,0,1,0,1
acting,23,25,35,7,6,6,7,52,9,20,3,23,100,86,9,69,25,46,6,16,20
action,1303,883,994,973,596,969,655,795,643,526,655,1036,1126,604,1179,971,795,1116,987,1136,748
actions,592,250,301,325,252,296,172,342,283,142,183,276,316,309,340,354,252,312,526,281,349
activated,75,14,22,32,15,36,35,35,47,40,65,59,35,26,60,49,69,44,47,46,48
activation,782,457,403,377,372,394,343,455,379,512,425,449,373,524,661,294,568,600,534,650,559
active,277,143,162,181,218,317,175,311,241,210,176,316,301,241,174,176,177,182,257,276,166
actively,2,0,4,0,3,4,7,4,7,11,18,10,16,8,25,5,7,15,8,13,5
activities,0,1,2,0,15,2,14,1,4,8,12,4,6,11,10,9,40,17,4,28,6
activity,26,0,5,3,14,35,6,7,12,33,7,5,17,8,18,16,16,13,17,27,43
actor,85,48,96,97,29,311,107,84,108,122,53,76,147,88,224,106,59,280,148,132,215
actors,12,18,10,13,9,78,51,26,9,40,7,18,31,16,60,2,18,13,26,17,22
acts,55,43,45,69,27,49,44,51,34,73,41,34,41,32,33,28,26,27,34,38,44
actual,552,342,471,455,309,496,252,349,312,281,358,405,477,419,473,453,731,489,603,624,850
actually,665,433,507,508,276,505,239,562,257,316,440,490,690,521,408,501,777,749,862,816,645
acute,31,0,0,0,5,0,0,0,4,3,0,0,2,0,1,2,2,1,2,1,0
ad,43,25,58,13,22,22,26,25,22,25,6,20,44,25,30,54,60,28,37,22,39
ada,9,2,0,0,13,21,12,1,5,42,19,32,19,55,31,18,22,13,53,25,14
adam,277,123,138,284,144,252,161,203,161,227,217,154,303,154,240,150,261,254,251,238,151
adams,1,0,0,0,2,2,0,0,0,0,3,7,7,18,21,27,33,18,12,9,7
adapt,59,64,61,38,39,143,33,136,69,69,108,123,264,159,127,56,193,171,174,149,222
adaptation,50,58,34,20,33,19,43,18,43,106,61,31,51,41,62,37,185,223,190,94,777
adapted,296,167,154,144,112,240,127,206,162,189,331,227,348,315,254,309,611,608,650,615,561
adaptive,113,99,188,91,54,139,113,118,82,125,117,97,132,135,134,67,128,136,116,121,180
add,5478,3655,3950,4994,3282,6273,3664,5862,4736,4450,4940,6424,8278,6468,5427,5731,9058,9557,9213,8602,7218
added,984,638,698,701,409,937,540,860,604,825,667,1024,1013,706,706,661,1119,1028,1344,1366,955
adding,467,280,301,476,241,494,236,456,306,296,329,359,549,366,352,363,574,562,547,589,510
addition,184,72,151,126,76,115,94,106,88,91,68,104,141,116,223,112,160,243,148,154,146
additional,1599,874,323,542,460,604,356,446,375,487,479,599,698,499,514,398,655,1921,749,689,591
additionally,32,29,46,43,14,43,18,36,22,44,18,46,64,41,28,41,72,62,66,68,44
additions,12,3,19,4,4,10,4,1,6,9,5,2,8,11,13,8,14,7,10,9,7
address,217,173,301,87,35,59,20,77,31,51,112,134,113,50,94,88,133,107,73,65,76
addressed,13,11,6,9,4,8,2,9,6,2,3,6,12,8,7,12,11,7,7,6,4
addresses,66,50,77,34,10,36,25,28,10,35,10,20,39,19,15,17,18,25,37,9,30
addressing,0,4,8,2,0,3,2,2,0,2,4,2,0,0,1,1,2,2,6,2,4
adds,136,49,83,129,58,111,53,91,61,68,96,117,160,103,105,112,145,125,156,136,127
adequacy,0,0,0,0,0,0,0,2,0,0,0,0,0,0,0,0,0,0,0,0,0
adequate,2,5,9,4,3,8,0,2,1,0,1,3,0,1,2,2,2,1,0,3,8
adequately,0,0,0,0,0,1,0,0,1,0,0,0,0,0,1,0,1,0,1,0,0
adjacent,64,22,83,41,37,44,43,60,60,57,47,49,79,54,62,55,61,65,84,71,34
adjoining,6,0,0,0,0,0,0,0,0,0,0,0,0,0,0,3,0,0,0,3,0
adjust,310,224,267,239,303,323,256,301,246,328,340,349,372,345,357,270,496,567,683,632,486
adjustable,7,0,6,3,1,4,4,3,5,4,7,4,4,3,8,6,5,10,2,15,1
adjusted,54,23,27,26,33,61,35,44,35,28,38,39,57,40,55,37,58,52,65,79,121
adjusting,64,5,13,16,8,6,8,15,14,11,13,10,16,20,17,12,43,16,27,33,13
adjustment,29,9,11,27,8,8,16,9,11,21,17,22,34,22,28,39,41,56,40,29,64
adjustments,3,2,6,7,10,9,3,3,11,11,8,17,6,8,3,17,11,10,21,49,24
administered,7,1,0,0,0,0,0,0,0,0,3,0,0,0,1,0,0,0,0,0,0
administration,0,0,16,0,0,0,0,0,0,0,3,1,0,5,0,0,1,0,0,0,0
administrative,2,0,0,0,1,0,0,0,0,2,0,0,0,0,0,0,1,1,2,0,1
administrator,1,0,17,0,0,0,0,7,1,1,0,0,0,0,0,3,0,0,0,0,0
admiral,0,0,0,0,0,0,0,0,0,0,0,2,0,1,0,1,0,0,0,0,1
admiration,0,0,0,0,0,0,0,0,0,0,0,0,0,0,0,0,0,0,1,0,0
admissible,2,1,3,3,2,53,0,0,0,0,0,1,0,0,4,3,6,2,2,2,2
admission,2,3,3,0,4,0,5,2,0,3,13,0,11,10,0,12,0,13,22,15,1
admissions,0,2,1,0,3,0,2,0,0,0,0,0,7,6,0,3,0,3,7,6,0
admit,0,2,0,0,1,2,0,4,0,1,2,0,0,3,2,1,0,0,1,0,0
admits,0,0,1,0,0,0,0,0,0,0,0,1,1,0,0,0,0,0,0,0,0
admitted,0,0,0,0,0,0,0,0,0,0,0,0,1,0,0,0,0,0,0,0,0
admitting,0,0,0,0,0,0,0,0,0,0,0,0,0,0,0,0,0,1,0,1,0
adolescent,0,0,0,0,0,0,0,0,0,0,0,0,0,0,0,0,1,0,0,0,0
adopt,21,8,7,8,7,38,27,13,13,58,91,43,40,20,12,16,23,25,24,21,26
adopted,27,15,17,34,28,21,27,40,15,78,26,33,51,48,93,121,116,130,90,69,60
adopting,0,0,0,0,0,1,0,17,1,5,1,1,1,0,7,0,4,2,3,5,7
adoption,5,8,23,6,0,1,0,2,0,0,1,4,3,0,0,5,0,1,3,0,0
ads,25,0,0,3,0,0,0,0,0,0,0,0,0,1,0,1,0,0,2,0,0
adult,11,14,0,14,3,7,0,1,4,7,51,10,4,1,0,3,3,4,0,0,2
adults,2,0,0,0,0,0,0,0,0,0,0,0,0,2,2,2,0,0,0,0,0
advance,66,37,93,44,18,40,25,40,35,53,46,50,76,40,24,79,65,85,68,80,48
advanced,50,55,101,29,16,50,78,42,45,32,12,86,34,23,20,18,41,42,44,72,94
advancement,0,0,0,0,0,0,0,0,0,0,0,0,0,0,0,0,0,1,1,0,0
advances,2,4,11,2,0,2,0,2,1,4,1,3,3,0,3,2,2,8,1,2,1
advancing,6,1,0,2,1,1,1,0,0,0,0,0,0,1,0,0,1,1,15,0,1
advantage,94,27,13,26,12,37,51,44,43,21,47,36,41,39,45,19,11,36,44,42,37
advantageous,7,4,9,2,0,0,0,1,0,1,0,1,0,0,0,1,0,0,1,1,0
advantages,4,15,11,8,2,7,19,21,5,5,4,5,6,8,23,8,19,11,31,16,95
advent,0,0,0,0,0,0,0,0,7,0,1,1,2,1,0,0,0,0,0,0,0
adventure,4,1,0,0,0,0,1,1,1,1,0,0,0,0,0,0,0,1,0,1,0
adventures,0,0,0,0,0,0,0,0,0,0,4,0,0,0,0,1,0,0,0,0,0
adverse,0,0,0,1,0,0,0,0,0,0,0,0,0,0,0,0,0,0,4,0,0
adversely,0,0,0,0,0,0,1,0,0,0,0,0,0,0,0,1,0,0,0,0,0
advertised,1,0,1,0,0,1,0,0,1,0,0,0,0,0,0,0,0,0,2,0,1
advertisement,0,0,0,0,0,0,0,0,0,0,9,0,8,0,0,1,3,0,1,12,2
advertising,4,0,0,0,0,0,0,0,0,9,0,1,0,1,0,0,2,0,2,0,0
advice,13,1,0,1,0,3,0,0,0,0,0,0,2,1,0,0,4,3,1,3,19
advisable,0,0,0,0,0,0,0,0,0,0,1,1,0,0,0,0,0,0,0,0,1
advise,0,4,6,2,0,1,0,1,4,0,0,1,0,0,3,0,3,1,2,2,0
advised,710,7,58,72,27,16,35,140,59,41,14,28,32,26,56,98,51,38,104,70,68
adviser,0,734,40,0,0,0,4,12,0,36,0,0,0,4,0,0,0,0,0,0,0
advisory,0,0,0,0,0,0,0,0,0,0,0,0,0,0,1,0,0,0,0,0,0
advocated,1,1,1,1,0,0,0,4,0,1,0,1,0,1,0,0,0,0,0,0,0
aerial,0,0,0,4,0,0,1,0,2,0,33,1,0,5,0,0,7,0,8,9,0
aeronautics,0,0,16,0,0,0,0,0,0,0,0,0,0,0,0,0,0,0,0,0,0
aerospace,0,0,0,0,0,0,0,0,0,0,0,9,0,0,0,1,0,2,1,2,0
aesthetic,2,1,3,2,1,4,5,2,6,4,5,4,10,3,5,10,8,1,14,6,4
af,6,67,131,36,3,2,5,16,1,2,0,18,37,12,6,30,18,7,61,5,8
affairs,0,1,0,0,0,0,0,0,2,0,0,0,0,0,0,0,0,0,0,0,0
affect,90,71,107,135,83,94,72,102,58,93,64,87,143,92,118,164,119,139,147,129,124
affected,37,13,36,17,11,28,12,18,10,17,14,24,14,17,32,37,91,37,36,45,61
affecting,32,8,6,13,6,9,9,3,12,7,9,14,11,19,40,16,22,19,20,19,13
affection,0,0,0,0,0,0,0,0,0,0,0,0,0,1,0,0,0,0,0,0,0
affects,125,119,57,77,65,74,62,58,143,75,40,73,67,91,83,56,34,70,42,52,75
affiliated,0,0,0,0,1,0,0,0,0,0,0,0,0,0,0,0,0,0,2,0,1
affiliation,0,10,21,13,0,23,3,19,5,9,17,3,35,1,30,3,0,3,0,0,2
affinity,7,6,15,4,14,22,18,22,36,26,23,30,16,36,13,17,16,7,8,26,9
affirmative,0,0,0,0,0,0,3,0,0,0,0,0,0,0,0,0,0,0,0,0,0
affirmed,0,1,0,0,0,0,0,0,0,0,0,0,0,0,0,1,0,0,0,0,2
afford,0,0,0,3,2,1,1,2,1,1,0,0,0,1,0,2,3,6,8,1,5
afforded,0,0,0,0,0,0,0,0,0,0,0,0,0,0,0,0,4,0,0,0,0
affords,0,0,0,0,0,0,0,0,0,0,0,0,0,0,0,0,1,0,0,0,0
afl,0,0,0,0,0,0,0,0,0,0,0,0,0,0,0,4,0,0,0,0,0
afraid,0,0,0,0,0,0,0,0,0,0,0,0,0,1,0,0,0,0,0,0,0
africa,0,0,0,0,2,0,0,0,0,0,4,0,0,0,0,0,0,0,0,0,0
african,0,0,0,3,3,5,0,0,0,3,0,3,0,1,0,2,0,1,2,1,3
after,2195,1538,1752,1858,1489,2363,1624,1987,1780,2219,1982,2368,2449,2108,1862,1815,2732,2771,2846,2880,2817
afternoon,0,0,0,0,0,0,0,4,0,0,0,0,0,0,0,0,2,0,0,0,0
afterward,1,0,2,6,4,23,6,37,7,5,22,31,91,46,7,30,61,70,59,55,49
afterwards,52,27,32,39,14,42,30,54,42,35,48,65,120,133,86,88,205,150,285,210,128
ag,46,5,8,0,1,53,2,13,0,4,13,9,41,6,2,7,16,15,5,12,45
again,373,219,351,223,163,380,178,344,185,204,319,354,396,322,312,310,496,450,646,565,539
against,1549,132,265,158,79,331,92,167,82,133,87,154,140,128,98,132,192,207,223,204,191
age,100,43,62,38,50,42,25,28,39,62,31,33,44,87,46,29,13,47,35,49,17
aged,0,0,0,0,0,0,0,0,0,0,0,0,0,0,1,0,0,0,2,0,0
agencies,0,0,1,0,0,0,0,0,0,0,0,0,0,0,0,0,0,0,0,0,0
agency,1,0,32,0,0,0,0,0,0,1,1,0,0,0,0,0,0,0,0,0,0
agenda,0,1,17,0,0,0,1,0,0,1,0,2,0,0,3,0,0,0,0,0,0
agent,490,311,442,235,427,644,267,361,307,207,184,306,274,928,717,843,522,940,335,494,532
agents,128,176,68,26,357,431,144,139,52,32,32,82,63,180,297,578,174,264,111,245,276
ages,3,6,14,6,30,1,8,2,1,1,0,8,5,8,3,0,1,11,3,7,16
aggregate,100,77,83,106,128,100,79,131,144,144,134,159,143,128,101,155,166,213,211,180,175
aggressive,5,1,5,3,0,9,1,1,1,9,12,3,9,15,3,4,45,5,31,33,6
aging,0,0,0,0,0,0,0,0,0,0,0,1,0,2,0,0,0,0,0,0,0
ago,6,5,10,5,7,6,4,5,0,3,7,2,1,2,10,6,4,5,13,8,1
agree,71,23,24,27,14,11,20,14,18,25,11,54,17,35,24,20,32,54,18,25,34
agreed,3671,1453,1193,4446,1743,3706,1527,3739,2440,1154,2800,3315,6850,3843,3014,2997,7771,8777,8764,6614,6956
agreement,560,103,153,68,95,16,48,70,33,301,56,187,225,361,165,161,255,162,264,204,88
agreements,752,347,9,2,0,5,4,2,3,1,1,3,0,7,15,14,1,1328,2,2,2
agrees,48,7,39,3,2,2,4,0,1,13,3,2,0,2,4,2,1,12,10,0,3
agricultural,0,0,0,0,0,0,1,0,0,0,0,0,0,0,0,0,0,0,1,0,0
agriculture,0,0,0,4,3,0,0,0,1,0,0,0,0,3,0,0,0,0,3,3,0
ah,20,0,0,4,9,41,3,1,26,4,8,0,5,14,23,0,1,16,1,0,0
ahead,60,55,120,41,15,40,17,25,25,22,32,67,29,45,34,52,45,70,54,77,43
ai,617,381,143,676,425,813,269,585,523,274,398,701,844,535,184,263,809,872,748,718,724
aid,16,31,22,7,11,4,6,6,14,9,2,7,10,7,47,5,8,14,6,8,8
aided,0,1,0,1,4,0,5,0,1,0,0,0,0,5,3,0,0,1,0,0,1
aids,0,0,1,0,0,12,0,0,0,0,1,0,0,0,0,0,0,2,0,0,0
aim,16,6,2,22,4,13,6,5,15,6,8,6,22,5,10,6,5,7,24,6,13
aimed,4,0,0,0,0,0,0,0,0,0,0,0,0,0,2,0,0,0,0,0,0
aims,4,1,2,2,4,3,0,0,0,2,10,1,10,6,1,2,10,9,9,4,2
air,13,10,7,2,0,15,5,8,2,22,8,9,6,12,5,11,21,336,5,5,14
aircraft,1,12,3,0,7,0,1,1,4,2,2,2,1,1,0,9,7,9,3,3,0
airline,1,3,4,0,0,1,0,2,0,2,2,0,8,0,0,0,0,0,0,0,0
airlines,3,0,0,0,0,1,1,2,0,0,0,0,6,1,0,0,0,0,0,0,0
airplane,13,12,14,12,11,33,22,10,23,11,17,10,27,11,38,21,6,12,19,21,2
airport,2,0,8,2,0,0,0,5,2,0,1,3,11,0,2,0,0,0,0,12,6
al,814,111,146,159,100,309,165,232,174,223,113,215,286,206,193,188,195,192,262,188,122
alan,8,0,6,0,0,2,0,0,0,0,0,0,0,1,0,0,0,0,3,0,0
alarm,5,2,1,3,4,2,1,3,30,4,1,1,6,5,3,3,20,34,3,23,9
alaska,0,0,0,3,0,0,0,0,0,0,0,0,0,0,0,0,0,0,3,1,0
albany,0,0,0,0,0,3,0,0,0,0,0,0,0,0,0,0,0,0,0,0,0
albert,2,6,1,66,16,51,11,47,22,16,27,51,82,37,10,12,55,74,78,59,54
alcohol,0,0,0,0,0,0,0,0,0,0,0,0,8,0,0,4,0,0,0,0,0
alert,4,0,1,0,0,0,2,3,2,1,1,2,1,3,3,1,4,6,10,11,1
alex,361,23,11,19,2,17,6,8,5,17,11,2,16,0,3,8,20,9,9,6,16
alexander,7,2,2,1,0,3,6,2,17,5,5,13,6,4,4,3,8,8,6,3,6
alfalfa,0,0,0,0,0,0,0,0,0,0,0,0,0,0,0,0,0,0,1,0,0
alfred,0,0,0,0,0,0,0,0,0,0,0,0,0,0,0,0,3,0,0,0,0
algebra,20,11,9,11,4,8,4,15,9,3,2,8,17,14,11,15,19,5,7,7,14
algorithm,358,195,488,287,119,226,173,183,200,190,156,226,221,273,340,350,258,544,421,304,360
algorithms,74,44,58,41,37,70,32,68,71,76,49,74,53,50,97,38,41,69,60,41,60
alice,13,1,4,3,0,2,0,1,12,1,0,0,8,8,0,0,1,38,0,4,17
alien,0,0,0,0,0,0,0,0,0,2,2,1,0,0,0,0,2,0,0,1,0
alignment,222,169,171,458,190,318,221,251,213,208,146,362,277,202,129,176,184,205,280,227,227
alike,1,0,1,0,0,0,0,1,0,0,0,0,3,0,0,0,0,0,0,2,0
alive,98,81,51,89,69,83,55,81,38,54,30,36,61,49,54,98,20,53,74,71,39
alkaline,1,0,0,0,0,0,0,0,0,0,1,0,0,0,0,0,0,0,0,0,1
all,13196,8368,8615,12619,7413,12260,9526,13508,10773,11838,14209,18786,22000,17767,14996,14643,23124,24475,24786,21999,18482
allegation,2,0,0,0,0,0,0,0,0,0,0,0,0,0,0,0,0,0,0,0,0
alleged,0,0,0,0,0,0,0,0,0,0,4,0,0,0,0,0,0,0,0,0,0
allegedly,0,0,0,0,0,0,0,0,0,0,0,0,0,0,0,0,0,0,1,0,0
alleging,0,0,0,0,0,0,0,0,0,0,0,0,0,0,3,1,0,0,1,0,1
allen,4,3,3,8,12,19,7,12,16,0,8,17,25,11,0,7,12,23,15,5,5
alley,0,0,0,1,1,0,0,0,0,0,0,0,0,0,0,0,2,0,0,0,0
alliance,2,0,0,0,0,0,0,0,4,12,0,0,0,0,0,0,0,0,0,0,0
allied,0,0,0,0,0,0,0,0,0,0,0,5,0,0,0,0,0,0,0,0,0
allies,0,0,0,0,1,4,1,0,0,0,1,0,2,3,2,6,0,0,0,0,0
allocated,42,7,33,17,21,57,13,28,9,72,28,40,49,38,41,64,81,104,212,113,115
allocation,33,12,28,27,41,48,80,58,31,36,45,44,48,31,34,27,36,68,47,57,37
allotment,0,0,0,0,0,0,0,0,0,0,5,0,0,0,0,0,0,0,0,0,0
allotted,4,0,0,0,0,0,0,0,0,0,0,0,0,0,0,2,0,0,0,0,1
allow,541,375,608,418,265,498,423,394,305,317,366,527,555,486,444,479,624,728,732,723,581
allowable,8,15,11,8,11,7,8,13,6,1,1,3,3,4,8,10,3,7,3,2,5
allowance,0,0,0,0,0,0,0,0,0,0,2,0,0,0,0,0,0,0,1,0,0
allowed,249,198,331,179,163,253,121,159,120,159,145,239,166,178,222,255,214,266,228,182,174
allowing,31,44,71,51,11,13,7,31,19,21,16,31,21,26,71,34,42,82,29,42,62
allows,259,165,285,198,104,236,133,154,133,137,186,206,219,209,193,228,239,315,254,236,232
almost,54,63,89,44,36,59,35,43,33,48,41,52,53,58,50,80,72,69,69,74,50
alone,52,41,55,25,21,25,23,24,9,38,14,14,7,12,23,39,21,20,17,29,42
along,526,608,643,484,266,425,356,484,279,409,371,547,869,535,536,626,910,1023,998,1069,650
alongside,66,10,17,10,1,2,2,8,3,3,1,3,0,6,4,4,6,6,5,19,9
alpha,1107,536,778,608,442,686,558,677,493,702,674,642,726,823,2520,653,786,956,990,910,1142
already,1113,852,1168,1106,583,1098,701,1099,763,850,850,1175,1519,1073,762,989,1448,1629,1718,1815,1619
also,1805,1237,1556,1211,876,1855,911,1501,1003,1133,1230,1458,2045,1536,1239,1540,2337,2140,2727,2364,1968
altar,0,0,0,0,0,0,0,0,0,0,0,0,0,0,0,0,3,0,0,0,0
alter,30,26,36,13,25,17,12,12,17,27,28,28,28,20,18,25,19,42,22,25,32
alteration,2,5,5,8,0,0,0,0,0,0,0,0,0,3,0,0,0,7,0,0,1
alterations,0,4,8,2,0,0,0,1,0,3,0,6,2,2,0,0,1,2,1,3,1
altered,24,7,9,8,34,13,3,5,22,21,18,37,22,14,13,13,15,21,17,14,16
alternate,31,28,49,14,6,41,6,15,17,26,10,14,16,23,34,31,13,17,17,25,15
alternating,11,9,11,5,6,6,3,14,1,10,10,12,4,1,10,6,12,13,9,8,27
alternative,90,55,91,55,63,71,57,74,54,86,53,98,108,88,80,86,88,82,84,78,67
alternatives,8,11,3,3,8,4,6,3,4,11,3,14,4,14,7,10,15,29,16,22,15
although,78,49,50,70,54,77,25,71,48,56,72,93,78,71,58,99,55,89,91,57,67
altitude,10,3,3,3,9,11,2,4,6,0,1,1,2,4,2,3,0,2,2,2,2
altogether,4,3,9,8,1,3,7,13,4,2,8,7,18,13,10,7,16,17,17,12,9
aluminum,0,0,0,0,0,1,2,0,0,0,0,0,0,0,0,2,0,0,0,0,0
alumni,2,0,0,0,34,13,0,0,0,0,0,0,1,1,3,0,1,0,0,0,0
always,968,755,1144,1073,598,1336,770,1106,820,969,806,1230,1535,1185,961,1181,1851,1763,2465,2123,1705
am,45,21,33,36,112,52,20,48,25,28,55,44,34,47,33,53,38,77,42,39,43
amateur,0,0,0,0,0,0,0,0,0,0,0,0,0,0,0,0,0,0,2,0,0
amazing,0,0,1,1,1,1,0,1,0,1,0,1,1,1,2,1,5,8,0,0,2
ambient,9,5,3,7,8,16,2,17,2,11,5,7,5,5,5,6,1,4,1,23,8
ambiguous,7,24,41,18,10,13,5,14,7,11,13,20,47,43,8,29,34,50,40,27,31
ambition,0,0,0,0,0,0,0,0,0,0,0,0,0,0,0,0,0,1,0,0,0
ambitious,0,0,0,3,0,0,0,0,0,0,0,0,0,0,0,0,0,0,0,0,0
amend,1,0,2,0,0,0,0,0,0,1,2,0,0,0,1,1,0,0,5,9,0
amended,12,1,3,0,0,0,0,1,0,0,3,0,0,1,0,0,0,0,0,0,2
amending,0,0,0,0,0,0,0,0,0,0,0,0,0,0,0,0,0,0,0,2,2
amendment,0,0,1,0,0,0,0,0,0,0,0,0,3,0,0,0,0,0,0,0,0
amendments,7,1,0,0,0,0,0,0,0,0,0,0,0,0,0,0,0,0,0,0,0
amer,0,0,0,0,0,0,0,0,0,0,0,0,1,0,0,0,0,0,1,0,1
america,0,2,0,1,2,3,2,4,1,0,2,1,0,4,5,5,0,3,2,3,4
american,0,0,12,7,3,1,0,4,13,3,4,4,2,0,0,1,1,1,5,2,6
americans,0,0,0,0,0,1,0,0,0,0,0,0,0,0,0,0,0,0,0,0,0
amid,0,0,0,4,0,0,0,0,0,0,0,0,0,0,0,0,0,0,0,0,0
amino,3,7,1,4,2,0,0,0,0,3,7,7,4,19,2,40,23,18,29,8,11
ammonia,0,0,0,0,0,0,0,0,0,0,0,0,2,0,0,0,0,0,0,0,0
ammonium,0,0,0,0,0,0,0,0,0,0,0,0,2,0,0,0,0,0,0,0,0
ammunition,0,0,0,0,0,0,0,2,0,0,0,0,0,0,0,0,0,0,0,0,0
among,106,98,114,106,75,137,115,146,145,133,113,138,209,173,146,137,173,135,184,185,163
amongst,8,13,18,2,3,3,9,3,1,3,2,3,7,9,1,7,1,8,9,2,10
amount,234,103,112,139,81,176,92,108,164,97,68,106,177,70,89,102,138,110,91,94,76
amounts,6,3,5,3,7,8,4,8,3,0,1,6,9,2,4,3,6,8,15,8,6
ample,0,0,0,1,0,1,0,0,0,1,0,0,0,2,0,0,4,1,2,3,1
amplifier,0,0,0,0,0,0,0,1,0,3,0,0,0,0,0,1,21,2,28,0,0
amplitude,95,22,27,16,44,25,19,249,54,32,21,28,24,36,28,32,46,36,54,64,50
amsterdam,0,0,0,0,0,0,0,0,0,1,0,0,0,0,0,4,0,0,1,0,1
amusement,0,0,0,0,0,2,0,0,0,0,4,0,1,0,0,0,0,1,0,0,0
an,8830,5043,6198,8286,4184,8177,3891,7359,4958,4243,5681,7598,11678,7859,6331,6891,13166,14000,14519,12666,11962
ana,0,0,2,0,0,0,0,0,0,0,0,0,0,7,1,0,0,0,0,6,0
anal,4,0,6,0,1,1,0,1,0,0,0,1,0,0,0,0,0,0,0,0,0
analog,3,4,8,2,0,6,1,10,6,3,0,2,1,1,26,85,165,94,548,241,156
analogous,4,5,2,0,4,0,1,1,3,0,0,2,3,6,2,7,8,14,16,11,10
analogy,3,1,3,1,0,2,0,0,1,0,0,0,6,0,3,0,1,2,2,0,1
analyses,30,2,3,1,2,7,0,11,2,0,0,2,1,0,13,0,0,16,2,9,5
analysis,222,65,222,87,51,117,50,79,120,201,62,179,82,122,111,133,227,202,224,109,358
analyst,0,0,0,0,0,0,0,0,0,0,0,0,0,0,2,0,0,0,0,0,0
analytic,25,9,9,10,5,35,2,1,8,13,10,12,11,13,12,16,13,12,46,39,79
analytical,16,11,6,9,0,4,12,15,7,1,13,9,6,10,25,10,8,18,22,22,18
analyze,37,40,32,15,34,28,5,13,11,27,10,17,23,20,25,24,41,70,23,39,39
analyzed,8,21,1,1,23,4,0,1,2,0,1,3,3,2,3,2,11,1,0,6,5
analyzing,2,1,1,3,10,1,2,3,2,8,4,6,4,5,7,3,6,6,5,7,5
anatomy,6,4,5,2,0,0,2,4,0,1,8,0,0,1,2,6,0,2,1,1,0
ancestors,14,15,4,4,6,6,8,6,5,2,2,9,11,4,8,18,11,10,8,4,20
anchor,487,486,594,753,596,589,565,672,653,558,795,789,419,495,407,481,563,642,417,227,230
ancient,2,0,1,3,0,0,0,0,0,1,0,0,0,0,1,1,1,0,2,10,1
and,48134,29005,32845,37910,23884,41398,27740,42637,31484,32137,38713,46449,53940,42834,34353,38228,56248,57940,63307,57847,49710
anderson,3,0,4,0,0,3,0,2,0,2,0,0,8,0,0,0,4,1,0,0,0
andrew,15,3,6,33,5,11,3,7,6,0,2,15,6,70,0,1,0,1,2,4,1
andrews,1,0,3,0,0,0,0,0,0,0,1,0,0,0,0,0,0,0,0,0,0
anemia,0,0,0,0,0,0,0,0,0,0,0,0,0,0,0,0,0,0,0,1,0
anesthesia,0,0,0,0,0,0,0,0,0,0,0,0,0,0,0,0,0,0,0,0,2
angel,0,0,2,0,0,0,0,1,14,32,1,0,0,17,4,1,0,1,2,1,6
angeles,0,0,0,0,0,0,0,1,0,0,0,1,0,0,0,0,0,0,0,0,0
angels,0,0,0,0,0,0,0,0,0,0,1,0,0,0,4,0,0,0,0,0,0
anger,1,0,1,1,6,2,0,0,0,1,0,0,0,0,4,0,0,0,3,0,0
angle,411,267,229,321,251,307,266,365,372,292,267,366,428,337,282,403,343,342,582,439,280
angles,184,117,94,100,75,77,79,155,122,71,70,175,172,171,107,212,135,87,123,104,131
angry,2,1,6,0,0,0,0,1,0,0,2,0,0,0,0,0,2,4,9,0,4
angular,113,36,41,43,28,58,23,20,50,24,35,60,39,25,46,32,20,45,66,48,69
animal,1,6,13,13,11,5,6,6,21,19,28,7,19,18,19,37,4,23,51,14,2
animals,2,0,1,3,0,0,0,5,0,0,0,0,6,1,0,1,2,5,3,0,2
ann,88,23,48,89,40,56,58,60,55,35,93,63,71,58,110,174,104,68,66,108,46
anna,0,0,0,0,0,1,0,0,0,1,0,0,0,0,0,0,0,0,0,0,1
annals,2,0,2,0,1,0,1,0,0,0,0,0,0,0,1,1,0,0,0,0,0
anne,12,0,2,0,0,0,0,0,0,0,0,0,1,2,0,0,0,0,14,1,0
announce,15,1,1,0,1,0,0,0,0,2,17,1,0,0,0,1,0,8,0,1,0
announced,0,0,0,0,0,1,0,0,1,0,0,0,0,0,0,0,0,0,0,0,0
announcement,5,0,2,0,0,2,0,0,4,2,0,0,0,3,0,1,1,2,3,1,4
annual,1,11,0,1,0,9,1,1,0,32,3,1,0,0,0,0,4,0,1,1,1
anonymous,25,7,7,0,11,24,1,3,6,6,0,7,2,1,6,24,9,10,9,6,9
another,361,325,475,329,200,332,189,280,173,233,195,299,328,268,234,242,306,338,406,347,394
answer,276,242,232,268,164,359,247,396,203,157,197,317,476,422,431,333,1037,1053,714,824,641
answered,4,2,1,14,0,0,5,1,0,0,2,2,0,3,0,1,2,2,2,1,2
answering,14,7,0,18,11,44,12,54,13,3,41,53,95,62,30,18,121,63,98,67,44
answers,113,88,60,109,89,167,236,213,98,94,143,140,347,290,196,112,395,404,251,247,174
ant,16,1,14,8,4,2,1,13,8,15,22,26,16,5,58,0,8,14,10,41,7
ante,0,0,1,0,0,0,0,0,0,0,0,0,0,0,0,0,0,0,0,0,0
antenna,5,6,0,3,0,1,0,0,0,2,1,0,5,0,0,1,7,8,0,185,20
anterior,0,2,0,0,0,0,0,0,1,0,0,3,0,0,0,0,2,0,2,0,0
anthony,4,0,1,0,1,0,1,0,1,2,1,0,2,0,0,0,0,0,0,1,7
anti,8,5,8,18,16,20,10,11,17,28,16,29,26,16,50,22,13,23,20,21,15
antibodies,0,0,1,0,0,0,0,0,0,0,0,0,0,0,0,0,0,0,1,0,0
antibody,0,0,0,0,0,0,0,0,0,0,0,0,0,0,0,0,0,0,0,0,1
anticipate,0,0,0,0,0,0,1,1,0,0,0,0,1,0,2,0,2,1,3,4,4
anticipated,0,0,0,1,2,2,0,1,0,0,0,0,0,0,0,0,1,0,2,0,0
anticipation,0,0,3,0,0,7,0,0,0,1,3,0,0,0,0,3,2,0,0,0,0
antigen,2,0,0,0,0,4,0,0,0,0,3,1,0,6,0,0,1,0,0,0,9
antitrust,0,0,0,0,0,0,0,0,0,0,0,0,1,0,0,0,0,0,0,0,0
antonio,0,2,1,3,0,0,1,0,1,1,0,0,0,0,0,0,0,0,0,0,2
anxiety,0,0,0,0,0,0,0,0,0,0,0,0,0,0,0,1,0,0,0,0,0
anxious,0,0,0,0,0,0,0,0,0,0,0,0,0,0,0,2,0,0,0,0,0
any,9475,4830,5758,7272,3474,6575,3399,6989,4317,3537,4571,7323,11302,7091,5553,6034,11336,12886,12864,11320,10349
anybody,0,1,0,0,0,0,1,0,0,3,0,0,1,1,0,0,2,0,1,2,0
anymore,52,62,81,67,54,96,76,107,78,83,73,127,105,89,49,64,100,119,103,133,98
anyone,15,10,14,11,2,2,6,7,1,3,5,5,5,7,15,12,2,10,5,3,12
anything,277,200,314,195,120,263,167,255,138,162,113,221,189,220,148,222,233,279,321,310,234
anyway,94,85,101,78,30,79,39,63,38,42,33,82,106,85,62,93,146,121,128,129,92
anywhere,27,13,29,19,5,26,4,22,8,7,7,14,21,15,10,16,34,14,36,29,20
ap,222,140,190,287,187,238,161,307,274,257,247,256,264,210,258,203,303,213,249,82,65
apart,10,8,7,7,7,23,11,6,4,23,6,16,10,20,11,24,31,27,17,20,27
apartment,0,0,0,1,0,30,0,0,0,1,0,0,0,0,1,0,0,0,0,0,2
aperture,23,17,0,0,0,28,2,8,21,0,9,28,0,2,5,1,17,1,7,2,12
apex,173,209,70,211,111,344,168,248,263,232,254,255,227,187,163,162,132,104,157,168,88
app,64,32,78,38,7,77,21,45,21,27,2754,2388,36,33,26,72,32,53,77,83,60
apparatus,1,0,0,0,0,0,0,0,0,0,0,0,0,0,0,0,0,0,0,0,1
apparel,0,0,0,0,0,0,0,0,2,0,0,0,0,0,0,0,4,0,1,0,0
apparent,2,4,14,3,2,1,0,1,6,20,5,1,2,2,10,3,11,4,6,4,1
apparently,94,32,56,23,16,18,14,21,18,19,22,30,26,18,22,31,13,36,34,40,20
appeal,0,0,0,0,0,0,0,0,0,0,0,0,0,0,0,1,0,0,1,0,0
appeals,0,0,0,0,0,0,0,0,4,0,0,0,0,0,0,0,0,0,0,0,0
appear,206,121,175,132,60,94,96,117,67,99,88,128,152,109,142,89,165,128,141,230,187
appearance,24,15,28,19,14,14,13,54,30,17,16,14,41,25,14,6,10,22,7,16,10
appearances,4,0,0,0,0,0,2,2,2,0,0,1,0,0,0,0,0,4,0,4,1
appeared,12,19,15,24,9,28,21,21,21,24,16,16,31,20,12,8,12,19,14,5,8
appearing,20,15,9,8,10,21,3,18,5,8,6,12,33,10,14,25,16,14,9,16,11
appears,48,60,81,40,16,39,21,46,31,37,34,55,61,37,43,55,50,83,81,80,51
appellant,0,0,0,0,0,0,0,0,2,0,0,0,0,0,0,0,0,0,0,0,0
appellee,0,0,0,0,0,0,0,0,2,0,0,0,0,0,0,0,0,0,0,0,0
appendix,67,21,14,32,20,23,31,28,17,33,13,18,31,39,48,22,44,117,49,26,37
appetite,0,0,0,0,0,0,0,0,0,0,0,0,0,0,0,0,0,0,0,0,1
appl,0,0,2,0,0,2,0,0,0,0,6,0,0,0,0,0,8,0,0,0,0
apple,25,16,35,15,5,6,2,18,55,35,14,9,14,12,394,34,68,43,136,104,44
apples,0,2,0,7,0,0,2,2,1,0,0,0,0,0,3,1,4,6,0,4,2
appliances,0,0,0,0,0,0,0,0,0,0,0,0,0,0,0,0,0,0,2,0,0
applicability,0,0,1,0,1,0,2,0,0,3,1,1,3,8,4,3,3,6,0,7,2
applicable,3744,1539,1263,4538,1801,3790,1613,3821,2538,1229,2885,3440,6934,3940,3097,3069,7841,8881,8834,6698,7041
applicant,0,0,0,0,0,0,0,0,0,0,0,0,0,6,1,0,0,0,0,1,0
application,101,38,65,38,17,24,13,28,28,24,20,30,40,43,26,43,15,31,64,66,35
applications,22,10,42,20,22,14,15,17,15,9,8,16,15,14,22,16,1,10,12,16,7
applied,281,180,245,278,171,314,307,299,325,266,274,362,521,371,334,305,574,650,579,523,551
applies,105,51,81,82,43,62,67,62,34,58,74,66,87,96,94,82,118,172,123,122,131
apply,1674,1041,1113,1676,1232,1630,1378,2078,1409,1912,2219,2465,4145,2951,1649,2456,4724,4997,4222,4112,3747
applying,161,73,68,144,63,80,70,76,66,66,87,93,102,130,94,86,137,167,134,143,138
appoint,0,0,0,0,0,0,0,0,0,0,0,0,1,0,0,0,0,0,0,0,0
appointed,0,0,0,0,0,0,0,1,0,1,0,0,0,0,0,0,0,0,0,0,0
appointment,0,0,0,0,0,0,0,0,0,0,0,0,2,0,0,0,0,0,0,0,0
appreciable,0,0,0,0,0,0,0,0,0,0,0,1,0,0,0,1,0,0,0,0,0
appreciate,1,0,0,1,0,0,0,0,1,0,0,0,0,0,1,3,0,0,0,0,2
appreciated,1,20,24,2,0,0,0,1,0,1,0,1,0,0,0,0,0,0,0,0,0
approach,125,76,79,94,57,60,63,59,53,57,125,66,55,86,84,100,103,107,122,107,72
approached,0,0,2,0,0,0,0,1,0,0,0,2,0,0,0,0,0,0,1,2,0
approaches,12,5,10,9,5,16,6,4,5,5,9,7,9,13,10,12,7,6,3,2,5
approaching,0,0,2,0,0,5,11,1,0,1,2,1,1,1,1,1,0,2,7,1,0
appropriate,173,96,192,99,63,97,77,90,70,82,72,120,116,112,99,127,146,136,189,162,171
appropriated,0,0,0,0,0,0,0,0,0,0,0,0,0,0,0,0,0,0,0,1,0
appropriately,48,36,60,38,18,60,36,50,55,20,40,50,75,48,26,38,76,94,80,51,57
approval,0,0,0,0,0,0,1,0,0,0,0,0,0,0,0,0,0,0,0,2,0
approve,3,5,0,0,2,2,0,0,0,0,0,0,1,0,3,0,0,2,0,0,0
approved,1,2,4,0,1,1,2,0,0,0,0,0,1,0,37,0,2,3,1,3,1
approximate,77,51,55,83,40,107,52,102,59,70,48,69,94,97,81,69,86,99,120,73,106
approximately,57,37,74,40,18,30,23,42,20,26,20,32,21,16,33,27,20,30,30,26,23
approximation,105,67,112,87,62,118,75,98,68,75,87,75,84,53,62,35,67,85,98,141,99
apr,11,7,7,7,4,9,0,7,1,70,0,4,0,0,2,1,2,12,2,32,2
april,2,25,7,4,3,2,2,8,4,3,22,0,5,0,0,0,2,3,2,4,1
apt,1,2,3,3,4,1,2,3,4,3,0,1,5,2,4,5,3,4,1,4,5
aquatic,0,1,0,0,0,0,0,0,1,0,0,0,2,0,0,1,0,0,0,0,0
aqueous,2,0,0,0,0,0,0,0,0,0,0,0,0,0,0,0,0,0,0,0,0
ar,78,37,49,37,16,43,33,39,24,54,50,30,28,30,40,58,40,64,36,24,55
arab,0,1,1,2,0,0,1,0,0,1,0,0,0,2,0,2,0,4,3,2,8
arabia,0,0,0,0,0,0,0,0,0,0,0,0,0,1,0,0,0,0,0,0,0
arabic,8,2,2,2,3,7,0,2,0,0,5,2,13,8,7,11,10,19,17,10,10
arbitrary,196,127,172,120,103,157,92,125,105,118,72,122,108,110,89,96,152,171,181,133,198
arbitration,0,0,0,0,0,0,0,1,0,0,0,0,0,0,0,0,0,0,0,0,0
arc,24,6,2,27,6,68,65,22,35,8,3,24,9,23,29,36,64,23,80,49,41
arch,90,134,172,126,120,134,124,185,132,197,106,150,434,143,1830,179,410,115,136,68,207
architect,7,1,3,0,6,2,0,3,0,4,0,0,1,1,0,0,0,0,3,3,2
architectural,1,1,2,1,2,0,9,4,6,2,0,0,1,7,4,15,60,56,27,66,78
architecture,406,213,201,304,304,364,195,338,259,240,235,201,415,332,268,295,324,331,358,264,181
archives,10,27,49,16,3,19,11,20,7,14,11,27,21,15,13,15,16,20,19,9,10
arctic,0,0,0,0,0,0,0,4,2,0,0,1,0,0,0,0,0,1,0,0,2
are,12661,7084,9205,9840,6044,11496,6589,10672,7204,7199,7500,10473,13348,9941,8319,9477,13981,13798,15694,14980,12572
area,937,569,700,740,598,822,714,758,761,696,783,800,634,714,783,631,815,672,811,526,588
areas,115,107,109,123,132,149,115,134,105,117,124,125,103,105,93,120,98,129,173,106,81
arena,4,1,9,6,1,23,3,11,24,0,1,4,2,2,1,9,4,2,2,3,5
argentina,0,0,0,0,0,0,0,0,0,0,0,0,0,0,0,0,0,0,2,0,0
argue,0,0,0,0,1,0,1,2,1,1,0,0,1,1,1,1,2,2,1,1,5
argued,0,0,0,0,0,0,0,0,0,0,0,0,0,1,0,1,0,2,1,1,4
argues,0,0,0,0,0,0,0,0,0,0,0,0,0,0,0,0,0,0,1,0,0
arguing,0,0,0,0,0,0,0,0,0,1,0,0,0,0,0,0,0,0,1,0,1
argument,922,454,508,448,244,983,284,529,387,560,478,680,759,696,641,500,957,1174,906,1160,1177
arguments,1234,794,859,1139,789,1699,918,1246,1063,1470,1063,1533,1731,1700,1319,1143,1861,1951,2012,2174,2029
arise,1,3,13,4,7,11,9,5,10,12,9,17,9,13,12,11,18,18,18,16,13
arises,4,1,2,2,1,2,2,0,2,1,2,1,0,0,1,2,0,2,1,4,1
arising,816,273,244,174,72,103,88,211,125,79,63,382,327,59,150,192,125,122,155,461,223
arithmetic,19,13,22,28,5,30,8,8,7,13,4,16,12,12,48,30,10,28,28,19,46
arizona,1,1,4,22,0,0,0,0,0,0,1,2,0,0,1,1,0,1,0,0,0
arkansas,0,0,0,0,0,0,0,0,1,0,0,0,0,0,0,0,0,0,0,0,0
arm,82,34,27,38,61,84,33,63,82,20,57,55,51,30,104,49,51,104,42,129,29
armed,10,0,0,0,2,1,0,0,8,0,0,0,1,0,0,0,1,0,1,0,0
arms,7,4,1,0,0,4,5,7,9,6,24,0,13,13,25,20,10,16,5,32,7
armstrong,0,0,4,0,0,0,0,0,0,0,0,0,0,0,0,0,0,0,0,0,0
army,0,0,3,0,0,0,0,0,0,1,0,0,0,0,0,0,0,0,0,0,0
arnold,0,0,0,0,0,0,0,0,0,1,0,0,1,2,0,0,0,5,0,0,0
arose,0,0,3,0,0,0,0,0,0,0,1,0,0,0,0,0,0,0,0,0,0
around,417,241,315,337,213,322,196,279,215,257,217,323,348,263,220,320,311,388,481,456,304
arrange,22,16,16,10,28,38,22,10,8,60,41,16,7,21,19,52,8,12,69,25,11
arranged,14,2,3,0,5,2,4,1,4,3,2,3,1,6,14,1,12,9,17,16,6
arrangement,5,5,0,3,2,7,28,0,2,2,1,3,0,1,1,3,7,2,4,3,1
arrangements,32,3,0,0,2,5,2,4,0,0,0,0,0,0,0,0,0,0,0,0,0
array,3218,1292,2494,1398,1100,2391,1100,1253,1327,1438,1629,1369,1963,1641,1797,1608,2216,2037,2226,1918,1966
arrest,0,0,0,0,0,1,0,0,0,0,0,0,0,0,0,0,1,1,0,0,0
arrested,0,0,0,0,0,1,0,0,0,0,3,0,0,2,0,1,0,0,2,0,0
arrival,26,7,12,6,0,14,8,11,3,8,9,14,11,1,8,19,2,10,16,17,17
arrive,8,6,2,6,9,8,1,6,1,6,28,5,10,12,8,7,5,9,11,27,6
arrived,6,2,5,4,2,8,3,5,2,3,2,6,2,4,0,4,5,3,6,6,8
arriving,4,0,0,11,0,2,1,2,0,1,0,1,4,2,1,6,3,0,4,0,2
arrow,37,7,6,12,9,15,9,13,10,17,7,13,12,7,19,44,14,7,36,54,73
arrows,6,1,6,9,2,9,7,2,5,2,6,10,6,2,3,1,4,12,14,13,16
art,4,4,9,10,13,2,5,8,1,1,5,6,6,3,7,10,5,9,8,253,1
arterial,0,0,0,0,0,0,0,0,0,0,0,0,0,0,0,0,0,1,0,0,0
artery,9,2,0,0,0,0,0,0,0,0,0,0,0,0,0,0,0,0,0,0,0
arthritis,0,0,0,0,0,0,0,0,0,0,0,0,0,0,0,0,0,0,6,0,0
arthur,0,1,0,0,0,0,0,1,0,0,0,1,0,1,1,2,8,2,8,6,7
article,107,62,63,70,17,87,68,44,28,58,33,45,36,36,23,133,61,28,68,55,42
articles,20,12,18,38,14,12,16,17,14,21,27,14,9,22,6,28,27,21,17,12,8
artificial,32,28,32,14,6,15,25,10,14,5,8,55,5,40,25,15,14,11,30,5,12
artist,6,5,9,2,1,4,0,3,0,3,2,2,5,9,4,6,9,9,15,2,9
artistic,12,1,0,1,0,0,0,1,0,0,0,0,0,0,0,0,2,0,0,0,0
artists,2,5,0,7,3,3,1,4,0,1,6,0,4,0,0,1,2,1,0,0,3
arts,0,0,0,0,0,0,0,0,2,0,0,0,0,0,0,2,0,0,0,0,0
as,14522,8363,9950,12536,6608,12676,7170,12600,8308,7808,12228,13013,18159,12846,11274,12061,20406,21755,23010,20330,18623
ascertain,0,0,3,0,0,0,5,0,0,0,0,0,0,0,0,0,0,0,0,0,1
ascertained,1,0,0,0,0,0,0,0,0,0,0,0,0,0,0,0,0,0,0,0,0
ash,2,0,0,0,0,0,0,0,0,0,0,0,0,1,0,0,4,0,17,0,0
asia,0,0,0,1,12,11,6,25,11,0,9,18,31,15,3,22,27,29,23,16,10
asian,0,0,1,10,5,1,0,0,1,2,0,1,3,1,6,3,3,1,3,5,4
aside,2,6,9,4,3,1,1,6,0,2,1,1,0,0,2,3,5,3,2,2,1
ask,84,58,76,49,20,67,37,67,42,30,32,40,93,39,48,102,70,98,83,113,79
asked,34,31,24,41,24,50,8,49,16,31,30,40,49,23,21,19,42,7,42,30,19
asking,16,15,25,9,2,6,1,5,1,3,8,4,3,4,5,14,21,5,15,24,6
asks,10,5,9,2,1,3,13,8,0,0,1,1,19,1,3,7,6,13,4,4,5
aspect,218,140,140,202,109,133,121,110,111,78,90,80,107,108,140,143,176,141,109,125,123
aspects,3,4,0,14,4,2,1,2,0,1,1,2,2,4,0,6,6,6,4,6,6
asphalt,0,0,0,0,0,1,0,0,0,0,0,0,0,0,0,0,0,0,0,0,0
ass,3,8,16,5,1,0,0,2,1,12,1,3,0,1,2,3,1,2,0,1,1
assault,0,0,0,0,0,0,0,0,0,0,0,0,0,0,0,0,1,0,0,4,1
assay,0,5,0,0,0,0,5,0,0,0,0,0,0,0,0,0,0,0,2,0,0
assembled,1,6,9,9,0,4,0,3,0,0,0,3,5,0,0,4,0,2,2,2,1
assemblies,0,0,1,0,0,0,0,0,0,0,0,0,2,1,0,5,0,0,0,0,2
assembly,27,5,0,3,24,13,1,8,4,3,2,2,14,12,11,11,0,4,4,1,5
assert,1000,698,586,980,950,1168,707,1268,904,990,968,1482,1570,1311,1366,1320,1586,1454,1497,1568,1383
asserted,0,0,0,1,1,0,0,0,0,0,0,0,0,1,3,0,2,0,2,3,4
assertion,34,22,99,180,236,206,259,140,331,280,367,354,190,321,138,168,201,236,109,126,155
asserts,11,2,3,1,2,73,4,122,4,0,70,117,300,3,16,9,20,81,113,68,10
assess,5,8,11,4,3,7,17,4,3,7,0,4,3,4,4,2,8,15,21,18,3
assessed,5,2,0,0,0,0,0,0,0,0,1,14,0,0,0,0,0,1,1,1,3
assessing,0,0,0,1,0,1,0,0,1,0,1,0,0,0,0,3,4,4,15,3,1
assessment,11,2,1,1,6,2,3,0,3,1,0,6,0,8,2,1,4,4,3,10,4
assessments,0,0,1,0,1,0,0,0,0,0,0,0,0,0,1,0,1,0,0,0,0
asset,3,0,9,3,0,12,0,7,2,0,12,11,13,26,91,9,4,4,24,20,10
assets,3,3,12,4,7,34,3,19,9,12,26,12,29,51,18,45,26,31,30,20,13
assign,625,615,668,603,555,886,661,655,788,792,873,1005,493,606,541,505,610,943,796,591,534
assigned,152,158,210,163,133,272,155,157,235,232,233,256,142,204,160,177,207,290,269,276,247
assignee,0,0,0,0,0,0,0,0,0,0,0,0,1,0,0,0,1,0,0,0,1
assignment,112,118,138,118,116,257,130,132,148,151,189,271,123,202,184,172,174,303,221,433,318
assignments,44,37,40,48,28,64,33,50,62,60,35,119,66,48,55,88,48,51,30,46,46
assignor,0,0,0,0,0,0,0,0,0,0,0,0,0,0,0,0,2,0,0,0,0
assist,2,1,1,3,0,0,0,3,3,1,1,1,3,2,2,10,1,7,4,11,1
assistance,0,1,1,0,1,0,0,0,0,1,0,1,0,1,0,3,0,3,2,1,4
assistant,3,0,6,0,0,0,2,2,1,1,0,0,0,4,24,45,170,156,123,241,206
assistants,0,0,0,0,0,0,0,0,0,0,0,0,0,0,2,2,1,1,0,0,5
assisted,0,0,0,0,0,0,0,0,0,0,0,1,10,0,3,0,39,13,24,104,69
assisting,0,0,1,0,0,0,1,0,0,0,0,0,0,0,0,0,0,0,0,0,2
assoc,3,0,1,0,1,0,0,8,0,0,0,1,0,0,0,0,0,0,0,0,1
associate,20,16,25,23,13,19,16,16,62,19,14,18,15,13,57,11,12,29,34,12,13
associated,296,395,283,269,160,246,140,251,200,168,197,635,558,242,239,206,302,316,301,589,328
associates,1,0,0,0,0,1,0,0,0,0,1,3,1,2,1,0,0,2,0,2,0
association,6,15,13,5,15,11,6,17,36,39,11,11,21,8,20,10,24,27,31,60,46
associations,0,1,2,1,1,1,0,0,4,6,2,0,6,6,0,0,4,0,4,38,1
assume,584,471,633,518,281,863,392,594,479,539,452,653,727,586,514,670,691,640,853,920,764
assumed,124,68,111,121,32,124,71,85,75,76,37,114,124,82,74,99,90,86,134,105,82
assumes,238,139,141,235,124,223,146,228,184,145,118,183,181,191,184,247,292,245,253,251,202
assuming,204,116,130,161,103,163,131,175,110,116,120,200,257,179,164,304,313,372,352,332,309
assumption,45,61,51,55,26,75,31,71,31,48,41,95,106,70,63,51,83,49,90,91,95
assumptions,16,12,26,12,1,3,2,14,1,8,5,14,10,7,5,6,10,7,9,9,16
assurance,0,0,3,4,6,8,4,10,7,8,8,9,1,4,3,2,2,6,2,5,2
assure,14,10,9,4,5,8,10,9,5,19,6,3,14,3,7,8,6,24,11,12,3
assured,1,0,0,2,0,1,0,0,0,0,0,1,0,0,0,0,0,1,0,0,0
astronomy,2,0,0,0,0,0,0,0,0,0,0,0,0,0,1,0,0,0,0,5,0
at,8419,4840,5616,8346,4079,8420,4158,8249,5302,4159,6733,7905,13786,8321,6578,7376,14177,15126,15681,12689,11737
ate,2,1,1,3,6,3,3,5,12,1,15,11,9,7,6,6,14,50,5,6,20
athletic,0,0,0,0,0,0,0,0,0,0,0,0,0,1,0,1,0,3,1,1,4
atlanta,0,0,0,0,0,0,0,0,0,0,0,1,0,2,0,0,0,0,0,0,0
atlantic,2,0,0,0,0,0,0,0,0,0,0,0,0,0,0,0,0,0,0,0,0
atlas,13,56,14,3,3,46,26,62,11,14,0,3,1,21,36,21,16,11,7,4,2
atmosphere,20,2,2,1,0,0,4,0,23,1,0,2,1,0,3,0,2,0,4,13,1
atmospheric,37,0,2,0,6,0,1,0,7,0,0,0,0,8,2,1,1,1,10,6,0
atom,224,23,44,19,35,68,19,15,73,33,6,42,35,97,151,119,100,292,77,180,141
atomic,44,16,14,15,51,18,28,37,31,40,16,44,43,43,30,16,54,40,28,67,46
atoms,43,5,6,7,58,116,18,10,59,21,9,16,30,122,80,100,114,113,74,131,110
attach,71,59,98,57,22,99,41,59,25,53,335,111,79,71,59,63,102,80,81,63,90
attached,42,31,34,33,16,59,29,41,23,25,16,37,37,23,24,26,18,25,27,40,25
attachment,1,0,13,1,18,10,2,7,2,10,5,0,2,0,4,10,1,9,0,22,0
attack,310,100,184,344,105,161,64,178,112,146,80,110,138,164,136,121,156,293,86,219,32
attacked,5,6,7,6,12,14,6,0,3,6,4,5,10,6,20,2,9,3,0,44,11
attacking,11,1,5,0,2,17,1,1,2,2,1,4,11,4,5,6,17,3,32,9,6
attacks,50,24,72,23,24,20,11,19,7,11,8,11,7,9,6,28,36,15,9,27,8
attain,2,0,0,0,0,0,0,2,0,0,1,0,0,0,2,0,1,0,1,0,2
attained,0,1,0,1,1,0,0,6,2,1,1,1,2,0,1,3,1,1,2,1,3
attainment,0,0,0,0,0,0,0,0,0,0,0,0,0,0,0,0,0,2,0,0,0
attempt,82,109,215,77,31,85,17,68,21,55,56,76,75,50,50,93,96,90,104,119,89
attempted,25,3,3,0,0,4,1,1,1,2,0,3,1,1,0,1,0,10,3,6,4
attempting,9,23,66,9,1,19,3,14,3,18,3,16,4,2,5,18,24,21,36,29,113
attempts,13,11,21,25,10,23,19,15,2,21,9,10,13,15,13,29,41,43,38,28,33
attend,250,146,55,455,211,461,190,535,307,201,334,456,821,491,154,333,765,826,681,615,501
attendant,0,0,0,0,0,0,0,1,0,0,0,0,0,0,0,0,0,0,0,0,0
attended,89,70,20,122,66,165,71,155,79,72,102,171,302,141,32,98,239,277,198,173,131
attending,2,0,0,5,5,9,2,3,9,7,3,9,7,22,20,24,67,31,25,45,39
attention,2201,1675,785,3228,1843,4453,2108,5225,2803,2260,4037,5364,10208,5863,2620,4534,10114,10285,9492,8896,6852
attitude,24,0,3,0,0,3,0,0,3,0,0,1,4,5,4,4,1,1,7,0,1
attorney,0,0,0,1,0,0,0,1,0,0,0,0,0,0,0,0,0,0,0,1,0
attorneys,0,0,0,0,0,1,0,0,0,0,0,0,0,0,0,0,0,0,0,0,0
attract,2,2,0,0,0,0,0,0,0,0,0,0,0,0,0,0,0,0,0,0,0
attracted,1,0,0,0,0,0,0,0,0,0,0,0,0,0,0,0,0,0,0,0,0
attraction,0,12,3,0,4,0,0,1,0,1,0,3,1,3,8,0,0,4,1,9,6
attractive,1,2,0,3,3,5,0,1,1,1,0,2,1,1,2,5,0,0,4,2,5
attributable,0,0,0,0,3,0,0,0,0,0,0,0,0,0,0,0,0,0,4,0,0
attribute,484,333,580,399,149,474,214,377,226,323,283,455,437,441,613,408,821,625,592,704,757
attributed,4,3,11,7,3,13,5,5,7,4,4,7,7,3,6,5,13,11,47,27,16
attributes,473,375,529,358,229,436,201,351,262,256,348,413,512,360,315,327,626,714,589,746,711
au,19,19,7,16,2,28,0,6,4,4,7,8,5,12,8,30,20,7,46,62,33
auction,0,0,1,1,1,1,15,16,0,0,0,1,0,1,0,0,0,0,0,0,0
audience,0,0,0,0,1,0,1,0,0,1,1,1,0,1,2,0,2,2,0,0,2
audio,133,71,107,78,66,100,97,181,312,146,194,230,347,247,264,295,454,428,502,518,877
audit,3,0,0,0,2,1,0,1,1,0,0,1,0,0,0,0,2,16,2,1,0
auditor,0,2,0,7,0,0,0,0,0,0,0,0,0,0,3,1,6,13,0,0,0
aug,75,53,61,126,109,106,151,77,199,213,235,220,124,204,142,133,161,146,175,123,63
august,6,3,11,3,0,4,2,1,2,5,1,0,0,1,1,2,1,2,1,4,15
austin,0,0,1,3,1,2,0,0,0,0,0,0,0,0,1,0,1,0,0,5,0
australian,2,0,0,0,0,0,0,6,0,0,0,0,0,0,0,0,1,1,0,0,0
austria,0,0,0,0,0,0,0,0,0,0,0,0,0,1,0,0,0,0,0,0,0
authentic,6,0,1,0,0,1,0,0,0,0,0,5,0,0,0,1,7,0,0,0,0
author,974,452,667,631,509,537,357,398,311,424,527,539,675,592,414,561,278,690,279,562,270
authorities,0,0,1,0,0,0,0,0,0,0,0,0,0,0,0,1,0,0,0,0,0
authority,71,12,11,2,2,0,0,1,2,2,0,3,2,4,0,1,1,1,2,0,3
authorization,7,1,2,0,0,2,0,0,7,1,0,1,0,0,0,11,6,9,8,4,2
authorize,12,1,0,0,0,0,1,0,2,0,0,0,0,0,1,1,3,2,5,1,2
authorized,30,26,35,3,21,52,1,166,4,17,41,82,283,179,14,93,130,162,141,77,48
authorizes,12,1,0,0,0,0,0,0,0,0,0,0,0,0,0,2,0,0,0,0,0
authorizing,0,0,0,0,0,0,0,0,0,0,0,0,0,0,0,1,0,0,0,0,0
authors,1968,911,868,3316,828,2195,835,2106,1108,791,1093,1913,2436,1460,1904,1203,2803,2635,3115,2715,2706
auto,275,116,115,138,80,156,77,210,159,214,219,256,328,321,195,241,538,499,428,391,510
automated,26,4,3,15,16,8,3,7,2,2,2,13,12,7,3,4,8,14,17,15,7
automatic,64,12,37,27,18,68,22,71,43,58,57,58,121,107,57,77,191,79,131,160,169
automatically,407,391,264,301,181,535,285,448,282,451,406,477,680,651,580,297,1019,545,976,784,1217
automation,1,0,0,0,0,1,0,0,0,14,1,0,0,0,0,0,0,0,0,1,2
automobile,21,0,0,0,4,2,2,1,3,6,0,4,5,0,1,5,4,2,2,0,0
automotive,0,9,0,0,0,5,0,5,0,0,0,0,0,1,0,0,2,0,0,0,0
autonomy,2,0,0,0,0,0,0,0,0,0,0,0,0,0,1,0,0,0,0,0,0
autumn,1,7,0,0,1,0,0,0,0,0,0,1,0,0,0,0,0,0,0,1,1
auxiliary,133,44,101,104,41,107,55,107,87,121,133,115,167,118,138,114,153,155,152,95,149
av,29,4,18,2,4,18,3,5,14,16,6,13,22,7,17,4,29,8,35,11,17
avail,4,7,13,4,0,0,0,1,4,13,1,6,0,3,0,5,1,7,5,3,1
availability,3,18,9,4,4,12,11,8,8,13,26,17,29,14,11,9,7,12,21,18,17
available,966,566,633,580,488,711,398,767,500,583,581,809,1044,912,741,713,985,934,1091,1044,836
ave,16,19,4,0,0,11,2,0,12,25,9,14,17,12,2,2,7,23,9,6,3
avenue,0,2,0,0,0,1,0,2,0,8,2,0,0,0,0,0,0,0,0,2,0
average,1586,962,1050,1422,1007,1680,1093,1240,1213,1408,1323,1194,1233,1379,1162,1075,1314,1380,1313,1348,1132
averaged,145,36,31,28,48,146,59,41,53,75,38,52,59,76,55,56,50,78,65,61,82
averages,190,39,58,112,42,217,40,48,39,35,49,39,42,49,37,24,27,33,38,41,42
averaging,60,43,16,53,30,425,40,44,43,41,44,46,46,43,57,21,45,39,77,56,55
aviation,0,0,0,0,0,0,0,0,0,0,0,0,0,0,0,0,0,0,1,0,0
avoid,1269,877,1097,1080,693,1472,939,1345,1045,1065,1213,1656,1891,1587,1386,1640,2410,2381,3312,2811,2214
avoidance,86,9,0,2,0,2,4,1,0,2,0,1,1,4,10,2,0,3,6,1,0
avoided,5,7,9,1,4,6,0,2,1,3,2,2,3,5,0,2,1,0,3,5,11
avoiding,40,20,9,28,19,29,14,30,29,23,38,33,54,38,25,36,61,66,64,81,64
awaiting,1,0,0,0,0,0,0,0,1,0,0,0,2,1,0,0,4,0,6,5,2
awake,2,0,0,1,0,1,0,0,1,0,0,0,1,0,0,0,0,3,0,3,1
award,4,0,0,0,5,0,1,2,0,0,0,1,5,0,0,0,3,0,0,3,0
awarded,0,0,0,1,1,0,0,0,0,0,0,0,0,0,0,1,0,0,0,0,0
awards,0,0,0,0,0,2,0,0,0,0,0,0,0,0,0,0,0,0,0,0,0
aware,38,50,42,52,28,53,43,67,72,112,79,85,88,62,103,62,93,110,100,98,55
awareness,0,0,0,2,0,7,1,2,1,1,0,0,2,0,4,1,7,1,2,5,1
away,135,120,129,80,66,157,42,113,52,97,81,122,110,91,105,149,149,142,158,176,132
awful,0,5,14,5,3,4,7,3,7,8,7,12,1,3,4,4,2,13,4,2,3
axes,475,192,290,160,325,288,204,290,192,186,192,189,244,191,139,185,295,343,298,358,341
axial,7,0,16,2,2,6,4,6,8,15,5,4,7,8,10,19,6,22,5,4,7
axis,2391,989,1186,1279,1081,1706,929,1168,1096,1064,1210,1246,1481,1273,1161,1302,1699,2027,1909,1805,1888
b,5029,4683,4513,5883,3712,7260,6096,6963,7349,8445,7966,9267,10909,9981,11416,10313,10575,13191,10503,14578,7558
ba,15,6,13,8,8,5,21,7,13,21,10,3,22,6,3,7,4,18,4,24,9
babies,0,0,0,0,0,0,0,0,0,0,0,0,0,1,0,0,0,0,0,0,0
baby,1,0,0,0,0,1,1,0,3,2,3,1,0,4,0,8,8,5,1,3,0
bachelor,0,0,0,0,0,0,0,0,0,0,0,1,2,1,0,0,0,1,0,0,0
back,1219,947,1191,1174,738,1453,879,1298,966,1163,989,1364,1227,1152,899,1049,1273,1715,1874,2156,1508
backed,3,1,4,2,2,27,3,14,2,4,7,16,34,15,13,34,22,24,26,16,11
background,700,546,541,702,470,595,675,626,640,547,709,736,485,642,591,529,596,737,675,481,455
backing,3,2,3,0,0,15,2,4,0,0,0,0,0,0,2,11,0,0,1,2,3
backs,2,3,0,0,4,22,0,1,0,0,3,0,0,2,6,22,0,4,2,1,2
backward,592,455,600,661,508,791,565,730,621,820,592,914,962,719,617,632,1075,1071,1342,1606,990
bacon,0,0,0,0,0,0,0,0,0,0,0,0,0,0,0,0,0,0,1,0,0
bacteria,0,0,0,0,0,0,0,0,0,0,0,0,0,0,0,0,5,0,0,0,0
bacterial,0,0,0,1,0,0,0,0,0,0,0,0,0,0,0,0,0,2,0,0,0
bad,323,126,251,348,126,600,102,169,110,116,99,203,208,153,166,112,353,211,348,320,196
badly,7,4,11,7,1,9,5,6,1,3,1,4,7,1,2,0,2,19,1,2,3
bag,57,31,21,26,20,21,2,6,89,30,24,23,2,7,7,18,75,62,90,31,30
baggage,0,0,0,0,0,0,0,0,0,0,0,0,0,0,0,0,2,0,1,0,0
bags,10,25,23,16,12,13,8,12,35,16,14,33,7,6,8,11,15,11,11,6,5
bail,15,14,28,11,3,6,6,8,4,2,4,3,3,3,5,9,6,1,5,16,1
bailey,0,0,0,0,0,2,1,0,0,0,0,0,0,0,0,0,0,0,0,0,0
baker,1,0,0,0,0,0,2,1,1,0,0,1,0,0,0,0,0,0,0,0,1
balance,113,60,55,52,46,39,83,75,80,58,60,63,54,38,46,56,70,81,64,67,37
balanced,43,46,35,27,62,48,57,305,70,52,95,73,111,70,58,56,95,134,126,73,51
balances,3,1,3,2,3,2,1,7,2,1,3,1,1,1,2,0,3,1,0,4,0
balancing,14,13,7,10,12,20,18,8,12,22,25,5,28,14,12,25,22,4,11,87,16
baldwin,0,0,0,0,0,0,0,0,0,0,0,1,0,0,0,0,0,0,0,0,0
ball,85,44,63,61,37,86,26,84,45,38,33,31,54,49,64,138,67,59,134,46,32
balls,5,1,1,1,4,4,4,0,5,5,1,0,3,11,25,5,4,0,13,3,9
ban,1,8,4,18,15,24,13,9,12,3,20,19,21,9,10,3,18,14,11,2,5
band,90,45,51,42,62,64,58,93,54,66,27,69,85,102,189,32,56,128,57,133,76
bands,24,15,27,28,15,20,12,27,28,25,24,25,56,37,96,11,42,83,28,59,28
bank,68,11,10,30,27,59,73,81,96,81,34,119,98,108,45,51,49,91,76,40,25
bankers,0,0,2,0,0,0,0,0,0,1,0,0,0,0,0,0,0,0,0,1,1
banks,2,0,1,8,4,35,25,51,58,56,14,65,59,62,12,15,18,18,21,10,11
bar,309,166,222,195,164,204,105,206,196,161,216,190,201,328,281,193,289,236,364,358,267
barbara,1,0,0,0,0,0,0,0,2,0,0,0,0,0,0,0,0,1,0,2,0
barber,0,0,0,0,0,0,0,0,0,0,0,1,0,1,0,0,0,0,0,0,0
bare,34,27,49,21,2,21,2,11,7,9,9,32,10,10,33,25,26,41,15,16,38
barely,4,1,6,2,2,4,2,2,2,3,3,0,6,0,1,3,2,7,4,2,1
bargaining,0,0,0,0,0,0,0,0,0,0,0,0,0,0,0,0,0,0,0,8,0
bark,0,0,2,0,0,0,0,0,0,10,0,0,1,0,0,1,28,1,17,17,14
barley,0,0,0,0,0,0,0,0,0,0,0,0,0,0,0,0,0,0,1,0,0
barn,1,2,0,2,0,0,1,0,1,2,0,1,0,0,0,0,5,1,0,1,0
barnes,2,0,0,0,0,1,0,0,0,0,0,0,0,4,0,0,0,0,4,0,0
baron,0,0,0,0,0,0,0,0,0,0,0,0,0,0,4,0,0,0,0,0,0
barred,0,0,2,0,0,0,0,0,0,1,0,0,0,0,0,0,0,0,2,0,0
barrel,2,0,2,0,0,0,0,0,3,1,0,0,1,0,0,1,7,0,2,1,0
barrels,0,0,0,0,0,0,0,0,0,0,0,0,0,0,0,0,2,0,0,0,0
barrier,60,70,23,50,21,32,36,41,33,44,79,53,47,55,40,97,54,75,78,180,33
barriers,1,0,2,0,0,0,0,0,0,0,0,1,0,0,4,0,4,11,0,2,3
barry,34,4,6,2,0,2,0,1,0,0,0,1,0,0,12,0,0,0,1,0,0
bars,41,17,23,46,52,38,42,41,51,38,50,52,36,86,32,40,51,47,43,48,55
basal,0,0,1,0,0,0,0,0,1,4,7,0,0,0,0,7,0,0,1,0,1
base,867,601,688,652,515,1128,839,1123,701,806,777,1172,1382,1175,848,826,1543,1620,1463,1546,1137
baseball,0,1,6,4,11,0,1,21,14,0,4,4,4,1,5,11,9,5,11,3,3
based,1811,1169,1245,1577,1000,1635,1335,1514,1374,1647,1453,1926,1974,1858,1746,1761,2371,2492,2309,2467,2487
baseline,339,174,212,147,92,390,107,108,126,156,99,105,205,145,159,94,164,189,121,255,151
basement,0,0,0,0,0,0,1,0,0,2,0,0,0,0,0,0,0,0,0,0,0
bases,36,18,16,10,6,9,26,17,38,66,64,117,26,39,33,38,45,55,35,83,69
basic,435,215,365,163,156,323,144,211,142,269,192,214,258,193,223,218,224,288,263,407,332
basically,66,47,66,69,27,75,48,71,41,46,22,52,62,40,43,56,55,52,69,46,39
basin,0,0,4,0,0,0,0,0,1,2,0,1,1,1,0,1,2,22,7,0,2
basins,0,0,0,0,0,0,0,0,0,0,0,0,0,0,0,0,1,5,15,0,3
basis,3895,1537,1268,4499,1789,3854,1573,3818,2489,1221,2885,3390,6931,3941,3121,3067,7910,8911,8850,6849,7308
basket,0,9,12,2,1,0,0,1,2,0,0,2,1,0,0,4,5,8,43,1,0
bass,8,1,4,1,0,0,5,9,4,0,7,1,0,38,8,0,0,0,0,3,1
batch,6422,3566,3175,5283,3221,5708,4113,5729,4426,4364,5078,5268,7302,5929,4588,7271,7940,7551,7649,7170,6483
bath,3,0,0,0,0,0,1,0,0,0,1,0,5,0,0,1,6,13,1,2,0
bathroom,0,0,0,0,0,0,0,3,0,0,1,0,0,0,0,0,4,0,0,1,1
batteries,3,0,0,0,0,0,5,0,0,0,0,0,0,0,1,0,0,0,0,0,0
battery,5,0,0,4,1,5,17,0,0,0,1,0,6,0,0,3,2,0,8,0,1
battle,2,0,3,0,3,0,1,1,0,0,1,1,7,2,2,7,1,5,0,21,0
battles,0,0,4,0,0,0,0,0,0,0,0,0,0,0,0,1,4,1,0,17,0
bay,2,0,2,0,1,0,1,0,1,4,2,4,4,4,10,0,0,0,2,0,0
bd,13,6,16,8,6,22,2,9,9,9,3,6,13,6,1,28,6,11,12,20,19
be,13569,9041,11436,10116,6769,12100,8185,11971,8673,9394,10418,13457,15363,11771,11108,11559,16584,17148,18942,18293,16173
beach,1,0,0,2,1,0,0,0,0,0,3,0,2,0,0,0,9,1,1,1,5
beam,859,649,404,1048,475,1413,886,1089,667,761,732,1023,1341,814,371,442,724,669,694,676,432
beams,114,80,36,107,46,186,118,185,77,96,131,165,299,147,85,122,220,211,177,149,136
bean,0,0,0,0,0,0,0,0,0,0,0,0,0,0,0,3,7,0,0,0,0
beans,0,0,0,0,0,0,0,0,1,0,0,0,1,0,3,1,3,0,0,0,0
bear,8,0,8,7,7,7,12,5,12,6,2,10,12,8,5,25,10,9,18,10,7
beard,2,4,0,2,1,0,0,1,0,5,0,1,0,0,1,4,2,1,6,0,10
bearing,125,5,0,0,34,0,1,22,0,0,1,3,1,0,4,5,0,5,2,2,4
bearings,170,0,0,0,0,0,0,21,0,0,0,0,2,0,0,0,0,3,4,1,1
bears,7,1,0,0,0,0,0,0,0,0,0,0,0,0,0,5,0,0,1,0,1
beast,0,4,8,2,0,0,0,1,0,0,0,1,0,2,0,0,2,0,0,0,0
beat,0,3,0,2,2,2,31,3,1,24,29,14,2,17,17,9,6,3,8,19,9
beaten,0,9,0,16,14,28,0,22,8,0,8,24,17,8,8,0,12,0,8,6,2
beating,0,0,0,0,0,1,0,0,0,0,0,0,2,0,0,0,0,0,0,0,0
beautiful,6,2,1,7,1,2,2,4,4,3,4,16,7,2,2,5,4,8,7,3,7
beauty,39,3,7,6,4,4,0,4,3,4,2,1,4,5,2,6,6,4,5,0,4
beaver,0,0,0,0,0,0,0,0,4,0,0,0,0,1,0,4,1,0,1,0,1
became,8,9,25,3,1,8,1,14,1,0,1,7,10,5,7,5,15,9,12,13,9
because,1790,1355,1890,1510,960,1739,969,1509,998,1103,1148,1527,1966,1512,1398,1578,2395,2444,2727,2666,2561
become,87,78,88,63,94,103,52,103,45,65,65,96,113,58,56,53,67,112,93,155,105
becomes,80,76,95,107,63,135,83,118,79,110,63,161,146,128,80,92,121,126,113,150,90
becoming,3,2,2,1,3,2,1,0,2,1,2,3,1,1,0,8,1,8,3,5,1
bed,4,2,26,16,5,3,7,11,13,1,5,7,5,21,1,15,54,12,26,3,5
bedroom,2,8,45,6,1,1,1,5,0,6,0,6,0,1,0,1,3,2,0,2,0
beds,0,1,16,0,0,0,0,0,0,0,0,0,0,1,0,0,2,0,0,0,0
bee,4,3,0,0,0,2,0,0,5,0,0,2,0,4,1,8,2,2,1,0,6
beef,0,0,0,0,0,0,0,0,0,0,0,0,1,0,0,0,0,0,0,0,0
been,724,550,838,650,402,653,408,666,456,485,542,830,958,714,665,779,1145,1109,1365,1406,1337
beer,0,0,0,3,2,2,0,0,2,0,2,1,0,0,1,2,1,0,1,0,4
bees,3,2,0,0,0,0,0,0,0,0,0,0,0,0,0,0,0,0,0,0,0
before,1808,1406,1659,1494,1017,1776,1164,1795,1396,1471,1515,2077,2367,2083,1476,1713,2590,2513,2715,2742,2246
beg,38,17,30,29,15,27,47,31,54,6,9,22,41,10,4,4,9,18,13,4,4
began,2,3,7,2,0,1,0,0,0,0,0,0,0,0,0,0,0,2,0,3,1
begin,229,232,411,206,66,154,82,161,112,150,154,148,176,154,178,228,178,243,237,176,190
beginning,294,478,531,304,162,354,208,373,243,270,222,359,474,352,226,288,504,377,427,449,364
begins,24,18,14,28,13,36,20,32,45,22,11,30,21,16,7,23,24,39,42,27,26
begun,4,0,1,0,0,2,1,2,0,0,0,0,0,0,0,0,1,1,0,0,0
behalf,5,24,32,4,2,0,1,50,0,20,1,21,96,81,19,60,20,11,5,3,9
behave,10,13,23,22,6,61,16,52,11,12,45,71,172,85,12,40,117,156,143,73,52
behavior,186,149,255,153,79,335,117,237,130,156,156,250,292,312,246,285,497,377,486,439,314
behavioral,1,11,2,2,0,0,4,4,4,5,0,0,2,1,0,0,1,3,5,1,2
behaviors,17,12,20,15,3,104,7,13,3,8,3,6,8,5,20,16,15,14,12,12,7
behaviour,35,71,149,53,36,99,32,90,22,44,95,77,113,100,89,70,167,100,145,163,133
behind,38,14,37,20,14,39,15,28,41,53,28,39,66,56,50,79,120,61,223,162,117
behold,0,0,0,0,1,0,0,0,0,0,0,0,0,0,0,0,0,0,0,0,0
being,595,301,528,334,173,393,220,370,261,250,275,420,462,389,297,363,569,572,738,704,641
belgium,0,0,6,0,0,0,0,0,0,0,0,2,1,0,0,0,0,0,0,0,0
belief,13,46,4,5,4,10,6,20,0,4,25,17,29,26,26,4,11,8,6,16,13
beliefs,4,15,0,2,0,2,0,3,0,1,1,1,4,14,0,4,0,20,4,7,3
believe,2,5,17,6,6,8,3,7,3,2,11,11,5,9,30,7,5,9,22,7,15
believed,0,0,0,0,0,0,0,0,0,0,0,0,0,0,1,0,0,2,0,3,0
believes,2,0,0,0,0,1,0,0,0,0,1,3,0,0,0,0,0,8,1,0,1
believing,0,1,0,0,0,0,0,0,0,0,0,0,0,0,0,0,1,0,0,0,6
bell,47,16,23,23,9,1,15,3,2,5,4,7,7,4,1,4,6,9,2,21,22
bells,3,5,8,2,5,1,0,2,0,3,0,0,0,8,0,5,2,3,1,4,0
belong,57,102,92,87,39,67,55,46,43,51,51,62,62,47,70,68,64,88,120,68,51
belonged,0,0,2,0,1,0,0,0,0,0,0,0,0,0,0,0,0,0,0,0,0
belonging,14,9,15,16,6,26,13,15,9,9,20,8,10,12,20,14,35,28,15,34,33
belongs,30,31,58,48,14,41,38,36,50,30,47,38,44,48,33,40,45,46,58,78,79
below,696,497,714,543,367,1086,436,772,461,498,563,705,959,788,838,750,1236,1097,1337,1289,1042
belt,0,1,0,0,0,0,3,0,3,0,0,0,1,0,1,1,10,1,2,1,0
ben,25,8,19,5,1,4,0,2,1,5,1,2,1,5,5,0,1,8,3,0,9
bench,7,8,13,18,74,101,18,40,45,9,2,12,34,5,15,13,24,18,46,16,31
bend,4,16,20,0,0,0,1,8,0,0,0,1,4,4,2,8,6,1,6,4,20
bending,1,0,0,0,2,2,4,0,0,1,1,0,0,1,2,0,0,1,1,5,3
beneath,0,0,1,0,5,4,2,4,1,0,1,0,1,0,0,0,2,1,1,0,0
beneficial,4,1,6,7,5,7,6,0,0,6,9,1,8,1,11,6,4,12,16,2,9
beneficiary,0,0,0,0,0,0,0,0,0,0,0,1,0,0,0,0,0,0,0,0,0
benefit,12,21,34,16,5,9,5,13,6,6,8,18,18,15,8,28,32,20,34,15,21
benefited,0,0,0,0,0,2,0,0,0,0,0,0,0,0,0,0,0,0,0,0,2
benefits,14,5,5,9,7,14,7,16,9,14,9,20,8,10,8,15,15,11,15,10,10
benjamin,3,10,20,4,0,21,14,17,0,0,0,4,2,1,12,2,2,3,2,0,1
bennett,1,0,0,6,0,0,0,4,5,2,0,0,0,0,0,0,0,0,0,0,0
bent,4,1,0,0,0,0,6,0,0,0,0,0,0,0,0,0,0,0,0,2,0
berkeley,7,2,1,10,4,6,3,11,4,2,17,7,20,9,7,12,18,20,35,11,7
berlin,3,0,0,11,0,1,0,1,2,0,1,29,0,4,0,0,2,0,0,0,8
berry,0,2,2,0,0,0,0,0,0,0,0,0,0,0,6,3,0,2,1,0,0
beside,0,1,12,0,0,3,7,1,1,0,1,1,0,1,1,1,2,3,5,0,1
besides,13,17,27,13,9,23,2,30,6,5,15,34,21,9,17,19,31,19,31,34,19
best,1411,766,956,1129,877,1320,886,1154,1117,1165,996,1091,1353,1040,933,902,1187,1386,1094,869,876
bet,17,0,0,0,0,0,6,1,2,1,2,1,1,1,0,2,0,0,1,5,5
beta,501,238,453,260,289,399,230,336,280,340,325,285,230,417,1980,288,564,499,487,415,796
better,534,361,492,525,273,518,459,516,484,519,563,707,759,712,600,758,948,957,1137,1070,759
betty,0,0,0,0,0,4,0,0,0,0,0,0,0,0,0,0,0,0,0,0,0
between,1759,988,1184,1318,843,1650,1012,1421,1107,1105,1282,1571,1892,1587,1494,1683,2235,2141,2587,2298,2079
beyond,52,55,62,25,47,71,31,49,45,31,48,40,37,31,53,57,47,71,59,101,98
bi,58,23,30,72,10,86,80,163,63,94,117,132,301,159,81,127,251,298,212,218,166
bias,1383,976,797,1192,783,1545,838,1401,1182,1726,1403,1415,2164,1619,1357,1785,2446,2862,2417,2570,1668
bible,0,0,0,0,0,0,0,0,0,0,0,0,0,0,0,0,0,0,1,0,0
bibliography,6,6,0,0,0,0,0,0,0,0,0,0,1,1,1,0,0,1,1,0,1
bid,0,2,0,0,2,21,4,8,7,10,0,12,29,7,5,3,1,0,2,36,25
bidding,0,0,0,0,0,1,2,0,0,0,0,0,3,1,0,2,0,0,0,0,0
bids,0,0,0,0,0,1,57,23,0,6,0,0,6,3,3,2,0,1,0,2,2
big,191,107,188,155,108,150,97,152,118,171,111,165,172,186,138,201,242,250,245,225,218
bigger,89,60,89,84,72,161,55,175,67,72,141,162,276,204,88,72,328,171,318,202,208
biggest,75,15,22,27,10,22,16,28,6,7,14,11,26,15,17,14,23,26,26,31,19
bilateral,14,1,1,0,8,0,1,0,2,1,5,8,23,8,9,5,7,7,0,10,8
bill,0,0,8,0,2,0,0,1,0,0,1,0,0,0,0,2,4,6,0,0,2
billion,1,18,6,1,3,3,0,3,4,0,1,3,0,2,0,3,1,1,0,0,4
bills,0,0,0,0,0,0,0,0,0,0,0,0,0,0,0,0,1,0,0,0,0
billy,0,0,0,0,0,0,0,0,0,0,1,0,0,0,0,0,0,0,0,0,0
binary,2182,285,486,515,300,407,417,599,465,390,308,366,539,457,560,714,533,573,611,562,573
bind,59,29,12,9,8,26,11,38,19,21,20,9,24,24,24,23,25,80,28,26,73
binding,20,22,29,12,9,27,12,45,15,15,19,19,20,18,24,30,25,37,12,21,33
biography,0,0,0,0,0,0,0,0,0,1,0,0,0,0,0,0,0,5,0,0,1
biological,0,0,0,1,0,0,1,6,2,4,0,1,0,5,0,12,2,0,2,0,3
biology,0,2,0,0,0,0,0,0,1,0,0,0,0,0,1,1,4,0,1,0,0
bird,26,13,7,33,27,13,15,38,18,31,18,30,24,10,19,38,23,21,24,18,25
birds,3,2,1,1,0,4,4,10,3,1,19,4,4,1,0,1,5,16,1,0,12
birth,13,3,10,0,6,0,4,6,3,1,1,3,2,6,1,1,9,28,6,6,17
birthday,0,0,0,0,0,0,0,0,0,0,0,0,0,0,0,0,2,0,0,1,0
births,2,4,3,4,0,0,2,0,2,2,0,0,0,0,0,0,0,0,0,0,0
bishop,0,8,0,16,14,29,0,22,8,0,8,24,16,8,8,20,12,0,8,10,2
bishops,0,0,0,0,0,0,0,0,0,0,0,0,0,0,0,15,0,0,0,0,0
bit,517,324,603,405,209,500,253,565,234,275,312,474,753,512,352,511,884,1006,959,753,690
bite,3,0,0,0,0,0,0,0,0,0,0,0,0,0,0,1,0,0,0,1,0
bits,215,74,136,187,23,79,67,75,58,595,57,68,68,51,79,122,76,134,116,118,180
black,231,76,49,88,69,91,77,78,62,106,127,132,157,81,121,173,123,212,235,240,152
blacks,1,0,0,1,0,0,0,0,0,0,2,0,0,0,0,0,0,0,0,0,0
bladder,4,5,7,0,0,0,0,0,0,4,0,0,0,0,0,0,0,0,0,0,0
blade,0,0,0,0,0,0,0,0,0,0,0,0,0,0,0,0,1,0,0,0,0
blake,0,0,0,0,0,0,0,0,0,0,0,0,1,0,26,2,0,10,0,0,0
blame,2,0,4,4,0,0,1,0,5,0,0,0,0,0,3,0,4,0,1,1,6
blank,186,83,94,67,69,102,49,67,62,102,66,83,93,50,81,80,64,61,71,101,57
blanket,1,3,2,0,0,1,1,1,3,0,2,0,1,0,0,4,3,2,3,2,0
blast,0,0,1,0,0,0,0,0,0,0,0,0,0,0,0,0,2,0,0,0,0
bldg,0,0,0,0,0,1,0,0,0,0,0,0,0,0,0,0,0,0,0,0,0
bleeding,2,0,0,0,0,0,2,0,0,0,3,0,0,0,0,0,0,0,1,0,0
blend,21,11,19,20,8,20,16,29,15,50,29,26,19,45,29,40,37,45,67,83,34
bless,0,0,0,0,0,0,0,0,0,0,0,0,1,0,0,0,0,0,0,0,0
blessed,0,0,2,0,0,0,0,0,0,0,0,0,0,0,0,0,0,0,0,0,0
blessing,0,8,0,17,14,28,0,22,8,0,8,24,16,8,8,0,12,0,8,7,2
blind,7,24,7,4,0,10,16,24,13,0,1,9,3,6,8,4,6,6,6,1,5
block,1696,1082,1620,1219,1016,1789,1022,1514,1096,1386,1617,1568,2147,1583,1458,1563,2191,2801,2420,2186,1976
blocked,31,26,19,12,9,24,9,6,0,13,5,4,7,5,10,4,9,15,8,23,21
blocking,69,36,14,33,13,24,8,34,16,17,15,10,27,11,17,18,27,52,61,56,37
blocks,911,439,470,637,403,829,539,787,609,797,823,885,1092,886,924,818,1168,1494,1877,1420,1037
blood,6,1,0,0,0,0,0,0,0,13,17,1,2,3,11,18,2,5,5,3,1
bloody,0,0,0,0,0,0,0,0,0,1,0,0,0,0,0,0,0,0,0,0,0
bloom,0,0,0,0,0,2,0,0,0,0,13,17,4,18,5,8,36,34,47,49,30
blow,5,5,12,7,9,8,3,2,1,30,1,4,4,5,4,10,10,10,18,15,5
blowing,0,0,0,3,0,1,0,2,1,0,2,1,10,2,5,2,6,4,4,2,2
blown,0,0,0,0,0,0,0,0,0,0,0,0,2,0,0,0,1,1,0,0,0
blue,141,53,52,107,81,84,83,91,45,55,106,84,111,46,157,62,91,93,181,204,56
bo,81,8,13,16,10,7,21,36,49,14,18,9,6,13,13,28,24,36,9,7,17
board,136,6,5,48,0,14,10,12,9,10,14,9,17,7,31,23,37,55,28,27,2
boards,9,1,1,0,0,0,0,0,0,0,0,0,1,0,0,0,0,9,0,0,0
boat,4,10,11,15,15,1,1,2,18,9,2,13,4,0,1,5,11,3,12,5,6
boats,0,0,0,0,0,0,0,0,1,2,0,0,1,0,0,0,0,0,0,0,0
bob,9,7,4,4,2,2,3,0,15,0,4,0,8,5,1,32,3,2,1,1,11
bodies,13,8,26,25,16,35,6,26,31,14,6,11,20,12,7,20,8,20,14,32,19
body,299,278,352,144,138,178,161,197,160,157,108,216,161,117,118,321,143,365,290,224,162
boiler,0,0,1,1,0,1,0,3,0,0,0,0,0,0,0,0,4,0,0,0,0
boiling,10,0,0,0,0,0,0,0,0,0,0,0,0,0,0,0,1,0,0,0,0
bold,28,45,7,16,7,4,7,5,46,27,39,18,10,14,11,17,26,52,16,30,16
bolt,3,0,0,0,0,0,0,0,1,0,0,0,0,0,1,1,0,0,3,0,0
bolts,0,0,0,0,1,2,0,0,1,0,7,4,2,4,4,4,1,0,0,1,0
bomb,10,1,1,0,0,4,1,0,2,0,0,1,0,1,0,0,1,0,3,11,1
bona,9,0,0,0,0,0,0,0,2,0,0,0,3,0,4,0,0,0,0,0,0
bond,67,15,18,2,53,15,24,13,46,23,8,24,51,44,99,77,36,79,19,29,47
bonded,0,0,0,0,0,1,0,1,1,1,0,0,2,1,1,2,1,2,0,0,3
bonding,0,0,0,0,0,0,0,0,0,1,0,0,6,0,10,0,0,0,0,4,0
bonds,23,0,0,0,3,54,11,51,135,12,4,13,17,22,68,116,79,39,17,26,31
bone,39,8,10,26,3,4,27,16,6,23,0,10,19,5,22,14,11,53,5,3,5
bones,2,2,5,10,0,1,7,3,0,2,2,1,3,0,1,2,2,16,1,4,3
bonus,35,7,10,25,5,10,3,103,7,7,26,5,9,4,17,12,6,19,18,0,42
book,60,56,26,38,14,44,26,61,33,35,19,49,42,46,86,34,46,18,55,39,17
booklet,0,0,0,0,0,0,0,0,0,0,0,0,0,0,0,0,2,0,0,0,0
books,5,8,3,0,1,3,2,2,0,3,4,0,4,3,4,7,25,9,14,2,9
boom,1,0,0,0,0,0,0,0,0,0,0,0,0,1,0,0,0,0,0,1,0
booth,4,0,0,1,0,0,0,0,2,0,0,4,0,0,0,0,13,0,3,0,0
boots,13,1,0,1,0,5,4,3,1,0,0,0,1,0,0,1,0,0,0,0,0
border,135,53,101,71,79,135,80,53,98,92,165,139,77,82,72,94,97,112,105,82,74
borders,46,16,16,15,11,20,15,16,11,30,21,23,30,27,25,25,49,19,43,16,36
born,24,5,20,9,6,11,13,10,3,4,1,3,9,5,5,2,13,1,11,13,11
borough,0,0,0,0,0,7,17,0,0,0,0,0,0,0,0,0,0,1,0,0,0
borrow,15,6,20,9,11,9,8,5,8,8,24,9,12,7,8,15,6,23,9,9,8
borrowed,33,29,36,27,17,21,33,39,13,23,15,45,32,36,59,60,79,75,34,29,34
borrowing,0,0,0,0,0,0,0,0,0,0,0,0,0,0,1,0,1,0,0,0,0
boss,68,8,10,1,4,2,0,4,1,0,0,0,0,2,4,0,0,0,2,0,0
boston,7,165,314,78,2,18,3,39,2,5,3,41,13,2,3,34,3,206,5,2,7
both,1279,812,1192,998,674,1217,976,1065,930,1004,1049,1234,1252,1138,1074,1183,1657,1505,1632,1789,1530
bottle,15,10,18,16,19,3,5,3,19,27,8,16,8,7,14,11,28,8,30,11,2
bottles,0,0,0,0,0,0,0,0,1,0,0,0,0,0,0,1,0,0,0,0,2
bottom,455,431,489,311,323,328,270,318,316,412,406,335,386,412,420,365,472,510,446,500,367
bought,80,30,5,65,35,35,60,25,18,20,0,10,2,7,10,5,5,9,0,10,4
boulevard,0,0,0,0,0,0,0,0,0,0,0,0,0,0,0,0,2,0,0,0,0
bound,178,213,197,173,79,235,173,280,170,168,125,243,173,345,218,288,207,344,209,251,452
boundaries,235,128,127,189,91,154,126,140,129,106,93,113,178,133,170,115,160,116,128,134,116
boundary,297,131,249,271,193,312,141,205,205,186,166,301,178,174,356,288,270,250,300,433,204
bounded,21,9,27,19,16,25,19,8,12,15,5,11,4,7,10,20,14,29,14,30,31
bounds,273,179,304,171,108,272,190,275,190,185,148,245,184,417,184,225,217,284,304,333,406
bow,19,3,2,6,4,14,3,9,5,5,0,5,6,3,8,32,3,5,6,6,1
bowl,0,1,11,1,7,8,0,5,9,1,2,4,4,1,40,11,16,3,33,6,1
box,1614,1082,1367,2201,1199,1361,1330,1620,1625,1564,1383,2171,1554,1696,1558,1607,1825,1580,1850,1529,1093
boxes,1387,940,1205,1856,1074,1141,1065,1336,1261,1448,1406,1628,1357,1578,1221,1370,1665,1699,1513,1170,933
boy,2,1,4,9,0,0,1,0,3,0,9,3,0,6,0,16,5,15,8,7,21
boyd,0,0,0,3,0,0,2,2,0,0,0,0,0,0,0,0,0,0,0,0,0
boys,0,0,1,0,0,0,0,0,0,3,7,0,0,0,0,0,0,0,0,0,0
br,71,13,38,36,16,66,33,21,23,29,57,28,7,14,14,5,17,50,23,11,39
bradley,0,0,1,0,0,0,1,1,0,0,0,0,0,0,2,0,1,0,0,1,0
brain,104,63,24,172,58,125,34,107,178,35,74,108,189,96,26,37,86,104,135,86,44
brake,4,1,5,5,0,30,5,3,7,11,10,7,1,3,20,4,0,0,0,3,3
branch,619,418,507,380,381,528,497,568,520,562,542,573,502,487,538,467,533,589,491,468,486
branches,113,118,104,72,52,70,71,65,77,93,72,109,79,74,133,109,74,100,104,125,148
brand,0,1,4,3,0,1,0,0,0,1,0,0,1,2,3,0,12,0,0,2,2
brands,0,0,0,0,0,0,0,0,0,1,0,0,0,0,1,0,2,0,0,0,0
brass,5,0,0,0,0,0,0,0,0,0,0,0,0,19,6,0,1,0,0,0,2
brave,0,0,0,0,0,0,0,0,0,0,0,0,0,0,0,0,0,1,0,0,0
brazil,1,0,0,0,0,0,0,0,0,0,0,0,0,1,0,0,0,0,0,0,1
breach,8,1,0,0,0,0,0,0,0,0,0,0,1,0,0,1,1,0,0,0,0
bread,0,0,4,0,0,0,0,0,1,0,1,0,1,0,0,2,8,1,0,0,0
breadth,1,4,15,5,0,1,2,1,3,10,4,3,0,3,4,4,1,8,3,1,6
break,495,270,317,307,214,488,281,411,313,369,332,341,417,431,307,422,681,516,481,566,426
breakdown,3,4,10,8,24,0,0,1,2,12,9,13,0,1,0,1,1,2,0,5,8
breakfast,4,0,0,0,0,0,0,0,4,0,1,0,1,3,0,0,2,0,0,0,0
breaking,36,26,40,35,11,97,12,30,21,27,32,53,53,66,38,66,89,68,128,84,80
breaks,65,49,69,44,30,46,25,41,48,32,34,62,64,58,34,32,34,37,44,70,54
breast,13,0,1,1,0,2,1,1,0,0,0,0,0,2,3,4,6,4,1,1,2
breath,2,0,0,1,0,1,0,0,2,5,1,4,4,5,11,3,7,2,5,5,1
breathe,1,2,2,1,0,0,0,0,1,0,0,0,0,5,0,0,5,1,2,2,3
breathing,0,0,1,12,0,1,1,0,0,0,0,0,0,0,0,0,0,0,0,1,0
breed,0,0,4,1,0,0,0,0,0,0,0,0,0,0,0,0,0,0,0,0,0
breeding,0,0,0,1,0,0,0,0,0,0,0,0,0,0,0,0,0,0,0,0,0
breeze,0,2,2,0,0,0,0,0,0,0,0,0,0,0,0,0,1,0,0,0,0
brian,16,4,9,0,0,10,0,0,0,0,0,0,0,0,0,1,2,0,0,1,0
brick,9,1,5,83,17,45,1,22,0,0,0,1,2,0,2,1,10,1,5,4,2
bridge,35,15,8,24,20,16,13,27,13,12,12,20,20,18,44,6,37,38,44,13,21
bridges,2,0,7,0,0,0,1,0,1,0,1,0,0,0,0,1,0,1,0,0,1
brief,77,22,56,29,32,32,1,3,26,17,70,37,62,18,18,6,18,37,21,46,13
briefly,2,0,0,0,0,1,0,2,0,2,0,0,0,0,2,1,8,2,3,2,2
bright,13,27,52,29,12,5,4,19,18,12,11,19,9,7,10,26,16,6,26,9,5
brilliant,0,0,0,0,0,0,0,0,0,0,0,0,0,0,0,1,0,0,0,0,0
bring,37,18,26,34,7,13,17,22,23,23,36,39,48,49,34,29,28,63,52,54,53
bringing,0,0,1,0,0,12,1,8,2,2,6,1,6,6,4,5,4,4,1,5,2
brings,24,11,9,9,7,12,10,11,20,17,13,19,4,13,7,6,19,21,19,10,19
bristol,94,47,0,0,0,0,0,0,0,27,5,0,1,0,0,0,0,0,0,0,0
britain,0,0,0,0,0,0,0,0,0,0,0,0,0,1,0,1,0,2,1,1,4
british,7,0,0,0,1,0,0,2,3,0,0,0,0,1,1,1,0,2,1,4,4
broad,38,9,5,18,5,19,9,10,12,16,3,12,24,23,7,10,7,40,21,24,23
broadcast,246,179,177,348,182,394,149,342,238,236,230,370,495,292,190,249,433,474,653,544,402
broadcasting,87,53,135,38,38,124,33,45,28,39,39,66,65,53,75,65,90,112,102,139,171
broader,2,0,1,0,0,0,0,0,0,0,1,0,2,0,0,0,6,0,0,5,4
broadly,3,0,1,0,0,0,0,0,0,0,0,1,0,0,0,0,0,0,0,0,0
broadway,0,0,0,0,0,0,0,0,0,0,0,0,0,0,0,0,0,0,1,0,0
broke,4,7,7,2,1,4,0,3,0,2,5,2,1,1,1,2,0,6,4,3,5
broken,98,62,123,45,51,56,22,66,41,43,59,58,60,62,50,50,62,89,74,96,85
broker,1,0,2,0,0,0,0,0,0,0,0,0,0,0,1,0,0,0,0,0,0
brook,0,0,0,0,0,0,0,0,0,0,0,0,0,0,0,0,0,0,0,0,1
brooklyn,0,0,0,0,0,1,7,0,0,0,0,0,0,0,0,0,0,0,0,0,0
brooks,3,0,0,0,0,0,0,0,0,0,0,0,1,0,0,0,0,5,0,0,0
brother,0,0,0,2,0,0,0,0,0,0,0,0,0,2,0,2,1,40,2,2,8
brothers,0,0,0,0,0,0,0,0,0,0,1,0,0,0,0,0,0,4,0,0,0
brought,9,7,10,2,2,1,1,5,0,0,3,1,2,3,1,4,3,3,0,5,2
brown,23,6,16,23,7,15,11,7,17,14,18,14,8,9,8,24,39,28,42,18,97
bruce,0,0,0,0,0,2,2,0,0,0,0,5,0,0,0,0,0,0,0,0,0
brush,1,0,1,6,0,1,3,0,8,1,49,0,8,6,2,9,7,0,3,0,0
bryan,2,0,0,0,1,4,0,0,0,0,0,0,0,0,0,0,0,0,0,2,0
bt,28,9,13,10,4,20,8,13,27,12,4,51,53,30,34,32,78,90,90,81,71
buck,0,0,0,0,0,0,0,0,1,0,1,2,0,1,14,1,0,0,0,0,1
budget,57,17,26,43,22,65,34,79,32,18,22,21,51,16,66,18,111,114,70,101,196
budgets,5,1,0,6,2,4,0,1,1,0,0,1,0,1,0,0,7,15,11,2,5
buffalo,0,0,0,0,0,0,0,0,0,0,0,0,0,0,0,0,0,0,0,1,0
buffer,758,309,493,465,233,582,505,897,452,453,490,619,787,548,603,599,611,947,867,737,680
build,1777,1806,1486,1628,1192,1824,1288,1717,1550,1728,1597,1956,1918,1718,1699,1731,1868,2312,1966,2019,1643
builder,159,170,71,85,77,71,62,107,80,72,51,92,85,84,122,69,84,140,111,111,95
builders,10,25,11,3,2,2,7,11,2,2,7,4,5,2,5,2,7,3,6,16,6
building,340,164,173,293,165,310,189,296,209,274,218,254,344,328,202,252,364,318,417,291,217
buildings,5,1,2,9,5,9,1,4,11,3,1,6,7,7,0,1,8,9,5,11,9
built,177,226,198,170,86,152,78,136,95,88,81,117,155,109,91,114,115,130,183,192,136
bulk,38,4,10,4,3,6,2,2,1,12,2,2,3,1,37,2,12,7,2,14,5
bull,2,0,0,0,0,0,0,0,0,0,0,0,1,0,0,0,0,0,0,0,0
bullet,21,5,12,11,26,9,2,1,6,3,1,4,6,2,7,7,1,4,3,16,0
bulletin,0,0,0,0,0,0,0,0,2,0,0,0,0,0,0,0,3,0,3,1,0
bunch,41,28,39,46,12,23,10,22,18,20,27,24,34,27,20,17,28,21,37,32,26
bundle,12,8,10,6,1,2,31,36,2,18,12,6,8,2,18,11,7,21,13,18,9
burden,1,1,0,0,2,1,0,0,0,0,1,0,2,0,1,0,0,1,1,2,2
bureau,0,0,0,0,0,0,0,2,0,0,0,0,0,0,0,0,3,0,0,0,0
buried,0,0,0,0,0,0,0,1,0,0,0,0,0,0,0,0,0,1,1,0,0
burke,0,0,0,0,0,0,0,0,0,0,0,0,1,0,0,0,0,0,1,0,0
burn,25,7,12,20,13,14,6,14,11,20,12,5,5,5,9,24,13,12,22,13,11
burned,0,0,0,0,0,0,0,0,1,0,0,2,0,0,2,0,0,0,0,0,0
burning,1,1,0,0,0,0,0,0,0,2,0,0,2,0,1,0,0,0,0,2,2
burns,1,0,0,11,0,0,0,0,0,0,0,1,0,0,0,0,0,0,0,0,0
burst,5,0,0,1,2,7,0,2,3,17,29,21,11,10,1,2,0,22,80,6,2
burton,0,0,0,5,0,1,0,0,0,0,0,0,0,0,0,5,0,0,0,5,0
bus,38,29,32,32,20,17,28,8,43,58,21,31,54,40,40,73,65,74,123,116,26
buses,3,0,7,0,0,1,4,0,7,1,0,0,1,0,0,0,6,1,0,0,0
bush,0,0,0,0,0,0,0,0,0,0,1,0,2,0,0,0,0,2,0,0,1
business,694,9,69,67,35,22,44,135,71,46,49,35,24,29,52,111,46,36,101,88,66
businesses,0,0,0,0,0,0,0,0,0,0,0,1,0,1,0,0,0,0,0,0,0
busy,8,5,1,3,8,4,4,3,7,6,2,1,4,2,0,4,4,3,6,9,0
but,4422,2784,3754,3188,1905,3647,2222,3705,2025,2383,2825,4008,5465,3245,2688,3463,4672,5148,5540,5122,4122
butler,0,0,2,3,0,0,2,0,0,0,0,0,0,0,0,0,0,0,1,2,2
butter,11,5,8,4,1,0,1,5,3,4,1,0,1,0,1,1,3,0,4,2,0
button,72,19,65,13,22,31,41,37,6,37,7,4,8,29,78,48,44,48,80,81,81
buttons,27,5,12,1,1,3,8,11,6,13,2,2,13,14,7,9,10,7,5,10,3
buy,0,8,0,0,0,2,0,3,0,1,1,0,12,14,0,0,0,0,5,0,0
buyer,0,0,0,0,0,0,0,2,0,0,0,0,6,0,0,0,6,1,6,182,2
buyers,0,0,0,0,0,0,0,0,0,0,0,0,5,0,0,0,0,0,0,0,0
buying,0,1,0,0,0,0,0,0,1,0,0,1,1,1,0,0,0,0,1,1,0
bv,8,5,11,12,4,11,1,14,21,5,3,4,22,3,2,1,14,5,5,1,10
by,13513,7557,8847,11450,6246,11016,6500,11946,8118,7875,9042,11327,15831,12234,9843,10628,17905,19179,20592,16853,15892
c,9504,7077,7475,10115,6258,13071,10839,13974,13038,15165,12523,20134,20492,18121,15505,15302,17255,20811,18413,15715,15849
ca,75,82,38,60,70,18,64,33,15,85,41,63,44,61,39,96,42,43,85,71,79
cab,2,0,0,0,0,3,10,2,1,1,0,0,1,9,3,2,4,8,0,0,0
cabin,0,0,0,0,0,0,0,0,0,0,0,0,1,0,0,2,2,0,0,2,0
cabinet,3,0,2,1,0,9,0,4,3,1,4,2,1,2,28,12,46,1,13,4,7
cable,0,0,1,0,0,0,0,1,0,0,0,0,0,0,5,1,0,0,2,0,0
caesar,0,2,0,2,0,0,0,0,2,1,0,1,4,1,1,3,3,0,6,1,1
cage,29,6,6,2,0,0,0,0,0,0,0,0,0,0,0,1,2,0,2,1,1
cake,0,1,6,1,3,0,0,1,7,0,0,3,1,2,1,6,4,2,15,2,1
cal,8,22,49,10,49,19,22,21,52,14,16,17,18,23,54,15,39,42,14,57,16
calcium,1,0,1,0,0,0,1,0,0,0,5,0,0,0,0,2,0,0,0,0,0
calculate,1998,1559,1731,1395,1239,1679,1341,1723,1395,1994,1811,1819,1812,1868,2195,1988,2378,2334,2685,2726,2423
calculated,177,89,127,176,134,185,123,226,174,140,177,232,308,235,194,194,298,297,257,280,251
calculating,188,100,105,100,119,125,112,327,147,144,129,145,154,126,135,129,168,149,179,148,128
calculation,367,180,205,212,176,272,164,262,202,275,267,329,283,283,378,334,383,516,500,528,438
calculations,83,22,38,32,42,54,35,26,39,46,53,39,58,80,107,96,125,203,104,103,88
calendar,19,0,0,0,0,2,5,2,1,0,2,0,0,3,0,3,16,2,1,3,4
calf,0,0,0,0,0,0,0,0,6,0,0,0,0,0,0,0,0,0,0,3,0
calibration,60,41,35,82,86,59,56,75,107,69,80,77,66,95,112,56,96,166,240,183,131
california,8,4,1,4,4,4,3,7,2,3,14,2,2,3,0,5,2,7,0,11,1
call,1216,706,965,774,522,895,579,815,534,604,529,883,1024,805,810,1076,1465,1449,2331,2464,1653
called,593,352,465,339,263,588,321,496,264,333,425,573,721,532,475,607,733,657,783,782,642
calling,155,117,184,122,72,175,91,127,100,118,126,205,180,213,94,178,237,230,279,338,286
calls,289,202,287,175,151,327,117,402,116,176,211,354,702,398,151,324,625,742,640,639,643
calm,0,0,0,0,2,0,0,0,0,0,0,0,0,0,0,10,0,0,0,0,2
cam,78,58,118,80,86,97,53,74,93,179,117,81,117,88,90,154,98,158,169,121,113
cambridge,5,1,6,0,2,0,0,0,0,0,0,2,4,12,5,2,2,0,1,3,1
came,23,8,18,20,27,23,3,22,14,10,6,11,11,7,10,13,12,13,32,25,13
camera,441,316,216,318,301,656,282,487,541,505,494,406,604,417,688,500,295,730,869,653,317
cameron,0,0,0,0,0,4,0,0,0,0,0,0,0,0,4,0,0,0,0,0,2
camp,2,0,0,0,0,2,0,0,0,0,0,1,1,0,0,0,0,0,0,0,0
campaign,1,1,0,0,0,1,0,0,0,0,0,0,0,1,15,0,0,0,0,0,0
campbell,2,0,0,0,0,1,0,0,0,0,0,0,0,0,0,0,1,1,0,0,0
campus,0,0,0,1,0,2,0,3,0,0,2,0,3,1,2,2,0,5,0,0,0
can,5581,4019,4987,4685,2674,5636,3122,5337,3144,3642,3666,5141,7270,5298,4218,4630,7476,7612,8291,7583,6160
canada,48,0,0,0,3,0,24,0,0,1,0,1,2,0,0,2,0,8,3,0,0
canadian,0,0,0,0,0,1,0,0,1,0,0,0,0,0,0,0,0,1,0,0,2
canal,0,0,0,0,0,0,0,1,0,0,0,0,0,0,0,0,0,0,0,0,0
canals,0,0,1,0,0,0,0,0,0,0,0,0,0,0,0,0,0,0,0,0,0
cancel,23,9,15,10,10,25,11,14,8,16,21,10,23,21,18,22,22,21,22,39,38
cancellation,3,0,14,0,2,2,0,3,0,1,1,0,4,0,1,1,0,3,1,1,2
cancer,134,10,214,208,269,208,212,9,5,234,329,5,1,8,145,246,36,258,294,14,19
candidate,173,147,272,233,117,176,153,241,159,179,140,270,238,206,146,207,282,299,273,346,193
candidates,121,148,146,152,88,187,127,175,176,248,147,199,214,231,160,150,239,261,232,240,188
candy,0,0,0,0,0,0,0,0,1,0,0,0,1,0,0,1,2,0,0,1,0
canned,0,0,0,0,1,2,0,0,1,0,0,0,1,0,0,1,0,0,1,0,0
cannon,0,0,0,0,0,0,0,0,1,0,0,0,0,0,0,0,3,1,0,0,0
canon,8,2,0,0,0,0,0,0,2,2,2,1,2,2,0,0,0,4,0,0,0
cans,0,0,0,0,0,1,0,0,1,0,0,0,0,0,1,1,5,0,0,0,0
canvas,77,16,12,70,37,44,68,65,29,85,157,65,83,143,82,138,57,92,161,121,42
canyon,0,0,0,0,0,0,0,0,0,0,0,0,0,0,0,0,2,0,0,0,0
cap,42,28,48,27,26,17,28,38,34,27,22,32,26,9,31,24,58,27,20,57,43
capabilities,16,3,3,0,1,4,0,0,1,5,7,1,2,3,4,2,11,338,22,15,22
capability,13,1,3,0,3,17,8,9,2,7,85,23,38,14,25,12,35,44,45,34,38
capable,7,12,1,0,4,2,0,0,8,4,0,2,5,5,1,2,7,60,39,10,5
capacities,3,0,11,0,2,4,2,0,0,0,0,1,2,0,3,7,3,4,0,2,1
capacity,45,21,43,19,9,42,24,22,23,34,27,42,69,45,41,116,55,46,60,56,82
cape,0,0,0,0,0,0,0,0,0,0,0,0,0,1,0,1,0,4,4,0,1
capillary,4,1,0,0,0,0,0,0,0,0,0,0,0,0,0,0,1,0,0,0,0
capital,140,28,64,15,2,18,2,12,3,3,2,12,6,9,12,8,14,18,21,13,96
capitalism,0,2,0,0,0,0,0,0,0,0,0,0,0,0,0,0,0,0,0,0,0
caps,18,11,15,9,2,8,22,21,45,13,14,36,38,36,30,20,23,14,13,21,7
captain,0,0,0,0,0,0,0,0,0,0,0,0,0,0,1,0,0,0,0,0,1
capture,57,47,77,55,33,58,107,89,48,32,42,67,86,66,49,72,100,107,111,167,163
captured,26,10,4,8,25,23,11,16,24,16,16,26,35,25,29,17,23,35,29,31,53
car,185,74,96,154,56,184,67,78,82,188,125,126,159,175,157,216,88,152,382,181,39
carbon,18,0,0,0,0,4,6,0,2,0,0,3,9,5,0,5,1,14,1,1,5
carbonate,0,0,0,0,0,5,1,0,0,0,0,11,0,0,0,0,0,0,0,0,0
carcinoma,0,0,0,0,0,0,0,0,1,0,0,0,0,0,0,0,0,0,0,0,0
card,31,16,6,45,17,101,12,35,27,19,41,39,93,43,47,14,87,54,79,92,70
cardiac,0,0,0,0,1,0,0,0,2,1,5,0,0,1,2,1,0,1,1,2,0
cardinal,6,3,13,1,0,0,0,4,12,1,5,1,3,2,8,2,7,8,2,6,4
cardiovascular,0,0,2,0,0,0,0,0,0,0,0,0,0,0,0,0,0,0,0,0,0
cards,18,4,2,12,12,69,21,17,8,7,12,19,21,5,8,2,9,9,25,11,23
care,451,392,258,394,188,488,169,303,224,190,232,273,243,212,186,159,259,164,209,278,219
cared,0,0,0,0,0,1,0,2,2,0,1,0,2,1,0,0,0,12,1,0,0
careers,0,0,0,0,0,0,0,0,0,0,0,0,0,0,0,0,0,0,2,1,0
careful,110,32,52,48,38,74,34,57,36,42,46,69,55,66,68,89,107,113,110,120,91
carefully,14,23,36,23,28,47,24,61,28,30,35,60,85,56,19,59,86,97,81,54,47
cargo,0,5,8,2,4,0,0,1,0,0,0,11,0,0,0,4,0,1,6,0,0
caribbean,0,0,0,0,0,0,0,0,1,0,0,0,0,0,0,0,0,0,2,0,0
caring,3,0,2,0,2,1,1,2,2,1,5,1,0,4,3,2,0,1,1,0,1
carl,3,5,13,18,14,22,17,16,22,17,23,25,4,9,6,7,10,19,10,8,6
carlos,0,0,0,0,0,4,1,0,0,3,10,0,0,0,3,0,0,0,3,0,0
carnegie,110,47,16,89,46,101,22,84,67,19,39,69,109,41,19,15,43,57,54,23,14
carolina,0,0,0,0,0,1,0,0,0,0,0,1,0,0,0,0,0,0,0,0,0
carpenter,0,0,0,0,0,0,0,0,0,0,1,0,0,0,0,0,0,0,0,0,0
carpet,0,0,0,0,0,0,0,0,1,0,1,0,1,0,0,1,2,0,0,0,1
carriage,8,24,50,15,0,2,2,6,2,1,4,9,11,6,2,15,14,4,6,4,0
carried,15,2,3,0,2,7,5,10,13,1,2,0,4,4,7,1,1,9,1,6,6
carrier,1,0,2,0,0,0,0,0,0,2,28,1,5,0,1,1,6,0,2,1,0
carries,3,0,1,2,3,0,0,2,12,0,1,0,0,2,3,4,2,10,7,4,8
carroll,0,0,0,0,0,2,0,0,0,0,0,0,0,0,0,0,0,0,0,0,0
carry,34,20,18,40,12,40,26,51,27,32,20,40,31,22,17,22,14,19,21,14,24
carrying,10,1,2,1,0,10,0,9,3,0,4,1,2,4,3,1,7,1,26,0,0
cars,35,10,6,10,12,29,2,10,6,21,8,15,10,11,7,7,12,20,5,23,7
carter,0,0,0,0,0,0,0,0,0,0,0,0,0,0,13,2,0,5,0,0,1
carved,0,0,1,0,0,0,0,0,0,0,0,0,0,0,0,0,0,0,0,2,0
cas,25,4,14,5,5,2,18,7,0,5,1,5,2,2,7,1,1,0,8,83,2
case,2056,1703,2725,1876,1351,2949,1575,2386,1559,1731,1988,2477,3421,2507,1982,2402,3571,4021,3949,4438,4092
cases,461,513,617,442,344,612,330,395,402,384,428,564,503,452,471,444,552,744,650,832,682
cash,0,0,0,0,0,3,1,0,0,1,0,1,3,20,0,0,2,1,7,4,0
cashier,0,0,0,0,0,0,0,0,0,0,0,0,0,0,0,0,0,8,0,0,0
casing,20,11,4,26,21,39,23,32,9,20,13,32,48,22,11,25,47,35,47,31,12
cast,294,192,324,267,211,375,212,259,128,186,180,253,262,269,203,350,626,631,1146,1034,738
casting,26,28,111,27,14,148,16,40,19,38,48,45,40,76,39,78,115,128,265,144,82
castings,0,0,0,0,0,0,0,0,0,0,0,1,0,0,0,0,0,0,0,0,3
castle,0,0,1,0,0,0,2,0,0,0,0,3,0,0,0,0,2,1,0,0,1
casual,0,1,0,1,0,0,0,0,0,1,0,0,0,2,0,4,8,4,6,5,5
casualty,0,0,0,0,0,0,0,0,0,0,0,0,0,0,0,0,0,1,0,0,0
cat,479,312,466,351,497,433,444,436,644,603,656,1003,710,683,936,788,937,714,812,735,473
catalog,152,54,39,49,70,69,67,48,91,56,46,43,24,35,31,21,26,50,48,148,30
catalogue,10,1,4,1,0,1,0,0,7,0,5,11,0,0,0,0,0,0,5,12,3
catalyst,0,0,0,0,1,0,0,0,4,0,1,0,0,0,0,0,0,0,0,0,4
catch,159,109,224,120,68,103,45,100,34,43,51,113,97,44,59,117,88,91,182,116,132
categories,257,100,113,187,189,269,91,179,160,122,160,223,224,439,209,239,277,211,267,167,162
category,616,294,377,495,418,403,295,525,483,368,365,565,479,591,661,570,666,364,729,239,338
cats,37,9,24,11,12,31,20,46,38,7,64,33,117,120,39,39,251,123,145,168,107
cattle,4,0,0,0,0,2,0,0,0,0,0,0,0,0,0,2,1,0,0,0,0
caught,21,21,42,29,22,17,12,16,6,9,3,11,25,5,7,23,14,15,26,27,22
causal,120,73,32,204,106,266,94,359,172,89,259,370,733,450,163,337,842,859,683,758,682
cause,157,172,297,175,80,221,167,210,155,180,201,283,248,246,205,319,357,407,627,431,424
caused,759,24,100,92,41,73,80,353,111,81,48,64,70,63,84,146,92,67,181,128,115
causes,152,66,115,105,50,123,94,120,80,79,73,130,133,112,83,91,112,116,133,120,126
causing,11,18,36,15,16,17,4,6,7,11,12,13,18,18,13,32,29,42,26,72,41
caution,20,14,9,6,12,16,1,16,12,44,11,7,24,12,8,13,46,20,16,19,9
cave,0,7,0,0,0,0,0,2,0,0,0,0,11,0,0,5,4,0,0,0,0
cavity,5,0,0,0,0,0,0,5,0,3,2,0,14,3,4,2,2,0,2,2,0
cc,132,81,80,59,117,70,56,77,66,128,70,41,72,240,110,110,75,119,183,99,155
cd,42,24,16,10,30,42,5,9,15,21,18,49,26,25,51,55,50,78,123,122,138
ce,49,21,79,39,60,39,44,74,61,98,87,128,143,88,52,64,66,133,66,54,38
cease,0,0,0,0,0,0,0,0,0,0,0,0,0,0,0,1,0,0,0,0,0
ceased,0,0,0,0,0,0,0,0,0,0,0,0,0,0,1,0,0,0,0,0,0
cedar,0,2,0,0,0,0,0,0,0,0,0,0,1,0,0,0,0,0,0,1,0
ceiling,14,5,1,3,2,33,5,7,6,5,14,14,5,11,13,6,27,5,13,9,9
cell,742,291,239,305,231,380,262,460,340,212,250,276,505,268,292,285,342,414,293,313,291
cells,264,79,80,147,43,139,69,186,88,77,95,119,192,90,90,74,129,135,141,92,100
cellular,0,1,0,0,0,0,1,0,0,1,0,0,0,0,0,0,4,1,0,1,0
cement,0,0,0,1,0,2,0,0,0,0,0,0,0,0,0,0,1,0,0,0,2
census,3,6,1,1,9,3,3,0,1,1,10,4,0,2,0,0,0,0,0,1,1
cent,9,6,4,10,6,18,16,4,10,17,11,0,6,4,7,16,12,10,2,2,1
center,1007,612,1116,1195,1037,1195,1112,1051,1080,1406,1676,1294,1103,1232,1424,1556,1049,1625,1926,1254,909
centered,79,25,69,37,121,52,22,33,39,32,65,32,75,57,57,87,88,55,57,59,51
centers,110,53,70,74,58,74,71,90,78,102,154,143,86,99,171,98,121,146,141,105,105
central,81,24,42,42,50,37,43,38,36,86,64,64,59,59,48,54,84,51,63,65,50
centralized,8,1,2,2,0,1,7,2,4,1,2,3,0,7,2,23,1,12,13,10,3
centre,13,9,22,6,16,9,28,14,42,15,23,20,36,22,9,14,20,16,61,25,48
cents,0,2,1,0,0,0,1,0,0,0,2,2,4,1,2,5,5,2,8,1,0
centuries,0,0,1,0,0,0,0,0,0,1,0,1,0,0,0,0,0,0,0,0,0
century,0,0,1,2,1,9,0,8,6,2,5,6,12,4,2,1,5,3,8,2,2
ceo,0,0,0,0,0,0,0,0,0,0,0,0,0,3,0,0,1,0,0,0,0
ceramic,0,0,0,0,0,0,0,0,0,0,0,0,0,0,0,0,0,0,0,3,0
cerebral,0,4,0,0,0,0,0,0,1,0,0,0,0,0,0,0,0,0,0,0,0
certain,190,132,145,139,125,198,121,167,125,141,129,166,159,155,152,176,212,201,239,204,184
certainly,7,1,5,4,3,3,2,1,2,1,1,0,1,2,3,3,27,11,6,1,6
certainty,1,0,0,1,1,0,1,1,3,3,2,4,0,1,25,0,4,5,6,6,2
certificate,11,29,61,14,0,2,5,9,0,5,8,7,0,2,1,15,5,0,3,11,36
certificates,1,8,18,4,1,0,3,2,0,2,3,3,1,0,0,5,10,1,4,1,10
certification,1,0,0,0,0,3,4,0,22,1,0,4,0,0,0,2,0,0,0,1,2
certified,4,0,0,0,1,0,1,2,12,5,16,0,0,3,1,3,3,2,2,0,5
certify,7,3,0,3,9,0,8,2,14,16,9,6,2,0,1,1,0,0,0,3,7
cervical,0,0,0,0,0,0,0,0,0,0,0,0,0,0,0,0,0,1,0,0,2
cf,187,177,204,275,166,296,146,301,142,109,241,261,448,246,99,191,380,434,425,290,204
cfr,0,0,0,4,0,1,1,1,1,0,0,3,1,0,0,0,0,0,1,1,0
ch,157,70,80,155,100,87,100,93,38,148,151,51,223,55,78,132,119,112,164,192,89
chain,160,62,146,103,40,58,43,62,35,67,95,55,42,80,141,168,124,199,160,211,146
chains,24,8,15,5,10,8,13,5,7,27,12,4,13,14,11,68,12,13,33,84,37
chair,29,13,15,18,21,14,6,10,29,18,21,17,14,10,148,65,86,44,86,11,4
chairman,0,0,1,0,0,0,0,0,0,0,0,0,0,0,0,0,0,0,0,0,0
chairs,0,5,0,0,3,20,1,0,1,3,0,1,0,1,0,3,2,0,0,0,0
challenge,39,52,23,28,22,32,25,14,25,38,26,21,11,8,13,14,18,30,25,22,9
challenges,4,0,0,2,2,0,0,1,2,4,3,5,1,3,3,2,1,6,4,3,2
challenging,9,1,2,3,3,0,2,4,1,1,3,2,1,0,1,1,3,2,1,5,0
chamber,2,240,240,0,0,0,0,0,0,0,0,0,0,0,0,0,0,2,0,4,0
chambers,0,0,0,0,0,0,0,0,0,0,1,0,0,0,0,0,0,0,1,0,0
champion,0,0,0,0,0,0,0,0,0,0,0,0,0,2,4,0,0,0,0,0,0
chance,68,28,55,67,18,61,41,70,60,55,49,44,65,54,43,31,64,55,41,54,34
chances,1,3,2,0,1,2,2,0,2,2,3,3,8,5,1,2,8,7,4,5,2
change,1678,875,1132,1047,712,1421,945,1776,965,1506,1490,1423,1708,1456,1552,1424,2106,2018,2121,2312,1999
changed,526,251,349,333,184,395,292,463,269,391,401,351,519,423,414,441,598,641,837,854,570
changes,388,242,311,244,164,315,190,312,206,306,231,328,323,271,191,251,263,272,384,396,314
changing,126,59,63,75,50,71,67,73,64,69,89,94,119,83,195,124,139,123,146,171,132
channel,1220,664,537,643,707,794,533,1085,911,1058,936,855,1180,977,977,961,1271,1535,1484,1320,1162
channels,939,409,550,592,544,681,670,692,678,978,1040,908,1088,1265,1235,903,1411,1486,1443,1201,898
chaos,4,1,0,0,0,0,0,0,0,0,0,0,1,0,0,0,10,2,0,0,1
chap,0,0,2,0,0,0,0,0,0,0,1,0,0,0,3,0,0,0,0,0,0
chapel,33,0,0,0,8,4,8,4,6,0,2,0,2,4,9,44,0,2,9,44,8
chapman,0,0,0,0,0,0,0,1,0,0,0,0,0,0,0,0,0,0,0,0,0
chapter,8,7,7,0,2,1,5,0,0,22,12,3,1,4,9,3,2,7,5,19,9
chapters,19,2,1,7,4,6,7,6,2,6,4,2,3,7,4,2,3,4,9,4,4
character,594,354,601,310,129,259,180,332,117,173,131,246,297,231,141,202,333,305,314,268,186
characteristic,9,7,6,15,0,2,2,4,0,3,11,3,10,9,7,5,21,9,11,10,10
characteristics,11,4,4,5,7,29,6,6,12,8,5,22,21,13,2,7,20,5,10,10,3
characterization,1,0,0,0,0,1,1,0,0,1,0,0,2,22,0,0,0,1,0,4,4
characterize,0,1,0,0,4,0,0,0,0,0,0,1,0,1,1,0,0,0,1,1,0
characterized,0,3,0,0,0,0,0,0,0,0,0,1,0,1,0,2,1,1,2,3,0
characters,536,419,662,437,221,354,281,371,200,223,278,267,327,241,120,268,431,381,307,402,234
charge,157,257,137,88,53,94,47,66,75,59,62,366,300,56,116,111,113,110,76,437,176
charged,3,0,0,1,2,0,2,9,0,10,1,4,1,1,1,0,0,6,3,9,1
charges,15,2,16,1,1,3,1,1,1,0,4,2,4,13,0,7,7,2,1,9,2
charging,0,0,0,2,0,0,1,16,1,0,0,3,1,0,0,0,2,1,0,0,1
charles,17,1,61,11,11,3,1,0,7,0,2,52,1,1,0,0,0,28,1,0,0
charlie,4,0,2,0,0,0,0,0,0,0,0,2,2,0,0,0,0,0,2,0,0
charlotte,0,0,0,0,0,2,0,0,0,0,0,0,0,0,0,0,0,0,0,0,0
charm,11,0,0,0,0,0,0,1,0,0,1,0,0,0,1,0,0,1,0,1,0
chart,18,11,16,23,18,3,2,21,3,4,1,19,18,34,5,11,42,13,23,36,16
charter,0,0,0,0,0,0,0,0,0,0,0,0,1,0,0,0,0,0,0,0,0
charts,0,3,1,4,7,3,5,6,2,4,3,3,5,9,4,1,6,9,3,6,2
chase,2,0,0,0,0,2,0,1,0,0,0,0,0,0,0,0,3,5,2,0,1
cheap,2,14,4,6,1,5,1,18,8,5,6,20,10,8,3,12,5,4,5,4,6
cheaper,10,2,7,8,1,5,0,2,2,3,2,2,3,0,0,3,3,3,2,0,1
check,4475,2936,4964,3556,2699,5745,3083,4765,2982,3046,4075,4903,6746,4917,4254,4850,7978,6804,9258,10199,8455
checked,1747,77,163,71,26,102,36,53,23,54,41,54,65,38,69,49,69,81,78,106,86
checking,220,164,358,167,108,325,100,198,143,131,155,217,330,202,191,211,331,318,354,403,370
checks,287,158,226,236,141,294,166,205,128,190,264,270,328,279,271,230,621,348,667,809,490
cheek,0,0,0,13,0,0,0,0,0,0,0,15,0,1,0,0,0,1,0,0,0
cheeks,0,2,0,2,1,0,0,1,0,1,0,1,0,0,3,0,0,0,6,0,0
cheese,0,0,0,0,1,0,0,0,3,0,0,0,1,0,0,1,4,0,0,0,0
chem,10,2,1,2,3,64,6,41,118,2,1,1,2,15,61,78,43,12,4,10,17
chemical,3,2,0,0,5,1,8,0,21,2,0,11,5,13,9,2,3,2,6,6,8
chemicals,0,0,0,0,0,0,0,0,0,0,0,4,0,0,0,0,0,3,2,0,1
chemistry,6,0,0,0,0,1,3,1,0,1,0,0,2,2,6,0,7,2,2,1,3
cherry,0,0,0,0,0,2,0,0,1,0,0,0,1,0,0,1,4,0,0,5,2
chest,5,2,4,0,0,0,3,5,8,3,12,3,5,13,3,3,18,1,8,8,5
chi,176,28,68,28,10,19,22,4,16,12,8,10,98,32,64,50,37,26,31,32,43
chicago,0,11,0,0,0,0,0,1,0,0,0,0,0,0,0,0,0,0,0,2,2
chicken,0,2,0,0,1,1,0,1,2,1,0,6,2,0,0,1,3,1,1,1,2
chief,10,3,1,34,0,1,0,1,0,0,0,0,0,10,13,2,7,0,0,2,1
child,258,133,158,295,54,194,89,165,83,129,98,106,143,98,94,137,358,189,218,191,181
children,175,129,90,159,77,133,83,97,98,149,68,118,165,149,69,122,84,136,221,155,135
chile,1,0,0,0,0,0,0,0,0,0,0,0,0,0,0,0,0,0,0,1,0
chin,1,17,1,3,1,0,0,1,0,1,2,4,18,3,20,8,14,2,15,3,0
china,0,1,1,1,0,3,3,0,0,1,0,1,2,0,0,1,6,1,10,0,4
chinese,151,80,52,180,92,237,155,226,99,102,151,134,289,238,55,156,362,568,267,283,178
chip,34,2,8,5,5,0,18,1,1,18,1,0,0,0,2,4,13,34,17,9,6
chips,0,2,1,1,1,2,17,0,2,1,0,0,3,5,0,1,3,0,13,0,0
chloride,0,0,0,0,0,0,0,0,0,0,2,0,0,0,0,0,0,2,0,0,0
chocolate,4,0,4,5,0,0,0,5,0,0,0,0,2,0,2,6,2,2,4,0,0
choice,269,167,121,193,79,253,163,182,212,244,232,205,270,242,256,208,259,275,273,251,182
choices,89,72,82,86,61,151,75,100,244,74,102,105,143,115,107,211,159,141,131,243,93
cholesterol,1,0,0,0,0,0,0,0,0,0,1,0,0,0,0,0,0,0,0,0,0
choose,632,304,450,373,281,458,303,506,393,425,327,554,462,452,350,504,414,474,512,381,362
choosing,68,12,31,66,23,35,16,15,25,29,14,34,32,48,26,35,36,41,28,36,39
chopped,6,0,3,0,0,1,0,0,2,0,1,0,3,2,0,1,0,0,0,1,0
chorus,0,0,0,0,0,0,0,1,0,0,1,0,1,0,0,1,0,0,0,0,0
chose,46,15,17,27,20,39,32,34,18,32,23,39,48,24,13,22,24,26,32,24,20
chosen,177,126,132,150,72,165,93,128,131,94,82,166,107,137,111,99,139,154,99,186,207
chris,11,2,0,31,1,18,4,8,1,5,1,1,2,73,5,13,5,0,0,1,1
christ,0,3,0,0,0,0,0,0,0,0,0,0,0,0,0,0,0,0,0,0,0
christian,13,0,6,18,2,7,1,0,2,3,0,0,1,2,0,3,2,0,0,3,1
christmas,0,0,2,0,1,0,0,0,0,0,0,0,0,1,4,6,0,0,0,0,4
christopher,13,26,3,78,2,10,3,12,3,1,2,4,5,207,1,1,2,6,4,7,0
chromosome,12,3,5,8,6,0,1,1,0,0,0,2,0,6,4,1,0,1,4,17,5
chronic,4,3,0,0,0,0,0,0,0,0,0,0,0,4,0,0,0,0,0,0,0
church,0,2,3,3,1,5,0,3,1,0,3,6,4,10,1,4,18,3,1,5,2
churches,0,0,0,0,0,1,0,0,0,0,0,0,0,0,2,0,0,0,0,0,0
ci,45,16,48,27,17,101,37,74,42,37,61,82,137,78,96,82,147,130,162,165,285
cigarette,0,0,1,0,0,0,0,0,1,0,0,0,1,0,0,1,0,0,0,0,0
cigarettes,0,0,0,0,0,0,0,0,0,0,0,0,0,0,0,0,0,1,0,0,0
cir,0,0,0,0,1,0,2,0,6,0,0,0,4,0,0,0,0,0,0,1,0
circle,120,46,84,40,43,101,60,72,140,62,92,77,79,82,84,47,108,89,132,116,59
circles,11,0,5,9,1,3,5,13,17,1,5,12,6,6,14,18,5,6,3,15,16
circuit,42,31,99,19,10,19,30,22,12,13,14,33,44,16,43,59,40,107,52,173,259
circuits,4,7,10,2,2,0,5,1,0,4,0,3,0,13,6,6,6,17,17,44,21
circular,50,30,61,50,32,51,77,57,40,53,51,52,72,49,93,117,82,102,154,101,77
circulating,0,0,0,1,0,0,0,0,0,0,0,0,0,0,0,0,0,0,0,0,0
circulation,0,0,0,0,1,0,0,0,0,0,0,0,0,0,0,0,0,0,0,0,0
circumstance,0,0,0,0,0,0,0,3,0,0,0,0,2,1,1,2,0,0,0,0,1
circumstances,5,4,14,6,3,11,0,1,0,3,1,2,0,1,5,9,1,2,4,3,21
cit,0,1,0,0,0,11,0,0,11,0,0,0,2,0,0,0,0,0,0,0,0
citation,17,20,3,0,1,27,2,13,62,0,3,17,4,9,5,2,1,8,9,52,19
citations,1,3,0,3,0,32,0,2,33,0,0,11,246,7,7,105,40,18,9,30,47
cite,44,2,5,31,4,6,7,6,44,13,3,9,6,75,2,22,6,2,6,10,2
cited,0,0,3,0,0,13,0,1,2,0,2,7,0,9,1,0,0,4,6,0,4
cities,0,16,2,2,0,2,4,5,2,4,29,10,15,2,4,10,9,7,2,26,3
citing,1,2,0,0,0,0,0,0,0,0,0,4,1,4,0,0,0,2,10,0,0
citizen,0,2,0,0,0,0,0,1,0,0,0,0,0,0,0,0,0,0,0,0,0
citizens,4,0,0,0,0,0,0,0,0,0,0,0,0,0,0,0,0,0,0,0,0
citizenship,0,0,0,0,0,0,0,0,0,0,0,1,0,0,0,0,0,3,0,0,0
city,38,29,29,7,1,14,6,12,4,4,31,79,19,54,8,52,31,8,55,16,6
civ,0,0,0,0,0,0,0,0,0,0,2,0,0,0,0,0,20,0,0,0,0
civil,0,0,0,0,0,0,0,0,0,0,0,0,0,0,0,1,0,1,0,0,0
civilian,0,0,0,0,0,0,0,0,1,0,0,0,0,0,0,0,0,0,0,0,0
cl,131,79,33,43,44,88,17,29,77,36,35,69,14,25,43,23,113,40,40,60,38
claim,62,248,137,88,59,88,35,61,69,55,55,356,312,59,110,108,118,145,60,402,168
claimant,0,0,0,0,0,0,0,0,2,0,1,0,0,0,0,0,0,0,0,0,0
claimed,1,4,3,2,0,0,1,0,0,1,2,0,0,0,6,3,8,1,3,0,2
claiming,0,0,1,0,0,2,0,0,1,0,0,2,0,1,0,0,1,1,0,0,0
claims,5,0,19,8,7,8,2,3,0,5,4,6,6,10,14,10,7,38,6,12,8
clara,5,0,1,0,0,0,2,0,0,2,0,0,2,0,2,0,0,0,0,0,0
clarify,3,1,3,0,5,1,1,1,0,2,3,1,0,1,0,2,1,11,0,2,2
clarity,47,8,20,19,9,8,12,10,4,8,9,16,24,11,6,4,18,39,28,29,21
clark,0,0,1,0,0,2,0,0,0,0,0,1,0,0,0,0,0,0,0,0,0
class,3684,2466,2546,3012,2040,2816,1935,3219,2376,3067,3893,3091,3734,3200,2849,3339,4193,4466,4433,3461,3393
classes,1135,865,827,1015,746,1000,784,1181,903,1074,1292,1132,1484,1228,1201,1192,1645,1541,1418,966,992
classic,44,12,15,10,15,7,7,6,11,9,15,9,12,68,19,22,50,72,51,86,32
classical,28,17,5,6,15,22,7,13,20,13,16,24,28,12,19,10,27,48,27,19,33
classification,575,360,437,573,370,622,598,664,506,652,717,687,971,818,742,572,1099,977,894,732,550
classifications,7,5,0,7,4,1,0,1,2,0,3,14,6,6,1,1,1,1,3,8,1
classified,33,18,6,15,12,18,26,20,15,24,1,10,27,15,21,11,10,33,18,17,8
classroom,0,4,0,4,0,0,0,8,0,4,0,4,0,0,0,0,0,0,0,0,0
clause,105,77,99,143,37,118,126,119,46,88,60,145,52,806,90,69,54,83,78,74,250
clauses,19,0,2,12,1,5,25,4,1,3,7,13,13,2,2,8,4,12,1,4,1
clay,0,0,0,0,0,0,0,0,0,0,1,0,0,0,0,0,0,0,0,0,0
clayton,0,0,0,0,0,0,0,0,0,1,0,2,0,0,0,0,0,0,0,0,0
clean,437,268,325,366,304,353,244,315,248,261,285,320,413,335,253,370,474,371,666,556,429
cleaned,20,19,21,20,12,34,7,19,9,7,17,13,24,17,15,37,38,34,39,63,54
cleaning,29,22,28,22,19,15,13,17,18,14,17,6,27,8,23,32,39,38,31,51,35
clear,299,187,213,211,123,213,184,211,165,264,193,251,274,296,184,278,223,316,312,402,327
clearance,6,0,0,2,0,3,6,1,0,20,1,3,0,0,0,0,7,0,6,0,0
cleared,11,12,3,1,1,15,2,12,0,2,5,7,14,5,5,5,7,11,9,17,10
clearing,10,7,15,7,3,12,8,8,7,5,15,11,14,7,5,8,8,25,8,11,19
clearly,29,5,17,3,2,3,2,3,1,3,2,4,3,5,6,3,7,6,36,21,9
clerical,0,0,0,0,0,0,0,0,0,0,0,0,0,0,0,0,0,0,0,0,1
cleveland,0,2,0,2,0,0,1,0,1,1,0,0,0,0,0,0,0,0,0,0,0
clever,1,6,13,2,4,0,2,6,0,2,0,2,2,1,1,4,5,3,9,3,1
click,27,13,41,9,17,29,173,28,17,29,10,17,18,28,22,25,16,32,66,91,136
client,330,188,288,160,90,1150,168,185,130,328,226,144,148,219,173,301,160,497,496,296,150
clients,80,47,5,38,26,1140,26,61,57,56,156,23,53,61,77,90,15,193,170,73,10
cliff,1,3,0,1,0,5,0,2,1,0,2,3,7,3,1,3,5,0,5,0,5
climate,2,4,0,0,0,0,0,18,2,0,0,0,0,0,1,0,2,1,2,0,0
climb,6,2,0,0,2,3,0,3,0,2,13,7,2,3,3,5,8,11,3,9,2
climbed,4,0,0,0,0,0,0,0,0,1,2,0,3,3,3,0,6,2,0,6,0
climbing,3,5,5,12,0,4,3,0,0,0,4,0,4,0,0,1,3,0,2,1,0
clinical,2,2,2,0,1,0,6,2,2,9,5,2,0,33,1,10,17,2,6,0,1
clinton,0,0,0,0,0,1,0,0,0,0,1,1,0,0,0,0,0,0,0,0,0
clock,111,35,42,38,29,29,20,45,28,40,16,23,45,34,53,17,23,24,25,14,15
close,619,287,489,279,332,393,237,324,318,298,274,274,320,303,290,353,420,354,454,474,397
closed,136,103,156,51,27,66,18,93,86,46,28,48,140,130,52,111,40,39,73,57,78
closely,26,9,14,6,0,9,1,4,4,4,2,16,5,9,4,4,8,8,6,7,7
closer,40,24,35,24,25,39,23,28,29,42,45,55,67,26,27,42,34,31,31,38,37
closest,128,84,93,109,84,114,66,83,87,81,63,93,146,103,96,101,168,81,217,213,197
closing,97,73,70,76,64,54,33,38,31,49,18,32,45,36,45,71,35,40,41,45,40
closure,63,32,31,27,29,57,29,30,26,33,38,57,43,18,41,25,34,79,37,59,38
cloth,1,0,2,6,8,0,15,4,3,8,2,6,3,4,25,1,43,12,1,61,8
clothes,14,2,0,0,4,0,0,0,1,8,2,0,0,0,0,3,27,0,3,1,1
clothing,20,2,0,4,0,0,2,0,0,3,0,1,0,0,0,0,3,1,0,0,0
cloud,168,105,111,183,164,230,176,157,191,326,425,184,239,303,293,386,286,313,589,326,186
clouds,44,40,34,51,29,38,50,47,66,63,47,29,56,99,49,48,105,35,77,50,53
club,2,0,3,0,6,9,4,2,11,6,0,2,1,0,0,18,5,25,2,0,0
clubs,0,0,0,0,0,3,0,0,0,0,0,0,0,0,0,0,0,0,0,0,0
cluster,305,229,200,358,149,208,212,223,199,470,252,275,374,276,363,256,325,207,272,377,315
clusters,109,101,97,127,44,101,89,87,57,113,87,92,105,82,178,68,85,59,106,86,122
cm,226,30,81,67,53,125,57,39,82,79,38,90,75,89,63,61,101,86,59,65,71
co,141,81,33,199,274,558,278,556,982,190,536,577,1301,734,401,420,1465,1760,1161,732,482
coach,0,0,1,6,0,0,0,0,0,3,3,0,0,1,0,1,2,1,0,0,1
coal,0,0,0,0,0,0,0,0,0,0,0,10,1,0,1,0,3,0,0,0,1
coalition,0,0,0,0,0,2,0,0,7,0,2,0,0,0,0,0,13,7,0,18,48
coarse,30,35,74,41,39,80,42,133,128,62,90,88,84,129,131,66,122,81,95,61,74
coast,1,0,0,0,0,1,0,0,0,1,0,2,0,0,4,2,0,0,3,0,0
coastal,0,0,0,0,0,0,0,0,0,0,0,0,0,0,0,0,2,0,0,0,0
coat,2,6,1,0,0,0,5,4,4,15,12,5,6,3,86,9,15,4,3,10,3
coatings,0,0,0,0,0,0,0,0,0,0,0,0,0,0,0,0,1,0,0,0,0
cocaine,0,0,0,0,0,0,0,0,0,0,0,0,0,0,0,0,0,1,0,0,0
cod,12,0,0,35,3,0,0,0,0,1,0,0,3,0,0,0,0,0,1,2,0
code,6529,3986,4325,5238,2799,6693,4681,6320,5036,5460,2762,7177,6461,5217,2643,3635,3635,4605,5038,4064,3185
codes,147,105,141,130,55,141,94,129,113,97,85,174,135,134,114,167,167,140,125,199,126
coding,3732,2328,2027,2663,2036,3565,1658,3504,2727,1835,2328,3215,5477,3298,2040,2062,6194,5709,4551,3643,2595
coefficient,163,84,166,149,60,137,215,108,100,142,153,88,127,102,117,127,107,113,176,146,235
coefficients,152,59,200,38,59,135,87,85,128,123,73,108,103,122,112,106,182,225,260,190,229
coffee,0,1,1,0,0,3,0,5,5,0,1,1,2,0,0,3,11,0,4,7,1
cognitive,0,0,1,1,0,0,0,0,0,1,0,1,19,0,1,0,1,2,1,1,2
cohen,0,16,8,3,17,0,13,1,0,0,0,11,2,0,17,2,0,0,2,4,0
coherent,16,3,1,4,3,1,10,1,2,9,6,0,5,3,9,3,7,1,10,15,5
coil,0,0,0,1,0,0,1,4,46,15,77,33,0,17,3,4,7,0,0,15,3
coils,0,0,0,0,0,0,0,11,3,18,4,5,0,17,0,0,0,0,0,2,2
coin,7,1,14,2,1,1,6,9,2,6,10,18,26,14,2,4,22,5,7,18,15
coins,3,0,0,0,1,1,0,1,0,2,0,1,0,0,0,0,0,1,0,2,0
coke,0,0,0,0,0,0,0,0,3,0,0,0,0,0,1,0,0,0,4,1,2
col,214,110,136,87,140,102,80,99,112,107,388,170,127,104,248,120,118,289,299,122,94
cold,10,4,5,2,1,4,2,4,8,0,5,7,1,1,3,8,11,1,6,12,8
coleman,0,0,1,0,0,0,0,0,0,0,0,0,0,0,0,0,0,0,0,0,0
coll,4,0,0,2,3,2,0,0,2,0,4,3,0,2,6,0,4,2,1,2,0
collaboration,0,0,4,0,5,1,1,0,1,4,1,0,0,0,0,1,7,2,0,0,12
collapse,28,28,50,25,20,15,18,22,17,30,13,54,29,23,21,31,30,18,38,50,32
collar,0,0,0,0,0,0,0,0,0,0,0,2,0,0,0,0,2,0,0,0,1
collateral,0,0,0,0,0,0,0,0,0,2,0,0,0,0,2,0,0,0,0,0,0
colleague,0,0,1,0,0,0,0,0,0,0,0,0,0,0,0,0,0,0,0,0,0
collect,529,285,329,338,289,343,259,287,348,367,303,392,304,462,356,311,340,482,439,420,477
collected,108,39,56,63,73,84,51,68,42,42,36,53,54,60,51,70,45,69,58,83,65
collecting,56,11,15,19,55,13,8,10,22,24,21,19,15,21,19,18,17,14,19,21,25
collection,112,56,116,78,94,78,27,55,32,75,37,58,80,51,55,41,60,100,82,123,99
collections,73,28,28,36,23,16,19,22,37,25,19,28,22,19,18,41,44,59,59,47,25
collective,3,2,0,1,0,4,2,5,6,1,4,10,5,5,3,2,8,10,8,21,18
collectively,0,1,0,0,1,0,0,1,1,0,0,0,2,1,0,0,3,0,1,0,0
collector,7,10,17,4,0,12,11,29,8,28,32,8,7,5,5,2,5,8,70,24,25
collectors,2,0,0,0,0,2,0,0,0,0,0,3,1,1,0,0,1,1,2,4,6
college,1,12,19,1,0,0,0,0,1,1,5,3,0,1,0,0,2,4,7,7,1
collins,0,0,0,0,1,1,0,0,0,0,0,0,0,0,0,0,0,1,0,0,0
collision,68,19,36,45,77,154,143,30,46,55,39,82,60,45,52,119,91,68,64,193,34
colombia,0,0,1,0,0,0,0,0,0,0,0,0,0,0,0,0,0,0,0,0,0
colon,31,23,33,23,14,10,8,6,10,14,2,5,5,3,4,10,6,4,5,16,4
colonel,0,0,2,0,0,0,0,0,0,0,0,0,0,0,0,0,0,0,0,0,0
colony,3,0,0,0,0,0,0,0,0,0,0,0,0,0,0,0,0,0,0,0,0
color,1588,689,590,791,720,840,751,689,665,810,853,854,768,900,1253,936,1005,945,1159,1238,869
colorado,0,0,2,0,0,6,8,0,0,1,0,1,0,0,0,0,0,0,2,0,0
colored,19,4,6,11,14,11,10,4,5,8,14,29,8,23,44,8,17,12,13,15,12
colors,295,129,251,205,134,202,128,230,149,233,222,213,203,267,353,248,318,261,319,291,443
colour,39,19,17,19,10,13,10,22,19,10,51,16,7,7,22,17,2,34,15,20,14
columbia,0,1,3,1,0,24,2,4,0,1,1,1,1,19,6,0,2,0,4,1,1
columbus,0,0,0,0,0,0,0,0,0,1,0,0,0,0,0,0,0,0,0,0,0
column,581,273,488,399,286,626,361,770,359,415,526,646,1035,785,838,548,1001,830,1065,1005,868
columns,396,207,320,296,241,330,278,329,213,284,3738,1345,600,455,649,389,465,478,636,584,570
com,3199,1808,2363,2275,1887,3093,2149,2910,2510,3360,4106,4238,5357,4624,3533,4096,5709,6105,5639,5703,4534
combat,136,5,1,0,0,1,0,2,0,0,0,0,0,0,0,0,1,0,0,0,2
combination,76,60,93,72,39,132,38,77,51,84,74,67,112,96,140,126,144,92,100,117,106
combinations,95,35,90,101,71,107,64,101,114,117,60,126,104,89,106,83,78,104,99,142,117
combine,293,174,179,251,149,343,163,216,142,243,256,249,355,314,344,363,413,480,422,434,396
combined,221,90,125,104,80,188,164,121,109,131,103,199,196,169,149,126,269,199,231,233,171
combines,13,13,9,23,7,25,10,20,15,8,5,10,12,6,8,15,9,1,12,22,13
combining,33,29,27,58,13,53,12,36,16,13,29,31,38,62,53,49,53,35,45,35,28
combustion,0,0,0,0,1,2,0,0,0,1,0,0,2,0,0,0,0,0,0,0,0
come,138,123,190,134,62,122,73,150,80,103,106,141,230,173,98,176,292,282,235,240,200
comedy,0,5,2,0,0,0,0,0,0,1,0,0,0,0,0,0,0,0,0,0,0
comes,131,85,135,75,63,86,42,94,69,64,76,111,97,66,84,119,87,121,140,163,193
comfort,0,4,8,2,0,4,1,1,1,0,0,1,0,0,0,0,0,0,0,0,0
comfortable,2,0,0,0,0,5,2,1,0,0,0,1,1,1,0,2,4,3,3,1,4
comic,1,0,0,0,2,0,1,2,0,0,0,0,0,0,0,0,0,1,12,4,0
coming,124,71,68,87,70,94,61,86,55,64,57,91,80,69,68,83,52,92,87,71,78
comm,51,14,28,58,20,150,17,33,32,18,17,18,28,20,31,37,44,99,42,88,102
command,854,349,541,261,251,451,216,430,339,359,331,377,409,478,447,477,450,502,662,489,628
commanded,5,0,0,0,0,0,0,0,3,0,0,1,0,0,0,0,1,0,1,3,0
commander,1,0,0,0,0,0,0,0,0,0,1,0,0,0,0,0,0,1,4,0,0
commanding,1,0,0,0,0,0,0,0,0,0,0,0,0,0,0,0,0,0,0,0,0
commands,228,44,135,39,39,61,56,37,79,99,70,81,76,77,93,83,58,76,90,128,56
commence,2,0,0,0,0,0,2,0,0,0,0,0,0,0,0,0,0,0,0,0,0
commencing,0,0,0,0,0,0,0,0,3,0,0,0,0,0,0,0,0,0,0,0,0
comment,310,175,259,186,154,171,142,151,118,154,135,199,166,218,159,202,157,255,223,170,123
commentary,2,0,0,1,3,2,0,2,3,3,1,4,5,4,0,2,1,2,2,1,0
commented,90,39,42,49,31,38,42,58,29,40,41,51,38,35,34,30,48,47,49,44,31
comments,168,115,195,67,86,164,58,122,49,59,86,142,199,113,114,83,197,134,174,146,95
commercial,50,64,32,12,8,96,13,46,75,67,70,90,60,30,35,57,78,129,89,187,55
commercially,0,0,0,0,0,0,6,0,0,9,3,3,6,18,13,10,10,18,0,16,6
commit,41,60,60,78,49,144,46,81,72,67,51,76,138,108,83,107,138,127,144,125,105
commitment,2,0,0,0,4,7,0,0,0,0,0,1,0,1,11,2,0,3,1,5,11
commitments,0,0,0,0,0,0,0,0,0,0,0,0,0,0,1,2,0,0,0,0,0
committed,14,3,1,2,0,1,1,0,0,0,0,0,4,1,0,4,0,6,0,4,1
committee,65,0,0,2,0,1,0,0,0,0,0,2,0,0,0,0,0,0,0,0,4
commodities,0,0,0,0,0,0,0,0,0,0,1,0,0,0,0,0,3,0,0,0,0
commodity,0,0,0,0,0,0,0,0,0,0,0,1,0,0,4,0,1,0,0,52,1
common,488,316,461,356,284,528,289,404,363,327,319,504,534,455,360,310,593,414,497,591,564
commonly,8,13,7,8,9,10,3,16,11,12,6,39,7,24,8,17,28,19,31,22,19
commons,335,128,12,86,70,53,31,0,5,108,4,79,36,39,46,60,66,51,47,52,4
communicate,27,14,12,9,4,9,5,12,3,7,2,10,11,9,5,21,13,35,17,66,25
communicated,17,1,1,0,0,1,0,0,2,1,0,0,0,0,0,1,2,2,2,6,4
communicating,6,3,0,0,1,1,2,1,0,2,0,6,10,2,2,2,2,13,5,0,2
communication,125,43,9,31,96,81,42,29,73,32,36,79,48,92,107,147,51,98,230,205,120
communications,8,132,265,66,1,4,50,36,0,0,0,38,0,3,38,62,20,10,6,3,6
communion,0,0,0,0,0,0,0,0,0,0,0,0,0,0,0,0,2,0,0,0,0
communism,0,0,0,0,0,0,0,0,0,0,0,0,0,0,0,0,1,0,0,0,0
communities,8,1,25,0,0,1,7,1,4,24,1,3,2,2,2,0,2,6,3,0,17
community,15,1,50,1,0,16,1,1,13,26,2,17,4,6,39,11,32,48,34,28,85
comp,244,32,22,13,16,81,233,20,12,3,20,15,25,20,18,30,34,160,145,96,68
compact,8,5,24,22,4,19,13,30,23,8,22,22,26,17,12,41,26,34,21,19,48
companies,0,0,1,0,0,0,0,0,0,2,0,0,3,0,0,0,1,1,0,1,1
companion,17,0,15,2,2,11,0,4,2,2,5,2,3,2,1,0,4,1,2,4,4
company,37,0,2,7,2,9,30,93,11,13,0,9,1,36,102,36,2,31,15,27,19
comparable,35,17,12,46,21,59,27,34,46,25,27,54,51,37,17,21,30,19,41,14,23
comparative,0,0,1,0,4,0,0,4,2,2,0,0,0,0,0,3,1,0,4,0,8
comparatively,2,0,0,0,0,0,0,0,0,0,0,0,0,0,0,0,0,0,1,0,0
compare,375,190,265,225,140,266,159,269,149,184,242,293,381,285,278,182,472,290,488,500,565
compared,65,43,68,68,41,64,61,78,76,66,62,84,75,79,66,113,156,140,119,136,163
compares,25,5,19,5,6,14,4,8,1,8,7,4,7,3,3,9,11,7,11,16,10
comparing,39,42,50,36,13,38,21,37,19,36,28,47,44,50,40,46,34,71,43,59,76
comparison,129,100,236,105,50,137,43,63,75,52,66,145,111,77,73,163,134,167,145,241,247
comparisons,37,26,47,21,19,38,16,25,7,28,8,21,30,13,20,34,30,26,49,48,16
compartment,2,0,0,0,0,0,0,0,1,0,0,0,0,0,8,0,0,0,0,2,16
compass,1,0,5,5,0,4,2,0,2,2,24,2,0,2,3,0,1,3,0,1,0
compatible,198,143,256,154,89,172,124,194,116,164,155,241,252,221,188,332,444,407,795,571,570
compelled,0,0,0,0,0,0,0,0,0,0,0,0,2,0,0,0,0,0,0,0,0
compelling,0,0,0,2,0,0,0,0,0,0,0,0,0,0,1,0,0,0,1,0,0
compensate,12,11,11,14,14,20,13,19,10,10,15,14,13,5,5,24,14,14,16,32,9
compensated,1,7,4,1,14,0,1,0,3,18,0,1,2,3,2,5,4,6,7,9,7
compensation,41,4,7,7,24,13,8,4,25,10,12,22,15,11,13,8,9,28,7,15,5
compete,0,0,0,0,0,0,0,0,0,1,0,1,0,0,0,0,1,0,0,2,1
competence,4,2,2,0,4,23,0,0,0,23,0,0,0,6,0,0,0,6,10,0,0
competent,7,1,0,0,0,4,0,0,0,1,0,0,0,0,0,0,0,1,0,1,0
competing,2,0,6,2,0,2,0,0,0,0,2,2,0,1,0,0,0,1,0,2,0
competition,3,0,4,1,9,4,2,7,6,3,6,9,22,3,0,6,26,30,12,5,5
competitive,0,3,0,0,1,0,2,2,2,1,0,0,0,2,0,0,0,0,3,1,2
competitors,0,0,0,0,1,1,0,0,0,0,0,0,1,0,0,1,1,0,0,1,0
compilation,58,17,32,26,16,62,25,60,24,26,28,100,117,60,25,52,97,239,138,204,228
compiled,77,41,76,19,10,34,52,34,8,27,14,19,27,16,54,50,35,100,76,112,129
complain,36,11,25,10,31,34,5,20,5,13,7,11,13,11,13,16,41,39,35,32,38
complained,0,0,0,0,0,0,0,0,0,0,0,1,1,0,0,0,0,0,0,0,0
complaint,20,0,0,0,0,0,0,3,0,0,0,0,2,1,0,0,0,6,4,1,3
complaints,0,0,1,0,0,0,0,0,0,0,0,0,0,0,0,0,0,2,0,2,2
complement,14,6,18,2,3,9,7,9,1,5,5,6,33,14,16,9,12,13,12,8,17
complementary,2,1,2,2,13,10,3,8,6,7,5,9,9,12,4,12,10,13,6,6,10
complete,175,215,382,181,111,279,94,197,84,126,318,213,277,221,123,209,303,282,258,287,242
completed,80,55,34,69,40,93,57,105,65,80,64,87,103,66,63,37,78,93,118,125,96
completely,87,47,70,38,16,70,19,42,37,33,40,39,30,40,39,70,47,44,79,93,62
completing,1,0,3,1,2,9,0,12,5,3,3,6,15,6,2,4,15,11,8,9,8
completion,32,15,30,20,28,25,10,50,13,24,18,26,59,47,39,50,80,110,167,148,188
complex,190,93,390,185,64,219,60,177,132,89,125,145,108,134,138,103,163,205,221,238,176
complexes,1,1,0,0,1,0,0,0,0,0,0,2,0,0,0,0,0,8,2,0,0
complexity,21,9,31,28,24,16,8,27,37,12,22,17,51,32,34,33,40,68,37,29,51
compliance,3664,1459,1195,4450,1752,3749,1530,3736,2460,1168,2804,3322,6860,3849,3017,3036,7785,8784,8770,6614,6964
complicated,77,30,42,32,37,50,34,43,33,34,46,56,50,44,41,32,41,67,47,49,22
complications,4,1,5,0,0,1,2,1,0,1,1,0,0,3,0,0,0,0,2,0,0
complied,0,0,0,1,0,0,0,0,0,0,1,0,0,0,0,0,0,0,0,0,0
comply,65,7,3,1,3,7,1,10,3,0,3,17,17,9,6,9,14,11,13,13,6
component,269,123,227,177,143,147,120,308,158,202,145,181,87,108,294,208,137,267,190,371,311
components,223,147,179,194,175,136,151,139,144,140,190,160,264,213,270,219,369,439,508,522,501
composed,31,17,6,15,14,25,13,16,17,33,36,27,25,20,12,13,27,31,20,23,23
composer,0,1,0,0,0,0,6,1,15,4,0,1,1,0,2,2,0,0,22,3,3
composite,110,20,19,8,10,26,24,41,12,19,15,24,44,17,22,23,47,51,46,59,80
composition,21,4,4,7,14,9,8,5,11,13,36,5,28,4,24,12,13,18,37,13,23
compositions,1,15,3,3,10,2,1,0,2,4,3,2,0,1,0,3,0,2,1,0,0
compound,14,12,4,13,19,11,18,14,12,6,6,10,10,3,10,17,20,9,11,12,20
compounds,12,0,0,2,15,1,0,2,0,1,1,2,3,1,1,0,2,0,1,2,0
comprehension,6,5,6,22,3,14,1,6,6,5,4,12,16,9,20,11,33,49,10,15,15
comprehensive,4,4,9,0,0,1,0,0,0,0,0,10,3,3,3,5,3,7,15,5,4
compressed,60,77,115,69,30,54,44,66,40,70,37,66,45,41,46,54,35,34,60,32,86
compression,182,69,75,59,58,41,57,79,84,87,59,149,87,147,116,76,132,152,116,131,238
comprise,4,1,0,1,1,1,0,0,0,1,0,0,2,1,1,2,2,0,0,0,0
comprised,0,1,0,0,0,0,0,0,4,0,0,1,0,1,0,0,0,3,0,0,0
comprises,5,8,18,4,0,5,0,2,2,0,2,5,1,0,2,7,0,2,3,7,0
comprising,5,3,1,6,2,5,1,1,4,0,1,2,0,2,0,2,0,0,1,3,0
compromise,2,1,1,2,1,0,6,2,2,3,0,0,2,1,0,1,1,4,2,3,1
compulsory,26,1,0,0,2,0,0,0,1,1,0,0,1,0,16,0,3,1,1,1,0
computation,635,306,330,284,215,394,293,637,308,333,399,654,1152,620,428,517,848,1238,989,898,719
computational,105,26,27,50,26,96,26,64,42,69,35,34,48,30,27,22,31,47,43,38,61
compute,5563,3082,3558,3977,3274,4273,3639,5139,4130,3966,3693,4687,5208,4533,3999,4306,5417,6571,6312,6206,5152
computed,430,243,350,326,220,411,270,333,304,267,214,364,355,303,357,274,415,501,363,506,443
computer,121,118,174,63,54,22,46,228,21,109,26,97,407,347,49,258,96,81,43,44,43
computers,2,0,0,4,0,0,4,0,1,0,0,3,2,13,1,2,2,1,1,3,1
computing,443,203,459,428,417,477,403,232,314,409,527,250,292,279,393,531,300,657,619,312,365
con,26,0,9,13,12,27,3,8,4,4,3,18,25,9,13,3,12,9,15,10,9
conceded,0,0,0,0,0,0,0,0,0,0,0,0,0,0,0,0,1,0,0,0,0
conceive,0,1,0,0,0,0,0,0,0,0,0,0,0,0,0,0,0,0,0,0,0
concentrate,3,0,1,0,0,1,0,1,1,0,0,1,0,6,0,1,0,5,1,0,0
concentrated,0,0,2,1,0,0,0,0,0,0,0,0,0,9,0,0,1,0,1,1,1
concentration,22,8,4,2,0,0,4,13,6,28,9,8,6,9,14,10,11,7,5,21,9
concentrations,7,3,0,0,0,1,0,2,3,7,0,1,0,2,1,0,12,3,3,8,63
concept,61,26,32,124,52,79,52,74,36,76,45,72,59,71,23,47,94,120,330,32,66
conception,0,0,2,0,0,0,0,0,0,0,0,0,0,0,0,2,0,0,0,0,0
concepts,14,8,17,23,5,20,36,37,14,18,21,14,42,27,33,22,38,95,157,7,24
conceptual,1,4,13,2,0,0,0,1,1,1,0,6,0,3,1,2,1,3,1,0,2
concern,5,2,3,3,2,1,3,2,1,0,5,4,4,1,9,1,11,3,12,3,3
concerned,13,16,21,2,2,8,1,10,0,12,10,1,3,1,0,2,2,4,6,9,7
concerning,30,3,3,6,0,9,1,1,0,2,2,0,1,1,0,1,0,1,6,4,6
concerns,0,4,12,19,29,125,17,105,27,13,73,84,164,101,79,11,154,63,83,104,44
concert,0,0,0,0,0,0,0,0,0,0,0,0,6,2,0,0,0,0,0,0,0
concessions,0,0,0,0,0,0,0,0,0,0,0,0,0,1,0,1,0,2,1,1,4
conclude,4,2,0,0,1,1,0,0,0,1,0,3,0,0,0,4,0,0,1,1,0
concluded,0,0,0,0,0,1,1,0,0,0,0,1,0,4,3,1,1,0,2,6,0
concludes,4,0,0,0,0,0,0,0,0,0,0,0,0,0,0,0,0,4,0,0,0
concluding,0,0,0,0,0,0,0,0,1,0,0,0,0,0,0,0,0,0,0,0,0
conclusion,35,13,32,9,2,3,3,10,2,0,3,19,9,6,10,84,10,8,22,7,7
conclusions,1,0,3,0,1,0,1,0,0,0,0,0,0,4,0,0,0,2,0,0,1
conclusive,0,0,0,0,0,0,0,0,0,0,0,0,0,0,0,0,0,0,0,2,0
concrete,11,9,12,11,0,9,4,11,10,5,8,13,16,6,33,12,11,74,82,147,157
concurred,0,0,0,0,0,0,0,0,0,0,1,0,0,0,0,0,0,0,0,0,0
concurrent,14,28,39,32,27,30,23,22,22,27,24,31,12,28,11,12,20,31,13,35,23
condensed,0,0,7,1,1,0,1,0,1,0,1,1,0,1,3,3,32,2,3,3,4
condition,352,216,298,215,195,361,185,195,149,213,165,214,261,186,234,270,259,483,498,527,503
conditional,157,71,84,78,76,72,68,59,41,102,113,83,80,163,159,131,170,211,331,409,354
conditioned,25,15,34,19,12,40,16,33,22,33,26,40,36,45,26,69,61,58,93,72,80
conditioning,33,40,30,50,40,7,39,31,22,110,67,58,110,140,131,142,277,195,401,422,363
conditions,6770,1847,1703,4874,2007,4067,1814,4361,2840,1421,3012,3916,7368,4121,3464,3683,8166,9216,9426,7469,7558
conduct,5,12,28,6,8,14,7,12,5,24,15,21,25,14,68,21,30,15,17,17,20
conducted,9,2,2,11,3,5,2,9,7,13,8,3,6,21,10,15,5,12,14,4,2
conducting,0,0,3,0,0,1,1,0,1,2,1,0,4,0,2,1,2,0,3,1,0
conductivity,0,0,0,0,2,1,0,12,0,0,0,1,0,0,0,0,0,0,0,1,7
conductor,0,0,0,15,0,0,0,0,0,0,0,0,0,0,0,1,0,0,1,0,0
cone,4,1,0,5,14,7,5,15,2,14,4,18,17,8,13,15,5,24,25,15,3
conf,203,75,87,84,78,109,61,114,109,156,188,235,179,230,164,112,477,218,130,221,117
confer,0,1,0,1,3,0,3,0,0,0,0,0,0,0,0,9,0,0,1,0,0
conference,19,4,2,15,42,1,45,44,33,9,6,7,5,7,7,11,1,4,40,7,2
conferences,5,0,0,0,0,0,0,0,0,0,0,0,0,0,0,0,3,0,0,0,0
confess,0,1,0,1,0,0,0,0,0,0,0,0,0,0,0,0,0,0,0,0,0
confidence,358,153,252,255,192,173,191,297,310,197,287,240,271,265,258,194,322,316,267,167,207
confident,30,21,15,10,16,7,10,12,21,12,34,21,32,17,6,8,9,21,12,4,5
confidential,13,2,4,0,6,2,8,3,2,7,2,7,3,8,30,9,4,11,0,13,5
configuration,984,565,477,623,489,745,497,1041,570,576,514,805,806,721,812,561,998,1111,1352,1009,896
configurations,120,104,66,119,108,110,84,290,101,74,82,104,116,167,122,105,147,150,197,111,177
confined,3,0,0,2,1,0,0,0,0,0,0,0,0,0,2,0,1,1,0,0,0
confinement,0,0,0,1,0,0,0,0,0,0,0,0,0,0,1,0,0,4,0,0,0
confirm,71,16,33,21,11,40,18,18,15,90,18,17,12,21,26,14,31,62,50,102,100
confirmation,6,4,1,4,1,5,0,6,2,6,4,3,6,6,3,6,10,15,12,8,6
confirmed,21,8,1,11,5,3,5,10,2,14,2,9,5,10,11,5,5,13,10,18,9
conflict,41,47,76,54,11,29,24,30,40,26,33,85,44,32,25,38,55,59,44,71,54
conflicting,2,17,27,19,4,3,4,8,1,11,3,5,9,4,7,9,10,3,12,15,13
conflicts,20,37,68,35,11,8,9,15,3,17,1,29,6,5,13,27,23,26,16,39,54
conform,13,9,42,5,1,0,6,2,2,3,3,5,0,8,6,2,5,32,3,5,21
conformity,0,0,0,0,0,0,0,0,0,1,2,0,0,17,0,1,0,1,0,3,2
confused,22,1,8,8,6,9,4,6,10,5,10,20,22,15,5,8,15,24,21,12,15
confusion,152,107,85,108,107,157,82,116,102,115,92,127,89,199,66,88,125,105,83,76,73
cong,0,2,0,0,2,0,0,0,6,1,3,8,1,2,1,1,24,1,1,1,0
congenital,0,0,0,0,0,0,0,0,0,0,0,2,0,1,0,0,0,0,0,0,0
congestion,1,0,0,1,0,0,0,0,3,1,0,17,1,1,3,13,3,0,9,5,7
congregation,0,0,0,0,0,0,0,0,0,0,0,0,0,0,0,2,0,0,0,0,0
congress,1,0,0,0,0,1,0,0,0,1,0,0,0,0,0,0,0,0,0,0,0
congressional,0,0,2,1,0,0,0,0,0,0,0,0,0,0,0,0,0,0,0,0,0
conjunction,6,1,9,11,1,6,1,0,5,1,4,6,11,4,3,5,4,3,6,9,6
connect,171,77,110,130,71,75,67,71,71,56,79,82,55,74,59,128,83,145,84,95,93
connected,392,157,252,162,125,175,150,166,168,163,218,213,314,212,153,204,309,363,319,289,268
connecting,19,14,24,8,9,3,7,10,9,5,13,9,34,5,11,9,13,7,10,9,10
connection,687,616,693,490,225,333,276,371,341,333,423,685,816,341,427,510,562,655,468,1087,537
connections,197,118,101,116,77,76,263,92,76,155,98,84,87,77,152,69,51,141,72,164,74
conrad,0,0,0,0,0,0,0,1,0,0,0,0,0,0,0,0,0,0,0,0,0
conscience,0,1,0,0,0,0,0,0,0,0,0,0,0,0,0,0,0,0,0,0,0
conscious,0,0,0,0,0,0,0,0,0,0,0,0,0,0,1,0,0,0,0,0,0
consecutive,53,42,54,53,27,44,34,81,28,64,33,32,59,46,55,80,77,61,62,50,104
consensus,30,2,68,18,5,293,22,13,8,16,22,14,5,15,6,9,4,8,7,5,4
consent,36,4,1,0,0,2,4,1,1,0,0,2,1,4,14,6,1,3,2,2,2
consequence,3,0,4,2,0,5,2,1,1,0,11,0,0,3,0,5,5,4,2,3,5
consequences,4,0,3,2,2,7,3,0,0,2,2,0,3,0,0,2,2,7,3,3,1
consequent,1,0,1,0,0,0,1,3,7,0,1,1,0,0,0,2,3,0,0,0,1
consequently,6,11,6,6,4,12,10,12,2,16,18,11,18,20,15,28,11,16,26,15,11
conservation,7,5,2,1,0,29,2,0,1,5,2,0,12,7,2,6,27,7,7,4,23
conservative,58,17,34,59,28,30,23,37,27,36,47,35,18,34,22,33,22,32,21,84,41
consider,418,333,337,342,204,406,291,355,276,285,327,415,343,363,371,312,383,508,481,411,342
considerable,0,1,0,1,1,2,3,4,3,2,1,1,0,2,2,2,1,1,1,3,3
considerably,0,2,1,1,1,1,2,2,0,2,4,4,2,2,4,3,2,0,1,1,1
consideration,41,28,29,26,17,17,10,19,8,13,10,13,26,14,26,24,21,37,25,30,16
considerations,51,13,20,4,0,1,3,3,0,0,1,2,1,0,0,5,2,14,3,0,4
considered,230,130,173,220,85,214,147,183,180,111,121,177,208,132,147,184,210,187,223,219,149
considering,42,30,18,48,36,34,31,37,42,34,28,66,53,39,45,70,49,84,59,78,131
considers,7,5,10,7,3,3,6,7,2,7,41,8,8,13,7,5,6,9,2,13,12
consist,31,29,36,33,26,25,28,17,35,36,62,30,29,28,30,46,25,37,54,24,32
consisted,0,0,6,0,0,0,0,0,2,0,1,0,2,0,0,0,0,0,1,0,1
consistency,206,84,123,157,108,188,150,250,168,207,247,258,356,268,243,251,319,298,313,388,239
consistent,284,221,288,281,161,387,241,345,262,375,423,405,394,408,407,523,382,486,603,477,369
consistently,25,16,25,17,10,11,10,32,5,37,25,15,32,23,35,51,11,37,61,34,5
consisting,13,6,21,12,6,30,11,14,16,12,16,17,25,21,29,24,40,28,24,20,15
consists,98,56,36,36,47,69,51,87,55,32,76,84,186,99,72,102,220,238,199,205,208
consolidated,0,0,1,5,1,2,1,0,0,1,3,3,0,2,1,11,23,4,11,58,49
consolidation,1,0,3,11,17,4,4,0,0,7,13,3,1,1,5,6,3,5,13,7,2
conspiracy,1,0,0,0,0,0,0,0,0,0,0,0,0,0,0,0,0,0,0,0,0
const,144,32,46,93,215,57,22,27,22,34,13,40,80,79,138,107,37,120,31,66,82
constant,745,275,366,376,207,723,291,281,258,322,255,380,348,333,347,328,396,579,481,427,472
constantly,13,0,1,5,3,1,0,8,1,1,4,4,0,12,5,3,0,2,4,3,2
constants,355,130,139,266,154,167,66,109,77,153,88,151,137,148,114,179,239,240,176,174,180
constituent,1,9,0,6,1,1,0,2,0,2,0,1,1,1,1,2,2,4,0,9,1
constituents,2,6,2,2,7,2,1,6,4,4,5,4,10,6,0,2,5,6,6,2,16
constitute,15,2,16,7,7,4,4,7,5,8,1,11,2,3,2,5,2,5,4,6,2
constituted,2,0,0,0,0,2,0,0,1,0,0,0,0,0,0,0,0,0,1,0,0
constitutes,31,5,0,0,1,0,0,1,0,5,0,1,0,1,3,3,1,2,3,5,3
constituting,0,0,1,0,0,0,0,0,0,0,0,0,0,0,0,0,1,2,0,0,0
constitution,0,0,0,0,0,4,0,0,0,0,0,0,0,0,0,0,1,0,3,0,0
constraint,181,171,172,153,72,177,102,152,187,141,174,181,225,212,92,309,174,196,191,212,109
constraints,206,161,208,159,110,194,219,346,233,273,226,326,398,326,121,304,279,310,282,326,295
construct,762,514,554,588,373,609,441,567,438,754,515,594,706,622,558,648,583,731,868,708,576
constructed,60,59,65,69,29,59,31,55,45,51,15,66,37,51,26,38,37,63,57,70,60
constructing,32,46,64,50,18,46,26,50,14,24,15,40,23,30,37,10,46,32,20,38,38
construction,87,54,57,71,58,76,59,61,63,96,64,81,65,70,91,108,100,102,136,100,118
constructive,0,0,0,0,0,0,0,0,0,0,0,0,0,0,0,0,0,2,0,1,0
construed,26,3,0,0,0,0,0,0,0,0,0,0,0,0,3,1,0,0,1,0,1
consult,3,0,3,0,0,0,0,1,0,1,0,2,1,2,0,2,2,1,0,1,2
consultation,0,0,0,0,0,0,0,0,0,0,0,1,0,0,0,0,0,0,0,0,0
consulted,1,0,1,0,0,0,0,0,0,0,0,0,0,0,0,1,0,1,1,0,0
consulting,0,0,0,1,0,0,0,0,0,0,0,0,0,0,0,0,0,1,0,0,0
consumed,7,32,57,26,7,21,17,24,10,11,17,25,41,15,19,15,24,29,25,31,21
consumer,10,16,6,7,0,19,12,18,13,23,4,17,16,14,9,14,8,9,9,4,5
consumers,16,9,9,13,2,2,4,1,1,2,1,0,2,0,1,6,1,2,1,0,1
consuming,9,10,11,5,6,12,5,8,5,3,7,13,22,17,13,3,8,10,9,10,26
consumption,53,14,12,18,16,13,9,13,11,22,17,16,17,18,17,14,18,28,46,37,27
contact,232,87,110,39,85,153,116,145,100,66,75,288,265,130,65,150,118,179,113,154,103
contacts,69,4,43,3,0,58,10,37,9,1,1,52,7,4,4,10,3,5,5,21,125
contain,565,407,483,614,639,660,523,585,594,562,523,672,529,597,536,522,562,615,668,664,594
contained,89,46,108,48,30,70,31,37,35,24,11,59,29,76,90,61,53,62,62,77,118
container,41,47,59,40,57,38,22,69,29,40,79,63,88,55,78,63,84,76,99,248,106
containers,35,32,28,13,13,24,34,35,7,39,46,29,30,45,51,46,33,46,31,43,38
containing,428,231,440,288,156,300,187,259,263,235,256,247,396,294,245,280,395,405,274,353,280
contains,769,447,478,609,485,599,499,543,465,487,466,584,665,600,630,603,773,773,858,812,771
contaminated,3,7,0,0,0,0,0,0,1,0,0,0,0,0,1,0,0,3,0,0,0
contamination,2,7,9,6,3,6,4,2,1,2,8,1,2,3,1,1,3,12,3,10,8
contempt,1,0,0,0,0,0,1,0,0,0,1,0,0,0,2,0,0,1,0,0,0
content,697,467,657,445,191,313,206,378,264,235,185,338,352,308,210,498,462,610,542,590,494
contention,3,0,0,0,0,0,2,2,1,0,0,0,0,0,0,1,0,1,0,1,1
contents,172,62,100,39,37,82,41,91,64,80,46,61,71,82,69,99,105,93,87,96,74
contest,0,0,1,0,0,0,0,0,0,0,0,0,0,0,1,0,0,0,0,0,0
context,748,489,418,572,335,804,473,943,691,547,783,1056,1170,1180,969,742,1545,1283,1047,1454,1119
contexts,24,12,15,34,12,24,33,25,23,19,11,57,43,22,31,35,473,319,435,244,1752
continent,0,0,0,0,0,0,0,2,0,0,18,0,0,0,0,0,0,0,3,0,0
continental,0,0,0,0,0,0,0,0,0,0,0,0,0,0,0,0,2,0,0,1,32
contingency,0,0,7,2,0,3,0,0,0,0,1,0,11,0,1,0,1,0,3,0,0
continually,0,0,0,0,0,1,0,1,0,1,0,2,0,0,3,1,1,1,1,0,1
continuation,48,18,30,16,4,16,12,12,9,3,16,24,22,3,7,30,39,61,23,62,112
continue,455,303,302,379,279,519,318,417,356,344,362,409,414,364,467,340,572,555,486,493,504
continued,27,6,11,8,2,19,13,15,15,20,13,19,12,23,11,5,3,6,12,17,16
continues,7,6,10,15,2,9,3,8,5,6,2,2,4,3,0,0,7,4,14,11,13
continuing,25,31,20,50,26,53,30,43,32,19,29,31,24,26,17,19,36,25,17,25,20
continuity,2,1,19,2,3,8,6,4,5,4,1,0,0,2,5,4,0,11,15,5,5
continuous,179,70,104,103,64,119,116,119,95,149,78,192,126,132,149,207,149,123,181,162,140
continuously,10,1,4,8,2,6,3,2,2,4,2,12,4,8,6,6,8,3,4,7,5
contour,75,28,34,20,22,27,75,31,45,29,53,64,31,46,55,69,27,69,119,57,108
contract,819,291,250,172,81,114,94,230,134,89,93,397,361,79,182,200,155,151,176,482,254
contracted,0,0,13,2,10,3,0,3,1,0,0,0,1,1,2,0,2,1,0,5,1
contracting,0,38,2,39,2,68,0,16,3,2,0,1,0,1,2,3,12,4,0,3,7
contraction,23,21,31,8,6,14,0,4,9,23,2,1,7,0,15,2,16,19,12,31,30
contractor,1,0,3,0,0,2,0,0,0,0,0,3,9,0,7,22,0,2,0,0,0
contractors,3,0,32,0,0,1,4,1,1,0,0,1,0,4,14,4,0,3,0,1,2
contracts,0,0,0,1,0,0,0,0,0,0,0,0,5,1,0,0,0,0,0,0,0
contractual,0,0,0,0,0,0,0,0,0,0,0,0,1,0,0,2,0,0,0,0,0
contradiction,3,1,1,32,1,63,2,5,3,10,16,24,16,16,3,8,6,20,20,1,13
contrary,5,4,6,6,5,10,10,11,13,14,14,12,22,20,15,18,33,33,29,13,15
contrast,88,90,112,86,110,111,66,90,119,161,203,142,107,163,165,129,188,157,230,95,104
contribute,26,26,30,56,42,32,5,38,15,24,11,19,37,15,18,10,31,18,20,28,16
contributed,4,3,14,2,4,7,0,0,1,1,5,0,4,4,2,14,10,8,11,7,4
contributes,2,14,8,16,5,6,10,12,7,7,3,14,14,11,10,12,20,1,8,6,3
contributing,3,2,0,0,1,2,0,0,0,0,0,0,1,2,4,0,3,4,0,6,5
contribution,46,16,16,36,11,34,13,37,10,36,24,225,101,69,42,48,120,79,83,57,82
contributions,40,11,4,11,8,21,44,14,14,5,9,10,20,25,18,14,20,60,26,28,29
control,548,240,305,317,174,287,205,197,315,194,233,350,305,273,250,235,375,515,800,655,392
controlled,47,23,27,19,13,38,6,35,9,9,10,63,28,24,18,36,45,23,20,64,126
controller,138,15,18,83,34,40,42,28,126,43,36,96,29,46,117,43,85,66,152,124,38
controlling,22,5,7,7,3,10,8,4,7,8,13,6,9,15,16,8,21,7,10,14,8
controls,65,40,31,56,43,35,25,19,39,30,35,60,46,42,92,65,26,55,152,135,106
controversial,0,0,1,0,0,1,0,0,0,0,0,0,0,0,0,1,7,0,0,0,0
controversy,0,0,0,0,0,1,0,1,0,0,0,0,0,0,0,0,3,0,0,0,0
convenience,133,165,143,147,177,193,127,151,171,156,205,182,151,157,161,133,136,202,168,156,124
convenient,63,38,36,52,36,47,14,28,28,65,28,26,30,48,29,40,20,23,37,34,29
convention,124,77,91,164,98,150,73,118,89,88,63,122,86,107,132,150,126,140,162,106,103
conventional,5,9,16,9,4,5,8,9,9,8,9,12,15,7,17,7,8,11,11,4,7
conventions,15,6,11,8,5,15,7,3,22,7,10,24,13,5,19,13,15,15,24,20,12
convergence,75,56,65,81,19,62,115,80,38,78,85,66,70,67,58,71,42,82,82,100,89
conversation,13,36,4,0,1,12,0,17,1,3,7,6,16,9,15,34,78,99,71,109,102
conversations,8,8,3,3,2,4,0,6,4,0,2,4,8,3,17,39,94,103,60,107,57
conversion,219,151,171,195,124,267,131,251,147,186,233,267,348,247,216,288,359,370,421,302,310
convert,2315,1516,1792,1975,1367,2125,1548,2269,1969,1979,2029,2374,2979,2474,2312,2313,3413,3554,3886,3474,3460
converted,238,180,236,259,165,319,139,299,205,196,242,325,495,347,209,321,567,653,638,484,439
converting,117,73,85,129,55,126,61,91,69,74,55,90,119,111,94,96,130,124,184,197,173
convex,8,29,27,47,18,20,27,25,22,42,50,56,61,54,37,148,49,58,61,61,24
convey,6,0,0,4,0,1,7,5,4,2,0,7,0,10,17,30,0,3,0,3,2
conveyance,0,0,0,0,0,0,0,0,0,0,0,0,0,0,2,1,0,0,0,0,0
conveyed,0,0,0,0,0,0,0,0,0,0,0,0,0,0,0,4,0,0,0,0,0
convince,0,0,8,4,5,5,5,4,7,7,7,8,1,4,2,4,1,6,3,2,2
convinced,0,0,2,0,0,0,0,0,1,0,0,1,0,0,0,1,0,0,4,1,0
convincing,3,0,0,0,0,0,0,0,1,0,0,0,0,0,0,2,0,0,0,0,0
cook,0,0,1,0,0,0,1,1,0,0,2,0,1,4,0,1,10,0,6,10,8
cooked,0,1,4,0,0,2,0,0,0,0,1,0,2,0,2,0,2,1,1,3,0
cooking,0,0,1,0,0,0,0,2,0,0,0,0,5,0,0,0,13,0,0,9,11
cool,10,24,26,11,3,12,3,4,3,7,3,7,7,3,17,13,13,13,8,6,23
cooled,0,0,0,0,0,21,0,0,0,0,0,0,0,0,0,0,1,0,0,0,0
cooling,36,0,2,0,1,65,1,13,0,2,3,3,0,0,0,0,0,10,3,2,4
cooper,3,0,4,0,0,0,0,0,0,0,0,0,0,0,0,0,0,6,0,0,1
cooperate,0,3,0,0,0,2,0,0,0,0,2,0,0,0,1,0,1,2,2,2,0
cooperation,0,1,0,1,0,0,0,1,0,0,0,0,1,0,0,0,0,0,0,1,12
cooperative,15,5,0,2,5,2,1,0,2,0,2,0,0,2,0,18,6,40,5,3,6
coordinate,256,134,163,206,213,251,211,284,252,397,337,362,327,322,410,355,283,454,539,439,234
coordinated,4,1,1,1,1,3,0,0,1,0,0,0,2,0,0,1,0,0,0,0,1
coordinates,536,405,444,807,523,590,396,750,491,632,543,655,872,681,771,721,819,736,929,1012,742
coordinating,0,4,10,2,0,1,1,1,1,0,1,2,2,0,0,1,1,0,0,0,0
coordination,3,3,0,0,0,3,0,0,0,1,2,0,1,0,4,0,0,5,0,1,7
coordinator,1,2,10,4,0,0,14,0,7,9,0,1,0,0,2,0,0,4,2,15,2
cope,16,6,9,9,6,13,2,8,8,6,6,13,14,9,4,10,8,10,6,5,4
copied,216,180,170,175,248,769,206,1741,365,255,1232,1753,4827,3365,395,3006,7408,7905,9126,6334,4830
copies,289,589,391,242,170,294,117,255,210,180,182,831,733,177,291,277,324,331,344,913,426
copper,0,1,0,1,0,0,0,0,0,1,0,1,0,0,0,0,0,0,1,0,0
copy,5530,3802,3515,6108,2753,5453,2679,5374,3534,2654,4059,5674,9555,5255,4515,4375,9795,10967,10972,9537,9056
copying,140,110,168,103,92,132,78,157,109,127,98,189,210,162,132,125,174,157,149,133,85
copyright,11888,6809,5727,11356,5241,11477,8580,12807,9741,10141,9840,17697,21403,14877,11080,12200,16516,19471,18399,15604,14101
cor,0,6,25,4,5,13,0,0,5,2,2,0,16,5,30,2,15,31,9,2,2
cord,3,4,4,1,0,11,2,0,1,5,28,29,11,0,11,20,0,6,13,5,3
core,409,102,242,140,126,228,142,175,176,214,124,401,199,148,151,208,231,576,354,498,425
corn,0,0,0,0,0,0,0,0,1,0,0,2,1,2,0,4,0,0,3,2,2
cornell,35,5,16,15,15,5,14,26,6,8,26,17,6,16,9,21,9,33,6,16,9
corner,141,118,160,173,175,240,288,188,284,190,246,259,151,180,205,206,199,197,210,236,181
corners,91,51,38,77,87,79,83,98,98,139,161,103,158,138,118,126,65,123,191,220,70
coronary,0,2,0,0,0,0,0,0,0,0,0,0,0,0,0,0,0,0,0,0,0
corp,31,1,3,5,5,12,20,10,41,11,7,3,7,5,9,4,9,23,43,42,4
corporate,0,0,0,0,0,0,0,0,0,0,0,6,0,6,0,0,0,0,0,0,0
corporation,735,587,470,817,755,764,692,727,552,1243,632,1131,1413,1582,886,1515,1788,2051,1969,2110,2454
corps,0,1,0,0,0,0,0,0,0,0,0,0,0,0,0,0,0,0,0,0,0
corpus,121,108,51,112,29,121,114,43,76,67,287,67,119,51,31,51,39,83,70,79,134
correct,992,586,885,832,530,1102,664,1088,870,752,884,1097,1656,1147,814,1036,2028,1903,2345,2095,1720
corrected,64,21,40,18,50,30,22,36,15,24,32,20,24,24,81,35,43,41,51,35,22
correction,211,53,69,112,84,77,54,86,101,91,104,89,74,71,111,85,127,153,197,136,129
corrections,23,16,7,5,4,4,7,8,4,11,7,9,4,10,8,14,22,20,37,25,22
corrective,0,0,2,0,0,7,1,2,1,0,0,2,0,2,0,7,0,0,2,2,0
correctly,233,157,283,229,145,380,122,390,176,182,276,414,682,437,296,297,844,687,971,984,718
correlated,13,5,5,16,10,1,2,9,11,5,7,14,7,7,18,28,15,13,6,14,10
correlation,131,61,113,58,58,138,75,60,119,81,82,74,232,91,157,111,92,90,132,89,116
correlations,24,7,9,3,4,16,0,16,8,9,4,16,20,8,14,16,5,7,13,42,8
correspond,171,124,120,123,67,146,71,171,102,92,119,155,156,128,121,91,180,160,172,126,106
correspondence,8,22,42,29,22,32,16,27,32,32,31,50,47,44,38,27,37,44,38,21,38
correspondent,0,4,8,3,1,0,1,2,1,0,2,1,0,0,2,1,0,1,0,0,2
corresponding,915,513,611,749,548,881,740,939,593,665,747,969,1197,883,812,933,1313,1318,1399,1305,964
corresponds,251,121,144,175,77,162,120,234,117,147,136,205,243,176,191,348,556,440,1324,578,442
corridor,24,0,13,0,0,26,0,14,0,0,0,0,0,0,2,13,1,0,0,6,0
corrupt,35,31,43,42,14,42,26,38,188,29,28,37,46,39,16,37,39,46,33,73,12
corruption,32,28,47,14,36,26,19,20,43,14,27,20,7,19,16,36,29,27,17,14,10
cortex,0,4,0,1,0,0,3,0,5,0,0,0,2,0,2,3,0,2,0,16,0
cosmic,11,2,2,10,1,2,0,1,8,1,5,1,4,0,9,6,13,14,7,3,18
cost,486,225,527,193,245,333,169,267,243,271,301,426,413,340,461,319,495,436,525,539,386
costa,0,0,0,0,0,0,0,1,0,0,0,0,0,0,9,0,5,1,0,0,0
costly,4,7,10,8,3,25,10,8,9,23,15,19,16,16,12,15,23,21,23,16,17
costs,73,22,42,44,25,44,36,39,40,44,55,61,55,48,76,48,46,53,82,54,37
cotton,0,0,0,1,0,0,0,0,0,0,0,0,0,0,2,0,0,0,0,0,0
cough,0,0,0,0,0,10,0,0,0,0,0,0,0,1,5,1,0,0,6,0,0
could,765,437,635,549,339,656,398,645,402,574,609,738,779,659,608,678,871,974,1085,883,805
council,29,9,17,4,0,0,0,2,0,0,0,2,0,0,0,2,0,0,0,0,0
counselor,0,0,0,0,0,0,0,0,0,0,0,0,0,0,0,0,1,0,0,0,0
count,1192,462,576,620,466,949,394,524,513,506,527,475,643,565,686,889,662,680,745,719,548
counted,28,35,53,31,31,52,32,41,49,31,40,53,56,39,46,30,52,72,62,39,51
counter,707,266,246,168,193,182,149,207,149,182,223,158,137,174,124,217,251,323,329,294,156
counties,3,1,6,6,1,0,0,1,0,0,0,9,0,0,0,0,2,0,0,0,0
counting,93,73,72,63,83,68,31,56,60,56,35,62,53,43,44,74,88,53,80,60,81
countries,15,3,2,3,2,0,0,5,1,3,13,0,2,0,3,1,7,0,0,0,1
country,57,28,14,30,10,15,13,22,4,5,11,7,2,3,8,20,13,8,13,12,6
counts,330,176,190,246,186,429,163,233,201,195,160,234,309,195,283,402,215,210,208,215,202
county,6,4,10,36,1,0,0,3,0,0,5,7,0,0,0,0,1,1,0,0,0
couple,45,7,25,11,8,12,7,14,11,5,8,13,11,8,13,18,24,9,25,13,9
coupled,3,2,1,4,2,8,5,0,2,0,0,3,1,3,7,0,1,2,5,6,8
couples,0,0,0,0,3,2,3,0,0,1,0,0,0,0,1,1,0,1,0,0,3
coupling,48,17,12,34,3,10,27,12,16,9,5,19,17,8,18,3,4,40,7,42,24
coupon,0,0,0,1,0,0,0,0,0,0,0,0,0,0,0,0,0,0,0,1,0
courage,0,0,0,0,0,0,0,13,0,0,0,0,0,0,0,0,0,0,0,0,0
course,34,26,25,32,18,31,20,28,14,18,8,17,19,11,20,27,26,20,54,22,27
courses,1,0,2,1,1,0,0,0,2,0,4,2,1,1,0,1,0,0,1,4,1
court,8,1,1,8,14,1,0,40,6,1,6,0,0,2,10,1,4,11,2,1,0
courtesy,6,4,0,1,5,1,1,0,0,0,0,3,5,1,1,0,0,0,0,5,1
courts,7,1,0,0,0,0,0,0,2,0,0,0,0,0,0,1,0,1,0,0,0
covenant,0,0,0,0,0,0,0,0,0,0,0,0,1,0,0,1,0,0,0,0,0
cover,198,375,736,274,69,150,63,199,93,100,275,350,612,215,301,387,198,1053,251,783,434
coverage,174,77,77,108,90,80,43,58,47,38,29,84,55,69,77,51,60,108,67,78,45
covered,115,95,80,148,42,104,40,65,112,51,62,60,72,73,92,95,113,61,83,104,56
covering,33,5,6,9,4,13,5,6,4,4,7,6,14,15,17,9,10,9,13,11,9
covers,59,45,67,75,19,36,28,47,30,46,35,50,36,39,59,45,47,26,31,25,42
cow,4,9,6,15,17,1,1,3,12,16,4,12,3,5,7,16,8,15,20,30,11
cows,1,0,0,0,0,0,0,1,0,1,1,0,0,0,0,1,0,0,1,0,0
cox,3,1,4,0,0,0,4,3,0,9,1,1,4,1,0,0,15,10,0,2,6
cp,80,37,30,27,30,44,18,56,52,57,48,27,31,50,26,18,52,124,40,66,51
cr,31,17,28,14,30,45,9,12,8,55,16,22,14,16,8,25,21,7,23,20,58
crack,32,0,4,8,0,9,3,4,0,5,7,2,5,1,4,2,0,5,1,5,2
cracks,3,0,1,0,0,0,0,0,0,0,0,0,0,0,0,0,0,0,0,0,0
craft,5,4,0,2,0,1,0,4,0,5,2,4,9,9,2,3,0,0,0,4,7
craig,1,0,1,3,0,2,0,1,5,2,1,0,1,0,0,0,0,1,1,0,1
crane,2,0,0,0,2,2,0,8,2,0,2,0,5,1,2,1,5,1,1,2,0
crash,49,35,73,29,24,63,25,34,19,44,69,51,41,32,45,63,57,48,63,80,58
crazy,8,4,15,6,3,4,2,1,0,1,10,2,8,1,2,7,8,6,3,4,2
cream,0,0,0,0,0,0,0,6,2,2,0,0,1,1,0,1,0,0,0,0,0
create,5280,3346,3549,4181,2537,4522,2712,3937,3339,3046,3008,3796,4469,4004,3373,3694,5738,5664,5762,6465,5540
created,652,634,909,455,291,386,261,371,221,310,403,453,476,390,352,354,474,587,517,554,420
creates,217,87,162,141,73,119,56,138,77,109,86,121,202,105,131,152,235,198,408,414,185
creating,280,184,261,296,157,206,180,187,185,203,161,226,290,251,184,218,351,279,296,241,222
creation,124,88,150,76,47,127,83,170,105,78,167,155,269,203,214,131,389,264,631,484,326
creative,335,129,8,86,70,57,31,2,5,107,5,80,41,39,45,61,73,64,49,54,4
creativity,0,0,0,0,0,0,0,0,0,0,0,0,0,0,0,2,0,0,0,1,0
creator,39,6,1,0,0,9,0,0,1,0,6,33,3,1,3,6,1,4,5,1,10
creature,0,0,0,0,0,0,0,0,0,0,0,0,0,0,0,0,2,3,0,3,0
credibility,0,0,0,0,0,0,0,1,0,0,0,0,0,0,0,1,0,0,6,0,0
credit,29,5,11,15,14,12,14,12,12,11,55,15,15,15,15,9,23,18,23,9,13
credited,0,0,0,0,2,0,0,0,0,0,5,0,0,0,1,3,0,1,3,0,0
credits,3,30,49,55,2,3,9,9,4,0,14,13,5,8,14,3,10,8,44,9,38
creek,0,0,0,0,0,0,0,0,0,0,0,0,0,0,0,0,0,0,1,0,0
crest,2,0,0,0,0,0,0,1,0,0,0,1,0,2,0,0,2,0,0,0,0
crew,1,0,2,0,0,0,0,0,0,0,0,0,0,0,0,0,0,0,0,0,0
cries,0,0,0,0,0,0,0,0,0,0,0,0,0,0,0,4,0,0,0,0,0
crime,0,5,8,2,1,6,5,2,1,4,2,3,1,2,2,1,0,0,3,2,0
crimes,0,0,0,0,0,0,0,0,0,0,0,2,0,0,1,0,0,0,0,0,1
criminal,0,0,0,1,0,0,0,2,0,0,0,0,0,0,0,0,0,2,0,0,0
crisis,0,0,0,0,0,1,0,0,0,0,0,0,0,0,0,0,0,0,0,0,0
criteria,89,54,76,49,29,44,27,42,39,39,63,45,77,51,94,45,92,109,88,105,108
criterion,254,223,181,211,230,363,223,245,277,283,230,276,320,223,167,258,373,331,363,209,576
critic,73,44,88,53,15,138,48,76,50,71,72,100,97,72,103,64,72,133,127,172,173
critical,71,19,30,36,23,61,40,29,60,49,29,33,51,18,14,48,34,59,69,74,42
criticism,0,4,4,8,0,1,4,0,0,4,0,0,0,0,0,0,0,0,0,2,0
criticized,0,0,0,0,0,1,0,0,0,0,0,0,0,0,0,0,0,0,0,0,0
critics,0,5,1,10,1,0,8,8,7,5,3,5,0,0,14,3,12,7,17,2,7
critique,0,0,0,0,2,0,0,0,0,0,0,0,0,0,0,3,3,1,3,1,1
crop,880,455,542,654,543,772,522,644,763,797,842,878,739,887,845,706,987,765,731,724,588
crops,144,21,23,67,23,44,30,96,43,22,42,83,92,132,97,117,134,109,74,104,106
cross,541,300,277,474,385,832,542,1214,543,480,1015,1164,2323,1517,581,1226,2576,2588,2432,2034,1618
crossed,14,4,1,1,0,14,2,7,0,4,1,0,4,2,0,1,4,0,1,3,3
crosses,8,8,3,1,0,0,1,3,1,2,2,0,4,2,0,1,2,3,9,4,5
crossing,33,1,12,17,6,3,9,35,0,7,12,6,8,7,9,3,9,4,6,8,41
crowd,179,93,92,130,68,66,72,84,91,44,55,82,74,76,72,81,63,57,79,17,52
crowded,0,0,0,0,1,2,0,0,0,1,2,0,1,0,5,3,0,3,0,12,5
crown,0,10,0,5,1,35,0,21,0,43,0,14,0,79,2,2,1,12,0,0,292
crucial,14,18,24,9,17,18,13,21,20,9,23,17,24,18,32,18,48,18,29,22,12
crude,7,12,12,7,1,4,1,3,1,6,3,0,8,0,0,2,5,1,2,2,6
cruise,0,1,1,1,0,0,0,0,0,0,0,0,0,2,0,0,0,11,1,0,2
crushed,0,0,0,0,0,0,0,0,0,0,0,0,0,0,0,0,0,2,0,0,0
cruz,5,3,3,0,1,3,0,1,0,39,0,1,0,6,0,0,0,3,0,0,0
cry,0,0,1,0,0,0,0,0,1,0,0,0,0,0,0,0,0,2,3,0,0
crying,0,0,0,0,0,0,0,0,0,1,0,0,0,0,0,0,0,0,0,0,0
crystal,0,7,0,0,1,7,12,0,15,0,3,0,0,0,0,0,0,0,6,7,23
crystals,0,0,0,0,0,0,1,0,1,0,1,0,0,0,0,0,0,0,3,0,0
cs,86,19,43,26,73,82,45,64,61,67,96,51,67,94,49,75,68,102,88,126,113
ct,122,32,82,27,18,72,28,67,17,34,175,126,27,26,43,20,9,30,22,32,15
cu,36,24,25,37,23,28,21,12,30,17,19,12,21,18,11,7,26,23,27,22,27
cubic,23,22,21,20,19,13,15,21,14,26,18,28,35,29,33,22,36,29,47,39,36
cultivated,0,0,0,0,0,2,0,0,0,0,0,0,0,0,0,0,0,0,0,0,0
cultural,0,0,0,0,0,0,0,0,0,0,0,0,0,0,1,5,0,2,0,0,0
culture,1,0,0,0,0,0,0,0,0,2,2,0,0,0,0,0,0,1,1,1,2
cultures,0,0,0,0,0,0,0,0,0,0,3,0,0,0,0,0,0,1,0,0,0
cumulative,108,96,80,126,70,182,142,163,120,164,119,202,213,192,118,131,147,158,144,208,175
cup,15,2,7,2,4,1,1,15,14,3,4,5,9,2,6,17,26,11,75,5,6
cups,1,0,0,0,0,0,0,0,1,0,0,0,0,0,0,1,5,0,0,0,0
curb,0,0,0,0,1,0,0,0,0,1,0,0,0,0,0,0,6,0,3,1,0
cure,2,0,0,0,0,0,2,0,0,0,0,0,0,1,0,4,0,1,0,0,0
cured,24,2,0,0,0,0,0,0,0,0,0,0,0,0,0,2,0,0,1,0,0
curiosity,5,0,1,5,0,0,0,1,0,3,0,0,0,0,0,0,0,0,6,1,1
curious,27,11,1,1,9,1,0,1,2,4,1,3,5,0,3,3,6,6,4,3,2
currency,2,0,3,0,0,1,0,5,9,3,0,1,1,1,23,1,20,12,13,5,0
current,2106,1151,1618,1934,1066,1777,1330,1799,1373,1462,1570,2002,2138,1954,1518,1727,2205,2525,2429,2753,2106
currently,348,255,379,309,198,439,248,426,274,370,357,482,477,456,441,515,657,833,950,808,752
currents,21,0,0,0,0,1,2,0,3,0,4,0,0,0,0,0,7,3,0,10,0
curriculum,16,5,11,8,21,11,9,8,0,5,22,9,18,6,15,15,7,8,33,15,11
curtain,0,0,4,0,0,6,0,3,2,2,6,0,0,2,0,7,34,2,12,0,0
curtis,1,0,0,0,0,0,0,0,1,0,0,1,0,1,0,0,0,0,0,1,0
curve,208,126,188,152,139,172,141,144,97,138,150,175,169,156,133,164,209,180,183,143,93
curved,5,0,0,0,0,2,0,4,0,0,1,2,4,6,1,0,2,0,1,2,2
curves,67,28,55,26,66,89,29,23,31,61,20,45,26,56,47,26,54,9,27,18,82
custom,723,366,395,488,407,600,451,565,471,485,547,696,816,871,615,794,1074,1006,1197,1165,1129
customary,0,0,0,0,0,0,0,0,0,0,0,0,0,0,3,0,0,0,2,0,1
customer,3,2,6,0,1,2,0,3,3,8,2,0,28,9,2,15,2,5,1,7,2
customers,0,0,2,0,0,0,0,2,0,2,0,0,19,0,0,8,0,0,3,0,0
cut,204,120,114,105,143,208,110,302,126,150,236,233,443,323,222,326,610,475,391,374,305
cuts,21,6,30,8,9,31,3,23,8,24,15,9,30,20,25,15,18,6,9,24,5
cutter,0,0,0,0,0,2,0,0,0,0,0,0,0,0,0,0,0,1,0,0,1
cutting,8,6,11,3,5,1,3,8,4,7,7,2,7,9,7,8,8,12,45,8,20
cycle,193,51,148,143,129,121,98,56,83,61,84,121,137,147,107,115,99,110,114,87,87
cycles,61,10,24,20,26,24,62,13,7,22,22,29,60,17,20,17,13,26,14,35,18
cyclic,48,14,46,14,24,46,40,73,118,158,175,106,119,172,184,123,191,212,146,154,92
cylinder,11,1,4,18,10,10,8,21,7,17,11,5,3,1,76,18,21,21,6,10,8
cylinders,11,0,3,0,1,0,0,0,12,1,6,0,1,2,50,0,2,0,0,1,0
cylindrical,0,0,0,1,2,4,0,2,1,0,3,1,11,4,41,0,2,1,1,1,0
d,3518,1906,2687,2144,1859,2740,1924,2387,2311,2704,2348,2682,3195,2747,3528,3812,3567,4012,4140,4809,3651
da,57,42,21,25,97,76,33,22,27,30,55,21,35,33,32,13,40,53,43,53,37
dad,0,4,0,0,0,0,1,0,0,0,0,0,0,2,0,0,0,1,0,0,1
daily,6,4,6,4,2,0,3,4,0,0,1,8,3,5,1,5,29,8,8,13,12
dairy,2,0,0,0,0,0,0,0,0,0,0,0,0,0,0,0,0,0,0,0,0
dakota,0,0,0,0,0,0,0,0,0,0,0,0,0,2,0,0,4,0,0,0,2
dam,0,0,1,0,0,1,0,0,0,0,0,0,0,0,0,4,3,2,4,1,0
damage,752,14,65,91,27,18,35,135,62,40,7,24,25,13,46,95,38,38,96,63,58
damaged,84,0,0,0,25,0,0,10,0,0,1,0,5,1,0,0,1,2,1,3,0
damages,933,298,299,193,74,108,111,234,125,97,69,391,343,77,179,203,135,140,157,491,231
damn,0,3,0,0,0,0,0,0,1,0,0,1,0,0,1,0,0,0,4,0,0
damp,8,3,2,3,3,3,0,1,1,3,1,0,4,0,1,1,0,1,1,27,4
dan,32,8,12,8,8,10,4,1,2,14,2,18,0,11,25,2,1,10,8,8,5
dance,1,21,22,8,0,2,0,3,12,14,1,5,1,0,1,22,2,2,7,4,1
dancing,0,0,0,0,0,0,1,0,0,0,0,0,0,0,0,0,0,0,0,0,0
danger,5,0,1,1,0,0,2,1,2,0,0,1,1,1,2,1,1,2,0,5,0
dangerous,16,13,17,10,9,5,2,5,5,3,5,14,2,57,3,41,4,120,9,5,17
daniel,18,6,3,2,6,50,11,3,4,9,3,5,1,3,51,43,2,9,6,11,2
dare,1,0,1,0,0,3,0,1,0,0,0,0,3,4,0,1,0,2,0,0,1
dark,68,10,21,28,7,26,13,55,27,25,26,85,10,26,43,47,50,35,115,47,55
darkness,3,0,0,0,0,0,0,2,0,4,0,5,0,0,0,0,0,4,0,4,0
data,13246,7679,7674,8131,5942,9466,6856,8783,7986,10152,8500,8292,9482,9480,8598,8735,9514,11987,10356,9675,8554
database,414,86,54,107,35,46,52,65,41,69,99,63,60,83,109,111,80,163,85,131,37
date,402,192,362,253,222,253,158,223,167,172,173,264,213,199,148,197,438,351,275,223,141
dated,1,1,2,1,0,0,0,0,0,0,1,0,0,0,0,0,1,0,0,0,0
dates,20,48,13,15,8,21,15,13,12,12,7,8,29,10,10,12,11,27,19,15,25
dating,0,0,0,0,4,0,0,0,0,0,0,0,1,0,0,0,0,0,0,0,0
daughter,1,0,0,0,0,0,0,0,0,0,0,1,0,5,0,2,0,13,0,0,0
daughters,0,2,3,0,0,0,0,0,0,0,0,0,0,3,0,0,0,3,0,0,0
dave,9,0,0,0,0,2,1,1,0,1,0,1,3,0,0,0,0,0,10,0,0
david,24,6,35,15,5,26,4,19,9,9,7,22,14,12,11,9,7,15,5,6,11
davidson,0,3,0,0,0,0,1,0,0,2,0,0,0,1,0,0,0,1,0,0,0
davis,33,17,44,9,12,18,15,3,13,5,2,15,20,4,15,13,14,10,11,10,9
dawn,0,0,1,0,1,0,0,0,0,0,0,0,0,0,0,0,0,11,0,2,8
day,112,101,51,58,39,57,69,64,50,37,38,70,43,55,55,73,72,72,86,48,94
daylight,5,0,0,0,0,0,0,1,0,0,0,0,0,0,1,0,0,1,0,0,0
days,56,87,67,34,22,30,28,28,17,22,14,25,25,43,35,28,20,41,47,50,60
db,168,150,107,90,42,51,71,115,77,75,52,77,112,114,98,74,76,79,80,210,93
dc,53,66,72,24,23,19,20,46,70,26,46,76,68,56,32,45,53,58,72,55,115
de,213,161,113,200,127,220,100,219,139,126,148,228,334,230,96,259,304,264,232,185,163
dead,103,41,29,72,40,75,21,52,52,9,40,62,65,50,29,84,30,67,61,35,51
deadline,1,4,0,2,2,0,1,4,1,1,0,0,1,0,0,0,0,0,8,2,2
deaf,0,0,0,0,0,0,0,0,0,0,0,0,0,0,0,1,0,0,0,0,1
deal,328,445,406,259,147,296,327,254,211,152,198,529,526,219,258,346,416,374,375,768,382
dealer,0,0,0,0,0,11,4,2,0,0,4,0,2,2,8,2,0,1,0,0,0
dealers,2,1,0,0,0,1,0,0,1,0,1,0,0,0,1,0,0,0,0,0,1
dealing,69,36,56,36,23,49,7,33,53,40,22,25,23,21,25,34,34,50,42,31,40
deals,5,6,9,3,3,1,1,6,13,7,2,5,10,10,2,7,11,6,12,10,4
dealt,14,2,9,1,1,16,1,2,0,6,3,3,3,4,6,7,3,9,6,7,7
dean,0,0,0,0,0,5,0,0,0,1,0,0,0,0,0,0,0,0,0,0,0
dear,0,0,0,0,0,0,0,0,0,0,0,0,1,4,0,3,7,0,0,0,7
death,34,7,19,3,1,5,0,2,10,2,3,4,2,3,8,13,7,9,12,3,15
deaths,6,5,29,8,1,0,1,5,1,0,2,3,2,2,2,6,0,5,1,0,1
debate,2,0,0,0,0,0,0,0,0,0,0,0,0,0,0,2,5,0,3,0,0
debates,0,2,0,0,0,0,0,0,0,0,0,0,0,0,0,0,0,0,1,0,0
debris,1,0,0,0,0,0,0,0,0,1,0,4,1,0,0,0,0,0,0,0,0
debt,0,0,0,0,0,0,1,0,0,0,0,0,7,1,0,0,0,0,0,5,0
dec,125,36,62,39,32,45,30,34,34,30,10,23,33,44,83,31,74,42,101,95,65
decade,2,0,2,1,2,0,0,0,0,1,2,0,3,0,1,0,0,0,1,0,2
decades,0,0,1,0,0,0,0,0,0,1,0,0,2,0,1,0,0,0,0,0,0
decay,927,385,476,495,331,658,470,562,557,703,768,610,746,755,695,514,826,785,556,739,559
deceased,0,0,0,0,0,0,0,0,0,0,0,0,0,0,0,3,0,0,0,0,0
december,41,6,10,2,0,2,1,3,0,3,1,1,1,0,0,2,2,0,3,1,1
decent,8,7,11,5,1,5,3,3,1,6,1,6,3,2,1,6,3,0,5,1,5
decide,271,169,133,159,98,182,117,128,117,110,103,137,123,105,139,123,135,132,114,126,107
decided,10,14,13,12,9,13,8,8,9,10,9,13,12,6,14,17,23,14,19,12,27
decides,10,12,16,5,7,28,2,10,7,9,4,6,12,11,26,19,14,12,45,23,12
deciding,6,5,12,2,3,7,7,1,4,1,5,4,2,3,1,3,0,3,5,3,7
decision,60,59,96,107,38,69,32,43,32,48,6852,1900,69,44,91,38,44,50,52,38,81
decisions,14,7,14,39,3,30,3,3,0,7,2,10,7,15,4,3,9,5,8,15,51
decisive,0,0,0,0,1,0,0,0,0,0,0,0,0,0,0,0,0,0,0,0,0
deck,0,1,0,0,0,4,1,1,2,3,0,1,2,1,1,4,4,0,0,0,1
declaration,146,25,29,7,55,77,3,72,12,22,6,51,42,10,3,19,27,84,42,40,19
declare,67,27,43,16,20,50,12,24,19,15,24,53,15,53,23,110,20,61,37,20,29
declared,28,10,15,15,14,60,6,23,16,9,16,60,12,8,21,13,7,66,17,8,15
declares,5,2,1,0,0,4,0,0,0,0,2,3,2,0,0,1,0,7,0,0,2
declaring,14,9,17,24,14,19,7,13,21,14,21,16,20,14,16,13,9,29,10,11,10
decline,4,0,0,0,0,0,0,2,0,2,0,0,0,0,0,0,0,0,0,1,1
declined,2,1,0,0,0,2,0,2,0,0,0,1,0,0,1,1,0,0,0,0,0
declining,0,0,0,0,0,0,0,0,0,0,0,0,0,0,0,1,0,0,0,0,0
decomposition,50,24,59,18,25,31,21,45,34,40,38,27,44,36,32,47,69,85,59,104,248
decorated,43,59,54,12,30,32,19,22,12,23,5,7,19,14,20,14,19,39,4,27,32
decrease,87,53,63,79,63,81,45,77,55,89,64,88,71,86,65,58,72,69,62,83,62
decreased,29,11,3,5,8,13,5,8,7,10,3,4,4,1,2,13,3,9,9,4,8
decreases,22,10,36,54,52,58,39,42,23,69,90,37,46,64,52,56,73,110,82,63,90
decreasing,55,43,53,59,19,135,46,42,38,63,49,46,55,61,51,51,54,65,63,82,95
decree,1,0,0,0,0,0,0,0,0,0,0,0,0,0,0,0,0,0,0,0,0
dedicated,21,11,19,3,2,14,4,17,10,7,124,40,23,15,13,17,19,21,25,25,15
dedication,13,1,0,0,1,0,0,0,0,0,0,0,0,0,0,0,0,0,0,0,0
deduct,3,0,0,4,0,3,0,0,0,0,2,0,0,0,0,0,13,2,1,1,0
deducted,1,4,2,3,2,1,1,2,2,0,0,1,2,2,1,1,6,0,3,0,0
deduction,1,2,0,0,1,0,0,1,1,0,0,0,0,0,0,0,0,2,1,3,0
deductions,0,0,0,0,0,0,0,0,0,0,0,0,0,0,1,0,0,0,0,0,0
deed,0,0,0,0,0,0,0,0,0,0,0,0,0,0,0,0,0,2,0,0,0
deeds,0,0,0,0,0,0,0,0,0,0,0,0,0,0,3,0,0,0,0,0,0
deem,0,0,2,0,0,0,0,0,0,0,1,1,0,1,2,0,0,0,1,3,0
deemed,14,12,6,2,1,5,2,3,0,2,1,3,0,1,0,1,4,0,3,1,4
deep,280,107,134,262,131,129,137,174,231,257,222,183,169,216,190,178,150,278,197,190,121
deeper,48,12,12,19,12,14,7,14,21,15,6,11,17,17,33,22,17,27,25,15,15
deeply,0,6,2,0,0,2,1,0,0,2,0,1,1,2,7,4,1,5,0,6,8
deer,6,0,0,2,1,2,3,0,5,8,5,5,4,0,6,4,1,1,2,1,0
default,3523,2259,2933,2984,1869,3408,2160,3654,2632,3261,3175,3643,3620,3905,3255,3307,4712,5541,5296,5058,4690
defeat,0,0,0,0,1,2,0,0,0,0,0,0,2,0,0,0,0,2,1,0,2
defeated,13,0,1,0,0,1,1,1,2,0,0,0,0,0,0,0,0,0,0,0,0
defect,35,2,0,15,1,39,2,0,0,0,0,0,0,1,0,3,0,3,2,2,0
defective,5,3,6,0,0,1,0,2,5,1,1,2,0,0,0,1,0,0,0,0,0
defects,34,1,2,39,0,66,1,3,0,1,0,0,0,0,0,3,0,0,1,15,0
defence,3,0,0,0,1,0,1,0,0,1,1,0,0,0,0,1,1,1,0,2,1
defend,2,0,0,12,0,1,0,2,0,0,1,0,2,0,3,2,0,12,2,1,1
defendants,0,0,0,0,0,0,0,0,0,0,2,0,0,0,0,0,0,0,0,0,0
defended,2,0,0,2,0,0,2,0,0,0,3,0,0,0,0,0,0,0,0,0,0
defense,38,17,7,25,7,21,10,12,6,3,2,9,13,15,2,64,21,26,30,11,2
defenses,2,2,5,0,1,3,2,3,1,1,0,0,0,2,0,7,3,3,1,0,4
defensive,2,10,16,5,1,3,1,10,5,1,5,17,6,0,4,9,9,2,4,2,18
deferred,8,4,7,3,2,1,0,4,4,1,2,1,1,2,0,3,2,3,3,7,14
deficiency,0,0,2,0,0,2,0,0,0,0,0,0,0,0,0,0,0,5,0,0,0
deficient,0,0,8,3,0,3,0,0,0,0,0,0,1,0,0,4,0,1,0,3,1
deficit,0,3,1,0,0,0,0,0,0,0,0,0,0,0,0,9,0,0,0,0,0
define,1753,916,1053,1110,966,1287,1100,1107,1211,1062,1099,1052,1511,1312,1566,1403,1849,2138,2597,2051,2147
defined,715,371,580,526,342,668,376,619,430,430,480,745,921,740,656,834,1104,1060,1677,1225,976
defines,191,111,149,126,64,118,124,139,64,74,83,88,108,93,81,90,159,157,145,165,89
defining,125,38,113,36,25,64,16,37,54,47,55,83,114,79,63,154,129,113,98,65,79
definite,21,2,39,11,9,6,10,10,4,5,10,5,21,8,9,17,17,7,39,19,17
definitely,29,13,33,14,13,30,9,16,9,15,17,23,18,19,24,17,14,34,29,26,14
definition,312,116,149,180,102,147,102,146,116,106,107,176,194,106,196,161,232,366,216,202,236
definitions,175,48,55,80,60,79,53,69,67,77,99,65,76,56,51,63,43,137,59,85,86
definitive,0,0,2,0,0,0,0,0,0,0,0,0,2,0,0,1,0,2,0,0,0
deformation,4,21,4,13,8,21,21,35,4,6,23,1,5,27,26,54,6,34,25,4,42
degradation,1,6,4,3,6,23,2,12,25,23,14,39,17,3,15,14,50,10,26,26,45
degree,113,126,341,65,114,117,126,48,93,119,63,108,123,167,118,131,144,222,133,185,161
degrees,233,104,173,110,122,137,55,84,88,134,104,128,116,104,87,119,136,107,224,119,126
del,157,100,64,84,71,122,85,143,97,230,85,111,146,170,220,145,131,182,134,86,78
delay,74,46,40,29,30,50,20,26,63,16,97,33,28,16,83,32,89,56,49,79,111
delayed,41,26,45,16,28,16,30,18,73,25,11,39,27,23,48,22,17,15,42,31,34
delays,4,24,27,8,4,10,8,3,11,5,1,12,16,10,5,8,8,8,6,8,26
delegate,19,4,7,5,9,9,8,10,2,4,6,8,13,7,3,11,7,16,14,8,5
delegated,0,2,2,1,0,4,0,0,0,0,1,4,0,0,1,0,0,5,3,0,1
delegates,1,0,1,0,0,5,0,3,1,0,3,4,5,2,1,2,2,5,4,1,4
delegation,1,0,0,6,0,3,0,0,0,2,0,3,0,3,0,0,0,3,7,5,5
deleted,139,73,103,80,43,46,34,64,38,49,90,65,68,84,61,61,84,84,163,124,114
deliberate,0,1,3,0,0,0,0,1,0,0,0,1,1,4,3,5,0,0,8,3,7
deliberately,23,12,26,10,7,11,2,10,3,5,5,9,6,6,3,12,13,17,10,9,13
delicate,0,0,1,0,0,0,0,0,0,0,0,0,0,0,0,1,0,1,1,4,1
delight,0,0,8,0,0,0,0,0,0,0,0,0,0,0,0,0,0,0,0,0,0
deliver,5,4,4,0,0,3,0,1,0,2,3,1,4,2,0,6,0,3,3,3,5
delivered,5,2,7,0,1,9,0,5,1,0,0,0,2,0,0,6,0,0,0,0,0
deliveries,0,0,0,0,0,0,0,0,0,0,0,0,1,0,0,0,0,0,0,4,0
delivering,0,0,0,0,1,0,0,0,0,0,0,0,0,0,0,0,1,0,0,1,0
delivery,4,2,2,0,0,4,0,3,1,0,4,0,3,0,0,3,1,1,0,5,0
delta,433,202,214,369,268,219,114,262,176,345,185,244,229,219,193,244,204,326,322,378,440
demand,27,20,31,22,7,54,28,37,23,28,17,49,84,31,22,60,41,23,27,32,22
demanded,0,0,0,1,0,0,0,4,2,0,1,0,0,0,0,0,2,0,0,0,0
demanding,2,0,2,0,0,0,0,0,3,0,0,0,1,0,0,1,0,0,0,0,0
demands,1,1,19,0,0,4,0,0,0,1,1,3,8,0,1,20,0,1,1,0,1
democracy,0,0,0,0,0,0,0,1,0,0,0,0,1,0,0,0,0,0,0,0,0
democrat,0,0,0,2,0,0,0,0,0,0,0,0,0,0,0,2,0,0,0,0,0
democratic,0,0,0,1,0,0,0,0,0,0,1,0,0,0,0,0,0,0,0,3,0
demographic,4,2,2,2,0,0,0,1,0,1,2,3,0,0,1,0,2,0,0,4,1
demonstrate,7,5,1,6,2,15,4,5,5,0,2,4,2,7,7,0,16,10,10,1,19
demonstrated,1,2,0,0,1,2,0,5,0,1,0,2,0,0,2,0,1,10,4,0,0
demonstrates,10,0,5,1,2,1,0,0,0,0,0,0,0,1,5,2,1,12,4,1,3
demonstrating,2,1,0,2,0,1,0,0,0,0,0,0,0,0,3,0,1,1,1,0,1
demonstration,14,4,6,11,1,8,9,19,7,1,20,41,9,17,20,29,12,38,24,13,18
demonstrations,3,0,7,8,3,5,2,33,36,19,47,69,7,45,16,23,43,5,13,0,14
den,10,4,4,2,1,60,3,2,11,3,0,1,9,13,5,4,1,10,4,7,7
denied,10,4,10,3,1,1,0,2,0,1,0,1,2,0,0,4,0,0,3,3,2
dennis,0,0,50,0,0,0,0,2,0,2,0,0,0,0,0,0,0,0,2,2,0
denote,12,6,15,17,20,15,11,7,50,23,14,18,11,11,12,11,20,21,18,10,17
denotes,31,18,53,55,38,46,48,68,69,52,56,69,41,55,51,61,52,43,64,40,43
dense,404,225,254,242,213,283,127,256,247,311,186,302,301,280,190,148,257,316,374,276,306
densities,14,5,4,8,3,5,1,1,1,17,16,14,6,10,8,2,9,4,11,16,6
density,247,141,112,88,67,87,80,111,93,132,118,183,139,97,189,142,110,127,157,361,227
dental,0,0,0,0,0,0,0,0,0,0,0,0,0,0,0,0,2,0,0,0,0
deny,3,3,1,0,0,1,0,5,0,0,0,1,0,0,5,2,0,1,0,0,0
denying,0,0,0,0,0,0,0,0,0,0,0,0,0,0,0,1,0,1,0,0,3
depart,1,0,0,0,0,0,0,1,0,0,0,1,0,1,1,0,0,1,3,0,0
departed,3,0,1,0,0,0,0,0,0,0,0,6,0,0,0,0,0,0,0,0,0
department,10,8,3,1,41,2,5,6,2,1,2,3,0,10,6,2,7,5,0,2,2
departments,1,0,0,0,0,0,0,2,0,0,0,0,0,0,0,0,0,0,0,0,0
departure,2,5,3,0,0,0,0,4,2,2,0,6,3,2,8,0,6,1,0,0,0
depend,70,56,97,74,17,88,46,75,34,64,38,80,103,81,112,69,76,105,99,96,100
depended,7,0,0,0,0,0,0,0,4,1,1,1,0,0,2,1,3,1,0,2,0
dependence,31,57,62,11,3,19,9,17,8,13,10,17,16,14,18,16,8,20,22,13,16
dependency,178,126,144,133,22,81,35,85,65,52,57,100,134,88,65,115,136,158,151,137,121
dependent,94,88,93,64,66,85,55,84,54,44,42,54,114,60,79,76,203,131,689,453,254
dependents,8,0,1,0,6,2,1,0,0,0,0,5,3,0,0,5,1,4,1,0,2
depending,147,99,124,165,77,192,96,139,127,135,118,176,215,200,178,193,253,270,374,347,267
depends,151,158,120,70,76,217,123,118,110,133,123,158,146,140,101,115,118,153,154,146,137
depicted,0,0,0,0,0,2,0,0,0,0,0,0,2,0,5,0,0,1,0,1,0
depletion,0,0,0,0,0,0,0,2,1,0,3,0,0,0,1,0,1,1,0,0,2
deployment,20,5,4,18,46,20,64,58,68,27,35,39,14,16,30,20,7,29,42,8,16
deposit,4,0,0,0,0,0,2,0,1,0,0,0,0,0,0,2,2,6,1,9,0
deposited,0,0,0,0,0,0,0,0,0,0,0,0,0,0,0,2,0,0,0,1,0
deposition,0,0,0,0,0,0,1,0,0,2,0,0,0,0,13,2,4,5,0,3,0
deposits,0,0,0,0,0,0,0,0,0,2,0,0,0,0,0,0,0,0,0,0,1
depot,2,42,0,0,0,2,0,1,5,0,0,0,164,12,0,311,1,19,0,4,0
depreciation,0,0,0,0,0,2,0,3,0,0,1,2,6,2,0,1,3,4,3,2,1
depressed,0,0,0,0,0,0,1,0,0,0,0,0,0,0,1,0,0,1,3,0,0
depression,0,0,0,1,0,0,0,0,1,0,1,0,0,2,0,1,0,0,0,0,0
dept,0,0,0,1,1,1,0,0,0,0,0,0,0,0,1,0,0,1,2,1,0
depth,840,434,428,714,535,957,770,835,814,1216,1412,894,1261,1118,1523,1223,1158,1507,1468,1505,866
depths,41,9,11,30,14,26,24,42,22,50,33,34,65,37,58,63,97,50,79,50,67
deputy,0,0,0,0,0,0,3,0,0,0,0,0,0,0,0,0,0,0,0,0,0
der,12,60,77,8,12,6,2,102,8,47,5,45,195,169,11,125,52,32,12,15,10
derivative,58,38,198,51,85,36,68,54,84,92,62,82,93,109,155,140,88,221,212,183,198
derivatives,105,30,89,22,38,20,57,20,42,33,49,25,44,36,43,46,23,69,89,93,78
derive,67,15,10,12,14,19,4,15,9,13,20,27,35,34,29,38,69,87,102,67,35
derived,815,75,124,115,79,84,110,217,84,85,52,139,1077,177,238,180,151,133,320,259,150
des,11,3,3,1,10,8,2,7,6,16,7,4,4,5,6,4,9,7,6,12,4
descendants,7,2,5,11,4,10,14,4,5,2,6,6,17,7,13,3,24,10,11,10,10
descended,0,0,0,0,0,0,0,0,0,0,0,0,0,0,1,0,0,0,0,1,2
descending,104,119,119,133,99,217,127,166,160,182,138,179,176,155,99,113,125,124,107,117,78
descent,207,24,39,55,26,39,25,23,28,33,16,34,24,26,30,24,18,42,31,83,19
describe,129,15,26,29,5,13,13,26,18,20,11,13,29,16,26,13,35,76,37,19,48
described,110,54,72,55,30,53,45,57,64,49,39,57,63,69,43,74,60,87,88,112,68
describes,39,7,8,15,10,4,5,13,9,14,7,12,4,20,19,13,12,21,16,20,29
describing,56,7,11,10,0,10,6,9,6,5,5,14,2,8,8,7,9,17,12,19,15
description,525,159,191,257,204,267,141,369,119,174,318,326,628,305,214,303,466,571,499,395,350
descriptions,15,9,23,1,12,6,2,6,3,6,13,8,8,6,16,18,12,9,11,17,27
descriptive,9,1,2,1,6,3,0,1,3,1,0,1,2,3,4,6,11,21,18,8,9
descriptors,51,32,21,22,17,31,11,10,12,12,9,15,46,22,70,20,12,48,48,83,28
desert,0,0,0,2,0,0,0,0,0,0,0,1,0,1,1,0,0,0,0,2,0
deserted,0,2,1,0,0,7,0,1,0,0,0,0,0,0,0,0,0,0,0,0,0
deserve,1,0,2,1,1,5,0,0,0,0,0,2,0,0,0,0,0,2,0,0,0
deserves,0,0,0,0,0,0,0,0,0,0,0,0,0,0,0,0,0,0,0,1,1
design,142,32,100,90,61,52,29,78,75,53,59,133,61,58,85,85,89,110,113,88,91
designate,4,3,1,0,0,0,2,3,0,0,2,0,1,4,1,1,4,6,2,2,1
designated,46,18,6,8,10,11,6,17,13,16,3,12,18,10,10,6,7,12,10,5,6
designation,0,6,12,4,0,0,1,1,1,2,0,2,0,0,0,2,0,0,2,1,2
designed,55,14,38,27,13,30,42,37,16,28,38,23,50,19,38,37,44,38,57,51,62
designer,1,0,0,0,0,0,0,0,0,0,0,0,2,0,2,0,0,0,0,0,0
designers,0,0,0,0,0,0,0,0,0,0,0,0,0,2,0,0,0,0,0,0,0
designing,6,0,0,0,0,0,1,0,0,1,0,1,0,1,1,0,0,1,0,0,1
designs,5,0,19,1,6,0,0,0,1,0,2,4,0,4,1,3,2,7,1,42,8
desirable,2,3,4,2,1,3,3,3,2,6,6,1,4,5,3,5,4,3,3,10,1
desire,2,0,0,2,5,0,0,2,0,1,1,1,0,0,0,0,1,2,1,2,0
desired,294,122,178,212,124,269,179,313,200,178,272,347,536,323,222,302,520,545,703,531,321
desires,0,0,0,0,0,0,0,0,0,0,0,2,1,0,0,6,0,8,1,7,8
desk,2,0,2,0,0,3,1,1,5,1,4,2,1,3,2,11,58,1,8,0,9
desperate,0,0,0,0,0,1,0,0,0,0,0,0,0,0,0,0,0,0,0,0,0
despite,27,19,22,31,18,49,34,46,17,20,37,32,49,54,16,32,87,69,53,53,44
destination,68,55,89,47,34,60,32,60,28,44,133,52,85,59,51,37,50,69,64,68,75
destined,0,0,0,0,0,0,0,0,0,0,0,0,0,0,0,0,0,0,0,1,0
destroy,25,2,9,11,16,17,11,10,4,8,2,10,21,3,14,3,6,25,1,16,10
destroyed,17,3,3,7,7,21,6,18,2,8,4,6,19,4,7,11,5,10,16,10,8
destroying,3,3,3,0,2,6,1,1,0,2,1,4,5,0,2,0,1,1,3,0,0
destruction,0,1,0,1,2,2,2,5,0,3,0,1,1,2,2,6,0,3,7,1,2
destructive,0,1,0,2,1,4,0,0,1,0,0,0,3,2,4,6,7,3,2,11,9
detached,5,6,16,4,4,12,10,7,8,5,5,9,8,6,4,7,18,8,8,11,15
detail,42,25,44,23,32,27,20,13,22,43,11,24,15,62,65,33,81,44,61,52,23
detailed,19,14,16,11,14,36,13,24,11,33,13,38,42,15,32,54,47,65,156,78,77
details,825,758,796,784,281,320,580,523,415,534,547,608,770,593,698,702,748,1193,756,886,584
detect,167,138,230,144,90,205,113,241,99,182,177,174,282,224,188,221,364,327,305,249,192
detected,160,106,190,112,63,95,65,116,143,96,101,105,126,94,121,119,123,149,150,97,117
detection,519,352,537,562,262,388,324,466,486,501,540,502,670,541,464,595,737,539,867,527,310
detective,1,0,0,0,0,0,0,0,0,0,0,0,0,0,0,0,0,0,0,1,0
detector,107,95,180,139,105,132,199,163,110,86,119,121,101,101,157,148,226,158,350,226,89
deterioration,0,0,1,0,0,1,0,1,1,0,0,1,2,1,0,0,1,2,1,1,0
determination,6,2,2,0,2,2,7,3,0,6,0,3,1,3,4,1,6,0,13,16,0
determine,502,371,622,405,204,361,222,383,247,298,273,395,343,335,330,506,497,523,599,714,670
determined,79,41,80,52,28,80,52,66,54,87,60,82,143,90,77,103,147,130,126,125,113
determines,43,29,43,24,22,52,14,48,12,13,26,40,51,46,48,38,63,55,37,35,38
determining,33,23,35,34,21,52,37,41,25,42,28,43,39,38,60,32,31,28,31,30,15
detroit,0,0,0,0,1,0,0,0,0,0,0,0,1,0,0,0,1,0,0,0,0
develop,9,6,31,7,14,12,5,9,5,8,6,15,20,14,6,15,20,9,22,9,26
developed,22,27,12,38,11,21,5,4,28,8,20,5,17,14,7,21,7,4,13,2,64
developing,19,1,1,0,11,8,1,5,1,4,1,10,3,9,0,1,4,8,8,4,6
development,57,42,68,38,28,43,59,46,79,58,40,265,188,71,43,72,32,65,56,52,30
develops,0,0,0,0,0,0,2,0,0,0,0,0,0,0,1,0,0,0,0,0,0
deviation,237,103,86,69,116,61,67,89,113,175,69,120,83,171,146,244,311,258,779,380,259
deviations,23,9,6,12,7,12,11,18,23,5,3,4,10,9,11,14,17,49,20,39,34
device,1359,891,907,1219,900,1604,1130,1574,1326,2081,1956,2334,2561,2416,2343,2611,3844,3652,4124,4019,3201
devices,163,61,86,98,67,133,85,113,78,71,136,126,180,175,106,129,205,214,238,347,250
devil,2,1,0,3,0,0,0,0,0,1,0,2,0,0,0,0,0,1,0,0,0
devise,0,5,0,0,0,2,8,6,0,0,1,1,2,1,1,0,2,0,1,1,1
devised,0,0,0,0,0,0,0,0,0,0,1,0,0,0,0,1,0,0,0,0,0
devote,0,0,0,0,0,0,0,0,0,0,0,0,0,0,0,0,0,1,0,0,0
devoted,0,0,0,0,2,1,0,0,0,0,0,0,0,0,1,2,0,2,1,0,0
di,38,70,42,19,8,44,14,10,87,27,31,21,103,20,10,100,36,18,13,10,12
diabetes,0,0,0,0,1,1,0,2,0,4,5,1,0,1,0,6,5,5,1,0,0
diagnosis,6,9,0,2,13,2,14,13,13,10,3,8,15,8,2,15,11,6,16,16,4
diagnostic,14,10,20,21,3,0,9,25,3,1,2,2,6,1,8,32,3,11,15,3,7
diagram,12,9,11,53,9,7,2,14,15,2,13,8,8,6,7,26,11,8,9,9,11
diagrams,0,5,2,12,16,0,1,1,1,0,3,1,0,1,6,7,10,0,1,0,10
dial,0,11,0,0,0,1,2,0,0,3,0,3,1,0,0,0,0,1,1,2,1
dialog,39,114,57,11,63,35,26,36,20,33,4,7,10,24,5,31,38,18,11,48,13
dialogue,12,34,13,4,9,33,1,15,23,8,2,4,20,8,2,4,10,506,4,71,9
diameter,57,5,14,5,43,6,5,10,30,7,7,21,6,21,24,4,16,9,14,13,11
diamond,15,0,2,5,12,0,9,25,2,0,3,5,15,4,6,9,3,17,1,2,4
diary,0,5,0,0,3,12,0,0,0,0,0,0,0,0,0,0,0,0,0,0,1
dick,0,0,0,1,0,0,0,0,0,0,0,0,0,0,0,0,0,0,1,1,0
dictionary,1056,732,813,873,496,978,713,800,601,742,624,807,790,838,555,663,820,832,904,905,783
did,156,145,234,117,138,260,124,162,122,137,177,194,239,205,159,175,253,276,245,249,169
die,40,21,5,8,15,21,11,15,6,4,11,11,19,11,13,11,18,8,27,29,16
died,9,15,1,4,6,6,3,5,8,5,15,1,7,11,2,8,0,1,12,8,2
diego,0,0,0,0,0,0,0,0,0,0,0,0,0,0,1,0,0,0,0,0,1
dies,39,28,4,23,1,30,5,1,3,2,2,0,2,1,9,9,0,2,3,4,2
diesel,0,0,0,0,0,0,0,0,0,0,0,0,0,0,0,0,0,1,0,0,0
diet,0,0,0,0,0,2,0,0,0,0,0,0,1,0,3,0,0,0,3,0,1
differ,172,71,55,114,56,82,89,74,36,141,49,124,85,147,106,115,131,142,201,159,305
difference,280,186,281,227,177,255,139,271,190,214,218,300,319,242,263,308,364,386,377,478,394
differences,95,51,121,69,51,73,28,71,60,44,59,63,95,81,65,70,183,146,134,201,226
different,1854,1273,1468,1504,1092,2261,1344,2114,1643,1690,1897,2245,2859,2435,1950,2152,3362,3204,3375,3467,3059
differential,29,4,7,13,12,16,10,6,19,12,6,47,17,9,30,40,23,37,38,27,28
differentiation,7,11,26,9,1,4,5,10,2,1,2,17,2,8,1,4,10,0,22,15,14
differently,45,34,53,57,32,68,36,83,42,36,69,77,106,80,65,60,153,96,160,148,102
differing,5,6,6,3,0,6,0,4,1,2,1,0,0,5,3,7,5,3,3,4,10
differs,43,21,18,18,9,41,16,28,4,25,18,27,35,25,43,34,61,52,53,63,51
difficult,133,120,72,136,99,52,87,145,60,64,75,59,87,51,75,59,155,66,65,33,51
difficulties,16,1,3,0,1,0,0,0,0,0,0,2,8,0,0,0,1,5,1,1,3
difficulty,5,16,6,29,33,17,5,18,35,23,21,19,37,26,13,1,10,13,6,17,19
diffuse,5,3,4,3,6,8,1,1,0,8,9,12,8,18,12,9,4,2,16,13,17
diffusion,35,8,3,1,7,17,16,14,34,42,47,118,157,231,327,504,811,684,1320,668,752
dig,7,4,4,2,5,0,8,1,1,5,1,2,3,8,0,8,11,9,7,2,6
digest,7,37,76,18,12,4,5,9,13,20,5,40,10,25,17,17,24,11,23,11,4
digital,59,10,24,15,17,27,26,17,38,25,43,39,7,13,12,12,22,29,14,16,11
dilemma,0,0,1,0,0,0,0,0,0,1,0,0,0,3,0,1,1,1,0,0,0
dilute,0,0,1,0,0,1,0,0,0,0,0,0,0,0,0,1,0,0,0,0,1
dim,2178,1386,1347,1949,1434,2619,1854,2830,2431,2450,2445,3210,3762,3167,3379,3170,4112,4043,3800,3681,2959
dimension,1752,779,897,1467,802,1351,970,1707,1147,1080,1280,1756,2144,1725,1487,1573,2336,2330,2739,2441,2403
dimensional,112,54,119,227,66,147,63,58,52,57,74,109,100,103,124,113,141,156,121,81,207
dimensions,737,252,467,527,379,715,418,644,516,525,473,662,957,823,721,677,992,1050,1052,1125,1037
diminish,0,1,0,0,0,0,0,0,2,4,0,0,1,1,0,0,1,1,0,0,0
diminished,0,0,0,0,0,0,0,0,1,0,0,0,0,0,0,0,0,0,0,0,3
dining,0,2,5,0,3,0,1,1,7,0,0,3,1,4,4,3,2,0,14,5,2
dinner,0,1,0,0,0,0,0,0,0,0,0,0,0,0,0,0,0,0,1,1,0
dip,0,7,6,3,0,0,12,14,3,0,1,2,0,0,0,0,8,0,1,17,0
diplomatic,6,0,0,0,0,0,1,0,0,0,0,0,0,0,0,0,0,0,0,0,0
dir,505,501,588,416,265,497,367,508,437,563,1136,1012,576,602,556,551,666,869,615,535,433
direct,861,95,181,220,91,105,111,223,100,139,91,108,123,96,143,226,136,129,209,163,168
directed,32,30,95,13,12,35,7,26,18,49,20,24,69,13,41,16,13,33,21,19,22
directing,0,0,1,0,0,0,0,0,0,0,0,0,2,1,0,0,0,0,0,0,0
direction,497,175,252,330,302,325,335,397,355,426,453,508,380,446,400,483,339,663,563,591,315
directions,81,61,43,85,51,107,91,70,79,142,59,104,85,87,134,75,88,97,95,162,62
directive,41,9,13,2,80,14,0,120,0,40,0,11,45,1,2,1,1,19,1,6,1
directly,459,313,420,385,240,468,349,419,390,404,353,529,525,456,376,460,490,656,759,734,862
director,1,1,5,0,1,0,1,1,0,8,8,0,2,0,7,14,0,1,16,1,13
directors,0,3,0,0,0,0,0,0,0,0,0,0,0,0,0,2,0,0,4,1,0
directory,3534,3478,2932,4797,2604,6019,4398,5374,4619,5021,2127,6065,5600,4632,1845,2657,2310,2568,3575,3080,2587
directs,0,0,1,0,0,0,0,0,2,0,0,0,1,0,0,0,0,1,0,0,0
dirt,0,4,0,1,0,0,0,3,10,1,1,6,3,1,7,0,3,0,3,0,8
dirty,41,36,38,19,19,29,31,27,16,47,17,39,31,27,34,31,7,35,30,20,58
dis,31,12,39,21,11,14,26,21,34,7,18,62,62,33,31,24,11,109,10,14,20
disability,0,0,0,0,0,0,0,0,0,0,0,0,0,0,0,0,0,1,0,0,0
disabled,105,62,80,73,45,145,43,227,50,91,161,245,456,148,124,105,249,271,381,284,326
disadvantage,0,3,1,0,0,1,1,3,1,1,1,0,4,2,0,2,0,2,0,0,1
disadvantages,0,0,0,0,0,0,0,0,0,0,0,0,0,0,0,2,0,0,0,0,0
disagree,14,1,3,8,0,1,3,0,0,0,0,4,1,5,0,0,0,4,0,3,0
disagreement,2,1,5,3,0,0,2,6,1,7,0,0,12,0,2,0,7,3,14,4,31
disappear,7,4,10,1,1,8,1,2,5,8,4,3,6,8,0,4,3,2,8,8,8
disappeared,0,0,0,0,0,0,0,1,3,1,1,1,2,1,0,1,3,1,5,3,4
disappointment,0,0,0,0,0,0,0,0,0,0,0,0,0,0,0,0,0,1,0,0,0
disaster,2,0,0,3,0,0,0,0,0,0,0,0,0,4,0,2,1,0,1,2,0
disc,34,15,92,18,7,13,24,12,21,45,13,13,15,15,23,9,27,9,26,4,11
discharge,1,5,5,0,12,1,3,3,0,3,11,0,0,6,0,1,0,4,11,0,0
discharged,0,0,2,0,0,0,0,0,0,0,1,0,0,0,0,0,0,0,3,0,0
discipline,0,0,4,0,0,0,0,0,0,0,0,0,0,0,0,2,0,0,0,0,0
disclose,3,0,0,0,0,1,4,2,1,1,0,1,0,4,14,8,0,3,3,1,2
disclosed,0,0,0,0,0,0,0,0,0,1,0,0,0,0,0,0,1,0,0,0,1
disclosure,6,0,1,22,86,16,50,4,13,256,45,158,114,281,160,93,219,477,253,77,39
discontinued,0,0,0,0,0,0,0,1,0,0,2,0,0,0,1,0,0,0,1,0,1
discount,29,24,28,43,2,140,7,18,22,4,13,69,20,10,45,38,35,38,19,15,48
discounts,0,3,3,2,2,8,2,2,8,3,2,0,2,0,3,3,1,2,2,0,1
discourse,16,0,1,3,0,0,14,0,1,0,0,4,4,2,0,0,3,0,0,1,0
discover,3,5,8,7,6,9,4,10,4,4,4,11,5,9,10,6,6,6,7,18,20
discovered,11,20,27,27,25,40,2,32,15,4,19,35,24,11,21,30,33,15,57,34,17
discoveries,6,0,0,0,1,0,0,2,0,0,0,0,0,0,0,0,0,0,0,0,0
discovery,21,6,18,7,5,7,3,1,1,3,2,11,0,3,4,12,3,6,6,18,7
discrete,106,90,96,66,57,56,88,74,74,76,42,90,97,81,125,97,101,113,117,106,117
discretion,2,0,0,4,0,0,0,0,0,0,0,0,0,0,0,0,0,1,0,0,0
discretionary,2,0,0,0,0,0,0,0,0,0,0,0,0,0,0,0,0,0,0,0,0
discrimination,75,3,5,5,7,5,5,6,4,3,12,14,10,7,15,0,2,2,8,0,0
discriminatory,0,0,0,0,0,0,0,0,0,0,0,2,2,0,0,2,0,0,0,0,0
discuss,27,46,24,20,21,102,38,34,46,30,23,29,57,49,69,33,43,66,51,56,43
discussed,4,3,3,1,3,7,2,13,5,5,4,15,27,8,15,15,25,24,50,34,24
discusses,1,0,0,0,0,0,0,0,0,0,0,1,0,0,1,0,0,0,0,0,1
discussing,0,0,0,0,0,0,2,0,0,0,0,0,0,0,3,0,0,0,1,0,1
discussion,44,24,53,26,13,38,16,24,27,23,23,38,32,46,39,46,87,55,81,49,43
discussions,0,1,3,0,0,1,0,0,0,1,0,1,0,4,23,4,18,15,22,32,14
disease,1,17,3,7,2,2,2,1,70,16,6,2,0,5,14,27,9,10,6,9,19
diseases,2,0,0,17,1,0,0,0,3,3,0,0,0,0,9,14,0,9,0,0,1
dish,32,0,11,0,0,2,0,0,0,0,0,0,0,0,0,0,24,0,7,15,2
dishes,16,0,0,0,0,0,0,0,0,0,0,0,0,0,0,1,1,1,1,8,0
disk,345,157,142,202,161,201,178,142,196,164,142,129,138,148,223,122,151,201,159,210,180
dismiss,0,2,2,1,1,0,0,2,0,1,0,0,0,0,0,0,0,1,0,0,0
dismissal,0,0,0,0,0,0,0,0,0,0,0,0,0,0,0,0,0,3,0,0,0
dismissed,0,1,2,0,0,0,0,0,0,0,0,0,0,1,0,0,1,0,0,1,0
disorder,0,6,1,2,0,0,0,0,1,2,0,0,8,3,0,0,0,1,6,2,1
disorders,0,0,0,0,0,0,0,0,0,0,0,0,0,19,0,0,0,0,0,0,0
dispatch,43,19,39,9,5,34,17,19,8,65,11,25,24,27,13,38,43,56,71,171,210
dispersed,0,0,4,0,0,0,0,0,0,0,0,0,0,0,0,0,0,0,0,3,0
dispersion,40,0,15,0,2,64,9,4,6,14,9,10,17,5,13,9,13,8,31,15,7
displaced,3,4,1,1,1,3,0,0,0,0,1,0,1,1,11,4,0,0,1,4,2
displacement,22,43,15,18,39,23,21,17,14,31,24,28,17,24,22,68,11,48,48,24,68
display,668,230,309,269,181,280,242,272,233,213,199,178,273,208,329,258,286,411,287,268,261
displayed,53,16,36,35,22,12,24,17,5,10,22,11,19,11,17,10,8,23,27,20,16
displays,22,8,23,7,3,10,6,23,12,16,21,8,8,13,13,14,5,17,9,3,4
disposal,0,0,0,0,0,7,0,0,1,4,0,7,1,1,0,0,0,8,0,0,0
dispose,1,0,4,0,0,6,0,0,0,1,0,6,1,0,0,0,0,6,0,0,0
disposed,0,0,0,0,0,1,0,0,0,0,0,1,0,0,0,0,0,1,0,1,0
disposition,10,10,10,4,0,2,0,3,2,6,2,2,2,2,0,1,2,0,1,1,1
disregard,1,4,4,3,1,5,0,3,1,5,3,5,6,2,4,1,5,4,2,1,8
dissemination,15,1,0,0,0,1,4,1,1,0,0,1,0,4,14,4,0,331,0,1,2
dissertation,4,0,0,0,0,0,0,0,0,0,0,0,4,0,0,0,0,0,1,0,0
dissolve,0,0,0,0,0,0,0,0,0,0,0,0,0,0,0,0,3,0,0,0,0
dissolved,2,0,0,0,0,0,0,0,0,0,0,0,0,0,0,0,4,0,0,0,0
dist,232,278,396,261,174,397,194,350,450,409,348,351,369,376,279,369,333,375,361,396,344
distal,0,0,0,0,0,2,0,0,0,0,0,0,3,0,0,2,0,0,1,0,0
distance,860,615,751,732,489,1112,620,753,695,727,790,788,805,671,822,949,652,841,886,858,659
distances,210,122,124,137,116,370,112,174,201,169,156,182,141,155,172,141,281,167,248,233,250
distant,112,111,27,107,47,154,28,82,58,45,59,68,47,49,26,18,53,9,25,26,13
distilled,0,13,0,4,1,6,5,20,6,7,14,3,6,4,17,17,6,17,13,13,2
distinct,36,41,32,77,64,193,37,139,55,67,108,142,213,149,104,56,202,96,138,150,65
distinction,14,7,12,14,5,13,4,20,6,1,13,18,47,15,3,12,27,39,25,21,16
distinctions,0,0,0,0,0,0,0,0,0,0,0,0,0,0,0,2,0,0,0,0,1
distinctive,0,1,0,0,0,0,2,0,1,0,0,0,0,0,0,0,0,2,2,0,0
distinctly,0,0,0,0,1,0,0,0,0,0,0,0,0,0,0,0,0,0,0,0,0
distinguish,38,20,52,27,18,33,23,34,30,36,35,53,26,41,29,73,28,55,65,48,40
distinguished,0,2,5,0,0,1,0,0,0,0,0,0,0,0,0,0,1,0,0,9,1
distinguishing,2,0,2,2,0,0,1,0,0,4,0,6,1,3,0,3,0,2,1,1,1
distortion,42,14,21,27,18,7,35,32,14,25,16,31,25,30,24,24,8,46,17,27,38
distress,0,0,0,0,0,0,0,0,0,0,0,3,0,0,0,0,0,1,0,0,0
distribute,180,300,214,128,72,121,80,125,120,94,86,433,341,104,174,150,162,139,131,465,216
distributed,8958,4515,3254,10105,4230,9192,3917,8810,5958,3455,6874,8041,15403,8955,7091,6896,16908,21120,18682,14550,14776
distributing,18,5,1,1,2,4,16,3,2,2,1,0,0,7,3,3,1,4,0,3,4
distribution,1587,487,1070,607,343,580,582,649,536,736,519,866,839,864,932,913,1051,1154,1428,969,746
distributions,118,115,216,109,87,158,132,82,66,62,71,110,72,71,45,90,56,108,93,72,65
distributor,0,4,8,2,0,0,0,1,0,0,0,1,0,0,0,1,0,0,0,0,0
distributors,0,4,10,2,0,1,0,1,0,0,0,1,0,0,0,1,0,0,1,0,0
district,0,0,0,0,2,3,5,1,3,9,2,0,0,1,3,0,0,0,1,0,0
districts,0,1,0,1,2,0,0,0,0,3,0,0,0,2,0,2,0,7,0,0,0
disturbance,38,2,0,0,1,3,1,1,4,1,0,2,0,0,0,0,3,3,0,3,1
disturbances,0,0,0,0,0,0,0,1,0,0,0,0,0,1,0,0,0,0,0,0,0
disturbed,2,3,0,0,0,1,2,0,0,0,0,2,0,2,0,1,3,0,0,0,2
disturbing,2,0,0,0,0,89,0,2,0,0,0,0,0,0,0,1,0,0,0,1,0
ditch,4,8,25,4,3,6,0,5,4,2,1,6,5,2,1,5,3,5,4,11,1
div,39,58,70,68,29,208,52,43,44,71,96,84,44,67,97,33,65,61,42,20,56
diverse,21,9,11,4,0,21,14,5,5,20,8,8,15,22,7,17,15,4,7,30,8
diversion,0,4,8,2,0,0,1,1,0,0,0,0,0,0,0,1,0,0,0,0,0
diversity,47,31,24,35,26,61,49,60,35,59,40,37,88,37,32,53,51,54,38,25,26
divide,402,209,210,245,222,267,190,297,211,300,293,267,338,273,237,223,282,301,348,370,225
divided,74,35,53,66,16,46,53,95,63,62,95,57,131,107,69,95,108,126,147,200,94
dividend,0,0,0,0,0,0,0,0,0,0,0,2,2,0,0,1,0,1,3,0,0
dividends,0,1,0,0,0,0,0,0,0,0,0,2,2,0,0,0,0,2,0,0,0
dividing,40,44,49,41,43,41,30,37,22,28,53,55,29,52,69,67,118,82,79,79,54
divine,0,0,0,0,0,0,0,0,0,0,0,0,0,1,0,1,2,0,1,0,0
division,243,82,330,306,353,320,288,84,61,320,439,111,94,106,214,357,182,468,451,176,221
divisions,4,2,2,2,2,7,0,4,1,2,4,8,2,7,0,1,0,1,4,0,12
dixon,0,0,0,0,0,0,0,0,0,0,0,0,0,1,0,0,0,0,0,0,0
dna,10,2,1,2,0,7,0,0,12,12,2,1,0,1,0,6,16,4,5,1,5
do,3277,2809,3404,2762,1789,3200,2008,2854,2463,2360,2586,3590,3548,3021,2768,3231,3983,4075,5113,4530,3853
doc,230,275,158,212,177,359,172,193,195,222,125,225,278,178,231,146,499,286,355,254,285
dock,0,1,0,1,6,0,0,1,0,0,0,0,1,0,0,3,6,0,0,12,3
docket,0,0,0,0,0,0,0,0,0,0,0,0,0,0,0,0,0,0,0,1,0
doctor,1,0,0,0,0,3,0,0,1,3,0,0,2,11,0,2,0,1,1,0,0
doctors,0,0,1,0,0,0,0,0,0,1,0,0,1,0,3,0,1,1,0,0,0
document,433,275,298,409,209,378,272,290,215,261,180,275,338,316,191,184,294,285,336,390,300
documentary,0,1,0,0,0,0,0,0,0,1,0,0,0,0,0,0,0,0,1,0,0
documentation,1293,554,461,557,542,500,430,540,392,901,362,1098,917,960,918,585,828,891,1034,848,655
documented,27,6,18,5,6,29,4,38,7,5,14,26,30,9,11,8,34,12,60,37,35
documents,254,130,72,160,97,155,146,120,80,166,57,85,149,135,67,91,141,147,163,176,152
dod,0,0,0,0,0,0,2,1,0,0,0,0,0,0,0,0,0,0,0,0,0
dodge,2,8,8,4,0,2,2,1,0,3,0,1,0,0,0,10,0,0,1,0,2
doe,3,0,0,0,0,0,0,1,0,0,0,0,3,0,0,0,0,2,0,0,0
does,1365,1138,1489,1301,781,1351,849,1227,925,964,1077,1438,1553,1392,1268,1547,2156,1928,2791,2590,2054
dog,65,40,24,101,58,99,20,56,50,55,58,78,79,53,40,61,121,34,118,74,54
dogs,2,0,8,0,1,1,0,0,11,8,23,1,5,2,7,5,5,7,1,4,6
doing,378,187,254,271,239,371,196,312,235,263,311,309,343,243,262,521,864,623,2153,1062,705
dollar,69,9,17,22,23,7,24,20,27,5,14,4,17,12,21,25,21,13,26,16,33
dollars,1,1,0,0,0,2,1,0,0,1,0,0,1,3,2,3,4,7,3,4,3
domain,302,308,348,210,247,401,251,151,202,219,203,293,203,288,263,195,315,368,309,262,192
domains,47,77,56,31,26,24,62,27,79,27,25,66,23,58,24,42,73,57,19,23,43
dome,20,0,0,1,7,1,0,1,0,0,0,1,0,0,0,0,5,2,8,1,0
domestic,0,0,0,0,0,0,0,0,0,0,0,2,0,0,0,2,2,0,1,0,2
dominant,5,14,33,9,2,31,0,3,6,2,2,4,12,2,4,6,5,7,6,1,8
dominated,5,3,3,6,1,19,2,2,1,8,4,13,3,6,19,4,17,9,8,16,8
don,2064,1739,2340,1885,1127,2301,1309,2603,1317,1469,1564,2426,3374,2062,1599,1814,2954,2828,3474,3032,2393
donald,0,0,3,1,0,0,1,0,0,0,0,1,0,0,0,1,0,0,0,0,0
done,938,607,771,739,463,967,473,872,497,592,2313,1271,941,683,614,795,1008,1133,1283,1015,897
donor,5,0,2,0,2,0,0,1,0,2,0,2,2,0,0,4,0,0,1,7,3
door,20,11,43,6,0,26,3,84,93,16,23,3,1,53,27,53,62,12,65,34,39
doors,3,0,0,1,0,0,0,14,13,0,5,2,0,7,3,0,2,1,15,19,1
dorsal,0,0,0,0,0,0,0,0,0,0,0,0,0,1,0,1,0,0,0,0,0
dosage,0,0,0,0,0,0,0,0,0,0,0,0,0,0,0,0,0,4,0,0,0
dose,2,1,0,5,2,12,0,3,0,11,108,5,0,2,4,33,0,1,0,3,3
doses,0,5,1,0,0,0,0,0,0,2,0,0,0,0,0,0,0,0,0,0,0
dot,428,221,276,293,181,345,213,355,241,282,257,335,566,364,295,276,554,693,481,487,445
double,278,287,352,285,178,465,212,229,222,276,244,231,316,265,205,302,395,295,351,371,294
doubled,4,3,2,9,2,3,3,14,2,2,2,28,6,7,2,3,11,8,6,9,5
doubt,86,7,8,2,0,4,3,1,5,0,0,2,0,9,0,0,0,3,3,0,4
doubtful,0,0,0,0,0,0,0,0,0,0,0,0,0,0,0,1,1,0,1,0,1
doubts,0,0,0,0,0,0,0,0,1,0,0,0,0,0,0,0,0,0,0,0,0
douglas,3,13,13,2,0,10,3,0,1,0,5,1,0,0,1,7,0,0,0,0,3
down,583,425,473,522,371,499,382,557,461,598,2807,1513,647,662,616,823,879,925,1151,825,722
downstream,65,30,41,28,41,33,51,49,28,32,58,66,88,62,47,58,115,77,74,82,85
downward,4,3,2,6,3,10,1,0,3,0,0,0,4,10,13,3,3,5,9,8,10
dozen,0,0,0,0,0,2,0,5,0,0,5,3,7,2,2,1,4,3,4,2,2
dr,67,9,6,15,27,20,22,48,12,57,7,31,15,4,11,11,27,21,0,8,11
draft,16,5,12,3,2,0,0,1,0,2,0,2,0,2,1,1,1,25,19,9,63
drafting,0,0,0,0,0,0,0,0,0,0,0,0,0,0,0,0,0,0,0,1,0
drag,12,8,1,6,1,3,156,1,2,1,1,7,1,11,6,8,1,19,56,12,1
dragged,6,0,0,0,0,0,0,0,0,0,0,0,0,6,2,8,0,0,9,0,0
drain,3,17,24,8,0,4,1,4,0,1,1,4,0,1,0,0,1,2,1,0,0
drained,0,1,0,0,0,0,0,0,0,0,0,0,0,0,0,0,0,0,0,0,6
drama,0,1,0,0,0,0,0,0,0,1,0,0,0,0,0,0,0,0,0,7,0
dramatic,1,0,0,1,3,1,0,0,0,0,0,0,0,2,1,1,0,0,0,0,0
dramatically,4,1,0,0,2,2,0,0,1,2,1,1,0,0,1,1,4,1,1,0,1
draw,566,271,321,357,252,470,369,365,413,335,336,504,396,475,413,543,421,456,583,554,393
drawer,3,0,82,0,0,0,0,0,0,0,0,1,1,3,1,36,4,3,9,20,17
drawing,70,28,48,39,29,44,22,52,36,45,26,28,41,67,44,84,34,35,68,39,17
drawings,0,0,0,0,0,2,0,0,0,0,0,0,0,1,1,6,0,0,0,0,1
drawn,55,17,21,22,24,32,19,32,23,25,11,31,131,64,23,64,36,16,61,30,26
draws,13,14,20,17,3,14,6,18,13,16,6,20,14,18,29,15,14,2,18,10,6
dream,3,2,1,0,0,0,0,0,0,0,0,0,2,0,0,0,0,3,0,8,1
dreams,0,0,0,0,0,0,2,1,0,0,0,0,0,0,0,0,0,0,0,0,0
dress,1,7,0,0,0,1,1,2,2,1,0,2,0,0,2,0,4,2,0,2,0
dressed,2,0,0,0,0,0,0,0,0,0,0,0,0,0,0,0,0,0,0,0,2
drew,5,0,0,0,0,1,0,0,0,0,0,0,0,2,0,0,1,0,0,1,1
drift,35,11,14,10,6,10,3,2,4,154,9,60,10,9,45,29,32,24,25,54,27
drill,4,0,3,0,5,2,0,0,1,0,0,0,1,0,0,2,0,1,0,0,2
drilling,0,0,0,0,0,0,0,0,0,0,0,1,0,0,0,1,0,0,0,0,2
drink,0,5,3,0,1,0,0,2,0,0,0,0,0,2,0,2,1,0,4,1,3
drinking,0,0,1,0,0,0,0,0,0,0,0,0,0,0,1,18,3,0,6,0,0
drinks,0,0,0,0,0,0,0,0,0,0,0,0,0,1,2,0,0,0,0,0,0
drive,98,46,48,41,25,63,26,26,24,71,44,20,27,54,32,55,66,75,51,48,47
driven,13,0,15,12,4,10,9,19,8,16,16,40,18,13,16,5,7,13,20,15,2
driver,44,7,15,9,2,17,26,4,5,13,3,18,9,6,6,40,18,91,47,34,44
drivers,11,2,1,3,2,5,4,1,1,5,0,4,0,1,0,0,1,10,1,6,5
drives,10,2,0,0,0,0,1,0,0,5,0,0,0,0,1,6,1,5,5,1,1
driving,6,18,10,19,4,23,31,5,4,22,2,1,6,7,31,15,10,45,46,37,43
drop,231,185,265,365,183,433,291,411,306,453,2099,920,492,527,430,508,565,624,585,619,498
dropped,52,39,53,27,17,52,15,40,22,19,38,35,36,27,25,38,76,56,57,70,62
dropping,46,20,26,124,55,111,36,147,70,57,121,135,284,178,53,130,310,350,234,228,180
drops,11,10,17,14,5,18,58,8,11,6,9,9,13,13,10,8,10,5,17,6,27
drought,0,0,0,0,0,0,7,0,0,0,0,0,0,0,0,0,0,0,0,0,0
drove,0,0,0,0,0,3,3,0,0,3,0,0,0,1,3,0,0,0,0,0,0
drug,18,11,3,0,1,1,3,2,16,0,3,5,8,17,15,54,1,59,4,1,2
drugs,0,6,1,0,0,0,1,1,6,0,1,0,0,1,43,10,0,31,0,0,1
drum,0,2,2,0,0,0,2,0,1,2,0,1,1,21,10,2,5,2,5,1,1
drunk,0,0,0,0,0,0,1,0,0,0,0,0,0,0,0,0,0,0,0,0,0
dry,21,13,20,6,3,3,2,4,9,18,10,12,10,16,5,16,16,9,15,9,10
drying,0,0,0,0,0,0,0,0,1,0,0,0,1,0,0,1,0,0,0,0,0
du,32,1,10,11,12,10,36,13,9,44,22,10,114,25,14,9,59,13,4,25,22
dual,18,105,150,45,18,36,28,84,30,37,13,82,29,83,64,105,52,38,69,59,39
dublin,17,8,4,7,7,12,1,4,3,7,1,7,2,5,5,3,5,7,3,2,4
duck,4,0,7,0,3,4,1,2,1,1,1,0,1,3,1,2,3,6,3,1,3
duct,0,0,1,0,0,0,0,0,0,0,0,0,0,0,0,0,0,0,0,0,1
due,386,254,394,377,260,394,255,481,308,352,373,439,586,555,552,557,776,642,745,887,641
dug,0,0,0,2,0,0,0,0,0,0,0,0,0,0,0,1,0,0,0,0,0
duke,0,2,1,1,0,0,0,0,1,3,0,0,2,5,2,0,51,0,1,0,2
dull,0,0,0,0,0,6,0,2,0,0,0,0,0,0,1,0,1,0,0,0,0
duly,0,0,0,0,1,0,0,0,0,0,1,0,0,0,0,0,0,0,0,0,0
duncan,0,0,0,0,0,2,0,0,0,0,0,0,0,0,0,0,0,0,0,0,2
duplicate,165,79,157,185,70,136,164,138,130,144,139,151,199,154,168,335,528,367,1261,698,487
duplicated,48,50,69,67,34,55,36,48,54,37,45,73,68,55,47,66,60,72,152,121,69
durable,0,0,0,0,0,0,0,0,0,0,0,0,0,0,0,3,0,0,0,0,0
duration,129,86,51,42,154,358,50,89,80,68,94,84,151,173,210,225,161,142,118,189,189
durham,0,0,0,0,1,0,0,0,0,0,0,0,0,0,1,1,0,0,0,0,0
during,1196,905,794,1029,586,1056,759,1087,810,953,803,1264,1123,974,1155,891,1228,2174,1252,1284,1126
dust,4,6,1,0,7,5,10,8,9,19,0,2,3,1,0,1,6,7,16,2,9
dutch,0,0,5,7,0,0,0,0,0,0,0,1,0,1,0,0,0,0,1,5,3
duties,0,0,0,0,0,0,0,0,0,0,0,3,0,0,0,0,1,0,0,0,0
duty,0,0,2,0,0,0,2,0,0,2,1,4,0,5,0,0,0,2,1,0,0
dwell,0,1,0,0,0,0,0,0,0,0,0,0,0,0,0,0,0,0,0,0,3
dwelling,0,0,0,0,0,0,0,0,0,0,0,1,0,1,0,2,0,0,0,0,1
dye,0,0,0,0,0,0,0,0,0,0,0,0,2,0,0,0,0,0,0,0,0
dying,6,1,0,0,1,0,0,0,0,1,0,0,1,0,2,0,1,1,0,0,0
dynamic,182,123,113,235,126,223,183,260,234,292,383,380,372,311,269,297,455,534,562,719,601
dynamics,112,31,72,57,40,32,22,45,68,19,25,96,56,27,71,33,31,39,135,113,62
e,3228,2062,2559,2183,1890,4593,1964,2686,1919,2536,2520,3080,3637,3050,2869,3354,3893,3897,4300,4128,3925
ea,2,1,4,1,0,17,1,1,8,12,1,10,8,0,3,9,2,9,11,8,6
each,6713,4594,4877,5990,4375,6872,4902,6594,5435,5652,5791,6449,6765,6339,5631,5978,7786,8122,9142,8168,6915
eager,147,8,36,91,17,59,8,127,1,19,75,125,317,15,15,25,21,92,145,110,157
eagle,0,0,1,0,0,0,0,0,0,0,0,0,0,0,2,0,0,8,2,1,2
ear,3,4,7,6,0,9,13,8,3,13,1,1,9,13,1,4,3,13,0,12,0
earl,0,0,0,0,0,0,0,0,0,0,0,1,0,0,0,0,0,0,0,0,0
earlier,115,107,199,84,56,96,53,82,56,86,53,98,85,89,41,72,50,87,83,108,83
earliest,9,7,8,3,2,7,4,12,1,2,1,3,7,5,3,3,3,5,9,33,13
early,236,181,231,225,180,335,158,283,199,231,254,308,335,314,254,236,435,500,354,353,401
earn,2,0,0,0,0,0,0,0,1,0,1,0,0,0,0,0,0,0,0,0,0
earned,2,0,1,0,0,0,0,0,1,0,1,0,0,0,0,0,0,0,0,0,0
earnings,0,0,2,0,0,0,0,0,0,0,0,0,1,0,0,0,1,0,0,0,0
ears,0,0,0,2,1,3,2,1,0,3,7,3,0,4,2,2,0,0,0,0,0
earth,69,7,7,38,1,25,17,2,15,11,11,4,9,14,26,9,7,11,19,9,21
earthquake,2,0,0,0,0,0,0,0,0,0,0,0,0,0,0,0,0,0,0,0,0
ease,11,9,4,2,4,17,11,8,6,10,17,21,6,20,7,13,16,16,17,33,13
easier,148,79,112,119,67,125,64,85,75,76,63,111,93,89,69,93,106,103,132,170,122
easily,69,46,54,60,50,157,53,140,58,76,95,140,186,152,123,57,207,135,158,167,106
east,10,9,6,7,6,1,15,16,8,3,6,2,10,8,51,23,2,13,5,9,19
eastern,4,0,0,0,0,1,0,0,1,1,2,0,0,0,0,0,0,0,8,0,1
easy,245,83,139,115,99,174,66,172,123,163,172,145,280,179,141,86,214,169,212,184,118
eat,3,10,16,6,2,4,0,6,1,2,5,3,6,3,4,3,11,5,14,10,3
eaten,1,0,0,0,0,0,0,0,0,0,0,0,1,1,0,2,27,7,11,23,6
eating,3,8,7,10,2,7,8,4,6,6,2,4,12,11,2,7,19,11,26,16,10
ec,27,4,9,11,2,15,1,1,5,1,4,0,3,1,1,9,5,1,5,4,5
echo,58,6,2,5,6,62,11,10,75,45,415,82,8,13,41,69,7,10,7,13,4
ecology,0,0,0,0,0,0,0,0,0,0,0,0,0,0,0,0,1,1,0,0,1
economic,20,0,7,0,11,0,1,5,1,2,0,8,0,0,1,0,1,5,0,0,0
economical,0,1,0,0,0,0,0,0,0,0,0,0,0,0,0,0,0,0,0,0,0
economically,0,0,0,0,0,0,0,0,0,0,0,0,0,0,0,0,0,0,0,3,0
economics,0,0,0,0,0,0,0,0,0,0,0,0,0,0,0,0,0,1,0,0,0
economies,0,0,0,0,0,0,8,9,0,0,0,0,0,0,0,0,0,0,0,0,0
economist,0,0,0,0,0,0,0,0,0,1,0,0,0,0,0,0,0,0,0,0,0
economy,0,0,6,0,0,0,17,17,0,1,0,0,0,0,0,0,0,0,0,0,0
ed,31,11,17,22,26,34,57,25,11,17,66,24,10,30,3,52,13,37,20,103,14
edgar,0,0,0,0,0,2,0,1,1,0,0,0,0,0,0,0,0,0,0,0,0
edge,711,918,1017,581,319,507,427,525,539,519,428,762,711,601,571,524,876,699,626,820,652
edges,549,319,843,299,264,289,432,310,268,365,219,516,462,367,356,326,637,445,487,438,409
edison,0,0,0,0,0,2,0,1,0,0,0,0,0,0,0,0,0,0,0,0,0
edited,41,10,19,12,16,3,6,6,11,21,13,13,11,17,16,47,31,16,74,39,18
editing,11,6,6,4,8,2,11,16,9,2,18,5,9,18,10,23,44,32,16,19,45
edition,3,14,23,3,0,3,0,4,1,0,1,0,0,0,0,1,1,0,0,2,1
editions,0,0,1,0,0,0,0,0,0,0,0,0,0,0,0,0,0,0,0,0,0
editor,18,31,14,2,1,1,12,3,1,0,1,3,6,0,17,11,15,7,2,2,24
editorial,0,0,1,0,0,0,0,0,0,0,0,0,0,0,3,0,0,0,2,0,4
editors,0,0,0,0,0,1,0,0,0,0,0,0,0,0,0,0,0,0,0,0,0
edmund,0,0,0,0,0,0,0,0,0,0,0,0,0,0,0,0,1,0,0,0,0
eds,4,0,0,0,0,1,0,0,30,15,0,0,0,0,10,6,1,10,0,0,1
educated,0,0,0,0,1,0,1,0,1,7,1,0,0,0,0,4,2,6,1,0,0
education,2,1,0,0,1,3,0,0,0,20,1,7,0,0,2,1,1,8,2,2,12
educational,2,1,1,0,0,3,0,0,0,0,0,0,0,0,0,1,1,0,3,1,0
edward,4,4,8,0,0,0,0,0,0,0,0,0,0,0,6,12,0,0,0,0,0
edwards,0,0,0,0,0,2,0,0,0,0,0,0,0,0,0,0,0,0,0,2,4
edwin,0,0,7,5,0,0,0,0,0,0,0,0,0,0,0,0,0,0,0,0,0
eff,12,0,3,1,1,1,1,1,3,18,1,2,3,0,0,2,0,1,1,29,6
effect,248,147,274,136,163,188,121,185,128,119,180,196,193,188,170,156,199,214,150,210,252
effected,0,0,0,1,1,1,0,0,0,0,0,1,1,1,0,1,0,1,2,0,0
effective,170,47,68,77,61,85,67,46,66,57,73,71,120,92,80,60,68,92,82,109,123
effectively,116,57,51,148,69,152,55,136,100,80,86,143,214,120,38,92,181,192,168,127,97
effectiveness,3,1,0,0,0,0,0,0,2,1,1,3,3,1,0,1,0,0,1,2,2
effects,36,35,155,32,122,39,14,31,31,27,51,73,44,70,41,48,48,48,47,69,64
efficacy,1,1,0,3,0,4,0,0,0,0,0,1,0,1,0,0,0,0,0,1,2
efficiency,74,41,52,74,57,47,28,62,51,82,31,66,80,83,40,63,62,94,74,139,80
efficient,203,173,150,219,163,218,171,315,173,295,244,331,360,359,296,326,469,388,467,513,459
efficiently,31,17,36,15,7,18,15,14,28,22,15,31,31,23,20,21,27,21,28,32,37
effort,19,9,18,5,2,12,40,16,23,12,5,18,9,5,6,7,25,9,31,18,10
efforts,0,0,1,2,1,0,0,3,3,1,1,1,2,0,1,3,1,5,5,3,4
egg,12,58,163,36,7,23,1,16,12,2,2,60,6,5,2,60,4,7,44,9,4
eggs,7,8,31,4,1,1,0,2,0,0,1,7,0,4,0,9,0,0,7,0,0
ego,36,11,62,34,39,303,103,77,64,162,163,189,179,121,227,245,149,552,359,492,81
egyptian,0,0,0,2,0,0,0,0,0,0,0,1,0,2,0,0,0,3,1,3,0
eight,11,6,1,4,5,4,3,2,3,3,1,11,2,8,9,6,5,10,11,5,10
eighteen,0,0,0,0,0,0,0,0,0,0,0,0,0,0,0,0,0,0,1,0,1
eighth,0,0,0,0,0,2,0,1,1,0,0,1,0,1,2,0,1,0,0,2,0
eighty,0,0,2,0,0,0,0,0,0,0,1,0,0,0,0,2,0,1,0,0,0
either,4239,2251,2129,5048,2024,4409,1909,4432,2788,1566,3140,3965,7633,4369,3459,3591,8495,9623,9524,7415,7572
el,69,15,8,27,7,10,14,10,21,8,14,25,28,43,9,5,15,14,19,32,20
elaborate,2,0,0,0,2,1,0,1,1,0,0,2,0,0,1,1,1,1,1,2,5
elastic,13,12,11,5,5,8,32,3,4,7,22,12,20,21,7,5,16,28,21,27,44
elbow,24,1,2,0,4,4,8,7,16,0,24,5,4,8,32,16,42,7,11,23,2
elderly,0,0,0,0,0,0,0,0,0,0,0,0,4,0,0,0,0,0,0,0,0
elect,12,1,0,0,0,0,0,0,0,0,0,0,0,0,0,0,1,1,2,1,0
elected,0,0,1,0,0,1,0,0,0,0,0,0,0,0,0,0,0,0,1,0,0
election,0,0,0,2,2,2,0,0,0,0,1,1,0,0,0,2,2,5,0,0,1
elections,0,0,0,0,0,2,0,0,0,0,0,0,0,0,2,0,1,0,0,0,0
electoral,0,0,0,0,0,0,0,0,0,0,0,0,0,0,2,0,0,0,0,0,0
electric,17,5,3,0,5,7,0,0,3,1,7,1,7,0,10,1,13,1,5,7,1
electrical,3,0,0,0,0,17,0,0,1,0,1,2,0,0,0,0,8,0,0,0,0
electricity,2,0,3,0,0,23,1,0,2,4,0,1,1,0,3,0,0,1,1,1,0
electrode,0,0,0,0,0,0,1,0,0,0,0,0,0,0,0,0,1,1,0,0,0
electrodes,0,0,0,3,0,0,1,0,0,0,3,0,0,0,0,0,8,0,0,0,0
electromagnetic,1,1,0,0,0,0,0,1,0,0,0,0,0,0,0,0,5,0,0,2,0
electron,150,6,14,3,3,23,4,6,12,3,5,4,2,12,1,6,8,15,6,17,18
electronic,4,4,1,1,4,0,1,0,1,0,0,2,0,0,9,1,4,0,3,0,3
electronics,14,5,1,10,6,8,26,4,6,11,7,13,9,0,2,2,2,1,0,3,2
electrons,43,5,2,7,5,2,0,4,8,7,0,5,3,3,12,4,35,11,5,17,5
elegant,6,5,8,17,8,23,22,29,26,43,39,30,27,30,27,38,20,40,27,29,32
element,858,1021,1624,841,455,680,395,631,501,466,449,657,600,563,509,602,685,684,708,838,628
elementary,3,1,5,1,1,3,0,1,0,0,1,0,1,10,1,0,1,2,1,1,2
elements,829,427,640,488,368,631,385,507,526,411,378,510,577,507,465,543,674,651,648,769,739
elevated,1,0,2,1,0,0,0,0,2,0,3,3,0,0,2,0,0,0,0,0,5
elevation,27,11,13,26,36,14,12,12,23,11,30,7,8,36,13,4,7,38,6,14,10
elevator,0,0,0,0,0,0,0,0,0,0,0,0,0,0,0,0,6,0,0,0,0
eleven,0,0,0,0,0,0,0,0,0,0,0,0,3,2,4,2,6,4,2,2,4
eleventh,0,2,1,0,0,4,1,0,1,0,0,0,1,0,0,0,0,0,0,0,0
eligibility,0,6,0,0,0,0,10,0,0,0,0,0,0,0,0,0,0,0,2,4,0
eligible,10,16,5,2,2,1,4,0,0,2,0,1,3,0,1,0,0,7,0,7,5
eliminate,35,34,85,49,15,22,21,44,28,31,30,40,30,27,36,45,49,87,37,36,44
eliminated,15,10,10,4,5,8,3,5,4,7,3,15,21,15,22,16,16,21,10,7,9
eliminating,4,7,1,2,1,2,1,4,2,4,5,3,1,3,1,1,2,3,7,37,6
elimination,4,5,12,6,4,0,8,2,0,3,0,2,13,2,2,5,4,6,3,7,5
elite,0,11,7,2,0,0,0,5,1,1,4,3,8,0,0,0,9,2,0,1,21
elizabeth,0,0,0,0,0,4,0,0,0,0,0,0,2,0,0,3,0,0,0,0,0
ellen,2,0,0,0,0,0,0,0,0,0,0,0,0,0,0,0,0,0,0,0,0
ellis,7,1,0,0,0,0,0,0,0,0,0,1,1,0,0,0,0,1,0,0,1
else,2259,1318,1307,1522,1303,1907,1228,1634,1317,1821,1609,1777,1926,1679,2224,1966,2570,2737,2571,2216,2050
elsewhere,31,14,44,20,7,31,15,23,28,12,17,26,32,17,10,18,54,43,34,37,31
em,58,11,17,34,12,36,15,43,20,30,22,24,17,33,22,32,26,22,42,70,14
email,268,118,232,135,249,118,99,168,100,127,94,126,114,295,135,83,124,308,76,90,12
embassy,2,0,0,0,0,0,0,0,0,0,0,0,0,0,0,0,0,0,0,0,0
embedded,78,82,121,59,31,59,41,54,57,29,35,50,58,39,16,58,83,61,66,48,42
embodied,0,0,0,2,3,0,0,0,0,0,0,0,0,0,0,3,0,20,2,0,0
embrace,0,0,0,0,0,0,0,0,1,0,0,0,0,0,0,0,5,0,1,0,0
emerge,8,0,0,0,0,1,2,0,0,0,2,0,0,0,6,2,1,0,0,1,0
emerged,0,0,0,0,1,0,0,0,0,0,0,0,1,1,4,2,2,3,2,1,1
emergence,0,0,0,0,0,1,1,2,0,0,2,2,5,1,36,8,2,5,2,1,5
emergency,14,1,9,9,2,10,6,3,3,23,8,5,16,16,11,30,0,15,30,17,0
emerging,0,0,1,1,0,0,0,0,0,0,0,0,0,0,7,0,0,0,3,0,1
emerson,0,0,0,0,0,0,0,0,0,0,0,0,0,4,0,0,0,0,0,0,0
emily,0,0,0,0,0,0,0,0,0,0,0,0,0,0,0,2,0,0,0,0,0
emission,30,6,19,23,9,20,25,48,26,66,13,57,21,15,21,34,14,24,27,5,28
emissions,10,0,3,10,0,15,6,18,6,8,5,14,12,7,4,2,1,10,5,3,0
emma,0,0,0,0,0,0,0,0,0,0,0,0,0,0,0,0,0,0,0,1,0
emotion,7,4,9,9,0,6,10,13,2,4,24,9,22,1,8,22,16,34,18,17,3
emotional,0,1,0,0,4,0,3,2,2,4,0,0,1,0,0,2,6,0,2,2,1
emotions,0,4,18,6,0,5,8,1,0,2,9,2,3,0,0,3,9,25,2,4,0
emphasis,1,1,1,2,0,8,3,1,1,1,0,0,5,2,0,13,2,0,0,4,2
emphasize,3,0,0,0,0,1,1,1,0,0,1,1,0,0,2,11,1,0,8,3,8
emphasized,0,0,0,2,0,0,0,0,0,0,0,0,0,0,0,0,0,0,0,0,0
emphasizes,0,0,0,0,0,1,0,0,0,0,0,0,0,0,0,0,0,0,0,0,0
empire,0,0,0,0,3,0,0,0,0,0,0,0,0,1,0,0,0,0,0,0,0
empirical,67,30,35,74,25,21,43,25,13,37,15,26,17,14,34,19,31,39,26,26,21
employ,20,8,3,31,1,2,12,20,0,22,6,3,2,3,7,1,2,3,4,5,4
employed,6,7,1,10,2,4,3,6,7,3,5,5,5,8,6,12,10,6,2,9,4
employee,0,0,0,0,0,0,0,0,0,2,7,1,5,0,0,0,0,0,0,0,0
employees,3,0,6,0,0,1,4,1,1,0,19,2,0,4,14,4,0,3,0,1,3
employer,0,0,0,0,0,0,0,0,0,0,0,0,3,0,0,1,0,0,0,0,0
employing,1,2,1,0,1,2,0,0,1,2,0,2,0,0,1,1,2,0,1,0,1
employment,0,0,0,0,0,0,0,0,0,0,0,0,1,0,0,0,0,0,0,0,0
employs,0,1,0,0,0,0,0,0,0,0,0,1,1,1,1,1,0,0,1,0,0
empowered,0,0,0,0,0,0,0,0,0,2,0,0,0,0,0,0,0,0,0,0,0
empty,1433,1001,1520,1336,1219,1520,1285,1393,1279,1378,1617,1928,1575,1729,1228,1435,1612,1986,1870,1818,1595
en,227,169,189,236,241,294,240,358,254,303,357,349,713,448,455,553,481,1065,679,614,478
enable,1283,1257,1007,697,545,351,388,378,331,448,617,578,488,683,586,693,1150,1962,1100,1067,1083
enabled,143,95,154,105,79,135,91,139,93,187,192,230,159,206,181,162,282,292,343,494,384
enables,23,27,18,25,18,33,20,25,26,34,39,26,32,31,31,38,37,57,47,105,42
enabling,74,38,25,14,29,26,19,31,29,23,24,42,21,30,21,27,52,43,70,34,21
enact,0,0,0,0,0,0,0,0,0,0,0,0,0,0,0,0,0,0,0,0,2
enacted,0,0,0,0,0,0,0,0,0,0,0,0,0,0,0,0,0,3,0,0,0
enclosed,4,3,2,5,8,3,7,6,2,3,10,5,7,7,9,16,16,11,43,23,32
encounter,21,25,11,43,12,22,5,15,6,13,26,16,44,30,13,20,26,22,15,26,18
encountered,34,27,36,39,14,12,6,16,4,6,17,22,21,20,15,20,31,42,20,25,35
encourage,15,5,6,11,5,17,8,17,8,7,6,11,7,9,9,6,5,9,9,7,11
encouraged,31,1,2,0,11,1,1,5,1,3,0,8,0,0,0,0,3,7,4,1,2
encouragement,0,0,0,0,0,0,0,0,1,0,0,0,0,0,0,1,0,0,0,0,1
encouraging,3,0,1,4,1,8,6,24,10,3,1,4,5,5,0,3,0,1,2,3,0
end,5216,2237,2207,2223,1295,2293,1329,3195,1587,2211,1808,2123,2524,1880,1662,2185,2504,2427,2393,2548,2153
ended,50,51,35,27,43,58,52,54,24,41,37,17,71,22,15,17,33,33,26,40,29
ending,111,56,76,54,46,101,50,78,61,93,52,86,75,92,71,81,140,125,138,93,108
endless,0,4,3,2,0,0,1,0,1,2,0,0,2,1,0,0,0,1,1,1,2
endorsed,12,1,0,0,0,0,0,0,0,0,0,0,0,0,0,0,0,0,0,0,0
endorsement,12,1,17,0,0,0,0,0,0,0,0,0,0,0,0,0,0,0,0,0,0
ends,120,111,179,131,66,120,60,122,115,66,81,131,125,81,110,95,145,137,184,205,152
endure,0,0,0,0,0,0,2,0,0,0,0,0,0,0,0,0,0,0,0,0,0
enemies,4,0,0,0,3,1,1,0,4,0,1,4,3,3,3,11,2,0,0,0,0
enemy,10,0,0,0,1,0,2,0,11,1,4,21,4,9,6,19,0,0,0,1,0
energies,42,9,16,2,12,16,7,27,2,9,14,8,57,16,11,28,23,23,14,42,8
energy,281,131,119,62,145,179,96,193,151,139,116,196,150,126,163,173,140,255,166,205,172
enforce,63,44,41,35,30,41,30,45,40,36,37,58,85,59,55,59,65,73,69,73,82
enforced,14,7,6,1,9,10,1,7,3,12,1,11,7,3,9,5,8,19,11,17,10
enforcement,2,0,1,0,0,1,1,0,5,2,5,8,0,0,0,0,1,0,4,0,1
eng,3,3,2,6,8,2,5,2,2,0,0,1,3,10,10,7,4,6,11,4,12
engage,1,0,0,0,0,0,0,0,0,0,0,0,15,0,2,3,0,0,4,0,0
engaged,6,0,1,0,0,1,1,0,0,0,0,0,0,0,0,0,2,0,5,6,2
engagement,0,0,0,0,0,1,0,0,0,0,0,0,0,3,3,0,0,0,0,0,0
engaging,0,0,0,0,0,0,0,0,0,0,0,0,0,0,0,0,0,2,0,0,0
engine,141,69,75,77,87,63,35,44,67,78,73,91,81,82,90,74,107,257,180,238,190
engineer,0,8,0,0,1,2,0,1,0,1,1,0,2,0,0,0,1,5,2,4,9
engineering,17,14,24,14,12,8,6,12,5,4,5,7,8,11,8,14,8,9,17,4,9
engineers,0,0,1,0,0,0,0,0,0,0,0,0,4,0,0,0,0,0,0,1,0
engines,7,4,0,5,5,4,1,1,5,0,5,0,2,4,5,3,13,6,36,28,40
england,0,6,0,0,1,0,0,0,0,0,1,0,0,1,0,0,0,1,0,0,2
english,119,62,65,117,43,127,79,120,61,97,75,80,154,129,35,102,202,247,150,198,112
engrossed,0,0,0,0,1,0,0,0,0,0,0,0,0,0,0,0,0,0,0,0,0
enhance,6,10,20,8,1,1,1,10,5,7,24,5,16,11,19,7,31,75,58,25,21
enhanced,9,8,27,14,12,14,7,10,19,8,18,36,18,10,35,4,16,10,18,18,29
enhancement,9,1,18,13,1,5,5,16,23,32,12,40,7,24,17,12,8,12,11,16,28
enjoy,0,2,0,2,2,2,0,0,1,0,0,0,0,6,2,3,16,7,14,14,17
enjoyed,0,0,0,0,0,0,0,0,0,0,0,0,0,1,0,0,0,0,0,0,0
enjoying,0,0,0,0,0,0,0,0,1,0,0,0,0,1,0,0,0,0,0,0,0
enlarged,2,2,1,9,7,2,8,1,6,6,6,9,7,7,7,9,2,13,12,8,2
enlargement,0,0,1,0,0,0,5,0,0,3,0,0,0,0,0,0,2,3,1,0,0
enormous,0,0,4,2,0,4,3,5,7,6,1,6,6,6,1,1,4,0,4,5,2
enough,303,185,336,244,159,320,165,334,202,224,216,309,334,294,314,357,437,336,373,387,345
enrolled,1,0,0,0,0,0,0,0,0,0,0,0,0,0,0,0,0,0,0,0,0
enrollment,6,2,0,0,0,0,0,0,4,1,0,0,0,0,0,0,0,0,3,0,7
ensure,591,543,865,608,336,744,428,707,469,505,572,793,991,752,706,770,1314,1321,2102,1992,1852
ensuring,16,11,14,13,9,34,8,76,6,13,35,59,118,30,14,24,31,47,71,54,37
ent,15,23,15,14,11,25,3,25,8,61,20,8,31,8,10,9,24,13,6,1,12
enter,101,24,49,18,15,56,42,75,55,88,60,48,72,38,50,39,56,87,49,118,43
entered,33,5,20,3,3,10,3,14,7,4,12,17,2,3,6,7,8,9,10,12,10
entering,37,12,32,14,14,36,7,18,9,10,4,23,15,20,3,4,15,19,16,11,15
enterprise,0,8,17,4,0,1,0,2,0,0,0,3,0,1,0,2,3,0,3,3,3
enterprises,0,0,0,0,0,0,0,0,0,0,0,0,0,0,0,0,0,0,0,0,1
enters,20,3,7,14,3,30,18,21,20,19,4,35,18,18,5,4,8,11,14,14,5
entertainment,0,0,0,1,0,2,0,0,0,1,1,1,0,0,0,0,0,0,1,0,0
entire,341,197,240,387,233,336,177,346,193,206,282,307,447,362,192,285,514,492,505,518,514
entirely,103,57,34,141,69,142,45,116,77,42,63,118,157,95,34,66,135,150,133,93,73
entities,71,80,90,99,125,145,107,112,63,73,92,84,146,86,58,237,226,221,89,142,71
entitled,7,1,0,0,0,0,0,0,0,0,0,0,0,1,0,1,1,2,1,1,4
entity,127,157,124,184,141,209,95,184,124,177,127,170,357,173,162,250,349,381,158,188,150
entrance,4,5,0,5,0,2,0,4,0,2,0,9,2,0,1,1,2,9,0,7,1
entries,276,216,305,193,139,257,120,170,174,206,205,243,212,166,197,216,230,237,224,292,257
entry,373,337,508,252,112,466,153,260,211,294,128,405,253,253,199,352,247,457,259,260,273
enumerated,33,1,1,6,0,2,1,4,6,1,2,3,6,6,7,0,5,1,7,1,0
envelope,70,19,54,31,17,27,23,36,38,27,31,16,37,20,28,27,40,27,33,21,21
environment,923,401,523,437,273,419,281,410,380,314,338,708,429,556,726,630,628,1206,633,570,971
environmental,6,6,11,4,6,5,2,6,7,3,6,8,6,8,21,33,10,10,3,2,2
environments,98,60,48,67,95,57,18,88,45,44,47,74,102,67,65,84,205,151,191,150,654
enzyme,0,0,0,4,0,0,0,0,0,0,0,0,0,0,0,1,0,1,1,0,0
enzymes,1,1,0,2,0,1,1,0,0,2,0,0,0,0,0,0,1,1,0,0,0
epa,0,0,0,0,0,2,0,0,0,0,0,0,0,0,0,0,0,0,0,0,0
epidemic,0,1,1,0,0,0,0,0,0,0,0,5,0,0,1,0,0,0,0,0,0
episode,321,190,114,275,89,312,155,166,189,111,117,134,115,94,304,232,111,497,98,75,135
episodes,106,108,41,85,36,191,38,73,22,34,47,45,58,33,110,54,32,64,74,15,44
eq,144,78,122,106,92,65,62,171,71,99,196,205,107,121,134,139,131,212,159,141,273
equal,412,318,484,521,376,768,414,650,480,459,670,745,910,782,560,515,1133,776,985,1011,962
equality,45,36,60,17,12,35,9,25,25,17,12,21,13,19,26,14,29,39,37,60,67
equally,40,36,39,39,18,56,38,58,41,45,31,54,53,49,33,34,36,37,53,35,33
equals,85,56,64,68,50,111,69,109,82,100,95,92,169,147,113,123,230,183,129,142,124
equation,138,45,102,58,50,100,79,82,48,132,157,157,113,92,142,275,282,212,779,381,264
equations,45,14,29,17,6,16,25,11,47,12,20,72,20,26,36,41,35,38,21,36,41
equilibrium,8,5,3,4,4,0,1,3,11,0,0,8,1,2,2,0,3,18,24,6,6
equipment,3,0,0,0,0,0,0,1,0,4,4,7,2,7,2,1,4,4,9,6,2
equipped,3,3,6,10,15,8,19,13,15,12,18,19,3,12,3,8,19,6,16,16,6
equitable,0,0,5,0,0,0,0,0,0,0,0,2,0,0,0,0,0,0,0,0,0
equity,0,0,0,0,0,0,0,0,0,0,0,0,6,0,0,0,1,0,0,0,0
equivalent,214,142,266,165,91,225,131,152,130,146,211,256,264,229,167,241,334,363,367,420,494
er,70,32,17,30,10,21,37,19,22,30,31,18,37,23,25,18,33,22,21,15,23
era,0,1,0,3,0,0,0,3,0,2,0,0,1,0,1,0,0,0,0,2,1
ere,0,0,1,0,0,1,0,0,0,2,0,0,0,0,0,0,0,0,0,0,0
erect,0,0,0,0,0,0,0,0,0,0,0,0,0,0,1,0,0,0,0,0,0
erected,0,0,0,0,0,0,0,0,0,0,0,0,0,1,0,1,0,2,1,1,4
eric,3,0,4,6,0,25,14,2,2,6,2,5,0,0,4,17,2,6,18,20,3
erosion,3,4,5,6,1,9,10,3,15,2,2,4,3,1,13,6,10,8,2,3,2
erroneous,6,3,4,2,0,1,1,5,1,0,3,1,3,2,1,1,0,4,1,2,6
error,1802,985,1612,1089,684,1429,685,1182,1086,947,1171,1669,1580,1430,1289,1465,2196,2110,2684,2807,2271
errors,749,312,537,415,243,454,244,301,344,325,240,425,386,361,260,377,513,533,539,659,624
es,121,94,50,48,35,188,44,46,49,51,87,40,168,96,69,57,46,118,68,55,70
escape,67,46,84,28,10,23,6,20,20,30,9,36,19,8,19,35,26,33,21,36,27
escaped,37,31,70,39,10,11,5,8,3,13,5,12,10,7,5,20,8,5,20,10,7
especially,51,14,30,22,15,34,11,17,21,21,14,25,36,24,22,28,48,51,45,55,48
essay,0,0,0,0,0,0,0,0,2,0,0,0,0,0,0,0,1,0,0,0,0
essays,0,0,0,0,0,1,1,1,0,0,1,1,2,2,1,0,2,0,2,1,1
essence,1,0,0,0,0,0,0,0,0,0,2,0,1,2,0,3,1,0,2,0,1
essential,27,16,16,10,19,16,8,34,37,17,26,29,31,19,17,31,15,26,16,24,22
essentially,49,45,28,39,18,47,27,41,30,21,15,23,30,20,35,35,32,34,19,30,26
est,23,6,15,4,3,20,5,3,4,19,5,13,13,2,3,13,14,43,4,11,13
establish,15,4,33,17,8,7,8,12,18,9,10,25,25,25,6,8,4,11,21,24,15
established,11,24,37,16,5,12,11,19,15,9,6,20,16,9,6,12,8,8,12,5,4
establishes,2,0,0,2,0,0,0,0,0,0,0,0,0,0,0,1,0,0,0,0,0
establishing,0,0,4,1,0,0,1,0,0,1,0,1,0,0,0,0,1,1,1,1,0
establishment,0,0,0,0,0,0,0,0,0,0,4,0,0,0,0,0,0,0,0,0,4
esteem,0,0,0,0,0,0,0,0,0,0,0,0,0,0,0,1,0,0,0,0,0
estimate,273,158,270,197,136,272,149,165,170,141,151,200,268,192,203,327,211,237,307,253,263
estimated,123,50,56,75,87,78,84,75,84,83,56,120,103,68,127,63,123,87,93,116,90
estimates,129,13,44,27,71,28,42,19,50,36,14,46,36,23,53,32,51,48,79,61,95
estimating,21,5,16,25,6,4,1,17,6,3,12,12,13,13,9,13,24,3,18,11,8
estimation,148,106,95,43,78,132,59,54,105,80,150,93,145,58,141,62,95,109,129,117,152
et,248,119,167,153,136,206,177,208,204,234,130,260,230,246,386,169,193,175,184,185,110
etc,458,322,427,320,216,440,284,464,350,395,362,580,589,470,436,330,603,517,583,515,519
eternal,0,1,0,0,0,0,0,0,0,0,0,0,0,0,0,0,0,0,0,0,0
ether,0,0,0,0,0,0,0,0,0,0,0,0,0,0,0,0,1,0,3,1,1
ethical,0,0,0,0,0,0,0,0,0,0,0,0,0,6,0,0,0,0,1,0,0
ethics,0,0,0,0,0,0,0,1,0,0,0,0,0,1,0,0,0,1,4,0,4
ethnic,0,1,0,0,0,0,0,0,1,0,3,0,0,19,6,0,0,0,0,0,0
eu,44,6,1,0,2,1,2,4,1,12,1,2,1,11,3,3,4,8,4,3,4
eugene,0,0,0,0,0,4,0,0,0,0,0,0,0,0,0,0,0,0,0,0,0
europe,28,5,0,1,0,0,2,0,0,6,4,0,0,0,0,1,0,1,0,0,2
european,44,2,0,0,1,1,0,1,2,1,0,4,0,4,0,4,1,0,1,1,4
evaluate,1069,699,661,781,690,964,644,812,846,798,820,799,908,766,777,717,839,1519,793,825,621
evaluated,78,62,62,63,44,70,49,64,99,81,53,135,105,76,81,177,64,105,85,77,88
evaluating,133,91,66,122,80,139,78,126,122,87,119,123,116,144,115,89,152,151,146,108,79
evaluation,1617,881,841,1424,905,1474,1235,1361,1346,1255,1418,1571,1793,1813,1666,1517,2102,1992,2027,1459,1679
evaluations,59,23,44,30,22,29,20,26,30,24,27,20,42,31,59,33,40,34,33,56,39
evans,0,0,3,0,0,0,0,0,0,0,0,0,0,0,1,0,0,7,1,0,0
evaporation,0,0,0,0,0,0,0,0,0,0,1,84,5,0,10,0,0,0,0,0,0
eve,4,2,0,14,4,2,4,1,1,0,0,1,0,0,0,12,0,0,0,0,0
even,1201,804,1035,731,324,584,369,684,338,372,299,534,641,486,462,534,665,750,765,731,713
evening,6,0,0,0,2,0,0,4,0,0,0,0,0,0,0,0,0,1,0,0,0
event,1134,375,339,242,464,272,168,360,177,288,111,471,482,421,428,342,319,453,393,690,438
events,239,68,90,88,701,67,201,121,46,184,58,151,137,208,208,103,152,194,174,168,98
eventually,47,58,87,55,21,64,28,87,26,40,66,84,108,68,66,38,99,46,101,89,82
ever,64,67,81,43,24,53,29,41,23,41,25,41,53,25,41,45,53,52,45,64,48
everett,0,0,0,0,0,0,0,0,0,0,0,0,0,0,0,0,0,0,0,0,1
every,1189,684,973,965,621,1000,701,995,824,856,775,947,1118,984,893,844,1127,2138,1193,1115,1089
everybody,4,0,2,0,0,1,0,5,0,3,2,2,7,1,1,1,9,9,3,15,1
everyday,0,0,0,0,0,0,0,0,0,0,0,0,0,1,0,0,1,0,0,0,0
everyone,20,8,29,21,5,7,8,6,6,11,12,16,18,17,7,20,20,22,25,32,8
everything,413,301,457,316,196,349,207,286,189,195,282,366,380,352,290,307,466,401,561,542,459
everywhere,16,15,29,17,32,51,17,64,28,18,28,74,94,45,28,32,80,65,76,43,25
evidence,13,78,44,55,18,24,17,32,15,26,11,12,37,37,44,26,23,55,43,56,24
evidenced,0,0,0,2,0,0,2,0,0,0,0,0,0,0,0,0,0,0,0,0,0
evident,3,0,0,0,0,0,0,0,0,0,0,0,0,0,0,0,0,2,4,0,0
evidently,1,0,0,0,0,1,0,0,0,0,0,0,0,0,0,0,0,0,0,0,0
evil,1,2,3,2,0,2,3,8,1,6,0,0,8,0,0,0,0,4,3,1,1
evolution,51,29,19,29,31,33,8,22,11,61,36,46,49,27,29,13,30,177,98,20,38
evolutionary,0,2,49,4,3,2,4,0,10,5,15,5,2,1,4,0,1,14,14,1,1
evolved,4,0,4,5,5,3,1,7,2,2,0,0,6,0,5,2,0,5,8,1,5
ex,232,61,60,90,20,117,43,73,65,35,43,48,104,59,26,69,82,75,53,64,28
exact,171,65,221,135,65,213,124,154,90,103,80,143,187,150,90,150,269,263,289,260,269
exactly,206,106,202,139,86,165,105,149,69,75,105,157,157,133,117,126,211,199,246,247,291
exaggerated,2,0,0,0,0,0,0,0,0,0,0,0,1,0,0,0,0,0,2,0,4
examination,2,1,1,2,1,0,1,0,0,3,3,1,4,2,0,1,0,0,2,0,0
examine,35,9,11,7,2,105,3,5,12,2,1,4,8,15,7,8,15,9,7,16,4
examined,2,2,1,2,0,2,1,1,0,1,3,0,0,5,1,0,0,0,0,2,2
examines,5,0,0,0,1,0,0,1,0,0,0,0,0,0,0,0,0,0,0,0,0
examining,2,2,1,2,1,0,0,1,2,0,2,3,1,1,2,6,5,0,5,0,7
example,1520,810,847,1230,586,1153,869,1312,712,871,823,995,1430,1318,967,916,1834,1473,1727,1520,1205
examples,853,520,322,546,343,657,395,670,322,447,468,513,1001,678,494,458,905,756,631,732,483
exceed,32,30,53,51,41,76,52,60,53,83,65,61,96,79,68,41,118,94,72,78,73
exceeded,21,13,13,8,8,4,11,10,10,10,29,15,20,21,13,24,30,29,25,27,24
exceeding,2,6,10,5,9,7,6,8,6,13,9,8,8,8,6,9,7,10,13,17,12
exceedingly,0,0,0,0,0,0,0,0,0,0,0,0,0,0,0,0,0,0,1,0,0
exceeds,23,26,30,32,13,30,23,31,31,32,21,19,21,19,21,28,46,41,40,52,56
excellent,0,0,1,0,0,2,0,0,0,0,0,0,3,0,0,2,1,0,0,1,2
except,4200,1756,1585,4783,1931,4213,1762,4063,2743,1510,3114,3826,7248,4218,3378,3454,8316,9324,9327,7318,7524
exception,433,266,670,217,139,311,150,250,97,181,119,284,190,192,228,266,322,407,372,520,510
exceptional,5,0,2,1,0,1,0,1,0,0,0,0,2,2,0,2,0,0,5,1,5
exceptions,173,115,256,67,38,147,35,63,27,43,15,69,44,30,31,72,29,77,79,67,66
excess,20,6,21,8,45,17,11,8,16,6,10,9,17,13,8,16,15,11,9,9,16
excessive,5,3,5,5,1,3,5,6,2,8,15,2,5,5,9,2,6,7,3,9,6
exchange,32,12,5,5,5,8,9,12,5,21,17,31,58,25,16,24,46,29,37,72,32
exchanged,0,2,2,3,1,3,1,6,2,1,0,4,11,6,3,6,5,7,2,0,1
exchanges,0,0,0,0,0,0,0,0,0,0,0,0,6,0,0,1,2,0,1,0,5
excise,1,0,0,0,0,0,0,0,0,0,0,0,0,0,2,0,0,0,1,8,0
excitation,71,9,15,68,36,35,62,30,59,98,68,31,40,31,60,54,22,52,29,35,12
excited,0,0,0,0,0,7,0,1,0,4,0,0,0,0,1,0,0,0,1,0,0
excitement,0,0,0,0,0,0,0,0,0,0,0,0,0,0,0,0,0,0,2,0,0
exciting,0,0,1,0,0,0,0,0,0,0,0,0,0,0,0,0,0,0,0,1,0
exclude,275,174,168,191,124,198,155,180,136,166,168,215,240,225,164,136,194,290,170,251,186
excluded,76,51,58,36,12,40,33,30,27,16,28,28,43,20,26,48,53,57,37,47,37
excludes,32,17,22,15,13,19,17,11,9,7,9,14,12,7,9,16,54,31,25,19,21
excluding,34,23,24,34,18,45,28,30,34,34,12,54,67,41,97,40,51,56,70,58,48
exclusion,8,4,4,8,2,10,0,3,1,3,5,3,5,6,6,6,12,13,3,23,18
exclusive,75,32,10,39,14,43,29,19,22,51,21,32,25,28,37,28,27,40,24,53,48
exclusively,4,3,3,0,0,4,1,0,5,2,1,1,1,12,1,2,19,17,17,19,24
excuse,0,0,0,0,0,0,0,0,1,0,0,0,0,0,0,1,0,0,0,0,0
execute,266,152,156,149,143,345,169,135,113,196,182,203,164,243,211,203,256,329,277,316,296
executed,142,48,46,64,39,60,54,59,41,66,35,45,57,29,79,35,51,133,89,104,126
execution,155,99,105,130,76,112,103,73,65,91,76,83,99,95,70,82,88,169,135,267,180
executive,66,0,0,0,0,1,0,0,0,0,0,2,0,3,0,0,0,0,0,0,0
executor,14,31,11,21,0,7,9,6,5,5,6,5,19,17,2,14,67,34,40,79,73
exempt,2,2,0,0,2,3,1,0,0,0,0,2,0,0,0,0,0,3,0,0,6
exercise,121,17,3,2,0,6,5,2,4,4,3,1,0,0,5,8,0,6,15,4,5
exercised,0,0,0,1,0,2,0,0,0,0,0,0,0,1,0,2,2,5,2,1,1
exercises,1,6,2,0,0,4,0,5,0,0,4,5,8,3,4,0,6,2,3,4,3
exercising,24,2,0,0,0,0,0,0,0,0,0,1,0,0,3,1,0,0,1,1,1
exerted,1,0,0,0,0,1,0,0,0,2,0,0,0,0,0,1,0,0,0,0,0
exhaust,3,4,0,3,3,0,1,2,3,0,1,3,1,5,5,10,7,12,2,4,12
exhausted,6,23,20,8,11,12,13,16,22,13,14,18,19,16,6,15,12,20,14,26,15
exhibit,0,1,1,1,1,4,1,0,1,3,0,1,0,1,0,0,0,2,13,2,3
exhibited,0,0,0,0,0,2,1,0,0,0,0,0,0,1,0,0,0,0,0,1,0
exhibition,0,2,0,0,0,0,0,0,0,2,0,0,0,0,0,0,1,0,0,0,0
exhibits,0,2,1,0,0,0,0,0,0,0,0,0,1,1,0,0,0,2,2,2,0
exist,500,465,462,522,287,534,304,468,370,353,429,482,566,510,432,610,913,680,914,860,649
existed,24,12,10,14,4,9,16,5,15,11,4,11,10,11,11,15,39,23,18,22,28
existence,27,17,37,41,7,32,37,39,37,37,28,42,31,24,28,29,23,17,35,35,22
existing,293,251,361,239,127,242,123,260,148,242,283,283,365,277,297,276,377,430,506,432,342
exists,774,456,460,475,315,663,412,630,429,681,481,538,716,620,586,611,927,853,907,927,1057
exit,505,219,213,229,279,322,269,289,340,314,253,415,349,200,319,351,401,269,324,473,219
exp,570,284,416,425,343,420,304,432,340,455,352,401,453,444,453,384,423,512,506,483,365
expand,403,287,275,377,341,478,331,539,411,402,474,516,670,497,415,589,851,795,1382,1000,744
expanded,33,49,45,61,27,41,39,31,50,48,23,44,31,29,22,34,30,43,59,70,72
expanding,29,45,28,18,6,26,11,38,17,20,9,12,18,18,18,21,29,16,17,29,32
expansion,152,84,109,168,82,104,154,103,116,200,241,95,232,125,208,135,224,298,114,194,132
expect,148,76,137,139,107,323,87,175,110,159,160,168,212,221,125,149,318,319,261,403,380
expectation,38,28,22,26,12,28,28,36,23,19,9,30,42,44,42,41,53,35,36,47,72
expectations,4,2,2,3,9,9,6,6,4,8,6,5,1,1,6,4,2,6,5,61,8
expected,418,279,391,446,226,553,325,480,208,261,310,453,590,486,403,369,708,642,842,1063,962
expecting,15,21,40,17,21,34,5,33,8,9,19,29,50,19,9,23,34,40,36,32,23
expects,162,102,153,185,127,192,175,227,111,110,193,212,229,241,141,166,348,301,385,341,255
expended,1,0,0,1,0,0,0,1,0,1,0,0,0,2,0,0,4,0,3,2,2
expense,0,1,0,5,0,0,2,0,0,0,2,0,0,0,2,1,1,0,1,4,2
expenses,24,2,16,1,0,1,0,0,0,0,0,0,0,0,0,0,0,0,1,0,0
expensive,97,36,36,17,23,24,18,22,18,19,12,20,33,19,41,28,45,33,42,35,48
experience,92,38,46,22,38,28,21,32,86,35,25,63,16,23,76,20,33,30,38,50,89
experienced,19,0,2,0,15,0,1,5,1,1,0,14,1,1,0,0,0,13,0,1,0
experiences,7,11,1,10,7,10,15,8,6,0,7,7,15,5,2,0,7,6,2,1,4
experiencing,5,0,0,5,0,0,0,0,0,0,0,0,0,0,0,1,0,5,0,0,1
experiment,576,216,203,260,243,390,170,229,307,297,156,387,210,256,644,275,355,295,345,415,394
experimental,75,48,41,59,37,63,66,44,35,126,104,91,94,52,124,86,256,116,87,128,77
experiments,224,162,92,160,143,363,146,172,113,204,273,218,170,147,131,187,221,312,503,217,140
expert,65,10,20,32,28,51,16,50,62,54,84,81,64,83,36,95,131,133,138,458,200
expertise,2,0,0,0,0,0,0,0,0,0,0,0,0,0,0,0,2,0,1,0,1
experts,50,0,18,11,9,30,4,18,32,9,50,12,22,77,27,19,53,61,52,202,176
expiration,4,10,8,2,0,8,0,1,0,2,0,1,0,1,1,3,1,0,2,0,0
expired,2,24,18,6,5,2,2,6,0,6,4,3,3,2,9,3,4,1,13,2,7
explain,13,8,5,3,3,15,4,9,4,32,8,24,3,6,19,15,18,33,16,12,16
explained,25,253,259,21,9,8,3,9,5,15,7,11,16,14,4,14,8,11,11,10,27
explaining,0,4,6,2,2,4,0,5,2,2,1,9,3,2,3,1,4,6,15,5,7
explains,1,3,0,1,2,1,1,4,2,2,1,0,2,2,0,1,0,0,2,3,1
explanation,51,62,53,40,14,42,10,44,18,36,22,65,55,48,27,58,73,31,57,74,29
explanations,8,19,2,15,7,25,2,17,1,16,8,15,52,13,12,6,30,5,2,24,8
explicit,117,88,267,100,62,156,49,103,63,82,77,127,129,91,99,141,210,123,174,260,140
explicitly,188,154,245,146,97,182,91,169,80,92,96,143,165,149,222,185,219,293,285,382,285
exploitation,4,0,1,3,3,1,4,2,8,6,0,3,1,9,0,0,1,3,4,6,1
exploration,52,12,41,55,24,44,101,84,51,30,29,81,42,18,68,52,23,34,41,35,77
explore,24,9,6,8,13,17,8,18,13,12,16,4,19,22,10,21,18,30,28,31,17
explored,2,4,4,2,2,20,11,4,1,5,0,1,8,4,3,0,0,8,6,6,3
exploring,5,2,4,5,1,2,2,5,0,2,1,1,2,5,2,0,1,5,1,2,3
explosion,11,2,1,5,2,3,0,0,1,1,1,2,5,7,2,6,3,5,5,4,6
explosive,0,0,1,0,0,0,0,0,0,0,0,0,0,0,0,0,0,0,0,0,0
export,131,102,132,144,80,151,113,158,145,178,212,182,218,254,158,223,399,343,275,276,384
exported,18,14,30,35,18,65,39,85,60,64,83,110,159,111,48,92,184,206,149,158,161
exports,22,15,9,87,11,4,2,0,3,5,10,3,5,7,6,8,11,6,4,6,3
expose,29,46,46,42,21,40,30,56,20,30,19,36,31,23,36,24,26,24,34,25,46
exposed,17,7,19,20,15,21,0,41,4,13,6,13,14,3,6,4,11,12,15,9,19
exposition,0,0,0,0,0,1,0,0,0,0,0,0,0,0,0,0,0,0,0,0,0
exposure,68,4,6,14,23,19,6,11,14,9,30,29,35,13,41,36,63,30,62,56,25
exposures,8,3,0,2,4,4,0,1,2,0,2,6,1,1,12,17,19,9,24,21,1
express,4450,1724,1388,4623,1909,3855,1643,3943,2595,1493,2903,3868,7286,4187,3331,3322,8153,9062,9222,7159,7226
expressed,30,14,34,12,0,8,8,10,5,8,8,5,6,10,13,27,24,21,62,31,24
expresses,2,0,0,0,1,0,0,0,0,0,0,0,0,0,0,0,0,0,2,0,0
expressing,1,0,0,0,0,0,0,0,0,0,0,0,3,0,0,0,1,0,0,7,6
expression,187,125,144,105,168,145,99,153,70,100,18,132,126,65,67,215,157,211,108,112,179
expressions,65,81,97,53,30,62,18,33,27,32,7,74,32,23,29,97,101,94,29,38,69
expressly,48,4,0,0,0,0,0,0,10,0,0,14,0,0,0,1,0,1,0,0,0
extend,180,134,192,164,274,200,182,197,166,155,159,243,383,221,274,204,273,337,264,316,183
extended,92,95,170,80,55,72,33,66,30,40,48,67,98,52,61,44,61,56,56,68,78
extending,9,7,8,4,19,9,13,8,5,6,8,11,16,14,6,9,17,13,17,21,10
extends,8,10,27,8,4,9,3,2,3,9,2,4,3,7,8,0,1,5,6,9,9
extension,266,162,276,220,154,329,162,207,170,190,137,362,227,287,188,275,210,383,312,202,255
extensions,1253,136,156,146,117,141,117,133,114,124,80,149,132,144,93,118,108,135,171,124,162
extensive,2,0,2,1,3,3,0,2,2,2,1,3,4,1,3,1,4,2,5,5,0
extensively,0,2,2,2,3,0,5,0,2,1,0,0,0,2,1,1,0,0,0,3,1
extent,210,34,29,27,39,113,45,136,23,22,113,95,222,153,96,41,329,36,174,218,171
exterior,0,4,8,14,6,17,20,12,12,15,11,15,10,9,9,14,23,10,14,7,6
external,154,102,101,135,66,133,66,105,71,85,67,91,109,66,117,102,115,117,148,105,117
extra,628,503,718,718,466,916,552,734,632,778,684,886,897,758,642,830,1134,1087,1844,1186,1137
extract,730,534,626,482,315,667,524,895,627,499,567,788,769,790,713,777,1182,1155,1236,1396,1231
extracted,106,78,92,98,108,109,123,94,110,188,120,111,110,76,67,101,112,202,106,125,117
extraction,186,46,94,104,73,94,83,94,119,137,148,160,146,108,151,115,185,215,229,170,87
extracts,21,13,29,18,4,11,22,21,7,10,16,7,42,6,32,18,20,47,11,24,19
extraordinary,0,0,0,0,0,0,0,0,0,0,0,0,2,0,0,0,0,0,0,0,0
extreme,37,27,25,24,20,59,36,42,33,30,29,82,60,60,36,67,49,32,33,52,58
extremely,20,15,15,11,10,14,7,10,8,9,21,11,15,17,16,10,22,19,28,29,14
extremity,0,4,8,0,0,0,0,0,0,0,0,0,0,0,0,0,0,0,0,0,0
eye,175,142,65,66,41,71,55,80,81,109,66,86,108,111,116,140,138,166,92,160,58
eyes,3,22,37,23,2,6,6,8,5,7,15,5,5,5,12,13,2,14,15,16,10
f,2663,1867,1930,2259,2024,2810,2109,2805,2381,3310,2787,2970,4775,3519,4349,4547,6698,5128,4950,5329,4474
fabric,4,0,0,0,1,0,0,1,0,0,6,0,0,0,0,10,7,0,12,2,1
fabricated,0,0,0,0,0,0,0,0,0,0,0,0,0,0,0,0,5,0,0,0,0
fabrication,0,0,0,0,0,0,0,0,0,0,0,0,0,0,0,0,1,0,0,0,0
fabrics,7,0,0,0,0,0,0,0,0,0,0,0,0,0,0,0,0,0,0,0,0
face,215,127,165,162,220,201,742,197,153,205,208,222,292,221,216,180,283,338,256,395,187
faced,2,0,0,0,0,0,0,0,0,0,0,0,0,0,0,1,0,0,0,2,0
faces,58,118,104,59,58,47,132,114,54,41,73,67,48,77,103,34,71,59,82,114,47
facial,11,4,7,1,5,8,8,15,2,9,27,16,18,10,5,13,7,17,12,5,7
facilitate,15,8,10,5,2,6,1,6,1,31,23,5,2,7,11,4,35,21,24,21,15
facilities,6,1,1,1,2,0,0,0,3,0,0,1,0,0,0,3,1,1,1,5,4
facility,0,0,0,0,0,0,1,0,0,0,2,0,2,0,0,0,1,0,1,1,0
facing,15,15,10,7,12,25,9,17,27,21,30,11,20,22,18,19,9,18,12,46,15
fact,135,72,172,99,63,99,55,76,67,105,38,113,49,65,66,83,50,162,90,145,86
factor,783,440,730,528,568,542,522,544,565,691,509,734,682,767,590,566,788,933,816,938,753
factories,2,2,0,5,0,1,1,0,0,0,0,2,5,1,2,5,4,7,1,0,2
factors,148,83,90,82,131,96,77,103,109,108,73,97,78,129,91,140,159,206,104,152,136
factory,94,26,46,16,10,15,4,12,8,10,14,18,10,7,15,35,32,31,24,37,31
facts,17,7,31,24,45,30,1,10,29,0,0,7,1,4,10,3,4,42,41,7,4
factual,0,0,0,0,0,2,1,2,0,1,9,12,2,2,2,4,0,3,0,5,4
faculty,17,0,56,11,7,2,1,0,2,0,2,1,0,3,0,0,0,0,0,0,0
fail,316,216,468,177,109,271,79,265,100,147,162,266,327,205,187,196,377,333,397,489,397
failed,182,152,225,133,64,143,104,126,72,90,97,130,148,164,123,106,254,181,232,287,246
failing,25,11,31,10,7,34,15,40,13,16,26,46,55,53,23,10,110,16,59,82,65
fails,113,102,252,98,66,156,53,129,81,68,63,148,138,128,97,116,249,179,222,253,221
failure,229,90,105,109,58,132,84,117,76,65,64,75,97,101,55,67,145,126,143,162,96
failures,28,41,46,13,16,40,7,36,12,8,28,20,72,40,16,14,70,41,65,49,43
faint,1,1,0,1,0,2,2,0,2,0,0,2,2,0,0,3,0,1,4,3,0
fair,42,11,17,34,7,20,17,21,23,63,14,22,27,30,17,37,29,43,22,24,15
fairly,48,25,32,23,11,18,20,13,18,9,9,14,11,6,17,15,13,22,20,18,22
fairness,8,3,19,14,0,11,24,3,8,21,20,31,7,8,23,12,2,11,1,5,11
faith,0,0,0,0,0,0,0,0,0,0,0,0,6,0,0,0,0,0,0,0,0
faithful,1,4,1,2,0,1,1,1,2,4,1,1,0,0,0,3,0,0,2,3,0
fall,130,141,257,120,62,136,60,119,59,105,72,130,89,81,75,107,89,142,150,180,184
fallen,0,0,3,0,0,1,1,0,0,1,0,0,0,0,2,8,2,0,1,0,0
falling,18,9,31,13,3,5,1,3,6,1,9,13,6,11,7,6,1,8,17,14,10
falls,11,15,26,23,14,26,11,22,24,24,27,18,15,15,14,20,32,35,25,22,26
false,2931,1703,2205,2365,1891,2869,1865,2959,2185,3100,4828,3544,2905,2660,2630,2741,3490,3842,3768,3395,3097
fame,0,2,0,3,0,0,0,0,0,0,0,0,0,0,1,0,2,0,0,2,2
familiar,5,1,10,0,1,1,0,0,0,0,0,1,0,1,3,1,0,5,1,2,1
families,1,3,9,0,1,0,1,0,1,0,0,0,2,0,3,0,0,0,4,1,0
family,50,27,20,46,31,46,23,45,35,27,34,53,48,42,25,28,68,41,40,67,55
famous,1,8,0,16,15,28,0,22,8,0,8,24,17,8,8,3,14,0,14,9,2
fan,58,8,18,39,13,53,51,54,58,75,34,46,58,53,38,58,33,60,31,38,12
fancy,15,17,43,9,3,38,12,5,7,2,3,11,47,9,11,17,14,27,17,15,40
fantasy,4,1,0,0,1,0,0,1,1,6,0,0,0,5,1,1,2,5,10,38,13
far,223,134,178,145,87,186,118,182,116,147,112,137,193,147,212,214,171,176,188,186,211
fare,0,0,0,2,0,0,0,0,0,0,0,0,1,0,0,1,0,0,0,0,0
farm,1,5,2,3,4,0,0,1,1,1,0,1,0,3,0,1,0,0,1,0,1
farmer,6,0,10,0,0,0,0,0,0,0,0,0,0,1,0,2,0,0,1,0,0
farmers,0,0,0,0,0,0,0,0,0,0,0,0,0,3,0,0,0,0,1,0,0
farming,0,0,0,0,0,0,0,0,0,0,0,0,0,0,0,2,0,0,0,0,0
farms,0,0,0,2,1,0,0,0,0,0,0,1,0,0,0,0,0,0,1,0,1
farther,3,3,3,4,3,19,0,1,0,2,0,1,0,0,0,2,8,4,5,4,7
fashion,32,8,44,26,18,13,6,17,5,9,17,13,17,10,5,23,33,22,23,26,36
fashioned,0,0,0,3,0,0,0,0,0,0,0,0,0,1,0,0,0,0,0,1,0
fast,618,309,343,463,243,439,248,455,216,268,314,439,639,532,351,318,823,531,599,651,571
faster,613,342,366,467,267,526,385,453,374,455,440,491,454,471,401,362,536,531,644,509,360
fat,0,13,42,14,0,22,1,5,2,0,0,3,7,0,2,10,1,0,9,6,3
fatal,6,20,13,9,7,11,5,7,13,9,7,6,7,1,0,1,4,4,9,12,1
fate,1,0,0,0,0,0,0,0,0,0,0,0,0,0,0,0,0,0,0,0,0
father,4,23,2,37,33,62,5,50,30,6,24,60,36,24,20,10,37,20,31,13,13
fathers,0,3,0,0,0,0,0,0,1,1,0,0,0,0,0,4,0,0,3,0,0
fatigue,0,0,0,0,0,0,0,0,0,0,0,0,0,0,0,0,0,0,3,0,0
fatty,0,0,0,0,0,0,0,0,0,0,0,0,0,0,0,0,0,0,1,0,0
fault,494,28,9,43,6,6,2,28,7,8,2,12,218,8,7,12,13,16,20,40,12
faults,23,1,2,4,1,3,0,0,0,0,0,1,32,0,0,3,2,4,0,3,0
favor,10,10,2,9,5,11,18,26,19,13,28,22,21,19,22,17,31,21,28,24,23
favorable,0,0,1,0,0,5,0,0,1,0,1,5,0,1,1,2,0,0,0,1,1
favorably,0,0,0,1,0,2,0,0,1,4,0,0,3,0,0,1,0,0,0,0,1
favored,0,0,0,0,0,0,1,0,0,0,0,0,0,0,0,0,0,0,3,1,0
favorite,8,6,15,4,1,2,0,5,0,6,4,2,0,3,0,6,1,4,1,7,2
favors,0,1,0,0,0,0,1,0,0,2,0,0,0,2,4,2,4,4,4,2,9
favour,3,1,2,2,1,1,3,2,2,2,2,3,5,4,6,18,11,7,6,5,7
fax,0,0,0,0,0,0,0,0,0,0,0,0,0,1,0,0,0,0,0,0,0
fbi,0,0,0,0,0,1,0,0,0,0,0,0,0,0,0,0,0,6,0,0,0
fcc,0,0,0,0,0,0,0,0,0,0,0,0,0,0,5,0,2,0,0,0,5
fda,0,2,0,0,0,2,1,0,0,0,0,2,2,4,4,2,1,4,1,3,4
fe,94,33,56,39,1,2,17,11,1,2,5,29,5,19,9,18,12,33,12,6,6
fear,3,4,9,3,6,1,3,1,1,1,0,2,0,0,5,1,2,6,6,0,2
feasibility,0,1,6,0,1,1,2,4,1,1,4,5,15,2,2,8,5,3,1,10,3
feasible,28,18,55,6,20,17,9,16,2,5,16,20,33,11,8,28,29,14,24,67,27
feast,0,0,0,0,0,1,0,0,0,0,0,0,0,0,0,0,0,0,0,0,0
feathers,0,0,0,0,0,0,0,0,0,0,0,0,0,0,0,0,0,1,0,0,3
feature,1841,1608,1585,1856,1390,1728,1599,2491,2181,2157,2235,2569,2467,2609,2317,1805,2636,3006,2255,2150,1825
featured,0,0,0,5,0,0,0,3,0,0,0,0,0,0,4,4,3,5,1,0,0
features,1848,1494,1317,1796,1179,1907,1707,2391,2199,2308,1900,2411,2583,2596,2262,2163,2767,2545,2099,2235,1842
feb,24,8,17,8,7,3,7,11,4,5,7,6,7,7,8,10,2,2,3,9,5
february,3,2,2,0,2,6,12,4,8,4,1,2,7,2,0,1,2,3,6,1,2
fed,72,44,76,43,32,28,34,25,33,16,14,40,22,17,40,19,26,37,51,41,36
federal,0,0,0,7,0,0,0,0,2,0,1,0,0,1,2,0,0,0,0,0,0
federation,0,0,0,0,0,0,0,0,0,0,31,0,0,1,1,0,0,0,0,2,41
fee,78,36,41,42,2,5,19,21,0,5,5,7,10,0,8,4,2,0,3,15,1
feed,442,170,102,217,137,205,226,190,128,197,186,232,350,211,140,189,267,311,364,328,318
feedback,48,28,63,38,10,18,31,20,15,30,34,38,2,9,26,16,80,37,66,71,11
feeding,55,50,31,72,33,66,59,84,54,95,30,59,65,49,19,18,25,22,41,27,20
feeds,18,5,12,10,1,3,1,4,1,4,0,3,1,2,0,1,2,2,2,9,4
feel,86,35,25,39,30,53,29,49,30,37,25,52,74,61,36,43,67,81,72,41,46
feeling,1,0,1,2,3,5,1,3,1,1,3,3,2,2,2,2,5,3,3,1,1
feelings,4,0,0,0,0,0,0,0,0,0,0,0,0,0,0,1,0,1,0,0,0
feels,2,3,2,1,2,0,4,1,1,0,7,0,1,4,4,2,2,4,4,3,3
fees,5,0,0,4,0,0,0,0,0,0,0,0,0,0,0,0,0,1,2,0,0
feet,5,0,0,3,2,78,3,2,1,11,5,3,8,0,7,13,13,7,6,18,3
fell,2,0,0,1,1,2,0,4,2,1,1,0,0,0,3,2,0,0,10,1,1
fellow,1,0,0,0,2,0,0,0,0,0,0,0,0,0,0,0,9,1,1,0,0
fellowship,0,0,0,0,0,0,0,0,0,0,0,0,0,0,0,0,0,1,0,0,0
felony,0,0,0,0,0,0,0,0,0,0,2,0,0,0,0,0,0,0,0,0,0
felt,0,1,0,0,0,0,0,1,0,0,0,0,0,0,0,0,0,0,0,1,0
female,13,11,4,12,11,4,8,11,20,7,8,10,6,15,6,13,27,15,9,16,3
females,0,2,0,0,4,0,0,0,1,0,0,0,0,0,0,0,0,0,0,0,0
feminine,2,0,0,4,0,0,0,0,0,0,5,0,6,0,0,0,0,0,0,0,0
feminist,0,0,0,0,0,0,0,0,0,0,0,0,0,0,0,0,0,0,0,0,1
fence,17,4,4,2,1,8,6,7,6,8,5,11,7,16,1,0,20,5,29,3,3
ferguson,0,0,0,0,0,2,0,0,0,0,0,0,0,0,0,0,0,1,0,0,0
fertility,0,0,0,0,0,0,0,0,0,0,0,0,0,0,0,0,0,1,0,0,0
festival,1,0,0,0,0,0,0,0,0,0,0,0,0,0,0,0,0,0,0,0,0
fetal,0,0,0,3,0,0,0,0,0,0,0,0,0,0,0,0,0,0,0,0,1
fever,0,1,1,1,0,0,0,4,0,0,0,0,3,0,0,1,5,1,1,0,0
few,255,189,217,185,115,290,149,260,174,192,217,277,344,316,294,285,464,373,357,438,507
fewer,58,29,46,57,20,17,13,45,36,26,28,62,38,49,54,29,66,83,53,54,105
ff,63,96,173,69,15,33,27,108,20,43,26,34,23,29,17,55,77,31,55,62,35
fi,78,16,25,14,16,24,10,23,9,18,30,21,23,7,10,16,28,37,40,23,6
fiber,2,2,0,3,6,23,0,1,3,5,3,4,2,5,16,3,1,3,14,26,13
fibers,2,0,0,1,1,10,0,0,2,0,3,0,2,0,8,0,0,1,5,13,3
fiction,2,0,0,0,0,0,0,0,0,0,0,0,0,0,0,0,0,2,0,1,1
fide,9,0,0,0,0,0,0,0,2,0,0,0,3,0,4,0,0,0,0,0,0
fidelity,32,3,7,4,3,1,30,42,13,7,3,6,6,6,8,1,2,7,8,24,17
field,619,284,454,349,193,578,280,392,293,357,245,664,410,349,456,401,388,691,527,669,411
fields,410,203,380,348,204,460,212,315,302,325,244,407,281,315,299,308,335,374,368,369,343
fifteen,2,0,0,0,0,0,0,0,0,0,0,0,0,0,0,0,0,0,0,0,0
fifth,11,163,312,80,0,16,3,47,7,9,9,48,24,9,6,47,17,229,27,12,13
fifty,0,0,0,0,0,0,0,0,0,0,0,0,0,0,3,0,0,0,1,0,2
fig,330,146,146,163,360,174,160,203,122,197,247,194,219,158,143,149,255,223,248,174,316
fight,38,1,0,0,1,0,0,2,0,0,0,0,0,0,0,0,0,0,0,0,1
fighting,0,0,3,0,0,2,0,3,0,1,0,0,0,1,0,0,1,0,0,0,0
figs,3,1,1,8,6,0,0,0,2,2,9,2,3,1,8,14,0,12,1,6,4
figure,1054,350,361,366,479,463,277,363,334,338,390,365,411,348,287,276,552,462,470,521,462
figured,2,1,0,2,2,0,0,0,0,4,0,0,0,0,3,0,2,1,0,1,0
figures,53,46,159,39,32,29,29,17,26,22,22,31,23,7,30,16,22,23,29,46,44
file,13127,9554,8821,12224,6525,13050,8203,12283,9890,9342,8108,12746,16480,12456,8243,9244,15362,19227,16942,14130,13725
filed,4,1,3,2,2,1,0,3,1,2,2,2,8,0,4,2,1,9,3,1,3
files,2125,1788,1694,1559,1162,2232,1169,1816,1519,1325,1597,2051,2580,1885,1715,1518,2374,2346,2295,2551,2113
filing,0,0,0,0,0,1,0,0,0,0,0,1,0,2,0,0,0,0,0,0,0
fill,391,225,372,299,251,464,198,382,328,276,322,428,477,414,286,363,633,593,525,607,568
filled,101,50,54,92,49,94,69,66,92,43,70,90,142,96,66,92,118,144,108,161,128
filling,41,20,46,33,17,27,11,24,19,29,31,25,37,23,22,37,46,34,24,41,38
film,1,4,8,4,10,10,2,3,10,5,2,1,6,6,22,26,16,38,31,3,9
films,0,0,0,0,1,0,0,0,0,0,0,0,0,1,4,0,1,1,0,0,0
filter,1288,932,1247,1075,811,1216,834,1291,1026,1194,1225,1576,2024,1568,1138,1256,2066,2251,2241,1387,1299
filters,469,213,340,277,175,275,170,171,159,146,109,156,203,132,293,129,218,174,140,164,156
fin,8,13,21,25,5,71,41,7,32,12,1,22,30,32,93,1,10,2,5,31,5
final,915,776,951,872,735,941,705,1550,745,836,1442,1327,3042,1797,1124,1801,3649,3668,3356,3506,2604
finally,206,121,176,129,77,109,74,119,67,60,94,138,195,125,86,119,209,215,233,206,170
finance,2,2,0,0,0,0,0,2,0,0,0,1,0,1,0,0,2,1,4,0,5
financial,0,0,0,1,0,1,0,0,10,1,1,0,5,2,0,0,1,0,1,2,13
financially,0,0,1,0,0,0,0,0,0,0,0,0,0,0,1,0,0,0,0,0,0
financing,0,0,0,0,0,0,0,0,0,0,0,0,0,0,0,0,0,0,0,2,0
find,1971,1374,1739,1522,952,1531,988,1365,1053,1140,1066,1502,1360,1234,1354,1318,1799,1748,1956,1988,1527
finding,92,64,105,53,43,77,43,68,82,43,74,63,29,48,60,81,103,53,101,65,65
findings,3,1,27,4,0,0,0,0,2,0,1,2,0,0,3,2,0,2,3,0,2
finds,42,13,31,28,28,50,14,31,33,37,25,35,23,16,24,16,13,33,25,24,35
fine,291,233,220,330,227,376,175,380,222,268,280,445,591,428,258,252,758,454,544,514,511
finely,2,0,0,2,0,0,1,3,0,0,0,0,0,3,0,0,0,2,1,0,1
fines,0,0,0,0,0,0,0,0,2,0,0,0,0,0,0,0,0,0,0,0,0
finest,7,18,3,5,6,10,0,5,6,0,3,0,0,2,1,0,2,0,0,1,0
finger,19,16,6,18,6,4,12,11,25,5,30,26,9,17,31,14,2,3,9,23,7
fingers,6,3,0,7,12,9,4,22,7,2,8,2,2,0,6,53,2,5,1,9,19
finish,117,83,53,97,68,131,103,133,106,175,118,161,211,142,118,124,207,189,222,186,103
finished,301,196,122,308,156,348,261,359,221,249,270,380,538,353,210,235,622,503,387,412,316
finishing,2,10,16,8,3,7,1,12,6,7,6,10,4,7,9,6,12,23,24,8,7
finite,26,23,99,29,24,59,12,28,23,17,31,26,29,37,61,45,53,55,45,61,91
finland,0,0,0,0,0,0,0,0,0,0,0,0,0,0,0,0,0,0,1,0,0
fir,10,2,10,1,0,2,1,9,4,7,1,5,2,5,2,5,7,16,15,0,0
fire,49,25,8,12,10,4,9,6,35,5,23,12,11,13,9,18,32,22,21,27,9
fired,1,4,8,4,0,0,2,1,3,0,0,1,2,0,0,1,1,0,0,2,0
fires,1,3,0,2,0,0,0,0,1,0,11,0,0,1,0,0,0,0,0,0,0
firing,5,6,0,8,6,6,13,24,17,0,0,0,7,0,0,0,0,0,8,0,0
firm,12,1,0,0,0,0,0,0,0,0,0,1,0,1,0,0,0,1,0,0,0
firmly,0,0,0,0,0,0,0,0,0,0,0,0,0,0,4,0,0,0,0,0,0
first,5193,3440,3907,4462,2743,4955,3152,4710,3447,3404,3806,4537,6232,4711,3848,4345,6352,6276,6570,7342,6063
fiscal,0,0,0,0,0,0,0,0,0,0,0,0,0,0,0,0,0,0,1,1,0
fish,1,1,4,5,4,9,0,0,4,3,4,28,10,1,2,3,12,7,3,5,4
fisher,69,17,35,54,106,14,11,7,11,7,31,48,79,11,8,67,38,13,24,24,20
fishing,0,0,0,0,0,0,0,0,1,1,3,0,1,0,1,1,0,0,0,0,0
fit,636,290,260,333,235,363,221,360,325,350,343,335,530,454,332,314,589,520,678,595,707
fitness,933,701,621,404,138,229,228,397,164,147,152,551,617,219,308,343,297,483,247,553,393
fits,177,18,50,54,59,73,78,61,57,72,64,88,78,92,51,57,187,88,213,127,136
fitted,23,16,18,4,10,13,24,16,20,52,12,26,12,27,37,23,46,22,64,38,87
fitting,70,32,57,37,29,64,33,45,50,54,30,41,36,38,44,62,82,88,182,126,136
five,53,15,29,15,17,17,12,26,19,25,25,21,39,28,33,38,15,60,36,39,22
fix,496,364,405,412,277,563,393,531,504,617,614,660,864,712,614,626,1037,805,1023,996,839
fixed,768,371,513,490,364,542,453,498,502,549,699,675,749,536,505,523,708,811,723,772,829
fixing,36,27,25,31,36,38,17,42,29,42,75,44,48,58,39,25,72,40,58,56,48
fixtures,7,0,1,5,4,11,3,16,8,0,16,19,30,30,27,3,36,5,32,29,14
fl,67,10,11,13,27,26,15,33,18,15,32,31,28,43,30,20,17,26,47,41,10
flag,562,247,420,443,374,665,282,970,417,362,694,585,717,465,456,335,744,606,733,735,517
flame,3,0,0,0,1,0,0,1,0,5,0,8,0,0,6,5,4,4,0,3,0
flames,0,28,0,0,0,0,0,0,0,1,0,0,30,0,0,0,0,1,0,4,0
flash,26,1,0,7,0,0,13,0,1,0,0,0,14,19,28,55,175,144,173,578,445
flat,126,95,95,103,50,90,63,109,93,101,65,107,92,83,90,63,129,50,162,195,123
flavor,11,0,1,0,5,0,0,0,0,0,0,0,0,2,0,4,4,3,8,0,0
fleet,4,1,0,0,0,4,0,9,3,2,0,1,41,1,10,1,2,8,15,19,20
flesh,0,0,0,0,0,0,0,0,0,0,0,0,1,0,2,0,0,0,0,0,0
fletcher,0,8,25,1,1,7,7,0,10,0,0,0,0,0,0,0,0,8,0,0,0
flew,0,0,0,0,0,1,0,0,0,0,0,0,0,0,0,0,0,0,0,0,0
flexibility,8,3,2,2,11,7,4,2,10,6,9,8,7,9,2,3,6,9,4,7,7
flexible,69,88,89,35,49,66,40,41,51,57,53,55,23,33,33,32,39,49,29,26,35
flies,0,0,0,0,0,0,0,0,0,0,0,0,0,1,0,0,0,1,0,0,1
flight,2,8,0,1,0,2,0,2,0,3,2,1,14,1,2,1,3,13,13,14,7
flights,0,2,0,0,0,2,0,0,0,1,0,0,8,0,0,0,4,14,0,1,0
flint,2,0,0,0,0,0,2,0,0,1,0,0,0,0,0,0,0,0,0,0,0
float,1348,792,881,782,956,1269,940,1018,1025,1299,1068,1558,1291,1404,1403,1275,1719,1589,1523,1664,1330
floating,60,66,142,86,47,274,49,103,43,47,56,89,116,95,68,74,153,101,122,148,97
flock,0,0,0,0,1,0,0,0,0,0,0,0,0,0,2,0,1,0,0,0,0
flood,2,0,1,2,0,4,0,0,2,2,1,0,2,0,0,15,2,5,3,0,1
floods,0,0,0,0,0,0,0,0,0,0,0,0,0,0,0,0,0,0,2,0,0
floor,185,214,429,159,85,147,115,392,88,137,115,139,95,70,76,148,132,322,148,88,75
floors,1,1,2,1,1,23,2,1,1,0,1,4,0,1,0,2,2,1,1,3,1
flora,0,0,0,0,0,0,0,0,0,0,0,0,0,0,0,0,2,0,0,0,0
florence,0,0,0,0,0,0,0,0,0,0,0,0,0,0,0,0,0,0,1,0,0
florida,0,0,0,0,0,0,0,0,0,0,0,0,0,0,0,0,0,1,0,0,1
flour,2,0,0,0,0,0,0,0,0,0,0,0,0,0,0,0,1,0,0,0,0
flow,495,238,272,291,255,536,221,197,203,383,685,769,686,233,296,297,181,313,330,386,462
flower,2,2,1,1,0,5,0,6,4,4,0,7,3,4,9,5,8,6,3,6,9
flowers,2,0,0,3,0,6,2,4,3,2,3,2,2,1,1,6,7,2,2,1,0
flowing,6,1,2,1,1,0,2,2,2,0,0,1,0,1,0,0,3,2,1,1,3
flows,51,26,29,27,35,58,27,25,27,26,82,80,64,19,17,44,43,37,41,38,14
fluctuations,5,1,2,0,0,0,0,0,1,1,1,0,2,7,0,0,8,3,5,4,0
fluid,10,5,11,9,0,28,18,50,17,4,19,1,1,1,8,8,12,2,41,17,12
fluids,0,0,0,0,0,0,0,1,0,0,0,0,0,0,0,0,0,0,3,2,0
flux,205,34,15,51,53,33,136,33,35,43,55,10,68,84,128,39,116,59,119,195,230
fly,56,51,29,47,35,84,45,96,68,48,74,99,206,125,52,115,263,318,248,225,137
flying,1,2,0,2,2,3,3,1,0,1,1,1,2,4,2,8,4,4,7,7,1
fm,29,22,22,5,5,34,10,43,177,11,14,28,16,7,11,46,17,15,22,11,9
foam,0,0,1,0,0,0,0,0,0,0,0,4,0,0,0,1,0,0,0,0,0
focal,80,66,55,74,57,103,81,112,86,116,150,162,92,96,121,70,117,116,122,57,54
focus,83,20,15,27,12,40,22,36,20,63,16,21,48,27,20,22,47,53,55,51,41
focused,10,0,0,0,0,3,0,2,3,4,0,1,0,2,1,0,2,3,6,8,7
focuses,3,2,0,0,3,1,2,0,0,1,14,0,0,0,1,0,2,1,0,1,0
focusing,1,0,0,3,2,3,2,25,27,15,16,2,4,3,3,6,0,9,7,19,7
fog,3,1,6,0,0,4,6,2,0,2,3,2,0,2,1,2,0,7,17,1,14
fold,160,114,89,106,135,145,83,118,64,116,130,59,137,98,87,130,110,152,142,69,111
folded,28,2,4,4,0,1,3,2,1,4,5,0,2,2,1,1,2,10,2,4,6
folder,715,362,319,457,302,515,358,460,397,498,612,440,459,522,436,593,617,710,771,716,1304
foliage,0,0,0,0,0,2,0,0,0,0,0,0,0,0,0,0,2,0,0,0,0
folk,0,0,0,0,4,0,0,0,0,0,2,0,0,0,0,0,0,0,2,0,0
folks,2,0,0,0,0,0,1,2,0,1,0,0,1,0,0,0,0,0,3,7,0
follow,201,87,143,120,74,171,125,135,150,179,148,258,224,185,165,260,237,282,356,271,192
followed,177,148,285,162,50,83,39,92,61,69,60,82,89,81,65,68,77,84,72,100,103
followers,2,0,2,0,0,4,3,5,0,0,0,5,0,0,0,1,0,0,0,1,1
following,3095,780,1141,924,562,813,749,1232,719,750,733,1452,1611,1170,1081,1337,1397,1677,1814,1879,1390
follows,136,65,115,87,80,82,64,71,68,57,50,72,88,90,85,120,110,121,132,108,102
fond,0,0,0,1,0,0,0,0,0,1,0,1,0,0,0,1,0,0,0,0,0
food,8,7,6,2,0,0,1,7,12,7,8,2,5,0,0,10,21,2,6,7,7
foods,0,0,1,0,0,0,0,0,0,0,0,0,0,0,1,1,0,0,0,0,0
fool,4,10,5,5,0,1,0,1,13,5,4,2,5,6,28,4,5,14,3,7,0
foolish,0,0,0,0,0,0,0,0,0,0,0,0,0,0,1,0,0,0,0,0,0
foot,104,1,8,7,3,13,2,13,18,10,33,111,23,15,4,42,16,9,39,69,5
football,4,4,3,0,0,0,0,3,1,10,10,7,5,8,3,1,10,4,11,1,0
footnote,28,4,4,13,6,10,10,10,4,14,2,4,5,10,2,5,4,6,20,10,10
for,47535,29634,32505,37578,24398,42228,27807,40137,32254,33987,45465,45070,51036,42064,39325,39511,57825,62472,65275,58883,53440
forbidden,11,14,20,9,1,29,13,19,4,2,14,18,34,27,43,15,42,21,30,37,20
force,300,184,271,211,135,316,241,258,188,208,195,300,280,280,305,275,435,739,486,517,456
forced,7,31,67,60,10,63,18,32,24,10,16,39,31,43,18,43,91,76,98,85,41
forces,33,30,22,30,51,85,21,47,26,14,16,34,31,36,24,63,73,44,74,73,68
forcing,17,63,105,50,19,23,8,35,22,26,23,48,49,36,20,37,37,19,65,36,31
ford,1,0,11,0,1,3,0,0,0,0,2,2,0,1,0,0,0,0,0,2,0
fore,1,4,23,2,1,6,8,1,0,5,3,1,3,2,6,2,6,1,5,1,14
forecast,3,74,2,8,26,16,0,0,8,19,3,3,6,11,4,12,10,46,27,37,108
foregoing,0,0,0,0,0,0,2,0,1,3,1,1,2,6,4,3,3,6,0,5,2
forehead,0,0,0,0,2,1,0,1,0,1,0,0,0,0,0,0,0,1,1,0,0
foreign,6,2,10,7,3,9,20,6,1,18,1,4,12,6,16,20,1,10,7,12,3
foremost,1,0,0,0,0,0,0,0,0,0,0,0,0,0,0,0,0,0,0,0,0
forest,30,14,31,11,15,18,11,1,2,10,61,17,3,17,5,16,16,22,30,26,48
forests,2,1,0,1,0,0,0,1,1,1,12,0,0,1,0,1,0,2,1,0,1
forever,12,11,23,19,10,10,5,13,2,12,5,4,11,2,8,11,20,13,22,23,7
forget,62,36,37,32,26,59,56,34,30,34,33,37,47,45,37,25,148,55,230,55,31
forgive,1,0,2,0,0,0,0,0,0,0,0,0,4,0,1,2,0,0,0,0,0
forgot,7,2,2,0,1,4,0,2,1,0,0,3,2,2,3,2,4,5,2,6,4
forgotten,1,0,1,5,0,3,1,1,0,2,9,0,1,0,2,0,26,1,3,5,1
fork,30,29,52,31,22,54,46,47,47,41,88,91,88,69,48,58,57,106,87,64,84
form,1262,244,530,400,235,346,281,434,287,290,268,321,437,261,438,422,418,473,527,542,524
formal,63,2,58,12,8,16,7,1,3,7,3,6,4,4,5,6,3,18,2,17,2
formally,3,6,7,6,2,6,3,2,4,9,2,4,0,3,0,2,2,2,0,6,2
format,3139,2107,2305,2405,2061,2566,1753,2487,2602,2760,2322,2397,2805,2886,2403,2338,3482,3001,3125,2925,3146
formation,21,0,1,11,3,2,1,17,2,3,25,14,8,6,4,8,16,8,18,4,14
formations,0,0,0,0,0,0,0,0,0,0,0,0,0,1,0,0,0,0,0,0,0
formed,13,3,15,14,8,13,4,13,32,20,15,18,26,19,12,13,17,25,14,14,23
former,27,5,16,16,8,13,5,21,29,15,25,17,11,13,14,38,54,33,40,35,23
formerly,3,4,11,4,0,0,0,4,0,0,0,1,0,1,1,1,0,2,1,0,2
forming,11,9,8,5,3,1,2,2,3,0,1,6,6,2,3,5,6,2,6,3,7
forms,731,14,66,81,38,28,51,144,91,36,20,38,42,32,52,124,108,109,142,138,149
formula,68,46,160,71,31,101,70,101,104,59,95,167,200,126,127,217,297,327,623,274,206
formulas,8,0,11,6,0,11,1,1,1,0,4,3,6,3,4,12,9,15,50,20,23
formulated,0,0,2,0,0,1,0,0,0,0,0,0,0,0,0,0,2,0,1,2,2
formulation,14,19,38,34,24,18,19,26,33,23,19,24,38,19,50,44,61,63,99,65,31
fort,0,1,0,0,0,0,0,0,0,0,0,0,0,0,0,0,1,0,0,1,1
forth,17,4,11,8,6,11,3,1,2,9,4,6,11,11,5,7,4,7,13,13,7
forthcoming,2,1,0,0,0,0,0,0,0,0,0,1,0,0,0,0,0,0,0,0,0
fortunately,6,3,0,2,3,2,0,7,1,4,0,2,2,2,0,2,0,5,1,2,1
forty,0,0,0,2,1,0,0,0,0,0,1,0,0,0,0,0,0,0,0,0,0
forum,10,10,4,9,0,4,5,4,4,7,2,18,13,11,6,7,5,4,4,5,7
forward,1457,1303,1316,1728,1436,2184,1818,2313,1972,2244,2678,3177,3483,2900,2397,2321,4328,3620,4762,4393,3532
forwarded,10,10,9,14,11,13,11,17,7,9,10,11,16,11,12,18,31,21,47,28,22
foster,0,12,24,6,0,2,0,3,1,1,0,4,3,0,2,1,0,0,0,2,1
found,2341,2656,2099,3830,1938,5216,3775,4710,3967,4208,1692,5459,4929,3833,1173,1990,1916,1965,2853,2558,1699
foundation,856,1182,828,321,60,90,103,216,29,47,25,182,227,61,38,140,33,1784,40,88,44
foundations,1,0,0,0,0,0,0,1,0,0,0,0,0,1,0,0,0,1,0,0,1
founded,0,0,0,0,0,2,0,1,0,1,9,0,0,0,0,1,2,0,0,0,2
founder,0,0,0,1,0,0,0,0,0,0,0,0,0,0,0,0,0,0,0,2,0
founding,0,0,0,0,0,0,0,0,0,0,0,0,0,0,0,0,0,0,2,0,0
foundry,0,0,0,0,0,0,0,0,0,0,0,0,0,0,0,0,0,0,83,0,0
fountain,0,2,0,0,0,0,0,0,2,0,0,1,0,2,0,2,4,0,3,0,2
four,127,54,83,110,68,109,93,99,68,84,95,125,153,102,109,107,130,145,107,108,105
fourteen,0,0,0,0,0,0,0,0,0,0,1,0,0,0,0,0,0,0,0,0,0
fourth,19,8,9,12,7,17,5,26,12,7,14,22,44,32,13,37,56,71,67,53,33
fox,16,2,4,18,2,18,7,10,13,6,2,9,8,8,0,3,1,1,5,2,2
fr,87,21,38,36,21,29,89,45,18,24,158,80,62,37,43,66,100,230,143,168,114
fraction,218,68,116,88,112,106,88,93,82,73,131,139,97,93,103,100,160,102,108,112,84
fractions,41,0,7,4,2,9,7,10,12,10,22,7,9,16,11,8,15,21,21,11,9
fracture,0,0,0,5,0,0,0,0,1,0,0,0,0,0,2,0,0,1,0,0,2
fragment,18,65,142,55,6,23,7,23,15,9,6,44,5,3,43,28,10,27,31,21,23
fragments,15,18,23,24,2,5,4,3,4,13,8,17,3,3,22,3,28,16,31,16,4
frame,935,791,797,764,1037,1092,722,1524,1052,925,860,1080,1402,981,1150,1288,1290,1510,1950,1799,1549
framed,1,0,1,0,0,0,0,0,0,0,0,0,0,2,0,0,0,0,1,0,0
frames,419,298,316,411,556,608,304,753,573,474,463,592,669,701,724,631,737,671,1097,1210,1230
framework,282,33,66,74,51,61,51,68,33,45,63,74,283,50,43,42,120,104,99,78,127
france,16,1,2,1,0,2,11,0,0,2,2,8,2,1,2,0,2,2,7,1,1
frances,10,0,0,0,0,0,0,0,1,0,0,0,0,0,0,0,0,0,0,0,0
francis,0,0,1,13,13,0,0,0,1,1,0,0,0,0,1,0,0,11,0,0,0
francisco,13,0,3,2,0,4,0,3,0,1,1,4,1,3,0,1,0,2,3,0,3
frank,0,9,0,0,1,4,0,2,6,1,0,1,3,3,1,4,1,0,3,1,2
franklin,5,162,310,76,0,13,3,38,1,2,3,38,5,1,3,32,0,206,4,0,4
frankly,1,0,0,0,0,0,0,0,0,0,0,0,0,0,1,1,0,0,3,2,0
fraud,0,0,0,0,0,1,0,0,0,0,0,0,0,0,0,0,0,0,4,3,1
fraudulent,0,1,0,0,0,0,0,0,0,0,0,0,0,0,0,0,0,0,0,0,0
fred,3,0,0,0,0,2,0,0,0,0,0,0,10,1,0,3,0,1,1,3,0
frederick,0,0,0,0,0,0,0,0,0,0,0,0,0,0,0,0,0,0,20,0,0
free,549,1364,1461,789,356,558,382,662,328,238,285,921,1038,463,448,1002,1261,1682,2779,1757,1193
freed,4,16,18,7,5,21,5,14,8,8,7,8,23,7,4,11,10,28,18,14,21
freedom,14,5,60,7,26,13,1,2,5,4,3,5,3,5,4,21,12,6,9,5,10
freely,1,2,1,1,2,0,1,1,10,1,3,17,6,4,2,3,4,9,3,13,5
freeman,0,2,1,0,0,2,0,0,0,0,0,0,0,0,0,0,0,0,0,0,0
freeze,105,70,117,84,100,116,77,130,128,155,157,179,235,204,216,155,416,196,322,307,281
freezing,12,12,9,18,20,13,7,16,12,20,18,18,17,31,19,15,39,34,72,25,40
freight,0,0,0,0,0,0,0,0,0,0,0,0,0,1,0,2,0,0,1,0,1
french,22,1,0,14,13,11,5,12,7,3,7,14,17,14,7,8,18,26,10,20,13
frequencies,83,28,99,91,17,41,44,41,28,29,9,14,41,29,19,78,97,74,107,129,105
frequency,457,124,290,232,102,240,135,178,216,153,244,175,216,160,259,233,235,217,374,324,338
frequent,18,12,12,20,6,39,11,7,10,13,7,14,10,13,7,8,29,38,12,13,13
frequently,14,22,30,13,7,8,7,11,10,10,8,6,7,8,14,16,18,13,8,27,24
fresh,45,38,74,32,16,29,11,15,21,16,9,30,16,17,10,22,37,28,51,25,27
freud,0,0,0,0,0,60,0,0,0,0,0,0,0,0,0,0,0,0,0,0,88
friction,6,4,14,1,1,19,2,18,17,18,4,12,8,0,8,9,6,19,16,10,4
friday,0,0,0,0,0,0,1,0,0,2,1,8,0,0,0,0,0,3,0,1,2
friend,3,0,0,0,2,1,0,11,6,1,4,2,11,4,2,0,9,0,7,9,2
friendly,19,12,19,32,11,17,17,24,17,33,48,26,53,38,37,199,340,205,1094,455,321
friends,9,6,15,2,2,0,1,12,8,0,0,3,2,12,2,3,29,0,4,0,7
friendship,0,0,0,0,0,0,0,0,0,0,0,0,0,0,0,0,2,0,0,0,0
frightened,1,0,0,0,0,0,0,0,0,0,0,0,0,0,0,0,0,0,0,0,0
fringe,5,3,11,2,4,1,0,1,3,8,1,0,1,1,0,0,0,2,3,0,1
from,13731,8586,10219,10894,7390,13377,8543,14108,10272,11686,12994,16187,22925,17419,12541,16775,27269,27824,29335,25175,21281
front,145,116,105,93,71,126,77,1293,215,158,2346,1149,162,141,275,188,100,155,266,244,174
frontier,3,9,4,11,3,1,5,21,0,28,4,3,20,10,7,5,6,1,2,5,4
frost,0,1,2,0,2,1,1,1,0,6,4,0,0,0,1,1,10,19,1,0,0
frozen,48,42,92,47,67,58,51,69,73,82,102,100,137,119,116,68,204,178,140,118,172
fruit,0,0,0,0,11,0,0,1,1,0,0,1,1,0,0,3,4,0,0,0,0
fruits,0,1,0,0,13,0,0,0,0,0,0,0,0,0,1,1,1,0,0,0,0
frustration,0,0,0,0,0,0,0,0,0,0,0,0,0,0,0,0,0,0,1,2,1
ft,16,13,29,20,9,96,15,36,25,1,18,55,20,19,205,32,41,47,43,24,27
fuel,6,2,0,2,1,4,0,2,2,0,7,22,4,0,2,9,1,2,0,0,2
fuels,0,0,0,0,0,0,0,0,0,0,0,0,3,0,0,0,0,0,0,0,0
fulfill,1,2,4,2,1,0,0,1,6,1,8,0,16,7,2,4,11,12,10,14,6
fulfilled,1,3,3,8,2,0,0,1,1,2,8,0,22,9,1,3,13,10,13,11,1
fulfillment,0,0,0,0,0,0,0,1,0,1,1,0,2,1,0,0,2,0,1,2,1
full,1070,487,524,692,633,848,583,686,622,760,782,941,1007,1243,857,942,1157,1164,1300,1412,1237
fuller,0,0,0,0,0,0,0,0,0,0,0,0,0,0,0,0,0,0,0,0,1
fully,335,138,146,241,119,238,111,235,188,203,193,260,374,397,165,243,416,446,372,435,452
fulton,0,0,1,0,0,0,0,0,0,0,0,0,0,0,0,0,0,0,0,0,0
fun,13,22,33,14,11,45,5,16,36,13,11,22,13,12,7,9,97,75,98,54,225
function,4056,2141,2871,2416,1998,2971,2165,2716,2100,2709,2345,2912,3533,2760,2999,3415,3686,4563,4963,4500,4392
functional,127,69,62,110,112,106,62,127,107,106,180,156,240,141,186,182,223,293,432,282,430
functioning,4,1,1,0,0,0,0,0,0,0,2,0,0,4,0,5,10,10,3,10,6
functions,1507,718,935,773,558,980,562,763,610,665,668,813,794,634,786,815,922,1080,1013,1001,1002
fund,0,1,0,0,0,0,0,0,0,0,0,0,0,13,26,7,37,23,9,32,9
fundamental,15,15,10,6,3,38,2,21,6,0,1,3,4,0,8,23,3,30,1,2,17
funding,16,0,1,0,0,0,0,0,0,0,0,4,0,1,0,0,0,0,0,0,0
funds,0,1,0,0,0,0,0,0,0,0,0,0,0,0,0,0,1,0,0,0,0
funny,8,6,5,7,1,9,1,2,2,9,4,5,3,1,1,7,4,1,2,2,1
fur,0,0,0,0,0,0,0,0,0,0,0,0,0,0,4,0,0,2,0,0,0
furnace,0,0,0,0,0,2,0,1,0,0,0,0,2,0,0,0,2,0,0,2,0
furnished,62,248,135,84,50,86,28,60,73,30,52,360,296,41,104,95,95,89,57,389,163
furnishes,0,0,0,0,0,3,0,0,0,0,0,1,0,0,0,0,0,0,0,0,0
furniture,0,2,1,0,4,22,2,2,0,6,4,7,11,4,15,17,2,8,25,10,0
further,202,156,242,152,76,236,93,354,105,155,221,337,632,428,181,322,630,689,554,565,492
furthermore,10,8,12,2,1,4,0,5,1,0,10,2,2,8,4,3,8,3,3,6,10
fusion,130,163,118,107,115,262,177,170,184,166,224,182,236,221,258,180,191,357,235,258,215
future,434,215,350,304,151,366,218,330,211,244,314,305,283,265,233,267,322,475,386,563,535
futures,4,8,21,11,3,5,4,4,2,0,2,1,3,19,3,3,10,14,8,20,19
fy,39,20,8,18,43,19,9,12,19,37,18,40,38,12,13,30,26,29,9,13,20
g,3044,1871,2187,2179,1707,2041,1632,1929,1761,2077,2411,2143,2245,2261,2958,2344,2689,2854,2724,2788,2609
ga,11,1,18,4,14,39,9,3,0,42,2,0,0,0,20,0,30,10,15,7,13
gain,161,137,189,110,86,104,84,97,134,171,274,140,186,193,176,95,222,267,153,127,155
gained,0,0,3,0,0,1,12,0,0,0,1,0,0,1,0,1,0,2,1,1,6
gaining,1,1,0,1,3,0,2,1,0,2,0,0,0,1,0,0,0,0,1,0,0
gains,20,40,50,20,10,11,14,13,18,21,26,28,18,17,17,12,19,28,37,16,10
gal,6,8,0,1,1,8,6,0,1,0,1,0,3,0,0,1,0,0,4,1,7
gallery,84,19,50,13,40,64,62,24,21,30,9,53,16,33,98,23,20,93,20,34,18
gallon,32,12,2,26,14,14,24,8,6,8,0,7,0,2,4,2,2,0,0,4,0
game,249,34,17,36,30,91,146,91,32,26,121,93,72,14,188,35,72,189,50,41,86
games,24,2,10,16,5,8,14,13,12,6,28,21,13,1,10,5,11,76,24,5,17
gamma,539,258,265,265,145,330,289,198,209,305,332,262,216,219,375,457,292,333,342,257,389
gang,1,20,0,0,0,5,0,7,3,0,1,0,1,0,0,0,0,0,1,0,0
gap,64,49,56,49,137,92,40,66,81,108,84,83,57,105,54,54,125,73,76,37,80
gaps,22,5,14,41,10,23,6,14,3,7,5,7,9,11,8,18,12,14,23,14,13
garage,554,0,0,20,0,0,2,0,0,11,0,0,0,0,2,8,11,10,14,8,6
garden,0,2,0,10,2,6,0,4,2,2,10,11,8,9,2,3,18,2,8,8,12
gardens,0,0,0,0,0,0,0,0,0,0,0,1,0,0,0,1,0,0,1,0,0
gardner,0,0,0,0,0,2,0,0,0,0,0,1,0,0,0,0,0,0,0,0,0
gary,0,0,3,1,0,2,0,1,0,0,0,0,0,0,0,0,0,0,0,0,1
gas,42,7,10,3,4,43,2,44,6,6,5,2,6,11,17,6,19,1,51,14,16
gases,6,0,0,0,0,0,0,0,0,0,0,0,0,0,1,0,0,0,0,3,0
gasoline,0,0,0,0,0,0,0,0,0,0,0,0,0,0,0,0,2,0,0,0,0
gate,204,125,44,55,14,52,60,35,48,37,58,34,59,106,162,102,79,106,83,148,217
gates,43,57,5,19,11,24,21,17,10,28,12,22,26,47,50,22,41,66,55,82,150
gather,216,215,142,306,215,388,300,369,287,477,434,420,524,621,399,446,567,622,676,711,532
gathered,16,20,24,26,19,29,17,29,18,22,41,37,36,51,28,22,38,43,46,47,48
gathering,41,20,18,32,23,64,32,51,28,40,64,46,64,56,72,41,71,68,43,53,35
gauge,31,5,6,2,2,16,2,1,8,12,4,5,1,3,5,2,1,5,0,4,8
gave,15,25,23,11,5,3,4,4,6,4,6,9,7,2,4,6,10,2,6,7,4
gay,0,0,0,0,0,0,0,1,0,0,0,0,0,0,0,0,0,0,0,0,0
gaze,41,0,7,1,0,1,0,42,4,1,37,0,0,1,35,24,5,1,19,33,22
gdp,0,0,0,0,0,0,0,0,0,0,0,0,0,0,0,2,2,0,2,0,0
ge,34,3,2,5,3,24,1,15,11,10,52,5,53,11,6,7,14,3,5,14,6
gear,31,0,3,0,0,1,1,1,0,1,3,0,0,0,3,4,5,0,0,1,0
gel,4,0,0,0,0,0,0,7,0,0,0,0,0,6,0,0,0,0,0,0,0
gen,132,63,131,89,34,94,42,46,75,32,32,59,70,68,60,76,88,73,58,97,116
gender,40,30,11,23,23,3,13,14,26,10,20,8,15,30,9,26,25,15,27,15,11
gene,16,4,43,10,19,22,5,11,24,12,0,2,12,16,33,39,90,18,14,63,92
genera,0,0,0,0,0,0,0,0,0,0,0,0,0,0,0,0,2,2,0,0,1
general,606,1481,1392,852,335,597,443,720,297,407,264,695,1076,632,361,638,642,1315,630,595,534
generalized,9,6,38,2,21,18,36,9,14,29,20,28,21,5,31,14,22,23,45,31,26
generally,117,57,76,87,57,99,63,90,54,45,50,70,89,63,30,62,83,125,75,81,75
generate,1899,922,1324,1293,1023,1655,1266,1657,1442,1459,1414,1884,2022,1822,1465,1689,2382,2590,2583,2575,2446
generated,786,468,468,495,298,679,451,579,416,488,508,745,868,667,601,595,959,967,936,993,955
generating,121,57,85,135,72,125,102,132,96,108,84,147,163,110,86,93,246,182,205,207,191
generation,1510,197,188,342,212,532,286,469,413,408,293,591,664,601,320,694,1552,1612,2011,1861,1568
generations,9,4,19,21,17,29,13,26,26,6,34,66,50,34,84,19,85,87,45,96,56
generator,787,483,527,598,484,664,474,521,441,547,407,519,536,587,455,501,823,591,1445,799,636
generators,80,71,69,65,53,52,26,53,51,50,22,32,52,37,41,50,53,62,38,39,67
generic,117,75,132,69,39,122,33,108,58,86,58,116,119,98,100,128,149,158,146,132,97
generous,12,1,3,5,1,1,1,2,4,1,4,3,2,2,1,4,2,3,1,3,4
genes,2,7,0,4,8,2,1,4,2,3,0,0,2,1,7,18,21,12,4,36,63
genesis,0,0,0,0,4,0,0,0,0,0,0,0,0,0,2,0,0,0,2,1,0
genetic,6,3,6,0,8,2,0,4,0,3,0,10,2,2,16,2,9,11,13,1,5
genetics,0,0,0,0,0,0,0,0,0,0,2,0,0,2,0,0,0,0,0,0,2
geneva,0,0,0,0,0,0,0,0,0,0,0,0,0,0,2,0,0,0,0,0,0
genius,1,0,0,0,0,0,0,0,0,0,0,0,2,0,1,2,0,2,0,0,3
gentle,1,0,0,1,0,0,0,0,5,1,0,0,0,2,0,0,10,2,4,5,2
gentleman,0,0,1,0,0,0,0,0,0,0,0,0,0,0,0,0,0,0,0,0,0
gently,0,0,0,0,0,0,0,0,0,0,7,0,2,0,0,0,0,0,0,1,0
genuine,5,4,3,5,10,0,0,0,0,2,2,2,2,1,1,0,2,1,1,0,4
genus,0,0,2,6,0,4,10,8,3,19,8,2,4,10,3,7,4,8,2,5,0
geo,5,5,4,14,1,5,15,11,18,9,10,7,11,12,4,4,2,9,7,19,12
geographic,0,0,0,1,0,0,0,0,0,0,0,1,2,2,1,0,1,0,0,0,0
geographical,2,3,2,0,0,0,0,0,0,0,0,2,0,0,2,1,0,0,0,1,3
geography,0,0,0,0,0,0,0,0,2,0,0,0,0,0,0,0,0,0,0,0,0
geological,0,0,0,0,0,0,0,0,0,0,0,0,0,0,0,0,1,0,0,0,0
geometric,44,21,21,60,38,19,44,39,34,90,45,49,76,152,66,72,92,77,113,81,49
geometry,46,36,21,52,62,51,46,25,23,88,111,36,45,45,62,93,54,182,92,81,48
george,4,12,0,1,2,7,0,0,0,2,7,1,0,0,1,14,35,73,43,62,46
georgia,13,0,0,0,0,0,0,0,0,0,0,0,0,0,0,8,0,0,3,0,0
german,132,20,213,227,269,218,236,10,3,229,333,12,3,7,153,248,18,298,299,11,28
germany,100,11,214,212,246,209,208,5,2,225,329,51,96,4,138,241,16,251,311,0,13
gesture,0,1,0,1,611,1,0,0,4,4,0,0,6,0,0,1,0,1,0,4,0
get,7675,5513,6089,5986,4131,7109,4962,6563,5986,6307,6134,6775,8309,7754,6565,6907,9649,9942,11069,10356,8323
gets,348,204,294,281,147,284,149,257,204,230,186,221,261,194,189,211,343,293,403,507,337
getting,176,135,145,156,99,174,95,129,126,117,144,125,176,101,95,148,179,154,184,168,155
ghost,11,5,2,9,15,11,5,11,3,14,23,31,15,19,16,17,22,25,21,16,8
giant,4,0,8,2,5,0,3,1,0,4,12,4,7,1,5,5,5,5,21,21,21
gibson,0,0,0,0,0,0,0,0,0,0,0,0,0,0,0,0,0,0,0,1,0
gifted,0,0,0,0,0,0,0,0,0,0,0,0,0,2,0,1,0,2,1,1,4
gifts,0,0,0,0,0,0,0,0,0,0,0,0,0,0,0,0,5,0,0,0,0
gilbert,0,0,1,0,0,3,0,0,0,0,1,0,0,0,0,0,0,0,0,1,0
girl,0,0,9,3,0,0,1,0,3,0,4,1,0,0,4,4,3,5,0,2,2
girls,0,1,0,0,0,0,0,0,0,4,6,0,0,0,0,0,0,0,0,0,0
give,376,192,361,214,186,329,186,290,169,180,264,274,358,309,292,314,534,439,450,390,427
given,1468,805,1134,1068,708,969,757,994,859,800,831,1032,1148,942,882,991,1093,1239,1193,1129,1062
gives,139,89,232,167,133,219,149,178,149,143,188,221,220,166,235,250,248,318,277,250,241
giving,31,13,29,8,14,47,21,36,21,10,46,27,53,42,67,34,69,54,41,49,42
glad,0,4,2,0,0,0,0,0,0,0,0,1,0,0,0,0,0,0,0,0,0
glance,2,0,1,0,0,1,0,3,1,0,0,0,0,0,5,0,0,1,0,0,1
glanced,0,0,0,1,0,0,0,0,0,0,0,0,0,0,0,0,0,0,0,0,0
gland,0,0,0,0,2,2,0,0,0,0,0,0,0,0,0,0,0,0,0,0,0
glass,3,2,8,0,11,8,0,2,9,0,7,1,1,0,1,4,16,7,38,6,4
glasses,0,0,0,0,1,0,0,0,1,2,6,12,1,0,1,6,3,0,3,1,0
glen,0,0,11,0,0,0,0,0,0,0,0,0,0,0,0,2,0,0,0,0,0
glenn,0,0,0,0,1,1,0,3,0,2,7,3,7,4,3,2,6,6,3,1,2
global,946,664,712,841,598,1209,578,1169,845,911,929,1369,1726,1304,860,1000,1499,1819,1899,1500,1358
globe,0,0,0,0,0,0,0,0,1,0,0,1,1,0,0,1,0,0,0,0,0
glory,0,0,0,1,0,0,0,0,0,0,0,0,0,0,0,0,0,0,0,0,0
gloves,0,0,0,0,0,0,0,0,1,0,0,0,1,0,0,1,0,0,0,0,0
glow,1,9,0,13,0,5,3,5,0,5,2,2,3,5,2,1,1,0,0,0,0
glucose,4,2,0,0,0,2,0,0,8,7,8,0,1,1,1,0,0,0,0,1,4
gm,10,4,6,2,9,18,6,19,1,2,0,6,10,2,18,7,7,8,9,8,4
go,671,639,767,451,273,561,293,512,366,367,431,467,531,446,392,427,489,486,501,544,444
goal,168,151,215,154,113,325,226,207,188,145,141,119,83,113,407,488,160,142,216,143,154
goals,18,14,21,10,10,26,34,18,18,40,63,15,34,46,82,82,30,7,41,15,23
god,3,1,0,2,1,6,3,3,1,1,1,3,5,2,2,1,2,0,2,0,0
gods,0,0,0,0,0,0,0,2,0,0,0,0,0,0,0,0,0,0,0,0,0
goes,154,118,148,105,66,106,73,101,74,89,87,145,147,109,97,89,138,138,179,167,88
going,230,223,232,190,93,189,78,128,72,104,93,119,142,92,131,144,196,227,219,245,136
gold,133,114,75,135,69,71,51,60,36,120,41,56,98,48,118,43,104,71,66,78,112
golden,48,20,6,11,5,1,2,14,9,9,0,10,13,4,2,5,10,19,9,13,4
golf,1,0,3,1,0,2,0,4,3,2,4,1,4,3,1,2,9,1,1,1,2
gone,16,13,9,4,9,14,8,8,10,12,3,4,14,6,12,10,9,13,15,16,7
good,389,292,338,294,175,333,148,326,169,195,207,296,265,229,220,268,376,265,518,332,244
goodness,3,1,5,6,0,3,0,0,0,4,0,2,0,1,1,1,0,1,6,3,1
goods,689,7,58,69,26,16,41,135,58,35,8,24,22,14,44,94,35,27,97,59,57
gordon,0,0,1,0,0,4,0,0,0,0,0,4,0,0,1,1,0,1,0,0,4
gospel,0,4,0,0,0,0,0,1,0,0,0,0,1,0,1,0,0,0,0,0,0
got,149,109,177,116,73,136,42,70,78,60,83,116,99,86,83,118,115,143,144,122,123
gotten,8,27,56,18,0,1,0,9,0,4,1,12,0,2,1,12,1,6,9,0,0
govern,1,0,0,0,0,9,0,0,1,0,1,0,0,0,0,0,0,0,2,0,0
governed,17,2,2,6,11,3,1,6,3,1,1,9,0,0,4,4,9,5,0,1,0
governing,3669,1469,1194,4455,1747,3742,1527,3718,2435,1156,2797,3320,6851,3850,3016,3031,7785,8778,8764,6606,6951
government,4,4,99,0,0,7,0,0,0,1,2,0,5,13,0,0,4,328,1,1,4
governmental,6,0,0,0,0,0,0,0,0,0,1,0,0,0,0,0,0,0,0,0,0
governor,2,7,0,0,0,2,0,0,0,0,0,2,0,0,0,0,0,0,0,0,1
governors,0,0,0,0,0,0,0,0,1,0,0,0,0,0,1,0,0,0,0,0,0
gr,6,8,0,12,1,9,2,5,14,11,14,8,48,31,21,61,74,57,21,70,19
grabbed,2,0,2,0,4,0,1,0,9,1,2,0,2,1,0,2,2,1,5,1,7
grace,6,1,0,0,0,2,4,0,0,6,0,0,0,12,2,1,0,0,7,7,33
grade,7,1,4,3,2,3,7,4,2,2,2,3,11,5,4,1,10,3,12,5,3
graded,0,0,0,0,2,0,0,1,0,3,0,0,0,1,3,0,0,0,0,1,0
grades,1,0,2,0,0,0,0,0,0,1,2,0,0,0,0,0,0,0,3,0,1
gradient,1290,800,940,1071,789,1184,775,1067,960,1165,976,1108,1354,1009,997,907,1303,1482,1353,1818,1370
grading,0,2,0,2,0,1,0,1,2,3,0,0,0,1,0,0,0,1,2,1,3
gradual,5,4,0,3,11,5,1,0,3,2,5,1,0,2,8,2,0,2,1,8,4
gradually,25,11,11,34,8,16,21,18,19,22,20,14,13,13,38,30,12,26,5,24,25
graduate,0,0,1,0,2,1,0,0,0,0,2,0,0,0,0,0,0,0,0,0,1
graduation,0,0,0,0,0,0,0,0,0,0,0,1,0,0,0,0,0,0,0,0,0
graham,0,2,0,0,1,0,0,3,0,0,0,0,1,0,0,0,0,0,2,0,0
grain,1,2,1,2,0,2,3,1,3,0,1,0,4,3,2,0,1,0,9,3,32
grains,1,0,0,0,0,14,2,0,0,0,0,0,0,0,0,0,2,0,3,0,9
gram,69,19,37,51,11,137,23,57,13,17,28,16,51,27,45,126,47,22,33,83,49
grammar,76,11,7,8,9,16,1,18,2,38,11,1,3,0,11,16,17,46,39,10,15
grams,28,11,16,27,12,120,24,18,14,12,43,46,22,27,41,144,10,15,9,56,28
grand,3,2,7,1,1,0,0,0,4,10,9,0,5,1,3,9,11,8,5,13,6
grande,0,0,0,0,0,0,0,0,0,0,1,0,0,0,0,0,0,0,1,0,0
grandfather,0,0,0,0,0,0,0,0,0,0,0,0,0,0,0,0,0,0,1,0,0
granite,0,0,0,0,0,0,6,0,0,0,0,0,0,0,0,0,4,0,0,24,24
grant,335,304,34,194,280,148,129,78,100,75,151,110,246,176,57,91,21,27,26,44,14
granted,198,278,173,107,61,92,54,89,95,55,59,420,306,42,136,112,129,107,61,411,172
granting,12,1,0,0,0,0,0,0,0,0,0,0,0,0,3,0,0,0,1,0,1
grants,56,5,0,0,0,0,4,0,0,6,2,2,4,12,14,9,6,12,2,10,6
graph,1798,896,1351,1027,669,858,541,743,534,831,446,814,936,846,771,742,909,1184,889,1023,1090
graphic,3,3,0,2,1,0,0,0,1,1,0,1,0,0,1,0,1,0,1,4,7
graphics,22,4,8,8,12,7,2,6,3,10,3,6,7,3,3,10,9,6,6,4,3
graphs,189,82,212,96,126,93,60,62,57,151,64,127,133,78,90,76,105,96,75,138,63
grasp,82,1,7,58,104,54,63,49,14,62,10,22,8,36,2,1,5,8,5,35,2
grass,8,4,2,8,2,9,0,1,12,1,8,3,11,2,5,9,6,1,21,2,2
grasses,0,0,0,0,0,0,0,0,0,0,0,0,0,0,0,3,0,0,1,0,0
grateful,0,0,0,0,0,0,0,0,0,0,0,0,0,0,0,1,0,0,0,0,2
gratitude,0,0,0,1,0,0,0,0,0,0,0,0,0,0,0,0,0,0,0,1,0
grave,26,0,0,0,0,0,0,0,0,0,0,0,0,0,0,0,1,1,1,0,0
gravel,0,0,0,0,0,0,0,1,0,0,0,0,1,2,3,0,0,0,0,0,1
graves,0,0,0,0,1,0,0,0,0,2,0,0,6,0,0,0,0,0,0,1,0
gravity,34,3,13,6,6,38,17,26,24,33,24,25,48,30,42,84,13,34,88,36,4
gray,164,97,137,128,93,108,121,83,114,130,126,142,137,96,160,147,107,85,113,65,118
grazing,0,0,0,0,0,0,0,0,0,0,0,0,0,0,0,2,0,0,0,0,0
great,25,17,26,10,11,18,3,25,4,5,12,20,10,11,21,15,17,36,26,58,18
greater,152,115,197,151,66,145,91,156,91,95,114,128,125,136,111,157,160,196,202,155,209
greatest,23,2,7,10,5,5,6,13,7,1,3,2,6,4,5,11,0,12,6,9,5
greatly,2,2,5,0,2,6,1,9,10,2,5,11,14,8,5,10,5,17,16,8,10
greece,0,0,0,1,0,0,0,1,0,0,0,0,0,0,1,0,0,0,0,0,0
greek,111,1,1,1,0,0,0,1,4,0,0,0,1,2,0,1,1,3,1,9,5
green,101,37,42,54,81,74,51,59,57,51,107,84,114,34,139,79,71,88,90,94,69
gregory,0,0,0,0,0,2,0,0,0,0,0,1,0,0,0,0,0,0,0,1,0
grew,0,0,0,0,0,0,0,0,0,0,0,0,0,0,0,0,2,6,0,0,0
grey,58,15,18,27,5,10,12,19,9,19,19,16,8,13,12,8,42,28,60,33,126
grid,1085,482,654,519,510,570,520,586,582,680,824,723,917,856,872,923,1208,965,894,1067,995
grief,0,0,0,0,0,0,0,0,0,0,0,0,0,0,0,0,0,0,0,1,0
griffin,3,1,3,2,2,0,0,0,0,0,0,0,1,0,0,0,0,5,1,0,0
grinding,0,0,0,0,0,0,0,0,0,0,0,0,0,0,0,0,0,1,0,0,0
grip,1,0,0,4,0,8,0,5,0,0,0,0,9,43,2,4,4,9,3,5,0
grocery,0,0,0,0,0,1,0,0,0,0,13,9,0,0,0,0,0,1,0,0,0
gross,6,12,16,6,2,6,6,3,0,7,2,2,1,0,2,2,2,0,14,0,4
ground,1085,559,577,792,641,691,643,595,708,678,754,914,691,792,695,734,782,709,942,635,619
grounded,1,4,1,1,0,9,0,8,5,4,0,0,0,0,2,5,3,19,22,12,13
grounds,0,0,0,0,0,0,0,0,0,1,0,0,0,0,0,0,0,0,0,0,0
group,964,554,610,651,542,821,491,658,507,810,716,978,1855,1211,1055,974,1201,1266,1380,1453,1344
grouped,34,18,20,29,30,25,18,27,21,34,16,48,51,51,39,42,69,63,78,74,66
grouping,170,70,69,83,46,73,43,79,44,63,46,56,48,69,57,75,83,64,94,59,90
groups,285,210,278,268,271,256,252,339,224,466,441,406,455,496,475,411,730,640,657,651,617
grove,0,0,0,0,0,0,0,0,0,0,0,0,0,4,0,0,0,0,0,0,0
grow,35,8,161,10,179,28,14,12,28,90,20,13,20,23,16,19,15,19,18,14,19
growing,92,28,7,22,24,10,4,18,17,47,5,17,14,39,14,10,16,2,4,8,8
grown,1,0,1,0,4,3,0,4,0,1,0,0,2,0,3,2,1,0,0,0,0
grows,4,5,10,3,1,20,2,3,6,7,0,0,0,3,2,10,9,14,8,7,11
growth,47,51,18,18,21,44,12,24,48,23,3,15,14,9,28,23,16,11,18,75,65
guarantee,42,20,39,64,54,252,63,190,62,53,161,173,317,203,183,217,277,165,176,211,127
guaranteed,40,32,62,29,18,39,20,23,18,15,12,22,30,36,29,30,44,46,42,64,68
guarantees,10,5,9,55,5,11,3,17,9,1,9,9,19,22,18,21,49,23,88,54,35
guaranty,0,1,0,0,0,0,0,0,0,0,0,0,2,1,0,1,0,0,0,0,0
guard,82,40,49,53,31,68,21,57,39,47,28,75,41,29,38,49,47,55,58,37,73
guardian,1,0,0,0,0,0,0,0,0,0,0,0,1,0,0,1,0,0,0,0,0
guards,4,1,1,0,2,4,0,0,0,0,0,2,0,0,0,1,0,3,0,0,3
guess,106,69,147,86,55,51,34,52,37,26,45,77,120,58,40,78,98,63,138,105,65
guest,21,2,0,10,2,6,2,2,3,0,1,2,5,1,4,0,0,4,1,1,1
guests,6,0,0,0,0,0,0,0,0,0,0,0,0,0,0,0,0,0,0,0,0
guidance,10,9,3,7,3,9,3,7,5,9,3,11,25,34,186,688,1176,690,3749,1576,1013
guide,43,12,11,3,23,22,7,15,4,17,10,17,14,13,31,19,34,39,34,27,37
guided,51,74,56,55,59,62,85,66,75,51,53,75,42,63,67,74,142,105,89,94,51
guidelines,0,1,0,1,0,5,4,7,0,1,1,2,0,7,0,1,0,0,1,3,0
guides,1,4,2,4,2,8,1,2,3,3,2,4,5,6,5,3,11,10,4,2,4
guiding,12,1,9,9,14,15,15,8,27,16,22,24,3,10,7,28,20,22,26,10,11
guilty,0,0,0,1,0,0,0,1,0,0,0,0,0,0,1,2,0,4,0,0,2
guinea,0,0,0,0,0,0,0,0,0,0,0,0,0,0,2,0,0,0,6,0,0
gulf,0,0,0,0,0,0,0,0,0,0,0,0,0,1,0,1,0,2,1,1,4
gum,0,0,1,0,0,0,0,0,0,0,1,0,1,0,0,0,0,0,0,1,0
gun,0,0,0,0,0,0,0,1,1,0,0,0,1,0,0,1,0,3,0,0,2
guns,0,0,0,0,0,0,0,0,0,0,0,0,0,0,0,0,0,1,0,0,0
guy,4,8,1,5,5,8,0,6,2,5,6,8,10,3,2,0,12,1,9,3,1
guys,3,0,2,0,2,1,0,0,0,1,1,0,1,0,0,10,3,3,1,0,2
h,25748,2736,2866,2955,2738,3986,2978,3699,4370,4945,5843,4242,5344,5670,7028,6534,7757,8976,6825,7129,5476
ha,16,12,33,15,30,14,5,31,15,38,21,16,18,7,18,33,23,20,20,21,48
habit,0,0,2,0,1,2,1,0,0,0,0,1,0,0,0,0,0,0,0,0,0
habitat,0,9,15,33,56,19,0,2,0,0,0,5,0,13,5,1,14,169,1,4,13
habits,0,0,0,0,0,0,0,0,0,0,0,0,0,0,1,0,0,0,0,1,0
had,150,120,127,124,95,132,67,73,57,74,95,80,73,84,62,96,93,131,123,107,103
hair,11,23,21,20,10,4,12,11,23,14,1,12,5,12,25,9,19,21,42,4,3
hale,1,0,0,0,0,2,0,0,0,0,0,0,0,0,0,0,0,0,0,0,0
half,365,313,364,242,325,477,286,309,292,380,413,432,511,499,516,510,789,664,966,723,608
hall,4,4,3,5,0,0,0,1,0,0,2,0,2,0,0,2,0,2,4,2,0
halt,7,3,4,4,0,3,5,1,1,0,0,3,7,1,1,3,1,3,1,3,2
hamilton,0,0,0,2,1,0,7,7,4,2,0,0,1,0,0,3,0,1,3,0,0
hammer,0,0,1,0,1,1,0,2,11,0,7,0,2,2,0,16,2,2,7,1,10
hand,200,135,152,183,177,143,85,96,85,117,136,171,129,89,132,171,173,206,212,281,170
handbook,4,8,5,2,1,5,2,4,3,0,2,4,7,3,2,4,11,1,9,8,0
handed,13,7,5,12,9,7,7,15,7,7,8,23,32,9,17,33,18,17,11,7,8
handle,898,773,998,717,470,812,502,1107,638,616,654,894,1291,909,710,947,1330,1412,1652,1790,1564
handled,114,108,189,194,93,196,117,191,117,165,118,174,201,168,107,168,233,233,231,249,212
handles,135,104,102,76,64,111,55,152,72,78,70,121,119,113,99,78,128,161,193,236,148
handling,202,155,187,110,85,191,67,138,106,153,100,131,220,110,90,136,201,256,247,217,220
hands,31,2,8,21,21,18,15,6,5,31,36,14,8,15,16,25,16,28,30,10,26
hang,48,36,10,27,157,22,31,30,20,16,16,17,23,40,13,57,39,17,27,60,26
hanging,12,13,16,10,7,13,9,16,19,10,14,22,22,13,9,13,46,21,47,55,30
hannah,0,0,0,0,0,0,0,0,0,0,0,0,0,0,0,0,0,0,0,1,0
hans,0,0,3,0,0,0,0,0,0,3,0,0,0,0,0,0,4,0,3,3,0
happen,228,184,264,157,109,179,102,171,97,123,100,134,192,158,107,159,191,254,232,252,196
happened,38,21,10,27,12,24,10,21,18,19,12,25,23,20,22,22,20,14,35,25,17
happening,9,15,15,11,4,15,4,9,10,6,9,20,12,15,9,21,26,14,27,32,17
happens,175,93,123,129,171,129,85,89,85,82,103,136,118,110,86,124,142,172,198,223,177
happily,0,0,2,1,0,0,0,0,1,1,0,0,1,1,1,1,0,0,0,0,1
happiness,0,0,1,0,6,1,0,0,0,1,0,1,0,0,4,0,0,0,0,0,0
happy,15,10,18,24,15,65,76,87,114,134,148,122,164,193,189,160,202,230,178,190,130
harbor,0,0,0,4,7,0,0,18,2,0,3,0,2,0,5,0,0,5,1,0,0
hard,315,287,396,343,220,341,272,381,327,422,383,355,505,386,332,374,412,522,356,352,311
harder,33,15,4,8,19,32,6,7,8,4,13,4,9,17,13,17,13,11,17,16,7
hardly,2,2,3,0,1,1,1,2,0,1,0,3,2,2,1,2,2,3,2,2,2
hardness,0,0,1,1,0,4,2,0,0,14,0,5,9,0,1,1,2,1,0,2,6
hardware,69,34,53,18,13,19,40,22,23,64,36,25,27,25,77,16,45,101,61,71,59
hardy,0,0,1,0,0,0,0,0,0,0,0,0,0,0,0,0,0,0,0,0,0
harm,13,8,24,5,2,4,0,4,2,2,2,4,10,2,2,82,20,3,10,5,9
harmful,4,4,8,3,1,0,1,1,1,0,1,2,0,0,3,16,8,28,32,3,10
harmless,2,1,22,1,1,5,0,2,1,1,0,2,4,2,3,5,1,4,6,3,2
harmony,0,0,0,1,0,0,0,0,0,1,0,2,1,1,2,0,17,0,0,4,1
harold,0,0,1,0,0,0,5,0,0,0,0,0,0,0,0,0,0,0,0,0,0
harris,1,0,5,1,1,1,0,1,1,0,0,0,0,2,2,0,0,0,0,0,0
harrison,0,0,2,0,1,1,0,0,0,0,0,0,0,0,0,0,3,4,0,0,0
harry,0,8,4,8,0,0,5,0,5,4,0,0,0,0,0,30,0,1,0,0,0
harsh,0,0,0,0,0,5,0,0,0,0,0,0,3,1,0,0,0,4,0,0,0
hart,0,0,0,0,0,2,0,0,0,0,0,0,0,2,0,0,0,2,1,0,0
harvard,23,10,9,8,12,2,4,9,2,24,3,1,5,7,4,6,0,4,2,11,3
harvest,4,0,7,0,0,0,1,0,0,0,0,1,7,0,0,0,0,1,3,0,1
harvested,3,0,9,0,0,0,0,0,0,0,0,0,0,0,0,0,0,0,1,0,0
harvesting,2,0,4,0,0,0,0,0,0,0,0,0,0,0,0,1,0,0,0,1,1
harvey,0,0,4,0,0,0,0,0,0,0,0,0,0,0,5,1,3,0,0,0,0
has,3236,2021,2591,2538,1568,3138,1828,2938,2159,1979,2471,3168,4660,3237,2485,2879,4973,4834,5272,4751,4308
hast,0,0,0,0,0,0,0,0,1,0,0,0,0,0,0,0,0,0,0,0,0
hat,75,45,17,29,15,27,38,23,6,95,27,32,18,11,46,90,31,55,24,15,9
hatch,5,2,3,2,31,3,0,5,1,0,0,0,5,4,1,4,7,0,0,1,3
hate,2,1,1,2,4,6,4,1,0,6,5,0,1,0,6,1,4,14,6,0,7
haul,0,0,0,0,0,0,0,0,0,0,0,0,1,1,0,1,2,3,2,4,3
have,4793,3653,4905,4120,2476,4803,2832,4837,2794,2976,3423,4983,6768,4699,4084,4569,7121,6714,8161,7402,6224
haven,92,62,72,93,43,81,55,58,43,57,38,61,65,48,48,46,50,62,54,55,51
having,218,97,137,152,89,163,87,164,89,91,127,145,172,146,151,141,214,175,238,193,197
hawaii,1,0,0,0,0,0,0,0,1,0,0,0,0,0,0,0,0,6,4,0,0
hawaiian,0,0,0,0,0,0,0,1,1,0,0,0,0,0,0,0,0,0,3,1,0
hay,0,0,0,0,0,2,0,0,0,0,0,0,1,1,0,0,2,0,1,0,0
hayes,6,0,2,0,0,6,4,0,16,3,0,4,0,0,2,2,0,1,0,0,0
hazard,3,7,4,0,0,1,3,0,0,10,0,0,4,8,0,0,9,4,0,9,7
hazardous,0,0,2,0,0,0,0,0,0,0,0,0,0,0,0,0,0,0,0,0,0
hazards,6,0,5,0,0,0,0,0,0,1,0,0,0,0,0,0,1,5,2,12,4
he,93,55,46,101,39,52,29,65,36,41,38,50,56,78,42,50,66,64,52,67,83
head,1427,1165,924,1607,1118,1946,1300,2171,1659,1450,1933,2294,3103,2181,1521,1922,2977,3045,2517,2196,1560
headache,0,0,0,0,1,0,0,0,0,0,0,0,2,0,0,0,6,9,4,5,7
headed,1,1,1,5,0,0,4,1,0,1,8,1,10,2,2,5,10,11,12,7,12
heading,64,23,48,41,68,35,94,31,8,63,54,78,62,60,54,102,15,135,99,114,43
headings,27,3,4,7,3,8,18,7,2,10,6,4,3,7,1,2,6,10,10,32,7
heads,674,439,313,755,538,973,538,1066,714,627,781,1213,1530,1136,726,825,1771,1740,1484,1314,961
healing,5,0,0,0,1,0,1,0,0,0,1,0,2,2,3,6,0,0,4,9,6
health,7,2,9,8,4,4,6,0,3,3,10,4,14,13,63,38,7,5,8,2,5
healthy,99,2,3,5,1,1,3,8,3,3,10,7,2,3,13,7,6,7,0,1,10
hear,1,0,0,1,2,13,1,1,0,0,1,0,10,1,0,4,2,0,4,1,6
heard,1,0,0,2,1,0,0,0,2,0,0,0,0,0,1,5,0,0,1,1,1
hearing,0,0,0,0,0,0,0,0,0,1,0,0,0,0,0,0,0,0,0,1,3
heart,10,2,5,2,3,13,6,1,0,4,33,4,2,2,3,19,10,16,6,3,0
hearts,0,2,3,2,0,0,0,0,1,0,0,0,0,0,0,4,0,0,0,2,0
heat,37,4,13,25,11,86,11,24,18,27,13,15,7,5,5,37,27,7,34,33,2
heated,0,0,0,0,0,0,0,0,0,0,0,0,0,0,0,0,1,0,0,6,0
heater,0,0,0,0,0,0,0,0,0,0,0,0,0,0,0,0,2,0,1,0,1
heating,7,0,0,0,0,37,3,2,3,0,0,2,1,1,0,0,1,0,5,5,1
heaven,0,0,0,2,2,9,0,6,2,1,2,6,4,2,2,0,2,0,3,0,0
heavens,0,0,1,0,0,0,0,0,0,0,0,0,0,0,0,0,0,0,0,0,0
heavier,0,1,0,0,0,0,1,0,0,0,0,0,4,0,0,1,0,0,0,2,1
heavily,12,2,9,15,10,9,6,47,15,19,18,21,21,17,21,16,22,18,37,27,25
heavy,51,12,4,14,12,9,13,16,18,11,12,10,21,12,22,24,18,23,23,18,11
hebrew,4,128,256,66,0,0,0,32,0,0,0,32,0,4,0,33,0,0,2,2,3
height,1143,546,620,831,615,759,605,796,657,831,1020,862,1121,1262,898,1184,1939,1852,2048,1753,1488
heights,34,21,28,31,25,13,12,27,24,40,11,26,15,24,18,25,21,16,11,11,15
held,55,23,8,17,17,17,2,11,5,4,4,11,7,10,6,5,15,22,15,20,25
helen,2,0,0,0,1,0,0,0,0,0,0,0,0,0,0,0,0,0,1,2,0
helicopter,0,0,1,4,7,1,0,22,2,0,3,0,2,0,5,2,2,5,1,2,0
hell,0,5,10,5,0,0,0,5,0,2,0,2,0,0,3,5,1,4,1,2,2
help,613,311,370,496,358,627,393,505,418,435,418,657,601,461,478,534,658,712,508,652,656
helped,3,1,2,5,0,1,0,2,0,1,0,0,1,0,2,3,1,3,1,0,1
helpful,43,21,15,26,13,10,13,13,20,12,21,17,21,25,16,41,66,64,68,85,52
helping,5,1,0,4,1,0,0,0,0,2,0,0,2,0,0,1,1,1,2,3,0
helps,115,36,35,31,22,37,25,61,36,58,52,77,112,156,78,92,269,205,224,213,143
hemisphere,6,1,2,0,2,4,0,2,6,1,3,2,0,4,17,5,2,2,1,3,1
hemorrhage,0,0,0,0,0,0,0,0,0,1,0,0,0,0,0,0,0,0,0,0,0
hen,5,2,3,6,1,16,4,7,6,7,1,5,6,4,0,1,2,0,2,1,0
hence,120,92,143,128,56,112,82,132,107,89,69,130,155,94,80,112,154,154,172,275,193
henry,0,0,0,0,0,2,0,0,0,0,1,0,0,0,0,0,2,0,2,0,1
her,53,2,11,11,18,15,17,15,21,10,36,0,10,3,3,22,20,0,14,5,15
herald,0,0,1,0,0,1,0,0,0,0,0,0,0,0,0,0,0,1,0,0,0
herbert,0,0,0,0,0,1,0,1,0,0,0,0,0,0,0,0,0,0,0,0,0
herd,0,1,0,0,1,0,0,1,0,1,4,4,0,0,0,5,0,0,1,0,0
here,3783,2524,3170,3256,1913,3887,2359,3228,2376,2593,3065,3470,4412,3251,3048,3473,5056,4901,6728,5397,4822
hereafter,12,1,2,0,0,3,0,0,0,0,0,0,2,0,1,5,0,5,0,3,3
hereby,141,272,174,107,50,92,51,81,74,51,57,367,306,45,129,100,97,92,60,405,168
herein,36,3,3,1,0,3,14,3,3,3,1,4,4,19,49,17,5,15,1,10,10
heritage,0,0,0,2,0,0,0,0,0,0,0,0,0,0,0,0,0,0,0,0,0
hero,0,0,0,0,7,10,17,22,0,3,0,5,3,0,4,0,4,1,1,2,1
heroes,0,0,0,0,0,0,0,0,0,0,0,0,0,0,0,0,0,0,0,4,1
hers,0,0,1,0,0,1,0,1,0,2,0,0,0,0,0,0,0,1,0,0,0
herself,0,0,1,0,0,1,0,0,0,2,0,0,0,0,0,0,0,0,0,0,0
hey,3,1,3,1,0,6,2,4,0,1,7,2,5,3,3,2,43,9,10,24,22
hi,39,66,67,107,55,135,70,139,97,83,132,87,138,149,142,152,158,29,66,43,10
hidden,1300,837,443,1472,792,1669,672,1551,925,779,925,1158,1926,1115,770,898,1832,1879,1816,1663,1304
hide,42,80,91,38,28,67,165,56,23,21,20,34,37,35,29,40,47,42,28,40,33
hiding,5,2,2,0,4,0,0,9,2,2,2,1,5,0,2,1,1,4,0,1,3
hierarchy,35,19,24,24,31,33,36,66,23,55,48,58,39,73,69,39,52,69,54,74,40
high,368,240,325,277,195,305,192,259,236,284,285,435,329,342,372,360,416,466,488,500,408
higher,235,164,222,197,126,265,149,179,170,192,220,222,247,240,244,207,312,396,321,340,369
highest,289,202,231,271,175,318,175,266,213,204,229,320,284,277,242,293,372,325,384,263,243
highlights,1,1,6,0,2,2,0,0,0,3,2,4,0,1,1,7,0,0,0,1,1
highly,33,3,7,9,12,8,11,3,5,6,8,13,10,17,23,24,20,30,22,14,30
highway,45,26,4,72,17,39,15,52,17,16,14,84,27,13,10,1,20,17,13,11,8
highways,0,0,1,0,0,0,0,0,0,1,1,0,1,1,0,0,1,6,0,0,1
hill,47,1,6,15,15,7,8,9,13,2,6,0,12,7,10,46,6,4,15,45,5
hills,0,0,0,1,0,0,0,1,0,0,0,0,1,0,0,3,0,0,0,2,0
him,1,17,5,32,28,62,1,45,17,3,21,51,34,19,21,5,27,5,18,16,7
himself,0,0,1,0,0,2,0,1,0,4,2,0,0,0,0,0,0,0,0,3,0
hint,31,5,6,12,3,35,6,12,11,28,16,29,25,5,30,21,22,40,42,32,38
hip,35,16,22,12,6,14,23,28,27,20,23,30,18,22,31,36,18,35,37,49,18
hire,0,0,0,0,0,0,0,0,0,0,0,0,0,0,0,0,0,0,0,0,2
hiring,2,0,0,0,0,0,0,0,0,0,0,0,0,0,0,0,0,0,0,0,0
his,10,43,21,71,67,157,9,118,40,9,57,120,87,72,54,21,77,55,58,60,35
hispanic,2,0,0,3,1,0,1,0,0,0,1,0,1,0,0,0,1,0,3,3,2
hist,134,27,34,48,34,78,32,34,38,43,104,49,66,73,32,46,60,27,31,49,40
historic,4,1,4,1,0,5,0,4,0,0,4,1,1,0,2,0,0,1,0,12,7
historical,23,17,23,14,8,47,14,41,15,13,29,15,33,8,22,22,23,22,12,43,51
historically,0,4,19,3,0,6,1,2,0,4,0,2,3,2,0,2,2,1,3,1,2
histories,27,2,3,4,0,29,2,14,6,24,8,1,2,5,21,30,12,2,11,7,3
history,240,159,156,233,96,353,108,159,92,146,110,184,163,193,224,327,234,337,193,313,173
hit,100,121,130,89,61,82,35,64,68,120,30,74,63,49,54,65,99,118,75,129,112
hiv,0,0,1,0,0,0,0,0,0,1,0,0,0,2,0,0,0,0,0,0,7
ho,2,2,3,5,1,10,7,2,9,8,12,7,10,8,13,12,11,14,12,14,25
hoffman,0,0,0,0,0,4,0,0,3,0,0,0,0,0,0,0,2,2,0,1,0
hogs,0,0,0,0,0,0,0,0,0,0,0,0,0,1,2,2,0,0,0,0,0
hold,158,96,177,108,62,116,78,77,84,64,44,97,78,65,52,77,95,107,115,246,125
holder,202,63,72,61,60,26,72,111,125,72,17,59,119,100,69,220,104,64,128,57,107
holders,797,258,192,171,79,101,77,195,134,70,57,377,317,56,145,218,140,135,153,477,218
holding,66,26,40,29,34,41,20,28,26,24,28,98,1013,311,115,28,31,56,120,125,70
holdings,0,0,0,0,0,0,0,0,0,0,0,0,0,3,0,0,0,0,0,0,1
holds,102,56,82,84,51,74,42,66,60,63,98,100,74,92,49,41,67,80,124,123,90
hole,21,3,10,8,16,20,17,4,10,12,8,45,37,22,11,24,14,7,6,14,76
holes,13,8,23,17,17,29,8,30,28,26,14,23,39,32,37,48,46,26,46,76,95
holiday,1,2,8,0,0,8,0,2,0,0,1,0,0,0,0,0,0,0,0,0,5
holidays,2,0,4,0,0,4,1,0,0,0,0,1,0,0,0,0,0,0,0,0,1
hollow,2,1,0,0,0,0,5,0,1,0,0,0,0,2,1,0,2,0,4,0,0
hollywood,0,0,0,0,0,0,0,0,1,0,0,0,0,0,0,0,0,0,0,0,0
holt,0,0,0,0,0,0,0,0,0,2,0,0,0,0,0,0,0,0,0,0,0
holy,0,0,0,1,0,0,0,0,1,0,0,0,0,1,0,1,0,0,6,0,0
home,1283,234,418,159,258,629,220,293,281,213,403,232,294,321,210,298,216,380,210,185,140
homer,0,1,0,0,0,0,0,0,0,0,0,0,0,0,0,0,0,0,0,0,0
homes,0,1,2,1,0,0,2,2,2,3,3,3,0,0,0,0,1,0,0,0,0
homogeneous,41,20,21,46,41,31,40,44,60,83,82,74,80,92,78,77,64,99,85,87,43
hon,0,0,0,0,0,0,0,0,0,0,0,0,0,0,0,0,1,0,0,0,0
honest,2,0,0,0,10,5,0,0,2,0,1,0,0,1,0,2,3,10,2,2,2
honesty,0,0,0,0,0,0,0,0,0,0,0,0,0,0,3,0,0,0,0,0,1
honey,14,8,0,0,0,0,0,0,0,0,0,0,0,0,0,0,0,0,0,0,0
hong,0,4,1,0,0,6,0,0,0,0,19,0,0,7,0,3,13,2,9,2,6
honor,3,0,3,1,0,1,0,2,1,0,1,2,3,1,1,1,2,0,4,3,1
honored,0,1,5,0,0,3,1,1,0,0,0,0,0,0,0,1,0,0,0,0,0
honors,2,0,0,0,0,0,0,0,0,0,0,0,0,0,0,0,0,0,0,0,0
honour,0,0,0,0,0,0,0,0,0,0,0,0,0,0,0,2,0,0,0,0,0
hood,3,3,2,3,0,4,0,1,2,2,0,3,2,4,1,1,11,3,11,34,12
hook,149,91,102,82,33,99,81,112,99,132,98,114,137,121,118,174,140,172,232,242,250
hoover,0,0,0,0,0,0,0,1,0,0,0,0,0,0,0,0,0,0,0,0,0
hope,99,406,374,212,53,89,135,182,29,56,43,133,224,137,71,93,88,269,54,86,45
hoped,0,0,0,0,0,0,0,0,0,0,0,0,0,0,0,0,0,0,1,0,0
hopes,2,0,0,0,0,0,0,0,0,0,0,0,0,0,0,0,0,0,0,0,0
hoping,2,10,20,4,0,3,0,2,1,0,0,4,0,1,1,11,3,3,1,1,3
hopkins,0,42,4,14,13,52,0,4,7,1,0,3,56,5,57,36,2,14,5,4,0
horizon,110,31,39,67,13,68,39,6,55,32,15,56,19,24,39,72,85,49,133,60,121
horizontal,231,86,94,108,88,151,94,173,133,101,95,168,160,142,182,163,180,130,125,195,137
hormone,1,0,0,0,0,0,0,0,0,0,0,0,0,0,0,0,0,0,0,0,0
horn,0,0,1,4,0,1,0,0,0,6,0,3,0,6,3,0,1,0,0,1,2
horror,2,1,0,0,0,0,0,0,0,1,0,0,0,0,0,2,0,0,0,0,0
horse,14,23,11,32,29,32,4,24,25,26,21,44,27,9,13,18,34,11,26,15,4
horses,0,0,0,0,0,0,0,1,0,0,2,0,0,0,0,0,0,0,0,0,0
hose,0,0,0,0,0,0,0,0,0,0,1,0,0,0,0,0,0,0,1,0,0
hospital,0,9,16,3,2,0,1,5,2,2,4,0,1,17,2,1,2,10,3,5,1
hospitals,0,0,2,0,0,1,0,0,0,1,0,0,0,0,0,0,0,0,0,0,0
host,253,113,180,81,33,47,31,67,60,57,44,111,59,51,45,59,161,194,58,58,95
hostile,4,0,0,0,0,0,0,0,0,0,0,0,0,0,0,0,0,2,0,0,0
hosts,20,7,6,19,3,4,3,16,0,7,1,5,7,2,0,6,5,35,4,6,3
hot,261,166,168,207,146,204,139,178,171,180,208,154,163,178,147,183,252,267,228,154,203
hotel,0,30,1,1,7,5,0,4,7,0,0,10,1,6,14,2,4,0,0,1,1
hotels,0,0,0,0,0,0,0,0,0,0,0,0,0,0,0,0,2,0,0,0,0
hour,36,13,20,19,5,49,17,34,24,17,8,35,33,21,33,43,66,60,54,35,24
hourly,0,2,0,0,0,8,0,0,0,0,1,1,0,2,1,0,3,2,0,3,1
hours,93,8,11,22,26,44,26,18,24,13,15,21,58,8,39,18,23,21,41,29,20
house,10,6,7,16,7,24,4,24,14,7,15,27,19,16,4,7,33,17,16,52,11
household,0,4,0,0,0,0,0,0,0,0,0,0,3,0,0,1,2,0,0,0,0
households,0,0,0,0,0,0,0,0,2,0,0,0,0,0,0,0,0,0,0,0,0
houses,1,1,0,0,0,1,0,0,0,1,0,6,0,0,0,0,0,0,0,0,0
housing,6,1,0,0,0,2,0,0,0,0,1,0,1,0,0,2,0,1,5,6,6
houston,0,0,0,11,0,0,0,0,0,0,2,0,0,0,3,0,0,1,0,0,1
how,897,558,769,618,549,914,469,552,518,514,514,642,657,628,588,628,776,944,911,825,783
howard,0,0,1,1,0,0,0,0,0,0,0,0,0,0,0,2,7,0,0,0,9
however,1117,255,410,340,226,299,205,392,244,228,160,285,305,241,266,362,341,335,486,442,344
hp,174,15,36,42,90,114,64,50,42,51,75,49,69,40,100,41,117,77,73,230,48
hr,38,35,81,29,33,209,88,41,38,73,132,78,20,66,18,30,21,20,134,23,29
hud,2,0,0,0,0,2,6,0,1,3,0,0,0,0,0,0,0,0,0,0,2
hudson,1,0,0,0,0,2,0,0,0,0,0,0,0,0,0,0,0,0,0,0,0
huge,26,7,22,11,9,44,13,12,6,13,35,129,33,24,63,21,32,42,30,37,56
hugh,0,0,0,0,0,0,0,0,0,0,0,0,0,0,0,0,2,0,0,0,0
hughes,0,0,0,0,0,39,0,0,0,0,0,0,0,0,2,0,0,0,0,0,0
hull,17,17,29,35,14,8,8,15,25,14,14,17,29,27,11,23,8,25,40,37,7
human,100,153,113,132,59,149,143,80,126,100,111,119,128,80,183,73,193,182,157,191,223
humanities,0,0,0,0,0,0,0,0,0,0,0,0,0,0,0,0,1,0,0,0,0
humanity,1,0,0,0,0,0,0,0,0,0,0,0,0,0,0,0,0,0,0,0,0
humans,6,5,4,14,1,4,9,7,7,2,35,4,2,6,2,2,9,1,5,6,12
humble,0,0,0,4,0,0,0,0,0,0,0,0,0,0,0,1,0,0,0,0,0
humidity,2,0,0,0,2,0,0,0,0,0,0,0,1,0,5,8,0,0,4,6,0
humor,0,0,0,0,0,0,0,0,0,0,0,2,0,1,0,8,2,0,0,0,0
hundred,7,4,12,4,0,1,2,2,1,0,2,2,1,0,0,2,0,2,0,1,6
hundreds,1,1,6,1,2,0,0,1,0,0,3,0,1,2,4,5,4,3,2,7,2
hung,1,1,4,19,0,3,1,3,7,9,5,9,5,5,2,3,2,1,3,4,0
hungarian,2,7,20,13,18,25,19,11,23,23,29,38,33,30,32,27,41,86,54,33,59
hungary,0,0,0,1,0,0,0,0,0,0,0,0,0,0,0,0,0,0,0,0,0
hunger,0,0,2,0,0,0,0,0,0,0,2,2,0,0,0,0,0,0,0,0,0
hungry,2,0,0,1,2,0,1,0,1,0,1,0,1,0,0,1,0,1,0,1,0
hunt,0,0,0,0,0,0,0,2,0,0,1,1,0,1,0,0,0,1,0,0,1
hunter,0,0,2,0,0,2,0,0,0,0,0,0,1,0,0,0,0,0,0,39,0
hunting,0,0,0,0,0,0,0,0,0,0,0,0,0,2,0,2,0,0,0,0,3
hurt,11,14,14,11,4,23,3,6,6,5,0,17,13,15,6,8,18,8,10,9,9
husband,0,0,0,0,0,0,0,0,0,0,0,1,0,0,0,0,0,0,0,0,0
hut,3,0,0,0,0,1,0,1,0,0,0,1,1,0,0,0,3,0,0,0,0
hybrid,17,16,38,13,9,50,38,25,16,43,38,47,61,57,63,59,95,84,59,80,67
hydrocarbons,1,0,0,0,0,0,0,0,0,0,0,0,0,0,0,0,0,0,0,0,0
hydrogen,11,8,0,3,2,0,1,0,0,2,1,10,24,6,1,7,7,4,9,9,12
hypertension,0,0,0,0,0,0,0,0,0,0,1,0,0,0,0,1,0,0,0,5,0
hypotheses,107,113,74,228,98,302,191,267,194,162,177,327,401,258,114,92,124,133,174,98,29
hypothesis,114,104,68,212,70,254,150,224,143,184,115,244,278,215,205,141,82,75,106,124,45
hypothetical,5,5,0,17,26,92,35,114,15,3,98,87,195,138,66,1,313,5,160,191,157
i,9132,4774,4904,5151,4997,7400,4913,5063,4832,5438,29968,13444,6630,5734,8030,6457,7968,7601,6417,6272,5355
ia,11,15,36,8,2,18,11,12,15,2,4,4,6,15,3,0,23,20,8,27,3
ib,0,1,10,2,1,2,4,6,0,0,2,0,9,2,4,5,12,26,3,8,16
ibid,0,0,0,0,0,0,0,0,0,0,0,0,0,0,0,0,0,0,0,1,0
ibm,15,7,9,7,0,7,1,18,2,3,7,20,16,7,4,2,16,6,5,191,47
ic,30,50,24,42,8,42,31,34,50,32,119,26,47,40,57,45,51,160,27,23,39
ice,13,2,1,2,0,5,9,0,3,3,3,6,3,6,5,6,12,3,4,9,0
id,1575,963,1035,1241,802,1229,823,1297,1559,1301,2510,2368,1995,1424,1512,1968,3799,1793,1912,1651,1674
idea,83,74,127,59,40,80,38,44,38,66,48,112,81,92,85,148,137,242,160,125,53
ideal,35,45,71,38,34,11,8,26,13,16,8,15,26,10,20,45,26,65,32,39,98
ideals,0,0,0,0,2,0,0,0,0,0,0,0,0,0,0,0,0,0,0,3,3
ideas,5,9,21,7,2,3,1,6,5,0,5,10,24,2,13,10,8,5,7,12,3
identical,133,81,92,119,72,152,54,105,66,84,98,116,155,98,94,127,172,162,185,171,216
identification,52,25,31,18,27,22,12,17,13,14,3,24,10,20,12,18,13,16,46,15,29
identified,38,39,63,38,9,15,7,28,9,7,10,9,20,11,15,11,25,9,42,19,36
identifies,13,6,19,4,0,6,5,7,7,7,2,11,7,9,1,10,12,6,7,16,4
identify,134,66,93,82,57,114,86,109,73,72,54,86,106,90,73,97,85,113,133,103,114
identifying,26,17,5,16,10,7,7,2,12,5,5,3,1,15,16,2,13,17,12,9,30
identity,402,221,517,187,239,257,365,320,287,309,264,258,364,309,348,299,348,383,344,328,322
ideology,0,0,0,0,0,0,0,0,0,0,1,0,0,0,0,0,1,0,0,0,0
idle,31,2,0,0,6,10,5,12,6,5,55,8,23,3,0,3,10,6,19,10,6
ieee,44,12,27,17,5,25,15,24,7,27,11,8,4,16,14,66,11,13,19,9,13
if,22570,15581,18455,18449,12346,21584,14079,20305,14732,16658,17811,21200,27303,21699,18631,21597,31585,32589,33414,31532,27955
ignition,0,0,0,0,0,0,0,0,1,0,7,0,0,0,0,0,0,0,0,1,0
ignorance,0,0,0,0,0,0,2,0,0,0,0,0,0,1,0,0,0,0,0,0,0
ignorant,2,0,0,0,0,0,0,0,0,0,0,0,0,0,0,0,0,0,0,0,0
ignore,1267,1042,1366,1066,960,1753,881,1823,1103,1233,1479,1697,2716,1905,2199,2049,2151,3098,3163,4633,3395
ignored,437,375,369,468,276,470,292,414,529,457,349,521,497,518,405,425,607,503,1095,481,394
ii,323,96,163,81,121,76,94,86,119,52,136,202,171,143,175,118,206,103,56,140,81
iii,60,10,7,5,10,10,30,7,10,7,10,6,7,7,6,7,13,1,13,39,20
il,7,10,15,6,5,12,10,15,5,7,15,23,10,6,3,7,28,26,43,6,10
ill,7,2,11,7,3,5,6,3,7,0,2,0,8,5,4,4,17,7,5,7,6
illegal,91,27,58,19,5,29,57,29,23,22,34,31,26,34,25,21,41,34,39,35,48
illinois,44,11,1,3,8,3,1,13,106,27,2,4,8,14,1,0,4,1,11,1,59
illumination,7,1,6,0,2,12,9,12,0,6,25,3,6,5,17,0,12,3,25,22,15
illusion,0,0,0,0,0,0,0,0,0,0,0,0,0,0,0,0,0,0,0,4,0
illustrate,3,3,8,8,7,10,7,8,13,13,12,11,8,17,8,10,10,16,16,9,10
illustrated,5,0,1,0,0,0,1,0,0,0,0,0,0,2,0,1,2,2,0,4,1
illustrates,0,1,0,1,2,0,3,0,0,0,0,0,1,1,0,1,0,1,1,2,0
illustration,6,4,5,1,0,3,1,7,0,0,1,11,3,3,2,0,3,7,5,3,9
illustrations,0,0,0,1,0,0,0,0,1,1,1,0,0,0,1,0,0,0,0,0,0
im,305,110,206,196,123,81,136,175,119,88,174,92,157,142,144,124,251,165,75,79,110
image,8062,4034,4624,6218,4535,5201,4987,5175,5396,6343,6910,5686,6535,6778,6608,6859,9991,8709,10753,7836,7347
imagery,1,0,1,0,3,1,0,0,0,0,0,0,5,1,0,0,0,0,0,0,0
images,3511,1911,2448,2571,1886,2266,2128,1994,2060,2273,2569,2181,2580,2607,3189,2328,3447,2665,3463,2828,2317
imaginary,24,21,80,12,33,33,18,21,34,31,23,20,34,35,49,56,51,30,29,87,53
imagination,0,0,0,0,0,0,0,0,0,1,0,0,0,3,1,0,0,1,0,3,0
imagine,6,4,3,6,2,15,4,8,7,6,9,12,13,14,15,24,14,11,21,6,2
imagined,0,0,0,2,0,0,0,0,0,1,0,0,0,0,1,0,0,1,0,0,0
imaging,4,5,7,6,16,5,12,11,1,3,1,0,7,10,12,2,11,7,30,23,5
imitation,3,3,6,9,1,12,4,15,2,3,7,4,3,1,4,0,6,1,3,0,1
immediate,15,15,36,15,9,32,4,18,7,8,2,10,4,7,4,10,13,7,7,15,20
immediately,64,147,308,120,19,62,29,85,56,54,36,93,61,69,41,67,42,59,58,100,75
immune,0,4,1,0,0,0,0,0,0,0,0,0,1,3,1,0,0,0,0,0,0
immunity,0,2,1,0,0,0,0,0,0,0,0,0,0,8,0,0,0,0,0,1,0
impact,25,22,44,48,26,39,25,34,30,44,38,58,41,37,43,90,81,81,98,74,78
impacts,1,0,6,3,3,4,1,5,2,0,0,5,5,2,0,2,1,0,4,2,8
impaired,7,2,0,0,0,0,0,0,0,0,0,0,0,0,0,0,0,0,0,0,0
impedance,6,0,2,0,0,0,0,0,9,0,0,25,10,5,0,1,0,3,3,7,8
imperative,3,3,0,8,3,8,3,3,4,0,3,6,5,2,0,1,2,3,5,7,7
imperfect,2,2,0,2,0,1,1,2,0,0,0,0,3,1,0,0,3,5,2,2,0
imperial,4,0,6,0,0,0,0,0,0,0,5,0,0,2,0,0,0,4,6,2,0
implement,252,163,238,195,94,439,153,179,149,187,158,175,221,219,187,247,332,321,344,331,329
implementation,771,444,625,569,367,769,491,738,595,713,730,836,1079,900,832,836,1202,1344,1317,1147,1054
implemented,185,151,152,186,157,400,184,298,234,207,309,373,359,340,271,255,419,376,517,474,475
implementing,26,18,30,26,8,31,20,25,19,17,22,30,18,12,20,19,10,23,15,23,27
implements,80,40,81,57,46,97,38,54,32,49,44,62,75,45,38,44,60,77,67,51,55
implication,1,2,1,1,0,4,2,0,0,0,0,0,5,1,0,1,3,0,1,4,0
implications,3,0,3,2,3,0,0,3,0,1,2,0,0,0,0,2,2,0,0,2,0
implicit,58,61,99,232,42,62,22,66,19,48,31,56,35,24,46,46,42,54,65,66,83
implied,5261,2139,1898,4900,1894,3982,1782,4256,2665,1303,2909,3868,7429,4068,3301,3435,8042,9180,9049,7199,7272
implies,35,9,20,26,4,19,18,10,12,15,18,23,18,35,33,20,9,24,23,18,15
imply,16,5,21,10,0,6,5,5,4,4,4,13,9,10,21,8,11,9,9,6,3
import,3877,2012,2590,2945,1943,2740,2050,2592,2612,2554,2589,3609,3015,2489,2836,3021,4074,4483,3932,3905,3116
importance,94,75,72,59,111,96,47,201,61,652,77,308,171,70,62,75,145,114,112,110,84
important,368,164,230,194,168,334,172,294,222,283,291,346,431,364,321,331,446,524,546,518,374
importantly,4,5,1,4,2,57,3,2,2,2,8,3,6,3,1,5,14,13,8,17,8
importation,12,1,0,0,0,0,0,0,0,0,0,0,0,0,0,0,1,2,6,1,1
imported,242,154,147,107,74,194,116,268,197,86,188,306,704,126,80,98,120,316,357,148,126
imports,452,127,161,205,163,234,191,204,175,146,124,252,323,208,142,151,302,289,358,282,210
impose,43,10,8,6,7,7,3,3,21,3,3,2,3,2,11,8,4,1,10,8,2
imposed,4,5,3,3,0,3,0,1,0,0,2,0,2,0,1,3,2,4,0,6,2
imposing,0,1,0,0,0,0,0,0,0,0,0,0,0,3,5,1,2,0,0,0,2
imposition,1,0,0,0,0,0,0,0,0,0,0,0,0,0,0,0,0,0,0,4,0
impossible,42,37,87,34,37,48,26,46,26,14,34,39,73,37,36,33,64,66,60,50,40
impression,0,0,18,2,0,0,0,0,0,1,0,0,0,1,1,5,0,0,0,0,0
impressions,1,1,11,0,0,1,2,0,0,1,0,0,0,0,3,0,0,0,0,0,0
impressive,0,1,1,1,0,0,0,1,1,0,0,0,0,0,1,0,0,1,0,0,0
improper,3,1,5,2,1,0,5,1,3,2,0,1,6,3,1,1,0,0,1,5,0
improve,144,42,79,125,58,104,61,91,119,112,86,131,107,120,109,84,172,146,175,231,134
improved,62,32,42,41,60,45,34,35,39,47,52,54,66,79,59,86,92,95,97,81,56
improvement,62,27,36,35,40,37,48,46,43,16,24,18,40,46,28,34,46,37,53,37,41
improvements,17,24,31,11,7,8,13,12,5,14,12,18,11,6,9,9,14,16,9,10,13
improving,18,5,2,10,7,20,9,9,9,29,7,9,4,8,19,13,13,13,13,10,4
impulse,6,3,24,0,1,1,0,3,5,4,9,4,3,0,1,3,6,23,2,6,4
impulses,0,0,1,0,0,0,0,0,0,0,1,0,0,0,0,1,0,0,0,2,0
in,47563,29526,31604,41689,24595,47518,30025,44546,34661,35070,43974,51851,60654,45238,35770,38970,57995,64576,65544,60482,52410
inability,7,3,0,0,0,0,2,0,0,4,3,2,7,10,7,5,11,6,5,10,3
inadequate,2,0,0,0,0,0,0,0,0,0,0,0,0,0,0,0,0,0,0,0,0
inappropriate,3,3,0,0,0,1,1,0,1,0,0,2,0,0,1,0,0,3,0,5,0
inasmuch,0,0,0,2,0,0,0,0,0,0,0,0,0,0,0,0,0,0,0,0,0
inc,4208,3650,2982,5812,2835,7105,4758,8016,5359,5209,3020,7914,10511,7352,3427,3836,6396,5182,7105,5370,4284
incapable,1,0,0,0,0,0,0,0,0,0,0,0,0,0,0,0,1,0,0,0,0
incentive,0,0,0,0,0,0,0,0,0,0,2,0,0,0,0,43,0,8,0,0,14
inch,5,1,0,0,2,10,4,1,0,0,3,3,0,2,0,2,4,1,2,5,5
inches,21,3,0,11,10,10,11,6,3,7,41,3,3,1,6,7,6,3,1,9,5
incidence,1,0,10,0,0,0,2,2,11,2,0,0,1,2,1,3,6,1,2,0,0
incident,7,1,20,1,4,0,0,0,7,3,3,9,9,5,17,6,0,8,1,0,0
incidental,709,6,57,71,26,16,40,134,58,39,9,24,23,20,51,98,39,33,97,61,60
incidents,0,0,0,0,0,1,0,0,0,0,0,12,1,0,12,0,0,0,0,0,0
inclination,2,0,1,1,2,1,4,2,7,3,0,0,6,3,3,10,1,7,13,3,4
inclined,0,0,0,0,2,0,0,0,0,0,0,0,0,0,0,0,0,0,0,0,1
include,5201,491,540,431,261,555,289,421,283,300,336,515,597,462,340,452,651,789,676,693,619
included,245,386,330,242,142,280,142,244,189,221,197,572,498,236,239,289,314,335,322,599,354
includes,709,108,171,111,45,148,129,83,113,91,204,154,133,115,99,117,147,208,201,179,169
including,2805,779,832,648,348,518,382,810,520,458,411,1150,960,455,590,773,635,593,704,1279,765
inclusion,12,10,9,6,1,2,5,1,3,5,4,1,5,4,10,5,10,5,13,16,13
inclusive,41,29,40,76,9,33,27,25,15,22,25,24,37,35,34,31,50,32,32,37,29
income,17,0,0,1,10,2,0,0,4,4,1,3,8,2,1,0,4,0,0,13,2
incomes,0,0,0,0,0,0,0,0,1,0,0,0,0,0,0,0,0,0,0,0,0
incomplete,75,31,33,39,29,51,19,47,23,36,44,41,34,74,26,31,68,75,44,46,49
inconsistent,35,18,28,18,17,26,19,19,16,22,33,31,40,46,36,24,37,72,40,47,60
incorporate,16,2,16,18,6,10,8,6,4,19,19,25,7,27,11,19,16,9,23,26,21
incorporated,4,2,1,2,1,6,0,8,0,0,4,8,6,5,9,4,4,1,6,6,7
incorporation,0,0,0,3,0,1,1,0,2,0,0,0,0,0,0,1,0,1,0,0,2
incorrect,110,44,93,43,36,83,50,63,43,82,57,64,86,81,64,76,260,98,144,191,138
increase,255,135,173,184,113,244,140,221,142,149,160,193,313,240,223,229,371,372,375,394,298
increased,45,9,35,26,29,35,52,28,32,27,32,42,36,51,31,58,32,43,115,43,54
increases,46,18,38,41,22,78,29,61,40,54,86,64,66,69,50,59,94,69,109,96,94
increasing,51,45,81,46,47,107,42,55,45,60,39,51,81,53,50,56,82,55,115,118,146
increasingly,0,1,1,0,1,0,0,0,0,0,1,1,0,0,0,4,0,1,0,2,0
incredible,1,0,0,0,0,0,0,0,0,0,0,0,0,0,0,0,1,0,0,0,0
incumbent,0,2,0,0,0,4,2,5,1,1,0,0,10,2,4,31,4,7,17,0,1
incurred,0,0,1,12,0,4,0,1,2,0,6,0,2,0,31,3,4,3,2,3,1
ind,169,104,61,126,111,88,38,118,95,117,71,209,104,130,78,129,161,126,124,93,333
indeed,28,4,19,7,7,12,26,14,6,14,13,19,9,14,16,10,13,20,33,33,24
indefinite,2,0,9,2,0,1,1,2,0,3,3,0,1,1,0,0,3,0,0,0,3
indefinitely,47,4,2,13,7,15,3,10,5,10,4,16,12,12,11,4,17,11,10,10,4
indemnity,0,0,16,0,0,0,0,0,0,0,0,0,0,0,3,0,0,0,1,0,1
independence,11,4,6,8,0,5,3,5,1,0,9,15,9,2,0,2,6,7,1,9,7
independent,103,68,103,71,63,167,67,135,73,83,105,103,125,109,104,135,141,185,131,161,133
independently,53,36,31,45,39,54,46,107,36,42,30,48,53,35,44,51,46,59,47,68,51
index,2719,1713,2049,2176,1754,2956,2040,2598,2093,2593,2749,2657,3793,2826,2915,2622,3674,3806,3955,3597,2909
indexes,279,134,158,207,107,168,150,159,225,129,161,194,288,177,191,193,258,230,267,258,180
india,0,5,13,1,0,4,0,0,1,1,0,0,1,5,1,0,4,0,0,1,0
indian,9,4,0,3,4,4,0,0,1,1,5,1,3,0,0,3,0,5,4,1,3
indicate,280,191,157,300,145,368,163,333,266,199,240,360,457,325,102,199,395,447,373,307,277
indicated,21,7,14,17,5,12,5,5,6,12,10,11,10,15,25,15,15,10,24,25,27
indicates,190,111,135,164,124,215,163,256,166,171,221,222,245,221,142,148,183,219,243,155,177
indicating,83,33,55,58,39,45,30,79,43,56,54,62,105,70,45,47,73,85,66,77,53
indication,25,28,52,15,3,4,6,9,4,2,62,8,2,2,5,12,5,4,6,6,3
indications,0,0,0,1,0,0,0,0,1,0,0,0,1,0,0,1,0,0,0,0,0
indicative,4,0,1,10,0,3,1,0,0,1,0,0,0,2,0,1,1,1,0,0,0
indicator,49,41,65,98,46,67,44,34,49,76,60,59,53,44,55,41,78,43,67,48,60
indicators,9,8,11,10,10,4,15,15,10,18,7,22,25,9,23,8,35,4,17,21,14
indices,1453,941,1050,1411,863,1582,993,1502,1111,1219,1407,1739,2208,1819,1464,1645,2159,2248,2188,2018,1789
indies,0,0,0,0,0,0,0,0,0,0,0,0,0,0,0,0,0,0,0,3,0
indifference,3,0,0,1,0,0,0,2,0,0,0,0,0,0,0,0,0,0,0,0,0
indifferent,1,0,0,0,1,0,0,0,0,0,0,0,0,0,0,0,0,0,0,0,0
indirect,772,29,100,93,31,31,60,163,59,49,16,40,37,21,66,100,43,40,101,81,68
indirectly,2,0,4,0,0,5,0,0,1,0,1,1,0,1,0,2,0,4,0,0,1
indispensable,0,0,0,0,1,0,0,0,0,0,0,2,0,0,1,0,3,0,0,0,0
individual,350,129,214,175,143,160,168,131,104,150,109,207,158,178,151,196,213,201,224,280,218
individually,46,24,76,67,54,107,118,61,164,95,113,139,43,73,65,60,45,146,39,39,49
individuals,4,51,22,18,6,6,5,1,7,14,6,16,0,0,9,4,12,13,35,3,1
indonesia,1,0,6,1,0,0,0,0,0,0,0,1,0,0,0,0,0,0,0,0,0
induce,0,5,6,0,2,3,1,1,1,1,0,6,3,1,2,5,0,8,4,13,14
induced,22,7,48,8,1,73,3,3,20,5,1,29,34,11,12,17,15,11,14,6,11
induction,1,0,1,0,0,0,0,0,2,8,0,0,17,1,0,1,2,1,3,3,1
industrial,0,0,0,0,1,2,0,0,0,0,0,0,0,0,1,1,1,3,1,14,1
industries,1,0,1,0,0,0,0,0,0,0,0,0,0,0,0,0,0,0,0,0,0
industry,14,5,1,10,6,8,11,5,3,4,2,3,14,1,2,2,6,5,4,3,4
ineffective,1,4,8,2,0,0,0,3,0,1,0,3,2,2,1,5,6,4,2,6,2
inequality,8,9,21,2,3,10,9,20,13,10,2,3,6,15,7,13,20,7,18,7,29
inevitable,0,4,10,2,0,0,1,1,0,0,0,2,0,0,0,2,1,1,1,0,0
inevitably,0,0,0,0,0,0,0,0,0,0,1,1,2,1,1,0,2,0,1,0,2
infant,0,0,0,0,0,0,0,0,0,0,0,1,0,0,0,0,0,0,1,0,0
infected,2,17,1,1,0,0,0,7,0,0,0,25,0,0,19,31,0,0,3,0,0
infection,0,11,43,22,0,0,1,13,3,0,7,5,0,2,6,25,0,0,0,0,0
infections,0,4,6,1,0,0,0,0,0,0,0,0,0,3,0,6,0,0,0,0,0
infectious,0,12,5,0,0,0,0,5,0,0,0,1,0,0,3,0,0,0,0,0,0
inference,722,379,435,530,401,564,549,803,642,614,924,902,1197,1107,1053,910,1759,1405,1753,1833,1321
inferior,17,6,2,13,12,20,1,15,11,3,5,13,20,8,1,5,11,13,15,4,4
inferred,22,25,20,38,8,31,20,14,20,12,17,26,21,61,25,40,86,76,68,104,74
infinite,76,37,100,48,15,101,46,73,72,38,31,85,101,65,63,40,80,74,71,76,67
inflammation,0,1,0,0,0,0,0,0,0,0,0,0,0,0,0,0,0,0,0,0,0
inflammatory,0,0,0,0,0,0,0,0,0,0,0,0,0,2,0,0,0,0,4,0,0
inflation,2,0,1,5,0,5,0,1,8,2,3,4,2,6,1,2,3,6,1,6,8
influence,42,16,37,60,32,35,33,75,136,34,54,42,42,34,46,45,62,53,33,22,57
influenced,2,3,3,2,6,2,2,5,5,4,11,8,4,3,25,33,28,25,131,45,34
influences,13,3,3,3,2,1,0,3,5,5,3,1,1,2,7,0,1,2,0,5,0
influential,8,0,2,0,0,0,1,1,0,0,0,0,0,0,1,0,4,0,0,0,0
inform,24,42,31,5,13,18,3,15,24,46,25,10,7,8,30,3,14,11,19,13,12
informal,1,0,2,0,0,0,0,0,0,3,0,0,0,0,0,0,1,1,0,12,0
information,1809,968,764,665,482,755,727,712,687,766,876,950,1072,966,906,971,1156,3115,1435,1158,1122
informed,2,7,3,0,1,50,2,5,14,4,1,1,3,3,11,0,0,2,2,2,3
infra,1,5,1,1,0,0,4,0,0,0,10,4,0,0,0,0,0,28,4,4,1
infrared,0,0,0,0,0,2,7,2,0,16,0,1,0,0,1,46,6,24,2,5,0
infrastructure,13,22,2,15,22,23,12,34,4,4,3,1,7,9,4,1,10,10,4,8,8
infringement,19,5,16,0,0,33,2,0,0,3,2,1,2,6,18,38,3,6,2,5,4
ing,11,9,5,3,1,8,7,0,5,8,4,4,0,0,8,4,3,6,5,2,6
ingredients,4,8,4,0,6,2,0,6,2,0,3,4,5,6,3,4,17,4,6,6,4
inherent,1,0,1,1,0,0,0,1,0,0,0,0,12,0,1,1,0,1,1,2,2
inheritance,41,6,11,9,9,6,2,15,6,15,9,11,18,13,13,21,27,19,71,43,28
inherited,36,31,56,16,8,26,14,21,12,32,18,37,31,27,15,24,20,40,32,52,26
inhibition,1,0,0,0,0,0,2,9,2,0,0,0,0,0,2,0,6,0,1,0,0
initial,1172,964,1712,933,756,1569,628,825,653,750,834,1091,841,843,748,1168,963,1171,1866,1548,1261
initially,64,33,45,53,34,56,31,56,41,34,24,45,53,34,25,46,62,67,83,61,46
initiate,90,38,35,39,17,47,18,63,23,74,37,22,11,29,39,28,25,28,28,37,29
initiated,9,2,1,0,0,3,1,3,0,1,9,4,1,2,1,0,2,3,6,8,6
initiation,13,4,3,0,1,13,0,6,0,6,3,6,15,7,9,5,9,9,9,4,1
initiative,15,0,0,0,0,0,0,0,0,0,0,0,0,0,0,0,3,2,0,0,10
injected,14,10,5,25,0,12,10,16,6,20,19,13,17,8,12,12,15,30,13,23,26
injection,59,23,9,27,0,8,5,9,13,4,7,35,239,21,8,3,15,9,48,23,48
injured,0,0,0,0,0,0,1,0,0,0,0,0,0,0,0,0,0,1,0,0,0
injury,0,0,0,0,0,0,0,0,2,2,1,0,0,1,0,0,0,0,0,0,0
ink,0,0,0,0,0,0,0,3,0,2,0,1,0,1,0,1,0,0,2,0,0
inlet,2,0,0,0,0,1,0,0,3,0,0,0,0,0,0,0,0,2,0,0,0
inn,1,0,1,0,0,0,0,0,0,1,1,9,0,0,0,1,4,0,1,0,0
inner,342,142,210,186,156,235,162,213,144,217,180,217,187,245,171,243,231,343,304,292,296
innocent,0,0,0,0,0,0,0,0,0,0,0,0,0,0,0,0,0,1,0,0,0
innovation,22,3,0,4,1,0,0,0,1,0,0,3,14,15,9,1,0,5,5,9,8
innovations,0,0,0,1,0,0,0,0,0,0,0,0,0,0,0,1,0,5,0,0,0
inorganic,2,0,0,0,0,0,0,0,0,0,0,0,0,0,0,0,0,0,0,0,0
input,7216,3544,3401,4762,2920,4983,3517,5594,4108,5275,5676,6118,7114,5608,5540,4819,7907,7838,8256,8689,7081
inputs,2265,1163,1092,1564,899,1519,1052,1454,1139,1350,2209,2139,2233,1833,1355,1451,3369,2600,3132,3352,2787
inquire,0,0,0,0,0,0,0,0,0,0,0,0,1,0,0,0,0,0,0,0,0
inquiries,0,0,0,0,0,0,0,0,0,0,0,0,0,0,0,11,33,71,39,62,45
inquiry,0,0,0,0,0,1,0,0,0,0,1,1,0,0,0,0,1,1,3,6,4
ins,3,9,6,33,36,52,35,15,11,42,17,155,27,31,66,21,18,23,33,15,16
insane,0,0,0,1,0,1,0,0,0,0,0,1,0,0,0,0,0,1,0,0,0
insect,0,1,0,1,0,0,0,0,0,2,0,1,0,0,0,1,0,0,0,2,0
insects,0,0,0,0,0,0,0,0,1,0,0,0,0,0,0,1,0,0,0,0,0
insert,278,215,283,208,147,262,165,220,172,195,154,213,199,211,242,237,239,324,315,328,380
inserted,54,21,68,26,20,28,15,19,5,29,10,22,19,19,20,18,17,29,58,40,65
inserting,21,8,16,15,7,13,12,13,9,17,8,19,11,21,16,10,20,35,25,20,17
insertion,22,22,26,39,16,61,45,46,52,35,26,46,55,59,24,23,15,13,39,20,51
inside,528,383,512,459,323,573,386,417,364,473,427,486,481,370,446,450,708,650,601,631,593
insight,1,0,0,0,1,1,9,0,0,7,1,0,1,1,0,2,1,0,0,3,4
insights,1,0,0,0,0,1,0,0,0,0,2,2,1,1,0,0,1,3,3,2,0
insignificant,1,0,0,2,0,0,0,1,0,0,0,1,0,2,0,1,1,0,0,1,1
insist,0,0,1,0,0,0,0,0,0,0,1,0,0,0,0,1,3,0,1,1,0
insisted,0,0,0,0,0,1,0,0,0,0,0,0,0,0,0,0,1,0,0,0,0
inspect,42,26,56,22,21,29,18,33,21,52,33,43,39,38,25,42,43,86,62,51,71
inspected,2,1,0,1,1,5,1,3,0,0,0,1,0,0,4,1,1,1,2,0,0
inspection,21,8,12,4,7,5,10,4,4,1,3,1,8,4,0,10,11,17,22,14,19
inspections,0,0,0,0,0,0,0,0,0,0,0,0,1,0,0,0,0,0,0,0,0
inspector,0,0,0,0,1,7,6,3,0,0,7,0,0,10,0,1,1,0,1,0,0
inspectors,0,0,0,0,0,0,0,0,0,0,0,0,0,0,0,0,0,0,0,0,1
inspiration,4,1,1,0,3,0,0,1,3,1,1,1,0,1,3,2,2,4,4,2,1
inspired,42,25,34,47,17,53,23,86,36,30,41,80,151,58,51,80,92,99,112,85,74
inst,36,8,15,32,9,16,8,6,13,67,9,16,39,23,11,19,42,45,27,45,26
instability,5,8,6,4,6,4,17,11,5,14,17,13,14,14,22,18,16,18,19,21,27
install,252,172,425,160,94,131,116,141,144,184,135,240,230,207,163,304,293,327,322,235,238
installation,29,33,130,29,12,22,16,31,23,29,8,44,44,29,15,94,30,28,37,34,30
installations,3,5,14,8,1,9,4,5,2,2,0,1,3,2,1,3,5,3,4,3,2
installed,159,204,391,140,36,150,60,145,82,109,140,193,279,208,177,219,363,259,473,420,271
installment,0,0,0,0,0,0,0,0,4,6,11,12,12,9,8,9,7,12,7,5,5
instance,1011,584,803,764,442,698,530,667,587,593,645,950,810,854,863,819,1032,853,1323,827,847
instances,368,282,437,528,401,528,317,422,457,415,3764,1473,401,540,455,474,514,338,517,258,279
instant,37,7,3,2,0,13,10,9,7,5,6,7,8,6,9,4,11,8,10,8,6
instantly,0,2,0,0,0,2,5,0,0,0,0,2,2,1,1,1,3,0,1,0,0
instead,1086,738,1067,916,577,1031,632,971,804,882,852,1117,1186,1132,922,1077,1576,1613,1699,1771,1520
instinct,1,0,0,0,0,0,0,0,0,0,0,1,0,0,0,0,0,3,0,2,1
institute,26,225,145,98,43,41,37,97,46,75,26,94,233,109,106,109,35,39,80,19,23
institutes,8,0,0,0,0,2,2,0,0,0,0,0,0,2,0,4,0,0,6,2,2
institution,7,1,0,0,0,0,0,0,0,3,0,0,0,1,0,3,2,3,6,0,0
institutions,0,0,1,0,0,0,0,0,0,6,0,1,0,0,1,1,1,0,0,0,0
instruct,3,0,0,3,4,0,0,8,0,3,1,7,6,0,15,17,53,79,31,107,99
instructed,1,0,0,0,0,12,13,3,1,0,22,3,0,0,14,4,0,12,0,5,1
instruction,16,15,8,33,11,67,4,18,2,19,7,10,23,32,67,74,197,119,143,151,102
instructional,0,0,0,3,0,0,0,0,0,0,0,0,1,0,0,0,0,0,0,0,0
instructions,55,30,15,14,28,49,7,22,4,19,19,10,14,53,36,162,69,89,80,98,61
instructor,0,0,0,0,2,0,0,0,0,0,0,0,0,0,0,0,3,0,8,1,0
instrument,44,22,4,2,2,1,8,27,16,6,0,1,15,58,29,6,19,30,33,32,38
instrumental,3,0,0,9,0,0,0,0,8,0,1,0,0,7,0,0,0,13,4,1,9
instrumentation,1,2,1,0,2,0,0,0,1,9,0,0,1,0,2,1,0,7,0,4,0
instruments,7,33,32,0,1,1,2,3,6,4,5,0,2,18,4,1,3,2,0,11,14
insufficient,6,3,4,5,1,3,3,5,2,9,5,10,5,8,15,4,9,14,7,26,14
insulin,0,0,0,0,0,0,0,0,0,4,0,3,0,0,0,0,0,0,1,0,0
insurance,0,0,1,4,0,0,0,0,0,0,0,0,2,1,0,0,2,0,1,0,0
insure,1,1,2,1,0,8,1,3,3,3,1,1,0,3,2,2,6,0,5,6,0
int,2110,1216,1631,1398,1455,2109,1087,1586,1485,1764,1528,1876,1849,1633,1778,1730,2272,2472,2306,2025,1966
intact,9,3,15,6,10,16,9,10,7,11,11,12,10,7,9,10,7,13,6,8,11
intake,0,0,0,0,0,1,0,0,0,0,3,0,0,0,2,0,2,0,0,0,0
integral,70,31,79,27,48,26,14,31,47,23,23,30,78,24,39,35,27,35,114,50,61
integrated,13,21,18,39,22,15,12,23,11,29,36,23,30,31,27,24,34,31,16,35,41
integration,127,36,138,43,41,128,42,97,95,44,57,92,100,62,112,65,110,89,197,163,146
integrity,20,3,6,16,5,9,8,5,1,8,14,7,13,5,8,8,11,8,8,10,11
intellectual,3,0,1,22,86,15,46,3,12,272,45,157,114,278,146,90,219,147,254,77,33
intelligence,0,0,6,0,1,2,22,3,4,18,4,51,4,27,3,15,11,1,51,43,1
intelligent,6,26,37,15,6,2,8,52,2,33,2,21,96,82,43,62,27,14,3,103,8
intend,1,2,2,2,6,4,4,2,2,3,6,4,6,2,3,6,3,7,12,14,0
intended,71,29,32,39,29,40,42,38,21,49,85,50,53,68,75,44,53,64,95,75,57
intends,0,0,0,0,0,0,1,1,0,0,0,0,1,0,4,0,2,0,2,3,0
intense,3,0,0,0,0,2,4,1,0,0,1,1,0,0,0,0,0,0,0,3,0
intensity,64,18,40,135,45,92,64,65,41,80,127,53,69,121,125,114,109,111,78,217,113
intensive,3,6,3,7,3,7,3,8,0,5,2,6,8,10,3,6,16,44,56,18,6
intent,17,19,30,10,11,50,0,37,4,11,23,15,38,24,23,9,49,15,40,80,19
intention,1,0,4,2,1,15,0,6,0,1,1,16,5,4,13,2,6,1,10,13,8
intentions,0,0,0,5,0,2,0,0,0,0,0,0,0,0,0,0,0,0,0,1,0
inter,66,29,48,25,32,40,40,36,47,79,80,59,94,155,87,33,96,58,68,74,49
interact,73,34,34,73,41,63,27,99,32,66,49,21,42,28,44,26,34,49,40,62,46
interaction,38,49,46,53,19,45,47,34,36,33,44,89,70,80,80,88,125,53,71,89,162
interactions,13,27,17,15,2,4,12,13,11,10,18,10,27,11,20,15,54,14,16,40,95
interactive,50,50,63,35,31,36,20,32,34,24,19,51,23,23,18,57,56,60,30,51,31
interchange,0,6,13,4,0,0,1,1,1,1,0,1,4,0,0,3,1,1,1,0,2
interest,92,66,50,76,37,67,35,54,53,39,78,50,75,51,39,48,55,93,59,49,54
interested,34,40,62,30,14,25,12,25,17,17,9,19,22,21,13,44,27,51,149,113,54
interesting,38,17,20,20,5,55,10,20,5,14,13,17,20,9,12,6,19,21,21,24,18
interests,3,1,2,0,0,8,0,0,2,4,1,0,0,2,6,1,4,3,1,1,4
interface,300,136,199,227,125,244,148,201,163,142,144,170,223,151,176,211,159,229,216,192,287
interfere,1,3,3,1,11,5,1,7,1,4,2,6,8,4,4,5,6,16,16,27,9
interference,19,4,2,3,1,2,0,5,3,2,2,0,4,1,0,0,0,2,5,10,12
interim,3,1,6,1,0,0,1,5,3,0,2,7,0,0,107,0,0,5,0,0,0
interior,21,8,37,15,7,22,6,20,13,3,5,26,22,7,14,13,18,4,18,28,10
intermediate,250,117,121,169,145,194,150,193,134,267,244,294,347,366,267,247,620,524,503,370,330
internal,334,234,358,206,170,307,156,270,157,154,130,264,264,232,197,282,318,330,544,497,353
international,103,66,28,65,77,21,70,40,34,78,9,58,43,26,65,63,69,58,77,54,14
internet,12,22,26,7,6,5,2,12,9,19,17,23,16,22,11,18,26,17,23,18,6
interpret,16,22,16,18,8,42,7,7,16,16,5,21,29,16,23,14,128,35,27,20,32
interpretation,53,9,9,8,5,6,9,6,2,6,7,8,5,8,8,7,9,18,13,8,2
interpretations,0,0,5,0,0,3,0,0,0,0,0,2,2,2,1,2,0,6,2,0,0
interpreted,67,16,25,21,4,23,4,12,9,13,9,21,23,20,22,21,17,28,19,27,15
interpreting,5,1,4,0,0,2,1,0,0,0,0,1,0,0,0,0,1,1,0,1,7
interrupted,26,31,27,34,12,37,25,33,33,25,28,26,25,19,11,13,20,28,48,43,23
intersection,285,113,199,201,149,259,169,232,185,215,220,211,211,184,277,269,279,233,221,265,173
interval,217,126,178,168,300,321,178,228,249,339,710,415,283,256,329,287,232,348,332,406,328
intervals,49,29,48,39,49,45,16,38,38,31,30,25,50,50,41,45,48,86,54,154,70
intervening,2,0,2,0,0,2,0,0,0,1,0,1,2,2,0,1,0,0,7,2,2
intervention,12,7,11,7,10,3,3,3,3,0,5,17,1,6,2,7,2,28,47,20,5
interventions,2,8,0,0,2,0,0,0,0,0,0,2,0,4,0,1,1,3,40,22,1
interview,0,0,0,0,0,0,1,0,0,0,0,0,2,0,0,0,0,1,0,1,1
interviews,0,0,0,0,0,0,0,0,0,0,0,0,0,1,0,2,0,1,0,0,0
intimate,2,0,0,0,0,0,0,0,0,0,0,0,0,0,0,1,0,0,0,0,0
into,3482,2463,2553,2507,1505,2668,1759,2349,2077,2404,2051,2582,3015,2598,2287,2570,3210,3716,4465,3637,3288
intrinsic,88,31,39,26,20,35,23,21,33,38,36,45,72,39,49,37,15,77,32,21,42
introduce,42,22,40,29,22,22,19,26,26,32,23,38,23,37,30,33,80,61,56,62,52
introduced,72,35,51,49,19,41,23,19,28,21,15,48,24,37,24,47,65,58,81,58,46
introducing,6,1,5,4,2,2,2,2,3,5,2,2,7,4,3,11,13,9,17,12,9
introduction,5,0,4,2,17,18,10,22,7,2,12,13,25,10,9,8,18,11,22,12,7
introductory,2,0,0,0,1,0,0,0,0,1,0,1,1,2,0,1,0,1,0,0,5
invalid,775,529,498,763,485,688,632,550,579,594,703,694,571,671,470,626,1131,1241,1282,951,879
invariably,0,0,0,0,1,0,0,0,0,0,0,1,0,0,0,1,1,0,0,0,0
invasion,7,1,0,1,2,0,0,4,0,3,0,0,0,0,0,0,0,0,0,0,0
invented,0,0,1,0,0,0,0,0,0,0,0,0,0,0,4,3,0,0,0,0,1
inventories,0,0,0,0,0,0,0,4,0,0,0,0,2,0,0,0,0,0,0,0,0
inventory,13,5,4,1,1,5,1,65,0,1,1,2,35,0,2,4,8,1,0,0,1
inverse,300,149,270,230,177,234,208,216,225,279,258,292,323,333,284,284,470,373,353,405,303
invest,0,0,0,0,0,0,0,0,0,0,0,0,0,0,0,0,1,0,0,0,0
investigate,24,13,17,29,13,30,21,39,19,22,16,28,39,18,18,22,30,29,39,26,36
investigated,10,4,1,9,0,4,0,0,3,1,4,1,0,1,1,0,2,4,2,2,2
investigating,0,3,1,1,0,0,0,0,0,0,1,0,0,1,1,0,2,2,2,1,3
investigation,4,2,2,1,3,6,5,0,0,2,0,3,1,2,2,0,0,9,2,5,3
investigations,1,0,0,0,0,0,0,0,0,0,0,0,0,1,0,0,4,0,0,5,1
investigator,0,0,1,0,0,0,0,0,0,0,0,0,0,0,0,0,0,0,0,0,0
investment,0,0,0,0,0,0,0,0,0,1,0,1,0,1,0,0,1,0,3,2,0
investments,0,0,0,0,0,0,0,0,0,0,0,0,0,0,0,0,0,0,0,2,0
invisible,48,3,10,7,12,13,11,30,25,4,14,15,4,16,19,12,5,10,9,14,17
invitation,1,0,0,1,1,0,0,0,0,0,0,0,2,0,0,0,1,1,0,2,1
invite,1,0,0,0,0,0,0,0,0,0,0,0,0,0,0,0,0,0,0,0,0
involve,8,7,5,4,4,12,3,7,3,0,5,7,5,5,5,1,12,6,7,9,18
involved,47,29,25,15,22,29,20,21,24,28,19,51,64,53,69,45,68,46,52,57,37
involvement,0,0,1,0,0,0,0,0,0,0,0,0,0,0,0,0,0,0,1,0,0
involves,14,8,3,6,3,5,13,5,3,5,6,3,1,12,16,5,19,15,21,12,18
involving,20,12,14,5,0,11,2,19,5,4,6,6,6,1,4,10,6,9,7,11,5
inward,0,0,0,1,2,0,2,0,2,0,0,2,0,0,2,2,0,5,3,4,0
io,291,245,153,221,186,212,182,250,193,257,285,331,340,340,547,299,405,439,402,324,303
iodine,0,0,0,0,0,3,0,0,0,0,0,0,0,0,0,0,0,0,0,0,0
ion,35,6,7,1,0,71,1,6,2,2,4,2,3,3,1,4,6,4,4,7,12
ions,13,0,0,0,0,37,0,0,0,0,0,3,0,0,2,0,13,3,3,1,0
iowa,0,0,0,0,0,0,0,2,0,0,0,0,0,0,0,0,0,0,0,0,0
ip,105,64,128,52,7,43,19,68,50,103,55,47,95,22,26,72,65,68,235,160,63
ir,59,39,17,29,10,27,48,48,30,34,42,46,91,32,29,35,43,133,44,56,63
ira,0,0,0,0,0,0,0,0,0,0,0,0,0,0,0,0,1,4,0,0,0
iraq,0,0,0,0,0,0,0,1,0,0,0,0,0,0,0,0,0,0,0,0,0
ireland,0,2,0,0,0,0,0,1,0,0,0,0,0,0,0,0,0,0,0,0,0
irish,0,0,0,1,0,0,0,0,1,0,0,1,0,0,0,0,0,0,0,0,0
iron,3,1,0,1,0,0,0,1,0,0,2,0,3,1,1,2,6,1,2,0,1
irregular,4,1,2,6,1,7,2,2,5,8,10,5,10,15,6,4,12,11,3,2,23
irrelevant,96,43,24,81,60,68,97,54,46,50,40,39,38,37,29,27,31,36,73,39,32
irrigation,0,0,0,0,0,0,0,0,0,0,0,0,0,1,0,0,0,0,0,0,0
irs,5,0,0,0,0,0,0,2,3,1,0,0,3,5,0,0,0,0,0,0,0
irving,10,0,0,0,0,0,0,0,0,0,0,0,0,0,0,0,0,0,0,0,0
is,38777,26498,32206,37703,21454,41086,25516,39583,28811,29384,30709,43753,55849,41480,32462,36979,58443,62228,65686,59664,54457
isaac,4,0,0,0,0,11,0,0,0,0,0,1,0,0,39,4,2,120,7,31,3
isbn,19,8,4,8,6,9,1,4,3,9,1,7,2,6,5,4,5,9,4,3,8
islam,0,0,0,0,0,2,0,0,0,0,0,1,0,0,0,4,0,0,1,0,1
island,4,0,8,0,0,4,5,4,6,0,0,0,0,2,0,3,7,4,18,1,0
islands,7,0,2,6,0,1,2,2,1,0,0,0,0,0,0,1,0,2,3,1,0
isolated,71,73,55,21,26,27,15,29,18,27,9,81,32,21,17,31,30,39,21,15,16
isolation,3,11,23,6,8,0,1,1,2,0,8,3,7,0,2,4,1,3,0,8,13
israel,1,0,3,1,0,0,0,0,0,0,0,0,0,1,0,0,0,0,0,0,0
issn,1,0,1,0,0,0,0,0,0,0,0,0,0,0,0,0,0,0,0,0,1
issue,282,276,617,208,133,315,195,286,178,210,246,337,319,282,269,304,409,403,397,461,348
issued,12,5,14,5,4,9,1,1,9,1,17,13,4,0,1,2,0,7,1,8,6
issues,329,368,665,386,288,517,353,583,408,505,612,701,791,685,572,737,956,957,1260,1254,1017
issuing,4,0,2,0,2,1,1,4,0,1,0,0,1,1,1,0,0,1,0,0,0
it,10058,8466,11249,8399,4879,9312,5940,9035,5583,6327,6690,9389,11401,8551,7290,8632,12525,13044,14378,13907,11625
italian,2,1,0,4,0,0,0,0,3,1,1,0,6,2,0,0,0,12,1,2,2
italy,0,0,0,1,0,0,0,0,0,0,0,0,0,0,0,1,0,0,0,0,0
item,710,629,672,631,485,1169,644,909,722,899,773,965,1066,1119,1011,774,1492,1381,915,1077,905
items,402,371,363,322,232,465,386,495,345,483,2057,874,475,651,459,460,808,873,571,590,410
its,3750,3199,3391,5133,2369,6059,4746,7293,4858,5594,2401,7099,6873,5934,3408,3817,4106,3418,5187,3324,2770
itself,221,205,356,209,92,172,91,162,75,98,92,214,174,153,157,209,169,242,247,235,244
iv,41,5,19,3,13,2,11,6,6,0,17,8,5,6,5,15,4,11,26,15,23
ix,137,20,14,7,36,6,27,31,87,217,44,5,8,14,21,15,7,25,20,14,6
j,2125,1186,1305,1225,1064,2104,1063,1015,1343,984,22174,8273,1392,1256,1972,1582,1634,1449,1293,1194,1099
ja,14,4,0,6,9,10,13,15,2,22,10,4,6,3,2,3,2,18,16,0,29
jack,33,19,13,42,22,46,6,17,9,5,7,5,8,4,28,3,13,1,2,5,6
jacket,0,0,1,0,0,0,0,0,0,4,9,0,0,0,0,0,2,2,0,0,0
jackson,1,0,1,0,0,0,0,0,0,0,3,0,2,1,0,0,0,2,0,0,0
jacob,2,0,2,1,0,5,1,0,0,0,0,2,1,0,0,0,0,9,0,0,0
jail,0,0,0,0,0,0,0,0,0,0,2,0,0,0,0,0,0,2,0,0,0
james,3,3,7,0,13,18,0,1,2,2,0,8,0,2,3,2,2,0,0,2,4
jan,47,3,7,6,10,4,2,6,1,4,0,9,5,27,2,30,11,36,18,16,75
jane,0,0,0,0,0,0,0,0,1,0,0,0,0,0,0,0,1,0,0,0,0
january,23,3,5,0,1,3,2,2,2,7,1,0,2,2,4,4,1,5,5,1,5
japan,29,11,2,20,12,18,22,8,6,9,0,4,0,1,4,4,3,1,0,4,2
japanese,99,46,26,95,57,103,107,101,46,50,46,54,86,76,21,60,130,129,91,108,55
jaw,2,0,2,0,0,0,2,4,0,6,0,7,1,2,1,7,8,3,1,2,1
jay,0,4,7,0,0,1,0,0,0,0,0,0,0,0,0,3,0,0,0,0,0
jazz,0,0,0,1,4,0,0,0,0,0,1,0,0,0,0,0,0,0,0,0,0
je,3,0,3,0,0,2,1,6,1,0,0,0,0,0,0,0,0,0,2,1,1
jean,26,0,1,0,0,2,0,2,0,2,5,0,1,1,0,0,0,13,1,0,0
jenkins,0,0,2,0,2,2,0,0,1,1,0,0,1,2,0,1,0,0,0,3,0
jerry,1,1,1,0,0,1,1,1,1,0,0,0,0,0,0,1,0,0,5,0,2
jersey,0,0,9,0,0,0,0,0,0,0,0,0,5,0,0,0,2,0,4,0,0
jesse,3,0,0,0,0,2,0,0,0,0,0,0,0,0,0,0,0,3,0,0,0
jesus,3,1,2,2,0,0,0,0,0,1,1,0,0,0,0,2,0,0,0,2,0
jet,49,13,18,7,23,13,14,10,6,6,7,16,7,10,11,16,8,12,7,16,9
jew,0,0,0,0,0,0,1,0,0,0,0,0,0,0,0,0,0,0,0,0,0
jim,1,2,5,0,0,1,0,2,1,2,1,12,11,4,0,3,0,13,0,0,0
jimmy,3,0,0,0,0,1,0,0,0,0,0,0,3,0,0,0,0,13,0,0,3
jo,0,3,0,0,2,2,1,0,0,11,22,0,0,0,0,4,11,9,2,0,0
job,95,69,44,137,39,77,52,42,62,88,60,53,97,87,47,300,157,105,85,123,139
jobs,73,28,22,47,38,51,29,33,68,27,20,47,46,27,49,144,91,49,55,70,66
joe,3,2,1,1,3,5,0,0,3,0,1,1,0,0,0,0,23,7,2,0,0
john,33,24,14,21,13,39,25,14,19,11,40,13,14,4,13,11,13,18,5,10,21
johnny,0,1,0,0,1,0,1,0,0,0,0,0,0,1,0,2,0,1,0,1,1
johns,0,43,2,14,13,52,0,4,7,1,11,2,54,5,57,36,0,14,5,4,0
johnson,10,5,13,2,1,0,3,3,1,4,4,0,3,6,0,2,1,1,6,0,4
johnston,0,0,0,0,0,0,0,0,0,0,0,0,0,0,0,0,0,0,0,0,3
join,1278,797,858,835,787,1296,804,1201,929,1287,2685,1125,1170,1148,1202,1091,1313,1256,1376,1010,671
joined,28,10,25,36,11,35,33,29,19,46,15,28,25,18,11,9,6,7,14,21,12
joining,15,11,11,8,5,8,18,20,12,12,5,8,3,6,7,0,13,6,12,19,11
joint,244,134,207,131,161,243,179,269,266,195,308,303,203,187,216,344,219,222,363,415,212
jointly,6,16,25,11,5,26,13,8,47,3,2,3,7,5,15,9,5,10,7,14,8
joints,91,39,131,47,86,62,86,186,101,183,120,51,140,153,69,321,125,95,119,179,50
joke,1,0,0,1,1,2,0,0,1,0,0,4,1,0,0,0,0,0,0,1,1
jonathan,2,25,48,20,14,5,0,7,2,2,1,6,0,0,0,8,4,0,2,2,1
jones,1,0,4,3,0,1,0,0,4,1,0,1,2,0,2,1,1,2,0,2,1
jordan,0,0,0,0,0,3,0,1,4,0,0,0,0,0,0,0,0,0,1,6,1
jose,0,0,0,0,0,1,2,1,0,4,0,0,0,9,1,0,0,1,0,0,0
joseph,10,0,2,1,0,6,0,1,9,3,1,15,0,1,0,0,2,1,0,2,6
joshua,0,0,0,1,0,5,0,0,1,0,0,3,0,0,0,10,0,0,1,0,0
jour,0,0,0,1,0,0,0,0,0,0,0,0,0,0,0,0,0,0,0,0,0
journal,13,0,20,7,4,2,2,6,6,4,4,8,5,13,9,53,7,3,15,7,10
journals,14,0,2,0,0,0,0,3,1,1,3,0,0,1,0,1,1,17,1,4,3
journey,0,1,0,0,0,0,1,0,2,0,0,0,0,3,0,1,0,9,0,0,0
joy,0,0,4,1,1,2,0,3,0,0,1,2,5,2,6,2,4,5,6,3,4
jr,6,2,19,0,1,2,0,0,4,0,0,1,5,0,0,3,0,49,5,1,2
juan,1,4,3,4,12,3,3,0,3,2,0,0,31,0,3,0,0,0,3,0,0
judge,20,8,19,8,9,9,24,12,28,13,15,16,16,14,25,31,47,22,33,26,44
judged,0,0,0,0,0,1,0,0,2,2,0,3,1,0,5,6,6,4,2,2,2
judges,0,0,0,0,0,0,0,0,1,0,0,0,0,0,0,4,0,0,0,0,0
judging,0,1,0,1,0,0,1,1,2,1,1,6,8,4,1,1,0,0,3,3,1
judgment,2,4,1,3,2,8,7,3,5,7,4,2,2,3,4,4,5,9,9,6,4
judgments,1,0,2,0,2,0,4,0,0,0,1,0,0,0,0,0,5,0,0,3,2
judicial,0,0,0,0,0,0,0,0,0,1,0,0,0,0,0,0,0,0,0,0,0
juice,0,0,0,0,0,0,0,0,1,0,0,0,0,0,0,0,2,2,5,1,1
jul,4,1,8,3,0,1,2,0,0,6,19,3,6,4,2,2,0,3,3,3,2
julia,0,0,0,0,2,8,0,0,0,0,0,1,1,0,0,0,3,0,1,1,2
julian,8,1,0,8,0,5,4,0,0,1,0,0,13,0,0,0,0,1,3,7,2
julius,0,0,0,0,0,0,0,0,0,0,0,0,6,0,0,6,8,0,6,1,12
july,14,2,15,5,1,4,0,3,2,5,1,10,1,1,1,0,7,1,3,10,0
jump,26,22,15,9,9,15,11,36,12,25,9,14,18,30,16,30,14,24,21,29,55
jumped,1,0,0,0,0,0,0,0,0,0,0,0,0,0,0,0,0,1,0,0,0
jun,9,2,5,5,10,19,4,9,10,19,6,31,3,7,4,4,4,3,6,14,3
junction,38,9,0,0,8,225,10,0,32,14,0,17,9,3,37,8,1,0,16,22,0
june,9,7,28,3,0,7,1,4,3,2,0,9,1,2,2,9,1,4,12,4,2
junior,0,0,0,0,2,0,0,1,0,0,0,0,0,0,0,0,0,0,0,0,0
jurisdiction,26,3,0,0,0,0,0,0,2,0,0,0,0,0,0,0,0,0,0,0,0
jurisdictions,0,0,0,0,0,0,0,0,2,0,0,0,0,0,0,0,0,0,0,0,0
jury,0,0,0,0,0,0,0,0,0,0,1,0,0,0,0,0,0,0,0,0,0
just,2265,1456,1865,1858,1098,2047,1320,1749,1285,1358,1370,1715,2195,1708,1422,1609,2504,2534,2967,2728,2160
justice,0,0,0,0,0,0,0,0,12,0,0,0,0,0,0,0,0,0,0,0,0
justification,4,0,2,0,2,0,0,0,0,2,1,1,1,0,0,0,1,0,0,10,2
justified,4,1,1,0,0,1,0,0,0,1,0,2,5,0,2,0,0,0,3,1,2
justify,4,0,6,1,0,4,1,0,0,0,6,0,3,0,6,2,5,1,9,5,1
k,3876,2500,3280,2718,2091,5240,2454,3461,3752,3354,3188,3907,5086,3410,3808,3943,4886,5284,5065,5406,3642
kansas,0,1,0,0,0,0,0,0,0,0,0,0,0,0,0,0,0,0,0,0,0
karen,0,0,0,0,0,4,0,0,0,0,0,0,0,0,0,0,0,0,0,0,0
karl,2,4,0,0,0,0,0,6,0,1,0,1,0,8,0,0,0,3,0,0,0
kate,1,4,2,2,1,2,1,0,2,0,0,0,2,0,0,0,1,0,0,0,0
keep,1545,1178,1140,1650,1058,2057,1321,1973,1399,1417,1616,1998,2550,1922,1522,1771,2531,2978,2668,2549,1804
keeping,116,62,68,81,55,224,58,107,77,85,80,85,119,80,62,108,124,120,259,224,159
keeps,87,45,32,60,36,85,35,98,44,68,106,136,237,155,98,130,296,236,204,185,272
keith,3,0,1,0,0,5,0,0,0,0,2,0,0,0,0,0,0,0,0,0,0
kelly,0,0,0,0,0,2,0,10,0,0,2,2,0,1,0,0,0,0,0,0,1
ken,0,0,0,1,0,4,0,0,0,2,0,0,0,0,0,0,1,0,0,0,0
kennedy,0,0,4,0,1,0,0,0,0,0,0,0,0,0,0,0,0,0,0,0,0
kenneth,2,0,3,5,0,2,0,0,0,0,0,0,0,0,0,5,0,0,0,5,0
kent,0,0,0,0,0,0,0,0,0,0,1,2,0,0,0,1,0,2,0,1,3
kept,129,125,101,133,71,127,97,264,105,102,115,134,146,189,96,111,225,172,221,267,271
key,1448,850,1061,1425,887,2525,947,2692,1375,1632,10877,5603,4442,3126,1723,2270,4870,5199,4792,4072,4514
keys,827,518,681,760,554,1124,627,1048,762,855,1113,1129,1739,1445,1116,1241,2140,2196,2297,1958,1422
kg,81,4,25,21,7,42,12,9,33,36,11,20,18,31,43,19,35,45,15,37,44
kid,2,0,9,1,10,4,2,5,3,20,0,40,5,3,6,14,3,0,4,0,1
kidney,1,2,2,5,2,5,2,0,0,4,3,0,0,2,2,2,2,2,6,0,0
kids,1,1,1,10,3,3,7,0,5,4,0,5,1,1,1,0,2,0,4,1,3
kill,62,20,18,33,9,23,7,19,23,25,18,33,35,18,12,18,34,38,37,20,32
killed,19,16,13,16,10,20,5,14,12,14,17,11,13,6,4,4,5,9,16,19,2
killing,5,2,0,3,0,1,0,2,2,1,4,1,1,2,1,0,3,6,1,1,2
kim,5,4,2,18,6,27,2,7,1,6,22,9,37,9,4,7,29,10,10,4,6
kin,1,0,0,0,0,0,0,0,1,0,0,1,0,1,0,1,0,0,1,3,1
kind,3816,1806,1543,4603,1902,3932,1599,3959,2555,1287,2902,3754,7255,3934,3208,3201,7992,8989,8933,7087,7230
kindly,1,4,8,3,4,0,1,1,0,0,0,1,0,0,0,3,0,0,2,2,2
kinds,31,10,58,9,25,19,3,33,6,18,9,19,36,30,20,14,43,42,30,25,50
kinetic,8,4,0,1,2,14,8,4,5,7,1,3,3,0,2,4,3,0,4,7,7
king,9,1,0,2,1,5,0,0,1,0,2,3,1,2,12,8,1,0,1,0,4
kingdom,0,2,1,5,3,9,12,13,6,16,7,9,16,19,6,5,23,1,12,24,0
kings,0,0,0,0,0,1,0,0,0,0,1,1,0,0,0,0,0,0,0,4,0
kiss,0,0,4,2,0,0,0,0,0,0,0,0,0,0,1,0,0,2,0,0,0
kit,4,2,28,2,0,5,0,1,3,1,1,62,22,4,15,19,12,1,12,15,4
kitchen,1,4,0,4,0,8,1,0,2,5,2,5,1,12,17,2,9,5,23,1,8
km,132,36,40,17,36,44,22,23,14,47,39,21,18,26,45,25,31,96,20,63,38
knee,32,2,2,0,0,1,9,15,18,4,23,4,6,23,4,7,6,1,8,12,0
knees,1,2,2,3,0,0,4,1,0,0,2,1,2,2,2,4,3,0,1,0,0
knew,2,0,4,8,3,2,2,0,0,2,6,0,2,0,4,4,2,12,4,0,2
knife,0,2,6,4,4,8,0,1,6,3,6,3,1,0,1,6,7,2,12,6,1
knight,1,2,0,0,0,4,0,0,0,0,1,0,0,0,0,2,0,0,0,0,0
knights,0,0,0,0,0,0,0,0,0,0,0,0,1,0,0,2,0,0,0,0,0
knock,0,2,0,0,0,1,0,0,0,0,0,0,0,0,0,0,1,0,4,1,1
knocked,0,0,0,0,0,0,0,1,0,0,0,0,0,0,0,0,0,0,0,0,0
know,293,247,398,260,176,393,185,232,167,206,201,277,266,246,181,270,316,327,342,305,258
knowing,16,13,20,5,1,11,13,5,3,5,4,6,5,1,3,5,7,14,5,18,8
knowledge,70,42,25,23,70,74,42,98,42,54,43,81,55,54,53,75,61,59,64,130,45
known,208,74,206,124,44,111,87,103,104,131,154,152,107,150,97,161,201,202,178,172,179
knows,37,31,61,23,21,38,6,16,14,6,17,15,9,11,5,26,34,29,35,19,65
knox,0,0,0,0,0,0,0,0,0,0,0,0,0,0,0,0,0,2,0,0,0
kong,0,0,0,0,0,1,0,1,2,0,14,0,0,3,0,0,4,0,28,2,1
korea,0,0,0,1,2,1,0,0,0,1,0,4,0,0,0,0,0,0,0,0,0
korean,41,22,14,49,32,66,62,78,32,32,42,40,91,65,12,48,109,137,82,85,41
l,1903,750,993,675,723,1077,850,953,1001,1130,1356,1273,1814,1604,2079,2625,2044,2799,2094,2525,2002
la,17,8,21,22,23,104,7,35,26,13,16,25,42,32,47,24,24,21,11,32,61
lab,105,49,43,38,54,101,84,50,74,144,57,64,85,73,154,186,139,236,138,266,66
label,3433,1976,1780,2389,1547,2410,2117,2392,2089,2974,2432,2739,2963,2836,2565,2313,3049,2837,2776,1946,2089
labeled,443,119,126,220,115,116,124,137,91,272,125,149,139,149,110,110,183,125,98,84,76
labeling,55,94,37,44,14,34,51,41,25,37,27,26,22,31,22,25,26,18,50,23,21
labels,2914,1805,1536,2105,1588,2379,1889,2524,1943,2385,2665,2378,3165,2887,2316,2035,3800,3081,2909,2696,2175
labor,0,0,0,0,0,1,0,0,0,0,0,0,0,0,0,0,0,0,0,0,0
laboratories,28,9,0,0,2,3,2,0,0,5,0,0,5,3,0,5,0,3,0,2,3
laboratory,17,3,12,30,2,1,10,4,3,35,0,3,1,9,0,57,18,354,17,15,4
lack,11,11,20,6,1,7,3,9,1,7,0,6,5,8,14,20,17,23,21,31,25
lacked,1,0,0,0,0,0,0,0,0,0,0,0,0,0,0,0,0,0,0,0,0
lacking,2,0,2,1,1,4,0,0,0,1,1,0,2,3,1,0,4,2,1,3,0
lacks,5,4,8,3,0,4,3,2,4,1,2,5,3,0,0,0,0,5,8,8,3
ladder,5,4,0,2,10,4,0,1,1,0,0,0,2,1,5,11,7,3,3,0,1
ladies,0,0,0,0,0,0,0,0,0,0,3,0,3,0,0,0,0,0,0,0,0
lady,0,0,0,0,1,0,1,0,1,0,1,0,1,3,1,29,0,0,0,1,2
laid,3,14,25,9,0,2,0,3,0,0,1,3,2,1,0,8,1,1,0,0,3
lake,1,1,0,0,0,2,0,0,2,2,0,24,0,0,2,0,5,3,5,0,8
lakes,1,0,0,2,1,0,0,0,0,0,0,0,0,0,0,0,0,1,0,1,0
lamb,7,3,11,16,15,14,4,13,4,6,30,31,22,11,17,15,13,22,21,9,13
lamp,9,5,1,0,0,4,0,6,6,2,5,3,1,8,10,6,29,28,21,8,0
lamps,0,2,1,0,0,2,2,0,0,0,0,0,0,1,5,3,19,14,27,6,0
lancaster,0,0,1,0,0,0,0,0,0,0,0,0,1,0,0,0,0,0,0,0,0
land,22,4,3,29,16,8,3,5,11,2,2,4,5,5,5,2,21,4,26,22,4
landed,0,0,0,0,0,1,0,0,0,1,0,1,2,0,1,0,0,1,3,2,0
landing,18,8,0,9,2,0,0,0,8,1,4,3,1,0,8,2,3,3,9,20,3
landlord,0,0,0,0,0,7,0,1,0,0,1,1,0,1,0,0,0,0,0,0,0
lands,3,0,2,1,2,6,0,2,2,2,0,3,0,1,2,0,0,3,5,3,2
landscape,10,8,9,12,8,3,5,12,4,3,2,8,6,7,7,9,10,1,5,1,12
lane,125,60,84,28,43,146,78,12,51,122,28,137,37,25,208,5,116,206,152,289,49
language,4424,2245,1536,5220,2223,4751,1887,4430,2979,1654,3169,4143,7790,4427,3368,3905,8534,9642,9449,7274,7454
languages,136,76,70,121,76,162,119,172,103,122,66,132,202,148,74,88,131,131,180,105,87
lap,11,8,4,25,5,3,0,1,2,7,3,2,14,5,8,11,42,30,5,30,4
large,758,390,480,593,389,775,469,630,506,551,704,644,806,678,658,603,851,913,830,779,648
largely,13,9,12,10,13,10,8,23,20,13,32,16,33,18,8,10,19,19,24,9,6
larger,327,180,288,378,232,377,300,314,307,356,362,435,414,474,315,312,568,505,534,441,528
largest,168,84,166,140,92,154,122,140,111,134,166,148,136,131,167,134,165,180,223,177,149
larry,0,0,1,0,0,0,0,0,0,0,0,0,0,0,0,1,0,0,0,0,1
las,4,2,1,3,3,3,0,4,4,3,0,0,5,13,3,6,4,3,0,13,1
laser,3,3,7,11,1,10,9,3,4,3,7,0,16,5,39,0,2,32,5,2,4
last,2397,1547,1710,2257,1433,2870,1599,2703,1910,2095,2333,2845,4117,2852,2240,2692,4204,3776,4159,3882,3285
lasting,0,0,0,0,0,0,0,0,0,0,0,0,0,0,0,0,0,1,1,0,1
late,18,8,20,4,14,30,11,11,11,3,25,34,10,10,15,17,14,26,14,19,18
lately,0,0,0,0,0,0,0,0,0,0,0,0,0,0,0,2,0,0,0,0,0
latent,360,175,136,170,238,106,241,237,229,453,254,488,267,349,282,404,641,386,1379,768,598
later,631,771,982,740,365,648,433,690,363,421,548,750,890,570,490,642,840,993,870,1594,844
lateral,36,39,26,43,24,44,45,54,58,53,62,96,35,37,51,53,45,30,48,75,36
latest,168,396,408,185,122,170,191,204,156,268,257,230,278,286,461,275,407,430,345,314,452
latin,183,35,77,21,9,61,3,13,2,5,6,19,7,8,13,56,4,7,36,6,12
latitude,15,4,2,7,0,6,3,6,2,7,7,35,15,7,31,3,13,5,10,12,5
latter,43,27,43,21,14,21,22,35,33,24,42,35,52,47,23,38,58,50,67,52,47
lattice,15,2,4,2,4,13,3,5,21,18,1,21,7,35,55,12,52,3,13,11,36
laugh,0,0,0,0,3,0,0,0,0,0,0,0,0,0,0,0,0,0,3,0,0
laughter,0,0,0,0,0,0,0,0,0,0,0,0,1,0,0,0,0,0,0,0,0
launch,186,60,23,80,57,131,106,88,93,114,92,136,160,118,94,153,114,249,170,168,156
launched,19,1,0,4,2,12,2,8,11,10,12,20,32,23,17,14,21,17,17,29,16
laundry,0,0,0,0,1,0,0,0,0,0,0,0,1,0,0,0,0,0,0,0,0
laura,2,0,0,10,0,18,0,0,1,0,0,1,0,0,0,0,1,1,7,1,0
law,3727,1457,1223,4461,1761,3743,1548,3749,2452,1194,2819,3346,6858,3868,3055,3074,7827,8830,8780,6658,7003
lawn,0,0,0,0,0,0,0,0,0,0,0,0,0,0,1,0,1,0,1,0,7
lawrence,3,4,1,1,21,4,3,0,0,0,2,0,0,0,0,0,0,2,2,0,0
laws,43,5,2,0,0,2,4,2,1,0,0,1,1,4,14,9,22,6,3,4,34
lawyer,12,1,0,0,0,0,0,0,0,0,0,0,0,0,0,0,0,0,0,1,0
lay,3,5,4,2,2,1,1,0,1,1,2,0,4,7,0,1,2,2,12,1,0
layer,3967,2275,1702,3396,2067,3600,2279,4003,3017,3531,3260,3861,5721,4384,3612,3629,5831,5972,5393,6029,4308
layers,2622,1781,1521,2361,1630,2412,1859,2676,2255,2228,2518,2914,3963,3259,2018,2532,4348,4384,4653,4437,3016
laying,1,0,2,0,0,1,2,2,0,0,3,4,6,5,3,1,9,2,10,4,4
layout,179,102,73,58,34,75,43,66,50,66,44,98,131,113,77,69,128,369,170,241,252
lb,32,29,27,34,40,54,67,72,27,30,62,32,31,61,21,37,44,48,44,22,82
lbs,2,7,0,0,0,158,0,3,4,1,6,0,5,4,0,15,0,2,5,3,0
lc,39,4,3,58,24,13,2,18,7,3,5,9,5,4,42,6,7,14,7,7,26
le,16,16,27,33,50,40,6,32,31,15,15,19,65,13,3,9,27,18,36,15,21
lead,52,34,53,64,39,77,32,67,41,37,60,95,82,121,74,61,126,99,128,116,121
leader,40,6,11,14,8,18,15,12,7,12,5,41,5,6,4,6,5,5,3,11,12
leaders,5,0,4,0,1,3,0,0,1,0,0,6,0,0,0,0,0,3,0,0,0
leadership,0,0,0,0,0,0,0,0,0,0,0,1,0,1,0,0,0,0,0,0,0
leading,131,105,222,122,36,121,50,110,61,64,49,126,107,90,45,137,135,137,222,183,158
leads,35,46,73,54,35,60,29,53,57,43,76,79,69,79,75,67,100,110,85,96,87
leaf,93,104,100,68,41,62,76,57,37,47,137,73,134,128,87,68,104,90,101,114,109
league,0,0,0,0,3,1,0,0,1,1,0,0,0,0,0,0,8,2,0,0,1
leakage,9,4,2,7,10,6,2,6,15,3,13,11,5,6,9,12,5,8,19,5,15
lean,1,0,0,0,1,0,0,1,0,1,2,1,0,0,0,0,0,0,0,0,2
leaning,0,0,0,0,0,0,0,1,0,0,1,0,1,0,1,0,0,0,0,1,1
learn,153,74,96,144,71,108,74,116,146,112,84,315,294,120,159,123,121,114,156,149,249
learned,149,73,112,157,86,158,86,143,105,103,79,171,163,125,76,67,107,108,117,97,83
learning,2194,1922,1832,1808,1723,1889,1614,1605,1723,1716,1911,1819,1729,1537,1811,1241,1758,3104,1517,1236,2233
lease,7,1,0,0,0,2,0,0,0,0,0,0,2,0,0,5,4,4,3,1,0
least,449,327,497,495,222,432,260,403,257,250,337,418,513,438,395,400,527,487,765,653,563
leather,3,0,0,0,0,0,0,0,1,0,2,0,1,0,0,1,0,0,0,0,0
leave,171,132,160,144,67,177,75,154,79,82,103,164,188,128,127,156,196,197,230,179,150
leaves,39,148,34,72,34,37,37,40,31,37,58,51,32,35,51,29,14,78,41,71,32
leaving,16,23,47,11,6,66,31,33,5,14,33,29,54,28,27,34,49,31,46,27,34
lebanon,0,0,0,0,0,0,0,0,0,0,0,0,0,0,0,1,0,0,0,0,0
lecture,0,2,1,0,0,1,0,0,2,0,0,1,3,2,6,6,31,14,6,8,6
lectures,4,0,2,0,3,0,1,0,0,0,2,1,4,0,0,1,0,1,0,1,0
led,16,1,8,3,3,5,3,18,2,1,10,21,33,25,8,13,33,39,34,23,20
ledger,0,0,0,0,0,0,1,0,0,0,0,0,0,0,0,0,0,0,0,2,0
lee,42,14,84,9,57,36,2,24,30,25,13,4,9,5,10,6,6,15,11,9,2
left,1337,720,823,956,791,1420,797,1217,990,923,1041,1151,1535,1353,1001,1154,1736,1440,1469,1854,1346
leg,24,31,22,38,11,27,3,15,25,38,8,121,25,18,23,63,31,15,36,40,5
legacy,57,100,231,122,67,112,89,127,128,143,79,233,161,164,92,143,177,144,237,273,212
legal,160,29,40,30,17,31,9,28,27,24,46,74,30,61,46,37,61,56,33,54,63
legally,0,4,8,2,0,4,0,9,0,3,4,7,15,3,2,1,6,9,7,3,3
legend,341,208,147,182,244,202,157,184,104,146,174,153,215,141,164,116,224,304,326,329,364
legion,0,0,0,0,0,0,0,0,0,0,0,0,0,0,0,0,0,0,15,0,0
legislation,0,0,0,0,0,1,0,0,0,0,0,0,0,0,0,0,0,0,0,0,0
legislative,0,0,0,0,0,0,0,0,0,0,0,1,0,0,0,0,0,2,0,0,0
legitimate,3,5,7,2,1,1,2,3,1,1,1,3,1,0,0,1,1,0,2,1,0
legs,12,16,3,6,6,1,1,5,7,1,7,19,10,5,12,10,6,4,5,16,9
lemon,2,0,0,0,1,0,0,0,1,0,0,1,1,2,1,5,2,0,0,0,2
lend,8,1,0,0,0,2,0,0,0,0,0,0,0,0,0,0,0,0,0,1,2
lending,1,0,0,0,0,0,0,1,0,0,0,0,0,0,2,0,0,0,0,0,0
length,2547,1388,1497,2164,1336,2595,1559,2881,2197,1701,1958,2634,3229,2436,1852,2003,3384,2945,2869,3246,3193
lengths,236,166,167,289,144,353,154,303,236,179,157,374,464,252,99,251,287,276,272,308,311
lengthy,3,0,2,0,2,0,0,1,0,0,0,2,0,1,0,0,0,2,0,1,1
lens,72,42,50,55,18,26,15,23,27,15,98,97,50,30,37,32,61,40,153,89,138
lenses,1,3,1,18,1,4,0,0,2,0,10,9,0,0,5,0,1,2,3,0,0
lent,0,0,0,0,0,0,0,0,0,0,0,0,0,0,1,0,0,0,0,0,0
leo,0,0,0,0,0,0,4,0,2,1,0,0,0,1,0,1,2,4,0,0,3
leon,2,6,0,0,1,2,1,0,1,1,0,1,1,2,11,2,2,2,1,2,1
leonard,0,0,0,0,0,0,0,1,0,0,0,0,0,2,0,0,2,0,0,0,3
les,0,7,14,1,0,3,2,1,0,0,0,2,1,1,1,0,2,1,1,0,21
lesion,12,0,4,16,6,9,13,1,0,40,9,0,6,0,0,5,6,14,13,1,8
lesions,7,0,0,0,3,2,9,1,0,13,6,1,0,0,2,0,0,7,17,0,0
less,505,299,404,381,276,457,296,373,301,328,413,424,457,341,282,316,439,468,510,498,475
lesser,35,447,914,222,6,24,31,115,0,4,5,123,41,62,17,166,38,82,21,123,4
lesson,0,0,0,1,0,0,0,3,0,0,0,0,0,0,0,0,0,1,1,0,0
lessons,0,0,0,0,0,0,0,1,0,1,0,0,0,0,1,0,0,0,0,1,0
lest,2,0,0,2,1,1,0,0,0,0,0,1,0,0,0,0,0,1,0,0,0
let,570,356,397,398,260,790,250,630,305,237,457,554,922,738,539,410,1119,943,1233,1013,764
lets,64,48,106,68,80,44,44,33,22,28,28,21,40,13,35,57,33,34,36,42,29
letter,392,219,320,178,66,77,57,106,50,84,38,150,66,87,47,91,84,84,94,92,53
letters,27,81,136,37,1,24,6,24,22,11,9,26,22,16,31,55,33,28,59,48,52
letting,8,10,6,4,0,2,1,5,0,0,1,5,7,2,2,7,5,3,4,4,4
level,1528,1173,1385,1365,1075,1638,1129,1514,1485,1466,1295,1857,1223,1242,1387,1146,1462,2179,1541,1529,1172
levels,277,403,445,388,513,491,422,470,527,411,454,682,246,376,352,327,321,546,358,298,362
lever,0,0,0,0,0,0,0,0,0,0,0,0,0,0,0,5,0,0,0,1,5
levy,0,0,2,1,1,0,1,2,0,0,3,0,0,0,1,1,1,1,10,2,0
lewis,0,0,1,0,0,0,0,0,2,0,0,1,0,0,0,0,1,0,0,0,0
lexington,0,0,0,0,0,0,0,0,0,0,0,0,0,0,13,1,0,10,0,0,0
li,114,42,79,101,50,47,34,89,43,25,64,108,34,65,108,143,85,177,142,90,63
liabilities,1,0,32,0,0,0,0,0,0,0,0,0,4,0,0,0,0,0,0,0,0
liability,1522,260,245,216,109,114,106,330,184,110,64,407,335,73,201,292,159,154,251,502,283
liable,828,298,260,176,76,103,87,261,125,96,62,385,422,140,151,244,132,123,152,462,223
liberal,5,0,0,1,2,2,0,0,0,0,0,2,1,1,0,0,1,2,1,0,0
liberation,0,0,0,0,1,0,0,0,0,0,0,0,0,0,0,0,0,0,0,0,0
liberty,0,0,0,0,0,0,0,0,0,0,0,0,0,0,0,0,0,1,0,1,1
libraries,82,74,123,168,65,80,24,90,56,23,29,72,44,40,39,57,76,83,101,91,74
library,629,643,1250,495,175,303,87,384,212,145,222,341,313,228,177,407,426,691,491,575,504
license,36898,19379,16189,44614,18198,40228,20972,40133,27815,18907,26641,38829,67083,41290,28083,30233,67164,77420,76674,59535,60113
licensed,6776,3934,3037,8177,3448,8656,5510,8271,6396,5633,4546,8744,11636,7896,4277,5095,9408,10444,11395,8771,8667
licensee,129,17,3,0,0,0,0,0,0,0,0,0,3,0,0,1,3,0,0,0,0
licenses,4825,2256,1308,4710,1885,3975,1762,3870,2493,1338,2844,3542,7353,4522,3252,3148,7901,10251,8874,6690,7074
licensing,13,2,1,2,2,0,1,10,61,46,16,32,1,1,382,14,33,12,5,8,9
lie,16,22,42,30,26,36,33,24,37,34,32,29,26,33,28,29,39,27,20,35,23
liens,0,0,0,0,0,0,0,0,0,0,0,0,0,0,0,0,0,0,2,0,0
lies,23,15,25,38,21,17,17,18,13,15,14,21,13,23,18,19,28,27,16,26,14
lieu,1,0,0,1,1,0,0,0,0,0,0,0,0,0,0,0,0,5,0,1,0
life,30,17,16,26,15,19,18,28,14,24,13,18,32,37,29,16,18,19,22,6,11
lifetime,61,0,5,0,7,6,0,5,0,1,1,22,3,3,2,3,9,5,5,7,4
lift,6,4,2,8,8,6,4,4,5,12,11,5,8,3,13,39,6,39,76,14,7
lifted,5,1,3,2,1,1,4,6,4,16,7,4,8,6,6,10,2,16,42,7,8
lifting,3,3,1,1,0,0,2,0,5,2,8,2,0,2,3,10,3,18,8,8,7
light,169,55,68,51,150,127,71,127,52,92,90,149,128,106,111,91,151,120,290,194,129
lighted,0,0,0,2,0,0,0,0,0,0,0,0,0,0,0,0,0,0,0,0,0
lighter,5,1,8,8,2,0,0,2,2,1,2,2,3,0,1,3,1,18,3,1,2
lighting,13,9,7,5,6,20,6,19,21,16,11,21,36,15,31,13,31,5,5,10,23
lightly,0,1,0,1,0,0,0,0,1,0,0,4,0,14,18,21,54,16,20,28,16
lightning,0,5,5,16,23,55,25,100,54,50,58,108,119,80,99,96,116,88,74,94,97
lights,31,7,3,9,19,53,12,22,7,12,6,55,23,7,17,11,9,3,15,20,1
like,1214,939,1227,943,610,1206,616,986,678,766,772,1031,1249,1012,1078,1096,1481,1479,1588,1325,1250
liked,2,0,0,0,0,2,2,1,0,8,9,1,3,1,5,6,1,2,2,1,1
likelihood,204,144,237,119,120,123,118,201,78,194,111,240,200,219,240,271,163,362,189,162,269
likely,244,150,198,247,111,262,116,192,107,148,130,173,233,169,115,126,196,159,232,281,163
likes,11,5,22,3,4,12,4,4,5,2,3,3,7,3,2,4,14,11,41,30,11
likewise,14,4,19,3,7,5,14,1,1,1,1,6,1,2,0,5,3,1,9,4,4
limb,20,0,0,0,0,10,0,0,0,0,33,1,2,2,2,4,11,5,12,0,0
limbs,4,2,5,4,10,21,6,0,4,4,27,2,6,2,1,1,3,1,1,2,0
lime,8,18,1,12,5,9,5,12,4,25,6,2,0,9,2,2,9,17,5,6,12
limit,486,242,532,323,184,337,246,292,244,278,347,359,313,264,295,329,392,421,350,376,269
limitation,226,275,154,94,56,125,38,76,87,49,63,382,318,67,155,146,119,469,90,417,201
limitations,3697,1476,1197,4452,1751,3746,1532,3708,2438,1161,2789,3316,6847,3839,3028,3032,7759,8772,8681,6538,6922
limited,1556,320,336,302,149,247,131,520,241,212,99,573,431,396,259,392,271,329,344,597,340
limiting,19,6,7,1,1,2,8,3,11,3,6,6,6,6,5,11,10,7,9,12,11
limits,209,35,77,72,59,86,68,50,61,43,44,69,63,42,44,122,42,126,120,131,110
lincoln,0,1,0,0,0,1,0,0,0,1,0,0,1,0,0,0,0,0,0,0,0
linda,2,0,0,10,0,16,0,0,1,0,0,1,0,0,0,0,0,0,0,0,0
line,2980,1205,1680,1351,1193,1685,1142,1316,1377,1389,1237,1138,1608,1448,1466,1351,2007,1733,1972,1726,1556
linear,1214,880,725,1122,804,1413,1022,1139,1199,1374,1372,1340,1743,1393,1600,1556,1891,2138,2072,1915,1741
lined,1,0,0,0,0,0,0,0,0,0,0,0,2,0,0,6,0,0,0,0,3
linen,0,0,0,0,0,0,1,0,1,0,0,0,0,0,0,0,0,9,1,3,0
lines,981,363,474,359,387,517,256,426,313,321,349,331,475,412,511,459,563,505,773,633,590
linguistic,14,3,7,3,0,4,1,2,3,4,5,2,2,0,0,2,2,13,3,0,0
lining,0,0,0,0,0,0,0,0,0,0,0,0,1,1,0,2,1,0,0,0,0
link,276,295,581,240,180,192,129,210,119,165,166,265,287,193,97,207,291,341,257,481,327
linked,35,55,110,33,7,14,16,23,7,10,19,24,26,22,21,60,26,24,31,30,22
links,203,149,144,108,51,61,83,80,80,83,73,75,125,68,59,79,66,208,93,163,87
lion,14,0,0,0,0,1,0,1,1,0,0,1,1,5,0,12,3,3,2,12,4
lip,5,5,7,2,2,0,1,3,2,8,1,8,16,3,14,11,17,11,1,4,2
lips,0,3,0,4,1,0,0,1,0,1,0,1,0,0,2,1,1,0,5,1,2
liquid,1,0,0,0,0,5,0,0,2,0,0,0,0,0,2,0,0,0,0,0,1
liquids,0,0,0,0,0,0,0,0,0,1,0,0,0,0,0,0,0,0,0,0,0
list,6809,3572,4640,4471,3023,4997,3271,4473,3646,4271,7722,5719,5408,5005,4421,4748,6157,6373,5901,6073,4739
listed,72,32,40,37,17,29,18,26,9,29,10,28,18,31,18,36,29,50,39,33,28
listen,72,3,2,9,3,10,8,0,2,4,7,7,2,1,2,0,8,4,12,8,4
listened,0,0,1,0,0,0,0,0,0,0,0,0,0,0,0,0,0,0,0,0,0
listening,10,3,1,1,1,3,24,3,4,7,0,0,0,2,2,3,0,1,1,4,1
listing,31,11,22,12,1,5,0,9,1,3,7,5,1,3,1,3,5,8,3,7,12
lists,385,271,323,344,222,362,207,280,286,267,269,349,416,406,298,377,375,414,358,499,331
lit,10,0,14,5,1,3,0,6,0,6,3,5,2,4,34,21,26,36,8,15,3
literally,4,2,5,1,0,1,0,0,1,1,3,3,2,2,0,5,2,1,3,1,1
literary,12,1,1,0,0,0,0,0,0,0,0,0,0,0,0,0,0,1,0,0,0
literature,4,12,21,4,0,5,1,15,1,5,0,6,10,5,9,3,6,4,4,5,13
litigation,0,0,0,0,0,0,0,0,0,0,0,0,0,0,6,1,0,0,2,0,2
little,121,92,135,77,87,147,54,87,73,83,100,84,115,117,119,106,97,144,130,106,75
live,58,22,19,23,15,45,18,50,19,27,30,67,52,23,54,78,77,85,124,28,64
lived,4,0,0,0,1,0,0,2,1,1,0,0,0,0,0,0,0,0,0,0,0
liver,2,2,1,3,2,2,2,0,1,3,6,0,4,1,1,2,1,5,8,0,1
lives,40,18,11,25,8,36,9,43,17,23,19,25,27,23,21,10,27,22,26,18,19
living,13,5,3,0,1,7,3,0,0,1,3,2,8,1,3,2,4,6,0,6,6
ll,352,366,668,381,139,402,226,275,215,144,162,294,275,220,178,353,339,281,547,323,348
lloyd,0,0,0,0,0,0,0,0,0,0,0,0,0,2,5,0,0,0,0,1,0
ln,123,26,48,20,38,33,36,61,25,60,74,102,114,95,65,68,171,129,111,95,53
lo,21,8,29,11,4,13,9,11,13,2,2,12,14,22,9,4,7,22,14,19,16
load,5170,3513,2819,4276,3074,5678,3615,4868,4273,4256,4467,4561,5967,5039,4713,4274,6740,7398,6689,6798,5057
loaded,284,176,166,253,193,323,166,437,227,228,324,485,639,456,361,345,669,1009,806,652,538
loading,897,552,521,685,561,943,699,1064,873,1090,1012,980,1529,1239,1106,1205,1530,1585,1970,1711,1232
loads,176,81,111,107,54,99,68,101,95,129,194,131,200,158,102,128,194,219,120,143,156
loam,0,0,0,0,0,0,0,0,2,0,0,0,0,0,0,0,0,0,0,0,0
loan,0,0,8,0,0,0,21,0,0,0,0,3,1,1,0,2,1,0,0,4,0
loans,1,0,0,0,0,2,0,0,0,0,0,0,0,1,0,0,0,0,0,0,0
lobe,6,0,8,0,0,0,0,0,0,0,2,5,1,0,0,0,0,0,0,2,0
local,701,893,687,779,431,1078,501,1010,605,716,879,964,1311,1164,1107,887,1977,1643,1474,1411,1114
locality,5,1,1,1,5,4,2,0,3,15,0,4,2,1,3,4,5,6,5,8,13
localized,22,1,7,0,0,4,0,0,0,6,2,1,35,9,8,1,3,1,4,4,5
locally,56,54,64,53,45,56,43,67,62,62,71,75,65,72,67,46,108,99,126,121,116
locate,45,33,51,27,24,40,25,42,23,35,17,43,30,44,25,48,34,37,43,60,25
located,45,21,44,39,26,54,30,27,23,25,31,42,50,30,44,55,88,45,61,61,38
location,614,377,510,417,288,741,415,490,435,363,340,589,370,371,409,381,378,484,419,406,405
locations,195,106,183,114,114,156,142,165,108,158,112,165,151,139,184,171,205,173,184,171,144
lock,155,179,174,82,38,96,45,76,55,38,41,89,66,42,55,61,86,96,86,106,72
locked,21,34,57,28,1,6,1,36,24,1,2,12,1,14,5,4,14,20,8,10,7
locks,61,6,12,16,3,7,1,4,3,1,1,7,11,2,8,1,3,22,8,4,11
log,2416,1591,1839,1896,1457,2389,1524,2190,1685,2148,1941,2210,2632,2453,1910,2108,2511,4376,2671,2683,2365
logan,0,3,0,0,1,0,0,0,0,0,0,1,1,0,0,0,0,0,0,1,0
logging,898,724,578,642,446,1017,541,915,775,756,744,948,983,1048,778,790,1172,940,873,1030,694
logic,138,131,158,182,94,529,162,193,191,129,274,270,306,233,311,289,533,506,800,594,514
logical,84,96,175,67,7,11,3,27,4,15,13,31,16,42,58,45,31,60,34,38,40
logs,209,100,160,272,135,258,152,230,106,204,181,224,246,282,147,163,243,352,170,260,190
london,1,2,4,1,1,0,4,3,1,1,5,4,1,2,0,1,1,8,7,4,5
lonely,2,0,3,0,0,0,0,1,0,0,0,0,0,0,0,1,1,0,0,0,0
long,717,346,493,648,455,715,553,821,504,621,513,609,849,682,623,491,1135,813,855,724,636
longer,339,234,261,298,137,373,178,268,176,168,151,213,275,201,197,232,370,283,311,375,347
longest,85,63,83,100,18,90,45,114,32,31,76,94,155,99,69,53,205,103,145,128,109
longitudinal,8,0,1,3,0,7,1,0,1,2,0,10,4,1,11,8,4,2,20,30,6
look,576,386,505,344,247,333,190,332,240,276,220,298,336,260,238,291,348,440,386,361,285
looked,6,4,10,2,2,8,1,3,1,1,6,18,16,6,5,10,11,24,13,14,10
looking,154,160,249,172,103,124,93,119,96,101,77,160,131,120,119,142,144,150,313,161,128
looks,148,97,140,99,63,86,55,80,51,49,51,80,97,69,55,87,91,90,132,71,78
loop,1523,800,851,1039,814,1015,780,844,882,774,916,954,1098,1145,1082,985,1452,1599,1828,1667,1181
loose,20,6,7,1,3,7,4,10,4,3,3,4,5,3,6,1,0,5,7,9,12
lord,0,0,0,0,0,0,0,2,0,0,0,0,0,0,3,0,5,10,31,31,0
los,3,3,7,1,4,1,0,2,1,10,1,4,10,0,15,4,9,1,13,1,19
lose,28,15,28,23,6,22,4,18,11,4,22,28,29,14,23,29,32,33,37,35,27
loses,11,8,16,27,2,3,11,15,5,1,4,11,1,8,2,6,8,19,10,30,10
losing,6,6,11,6,3,14,4,7,3,3,3,6,10,4,1,2,6,9,5,3,4
loss,6556,3934,4288,5423,4899,6219,5105,5490,5579,5999,6348,6560,6423,5786,5659,5178,6734,6864,6478,5869,5064
losses,949,455,443,618,412,563,560,487,520,503,557,517,667,643,613,501,826,771,685,511,415
lost,101,34,32,32,39,112,42,56,35,55,61,64,63,38,56,50,49,76,69,52,40
lot,116,91,128,91,59,87,35,62,21,34,51,69,48,67,53,70,89,104,93,94,82
lots,24,16,34,26,9,20,6,47,6,8,34,38,59,50,42,20,99,72,115,99,98
loud,2,0,0,0,0,0,0,0,0,0,0,0,0,0,0,0,0,3,0,1,0
louis,0,0,0,1,1,0,3,0,0,0,0,0,1,0,1,0,0,0,0,0,0
love,5,5,11,3,0,1,0,4,0,1,22,0,8,9,2,8,21,7,14,12,12
loved,0,0,0,0,0,0,0,0,0,0,0,0,0,0,0,0,0,1,0,0,0
lovely,2,4,8,3,0,0,0,1,0,2,3,1,1,0,3,3,1,3,1,2,2
lovers,0,0,0,0,0,0,0,0,0,0,0,0,0,0,0,0,2,3,1,1,1
loves,0,0,0,0,0,0,0,1,0,0,3,0,10,4,0,2,8,8,6,5,3
loving,0,0,0,0,0,0,0,0,0,0,1,0,0,0,0,0,0,0,0,0,0
low,479,257,360,374,322,403,277,450,380,410,388,539,409,475,465,446,504,520,634,504,481
lowell,0,0,0,0,0,0,0,0,0,0,1,0,0,0,0,0,0,0,0,0,0
lower,550,298,531,391,303,595,372,524,445,402,379,597,593,677,563,623,779,794,742,770,831
lowered,5,9,6,0,1,1,1,0,0,6,7,0,5,3,7,4,5,27,12,4,5
lowering,21,11,0,9,0,20,0,0,0,2,0,2,7,0,3,5,2,38,2,4,2
lowest,91,125,150,105,59,264,58,73,48,89,81,79,80,71,58,90,99,153,118,159,155
loyal,0,0,0,0,0,0,0,1,0,0,2,1,3,2,1,2,4,0,2,4,1
lt,26,38,72,40,24,28,25,48,30,52,18,20,26,17,22,26,32,24,26,17,50
ltd,73,34,1,29,19,31,94,39,829,79,93,105,1078,186,152,36,144,51,61,202,93
lucas,3,4,0,0,1,21,0,0,0,2,0,0,1,0,6,3,0,3,1,11,0
luck,4,4,3,5,7,3,7,1,3,11,3,9,3,9,6,6,12,8,8,6,1
lucky,3,0,2,2,1,1,2,0,0,2,1,1,7,0,0,0,0,1,0,1,0
lucy,0,0,0,0,0,0,0,0,0,0,0,1,0,0,0,1,0,0,0,0,0
luke,2,2,0,0,0,2,0,13,0,0,12,13,47,34,0,33,68,78,45,32,31
lump,1,1,0,0,0,0,0,0,0,0,0,1,0,0,0,2,1,0,1,1,0
lunch,1,0,0,0,12,4,0,8,6,0,4,8,8,4,4,0,15,0,4,4,15
lung,0,5,5,36,4,13,3,0,1,30,18,0,21,5,11,15,3,13,6,0,11
lungs,0,1,1,1,0,10,2,0,0,3,3,0,2,0,0,3,0,0,3,0,0
luther,0,0,0,0,0,2,0,0,0,0,0,0,0,0,0,0,0,0,0,0,0
luxury,0,0,0,0,1,0,0,0,0,0,0,0,0,0,0,0,0,0,0,0,0
lying,2,13,35,18,24,32,29,23,32,23,38,33,11,19,9,14,8,26,8,23,18
lynn,1,0,0,0,0,7,1,0,0,0,0,0,0,0,1,0,0,0,0,0,0
m,3334,3402,3580,1992,1799,2661,2095,2358,2363,2493,2281,2211,3416,2646,2657,3013,2625,3088,2694,2959,2181
ma,44,184,345,83,23,55,14,60,23,18,42,61,25,18,15,61,10,243,25,23,15
mac,76,78,169,43,24,29,55,51,13,97,13,45,12,12,11,52,39,51,33,23,54
machine,154,104,184,90,41,126,106,177,115,99,109,244,168,165,114,135,263,144,281,346,232
machinery,5,3,9,1,8,14,2,10,3,2,4,4,5,4,6,8,4,5,2,6,4
machines,50,17,19,28,24,53,28,50,31,20,9,43,41,59,12,41,26,37,19,40,35
mad,9,10,4,6,5,5,1,14,0,4,1,3,2,10,0,1,11,19,9,21,18
madame,0,0,0,0,0,0,0,0,0,0,1,0,0,0,0,0,0,0,0,0,0
made,354,268,254,228,180,199,119,246,126,166,185,260,408,322,185,233,383,407,424,359,301
madison,0,0,0,0,0,0,0,0,0,0,3,3,12,3,0,5,9,14,7,9,9
madrid,0,0,0,0,0,0,0,0,0,0,0,4,0,0,0,0,0,0,0,0,0
magazine,0,0,1,0,0,0,0,0,0,2,0,0,0,1,2,1,4,2,2,1,4
magazines,0,0,0,0,0,7,0,0,0,7,0,0,0,0,0,0,2,0,0,0,0
magic,89,77,103,82,45,79,37,72,55,57,36,86,55,56,92,59,73,67,82,65,71
magnesium,0,0,0,0,0,2,0,0,0,0,2,0,0,0,0,2,0,0,0,0,0
magnet,2,510,510,0,0,0,0,0,0,0,0,0,0,0,0,0,0,0,0,0,0
magnetic,15,0,2,6,3,3,0,3,1,4,0,2,1,1,3,0,7,5,3,14,3
magnitude,190,75,149,83,87,57,87,90,127,140,176,98,60,114,194,146,189,161,299,244,136
mail,30,63,21,33,6,76,29,14,50,4,22,33,7,16,6,14,33,8,42,191,8
mailing,1,0,2,0,0,2,0,0,0,0,0,0,0,0,3,0,0,0,1,0,1
main,1026,568,845,618,472,843,613,745,637,759,683,914,1103,1095,1141,1112,2121,2363,2159,2038,1526
mainly,87,41,29,36,16,38,31,44,29,58,94,59,64,50,85,100,61,86,175,81,53
maintain,94,52,78,66,48,84,67,87,84,105,38,111,91,151,81,93,213,153,209,246,200
maintained,4,5,18,6,3,12,9,9,8,13,23,14,17,12,9,11,15,19,27,19,26
maintaining,60,31,3,50,23,48,11,39,37,5,22,36,46,25,11,13,30,32,30,17,23
maintains,56,25,73,85,37,63,65,62,34,72,81,35,31,48,41,38,13,26,35,67,84
maintenance,30,4,7,8,5,2,5,3,3,10,7,9,11,12,7,12,14,5,19,3,9
major,153,78,99,73,45,75,60,78,42,64,49,74,47,50,55,75,81,55,102,93,72
majority,27,12,13,16,9,27,17,23,22,17,16,23,43,27,22,22,26,22,31,11,10
make,4214,2494,3093,3154,2145,3950,2435,4036,2753,2800,3166,3952,5513,4214,3095,3442,6069,5200,6724,5967,4572
maker,6,5,9,2,5,3,1,1,3,5,7,2,2,3,5,4,5,2,1,0,0
makers,0,0,0,0,0,0,0,0,0,0,0,0,0,0,0,0,0,0,0,1,3
makes,521,216,318,366,216,415,159,311,190,185,203,337,363,242,200,237,362,348,318,356,296
making,281,81,138,194,98,175,71,114,77,100,138,162,181,173,200,137,220,144,157,197,122
male,19,8,5,16,13,5,7,12,19,8,7,11,7,9,12,32,17,15,14,19,18
males,0,3,0,0,4,0,0,0,1,0,0,0,1,0,0,0,0,0,0,0,0
malignant,0,0,4,0,0,2,0,0,0,5,1,0,1,1,0,0,2,1,0,0,0
mama,2,0,0,0,0,0,0,0,0,0,0,0,0,0,0,0,0,0,0,0,0
mammals,0,0,0,0,0,0,0,0,2,0,0,0,2,0,0,2,0,0,0,0,0
man,52,35,21,56,36,59,27,46,25,16,76,54,28,28,51,18,48,32,24,41,20
manage,48,8,10,25,16,30,7,12,27,10,17,37,34,54,47,16,70,66,60,63,94
managed,7,13,26,13,2,4,0,6,13,3,4,11,9,16,8,17,22,13,13,21,16
management,46,40,16,30,33,14,3,19,14,15,62,31,26,11,20,14,36,37,22,30,30
manager,85,72,92,52,29,113,69,69,42,48,105,75,68,73,100,59,105,118,82,139,95
managers,12,1,7,3,0,1,12,1,3,1,1,1,3,7,19,10,3,13,9,12,8
managing,6,1,0,1,1,1,1,1,26,0,4,1,5,1,1,2,4,10,3,1,2
manchester,0,0,0,0,0,0,0,1,0,0,0,0,0,0,0,0,0,1,0,0,0
mandate,1,0,1,0,0,0,0,0,0,0,0,0,0,0,0,1,0,0,0,0,0
mandatory,13,26,32,24,16,20,19,27,26,27,28,57,31,28,22,12,9,25,20,100,24
manhattan,34,2,0,1,3,3,9,6,0,1,0,3,1,2,8,1,1,2,2,5,0
manifest,25,6,50,3,1,29,32,29,38,26,6,55,38,45,15,41,1,7,31,10,14
manifestations,0,0,0,0,0,0,0,0,0,0,0,0,0,1,0,0,0,0,0,0,0
manifested,0,0,1,0,0,1,0,0,0,0,0,0,0,1,0,0,2,0,1,1,1
manipulation,41,8,19,16,14,19,15,15,7,24,16,14,16,7,10,15,14,37,273,30,52
mann,0,1,1,0,0,1,0,0,0,0,0,2,0,1,0,0,1,3,4,3,1
manner,104,36,89,51,80,55,28,39,39,104,41,30,43,49,34,69,31,65,46,62,34
manners,0,0,0,0,0,2,2,6,0,2,6,0,0,2,4,2,2,6,0,8,4
manual,245,132,119,140,92,129,78,189,88,119,111,102,293,139,131,109,147,167,159,272,235
manufacture,3,0,0,0,0,2,4,1,1,0,0,2,0,4,14,4,0,5,0,1,2
manufacturer,0,8,0,0,0,0,0,0,0,0,0,0,0,0,0,2,0,9,2,0,2
manufacturers,0,1,0,0,0,0,0,0,0,0,0,0,0,0,0,0,0,0,0,0,0
manufacturing,0,0,0,0,0,0,0,0,0,0,0,0,0,0,0,0,0,0,1,0,0
manuscript,1,0,0,3,3,1,0,5,0,1,2,2,0,1,1,2,0,0,0,1,1
many,825,461,481,448,328,394,422,403,347,400,340,479,465,437,458,510,559,828,645,937,1412
map,1551,1212,1300,1544,1099,1749,1137,1564,1398,1394,1739,1736,1799,1639,1511,1400,1806,1934,1837,1835,1263
maple,2,0,57,0,0,0,0,0,1,0,0,12,0,0,0,7,7,0,8,1,3
mapping,555,476,491,562,315,515,393,553,420,432,445,534,737,613,590,519,729,955,850,755,618
maps,625,499,421,528,459,519,277,499,463,504,539,451,542,617,490,590,785,661,588,490,473
mar,18,10,15,13,7,8,15,13,6,3,10,17,9,16,7,15,12,9,19,25,18
marble,0,0,0,0,1,0,0,0,0,3,4,0,0,0,0,5,0,0,0,0,0
march,19,8,20,8,1,6,9,8,4,14,10,2,1,2,0,8,5,2,6,18,11
marcus,0,0,0,0,0,2,0,0,0,3,0,0,0,0,0,0,0,0,0,0,1
margaret,0,0,0,0,0,2,0,0,0,0,0,0,0,0,0,0,0,0,0,0,0
margin,84,123,52,65,59,110,115,136,68,67,123,132,133,105,116,103,104,121,87,122,113
marginal,26,35,20,9,21,10,31,29,18,17,9,18,25,39,34,50,33,46,29,50,63
margins,29,21,17,3,4,12,7,20,6,17,3,19,20,21,33,21,29,6,11,15,19
maria,0,8,0,22,14,32,0,22,8,3,8,24,16,8,10,0,12,0,9,6,2
marie,0,0,0,0,0,0,0,0,0,0,0,0,0,0,0,0,2,0,1,0,0
marine,0,0,0,0,0,3,0,0,0,0,0,4,0,0,0,1,4,0,0,0,0
marion,2,0,0,0,0,0,0,0,0,0,0,0,0,0,0,0,0,0,0,0,0
marital,2,0,0,0,1,1,0,0,0,0,1,2,1,0,0,0,0,0,0,0,7
mark,304,408,595,278,77,187,124,215,141,147,105,254,166,139,135,214,247,288,330,299,262
marked,87,30,53,49,19,29,29,66,23,31,46,66,136,62,45,80,103,176,129,115,109
marker,142,138,152,96,43,105,118,97,100,110,74,156,82,68,60,103,120,103,146,112,201
market,3,1,3,1,0,5,2,3,2,3,0,1,22,15,0,1,15,2,4,1,8
marketing,2,0,0,0,0,0,0,0,1,0,0,1,1,1,0,3,0,0,1,0,0
markets,0,0,1,0,0,0,0,0,0,0,0,0,0,0,0,2,0,0,0,0,0
marking,12,0,5,22,2,14,20,34,14,33,3,18,19,17,14,6,7,19,25,13,2
marks,28,38,68,26,9,14,2,12,9,11,14,28,5,16,82,29,10,71,18,12,21
marriage,0,0,0,0,2,0,0,0,0,0,4,0,0,0,0,0,0,0,0,0,0
married,0,0,0,1,3,0,0,0,0,0,5,0,0,0,6,0,1,0,1,6,1
marry,0,0,0,0,0,0,0,1,0,1,0,0,0,0,0,0,0,0,0,0,0
mars,2,4,1,0,0,6,0,0,2,1,0,4,29,10,7,2,3,0,25,18,17
marshal,4,4,8,2,0,0,0,1,0,0,1,0,0,0,0,1,0,0,0,0,0
marshall,0,0,0,0,0,0,0,0,0,0,0,0,0,0,0,0,1,0,0,0,1
martial,0,0,0,0,0,4,0,0,0,0,0,0,0,0,0,0,0,0,0,0,0
martin,5,2,3,3,3,1,3,3,0,8,0,3,11,3,0,0,0,0,0,0,3
mary,1,9,3,17,16,34,0,30,10,0,12,28,24,14,20,0,20,0,12,14,6
maryland,6,1,3,4,1,2,2,2,1,1,3,3,1,3,2,5,1,1,1,2,2
mask,4555,2510,2367,4314,2842,5241,3087,5427,4017,3976,4814,5982,8020,5962,4771,4982,9066,8559,8866,7900,6490
mason,0,0,3,0,0,0,0,0,0,0,0,0,0,0,0,0,0,0,0,0,0
mass,415,101,97,118,132,119,98,183,131,138,176,344,288,100,111,226,77,157,276,167,188
massachusetts,1,0,4,0,1,10,4,18,4,6,17,5,43,1,36,26,0,9,1,3,3
masses,104,13,7,8,21,26,6,39,17,11,21,24,33,12,16,14,8,72,40,39,43
massive,23,4,5,7,4,5,3,3,17,3,14,13,1,7,10,7,15,13,10,21,11
master,851,526,545,642,552,757,597,849,904,1053,965,1022,1220,1083,910,958,1227,1199,1174,1005,836
masters,1,0,0,0,0,0,0,0,0,0,0,0,0,3,0,0,2,0,0,1,0
mat,225,101,671,94,77,77,93,88,73,121,135,114,89,133,161,78,104,71,51,102,46
match,1338,995,1356,1316,818,1221,857,1219,875,933,1096,1313,1324,1158,1065,1158,1640,1659,1890,1826,1618
matched,260,227,234,264,143,253,200,251,182,166,221,224,255,279,233,196,284,185,306,208,211
matches,507,389,499,408,222,456,317,464,275,291,267,443,435,375,319,375,414,481,563,584,416
matching,487,276,408,312,265,273,262,409,278,325,310,370,392,415,489,375,459,506,589,394,392
mate,0,13,8,0,1,0,0,23,0,4,9,7,4,4,11,0,6,15,3,9,3
material,754,80,45,43,46,21,26,20,77,40,88,20,249,42,242,66,263,71,208,109,11
materially,0,0,0,0,0,0,0,0,0,0,0,0,0,0,0,1,0,0,0,0,0
materials,732,24,81,76,48,22,43,144,82,51,34,30,41,23,92,128,62,34,102,92,63
maternal,0,0,0,0,0,0,0,0,0,0,0,0,0,0,0,0,0,0,0,0,1
math,855,204,267,318,316,567,191,347,246,371,216,257,366,291,274,339,607,343,484,591,671
mathematical,17,2,8,17,4,6,0,2,9,0,2,1,4,1,2,3,2,1,1,10,6
mathematics,15,0,59,11,7,5,25,0,3,0,3,1,0,1,4,2,1,0,0,2,3
matrix,1969,1041,1935,1298,998,1666,1106,1372,1340,1333,1089,1535,1685,1594,1369,1505,1843,2253,1827,1980,1893
matt,3,1,3,2,0,4,2,1,1,0,5,1,16,21,2,14,55,43,33,34,26
matter,216,110,180,135,90,198,92,179,97,115,109,196,127,115,115,130,145,171,191,237,211
matters,21,27,36,24,17,24,16,33,27,45,40,35,29,30,35,17,31,35,27,45,22
matthew,14,0,4,2,15,16,2,11,3,0,12,14,38,19,13,16,14,16,18,8,14
mature,8,2,3,1,0,2,1,2,3,1,1,4,2,3,7,7,2,1,3,7,2
maturity,0,1,0,0,0,0,0,0,0,2,0,0,0,0,0,0,1,0,0,0,0
maurice,0,1,2,0,11,2,0,0,0,0,0,0,0,0,0,0,0,0,0,0,0
max,3032,1566,1633,1997,1452,2530,1667,2424,1764,1917,2099,2035,2583,2236,1860,1934,2637,2680,2403,2156,2157
maximum,900,433,588,661,498,608,444,624,494,521,544,668,759,701,570,519,827,1219,783,808,711
maxwell,10,0,2,1,4,2,0,0,0,0,1,0,0,0,0,2,3,1,1,0,1
may,9374,4073,3856,9988,4224,8828,3868,9131,6009,3451,6684,8166,15156,9060,7514,7507,17288,19351,19420,14982,15740
maybe,310,224,216,221,188,245,163,244,144,202,163,254,250,263,202,186,349,312,375,284,326
mayor,1,0,1,0,0,1,0,0,0,0,0,0,0,0,0,0,0,0,0,2,1
mc,82,28,41,52,15,86,55,35,36,30,41,28,37,37,149,49,42,46,14,32,25
mccarthy,0,0,0,2,0,0,0,0,0,0,0,0,0,2,0,0,0,0,0,0,2
mcgraw,1,0,0,0,0,0,0,0,0,0,0,0,0,0,0,0,0,0,0,0,0
md,80,46,37,46,75,50,77,55,34,43,48,74,155,96,67,92,108,703,176,193,130
me,154,59,93,81,50,68,64,35,32,97,84,38,38,71,119,109,148,108,206,116,97
meal,0,0,1,0,0,1,4,1,0,23,1,0,2,1,2,0,0,0,0,0,0
meals,0,0,1,0,0,0,0,0,0,2,0,0,0,0,0,0,0,0,0,0,0
mean,2728,1524,1598,1560,1443,2300,1429,1832,1767,2091,1944,1819,2179,2152,2086,2104,2685,3313,2361,2450,2574
meaning,71,31,45,38,25,83,26,37,23,45,37,73,42,46,67,59,62,97,87,95,80
meaningful,47,16,17,12,4,18,9,16,5,11,12,14,14,11,9,32,17,14,20,37,37
meanings,7,6,1,2,0,1,2,0,0,0,0,1,2,0,0,0,1,2,2,1,2
means,1126,657,778,581,418,657,556,604,548,595,538,724,684,630,617,638,861,1325,895,835,801
meant,34,18,32,18,13,37,11,24,16,17,13,37,38,26,19,18,29,41,43,37,37
meantime,2,10,16,6,0,3,0,3,0,0,3,5,4,2,3,4,11,1,7,6,7
meanwhile,2,2,4,1,3,4,1,7,3,1,1,3,0,1,6,2,3,3,3,1,5
measure,747,279,328,369,518,546,417,415,518,344,325,359,460,346,266,290,280,288,238,334,252
measured,115,20,19,30,23,53,15,34,31,35,25,57,49,37,28,55,42,35,70,26,30
measurement,289,91,75,65,44,65,33,44,48,26,30,53,68,51,141,32,74,169,71,166,357
measurements,119,89,100,43,37,55,73,35,46,11,23,52,18,43,27,13,54,55,83,144,231
measures,82,36,27,39,17,18,38,26,17,28,16,28,19,23,13,33,23,37,66,33,33
measuring,30,16,21,21,10,9,6,12,25,6,0,8,26,11,7,8,7,17,8,6,35
meat,1,1,2,0,0,0,0,0,1,0,0,1,4,2,0,3,2,3,2,1,4
mechanical,3,0,1,1,0,1,0,1,0,0,2,4,0,0,4,2,2,0,1,0,1
mechanics,2,0,2,0,0,0,0,0,0,0,0,2,4,0,0,1,0,0,5,3,0
mechanism,80,119,54,57,25,65,29,45,27,50,33,56,78,44,56,48,49,104,86,88,112
mechanisms,9,10,21,4,4,1,2,3,2,1,4,4,1,0,84,9,3,2,7,5,11
med,8,6,13,8,8,2,2,0,3,2,1,7,1,7,4,27,40,31,16,28,5
medal,13,0,0,0,0,0,0,0,1,0,0,0,1,0,0,1,0,0,0,0,0
media,199,15,28,23,35,31,26,91,26,31,55,21,38,46,35,148,22,53,50,67,49
median,174,98,88,104,147,168,113,55,75,86,148,90,118,86,105,144,166,98,190,135,91
mediated,0,1,0,0,0,0,0,0,0,0,0,0,0,0,0,0,0,0,0,0,0
mediation,0,0,0,0,0,0,0,0,0,0,0,0,0,0,0,0,1,0,0,0,1
medicaid,0,0,0,4,0,0,0,1,0,0,0,0,0,0,0,0,0,0,0,0,0
medical,141,31,214,233,286,230,239,37,4,226,332,8,5,11,167,299,24,266,310,10,20
medicare,0,0,0,4,0,0,0,1,0,0,0,0,0,1,0,0,0,0,2,0,0
medication,0,0,0,0,0,0,0,3,0,0,0,1,0,2,0,24,1,1,0,0,0
medications,1,0,0,0,0,0,0,0,0,1,0,2,1,0,0,14,0,0,0,0,0
medicine,0,0,2,1,0,1,0,0,0,1,0,2,0,3,1,0,10,0,82,0,3
medieval,2,0,0,0,0,0,0,0,0,0,0,0,0,0,0,0,0,0,0,0,0
mediterranean,0,0,0,0,0,0,0,0,1,0,0,0,0,0,0,0,0,1,0,0,0
medium,96,41,100,75,49,70,40,71,45,38,46,83,54,62,115,58,71,55,76,52,36
meet,10,16,15,10,3,7,12,16,15,23,28,24,27,31,21,14,18,44,35,25,29
meeting,9,16,1,4,1,5,2,6,5,40,11,2,7,7,10,8,33,13,6,10,5
meetings,0,0,0,0,0,0,0,0,2,0,0,0,1,0,0,0,14,3,0,1,0
meets,10,1,4,3,4,4,7,5,9,10,8,12,3,5,3,6,7,16,4,8,13
melt,1,0,0,1,3,2,0,5,4,0,2,23,0,1,0,0,0,2,2,0,2
melted,0,0,0,1,0,0,0,1,0,0,0,0,0,0,0,0,0,0,0,1,0
melting,3,0,0,0,0,0,0,0,0,0,0,1,0,0,0,0,0,0,0,1,0
member,136,88,177,96,67,56,48,477,68,99,60,78,72,68,52,75,63,164,73,110,193
members,95,41,106,38,46,34,27,28,32,21,46,32,29,38,38,47,37,43,54,72,54
membership,18,2,10,14,0,1,37,2,4,34,7,3,5,2,10,3,5,7,3,13,18
membrane,1,0,1,5,1,3,9,0,17,1,8,0,1,0,0,9,4,6,5,2,10
membranes,0,0,0,0,0,0,0,0,0,0,0,0,0,2,0,0,0,0,0,0,0
memorial,0,0,3,0,0,0,0,0,0,0,0,0,0,0,0,0,0,0,0,0,0
memories,15,11,0,17,2,8,2,11,6,17,10,11,18,11,21,3,4,2,13,56,45
memory,1233,801,1017,1085,905,1196,833,1214,1187,1112,1099,1442,1868,1342,1438,1281,1934,2284,2453,2757,2468
men,2,22,0,37,31,62,0,53,18,10,34,53,33,20,19,0,31,1,16,16,7
ment,0,0,1,0,0,0,0,0,0,0,0,0,0,0,0,0,0,0,0,0,0
mental,1,7,10,0,6,1,8,1,1,0,1,0,1,5,0,11,0,4,2,7,47
mention,14,35,36,43,9,38,4,30,12,36,7,28,40,11,29,31,7,4,6,15,9
mentioned,18,41,81,32,18,23,12,21,28,35,31,24,22,20,50,41,30,41,45,56,46
menu,140,31,18,30,22,28,17,35,16,41,18,31,32,44,32,31,23,45,43,24,26
merchandise,0,0,0,0,0,0,0,0,0,0,0,0,0,0,0,0,2,0,0,0,0
merchant,2,0,0,0,0,0,0,0,0,0,0,0,0,0,0,0,0,0,0,0,0
mercury,0,0,0,0,0,0,0,0,0,0,0,0,0,0,0,0,0,2,1,0,0
mercy,0,0,0,0,0,0,0,0,0,0,0,0,0,0,1,0,0,3,0,0,1
mere,0,0,0,0,0,3,0,1,0,0,0,1,0,0,2,3,0,0,1,0,0
merely,16,7,8,8,1,0,7,1,5,7,4,2,6,8,8,7,7,8,11,12,5
merger,6,0,5,2,0,3,2,8,9,1,13,10,45,1,4,52,3,1,3,10,1
merit,0,4,3,0,0,6,0,4,0,0,0,2,0,0,10,0,0,2,5,0,4
merits,0,0,0,0,0,0,0,0,0,0,0,0,0,0,0,0,0,0,0,1,0
mesh,261,140,135,254,156,341,223,325,149,158,298,270,370,339,313,337,504,533,349,530,320
mess,33,30,41,21,15,43,19,19,6,10,20,20,23,17,25,32,43,67,153,88,37
message,778,234,237,203,202,285,162,233,226,245,233,317,250,327,226,443,460,536,625,645,419
messages,251,70,100,73,89,69,34,64,69,60,37,56,43,83,52,77,140,249,154,253,152
messenger,0,3,0,1,1,0,0,0,1,0,0,0,0,0,0,0,1,26,1,8,0
met,709,40,98,85,32,23,46,153,95,34,23,41,46,38,81,127,65,74,130,110,82
metabolic,0,0,0,0,0,0,0,0,0,0,2,0,0,0,1,0,0,0,0,0,0
metabolism,0,0,0,0,0,0,0,0,0,0,0,0,0,1,0,0,0,0,0,0,0
metal,7,3,0,0,6,11,10,34,0,5,11,2,5,7,5,9,14,20,17,6,1
metallic,0,0,0,0,9,1,0,2,0,1,15,0,0,0,0,2,1,4,1,1,0
metals,0,0,1,0,0,1,0,3,0,0,1,0,7,1,0,2,0,0,8,0,0
meter,44,3,43,38,34,100,43,47,54,57,62,107,40,61,34,40,29,53,40,62,32
meters,113,75,73,121,79,185,117,95,67,144,132,203,86,81,99,75,50,58,72,162,54
method,1377,872,1267,816,537,1324,703,1001,687,903,737,1183,1260,1170,977,1483,1756,1860,3711,2746,2639
methodology,12,5,7,6,5,11,1,6,4,0,4,7,8,5,3,1,4,6,8,2,3
methods,564,369,556,274,214,616,230,407,238,286,319,520,551,375,399,424,668,667,542,777,1057
methyl,0,0,0,0,0,0,0,0,0,0,0,0,0,0,0,0,0,2,0,2,0
metric,453,283,254,396,289,477,382,450,454,632,617,725,661,745,600,500,755,725,575,864,550
metropolitan,0,0,0,0,0,0,0,0,0,0,0,0,0,0,0,0,1,0,0,0,0
mexican,0,0,0,0,0,0,0,0,1,1,0,1,1,0,0,0,0,2,0,0,0
mexico,1,0,1,0,0,0,0,0,0,0,0,0,0,0,0,0,0,0,0,0,0
meyer,0,0,5,0,0,4,2,5,0,0,0,0,0,0,0,0,4,4,0,0,3
mg,19,0,4,9,5,68,1,2,0,2,4,1,14,2,2,3,8,4,17,10,9
mgr,0,0,0,0,0,0,0,0,0,0,0,0,0,0,0,0,0,3,0,0,0
mhz,39,1,5,0,0,1,2,1,1,2,4,1,0,1,0,0,0,18,3,13,4
mi,24,12,20,55,6,28,12,24,31,17,26,25,21,16,49,7,20,31,21,9,21
miami,0,0,1,0,0,0,0,0,0,0,0,0,0,0,0,0,0,1,1,0,0
mice,3,0,0,0,0,1,0,0,0,0,0,0,0,0,3,0,0,0,5,0,1
michael,10,5,6,6,5,45,5,21,4,1,25,16,24,13,11,11,16,16,20,12,14
michigan,1,5,2,2,4,8,1,4,2,1,1,7,0,0,0,0,0,0,1,0,81
micro,103,24,52,41,20,18,16,30,11,14,11,27,18,22,91,72,78,39,77,197,103
microscope,0,0,2,0,3,0,1,0,12,0,0,77,0,1,0,0,0,0,0,0,2
microsoft,816,358,268,494,257,294,579,444,406,446,568,577,809,791,428,694,750,705,736,727,708
microwave,0,0,2,1,2,3,0,1,8,0,0,3,2,0,0,4,50,2,12,11,3
mid,101,71,52,78,78,126,66,96,77,144,57,139,85,100,127,130,189,108,407,263,178
middle,159,92,109,134,78,132,101,151,169,144,186,202,235,260,266,310,348,359,559,405,309
midnight,0,0,0,0,0,0,0,0,0,0,0,2,1,0,1,0,1,0,0,4,0
might,600,501,723,574,390,710,337,727,424,429,569,718,1075,762,501,697,1191,1197,1251,1179,956
mighty,0,0,0,3,0,0,0,0,0,0,0,0,0,0,0,0,0,0,0,0,0
migration,13,0,3,1,7,11,6,12,6,8,7,8,7,10,4,2,3,4,7,4,6
mike,3,0,0,0,0,0,0,1,2,0,3,0,145,0,2,0,12,0,9,17,1
mil,0,0,14,4,5,12,10,1,4,17,6,9,0,2,1,2,2,13,8,2,3
mild,1,0,17,4,0,74,0,0,0,0,0,0,0,0,0,1,1,2,1,1,0
mile,0,0,0,0,0,0,1,0,0,0,15,0,0,0,0,0,0,0,0,0,0
mileage,0,2,0,0,0,0,0,0,0,0,1,1,1,0,0,1,0,0,0,0,0
miles,2,0,7,3,0,5,0,0,0,0,7,4,1,2,0,4,3,2,2,4,3
military,18,0,2,1,0,0,0,0,0,0,0,2,0,0,0,1,0,0,0,0,0
milk,16,12,1,14,7,13,14,8,5,9,1,2,1,1,2,1,4,0,1,2,0
mill,1,0,0,1,2,1,1,0,1,3,3,1,3,6,3,4,13,4,6,9,6
miller,1,0,9,0,0,3,2,0,1,0,1,0,1,1,1,2,0,1,0,0,1
million,2,2,3,12,4,12,11,12,2,7,9,14,12,5,7,14,7,5,25,5,0
millions,1,1,0,0,1,0,2,1,1,3,2,4,0,1,0,1,0,1,0,5,3
mills,0,0,0,0,0,0,0,0,0,0,0,0,0,1,0,0,0,0,0,0,0
min,1117,499,629,687,625,939,597,927,719,787,726,878,914,822,877,929,1116,1061,1022,838,814
mind,32,7,19,10,16,23,11,27,14,21,30,16,16,21,25,26,17,16,26,20,23
minds,2,0,0,0,0,0,0,0,0,0,0,0,0,0,0,0,0,0,0,0,0
mine,47,9,15,9,7,19,7,22,1,21,7,2,11,10,4,34,5,8,4,7,39
minerals,0,0,0,0,0,0,0,0,3,0,0,0,0,0,0,0,0,0,0,0,0
miners,2,0,0,0,0,0,0,0,0,0,0,2,2,1,0,0,0,0,0,0,0
mines,9,0,0,0,0,0,0,1,1,0,0,0,0,0,0,0,0,0,0,0,0
minimal,141,96,91,88,89,167,92,149,105,95,107,142,179,182,162,127,273,176,291,248,210
minimize,170,73,209,114,49,87,65,59,68,88,39,58,72,80,39,74,79,67,75,70,100
minimum,418,247,381,313,244,395,222,245,258,243,221,321,318,338,291,367,337,377,375,349,364
mining,29,16,24,23,17,7,19,20,11,10,8,12,25,13,20,16,5,11,2,17,9
minister,0,0,0,0,0,3,0,0,0,0,0,0,0,0,0,0,0,0,0,0,0
ministers,0,0,1,0,0,0,0,0,0,0,0,0,0,0,0,0,0,0,0,0,0
ministry,0,1,0,0,0,0,0,0,0,0,0,0,0,0,0,0,0,0,0,0,0
minnesota,0,0,0,0,0,0,0,0,0,0,0,0,0,0,0,0,0,2,0,0,1
minor,88,119,104,62,60,72,51,68,74,52,90,95,64,70,47,119,119,142,102,191,155
minorities,0,0,0,0,0,1,0,1,0,0,0,0,0,0,0,1,0,0,0,0,0
minority,0,1,1,0,10,0,1,12,0,9,12,0,27,22,0,2,1,4,4,2,0
minus,87,76,47,56,43,41,43,34,55,33,63,30,55,71,55,117,92,57,89,117,63
minute,10,11,7,8,1,4,4,6,8,4,13,7,26,8,11,3,39,17,23,9,11
minutes,37,23,20,29,23,27,12,31,22,9,27,29,25,19,21,17,26,34,28,26,29
mirror,40,19,43,43,41,42,40,51,105,53,38,40,30,56,49,35,53,44,46,22,43
misc,220,104,145,108,53,144,93,121,134,136,180,118,173,151,126,111,147,145,247,145,100
miscellaneous,19,16,44,22,22,11,16,10,16,2,18,10,11,7,16,20,2,6,7,23,7
misconduct,0,0,0,0,0,0,0,0,0,0,1,0,0,0,0,0,0,0,0,0,0
misleading,1,6,13,4,3,4,6,7,8,3,8,7,6,3,4,4,10,5,21,7,6
miss,12,28,36,19,11,24,20,35,23,23,17,20,65,18,27,24,20,26,35,28,53
missed,23,13,12,17,9,25,11,24,16,9,24,19,15,18,18,22,18,32,19,4,13
missile,0,0,0,0,0,0,0,0,0,0,0,0,0,0,0,2,0,0,0,0,0
missiles,0,0,0,0,0,0,0,0,0,0,0,0,0,0,0,0,0,1,0,0,0
missing,347,217,326,268,214,465,236,458,251,293,302,509,713,489,419,556,646,642,699,660,616
mission,5,4,0,11,0,2,1,13,29,0,0,3,3,11,3,8,0,2,1,20,10
missions,0,0,0,0,0,0,0,0,0,0,0,0,0,0,0,0,0,0,0,14,2
mistake,13,14,21,20,6,5,8,13,3,20,8,17,11,14,14,8,16,8,12,26,13
mistaken,0,4,13,2,0,14,1,8,4,0,0,2,0,1,0,6,1,1,2,0,1
mistakes,13,4,9,8,2,4,11,10,7,7,2,1,2,3,2,3,9,2,4,5,7
mit,2008,1947,1699,3323,1342,4718,3968,4346,3458,4064,1400,4674,4201,3493,1256,1463,1050,1238,1831,1925,1122
mitchell,2,0,0,0,1,0,0,0,0,0,0,0,0,0,0,0,0,3,2,5,7
mitigation,0,0,0,0,0,2,16,1,4,4,5,7,7,3,15,1,4,8,2,5,9
mix,80,40,72,77,65,87,50,107,58,90,87,97,118,61,76,61,101,88,164,155,97
mixed,139,108,106,165,80,137,116,156,173,176,310,195,204,191,174,165,280,256,416,327,261
mixing,79,301,264,47,39,47,43,55,41,83,61,49,35,77,50,68,76,72,57,54,41
mixture,52,54,26,51,48,33,23,55,40,119,47,23,36,50,35,16,30,27,57,80,46
mixtures,6,26,10,11,3,4,3,5,7,15,6,3,9,3,1,1,9,19,3,2,0
ml,56,53,27,59,46,69,39,51,93,68,46,131,85,131,61,71,92,131,212,257,258
mm,84,48,147,99,129,183,105,82,88,154,109,69,121,105,143,110,125,117,115,129,107
mn,22,0,11,11,23,62,32,14,8,26,32,2,2,17,20,24,11,23,63,4,6
mo,5,2,0,0,5,6,2,0,3,1,41,2,17,0,6,16,7,9,8,16,10
mobile,3,6,4,8,25,89,14,29,15,23,33,33,25,24,21,15,16,12,19,16,12
mobility,0,4,14,6,3,0,0,0,0,2,0,8,0,0,14,0,0,3,1,10,1
mode,2096,1310,1565,1547,1251,1717,1385,1518,1598,1597,1649,1752,1768,1735,2149,1596,1900,2018,2347,2095,2043
model,12926,9614,7939,10399,8309,13638,8753,13071,10436,11813,13197,14411,18834,15104,12794,13005,21784,21997,19334,20110,17819
modeling,87,96,56,111,65,149,83,154,109,116,90,149,220,183,145,123,264,173,220,197,154
models,1655,1072,1043,1975,1494,3583,1909,5912,2196,2263,3980,4819,9782,6807,3294,5318,11755,12376,10392,8722,7753
moderate,7,3,12,8,20,5,2,10,23,16,55,32,39,7,18,3,8,2,8,27,12
moderately,1,1,2,0,0,0,0,0,0,0,0,0,0,2,0,1,0,0,0,0,2
modern,38,20,22,37,21,43,45,51,23,27,33,42,43,38,12,38,59,68,50,56,28
modes,135,32,66,59,43,142,62,181,78,18,140,170,356,65,77,60,152,163,322,114,111
modest,1,0,0,0,0,0,0,0,0,0,0,1,0,0,3,0,0,2,0,1,0
modification,791,34,119,134,57,108,83,194,98,69,60,82,76,83,115,197,149,135,190,150,114
modifications,208,50,58,51,117,74,106,90,55,334,153,262,256,402,273,165,350,240,396,174,105
modified,695,397,461,471,351,816,511,663,622,785,1026,806,1040,875,972,1112,1367,1056,1442,1287,983
modify,625,1091,865,592,336,598,484,560,468,383,520,856,928,518,739,586,653,1256,516,959,657
modulation,15,28,58,6,11,24,29,14,43,39,22,45,25,32,25,23,50,51,94,45,43
module,1978,1300,1615,1226,1089,2042,1269,1959,1277,1703,1866,2109,3202,2036,1837,1903,2425,3143,3290,2414,2221
modules,601,385,479,486,442,637,447,594,534,572,585,638,641,612,553,572,799,778,1033,832,929
moist,8,0,0,0,0,0,0,0,0,0,0,0,0,0,0,0,0,0,0,0,0
moisture,0,0,0,0,0,0,0,0,0,0,0,0,3,1,0,0,0,0,1,1,0
mold,1,1,0,4,1,0,0,2,0,1,0,0,3,0,0,0,0,0,0,0,0
molecular,11,6,0,11,21,4,13,0,5,12,0,2,28,10,17,5,3,2,1,7,10
molecule,37,37,6,3,4,5,7,12,27,12,19,17,74,14,20,20,18,26,14,52,40
molecules,41,8,1,10,9,11,11,13,11,4,12,37,31,23,27,14,20,34,13,20,3
mom,4,1,1,2,4,9,9,0,2,1,43,2,22,20,0,6,5,9,2,4,3
moment,316,81,187,164,70,127,110,144,87,140,142,107,156,114,78,122,118,160,148,193,188
moments,158,37,77,17,24,9,8,10,6,29,17,27,8,10,7,9,18,33,53,37,18
momentum,433,171,183,354,207,459,208,256,274,321,396,210,242,264,339,271,256,380,242,272,213
mon,8,5,1,3,10,2,3,1,3,25,2,4,0,2,0,2,2,1,8,6,6
monday,4,1,2,0,0,3,4,1,1,2,0,3,1,3,0,18,1,1,1,39,1
monetary,24,2,1,1,0,0,0,0,0,0,0,0,0,0,0,2,0,0,0,0,0
money,0,2,3,0,1,2,0,2,6,5,5,0,1,3,7,1,7,5,2,4,7
monitor,133,53,25,71,26,58,33,53,52,85,27,55,70,64,65,97,41,44,49,38,59
monitored,2,2,2,0,2,1,0,1,0,3,1,4,1,1,8,1,2,5,7,4,0
monitoring,20,12,2,24,48,23,9,9,4,7,1,5,6,19,30,3,15,30,14,76,19
month,48,5,11,18,8,33,4,31,35,17,15,19,57,15,3,22,39,59,46,26,17
monthly,8,0,0,0,0,0,0,0,0,1,0,0,5,0,3,0,3,11,0,3,0
months,6,5,17,10,4,13,1,5,4,6,13,5,5,5,12,16,9,19,47,24,14
montreal,1,8,0,0,0,0,0,0,0,0,0,0,0,0,0,0,0,0,0,0,0
monument,0,0,0,0,0,0,0,0,0,0,0,0,0,0,0,0,2,0,0,0,0
mood,0,0,6,0,0,0,0,0,3,0,2,2,0,1,1,0,0,0,1,0,0
moon,12,0,1,16,0,14,0,0,3,3,0,5,8,0,0,0,1,7,1,0,0
moore,0,0,1,0,0,1,4,1,0,1,1,1,4,1,0,2,3,8,5,3,5
moral,14,1,0,0,0,0,0,0,1,0,0,0,0,1,0,1,1,0,0,0,1
morality,0,0,0,0,1,0,0,0,0,0,0,0,0,0,0,9,0,0,0,0,0
more,2738,1919,2025,1704,1099,1910,1224,1769,1176,1359,1542,1952,2240,1835,1657,1853,2420,4387,2582,2355,1886
moreover,1,7,5,4,5,3,2,4,5,3,4,4,8,0,2,7,3,9,9,7,5
morgan,0,0,1,1,3,2,1,0,1,0,1,0,1,0,2,0,0,0,0,0,3
morning,2,0,0,2,2,0,0,4,3,0,0,2,0,1,0,0,3,0,0,0,0
morphology,25,12,3,2,7,2,5,4,1,7,0,1,7,0,18,10,1,5,0,2,1
morris,0,0,1,0,0,0,0,0,0,0,3,0,0,0,0,0,0,0,0,1,2
morrison,0,0,2,0,1,6,0,0,0,0,0,2,1,0,1,0,0,0,0,1,0
morse,0,0,0,0,0,0,0,0,0,1,0,0,0,0,0,0,0,0,0,0,0
mortal,0,0,0,0,0,3,2,0,0,1,0,0,0,1,1,0,2,0,0,0,0
mortality,1,2,2,4,3,0,0,0,2,5,15,0,2,1,1,4,0,1,3,0,2
mortgage,0,0,0,0,0,0,0,0,0,0,3,0,0,0,0,0,4,0,0,0,0
morton,1,0,0,0,0,0,0,0,0,1,0,1,1,1,0,1,0,1,0,0,0
moscow,0,6,0,0,0,0,0,0,1,0,0,0,0,0,0,0,1,0,0,0,0
moses,9,8,5,4,2,33,1,6,3,8,6,7,98,5,4,2,10,7,4,2,1
moss,0,0,0,0,0,0,0,0,0,0,0,1,0,0,1,2,1,28,1,0,0
most,551,412,537,465,265,671,278,511,407,407,398,648,592,517,534,460,682,654,798,842,567
mostly,58,37,51,58,44,64,29,46,35,98,77,70,66,50,49,39,61,58,66,67,54
mother,3,0,0,1,0,2,0,0,0,1,2,5,0,0,0,0,2,21,3,0,1
mothers,0,0,0,0,0,1,0,0,0,0,0,0,0,0,0,0,0,0,0,0,0
motion,123,88,55,78,82,101,66,65,61,100,50,118,158,86,87,196,160,104,215,180,88
motions,2,10,0,2,1,3,2,2,8,4,2,4,14,11,3,29,9,1,11,1,3
motivated,2,4,3,0,1,0,0,0,1,0,2,0,6,0,0,2,2,1,2,1,0
motivation,2,4,0,1,0,0,0,0,0,2,0,1,1,0,0,0,2,0,0,1,2
motive,0,0,0,0,0,0,0,0,0,0,0,0,3,0,0,0,0,0,0,0,0
motor,22,1,9,7,6,13,3,2,7,3,2,121,6,2,53,25,8,7,16,2,2
motors,0,1,9,1,0,2,1,4,1,0,1,28,0,0,17,1,0,2,4,1,4
mount,3,7,4,5,1,0,4,2,11,1,40,5,1,0,4,1,9,8,52,7,10
mountain,48,55,3,46,39,3,11,1,4,42,0,41,2,18,2,6,8,3,18,11,5
mountains,1,1,0,0,2,1,0,0,0,0,0,0,0,0,0,0,0,0,3,2,3
mounted,1,0,0,0,0,23,3,1,2,2,1,1,4,3,0,1,0,2,0,0,1
mounting,1,2,2,0,3,4,1,0,0,2,0,0,2,0,0,0,0,1,1,0,0
mouse,93,13,17,3,6,10,169,29,18,9,3,11,11,96,16,106,27,5,125,42,2
mouth,5,22,14,39,4,2,17,13,10,14,14,14,11,12,11,20,19,25,20,9,1
movable,11,1,12,6,14,1,2,0,2,0,18,32,1,1,15,8,16,2,0,7,6
move,746,365,443,537,496,745,485,728,441,614,596,745,787,757,706,898,987,917,1372,1153,876
moved,89,65,99,80,67,105,53,95,43,54,63,71,92,60,60,165,196,157,480,260,283
movement,20,14,10,12,24,32,23,8,17,10,11,10,19,23,16,35,25,15,21,34,12
movements,5,1,1,0,0,3,1,2,7,0,0,8,4,0,0,1,5,4,4,7,1
moves,146,18,29,28,33,19,23,54,11,28,30,44,36,20,49,47,36,86,46,40,16
movie,3,13,5,5,3,7,26,8,4,21,0,4,6,8,0,18,15,8,29,12,54
movies,14,5,0,7,0,1,3,2,4,2,3,0,7,2,14,4,3,5,0,0,0
moving,534,226,330,484,269,416,358,396,289,476,459,355,361,410,301,335,276,404,515,470,375
mr,22,10,21,13,5,11,12,26,18,41,30,33,19,19,31,30,17,34,17,35,32
mrs,1,0,2,1,0,0,5,0,0,0,0,0,0,0,0,0,1,0,0,0,0
ms,338,122,104,110,165,101,135,150,135,208,171,161,125,101,161,83,95,286,196,228,100
mt,12,25,19,20,40,51,9,48,47,11,14,57,93,79,39,25,26,37,47,46,66
much,329,192,358,210,188,321,220,201,228,191,236,287,259,243,223,266,354,413,513,400,315
mud,15,0,8,0,3,1,1,1,4,0,0,2,0,3,0,1,2,4,0,0,4
multi,954,950,722,1050,769,1253,731,1051,985,1017,991,1213,1183,1024,923,1116,1304,1944,1626,1411,1224
multiple,1163,801,894,822,655,1214,800,1405,886,910,1117,1264,1235,1143,1016,989,1682,1569,1768,1643,1612
multiplied,32,28,143,27,134,35,22,32,22,23,27,28,36,42,42,38,42,52,54,47,51
multiply,320,148,198,287,168,231,153,232,162,247,190,232,243,234,185,172,235,268,265,299,325
multitude,0,0,0,0,0,0,1,0,0,0,0,0,0,0,0,0,0,0,0,0,0
municipal,0,0,0,0,0,3,0,0,0,0,0,0,0,0,0,0,0,0,0,0,0
murder,1,0,0,0,0,0,0,0,0,0,0,0,0,0,0,0,0,0,0,3,1
murphy,0,0,0,0,0,69,1,0,0,0,2,0,0,0,0,0,1,1,0,0,3
murray,1,0,0,0,0,1,0,0,0,0,0,0,0,0,0,0,0,0,0,0,0
muscle,0,0,0,0,0,0,0,0,0,0,1,1,0,0,1,0,0,0,12,0,0
muscles,0,0,1,0,0,0,0,0,0,0,0,0,0,0,0,0,0,0,2,1,0
muscular,0,0,0,0,0,0,0,0,0,0,0,0,0,0,0,0,0,0,0,1,0
museum,0,0,0,0,0,1,0,0,0,0,0,0,0,0,0,0,2,12,0,0,0
music,5,5,0,6,0,10,19,5,18,25,6,2,0,17,1,54,29,25,42,14,19
musical,12,2,0,0,0,0,0,0,0,1,0,0,1,0,1,4,0,1,3,2,13
muslim,0,0,0,0,0,0,3,0,0,1,0,0,0,0,0,2,0,0,0,0,0
must,2806,933,1410,1099,724,1287,914,1316,1026,1132,1314,1542,1582,1388,1349,1563,2101,2051,2093,1989,2367
mutual,28,0,12,14,7,14,14,14,17,5,7,9,9,27,12,11,23,14,5,15,26
mutually,18,8,4,7,9,19,12,10,12,3,11,12,8,8,13,9,3,13,7,5,21
my,197,87,128,103,164,175,184,145,102,313,282,138,183,211,213,176,142,159,260,144,146
myers,0,0,0,0,0,0,0,0,0,0,0,0,0,0,0,0,0,0,0,1,0
myself,7,1,8,5,3,8,5,7,2,5,7,17,3,2,12,3,2,10,6,1,5
mysterious,1,0,1,0,0,0,0,0,0,0,0,2,0,0,0,0,3,1,2,0,0
mystery,5,1,1,1,2,1,1,0,0,2,3,0,0,0,1,1,0,1,2,0,0
n,7316,4160,5706,5759,4444,7693,5062,6935,6843,7588,7546,7315,8949,7837,10239,10474,10911,10672,9224,9680,8501
na,88,20,126,25,35,68,60,190,78,67,115,77,41,137,57,28,50,99,55,55,27
nail,1,0,0,0,0,0,0,0,0,0,8,0,0,0,0,5,1,1,6,0,3
nails,0,0,0,0,0,0,0,0,0,0,0,0,0,0,2,0,0,0,0,0,0
naked,0,2,0,0,0,0,0,0,0,0,0,0,1,1,3,2,3,6,3,5,3
name,5824,2586,2746,3122,2029,2943,1917,3055,2962,2485,2300,3052,3638,3043,2975,3713,6323,5184,4660,4392,3511
named,291,190,190,207,160,241,154,200,138,180,130,203,240,184,161,215,197,204,233,195,182
namely,6,4,7,0,3,13,9,21,27,9,11,22,36,19,41,9,21,21,31,17,12
names,2102,877,925,984,682,1216,630,1190,815,723,794,1167,1437,1235,950,1157,1433,1543,1521,1361,1092
nancy,0,0,0,0,0,2,0,0,0,0,0,0,0,0,0,0,0,0,0,0,0
napoleon,6,1,2,0,4,0,3,3,3,4,1,2,1,3,0,3,1,5,1,6,10
narrative,0,0,0,0,0,1,0,0,0,0,0,0,0,0,0,0,1,0,2,0,0
narrow,21,11,7,13,10,14,7,4,11,9,7,11,8,3,28,13,13,16,25,26,23
nasa,2,1,23,2,2,0,1,1,0,0,0,1,3,0,3,2,0,2,0,0,4
nasal,0,0,0,0,0,0,0,0,0,0,0,0,0,0,0,0,4,0,0,0,0
nat,3,3,29,5,0,28,3,6,0,0,4,7,9,35,7,37,71,73,38,5,3
nathan,1,0,3,1,1,14,0,3,2,0,2,3,5,2,0,1,3,3,4,1,1
nation,2,0,0,18,0,0,0,0,0,0,0,0,0,0,1,4,2,0,0,0,2
national,1,4,20,9,23,13,14,11,2,4,4,23,12,7,2,6,3,6,2,8,9
nationality,0,3,0,4,0,0,2,2,2,0,1,3,0,0,0,3,1,3,0,2,1
nations,4,0,0,0,0,0,0,0,0,0,0,0,0,0,0,1,0,0,0,0,0
nationwide,0,0,0,0,0,1,0,0,0,0,0,0,0,0,0,0,0,0,0,0,0
native,48,43,136,37,26,124,63,57,74,73,188,96,88,97,133,128,194,111,145,143,122
natives,0,0,0,0,0,0,0,0,0,0,0,0,0,0,0,0,0,0,0,5,0
nato,0,0,1,0,0,0,0,0,0,0,0,0,0,0,0,0,0,0,0,0,0
natural,117,224,42,20,18,41,26,41,32,90,19,40,57,46,47,38,65,53,33,48,45
naturally,9,25,42,13,1,8,3,8,3,2,5,7,2,0,3,9,17,16,22,9,43
nature,11,9,15,9,3,15,8,11,6,7,4,10,9,10,17,11,20,20,13,12,19
naval,0,0,1,1,0,2,0,0,0,0,0,0,0,0,0,0,0,0,0,0,0
navigation,38,15,26,29,12,39,20,25,17,14,19,15,17,30,6,40,24,18,25,25,20
navy,1,1,0,2,0,0,2,0,0,0,0,1,3,0,2,1,1,3,0,4,3
nay,0,1,0,1,0,0,0,0,0,0,0,0,0,0,0,0,0,0,0,0,0
nc,161,181,159,197,263,108,106,214,91,279,225,186,344,692,324,436,511,440,317,335,171
nd,61,42,18,33,7,56,17,26,35,10,35,15,14,29,23,21,48,78,66,42,52
ne,66,17,17,20,16,20,3,24,10,11,34,17,37,10,38,8,33,27,28,53,15
near,75,32,50,39,33,70,46,46,49,78,49,69,45,46,83,67,80,102,106,107,80
nearby,24,40,38,28,32,40,17,24,27,19,18,24,12,7,9,14,22,21,8,20,16
nearer,3,1,1,1,1,4,0,3,1,0,3,3,3,2,4,0,1,0,3,1,2
nearest,231,149,190,169,128,221,158,206,159,227,229,231,174,318,227,212,271,274,318,293,285
nearly,33,9,29,20,9,7,10,25,9,9,2,17,3,8,10,6,3,20,24,11,7
neat,5,3,4,19,3,2,3,2,4,8,9,5,7,5,7,6,6,6,6,7,8
necessarily,37,19,55,48,12,48,16,23,15,17,16,19,32,22,15,47,27,33,50,42,39
necessary,966,521,633,769,476,696,475,849,508,457,617,646,780,631,534,650,1037,1041,1407,1285,1132
necessity,0,1,0,0,0,0,1,11,0,0,0,1,0,0,0,0,0,0,1,0,0
neck,41,4,31,21,16,24,41,32,43,84,85,71,74,53,60,57,93,66,54,105,54
need,3295,2531,2944,2907,1874,3351,2197,3646,2350,2580,2887,3541,4737,3652,2984,3609,5444,5910,6991,6640,5667
needed,1412,904,1030,1233,708,1464,803,1388,1017,839,1094,1572,2200,1476,1091,1278,2022,2376,2268,2361,1956
needle,0,0,0,3,0,0,0,0,0,0,1,2,0,2,0,4,0,1,12,0,4
needs,730,516,587,514,353,651,419,684,559,436,531,673,1000,696,545,625,925,1113,1189,1118,779
negative,937,752,958,856,554,725,570,710,579,685,7442,2776,764,660,713,715,1043,863,947,830,667
neglect,16,1,1,0,2,0,2,3,0,0,1,2,2,0,0,0,2,2,1,1,3
neglected,3,0,0,1,1,0,1,0,0,0,2,0,0,0,0,0,2,0,0,3,0
negligence,755,27,95,86,26,21,59,154,58,43,13,30,33,20,56,97,39,33,98,76,60
negligent,0,0,0,0,0,0,0,0,0,0,0,0,0,0,3,0,0,0,1,0,1
negligible,5,9,12,13,8,19,9,10,14,12,10,12,7,12,10,9,10,7,10,50,7
negotiate,5,0,0,0,1,0,0,0,0,0,0,0,1,0,0,0,0,0,0,0,1
negotiated,1,0,0,0,0,0,0,0,0,0,0,0,0,0,0,0,0,0,0,0,0
negotiating,0,0,0,0,0,0,0,0,0,0,0,0,0,0,0,0,0,0,0,6,0
negotiation,4,5,8,2,0,2,0,1,0,0,0,1,0,0,0,1,0,0,0,0,0
negotiations,1,0,0,0,0,2,0,0,0,0,0,0,0,0,0,0,0,0,0,0,0
negro,0,0,0,0,0,0,0,1,0,0,0,0,0,0,0,0,0,0,0,0,0
neighbor,157,75,121,92,50,214,84,176,90,124,64,62,78,233,111,85,86,90,97,144,90
neighborhood,42,24,65,34,17,62,38,24,38,54,35,26,18,74,163,19,47,67,39,45,36
neighborhoods,9,6,3,3,3,5,6,10,10,10,2,5,0,4,0,5,5,2,4,0,10
neighboring,24,33,26,16,12,14,17,38,28,12,20,30,4,30,13,11,44,18,36,31,140
neighbors,173,124,200,150,54,245,129,203,132,210,76,109,108,196,104,105,154,111,99,189,199
neither,743,31,50,70,46,42,58,161,67,32,41,47,52,47,71,134,68,82,151,108,99
nelson,4,1,0,0,0,2,0,0,0,2,0,0,4,0,0,0,0,2,0,0,0
nerve,0,0,0,0,0,0,1,0,0,8,3,0,0,0,0,0,0,0,0,0,1
nervous,0,0,2,0,0,0,0,0,0,0,0,0,0,1,0,0,0,0,0,0,0
nest,27,8,14,6,0,8,3,3,1,12,2,1,1,1,7,4,3,11,8,5,10
net,902,445,735,492,477,580,514,567,523,687,3760,2067,828,452,612,474,554,1260,653,529,394
netherlands,0,0,0,1,0,0,0,0,0,0,0,0,0,0,0,0,0,0,0,0,0
network,2556,1239,1302,1688,1434,1525,1319,1681,1426,1801,1461,1789,1225,1204,1435,1098,1185,1584,1096,976,882
networks,557,217,216,378,227,268,270,226,243,312,184,237,202,357,403,286,224,322,266,153,166
neural,220,104,68,167,160,154,107,145,106,72,81,147,441,207,129,132,166,245,246,250,310
neurons,116,38,56,43,37,38,13,23,31,17,28,18,16,87,11,33,14,34,24,28,88
neutral,17,14,29,64,29,53,39,41,8,23,23,116,32,15,17,21,31,25,20,25,19
neutron,7,1,1,0,0,0,0,1,0,2,4,0,0,0,0,1,0,0,0,1,2
never,259,243,361,231,112,358,143,300,168,210,142,342,327,259,181,206,319,280,329,346,232
nevertheless,3,3,2,1,2,2,2,6,1,1,4,3,6,3,3,2,7,3,8,7,5
new,2685,1552,1952,1966,1308,2149,1395,2056,1418,1688,1701,2080,2573,2033,2286,2284,3280,2779,3211,3353,3427
newer,31,22,46,22,13,35,22,38,20,29,19,43,50,30,47,39,39,60,42,54,28
newly,76,33,53,72,31,129,57,110,74,85,58,101,119,91,76,82,106,91,183,128,88
newman,0,0,1,0,0,0,0,0,0,0,0,0,0,1,0,0,1,0,0,0,0
news,9,11,8,11,6,5,3,9,17,17,13,14,21,14,21,34,28,41,34,12,11
newspaper,0,0,0,1,0,0,0,1,0,0,0,0,0,0,0,0,5,0,0,0,0
newton,16,16,83,19,7,19,18,20,28,29,21,46,8,31,8,20,1,25,7,33,21
next,1245,1035,1264,1213,725,1504,1062,1442,1012,983,1123,1327,1878,1534,1097,1006,2045,1541,1914,2037,1478
ng,16,24,30,5,3,4,2,3,8,18,7,21,8,8,39,19,26,40,11,378,38
ni,25,3,10,8,11,37,9,12,8,27,26,20,47,38,89,8,42,19,37,6,16
niagara,0,2,0,0,0,0,0,0,0,0,0,0,0,0,0,0,0,0,0,0,0
nice,77,40,76,46,36,58,42,68,32,31,43,59,79,83,74,94,96,107,179,140,63
nicholas,2,21,1,35,27,54,0,43,15,4,15,45,30,15,15,0,23,0,15,12,4
nick,86,0,0,0,0,4,0,0,0,0,0,6,0,0,0,0,0,0,0,2,0
night,16,8,0,2,6,4,0,12,15,1,14,29,2,10,2,22,25,3,12,6,12
nights,1,0,0,1,0,0,0,2,1,0,0,9,0,5,0,0,0,1,1,0,0
nine,1,1,0,0,0,2,0,2,1,0,1,0,0,1,1,1,0,0,0,1,2
nineteen,0,0,11,0,0,2,0,0,0,0,5,0,2,2,4,2,6,6,2,2,0
ninth,0,0,0,0,0,0,0,0,0,0,0,0,0,0,0,0,0,0,3,0,0
nitrogen,3,0,0,0,0,0,0,0,0,1,1,0,1,1,0,2,0,2,0,2,2
nj,2,0,1,4,0,158,0,3,2,2,34,4,0,6,4,1,18,7,21,0,1
nm,72,6,25,24,2,5,18,18,12,22,7,60,6,37,13,12,29,58,21,2,32
no,5699,3930,5182,4367,2612,4671,3497,5575,3785,3879,6691,6368,6437,4856,4579,4705,6530,7193,7003,7788,6547
nobody,4,0,0,0,2,0,1,0,0,3,0,0,1,0,0,2,0,4,0,0,2
nodded,0,0,0,0,0,0,0,0,0,0,0,0,0,0,0,0,0,0,0,1,0
node,1472,925,1674,1511,504,1062,690,895,662,918,719,1244,1218,911,1171,838,1380,1837,1079,1364,1534
nodes,1191,793,1122,856,312,730,418,483,418,658,411,739,772,776,563,742,732,921,627,954,746
noise,1089,449,582,514,490,575,553,668,727,873,534,938,814,1025,1206,1573,2101,1797,4109,2379,1743
nominal,47,2,16,31,1,15,12,11,6,6,25,19,29,22,25,80,31,7,31,56,9
nominated,0,0,0,0,0,0,0,0,0,0,0,0,0,0,2,0,0,0,0,0,0
non,1625,1144,1651,1338,916,1720,1056,1523,1122,1529,1507,1733,1787,1816,1558,1577,2303,2363,2299,2685,2476
none,4202,2422,3945,3070,2625,4147,2810,3670,3315,3686,3368,4764,4828,4364,3735,4233,6085,6228,5561,5306,6108
nonetheless,2,4,0,3,3,0,0,6,4,1,3,0,2,3,0,0,1,0,2,4,1
nonlinear,25,25,19,28,5,80,8,46,15,15,57,20,14,16,9,28,31,30,50,10,26
nonprofit,0,0,0,0,0,0,0,0,0,0,0,0,4,21,0,0,0,1,0,0,0
noon,0,0,0,0,0,0,0,0,0,0,1,0,0,0,0,0,0,0,0,1,0
nor,750,34,60,80,49,43,64,164,78,37,39,64,69,47,75,138,80,80,154,110,86
norm,1091,788,634,949,648,969,785,1011,835,1224,1134,1225,1371,1201,1204,1201,1613,1667,1511,1871,1434
normal,760,439,500,451,328,882,455,628,627,555,697,782,888,778,774,668,912,1111,888,845,727
normally,85,66,97,55,39,102,55,89,62,81,38,92,73,82,65,65,42,90,69,59,86
norman,2,0,0,0,0,2,0,1,0,0,2,0,0,0,0,0,0,0,0,0,0
norms,36,44,88,55,34,84,83,73,66,81,54,82,99,108,75,85,170,149,139,249,160
north,11,8,16,10,7,9,10,3,6,2,4,2,15,13,58,24,5,22,15,13,17
northeast,0,0,0,0,0,0,0,0,0,0,0,0,0,0,0,0,0,0,1,0,0
northeastern,0,0,0,0,0,0,0,0,0,1,0,0,1,19,0,0,0,0,0,0,0
northern,0,2,0,0,0,0,0,0,0,0,0,0,0,0,1,0,0,0,7,0,1
northwest,0,0,13,0,0,0,1,0,0,0,0,0,0,0,0,0,0,0,1,0,0
northwestern,0,0,0,0,0,0,0,0,0,0,0,0,13,5,0,0,0,1,1,6,2
norton,0,0,0,0,0,0,0,0,0,0,0,0,2,0,0,0,0,0,0,0,0
norway,0,0,0,1,0,1,0,0,0,0,0,0,0,0,0,0,0,0,0,0,0
nose,21,23,53,39,9,46,13,33,16,30,16,26,31,30,23,25,29,47,20,17,6
not,18470,10208,12650,14361,8316,16085,9050,15221,11003,10356,12678,16187,21444,16021,13852,15049,24730,25777,28169,25600,23660
notable,1,0,0,4,0,0,0,0,0,1,1,0,0,0,1,2,0,2,0,0,0
notably,3,4,0,2,2,1,0,0,0,0,1,0,1,0,3,0,0,1,2,5,2
notation,42,35,192,36,17,16,15,28,31,7,20,23,24,29,42,58,35,62,95,75,62
note,2516,1792,1968,2157,1327,2681,1912,2564,2008,2343,2356,2508,2988,2918,3106,3081,3623,3682,3711,4055,4131
noted,6,16,17,14,8,20,0,15,12,4,7,23,27,8,8,7,12,9,8,3,7
notes,51,43,65,54,35,52,59,44,49,60,70,41,45,141,46,74,100,84,207,174,185
nothing,428,210,339,241,143,303,175,245,188,214,175,285,307,259,219,310,328,312,327,362,296
notice,2443,957,570,382,168,247,270,464,303,184,211,829,751,176,420,484,423,1665,391,1019,545
noticeable,1,1,4,1,0,0,4,0,0,0,1,0,0,0,0,0,4,2,2,9,5
noticed,7,1,2,8,3,4,2,6,4,3,6,3,5,3,1,1,3,8,6,8,3
notices,8,2,16,0,0,1,4,2,10,6,2,17,4,12,32,17,6,12,8,10,12
notification,7,5,0,10,2,4,2,6,4,3,1,0,5,0,1,4,4,51,12,3,5
notified,3,3,0,1,1,1,1,1,2,2,1,0,5,0,0,1,0,2,2,2,0
notify,20,16,13,14,4,24,18,19,22,15,20,19,20,13,13,13,17,18,11,32,17
noting,1,0,1,0,0,1,0,0,0,1,0,1,0,0,0,2,0,2,0,1,5
notion,8,1,3,3,4,0,2,3,1,3,2,1,2,1,3,41,0,4,3,1,5
notions,0,0,1,0,0,0,0,0,0,1,0,1,0,0,0,13,0,0,0,0,0
notwithstanding,13,1,6,0,0,0,4,0,0,6,2,2,9,12,11,8,9,12,1,10,5
nov,5,1,8,16,1,6,2,9,3,2,1,12,4,3,20,4,4,6,0,10,7
novel,20,10,13,18,2,47,16,35,11,15,41,32,30,85,23,27,23,17,11,14,4
novels,3,0,0,0,2,0,0,0,0,0,0,0,0,0,0,0,0,0,0,0,0
november,22,12,10,65,12,35,21,31,16,17,19,16,35,30,6,23,49,58,38,34,20
now,2056,1215,1716,1555,1095,1845,1120,1579,1122,1325,1757,1696,1998,1583,1537,1572,2153,2086,2743,2366,2064
nowhere,9,3,3,12,2,10,0,1,2,3,0,1,1,1,0,0,0,0,1,1,0
ns,97,32,35,47,34,28,15,38,43,62,100,81,158,128,78,24,47,86,88,105,36
nt,70,83,108,60,100,40,61,20,35,63,58,38,219,106,46,40,129,54,45,129,129
nuclear,5,1,4,0,0,5,6,2,1,6,0,1,1,3,0,6,5,1,1,4,4
nuclei,21,1,2,0,2,5,1,1,0,2,0,0,4,7,5,2,1,0,15,1,6
nucleus,30,3,4,1,9,0,10,2,0,9,3,5,54,53,5,3,10,18,3,8,8
nuisance,10,27,39,7,3,0,0,0,1,4,0,28,20,7,9,2,0,0,5,0,81
number,6279,3267,4016,4346,3080,4721,3406,5206,3589,4356,4442,4668,5259,4918,4741,4367,6075,6255,5926,6066,5309
numbered,9,20,9,13,4,13,10,22,9,13,10,20,14,15,14,9,17,4,17,22,13
numbers,316,205,333,262,129,221,189,242,183,216,169,208,303,194,196,302,289,374,321,394,305
numerical,233,202,186,144,114,199,127,191,142,204,145,219,196,284,232,226,322,466,370,341,313
numerous,2,2,2,2,1,2,1,0,1,1,0,0,0,1,1,5,1,0,2,1,1
nurse,0,0,0,0,0,0,0,0,0,0,4,1,0,0,0,2,0,0,0,1,2
nursery,18,0,0,0,2,0,0,0,0,0,0,0,0,0,0,0,0,2,1,0,7
nurses,0,0,0,0,0,0,0,0,0,0,0,2,0,0,0,0,0,0,0,0,0
nursing,0,1,0,2,0,0,0,0,0,0,0,0,0,0,0,0,0,0,0,0,0
nut,0,2,4,0,0,4,0,0,13,0,0,0,2,0,2,0,0,0,9,0,0
nutrient,0,0,0,0,0,0,0,0,0,0,0,0,0,0,0,0,1,0,0,0,0
nutrients,0,0,0,0,0,0,0,0,0,0,0,0,0,0,0,0,1,0,0,0,0
nutrition,0,1,0,0,0,1,0,0,0,0,0,0,0,1,0,0,0,0,0,0,0
nuts,4,5,0,0,4,0,0,6,5,0,1,0,2,3,0,1,3,3,0,6,2
nw,24,7,14,28,2,62,28,122,142,344,373,198,192,187,369,287,487,321,211,259,103
ny,57,38,8,12,18,7,26,78,30,24,61,30,8,9,12,12,22,34,8,48,10
o,916,339,401,358,295,418,445,425,423,348,461,455,542,441,393,1006,777,771,667,488,617
oak,0,0,0,0,0,0,0,0,1,0,0,0,2,0,0,1,0,1,0,0,5
oakland,2,0,0,0,0,1,0,0,0,0,0,2,0,0,0,0,0,0,0,0,0
oath,1,0,0,0,0,0,0,1,0,0,0,0,0,0,0,0,0,0,0,2,0
oats,0,0,0,0,0,0,0,0,0,0,0,0,0,0,0,0,0,0,1,0,0
obey,0,0,1,2,3,4,0,4,1,0,0,6,3,0,0,4,3,7,3,8,6
object,2459,1108,1891,1501,901,1721,1231,1392,1375,1311,1033,1542,1493,1407,1487,1759,1961,2002,2268,2622,2235
objection,0,0,0,0,0,1,0,1,1,0,0,0,0,0,1,3,2,0,0,0,0
objections,0,0,1,0,0,0,0,0,0,0,0,0,0,0,0,0,0,0,0,0,0
objective,209,81,88,132,118,97,167,181,159,112,83,112,145,168,121,161,136,195,261,219,171
objectives,20,8,4,13,9,9,16,8,12,11,5,10,9,5,8,4,29,35,28,29,31
objects,912,431,666,597,457,759,557,674,676,561,497,620,729,492,629,639,750,699,992,1054,904
obligated,7,1,0,0,0,1,0,0,0,1,0,0,0,0,0,1,0,0,0,0,0
obligation,46,1,0,4,0,0,0,0,0,0,0,0,0,0,0,0,0,0,0,0,0
obligations,26,2,0,0,0,0,0,0,0,1,0,0,1,0,6,4,0,0,2,0,2
obscure,1,4,7,6,1,4,0,0,1,1,0,1,1,0,0,2,2,1,2,8,3
observation,456,99,155,211,162,215,129,218,153,72,106,200,244,168,443,315,192,263,364,283,452
observations,133,79,111,85,88,175,63,132,126,57,94,115,81,165,198,214,157,205,209,212,262
observe,41,25,53,19,17,14,15,18,7,16,20,15,20,35,15,28,31,22,19,36,34
observed,151,85,55,71,41,74,94,62,74,66,79,166,89,94,93,73,103,71,103,109,146
observer,8,2,0,4,3,3,10,4,3,1,0,3,6,3,12,5,6,27,15,20,9
observers,3,6,0,0,0,0,0,0,3,2,0,2,0,14,5,0,0,17,2,7,0
observing,15,1,0,8,0,0,5,2,2,0,2,2,15,10,8,2,4,5,5,4,3
obsolete,46,35,26,23,14,19,63,4,2,24,20,2,3,4,3,4,11,5,5,14,5
obstacle,48,37,21,20,21,35,17,9,23,8,5,16,7,9,6,87,121,16,79,23,4
obstacles,16,10,7,28,23,26,7,8,14,3,1,10,11,12,9,92,53,16,65,25,1
obtain,4041,1744,1610,4776,1988,4070,1932,4045,2762,1519,3111,3692,7278,4200,3400,3428,8312,9392,9382,7057,7321
obtained,130,55,84,69,34,77,72,68,77,69,51,214,183,192,169,83,106,201,301,196,98
obtaining,101,265,156,100,63,101,40,78,86,59,58,375,310,58,128,110,134,137,198,474,187
obvious,22,12,32,10,1,10,13,8,3,5,10,3,11,9,11,20,4,12,10,27,9
obviously,11,13,10,5,7,22,8,6,4,7,19,10,7,8,5,5,4,3,12,8,6
occasion,3,0,3,0,0,0,0,1,0,0,0,3,0,1,4,0,0,3,0,1,1
occasional,5,3,0,0,2,0,1,1,8,4,0,14,3,5,3,5,9,3,13,8,18
occasionally,54,26,30,17,23,15,13,26,13,18,22,21,13,20,20,21,13,19,18,14,10
occasions,0,0,1,1,0,0,0,0,0,1,0,0,0,0,1,0,0,1,4,5,0
occupancy,9,13,27,13,9,46,11,8,4,11,10,16,4,24,28,33,26,25,39,33,11
occupation,10,2,0,1,1,9,6,5,2,1,2,6,0,0,2,0,1,5,1,4,7
occupations,1,0,0,0,0,1,5,0,0,0,0,0,0,0,0,0,3,1,0,1,0
occupied,28,7,10,20,9,33,23,14,9,11,6,10,12,20,35,25,49,15,36,55,30
occupies,4,5,12,3,1,2,1,5,3,4,1,6,5,8,11,6,8,1,9,2,3
occupy,1,0,2,11,1,1,3,8,6,4,4,10,4,9,9,4,7,14,8,7,5
occupying,1,0,0,1,0,0,0,0,2,0,0,0,0,0,0,0,2,0,0,0,0
occur,93,57,112,56,28,46,27,57,35,40,47,46,43,62,63,42,56,81,74,72,80
occurred,17,33,66,15,5,15,9,20,6,15,31,24,16,13,15,54,9,41,14,18,27
occurrence,29,20,19,44,12,22,16,21,21,28,10,14,22,24,18,34,25,23,35,21,38
occurring,3,3,1,3,1,2,4,1,4,2,0,2,5,7,1,6,7,6,3,8,7
occurs,46,40,94,33,25,43,23,70,20,48,59,83,117,77,71,80,118,150,125,145,114
ocean,52,1,0,0,1,2,7,0,15,2,32,7,0,1,13,3,0,6,21,0,2
oct,35,0,13,19,3,6,3,15,6,4,0,19,4,5,2,3,10,12,15,11,14
october,1,0,3,0,0,2,1,2,2,6,0,1,0,0,0,1,0,1,1,3,0
odd,99,36,95,70,53,87,43,75,65,65,58,82,92,94,86,86,109,84,90,127,129
odds,1,3,2,4,1,5,3,1,3,13,3,17,7,2,2,5,7,3,5,7,3
of,61603,33745,39244,45742,27650,49089,30916,47547,34920,35374,36429,49656,61607,47605,39694,43490,62167,67511,70010,64885,56377
off,877,666,743,963,555,1435,833,1204,702,768,635,931,1074,949,808,747,1470,770,1438,1157,1023
offender,1,0,0,2,0,0,0,0,0,0,1,0,1,0,0,0,0,0,0,0,0
offense,0,0,0,0,6,0,0,0,0,0,2,0,0,0,0,0,0,0,0,0,0
offenses,0,0,0,0,0,0,0,0,0,0,2,0,0,0,0,0,0,1,0,0,0
offensive,0,2,0,0,1,0,1,1,1,1,0,1,0,0,1,1,0,0,2,0,0
offer,55,14,33,3,2,1,0,2,0,1,0,3,2,0,13,15,7,31,3,18,7
offered,2,3,2,10,1,0,1,0,5,0,0,0,0,0,0,1,1,0,0,22,0
offering,1,1,1,2,0,0,1,0,0,0,0,0,0,0,0,2,1,3,1,0,2
offers,16,3,4,0,2,2,2,1,0,0,0,0,0,0,0,4,2,6,3,2,2
office,24,5,3,0,0,12,2,10,1,6,1,4,2,10,2,3,14,17,0,2,3
officer,0,0,0,0,0,0,0,0,1,0,0,0,0,0,0,0,0,0,0,0,0
official,163,89,80,125,84,248,179,163,250,311,310,301,267,326,266,285,356,343,311,287,274
officially,3,0,2,0,0,5,0,0,1,5,1,2,0,0,1,1,0,2,2,11,3
officials,6,0,0,0,0,0,0,0,0,0,0,0,0,0,0,0,0,0,0,0,0
offset,498,231,422,426,439,522,441,512,504,620,604,719,722,639,676,617,799,666,840,737,585
offspring,4,8,1,7,1,5,1,0,4,1,0,0,4,0,6,0,23,41,26,19,15
often,176,52,73,96,73,125,87,123,112,120,70,143,153,126,81,108,203,117,178,120,92
ofthe,0,0,0,0,0,0,0,0,0,0,0,0,0,0,0,0,0,0,1,0,0
oh,15,36,18,16,25,15,103,16,3,20,17,14,11,3,9,7,75,21,16,30,10
ohio,0,0,0,0,0,3,0,1,0,0,0,0,3,0,0,0,0,0,0,1,1
oi,4,2,3,4,2,14,10,7,2,2,2,0,0,2,0,2,0,0,8,13,0
oil,1,3,1,2,0,0,1,1,1,1,1,0,1,11,1,5,2,8,7,5,18
ok,212,133,231,121,89,177,78,93,53,97,103,124,140,122,119,133,273,185,126,150,124
okay,61,23,31,34,21,16,9,14,4,15,7,22,25,10,15,10,38,29,31,39,47
ol,2,8,17,4,2,2,0,2,2,1,2,3,2,0,0,3,1,0,2,1,2
old,559,339,552,482,305,621,377,553,383,467,463,573,618,497,477,569,706,603,828,736,522
older,132,205,192,162,81,191,153,189,144,162,98,189,160,137,81,129,96,131,151,166,92
oldest,14,14,20,12,7,6,11,9,19,10,11,48,18,18,22,26,16,20,17,21,17
olive,13,0,0,2,0,0,1,2,2,4,1,1,2,1,0,2,2,6,2,2,2
oliver,0,1,0,0,0,2,0,1,5,2,2,1,8,0,0,9,4,0,0,0,1
omission,0,1,0,3,0,0,0,0,0,0,0,0,0,0,1,2,2,1,2,0,0
omitted,16,116,226,64,20,26,18,48,30,37,26,51,19,17,28,27,24,59,37,33,28
on,14125,7447,8931,11844,6432,12758,7193,12582,8595,7791,9727,12283,17355,12699,10276,11092,19912,20180,21793,19752,18321
once,651,404,482,494,361,537,428,562,410,456,388,599,664,595,421,490,826,687,974,1132,916
one,5119,3599,4024,3707,2527,4746,2799,4218,3011,3417,3542,4167,5275,4128,3660,3750,5610,6784,5939,5681,4813
ones,754,516,555,491,328,574,391,517,388,450,398,602,546,506,467,641,727,682,635,623,511
ongoing,5,1,1,0,1,1,3,0,0,0,0,0,0,1,7,4,1,2,1,30,6
online,73,42,84,90,41,62,63,188,106,60,73,110,160,173,82,85,95,162,125,109,114
only,6454,4846,5224,5651,3884,7317,4366,6653,4872,5354,5883,7047,8332,6973,6091,6289,9342,9031,10374,10163,8766
onset,22,6,30,0,3,51,0,3,8,0,10,0,2,22,5,0,1,12,18,14,51
onto,200,60,84,67,38,69,58,60,42,40,75,66,76,59,78,64,80,102,134,122,111
op,553,363,320,401,241,287,302,392,396,518,344,462,544,468,444,323,483,914,708,1189,1301
open,910,661,771,623,605,1253,566,905,886,906,3195,1503,1246,1124,964,904,1149,1719,1318,1017,936
opened,19,18,33,27,11,20,6,24,20,12,9,12,23,25,28,25,14,26,14,22,11
opening,60,40,40,36,56,34,48,22,22,36,12,15,8,16,25,19,21,22,19,38,16
openings,0,0,0,0,0,2,0,2,2,0,4,3,0,1,0,0,0,3,0,0,0
openly,1,0,0,0,0,0,0,0,0,0,0,0,0,0,0,0,0,0,0,0,0
opens,3,2,1,3,3,1,2,3,11,4,3,2,8,4,2,2,10,4,8,9,2
opera,0,0,0,0,0,2,0,0,0,0,1,2,0,0,0,1,10,2,0,6,1
operate,38,12,21,8,21,17,10,25,17,20,7,35,21,27,17,18,38,35,88,55,45
operated,2,0,7,11,0,0,0,4,0,1,1,1,4,0,0,7,1,0,0,7,5
operates,12,7,8,22,12,23,2,12,7,3,5,9,8,7,12,11,17,6,11,9,8
operating,34,24,41,28,13,16,17,18,8,20,8,36,31,21,36,26,33,29,43,32,30
operation,544,275,289,400,337,394,248,441,282,331,318,534,712,516,376,351,757,902,623,632,696
operational,4,0,0,3,0,0,0,1,1,0,6,2,5,3,1,5,5,7,3,3,4
operations,478,176,193,245,174,253,143,240,184,205,145,234,274,197,243,159,271,358,299,362,439
operative,0,0,0,0,0,0,0,0,0,1,0,0,0,0,0,0,0,4,1,0,0
operator,233,99,94,53,130,157,97,83,79,111,44,92,143,92,97,106,86,295,184,352,389
operators,109,80,39,26,65,45,46,16,27,29,12,16,39,28,24,19,25,140,60,115,195
opinion,3,7,1,19,1,1,2,1,0,1,4,3,1,0,4,7,3,10,1,5,1
opinions,2,2,3,1,0,0,0,2,0,0,1,4,0,0,0,0,0,3,0,2,0
opponent,12,0,1,0,5,18,2,4,8,5,11,10,0,0,1,27,13,4,4,3,1
opponents,0,1,0,0,0,3,0,0,0,0,1,0,2,3,1,9,5,1,0,0,0
opportunities,0,2,3,5,2,10,10,9,7,8,4,14,12,11,5,30,8,4,8,4,2
opportunity,6,3,0,5,3,3,0,5,2,3,2,6,4,1,3,4,3,2,3,4,3
oppose,1,1,0,1,1,1,3,1,0,0,0,0,0,0,0,1,0,0,0,2,0
opposed,26,8,12,8,12,16,12,8,10,3,4,3,8,3,6,19,13,15,33,23,26
opposing,2,1,1,3,1,0,2,0,1,0,1,2,0,0,1,1,0,0,0,1,3
opposite,70,25,33,34,24,38,24,46,27,44,28,33,64,34,37,29,89,57,38,54,46
opposition,0,0,0,0,0,7,0,0,0,0,0,1,0,1,0,0,0,0,0,0,0
optic,6,1,0,1,1,0,0,15,6,4,0,0,0,4,0,0,6,9,0,0,4
optical,52,14,1,22,26,59,22,20,17,49,48,132,37,18,29,14,26,30,53,36,25
optimal,138,84,149,110,75,144,74,82,72,90,95,128,99,117,144,220,160,196,213,151,151
optimization,599,332,399,344,172,456,374,348,423,481,233,327,394,323,325,244,446,726,641,606,488
optimum,20,12,21,0,2,5,11,25,7,11,15,5,12,21,12,20,18,11,10,63,27
option,454,628,973,442,226,417,271,542,236,296,319,452,580,366,336,433,346,671,519,472,395
optional,438,291,1312,481,320,736,328,1336,519,694,456,651,584,758,617,629,859,1330,823,851,616
options,1773,1233,1363,1340,765,994,815,1054,757,1025,789,1090,795,1084,1235,851,860,1252,1138,952,852
or,28577,12923,13004,20862,9559,19250,9572,19534,13117,9680,14309,20406,31321,19163,16829,17428,32949,38486,36422,32938,30261
oral,9,2,0,1,2,0,5,2,2,0,0,8,0,0,2,0,4,2,2,2,0
orange,51,17,23,47,36,24,59,9,14,25,21,16,16,19,28,34,31,43,67,32,67
orbit,2,1,3,31,2,5,0,0,1,8,2,5,10,4,14,36,33,7,12,69,7
orchard,0,0,1,0,0,0,0,0,0,0,0,0,0,0,0,0,0,0,0,0,0
orchestra,0,0,2,3,0,0,0,0,0,0,0,2,0,0,0,0,2,0,0,0,2
order,1904,1251,1880,1520,980,2364,1119,1763,1325,1412,1304,1886,2270,2004,1776,2048,2661,2663,2686,2573,2334
ordered,111,77,117,83,53,67,56,74,48,63,61,70,82,90,48,44,60,67,101,84,92
ordering,151,105,149,116,67,113,83,111,79,84,82,109,144,95,100,100,85,83,95,139,112
orderly,0,0,0,0,1,0,1,0,0,0,0,0,3,0,0,0,0,1,0,0,1
orders,71,10,20,8,13,35,21,42,12,14,17,20,47,28,29,35,94,58,133,102,67
ordinarily,0,0,0,0,0,0,0,0,1,0,1,1,4,1,1,3,2,4,2,1,2
ordinary,44,26,50,18,6,17,12,10,5,29,9,14,13,17,11,17,14,17,2,29,22
ore,0,1,0,0,0,0,0,0,2,1,0,1,1,0,0,5,0,0,0,0,0
oregon,0,0,0,0,0,0,0,0,0,0,0,0,0,0,0,0,0,0,0,0,3
ores,0,0,0,0,0,0,0,0,0,0,0,0,0,0,1,0,0,0,0,0,0
organ,0,0,2,0,0,0,0,0,0,0,15,3,0,19,14,0,4,4,7,6,6
organic,11,5,4,10,4,4,3,3,5,2,3,7,0,1,1,0,1,2,1,1,0
organism,0,0,0,0,0,0,0,0,0,0,0,0,0,0,0,4,1,0,0,0,0
organisms,2,0,0,0,0,3,0,0,0,1,0,0,0,0,0,12,4,0,0,0,0
organization,43,5,2,3,4,21,0,31,4,5,4,17,15,8,28,54,23,24,20,13,14
organizational,1,0,0,0,0,1,0,0,0,0,0,0,0,0,0,0,0,0,0,0,0
organizations,10,0,0,0,0,0,0,1,0,0,0,0,0,0,8,2,0,13,0,0,0
organize,36,30,22,34,32,34,29,27,30,20,30,43,26,25,27,16,20,22,33,27,24
organized,7,11,6,9,2,8,6,6,7,4,7,6,16,1,19,13,8,5,6,4,11
organizing,1,3,0,1,0,0,1,1,0,0,0,0,0,2,0,1,3,0,1,0,0
organs,0,0,0,0,0,0,0,0,0,0,0,1,0,0,0,0,0,0,0,4,0
oriental,0,0,0,0,0,4,0,0,0,0,0,0,0,0,0,0,1,0,0,0,0
orientation,290,58,102,111,119,106,99,71,138,115,79,204,100,116,72,217,118,126,171,167,167
oriented,29,9,22,11,8,6,9,16,22,16,6,9,22,21,51,54,34,21,44,17,18
origin,154,121,224,169,119,138,172,178,191,215,221,235,219,185,225,313,253,324,317,320,233
original,1836,1781,2417,2081,1311,2312,1636,2286,1871,2228,2054,2626,2993,2418,1989,2560,3885,3696,4768,3978,3188
originally,65,54,88,51,37,72,47,52,54,58,20,76,73,45,34,50,43,61,81,111,99
originated,2,1,1,1,0,0,2,1,3,0,0,0,0,0,3,0,3,0,1,1,1
originating,8,1,1,0,2,2,5,5,1,1,1,4,1,5,14,4,0,4,0,1,2
origins,6,15,26,6,3,7,10,4,3,12,4,10,6,9,5,8,10,5,6,4,2
orleans,0,0,2,0,0,1,0,0,0,0,0,0,0,0,0,0,0,0,0,0,0
orthodox,0,0,0,1,1,4,0,3,1,0,1,3,2,1,1,0,1,0,1,0,0
os,1847,1346,1859,1204,1063,1719,1302,1704,1326,1984,2994,1636,1638,1763,3168,1800,1877,2094,2118,1517,1651
oscar,1,0,0,2,11,1,0,3,0,0,6,2,2,0,6,4,0,2,2,3,1
ot,38,9,30,12,19,31,31,34,8,16,21,31,31,18,22,10,39,12,16,22,16
other,3010,2101,2465,1781,1147,2533,1397,2162,1410,1570,1855,2759,3535,1957,1891,2330,2605,2836,3615,3599,2618
others,288,251,202,252,188,306,120,211,193,157,159,216,262,282,239,250,342,347,331,285,306
otherwise,1771,1005,1194,897,631,1086,620,998,763,635,805,1292,1374,937,872,1087,1557,1499,1511,1923,1534
otto,0,0,0,0,0,0,0,0,1,0,2,0,0,0,0,0,0,0,0,0,1
ought,4,0,2,0,5,9,0,1,0,0,0,1,1,1,1,4,1,2,1,2,4
ounces,0,0,0,0,0,0,0,0,0,0,0,0,0,1,0,0,0,0,1,0,0
our,1389,1100,1596,1134,649,1269,693,1213,618,653,1049,1361,1826,1380,1035,1107,2274,1884,2437,2090,1397
ours,24,21,26,29,31,25,8,26,21,13,23,21,14,38,40,34,25,38,21,79,49
ourselves,56,33,58,81,47,108,67,105,70,60,96,124,200,149,64,136,249,249,169,169,123
out,3991,2468,3480,2659,1805,2763,1868,2613,2207,2237,2213,3623,3184,2903,3214,2756,3652,3964,4067,4065,2644
outbreak,0,0,4,0,0,0,0,0,0,0,0,0,0,0,1,0,0,0,0,0,0
outcome,30,11,10,4,22,34,5,11,10,27,29,25,27,59,11,22,27,52,46,70,129
outcomes,12,4,22,9,17,18,18,8,7,38,17,13,20,9,11,7,17,41,12,31,42
outdoor,3,0,0,1,0,3,5,15,2,13,13,8,14,6,11,22,5,14,18,17,1
outer,292,77,116,93,77,142,94,106,123,129,167,113,149,143,111,152,182,272,147,157,292
outlet,2,0,0,0,0,0,0,0,4,0,0,0,1,0,0,1,6,1,0,0,0
outlets,1,0,0,0,0,0,0,0,0,0,0,0,0,0,0,0,0,0,0,0,0
outline,18,14,36,14,40,13,2,30,19,2,35,12,15,23,14,5,9,25,13,17,12
outlined,3,0,0,0,0,0,3,0,0,0,0,0,1,0,0,0,2,1,1,2,0
outlines,0,0,0,0,0,0,1,0,2,2,0,0,0,2,0,2,0,9,2,0,9
outlook,3,0,1,1,7,0,7,16,0,3,2,12,54,71,13,4,8,60,7,6,2
output,5977,3327,4172,4688,3420,5029,3150,6221,4297,4637,8469,7904,6947,5483,4891,4665,7601,8187,7529,7696,6685
outset,0,0,0,0,0,0,0,0,0,0,0,0,0,0,0,0,0,0,0,2,0
outside,370,293,269,407,202,451,248,388,270,289,313,498,513,364,280,351,463,590,522,574,557
outstanding,0,7,8,3,3,6,2,2,2,2,1,1,3,1,3,1,11,2,2,19,3
outward,3,1,1,0,1,1,2,0,0,0,0,5,1,3,2,2,0,1,0,3,0
oval,0,2,0,2,2,0,0,1,0,1,1,1,0,0,2,3,0,0,4,1,1
oven,0,0,2,1,2,0,0,1,8,0,0,3,1,0,0,5,7,4,8,3,1
over,1976,1103,1362,1540,1114,1673,1070,1455,1119,1297,1157,1512,1535,1497,1318,1345,1825,1874,2004,1962,1742
overall,183,87,76,135,81,130,79,100,75,148,76,156,139,169,123,167,207,191,245,173,203
overcome,3,1,1,8,6,18,0,5,7,9,2,8,11,4,5,2,8,7,10,6,3
overhead,37,29,41,46,126,48,26,55,33,33,29,36,57,41,40,105,155,122,381,247,148
overlap,582,464,515,603,370,486,295,413,358,296,334,492,420,420,378,403,423,452,499,408,368
overlooked,0,0,0,0,0,0,0,0,0,0,0,0,0,0,0,1,0,0,0,0,0
overnight,0,0,0,0,0,0,0,0,0,7,0,0,3,0,0,0,0,1,2,0,0
oversight,0,0,0,0,0,0,0,0,0,0,0,0,0,0,0,0,0,0,0,1,0
overtime,0,0,0,0,0,0,0,0,0,1,0,0,0,0,0,0,0,1,0,2,2
overview,2,9,3,4,11,13,4,4,9,20,2,12,11,9,13,19,8,45,15,4,31
overwhelming,0,0,0,0,0,0,1,0,0,0,0,0,0,0,0,0,0,0,0,2,0
owen,8,0,0,0,3,0,0,0,1,0,9,6,5,0,0,0,1,0,0,0,0
owing,1,0,0,5,0,0,0,0,0,0,0,0,2,0,0,0,0,3,1,2,0
own,295,228,295,234,136,483,164,453,151,241,315,389,584,507,436,363,683,624,832,714,458
owned,26,22,29,21,24,20,29,43,2,33,2,26,21,0,9,5,7,24,74,15,2
owner,626,22,98,44,11,10,10,117,10,10,10,14,18,5,21,14,5,18,57,27,29
owners,10,0,0,7,2,0,2,0,0,1,0,1,0,0,0,0,0,1,0,1,3
ownership,727,346,13,5,4,8,2,5,3,22,1,7,14,5,12,22,5,1331,6,4,5
owns,5,1,2,2,2,3,0,3,6,1,1,2,3,1,2,5,1,4,10,5,9
oxford,2,1,0,1,18,25,15,3,2,40,15,0,2,18,10,2,4,0,15,1,0
oxidation,0,0,0,0,1,0,0,0,0,1,0,0,0,0,0,5,0,0,0,0,0
oxide,0,0,0,0,0,0,0,0,1,0,1,0,0,0,0,2,0,0,1,0,0
oxides,1,0,0,0,0,0,0,0,0,0,0,0,0,0,0,0,0,0,0,0,0
oxygen,8,0,0,0,0,35,2,0,20,1,2,1,0,2,3,2,0,0,0,6,6
oz,1,0,0,0,0,0,1,5,0,0,3,0,0,4,3,0,4,2,0,0,0
ozone,0,1,0,0,0,0,0,1,0,0,0,0,0,0,0,0,0,0,0,2,1
p,1962,1248,1864,1692,1221,1674,1428,1566,1390,1827,1559,1749,1569,1852,1649,3116,1690,2163,2301,2000,1595
pa,76,5,30,21,7,15,30,16,7,13,12,17,24,9,7,12,20,19,19,171,30
pac,4,0,1,0,0,0,0,0,0,0,0,0,1,1,0,0,1,0,4,0,2
pace,2,1,0,9,0,8,8,7,9,11,1,9,11,4,1,1,0,3,2,1,37
pacific,2,0,0,0,0,0,0,0,0,0,0,0,0,0,0,0,0,1,2,1,0
pack,77,74,55,59,66,71,75,95,69,63,70,96,91,72,49,81,78,88,88,115,104
package,342,196,417,129,105,151,97,148,109,137,123,211,199,208,167,246,309,289,263,251,258
packages,141,100,230,59,32,49,43,73,43,48,34,164,68,63,47,98,94,91,101,118,122
packaging,8,20,47,10,2,11,2,11,2,3,2,13,15,5,14,17,11,7,36,11,15
packed,55,43,79,37,7,43,9,31,21,28,12,31,25,26,29,21,33,51,25,65,70
packet,81,46,19,25,22,3,13,7,14,6,0,15,23,5,5,2,2,3,8,1,5
packing,64,19,8,9,4,13,0,0,2,8,5,13,7,16,3,13,12,63,23,32,79
pad,798,690,547,992,655,1231,757,1228,978,1012,2234,1431,1918,1570,931,923,1960,1722,1697,1833,1441
page,320,155,136,126,110,98,84,99,100,136,100,104,101,97,64,79,102,111,191,229,213
pages,186,93,70,105,71,80,92,77,76,102,50,66,76,90,52,57,54,81,106,62,91
paid,2,1,1,0,1,0,2,0,0,0,1,0,0,1,1,1,1,4,2,3,3
pain,4,6,4,6,6,6,2,2,0,2,1,3,3,2,1,0,3,1,4,3,1
painful,0,0,2,0,0,1,0,0,1,0,1,0,0,0,0,2,0,0,1,3,0
pains,0,0,1,0,0,0,0,0,1,0,0,0,5,0,0,0,0,0,0,0,0
paint,10,9,0,16,5,2,7,5,1,4,5,0,21,15,6,6,8,9,26,16,12
painted,0,0,0,2,1,0,0,2,0,1,0,0,0,4,1,0,0,0,3,1,0
painter,0,1,0,0,0,2,1,0,0,1,0,1,3,56,2,1,3,1,7,4,3
painting,3,1,1,1,0,1,0,5,3,4,1,5,1,1,2,8,9,8,3,6,10
paintings,2,0,0,0,0,0,0,0,0,0,0,0,0,0,0,0,1,0,1,1,0
pair,341,309,393,470,283,522,311,526,404,466,460,434,737,537,429,348,659,521,544,521,485
pairs,374,317,382,386,240,560,258,328,390,350,580,381,496,339,424,242,426,430,395,388,367
pakistan,0,0,4,0,0,0,0,0,0,0,0,0,0,0,0,0,0,0,0,0,0
palace,0,0,0,0,0,0,0,0,0,0,0,0,0,0,0,0,0,0,0,3,0
pale,1,2,8,2,4,1,1,2,4,1,0,1,0,1,3,2,2,5,9,0,0
palestine,0,0,3,0,0,0,0,0,0,0,0,0,0,0,0,0,0,0,0,0,0
palm,0,1,3,56,0,0,0,0,3,0,8,8,5,1,0,12,15,0,16,6,3
palmer,0,0,0,0,0,0,0,0,0,0,1,0,0,0,0,0,1,1,0,0,0
pamphlet,0,0,0,0,0,0,0,0,0,0,0,0,0,0,0,0,2,0,0,0,0
pan,33,8,58,10,12,16,9,13,6,7,4,1,11,30,25,41,16,63,10,9,13
panel,42,9,4,37,6,16,12,18,5,5,14,6,12,11,21,9,34,4,87,37,13
panels,14,14,3,2,2,10,1,7,6,0,0,1,0,0,2,1,4,1,5,7,3
panic,6,11,8,9,7,7,5,13,6,1,2,5,7,11,15,6,18,3,27,10,8
paper,778,408,502,642,497,595,579,849,591,722,745,849,1189,963,973,1110,1573,1751,2417,1354,1035
papers,19,32,19,55,19,35,34,49,47,37,55,34,46,104,49,38,36,48,37,28,39
par,7,14,2,19,18,2,3,9,8,11,6,17,24,24,45,47,61,62,80,56,20
para,21,0,7,12,8,54,10,45,21,25,23,57,20,77,69,19,14,49,19,24,9
parade,0,0,0,0,0,0,0,0,0,0,2,0,1,0,0,0,0,0,0,0,0
paragraph,78,38,19,99,36,75,42,41,22,66,35,17,25,37,11,26,11,35,28,16,7
paragraphs,45,9,6,15,7,19,17,14,9,23,7,5,10,21,10,9,4,37,25,19,8
parallel,695,423,245,471,361,719,409,542,435,469,661,646,655,504,452,422,679,911,761,1384,766
paralysis,0,0,0,0,0,0,0,0,0,0,1,0,0,0,0,0,0,0,0,0,0
parameter,1480,725,1194,860,670,1076,859,960,936,1222,1052,1123,1138,1247,1123,1043,1416,1789,1715,2027,1795
parameters,4401,2546,2775,3053,2034,3899,2654,3212,3221,3579,2900,3595,3844,3651,3270,3340,4266,5444,5029,4931,4630
paramount,0,0,0,0,0,0,0,0,0,0,0,0,1,0,0,0,0,0,0,0,0
parent,371,249,411,335,100,283,170,247,165,228,166,289,297,231,241,254,477,339,278,454,390
parental,0,0,0,0,0,0,0,0,0,0,0,0,0,0,0,0,0,0,2,2,0
parents,41,53,44,54,19,58,26,54,38,30,42,39,73,63,73,26,62,69,36,76,98
paris,5,1,0,4,0,2,4,2,3,3,0,0,2,2,14,2,7,2,1,2,6
park,14,0,5,37,0,20,0,21,1,2,5,2,0,74,1,1,3,2,3,3,3
parker,0,0,0,0,0,2,0,0,0,0,0,0,0,0,0,0,0,0,0,0,0
parking,0,9,2,2,5,18,6,5,6,7,8,10,4,12,8,5,5,5,30,9,5
parks,0,0,0,0,0,5,0,0,0,0,0,0,0,0,0,0,0,0,0,0,1
parliament,12,1,0,0,0,2,0,0,0,0,0,0,0,0,0,0,0,0,0,0,0
part,1342,1075,1336,1098,800,1134,808,1814,1053,947,1001,1223,1640,1295,995,1021,1535,3795,1445,1527,1418
partial,149,97,102,95,70,145,103,184,68,142,168,150,302,122,160,169,247,345,261,350,431
partially,17,18,14,16,13,28,12,15,22,25,16,13,26,18,18,35,57,43,54,39,69
participant,5,2,3,1,1,6,1,9,1,3,14,15,1,15,6,5,8,4,5,8,13
participants,13,4,1,1,1,3,17,7,17,6,7,5,3,3,7,2,16,3,6,8,18
participate,2,2,4,9,1,8,1,9,6,2,7,5,6,5,11,1,11,12,9,14,8
participated,0,0,6,0,0,0,0,0,0,0,0,0,1,0,0,1,0,0,1,0,4
participating,5,1,0,0,1,0,1,0,0,6,3,5,3,6,2,3,5,1,16,6,1
participation,3,1,0,0,0,0,0,0,2,0,0,0,0,0,0,0,0,0,2,0,0
particle,74,26,36,70,10,31,35,11,8,20,8,55,45,11,37,9,25,131,40,190,48
particles,161,34,25,61,12,46,34,5,9,25,18,26,68,8,39,13,38,38,14,195,57
particular,974,726,668,460,192,362,255,491,224,155,172,618,697,306,303,449,324,477,312,658,325
particularly,23,9,18,6,6,18,2,1,3,3,1,3,5,3,6,7,11,5,9,11,7
particulars,0,0,1,0,0,0,0,0,0,0,0,0,0,0,0,0,0,0,0,0,0
parties,19,2,1,1,1,3,0,3,1,5,0,5,0,0,0,8,16,0,4,14,1
partition,230,25,71,64,61,131,74,96,110,191,266,117,166,163,267,219,348,318,320,474,272
partly,9,3,12,5,12,9,8,7,17,10,13,3,12,10,6,1,6,0,7,19,5
partner,0,3,3,0,0,5,6,8,0,0,0,1,2,13,2,0,1,2,0,6,3
partners,0,0,0,0,5,2,1,0,0,0,0,0,1,1,0,1,0,0,0,2,0
partnership,1,0,0,0,0,0,0,0,0,0,0,0,0,0,0,0,0,0,0,0,0
partnerships,0,0,0,0,0,0,0,0,0,0,0,0,0,0,0,0,1,0,0,0,0
parts,491,300,344,389,193,325,219,367,330,248,1871,624,350,374,229,305,376,422,416,388,338
party,52,15,60,19,29,31,41,22,44,9,9,50,41,25,78,28,29,13,60,21,187
pass,1028,777,819,920,545,1170,809,1619,741,865,979,1224,1775,1634,1236,997,2543,1593,2273,2533,2165
passage,6,14,14,12,6,12,27,25,6,37,35,13,35,9,9,7,84,45,25,49,67
passages,2,8,0,3,5,22,30,11,5,25,16,18,40,9,3,5,92,16,36,78,21
passed,336,282,346,326,174,362,204,494,252,270,456,491,933,711,429,612,1287,1073,1455,1409,1191
passenger,3,3,4,0,0,0,2,2,3,0,2,0,0,0,2,6,6,2,0,0,2
passengers,0,7,0,1,0,1,0,0,0,0,0,0,0,4,0,0,3,0,1,1,1
passes,55,40,78,40,41,55,42,68,14,46,53,51,63,65,121,256,518,330,1407,603,442
passing,171,66,79,121,98,227,99,223,97,165,181,225,389,277,177,157,433,354,382,545,329
passive,4,0,2,4,1,0,8,3,8,3,8,1,9,21,9,3,50,9,56,50,29
past,130,138,137,269,187,445,197,348,295,122,420,483,747,415,185,288,649,655,699,548,425
paste,21,82,39,45,27,72,44,73,60,83,82,103,96,104,86,94,127,111,126,101,61
pastor,0,0,0,0,0,0,0,0,0,0,0,0,0,0,0,8,0,0,0,0,0
pasture,0,0,0,0,0,2,0,0,0,0,0,0,0,0,0,0,1,0,2,0,0
pat,14,1,9,1,1,3,0,9,0,0,4,1,0,7,2,0,2,8,0,0,2
patch,256,198,355,292,318,363,334,357,451,646,630,480,581,604,731,798,798,1070,850,847,817
patches,123,115,144,119,106,162,181,193,227,242,236,188,264,370,344,271,430,412,338,357,440
patent,290,278,19,196,278,268,128,32,100,52,153,109,166,105,92,93,29,27,37,42,14
patents,276,275,2,191,277,153,130,30,102,55,144,106,143,84,61,41,20,15,23,35,7
path,3723,2734,3372,3158,2344,4049,2676,3495,2746,3891,5024,3324,3903,3655,3572,3468,4331,4443,4062,4071,3494
pathological,1,1,3,2,0,3,1,1,2,0,0,1,3,3,1,4,2,2,1,1,3
pathology,4,0,3,11,0,3,6,0,0,1,0,2,0,1,0,0,1,0,0,0,1
paths,690,559,710,496,321,600,391,485,419,495,400,475,537,534,689,496,551,652,627,559,468
pathway,26,19,28,54,14,48,20,38,35,39,32,26,34,82,18,94,42,41,21,42,109
patience,61,30,21,61,44,60,65,26,15,55,55,57,57,27,57,48,23,44,69,22,40
patient,54,48,25,69,86,30,26,27,11,81,79,16,17,176,56,165,35,248,83,13,50
patients,33,21,14,31,29,15,29,4,3,26,35,3,14,63,14,37,7,59,24,13,18
patricia,0,0,0,0,0,0,0,0,0,0,0,0,1,0,0,2,0,0,0,0,0
patrick,44,2,9,1,10,16,5,14,6,3,4,4,39,3,28,27,31,23,146,35,22
pattern,307,215,224,206,136,188,115,186,138,227,223,224,244,177,214,217,277,447,366,354,408
patterns,141,93,87,79,85,92,65,102,86,98,73,127,115,102,72,123,109,173,137,92,149
patterson,0,0,0,0,0,2,0,0,0,0,0,0,0,0,1,0,0,0,0,0,0
paul,13,19,13,7,4,13,5,7,16,1,0,8,0,6,44,11,13,2,6,7,9
pause,68,15,38,29,16,14,15,15,20,10,33,19,15,16,48,11,12,26,38,29,16
paused,10,7,8,5,4,2,2,1,1,7,28,4,5,1,0,2,5,4,6,4,5
pavement,0,0,0,0,0,0,0,2,0,0,0,0,0,1,0,1,4,0,0,0,0
pay,25,11,9,6,5,4,5,5,7,12,18,8,13,34,9,9,47,28,8,5,7
payable,0,0,0,0,0,0,0,0,0,0,0,0,3,0,0,0,0,0,0,0,0
paying,0,0,1,0,0,1,1,0,0,0,0,1,0,0,0,0,1,1,0,0,0
payment,12,4,1,0,4,8,15,1,0,0,8,0,0,1,0,1,0,0,0,0,0
payments,0,0,0,0,7,32,10,3,1,0,0,0,0,0,2,0,0,0,0,0,0
pays,0,0,0,1,0,0,0,2,2,5,0,0,0,0,0,4,0,3,1,0,0
pb,59,17,39,11,27,19,17,29,12,16,33,14,23,21,22,18,30,24,10,168,4
pc,57,37,52,96,97,97,72,62,52,59,237,26,103,76,204,57,136,134,141,89,52
peace,0,0,10,1,0,0,0,0,0,0,15,0,0,0,0,0,5,1,0,0,0
peaceful,0,0,0,0,0,1,0,0,0,0,0,0,0,0,0,2,0,0,0,0,1
peak,118,39,137,24,38,152,17,50,31,13,57,58,44,46,42,36,85,54,162,104,108
peaks,42,7,48,15,23,16,2,18,44,5,22,16,23,22,11,23,88,29,81,18,11
pearl,0,31,0,0,0,0,0,0,0,6,1,0,0,7,0,0,2,4,0,0,3
peasant,0,0,0,0,0,2,0,0,0,0,0,0,0,0,0,0,0,0,0,0,0
peculiar,5,5,0,2,0,5,5,1,2,1,1,0,1,1,0,0,1,0,0,4,5
peer,5,9,14,5,6,34,4,2,0,0,0,2,0,0,5,6,1,2,17,7,3
peers,0,1,0,0,6,21,11,30,6,1,33,43,84,40,22,15,157,106,50,40,17
pen,2,1,5,4,4,6,0,12,2,4,0,18,3,6,3,12,2,5,6,3,7
penal,0,0,0,0,0,0,0,0,0,0,0,0,1,0,0,1,0,0,0,0,0
penalties,3,2,2,4,5,8,5,5,8,2,7,8,33,11,14,16,14,13,14,9,1
penalty,261,187,251,191,153,240,194,153,153,114,116,149,172,152,115,137,214,428,144,133,138
pencil,0,0,3,1,1,0,0,0,3,1,1,0,3,0,0,5,0,1,0,0,0
pending,35,20,53,35,18,43,5,12,2,14,16,6,32,23,12,30,20,37,35,45,26
penetration,14,3,0,8,7,1,4,0,16,0,15,10,5,2,5,13,10,2,0,2,6
penn,2,2,0,1,0,3,2,0,0,0,0,9,5,0,0,1,13,0,3,0,0
pennsylvania,0,0,0,0,0,0,0,3,0,0,0,1,0,0,0,0,1,0,0,0,0
penny,2,0,0,0,0,2,0,0,1,0,1,0,1,0,0,2,2,0,0,0,2
people,92,96,103,54,58,89,58,69,78,57,75,100,95,145,106,65,104,110,79,80,87
peoples,0,1,0,0,0,1,0,0,0,0,1,0,0,0,0,0,0,0,0,0,0
pepper,5,1,0,1,2,1,0,0,1,0,0,4,3,0,1,1,5,0,10,0,6
per,2199,1232,1454,1925,1403,2081,1590,2017,1750,1979,2170,2086,2437,2262,1996,1986,3176,3034,3502,2617,2911
perceive,0,0,1,0,0,0,0,0,0,0,0,0,0,2,0,1,1,0,0,0,6
perceived,1,0,0,0,0,0,0,0,3,0,0,3,0,0,0,0,2,0,1,0,1
percent,80,63,64,97,93,236,451,76,56,74,60,48,31,335,37,41,88,55,28,57,30
percentage,83,57,88,59,56,149,104,92,78,113,114,121,113,86,70,96,163,103,79,148,140
percentages,6,0,0,1,0,46,50,3,5,2,5,1,12,41,12,10,22,22,21,21,13
perception,6,2,0,9,3,6,3,16,30,3,9,30,9,9,7,10,3,9,10,9,9
perceptions,0,0,0,1,0,0,0,0,0,0,0,0,0,0,0,0,0,3,0,0,0
perfect,62,35,46,41,36,56,39,35,12,28,31,33,40,23,31,31,54,49,38,74,47
perfection,0,0,0,0,0,0,0,0,0,0,0,0,2,0,0,0,0,0,0,0,0
perfectly,39,7,6,13,8,12,4,2,6,6,2,9,6,7,6,2,5,15,6,11,12
perform,668,406,460,581,393,585,509,496,625,640,494,625,616,783,628,602,902,937,1370,1185,939
performance,581,288,375,421,232,571,312,398,388,505,456,535,375,413,340,457,387,1171,517,462,412
performances,31,1,4,2,5,10,3,10,8,1,9,14,7,15,12,8,11,18,22,12,6
performed,113,78,73,89,68,102,72,97,75,76,74,119,129,145,130,146,255,146,333,243,196
performing,122,43,61,46,31,48,21,36,74,61,54,74,94,61,79,75,102,63,89,48,59
performs,99,57,68,77,61,66,56,65,58,75,52,91,56,99,127,63,98,89,81,86,59
perhaps,48,13,48,18,11,37,7,15,5,18,16,31,15,19,32,33,28,14,20,27,26
period,81,115,106,120,57,138,56,68,56,74,119,76,144,91,122,83,87,114,108,112,122
periodic,62,6,26,9,4,9,15,5,13,21,20,15,10,30,61,31,29,21,40,56,45
periodical,0,0,1,0,0,0,0,0,0,0,1,1,0,0,0,0,0,0,0,0,0
periodically,21,18,6,22,11,20,76,12,12,27,6,25,16,21,8,6,10,482,18,13,7
periods,14,10,6,9,1,13,10,15,6,4,0,2,12,8,9,12,13,17,13,9,16
peripheral,0,0,1,0,1,1,2,0,0,0,1,1,1,0,1,2,0,7,0,2,0
perkins,0,0,0,0,0,2,0,0,0,0,0,0,0,0,0,0,0,0,0,0,0
permanent,3,4,10,3,0,6,1,3,2,5,10,3,9,7,10,6,9,5,7,7,4
permanently,9,4,24,0,0,1,2,0,6,2,0,0,1,2,3,6,3,5,1,3,3
permeability,0,0,0,0,0,0,0,0,0,0,1,0,0,0,0,0,1,0,0,0,0
permissible,1,1,1,14,0,0,0,0,0,1,0,0,7,0,0,0,0,1,1,1,1
permission,1047,573,408,267,123,201,136,297,214,103,117,778,637,102,277,309,227,208,220,884,393
permit,63,254,148,91,50,89,33,62,75,30,52,363,299,41,106,99,101,94,60,391,170
permits,2,1,3,3,4,1,0,2,1,2,0,1,0,1,0,1,0,1,0,1,0
permitted,746,13,81,69,27,19,39,142,62,32,8,30,28,21,47,113,47,40,108,62,65
permitting,0,1,0,0,0,0,0,0,0,0,0,0,0,0,0,0,0,0,0,0,0
perpendicular,7,6,7,7,1,6,2,1,16,5,6,2,2,8,6,21,19,10,8,13,14
perpetual,0,0,0,0,0,0,2,2,0,3,1,1,2,6,10,3,3,6,2,5,4
perry,0,0,4,2,0,1,0,0,0,0,0,0,0,0,0,3,0,0,0,0,1
persian,0,0,0,1,0,0,0,0,0,1,0,3,0,0,0,0,0,0,1,0,1
persistent,53,14,11,5,2,17,2,18,6,10,9,27,15,16,16,35,33,19,27,69,34
person,235,429,273,190,107,212,132,172,234,141,123,458,409,175,323,199,243,257,735,488,254
personal,27,2,4,3,0,7,3,3,14,26,3,15,4,5,1,3,1,4,5,6,4
personality,12,4,0,0,1,1,0,2,0,2,0,1,0,0,0,2,2,5,0,0,3
personally,0,0,0,1,0,0,0,0,0,0,1,0,0,0,0,2,0,3,6,2,1
persons,78,254,138,88,58,110,30,61,78,35,54,363,305,54,110,98,97,104,61,391,168
perspective,25,35,13,12,15,30,14,84,33,37,52,20,46,33,29,33,56,84,37,39,11
perspectives,5,0,0,0,0,1,0,1,0,0,0,0,0,3,0,0,0,0,0,0,0
pertaining,5,3,0,1,0,1,0,1,0,0,0,1,3,1,2,3,0,1,1,0,2
pertinent,3,0,0,0,0,0,0,0,0,0,0,1,0,2,2,1,1,3,0,0,0
peru,3,0,0,0,0,0,1,1,1,3,0,0,0,0,0,1,0,0,1,0,1
pest,0,0,0,0,0,0,0,0,0,0,0,0,0,0,0,3,1,0,0,0,0
pet,5,7,167,2,1,5,2,1,0,19,26,2,2,6,1,0,1,5,7,13,0
peter,9,4,12,4,1,6,3,0,3,1,1,4,3,3,3,5,2,4,10,4,7
peters,4,1,0,1,5,7,1,10,0,3,7,12,29,12,2,5,14,16,17,7,6
petersburg,0,0,0,0,0,0,0,0,0,0,0,0,0,0,0,0,1,0,0,0,0
peterson,0,8,42,4,0,3,0,2,0,0,0,4,0,0,0,2,0,0,2,0,0
petition,0,0,0,0,0,0,0,0,0,1,0,0,0,0,0,0,0,0,0,0,0
petroleum,0,0,0,0,0,0,0,0,0,0,0,0,0,1,0,1,0,2,1,1,4
petty,0,0,0,0,0,0,0,0,0,0,0,0,0,0,0,0,0,0,0,2,0
pg,35,13,13,5,4,7,25,4,4,36,2,29,8,12,5,4,21,32,17,19,29
ph,74,14,20,17,9,89,14,15,47,38,51,34,46,29,55,48,108,211,130,79,35
phase,507,200,315,302,233,314,233,379,269,321,212,276,207,310,226,208,288,441,281,446,387
phases,22,19,24,11,16,28,30,13,10,20,30,28,19,40,14,28,16,30,39,60,19
phd,7,1,1,0,12,3,4,1,9,0,1,0,4,0,5,3,3,6,1,2,1
phenomena,1,0,0,0,0,0,1,0,0,0,0,0,0,0,0,0,0,0,0,0,0
phenomenon,1,0,1,0,0,0,0,0,0,1,0,0,0,0,0,0,1,1,2,0,0
phi,218,158,170,110,91,105,74,137,95,55,99,103,126,129,237,84,315,186,170,248,275
phil,0,0,0,0,0,27,22,32,25,57,39,78,63,82,61,71,112,74,39,76,43
philadelphia,0,0,0,0,0,0,0,0,0,1,0,0,0,0,0,0,0,0,0,0,0
philip,2,0,6,3,2,4,2,5,0,0,0,1,0,0,0,0,4,1,0,1,0
philippines,0,0,0,0,0,0,0,0,0,0,0,1,0,0,0,0,0,0,0,0,0
phillips,0,0,0,0,0,2,0,0,0,0,0,0,0,0,0,0,0,0,0,1,0
philosophical,0,0,1,0,0,0,0,0,0,0,0,0,0,0,0,0,0,0,0,0,0
philosophy,0,0,1,0,0,0,0,0,0,0,0,0,0,1,0,1,0,0,0,0,0
phoenix,0,0,2,0,0,0,0,0,0,2,0,0,0,0,0,9,2,19,2,3,0
phone,26,22,6,1,2,65,6,33,31,11,3,18,23,21,68,88,54,26,23,12,15
phosphate,0,0,0,0,0,0,0,0,0,0,0,1,0,0,0,0,0,0,0,0,0
phosphorus,0,0,0,0,0,0,2,0,0,0,0,0,0,0,0,0,0,0,0,0,0
photo,12,7,8,9,4,15,23,5,10,101,17,17,26,25,58,62,76,51,372,175,37
photograph,0,0,0,0,0,0,0,0,1,0,0,0,0,0,3,0,4,0,0,1,1
photographic,0,0,0,0,0,0,0,0,0,0,0,0,0,0,0,0,2,0,0,0,0
photographs,1,0,1,0,0,0,0,0,0,2,5,4,0,3,0,1,5,0,1,0,0
photos,10,0,2,1,7,7,7,1,1,2,7,0,0,1,2,2,3,4,2,4,0
phrase,55,34,27,28,36,28,37,57,6,23,24,18,92,47,41,19,92,33,30,66,76
phrases,17,26,21,26,6,17,4,34,7,8,22,28,8,11,18,6,27,24,34,33,12
phys,4,2,2,0,0,14,9,2,1,0,0,0,0,0,5,1,0,1,0,4,8
physical,56,31,12,8,94,31,58,26,17,42,26,40,37,25,54,126,26,97,44,94,45
physically,6,0,1,2,4,4,2,4,3,0,1,1,2,0,2,2,27,14,2,7,3
physician,0,0,0,0,1,0,0,0,1,0,0,0,0,0,0,0,0,2,0,0,0
physics,46,6,114,18,15,154,12,63,9,5,15,22,22,10,39,48,178,148,196,59,910
physiological,0,0,0,0,0,0,6,0,0,0,0,1,0,0,0,4,0,0,3,0,3
physiology,0,0,0,11,0,0,0,0,1,0,0,0,0,0,1,0,0,0,0,0,0
pi,575,242,303,268,399,299,337,418,282,378,473,421,418,512,409,447,353,494,472,561,409
piano,1,2,14,0,5,0,11,0,7,17,1,1,1,28,17,1,6,4,1,0,9
pick,330,140,189,197,150,432,153,223,162,177,138,165,266,267,268,195,297,299,268,316,224
picked,49,29,33,33,49,59,34,47,49,35,34,42,64,51,29,22,62,55,46,40,22
picking,23,7,17,6,8,18,38,24,10,2,12,12,46,25,26,20,33,39,30,29,34
picture,75,18,63,17,4,89,6,13,13,13,10,9,10,7,106,16,75,25,217,19,15
pictures,18,10,32,3,1,4,3,5,4,3,2,3,6,12,4,15,2,2,12,4,6
pie,6,1,2,9,1,0,0,7,1,1,2,2,1,1,0,3,10,2,1,4,0
piece,69,61,16,58,16,28,33,24,33,55,24,33,43,39,46,80,30,38,64,65,25
pieces,22,51,36,46,16,24,21,18,15,14,18,25,29,25,19,40,25,25,43,39,34
pier,0,0,0,0,0,0,0,0,2,0,0,0,0,0,0,0,5,0,3,0,0
pierce,0,0,0,1,0,0,0,0,0,0,0,0,0,0,0,0,0,0,0,0,2
pierre,0,10,3,5,6,12,0,2,1,0,0,2,0,0,0,0,0,10,0,0,0
pig,1,1,3,0,1,124,124,4,1,0,0,126,2,0,3,1,0,1,0,0,0
pigs,0,0,0,0,0,5,3,2,0,1,0,7,0,0,0,0,0,0,1,0,0
pike,2,0,0,0,2,1,0,0,0,0,0,0,0,0,0,0,0,0,0,0,0
pile,0,0,1,0,0,16,1,0,0,1,0,0,1,6,5,4,3,3,4,5,9
piles,0,0,0,1,0,4,0,0,0,0,0,0,0,0,6,2,0,0,0,0,0
pilot,0,0,6,7,0,0,3,0,0,0,3,0,2,0,2,6,1,0,0,0,2
pilots,0,0,0,10,0,0,0,0,0,0,3,0,0,0,0,0,0,0,0,0,0
pin,17,18,19,7,16,27,9,10,8,10,19,28,6,19,21,17,13,12,25,35,9
pine,24,2,0,0,2,0,0,0,1,10,0,1,0,0,0,1,0,0,0,0,0
pink,15,4,15,18,3,9,11,5,5,16,19,7,9,4,5,16,3,10,23,2,8
pins,4,1,0,0,0,4,0,0,2,0,0,7,0,0,0,10,3,0,1,0,0
pipe,33,41,43,36,16,207,16,53,26,34,42,36,84,50,92,90,324,163,171,125,123
pipeline,181,121,152,188,213,319,251,331,350,639,469,435,598,622,564,892,900,830,2089,1795,878
pipes,7,6,11,6,1,26,2,1,3,4,1,1,0,0,1,6,19,4,5,2,0
piping,2,0,0,0,0,2,0,0,0,0,0,1,0,0,0,0,2,0,1,4,3
piston,0,0,0,0,0,0,0,0,0,0,0,0,0,0,0,0,0,0,1,2,2
pit,0,4,0,10,0,2,6,3,3,8,9,3,7,2,8,7,1,3,2,5,1
pitch,82,20,57,15,47,71,47,74,147,55,98,96,197,140,66,108,82,139,211,52,90
pittsburgh,0,0,0,0,0,0,0,0,0,0,1,0,0,0,0,0,0,0,0,0,0
pl,37,27,48,23,25,64,30,79,30,40,43,94,73,35,80,55,79,54,73,103,52
place,596,273,312,336,321,537,267,368,317,326,324,397,389,413,365,430,516,447,509,655,690
placed,88,27,47,40,34,60,32,56,44,36,25,103,28,33,44,43,49,53,53,79,48
placement,59,8,25,21,21,31,12,25,35,10,25,73,42,37,70,56,67,34,53,64,87
places,117,63,125,62,70,102,61,84,80,93,128,61,76,113,69,93,97,124,101,100,113
placing,5,2,8,7,3,10,29,16,6,1,3,8,3,6,6,6,3,6,2,13,9
plain,68,48,104,54,28,84,32,56,37,47,27,51,41,46,34,61,70,63,113,91,53
plains,0,0,0,0,0,0,0,0,0,0,0,0,0,0,0,0,0,0,1,0,0
plan,67,9,24,10,34,81,46,74,26,85,32,35,90,35,31,43,86,58,78,135,136
plane,120,69,75,131,96,265,99,137,117,259,124,177,140,107,175,195,134,151,152,218,140
planes,181,60,51,113,39,152,176,92,67,66,102,93,210,33,388,53,131,98,67,121,46
planet,38,5,0,20,6,10,2,0,12,6,9,1,25,4,16,0,6,2,14,10,0
planned,10,1,6,6,4,2,6,3,3,1,0,2,3,0,0,1,4,0,3,19,2
planning,21,4,75,27,13,25,33,5,9,4,7,12,27,13,56,25,39,24,74,44,61
plans,2,5,4,3,8,12,10,12,1,26,13,8,17,4,24,9,12,73,16,22,32
plant,12,3,6,14,16,14,3,2,13,7,1,3,6,4,6,12,11,3,14,3,1
plantation,0,0,0,2,1,0,0,0,0,0,0,0,0,0,0,0,0,0,0,0,0
planted,1,0,0,0,0,3,0,0,0,0,0,0,0,2,0,0,0,0,0,0,0
planting,0,0,0,0,0,0,0,0,0,0,0,0,0,0,0,3,0,0,0,0,0
plants,0,0,0,0,0,1,0,0,0,0,0,0,0,0,0,0,3,0,4,0,0
plasma,75,12,1,14,1,1,1,2,8,2,4,10,13,11,5,1,28,8,25,23,7
plaster,0,0,0,0,0,0,0,0,0,0,0,0,0,0,0,0,0,0,0,0,1
plastic,0,0,0,0,4,0,0,0,0,4,7,1,4,0,2,4,2,0,0,3,0
plastics,0,0,0,0,0,0,0,0,0,0,0,0,0,0,0,0,0,0,0,0,2
plate,27,7,10,14,2,8,13,7,10,23,30,4,3,10,9,15,16,4,20,5,2
plateau,14,4,7,3,2,16,17,3,3,4,11,18,9,3,11,7,16,15,8,10,8
plates,1,1,0,1,0,1,0,0,5,3,47,0,2,3,2,3,2,1,11,0,2
platform,130,243,452,123,30,114,73,81,39,48,61,143,51,43,65,173,107,167,109,66,165
platinum,1,0,0,0,0,0,0,0,0,26,0,0,0,0,0,0,1,5,0,0,3
plato,0,0,0,0,0,0,0,0,0,2,0,0,0,2,0,0,2,0,0,0,0
play,84,44,54,49,15,79,31,34,27,25,30,41,31,34,16,31,44,88,48,61,46
played,14,0,6,4,3,3,5,7,3,4,3,2,1,9,1,1,14,37,19,12,41
player,93,27,12,73,22,87,46,47,44,31,41,42,85,16,37,59,37,39,248,64,62
players,19,1,3,8,9,31,13,5,9,2,7,14,27,7,5,14,27,30,45,16,30
playing,6,0,6,2,5,28,2,6,5,10,4,1,17,3,2,4,32,29,6,38,5
plays,3,16,1,4,0,3,3,7,2,1,2,2,8,4,4,1,10,31,8,10,3
plaza,0,0,0,0,0,0,0,0,0,0,0,0,0,0,0,0,2,0,0,0,1
pleaded,0,0,0,1,0,0,0,1,0,0,0,0,0,0,0,0,0,0,0,0,0
pleas,0,0,0,0,0,0,0,0,0,0,0,0,0,0,0,0,0,0,0,1,0
pleasant,0,0,0,0,0,0,0,0,0,0,0,0,0,0,0,5,0,1,1,0,1
please,306,138,163,202,134,206,238,218,211,399,309,349,443,526,430,565,565,521,657,496,859
pleased,0,0,0,0,0,0,0,0,0,0,2,0,0,0,0,0,0,0,0,0,0
pleasing,0,0,0,0,0,2,0,0,0,0,4,0,2,0,1,0,0,0,1,0,0
pledge,0,0,0,0,0,2,0,0,0,0,0,0,0,0,0,0,0,0,0,0,0
plenty,3,2,0,1,1,0,1,0,0,4,0,0,0,0,1,2,1,2,3,20,3
plot,2825,819,1209,1118,1162,1233,842,927,844,979,884,1248,1114,729,727,855,1359,1682,1396,1732,1563
plots,293,112,124,124,120,107,159,141,116,155,169,147,173,106,104,118,155,147,159,149,132
plotted,35,11,6,16,2,16,7,6,7,3,3,24,11,20,10,19,14,32,29,34,18
plug,4,7,6,7,2,1,0,1,10,5,7,4,0,4,1,20,31,14,22,25,5
plumbing,1,0,1,0,2,0,0,3,0,4,0,0,1,0,0,0,2,2,3,0,5
plurality,1,0,0,0,0,0,0,0,0,0,0,1,2,0,1,0,1,1,0,0,1
plus,162,76,90,98,56,116,49,89,95,71,69,110,110,111,73,95,125,112,140,133,112
plymouth,0,0,0,0,0,0,0,0,0,0,0,0,0,0,0,0,0,1,0,0,0
pm,42,27,29,35,15,43,37,18,18,24,19,60,38,16,35,38,32,17,18,30,16
pneumonia,3,0,0,11,0,1,1,1,1,0,0,0,0,8,0,0,1,1,0,3,0
po,50,63,5,46,37,11,21,2,12,45,0,40,3,20,5,8,22,7,14,9,2
pocket,6,7,0,0,1,0,0,0,0,0,0,3,1,0,0,14,0,0,0,13,4
pockets,0,2,0,0,0,0,0,0,0,0,0,0,0,0,0,2,0,0,0,2,0
poem,0,0,0,0,0,0,0,0,0,0,1,1,3,0,1,0,0,2,1,0,3
poems,0,1,0,0,8,0,1,1,0,0,0,0,0,0,0,0,0,0,0,0,0
poet,1,0,0,0,0,0,0,0,1,0,0,0,0,0,0,0,0,1,0,0,0
poetry,0,0,0,0,1,0,0,0,2,2,0,6,2,2,3,0,1,1,0,1,2
poets,0,0,0,0,0,0,0,0,0,0,0,0,0,0,0,0,0,1,0,0,0
point,1692,1062,1508,1434,945,1605,1414,1526,1182,1548,1613,1359,1453,1617,1582,2054,1704,1939,2259,2014,1483
pointed,7,5,2,3,1,4,1,1,1,1,0,2,5,2,0,0,9,3,1,5,3
pointing,59,23,55,29,9,39,18,51,18,33,27,30,92,45,51,99,94,77,148,119,42
points,1520,1131,1547,1467,1092,1613,1931,1957,1530,1974,1805,1508,1701,1773,1828,2010,1457,2254,2477,2331,1413
poison,14,19,8,18,6,10,21,4,4,12,2,1,9,1,4,72,9,5,46,42,9
poisoning,5,16,3,3,2,4,2,4,0,6,1,8,3,1,1,13,4,2,2,9,0
poland,0,0,0,1,0,0,0,0,0,0,0,0,0,0,0,0,0,0,0,0,0
polar,17,5,8,72,3,3,6,11,5,54,31,15,21,6,26,15,7,10,43,13,25
polarization,10,5,4,0,3,3,2,0,0,8,0,5,35,0,0,0,5,0,1,38,7
pole,40,6,59,18,9,35,8,31,21,12,13,7,17,27,16,3,36,11,40,7,11
poles,2,0,51,5,1,3,0,1,0,0,0,3,1,1,1,1,3,8,3,2,8
police,0,7,2,0,4,0,0,0,2,1,0,2,2,3,3,0,1,2,0,1,0
policies,47,28,10,78,20,48,37,34,42,22,27,35,20,45,26,53,50,82,32,31,49
policy,1306,1391,1252,1315,1046,947,704,901,1073,781,1419,1531,925,930,929,929,695,2071,966,517,918
polish,0,1,0,10,0,0,0,0,0,1,2,2,2,1,0,2,4,14,3,7,2
polished,0,0,0,1,0,0,1,0,0,0,0,0,0,0,3,0,0,0,1,0,0
political,4,0,1,1,0,3,0,4,1,0,0,0,0,1,0,2,1,1,1,0,0
politicians,0,0,0,0,0,1,0,0,0,0,0,0,0,0,1,0,0,0,0,0,0
politics,0,0,0,0,2,0,0,0,1,4,0,2,0,1,0,0,0,0,1,2,0
poll,24,41,77,37,12,55,4,12,3,1,2,13,0,0,0,13,1,18,5,0,22
pollution,8,4,2,2,0,2,0,0,5,0,0,0,1,0,2,0,1,0,0,0,1
polymer,3,0,0,0,0,0,0,0,0,0,0,4,0,0,7,2,0,0,1,0,0
pond,0,0,0,0,0,0,0,0,0,0,0,0,0,0,0,0,2,1,0,0,0
pool,426,285,417,378,296,367,187,420,259,303,334,365,848,417,399,356,613,660,460,487,414
pools,8,14,22,10,1,6,7,15,11,7,6,3,11,9,4,4,6,13,10,15,18
poor,17,11,12,14,5,11,8,13,8,12,9,15,8,8,7,9,10,17,22,23,12
poorly,12,0,4,4,3,7,0,4,9,6,4,6,11,9,1,7,11,5,10,8,4
pop,201,63,128,165,81,167,106,120,110,99,118,135,176,148,219,225,319,259,496,322,233
pope,0,0,0,0,0,1,0,0,0,0,0,0,0,0,0,0,13,1,4,6,2
popular,6,3,8,15,4,7,4,5,5,5,6,7,9,9,15,9,14,4,7,9,10
popularity,2,0,0,1,1,0,2,0,0,1,0,0,1,3,6,0,1,8,1,0,0
population,50,43,79,45,48,13,24,83,24,23,40,33,53,30,104,38,64,77,84,59,173
populations,2,8,0,3,1,2,0,0,7,0,6,1,0,2,0,1,1,0,0,1,5
porch,0,0,0,0,0,0,0,0,0,0,0,0,0,0,0,0,5,0,3,2,0
pork,0,0,0,0,0,0,0,0,0,0,0,0,0,0,0,0,2,0,0,0,0
port,214,233,479,176,32,81,88,183,61,99,165,161,165,108,157,185,138,137,140,129,207
portable,9,2,6,2,0,7,0,0,3,0,0,6,8,0,0,5,5,11,2,2,2
porter,1,0,0,0,0,0,0,0,1,0,0,0,0,3,0,1,0,0,33,7,3
portfolio,0,1,0,0,0,0,0,0,0,4,0,0,1,0,7,0,1,24,6,2,0
portion,145,30,28,27,26,117,15,19,28,69,39,35,29,50,32,29,31,28,58,55,46
portions,87,396,426,163,56,101,29,101,82,32,56,412,298,53,106,151,111,118,87,403,173
portland,0,0,4,0,0,1,0,0,0,0,0,0,0,0,0,0,0,0,0,0,1
portrait,20,12,14,21,9,7,12,17,10,2,4,28,6,11,12,10,18,2,8,2,8
portraits,0,3,0,4,0,0,1,0,4,0,4,0,0,1,0,0,0,0,0,0,0
ports,5,9,27,6,0,1,4,7,12,2,2,3,2,5,5,8,2,6,4,14,26
portugal,0,0,0,0,0,0,2,0,0,0,0,0,0,0,0,0,0,0,0,0,0
portuguese,0,0,0,6,0,0,0,0,0,0,1,4,0,2,0,0,0,12,4,3,2
pose,263,194,280,284,161,375,244,266,388,399,427,471,417,290,361,333,359,437,436,516,220
posed,1,5,0,2,0,0,1,4,1,6,2,10,0,6,4,7,2,4,3,3,0
position,1350,726,773,1042,746,1694,1105,1429,1270,1305,1498,1900,2424,1888,1399,2085,2958,2878,2589,2647,2137
positions,835,465,341,944,535,1333,711,1533,799,691,926,1428,2505,1515,494,997,2080,2329,2000,1593,1228
positive,893,632,833,997,662,702,676,959,683,794,7573,2860,771,859,845,854,970,942,1035,746,726
positively,7,1,10,0,0,0,2,1,1,1,2,1,1,0,1,0,5,1,1,4,1
possess,3,0,2,1,2,3,1,1,1,1,2,1,0,1,1,1,0,1,1,1,0
possesses,1,0,0,0,0,0,0,1,0,0,0,0,0,0,0,1,0,0,0,0,0
possession,3,0,0,0,0,1,4,1,1,0,0,1,5,4,14,8,0,3,8,1,2
possibilities,36,23,15,40,16,49,11,30,23,8,19,31,29,38,16,5,30,25,19,21,4
possibility,738,26,83,82,36,34,51,153,73,58,33,38,39,38,64,121,74,49,147,89,78
possible,691,422,562,530,290,683,389,702,537,449,558,682,957,715,602,553,958,919,975,1000,843
possibly,105,94,91,114,48,167,75,135,72,96,90,139,150,137,81,94,146,107,175,159,128
post,303,248,435,371,255,356,319,415,345,343,328,533,350,411,367,438,509,520,905,638,577
postage,36,0,0,0,1,6,0,0,0,0,1,0,0,0,0,0,1,0,0,0,0
postal,0,0,0,0,0,0,0,0,0,0,0,0,0,0,3,0,0,0,0,0,0
posted,15,6,3,0,0,0,3,1,3,0,3,1,2,0,1,0,0,7,1,1,0
posterior,133,53,52,120,27,53,133,74,53,84,80,65,134,140,116,171,152,304,212,180,249
postponed,3,0,5,1,0,7,0,1,4,0,0,4,0,1,0,1,0,3,0,1,0
posts,14,1,7,6,5,4,4,3,3,7,8,8,11,3,6,7,4,11,7,4,4
posture,2,0,0,2,0,0,1,2,0,1,0,0,0,1,0,2,1,0,7,0,1
pot,7,6,4,3,1,0,3,0,10,3,0,1,6,3,0,2,22,2,5,40,13
potassium,2,0,0,0,0,0,2,0,1,0,3,0,0,0,0,2,0,0,0,0,0
potato,1,0,0,0,0,0,0,0,1,0,0,0,1,0,0,3,0,1,1,0,0
potatoes,1,0,0,0,0,1,0,0,0,0,0,0,0,0,0,0,2,0,0,0,0
potent,1,0,0,0,0,0,3,0,0,0,0,0,0,0,0,0,0,0,0,0,0
potential,118,113,112,76,55,113,100,82,69,70,83,125,122,89,117,118,136,136,156,224,216
potentially,103,67,95,63,53,65,44,73,49,70,47,71,66,85,64,90,126,114,257,274,208
potentials,17,5,13,50,2,12,2,17,12,21,42,6,10,5,32,1,6,1,0,2,5
potter,0,4,4,8,0,0,4,0,5,4,0,0,0,1,0,1,1,0,0,0,1
pottery,0,0,0,0,0,0,0,0,0,0,0,0,0,0,0,0,2,0,0,0,0
pound,2,0,0,0,0,0,0,0,0,0,0,0,0,0,0,0,0,1,0,0,0
pounds,0,0,0,0,0,0,0,0,0,0,0,0,0,1,0,1,1,0,0,0,0
pour,5,3,1,1,0,3,0,0,1,0,0,0,3,1,0,0,4,0,0,0,9
poverty,0,0,0,2,0,0,0,0,0,0,0,3,0,6,0,0,0,0,0,0,0
powder,0,0,0,0,0,0,0,0,0,0,0,0,0,0,0,0,0,0,3,0,0
powell,2,1,13,3,1,0,0,0,1,1,0,1,7,3,0,0,0,5,0,0,1
power,404,373,505,154,169,199,82,168,124,303,140,203,177,112,154,257,240,354,427,250,238
powered,3,0,0,0,1,2,0,4,1,0,0,0,0,1,0,0,1,1,0,0,1
powerful,8,0,2,5,0,5,0,4,2,2,1,3,4,3,1,3,2,5,3,21,0
powers,7,12,30,9,5,19,4,2,5,11,12,9,14,10,12,8,19,22,15,39,19
pp,48,37,30,29,37,25,32,24,21,20,16,20,17,30,70,28,62,101,102,205,140
ppm,7,5,10,1,3,13,0,2,3,1,2,8,1,0,2,48,4,0,1,5,1
pr,77,61,79,86,81,116,64,91,68,49,71,123,121,78,95,96,132,128,162,160,114
practicable,24,2,0,0,0,0,0,0,0,0,0,0,0,0,0,0,0,0,0,0,0
practical,13,8,7,1,6,6,1,1,6,2,1,4,3,1,2,3,3,12,5,8,12
practically,1,2,1,0,0,0,1,0,0,3,1,0,3,1,2,1,3,4,3,2,5
practice,123,101,52,91,50,110,34,63,47,76,40,67,65,78,66,57,70,57,65,70,46
practiced,0,0,0,0,0,0,0,0,0,0,0,0,0,0,0,0,0,2,0,0,0
practices,29,53,18,44,13,36,8,18,14,6,17,15,10,10,4,1,9,1,8,5,5
practicing,0,0,0,0,0,0,0,0,0,0,0,4,0,0,0,0,0,0,0,0,0
practitioner,0,0,0,0,0,0,0,0,0,0,0,0,0,0,0,0,0,0,1,0,0
practitioners,1,0,0,0,0,0,0,0,0,0,0,0,0,0,0,0,0,0,0,0,0
prairie,0,0,0,0,0,0,0,0,0,0,0,2,0,0,0,0,0,0,0,0,0
pratt,0,0,2,0,0,0,0,0,0,0,0,0,0,0,0,1,0,0,0,1,0
pray,0,0,0,0,0,0,0,1,0,1,0,0,0,0,1,0,1,3,0,0,1
praying,0,0,0,0,0,0,0,0,0,1,0,0,0,0,0,0,0,0,0,0,0
pre,801,698,1004,791,550,866,535,755,636,795,720,967,1039,767,705,810,1143,1125,1166,996,858
precautions,2,0,0,0,0,1,1,3,0,1,8,3,5,6,2,2,4,4,4,2,4
preceded,10,13,32,9,14,9,1,3,4,7,7,7,20,12,7,16,26,15,9,24,9
precedent,0,4,4,4,0,1,0,0,0,3,0,0,0,0,0,2,0,4,0,0,0
preceding,19,17,29,20,9,10,6,9,9,7,13,14,9,7,22,20,15,21,17,20,18
precious,0,0,0,0,0,0,0,1,1,0,0,0,0,1,0,1,1,0,1,0,0
precipitation,0,0,0,0,0,0,0,0,0,2,0,0,14,1,1,0,0,0,1,0,2
precise,23,19,32,28,20,25,25,45,38,46,27,29,43,50,38,46,52,56,53,65,55
precisely,5,4,5,4,4,12,9,9,11,7,7,10,17,11,1,5,16,7,13,13,15
precision,789,437,578,683,422,580,515,576,452,566,658,689,695,713,690,767,1032,912,1255,1107,903
preclude,1,0,0,0,0,16,0,0,0,0,1,0,0,0,4,16,0,0,0,0,0
predecessor,7,8,30,5,5,0,0,1,1,0,1,2,5,2,7,6,4,18,0,6,10
predict,709,415,396,621,384,731,540,665,549,504,614,742,651,651,600,794,1248,1010,1736,1200,959
predicted,564,474,381,488,295,438,358,477,315,479,470,492,460,448,532,610,765,777,1138,725,635
prediction,1185,760,759,1202,729,1241,920,1359,1001,1272,1234,1332,1315,1547,1347,1192,1797,1629,1734,1575,1080
predictions,1068,762,608,968,714,1096,724,997,787,971,983,1020,1051,1343,1149,1031,1439,1118,1098,1012,793
preface,0,0,1,0,0,0,0,0,0,0,0,0,0,0,1,0,0,0,0,2,0
prefer,52,64,108,52,18,54,43,61,39,42,42,77,61,64,70,72,77,67,63,86,58
preferable,1,3,12,6,5,9,10,6,7,7,11,8,1,4,4,3,4,9,4,3,4
preference,31,32,23,31,6,23,15,22,2,4,5,9,74,10,12,16,28,30,15,31,39
preferences,6,7,1,8,6,9,1,5,1,0,14,2,5,7,9,3,8,5,3,22,4
preferred,15,27,72,66,30,32,26,29,49,36,62,59,50,42,31,41,26,50,41,31,36
pregnancy,0,0,0,0,0,0,0,0,0,1,0,0,0,1,0,0,0,0,3,0,0
pregnant,0,4,0,0,0,0,1,0,0,0,0,0,0,0,0,0,0,0,0,0,0
prejudice,1,0,3,0,0,0,0,0,1,0,0,0,0,0,0,0,0,0,0,1,0
preliminary,8,4,2,6,11,7,5,7,23,10,3,15,7,12,4,3,4,10,11,8,23
premature,26,1,0,0,2,6,0,10,0,1,3,1,8,5,1,0,8,3,8,1,1
premises,18,2,0,0,0,0,0,0,1,1,0,0,0,2,1,1,1,24,2,3,5
premium,0,0,0,0,0,0,0,0,0,0,0,0,0,2,0,1,0,0,0,1,0
preparation,61,70,37,42,15,45,27,41,101,47,43,51,63,40,40,43,48,43,50,120,82
preparations,4,6,2,1,3,2,0,2,1,1,4,1,9,2,2,0,7,1,7,6,4
preparatory,0,0,0,0,0,0,0,0,0,0,0,0,0,0,0,0,0,0,2,0,0
prepare,976,746,602,1005,714,1368,790,1541,944,1034,1320,1193,1854,1420,1076,1371,2816,2316,4190,2852,2144
prepared,51,65,61,26,30,57,32,54,28,24,67,47,63,63,35,20,65,54,65,74,46
preparing,24,26,14,17,24,41,26,24,37,44,55,38,46,47,66,42,72,53,57,80,47
prerequisite,5,1,0,0,0,0,0,0,0,1,3,0,2,3,1,1,6,2,3,5,0
pres,0,1,1,3,4,2,2,0,1,1,4,1,0,1,0,4,35,0,0,3,0
prescribed,9,2,0,0,0,0,0,0,0,0,6,0,1,0,0,1,0,1,0,0,0
prescription,5,0,0,0,4,0,0,0,0,2,0,2,1,2,1,1,0,2,2,1,1
presence,38,11,40,21,9,40,4,12,6,16,16,18,26,25,19,58,33,45,61,47,32
present,982,794,529,786,666,921,625,815,603,548,722,733,1113,699,422,558,818,971,1100,885,790
presentation,22,1,2,8,2,0,0,2,5,0,1,2,3,4,0,2,4,9,7,11,5
presentations,0,0,0,0,0,10,13,10,17,13,13,19,17,23,26,22,39,27,26,24,21
presented,13,22,49,20,11,11,2,8,3,5,94,39,10,5,11,13,6,31,12,5,7
presenting,2,1,2,2,1,0,0,1,0,0,0,0,0,0,3,1,0,0,0,1,0
presently,19,4,2,4,17,2,2,6,1,1,8,11,1,1,0,0,0,5,2,3,0
presents,45,28,19,46,15,49,19,20,24,19,10,18,10,4,4,9,4,1,5,4,0
preservation,3,9,22,2,1,1,0,2,0,1,0,10,3,0,6,6,26,11,81,57,37
preserve,134,82,171,94,71,188,127,223,61,54,212,256,642,114,45,92,103,267,333,135,104
preserved,46,20,59,28,15,64,28,32,27,27,12,61,33,28,15,31,26,19,19,25,36
preserving,24,9,13,15,7,28,15,18,13,16,8,10,17,11,37,32,29,26,55,30,40
presidency,0,0,1,0,0,1,0,0,0,0,0,0,0,0,0,0,0,0,0,0,0
president,14,36,2,76,65,118,0,88,36,0,34,107,65,32,33,0,62,0,32,45,17
presidential,0,0,0,1,2,0,1,0,0,0,0,1,0,0,0,1,0,0,0,0,0
presidents,0,0,0,0,0,0,0,0,0,0,0,0,0,0,0,0,0,0,0,0,1
press,27,15,14,13,16,37,3,31,7,20,23,11,17,11,34,6,21,15,36,42,99
pressed,19,0,12,6,8,13,9,42,5,3,5,5,23,13,22,15,5,6,25,9,4
presses,3,0,2,0,0,0,0,10,2,0,0,0,0,0,3,0,5,6,2,1,0
pressing,4,0,2,0,2,1,0,2,2,1,0,3,2,2,3,4,2,7,1,2,3
pressure,55,11,1,9,3,20,19,17,19,17,8,12,9,17,18,24,15,44,9,58,13
pressures,19,0,0,0,0,4,0,0,1,0,0,0,0,0,0,0,0,0,0,0,0
presumably,9,7,16,4,4,30,3,55,9,2,28,47,120,48,31,21,54,75,73,20,8
presume,0,0,1,0,0,0,0,0,0,1,0,0,0,0,0,1,1,0,0,2,1
presumed,0,0,0,0,0,1,0,0,1,0,8,0,3,1,0,2,2,4,8,3,11
presumption,0,0,0,0,0,0,0,0,0,1,0,0,0,0,0,0,0,0,0,0,0
pretty,98,72,77,63,19,46,26,46,40,21,20,30,39,24,25,46,60,71,49,45,58
prevail,0,0,5,0,0,0,0,0,0,0,0,0,0,0,0,0,0,0,0,0,1
prevailed,0,0,1,0,0,0,0,0,0,0,0,0,0,0,0,0,0,0,0,0,0
prevailing,0,0,0,0,0,0,0,0,0,0,0,0,0,0,0,0,0,1,0,0,0
prevalence,2,1,5,0,0,0,2,0,0,2,3,2,0,25,2,1,1,14,7,1,0
prevalent,0,0,0,0,0,0,0,0,0,0,0,0,0,4,0,0,9,1,0,1,2
prevent,372,261,295,317,189,376,227,345,269,338,318,456,444,336,335,369,448,507,458,480,407
prevented,0,1,1,1,3,5,0,4,0,1,2,3,2,0,3,2,0,1,4,0,2
preventing,7,9,3,10,3,8,6,5,4,7,10,10,12,12,11,9,20,23,15,24,18
prevention,0,0,1,0,0,0,0,0,2,0,0,0,0,0,0,0,3,0,0,0,0
prevents,34,28,50,27,19,38,15,32,12,29,15,38,37,23,28,38,95,33,79,207,112
previous,831,519,637,708,511,1222,604,994,556,650,747,956,1509,1054,711,997,1651,1632,2496,1743,1415
previously,186,143,181,180,72,183,104,127,103,93,65,128,131,69,144,87,148,106,181,157,140
prey,1,1,0,0,39,1,2,0,3,0,0,5,0,0,0,3,12,3,2,5,54
price,4,22,7,1,1,14,11,19,1,6,0,12,82,42,3,6,12,3,29,126,8
priced,0,0,0,0,0,0,0,0,0,2,0,0,0,0,0,0,0,0,0,0,0
prices,1,2,0,2,0,1,1,0,1,6,0,4,7,4,0,1,1,0,7,11,1
pricing,0,4,0,0,0,1,0,0,0,0,0,0,1,12,0,1,1,2,2,4,2
pride,0,0,0,0,0,0,0,0,1,0,0,0,0,0,0,0,0,1,0,2,0
priest,0,8,0,16,14,28,0,22,8,0,8,24,16,8,8,0,12,0,8,7,2
primarily,20,6,3,2,3,4,2,5,2,3,2,1,4,1,5,4,12,3,6,10,7
primary,49,54,42,24,17,34,15,41,16,32,41,22,31,26,13,36,32,30,32,85,116
prime,10,13,35,15,17,22,12,15,8,36,3,15,74,13,6,8,13,10,12,54,17
primitive,41,22,8,45,45,36,35,74,40,88,47,45,60,37,30,68,30,62,87,63,102
prince,23,0,0,0,1,1,0,0,0,0,0,0,5,0,0,0,0,0,0,0,2
princess,0,0,0,1,0,0,0,0,0,0,0,0,0,0,1,0,0,0,0,0,0
princeton,2,8,4,4,4,8,1,4,6,14,7,4,5,17,11,4,4,8,12,5,3
principal,23,2,12,14,6,3,5,6,8,24,9,8,10,17,30,18,58,32,14,27,45
principally,0,0,0,0,0,0,0,0,0,0,0,0,0,0,0,0,0,0,0,1,0
principle,21,17,15,17,6,12,6,15,9,20,22,15,15,6,11,21,10,16,22,23,25
principles,9,1,0,0,0,0,0,0,0,0,0,0,0,1,3,3,0,0,2,0,0
print,15143,8010,9308,10334,8748,10747,8470,9774,10132,12625,47638,23341,12825,9459,11177,11627,14355,12765,11273,11468,9126
printed,69,18,17,16,24,40,26,48,20,36,27,28,49,25,49,31,67,57,50,36,39
printer,10,3,1,1,4,2,2,2,1,0,1,1,8,3,0,3,6,8,2,1,4
printers,7,2,6,0,0,0,0,2,0,0,0,0,4,0,0,0,2,4,1,0,3
printing,81,49,31,66,29,93,74,58,58,73,78,61,66,31,90,71,63,87,71,63,56
prints,38,17,26,36,28,50,36,38,41,60,29,35,58,18,57,70,60,49,58,37,15
prior,1097,314,419,426,230,434,344,478,455,390,360,449,297,320,425,425,482,483,804,627,550
priorities,7,0,14,19,9,23,19,16,16,19,7,13,5,4,14,13,8,16,3,1,6
priority,83,97,187,104,66,168,138,130,135,165,241,178,178,168,142,123,182,220,190,167,195
prison,0,0,0,0,0,0,0,0,0,0,0,1,0,1,0,0,0,0,0,0,0
prisoner,0,0,0,0,0,0,0,0,0,0,0,0,0,0,0,0,1,0,0,0,0
prisoners,0,0,0,0,0,0,0,0,0,0,0,0,0,0,0,0,0,1,0,0,0
privacy,23,8,1,2,11,25,13,11,20,13,2,21,0,7,70,16,24,35,25,8,28
private,102,80,119,67,26,135,69,192,86,67,111,180,262,164,77,119,222,253,253,199,164
privately,3,0,0,0,0,1,0,0,0,0,0,0,0,0,3,2,1,0,0,0,1
privilege,0,4,8,2,0,0,0,1,1,2,5,4,6,5,4,3,4,5,2,3,6
privileged,13,0,4,0,1,0,0,2,1,0,0,2,0,0,0,1,6,0,3,0,0
privileges,13,1,0,0,0,0,0,0,0,1,0,0,0,0,0,0,0,0,0,3,0
prize,1,2,0,0,0,0,0,0,0,0,0,0,46,0,0,44,1,1,4,0,0
prizes,0,0,0,0,0,0,0,0,0,0,0,0,10,0,0,10,0,0,0,0,0
pro,3,4,7,15,8,3,7,7,0,3,13,12,13,10,6,46,10,15,43,20,8
probability,714,472,424,553,443,757,462,523,413,722,590,699,713,858,557,580,806,685,746,626,550
probable,20,6,0,24,3,2,13,16,7,12,9,5,15,8,5,9,16,17,6,15,15
probably,273,184,258,176,123,231,110,174,89,138,125,200,183,121,127,213,323,188,400,200,256
probe,15,11,33,29,25,34,32,30,28,35,22,25,25,31,28,35,41,19,16,38,25
problem,470,199,398,212,214,263,222,200,174,199,186,191,312,248,250,1377,297,502,462,403,320
problems,102,71,171,77,27,87,45,109,52,38,52,107,154,69,60,81,105,143,142,131,98
proc,25,8,17,46,37,9,17,16,19,17,7,6,7,12,40,74,32,30,7,6,25
procedural,1,2,3,2,0,5,0,0,1,0,0,2,0,3,0,0,2,1,1,3,0
procedure,79,48,46,72,56,70,49,32,95,37,48,57,58,39,56,56,36,73,44,55,30
procedures,1,7,33,5,0,1,0,2,2,1,3,0,11,3,2,12,2,16,3,2,2
proceed,37,29,44,21,12,9,24,21,23,11,7,12,13,15,11,32,26,24,43,38,40
proceeded,0,0,0,0,0,1,0,0,0,0,0,0,0,0,2,2,0,0,0,0,4
proceeding,3,2,3,6,0,8,3,1,5,2,10,13,10,9,5,8,2,1,4,11,5
proceedings,5,0,1,2,8,13,6,1,6,13,15,4,3,12,6,11,7,6,13,8,83
proceeds,27,1,0,0,0,0,1,0,2,0,1,0,0,2,0,0,0,0,2,4,3
process,1427,1018,959,1306,916,2140,980,1630,1300,1253,1366,1646,2233,1924,1703,1472,2590,3348,2942,2953,2162
processed,233,196,237,154,131,147,127,180,145,132,102,174,260,244,166,213,238,310,248,281,234
processes,284,150,174,253,240,359,281,388,365,398,385,427,487,419,335,354,483,492,478,560,365
processing,570,550,498,554,295,544,452,849,579,458,902,991,2240,1278,573,1136,2565,2776,2346,1976,1936
processor,54,23,35,24,27,65,57,67,17,62,43,57,131,180,35,95,409,734,349,601,349
proclamation,0,0,2,0,0,0,0,0,0,0,0,0,0,0,0,0,0,0,0,0,0
procure,0,0,0,0,0,0,0,0,10,0,0,14,0,0,0,0,0,0,0,0,2
procurement,689,4,55,67,26,16,38,134,58,35,8,23,20,14,45,94,35,27,96,56,57
produce,270,213,153,168,172,164,121,173,160,136,112,155,152,156,157,144,168,195,178,162,179
produced,139,46,31,32,27,30,51,26,33,36,23,44,41,32,39,34,47,53,40,171,60
producer,3,8,4,12,1,9,6,5,4,2,2,8,10,6,16,8,14,3,5,6,5
producers,1,1,0,2,0,0,0,0,0,0,0,0,0,0,0,0,0,0,0,0,5
produces,86,40,44,54,40,49,42,80,60,48,33,58,74,56,97,59,77,71,65,143,126
producing,24,16,33,11,13,13,6,8,21,27,13,24,9,15,24,9,22,19,12,18,21
product,269,202,273,257,224,319,163,348,196,279,1927,748,539,381,282,347,629,628,521,541,493
production,140,27,29,8,12,21,12,35,10,33,8,19,15,15,10,55,38,28,47,28,15
productions,22,2,8,0,0,2,0,1,0,3,0,0,0,0,0,0,0,2,0,0,1
productive,4,0,0,0,0,0,0,0,0,0,0,0,0,0,2,38,5,0,0,0,0
productivity,0,0,0,0,0,0,3,0,0,0,0,0,0,0,0,0,0,0,0,0,2
products,723,27,106,66,41,69,49,144,76,36,19,29,40,44,62,114,53,56,114,114,100
prof,8,4,4,3,63,10,3,3,13,7,4,8,3,14,2,7,21,23,20,13,10
profession,3,0,0,0,0,0,0,0,2,0,0,1,0,1,0,1,0,2,1,1,4
professional,0,1,1,0,0,0,0,0,0,0,0,0,0,1,1,2,0,0,0,1,1
professionals,16,0,0,0,11,0,1,6,1,1,0,8,0,1,0,1,0,7,1,1,4
professions,0,0,0,0,0,0,0,0,0,0,0,1,0,0,0,0,1,0,0,0,0
professor,1,1,2,0,0,0,0,1,0,0,0,0,0,0,0,3,0,0,0,0,2
profile,89,55,50,91,68,161,70,118,59,129,105,98,325,114,104,196,225,235,199,192,150
profiles,14,7,6,24,15,50,8,5,0,13,4,3,15,23,9,15,20,15,15,41,40
profit,14,2,0,0,0,0,0,1,0,3,0,0,19,0,0,0,2,0,0,2,0
profitable,0,0,0,0,0,0,0,0,0,0,0,0,0,2,0,0,0,0,0,0,0
profits,750,27,95,87,28,21,59,166,58,44,13,30,33,20,53,97,39,33,97,76,59
profound,1,0,0,0,0,0,0,0,0,0,0,0,0,0,0,0,0,0,0,0,0
program,516,346,367,316,279,233,266,617,74,186,114,219,1098,681,256,431,365,1129,386,391,646
programme,16,1,0,0,0,0,0,0,0,0,0,0,0,0,0,1,1,1,0,3,0
programming,35,6,18,10,9,9,5,7,4,10,8,8,7,8,47,21,9,25,10,15,8
programs,38,12,16,30,16,12,8,6,6,20,11,10,7,14,16,17,16,33,48,30,73
progress,288,164,199,243,180,217,136,247,155,195,250,155,227,242,276,207,314,406,402,486,235
progression,6,7,0,11,5,0,1,3,3,6,2,15,6,11,2,10,9,1,6,7,1
progressive,25,36,11,26,31,5,8,19,24,36,28,11,21,48,16,2,28,43,34,27,8
prohibit,0,2,5,0,3,0,0,0,0,0,0,1,2,1,1,3,3,0,3,1,2
prohibited,15,26,88,26,98,16,50,55,12,281,47,179,212,367,154,154,243,162,254,88,34
prohibiting,0,0,0,0,0,0,0,0,0,0,0,0,0,0,0,2,0,0,0,0,0
project,713,486,499,610,441,833,603,841,648,707,510,677,943,766,523,645,655,893,871,909,876
projected,60,31,39,45,40,109,64,174,31,84,140,220,401,208,72,146,359,380,335,278,223
projecting,14,2,1,30,9,21,10,17,11,15,19,23,37,39,20,29,61,80,50,46,51
projection,360,327,397,342,298,484,332,452,382,434,404,406,630,540,559,499,737,906,624,799,559
projections,36,24,22,30,17,37,35,42,42,74,38,47,55,65,67,85,131,93,110,218,114
projects,102,46,81,53,26,96,50,71,74,62,43,139,100,75,50,102,58,85,108,63,95
proliferation,1,0,0,0,0,0,0,0,0,0,1,1,0,0,0,0,0,0,0,0,0
prolonged,0,0,0,0,0,0,0,0,0,0,1,0,0,0,0,0,0,0,0,0,0
prominent,1,0,1,4,1,3,0,2,10,0,1,14,1,0,4,4,0,3,7,3,2
promise,1,1,2,0,0,2,1,1,0,0,4,2,6,1,3,1,3,4,4,1,2
promised,0,1,0,0,0,0,0,1,2,0,0,0,0,0,1,0,0,0,0,1,2
promises,1,0,1,0,0,0,0,0,1,0,0,0,1,0,0,0,0,1,1,0,0
promising,0,3,2,4,1,2,0,5,4,1,2,4,6,4,2,3,4,4,4,3,1
promote,720,18,28,76,39,59,42,145,77,33,18,40,30,19,53,97,60,45,129,74,80
promoted,3,2,5,4,0,4,0,0,0,0,0,1,0,0,0,20,1,4,5,1,9
promoting,0,1,1,0,0,2,0,3,0,0,0,0,0,0,0,0,0,1,4,0,1
promotion,0,11,22,5,2,16,0,4,4,5,2,13,8,9,4,4,7,6,19,25,17
prompt,23,27,45,27,18,53,11,71,75,84,95,252,285,281,280,901,1803,1784,3382,2662,1768
prompted,1,0,5,0,0,1,0,1,0,0,4,4,0,2,0,7,6,4,4,13,5
promptly,0,0,0,0,0,2,0,0,0,0,0,0,0,0,0,0,1,1,0,0,1
pronounced,0,2,0,0,0,0,0,0,3,1,0,0,2,0,0,0,0,0,0,1,2
proof,17,3,11,40,2,20,9,7,5,5,0,3,2,10,3,26,6,2,14,80,5
proofs,0,0,3,5,0,7,3,3,3,0,0,0,0,0,0,4,0,0,1,0,1
propagation,229,32,56,36,43,258,44,57,55,64,64,142,57,61,50,62,40,101,73,129,113
proper,170,167,172,97,86,176,117,212,178,125,163,211,311,192,172,166,277,269,304,239,229
properly,175,139,187,162,88,183,110,177,109,108,148,146,190,180,118,160,215,201,287,311,256
properties,317,111,213,150,228,216,186,151,173,144,157,137,194,141,178,315,146,319,248,326,258
property,245,67,115,100,161,131,101,117,69,366,123,302,246,378,230,192,343,290,427,242,195
prophet,0,0,0,0,0,0,0,0,0,0,0,0,0,1,0,1,0,1,0,0,2
proportion,29,25,16,47,10,40,10,15,37,21,15,33,50,19,38,14,38,36,23,23,19
proportional,57,8,19,21,19,27,30,12,18,17,18,16,12,16,16,24,40,31,53,28,75
proportions,20,6,4,9,5,4,7,16,6,4,16,1,15,3,4,8,27,5,10,14,8
proposal,311,226,202,315,111,198,172,234,253,250,162,327,181,207,215,204,236,236,212,114,109
proposals,614,692,567,749,410,463,471,652,645,536,408,667,437,396,475,395,447,291,378,128,133
propose,19,7,6,10,5,4,6,10,3,7,4,4,9,5,4,11,12,18,4,22,5
proposed,58,40,39,33,64,78,35,54,34,39,30,79,68,30,56,39,58,53,38,76,40
proposes,0,0,0,0,0,0,0,3,1,0,0,0,1,0,0,2,2,0,2,0,0
proposing,3,0,0,0,0,0,0,0,0,0,0,0,0,0,0,0,0,1,1,0,3
proposition,4,0,5,17,1,0,3,2,0,0,0,8,4,2,0,2,2,2,2,0,5
propositions,0,0,3,61,0,0,0,0,0,0,0,0,0,0,0,0,0,10,9,0,4
proprietary,41,29,39,26,94,16,51,54,15,283,47,182,212,362,166,155,241,159,254,94,33
prose,0,0,0,0,0,0,1,0,2,0,0,0,0,0,0,0,0,0,0,0,0
prosecution,4,24,32,3,2,0,1,50,0,17,1,3,96,81,1,50,7,1,0,1,2
prospect,0,0,0,0,0,0,0,0,0,0,0,0,2,7,0,0,3,0,0,0,0
prospective,2,32,104,16,0,3,0,8,4,2,10,29,0,0,1,32,0,1,16,1,0
prospects,0,0,0,0,0,1,0,0,0,0,0,0,0,1,0,0,0,0,0,0,1
protect,58,20,37,56,14,29,17,37,24,57,16,36,77,23,18,26,34,62,40,43,11
protected,161,78,99,160,63,159,45,70,27,86,66,71,47,84,81,107,244,113,83,175,444
protecting,1,0,2,2,2,0,0,2,0,2,1,0,4,2,2,2,0,2,2,2,4
protection,14,3,6,3,0,4,0,2,0,0,6,2,0,3,15,11,20,334,5,20,6
protective,2,0,0,0,2,0,0,2,0,0,0,6,1,4,0,1,1,0,0,4,0
protein,18,10,2,9,3,3,1,0,34,35,1,21,18,11,10,71,10,13,48,26,18
proteins,0,0,0,1,1,17,1,0,2,16,2,2,5,8,2,4,7,3,1,8,0
protest,4,0,0,0,0,0,0,0,0,0,0,0,0,0,0,0,0,0,0,0,0
protocol,166,83,109,63,36,47,37,257,88,37,111,98,90,55,130,60,49,116,79,66,40
prototype,102,90,16,29,21,59,19,13,28,41,18,53,56,64,70,119,91,31,21,109,22
proud,2,0,0,0,0,0,0,0,0,0,0,0,0,0,0,3,1,0,0,0,2
prove,3,11,10,5,0,4,0,3,2,7,0,4,1,7,0,2,3,9,4,5,6
proved,1,2,1,0,0,1,1,0,0,1,0,0,0,0,1,4,1,2,1,0,2
proven,1,6,1,20,1,2,0,0,0,0,1,0,0,4,2,0,0,2,3,4,1
proves,3,0,1,0,1,0,0,0,1,0,0,0,0,2,0,0,0,0,1,0,0
provide,324,134,172,169,160,371,199,392,190,207,297,325,647,442,320,320,668,584,599,530,480
provided,2867,686,863,852,491,895,634,1215,657,558,594,1099,1470,921,750,1183,1591,1588,2042,2108,1637
provider,16,17,80,17,4,11,27,20,56,2,8,14,10,16,4,19,9,6,11,18,5
providers,1,2,4,3,2,0,2,2,0,4,0,0,3,2,13,3,6,5,2,5,1
provides,132,64,104,61,21,35,24,39,45,29,28,46,52,61,34,74,53,84,88,96,65
providing,33,7,16,12,14,13,8,10,7,13,11,37,24,45,26,18,27,32,33,36,32
province,0,0,1,1,0,0,0,0,0,0,0,0,0,0,0,10,0,0,1,0,1
proving,0,0,0,0,0,0,0,0,0,0,0,0,0,0,0,0,1,0,0,1,0
provision,73,4,0,0,0,4,0,3,0,1,2,2,6,0,1,3,0,1,1,1,1
provisional,0,0,0,0,1,0,0,0,0,0,0,0,0,0,1,0,1,0,1,0,0
provisions,15,2,0,0,0,0,0,0,0,0,0,0,0,0,0,0,0,0,0,0,0
proximity,30,13,12,5,9,10,5,1,6,7,3,3,2,3,13,14,2,1,6,11,0
ps,118,97,80,82,44,65,22,96,33,84,51,33,377,100,40,125,76,172,64,89,198
psi,51,28,22,73,33,33,21,42,36,9,17,26,37,82,10,25,55,48,40,28,64
psychiatric,0,0,0,0,0,0,0,0,0,0,0,0,0,1,0,0,0,0,0,0,0
psychiatry,0,0,1,0,0,0,0,0,0,0,0,0,0,0,0,0,0,0,0,0,0
psychological,1,0,0,0,1,0,0,0,0,0,0,0,0,0,1,0,0,0,0,0,0
psychology,0,0,0,0,0,0,0,0,0,0,0,0,0,0,1,2,0,0,2,0,0
pt,175,151,82,174,131,284,449,420,201,270,386,353,744,445,309,582,1111,641,772,619,338
pub,21,8,1,4,0,5,2,2,6,4,1,8,1,6,3,4,0,21,3,11,2
public,1139,1342,1319,668,273,430,331,609,156,190,187,552,955,297,222,383,283,925,272,524,522
publication,29,3,4,12,4,20,8,3,15,19,1,25,2,11,17,12,1,17,11,6,9
publications,26,3,0,0,0,21,3,1,11,1,1,14,1,3,0,0,0,3,2,2,2
publicity,16,1,0,0,0,0,0,0,0,0,0,1,0,1,0,2,0,2,2,1,4
publicly,5,3,1,2,11,7,9,1,9,10,6,13,6,20,14,11,6,14,3,12,14
publish,97,249,151,108,69,94,58,78,88,81,63,401,316,52,121,118,103,120,155,423,189
published,96,418,388,210,60,79,84,157,51,39,28,148,233,58,45,97,44,254,41,72,43
publisher,32,0,1,4,7,1,6,0,5,7,0,9,4,4,0,9,1,6,15,19,3
publishers,10,1,2,2,4,1,1,3,3,3,0,7,2,0,3,1,0,0,12,6,0
publishing,13,3,2,3,3,2,0,1,2,0,2,3,4,2,1,1,2,0,12,6,3
puerto,0,0,0,0,0,0,0,0,0,0,0,0,0,0,0,0,1,0,0,0,0
pull,115,120,185,196,107,213,104,254,144,163,265,373,533,415,201,304,585,635,600,679,516
pulled,6,3,3,2,1,2,6,0,7,3,3,2,7,3,4,5,3,3,12,12,14
pulling,9,1,5,3,0,2,3,1,1,0,1,1,1,1,3,1,1,5,8,1,4
pulmonary,0,0,1,3,5,0,0,0,0,1,0,0,2,0,0,0,0,0,0,0,0
pulp,3,1,0,0,1,3,0,0,0,0,0,0,0,0,1,1,0,0,0,1,1
pulse,417,0,0,0,7,27,6,13,4,26,13,16,9,20,22,17,4,54,12,41,52
pulses,3,0,0,0,14,10,0,0,0,0,4,1,14,3,4,1,1,14,3,19,19
pump,0,1,1,0,0,7,3,2,2,0,0,0,2,0,2,0,6,0,1,1,2
pumping,0,0,0,0,0,12,0,0,0,0,0,0,0,0,0,0,0,0,0,0,0
punch,1,0,0,0,1,0,0,0,1,0,0,0,0,0,0,0,0,2,0,0,0
punish,4,1,0,2,5,0,1,0,0,0,0,9,0,1,1,1,1,0,1,3,1
punished,0,0,0,2,0,1,0,0,0,1,0,0,0,0,0,0,1,0,0,0,0
punishment,4,1,0,0,0,2,2,0,0,0,0,1,0,0,0,0,19,0,0,1,0
pupil,5,0,2,0,0,0,2,3,5,0,0,8,0,6,0,1,1,6,7,1,1
pupils,1,0,0,1,0,0,0,0,0,0,0,0,0,2,0,0,0,2,0,0,0
purchase,0,0,0,0,0,1,0,1,9,0,18,2,0,0,1,1,2,4,1,2,0
purchased,0,0,0,0,0,0,0,0,0,0,0,0,0,0,0,0,0,0,6,0,0
purchases,0,0,0,0,0,0,0,2,0,0,0,0,0,1,0,0,0,0,1,0,0
purchasing,0,0,0,0,0,0,0,0,9,0,15,2,0,0,0,0,0,0,0,0,0
pure,73,24,51,26,22,50,20,51,29,10,21,44,44,38,72,67,148,82,169,95,100
purely,6,22,27,12,6,11,3,16,17,16,7,19,17,7,10,17,14,22,23,16,5
purification,0,1,0,0,0,0,0,0,0,0,3,0,0,3,0,0,0,0,0,0,0
purified,0,2,0,0,0,0,0,0,0,0,0,0,0,0,0,0,0,3,0,1,0
purity,3,2,1,3,0,1,2,15,8,2,3,11,7,5,2,1,2,4,15,2,8
purple,14,12,5,24,8,14,11,17,6,18,20,7,10,7,20,14,36,35,52,35,95
purpose,1000,719,650,436,185,283,282,445,197,162,167,592,671,259,274,391,309,491,314,634,332
purposes,262,101,134,131,91,214,112,89,83,125,155,139,104,117,175,122,160,156,168,151,123
pursuant,14,2,0,0,0,0,0,0,0,0,1,0,0,0,0,1,0,0,0,0,0
pursued,0,0,0,0,0,0,0,0,0,0,1,0,0,0,0,0,0,0,0,0,0
pursuing,0,0,0,0,0,0,0,0,0,0,0,0,0,0,0,0,1,3,0,0,0
pursuit,2,0,0,11,0,3,0,0,0,1,0,8,2,0,2,0,0,1,0,0,5
push,113,69,63,113,113,105,80,94,52,88,81,97,141,153,117,117,217,190,159,186,134
pushed,14,4,2,9,12,5,6,2,2,12,4,4,11,7,9,15,4,12,10,3,6
pushing,19,9,9,36,16,20,20,14,4,10,1,3,3,14,10,16,29,12,19,21,9
put,696,574,563,490,310,545,402,530,443,458,484,501,777,571,460,490,734,708,757,701,600
puts,12,9,17,17,18,18,7,17,10,8,13,22,30,14,8,8,25,29,40,51,49
putting,35,18,19,18,29,30,8,11,11,16,24,10,37,17,21,26,25,37,49,58,33
q,820,430,648,702,612,705,654,888,662,659,680,870,1164,876,1032,1198,1783,1773,2002,1828,1327
qualification,5,12,0,1,2,0,4,0,0,0,0,0,0,0,3,0,0,4,0,0,0
qualifications,0,2,0,3,0,0,8,0,0,0,0,0,0,0,0,0,0,0,0,0,0
qualified,11,5,13,4,4,16,5,3,3,2,9,18,8,5,2,7,8,22,2,12,12
qualify,2,0,1,1,1,2,0,0,2,9,1,0,1,0,0,1,0,0,1,1,0
qualifying,0,0,0,0,0,1,0,0,1,2,0,1,0,2,0,0,0,2,0,0,0
qualitative,1,3,58,1,1,3,1,2,4,3,1,4,9,3,1,1,3,3,8,3,1
qualities,0,3,2,4,2,7,2,15,4,3,2,9,7,11,11,5,11,2,6,3,11
quality,106,50,63,87,129,85,89,161,127,105,112,164,101,132,100,102,170,183,167,154,114
quantitative,1,6,4,1,1,0,2,1,3,2,0,2,2,7,3,0,5,1,10,7,8
quantities,39,20,35,14,22,33,15,22,15,24,24,26,24,24,14,21,40,29,35,43,30
quantity,9,8,20,14,7,58,2,18,9,32,27,19,33,13,9,5,18,25,30,21,19
quantum,124,12,1,3,4,15,16,34,32,5,7,4,14,20,42,19,25,132,107,328,658
quarter,27,15,15,14,7,33,26,29,36,23,24,23,16,48,21,26,32,20,17,30,51
quarterly,0,0,0,0,0,0,0,0,0,0,0,0,2,0,0,0,0,3,0,0,0
quarters,4,0,4,1,0,0,0,0,1,0,0,0,0,0,0,1,0,5,1,6,1
quartz,4,0,0,0,0,0,0,15,0,0,0,0,1,0,0,0,0,0,1,4,0
quasi,3,12,17,2,1,6,0,13,11,8,18,32,4,1,4,10,2,0,4,9,2
que,2,32,0,1,0,24,11,3,1,0,0,2,11,3,8,7,4,1,1,0,12
quebec,0,0,0,0,0,0,0,0,0,0,0,0,0,0,0,3,0,0,0,0,0
queen,5,1,2,3,0,1,0,0,1,0,2,1,0,0,1,13,3,0,0,0,1
queens,0,4,0,0,0,1,9,0,0,0,0,6,0,0,0,4,0,0,0,0,0
query,707,415,418,579,350,865,633,962,603,703,675,1049,1823,1224,923,1015,1997,2049,1803,1758,1411
quest,1,0,0,1,0,0,0,0,0,1,0,0,0,0,0,0,4,0,4,0,0
question,243,192,198,244,172,363,403,378,182,147,306,338,582,394,547,306,975,811,598,607,397
questionable,3,1,2,1,0,2,0,2,1,1,1,0,1,3,3,1,3,4,1,5,0
questioned,0,0,0,1,0,0,0,0,0,0,0,0,0,0,0,0,0,0,0,0,0
questioning,0,0,0,0,0,0,0,0,0,0,0,0,0,0,0,0,0,1,0,0,0
questionnaire,0,0,0,0,0,0,0,0,0,0,0,0,0,2,0,11,0,1,0,0,0
questions,208,162,128,171,142,163,213,205,123,128,177,201,272,186,206,256,351,399,259,307,169
quick,67,28,45,32,29,63,35,72,32,41,57,68,73,43,60,50,88,53,90,92,72
quickly,29,25,29,42,35,55,7,41,23,7,32,63,75,36,36,27,63,44,52,45,49
quiet,13,10,30,8,1,10,5,15,5,16,7,5,19,5,7,14,27,15,9,9,12
quietly,5,0,9,1,1,2,0,0,0,0,1,0,0,0,1,0,5,2,2,1,1
quit,172,28,37,30,16,39,29,43,38,46,52,66,62,61,44,50,42,50,34,13,24
quite,42,53,73,54,31,55,32,74,39,48,62,43,98,69,69,80,129,115,138,147,115
quota,12,0,3,6,1,3,1,1,0,0,13,3,3,2,7,3,2,1,13,7,2
quotation,25,32,64,19,0,11,0,9,1,2,4,20,3,8,7,5,12,1,10,4,3
quotations,2,0,0,1,1,0,0,0,0,0,0,0,0,1,0,2,1,0,0,0,1
quote,35,49,67,65,8,20,4,10,4,14,5,12,21,2,2,16,21,14,11,32,15
quoted,44,9,26,4,4,3,0,1,7,0,0,1,5,1,3,12,1,0,1,0,0
r,2913,1725,1772,2200,1611,2116,1545,1788,1608,1761,1716,1912,1874,1808,2562,2171,2048,2177,1723,2405,2400
ra,93,9,38,42,29,21,16,19,21,15,24,12,45,29,43,19,63,14,83,94,45
rabbit,6,0,1,0,1,2,0,0,5,0,0,0,1,0,1,9,8,1,6,12,0
race,255,24,21,25,15,46,7,31,20,37,21,27,23,17,24,26,34,28,40,61,29
races,0,1,1,3,0,1,0,0,2,3,1,0,0,0,1,2,1,0,2,1,1
rachel,3,0,0,1,0,0,0,2,0,0,0,0,0,0,0,0,0,2,0,0,0
racial,0,0,0,0,0,0,0,0,0,0,0,0,0,0,0,0,1,0,0,0,0
racing,2,0,1,2,0,0,0,0,0,0,0,0,1,0,0,1,1,0,2,2,1
rack,1,0,0,0,0,2,0,0,0,0,0,3,0,0,0,5,35,10,0,1,0
radar,40,5,1,15,27,20,1,2,5,28,5,8,19,26,18,10,10,5,68,33,7
radial,45,23,14,11,9,15,15,13,9,10,12,22,21,25,18,32,34,25,62,28,43
radiation,32,0,1,4,9,5,1,4,2,0,1,84,2,1,1,3,2,2,3,0,3
radical,2,0,0,0,0,0,0,0,1,1,0,0,1,2,0,1,0,4,0,0,0
radio,10,0,3,0,0,6,8,17,7,4,24,4,17,7,2,51,47,7,51,36,5
radioactive,4,0,0,0,0,0,0,0,0,0,0,0,0,0,0,0,0,0,1,0,0
radius,334,145,223,168,122,188,228,215,189,203,211,147,217,179,184,159,229,125,293,287,191
rage,3,0,0,0,0,1,0,0,0,1,0,0,1,0,0,0,0,1,0,0,0
rail,1,0,0,3,3,4,5,4,3,0,0,2,5,2,5,2,6,0,11,0,2
railroad,0,0,0,0,0,0,0,1,0,0,0,1,0,0,0,15,2,0,0,0,0
rails,0,0,0,2,0,2,0,2,0,1,0,0,6,10,6,0,20,10,34,5,0
railway,0,0,0,0,0,0,0,0,0,0,0,0,0,0,0,2,2,2,0,0,0
rain,2,7,33,0,0,1,4,0,1,10,8,11,2,2,5,0,17,52,8,5,14
rainfall,1,0,0,0,0,0,0,0,0,0,0,0,0,5,0,0,0,1,1,0,0
rains,0,0,0,0,0,1,1,0,0,3,0,0,0,0,1,0,0,0,0,0,0
raise,505,473,1005,394,317,557,322,415,287,447,420,534,536,524,714,593,777,785,1148,1043,828
raised,97,73,233,45,17,65,16,36,24,32,33,48,38,38,39,84,74,89,68,153,170
raises,66,54,183,37,15,110,14,36,23,23,25,58,80,91,98,155,130,79,128,176,124
raising,8,30,43,28,7,44,1,16,16,12,6,17,11,6,8,12,10,25,10,20,25
ram,46,31,28,45,23,26,14,47,14,44,94,27,63,44,33,29,104,76,90,80,59
ran,27,24,56,29,13,14,23,13,10,8,25,9,13,22,13,17,13,19,24,27,26
rand,252,83,99,132,71,143,193,128,158,122,162,177,156,171,181,160,227,220,189,122,125
random,3120,1810,2544,2234,1993,2849,2170,2569,2357,2636,3023,3123,3373,3133,2805,2681,4195,3818,3552,3054,3152
range,3209,1699,1769,1889,1304,2557,1784,1859,1996,2184,9199,4180,2205,2022,2490,2264,2827,2986,2755,2397,2003
ranged,10,0,0,0,0,0,0,0,0,0,2,0,0,5,0,0,2,2,0,0,1
ranges,133,117,125,117,86,127,110,134,120,117,109,106,119,125,136,167,134,148,187,150,118
ranging,20,3,11,6,10,4,6,3,12,6,2,5,1,3,6,4,5,3,6,11,12
rank,400,220,326,265,310,430,412,334,462,509,675,503,632,562,626,602,871,841,867,1591,869
ranked,11,4,25,25,0,9,11,9,10,16,2,12,8,40,13,7,18,17,13,12,13
ranking,44,34,36,15,17,37,34,71,57,48,65,52,37,45,30,29,45,42,33,25,45
ranks,100,66,81,59,55,113,111,134,147,161,161,188,196,187,177,220,288,289,262,607,265
rapid,1,0,0,0,35,5,0,3,5,6,6,13,6,6,0,4,1,2,4,2,3
rapidly,3,0,3,0,0,0,0,2,1,0,0,0,2,1,1,0,2,0,1,1,2
rapids,0,0,0,0,0,0,0,0,0,0,0,0,0,0,0,0,0,0,2,1,0
rare,83,65,52,95,62,97,71,98,72,55,54,83,76,84,68,57,75,78,57,60,53
rarely,22,22,35,20,7,11,9,14,9,6,17,9,15,11,13,24,24,20,19,15,11
rat,4,0,3,10,0,0,0,1,2,0,2,0,0,2,2,3,21,1,11,0,2
rate,1517,792,759,1110,699,1128,1063,1427,1036,1135,1090,1032,1120,1096,1233,741,1606,1168,1170,1172,1647
rated,3,1,3,0,1,4,0,0,1,2,0,0,3,0,0,0,6,2,1,0,0
rates,111,49,42,73,83,96,52,48,46,56,65,48,56,67,66,51,97,65,57,81,45
rather,223,148,263,183,87,167,118,194,114,137,143,172,308,193,152,236,287,288,376,318,284
rating,11,38,3,7,3,6,17,32,5,15,6,4,9,8,7,9,20,12,26,2,11
ratings,26,27,8,8,4,5,20,14,2,7,11,0,8,17,5,11,12,0,2,7,0
ratio,588,482,517,401,302,491,403,436,465,580,563,462,654,537,529,492,733,681,835,651,563
ration,3,22,41,10,0,2,2,7,0,3,1,7,1,0,0,5,0,23,10,1,0
rational,1,4,11,13,1,9,2,4,12,3,2,3,6,2,1,19,3,8,1,54,2
rationale,1,28,2,38,13,3,2,9,0,0,4,3,18,0,13,11,21,6,7,62,8
ratios,124,76,78,138,73,104,80,117,108,91,83,122,118,96,68,68,107,94,64,114,84
rats,0,0,0,0,0,0,0,0,0,0,0,0,0,0,0,0,0,1,2,1,0
raw,698,337,286,546,367,565,322,551,429,401,486,514,769,649,439,485,850,901,819,681,544
ray,73,28,17,83,42,144,56,61,64,181,121,98,117,88,189,94,156,165,178,160,192
raymond,0,7,7,2,0,0,0,1,0,0,0,3,0,0,0,0,0,0,1,0,0
rays,25,8,3,12,16,28,13,11,20,69,36,22,55,36,60,36,86,64,45,26,20
rc,178,66,84,71,78,77,57,66,76,64,48,80,82,99,43,93,49,70,44,65,54
rd,5,34,4,2,10,10,14,9,12,18,27,9,18,2,9,10,23,0,12,4,16
re,1187,1043,1677,1178,677,1113,668,1353,734,830,917,1230,1386,1036,941,1143,1511,1427,1535,1830,1231
reach,68,44,52,67,29,71,73,60,58,49,45,60,95,84,63,98,109,75,196,136,94
reached,121,75,124,119,72,159,94,131,88,73,113,100,121,106,129,115,181,130,192,156,105
reaches,29,13,9,11,14,103,12,16,13,6,3,7,12,9,10,16,16,26,8,11,17
reaching,20,9,7,10,4,24,10,9,16,20,24,11,14,7,11,19,14,9,23,29,27
react,2,3,0,1,1,2,3,2,0,5,3,2,4,13,1,2,11,3,13,5,9
reaction,3,6,0,5,24,3,16,4,8,2,6,0,11,3,11,1,10,23,8,10,13
reactions,3,5,0,0,2,0,9,0,0,0,0,1,4,0,16,0,0,2,1,0,5
reactive,5,0,0,16,0,5,5,1,2,6,0,0,2,1,0,0,5,5,4,1,0
reactor,7,0,0,0,0,0,2,0,0,0,0,0,0,0,0,0,0,0,0,1,0
reactors,1,0,0,0,0,0,1,0,0,0,0,0,0,0,0,0,0,0,0,0,0
read,2067,1371,1582,1250,737,989,680,935,773,955,901,961,1067,1123,929,1002,1347,1275,1292,1188,901
reader,120,69,78,76,34,77,25,56,56,46,38,68,48,58,37,58,124,109,41,46,74
readers,10,9,4,7,1,7,8,6,6,2,7,8,4,2,5,3,4,4,5,7,17
readily,4,0,0,1,0,0,0,0,1,0,0,0,0,0,8,1,0,0,0,1,3
reading,249,169,213,128,93,178,92,152,126,116,115,136,120,91,114,122,117,127,149,118,91
readings,4,0,4,13,6,6,5,5,4,2,2,49,2,1,3,4,1,3,2,2,5
reads,85,46,80,53,22,32,17,30,21,17,15,20,21,14,29,29,52,38,42,31,34
ready,122,78,32,66,31,81,67,41,144,73,38,75,93,69,65,69,107,122,120,111,123
reagan,0,0,1,0,0,0,0,0,0,0,0,0,0,0,0,0,0,0,0,0,0
real,1218,634,806,636,515,760,406,545,466,515,580,675,639,506,507,519,648,660,685,693,580
realistic,13,4,3,3,4,1,1,5,1,3,2,6,3,4,2,13,8,10,7,29,11
reality,6,1,10,3,2,3,1,5,1,4,1,2,4,2,3,10,4,2,13,9,6
realization,30,0,1,1,6,1,0,2,2,0,0,0,3,0,3,2,0,1,2,1,27
realize,0,2,2,4,1,6,8,1,0,2,2,0,3,3,1,14,9,9,22,6,9
realized,2,5,3,5,0,0,0,4,3,0,0,0,1,4,10,0,4,2,10,0,8
realizing,2,2,1,0,0,1,0,0,2,0,0,0,0,1,0,0,0,1,0,3,0
really,257,223,351,171,119,211,102,151,73,98,108,167,163,111,109,176,153,185,244,176,134
realm,4,0,0,1,0,1,1,1,1,0,21,21,80,21,2,20,43,63,42,12,3
rear,6,3,2,0,3,5,2,4,13,3,10,25,3,9,8,4,10,11,7,40,10
reason,201,152,176,107,82,120,76,108,173,128,153,195,213,136,213,183,194,198,257,251,205
reasonable,114,57,59,47,23,136,34,53,38,50,46,60,48,33,30,22,32,32,51,47,43
reasonably,30,7,7,15,6,3,3,0,2,0,1,1,7,3,2,4,15,2,8,6,2
reasoning,5,8,11,7,9,11,7,15,5,17,3,11,6,7,17,44,170,24,24,24,24
reasons,58,42,55,39,26,40,27,53,41,44,39,34,64,33,41,64,86,85,71,144,98
rebellion,0,0,0,0,0,0,0,0,0,0,0,0,0,0,0,0,0,1,0,0,0
rec,49,25,32,64,42,67,33,108,35,18,41,8,17,23,87,16,46,43,44,18,23
recall,596,328,288,473,316,378,428,414,342,350,347,373,338,318,395,312,408,280,350,172,195
recalled,0,0,10,4,1,0,0,2,1,0,0,0,1,0,2,4,4,3,1,3,1
receipt,3,0,0,1,2,7,4,1,1,0,0,1,0,4,14,5,0,4,0,1,2
receive,139,56,49,51,28,90,22,32,30,44,169,90,67,57,29,49,51,47,97,108,78
received,170,424,400,234,74,100,113,181,53,68,63,153,280,68,86,167,103,322,118,182,93
receiver,22,8,3,14,1,21,8,8,10,8,1,14,6,9,3,2,15,8,15,149,76
receivers,25,0,0,0,0,2,0,1,2,3,4,1,0,0,1,0,3,0,1,99,13
receives,50,21,12,17,14,29,11,18,7,15,15,22,34,26,32,12,33,33,35,57,44
receiving,31,26,17,30,26,40,31,46,48,39,61,51,47,35,33,22,43,44,33,53,38
recent,59,68,67,59,45,70,41,106,72,55,51,91,113,119,94,94,186,124,242,212,178
recently,11,17,20,10,3,13,4,7,2,4,12,5,5,17,74,35,199,14,22,18,113
reception,5,0,0,0,0,13,0,0,0,0,0,0,0,0,0,0,0,0,2,0,0
receptor,1,1,0,0,3,1,1,0,1,0,0,0,0,2,0,12,0,6,0,3,4
receptors,0,0,0,0,0,0,0,0,0,0,0,0,0,0,0,0,0,0,0,0,1
recession,0,0,0,0,0,0,0,0,0,0,0,2,0,0,0,0,0,0,0,0,0
recipient,25,2,128,0,0,0,0,2,0,0,0,0,0,0,6,5,10,14,1,1,0
recipients,28,2,1,0,0,0,0,0,10,0,0,14,0,0,3,7,0,0,1,0,1
reciprocal,35,13,17,10,4,9,19,9,7,31,7,10,11,17,35,6,31,26,8,31,15
recognition,70,35,52,41,51,93,81,93,55,78,97,34,67,60,37,129,77,55,35,52,57
recognize,26,13,24,15,7,27,1,3,3,10,7,16,9,6,4,10,18,14,23,13,14
recognized,13,8,19,10,51,12,11,15,9,5,7,34,11,16,12,13,10,13,13,9,6
recognizes,3,2,2,0,0,5,6,0,0,0,2,1,4,1,1,3,3,3,2,5,1
recognizing,1,0,1,7,0,1,0,0,0,1,0,1,2,0,0,2,0,0,0,0,2
recommend,45,31,26,12,16,18,26,10,13,13,16,19,30,15,25,17,24,72,73,33,36
recommendation,0,2,4,2,2,1,2,24,3,7,1,5,1,9,22,5,23,5,20,60,7
recommendations,2,0,4,0,1,0,0,0,3,3,1,3,0,1,0,0,4,3,3,2,3
recommended,62,29,35,44,34,46,20,47,36,41,32,49,63,60,47,57,109,130,90,159,104
recommends,3,5,8,3,0,1,0,1,1,0,0,1,0,4,1,2,1,14,6,5,5
reconciliation,0,0,0,0,0,0,0,0,6,0,0,0,0,0,0,0,0,1,0,0,0
reconstruction,190,124,116,104,62,78,72,115,76,96,93,119,202,131,184,115,171,172,155,148,281
record,693,391,593,527,397,914,490,541,501,568,383,560,697,415,587,551,489,1118,540,621,675
recorded,66,51,32,44,24,107,28,33,27,36,15,30,37,18,41,29,36,59,46,62,71
recorder,5,10,5,7,3,10,7,10,12,13,6,6,17,11,20,7,7,39,7,3,12
recording,92,21,13,21,15,34,21,26,28,34,20,38,21,45,58,54,65,67,46,62,84
records,143,111,101,77,64,100,31,78,42,65,44,86,89,63,95,72,72,133,81,102,76
recover,84,57,77,76,63,103,91,84,99,94,87,147,133,124,103,101,91,194,123,145,88
recovered,32,18,11,19,7,10,11,13,14,9,9,17,8,10,16,6,19,16,29,19,13
recovery,23,21,3,21,13,16,10,12,23,20,5,16,18,16,32,3,18,20,72,19,27
recreation,0,0,0,0,1,0,0,1,0,0,0,0,0,0,1,0,1,0,0,1,0
recreational,0,0,0,0,0,0,0,0,0,0,0,1,0,0,0,0,1,0,1,0,0
recruiting,0,0,0,0,0,0,0,0,0,0,0,0,0,0,0,0,0,0,1,0,0
rectangular,30,28,24,24,9,37,23,31,16,27,30,22,31,19,25,26,29,21,25,21,20
red,221,38,85,97,95,109,61,123,86,77,129,132,133,68,198,99,149,145,164,187,100
redemption,0,0,0,0,0,0,0,0,0,0,0,0,0,0,0,0,0,0,0,1,0
reduce,623,421,423,483,424,756,437,547,431,549,518,624,665,474,504,441,640,746,645,932,714
reduced,112,47,75,67,44,96,57,112,79,88,123,213,206,127,102,94,199,183,173,157,133
reduces,33,15,35,42,15,24,21,27,11,10,23,17,26,19,19,68,33,30,46,77,29
reducing,61,16,36,55,22,56,43,45,49,48,40,70,66,57,27,34,44,56,54,86,39
reduction,324,206,242,232,224,330,195,227,258,346,343,370,345,352,303,310,351,544,341,322,337
reductions,5,2,11,3,2,16,7,11,2,22,1,18,10,15,7,13,18,13,23,34,8
reed,1,1,1,0,0,4,0,0,0,0,0,0,0,13,3,0,0,0,0,0,0
ref,289,143,217,222,136,236,120,177,157,226,195,227,184,194,331,206,332,263,292,283,377
refer,171,108,97,101,78,123,94,131,87,183,141,230,231,240,186,230,235,267,293,239,148
reference,769,437,595,639,411,747,454,687,487,537,460,644,654,530,677,740,762,931,1091,1128,838
references,201,90,151,137,101,132,68,126,107,167,119,184,171,166,134,159,168,243,188,244,215
referral,0,0,0,0,0,0,0,0,0,2,0,0,1,0,0,0,2,0,2,0,0
referred,8,5,13,7,9,10,5,6,13,31,17,15,20,20,20,18,46,30,16,19,16
referring,23,11,17,11,8,12,8,10,6,12,2,17,4,11,12,11,20,12,26,11,17
refers,47,31,25,27,26,52,16,41,25,20,36,41,67,37,70,69,88,143,105,94,101
refined,23,38,26,27,21,20,21,27,13,26,20,35,23,62,24,27,31,20,33,21,14
refining,19,28,44,4,4,10,28,0,17,5,2,3,1,4,2,0,9,21,3,21,3
reflect,77,18,53,25,15,46,25,32,34,31,31,28,41,46,40,42,82,32,61,90,68
reflected,25,8,28,9,3,28,2,4,5,7,6,3,5,6,4,9,6,4,8,9,8
reflecting,2,1,0,1,0,0,1,0,1,0,0,0,1,2,0,4,1,2,5,8,1
reflection,48,6,21,11,16,20,38,18,9,29,34,18,22,32,16,43,35,34,29,30,33
reflections,5,0,0,0,1,1,6,0,2,9,0,2,2,2,1,1,4,4,6,0,0
reflects,3,5,2,3,1,2,6,1,1,0,2,2,9,3,5,1,7,2,3,8,2
reflex,2,0,0,0,0,0,0,0,0,0,0,1,0,2,0,0,0,6,0,0,0
reform,0,0,1,2,0,0,2,1,0,0,0,1,0,1,3,2,7,0,3,2,1
reformation,0,0,0,0,0,0,0,0,3,0,0,0,0,0,0,0,0,0,0,0,0
reforms,0,0,0,0,0,0,0,0,0,0,0,0,0,0,3,0,0,0,0,0,0
refs,104,33,52,49,25,78,50,62,44,28,39,51,47,49,27,40,64,53,65,51,37
refuge,0,0,0,0,0,0,0,2,3,1,22,0,0,0,0,0,0,0,0,1,0
refund,0,0,0,0,1,0,0,0,0,0,1,0,0,0,0,0,0,0,0,0,0
refusal,0,6,0,0,0,0,0,0,0,0,0,0,0,0,0,0,1,13,1,0,1
refuse,0,1,2,0,0,11,0,0,2,1,1,1,0,0,2,3,3,5,4,3,4
refused,1,0,1,0,0,0,0,0,0,0,0,0,2,0,0,0,0,0,0,0,0
refuses,2,1,4,4,2,4,0,0,5,0,0,3,0,0,0,2,2,1,2,0,0
refusing,0,8,18,4,0,0,0,2,0,0,0,3,0,0,1,2,0,0,1,0,0
reg,104,98,91,95,118,150,120,102,112,83,151,86,73,149,99,107,79,102,93,100,100
regard,78,28,58,30,17,8,30,45,8,22,22,16,22,13,39,21,4,15,15,30,4
regarded,0,2,2,0,3,3,1,4,1,6,3,3,3,2,2,4,5,8,3,2,2
regarding,751,364,42,19,4,50,76,19,7,12,14,17,13,30,26,29,51,1362,43,48,34
regardless,60,32,38,46,50,33,26,55,30,40,63,62,89,115,52,55,78,59,109,90,81
regards,41,1,3,2,23,2,2,12,3,4,2,18,1,0,0,2,0,13,2,4,1
regime,34,2,8,9,5,3,1,0,14,10,1,10,0,8,22,2,5,0,22,14,8
region,387,190,413,462,174,396,251,594,292,284,445,437,598,546,471,350,716,536,625,469,427
regional,14,1,8,1,1,5,10,13,0,3,3,5,1,2,4,3,7,2,9,56,24
regions,362,203,289,325,160,220,177,243,189,131,184,234,185,174,241,227,225,334,303,140,231
register,396,224,175,227,177,278,230,272,233,304,237,310,346,312,324,286,329,481,406,321,318
registered,90,69,83,102,60,93,62,184,56,135,143,169,312,228,114,153,353,375,339,191,160
registration,50,32,23,109,16,24,42,35,22,52,27,43,33,133,40,60,52,27,28,58,78
regression,365,301,559,514,395,798,431,578,556,469,577,654,490,519,395,389,485,525,569,344,494
regret,3,3,2,1,3,3,0,2,3,2,0,0,0,53,0,1,1,1,0,3,13
regular,239,184,235,145,83,169,96,150,114,155,101,159,194,182,181,183,267,227,314,323,281
regularly,8,5,9,8,3,10,0,2,6,3,2,4,2,1,2,7,2,2,11,5,8
regulate,0,0,0,0,0,0,0,2,0,1,2,5,4,5,0,1,1,4,0,2,2
regulated,12,1,0,1,0,0,0,0,0,0,0,0,0,0,1,0,0,0,0,0,0
regulating,0,0,0,0,0,0,0,1,0,0,1,0,0,0,2,0,0,0,0,0,0
regulation,7,1,2,0,0,2,1,2,0,1,1,5,8,2,1,5,4,1,4,3,0
regulations,7,1,0,0,0,0,0,0,0,0,0,0,0,0,0,0,2,0,0,2,0
regulatory,0,0,0,0,0,0,1,0,0,0,0,0,0,0,0,0,0,0,0,0,1
rehabilitation,0,0,1,0,0,0,0,0,0,0,0,0,1,0,0,0,0,0,0,0,0
reid,15,13,22,0,13,18,26,10,8,8,1,26,4,15,61,15,35,25,18,18,19
reinforced,0,1,0,0,0,3,4,3,1,0,1,0,2,10,0,0,0,0,0,0,0
reinforcement,10,8,4,29,2,6,8,9,1,9,4,3,1,2,5,0,8,336,3,5,2
reject,46,27,41,27,29,52,19,31,39,38,54,54,13,34,25,28,35,34,27,50,29
rejected,14,10,20,7,4,13,3,8,6,10,4,4,9,6,6,6,25,17,48,82,37
rejection,40,13,23,4,12,17,7,18,14,18,8,13,5,5,15,17,48,15,26,34,45
rel,55,41,34,85,31,43,16,105,33,68,38,69,96,91,118,128,145,90,77,83,48
relate,3,3,1,0,0,7,3,4,1,2,2,4,1,5,4,2,9,4,8,3,4
related,521,294,279,325,324,422,333,289,280,894,354,766,724,957,660,543,812,909,992,836,503
relates,2,0,2,3,0,1,2,2,1,0,2,0,2,1,4,1,1,0,8,8,1
relating,21,7,14,5,0,5,2,2,3,2,0,2,12,3,7,7,15,0,4,0,7
relation,114,84,104,312,45,111,121,190,156,117,112,189,171,123,220,84,277,110,122,108,89
relations,75,61,34,121,42,50,86,78,75,102,48,73,93,65,47,38,143,75,37,49,48
relationship,48,22,7,18,3,20,16,38,35,21,13,57,31,35,22,20,24,13,26,11,24
relationships,24,19,2,3,1,10,7,10,6,0,3,9,23,7,4,5,28,5,14,10,17
relative,796,533,595,579,437,788,609,725,743,836,674,896,1042,980,799,1008,1127,1281,1130,955,944
relatively,21,20,15,5,12,22,12,11,16,22,14,13,8,16,16,14,21,19,17,15,22
relatives,0,1,0,0,0,0,0,0,0,0,0,1,0,1,0,0,0,0,0,0,0
relaxation,13,6,7,8,0,2,13,19,15,8,3,3,3,13,13,4,3,8,6,4,33
relaxed,7,5,10,12,3,8,8,5,3,9,2,2,12,3,5,2,10,17,15,8,15
relay,145,67,0,0,6,6,12,3,12,8,21,28,5,8,8,5,2,312,4,2,9
release,154,329,704,184,118,129,76,167,82,93,194,235,163,142,161,255,174,178,228,187,172
released,49,56,126,34,42,44,82,54,45,29,65,58,92,25,31,76,41,56,78,80,132
releases,22,52,145,35,7,16,13,32,40,40,39,56,67,66,38,79,78,54,80,178,91
relevance,21,4,18,16,0,11,11,13,1,24,24,5,18,26,85,7,11,20,11,22,8
relevant,235,140,174,155,144,196,140,161,125,117,189,200,250,189,164,190,285,396,405,425,355
reliability,12,0,15,2,6,1,2,6,4,5,2,5,3,2,7,1,10,11,1,1,1
reliable,12,11,16,10,3,26,25,28,19,38,22,31,38,28,33,31,25,48,22,30,13
reliance,0,0,1,0,0,1,0,0,0,0,3,1,1,0,0,0,2,4,0,0,0
relied,4,4,10,3,1,2,2,2,0,0,0,2,1,0,1,1,1,8,6,4,2
relief,0,0,0,0,0,0,0,0,0,0,0,0,0,0,0,2,0,0,0,1,0
religion,0,0,0,0,0,0,0,1,0,2,1,0,0,0,0,3,0,1,2,0,1
religious,0,0,2,0,0,0,0,0,0,0,0,0,0,0,0,0,0,0,0,0,2
relocation,0,0,1,0,0,8,0,0,0,2,0,0,1,0,0,0,0,0,3,0,0
reluctant,0,0,0,0,0,0,0,0,0,0,0,0,0,0,0,0,0,0,0,1,0
rely,27,43,70,25,14,29,8,36,13,23,38,46,95,50,35,51,94,119,98,151,171
remain,74,43,65,72,55,110,63,98,71,63,102,106,161,111,78,85,157,138,151,170,129
remainder,34,22,33,33,36,74,9,78,67,24,38,70,88,67,56,32,131,78,142,87,62
remained,7,1,3,4,2,1,4,5,6,3,7,5,9,9,13,2,20,4,10,13,10
remaining,261,387,462,162,74,228,130,209,132,145,134,243,291,246,185,273,301,296,265,329,294
remains,43,30,30,42,34,78,23,43,27,19,35,43,43,32,59,40,63,26,44,78,61
remark,0,6,3,0,2,2,3,6,2,1,3,1,8,2,3,5,5,4,9,6,11
remarkable,0,0,0,0,0,0,0,0,0,0,0,0,0,1,0,1,0,0,0,0,0
remarkably,0,0,0,0,0,0,0,0,0,0,0,0,0,0,0,0,0,0,1,0,0
remarked,0,0,0,0,0,0,0,0,0,0,0,0,0,0,0,0,0,0,0,0,1
remarks,0,3,0,0,0,0,0,0,0,1,0,1,0,0,0,0,1,3,0,0,0
remedies,13,1,0,1,0,0,0,0,0,0,0,0,0,2,0,0,0,0,0,0,0
remedy,21,3,16,0,0,1,1,1,0,0,0,0,0,2,1,1,2,1,3,26,1
remember,180,81,94,96,87,99,88,96,123,101,63,94,133,104,112,145,97,101,140,111,77
remembered,1,0,1,1,1,2,0,0,0,2,0,1,0,1,8,5,1,0,0,0,0
remind,4,24,47,73,88,118,100,97,118,92,115,93,30,50,34,48,21,87,40,40,32
reminded,0,0,0,0,0,0,0,0,0,0,0,0,0,0,1,0,0,3,0,0,1
remote,128,42,41,36,23,30,28,69,66,33,13,47,53,49,26,56,144,128,145,222,75
removal,44,18,46,36,15,29,18,29,28,13,36,21,48,14,21,22,16,40,33,38,16
remove,2313,1895,2132,1987,1437,2595,1566,2341,1941,2177,2132,2748,3222,2685,2295,2624,3603,3531,3786,3740,3309
removed,330,298,394,297,172,320,162,336,199,236,312,376,518,344,278,335,477,447,593,577,535
removing,202,144,166,262,103,266,167,267,153,172,295,260,336,215,148,182,309,263,301,313,203
renaissance,0,0,0,0,0,0,0,0,0,0,0,0,0,0,0,8,0,0,0,0,0
renal,0,0,0,0,0,0,0,0,0,0,0,0,0,1,0,0,0,0,0,0,0
render,183,75,70,97,78,150,246,127,95,156,99,149,288,125,224,221,131,165,234,233,156
rendered,34,10,8,12,16,26,31,22,22,35,15,33,21,29,29,26,16,25,44,32,15
rendering,73,28,36,29,66,74,123,70,72,55,78,82,126,89,135,167,84,97,123,114,63
renders,3,4,1,1,5,10,0,5,0,3,2,9,6,6,2,3,2,1,2,2,3
renewal,0,0,0,0,0,0,0,0,0,0,0,0,1,0,4,0,0,0,0,0,0
renewed,0,0,0,1,0,0,0,0,0,0,0,0,0,0,0,0,0,0,0,0,1
rent,7,3,2,0,0,0,1,0,0,5,1,0,0,0,0,0,0,0,3,1,0
rental,0,0,0,0,0,0,0,0,0,0,0,0,0,0,0,0,0,0,1,0,0
reorganization,0,1,0,2,0,0,0,2,0,0,0,0,1,0,0,0,0,0,0,1,0
rep,49,27,18,30,53,110,13,51,40,20,6,11,38,30,35,26,25,32,20,23,28
repair,11,9,7,8,0,1,5,0,3,2,0,0,21,13,55,6,5,12,7,16,4
repaired,2,2,1,0,0,0,0,0,0,0,0,0,4,1,0,2,0,18,1,0,0
repairing,0,0,0,0,2,0,0,0,0,0,2,0,0,0,0,0,0,0,0,0,0
repairs,9,0,0,0,0,0,1,0,5,2,0,0,0,0,0,0,0,0,0,1,0
repayment,0,0,0,0,0,0,0,0,0,0,1,1,0,0,0,0,0,0,0,0,0
repealed,0,0,0,0,0,0,0,0,0,0,0,0,0,0,0,0,0,0,0,1,0
repeat,355,258,279,313,251,359,297,379,398,382,365,468,505,454,376,428,776,557,637,644,421
repeated,55,42,112,63,98,135,34,81,47,58,48,63,105,73,64,74,116,88,106,361,110
repeatedly,25,7,30,15,5,14,6,6,3,17,4,8,11,8,5,16,20,16,17,26,26
repetition,47,34,20,37,84,39,31,37,36,11,32,26,33,25,28,24,32,34,29,27,39
replace,837,625,739,746,504,903,585,1009,771,854,907,1064,1654,1084,1079,1174,1568,1538,1547,1475,1377
replaced,119,97,128,90,60,109,73,92,82,87,72,133,130,113,95,105,142,137,138,140,131
replacement,214,179,173,191,104,266,174,236,158,209,120,193,212,168,115,81,124,123,142,131,117
replacing,63,27,45,41,28,62,37,73,41,47,50,71,62,61,35,51,68,69,101,45,46
replied,0,0,0,0,0,0,0,0,0,0,0,0,0,0,1,0,1,0,0,0,0
replies,1,15,0,1,0,0,0,0,0,2,2,1,0,0,3,0,1,0,8,0,0
reply,40,11,1,23,26,21,21,2,1,6,3,9,7,3,24,26,6,8,4,13,9
report,264,177,189,162,123,131,91,134,87,148,108,122,221,113,121,125,199,239,238,228,153
reported,32,20,42,25,39,38,19,39,18,19,16,40,25,13,34,25,16,35,13,21,27
reporter,6,1,6,0,1,4,1,2,27,8,4,3,7,2,5,3,5,1,3,0,2
reporters,0,6,0,2,0,0,0,0,2,0,0,0,0,0,1,0,0,0,0,0,0
reporting,40,29,44,44,36,37,26,46,52,39,30,48,40,32,55,25,23,34,29,40,20
reports,18,13,34,17,13,35,4,13,13,5,9,21,16,10,30,24,25,19,40,33,18
represent,130,50,49,77,53,101,28,45,48,80,35,79,67,87,54,74,73,65,86,97,95
representation,384,240,310,357,154,344,156,300,254,246,171,230,336,290,247,261,310,305,234,246,319
representations,98,37,49,99,64,47,93,129,68,86,57,117,131,111,66,75,159,189,363,207,122
representative,28,19,19,16,8,13,15,11,13,9,20,14,9,8,10,10,29,22,11,17,17
representatives,3,0,2,10,1,2,0,0,1,2,0,0,0,0,3,2,2,0,1,1,2
represented,85,36,70,36,22,69,17,33,28,38,26,42,36,45,34,46,43,61,51,32,37
representing,49,45,85,61,42,55,59,76,38,39,28,64,41,71,69,48,69,74,54,73,41
represents,118,57,63,98,94,133,39,196,74,77,110,161,290,168,90,138,196,262,229,209,147
reprint,0,0,0,0,1,0,0,2,0,0,0,0,0,0,0,0,0,0,0,0,0
reprinted,1,0,0,0,0,0,0,0,0,0,0,0,0,0,0,0,0,0,0,0,0
reproduced,5,1,7,0,1,2,3,12,1,2,17,11,2,2,0,1,1,10,7,3,2
reproduction,28,4,3,29,96,18,59,10,17,265,48,163,121,296,180,101,230,184,262,94,41
reproductive,0,0,0,0,0,0,0,0,0,0,1,0,0,1,0,0,0,0,0,0,0
republic,15,0,56,12,6,2,1,0,0,0,0,0,0,0,0,38,5,0,0,1,0
republican,0,0,0,3,0,0,1,0,0,0,0,0,0,0,0,2,0,0,0,3,0
request,307,325,679,193,40,66,84,124,66,111,304,160,72,114,105,190,166,338,193,359,321
requested,220,97,185,74,89,104,58,85,135,99,107,124,167,142,121,131,205,181,252,279,187
requesting,5,10,21,4,1,4,0,2,4,12,1,5,1,0,1,2,2,6,5,3,8
requests,84,153,314,82,10,24,28,55,11,14,12,55,22,33,46,104,80,227,79,186,188
require,171,150,205,116,55,146,73,153,86,168,145,177,280,193,195,180,321,313,290,332,289
required,4567,1998,1778,5184,2208,4657,1977,4732,3011,1781,3519,4298,8139,4742,3681,3943,9261,10309,10556,8112,8335
requirement,24,116,339,99,11,35,16,67,20,30,29,75,41,45,33,144,90,77,68,53,60
requirements,65,165,332,99,50,132,29,119,58,37,89,124,125,86,101,148,88,185,143,119,134
requires,396,223,356,256,161,321,190,377,179,296,296,400,461,333,580,369,621,685,846,775,832
requiring,22,8,5,5,5,13,6,14,3,7,6,11,24,10,7,14,22,12,27,19,23
requisite,1,0,0,4,2,0,1,2,0,1,0,4,0,1,0,0,3,0,2,2,0
res,336,330,245,468,254,202,245,285,371,345,334,265,259,436,489,417,610,524,588,409,758
rescue,16,0,0,0,1,2,0,0,0,0,0,0,0,0,0,0,0,0,0,0,0
research,316,114,320,463,576,549,463,281,200,457,662,594,840,340,393,595,586,1277,774,582,334
researcher,0,0,0,0,0,12,0,0,0,0,0,0,1,0,0,1,2,3,0,7,20
researchers,0,0,1,0,1,12,0,0,1,0,0,0,1,0,1,3,0,0,0,0,2
resemble,0,0,0,0,0,1,0,0,1,4,1,3,0,2,0,0,4,0,2,4,2
resembles,0,1,0,0,1,1,0,1,0,3,3,12,0,0,0,0,1,0,1,1,0
reservation,7,1,0,0,0,0,0,0,0,0,1,0,0,1,0,0,6,0,0,0,2
reserve,28,6,15,56,35,26,40,92,69,35,45,82,127,44,104,37,50,42,51,40,28
reserved,3951,2245,1906,5081,2125,3003,3515,4829,4041,4568,6449,8993,9627,8355,7599,6509,10365,11577,11274,9188,7904
reserves,14,1,0,0,0,0,0,0,0,0,0,1,0,0,0,0,0,0,0,0,3
reservoir,4,1,6,0,12,0,2,3,4,6,4,3,2,0,0,14,17,6,3,4,4
reside,16,0,4,15,4,8,6,8,9,7,2,11,5,16,11,4,12,6,10,25,16
resided,0,0,0,0,0,1,0,0,0,0,0,0,0,0,0,0,0,0,0,0,0
residence,0,0,0,0,0,13,0,0,0,0,0,0,0,0,0,1,0,0,0,0,0
resident,4,1,0,1,3,0,3,0,0,0,6,8,0,0,0,3,0,4,3,0,1
residential,0,0,0,0,2,6,3,0,0,0,0,0,0,0,2,0,3,0,0,0,0
residents,0,0,0,0,0,0,0,0,0,0,0,2,0,0,0,0,0,2,0,2,0
residing,0,0,0,0,0,0,0,0,0,0,0,0,0,0,0,0,0,3,0,0,0
residual,823,429,590,581,478,763,571,830,712,786,801,628,1092,813,789,1012,1266,1304,1761,1499,1017
residue,7,4,3,3,1,9,2,10,3,5,30,17,6,42,28,100,57,43,68,30,20
residues,0,0,0,1,0,1,0,0,0,2,0,3,3,8,7,30,7,7,10,5,4
resigned,1,0,0,0,0,0,0,0,0,0,0,0,0,0,0,0,0,0,0,0,0
resist,4,1,0,1,1,1,0,0,1,0,1,0,1,0,1,0,4,0,1,1,1
resistance,5,3,1,0,0,2,1,0,0,0,1,2,4,0,0,1,3,0,6,2,3
resistant,0,6,8,3,0,0,0,1,0,0,0,2,0,0,0,2,0,0,2,0,0
resolution,381,313,230,376,366,287,330,304,318,677,527,458,442,630,1309,556,713,713,826,695,534
resolutions,15,7,6,11,16,4,19,5,17,49,18,22,36,45,43,60,67,38,74,64,38
resolve,71,72,107,50,22,82,42,64,47,68,101,72,74,65,85,109,143,121,93,95,72
resolved,25,18,36,19,8,38,10,23,14,15,10,25,15,16,59,26,22,31,29,33,47
resonance,9,2,0,0,0,4,0,11,0,0,0,1,0,3,0,0,0,1,0,10,0
resort,3,7,15,2,0,5,0,14,3,9,1,7,6,7,3,12,12,10,24,15,14
resource,87,49,92,28,34,31,28,59,24,22,43,55,61,30,39,49,32,68,65,41,55
resources,60,32,56,51,37,54,49,72,44,37,57,96,92,113,73,66,264,155,188,211,193
respect,138,59,116,61,83,75,102,53,42,165,46,92,86,78,90,67,84,73,114,87,89
respected,4,6,14,9,4,6,1,15,2,2,1,4,7,8,0,6,5,25,5,21,19
respectfully,0,0,0,0,0,0,0,0,0,0,0,1,0,0,0,0,0,0,0,1,0
respecting,9,3,5,12,4,11,8,10,7,7,5,7,6,4,2,2,3,3,3,1,5
respective,56,29,29,35,26,33,21,30,33,20,36,33,58,32,34,45,63,56,65,63,87
respectively,72,50,43,76,85,61,37,76,81,87,40,83,60,56,72,76,108,126,114,110,85
respects,3,1,2,1,0,4,0,4,0,0,1,1,1,1,0,1,2,3,3,1,3
respiration,0,0,0,0,0,0,5,0,0,0,0,0,0,0,0,0,0,0,1,0,0
respiratory,0,0,2,2,1,0,0,0,0,0,2,0,0,2,2,0,1,0,0,0,0
respond,3,9,11,7,0,9,6,6,4,4,4,6,14,3,12,3,9,17,16,9,5
responded,2,12,26,7,0,0,0,3,0,0,0,3,0,0,1,5,1,0,3,0,0
respondent,0,0,0,0,0,0,0,0,2,0,0,0,0,0,0,0,0,0,0,0,0
responding,2,2,0,3,0,1,0,0,1,0,0,0,0,0,2,8,0,2,0,0,2
response,240,371,677,209,50,95,76,104,74,43,87,130,79,76,148,302,248,462,363,674,284
responses,27,111,90,45,6,19,22,32,16,12,11,22,20,9,21,40,35,95,91,78,62
responsibilities,5,4,4,6,5,12,5,16,4,4,5,13,6,7,2,3,0,2,2,3,1
responsibility,4,11,17,4,5,1,0,5,11,1,2,22,4,1,4,4,1,2,2,4,6
responsible,21,9,37,18,15,25,16,21,23,21,28,38,19,29,15,19,17,35,22,31,20
responsive,4,16,16,1,0,0,0,0,0,0,0,0,0,0,0,0,4,1,0,0,1
rest,350,243,344,310,159,264,181,264,178,241,234,274,299,259,186,232,329,341,356,370,288
restaurant,0,22,3,5,6,0,1,1,7,4,19,42,4,26,14,1,3,0,1,2,1
restaurants,0,0,0,0,0,1,0,0,1,0,0,1,1,0,0,0,0,1,0,3,0
resting,0,0,0,1,0,2,0,1,1,0,0,0,0,0,0,0,0,3,0,0,0
restoration,6,18,25,8,2,7,0,7,7,31,20,26,11,5,10,12,44,39,45,11,141
restore,488,205,250,250,220,294,280,243,267,248,189,210,231,213,258,181,214,316,278,290,305
restored,35,22,21,25,21,43,30,27,29,45,29,26,34,20,26,10,38,21,36,37,44
restrain,0,0,0,0,0,0,0,0,0,0,0,0,0,0,1,3,0,0,0,0,0
restrict,58,27,36,23,9,27,17,16,14,27,14,24,32,25,25,27,40,48,69,48,32
restricted,39,11,19,23,20,9,8,5,5,2,6,9,7,10,15,11,23,32,35,7,22
restriction,112,352,200,102,86,123,42,95,104,44,74,379,304,47,120,112,105,450,65,398,170
restrictions,24,8,6,5,0,1,6,5,2,1,1,1,0,2,5,5,1,10,8,8,6
restrictive,1,6,12,3,1,1,1,2,1,0,1,2,1,0,1,3,2,2,5,8,4
rests,0,0,0,0,0,0,3,0,0,1,19,2,0,6,2,0,1,1,2,1,6
result,1395,869,1262,934,641,1595,723,1003,1010,871,1025,1186,1204,1185,1068,1120,1310,1705,1447,1579,1391
resultant,1,1,0,3,2,2,1,4,4,2,2,2,3,4,8,6,34,9,5,7,1
resulted,9,3,12,7,13,12,9,3,0,5,12,1,1,0,5,6,2,7,9,2,0
resulting,192,78,185,107,77,89,98,88,27,81,42,42,69,70,66,61,120,110,119,132,176
results,2578,1421,1831,1952,1287,2286,1508,1961,1784,2015,2176,2531,2251,2394,2345,2132,3314,3180,3267,2782,3105
resume,257,125,142,143,166,330,210,239,335,295,394,286,345,311,328,240,458,860,282,245,443
resumed,1,1,1,2,1,3,9,4,14,9,18,11,30,40,31,43,37,53,78,44,33
resurrection,1,0,0,0,0,0,0,0,0,0,0,0,0,0,0,0,0,0,0,0,0
retail,0,1,0,0,0,2,0,0,0,0,0,0,0,0,0,0,0,0,1,0,0
retain,779,59,94,103,151,70,121,168,108,333,86,222,215,332,219,219,400,220,518,220,167
retained,31,12,17,13,14,11,5,15,24,15,8,22,37,14,7,12,41,11,19,18,26
retaining,0,0,3,3,0,2,0,5,1,1,0,4,1,3,0,0,4,2,5,2,0
retarded,0,0,0,0,0,0,0,0,0,0,0,0,0,0,1,0,0,2,0,0,0
retention,0,0,7,0,0,0,0,0,0,0,0,0,1,1,3,0,10,1,1,14,3
retire,0,0,0,0,0,0,1,3,2,1,0,4,4,4,0,1,0,0,2,2,0
retired,0,0,12,8,0,0,0,0,0,1,0,0,0,0,0,0,0,1,0,0,0
retreat,0,0,3,0,0,0,0,1,0,0,0,0,0,1,0,3,0,0,0,0,0
retrieval,56,39,32,27,32,26,30,46,38,64,45,68,84,59,19,63,132,109,96,111,135
return,4583,2811,3555,3303,2693,4086,2718,3608,2840,3680,3330,3879,4405,3890,3696,4014,5525,5641,5137,5190,5019
returned,303,195,377,300,114,263,140,253,171,193,185,294,395,249,192,245,432,352,477,457,336
returning,144,62,115,105,60,124,74,125,76,126,55,144,133,169,105,157,116,201,146,139,106
returns,895,471,723,642,361,722,428,592,413,451,496,581,884,639,501,611,828,744,763,878,662
rev,32,30,38,19,16,18,19,10,9,1,17,11,10,18,15,8,7,13,12,12,4
reveal,5,7,8,2,0,6,0,4,3,0,0,1,0,0,4,2,0,1,1,1,2
revealed,1,1,6,2,1,3,0,0,4,1,0,2,4,4,0,4,3,2,2,0,1
revealing,1,0,0,0,0,0,0,0,0,2,0,0,0,0,0,0,0,0,0,1,0
reveals,7,0,2,0,1,4,0,1,1,0,0,1,0,1,1,2,0,5,3,1,1
revenge,0,0,0,0,0,0,0,0,0,0,0,0,0,1,0,1,1,0,0,0,0
revenue,6,1,0,0,2,0,5,1,0,0,0,1,5,2,0,1,0,2,2,1,4
revenues,0,0,0,0,0,0,0,0,0,0,0,1,0,1,0,0,0,0,0,0,0
reversal,2,3,7,5,4,12,12,4,4,0,3,3,2,5,4,0,1,3,1,1,5
reverse,208,179,230,212,109,226,163,205,192,339,243,390,381,402,332,413,440,402,390,494,333
reversed,50,45,91,23,54,89,42,51,53,58,34,73,83,95,59,69,79,58,70,115,76
review,1788,40,74,3,5,4,3,4,2,9,3,1,3,9,30,16,63,80,29,17,22
reviewed,1,0,0,0,0,0,0,2,0,0,1,1,0,2,0,0,0,3,0,0,0
reviewing,0,0,0,0,1,0,4,0,0,1,0,0,0,0,0,2,0,0,0,3,1
reviews,10,35,7,1,1,2,0,3,2,4,0,1,0,5,2,3,2,25,15,4,1
revise,15,5,10,7,19,6,4,34,4,16,13,5,16,11,35,12,13,24,19,18,31
revised,16,35,24,12,2,14,3,2,5,28,4,11,8,5,4,9,1,15,2,9,3
revision,154,25,67,35,9,15,8,17,14,30,29,15,36,20,19,24,59,38,59,61,61
revisions,1,0,1,0,0,1,0,0,0,1,9,2,4,0,3,1,2,0,3,0,1
revival,0,0,0,0,0,1,0,0,0,0,0,1,0,0,0,0,0,0,1,0,0
revocation,0,0,0,0,0,0,0,0,0,0,1,0,0,0,0,0,0,0,0,0,0
revolution,2,0,0,0,0,2,2,1,0,0,0,0,0,0,0,0,0,0,0,0,0
revolutionary,0,0,0,0,0,0,0,0,0,0,0,0,0,0,0,0,0,0,1,2,1
revolving,0,0,0,0,0,22,0,1,0,1,0,0,0,0,0,0,2,0,0,0,0
reward,757,173,421,469,379,518,197,298,253,267,249,260,433,320,491,408,292,1144,272,182,363
rewards,148,104,62,199,65,276,66,107,117,53,100,84,80,152,149,165,81,129,104,76,121
reynolds,2,1,8,0,3,2,8,0,1,0,0,0,0,0,1,6,1,1,0,0,0
rhythm,0,0,0,0,0,0,1,0,0,2,16,0,0,5,0,4,3,0,0,0,0
ribbon,0,0,0,0,0,0,0,0,0,0,0,0,0,0,8,0,0,0,0,0,0
ribs,0,0,0,0,0,2,0,0,0,0,0,0,0,0,0,0,0,11,1,2,0
rice,20,0,5,4,0,3,1,0,2,3,0,0,2,1,4,2,3,3,0,0,0
rich,8,1,4,0,2,6,0,1,0,1,4,7,3,4,4,16,11,26,8,4,20
richard,12,10,2,2,1,1,0,3,0,1,1,0,3,0,1,2,0,8,2,0,3
richards,0,0,0,0,0,0,0,1,0,0,0,0,0,1,0,0,0,0,2,1,0
richardson,0,0,0,0,0,0,0,1,0,0,0,1,0,0,0,0,2,0,0,1,0
rico,3,2,0,6,0,10,6,0,0,0,0,1,20,0,2,8,1,2,0,1,0
rid,144,62,86,96,44,86,62,63,63,59,46,83,87,81,89,70,91,86,85,72,68
ride,0,6,9,2,1,1,1,0,5,1,9,1,0,2,2,0,3,0,6,3,2
ridge,8,14,18,8,1,16,3,5,1,3,6,7,10,6,3,3,14,7,11,0,20
riding,0,0,1,0,0,1,0,0,0,0,0,0,4,21,4,0,2,0,11,4,0
rifle,3,0,0,0,0,3,0,0,0,0,3,0,0,1,3,0,2,1,0,0,0
right,1776,914,1082,1076,885,1494,979,1429,1137,1118,1065,1389,1773,1540,1106,1338,1672,1425,1391,1674,1337
rightly,0,0,0,0,0,1,0,0,2,0,1,1,1,0,3,0,0,2,2,0,0
rights,4838,2799,2015,5343,2514,3184,3702,4971,4210,4882,6652,9615,10300,8796,7904,6770,10665,11756,11531,9674,8072
rigid,18,19,5,14,27,18,15,25,15,30,8,20,28,15,44,21,7,42,28,61,21
rim,0,0,0,0,0,0,0,4,0,0,0,0,0,0,0,0,11,0,0,1,0
ring,126,9,37,108,27,42,35,26,58,33,16,107,69,37,16,44,29,43,28,72,47
rings,15,0,6,62,3,5,4,12,10,6,10,2,5,0,2,10,1,2,5,7,10
rio,0,0,0,7,0,1,0,10,2,0,0,0,0,0,4,0,0,0,0,1,0
ripe,0,0,0,0,0,1,0,0,1,1,1,0,0,0,0,0,0,1,0,0,0
rise,0,4,6,4,0,5,3,3,2,21,11,5,12,5,4,13,10,10,22,5,7
risen,1,0,1,0,0,0,0,0,0,2,0,0,1,0,0,0,0,0,1,0,0
rises,0,0,0,5,0,0,0,0,0,0,0,0,0,0,0,0,0,0,0,0,0
rising,3,0,4,0,0,1,4,1,0,2,0,0,0,3,0,3,1,0,2,4,2
risk,33,9,20,9,20,18,20,30,14,40,24,38,39,42,19,36,53,68,40,38,43
risks,17,1,1,0,11,57,8,48,12,19,40,47,88,90,66,40,155,75,208,183,109
ritual,0,0,0,0,2,4,0,6,2,0,4,4,8,4,2,0,8,0,4,6,2
rival,0,0,0,0,0,0,0,0,0,0,0,19,0,0,0,0,1,0,0,1,0
river,0,1,7,0,0,0,1,1,2,1,0,0,0,0,13,12,4,6,10,5,4
rivers,0,0,0,2,1,0,0,0,4,0,0,0,0,3,1,0,0,1,0,0,0
riverside,0,0,2,0,0,0,0,0,0,0,1,0,0,0,1,0,0,0,1,1,0
rna,0,1,0,0,2,0,0,0,11,0,0,1,6,4,1,3,3,5,0,14,6
road,51,9,14,14,10,60,36,10,8,33,17,93,24,45,44,31,41,23,88,56,82
roads,4,0,0,7,4,7,4,8,4,4,2,22,4,1,5,2,2,6,6,4,9
robbery,0,0,0,0,0,0,0,0,0,0,0,0,0,0,0,0,1,2,0,3,1
robert,18,1,15,0,3,33,3,3,1,0,1,4,6,3,5,14,7,7,5,11,8
roberts,0,0,1,0,0,2,0,0,0,0,0,0,0,0,0,0,0,0,0,0,0
robertson,0,0,0,0,0,0,0,0,0,0,0,0,0,2,3,2,2,0,0,5,0
robin,7,0,3,15,0,17,15,27,28,20,14,24,22,34,3,11,7,22,13,21,13
robinson,0,0,1,0,0,0,0,0,0,0,0,0,0,1,0,0,5,0,2,0,2
robust,68,57,52,68,45,77,58,70,55,64,76,47,70,65,45,43,72,81,61,50,60
rochester,1,1,0,0,0,0,0,1,0,0,0,0,0,0,0,0,0,0,1,0,0
rock,1,0,0,3,6,2,2,3,2,1,1,5,3,7,5,7,3,1,9,0,3
rocket,3,2,0,6,1,5,1,0,15,1,5,2,1,0,0,4,4,0,1,0,0
rocks,3,0,0,0,0,1,0,0,0,0,0,0,0,0,0,0,0,0,0,0,0
rocky,3,0,0,0,0,0,0,0,0,0,0,0,11,0,0,0,2,1,0,0,0
rod,4,0,0,0,0,0,0,0,1,11,0,0,2,0,11,3,2,0,5,0,0
roger,0,0,0,0,0,0,0,0,0,0,1,0,0,0,1,0,0,0,0,0,0
rogers,0,0,0,0,0,2,0,0,0,0,0,0,0,0,4,0,0,0,0,0,0
role,39,44,71,21,22,35,59,26,39,29,21,37,39,31,62,40,77,119,75,200,107
roles,18,7,6,3,4,3,8,2,7,5,4,22,9,7,7,18,31,40,26,25,18
roll,111,53,27,23,55,64,20,33,167,30,40,55,175,46,79,81,100,108,103,53,105
rolled,4,0,0,1,0,0,0,0,0,5,1,1,0,1,4,5,24,4,5,2,0
roller,1,0,0,0,0,0,0,0,0,0,0,0,0,0,0,0,2,0,0,0,0
rolling,35,8,2,26,55,38,7,14,3,4,9,14,9,13,11,9,18,15,6,12,16
rolls,6,1,2,0,0,1,0,2,1,0,0,0,2,0,8,2,2,0,3,2,0
rom,7,0,4,0,0,1,7,2,19,31,1,0,0,1,0,1,0,1,1,2,0
roman,19,16,3,16,1,6,4,2,10,8,14,0,6,14,8,5,29,11,29,12,32
romance,0,1,0,4,2,4,0,3,3,1,2,4,5,2,16,1,2,3,3,2,0
romans,0,0,0,0,0,0,0,0,0,0,1,0,0,0,0,0,0,0,0,0,0
romantic,0,0,0,0,0,0,0,0,0,0,0,2,0,0,0,4,0,2,0,0,0
rome,0,0,0,0,0,1,0,0,0,1,0,0,0,5,0,2,0,0,0,0,3
ronald,0,0,1,0,0,0,0,0,0,0,0,0,0,0,0,0,0,0,0,0,0
roof,0,5,1,3,28,4,0,3,0,4,0,1,3,0,5,1,4,0,1,17,0
room,255,34,57,23,26,88,36,53,86,32,42,21,23,57,57,18,75,38,117,99,43
rooms,33,6,11,4,1,44,10,26,42,6,4,3,6,37,17,12,17,6,9,12,6
root,2615,2441,2109,3966,1878,5244,3863,4729,4104,4352,2011,5525,5049,4556,1218,2279,2092,2015,2988,2529,1740
rooted,0,2,10,2,5,1,5,1,3,1,6,1,0,9,3,6,5,5,3,1,0
roots,31,19,59,31,18,22,13,18,42,3,17,9,6,8,5,26,9,19,29,13,17
rope,0,23,0,17,1,6,17,17,0,1,0,4,5,4,9,17,76,58,65,379,424
rose,5,1,1,2,0,2,0,2,2,0,0,2,1,0,0,5,1,0,0,3,2
roses,0,0,0,0,0,0,0,0,1,0,0,0,0,0,0,1,0,0,0,0,0
ross,283,103,92,176,20,24,101,40,16,48,51,19,30,27,9,13,57,30,14,7,35
rotary,4,0,0,2,0,0,0,2,0,3,0,6,9,19,13,31,95,63,61,360,112
rotating,15,7,6,5,5,9,15,8,19,15,9,5,12,11,9,13,13,25,9,11,12
rotation,452,176,334,419,321,476,386,450,409,598,463,468,499,486,547,587,544,587,625,588,396
rotor,9,2,0,0,0,0,0,5,2,0,0,0,0,0,0,0,0,1,2,13,1
rough,27,17,25,15,21,24,7,18,10,3,14,10,21,5,13,20,9,20,27,26,17
roughly,25,30,27,16,15,11,19,26,26,51,14,40,48,39,24,22,27,48,41,31,39
round,336,185,236,319,196,488,321,328,298,406,628,318,352,321,365,323,517,483,539,575,452
rounded,24,5,13,12,11,16,14,12,14,15,29,18,31,27,15,22,11,37,23,22,22
rounds,17,18,36,16,12,75,37,37,23,8,23,29,19,42,16,13,40,57,28,46,26
route,64,12,24,23,10,241,56,7,21,61,3,27,54,26,74,50,27,32,24,175,46
routes,39,1,7,3,0,11,22,1,3,4,0,24,8,1,5,10,2,21,13,9,11
routine,121,31,71,39,21,26,25,21,30,26,20,27,40,16,13,21,42,40,39,42,29
row,891,522,659,460,477,560,500,625,592,566,785,700,674,579,939,600,945,1050,753,772,573
rows,406,249,333,230,270,281,202,233,252,264,281,286,357,312,333,242,380,447,385,481,444
roy,2,7,1,0,2,74,2,2,0,0,2,0,1,0,0,0,1,2,0,0,0
royal,47,0,2,0,3,0,24,0,2,1,0,1,2,0,0,1,1,10,3,0,0
royalty,13,1,0,4,0,0,2,0,0,3,1,1,2,6,10,6,3,6,2,5,4
rs,193,33,41,56,45,26,49,81,74,44,44,19,68,30,100,55,21,117,35,29,61
rt,50,24,46,37,16,42,17,24,25,31,28,37,44,23,27,27,98,35,78,81,32
rubber,1,0,0,0,0,0,0,2,0,0,3,4,2,0,4,0,0,0,0,0,0
ruin,3,1,0,2,0,1,0,0,1,2,0,1,0,2,0,1,0,0,0,0,0
ruins,0,0,0,0,0,1,0,0,0,0,0,2,0,0,0,0,3,0,1,1,0
rule,188,113,221,174,144,226,147,233,172,267,263,312,353,281,303,248,403,448,316,285,297
ruled,0,0,1,0,0,0,0,0,0,0,0,0,0,0,0,0,0,0,0,0,0
ruler,0,1,2,0,2,0,0,0,1,1,0,0,2,2,0,4,0,4,3,2,9
rules,188,61,129,61,62,56,46,115,30,32,159,67,54,72,50,69,81,124,54,78,84
ruling,0,0,0,0,0,1,2,0,0,0,0,0,0,1,0,2,0,2,2,1,4
run,2943,1414,1680,1848,1345,2133,1153,1596,1369,1328,1301,1756,2120,1795,1692,1667,2629,2795,3048,3220,2981
running,862,470,584,540,374,526,391,507,340,507,486,592,604,544,472,536,660,803,751,732,674
runs,387,116,220,210,155,283,139,125,113,198,176,145,175,156,156,142,369,375,358,286,730
rural,0,2,0,0,1,0,0,1,0,0,0,0,0,10,0,1,0,0,0,0,0
rush,1,0,0,0,0,2,0,3,0,2,0,0,0,0,0,0,0,0,0,0,0
russell,0,0,0,13,13,0,0,0,1,0,0,0,0,0,1,0,0,11,0,0,0
russia,0,0,0,2,0,0,0,0,0,0,0,0,0,0,0,0,0,0,0,0,0
russian,3,18,0,23,19,43,0,34,13,0,12,37,24,15,12,2,17,19,19,8,3
rust,10,11,0,16,15,48,12,44,12,3,42,61,80,49,38,8,115,41,79,69,24
ruth,2,0,0,2,0,0,0,0,0,0,0,0,0,0,0,0,0,0,0,0,0
ry,18,35,45,42,39,13,14,25,28,27,12,7,41,21,30,25,18,34,25,26,83
ryan,0,3,11,5,1,3,34,2,0,0,0,20,0,0,0,0,1,7,0,0,0
s,8243,5317,7698,5971,4159,8102,4414,6202,4459,5097,5129,6694,8894,6411,6437,6949,9171,8920,9816,10529,7958
sa,49,23,59,58,40,67,105,51,28,92,62,61,85,68,122,72,86,102,132,71,24
sac,10,2,5,21,7,9,27,26,21,6,6,13,10,19,111,16,12,31,27,21,22
sacred,2,3,0,17,19,1,2,25,4,2,0,1,6,3,12,0,16,0,2,3,4
sacrifice,1,2,1,0,2,2,1,2,0,0,0,1,0,1,1,1,2,1,3,0,0
sad,6,1,7,1,0,0,14,1,3,3,10,1,6,1,8,9,4,11,0,0,2
saddle,0,0,1,4,0,0,0,0,0,4,0,0,4,0,0,0,0,0,1,1,0
safe,109,90,183,107,76,195,87,89,61,91,83,164,107,122,79,105,184,191,160,135,93
safeguards,0,0,0,0,0,0,0,0,0,0,0,0,0,0,0,0,0,1,0,0,1
safely,35,36,69,46,21,66,26,49,30,38,17,55,43,40,29,37,27,72,43,44,38
safety,67,33,45,53,25,80,34,57,25,34,78,81,85,96,77,113,182,102,344,127,143
sage,2,1,11,8,5,6,15,14,6,3,3,7,2,5,3,31,3,7,1,0,22
said,14,10,8,9,4,11,0,9,10,9,6,11,12,17,17,6,12,20,13,44,13
sail,0,0,0,0,0,0,0,0,0,4,7,0,9,15,15,1,2,6,1,7,2
sailing,0,0,0,0,0,0,0,0,0,0,0,0,0,0,0,0,0,0,0,2,0
saint,0,4,0,1,0,0,0,0,0,0,0,0,0,3,4,0,1,2,3,0,0
sake,28,22,29,12,14,25,6,25,10,4,28,30,48,25,13,15,25,28,37,20,12
salary,0,0,0,0,0,0,0,0,0,0,3,0,0,0,0,2,0,0,0,50,0
sale,0,1,0,0,0,2,0,0,0,0,0,0,0,1,0,2,0,0,1,4,0
sales,5,2,0,0,0,1,1,0,4,1,2,0,0,0,0,0,3,0,2,0,0
salesman,0,1,0,0,0,0,0,0,0,0,0,0,3,0,0,3,0,0,0,0,0
sally,0,0,0,0,0,0,0,0,0,0,0,0,2,0,0,0,0,0,0,0,0
salmon,3,0,1,0,0,1,1,0,0,0,3,1,0,0,0,0,1,1,0,0,0
salt,9,2,0,1,1,1,0,0,0,4,0,4,12,0,1,1,4,2,11,0,7
sam,9,2,4,2,9,16,16,17,6,38,14,17,37,31,62,61,76,94,119,263,196
same,3417,2295,2598,3050,2131,3923,2372,3302,2663,2806,3430,3884,4318,3645,3365,3305,5289,4958,5951,5732,4961
sample,2285,1730,1766,1796,1390,1993,1803,2051,2038,2046,2138,2440,2618,2216,2106,2549,3298,3155,4480,3475,2753
samples,1684,1140,1319,1076,961,1501,1170,1340,1132,1491,1570,1559,1891,1596,1458,1414,2362,1834,1657,1985,1954
sampling,600,506,536,559,494,616,608,1489,788,859,840,901,1076,837,799,805,1093,1011,1025,1001,864
samuel,0,0,0,0,0,0,0,1,22,0,0,1,1,4,3,0,2,4,1,0,3
san,9,20,25,6,0,5,0,3,2,4,3,5,2,1,3,5,6,6,31,3,22
sanction,7,1,0,0,0,0,0,0,0,0,0,0,0,0,0,0,0,0,0,0,0
sand,1,0,0,0,0,1,1,3,2,0,149,0,1,1,2,0,8,1,4,0,0
sands,0,0,0,0,0,0,3,0,0,0,0,0,1,1,0,0,3,0,0,0,0
sandstone,0,0,0,1,0,0,1,2,0,0,0,0,0,0,0,0,0,0,0,0,0
sandy,0,0,0,0,0,0,0,0,0,0,0,0,0,0,0,0,6,0,0,0,0
sang,2,2,0,0,0,4,0,0,0,2,0,0,1,1,3,0,1,12,1,1,16
sanitation,0,0,0,0,0,0,0,0,0,0,0,0,0,1,0,1,2,2,1,1,1
santa,0,0,1,0,0,0,0,0,0,0,0,0,0,0,0,0,0,1,0,0,0
sarah,1,0,0,0,0,2,0,0,0,0,0,0,0,0,0,0,0,0,0,0,1
sat,10,3,9,27,22,4,0,9,9,13,14,10,17,12,8,8,23,3,3,9,10
satellite,12,1,2,16,3,4,1,15,4,0,0,6,8,18,10,1,4,2,28,7,1
satellites,7,1,0,6,1,2,0,8,0,8,0,0,2,1,0,0,1,0,2,0,0
satisfaction,1,0,6,0,0,0,0,4,0,0,2,1,3,1,0,0,1,0,3,2,5
satisfactory,2,2,1,0,0,0,0,0,0,0,0,0,0,0,0,0,0,2,1,0,0
satisfied,34,21,40,26,15,21,2,34,11,13,4,11,15,8,12,18,26,25,27,73,31
satisfy,147,50,83,77,56,99,74,78,73,57,70,91,60,63,69,77,59,77,99,64,85
satisfying,8,2,3,3,2,5,0,4,3,7,3,3,1,3,6,6,3,10,0,11,2
saturated,2,2,11,3,4,13,9,10,11,14,3,16,9,4,8,5,18,6,10,8,3
saturation,46,32,39,39,52,35,29,42,49,76,95,48,60,92,89,76,107,68,196,55,65
saturday,0,0,0,0,2,0,2,0,0,0,0,1,0,1,0,0,0,0,0,20,0
sauce,0,0,0,0,0,0,0,0,1,0,0,0,0,0,0,0,24,0,2,0,0
savage,0,0,0,0,0,2,0,0,0,0,0,0,0,0,0,0,0,0,0,0,0
save,4470,2775,2482,3148,2820,4070,2642,3580,3392,3742,3901,3820,4735,4137,3705,3699,5609,6424,5414,5320,4843
saved,446,275,281,439,328,505,379,498,375,480,375,556,699,521,447,572,667,677,705,780,576
saving,526,269,254,354,227,363,217,311,267,303,388,298,436,330,343,425,466,501,618,623,488
savings,26,1,6,5,3,4,8,3,6,0,3,1,6,3,6,64,89,25,209,69,80
saw,29,10,10,2,12,11,3,4,0,1,0,6,0,2,5,8,5,7,13,12,12
say,61,54,72,52,39,72,55,46,33,35,37,57,51,81,46,57,37,68,42,65,51
saying,3,5,2,4,1,3,0,1,5,3,3,5,1,6,1,2,1,1,9,4,2
says,49,36,77,19,5,17,12,12,5,12,7,21,7,12,21,21,18,21,29,13,14
sc,72,22,65,33,75,21,24,29,36,42,31,43,33,47,32,58,55,48,48,33,51
scale,2087,1422,1565,1463,1240,1557,1337,1749,1586,1751,1727,1692,1815,1694,1685,1793,2817,2833,3619,3030,2118
scales,378,166,204,250,174,223,178,239,235,233,247,215,180,160,202,168,285,307,231,272,297
scan,154,465,485,84,73,139,87,123,127,190,70,102,68,122,105,111,116,147,134,294,197
scanned,5,9,15,2,24,2,0,3,0,1,1,4,0,3,2,3,2,5,1,5,3
scanning,28,10,23,2,9,11,3,4,6,3,1,7,0,1,2,15,1,2,5,1,2
scarce,0,0,0,0,0,1,0,0,0,0,0,0,0,0,0,0,0,1,0,0,0
scared,0,0,0,3,3,4,2,7,2,1,4,9,6,5,2,0,5,0,2,4,2
scattered,33,3,2,1,2,7,4,4,4,7,4,6,3,20,5,10,18,4,28,25,8
scattering,79,71,10,15,7,11,4,3,2,10,2,7,22,11,7,13,35,6,1,11,7
scenario,172,32,52,26,30,143,101,35,25,93,50,50,51,42,111,81,171,108,111,332,71
scene,157,90,81,92,115,211,165,183,124,243,187,143,365,172,386,219,345,276,258,539,136
scenes,16,46,11,16,16,75,31,22,53,55,62,25,60,63,146,70,98,65,238,191,105
schedule,648,322,89,272,134,353,245,323,199,352,383,294,428,427,595,445,717,928,1014,610,820
scheduled,44,7,3,9,6,8,6,6,2,25,10,12,50,10,17,9,23,53,16,55,45
schedules,29,11,5,12,6,8,16,26,15,14,35,16,29,31,44,49,40,64,114,83,26
scheduling,42,14,18,22,28,9,19,29,14,29,24,16,17,27,14,22,30,57,37,66,46
scheme,106,113,237,124,26,31,38,68,43,69,48,96,65,60,53,115,143,120,98,98,85
schemes,24,43,76,34,6,18,17,32,18,17,19,33,18,19,19,17,5,9,14,32,8
schmidt,13,9,7,4,10,5,4,5,0,3,19,1,2,6,3,3,4,0,9,12,6
scholar,0,0,0,1,1,15,0,0,0,0,0,0,266,6,0,81,30,38,2,44,81
scholarly,0,0,0,0,0,0,2,0,0,0,0,0,0,0,0,0,0,0,0,0,0
school,5,0,6,12,3,2,1,2,4,12,19,12,2,5,0,3,2,8,28,16,1
schools,0,0,0,0,0,2,1,0,0,0,0,0,0,0,0,0,1,0,0,0,0
sci,3,1,4,8,3,1,0,0,5,2,1,1,1,1,5,4,8,5,3,4,3
science,54,4,9,35,10,4,13,17,1,5,11,11,21,15,18,25,63,32,96,102,17
sciences,1,2,2,0,0,0,0,0,0,0,0,19,48,0,5,0,1,6,17,1,1
scientific,5,3,8,14,1,5,2,4,13,1,6,15,8,3,2,8,18,33,32,20,26
scientist,0,0,0,0,1,0,0,1,0,0,0,0,0,0,0,1,0,0,0,0,3
scientists,0,0,0,0,0,0,0,0,0,0,0,0,0,1,0,0,0,0,0,0,0
scope,406,140,121,199,160,327,121,212,105,104,112,293,285,146,211,91,273,406,199,151,160
score,1635,1022,1216,1509,1027,1229,1188,1607,1256,1150,1231,1430,1513,1416,1165,1360,1633,1510,1455,1347,1258
scores,1209,1158,966,1601,1028,1820,1162,2723,1475,1279,1379,1925,2444,1819,1221,1216,2474,2388,1998,1855,1555
scotland,0,2,0,0,0,0,0,0,0,0,0,0,0,0,0,0,0,0,0,0,0
scott,18,0,11,0,0,8,0,0,0,0,0,2,0,1,0,4,10,8,12,1,11
scrap,0,0,0,0,0,0,0,0,0,0,0,1,0,0,0,2,3,1,0,1,0
screen,148,60,70,39,23,41,52,85,58,50,37,89,120,64,61,83,121,83,118,79,60
screening,2,1,0,0,0,0,3,5,0,1,0,0,0,1,0,1,0,2,3,4,0
screens,9,1,1,0,0,1,0,0,3,0,1,0,1,0,0,1,0,0,0,1,1
screw,7,1,4,2,1,3,2,1,4,0,3,5,0,2,1,3,0,1,4,0,2
script,825,1020,994,486,400,873,287,734,400,314,648,707,1137,768,715,488,1026,692,1057,982,665
sculpture,0,0,0,0,0,1,0,0,2,0,0,0,0,0,0,4,9,0,3,0,0
sd,11,11,18,17,62,36,37,22,3,43,49,25,26,34,22,52,108,90,213,150,43
se,152,43,52,51,58,62,85,104,89,103,108,85,99,84,151,86,55,95,76,79,112
sea,2,1,0,0,1,5,0,1,2,2,6,5,11,4,1,10,12,10,12,13,7
seal,0,1,0,0,0,0,0,0,4,0,0,0,1,0,0,4,5,1,0,0,0
seals,1,0,0,1,0,0,0,0,4,0,0,0,0,0,0,0,0,0,1,0,0
search,831,445,675,750,387,616,518,591,515,499,393,517,877,538,400,398,931,1066,752,864,496
searching,29,50,123,19,19,31,17,49,32,16,15,32,48,20,25,23,38,36,23,49,31
seas,4,6,2,3,0,2,4,0,0,14,1,1,4,0,4,3,0,0,0,10,0
season,4,0,1,1,0,7,0,0,0,1,1,2,3,2,0,2,17,4,5,0,5
seasonal,9,0,1,0,0,5,0,2,0,0,0,0,0,4,5,6,5,2,5,4,9
seasons,2,0,1,0,0,8,0,1,0,2,0,0,0,1,0,0,6,0,2,0,0
seat,0,1,0,0,0,4,0,2,3,0,1,1,0,1,1,6,5,7,3,0,0
seats,0,0,0,1,0,0,0,0,0,0,0,0,0,0,0,0,1,10,0,0,2
seattle,0,1,0,0,0,0,0,0,0,0,0,0,0,0,0,0,0,1,0,0,0
sec,68,31,48,59,88,60,28,56,42,51,79,78,65,67,50,56,59,71,55,66,87
second,981,658,795,872,581,992,644,899,605,745,747,872,1167,927,871,875,1128,1160,1296,1425,1307
secondary,17,12,6,9,18,32,14,33,5,14,96,21,31,17,10,7,50,32,32,42,21
secondly,1,1,1,4,1,2,0,2,8,2,0,0,0,3,3,0,0,1,3,5,5
seconds,331,111,88,117,157,203,97,142,105,123,99,119,125,118,215,173,260,274,224,220,213
secret,30,3,1,0,1,16,17,13,6,9,1,7,0,11,28,12,9,8,9,9,29
secretary,2,0,6,0,0,0,0,0,2,0,0,0,0,0,0,0,0,0,0,0,0
secrets,7,0,0,0,1,2,5,0,9,1,0,1,0,0,1,0,0,6,0,5,5
sect,1,1,3,2,2,0,0,1,0,0,0,0,0,0,2,0,0,0,0,0,0
section,1768,201,395,175,155,274,129,212,90,163,139,171,189,138,142,206,459,315,274,289,217
sectional,0,0,0,1,0,0,0,0,0,0,0,2,0,0,0,4,1,3,0,0,0
sections,50,19,56,21,14,34,9,31,13,13,10,21,38,41,34,33,33,32,49,65,41
sector,19,3,0,1,5,1,2,13,20,45,1,0,17,1,14,1,20,1,4,9,14
sectors,6,0,0,0,0,0,3,3,4,1,1,0,4,0,19,3,0,0,3,1,1
secular,0,0,0,4,0,3,0,0,0,0,0,0,0,0,0,0,0,0,0,1,1
secure,15,46,90,22,7,0,0,15,2,2,1,12,1,7,1,14,3,5,11,2,14
securing,0,0,0,4,0,0,0,0,0,0,0,0,0,0,0,0,0,0,0,0,0
security,61,33,62,15,46,7,6,27,35,7,17,25,7,2,12,12,13,21,11,10,10
see,7118,4150,4213,6842,2965,6420,3251,6325,4064,2650,4876,6356,10995,6899,5696,5503,11732,14422,12958,9845,9838
seed,844,529,512,678,549,1331,645,936,802,1165,937,1048,1209,1176,1189,1123,1791,2674,1673,1521,2263
seeds,173,100,94,99,100,173,74,176,117,155,159,126,181,180,158,143,191,190,229,149,181
seeing,44,10,6,10,5,14,4,11,10,3,5,9,12,10,22,12,20,9,25,10,10
seek,39,22,39,22,4,10,5,7,6,17,13,17,10,17,11,12,11,13,18,25,20
seeking,7,4,0,4,2,2,1,5,2,1,0,3,2,6,7,2,4,1,0,4,3
seeks,1,1,6,0,0,2,2,3,2,0,0,3,4,2,0,1,4,1,2,1,0
seem,94,69,79,155,70,154,47,172,81,60,140,184,325,217,80,135,327,366,278,271,194
seemed,8,6,8,4,1,5,2,5,0,11,10,4,3,6,8,18,11,7,2,5,7
seemingly,2,5,8,2,0,0,0,1,1,0,1,0,0,0,0,3,3,1,1,1,1
seems,267,119,155,159,82,156,96,127,118,122,132,151,185,164,117,161,226,227,272,271,209
seen,131,112,163,122,76,103,59,93,51,184,106,121,142,111,132,147,183,108,126,132,174
sees,10,15,12,27,29,32,1,32,16,4,10,33,29,19,12,9,22,11,18,43,25
segment,251,215,421,411,120,310,182,338,348,232,270,466,414,371,430,373,443,379,408,494,341
segments,151,91,152,206,73,179,76,188,190,111,186,179,238,175,212,199,261,239,197,248,170
segregation,0,0,0,0,0,0,0,0,0,2,0,0,6,0,0,0,0,0,0,0,0
seismic,19,3,0,0,1,2,0,0,0,0,1,1,0,0,0,0,4,0,2,1,1
seizure,40,0,0,0,0,0,0,0,0,0,0,0,0,0,0,0,0,0,0,0,0
seldom,0,1,1,0,1,2,0,0,0,0,0,0,0,0,0,0,0,0,1,0,2
select,829,686,753,783,561,845,709,981,680,786,888,1029,1206,1100,1018,824,1542,1178,1223,1281,987
selected,341,216,187,237,155,299,242,340,231,327,292,341,428,406,284,398,409,521,557,503,372
selecting,74,55,65,56,38,30,50,69,36,54,125,81,37,31,41,44,49,69,65,65,56
selection,240,172,129,142,149,202,140,199,223,163,264,263,315,274,247,192,233,293,260,254,274
selections,6,3,5,3,5,2,2,1,6,1,4,3,5,2,7,5,0,5,0,0,4
selective,12,8,4,22,3,10,4,14,8,36,1,12,15,29,6,8,23,18,23,29,32
self,19909,13834,12504,15752,12432,21635,14001,19246,16400,21689,18268,20835,23122,21324,24020,22745,31913,34196,24459,22905,20765
sell,72,249,135,84,50,88,32,61,74,30,52,361,311,67,124,100,95,92,63,390,167
seller,0,0,3,0,0,0,0,2,0,0,0,4,2,0,0,0,0,0,0,148,0
sellers,0,0,0,0,0,0,0,0,0,0,0,0,5,0,0,0,0,0,0,0,0
selling,0,0,0,0,1,1,0,0,10,0,0,14,1,0,0,2,0,0,3,0,0
sells,0,0,6,0,0,0,0,0,0,0,0,0,0,5,0,0,0,0,0,0,0
semester,0,0,0,0,0,0,0,0,0,0,1,0,0,0,1,0,0,0,0,0,0
semi,80,37,31,45,28,59,53,50,39,44,43,43,73,28,55,64,50,58,40,149,41
semiconductor,0,0,0,0,0,0,0,0,0,0,0,0,0,0,0,1,0,0,0,0,2
seminar,0,0,0,0,0,0,0,0,0,0,0,0,0,0,0,0,0,3,0,0,0
senate,0,0,0,0,0,2,0,0,0,0,0,0,0,0,0,2,0,2,0,0,0
senator,0,0,1,0,0,0,0,0,0,0,1,0,0,0,0,0,0,0,0,0,0
send,367,227,161,189,150,187,144,144,165,239,363,289,236,181,144,171,323,312,358,487,274
sending,74,38,45,47,29,41,34,66,45,40,84,50,42,108,35,28,162,80,114,135,81
sends,41,10,5,36,13,31,22,26,15,14,100,19,32,13,11,13,13,20,24,33,11
senior,0,1,0,0,0,0,0,0,0,0,0,0,0,0,0,0,0,0,0,0,1
sensation,0,0,0,0,0,0,0,0,0,0,0,0,0,0,0,0,3,0,0,0,0
sense,250,119,161,216,144,251,113,134,95,101,115,135,148,125,113,107,137,94,179,112,131
senses,4,1,4,5,1,2,3,1,1,0,0,9,6,0,3,0,0,0,0,1,0
sensible,30,15,33,11,3,28,8,13,9,3,4,12,4,9,10,34,24,10,42,31,15
sensing,3,0,4,5,17,16,7,9,0,0,0,0,5,3,2,0,0,2,1,6,16
sensitive,49,35,29,31,22,115,47,32,38,49,65,58,60,66,41,43,72,53,32,37,28
sensitivity,28,10,10,25,19,41,24,20,22,24,42,18,17,26,12,16,106,41,117,51,77
sensor,210,30,28,92,79,259,110,105,98,88,85,163,114,145,188,144,87,163,223,152,71
sensors,15,6,14,33,16,94,45,83,21,10,10,16,1,7,21,9,12,27,26,42,30
sensory,0,2,0,0,0,0,0,0,0,0,0,0,0,0,5,3,0,1,0,13,0
sent,199,127,124,153,81,141,85,104,73,120,81,157,99,165,87,99,284,238,187,197,143
sentence,1040,824,675,1415,767,1555,1253,1415,897,1084,797,1148,1422,914,388,509,727,662,671,684,421
sentences,340,333,209,523,242,563,456,433,330,329,263,470,500,425,237,238,345,295,309,302,200
sentiment,20,18,7,36,9,8,15,5,9,7,5,21,23,14,8,19,11,31,17,10,12
sentiments,4,0,0,0,0,2,0,0,0,0,0,0,0,0,1,0,1,4,2,0,0
sep,455,379,161,603,296,742,273,381,290,252,281,344,431,315,129,200,322,204,212,277,153
separate,421,224,230,291,304,446,219,342,298,312,295,340,427,411,303,349,381,410,498,432,367
separated,191,73,94,95,62,153,81,119,67,74,78,108,164,147,83,134,202,214,157,147,143
separately,145,122,140,147,89,189,123,167,102,180,119,173,168,163,125,166,206,217,260,238,267
separating,37,24,27,21,20,18,25,23,29,27,128,29,14,13,12,14,17,19,20,15,4
separation,41,20,5,42,38,173,41,148,60,31,94,118,201,120,95,19,180,96,132,133,62
sept,5,0,5,0,4,1,1,0,0,1,0,1,5,0,15,2,1,0,0,5,1
september,8,0,14,2,0,7,3,0,0,0,1,1,0,1,1,6,0,0,4,3,1
seq,171,82,203,229,124,245,188,226,194,316,173,339,277,325,134,303,311,344,425,638,393
sequence,1225,821,1041,1487,769,1854,683,1370,1106,784,929,1329,2047,1294,1117,1316,2115,1962,1744,2093,1907
sequences,458,388,680,634,240,612,255,453,265,208,278,365,630,343,285,356,605,678,432,614,676
ser,5,1,7,0,0,2,0,2,2,0,1,2,2,5,0,14,7,7,4,4,5
serial,22,13,20,10,8,28,24,24,1,32,45,15,43,15,79,28,20,32,35,90,26
series,168,121,123,48,73,120,104,102,54,101,93,120,233,186,163,170,247,454,249,508,723
serious,6,4,5,3,3,4,5,5,5,1,6,2,1,0,2,4,1,0,4,1,1
seriously,2,0,0,2,0,3,0,0,0,0,1,3,0,0,2,1,2,3,1,1,1
serum,11,0,0,0,0,0,0,0,0,0,5,0,0,0,0,2,0,0,0,0,1
servant,0,0,0,0,0,2,0,0,0,0,0,0,0,0,0,0,0,1,0,0,0
serve,48,56,24,28,14,27,27,36,13,32,22,31,54,31,15,27,42,63,49,51,44
served,22,3,10,6,3,9,8,7,2,11,2,6,15,11,1,15,3,8,12,5,8
server,867,196,247,199,103,326,150,171,164,136,135,125,129,129,133,193,131,263,273,172,148
serves,7,11,18,7,1,24,5,7,3,11,4,6,7,11,20,23,25,18,22,69,15
service,78,22,30,16,10,8,13,25,20,30,60,25,47,27,16,13,10,37,23,58,20
services,738,8,63,75,35,20,40,137,67,53,18,30,40,25,47,97,39,29,101,61,64
serving,13,16,9,7,3,12,0,24,1,4,15,22,51,21,2,18,11,49,25,28,16
sess,569,189,283,115,142,208,92,96,76,27,21,24,18,33,112,5,6,22,36,54,3
session,771,188,527,165,174,143,132,105,160,123,62,75,113,108,66,121,59,100,67,112,98
sessions,61,13,23,6,1,79,9,19,11,17,6,12,59,23,46,14,47,28,2,21,21
set,7905,5279,5713,5576,4697,7359,5320,6542,5808,6120,6260,6981,8145,7110,7022,6831,9547,12270,9893,10077,8605
sets,557,211,265,324,236,387,215,369,263,324,407,418,466,388,346,278,572,486,450,496,352
setting,937,522,590,649,528,659,642,632,633,767,871,914,1230,1006,1025,930,1338,1638,1179,1068,1709
settings,4305,4812,4275,1964,2821,2213,1912,2580,3215,2644,3950,3414,3306,2983,3207,3059,3055,4005,3202,2137,4417
settle,4,1,2,5,4,16,1,6,35,6,5,0,1,0,5,6,1,3,1,12,1
settled,2,0,3,2,0,6,0,2,0,0,7,2,2,1,0,0,1,3,0,5,0
settlement,0,0,0,0,0,0,0,0,0,0,0,0,0,0,0,0,0,0,0,0,1
settling,1,0,2,2,0,6,2,3,1,0,0,0,2,1,4,0,0,0,0,2,0
seven,181,1,1,0,1,6,1,11,4,2,0,0,4,2,3,4,1,3,1,1,1
seventh,0,1,2,0,0,0,0,0,1,0,0,1,0,0,0,0,1,0,0,0,0
seventy,0,0,1,0,0,0,0,0,0,0,0,0,0,0,0,2,0,0,0,0,0
several,239,108,158,132,118,285,167,216,184,137,190,235,294,229,201,163,380,277,250,332,187
severe,0,0,1,0,0,1,0,0,1,2,0,0,4,7,0,1,1,1,1,7,8
severely,2,0,1,0,0,2,2,1,2,2,1,0,2,2,5,3,2,7,0,6,3
severity,17,40,44,21,34,32,27,65,32,45,62,38,12,32,37,56,74,55,21,41,49
sewer,0,0,0,0,0,0,0,0,0,0,0,0,0,0,0,0,2,3,0,0,0
sewing,0,0,0,0,0,0,0,0,0,0,0,0,0,0,0,0,2,0,0,0,0
sex,18,5,3,7,6,25,3,2,5,16,7,10,4,5,3,19,6,3,7,15,9
sexes,0,0,0,0,0,2,0,0,0,0,0,8,5,0,0,0,0,0,2,0,0
sexual,0,0,0,0,0,0,0,0,0,0,0,0,0,0,1,2,0,0,0,0,0
sexuality,0,0,0,0,0,0,0,1,0,0,0,0,0,0,0,0,0,1,0,0,0
shade,14,1,2,9,2,2,2,4,3,2,5,0,8,1,1,8,0,3,3,6,3
shades,1,0,1,0,0,0,0,1,0,0,0,0,0,1,0,0,5,1,0,3,0
shadow,59,27,73,53,33,57,79,153,38,61,57,44,35,69,22,22,44,51,44,18,35
shadows,0,0,0,4,1,3,3,3,3,2,3,0,2,1,2,1,4,4,0,4,3
shaft,0,0,0,0,0,0,0,0,0,0,0,0,0,0,0,0,0,0,2,1,2
shake,0,2,1,5,3,2,0,7,3,8,0,0,0,0,2,0,2,0,0,2,1
shakespeare,0,10,0,1,0,0,0,1,0,0,0,1,0,0,0,0,0,2,1,6,0
shaking,0,0,1,0,0,0,0,0,0,1,1,3,0,0,0,1,0,0,0,0,0
shall,1004,562,421,267,128,224,147,317,250,168,164,806,716,191,381,358,335,337,312,976,498
shallow,10,29,20,19,23,36,20,47,36,48,39,67,66,66,69,49,85,74,87,47,76
shape,8865,4982,4738,5917,4721,7347,4655,7228,7960,7225,7140,7646,9396,8093,8720,11470,11886,12450,10439,9754,8940
shaped,31,13,22,21,23,47,23,34,33,21,35,44,45,28,26,45,18,47,41,33,49
shapes,293,232,254,315,165,260,169,278,267,224,243,274,367,273,218,257,435,455,449,645,612
shaping,13,9,10,14,8,24,4,9,30,9,10,1,13,1,5,1,10,3,2,7,74
share,269,156,129,152,80,212,131,182,141,168,147,256,265,184,139,215,230,204,248,223,208
shared,1004,307,354,401,232,396,276,399,335,334,425,376,461,446,310,344,465,1256,481,473,563
shareholder,0,0,0,0,0,0,0,0,0,0,0,0,2,0,0,0,0,0,0,0,0
shares,15,4,4,7,12,20,9,6,2,16,6,3,10,19,15,11,16,17,14,21,25
sharing,56,53,44,53,35,123,44,78,68,103,53,100,101,71,30,50,36,42,62,70,49
sharp,5,8,7,2,5,20,9,19,18,15,10,8,19,65,10,12,22,11,19,23,27
sharply,0,0,0,0,0,0,0,0,0,0,0,0,0,0,0,0,1,1,1,1,0
shaw,1,3,0,0,0,6,0,3,0,2,0,0,0,1,0,0,0,1,2,2,0
she,18,3,2,2,2,4,12,3,8,3,4,2,0,14,1,4,10,23,2,2,11
shear,144,30,41,65,54,81,109,44,90,87,117,98,75,89,91,53,93,83,65,42,106
shed,0,1,1,2,0,0,0,0,0,0,0,0,0,0,0,1,0,0,0,1,0
sheep,44,9,7,14,13,1,1,1,11,16,0,11,3,0,1,20,21,4,19,2,2
sheer,0,0,0,0,0,0,0,2,0,0,0,0,0,0,0,0,0,0,0,0,0
sheet,13,6,5,27,24,12,1,7,8,0,39,6,8,7,7,18,11,4,16,24,4
sheets,71,53,34,64,68,52,47,49,43,49,51,51,49,63,38,28,29,55,41,29,45
shelf,10,3,2,3,4,4,2,4,5,3,0,0,1,3,5,4,37,20,7,11,0
shell,52,43,35,19,14,41,23,31,30,18,27,21,32,21,28,16,41,74,52,69,30
shells,2,1,1,0,0,1,0,1,2,0,2,0,2,0,0,0,0,3,4,4,8
shelter,0,0,0,0,0,0,0,1,0,0,0,0,0,0,0,0,4,0,0,0,0
sherman,0,0,3,0,1,4,0,0,0,0,0,2,1,0,1,0,0,0,0,1,0
shield,1,0,0,0,5,0,8,12,0,2,7,1,10,14,14,37,4,3,1,1,3
shift,486,265,417,623,455,705,582,749,569,828,687,809,721,797,622,792,1175,1105,1045,898,837
shifted,138,79,94,124,53,109,90,147,79,128,64,130,121,121,85,150,108,113,124,85,129
shifting,39,26,19,37,24,42,12,46,24,33,31,59,81,63,34,52,83,91,70,58,74
shifts,73,48,43,106,55,52,35,48,52,45,51,50,25,35,38,48,48,85,46,41,72
shining,0,0,0,0,0,0,0,0,0,0,0,0,0,0,0,0,0,1,0,0,0
ship,77,9,11,37,10,2,9,21,8,30,15,8,8,1,13,2,7,8,9,10,5
shipped,0,0,0,0,2,1,0,0,0,1,0,2,0,0,0,1,0,2,0,0,0
shipping,0,0,0,0,0,0,0,10,1,5,1,0,0,5,0,1,0,0,1,0,0
ships,1,0,7,0,0,0,1,1,0,1,2,0,0,0,1,2,0,0,1,4,0
shirt,1,10,0,0,0,0,0,1,0,4,11,3,0,3,0,2,12,2,0,4,3
shock,2,0,0,4,0,0,0,3,0,0,8,0,0,2,0,0,1,3,7,33,0
shoe,2,0,1,2,2,0,0,0,0,0,1,0,0,0,0,3,6,1,1,0,0
shoes,6,1,2,0,0,0,1,0,3,0,0,0,3,0,3,3,2,0,1,0,0
shoot,7,0,0,0,3,2,4,1,1,4,3,2,7,4,6,14,0,6,6,7,4
shooting,3,9,7,4,1,12,6,5,0,2,2,2,5,2,2,11,1,0,1,1,8
shop,12,2,0,2,0,0,1,2,1,0,2,0,1,2,1,1,3,0,1,0,2
shopping,0,0,0,0,0,1,0,1,0,0,0,2,0,0,0,0,2,0,0,2,5
shops,0,0,0,0,0,0,0,0,0,0,0,0,0,0,0,0,2,0,0,0,0
shore,0,0,0,0,0,0,0,0,0,0,0,0,0,0,0,0,2,1,2,0,0
short,323,216,322,286,161,301,117,231,205,148,157,253,300,239,152,206,317,255,332,311,288
shortage,0,2,0,1,0,1,0,0,0,0,1,0,2,0,0,0,0,1,0,0,2
shorter,76,65,73,66,48,104,69,137,67,51,96,129,184,126,87,85,156,79,135,126,101
shortly,0,4,0,0,1,3,2,1,1,5,7,3,1,2,3,2,4,1,6,7,0
shot,70,131,46,49,55,97,56,116,81,122,59,127,113,156,139,181,302,226,128,201,179
shots,1,27,1,0,0,3,6,39,26,2,8,4,16,17,13,17,27,7,5,20,102
should,3732,3039,4974,3537,2300,4729,3026,4241,2924,3450,3884,4661,4954,4111,3671,3758,5463,5518,6789,6561,5957
shoulder,30,18,12,24,12,22,21,45,24,26,31,23,18,22,45,33,31,13,22,21,4
shoulders,2,0,0,2,0,5,9,0,0,7,4,0,10,0,5,5,2,0,0,3,2
show,1327,525,566,574,447,652,679,725,523,723,692,679,748,639,629,795,748,1090,1188,828,694
showed,3,9,20,5,0,1,5,4,0,1,1,3,0,2,14,4,2,2,4,4,4
shower,2,0,2,0,0,4,0,1,2,1,3,1,0,1,0,3,12,1,7,0,0
showing,77,23,38,32,26,27,21,17,9,24,23,32,21,25,12,24,30,24,41,29,35
shown,152,72,65,98,73,132,85,88,59,98,65,75,97,92,53,68,86,115,118,74,94
shows,82,23,33,19,33,73,11,28,10,33,15,17,24,11,23,36,42,41,36,30,26
shut,10,8,3,5,5,9,3,10,7,2,2,4,2,7,4,1,3,18,1,21,12
si,55,26,28,29,13,12,4,17,24,25,21,12,31,39,29,29,51,25,53,43,61
sic,1,2,1,1,0,0,0,0,0,0,0,0,3,0,0,3,4,0,1,1,5
sick,0,0,3,4,0,2,1,0,1,2,0,1,0,1,1,2,1,0,1,0,0
sickness,0,0,0,0,0,0,1,0,0,0,0,0,0,0,0,0,0,0,0,0,0
side,504,244,288,395,222,447,196,294,272,232,218,340,359,316,310,316,400,531,400,501,362
sided,7,6,33,4,8,6,2,9,4,6,2,4,16,3,5,12,8,4,2,5,8
sides,68,17,33,29,20,39,20,20,33,27,29,40,27,41,50,36,46,66,61,54,39
sierra,0,0,0,0,0,0,0,2,0,0,0,0,0,0,1,0,0,0,1,0,0
sight,7,1,13,5,4,1,3,2,1,7,5,3,9,5,8,12,0,4,0,0,7
sign,222,112,139,145,58,160,120,74,141,328,94,171,149,132,189,195,159,151,185,180,123
signal,384,114,229,165,123,244,130,150,362,149,95,172,170,129,154,152,188,283,212,208,226
signals,66,28,29,23,12,51,11,26,38,17,40,17,22,13,25,44,35,48,36,37,31
signature,139,58,84,63,37,131,75,84,43,38,95,123,147,208,136,123,516,232,803,481,407
signed,45,9,47,11,8,49,11,27,25,14,14,47,48,33,36,10,26,60,25,41,39
significance,6,7,14,2,1,6,5,0,3,12,3,5,7,11,3,9,7,10,18,3,14
significant,72,24,49,121,22,36,43,25,28,39,49,28,34,46,32,110,148,97,393,124,109
significantly,15,21,21,33,23,15,8,25,22,21,25,40,58,41,30,48,45,31,65,30,36
signing,1,0,0,0,0,0,1,0,0,1,0,0,0,0,0,0,0,0,0,3,13
signs,17,7,20,12,13,24,27,13,13,12,7,13,19,15,21,19,34,26,28,42,43
silence,23,42,56,22,26,77,6,32,17,13,12,19,22,15,131,83,48,20,28,47,28
silent,20,25,25,15,6,19,7,9,11,5,5,15,13,64,10,61,17,116,8,25,13
silicon,4,0,0,0,0,2,0,0,0,0,3,3,0,1,2,2,5,1,3,2,0
silk,2,0,0,1,0,0,0,0,0,0,1,0,0,0,0,0,1,0,0,0,0
silt,0,0,0,0,0,0,0,0,0,0,0,0,0,0,0,0,0,0,1,0,0
silver,9,0,0,8,0,0,8,2,1,1,0,0,0,1,4,2,11,9,1,1,2
similar,398,171,209,197,126,225,207,224,150,182,179,217,238,172,173,198,276,268,289,268,242
similarity,196,88,158,158,112,194,168,312,163,190,184,277,373,377,422,289,478,370,256,360,315
similarly,25,27,30,19,6,11,13,19,6,0,1,13,15,14,4,11,15,26,18,23,34
simon,0,5,25,8,30,10,0,2,1,0,12,2,1,3,0,1,0,5,3,3,6
simple,656,326,474,420,344,613,277,496,348,306,325,491,533,446,316,277,544,521,585,591,459
simpler,33,25,34,46,5,55,23,23,14,45,19,41,25,27,23,31,46,42,44,59,41
simplest,20,7,6,4,4,6,12,7,1,10,4,7,4,4,5,5,4,7,23,12,6
simplicity,68,67,25,69,37,65,57,46,54,62,82,69,72,59,70,44,79,79,96,99,72
simplified,99,32,45,49,66,54,50,61,67,38,44,39,75,60,38,58,75,94,127,78,67
simply,288,169,176,246,173,270,154,290,179,167,204,317,484,347,192,324,531,550,610,534,407
simpson,1,0,4,1,1,0,0,0,13,0,2,3,4,0,0,2,3,1,1,2,1
simulated,26,5,20,16,5,26,25,22,12,30,26,33,24,18,21,19,26,76,71,30,26
simulation,412,66,119,166,123,295,121,76,109,67,89,266,72,60,98,152,180,182,241,368,273
simultaneous,3,1,1,4,0,0,4,4,4,1,0,13,6,7,0,2,0,12,1,5,11
simultaneously,32,20,16,14,12,18,14,24,12,26,8,27,38,31,35,25,37,37,32,38,36
sin,217,128,90,61,127,136,156,175,185,144,160,150,240,189,182,191,325,344,231,365,381
since,1725,1318,1610,1780,1161,2183,1336,2103,1628,1491,1682,2240,2503,1900,1443,1859,2568,2593,2961,2831,2177
sing,0,0,1,0,0,0,0,4,0,0,1,0,1,0,0,1,2,1,0,0,3
singapore,0,6,0,0,0,1,0,0,6,0,0,31,0,0,0,6,0,1,4,3,1
singer,0,0,1,1,1,0,0,0,2,0,0,3,0,0,0,14,6,0,2,6,1
singing,0,0,0,0,0,0,0,4,0,0,1,0,0,1,0,0,0,6,1,0,0
single,1678,1044,1383,1300,1110,1684,1055,2238,1339,1378,1378,1847,1974,1591,1369,1516,2434,2262,2927,2555,2392
singular,91,83,145,30,93,43,44,66,49,60,133,23,56,65,30,60,76,66,62,70,62
sink,10,14,15,8,4,15,10,6,10,2,3,17,8,3,4,9,63,8,22,71,5
sinking,0,0,0,0,0,1,0,0,0,0,0,0,0,0,0,0,0,0,0,2,0
sins,1,0,0,0,0,0,1,0,0,0,2,0,0,0,0,0,0,0,0,0,0
sir,1,5,4,7,0,0,2,1,6,1,1,1,4,6,3,5,2,0,5,2,5
sister,0,0,0,0,0,0,0,0,0,0,0,0,0,2,0,0,3,4,0,0,0
sisters,0,0,0,0,0,0,0,0,0,0,0,0,0,0,0,0,0,34,0,0,0
sit,21,8,9,5,3,0,4,1,2,2,6,1,4,2,0,3,17,5,12,4,10
site,107,65,130,24,7,105,7,45,32,45,18,39,9,17,22,76,22,29,51,40,57
sites,11,10,15,5,3,247,2,12,24,20,7,3,4,9,22,15,17,30,24,22,17
sits,4,6,9,5,0,1,2,4,2,2,1,1,0,2,2,2,1,5,7,1,0
sitting,5,0,1,2,3,5,3,0,2,2,8,4,4,2,2,1,17,6,17,5,12
situated,0,0,1,0,0,1,0,0,0,0,0,0,0,0,0,0,0,0,0,0,1
situation,23,20,52,32,13,26,13,27,21,44,23,34,49,22,43,71,55,59,69,69,53
situations,13,16,32,13,9,14,82,16,9,6,6,10,16,6,9,32,11,38,17,16,17
six,37,58,124,32,13,17,4,27,8,23,12,34,19,17,7,27,14,13,24,16,14
sixteenth,0,0,0,0,0,0,0,0,0,0,0,2,0,1,1,0,0,0,0,0,0
sixth,3,1,1,0,2,2,1,5,4,1,2,5,10,3,2,3,7,8,5,3,3
sixty,0,0,0,0,0,0,0,0,0,0,0,0,0,0,0,2,0,0,0,0,0
size,8055,3651,4661,5508,4194,6796,5299,5684,5597,6538,5981,6329,7373,6116,5813,5866,8307,7126,7459,6923,6019
sized,59,77,126,86,47,96,71,53,72,37,57,62,32,44,44,57,37,74,44,40,54
sizes,433,327,396,565,395,660,403,587,465,453,469,606,595,494,377,396,538,587,751,572,453
sketch,17,5,7,22,44,67,7,5,81,14,28,5,21,42,35,13,21,43,31,4,5
sketches,0,0,1,12,0,2,3,0,15,0,1,0,5,3,1,0,0,0,1,1,3
skill,7,0,0,0,0,0,0,2,7,2,7,1,2,4,0,6,6,10,3,0,9
skilled,0,0,0,0,0,0,0,0,1,0,0,0,0,0,0,0,1,0,2,5,1
skills,3,0,0,0,0,0,0,1,3,0,21,4,8,4,1,1,12,11,12,3,9
skin,13,3,3,12,3,2,12,8,3,8,1,4,3,11,12,4,13,28,18,14,0
skins,0,0,0,0,0,0,0,0,0,0,0,0,0,0,0,0,0,4,1,0,0
skull,4,6,0,1,0,0,0,0,1,0,1,0,0,1,0,0,2,2,0,0,0
sky,41,16,44,50,26,59,25,22,24,19,6,35,37,31,30,34,133,19,227,41,33
slate,2,4,9,4,4,1,0,1,0,0,0,1,8,1,0,1,0,0,35,1,0
slave,4,4,0,9,0,1,1,0,61,8,0,0,0,0,4,0,0,4,0,0,0
slaves,5,3,0,0,0,0,0,0,80,6,0,0,0,0,3,0,0,8,0,0,0
sleep,93,138,97,64,55,66,40,45,24,49,38,120,51,56,52,98,74,119,82,63,68
sleeping,5,4,2,0,1,3,1,1,0,0,1,3,0,2,3,2,13,4,5,6,4
sleeve,0,2,0,0,0,0,0,0,0,0,0,0,0,0,0,0,1,0,0,0,0
slender,0,0,0,0,0,0,0,0,0,0,0,0,0,0,2,0,0,0,2,0,0
slept,0,0,0,0,0,1,0,0,0,1,0,0,0,0,0,0,0,0,0,1,0
slide,3,10,12,8,14,22,16,15,12,70,21,28,37,18,15,59,19,40,21,11,46
slides,8,6,0,11,23,1,1,0,2,14,5,1,6,2,1,8,14,9,0,0,16
sliding,43,31,28,39,38,85,59,95,30,62,56,120,196,76,77,32,96,148,119,113,190
slight,54,27,39,39,36,38,38,58,41,68,68,99,67,88,80,73,96,75,73,76,56
slightest,0,0,0,0,0,0,0,0,0,0,0,0,0,0,0,0,0,0,0,0,1
slightly,268,136,165,232,153,280,182,325,186,202,256,276,497,335,220,282,523,496,489,395,307
slip,8,2,1,7,10,7,0,2,1,4,5,4,0,2,0,3,6,0,4,1,0
slipped,2,0,2,0,0,0,0,0,1,0,1,0,0,3,1,0,2,0,0,2,0
slope,49,15,64,17,54,51,5,25,109,6,21,27,24,51,23,19,37,13,48,48,96
slopes,9,3,85,5,9,2,8,15,44,4,5,1,7,15,1,6,2,17,8,4,29
slot,45,178,103,19,80,86,13,41,83,52,4,96,44,20,153,12,84,314,30,43,79
slow,218,144,195,214,142,357,147,405,188,157,267,310,486,393,276,198,618,418,497,564,423
slower,78,52,41,44,45,66,49,75,37,42,62,78,121,118,66,71,201,102,123,159,129
slowly,10,2,1,6,2,14,1,8,3,1,1,4,2,4,3,7,4,1,2,5,6
small,817,441,699,600,386,802,369,682,465,539,619,669,808,738,714,677,1190,860,876,929,946
smaller,259,209,239,253,211,440,274,294,261,231,284,334,401,359,334,320,511,381,440,473,398
smallest,127,103,162,112,81,154,86,138,103,115,113,165,162,156,138,139,219,187,208,143,123
smart,7,16,10,16,2,8,10,5,7,4,4,7,17,2,8,13,8,20,19,15,9
smell,0,4,8,2,0,0,0,2,0,0,1,0,0,0,2,1,0,1,0,0,0
smile,8,7,10,3,0,8,29,0,0,3,1,7,0,1,0,0,0,2,2,1,0
smiling,4,2,1,2,2,1,1,5,0,3,0,1,0,2,1,6,1,0,4,2,7
smith,75,31,9,63,45,56,64,26,24,23,6,28,17,7,17,14,9,9,13,14,4
smoke,2,3,34,2,1,5,0,0,0,7,4,6,9,4,5,13,19,6,54,31,20
smoking,0,0,1,0,1,0,0,0,0,1,3,0,0,0,2,0,0,0,0,0,0
smooth,121,62,65,101,72,122,89,82,77,84,99,158,89,112,114,143,124,148,117,112,124
sn,394,79,38,52,30,44,206,26,30,19,88,3,17,48,23,15,27,66,16,36,15
snake,28,14,7,53,39,74,29,103,59,39,70,103,188,106,27,62,164,167,120,96,69
snow,5,0,8,3,0,4,3,2,0,1,10,0,2,12,5,2,5,13,7,34,12
snyder,0,0,0,0,0,0,0,0,0,0,0,1,0,0,3,0,0,0,0,0,0
so,5083,3727,5103,4230,2350,4905,2955,4515,3078,3234,3575,5074,6355,4300,3547,4329,6172,6294,7246,7274,5583
soap,0,1,0,0,0,0,1,0,3,2,0,2,1,0,2,1,6,2,0,0,2
soc,0,0,2,0,6,10,2,6,0,5,0,6,0,1,27,0,7,1,0,2,3
social,7,1,3,8,2,5,6,32,1,8,1,11,17,8,10,6,10,27,11,4,16
socially,0,0,0,0,0,0,0,0,0,0,0,0,0,0,0,1,2,0,1,0,0
society,13,1,3,0,0,0,0,0,0,0,0,0,0,0,4,1,14,0,2,0,0
sociology,0,0,0,0,0,0,0,0,0,0,0,0,0,0,1,0,0,0,0,0,0
soda,0,0,0,0,0,0,0,0,0,0,0,2,0,0,4,1,1,1,0,0,0
sodium,1,0,0,0,0,1,2,0,2,0,5,1,0,0,0,3,0,0,0,1,0
soft,321,303,213,140,139,160,110,188,122,165,124,169,161,156,112,152,136,148,161,138,122
softly,0,0,1,0,0,0,0,0,0,0,0,3,0,0,0,1,0,1,1,4,5
software,8072,5226,4126,6061,2648,4816,2283,5201,3375,2253,3499,7342,10165,5027,4356,4610,9119,12180,10007,10675,8802
soil,1,0,0,2,0,1,3,0,0,0,0,0,1,14,0,0,6,0,1,2,0
solar,60,8,20,3,12,19,18,5,5,6,22,17,18,10,14,7,6,20,28,10,33
sold,0,1,0,0,0,1,0,0,0,0,0,1,2,1,0,1,0,5,1,0,0
soldier,1,0,1,1,0,0,1,0,0,0,0,0,0,0,0,0,0,0,0,0,0
soldiers,2,0,3,0,0,0,0,0,0,0,0,0,0,0,0,0,0,0,0,1,0
sole,10,2,23,1,2,2,0,0,0,18,1,1,3,3,5,1,1,0,1,1,4
solely,0,13,21,5,3,6,1,3,2,4,5,3,1,3,18,13,7,10,23,11,7
solid,17,11,7,4,23,8,6,8,18,11,16,19,7,15,7,11,18,17,8,5,3
solids,1,0,0,0,0,0,1,0,0,0,0,0,0,0,2,0,0,0,0,0,0
solitary,0,0,2,0,0,0,0,0,0,0,0,0,0,0,0,6,1,0,0,0,0
solomon,0,1,0,0,0,1,0,0,0,0,0,0,0,0,0,8,0,1,0,0,0
soluble,0,0,0,1,0,0,0,0,0,0,0,0,0,0,0,0,0,0,0,0,0
solution,255,137,250,190,120,211,98,175,127,131,94,154,240,171,185,181,381,263,385,522,717
solutions,41,49,43,32,26,29,23,16,55,21,45,24,45,22,84,20,75,50,75,84,117
solve,167,94,207,73,71,114,87,92,107,87,77,149,171,116,80,183,117,152,241,197,193
solved,32,12,14,12,15,12,28,26,10,11,4,19,11,17,13,28,11,9,26,19,16
solvent,2,0,0,1,0,0,1,0,0,0,1,6,12,0,0,0,0,1,0,0,0
solving,16,9,27,15,10,12,15,25,9,25,5,51,9,21,20,24,4,14,34,25,30
some,2162,1666,2224,1575,1017,2286,1319,1833,1531,1651,1573,2115,2511,1992,1883,1872,2635,2721,2907,2741,2463
somebody,6,8,22,4,0,1,0,2,2,5,0,3,0,0,2,2,4,1,6,1,6
somehow,32,29,49,43,15,24,14,27,15,21,13,28,26,31,22,41,38,21,30,28,35
someone,41,100,153,42,18,14,6,76,8,54,9,32,111,90,13,78,34,10,50,65,23
something,354,267,398,238,137,235,122,241,164,154,149,212,232,193,166,208,287,241,306,256,224
sometime,2,5,11,2,0,1,0,3,0,4,2,4,3,0,4,4,0,7,3,3,11
sometimes,195,164,189,222,134,324,147,313,235,172,231,338,433,273,157,216,361,416,450,301,319
somewhat,18,22,38,17,6,28,22,23,16,20,19,38,33,15,14,27,22,22,25,35,17
somewhere,36,22,54,14,15,32,9,24,14,10,16,18,29,26,13,15,25,17,35,22,34
son,31,31,14,61,39,76,6,47,23,6,22,33,31,13,14,4,23,2,20,12,6
song,21,32,8,18,44,18,53,49,30,40,35,5,3,19,20,76,43,17,65,40,15
songs,4,3,1,0,0,0,9,2,0,0,0,0,0,0,2,27,10,0,0,0,0
sons,2,0,0,0,0,0,0,0,0,0,0,0,0,6,0,3,0,0,0,0,0
soon,50,27,22,20,25,24,16,28,19,22,24,35,56,32,22,28,55,52,86,82,44
sooner,0,0,0,0,0,0,4,1,0,0,0,2,2,1,0,3,0,0,0,0,0
sophisticated,7,0,2,0,2,3,2,1,0,0,1,1,0,5,6,4,5,16,27,19,15
sorry,46,7,14,8,21,9,12,11,2,7,26,4,2,15,11,8,11,6,16,6,2
sort,844,706,840,857,488,988,672,830,844,858,730,915,942,892,672,672,874,906,867,751,605
sorts,18,7,16,10,5,21,5,7,6,9,8,9,22,23,13,15,44,25,27,38,31
sought,1,0,1,0,0,1,0,0,0,0,0,1,0,3,0,2,0,0,0,0,1
soul,0,0,0,0,4,0,0,0,2,0,0,0,0,0,0,0,8,0,0,0,1
souls,0,1,0,0,0,0,0,0,0,0,0,0,0,0,0,0,0,0,0,0,0
sound,143,21,131,26,2,17,4,15,7,12,14,0,16,34,18,67,7,26,15,27,54
sounded,0,0,0,0,0,0,0,0,0,0,0,0,0,0,0,0,0,0,0,0,1
sounds,13,0,10,4,0,2,4,11,1,13,0,3,0,0,2,1,3,5,8,1,11
soup,6,3,1,1,6,5,0,0,1,1,4,0,16,9,1,0,31,0,0,12,26
source,5802,4957,3826,7534,3847,10332,7882,9754,8070,9024,3433,10763,9907,7962,2526,4240,3332,3783,5745,4663,3480
sources,151,138,107,78,59,126,91,67,110,75,53,62,81,43,63,65,102,85,90,295,66
south,10,5,7,8,4,9,5,4,7,0,4,2,11,12,92,26,6,11,7,5,10
southeast,0,0,0,0,0,0,0,0,1,1,1,0,0,0,0,0,0,0,1,0,0
southeastern,0,0,0,0,0,0,0,0,0,0,0,0,0,0,0,0,0,0,2,0,0
southern,1,0,0,0,0,0,0,0,2,0,0,1,0,0,1,0,0,0,6,0,1
southwest,0,0,0,0,0,0,0,0,0,0,0,0,0,0,0,0,0,0,1,0,0
southwestern,0,0,0,0,0,0,0,0,0,0,0,0,0,0,0,0,0,0,1,0,0
soviet,0,0,0,1,0,0,0,0,0,0,0,0,0,0,0,0,0,0,0,0,0
sp,296,70,31,56,38,60,30,65,47,52,48,44,122,71,373,51,62,91,60,208,90
space,1287,741,787,749,590,768,686,921,693,861,746,1002,1161,1038,879,1010,1434,1366,1449,1299,930
spacecraft,0,0,0,0,0,0,0,0,0,0,0,0,0,1,14,1,0,0,6,0,0
spaced,28,8,28,8,3,30,5,18,5,20,12,12,7,11,18,24,18,21,45,22,27
spaces,235,170,228,163,118,268,113,165,115,109,160,192,181,141,103,215,253,213,190,267,296
spacing,107,32,82,59,70,80,64,35,46,47,57,31,20,14,83,48,42,170,60,75,99
spain,0,0,8,1,0,0,0,0,0,0,0,0,0,0,1,0,0,0,0,0,0
span,255,274,82,401,209,394,255,284,140,259,157,278,387,234,244,116,476,322,272,245,330
spanish,3,1,3,5,0,1,0,0,2,1,1,0,0,5,0,4,4,32,4,7,2
spare,6,2,8,9,11,12,18,9,13,6,18,21,15,18,7,9,22,26,22,8,3
spark,9,0,5,0,5,0,0,0,2,0,1,3,0,2,1,2,2,7,1,0,12
spatial,259,155,252,247,124,180,241,256,260,288,331,315,343,484,387,344,552,714,608,418,439
speak,9,2,5,0,0,0,0,1,0,0,0,0,0,42,0,1,3,1,0,0,1
speaker,48,93,44,26,19,80,43,54,93,23,54,74,162,98,48,128,104,133,49,84,70
speakers,13,28,18,1,1,3,6,2,44,9,3,9,24,8,2,20,24,2,12,24,10
speaking,2,2,2,3,4,6,1,6,3,0,3,3,7,2,2,6,2,7,4,3,3
speaks,9,5,4,7,5,10,0,7,4,0,4,7,7,3,3,3,5,4,4,2,3
special,1496,575,769,833,342,1094,517,1115,502,558,644,967,1481,878,629,705,1350,1252,1340,1347,1057
specialist,0,0,1,0,1,0,0,0,0,0,1,1,0,0,0,0,0,4,1,1,0
specialists,0,0,4,0,0,0,0,0,0,0,0,0,0,0,0,0,0,4,0,0,0
specialized,7,4,11,3,1,20,3,3,7,6,0,13,6,3,5,1,3,20,8,14,13
specially,26,17,30,32,18,43,55,54,31,20,24,31,49,40,11,31,66,63,53,49,26
specialty,0,0,0,0,0,0,0,0,1,0,0,0,0,22,0,0,0,0,2,0,0
species,71,18,7,24,10,14,37,25,50,28,7,3,20,20,133,14,51,66,21,29,121
specific,5223,2386,2253,5374,2326,4737,2090,4759,3121,1833,3477,4217,7907,4663,3828,3928,8866,9900,10185,7850,8065
specifically,77,62,117,58,14,31,36,54,20,30,30,54,45,39,51,75,49,59,93,52,42
specification,64,43,90,27,18,50,26,22,8,18,5,34,14,19,17,39,26,20,29,38,47
specifications,42,70,60,34,44,63,64,22,23,34,23,39,23,17,73,37,26,30,32,56,28
specified,997,770,904,690,501,967,625,886,711,645,784,935,1160,980,830,779,1252,1358,1247,1308,1095
specify,553,270,292,329,192,444,324,316,281,309,240,360,407,418,480,372,553,546,577,529,472
specimen,6,0,0,0,0,0,0,0,0,10,2,2,1,0,0,0,0,0,0,0,0
specimens,0,0,0,0,0,0,0,0,1,0,0,3,0,0,0,0,0,0,0,0,0
spectra,192,34,71,55,22,59,22,28,25,52,87,10,13,35,39,28,88,54,46,68,91
spectral,270,89,58,46,108,42,54,87,38,109,123,44,43,104,20,55,129,79,185,104,45
spectroscopy,0,0,0,0,0,0,0,0,0,0,0,1,1,0,0,0,3,1,1,0,0
spectrum,331,78,221,115,89,58,27,277,31,77,69,31,61,99,94,98,137,129,145,129,148
speculation,1,0,0,1,0,0,0,0,0,0,0,0,1,0,0,0,0,9,2,0,8
speculative,0,0,0,0,0,0,0,0,0,1,0,0,3,0,0,2,0,93,11,15,61
speech,42,23,32,28,12,36,19,93,81,31,40,136,135,99,103,155,154,79,87,144,169
speeches,0,0,4,0,0,1,0,0,0,0,1,0,0,0,0,0,0,0,2,0,0
speed,487,232,241,341,232,439,273,277,314,250,528,466,326,403,334,326,385,497,548,454,430
speeds,4,6,11,16,6,14,8,15,9,16,16,19,38,35,27,26,45,23,23,21,8
spell,26,11,10,2,0,1,3,5,2,5,2,2,4,1,3,1,4,6,4,2,1
spelling,6,7,24,4,11,1,3,19,2,8,2,4,11,4,3,6,0,0,4,9,8
spencer,0,0,1,1,0,0,0,1,0,0,0,0,0,0,0,0,0,1,0,0,0
spend,56,4,4,1,3,5,3,6,5,12,9,8,5,8,8,4,2,3,2,13,2
spending,12,3,2,3,6,0,0,4,2,1,2,1,3,3,0,0,2,0,2,3,1
spent,16,6,5,5,20,14,47,15,10,2,9,10,12,14,6,7,15,15,6,7,8
sphere,104,33,51,61,66,77,36,54,63,57,24,37,58,33,88,55,73,56,27,69,56
spherical,32,24,20,20,38,20,20,26,16,20,29,6,74,15,31,18,36,43,31,42,49
spin,44,16,21,6,6,21,14,50,30,53,53,85,80,29,107,51,18,108,24,80,55
spinal,0,0,1,0,0,0,2,0,0,0,0,0,0,0,8,0,0,0,0,0,0
spine,8,8,2,1,0,1,11,2,21,7,0,11,4,15,20,6,7,3,8,10,5
spinning,2,0,4,0,0,7,1,3,5,0,5,0,3,0,4,3,0,14,1,1,0
spiral,94,7,45,13,0,7,27,0,3,8,12,4,27,5,18,10,11,13,8,17,3
spirit,2,1,2,4,1,5,0,3,1,0,1,3,3,3,8,5,5,14,3,10,15
spirits,0,0,0,0,0,0,0,0,1,0,0,0,0,0,0,0,0,0,0,0,0
spite,1,0,0,0,0,0,0,0,0,0,0,0,0,0,0,0,0,0,0,0,0
split,1799,1252,1282,1349,1153,1833,1714,1812,1680,1895,2161,1930,2479,2238,1900,1890,2930,2853,2731,2651,2332
spoke,0,0,0,0,0,0,0,0,0,0,0,0,0,0,0,0,0,0,0,0,2
spoken,5,2,7,0,1,0,1,0,0,0,0,27,0,0,1,0,1,3,0,3,0
sponsored,12,1,0,0,0,0,0,0,0,0,0,0,0,0,0,0,0,0,0,0,1
sponsors,0,0,0,0,0,0,0,0,0,0,0,0,0,0,0,0,1,0,0,0,1
spontaneous,0,0,0,0,0,0,0,0,0,0,0,0,0,0,0,0,0,1,0,0,0
sport,4,0,0,8,0,0,3,1,3,5,0,0,3,0,1,1,0,0,0,0,0
sports,1,4,12,0,4,0,0,2,9,12,4,8,4,10,2,16,6,7,15,5,2
spot,10,18,22,13,40,6,3,16,48,9,9,8,5,20,28,34,28,13,8,13,6
spots,11,1,3,6,2,6,3,8,60,9,4,12,8,2,6,8,3,7,7,2,2
spotted,0,0,0,0,0,0,0,0,0,0,0,1,0,0,0,0,1,0,0,0,0
spouse,0,4,0,0,0,0,0,0,0,0,0,0,0,0,0,0,0,0,0,0,0
spray,0,0,0,0,0,0,0,0,0,0,0,0,0,1,0,0,4,0,0,1,1
spread,27,17,13,20,5,10,9,12,11,8,13,8,8,15,12,20,12,20,41,13,15
spreading,0,15,1,0,0,0,0,0,2,0,0,0,1,1,1,1,1,0,1,2,0
spring,5,3,6,0,5,2,1,4,7,0,0,1,2,3,0,3,5,3,8,0,3
springs,0,0,0,0,0,4,0,0,6,0,0,0,0,0,0,4,0,0,0,0,0
square,327,178,377,259,216,296,242,260,260,243,230,215,264,267,239,279,343,290,245,354,275
squares,46,60,98,59,41,78,40,40,50,39,42,40,14,46,42,53,31,35,47,76,30
sr,58,46,69,42,61,93,90,77,108,127,130,179,80,65,96,87,82,228,146,48,74
ss,103,58,165,60,71,61,21,38,74,15,52,66,70,60,46,60,47,82,92,60,62
st,261,205,356,130,63,66,142,94,69,23,94,240,28,46,81,109,97,126,131,65,59
sta,4,0,0,1,2,0,1,0,0,4,7,0,0,7,0,1,0,1,10,2,0
stability,136,83,73,115,83,99,66,108,91,122,107,154,114,147,170,139,235,238,317,310,194
stabilization,6,0,3,0,1,2,3,2,6,1,0,5,1,1,2,0,4,1,3,2,10
stable,117,87,120,149,119,201,113,177,146,172,208,217,295,288,292,334,594,520,798,503,440
stack,532,341,494,486,390,467,306,399,405,496,483,407,463,428,391,446,499,611,532,580,433
staff,11,0,8,0,1,0,2,0,1,12,3,1,3,53,3,0,3,3,6,25,23
stage,1250,668,748,837,629,887,1103,1075,1024,1343,1323,1042,1088,1028,1463,1133,983,1447,1249,1694,1095
stages,135,70,93,95,72,97,132,111,117,156,211,199,205,157,222,190,248,230,252,419,188
stainless,0,0,0,0,0,0,0,0,0,0,3,0,0,0,0,0,0,0,0,0,0
stairs,3,1,2,0,2,2,0,6,2,1,0,0,2,0,2,0,6,3,14,0,0
stake,4,0,0,0,0,0,0,0,0,0,0,0,0,0,0,0,0,0,0,1,0
stamp,55,7,12,7,10,14,21,8,13,15,26,25,26,16,25,25,35,36,29,44,28
stamped,2,0,0,0,0,0,0,1,0,0,0,0,1,0,0,0,1,0,0,1,2
stamps,13,4,2,0,1,7,2,1,6,3,3,10,10,4,9,14,12,1,9,14,9
stand,22,17,30,14,13,19,13,16,9,28,16,18,10,9,17,18,34,25,56,11,17
standard,842,384,572,421,343,587,335,549,496,547,440,566,671,779,637,703,1039,840,1547,893,1267
standardization,16,1,1,8,12,3,3,4,6,14,4,4,5,5,6,15,7,8,17,10,14
standardized,23,4,7,15,2,11,3,8,4,5,5,9,9,7,2,5,8,8,11,17,17
standards,9,8,23,12,5,2,0,5,1,2,1,5,1,8,5,5,4,6,29,3,21
standing,23,16,20,12,28,10,14,18,1,2,55,15,8,25,1,8,24,5,9,11,10
standpoint,0,0,0,0,0,0,0,0,0,0,0,0,0,0,0,1,0,1,0,0,0
stands,24,18,17,18,58,90,9,18,16,11,15,30,49,25,38,12,38,21,22,21,30
stanford,29,10,9,58,21,30,13,37,22,18,23,27,34,95,14,16,38,43,52,45,32
stanley,0,0,0,0,0,0,1,0,0,1,1,0,0,0,0,0,0,0,0,0,0
star,132,29,60,48,16,19,10,17,33,23,50,29,133,23,26,17,78,41,110,28,70
staring,0,1,0,2,0,0,1,1,0,2,3,0,2,0,1,2,1,3,0,2,2
stark,1,0,0,0,0,0,0,0,1,0,0,5,5,0,0,9,7,14,0,6,0
stars,56,11,32,5,25,8,10,6,6,2,10,7,39,9,4,13,28,6,63,13,38
start,2494,1565,1624,1709,1802,2160,1371,1887,1518,1667,1483,2072,2291,1802,1854,1915,2201,2652,2401,2491,2244
started,96,42,26,30,18,44,32,31,24,77,27,29,35,31,27,34,47,45,66,98,76
starting,438,226,382,335,175,560,252,365,284,266,284,378,467,288,257,436,374,400,523,446,439
starts,322,202,265,252,137,305,295,257,233,237,203,274,274,244,228,223,232,232,234,297,285
stat,72,29,44,32,55,55,41,33,29,44,29,80,48,73,25,19,20,27,15,48,43
state,2898,1412,1524,2077,1426,2787,1539,1881,1578,1610,1541,2164,2370,1991,2092,2386,2362,2649,2931,3276,2848
stated,15,9,5,5,1,8,4,10,7,3,7,10,16,12,29,12,29,11,35,23,20
statement,112,32,52,137,110,131,28,146,19,148,29,92,95,40,72,79,62,170,166,246,182
statements,99,50,19,42,25,52,37,18,14,40,27,33,25,17,43,34,35,101,29,94,115
states,1117,631,368,1188,567,1583,642,1118,863,482,788,1170,1713,1096,789,918,1794,1650,2180,1904,1641
statewide,0,0,0,0,1,0,0,0,0,0,0,0,0,0,0,0,0,0,0,0,0
static,280,173,183,237,161,265,197,269,200,237,228,293,339,261,202,239,312,510,545,605,827
stating,4,1,2,0,1,1,0,1,0,0,2,2,2,0,6,9,6,7,41,33,10
station,10,2,0,0,0,4,0,4,0,2,3,2,0,1,0,2,3,9,10,16,7
stationary,13,2,5,9,9,17,4,3,0,5,3,2,6,24,11,7,92,19,20,20,11
stations,0,1,0,0,0,0,0,0,0,0,0,14,1,0,0,0,0,2,0,10,0
statistical,19,11,23,18,12,6,4,5,11,28,15,11,10,26,22,9,10,10,13,4,23
statistically,3,4,6,0,0,5,2,2,2,6,3,3,4,4,1,3,7,2,5,1,0
statistics,463,324,329,263,287,273,225,210,301,298,204,268,290,324,241,223,272,299,276,344,306
stats,496,316,421,409,273,490,358,392,380,566,493,390,501,574,417,299,409,410,420,428,369
statue,0,0,0,0,0,0,0,0,0,1,7,0,0,0,0,0,2,0,0,1,1
status,286,174,186,192,73,134,88,123,125,129,100,94,107,137,115,119,161,154,209,306,176
statute,0,0,0,0,0,0,0,0,2,0,0,0,0,0,0,0,0,0,0,0,0
statutes,0,0,0,0,0,0,0,0,2,0,0,0,0,0,0,0,0,0,0,0,0
statutory,24,2,16,0,0,0,0,0,1,0,1,0,0,0,0,0,0,0,0,0,0
stay,61,33,39,25,28,41,21,54,26,40,28,71,57,75,40,56,63,66,70,52,53
stayed,2,0,1,0,0,1,0,1,0,0,0,0,1,0,0,0,0,2,1,0,0
staying,2,1,1,2,0,0,0,0,1,3,0,0,1,2,3,3,10,1,7,5,4
steadily,0,0,0,0,0,0,0,0,0,0,0,0,1,0,0,0,0,0,0,0,0
steady,20,11,9,0,7,8,3,3,4,0,1,3,0,5,4,1,7,2,12,14,9
steam,0,0,5,3,0,20,0,6,0,0,0,5,5,1,0,0,5,0,0,6,0
steel,1,0,0,0,0,0,0,0,0,0,3,1,0,1,0,0,2,0,7,0,1
steep,1,0,0,1,1,1,0,1,0,1,0,0,0,0,0,0,4,0,0,1,0
steering,23,3,1,12,4,18,5,0,9,5,3,15,4,5,8,18,8,6,25,101,5
stem,128,72,77,127,99,109,161,137,147,258,301,171,289,212,324,270,254,266,238,247,200
stems,2,7,7,5,6,9,5,14,12,12,9,10,21,13,20,11,17,12,11,10,6
step,2660,1720,2247,2266,1670,2721,1857,2311,2097,2284,1878,2566,2694,2210,2169,2644,3112,3356,4608,3916,3257
stephen,1,0,0,0,0,8,0,0,1,0,0,14,0,0,1,6,0,0,13,1,3
stepped,36,103,96,2,0,0,0,2,0,0,0,2,0,0,8,1,1,2,2,1,11
steps,775,631,644,643,390,722,554,750,522,620,645,665,799,739,686,835,1018,857,1283,1291,1458
sterile,1,0,0,0,0,1,0,1,0,0,0,0,0,2,0,0,1,0,0,2,1
stern,4,0,3,1,0,0,0,0,0,3,0,0,0,0,0,0,1,0,0,0,0
steve,39,21,4,54,33,40,42,18,20,19,6,21,16,6,9,13,9,9,12,9,3
steven,1,2,2,5,0,2,1,0,0,2,1,1,5,0,2,4,1,3,2,2,28
stevens,0,0,2,6,0,0,1,0,0,0,0,0,0,0,0,0,0,0,1,0,0
stevenson,1,0,0,0,0,0,0,0,0,2,0,1,0,0,0,0,0,0,0,0,0
stewart,1,0,0,0,0,0,0,0,0,0,0,0,0,0,0,0,0,0,0,0,0
stick,43,34,19,57,51,78,31,108,59,37,94,95,178,116,26,51,162,170,131,103,80
sticks,1,0,0,0,0,0,0,0,0,0,1,0,1,0,0,0,3,0,0,0,4
stiff,0,0,2,1,2,0,4,0,2,0,0,0,0,1,0,4,0,0,0,4,1
still,494,368,490,372,338,683,296,495,319,355,396,486,627,466,428,479,650,573,753,821,684
stimulated,0,0,0,0,0,4,0,0,0,0,0,0,0,0,0,0,0,0,0,0,0
stimulation,0,0,0,0,0,0,0,0,0,1,0,0,0,0,0,0,0,0,0,1,0
stimuli,1,2,3,0,0,2,2,2,3,1,0,1,0,0,2,3,1,2,0,0,0
stimulus,1,0,0,2,0,5,4,0,2,0,0,0,0,7,0,2,0,0,1,0,0
stipulated,0,0,0,0,0,0,0,0,0,0,0,0,0,0,1,0,0,0,0,0,0
stir,0,0,0,0,0,6,0,0,0,0,0,0,0,0,0,0,1,1,0,0,0
stock,7,2,0,10,0,15,16,18,34,20,6,27,29,32,4,4,6,9,15,6,6
stocks,2,0,0,0,0,0,0,0,0,2,3,0,0,3,1,0,4,2,0,1,0
stolen,6,5,4,4,1,4,0,1,0,2,1,0,3,3,4,7,7,11,9,8,13
stomach,1,0,0,0,0,1,0,0,0,1,0,0,0,1,1,0,1,2,0,0,0
stone,0,2,0,0,2,18,14,4,0,0,5,14,1,2,3,2,3,2,0,5,2
stones,0,0,0,0,0,0,0,0,0,0,0,0,0,0,0,0,0,1,0,0,0
stop,496,280,403,410,534,465,318,327,254,374,420,364,378,394,400,346,567,654,495,610,462
stopped,27,4,10,14,17,22,27,17,35,21,6,7,14,7,9,19,37,27,21,46,33
stopping,167,63,91,99,84,263,43,117,44,83,73,109,108,99,93,80,179,183,171,183,231
stops,38,10,22,16,19,27,24,26,21,27,19,29,42,26,19,20,26,28,36,37,21
storage,154,98,115,113,87,164,97,213,111,178,207,267,264,272,184,205,345,297,242,250,241
store,1276,668,803,921,504,1291,639,1111,850,713,668,807,1344,891,802,987,1446,1407,1585,1772,1426
stored,422,230,297,286,161,327,224,287,197,164,207,291,383,264,214,270,328,390,383,413,355
stores,154,118,158,118,90,221,136,161,127,94,129,200,134,127,146,140,163,189,151,220,159
stories,3,3,0,2,0,4,1,2,2,4,0,0,2,6,1,1,0,1,0,4,1
storm,0,0,0,0,0,0,1,0,0,2,0,1,0,0,0,0,0,3,0,4,0
story,30,30,13,31,16,35,3,26,12,2,12,32,18,14,15,5,15,9,16,12,9
stout,0,0,0,0,0,0,0,0,0,0,0,0,0,0,1,0,0,0,0,0,0
stove,0,0,0,0,0,1,0,0,3,0,1,0,1,0,0,1,7,1,3,15,0
straight,35,18,40,52,26,95,50,59,47,79,16,51,63,48,39,38,38,46,54,57,33
strain,0,1,0,11,0,0,0,6,1,1,4,10,32,12,7,4,5,13,26,6,16
strains,0,1,0,6,0,0,0,0,0,0,0,0,1,1,2,3,1,1,2,7,2
strange,50,25,51,39,24,51,18,40,21,37,25,25,27,23,30,33,27,45,53,32,29
strata,0,0,0,0,2,0,1,0,0,0,0,0,0,0,0,0,0,0,0,0,17
strategic,0,0,0,0,0,0,0,0,0,0,0,0,0,0,0,0,0,0,0,1,0
strategies,24,9,16,46,9,8,5,14,27,20,16,13,85,20,79,29,42,86,30,54,35
strategy,104,81,135,155,118,135,137,148,174,165,138,239,313,193,281,268,334,292,250,228,315
straw,0,0,2,0,0,0,0,0,1,0,0,0,0,0,0,0,2,0,0,0,0
stream,330,223,305,234,143,241,131,238,194,110,168,222,311,248,213,217,345,290,277,192,281
streams,45,23,26,26,39,27,46,21,20,24,22,37,50,38,44,33,34,43,58,47,34
street,9,19,15,3,1,15,6,1,12,4,12,10,6,4,7,5,9,211,25,34,15
streets,0,2,0,4,3,12,0,7,2,0,3,6,3,1,2,0,2,2,1,3,1
strength,21,13,6,9,61,8,35,8,30,120,38,58,29,131,49,50,100,76,236,113,108
strengthen,8,2,1,0,0,1,0,1,7,3,0,0,0,0,0,0,1,2,0,0,1
strengthened,1,0,2,0,8,16,4,12,22,9,8,4,19,15,12,11,2,1,15,1,0
strengthening,0,0,0,0,0,1,0,0,2,3,0,0,0,1,0,0,0,0,0,1,0
strengths,2,1,3,1,7,0,0,0,1,0,0,0,0,0,2,1,1,0,2,0,5
stress,6,2,1,4,1,1,1,11,0,5,3,0,31,9,14,9,12,36,18,27,38
stresses,0,0,0,0,0,0,0,8,0,0,0,0,0,0,0,0,0,1,1,16,1
stretch,39,10,26,3,3,14,3,24,5,10,11,16,15,8,28,11,14,42,30,20,35
stretched,2,6,2,3,3,9,0,4,0,8,9,5,8,4,3,10,16,2,7,8,1
stretching,19,2,0,2,0,1,1,6,0,5,5,4,1,3,0,4,2,1,6,4,1
stricken,0,0,0,0,0,1,0,0,0,0,0,0,0,0,0,0,0,0,0,0,0
strict,785,75,174,119,53,85,71,220,113,100,86,163,79,92,186,233,138,104,205,162,194
strictly,98,34,95,100,130,95,66,40,40,280,79,186,175,326,182,166,279,216,314,128,75
strike,1,1,1,0,0,0,0,1,0,0,0,0,0,0,0,0,0,0,0,0,0
strikes,0,0,1,0,0,2,0,0,0,0,0,0,0,0,0,0,0,0,0,0,0
striking,0,0,0,0,0,0,0,0,0,0,0,0,0,0,0,0,0,0,0,1,0
string,1564,811,1374,1030,538,1217,525,852,651,749,704,1011,972,809,732,913,1074,1410,1115,1188,949
strings,455,303,426,264,174,359,213,251,153,193,193,287,362,314,236,305,313,470,314,322,292
strip,240,171,274,264,122,248,117,185,181,244,214,281,268,187,172,287,302,311,269,293,162
strips,15,18,47,10,2,5,5,9,3,8,11,10,2,0,3,8,5,1,5,9,3
stroke,10,1,3,5,35,1,4,10,20,3,13,5,1,3,11,7,2,0,2,2,13
strong,50,13,22,11,18,35,14,17,41,40,33,43,62,37,24,23,83,34,69,75,32
stronger,4,0,5,6,3,84,2,7,2,2,7,1,1,2,11,10,15,45,37,11,17
strongest,1,3,0,0,1,1,3,2,0,1,0,0,8,1,1,2,0,0,1,0,0
strongly,3,4,24,6,4,6,3,4,5,5,4,19,3,6,27,80,35,33,140,45,30
structural,7,4,6,66,7,20,13,7,20,15,15,16,9,11,11,14,13,12,8,15,25
structure,406,274,307,316,276,387,221,346,278,338,334,366,371,379,396,382,369,399,391,468,421
structured,109,90,107,30,23,125,28,60,42,47,20,39,33,37,22,15,34,39,37,43,34
structures,104,52,110,89,57,65,41,73,86,79,59,68,64,86,82,83,89,79,97,73,93
struggle,0,0,0,0,0,2,0,0,0,0,0,0,0,1,0,0,0,0,0,0,0
struggles,2,0,0,0,0,0,1,0,0,2,0,0,0,0,2,0,1,0,1,1,0
struggling,1,0,1,0,0,5,0,0,0,0,0,0,0,0,0,0,0,1,0,0,0
stuart,4,0,0,0,0,2,0,0,0,0,0,0,0,1,0,0,0,0,0,0,0
stuck,7,2,10,6,6,9,5,10,3,5,14,12,5,16,15,9,10,12,16,25,16
student,92,38,34,25,85,121,94,92,58,59,91,142,148,167,128,74,198,85,127,108,83
students,5,4,0,10,0,0,5,1,1,5,4,0,1,1,10,4,0,3,3,10,0
studied,1,0,0,0,0,1,0,0,0,0,0,1,0,0,1,0,4,2,0,0,0
studies,3,4,2,2,4,10,3,6,10,25,0,4,5,2,11,12,9,9,5,1,5
studio,3,30,8,0,2,6,1,6,2,1,6,8,22,5,0,5,15,27,19,17,5
study,27,14,11,32,75,74,18,30,30,59,46,57,36,34,22,75,34,52,25,20,28
studying,0,1,0,0,1,1,0,1,0,0,5,1,0,1,0,0,0,0,0,3,0
stuff,343,215,270,280,214,275,199,231,179,186,239,203,240,271,230,231,282,235,479,212,185
stupid,12,14,26,8,9,14,7,5,1,2,16,10,7,5,17,11,4,24,6,4,33
style,541,443,396,425,490,381,370,465,441,416,549,516,437,606,349,492,610,616,719,528,507
styles,16,7,5,15,27,15,14,10,10,15,11,13,19,26,11,21,11,10,18,19,15
su,13,2,8,8,2,8,1,37,6,3,3,3,1,2,10,3,1,5,2,2,51
sub,467,376,370,403,269,611,305,1602,641,453,326,502,555,454,330,461,541,482,418,502,434
subd,0,0,1,0,1,0,0,0,0,0,0,0,0,0,0,0,0,0,0,0,0
subdivision,1,7,11,11,4,5,7,6,12,2,0,13,19,12,3,9,30,10,26,8,66
subdivisions,0,0,0,1,0,0,3,1,4,1,0,2,1,0,0,0,4,8,9,2,14
subject,230,328,429,183,136,146,111,155,172,151,131,436,457,186,226,243,267,881,274,507,318
subjected,1,0,0,0,0,0,1,0,0,0,0,0,1,0,0,0,0,0,1,0,0
subjective,7,2,0,1,0,0,1,0,0,0,0,0,3,0,7,0,1,5,0,0,2
subjects,17,32,15,33,11,11,32,9,21,43,20,22,18,20,12,21,11,8,27,11,30
submarine,0,0,0,0,0,0,0,0,0,0,0,1,0,0,0,0,0,1,0,0,0
submission,48,29,21,31,38,34,23,32,17,54,92,33,60,59,40,64,29,58,121,63,38
submit,49,13,12,51,20,16,4,9,30,16,21,12,22,24,22,24,22,31,30,49,49
submitted,25,3,3,48,8,2,5,4,16,5,2,3,29,3,14,9,10,3,17,5,14
submitting,4,4,4,5,5,0,1,4,5,7,1,1,1,12,2,2,4,3,6,0,5
subordinate,2,3,1,0,0,2,8,1,1,0,0,0,0,0,0,1,3,0,0,0,0
subpart,25,0,0,2,0,0,0,1,0,0,1,0,1,0,0,0,3,0,0,0,0
subscriber,41,0,2,5,14,1,4,3,17,3,5,24,6,5,13,1,2,1,26,4,2
subscribers,22,1,0,1,2,0,1,2,4,5,6,9,5,0,1,1,0,2,14,3,1
subscription,15,0,4,0,1,1,0,1,2,0,0,3,3,3,0,0,1,15,13,7,0
subscriptions,16,0,0,0,0,0,0,0,0,1,0,2,0,1,0,0,0,0,7,1,0
subsection,0,2,4,3,5,0,0,0,2,1,0,0,0,0,0,3,1,1,0,0,1
subsequent,102,44,73,73,23,65,26,62,34,47,37,72,56,59,67,130,125,84,101,180,173
subsequently,12,2,1,4,4,2,2,0,1,2,1,1,6,3,4,4,1,0,5,21,19
subsidiaries,0,0,0,0,0,1,0,0,0,1,0,0,0,0,0,0,0,0,0,0,0
subsidiary,0,2,0,0,0,0,0,0,0,0,0,0,0,0,0,1,0,0,0,0,32
subsidy,0,0,0,0,0,0,0,0,0,0,0,0,0,0,0,0,0,0,0,0,4
substance,0,0,0,0,0,0,0,0,0,0,10,0,1,0,2,0,3,0,0,5,2
substances,0,0,0,0,0,0,0,0,0,0,1,0,0,0,0,0,0,0,0,0,0
substantial,122,252,138,90,55,92,32,67,76,26,55,369,307,44,107,102,98,98,62,388,168
substantially,23,1,6,8,4,2,5,4,6,0,4,1,10,1,5,8,1,6,4,2,6
substantive,0,1,0,0,0,1,0,0,0,0,0,0,0,0,0,0,0,1,0,0,0
substitute,709,21,79,89,48,44,50,167,89,57,33,56,58,48,99,112,74,81,152,101,90
substituted,4,2,1,2,0,10,4,4,0,2,5,9,4,3,1,3,5,5,0,2,2
substituting,2,3,5,2,0,1,2,2,2,4,4,2,1,2,2,3,1,2,0,1,5
substitution,30,14,23,28,3,35,14,24,37,18,13,25,35,18,12,5,18,12,21,12,14
substrate,0,0,0,5,0,0,0,0,0,35,0,0,1,1,1,0,1,0,1,1,0
subtle,1,1,4,3,2,3,1,3,1,1,2,1,3,0,1,5,3,9,1,1,4
succeed,29,18,58,7,9,47,5,18,0,9,7,8,9,8,10,13,17,24,24,33,20
succeeded,21,17,35,8,1,6,0,10,1,3,5,6,3,1,31,3,9,4,18,21,15
succeeding,2,0,4,6,0,0,0,4,0,2,8,0,0,0,7,3,4,1,0,2,4
success,101,80,142,105,68,203,59,80,67,93,52,56,89,83,62,73,157,143,110,175,92
successful,94,38,58,119,42,69,60,50,33,24,32,36,46,39,37,51,86,76,108,116,80
successfully,60,30,41,47,22,63,32,79,34,49,53,60,91,77,49,67,130,95,129,144,153
succession,0,0,0,1,0,2,0,0,1,3,2,0,0,1,0,0,0,0,0,0,3
successive,29,3,7,6,21,12,13,22,6,9,2,9,11,3,11,5,9,15,10,15,10
successor,7,16,38,10,4,1,0,3,0,8,2,4,5,2,6,7,7,14,1,13,11
successors,6,9,23,4,1,7,0,2,0,10,0,1,9,1,5,1,4,5,1,18,4
such,1476,472,710,574,386,633,386,717,453,497,425,559,765,621,659,737,776,969,923,831,786
sudden,0,1,2,1,0,0,0,0,0,0,0,6,0,0,1,1,0,1,0,0,2
suddenly,0,0,5,0,0,1,0,0,1,2,1,0,0,0,0,4,0,0,0,3,0
sue,0,0,1,0,0,0,0,0,0,0,0,0,0,0,22,3,0,3,0,0,0
sued,0,0,0,0,0,0,0,0,0,0,0,0,0,0,0,0,0,0,0,0,2
suffer,3,0,4,1,0,0,0,2,2,1,0,2,1,1,0,0,0,2,2,1,3
suffered,0,0,0,0,1,0,0,0,0,0,0,0,0,0,1,0,0,0,0,0,0
suffering,1,0,0,0,0,0,0,0,0,1,0,0,0,0,1,0,0,0,0,0,0
suffice,3,3,2,2,1,1,0,2,1,3,0,1,0,0,0,2,4,2,1,6,3
sufficiency,0,0,0,3,0,3,0,3,0,2,0,0,0,3,0,4,4,0,0,0,0
sufficient,57,35,49,45,19,34,27,45,27,28,27,24,35,22,20,26,27,34,37,65,35
sufficiently,18,5,14,10,4,15,5,3,7,9,7,11,10,6,4,10,5,8,13,12,13
sugar,5,4,9,4,0,4,6,6,7,6,2,11,6,5,5,5,5,4,5,2,3
suggest,11,16,21,16,7,15,3,7,7,14,14,23,10,11,22,19,28,15,41,22,25
suggested,34,12,27,4,10,30,8,33,11,25,17,15,26,22,18,20,28,30,32,27,23
suggesting,2,4,9,2,3,0,0,3,0,0,0,2,0,0,0,1,1,0,0,2,2
suggestion,13,7,4,4,1,8,8,4,4,4,4,6,10,12,8,8,5,3,18,12,22
suggestions,14,7,8,2,5,3,5,1,0,1,6,6,0,3,2,3,1,5,13,9,4
suggests,8,7,13,7,1,5,6,5,4,7,12,5,5,3,7,5,5,21,8,6,1
suicide,0,0,3,1,0,0,0,0,0,0,0,0,0,0,0,0,0,0,0,0,0
suit,17,0,2,1,3,10,5,8,6,7,1,12,6,13,2,3,7,1,5,6,3
suitable,42,16,49,23,18,19,15,21,16,14,17,29,31,33,28,38,35,38,47,51,103
suite,43,22,39,13,1,9,0,8,3,9,13,9,18,5,3,64,19,82,27,24,23
suited,0,18,18,0,0,3,3,0,5,3,0,3,0,5,1,0,14,1,1,2,1
suits,0,0,1,0,0,1,0,0,0,2,0,0,0,0,1,2,0,2,2,0,0
sulfur,20,0,0,0,0,0,0,0,0,0,0,0,0,0,0,0,0,0,0,0,0
sulphur,0,0,0,0,0,0,0,0,0,0,0,3,0,0,0,1,0,0,1,0,0
sum,2099,1539,1425,1482,1429,2111,1295,1573,1753,1712,1739,2026,2195,1765,1873,1831,2325,2436,2038,2018,2068
summarized,4,2,1,0,0,3,1,1,1,5,0,10,6,6,5,2,4,17,5,2,0
summary,670,286,374,505,247,395,255,338,459,239,300,392,396,390,229,196,450,285,314,293,243
summer,1,4,0,0,1,13,0,1,1,0,4,1,1,4,2,4,2,7,2,1,0
summit,0,0,1,0,0,3,0,0,0,0,0,0,0,0,0,0,0,0,0,2,5
sums,48,29,37,41,20,36,17,19,23,31,21,37,59,42,54,43,50,47,52,41,61
sun,85,53,38,49,15,86,35,37,48,29,31,43,20,46,32,39,21,44,46,33,16
sunday,0,4,0,3,2,1,3,0,4,0,0,4,0,0,0,0,0,1,2,1,4
sung,0,0,0,0,0,0,0,8,0,0,0,0,0,0,0,0,0,1,0,0,0
sunk,13,33,9,26,2,49,12,12,31,0,2,18,1,12,1,2,2,0,6,8,0
sunlight,0,0,0,0,0,0,0,0,0,0,0,0,0,0,0,0,5,0,0,0,0
sunset,2,0,0,0,2,0,0,0,0,2,0,2,0,0,0,0,2,0,1,0,10
sunshine,6,0,0,0,0,0,0,0,0,0,1,0,0,0,0,0,2,1,2,1,0
sup,8,17,39,19,9,38,14,6,6,19,14,11,37,28,3,4,15,7,24,59,1
super,295,222,189,207,151,260,199,264,242,332,246,343,312,307,304,306,391,444,386,701,351
superficial,3,1,0,0,0,0,0,0,0,0,0,0,0,0,0,0,0,0,0,0,0
superior,4,1,0,0,3,2,0,3,2,1,2,5,11,2,1,2,8,3,6,3,1
superiority,0,0,0,1,0,0,0,0,0,0,0,0,0,0,0,0,0,0,0,0,0
supervised,158,76,59,79,84,125,92,146,79,149,113,135,194,128,136,131,122,151,109,121,53
supervision,8,20,53,37,39,61,44,62,23,66,49,30,87,59,57,44,43,96,76,19,42
supervisor,7,0,0,18,0,0,0,0,0,1,9,0,12,6,1,3,0,0,0,0,1
supervisors,0,0,0,0,0,0,0,0,0,0,1,0,2,0,0,0,0,0,0,0,0
supervisory,0,0,0,1,0,1,0,0,0,0,0,0,0,0,0,0,0,0,0,0,0
supp,4,0,2,6,2,0,2,0,0,3,3,11,1,1,4,0,2,0,0,4,3
supplement,4,0,0,2,0,2,3,0,6,4,2,4,2,6,1,15,14,12,7,4,5
supplemental,0,4,8,12,0,0,2,4,0,1,2,2,3,1,1,0,3,1,5,12,4
supplementary,10,8,9,14,8,11,4,10,14,11,7,7,12,5,22,2,13,21,19,7,8
supplemented,0,0,0,0,0,0,0,0,0,0,0,0,1,0,0,0,0,1,0,1,0
supplements,12,1,0,0,0,0,0,1,0,0,0,0,0,0,0,0,0,0,0,0,0
supplied,142,26,71,62,19,29,23,20,17,20,15,29,17,13,29,69,61,30,132,77,71
supplier,0,0,0,0,0,0,0,0,1,0,0,0,0,0,0,0,0,0,0,1,0
supplies,0,0,4,0,0,1,0,2,0,1,0,2,2,2,3,9,6,0,2,2,1
supply,55,103,120,12,7,29,2,11,11,4,5,19,16,11,14,10,5,14,18,6,7
supplying,3,1,3,0,2,2,2,1,0,0,1,1,0,1,1,1,0,1,1,14,0
support,1226,978,1368,961,508,1155,808,1214,934,1291,1089,1535,1603,1520,1223,1459,2135,2197,2562,2457,2259
supported,562,496,459,410,294,463,357,506,438,433,496,678,626,580,486,466,840,823,752,884,781
supporters,0,0,0,0,0,0,0,0,0,1,0,0,0,0,0,0,0,0,0,0,0
supporting,49,28,52,27,18,57,33,59,44,56,42,78,63,52,43,57,79,89,72,71,54
supports,276,162,194,180,138,216,167,201,188,208,161,248,238,216,188,162,262,343,293,334,291
suppose,19,29,14,29,13,33,22,25,22,31,27,59,44,37,17,39,25,33,49,30,27
supposed,47,39,40,23,13,27,20,39,11,23,17,29,48,32,36,46,37,43,35,46,35
suppress,86,81,113,58,59,98,65,77,63,101,82,114,106,63,130,82,162,134,90,113,147
suppressed,5,4,8,1,3,6,6,2,3,7,1,0,5,5,2,12,7,3,6,7,10
suppression,74,19,34,57,40,19,17,30,14,20,14,30,39,46,25,20,24,23,24,14,27
supra,0,0,0,0,0,0,0,0,0,18,0,0,0,0,0,0,0,0,0,0,0
sur,0,1,0,0,0,0,1,1,0,2,3,11,8,8,5,9,3,6,3,0,3
sure,1679,1040,1335,1439,894,2072,1013,2113,1229,1051,1458,1978,2893,1964,1277,1410,3046,2546,3760,3393,2334
surely,1,3,3,0,0,7,0,3,2,1,3,3,7,2,2,0,5,4,4,10,3
surface,138,35,68,82,75,86,192,113,50,95,101,93,118,106,96,143,71,249,233,153,79
surfaces,17,0,3,5,8,8,5,15,3,7,2,3,10,5,11,3,8,92,16,17,10
surgeon,0,0,0,0,0,0,0,0,0,0,0,0,0,0,0,0,0,0,0,0,4
surgery,8,11,3,4,1,3,6,3,5,2,1,1,1,2,4,2,6,15,23,11,5
surgical,0,0,14,1,0,0,0,2,0,0,0,0,0,1,1,0,0,0,1,0,0
surplus,0,0,1,0,0,2,1,2,0,0,0,2,0,0,4,3,1,0,2,2,1
surprise,3,4,9,6,6,1,2,4,0,2,6,7,0,0,4,1,3,1,3,3,1
surprised,0,0,2,0,1,0,0,0,0,0,0,1,0,0,0,0,0,3,0,0,2
surprising,2,4,9,2,0,4,4,3,1,4,0,4,3,3,0,2,11,6,11,11,4
surprisingly,2,1,2,0,0,1,0,0,0,1,2,2,3,0,0,1,1,2,1,4,1
surrender,0,0,0,0,0,0,0,0,0,0,0,0,0,0,0,2,0,0,0,0,0
surrounded,19,8,9,26,6,27,9,16,10,9,7,13,15,10,1,6,6,7,10,15,9
surrounding,53,29,33,36,36,32,13,19,42,18,10,26,15,30,16,15,14,24,25,37,45
surroundings,0,0,0,0,1,0,0,1,0,0,0,0,1,10,2,0,8,0,0,1,1
surveillance,0,2,0,0,1,0,0,0,1,3,0,0,1,0,0,1,2,0,0,0,0
survey,66,17,43,6,4,0,6,10,3,2,3,17,21,6,8,7,1,6,7,74,22
surveys,6,0,2,0,0,0,0,0,1,0,3,1,0,0,0,0,0,3,1,2,2
survival,8,0,5,1,9,6,5,0,1,10,19,5,5,36,3,9,7,14,5,4,14
survive,23,2,2,1,0,4,2,2,2,1,18,1,3,5,1,1,0,0,0,0,1
survived,5,2,1,0,2,1,1,2,3,1,4,0,1,2,3,6,11,1,0,1,4
surviving,10,5,0,17,1,0,1,2,3,0,5,4,0,1,0,0,0,4,5,4,2
survivors,1,2,0,0,0,0,0,0,0,0,0,2,0,0,0,0,1,1,2,0,0
susan,0,0,0,0,0,6,0,0,0,0,0,0,0,0,0,0,0,0,0,0,0
susceptibility,1,3,0,1,0,0,0,0,0,0,0,2,0,0,0,0,0,0,0,0,0
susceptible,2,7,2,0,0,2,0,1,0,0,1,7,0,0,6,1,0,1,0,1,2
suspect,3,0,5,0,12,2,1,0,0,0,0,2,1,2,0,3,1,1,2,4,0
suspected,0,1,2,0,0,2,0,0,0,0,0,0,0,0,0,0,0,0,0,0,0
suspend,0,0,4,0,0,0,0,13,0,4,0,0,0,0,0,0,0,1,0,2,2
suspended,0,0,1,0,0,2,0,0,0,0,0,0,0,1,0,2,1,1,2,2,1
suspension,0,0,0,0,0,0,0,0,0,0,0,1,0,0,0,0,0,0,0,0,0
suspicion,1,0,0,0,0,0,0,0,0,0,0,0,0,0,0,0,0,1,0,0,0
suspicious,2,10,2,1,2,3,0,2,0,1,0,2,1,0,1,7,1,0,5,6,3
sustain,6,0,4,0,0,0,0,0,0,0,0,0,0,1,1,0,0,0,0,1,9
sustainable,0,0,0,0,0,0,0,0,0,0,0,0,0,0,1,0,1,0,1,0,1
sustained,0,0,0,0,0,1,0,0,3,0,2,0,0,0,0,1,0,0,0,0,1
sustaining,1,1,0,0,0,0,0,0,0,0,0,0,0,0,0,0,0,0,0,0,0
sw,64,30,19,31,43,40,23,71,91,175,203,138,127,127,408,101,193,206,134,150,73
sweat,0,0,0,0,0,0,0,0,0,0,1,1,2,1,1,0,2,0,1,2,1
sweden,0,0,0,1,0,0,0,3,0,0,0,0,0,1,0,1,2,3,1,1,0
swedish,0,0,0,4,0,0,0,0,0,0,0,1,0,0,0,0,0,0,1,4,1
sweep,43,985,990,26,12,13,16,20,27,34,43,36,36,47,48,80,437,51,79,104,23
sweeping,4,2,1,1,0,0,5,1,4,0,1,0,0,1,3,0,0,2,0,0,1
sweet,10,5,1,1,0,2,0,1,0,0,0,0,0,0,0,0,1,0,0,0,0
swept,0,0,0,0,0,0,0,0,0,0,0,0,0,0,0,0,0,0,0,0,1
swift,3,0,0,0,0,0,0,0,0,3,0,0,1,2,1,0,6,1,5,14,10
swimming,0,2,0,4,7,0,0,19,3,0,3,1,0,1,5,0,8,4,3,1,1
swing,0,4,4,1,0,0,0,4,2,1,10,69,1,0,4,14,0,0,10,0,1
swiss,0,0,0,0,1,0,7,0,0,1,0,0,0,0,0,0,0,0,0,0,1
switch,662,257,236,355,355,426,275,328,285,252,226,272,322,268,238,266,283,281,248,307,213
switches,195,7,15,12,4,4,1,3,3,3,6,13,7,5,4,9,6,5,9,6,6
switching,26,9,9,6,7,20,8,24,13,21,33,17,27,27,32,11,34,30,36,57,32
switzerland,1,0,0,0,0,0,0,0,1,0,0,3,0,0,0,0,0,0,0,0,1
sword,1,0,1,0,0,0,0,0,0,0,0,0,0,2,0,12,14,1,0,1,0
symbol,227,124,139,511,48,320,126,161,101,173,128,126,168,83,85,300,130,103,104,90,76
symbolic,42,46,56,24,29,18,16,25,36,34,16,48,23,44,27,29,54,81,57,54,48
symbols,191,79,89,273,42,159,107,107,137,158,65,126,157,101,59,141,109,106,116,133,142
symmetry,12,27,55,20,18,47,15,17,19,29,23,22,29,31,87,30,45,31,34,131,44
symphony,0,0,0,0,0,0,2,0,0,0,0,0,0,0,0,0,0,0,0,0,0
symposium,0,0,1,0,0,0,0,0,0,0,0,2,0,0,0,0,0,1,0,0,0
symptom,0,0,16,0,0,1,5,6,12,9,4,2,7,6,7,0,10,0,6,6,4
symptoms,0,0,3,2,0,1,1,3,16,5,0,0,5,0,1,0,0,0,6,2,0
syndrome,50,0,0,0,0,0,0,0,1,0,1,0,0,2,16,2,2,5,46,4,8
synthesis,80,27,75,12,33,11,18,12,25,26,24,15,32,49,22,26,29,26,26,42,30
synthetic,27,44,43,33,17,38,38,26,43,56,48,55,137,47,42,78,58,79,78,78,88
syria,0,0,0,1,0,0,0,0,0,0,0,0,0,0,0,0,0,0,0,0,0
system,847,332,837,477,243,420,237,339,342,348,323,533,480,447,2083,523,577,766,825,804,868
systematic,26,2,10,0,11,2,0,0,4,12,1,0,5,0,3,2,0,2,1,2,3
systemic,0,1,1,0,0,1,0,1,0,0,0,0,1,6,0,0,0,4,0,0,0
systems,77,88,206,61,27,46,20,118,24,52,30,72,127,97,58,121,45,41,60,199,70
t,8541,6720,8803,7396,4552,9773,6433,9663,7169,7513,6642,11105,12912,9569,8064,9395,12069,11918,13110,12380,10943
ta,16,10,8,1,7,6,6,0,1,7,16,2,8,21,83,16,16,11,5,11,12
tab,51,204,30,37,16,34,81,29,18,64,27,37,55,70,47,29,62,36,59,37,32
table,592,466,588,423,233,347,349,362,340,422,482,572,701,553,1252,531,1016,881,842,780,472
tables,104,44,53,50,38,30,48,15,54,128,36,63,59,82,65,46,74,88,71,87,74
tablets,0,0,0,0,0,0,0,1,0,0,0,0,0,0,0,0,0,0,0,0,0
tactics,0,0,0,1,0,0,0,0,0,0,0,0,0,0,0,0,1,0,0,0,1
tag,373,358,684,338,135,271,214,272,201,199,138,189,279,202,196,192,293,339,200,311,323
tail,96,68,69,63,36,73,55,92,59,77,49,53,87,71,103,77,113,53,80,122,103
taiwan,2,9,16,8,0,2,0,2,0,0,0,2,0,0,0,2,0,0,0,0,2
take,1442,1140,964,1240,747,1501,616,1168,897,887,913,1182,1531,1140,936,1031,1506,1439,1547,1466,1315
taken,271,170,275,316,267,284,188,400,190,224,325,353,664,427,241,341,680,735,717,673,505
takes,426,173,284,210,183,237,148,228,149,153,173,222,268,213,213,205,277,301,311,327,253
taking,133,104,91,158,88,163,71,206,110,104,130,162,299,186,89,172,281,350,255,244,223
tale,0,0,0,0,0,1,0,0,0,0,0,0,0,0,0,0,0,0,0,0,0
talent,0,0,0,0,0,0,0,0,0,0,0,0,0,0,0,0,0,0,3,3,0
tales,1,0,0,0,0,1,0,0,0,0,0,0,0,0,0,0,0,0,1,0,0
talk,27,7,1,1,1,0,5,8,2,0,1,0,2,7,7,26,8,7,6,2,4
talked,1,0,0,2,0,0,0,2,0,3,2,0,0,0,0,0,0,2,0,0,0
talking,3,1,0,3,0,0,2,2,2,4,7,6,11,8,11,12,18,15,7,8,7
talks,34,0,0,0,4,5,1,3,3,4,2,4,4,5,0,1,1,0,2,1,0
tall,28,9,20,15,8,7,8,3,2,2,1,1,0,1,16,8,5,5,1,9,29
tan,13,6,2,8,10,26,0,12,14,4,11,14,19,27,19,8,22,19,20,20,13
tangible,0,0,0,0,0,0,0,0,0,0,0,0,0,0,0,1,0,0,0,0,0
tank,0,4,0,6,7,1,0,20,9,1,3,1,1,0,6,4,11,4,8,1,2
tanks,1,0,0,0,2,0,0,0,0,1,1,0,0,0,3,0,2,0,0,0,0
tap,11,0,11,1,11,6,17,8,0,29,15,13,7,26,10,11,18,21,16,4,3
tape,18,10,6,14,8,10,4,4,4,2,23,2,21,13,1,4,8,12,10,34,192
tapes,0,0,0,2,0,0,0,0,0,0,0,0,0,0,0,0,1,1,0,7,93
tar,126,189,239,103,67,291,331,129,103,123,121,120,176,146,97,131,286,118,101,118,101
target,2287,1390,1702,1763,1158,2279,1451,2631,1798,1837,1832,2344,2523,1860,1880,1992,2240,2702,2532,1991,1953
targeted,52,27,62,72,28,66,9,38,22,25,13,31,24,28,23,13,11,22,2,56,6
targets,840,621,604,761,520,789,579,817,733,741,1045,981,879,843,737,668,1351,1107,883,720,544
tariff,0,0,0,0,0,0,0,0,0,0,0,0,0,0,0,0,3,0,0,0,0
task,986,609,453,913,600,1130,586,1216,616,880,923,1459,1712,1148,879,1229,1336,1359,1355,1237,1162
tasks,439,213,157,404,233,387,246,416,214,299,348,351,473,343,287,318,353,530,396,353,436
taste,0,0,1,0,0,0,0,0,0,0,0,2,0,0,1,0,1,1,0,3,1
tax,0,0,0,1,0,1,0,5,0,1,0,0,0,0,0,0,10,0,5,0,0
taylor,10,13,11,15,15,6,0,11,8,18,6,4,12,16,3,3,16,36,28,27,30
tbe,0,0,0,0,0,0,0,0,0,0,0,0,0,0,2,0,0,0,0,0,0
tc,13,19,13,49,12,11,31,4,14,27,5,7,24,4,8,0,18,17,10,54,29
te,38,48,30,3,8,6,7,6,29,40,26,11,7,49,19,15,7,44,6,109,18
tea,0,0,4,0,1,0,0,1,4,0,1,2,1,2,7,1,1,2,0,0,0
teach,1,1,1,0,0,0,0,1,1,2,0,0,8,2,0,0,2,0,1,1,0
teacher,86,143,114,72,120,142,156,164,154,141,153,273,239,222,234,185,228,160,254,223,118
teachers,3,7,0,0,2,0,21,10,7,0,0,1,0,2,3,0,17,0,1,0,0
teaches,0,0,0,0,0,0,0,0,0,0,0,0,1,0,0,0,0,0,0,0,0
teaching,1,0,1,2,0,0,0,2,14,2,0,14,0,0,0,1,10,0,12,0,1
team,1214,729,214,1490,1227,2744,753,2838,1342,543,2025,3247,5962,2937,1108,2111,5748,5349,6273,4840,3264
teams,1,0,8,0,4,1,2,13,1,5,8,4,37,13,1,27,20,32,24,9,17
tear,3,1,7,3,4,0,0,0,1,2,5,1,1,1,0,0,3,1,4,5,2
tears,1,0,1,0,0,0,0,1,2,0,0,0,0,1,0,0,0,0,1,0,0
tech,22,5,5,3,18,26,5,3,6,4,6,3,8,11,6,9,10,12,2,4,3
technical,82,27,3,3,0,4,7,13,32,4,2,33,5,6,15,5,0,8,3,10,8
technically,67,44,61,59,45,76,59,67,39,33,27,38,47,24,19,28,32,41,32,42,33
technique,28,6,38,6,7,13,5,10,6,8,18,6,9,7,15,13,11,15,8,19,12
techniques,37,4,3,5,13,35,1,5,5,27,12,3,11,8,4,5,13,22,7,9,9
technological,36,3,0,0,0,0,0,0,0,0,0,0,0,0,0,3,0,0,3,5,7
technologies,94,75,6,74,15,41,81,94,829,78,56,90,65,148,108,84,111,195,129,357,589
technology,5,27,45,71,5,48,21,24,41,12,36,8,63,14,65,66,6,19,20,13,12
ted,0,0,0,0,3,1,2,2,4,3,2,5,4,6,10,1,1,3,2,1,4
teeth,0,0,2,0,0,0,0,0,2,1,0,2,0,2,11,0,1,2,0,2,2
tel,3,2,1,3,3,0,3,5,0,0,4,6,16,5,0,4,8,12,9,4,5
telecommunications,0,0,0,7,0,0,0,0,3,6,1,0,0,0,2,1,1,0,0,1,1
telegram,0,0,0,1,0,0,0,0,0,0,0,0,0,0,0,0,0,0,0,0,0
telegraph,0,0,0,35,1,0,9,0,0,0,0,0,0,0,0,0,0,1,0,0,0
telephone,0,0,0,35,1,0,9,5,15,0,6,1,1,2,0,2,13,6,0,1,4
television,0,0,1,0,0,0,0,0,3,0,0,0,0,1,0,1,11,12,4,0,0
tell,155,119,152,114,48,88,76,66,82,61,56,92,118,61,50,92,78,84,116,128,56
telling,13,12,9,6,2,0,0,7,2,2,0,3,2,0,2,4,9,6,8,4,1
tells,69,32,33,17,14,50,22,20,25,14,12,20,29,18,14,17,27,31,32,22,17
temper,1,0,0,0,0,0,0,0,0,0,0,0,2,0,0,0,0,2,0,1,0
temperature,186,318,317,89,97,225,120,175,157,146,199,231,230,246,176,148,341,252,264,253,205
temperatures,5,2,4,2,1,14,2,1,3,2,6,3,6,5,2,3,13,4,9,14,6
temple,3,0,0,1,3,0,0,1,0,0,0,2,0,0,0,0,2,0,0,0,0
temporal,91,107,133,247,129,260,128,231,204,215,364,219,200,557,244,251,352,303,307,385,472
temporarily,31,25,34,27,13,53,26,46,32,35,30,62,72,68,107,67,118,108,121,116,100
temporary,225,144,198,155,81,181,97,355,115,146,124,177,143,139,108,166,168,186,191,300,256
temptation,0,1,0,0,0,0,0,0,0,0,0,0,0,0,0,0,0,0,0,0,0
ten,23,9,3,9,7,7,3,3,7,6,8,3,5,5,5,10,8,8,6,11,7
tenant,0,0,0,0,0,0,0,0,0,0,0,0,0,0,0,0,0,0,0,2,3
tenants,0,0,3,0,0,0,0,0,0,0,0,0,0,0,0,0,0,0,1,0,0
tend,12,1,3,6,8,8,11,1,2,3,9,2,8,4,12,20,19,6,12,13,4
tended,0,0,0,0,0,0,0,0,0,0,0,0,0,0,0,0,0,1,2,0,0
tendency,0,0,1,0,0,1,0,0,0,0,1,0,2,0,0,1,0,1,4,0,1
tending,0,0,0,0,0,0,0,0,0,0,0,0,0,0,0,0,0,1,0,0,2
tends,6,6,12,6,2,3,2,4,1,0,2,4,6,4,6,3,10,2,15,16,3
tennis,1,2,4,4,9,0,0,20,11,0,3,1,3,7,9,6,8,4,7,2,1
tense,11,0,4,1,2,4,4,1,10,1,7,2,6,0,0,0,5,0,0,0,0
tensile,0,0,0,0,0,0,0,0,0,0,0,0,0,0,0,0,0,0,0,1,0
tension,0,0,0,0,0,0,2,0,0,0,0,1,2,3,1,1,0,4,6,3,11
tent,0,0,0,0,0,0,0,3,3,0,0,5,4,0,45,1,12,58,8,2,4
tentative,1,0,1,0,3,38,2,8,22,6,2,11,2,14,10,3,21,4,14,11,8
tenth,1,0,3,4,1,2,2,0,2,1,0,0,0,0,0,0,0,2,6,2,0
tenure,0,0,0,0,0,0,0,0,0,0,0,0,0,0,0,0,0,0,0,1,0
ter,0,0,8,0,0,0,3,2,2,1,0,4,4,6,0,2,2,5,4,1,7
term,495,203,285,205,136,187,131,145,148,222,123,201,318,229,258,258,227,245,322,346,326
termed,0,0,0,0,0,0,0,3,0,0,0,0,1,0,1,0,1,1,0,0,0
terminal,161,108,209,115,38,150,54,57,57,82,52,42,63,49,109,83,99,86,81,140,181
terminals,13,5,11,7,8,28,7,3,0,6,0,3,3,28,27,14,14,2,4,4,10
terminate,131,45,67,67,54,95,43,48,55,43,31,82,47,77,52,110,55,61,75,101,60
terminated,69,22,11,20,20,29,26,32,26,17,7,17,34,17,20,37,17,35,29,19,24
termination,102,47,57,32,16,57,37,44,43,51,21,29,61,33,36,60,30,29,60,64,43
terminology,3,1,2,0,0,4,2,0,0,0,2,0,0,1,3,1,2,2,0,3,2
terms,608,631,828,527,229,451,381,455,256,323,237,423,700,477,476,451,485,750,534,507,496
terrace,0,0,0,0,0,0,0,0,0,0,0,0,0,0,0,0,2,0,0,0,0
terrain,13,4,10,6,4,24,3,14,4,5,29,12,9,20,7,13,22,38,41,66,5
terrible,5,9,5,3,2,14,0,1,1,0,1,2,1,4,3,4,13,4,3,5,11
territorial,0,0,0,0,0,0,0,0,0,0,0,0,0,0,0,0,0,1,0,0,0
territory,6,0,0,1,3,0,1,0,0,0,0,0,0,0,0,0,1,0,0,0,0
terry,0,0,0,0,0,0,1,1,0,0,0,0,0,0,0,0,0,0,0,0,1
tertiary,0,0,0,0,0,0,1,0,0,0,0,4,3,0,0,0,0,0,0,0,0
test,5983,3272,6466,4356,4245,7260,5771,6457,5816,6767,9483,7828,9051,9004,7697,6053,11485,9694,9016,10261,11744
testament,0,0,0,0,0,0,0,0,0,0,0,0,0,0,0,0,0,1,0,0,0
tested,78,74,120,111,58,172,54,205,43,53,112,128,224,187,126,55,335,172,360,310,219
testify,0,0,0,0,0,0,0,0,0,0,0,0,0,0,0,0,0,1,0,0,0
testing,2329,1881,1735,1171,1320,1388,1002,1412,1334,1375,1700,1541,1339,1621,1186,1428,1683,1829,1659,1574,1682
tests,722,232,761,291,241,773,247,541,225,138,389,556,853,625,446,293,1411,710,1241,1640,1306
texas,1,1,3,12,0,0,0,0,4,0,0,1,0,3,1,0,3,1,0,1,0
text,1351,981,1376,1208,601,1101,842,1374,957,1297,1492,1357,2052,2303,1411,2221,4259,2896,4477,3634,3120
textbook,1,0,2,1,0,0,1,0,0,0,0,1,0,0,1,1,2,0,0,3,2
textile,0,0,0,0,0,0,0,0,0,0,0,0,0,0,0,0,2,0,0,0,0
texts,24,24,46,42,43,131,53,235,63,57,173,202,346,284,233,102,446,343,217,307,183
texture,52,10,28,34,52,52,29,71,63,25,55,53,45,40,57,44,26,101,87,97,23
th,190,181,259,236,171,202,212,229,225,266,634,320,257,276,323,218,299,306,288,390,275
thailand,0,0,0,1,0,0,0,0,0,0,0,0,0,1,0,0,0,0,0,0,0
than,2029,1360,1862,1903,1096,2321,1424,2034,1442,1582,1832,2193,2760,2004,1692,1864,2540,2627,2735,2774,2305
thank,0,10,9,2,3,0,3,7,1,3,0,3,0,5,2,2,1,3,8,0,1
thanks,63,26,40,52,54,76,59,92,69,144,104,72,105,143,104,129,180,130,81,126,77
that,12074,7969,11838,9029,6091,11261,6180,10151,6326,6722,7485,10368,12282,9928,8586,9269,14287,13235,16466,16243,13598
the,158605,93910,107968,136403,75233,142880,84316,136115,98616,90696,100073,143918,189960,139711,112770,126568,205373,221627,240588,218802,194665
theater,0,0,0,0,0,0,0,0,0,0,0,0,0,0,0,0,0,1,0,0,0
theatre,0,0,0,0,0,0,0,0,0,0,0,0,0,0,0,0,1,7,0,0,0
thee,0,0,0,0,0,1,2,0,0,0,0,0,0,0,0,0,0,2,0,1,0
theft,0,0,0,0,0,0,0,0,0,0,0,0,0,0,0,0,0,0,0,3,1
their,719,491,578,509,336,623,424,571,372,426,516,588,686,599,518,642,888,830,925,1066,751
theirs,0,0,1,0,0,1,0,2,2,2,0,0,0,0,2,0,1,0,2,1,0
them,1652,1200,1385,1480,828,1797,920,1668,1080,1143,1197,1674,2298,1739,1213,1598,2545,2615,2535,2426,2152
theme,355,186,100,199,168,231,151,226,144,177,71,182,177,183,120,94,122,143,166,73,134
themes,108,64,36,69,70,69,57,59,48,65,31,65,58,67,44,40,39,64,50,32,52
themselves,38,21,33,16,16,27,19,19,9,23,14,20,31,25,16,33,46,59,44,44,41
then,2525,1657,2370,2047,1283,2615,1698,2264,1622,1688,1958,2491,3111,2207,1866,2325,2874,3292,3850,3205,2579
thence,0,0,1,0,0,0,0,0,0,0,0,0,0,0,0,0,0,0,0,0,0
theorem,3,2,8,1,4,1,2,1,9,6,2,3,7,3,2,4,2,4,28,6,9
theoretical,33,9,34,12,9,26,6,11,23,8,7,28,0,5,5,161,5,13,24,12,21
theoretically,4,7,10,7,4,2,5,16,4,2,9,3,3,4,6,9,4,14,14,13,12
theories,0,0,0,0,0,0,0,0,0,0,0,0,1,1,0,2,0,2,1,3,4
theory,749,39,141,102,45,43,59,144,66,54,18,44,37,49,70,115,62,48,137,93,87
therapeutic,0,0,0,0,0,0,0,0,0,0,0,0,0,0,0,0,0,0,1,0,0
therapy,2,0,0,0,0,0,0,0,0,0,0,0,0,0,0,0,0,0,0,0,0
there,2298,1832,2496,2105,1258,2181,1567,2122,1586,1558,1817,2643,2865,2131,1714,1910,2739,2839,3577,3015,2490
thereafter,1,1,2,1,0,2,0,0,0,0,0,0,0,0,0,2,1,0,1,1,0
thereby,10,7,10,2,1,0,0,4,0,6,1,2,2,3,2,0,1,2,2,3,4
therefor,0,1,0,0,0,0,0,0,0,0,0,0,1,0,0,0,0,0,0,1,1
therefore,200,191,240,305,176,291,151,288,189,218,172,292,325,283,393,345,378,350,418,411,364
therein,3,0,2,0,0,0,0,0,0,0,0,0,0,0,0,2,0,0,1,0,0
thereof,16,1,0,0,0,3,2,0,0,3,3,3,2,6,16,3,3,9,4,6,6
thereon,0,0,0,0,0,0,0,0,0,0,0,0,1,0,2,0,0,0,0,0,1
thereto,8,1,0,22,86,14,42,2,11,256,45,156,113,273,132,85,218,142,253,75,27
thereupon,0,0,1,0,0,0,0,0,0,0,0,0,0,0,0,0,0,0,0,0,0
thermal,40,12,3,8,0,17,2,16,55,16,6,24,12,6,4,54,3,10,21,7,8
these,2094,1300,1647,1538,944,1722,846,1536,968,1044,1021,1456,1694,1275,1097,1387,1698,1878,2023,2007,1922
thesis,8,0,53,6,3,8,3,1,0,8,3,1,2,3,1,3,3,5,2,3,2
they,1711,1289,1417,1583,961,1847,966,1488,965,951,1071,1528,1980,1259,1002,1382,1771,2010,2152,1625,1705
thick,19,1,1,1,0,3,0,1,2,2,0,3,3,4,6,5,15,5,8,4,1
thickness,39,16,47,29,41,38,38,49,36,55,42,39,56,21,47,12,48,92,70,133,37
thin,20,17,10,18,5,7,7,3,9,23,4,11,34,11,13,11,16,9,14,8,23
thing,123,126,214,124,43,144,48,127,72,56,68,162,134,146,154,151,168,100,191,95,84
things,262,201,293,272,221,412,141,225,157,173,195,221,247,241,213,194,298,259,343,229,230
think,108,71,85,70,59,86,34,51,37,72,33,71,53,48,71,76,106,112,159,109,89
thinking,5,9,8,4,2,2,1,3,1,0,5,1,3,3,8,9,5,2,4,37,9
thinks,5,16,35,15,0,1,1,4,7,3,1,10,3,10,3,9,1,5,8,15,4
third,138,58,122,78,76,175,102,216,120,119,186,213,423,233,178,207,426,408,358,317,447
thirds,2,0,0,0,1,3,0,0,0,0,0,0,1,0,1,1,0,0,1,1,0
thirteen,0,0,0,0,0,0,0,0,0,0,1,0,1,0,0,0,1,0,0,0,0
thirty,0,1,0,0,0,0,2,0,0,0,0,0,0,0,3,0,0,2,0,3,0
this,30467,18547,20136,24268,12970,28261,17654,26682,18804,19833,16126,27995,34192,24796,17451,20604,29288,34217,35776,31697,27430
tho,1,0,0,2,2,0,0,0,0,0,0,0,0,0,0,0,1,0,0,3,6
thomas,29,33,16,47,4,20,2,25,10,24,14,2,2,13,6,7,6,1,1,2,1
thompson,0,11,3,4,1,2,1,6,2,2,1,0,1,0,0,0,2,1,0,0,4
thomson,18,0,0,0,2,0,2,1,0,0,0,4,0,0,0,0,0,0,0,4,4
thorough,0,2,2,0,0,2,0,1,0,0,1,0,2,1,1,1,0,0,0,2,1
thoroughly,2,3,2,3,1,1,0,1,2,2,0,2,3,0,1,0,5,2,2,1,0
those,525,378,531,405,257,554,298,565,271,305,419,510,859,572,426,505,941,951,824,885,693
though,162,130,188,114,70,126,68,90,87,82,82,102,104,85,74,119,121,121,147,130,145
thought,15,3,7,4,3,1,0,1,3,5,2,10,7,6,6,11,20,15,8,18,24
thoughts,0,0,4,2,0,0,0,2,0,0,0,0,1,2,0,3,10,3,1,2,2
thousand,4,0,2,0,0,3,0,0,1,2,1,0,1,1,0,0,2,5,0,1,0
thousands,12,9,1,12,12,1,12,3,1,15,4,10,14,15,7,4,12,7,10,9,3
thread,375,192,172,197,76,163,113,207,195,121,153,93,132,125,94,94,87,288,167,193,177
threads,193,110,117,137,54,102,81,94,59,76,84,94,111,100,94,79,106,359,130,134,109
threat,2,5,0,0,1,1,1,0,1,10,1,0,3,13,11,27,10,3,0,0,0
threatened,0,0,0,0,0,0,0,0,0,0,0,0,0,0,0,1,0,0,0,0,0
threatening,0,0,0,0,0,0,0,0,0,0,0,0,0,0,0,0,0,1,0,0,0
three,488,209,203,173,153,259,223,224,206,205,190,201,330,258,251,202,316,300,348,321,336
threshold,890,507,600,820,517,708,502,648,510,611,597,791,704,630,687,627,857,736,806,821,621
threw,1,1,1,2,0,0,2,0,3,3,0,0,1,2,2,0,0,5,0,0,2
throat,0,0,0,0,0,0,0,0,0,0,0,0,0,0,4,2,0,3,0,0,0
throne,0,0,0,0,0,0,0,0,0,0,0,1,0,0,0,0,5,0,0,0,0
through,897,550,651,609,472,704,503,1081,698,652,572,804,944,791,740,808,1122,1120,1263,1276,1023
throughout,84,25,43,41,20,27,29,33,24,28,24,20,29,22,17,25,21,34,45,28,41
throw,117,97,111,115,92,103,90,117,56,70,47,82,75,75,89,111,154,117,220,206,149
throwing,4,1,6,4,2,10,4,2,5,11,5,8,10,15,10,5,14,8,26,21,14
thrown,37,38,44,21,12,22,6,22,4,8,7,18,18,16,43,14,47,25,88,58,37
thrust,2,0,0,0,2,0,0,1,8,0,0,7,15,3,2,27,1,6,98,0,1
thumb,3,3,7,5,2,2,0,0,1,0,3,0,3,1,8,3,2,8,1,6,3
thursday,2,0,0,0,0,2,3,0,0,0,0,3,0,2,0,0,2,0,0,1,1
thus,202,190,222,242,138,397,212,356,237,277,313,368,507,405,280,359,433,513,491,444,386
thy,0,0,0,1,0,0,0,1,0,0,0,0,0,0,0,0,0,0,0,0,0
thyroid,0,0,0,0,1,0,0,0,0,0,0,0,0,0,0,1,0,0,0,0,0
ti,59,11,8,16,3,13,6,11,13,12,7,12,14,8,104,61,58,13,41,17,7
ticket,5,0,290,2,1,217,9,3,2,9,2,1,1,0,1,3,8,1,1,1,32
tickets,0,0,5,0,0,1,5,2,0,1,0,0,0,0,0,1,0,0,0,0,0
tidal,3,0,0,0,0,4,0,0,2,0,2,2,3,1,2,1,1,0,0,0,1
tide,0,0,0,0,0,0,0,1,0,0,0,0,0,0,0,0,0,0,0,0,0
tie,38,30,42,48,30,71,48,84,53,49,52,83,154,84,24,52,139,113,122,125,100
tied,26,17,19,33,19,44,20,62,33,26,59,66,155,105,33,49,151,170,140,130,97
ties,48,23,58,41,9,28,24,44,36,20,9,36,24,40,26,19,44,20,28,20,27
tight,88,48,24,71,34,38,47,36,28,26,39,22,53,39,50,25,46,35,40,65,85
tightly,2,1,3,1,1,0,2,2,3,6,5,10,10,10,10,10,9,1,8,3,2
tile,213,76,70,102,87,111,66,77,67,161,57,86,150,91,151,106,186,245,320,267,283
till,33,43,73,60,22,65,33,76,22,49,50,56,83,44,35,26,33,59,62,60,53
tim,8,3,0,8,1,8,0,0,6,2,2,59,1,0,12,5,21,1,5,1,7
time,4248,2361,2369,2636,2715,3493,2300,2906,2672,2948,2313,3349,3924,3097,3025,3117,3814,4942,4399,4405,3797
timely,0,1,0,0,3,0,3,0,0,1,0,1,1,0,4,0,0,0,1,0,0
times,692,295,343,402,390,438,344,368,317,367,370,385,429,416,458,469,638,593,617,721,648
timing,65,19,36,36,27,31,60,30,12,57,32,46,100,27,84,54,45,59,76,94,81
timothy,10,0,0,1,0,0,0,0,0,0,0,0,0,0,0,0,0,0,0,0,0
tin,3,1,0,0,0,2,1,5,4,3,4,10,18,3,8,5,39,3,4,4,10
tiny,46,41,46,57,73,76,23,95,49,53,64,84,112,112,61,89,203,90,202,200,114
tion,0,0,0,1,0,0,0,0,0,0,0,0,0,0,0,0,0,0,0,0,0
tip,9,0,6,5,11,10,7,8,30,13,10,22,39,10,18,14,20,28,22,27,16
tips,13,1,5,3,6,5,5,2,4,8,5,2,1,6,4,4,6,11,6,12,19
tire,0,0,1,9,1,0,0,1,0,4,4,0,2,1,0,1,2,0,2,0,0
tired,0,0,0,0,0,0,0,0,0,0,0,0,0,4,1,0,1,4,2,0,1
tires,0,0,0,0,0,0,0,0,0,0,0,0,0,0,0,0,1,0,0,0,0
tis,0,0,1,1,0,0,0,1,0,1,0,0,2,1,0,0,0,0,0,0,0
tissue,3,4,0,2,1,2,2,4,11,11,6,8,2,7,0,6,10,8,18,3,7
tissues,0,0,0,0,0,0,0,0,0,1,0,0,0,3,0,0,0,0,6,0,0
title,558,263,215,275,275,386,243,215,212,299,235,324,308,289,233,375,300,517,318,395,260
titles,48,25,19,29,15,46,37,36,30,22,19,20,24,30,26,11,16,31,36,31,15
tm,9,2,5,9,1,2,0,2,8,17,1,0,6,28,6,3,2,16,12,8,4
tn,151,14,13,28,15,12,12,44,18,16,15,25,52,37,29,33,58,31,16,29,30
to,61831,39490,45858,48602,31246,55688,35236,54099,40258,42792,46878,59561,74007,57234,49745,54184,81348,91453,92216,87925,75717
today,69,14,22,26,25,36,26,34,16,28,20,28,22,33,18,13,26,21,44,21,16
todd,0,0,1,0,0,1,0,2,0,0,0,0,0,1,4,1,2,2,1,19,0
toe,1,4,0,5,0,0,0,0,0,2,0,45,0,4,0,4,0,1,0,2,0
together,282,282,220,329,164,455,211,277,229,290,221,326,376,312,303,304,427,342,381,349,264
toilet,0,2,8,1,4,3,1,2,9,2,3,4,2,1,2,16,59,7,14,3,1
tokyo,0,0,0,1,0,2,0,0,0,0,0,3,0,1,0,1,0,3,7,7,1
told,3,19,39,11,1,2,0,6,1,1,1,3,5,0,0,5,5,1,2,7,2
tolerance,67,30,87,40,36,74,56,61,61,64,46,77,112,67,55,57,127,65,190,153,178
toll,27,7,2,1,0,0,0,0,0,0,0,11,0,0,0,1,2,0,0,0,0
tom,6,0,12,7,22,16,4,10,19,10,15,4,11,6,6,3,4,5,20,8,8
tomatoes,0,0,0,1,0,0,0,0,0,1,0,0,2,0,0,0,1,0,0,2,0
tomb,0,0,0,0,0,0,0,0,0,0,0,0,0,0,0,0,2,0,0,0,0
tomorrow,0,0,2,0,0,1,1,1,0,0,0,0,0,0,0,0,2,0,0,0,0
ton,4,4,10,3,0,20,3,3,2,1,1,3,2,0,1,2,0,0,2,1,0
tone,2,6,0,0,0,0,3,15,6,2,6,7,6,7,4,2,1,10,3,2,17
tones,0,0,0,0,0,0,3,4,0,0,0,0,3,3,0,0,3,0,0,1,5
tongue,0,5,0,0,0,0,0,0,1,0,0,0,3,0,0,0,2,1,0,0,0
tonight,0,0,0,0,0,0,0,0,0,2,0,0,0,0,0,0,0,0,0,0,0
tons,2,0,0,0,1,19,0,0,0,0,0,0,4,4,1,1,1,0,1,0,14
tony,1,0,0,2,0,2,0,0,1,0,0,0,0,0,0,0,0,0,0,0,1
too,1076,652,737,791,485,975,574,853,599,716,599,752,883,691,748,708,1222,1270,1200,1465,1884
took,27,14,18,9,12,26,9,24,5,15,3,19,16,7,6,28,23,11,17,23,27
tool,64,59,39,35,32,53,235,42,17,24,22,18,22,41,36,47,168,248,113,132,106
tools,274,95,119,50,36,67,92,53,52,96,52,81,97,72,78,101,137,163,102,141,82
tooth,0,0,0,0,0,0,0,0,0,0,0,0,0,1,4,0,0,5,0,0,1
top,1471,937,1079,1537,1007,1465,1083,1399,1148,1241,1327,1322,1370,1398,1302,1139,1695,1489,1329,1431,1209
topic,118,21,23,18,20,44,8,12,56,36,16,30,43,19,23,60,102,93,40,99,22
topics,35,2,8,13,4,18,0,8,9,18,11,27,9,6,12,26,82,17,24,29,16
tops,593,0,4,0,1,0,0,1,1,0,0,0,0,11,0,0,1,0,2,0,6
tor,3,0,30,0,4,1,1,0,0,1,2,0,1,1,0,1,0,4,1,1,0
torn,1,0,0,0,0,0,0,1,0,0,0,0,0,0,0,0,0,0,0,0,0
toronto,11,1,0,4,0,3,3,2,0,1,0,0,1,0,1,1,0,0,0,0,6
torque,18,1,7,5,4,35,22,17,14,0,2,107,14,3,26,10,3,11,23,13,7
tort,750,250,189,149,72,98,67,191,125,72,57,376,314,58,145,191,124,121,151,445,221
torture,0,0,0,0,0,0,0,0,0,0,0,0,1,0,0,1,0,0,0,0,0
total,1139,681,647,820,648,958,569,749,657,761,663,889,897,688,811,840,1074,881,1097,1085,831
totally,15,13,13,11,2,12,7,13,10,14,12,17,19,26,23,9,17,19,30,11,10
totals,0,1,2,1,0,6,1,6,7,6,8,6,8,9,2,10,6,7,1,6,4
touch,28,18,33,25,17,40,29,38,21,25,26,25,33,37,43,52,47,46,47,36,67
touched,1,4,10,2,0,10,14,5,2,1,1,5,0,5,1,7,4,8,8,5,4
touching,3,0,3,8,1,10,0,9,6,0,4,5,1,3,4,10,0,6,18,13,6
tough,0,0,0,0,0,1,1,0,1,0,0,0,0,3,1,0,0,1,0,0,0
tour,1,10,7,2,0,2,1,1,2,4,3,15,43,6,0,48,36,5,1,5,2
tourism,0,0,0,0,0,0,0,0,0,0,0,0,0,0,0,0,0,2,1,0,0
tourist,0,1,0,0,0,2,0,4,0,0,0,0,0,0,0,0,0,0,0,0,0
tours,0,4,0,0,0,1,0,0,0,0,2,11,15,1,0,14,0,4,0,2,0
toward,14,10,12,12,3,7,4,0,1,6,3,4,18,4,6,52,9,13,9,5,28
towards,63,25,51,21,23,147,18,31,27,27,34,109,28,37,31,46,46,73,63,46,40
tower,173,53,44,64,20,30,22,40,30,22,31,35,21,37,32,38,67,54,23,42,17
towers,52,6,11,15,4,11,3,9,7,2,6,2,4,12,4,3,5,1,2,2,4
town,3,1,1,5,1,9,4,0,3,1,0,18,0,0,2,0,3,2,1,0,1
towns,1,0,0,0,2,1,1,1,0,1,0,1,0,0,2,0,0,0,0,0,1
toxic,3,7,13,5,24,2,0,1,0,1,0,3,0,1,2,1,4,6,3,3,1
toxicity,0,1,0,0,0,0,0,0,0,0,6,0,0,10,4,3,5,6,0,2,1
toy,31,15,13,12,13,8,38,18,30,12,29,40,42,14,27,26,18,19,15,13,26
toys,0,0,0,0,0,0,0,0,0,0,0,2,0,6,1,0,0,0,0,0,0
tr,75,52,82,60,23,43,23,59,38,33,312,40,24,51,48,37,63,45,26,31,75
trace,122,95,135,84,95,99,93,118,65,74,78,131,108,153,156,139,344,226,386,234,206
traced,7,8,5,6,6,16,4,14,4,2,2,13,26,31,46,14,84,27,42,42,78
traces,10,43,42,12,8,3,20,3,0,9,3,23,2,15,33,36,81,17,216,44,12
track,522,289,398,324,230,494,291,438,381,333,277,460,437,412,401,361,458,553,484,506,584
tracking,245,141,158,134,74,290,78,125,82,137,88,192,106,170,191,151,282,323,297,399,342
tracks,87,20,51,29,75,84,18,34,44,53,38,129,49,51,76,46,43,127,76,122,159
tract,1,3,2,0,0,0,0,0,0,0,4,2,0,0,3,1,1,3,1,1,0
traction,0,0,0,0,0,5,0,0,0,0,19,6,0,0,0,0,4,1,0,18,0
tractor,8,1,0,0,3,1,0,1,7,2,2,1,0,1,0,4,4,3,1,0,1
tracts,0,0,0,0,0,0,0,0,0,0,1,1,0,0,0,0,0,0,0,0,0
trade,38,15,9,4,11,9,8,6,8,1,17,59,14,18,46,22,51,25,104,37,36
trademark,51,5,1,0,0,0,2,0,0,12,1,1,2,6,7,4,3,6,2,5,5
traders,0,0,0,0,0,0,0,0,0,0,0,0,23,0,0,0,0,0,0,0,0
trades,7,0,0,0,1,3,0,1,3,2,1,0,15,5,4,1,2,1,3,1,1
trading,3,0,0,0,0,17,1,0,0,0,4,0,3,14,0,0,1,3,2,7,8
tradition,8,0,1,0,2,6,4,5,7,8,3,6,8,6,2,1,0,0,2,1,0
traditional,29,23,14,30,3,27,11,17,14,11,9,15,8,21,9,11,24,17,15,23,17
traditionally,0,1,1,2,1,1,0,0,0,0,0,0,0,0,0,0,1,0,2,0,0
traffic,90,15,44,32,32,288,53,41,20,39,24,126,40,29,71,27,79,37,99,84,28
tragedy,0,0,0,1,0,0,0,0,0,0,0,0,0,0,0,0,0,0,0,0,0
trail,1,24,20,39,0,3,19,0,2,20,0,6,3,3,2,6,0,4,3,0,0
trailer,10,3,4,8,4,5,5,1,1,14,13,11,20,13,20,33,8,47,29,20,2
trails,25,1,2,1,0,5,1,4,1,6,1,1,4,1,1,0,1,0,2,0,1
train,4250,2485,2591,2875,2407,3340,2836,2852,2933,3821,3531,2880,3485,3136,3530,2753,3614,3810,3052,2918,2611
trained,776,557,379,723,495,896,455,565,458,600,659,744,804,650,611,578,1016,952,887,807,811
training,7868,5390,4372,5928,4738,7306,4834,6250,5674,6070,6594,6230,7075,6842,6537,5234,7653,8348,7287,7098,6220
trains,28,20,26,29,32,27,22,30,32,25,14,3,19,14,16,4,10,14,16,16,16
traits,13,2,0,0,0,2,0,0,0,1,0,0,0,1,12,0,16,4,0,0,1
trans,40,23,25,60,64,73,72,58,138,111,115,138,89,129,78,114,103,150,121,58,46
transaction,20,4,0,2,7,1,2,1,6,6,1,2,2,6,0,10,1,3,5,13,7
transactions,46,3,1,0,2,6,3,4,7,23,1,1,4,4,4,3,0,2,9,9,3
transcript,4,3,0,8,1,7,4,1,3,5,18,0,10,11,4,11,4,9,2,8,5
transfer,184,119,105,141,96,160,103,144,144,152,183,254,228,203,115,146,155,185,202,196,155
transferred,7,3,8,18,8,14,7,4,10,2,9,13,9,11,1,12,14,8,10,10,9
transferring,7,1,0,1,2,0,6,8,2,1,2,7,3,0,10,6,2,4,0,0,2
transfers,17,2,4,7,2,15,9,13,25,17,3,19,21,14,3,8,10,21,13,18,3
transform,856,613,773,697,661,984,691,924,879,907,1053,911,1027,927,1046,971,1350,1294,1316,1148,1065
transformation,316,269,225,227,149,245,271,314,311,414,317,306,385,350,432,381,358,559,474,484,402
transformed,118,53,68,55,32,39,28,59,36,63,44,51,60,59,91,56,90,61,89,132,203
transient,3,31,28,15,3,6,0,5,4,3,23,2,5,6,0,8,7,13,16,6,7
transit,2,0,1,5,1,6,14,0,0,8,8,4,7,12,7,0,0,0,13,8,1
transition,191,114,136,209,163,162,98,132,113,170,132,103,186,147,272,146,110,168,135,139,179
transitions,174,4,31,55,35,63,36,58,43,59,40,27,24,20,91,69,28,34,83,32,45
translated,46,48,73,41,13,32,19,19,30,24,28,40,30,30,40,29,38,51,29,43,52
translation,283,184,234,307,206,334,227,385,274,427,280,362,485,433,291,329,375,294,299,274,240
translations,33,13,17,31,19,16,10,30,14,23,7,15,28,19,15,12,21,12,12,10,36
transmission,22,1,0,4,6,3,12,5,7,5,5,2,0,29,8,9,12,37,8,78,17
transmit,8,7,2,3,0,28,0,8,0,1,3,2,0,9,2,9,1,5,2,1,2
transmitted,0,1,3,0,1,1,0,2,0,4,3,2,5,5,7,0,3,3,1,1,6
transmitter,6,2,0,12,0,0,0,1,0,2,0,4,0,2,2,0,7,2,0,5,3
transmitting,0,0,0,0,0,0,0,1,0,0,1,0,0,0,0,0,2,1,0,0,0
transparent,13,8,16,16,8,26,7,13,10,12,9,9,13,16,14,24,19,19,24,17,21
transport,72,27,46,8,9,17,38,9,6,18,15,8,9,4,42,19,18,23,6,16,16
transportation,1,0,0,0,8,5,7,0,3,3,0,0,3,0,0,0,0,0,0,0,0
transported,0,0,0,0,0,0,23,0,0,0,0,0,1,0,5,0,1,0,1,4,1
transporting,0,0,0,0,0,0,1,0,0,0,0,0,0,0,0,0,0,0,0,0,0
transverse,6,0,0,1,2,0,2,10,0,2,0,1,0,0,8,0,0,0,0,6,0
trap,9,1,4,2,5,4,0,5,1,3,2,6,5,4,4,5,9,2,10,10,3
trapped,2,1,1,0,0,0,0,0,0,1,1,0,0,0,0,3,2,0,1,1,2
trauma,0,1,0,0,0,0,0,0,0,0,0,0,0,0,0,0,0,0,1,0,0
travel,7,9,2,5,5,8,6,8,3,3,2,2,12,0,1,1,23,21,13,3,4
traveled,1,0,3,1,1,7,2,6,0,3,0,3,2,1,5,2,3,0,0,0,1
travelers,0,0,0,0,0,0,0,1,0,0,0,0,0,0,0,0,0,0,0,0,0
traveling,0,1,0,0,0,1,0,1,0,5,0,1,4,0,0,3,2,0,1,0,0
travels,0,1,0,0,0,0,0,0,0,2,0,0,0,0,0,0,0,0,0,2,2
treat,189,120,139,130,76,200,123,159,103,135,116,184,161,81,107,139,153,154,131,170,143
treated,67,62,100,79,51,71,55,81,49,64,47,83,91,95,78,62,134,122,130,106,99
treaties,7,0,0,0,0,1,4,1,1,0,0,1,0,4,14,4,0,3,0,1,2
treating,5,9,16,4,2,14,3,6,3,9,5,5,8,4,7,15,47,7,38,31,29
treatment,33,11,23,9,16,29,8,22,3,35,38,19,91,60,20,47,56,179,45,33,138
treatments,2,0,2,0,0,0,0,0,0,26,1,1,2,0,2,0,0,16,0,0,9
treaty,16,1,0,0,0,0,0,0,0,0,0,0,0,0,0,1,0,0,0,0,0
tree,1905,2125,1748,3656,1691,4859,3774,4411,3747,4189,1535,5138,4676,3689,1253,1896,1474,1711,2695,2156,1454
trees,36,10,39,132,22,25,27,13,27,33,13,81,8,54,24,15,23,34,36,25,21
tremendous,0,0,0,0,0,0,2,0,0,0,0,0,0,0,0,0,0,0,0,1,0
trend,18,5,5,1,6,2,8,4,1,14,2,3,3,4,1,2,23,9,10,12,9
trends,5,0,0,0,0,3,6,1,2,0,2,0,0,0,0,1,1,0,2,0,0
trial,82,29,41,58,147,66,45,268,54,35,207,99,98,47,166,126,86,62,126,76,126
trials,63,24,17,29,33,23,48,16,39,56,5,33,54,18,77,45,10,64,43,31,41
triangle,99,15,66,64,61,90,26,72,278,50,64,114,168,112,88,77,112,106,114,120,53
tribal,1,0,1,0,0,0,0,0,0,1,0,1,0,0,0,1,0,0,1,1,1
tribunal,7,1,0,0,0,0,0,0,0,0,0,0,0,0,0,0,0,0,0,0,0
tribune,0,0,0,0,0,0,0,0,0,0,0,0,1,0,0,0,0,0,0,0,0
trick,154,109,74,112,82,123,99,145,107,130,141,131,193,169,122,133,181,197,139,150,152
tried,24,16,22,13,13,46,16,30,11,8,11,18,13,18,12,36,14,24,35,31,29
tries,40,44,66,28,22,40,20,27,34,12,12,37,43,26,29,25,45,65,56,57,51
trigger,147,91,120,78,46,132,92,103,51,104,133,98,123,130,125,139,131,125,165,190,180
trim,76,58,84,82,41,116,106,243,85,79,83,139,131,88,65,57,127,94,110,114,58
trinity,0,0,0,0,0,0,0,0,0,0,0,0,0,0,15,0,0,0,0,0,0
trip,24,15,38,8,3,24,9,10,1,10,5,7,7,4,3,3,11,11,19,13,7
triple,32,18,22,81,1,20,24,16,14,68,36,33,111,15,10,41,47,40,31,50,40
trips,2,1,0,0,0,0,0,0,0,2,4,0,0,0,0,3,4,1,2,5,0
tropical,1,0,0,2,0,0,2,0,0,0,0,0,0,1,1,0,0,0,2,0,0
trouble,43,32,60,31,15,31,20,22,25,6,13,16,17,19,27,27,21,10,29,11,21
troubles,0,0,1,0,1,1,2,1,3,1,1,1,0,1,0,6,5,0,5,4,4
trout,0,0,0,0,0,0,0,0,3,0,0,0,0,0,0,3,1,0,0,0,0
truck,16,18,26,30,11,22,19,13,24,50,37,35,63,59,40,80,39,68,210,46,55
trucks,0,0,0,0,0,0,0,0,0,0,1,2,1,0,0,1,0,0,0,0,10
true,5143,2583,3121,3489,2761,4704,3083,3640,3518,4339,6152,5233,5220,4707,4347,4431,5524,5781,5660,5813,5136
truly,5,9,19,3,4,8,11,12,5,15,11,8,9,11,11,14,17,8,10,10,23
trunk,23,11,13,5,8,32,3,8,6,17,10,10,6,14,6,8,29,15,42,23,9
trust,7,48,134,47,15,27,10,50,19,10,34,45,18,38,32,24,62,36,38,41,46
trusted,5,0,6,4,0,0,2,4,0,0,1,2,0,0,8,5,2,2,1,1,5
trustees,0,0,0,0,0,0,0,1,0,0,0,0,0,0,0,0,0,0,0,0,0
trusts,1,0,0,1,1,0,2,4,1,0,0,0,2,0,1,0,0,0,0,0,0
truth,1136,611,736,925,808,919,937,715,991,923,1135,1328,722,1046,758,781,949,922,1050,792,644
truths,61,45,36,43,38,23,25,36,37,21,14,11,28,21,21,14,23,8,22,19,34
try,1052,710,1068,637,354,988,439,651,438,554,642,761,745,655,729,663,905,954,993,1061,831
trying,86,48,85,52,32,64,35,69,24,32,61,61,110,73,102,101,129,116,126,126,112
tube,15,18,8,7,2,5,1,4,1,0,1,10,19,8,9,7,12,8,8,6,10
tuberculosis,0,0,0,0,0,0,0,0,0,0,0,0,0,0,0,0,1,0,6,0,0
tubes,0,11,32,8,4,3,1,0,0,0,0,0,5,2,0,1,0,1,1,0,13
tubular,0,0,0,0,0,0,0,0,0,0,0,0,0,0,0,0,0,0,0,1,0
tucker,10,0,1,0,0,2,0,0,1,2,0,0,0,0,0,0,5,0,0,3,1
tuesday,0,1,0,0,0,0,4,0,0,1,0,7,0,2,0,0,0,1,0,0,1
tumor,39,49,26,33,16,7,11,14,9,6,16,4,14,3,1,2,4,10,12,13,13
tumors,0,0,0,0,1,0,2,0,0,0,0,2,2,8,0,0,0,0,0,0,2
tune,74,45,58,48,53,54,54,74,45,96,85,95,102,77,68,91,120,265,204,158,131
tunnel,2,4,11,2,1,1,169,1,0,1,5,7,8,0,0,6,2,0,4,1,1
turbulent,0,0,0,0,0,0,0,0,0,5,0,0,0,0,0,0,0,0,0,0,0
turkey,0,0,0,1,0,0,0,0,0,0,0,0,0,0,0,0,0,0,0,0,0
turkish,0,4,11,3,0,0,0,1,0,0,0,1,4,1,0,2,1,8,3,1,0
turn,491,383,326,231,190,308,194,266,225,221,203,242,234,234,197,285,300,272,348,492,273
turned,42,19,44,18,8,17,20,22,11,12,11,15,14,14,17,20,30,22,38,51,35
turner,1,0,1,0,0,0,0,0,0,0,0,15,0,0,0,0,0,0,0,0,0
turning,35,13,20,21,9,21,14,11,5,4,22,16,11,14,22,13,12,10,14,29,28
turnover,4,0,8,0,0,0,0,1,0,0,0,0,3,0,0,0,0,0,2,1,0
turns,55,34,40,43,51,29,10,22,21,14,17,22,42,32,32,33,42,58,31,44,14
tv,17,14,21,6,26,7,5,22,24,18,61,42,49,28,20,21,57,26,36,8,5
twelve,0,0,0,0,0,1,0,0,0,0,1,0,0,0,0,0,0,0,0,0,0
twenty,1,8,5,16,14,28,2,22,9,0,10,24,17,8,9,0,12,0,8,6,2
twice,120,79,123,78,60,121,82,138,85,101,96,163,284,144,100,154,291,319,261,214,215
twin,24,1,6,0,1,1,5,1,5,0,6,1,2,1,3,0,5,11,1,4,6
twisted,14,4,8,2,0,0,0,1,2,1,0,6,0,0,2,4,6,2,3,5,7
two,1654,837,1165,1126,853,1436,861,1186,1028,1040,1059,1297,1743,1291,1275,1562,2330,2139,3275,2666,2121
tx,76,42,17,13,6,39,34,20,18,24,35,29,32,19,16,22,51,41,24,25,29
tyler,0,0,2,0,0,0,0,0,0,0,0,0,0,0,0,2,0,1,0,0,2
type,4514,3277,8403,2647,2549,4176,2028,3986,2597,3417,3654,3938,3851,5212,4010,4274,4455,6195,5729,7786,5683
types,619,262,505,289,185,660,245,284,222,293,248,536,403,312,379,391,565,741,628,739,583
typical,39,54,77,48,21,41,15,41,32,53,25,38,23,30,46,43,46,34,47,59,16
typically,85,57,79,90,60,80,35,89,53,67,96,81,88,90,85,68,117,121,234,161,98
u,1572,569,776,729,405,933,499,643,529,642,351,819,830,882,537,924,641,850,838,779,703
uf,8,1,16,0,0,0,1,1,0,2,0,0,0,1,0,0,9,1,0,1,1
ugly,39,62,74,50,31,65,32,58,38,54,62,73,73,44,60,82,32,75,79,49,38
uk,153,76,59,31,10,6,6,12,16,50,28,19,311,40,14,133,48,65,98,29,73
ultimate,1,0,0,0,2,0,1,0,1,0,0,1,0,0,1,0,0,0,2,4,2
ultimately,1,0,7,1,4,1,0,1,3,3,0,0,3,3,2,10,9,13,9,7,18
um,32,0,15,4,7,28,13,9,3,8,95,3,35,2,11,5,3,5,12,7,8
un,89,40,58,36,16,165,42,54,39,43,65,44,67,55,55,76,95,61,87,103,82
unable,15,25,31,11,4,14,3,16,8,11,10,20,18,13,3,16,8,18,19,27,16
unanimous,0,0,1,1,3,0,0,0,0,0,0,0,0,0,0,0,0,0,0,0,0
unauthorized,26,4,52,0,6,0,0,0,3,1,0,0,0,0,0,1,1,0,0,2,0
uncertain,6,1,3,12,11,17,2,2,9,19,4,4,8,9,15,23,16,32,17,8,11
uncertainty,139,45,66,73,73,87,76,126,121,76,111,114,162,189,261,183,857,228,175,119,260
unchanged,80,52,55,82,53,116,83,119,63,80,95,114,157,106,94,112,203,148,199,169,183
uncle,0,0,0,0,0,0,0,0,0,0,0,0,0,1,1,0,0,0,0,0,0
uncommon,11,19,19,22,11,19,12,17,10,12,5,12,6,9,3,5,7,11,4,4,8
und,0,3,0,8,0,8,0,2,2,0,2,0,0,3,2,2,7,6,2,3,11
under,15114,8017,6315,17715,7348,16570,9050,16410,11625,8456,10586,16030,26177,16279,10825,11669,25655,30247,29507,22874,23160
undergo,1,0,0,0,0,0,0,1,2,4,0,0,3,2,2,2,6,1,13,5,1
undergraduate,0,0,1,0,0,0,0,0,0,0,0,0,0,0,0,0,0,0,0,0,0
underground,0,0,0,0,0,1,1,0,0,1,0,0,0,0,1,0,0,0,0,0,0
underlying,93,74,118,106,66,125,74,126,81,104,49,133,110,95,109,147,113,116,99,114,131
understand,59,13,23,18,11,16,27,24,14,25,10,21,28,25,20,19,25,42,26,43,24
understanding,17,15,9,17,3,32,4,7,12,5,5,8,3,16,12,16,20,22,48,27,18
understands,4,5,12,2,2,0,3,2,1,0,0,2,0,0,0,1,0,6,1,3,3
understood,9,2,8,6,1,4,1,5,6,3,2,8,10,9,9,6,12,0,10,5,6
undertake,0,0,0,0,0,0,0,0,0,0,0,0,0,0,0,0,0,1,0,0,0
undertaken,12,1,0,0,0,4,0,0,0,0,0,0,0,0,0,0,0,0,0,0,0
undertaking,0,0,0,0,0,0,2,0,0,3,1,1,2,6,4,3,3,6,0,5,2
undesirable,0,2,2,2,4,8,0,4,3,3,3,4,9,7,4,2,7,10,11,11,3
undue,0,0,0,0,0,0,0,0,0,0,1,0,3,0,0,0,0,0,0,0,0
unexpected,31,32,36,23,38,199,25,171,30,22,79,147,262,154,54,92,235,281,263,206,202
unfair,4,4,3,3,0,0,0,1,0,1,0,2,0,1,1,1,0,0,1,0,1
unfavorable,0,0,0,0,0,0,0,0,0,0,0,1,0,0,0,0,0,0,0,0,0
unfortunate,1,8,10,2,1,1,0,3,2,0,1,3,1,1,0,3,2,0,5,2,0
unfortunately,28,23,33,20,10,30,14,18,11,8,14,29,24,14,11,11,32,30,36,41,34
unhappy,0,1,0,0,0,0,1,0,0,0,0,0,0,0,0,0,0,0,0,0,0
unified,47,48,11,54,29,43,28,60,53,60,38,101,72,29,28,58,65,84,119,113,98
uniform,545,285,289,249,169,1062,299,267,272,297,352,307,434,274,303,290,394,379,339,283,297
uniformity,5,3,0,2,1,0,0,1,1,2,3,0,12,15,13,8,18,51,17,13,17
uniformly,47,49,72,30,22,64,45,78,75,45,39,67,60,75,73,93,83,103,74,129,80
union,339,95,326,189,143,279,163,276,167,148,200,236,230,260,233,251,284,238,239,279,220
unions,2,1,5,6,5,4,3,5,4,1,0,2,1,1,1,1,0,3,0,11,1
unique,454,267,356,309,277,467,233,341,353,370,408,446,517,443,500,475,644,631,573,610,522
unit,449,126,212,195,216,231,191,237,241,215,261,351,248,303,258,289,250,520,336,404,316
unite,1,0,0,1,0,0,0,0,0,1,0,0,0,0,0,0,0,0,0,3,1
united,4,4,52,12,7,10,2,12,9,1,8,14,17,12,4,2,21,2,12,23,9
units,303,100,123,197,97,216,175,168,179,148,232,194,238,159,132,260,163,238,300,243,159
unity,8,4,9,5,7,43,3,0,2,0,0,15,2,9,10,13,3,10,19,8,27
univ,1,1,0,1,0,0,7,1,0,2,0,1,0,0,0,0,0,0,0,0,0
universal,18,72,145,47,19,13,20,23,14,5,6,29,9,10,4,30,39,19,28,24,54
universally,1,0,10,0,0,0,1,0,0,0,0,0,0,0,1,6,0,3,3,1,3
universe,7,1,5,3,1,4,1,8,2,4,4,23,5,5,2,7,4,4,7,6,2
universities,0,0,0,0,0,0,0,0,0,0,0,0,0,0,0,0,0,0,2,1,0
university,283,455,182,404,186,282,73,190,176,152,99,177,389,186,154,165,122,203,234,160,144
unknown,325,205,219,256,195,337,231,278,227,233,232,355,273,253,194,186,248,242,244,196,172
unlawful,0,0,0,0,0,0,0,0,0,0,0,0,0,1,0,0,0,0,0,0,0
unless,3849,1587,1479,4598,1810,3843,1601,3896,2544,1270,2932,3454,7039,3951,3172,3184,7981,8945,9033,6802,7130
unlike,44,19,47,35,14,28,22,26,24,31,18,37,51,37,60,49,70,45,101,52,64
unlikely,13,25,46,21,7,38,16,32,28,28,17,55,40,36,36,47,35,43,28,29,23
unlimited,10,2,7,1,3,11,3,7,2,5,1,7,5,6,6,8,13,486,6,5,13
unnecessary,102,97,115,94,68,132,105,154,93,117,95,154,203,164,120,85,154,160,167,144,161
unpleasant,0,0,0,0,0,0,0,1,0,0,0,4,0,1,1,0,5,2,4,2,6
unpublished,3,0,0,1,0,1,4,3,3,0,0,1,0,4,14,4,7,3,0,6,2
unreasonable,0,2,1,2,0,3,4,1,3,2,4,4,4,2,0,1,0,1,1,1,0
unrelated,0,1,9,5,7,11,12,8,13,13,12,24,14,10,5,15,18,26,7,11,26
unsatisfactory,0,0,1,0,0,0,0,0,0,0,0,0,1,0,0,0,0,0,0,0,0
unstable,18,13,14,12,10,26,8,22,12,18,22,33,20,72,28,26,25,55,42,28,125
unsuccessful,4,2,6,2,1,3,0,8,1,1,8,0,1,2,0,4,6,7,5,3,8
until,460,245,390,258,147,419,173,329,246,210,245,325,438,294,274,334,513,431,548,495,388
unto,0,0,0,0,0,0,0,0,0,1,0,0,0,1,0,0,0,1,1,0,3
unusual,40,32,43,119,60,114,34,141,65,49,107,137,287,179,55,118,306,334,230,214,151
unusually,1,0,0,0,0,1,0,0,0,0,0,0,0,0,0,0,0,0,0,0,0
up,2810,1757,1772,1897,1352,2236,1395,1742,1632,1551,1826,1943,2075,1798,1815,1823,2489,2592,3055,2771,2435
update,3614,1987,2351,2504,1777,3594,2007,3030,2646,2759,2664,3062,3587,3161,3129,2755,3758,4329,4045,4238,3847
updated,300,168,293,231,141,262,172,255,183,233,299,310,418,293,285,416,388,579,523,573,738
upon,157,42,53,35,20,21,13,16,27,8,12,71,21,38,15,35,30,76,139,96,63
upper,353,205,254,266,154,333,304,373,301,299,249,327,345,422,250,324,353,384,364,424,493
upright,6,5,29,1,4,14,9,7,1,4,4,6,4,4,6,29,18,1,18,1,3
ups,16,2,2,2,0,0,1,3,1,2,13,0,3,1,2,5,1,8,7,1,0
upset,2,0,0,0,0,0,0,0,0,0,0,0,0,0,1,0,0,1,3,4,10
upstream,16,21,38,15,3,7,0,8,5,6,5,20,3,16,8,9,45,11,19,13,24
upward,9,8,11,9,2,15,2,3,5,0,2,2,2,14,6,4,4,5,3,8,6
uranium,0,0,0,0,0,0,0,0,0,0,0,11,0,0,0,0,0,0,0,0,0
urban,16,6,0,4,3,4,0,0,1,0,0,0,10,11,3,4,4,2,5,16,9
urgent,1,1,6,0,0,1,0,0,0,0,0,0,0,0,1,1,3,8,1,5,1
urinary,0,0,2,0,0,0,0,0,0,4,0,0,0,1,0,0,0,0,0,0,0
urine,6,0,0,0,0,0,0,0,0,0,13,0,0,1,1,0,0,0,0,0,0
us,432,291,408,197,131,303,139,330,163,125,252,310,389,344,269,243,581,1066,555,607,408
usa,52,220,313,120,34,14,14,42,8,44,4,89,9,19,5,45,7,210,21,11,5
usage,473,192,220,230,209,248,172,239,213,178,212,234,321,324,290,288,700,463,633,605,530
usda,0,0,0,0,0,0,0,0,0,0,0,0,0,0,0,0,0,0,0,0,1
use,14118,7821,8970,11637,5957,11353,6983,11638,8562,8266,9329,12289,16467,12684,10532,11063,18461,20364,20278,18189,16843
used,5022,2818,3423,3809,2357,3939,2914,4957,3204,3115,3410,4692,5171,4043,3674,3884,5814,5856,6651,5811,5031
useful,379,660,687,515,216,383,315,475,279,269,230,412,514,383,370,329,415,540,343,328,277
usefulness,0,0,0,0,0,0,0,0,0,0,0,0,0,0,0,0,0,0,0,0,2
useless,48,51,47,40,43,38,31,49,36,121,51,65,56,68,81,57,49,61,107,53,52
user,851,734,1042,492,337,534,406,761,504,586,492,764,1154,824,814,1028,1212,1420,1346,1293,1088
users,1464,229,190,146,95,150,115,176,95,136,177,192,302,223,250,207,312,519,427,405,265
uses,1807,434,588,644,326,657,292,594,407,429,466,751,967,692,462,738,1187,1162,1233,1085,841
using,3341,1969,2595,2532,1716,2867,1785,2566,2202,2155,2345,2859,3204,3042,2796,2765,4376,4028,5701,5164,4599
ussr,0,0,0,0,0,0,0,0,2,0,0,0,0,0,0,0,0,0,0,0,0
usual,93,14,47,23,12,54,37,59,39,45,57,48,64,49,39,46,64,71,63,51,70
usually,206,162,184,217,107,214,133,268,149,264,286,241,415,331,255,378,431,535,665,586,342
ut,16,7,20,6,8,2,10,13,4,2,7,10,12,11,3,1,15,18,12,50,13
utah,0,0,0,0,0,1,0,0,0,0,0,0,0,0,0,0,0,0,0,0,0
uterus,0,0,0,0,0,0,0,0,0,4,0,0,0,0,0,0,0,0,0,0,0
utilities,126,43,55,60,37,70,39,73,41,62,57,93,114,47,57,52,77,118,85,76,51
utility,219,102,90,101,73,128,75,83,70,118,115,96,98,55,79,90,102,197,103,95,72
utilization,12,2,0,3,42,2,1,6,0,14,1,10,10,6,1,12,21,11,13,14,16
utilize,11,12,17,12,14,10,5,15,3,5,1,13,5,8,9,15,19,50,90,32,34
utilized,5,1,9,3,0,3,1,3,0,9,6,2,4,3,3,4,5,7,13,7,9
utilizing,0,4,1,5,1,0,1,0,1,1,1,1,1,0,3,0,2,58,39,5,3
utmost,0,1,0,2,1,0,0,0,0,0,1,0,0,0,0,0,0,0,0,0,0
utter,0,4,0,0,0,0,0,0,1,0,0,0,0,0,0,2,6,0,0,0,0
utterly,0,0,0,0,0,1,0,0,0,0,0,0,0,0,0,0,0,1,0,0,0
v,1898,1192,1881,1000,1159,1514,976,1454,1045,1365,1289,1408,2292,1734,1706,1963,2364,2626,1986,2292,1597
va,20,3,14,4,23,14,18,6,7,35,11,14,8,5,9,13,16,12,3,17,40
vacancy,57,41,85,63,66,46,32,56,28,67,46,36,27,41,0,47,40,44,14,15,6
vacant,4,0,0,0,0,3,0,0,0,1,0,0,2,0,1,0,0,1,0,0,0
vacation,0,0,0,0,0,0,0,1,0,0,0,0,0,0,0,0,0,0,0,0,0
vaccine,0,0,0,0,0,0,0,0,0,0,1,0,1,1,1,0,0,0,0,0,0
vacuum,1,3,1,1,3,0,0,1,5,4,6,1,4,10,0,4,4,6,18,9,16
vague,0,0,1,1,0,0,0,0,0,0,1,0,1,0,0,0,3,0,0,0,0
vain,0,0,0,0,0,0,0,0,0,0,0,0,0,0,0,0,0,0,0,1,0
valid,1033,839,1069,893,674,1170,854,1043,1002,955,1156,1159,1188,966,915,927,1017,1325,1026,1166,982
validation,1506,957,912,1058,807,1029,946,1186,1119,1238,1073,917,1179,1048,967,643,1059,1070,861,949,878
validity,50,21,23,14,17,17,34,30,13,30,14,31,42,32,61,32,64,58,39,48,40
valley,0,0,0,0,0,5,0,6,2,2,3,2,7,5,2,2,8,4,6,10,6
valleys,0,0,0,0,0,10,0,8,2,0,6,4,10,6,4,0,12,0,6,9,2
valuable,0,0,3,1,1,1,0,0,0,6,0,0,0,6,0,0,0,1,11,1,0
valuation,0,0,1,0,0,0,23,1,1,1,2,0,1,0,0,0,0,0,1,0,6
value,3854,2729,3471,3048,1722,3302,1968,2831,2467,2265,2562,3406,3880,3076,2778,3046,4033,4828,4670,4457,3919
valued,16,8,26,8,21,24,15,15,17,6,5,13,25,19,9,16,17,24,17,30,34
values,3542,2007,3036,2527,1585,3573,2011,3001,2195,2492,28677,11600,4351,3670,2732,2990,4945,5194,5087,5416,4488
valve,0,0,0,0,0,0,0,0,0,0,0,0,0,0,0,0,2,0,0,0,0
valves,0,0,0,0,0,0,2,0,0,0,0,0,0,0,0,0,0,0,0,0,0
van,12,45,29,13,41,44,1,12,8,7,14,6,21,15,10,13,20,18,31,7,13
vapor,1,0,0,0,0,0,0,0,0,0,1,0,0,0,0,0,2,0,0,1,0
var,392,312,361,238,232,247,157,195,200,189,165,201,272,178,532,130,164,248,291,506,408
variability,1,0,2,3,3,2,1,1,2,4,1,4,7,13,3,6,1,1,2,3,4
variable,1905,1183,1182,1098,580,916,549,847,628,623,682,801,1050,711,563,663,982,1383,1088,1102,1029
variables,1775,881,835,1133,537,978,759,795,716,609,483,654,960,712,516,768,959,1153,1495,1272,1030
variance,370,169,255,244,181,175,127,275,157,273,173,253,331,251,279,325,437,388,701,388,439
variation,40,24,26,38,35,56,41,35,34,27,26,33,28,25,25,23,61,74,67,63,49
variations,14,11,10,7,9,28,11,20,15,19,29,14,27,24,10,18,56,13,32,36,43
varied,2,1,11,14,3,22,4,14,11,9,8,14,21,6,10,11,14,11,13,6,10
varies,10,9,32,12,32,24,10,15,3,9,13,25,22,11,14,20,18,33,39,20,23
varieties,0,0,0,0,0,0,0,1,0,0,0,0,0,2,0,0,0,0,1,1,0
variety,11,13,10,2,2,2,1,6,7,0,6,4,12,11,5,9,12,21,6,7,3
various,212,115,154,123,52,141,77,90,88,83,75,121,151,100,95,98,131,125,151,152,137
vary,54,60,72,38,34,30,92,28,20,37,13,60,23,35,34,35,40,26,54,41,22
varying,33,23,16,31,26,44,15,11,14,37,14,26,25,22,20,12,55,30,39,98,57
vascular,2,0,1,0,0,0,0,0,0,0,0,0,0,1,0,0,0,0,0,0,0
vast,0,0,2,0,0,2,6,0,0,1,0,8,0,0,0,0,0,0,0,1,0
ve,164,230,365,171,51,111,64,111,38,104,69,130,91,55,76,179,85,114,121,123,91
vector,1466,657,1055,890,721,947,508,779,673,606,543,785,893,773,594,779,897,988,1256,1114,800
vectors,624,621,661,360,274,435,235,614,218,304,319,398,558,376,297,359,661,529,537,539,472
vegetable,0,0,0,0,0,0,0,0,0,0,0,0,0,0,0,2,0,0,0,0,0
vegetables,0,0,0,0,0,0,0,0,1,0,0,6,1,0,0,1,0,0,1,0,0
vegetation,14,4,4,10,6,8,8,2,5,6,6,10,15,18,6,10,15,21,29,21,3
vehicle,232,23,64,109,102,608,166,92,78,196,98,450,239,198,207,330,137,435,396,163,130
vehicles,393,4,95,32,4,140,30,16,7,22,14,608,53,12,16,20,35,51,36,33,31
vein,11,0,0,0,0,2,0,0,0,0,2,0,0,0,0,0,0,0,0,0,0
velocities,55,15,30,17,33,39,57,35,27,26,18,28,22,12,58,55,35,22,58,55,37
velocity,323,48,159,153,89,273,154,100,156,109,131,230,157,169,205,262,196,243,409,433,248
vendor,1,1,2,0,6,3,11,0,2,8,3,2,1,0,5,4,1,7,9,0,5
venice,1,0,0,0,0,1,0,0,0,0,0,0,0,1,0,0,0,0,0,0,0
ventilation,0,0,0,0,0,0,0,0,0,0,2,0,0,0,0,0,0,0,0,0,0
ventral,0,0,0,0,0,0,0,0,0,0,0,0,0,1,0,1,0,0,0,0,0
ventricular,0,0,0,0,0,0,1,0,0,4,4,0,0,0,0,6,0,4,4,0,0
venture,1,0,0,3,0,0,0,0,0,0,0,0,0,0,0,0,0,0,0,1,0
verb,83,21,24,24,2,32,17,12,58,12,49,4,38,19,8,16,50,19,27,5,8
verbal,1,2,0,2,0,0,1,0,0,1,1,4,2,1,3,0,2,0,1,1,2
verdict,0,0,0,0,1,0,0,0,0,0,0,1,0,0,0,0,0,1,0,0,0
verification,27,29,49,39,17,18,6,15,29,48,17,31,29,64,13,15,29,32,18,52,46
verified,23,19,32,14,14,7,6,9,5,19,18,6,15,60,12,16,29,20,39,28,28
verify,242,96,174,146,85,205,151,350,108,106,2237,797,760,764,279,286,1606,711,1170,1302,1091
verse,2,0,2,4,2,9,2,0,2,7,7,0,0,1,1,6,0,6,6,1,0
verses,1,0,0,0,0,2,0,0,0,0,0,0,0,0,0,0,0,0,1,0,0
version,5168,3515,4633,6162,2629,5179,2583,5598,3486,2373,4223,5616,9638,5587,4464,5086,9963,11300,11299,9069,8727
versions,219,387,667,270,101,237,145,305,138,149,180,335,338,355,258,346,512,393,613,519,357
versus,23,6,3,27,6,7,8,12,6,10,20,14,9,5,11,19,27,18,28,42,37
vertical,207,49,73,71,145,79,77,118,89,86,99,121,109,96,147,90,115,75,89,125,114
very,516,323,418,382,272,515,193,430,285,312,279,374,525,370,361,448,576,583,803,623,571
vessel,3,1,0,1,0,0,0,1,1,3,4,4,14,3,7,20,0,38,0,0,1
vessels,0,1,1,0,1,0,0,0,1,0,3,0,6,0,1,1,0,0,0,0,2
veterans,0,0,0,0,0,0,0,0,4,0,0,0,0,3,0,0,0,0,0,0,0
veto,0,0,0,0,0,0,0,0,0,0,0,0,1,0,0,0,0,0,0,0,0
vi,30,2,10,6,8,9,14,8,18,6,10,9,8,11,194,14,22,23,9,44,27
via,441,217,348,273,212,315,244,346,211,281,243,321,389,304,303,424,471,477,696,594,506
viable,4,4,0,1,0,2,4,0,6,1,0,0,1,0,2,0,1,6,2,3,9
vibration,62,0,0,0,0,0,0,2,0,0,0,0,0,0,1,0,0,0,0,0,0
vice,35,31,47,31,21,52,25,40,33,34,32,47,47,27,36,13,37,23,38,29,26
vicinity,3,0,2,0,0,7,2,1,1,1,1,0,1,0,2,0,1,1,1,0,1
victim,1,5,11,1,0,16,8,3,12,16,3,6,22,1,1,4,19,30,2,27,0
victims,0,0,0,0,0,1,0,0,0,0,0,0,0,2,0,0,3,1,0,0,0
victor,1,0,0,0,0,0,0,1,0,0,2,1,0,2,0,1,0,0,0,0,1
victoria,25,19,0,0,0,0,0,0,0,0,0,0,0,0,0,1,0,2,0,0,0
victory,3,0,0,0,1,1,2,0,0,0,0,1,0,6,2,0,8,0,0,0,0
video,419,337,361,341,402,519,366,461,558,586,575,586,611,919,887,657,1135,778,850,826,1183
vienna,0,0,0,0,0,0,0,1,0,0,1,1,2,1,1,0,2,0,1,2,0
vietnamese,2,0,0,0,0,0,0,0,1,0,0,0,0,1,0,5,1,2,1,2,0
view,1071,775,547,905,744,1070,787,988,843,978,827,892,879,920,983,912,1116,1366,939,1222,601
viewed,15,7,15,10,11,7,7,4,6,6,2,12,6,5,9,7,1,6,2,4,4
viewing,11,12,6,3,12,34,11,11,8,15,12,2,4,23,6,22,4,12,11,13,2
viewpoint,37,21,4,24,21,25,1,15,5,7,32,5,19,23,7,2,3,12,3,7,5
views,68,56,35,105,33,76,24,103,37,75,114,40,63,66,74,104,88,65,107,57,73
vigor,0,0,0,0,0,0,0,0,0,2,0,2,0,0,0,0,0,0,0,11,0
vii,1,0,5,0,0,0,0,0,4,0,1,0,1,0,0,0,0,0,1,0,0
viii,0,0,1,0,0,0,0,0,0,0,0,0,0,0,0,0,0,1,4,3,0
village,0,1,2,0,0,0,0,1,0,0,0,0,0,1,0,0,0,0,1,0,0
vincent,2,17,17,4,0,2,0,1,0,0,1,0,0,0,0,0,0,0,0,182,0
violate,14,8,14,10,3,8,7,7,3,17,34,2,7,15,9,6,3,9,12,17,8
violated,27,3,8,2,4,15,5,1,2,28,0,2,6,6,7,4,4,7,7,4,4
violating,6,12,6,1,3,3,2,2,2,5,4,8,0,0,4,3,3,1,2,2,1
violation,42,14,15,3,1,8,11,12,3,59,14,19,7,8,25,17,6,6,4,43,12
violations,12,4,6,1,0,1,0,1,0,15,6,15,8,10,10,7,3,0,3,8,5
violence,2,0,0,0,0,0,0,0,0,0,0,0,0,0,0,0,0,1,0,0,0
violent,2,1,0,0,0,0,0,0,0,0,0,1,0,0,1,0,0,1,0,0,0
violet,8,0,0,0,0,7,0,0,2,2,0,0,2,0,2,1,16,8,13,7,45
viral,0,16,0,1,1,0,0,0,0,0,0,0,0,0,0,0,0,0,0,0,0
virgin,0,8,0,16,16,32,0,29,10,0,12,28,24,12,10,0,20,0,12,12,4
virginia,0,0,3,0,0,0,0,0,0,0,0,0,0,0,0,0,3,0,0,1,0
virtual,114,38,58,34,29,91,37,66,74,68,46,69,66,97,60,116,55,72,73,213,53
virtually,5,0,2,1,4,2,0,0,0,4,0,0,0,0,3,1,1,1,0,3,0
virtue,2,0,0,0,3,1,3,0,2,7,1,8,5,7,6,3,13,7,6,4,0
virus,1,7,0,7,2,0,0,0,0,0,0,0,0,1,0,1,6,1,2,1,0
viruses,0,1,0,0,0,0,0,0,0,1,0,0,0,0,0,0,0,0,0,0,0
vis,90,35,83,100,50,105,31,79,73,136,90,71,83,63,142,81,139,67,135,121,46
viscosity,6,0,5,0,2,3,9,0,0,0,0,2,3,0,4,1,1,1,6,30,0
visible,136,107,103,106,88,119,93,128,138,92,128,173,136,134,128,210,197,144,136,163,134
vision,163,60,66,165,79,130,89,144,150,150,124,200,306,324,217,381,631,562,434,488,413
visions,0,0,0,0,0,0,0,0,0,2,0,0,0,0,0,0,0,0,0,0,0
visit,187,195,46,141,149,23,79,70,18,103,23,79,114,206,231,173,70,413,126,62,162
visited,47,26,106,56,5,39,8,26,16,14,24,29,73,23,34,67,18,30,28,23,44
visiting,2,5,9,10,3,6,0,4,0,0,0,0,4,1,0,1,4,5,2,0,2
visitor,2,5,0,0,0,2,1,0,0,1,2,2,0,1,0,0,4,9,4,0,1
visitors,0,0,0,0,0,2,0,0,0,0,0,0,0,0,0,0,1,0,0,0,0
visits,5,23,0,45,0,1,14,3,0,2,1,5,0,39,3,14,8,34,12,15,3
visual,185,156,217,157,76,88,117,233,111,102,171,173,272,242,180,318,289,276,271,283,271
vital,3,0,1,1,1,0,0,0,1,0,0,0,3,0,0,0,6,1,0,1,0
vitamin,0,0,0,0,0,0,0,0,0,0,0,0,0,0,0,0,2,0,0,0,0
vitro,0,0,0,0,0,0,0,1,0,0,0,1,0,0,0,0,0,0,0,0,0
vivid,0,0,0,0,0,0,0,0,9,8,0,0,0,0,0,0,0,0,0,0,0
vivo,0,0,0,0,0,0,0,0,0,0,0,0,0,0,2,0,0,1,0,0,0
viz,19,15,14,14,4,8,8,21,4,36,6,41,20,26,14,8,20,81,22,35,11
vocabulary,372,252,130,422,164,546,262,443,290,248,231,342,458,289,109,124,322,221,256,247,143
vocal,0,0,0,1,0,0,0,4,0,0,0,0,0,0,3,0,0,0,0,0,0
voice,3,21,1,19,16,44,9,35,32,17,17,35,25,137,19,26,40,6,24,17,59
voices,0,1,0,0,0,0,0,0,0,0,0,0,0,44,1,0,9,4,5,2,14
void,104,27,70,55,58,123,28,50,45,59,65,122,62,134,152,120,66,106,132,51,49
vol,24,9,21,8,17,24,34,24,36,37,21,9,12,10,11,26,12,26,35,20,10
volatile,55,42,23,3,56,18,17,5,19,13,11,8,12,3,1,0,14,16,2,3,1
vols,0,0,0,4,0,5,9,5,13,5,13,5,1,0,5,8,0,6,5,4,0
voltage,30,16,19,2,3,1,14,12,35,12,2,10,1,0,12,2,16,6,1,3,2
volts,0,0,0,0,0,0,0,0,0,2,0,0,1,0,0,0,0,0,0,0,0
volume,232,124,79,130,63,211,160,154,216,108,108,110,244,96,85,155,102,131,184,206,155
volumes,37,31,21,71,20,36,40,26,37,99,46,24,20,19,8,24,10,14,18,19,21
voluntarily,0,0,0,0,0,1,1,1,0,0,2,1,1,0,1,0,0,0,0,1,0
voluntary,12,1,0,0,0,0,0,1,0,0,0,0,0,0,1,0,0,0,0,0,0
volunteer,0,0,0,0,0,0,0,0,5,0,0,0,0,0,0,0,0,0,0,0,0
volunteers,0,0,0,0,0,0,0,0,1,0,0,0,0,0,0,0,0,0,0,0,0
vomiting,0,0,0,0,0,0,0,0,0,0,0,0,0,0,0,0,0,0,3,0,0
von,7,2,1,1,2,2,2,0,1,2,0,0,7,1,2,1,1,9,20,3,3
vote,32,30,26,22,7,7,36,18,28,28,36,44,21,23,26,25,15,25,33,9,15
voted,1,0,1,0,0,2,1,1,2,1,1,0,1,4,0,1,7,2,1,0,1
voter,0,4,0,2,0,3,0,0,0,0,0,0,0,0,0,0,0,0,0,0,0
voters,0,0,0,0,0,1,0,0,0,0,0,0,0,0,0,0,0,0,0,0,0
votes,25,32,26,26,1,14,45,40,18,46,31,73,20,25,20,27,14,27,28,11,14
voting,40,37,30,22,12,28,19,18,31,34,14,19,14,21,22,7,22,16,21,6,9
voyage,0,0,0,0,0,1,0,0,0,0,0,0,0,0,0,0,0,0,1,0,0
vs,321,527,544,265,173,215,153,222,232,173,14241,5106,320,201,254,257,313,231,252,301,225
vulnerable,0,1,0,1,1,0,0,0,13,1,0,1,3,1,0,1,0,2,1,1,1
w,4076,2776,3064,3101,2715,4440,2714,4048,4422,5191,7557,5123,5537,5601,7177,6240,7650,9090,7287,6362,4917
wa,6,11,1,10,4,1,2,2,10,25,3,0,4,3,4,9,3,18,6,45,11
wage,0,3,0,0,0,0,0,0,0,0,0,0,0,0,0,4,0,0,0,0,0
wagner,1,0,5,24,0,0,2,0,0,1,2,0,0,0,0,0,2,1,0,7,0
wagon,0,0,0,0,0,0,0,0,0,0,0,0,0,2,2,0,0,0,0,0,0
waist,1,0,0,0,0,0,0,0,0,0,0,0,0,1,2,0,0,0,0,1,0
wait,279,133,123,119,95,220,141,188,173,227,372,286,291,192,163,162,218,269,259,355,356
waited,2,4,1,3,0,2,2,0,2,5,0,2,2,0,1,0,0,0,1,3,1
waiting,37,49,26,20,15,16,15,27,43,20,26,42,37,18,20,17,32,44,37,52,61
waived,13,1,0,0,0,0,0,0,0,0,0,0,0,0,0,0,0,0,0,0,0
waiver,31,3,16,0,0,0,0,0,0,0,0,0,0,0,0,1,0,0,0,1,0
wake,12,8,3,6,1,0,0,7,3,4,1,1,1,0,0,0,2,5,8,5,0
wales,0,2,0,0,0,0,0,0,0,0,0,0,0,0,0,0,0,0,0,0,0
walk,206,54,66,24,46,24,24,64,33,16,44,31,33,61,35,64,58,61,107,48,56
walked,0,0,2,4,0,0,0,0,0,1,2,0,0,0,1,1,0,3,0,0,2
walker,26,7,38,9,2,91,14,39,2,7,4,1,1,1,16,32,10,14,1,9,1
walking,9,6,10,3,3,10,8,11,5,4,8,8,5,4,6,14,5,6,12,9,7
walks,14,22,16,4,6,6,7,7,3,12,5,12,0,14,5,10,11,0,8,2,10
wall,47,24,37,33,33,55,32,58,86,29,46,47,14,79,46,73,76,33,24,39,44
wallace,0,0,0,0,0,3,0,0,0,0,0,0,0,0,1,0,0,0,0,0,0
walls,6,13,16,13,13,60,12,29,61,7,10,10,3,33,12,21,12,4,3,3,12
walnut,0,0,0,1,0,1,0,0,0,0,0,3,0,0,0,0,0,0,0,0,0
walsh,0,0,0,0,0,0,1,0,0,2,0,1,1,1,0,0,0,0,0,1,5
walter,0,0,0,0,0,0,0,0,0,0,0,0,0,0,0,1,0,0,0,0,0
wang,146,40,116,68,120,114,99,89,108,152,102,116,126,235,135,160,182,142,152,164,65
want,2966,1297,1628,1679,984,1788,990,1599,1120,1077,1012,1547,1952,1396,1171,1289,2189,2021,2106,2022,2162
wanted,39,24,43,25,16,49,26,24,23,23,28,42,48,31,18,27,36,40,39,34,34
wanting,1,2,0,0,0,1,3,1,1,7,5,1,4,2,7,3,1,2,1,2,0
wants,52,37,60,36,20,47,10,28,8,32,12,25,28,13,24,35,35,37,66,44,31
war,12,1,1,1,0,0,0,0,1,1,1,0,0,0,1,0,3,0,12,5,6
ward,1,1,7,0,4,0,0,0,0,3,0,0,5,1,2,0,2,0,0,0,2
ware,0,0,0,1,0,0,0,0,0,0,0,1,0,1,0,0,2,0,0,0,0
warehouse,2,0,3,0,0,0,0,0,0,0,0,1,0,0,0,2,0,2,2,0,0
warm,92,80,85,66,75,86,93,92,98,142,104,116,105,96,133,71,157,159,95,163,207
warned,5,0,2,2,0,5,1,1,1,0,1,2,0,0,2,1,2,1,2,2,2
warner,2,0,3,0,0,2,1,2,0,0,0,0,1,0,0,0,0,0,0,0,0
warning,326,273,481,257,191,360,174,281,209,333,395,378,407,338,353,375,694,509,642,755,714
warrant,0,0,0,0,1,1,0,1,0,0,0,1,1,0,0,0,2,0,0,5,0
warranted,0,0,2,0,0,1,1,0,1,0,0,0,0,0,0,1,2,0,0,1,0
warrants,0,1,0,0,0,0,0,0,0,0,0,0,0,0,0,2,0,5,0,0,0
warranty,237,1040,928,483,155,236,286,398,132,118,126,620,747,305,233,279,259,603,126,529,231
warren,0,0,3,0,0,0,0,0,0,0,0,0,2,1,0,0,0,0,0,0,0
warrior,0,0,0,0,0,0,0,0,0,0,0,0,0,0,0,0,0,0,0,1,0
wars,0,0,1,0,0,0,0,0,0,0,0,0,0,0,0,0,0,0,0,0,0
was,1261,850,1377,1013,549,1102,601,921,558,627,616,896,1084,831,757,969,1403,1211,1473,1605,1405
wash,2,0,0,4,0,2,0,0,0,0,0,0,0,0,0,0,0,0,1,0,2
washed,0,0,0,0,0,0,0,0,0,2,0,0,0,0,0,1,1,0,0,0,0
washing,0,0,0,0,0,0,1,0,1,0,0,0,1,0,0,1,5,0,0,1,0
washington,1,0,2,2,0,2,4,0,3,0,1,3,1,0,1,0,0,0,3,3,2
waste,23,11,5,11,7,17,9,29,21,6,20,34,55,25,24,19,103,66,45,48,38
wasted,10,6,7,12,6,17,9,15,16,10,8,15,33,13,12,15,16,18,13,9,6
wastes,2,0,0,0,1,0,4,0,0,0,0,0,0,0,1,0,1,0,0,0,1
watch,27,16,6,12,5,6,4,26,14,15,4,7,9,25,13,17,29,25,32,18,24
watched,0,1,0,0,1,0,0,0,0,0,0,0,0,0,0,1,0,1,1,0,4
watching,2,0,0,0,2,0,0,1,0,0,1,0,1,3,0,1,8,0,0,0,8
water,41,9,13,17,9,114,8,16,30,2,30,14,20,10,22,31,40,20,19,91,36
waters,0,0,0,0,0,0,0,3,0,0,0,0,0,1,0,1,0,0,0,10,0
watershed,29,0,5,1,0,3,0,2,2,1,0,0,5,0,1,0,1,0,1,0,0
watson,9,0,0,0,0,0,2,0,2,0,0,0,0,0,0,1,1,0,1,1,0
watts,1,3,1,0,0,2,0,0,0,0,0,0,0,0,4,0,1,0,0,0,6
wave,75,49,20,22,3,43,36,27,3,11,12,36,23,84,59,57,77,32,83,122,29
wavelength,187,11,12,35,5,41,139,19,10,20,54,43,22,65,56,26,123,96,204,72,39
waves,10,1,0,9,0,31,6,3,5,1,2,4,4,2,0,1,7,1,13,7,0
wax,0,0,0,4,0,21,0,15,4,9,0,23,0,84,0,0,7,0,0,0,0
way,1484,694,737,612,416,892,518,1005,535,595,689,964,1413,717,582,773,937,1210,1464,995,861
wayne,0,0,0,5,0,0,0,1,0,0,0,1,1,1,0,2,2,0,0,0,0
ways,101,52,69,83,53,100,70,118,63,62,55,96,128,89,69,89,124,82,167,117,65
we,16509,12283,16674,15227,8792,17845,10080,16902,10721,10860,12872,17307,23080,16719,13291,16161,25196,25624,31276,28004,22973
weak,34,4,25,16,11,16,45,19,29,34,28,15,33,22,15,34,71,23,33,63,35
weakness,0,0,0,0,5,0,0,0,0,0,0,0,1,0,0,0,0,0,1,0,0
weaknesses,2,0,0,0,0,0,0,0,0,0,0,0,0,0,0,0,0,0,0,0,0
wealth,5,0,0,0,0,0,0,0,5,0,5,0,0,1,0,1,0,2,3,1,4
weapon,19,0,2,0,0,9,0,6,2,0,0,0,7,0,0,0,0,1,0,0,0
weapons,5,0,3,0,0,0,0,2,1,0,0,0,4,0,0,0,0,0,0,0,0
wear,4,0,0,0,0,0,0,2,0,0,0,0,2,0,2,0,1,0,4,0,0
wearing,2,10,1,10,5,0,2,9,0,6,11,5,1,1,5,0,4,8,10,2,3
weary,0,0,0,0,1,0,0,0,0,0,0,0,0,0,0,0,0,0,0,0,0
weather,7,5,6,2,2,11,8,14,5,21,3,2,4,6,12,3,4,14,8,32,11
web,98,61,126,51,25,12,29,43,17,8,14,32,22,29,30,42,34,68,37,41,30
weber,0,0,0,0,0,1,0,0,0,0,0,0,1,2,2,0,0,0,0,0,0
website,96,16,37,47,10,16,35,39,33,18,20,36,12,25,33,21,18,33,32,27,20
webster,0,0,0,0,0,0,0,0,0,0,0,0,0,1,1,0,0,1,0,0,0
wedding,0,0,0,0,0,0,0,0,0,0,0,0,0,0,1,0,0,0,0,0,0
wednesday,0,3,1,0,0,0,5,0,0,1,0,3,0,4,0,0,0,1,0,7,1
weed,3,2,0,0,2,0,1,0,0,0,0,2,1,1,0,0,0,0,1,1,0
weeds,0,0,0,2,0,0,0,0,0,0,0,0,0,0,0,0,2,0,0,1,0
week,15,1,12,4,0,15,1,4,11,8,1,19,3,1,6,3,3,9,10,16,19
weekend,8,1,3,3,0,1,0,2,3,0,0,0,1,0,0,2,1,0,0,2,0
weekly,0,2,0,0,0,0,0,0,1,0,2,0,0,2,0,0,1,0,0,3,3
weeks,8,2,1,4,0,11,1,1,6,4,0,2,4,0,0,1,0,2,0,5,1
weigh,9,8,8,3,2,7,4,5,7,2,6,5,1,11,7,8,30,21,18,16,10
weighed,1,0,10,0,1,1,2,0,2,1,2,0,0,0,1,4,2,0,1,3,0
weighing,4,1,4,2,0,5,2,2,1,1,3,1,1,2,1,2,2,0,3,1,1
weight,2093,1542,1570,1852,1498,2231,1608,2083,1990,3331,1983,2129,2604,2294,2156,1965,2841,3418,3415,3074,2385
weighted,216,228,230,190,149,291,200,239,276,315,335,310,320,314,243,242,339,324,312,288,242
weights,2674,1627,1815,2401,1754,3608,1667,3306,2185,2553,3443,3396,6214,4129,2750,3371,6665,6915,6242,5429,5151
welcome,10,9,3,7,5,11,12,11,16,9,14,12,15,11,5,3,9,7,11,6,2
welcomed,0,0,4,3,3,4,7,2,7,6,7,8,1,3,2,3,3,6,2,1,2
welfare,0,0,0,0,0,0,5,5,0,0,0,0,0,1,0,0,0,0,0,0,0
well,623,478,606,503,289,539,313,439,355,305,336,431,496,368,378,400,516,490,615,513,631
wells,0,1,0,0,0,0,0,1,0,0,0,0,0,0,0,0,0,0,1,0,0
went,54,31,24,38,23,35,40,26,14,11,13,18,21,21,18,20,14,14,14,29,24
were,412,252,373,366,187,397,232,306,198,187,240,323,365,273,254,431,458,451,654,633,428
wesley,0,0,1,0,0,0,0,0,0,0,2,1,0,0,0,0,0,0,0,0,0
west,18,26,7,13,11,17,8,17,12,4,11,34,62,9,54,29,7,6,12,8,11
western,5,9,15,30,31,47,26,31,37,27,38,56,23,20,16,10,23,27,23,14,10
wet,6,0,1,0,0,1,4,1,2,1,0,0,0,0,7,1,0,0,0,4,0
what,807,564,939,589,423,693,396,490,375,381,482,578,596,525,602,591,843,792,825,850,646
whatever,79,78,140,77,41,77,45,76,39,33,43,59,69,54,55,68,66,67,100,39,43
whatsoever,54,22,39,19,1,5,19,20,1,7,5,6,12,0,5,0,1,0,2,15,2
wheat,0,0,0,0,0,0,0,6,1,0,0,0,1,0,0,1,2,0,4,2,2
wheel,33,122,278,68,7,9,8,45,4,15,11,34,7,12,15,83,33,31,62,45,49
wheeler,0,0,0,0,0,0,0,0,0,0,0,0,0,0,0,0,3,5,0,0,1
wheels,7,58,145,30,1,0,0,21,3,0,2,17,2,1,6,31,9,7,22,11,12
when,3256,2323,3281,3123,2162,4234,2762,3859,3116,3187,3551,4692,4938,4451,3659,3770,5868,6040,6567,6779,5638
whence,0,0,1,0,0,0,0,0,0,0,0,0,0,0,0,0,0,0,0,0,0
whenever,72,41,42,52,20,34,28,57,27,24,22,41,37,21,25,21,23,39,37,31,14
where,2033,1131,1411,1431,796,1755,974,1448,1075,1089,1097,1316,1513,1256,1307,1416,1785,1804,1860,2121,1755
whereas,70,31,49,37,21,41,47,29,31,27,31,39,44,30,22,30,56,50,58,51,38
whereby,0,0,2,2,0,2,0,0,0,0,0,0,0,0,0,0,1,0,0,0,0
wherein,6,0,1,1,0,9,0,3,0,0,2,0,0,0,0,2,6,2,1,5,3
wherever,13,3,4,2,1,3,1,4,2,0,4,7,6,2,8,2,13,5,20,20,16
whether,1738,873,1059,983,542,1071,804,975,945,887,823,1387,1304,984,1131,996,1164,2383,1244,1852,1586
which,3694,2582,3358,3112,1930,3685,2191,3378,2289,2587,2656,3466,4374,3293,2474,3201,4540,5478,5151,4827,4103
whichever,3,2,3,1,1,10,8,6,7,13,2,5,8,1,3,8,4,9,5,14,6
while,503,334,473,464,391,654,426,513,377,522,544,577,482,522,447,516,631,681,667,792,649
whilst,4,0,4,0,1,4,0,1,1,0,2,1,2,3,6,4,7,5,4,10,10
white,188,138,101,99,92,99,63,85,110,90,150,134,138,81,104,171,202,131,212,184,145
whites,0,0,0,1,0,0,1,0,0,0,3,0,0,0,0,0,0,0,0,2,0
whitney,0,1,0,0,0,1,0,0,0,0,0,2,0,1,0,0,1,0,0,1,1
who,119,59,80,36,17,57,28,73,17,31,19,34,113,115,58,89,40,46,50,40,48
whoever,6,0,4,6,2,2,2,0,0,5,6,0,0,0,4,3,2,8,4,0,2
whole,322,256,280,334,216,331,231,458,328,358,367,428,521,556,360,412,485,520,498,421,432
wholesale,0,0,0,0,0,0,1,0,0,0,0,0,0,0,0,0,0,2,0,0,0
whom,64,249,137,84,50,144,28,60,73,31,54,361,298,41,116,98,99,90,61,390,167
whose,93,118,212,83,89,99,58,136,93,144,113,166,133,159,115,126,165,221,118,135,310
why,177,202,219,216,138,236,96,182,126,177,175,202,199,177,187,179,277,295,351,292,249
wi,11,52,42,84,42,119,70,124,107,95,131,91,138,126,158,139,159,17,56,21,3
wide,69,42,68,58,28,45,45,51,29,44,57,31,27,41,26,27,22,53,51,34,45
widely,6,1,2,0,1,0,0,3,1,2,0,0,0,0,1,5,10,5,3,7,2
wider,6,6,2,6,3,2,9,1,3,6,1,2,6,2,7,7,6,8,5,4,5
widespread,0,0,0,0,0,2,0,0,0,0,0,0,0,0,0,0,0,0,0,0,0
widow,0,0,0,0,0,0,0,0,0,0,0,1,0,0,0,0,0,0,0,0,0
width,1390,816,776,869,734,834,753,911,791,1069,1168,1119,1286,1523,1340,1586,2625,2158,2226,2152,2025
wife,0,0,0,0,0,2,0,0,0,0,0,1,0,0,0,12,0,0,0,0,0
wild,11,2,9,6,0,5,0,5,5,20,2,2,4,5,0,11,9,9,8,10,6
wilderness,13,0,0,0,0,0,0,0,0,0,0,0,0,0,0,0,0,0,0,0,0
wildlife,0,0,0,0,0,0,0,0,0,2,0,0,0,3,0,0,0,0,0,0,0
wiley,0,0,0,0,0,1,0,0,1,0,0,0,0,1,0,3,1,0,0,0,1
will,5339,3912,4440,4396,2902,5321,3386,4894,3392,4038,4176,5301,6586,5082,5010,4447,7352,7154,8064,8047,6863
william,0,4,0,1,1,4,0,1,0,2,1,0,0,1,4,7,13,8,60,20,9
williams,0,0,3,0,0,8,1,0,1,0,0,0,1,1,0,1,0,0,1,0,4
willing,2,4,9,2,1,1,0,1,0,0,8,1,1,0,1,2,0,0,8,0,3
willingness,0,0,0,0,0,0,0,0,0,0,0,0,0,0,0,2,0,0,0,0,0
wilson,0,0,1,1,0,3,1,0,0,0,1,2,1,0,157,1,0,0,0,0,0
win,31,2,39,42,12,28,6,17,13,10,29,27,34,13,39,27,15,22,21,51,7
wind,25,1,10,12,0,6,11,5,0,2,7,10,2,8,69,14,10,0,5,17,1
winding,1,0,1,0,0,0,0,1,2,0,0,0,0,2,16,0,1,0,0,1,0
window,674,291,558,330,332,472,290,655,409,595,512,527,646,577,650,638,1066,893,758,803,679
windows,402,375,673,255,109,187,113,278,185,399,334,337,316,312,365,439,485,494,490,457,304
winds,2,4,7,2,0,1,0,1,0,0,2,1,0,2,4,1,4,0,23,1,0
wine,0,1,4,2,2,1,0,1,8,0,0,2,1,0,0,5,9,0,35,3,1
wing,0,0,0,8,0,1,0,4,0,4,1,0,1,0,1,0,2,5,3,0,0
wings,0,0,0,0,0,0,0,0,1,1,0,0,1,0,1,2,1,2,1,2,3
winner,4,11,0,5,1,0,47,17,0,1,1,1,4,7,17,0,2,5,25,3,14
winning,0,1,10,0,2,0,3,7,6,20,0,0,1,0,0,5,2,0,0,2,1
winston,0,0,0,0,0,0,0,0,1,0,0,0,0,0,0,0,0,0,0,0,0
winter,2,7,0,0,1,4,0,0,0,0,0,1,0,0,0,0,8,0,6,0,0
wire,12,0,0,1,1,2,0,0,1,1,0,1,0,2,7,5,8,16,36,59,242
wireless,1,2,3,0,0,0,1,9,2,2,0,0,1,1,0,0,0,0,0,1,2
wires,0,0,0,1,1,0,1,0,6,6,0,0,11,5,20,42,7,51,31,133,332
wisconsin,0,0,0,0,0,0,0,0,0,0,1,1,4,1,0,4,6,5,3,7,7
wisdom,3,0,4,3,0,1,0,0,0,0,1,0,1,0,0,0,1,0,0,1,0
wise,347,294,261,262,250,357,302,362,427,528,498,441,469,469,496,376,489,612,454,467,317
wish,16,16,18,16,21,18,7,13,22,13,7,9,16,14,16,13,21,15,19,31,15
wished,0,0,0,2,2,4,0,3,3,0,2,4,5,2,0,1,3,4,3,1,1
wishes,0,0,0,0,0,0,0,1,0,0,2,0,0,0,0,0,1,1,3,1,3
wit,9,0,2,0,1,1,0,0,2,1,1,9,0,0,0,0,0,0,0,1,0
with,19409,11406,14326,16139,9940,18726,11094,18687,13332,12607,17683,20004,27442,20296,16378,17825,31619,33148,32282,29869,27815
withdraw,5,0,0,0,0,0,1,0,0,0,0,0,0,1,0,1,0,2,1,1,5
withdrawal,0,0,0,0,0,0,0,0,0,0,0,0,1,0,0,0,0,0,0,0,0
withdrawn,2,0,0,0,0,2,0,0,0,0,0,2,0,0,0,1,0,0,0,0,0
withheld,0,1,0,0,0,0,0,0,0,0,0,1,0,0,0,0,0,0,1,0,0
within,587,347,553,569,345,510,339,426,335,382,410,529,499,508,453,511,650,722,753,733,673
without,6705,3723,3562,6100,2586,5285,2620,5509,3504,2459,3917,5903,9613,5705,4653,4807,10043,11058,10934,9710,9056
witness,0,0,6,2,0,0,0,0,0,0,0,0,0,0,0,0,2,1,0,0,0
witnessed,0,0,0,0,0,1,0,0,0,0,0,0,0,0,0,0,0,0,0,0,0
witnesses,0,0,5,0,0,0,0,0,0,0,0,0,0,0,0,0,0,0,0,0,0
wm,16,6,0,69,0,7,2,66,5,1,63,1,3,3,1,7,3,0,0,4,1
wolf,13,5,1,6,1,2,0,0,1,1,2,6,4,2,0,2,1,3,0,1,7
woman,6,0,1,5,0,0,3,8,7,27,28,5,0,6,7,7,7,3,4,2,1
women,3,6,2,1,0,0,0,1,1,4,4,0,1,9,1,0,2,2,0,0,1
won,183,173,269,190,99,199,93,256,118,170,159,194,281,269,197,280,335,386,388,421,298
wonder,5,2,2,3,4,8,4,15,7,7,6,11,13,5,6,3,12,2,7,4,2
wonderful,1,0,1,0,0,1,0,0,0,0,0,0,0,0,1,1,1,2,0,0,0
wondering,2,0,2,0,0,0,0,0,0,2,0,2,0,0,1,2,0,2,2,4,2
wood,1,0,2,1,3,14,8,4,0,1,5,19,3,1,1,1,2,0,0,3,2
wooden,1,1,0,0,0,0,0,2,0,0,0,0,0,0,0,0,5,0,0,0,0
woods,1,0,1,0,0,0,0,1,0,0,1,6,0,0,0,3,0,0,1,4,0
word,995,1022,820,1268,621,1511,764,1257,642,837,789,949,1504,822,698,843,1273,904,823,806,541
words,938,530,509,728,331,987,428,658,361,450,550,558,749,469,420,695,774,495,488,442,323
wore,0,0,0,0,0,0,0,0,0,0,1,1,2,1,1,0,2,0,1,2,1
work,1693,1068,1173,630,614,963,593,831,464,714,607,961,1116,1071,1084,1024,1728,2956,1663,1545,1166
worked,20,19,53,15,8,46,11,13,6,13,8,25,18,14,10,9,15,16,18,25,18
worker,154,213,92,241,133,182,161,198,213,271,164,195,229,158,198,262,269,264,248,340,277
workers,175,208,120,283,118,286,181,219,265,270,190,263,234,261,1811,294,214,315,235,285,262
working,318,142,179,85,36,117,86,328,114,76,55,178,156,115,111,157,157,144,276,225,250
workplace,0,0,0,0,0,0,0,0,0,0,0,0,1,1,0,1,0,0,0,0,1
works,527,353,629,310,218,484,275,392,229,283,315,409,466,422,507,405,645,532,674,878,722
workshop,2,1,1,3,0,2,2,3,0,2,2,3,6,4,1,2,10,19,13,10,4
workshops,0,0,0,0,0,0,0,0,2,0,2,0,0,0,0,0,0,1,0,0,0
world,201,158,167,100,244,340,154,176,172,167,164,263,178,153,229,441,224,297,230,368,220
worlds,0,10,0,0,1,2,5,0,1,0,1,1,3,1,0,0,2,0,7,1,18
worldwide,12,2,0,0,0,1,2,0,0,3,1,1,8,6,10,4,4,6,2,5,7
worm,0,4,6,2,0,0,0,2,0,0,0,5,0,0,0,1,1,0,0,0,0
worn,14,0,5,0,0,1,0,3,0,0,0,0,0,0,0,0,0,0,0,2,0
worried,2,12,12,4,0,2,0,1,4,1,0,2,0,0,0,6,3,0,2,3,2
worry,34,20,20,13,16,14,14,13,7,19,9,11,16,10,13,17,14,18,26,25,11
worse,25,25,21,19,20,25,24,24,21,19,25,14,30,25,23,18,21,33,25,33,18
worst,33,24,26,26,19,34,46,21,28,27,30,29,40,27,22,100,38,40,26,41,36
worth,32,14,28,25,17,28,11,27,13,15,16,28,40,15,25,29,74,51,61,35,31
worthy,0,2,0,0,0,0,0,0,0,0,1,1,2,0,2,1,0,2,0,1,0
would,637,518,793,521,413,883,337,573,381,483,497,616,663,551,557,752,921,933,1045,1043,847
wound,0,0,2,0,0,0,0,0,0,0,0,1,0,4,0,1,0,0,1,0,0
wounds,0,0,0,0,0,0,0,0,0,0,0,0,0,0,0,0,0,1,0,0,0
woven,0,0,0,0,0,0,0,0,0,0,0,0,0,0,14,0,1,0,0,0,0
wrapped,68,67,116,66,38,61,41,60,74,104,80,110,96,113,90,159,124,117,97,132,120
wright,25,1,7,0,0,2,0,0,0,0,0,0,3,0,0,0,0,2,0,0,0
wrist,18,4,1,26,0,5,13,16,14,0,14,18,2,13,47,15,22,15,13,26,6
writ,0,0,0,0,0,0,1,2,0,0,0,0,0,0,0,0,0,0,0,0,0
write,1543,1330,1636,1027,622,1127,686,1057,742,959,810,895,952,940,959,867,1113,1750,1023,1289,1212
writer,264,219,140,171,189,142,135,147,258,170,204,199,136,309,244,235,214,385,182,145,131
writers,20,12,22,17,11,17,27,21,35,16,9,15,11,10,14,13,13,10,9,17,11
writes,32,16,58,39,11,30,13,28,27,15,17,39,24,25,23,28,30,38,42,41,32
writing,3788,1522,1315,4536,1834,3821,1572,3807,2543,1235,2977,3411,6940,3929,3127,3106,7879,8909,8877,6710,7113
written,1453,391,452,583,198,304,387,408,415,297,262,259,180,206,273,347,370,230,332,258,231
wrong,325,220,329,249,157,281,156,231,188,275,201,253,265,254,308,312,318,383,296,433,399
wrote,6,7,22,9,3,14,9,2,5,10,11,3,3,4,16,7,10,17,7,6,7
x,18667,10922,12076,14009,9728,17358,12921,18340,16056,17475,14573,18947,22378,17620,15504,16986,21103,19583,19067,19194,15217
xi,308,24,106,27,13,44,52,50,43,60,43,43,153,39,105,54,81,134,101,50,266
xii,2,0,0,0,0,0,0,0,0,0,0,0,0,0,0,0,0,0,0,0,0
xiii,0,0,0,0,0,0,0,0,0,1,0,0,0,0,0,0,0,0,0,0,0
xv,5,0,0,1,4,0,0,6,1,0,7,4,4,18,3,1,22,12,5,5,9
xx,160,80,90,73,50,98,79,92,70,121,124,101,200,81,144,76,157,155,154,120,118
y,3702,1918,2430,1955,2104,2598,2291,2644,2526,2283,2650,2741,2939,2744,2994,3257,2856,3450,3166,3040,3405
yale,1,0,11,0,0,0,1,0,2,4,0,2,0,2,0,0,0,1,0,0,0
yard,0,2,0,0,0,0,0,0,0,0,0,0,1,3,0,1,8,0,0,0,5
yards,0,0,0,0,0,0,0,0,0,0,0,0,0,0,0,0,0,0,2,0,0
ye,3,6,0,1,13,40,1,0,6,3,0,3,9,2,4,18,12,13,27,9,0
yeah,2,7,12,5,3,2,3,4,1,2,4,4,0,0,4,3,5,17,2,1,4
year,131,28,19,55,20,79,34,46,84,34,27,97,45,72,39,146,56,65,61,32,55
yearly,0,0,0,1,0,1,0,1,0,0,0,0,0,0,0,8,1,1,2,3,0
years,36,28,20,35,21,52,9,31,17,9,25,40,41,14,22,17,25,11,19,14,5
yeas,0,0,0,0,0,0,0,0,0,1,0,0,0,0,0,0,0,0,0,0,0
yeast,0,0,5,0,0,1,0,0,0,0,7,0,0,0,0,0,0,3,0,0,0
yellow,41,14,16,40,18,34,23,29,25,28,15,25,17,29,57,38,34,45,49,51,21
yellowish,0,0,0,0,0,0,0,2,3,3,0,0,1,0,0,1,0,0,0,1,0
yes,98,176,85,52,62,71,50,79,30,88,3512,1081,106,71,67,141,168,202,146,134,176
yesterday,1,0,1,0,0,0,1,1,1,0,0,0,0,0,0,2,0,0,1,0,0
yet,354,254,297,308,218,382,249,378,286,273,358,410,482,412,231,354,575,482,618,568,432
yield,161,88,154,82,47,95,64,96,84,97,85,146,132,118,115,140,248,151,202,149,174
yielded,6,10,21,4,4,5,1,6,4,3,1,5,4,2,6,9,1,5,4,2,3
yielding,10,6,10,5,4,4,2,6,2,1,8,6,6,2,6,13,12,9,5,8,5
yields,55,31,39,19,20,42,32,26,74,25,19,38,108,27,30,23,48,30,78,45,47
york,3,0,2,0,1,5,9,3,0,1,0,5,1,3,2,0,5,3,0,1,2
you,11394,5541,4551,10924,4587,10148,4515,9648,6242,4046,7066,8666,16610,10098,8150,8356,18249,21851,20122,15445,16085
young,5,22,5,43,33,65,4,50,21,4,44,54,35,21,22,9,29,11,33,22,12
younger,0,0,0,0,0,0,0,1,0,0,2,0,0,0,4,3,1,0,1,0,0
youngest,0,0,0,0,0,0,0,0,0,0,0,0,0,0,4,0,1,2,1,0,5
your,1132,656,669,615,405,941,526,914,422,610,631,828,1275,1026,827,934,1336,1506,1508,1257,999
yours,4,0,1,0,0,2,0,0,0,2,1,1,0,0,3,0,0,2,4,3,0
yourself,30,13,3,9,9,12,5,7,12,13,11,12,2,19,18,14,25,38,22,19,9
youth,0,0,0,0,0,0,0,0,0,0,0,1,0,0,0,0,0,0,0,0,0
yr,29,0,3,5,0,20,3,14,16,7,42,6,5,7,6,4,1,7,6,6,7
z,2022,873,1333,1106,1068,1441,929,1144,965,1192,1323,1548,1162,1277,1401,1691,1300,1754,1727,1750,1097
zealand,0,0,0,0,0,0,0,1,0,0,0,0,0,0,0,1,0,0,0,0,0
zero,1532,988,1393,1280,790,1494,903,1198,1055,1131,1059,1325,1537,1323,1438,1322,1701,1691,1897,2242,1817
zinc,12,3,3,0,0,3,0,1,5,6,1,0,0,0,8,7,7,4,3,0,1
zone,50,8,10,3,8,10,6,10,2,4,12,11,6,12,51,19,56,14,27,35,28
zones,14,0,4,0,0,2,6,3,12,1,0,1,3,3,30,2,10,3,5,4,3
