problem,pass_num,h1,h2,N1,N2,vocabulary,length,calculated_length,volume,difficulty,effort,time_sec,bugs,cyclomatic,sloc,lloc,comment_rate,mi_std,mi_custom
586C,pass@1,3.0,10.0,8.0,16.0,13.0,24.0,37.97,88.81,2.4,213.15,11.84,0.0296,0.0,24.0,25.0,12.5,74.34,75.42
586C,pass@9,3.0,10.0,8.0,16.0,13.0,24.0,37.97,88.81,2.4,213.15,11.84,0.0296,0.0,24.0,25.0,12.5,74.34,75.42
586C,pass@11,3.0,11.0,7.0,14.0,14.0,21.0,42.81,79.95,1.91,152.64,8.48,0.0267,0.0,23.0,24.0,17.39,77.86,78.81
586C,pass@16,5.0,14.0,13.0,26.0,19.0,39.0,64.91,165.67,4.64,769.18,42.73,0.0552,0.0,29.0,30.0,17.24,73.33,74.41
586C,pass@13,3.0,10.0,10.0,20.0,13.0,30.0,37.97,111.01,3.0,333.04,18.5,0.037,0.0,25.0,26.0,16.0,75.29,76.37
586C,pass@7,4.0,9.0,8.0,16.0,13.0,24.0,36.53,88.81,3.56,315.77,17.54,0.0296,0.0,27.0,27.0,11.11,72.68,73.76
586C,pass@2,3.0,10.0,8.0,16.0,13.0,24.0,37.97,88.81,2.4,213.15,11.84,0.0296,0.0,25.0,26.0,24.0,79.25,80.33
586C,pass@3,3.0,10.0,9.0,18.0,13.0,27.0,37.97,99.91,2.7,269.76,14.99,0.0333,0.0,26.0,27.0,19.23,76.76,77.84
586C,pass@12,3.0,11.0,9.0,18.0,14.0,27.0,42.81,102.8,2.45,252.32,14.02,0.0343,0.0,28.0,29.0,25.0,77.96,79.17
586C,pass@14,4.0,10.0,9.0,18.0,14.0,27.0,41.22,102.8,3.6,370.07,20.56,0.0343,0.0,32.0,32.0,9.38,69.2,70.41
586C,pass@6,4.0,9.0,8.0,16.0,13.0,24.0,36.53,88.81,3.56,315.77,17.54,0.0296,0.0,28.0,28.0,14.29,74.34,75.42
586C,pass@10,4.0,9.0,8.0,16.0,13.0,24.0,36.53,88.81,3.56,315.77,17.54,0.0296,0.0,27.0,27.0,14.81,74.98,76.06
586C,pass@4,4.0,12.0,9.0,18.0,16.0,27.0,51.02,108.0,3.0,324.0,18.0,0.036,0.0,39.0,39.0,23.08,74.38,75.59
586C,pass@21,3.0,10.0,8.0,16.0,13.0,24.0,37.97,88.81,2.4,213.15,11.84,0.0296,0.0,24.0,25.0,12.5,74.34,75.42
586C,pass@15,5.0,9.0,12.0,24.0,14.0,36.0,40.14,137.06,6.67,913.77,50.76,0.0457,0.0,61.0,61.0,16.39,65.69,67.84
586C,pass@23,5.0,15.0,13.0,26.0,20.0,39.0,70.21,168.56,4.33,730.41,40.58,0.0562,0.0,27.0,28.0,11.11,70.39,71.47
586C,pass@8,3.0,16.0,16.0,32.0,19.0,48.0,68.75,203.9,3.0,611.7,33.98,0.068,0.0,52.0,52.0,23.08,68.64,70.93
586C,pass@26,3.0,10.0,9.0,18.0,13.0,27.0,37.97,99.91,2.7,269.76,14.99,0.0333,0.0,26.0,27.0,15.38,74.93,76.01
586C,pass@17,5.0,13.0,13.0,26.0,18.0,39.0,59.72,162.63,5.0,813.14,45.17,0.0542,0.0,33.0,33.0,9.09,67.42,68.49
586C,pass@28,3.0,10.0,8.0,16.0,13.0,24.0,37.97,88.81,2.4,213.15,11.84,0.0296,0.0,24.0,25.0,16.67,76.67,77.75
586C,pass@5,7.0,15.0,13.0,26.0,22.0,39.0,78.25,173.92,6.07,1055.1,58.62,0.058,0.0,48.0,48.0,35.42,73.48,75.23
586C,pass@20,4.0,8.0,8.0,16.0,12.0,24.0,32.0,86.04,4.0,344.16,19.12,0.0287,0.0,31.0,31.0,12.9,72.65,73.73
586C,pass@25,4.0,9.0,8.0,16.0,13.0,24.0,36.53,88.81,3.56,315.77,17.54,0.0296,0.0,29.0,29.0,13.79,73.73,74.8
586C,pass@19,4.0,10.0,9.0,18.0,14.0,27.0,41.22,102.8,3.6,370.07,20.56,0.0343,0.0,32.0,32.0,12.5,71.42,72.63
586C,pass@24,4.0,9.0,8.0,16.0,13.0,24.0,36.53,88.81,3.56,315.77,17.54,0.0296,0.0,29.0,29.0,13.79,73.73,74.8
586C,pass@27,4.0,10.0,10.0,19.0,14.0,29.0,41.22,110.41,3.8,419.57,23.31,0.0368,0.0,25.0,26.0,24.0,78.59,79.67
586C,pass@22,5.0,12.0,12.0,23.0,17.0,35.0,54.63,143.06,4.79,685.5,38.08,0.0477,0.0,40.0,40.0,27.5,74.36,75.84
586C,pass@18,5.0,17.0,16.0,32.0,22.0,48.0,81.1,214.05,4.71,1007.31,55.96,0.0714,0.0,62.0,62.0,19.35,64.87,67.7
586C,pass@30,6.0,11.0,10.0,20.0,17.0,30.0,53.56,122.62,5.45,668.86,37.16,0.0409,0.0,38.0,39.0,15.79,70.9,72.11
586C,pass@31,4.0,8.0,8.0,16.0,12.0,24.0,32.0,86.04,4.0,344.16,19.12,0.0287,0.0,32.0,32.0,12.5,72.1,73.18
586C,pass@29,4.0,15.0,16.0,32.0,19.0,48.0,66.6,203.9,4.27,869.98,48.33,0.068,0.0,54.0,54.0,11.11,62.25,64.67
586C,pass@32,4.0,14.0,15.0,30.0,18.0,45.0,61.3,187.65,4.29,804.2,44.68,0.0625,0.0,48.0,49.0,14.58,66.66,68.01
590B,pass@1,6.0,34.0,25.0,50.0,40.0,75.0,188.48,399.14,4.41,1760.93,97.83,0.133,0.0,23.0,23.0,0.0,51.54,52.08
590B,pass@4,4.0,29.0,21.0,42.0,33.0,63.0,148.88,317.8,2.9,920.51,51.14,0.1059,0.0,23.0,23.0,0.0,52.24,52.78
590B,pass@5,6.0,34.0,25.0,50.0,40.0,75.0,188.48,399.14,4.41,1760.93,97.83,0.133,0.0,23.0,23.0,0.0,51.54,52.08
590B,pass@2,6.0,34.0,26.0,52.0,40.0,78.0,188.48,415.11,4.59,1904.62,105.81,0.1384,4.0,25.0,25.0,0.0,50.63,50.63
590B,pass@11,5.0,29.0,21.0,42.0,34.0,63.0,152.49,320.51,3.62,1160.47,64.47,0.1068,0.0,23.0,23.0,4.35,64.46,64.99
590B,pass@6,6.0,34.0,25.0,50.0,40.0,75.0,188.48,399.14,4.41,1760.93,97.83,0.133,0.0,23.0,23.0,0.0,51.54,52.08
590B,pass@16,6.0,35.0,27.0,54.0,41.0,81.0,195.03,433.96,4.63,2008.62,111.59,0.1447,0.0,23.0,23.0,0.0,51.29,51.83
590B,pass@13,6.0,34.0,25.0,50.0,40.0,75.0,188.48,399.14,4.41,1760.93,97.83,0.133,0.0,23.0,23.0,0.0,51.54,52.08
590B,pass@7,6.0,34.0,25.0,50.0,40.0,75.0,188.48,399.14,4.41,1760.93,97.83,0.133,0.0,23.0,23.0,0.0,51.54,52.08
590B,pass@8,6.0,34.0,25.0,50.0,40.0,75.0,188.48,399.14,4.41,1760.93,97.83,0.133,0.0,23.0,23.0,0.0,51.54,52.08
590B,pass@15,5.0,29.0,21.0,42.0,34.0,63.0,152.49,320.51,3.62,1160.47,64.47,0.1068,0.0,23.0,23.0,0.0,52.21,52.75
590B,pass@10,6.0,36.0,26.0,52.0,42.0,78.0,201.63,420.6,4.33,1822.6,101.26,0.1402,4.0,26.0,26.0,3.85,61.78,61.78
590B,pass@12,6.0,34.0,25.0,50.0,40.0,75.0,188.48,399.14,4.41,1760.93,97.83,0.133,0.0,23.0,23.0,0.0,51.54,52.08
590B,pass@14,6.0,37.0,26.0,52.0,43.0,78.0,208.26,423.25,4.22,1784.51,99.14,0.1411,2.0,26.0,26.0,3.85,61.76,62.03
590B,pass@9,5.0,29.0,21.0,42.0,34.0,63.0,152.49,320.51,3.62,1160.47,64.47,0.1068,0.0,23.0,23.0,0.0,52.21,52.75
590B,pass@3,6.0,32.0,21.0,42.0,38.0,63.0,175.51,330.62,3.94,1301.81,72.32,0.1102,3.0,38.0,38.0,23.68,72.23,72.23
590B,pass@17,5.0,29.0,21.0,42.0,34.0,63.0,152.49,320.51,3.62,1160.47,64.47,0.1068,0.0,23.0,23.0,0.0,52.21,52.75
590B,pass@19,6.0,34.0,25.0,50.0,40.0,75.0,188.48,399.14,4.41,1760.93,97.83,0.133,0.0,23.0,23.0,0.0,51.54,52.08
590B,pass@26,6.0,34.0,25.0,50.0,40.0,75.0,188.48,399.14,4.41,1760.93,97.83,0.133,0.0,23.0,23.0,0.0,51.54,52.08
590B,pass@22,6.0,35.0,25.0,50.0,41.0,75.0,195.03,401.82,4.29,1722.07,95.67,0.1339,2.0,25.0,25.0,0.0,50.73,51.0
590B,pass@21,6.0,36.0,26.0,52.0,42.0,78.0,201.63,420.6,4.33,1822.6,101.26,0.1402,0.0,24.0,24.0,0.0,50.98,51.52
590B,pass@25,5.0,27.0,15.0,30.0,32.0,45.0,139.99,225.0,2.78,625.0,34.72,0.075,0.0,24.0,24.0,0.0,53.02,53.42
590B,pass@18,5.0,37.0,27.0,54.0,42.0,81.0,204.36,436.78,3.65,1593.65,88.54,0.1456,4.0,26.0,26.0,0.0,50.11,50.11
590B,pass@27,6.0,34.0,25.0,50.0,40.0,75.0,188.48,399.14,4.41,1760.93,97.83,0.133,0.0,23.0,23.0,0.0,51.54,52.08
590B,pass@20,6.0,35.0,25.0,50.0,41.0,75.0,195.03,401.82,4.29,1722.07,95.67,0.1339,2.0,25.0,25.0,0.0,50.73,51.0
590B,pass@24,6.0,34.0,25.0,50.0,40.0,75.0,188.48,399.14,4.41,1760.93,97.83,0.133,0.0,23.0,23.0,0.0,51.54,52.08
590B,pass@23,6.0,34.0,25.0,50.0,40.0,75.0,188.48,399.14,4.41,1760.93,97.83,0.133,0.0,23.0,23.0,0.0,51.54,52.08
590B,pass@28,5.0,29.0,21.0,42.0,34.0,63.0,152.49,320.51,3.62,1160.47,64.47,0.1068,0.0,25.0,25.0,0.0,51.42,51.96
590B,pass@29,5.0,29.0,21.0,42.0,34.0,63.0,152.49,320.51,3.62,1160.47,64.47,0.1068,0.0,23.0,23.0,0.0,52.21,52.75
590B,pass@31,5.0,29.0,21.0,42.0,34.0,63.0,152.49,320.51,3.62,1160.47,64.47,0.1068,0.0,23.0,23.0,0.0,52.21,52.75
590B,pass@30,6.0,34.0,25.0,50.0,40.0,75.0,188.48,399.14,4.41,1760.93,97.83,0.133,0.0,23.0,23.0,0.0,51.54,52.08
590B,pass@32,6.0,36.0,26.0,52.0,42.0,78.0,201.63,420.6,4.33,1822.6,101.26,0.1402,0.0,24.0,24.0,0.0,50.98,51.52
595B,pass@15,6.0,30.0,23.0,46.0,36.0,69.0,162.72,356.72,4.6,1640.93,91.16,0.1189,2.0,21.0,21.0,23.81,77.79,77.79
595B,pass@2,8.0,32.0,30.0,60.0,40.0,90.0,184.0,478.97,7.5,3592.3,199.57,0.1597,5.0,29.0,29.0,6.9,63.8,63.8
595B,pass@10,8.0,29.0,25.0,50.0,37.0,75.0,164.88,390.71,6.9,2694.54,149.7,0.1302,4.0,27.0,27.0,11.11,68.72,68.72
595B,pass@12,6.0,29.0,21.0,42.0,35.0,63.0,156.39,323.14,4.34,1404.01,78.0,0.1077,2.0,21.0,21.0,28.57,79.48,79.48
595B,pass@3,9.0,30.0,26.0,51.0,39.0,77.0,175.74,406.98,7.65,3113.37,172.96,0.1357,5.0,29.0,29.0,10.34,67.23,67.23
595B,pass@8,8.0,31.0,26.0,52.0,39.0,78.0,177.58,412.26,6.71,2766.14,153.67,0.1374,4.0,28.0,28.0,14.29,70.21,70.21
595B,pass@5,9.0,34.0,31.0,62.0,43.0,93.0,201.5,504.64,8.21,4141.04,230.06,0.1682,5.0,30.0,30.0,10.0,66.0,66.0
595B,pass@1,8.0,30.0,27.0,54.0,38.0,81.0,171.21,425.08,7.2,3060.59,170.03,0.1417,5.0,30.0,30.0,20.0,72.08,72.08
595B,pass@16,8.0,34.0,30.0,60.0,42.0,90.0,196.97,485.31,7.06,3425.71,190.32,0.1618,4.0,28.0,28.0,14.29,69.72,69.72
595B,pass@6,9.0,33.0,31.0,62.0,42.0,93.0,194.99,501.49,8.45,4239.83,235.55,0.1672,5.0,30.0,30.0,16.67,70.09,70.09
595B,pass@9,9.0,31.0,26.0,52.0,40.0,78.0,182.11,415.11,7.55,3133.41,174.08,0.1384,5.0,27.0,27.0,14.81,70.7,70.7
595B,pass@11,7.0,30.0,22.0,44.0,37.0,66.0,166.86,343.82,5.13,1764.96,98.05,0.1146,3.0,25.0,25.0,28.0,77.35,77.35
595B,pass@4,11.0,30.0,28.0,55.0,41.0,83.0,185.26,444.68,10.08,4483.82,249.1,0.1482,6.0,34.0,34.0,26.47,72.84,72.84
595B,pass@14,8.0,35.0,31.0,62.0,43.0,93.0,203.52,504.64,7.09,3575.75,198.65,0.1682,5.0,31.0,31.0,22.58,72.23,72.23
595B,pass@7,9.0,31.0,26.0,52.0,40.0,78.0,182.11,415.11,7.55,3133.41,174.08,0.1384,5.0,26.0,26.0,46.15,78.98,78.98
595B,pass@18,6.0,29.0,23.0,46.0,35.0,69.0,156.39,353.92,4.76,1684.17,93.57,0.118,2.0,22.0,22.0,13.64,72.85,72.85
595B,pass@22,8.0,35.0,27.0,54.0,43.0,81.0,203.52,439.53,6.17,2712.51,150.7,0.1465,5.0,33.0,33.0,6.06,61.97,61.97
595B,pass@21,9.0,30.0,26.0,51.0,39.0,77.0,175.74,406.98,7.65,3113.37,172.96,0.1357,5.0,29.0,29.0,10.34,67.23,67.23
595B,pass@20,8.0,31.0,26.0,52.0,39.0,78.0,177.58,412.26,6.71,2766.14,153.67,0.1374,4.0,28.0,28.0,14.29,70.21,70.21
595B,pass@23,8.0,30.0,24.0,48.0,38.0,72.0,171.21,377.85,6.4,2418.24,134.35,0.126,4.0,27.0,27.0,14.81,71.12,71.12
595B,pass@26,8.0,32.0,25.0,50.0,40.0,75.0,184.0,399.14,6.25,2494.65,138.59,0.133,4.0,29.0,29.0,13.79,69.69,69.69
595B,pass@25,7.0,30.0,23.0,46.0,37.0,69.0,166.86,359.45,5.37,1929.06,107.17,0.1198,3.0,24.0,24.0,20.83,75.31,75.31
595B,pass@19,8.0,35.0,32.0,64.0,43.0,96.0,203.52,520.92,7.31,3810.17,211.68,0.1736,5.0,32.0,32.0,15.62,68.83,68.83
595B,pass@13,8.0,38.0,35.0,70.0,46.0,105.0,223.42,579.97,7.37,4273.49,237.42,0.1933,5.0,30.0,30.0,90.0,74.74,74.74
595B,pass@27,8.0,30.0,28.0,56.0,38.0,84.0,171.21,440.83,7.47,3291.5,182.86,0.1469,5.0,31.0,31.0,19.35,71.39,71.39
595B,pass@24,9.0,32.0,27.0,54.0,41.0,81.0,188.53,433.96,7.59,3295.4,183.08,0.1447,5.0,27.0,27.0,37.04,77.48,77.48
595B,pass@30,8.0,32.0,26.0,52.0,40.0,78.0,184.0,415.11,6.5,2698.22,149.9,0.1384,4.0,29.0,29.0,13.79,69.57,69.57
595B,pass@28,8.0,32.0,28.0,56.0,40.0,84.0,184.0,447.04,7.0,3129.29,173.85,0.149,5.0,30.0,30.0,20.0,71.93,71.93
595B,pass@29,7.0,31.0,27.0,54.0,38.0,81.0,173.23,425.08,6.1,2591.63,143.98,0.1417,5.0,25.0,25.0,16.0,71.98,71.98
595B,pass@17,9.0,30.0,26.0,52.0,39.0,78.0,175.74,412.26,7.8,3215.64,178.65,0.1374,5.0,31.0,31.0,38.71,76.57,76.57
595B,pass@32,8.0,31.0,26.0,52.0,39.0,78.0,177.58,412.26,6.71,2766.14,153.67,0.1374,4.0,28.0,28.0,14.29,70.21,70.21
595B,pass@31,7.0,29.0,22.0,44.0,36.0,66.0,160.53,341.22,5.31,1811.97,100.66,0.1137,3.0,25.0,25.0,64.0,80.5,80.5
604D,pass@1,8.0,12.0,11.0,22.0,20.0,33.0,67.02,142.62,7.33,1045.91,58.11,0.0475,4.0,17.0,17.0,5.88,71.62,71.62
604D,pass@3,9.0,20.0,15.0,28.0,29.0,43.0,114.97,208.89,6.3,1316.03,73.11,0.0696,7.0,22.0,22.0,0.0,53.53,53.53
604D,pass@7,7.0,17.0,13.0,24.0,24.0,37.0,89.14,169.64,4.94,838.24,46.57,0.0565,6.0,22.0,22.0,0.0,54.3,54.3
604D,pass@16,7.0,17.0,13.0,24.0,24.0,37.0,89.14,169.64,4.94,838.24,46.57,0.0565,6.0,22.0,22.0,0.0,54.3,54.3
604D,pass@4,9.0,20.0,15.0,28.0,29.0,43.0,114.97,208.89,6.3,1316.03,73.11,0.0696,7.0,22.0,22.0,0.0,53.53,53.53
604D,pass@12,7.0,17.0,13.0,24.0,24.0,37.0,89.14,169.64,4.94,838.24,46.57,0.0565,6.0,22.0,22.0,0.0,54.3,54.3
604D,pass@14,9.0,20.0,15.0,28.0,29.0,43.0,114.97,208.89,6.3,1316.03,73.11,0.0696,7.0,22.0,22.0,0.0,53.53,53.53
604D,pass@2,7.0,17.0,13.0,24.0,24.0,37.0,89.14,169.64,4.94,838.24,46.57,0.0565,6.0,22.0,22.0,0.0,54.3,54.3
604D,pass@10,7.0,17.0,13.0,24.0,24.0,37.0,89.14,169.64,4.94,838.24,46.57,0.0565,6.0,22.0,22.0,0.0,54.3,54.3
604D,pass@11,7.0,17.0,13.0,24.0,24.0,37.0,89.14,169.64,4.94,838.24,46.57,0.0565,6.0,22.0,22.0,4.55,66.8,66.8
604D,pass@13,7.0,17.0,13.0,24.0,24.0,37.0,89.14,169.64,4.94,838.24,46.57,0.0565,6.0,22.0,22.0,0.0,54.3,54.3
604D,pass@6,7.0,17.0,13.0,24.0,24.0,37.0,89.14,169.64,4.94,838.24,46.57,0.0565,6.0,22.0,22.0,0.0,54.3,54.3
604D,pass@8,7.0,17.0,13.0,24.0,24.0,37.0,89.14,169.64,4.94,838.24,46.57,0.0565,6.0,22.0,22.0,4.55,66.8,66.8
604D,pass@15,7.0,17.0,14.0,26.0,24.0,40.0,89.14,183.4,5.35,981.72,54.54,0.0611,6.0,22.0,22.0,4.55,66.56,66.56
604D,pass@5,9.0,20.0,15.0,28.0,29.0,43.0,114.97,208.89,6.3,1316.03,73.11,0.0696,7.0,22.0,22.0,0.0,53.53,53.53
604D,pass@9,7.0,17.0,13.0,24.0,24.0,37.0,89.14,169.64,4.94,838.24,46.57,0.0565,6.0,22.0,22.0,4.55,66.8,66.8
604D,pass@17,7.0,17.0,13.0,24.0,24.0,37.0,89.14,169.64,4.94,838.24,46.57,0.0565,6.0,22.0,22.0,0.0,54.3,54.3
604D,pass@19,7.0,17.0,13.0,24.0,24.0,37.0,89.14,169.64,4.94,838.24,46.57,0.0565,6.0,22.0,22.0,0.0,54.3,54.3
604D,pass@20,9.0,20.0,15.0,28.0,29.0,43.0,114.97,208.89,6.3,1316.03,73.11,0.0696,7.0,22.0,22.0,0.0,53.53,53.53
604D,pass@21,7.0,17.0,13.0,24.0,24.0,37.0,89.14,169.64,4.94,838.24,46.57,0.0565,6.0,22.0,22.0,0.0,54.3,54.3
604D,pass@31,7.0,17.0,13.0,24.0,24.0,37.0,89.14,169.64,4.94,838.24,46.57,0.0565,6.0,22.0,22.0,0.0,54.3,54.3
604D,pass@22,7.0,17.0,13.0,24.0,24.0,37.0,89.14,169.64,4.94,838.24,46.57,0.0565,6.0,22.0,22.0,0.0,54.3,54.3
604D,pass@28,7.0,17.0,13.0,24.0,24.0,37.0,89.14,169.64,4.94,838.24,46.57,0.0565,6.0,22.0,22.0,0.0,54.3,54.3
604D,pass@24,7.0,17.0,13.0,24.0,24.0,37.0,89.14,169.64,4.94,838.24,46.57,0.0565,6.0,22.0,22.0,0.0,54.3,54.3
604D,pass@23,7.0,17.0,13.0,24.0,24.0,37.0,89.14,169.64,4.94,838.24,46.57,0.0565,6.0,22.0,22.0,4.55,66.8,66.8
604D,pass@32,9.0,20.0,15.0,28.0,29.0,43.0,114.97,208.89,6.3,1316.03,73.11,0.0696,7.0,22.0,22.0,0.0,53.53,53.53
604D,pass@18,7.0,16.0,13.0,24.0,23.0,37.0,83.65,167.37,5.25,878.7,48.82,0.0558,6.0,20.0,20.0,5.0,68.31,68.31
604D,pass@29,7.0,17.0,13.0,24.0,24.0,37.0,89.14,169.64,4.94,838.24,46.57,0.0565,6.0,22.0,22.0,0.0,54.3,54.3
604D,pass@30,7.0,17.0,13.0,24.0,24.0,37.0,89.14,169.64,4.94,838.24,46.57,0.0565,6.0,22.0,22.0,0.0,54.3,54.3
604D,pass@25,7.0,17.0,13.0,24.0,24.0,37.0,89.14,169.64,4.94,838.24,46.57,0.0565,6.0,22.0,22.0,4.55,66.8,66.8
604D,pass@27,9.0,20.0,15.0,28.0,29.0,43.0,114.97,208.89,6.3,1316.03,73.11,0.0696,7.0,22.0,22.0,0.0,53.53,53.53
604D,pass@26,7.0,17.0,13.0,24.0,24.0,37.0,89.14,169.64,4.94,838.24,46.57,0.0565,6.0,22.0,22.0,0.0,54.3,54.3
610D,pass@7,7.0,26.0,23.0,45.0,33.0,68.0,141.86,343.02,6.06,2077.9,115.44,0.1143,21.0,67.0,67.0,5.97,53.77,53.77
610D,pass@12,9.0,28.0,23.0,42.0,37.0,65.0,163.14,338.61,6.75,2285.65,126.98,0.1129,21.0,64.0,64.0,10.94,58.57,58.57
610D,pass@6,9.0,38.0,38.0,78.0,47.0,116.0,227.95,644.33,9.24,5951.6,330.64,0.2148,28.0,86.0,86.0,3.49,45.4,45.4
610D,pass@2,9.0,38.0,31.0,64.0,47.0,95.0,227.95,527.69,7.58,3999.3,222.18,0.1759,24.0,77.0,77.0,7.79,52.54,52.54
610D,pass@8,8.0,33.0,29.0,58.0,41.0,87.0,190.47,466.11,7.03,3276.87,182.05,0.1554,21.0,80.0,80.0,5.0,50.04,50.04
610D,pass@10,10.0,36.0,39.0,71.0,46.0,110.0,219.34,607.59,9.86,5991.53,332.86,0.2025,29.0,102.0,102.0,11.76,51.87,51.87
610D,pass@5,10.0,49.0,41.0,73.0,59.0,114.0,308.34,670.62,7.45,4995.44,277.52,0.2235,23.0,97.0,98.0,19.59,56.89,56.89
610D,pass@1,8.0,28.0,23.0,44.0,36.0,67.0,158.61,346.38,6.29,2177.28,120.96,0.1155,21.0,68.0,68.0,36.76,67.23,67.23
610D,pass@14,8.0,36.0,26.0,46.0,44.0,72.0,210.12,393.08,5.11,2009.07,111.62,0.131,25.0,94.0,94.0,27.66,61.35,61.35
610D,pass@9,8.0,30.0,24.0,46.0,38.0,70.0,171.21,367.35,6.13,2253.11,125.17,0.1225,23.0,74.0,74.0,44.59,66.9,66.9
610D,pass@16,11.0,35.0,33.0,58.0,46.0,91.0,217.58,502.64,9.11,4581.24,254.51,0.1675,26.0,89.0,90.0,38.2,62.98,62.98
610D,pass@11,10.0,31.0,29.0,58.0,41.0,87.0,186.8,466.11,9.35,4360.36,242.24,0.1554,23.0,90.0,90.0,45.56,64.4,64.4
610D,pass@3,11.0,61.0,49.0,93.0,72.0,142.0,399.83,876.13,8.39,7346.56,408.14,0.292,32.0,129.0,130.0,20.93,52.73,52.73
610D,pass@15,10.0,33.0,30.0,54.0,43.0,84.0,199.68,455.81,8.18,3729.32,207.18,0.1519,32.0,91.0,91.0,46.15,63.2,63.2
610D,pass@25,7.0,18.0,20.0,33.0,25.0,53.0,94.71,246.12,6.42,1579.3,87.74,0.082,20.0,77.0,77.0,16.88,61.41,61.41
610D,pass@4,6.0,26.0,23.0,37.0,32.0,60.0,137.72,300.0,4.27,1280.77,71.15,0.1,30.0,96.0,98.0,66.67,64.07,64.21
610D,pass@26,8.0,27.0,24.0,45.0,35.0,69.0,152.38,353.92,6.67,2359.47,131.08,0.118,23.0,78.0,78.0,7.69,53.68,53.68
610D,pass@22,7.0,25.0,23.0,45.0,32.0,68.0,135.75,340.0,6.3,2142.0,119.0,0.1133,21.0,72.0,72.0,31.94,65.87,65.87
610D,pass@17,9.0,31.0,28.0,50.0,40.0,78.0,182.11,415.11,7.26,3012.9,167.38,0.1384,27.0,78.0,78.0,41.03,65.14,65.14
610D,pass@27,10.0,29.0,27.0,53.0,39.0,80.0,174.1,422.83,9.14,3863.81,214.66,0.1409,23.0,71.0,71.0,5.63,51.94,51.94
610D,pass@20,9.0,32.0,32.0,59.0,41.0,91.0,188.53,487.54,8.3,4045.04,224.72,0.1625,26.0,90.0,90.0,38.89,63.16,63.16
610D,pass@21,12.0,56.0,48.0,92.0,68.0,140.0,368.23,852.24,9.86,8400.7,466.71,0.2841,30.0,114.0,115.0,31.58,57.35,57.35
610D,pass@29,8.0,35.0,29.0,58.0,43.0,87.0,203.52,472.09,6.63,3129.25,173.85,0.1574,21.0,80.0,80.0,7.5,52.65,52.65
610D,pass@24,9.0,37.0,36.0,69.0,46.0,105.0,221.28,579.97,8.39,4867.08,270.39,0.1933,24.0,77.0,78.0,29.87,62.62,62.62
610D,pass@18,10.0,31.0,28.0,51.0,41.0,79.0,186.8,423.25,8.23,3481.54,193.42,0.1411,24.0,79.0,79.0,67.09,65.99,65.99
610D,pass@31,8.0,29.0,29.0,57.0,37.0,86.0,164.88,448.01,7.86,3522.31,195.68,0.1493,23.0,78.0,78.0,7.69,52.96,52.96
610D,pass@32,9.0,39.0,33.0,64.0,48.0,97.0,234.66,541.74,7.38,4000.55,222.25,0.1806,22.0,77.0,77.0,5.19,50.05,50.05
610D,pass@30,9.0,26.0,28.0,48.0,35.0,76.0,150.74,389.83,8.31,3238.55,179.92,0.1299,22.0,66.0,66.0,46.97,68.12,68.12
610D,pass@23,7.0,23.0,21.0,34.0,30.0,55.0,123.69,269.88,5.17,1396.33,77.57,0.09,30.0,88.0,88.0,53.41,65.72,65.72
610D,pass@19,12.0,59.0,51.0,99.0,71.0,150.0,390.1,922.46,10.07,9287.16,515.95,0.3075,37.0,135.0,137.0,42.96,56.23,56.23
610D,pass@28,11.0,70.0,62.0,114.0,81.0,176.0,467.1,1115.81,8.96,9994.5,555.25,0.3719,32.0,131.0,132.0,29.77,54.55,54.55
610D,pass@13,10.0,61.0,53.0,98.0,71.0,151.0,394.99,928.61,8.03,7459.34,414.41,0.3095,38.0,114.0,114.0,95.61,55.5,55.5
614A,pass@1,7.0,7.0,7.0,12.0,14.0,19.0,39.3,72.34,6.0,434.04,24.11,0.0241,0.0,14.0,14.0,0.0,61.31,61.98
614A,pass@2,7.0,7.0,7.0,12.0,14.0,19.0,39.3,72.34,6.0,434.04,24.11,0.0241,0.0,14.0,14.0,0.0,61.31,61.98
614A,pass@13,7.0,7.0,7.0,12.0,14.0,19.0,39.3,72.34,6.0,434.04,24.11,0.0241,0.0,12.0,12.0,0.0,62.77,63.44
614A,pass@5,7.0,7.0,7.0,12.0,14.0,19.0,39.3,72.34,6.0,434.04,24.11,0.0241,0.0,12.0,12.0,0.0,62.77,63.44
614A,pass@3,7.0,7.0,7.0,12.0,14.0,19.0,39.3,72.34,6.0,434.04,24.11,0.0241,0.0,14.0,14.0,0.0,61.31,61.98
614A,pass@14,7.0,7.0,7.0,12.0,14.0,19.0,39.3,72.34,6.0,434.04,24.11,0.0241,0.0,14.0,14.0,0.0,61.31,61.98
614A,pass@4,7.0,7.0,7.0,12.0,14.0,19.0,39.3,72.34,6.0,434.04,24.11,0.0241,0.0,14.0,14.0,0.0,61.31,61.98
614A,pass@10,7.0,7.0,7.0,12.0,14.0,19.0,39.3,72.34,6.0,434.04,24.11,0.0241,0.0,14.0,14.0,0.0,61.31,61.98
614A,pass@9,7.0,7.0,7.0,12.0,14.0,19.0,39.3,72.34,6.0,434.04,24.11,0.0241,0.0,14.0,14.0,0.0,61.31,61.98
614A,pass@8,7.0,7.0,7.0,12.0,14.0,19.0,39.3,72.34,6.0,434.04,24.11,0.0241,0.0,12.0,12.0,0.0,62.77,63.44
614A,pass@12,7.0,7.0,7.0,12.0,14.0,19.0,39.3,72.34,6.0,434.04,24.11,0.0241,0.0,14.0,14.0,0.0,61.31,61.98
614A,pass@6,7.0,7.0,7.0,12.0,14.0,19.0,39.3,72.34,6.0,434.04,24.11,0.0241,0.0,14.0,14.0,0.0,61.31,61.98
614A,pass@7,6.0,6.0,6.0,11.0,12.0,17.0,31.02,60.94,5.5,335.19,18.62,0.0203,0.0,15.0,15.0,0.0,61.17,61.85
614A,pass@11,7.0,7.0,7.0,12.0,14.0,19.0,39.3,72.34,6.0,434.04,24.11,0.0241,0.0,14.0,14.0,0.0,61.31,61.98
614A,pass@16,7.0,7.0,7.0,12.0,14.0,19.0,39.3,72.34,6.0,434.04,24.11,0.0241,0.0,14.0,14.0,0.0,61.31,61.98
614A,pass@15,7.0,7.0,7.0,12.0,14.0,19.0,39.3,72.34,6.0,434.04,24.11,0.0241,0.0,12.0,12.0,0.0,62.77,63.44
614A,pass@18,7.0,7.0,7.0,12.0,14.0,19.0,39.3,72.34,6.0,434.04,24.11,0.0241,0.0,12.0,12.0,0.0,62.77,63.44
614A,pass@17,7.0,7.0,7.0,12.0,14.0,19.0,39.3,72.34,6.0,434.04,24.11,0.0241,0.0,14.0,14.0,0.0,61.31,61.98
614A,pass@23,7.0,7.0,7.0,12.0,14.0,19.0,39.3,72.34,6.0,434.04,24.11,0.0241,0.0,14.0,14.0,0.0,61.31,61.98
614A,pass@21,7.0,7.0,7.0,12.0,14.0,19.0,39.3,72.34,6.0,434.04,24.11,0.0241,0.0,14.0,14.0,0.0,61.31,61.98
614A,pass@20,7.0,7.0,7.0,12.0,14.0,19.0,39.3,72.34,6.0,434.04,24.11,0.0241,0.0,12.0,12.0,0.0,62.77,63.44
614A,pass@22,6.0,6.0,6.0,11.0,12.0,17.0,31.02,60.94,5.5,335.19,18.62,0.0203,0.0,15.0,15.0,0.0,61.17,61.85
614A,pass@19,7.0,7.0,7.0,12.0,14.0,19.0,39.3,72.34,6.0,434.04,24.11,0.0241,0.0,14.0,14.0,0.0,61.31,61.98
614A,pass@24,7.0,7.0,7.0,12.0,14.0,19.0,39.3,72.34,6.0,434.04,24.11,0.0241,0.0,12.0,12.0,0.0,62.77,63.44
614A,pass@30,7.0,7.0,7.0,12.0,14.0,19.0,39.3,72.34,6.0,434.04,24.11,0.0241,0.0,12.0,12.0,0.0,62.77,63.44
614A,pass@28,7.0,7.0,7.0,12.0,14.0,19.0,39.3,72.34,6.0,434.04,24.11,0.0241,0.0,14.0,14.0,0.0,61.31,61.98
614A,pass@26,7.0,7.0,7.0,12.0,14.0,19.0,39.3,72.34,6.0,434.04,24.11,0.0241,0.0,12.0,12.0,0.0,62.77,63.44
614A,pass@27,7.0,7.0,7.0,12.0,14.0,19.0,39.3,72.34,6.0,434.04,24.11,0.0241,0.0,14.0,14.0,0.0,61.31,61.98
614A,pass@31,7.0,7.0,7.0,12.0,14.0,19.0,39.3,72.34,6.0,434.04,24.11,0.0241,0.0,12.0,12.0,0.0,62.77,63.44
614A,pass@32,7.0,7.0,7.0,12.0,14.0,19.0,39.3,72.34,6.0,434.04,24.11,0.0241,0.0,12.0,12.0,0.0,62.77,63.44
614A,pass@25,7.0,7.0,7.0,12.0,14.0,19.0,39.3,72.34,6.0,434.04,24.11,0.0241,0.0,12.0,12.0,0.0,62.77,63.44
614A,pass@29,7.0,7.0,7.0,12.0,14.0,19.0,39.3,72.34,6.0,434.04,24.11,0.0241,0.0,12.0,12.0,0.0,62.77,63.44
614B,pass@6,5.0,13.0,8.0,16.0,18.0,24.0,59.72,100.08,3.08,307.93,17.11,0.0334,0.0,14.0,14.0,0.0,60.05,60.99
614B,pass@4,6.0,11.0,7.0,14.0,17.0,21.0,53.56,85.84,3.82,327.74,18.21,0.0286,0.0,21.0,21.0,0.0,56.81,57.62
614B,pass@16,5.0,13.0,8.0,16.0,18.0,24.0,59.72,100.08,3.08,307.93,17.11,0.0334,0.0,14.0,14.0,0.0,60.05,60.99
614B,pass@9,8.0,16.0,11.0,22.0,24.0,33.0,88.0,151.3,5.5,832.17,46.23,0.0504,0.0,17.0,17.0,0.0,56.82,57.9
614B,pass@8,5.0,11.0,7.0,14.0,16.0,21.0,49.66,84.0,3.18,267.27,14.85,0.028,0.0,26.0,26.0,0.0,54.58,55.66
614B,pass@12,5.0,11.0,7.0,14.0,16.0,21.0,49.66,84.0,3.18,267.27,14.85,0.028,0.0,22.0,22.0,0.0,56.17,57.24
614B,pass@5,5.0,11.0,7.0,14.0,16.0,21.0,49.66,84.0,3.18,267.27,14.85,0.028,0.0,26.0,26.0,0.0,54.58,55.66
614B,pass@1,5.0,13.0,8.0,16.0,18.0,24.0,59.72,100.08,3.08,307.93,17.11,0.0334,0.0,14.0,14.0,0.0,60.05,60.99
614B,pass@3,5.0,13.0,8.0,16.0,18.0,24.0,59.72,100.08,3.08,307.93,17.11,0.0334,0.0,14.0,14.0,0.0,60.05,60.99
614B,pass@14,8.0,17.0,13.0,26.0,25.0,39.0,93.49,181.11,6.12,1107.97,61.55,0.0604,0.0,20.0,20.0,0.0,54.6,55.81
614B,pass@13,5.0,13.0,9.0,18.0,18.0,27.0,59.72,112.59,3.46,389.73,21.65,0.0375,0.0,16.0,16.0,0.0,58.29,59.37
614B,pass@11,8.0,16.0,11.0,22.0,24.0,33.0,88.0,151.3,5.5,832.17,46.23,0.0504,0.0,18.0,18.0,0.0,56.28,57.35
614B,pass@15,7.0,13.0,10.0,20.0,20.0,30.0,67.76,129.66,5.38,698.16,38.79,0.0432,0.0,21.0,21.0,0.0,55.42,56.36
614B,pass@2,7.0,15.0,11.0,22.0,22.0,33.0,78.25,147.16,5.13,755.43,41.97,0.0491,0.0,17.0,17.0,0.0,56.9,57.98
614B,pass@7,7.0,19.0,15.0,30.0,26.0,45.0,100.36,211.52,5.53,1168.93,64.94,0.0705,0.0,28.0,28.0,3.57,61.7,63.31
614B,pass@10,8.0,16.0,11.0,22.0,24.0,33.0,88.0,151.3,5.5,832.17,46.23,0.0504,0.0,17.0,17.0,0.0,56.82,57.9
614B,pass@17,7.0,13.0,10.0,20.0,20.0,30.0,67.76,129.66,5.38,698.16,38.79,0.0432,0.0,22.0,22.0,0.0,54.98,55.92
614B,pass@25,5.0,13.0,8.0,16.0,18.0,24.0,59.72,100.08,3.08,307.93,17.11,0.0334,0.0,14.0,14.0,0.0,60.05,60.99
614B,pass@24,7.0,15.0,10.0,20.0,22.0,30.0,78.25,133.78,4.67,624.32,34.68,0.0446,0.0,17.0,17.0,0.0,57.19,58.27
614B,pass@18,6.0,15.0,11.0,22.0,21.0,33.0,74.11,144.95,4.4,637.76,35.43,0.0483,0.0,25.0,25.0,0.0,53.43,54.37
614B,pass@19,7.0,15.0,12.0,24.0,22.0,36.0,78.25,160.54,5.6,899.02,49.95,0.0535,0.0,20.0,20.0,0.0,54.97,56.18
614B,pass@23,5.0,13.0,9.0,18.0,18.0,27.0,59.72,112.59,3.46,389.73,21.65,0.0375,0.0,16.0,16.0,0.0,58.29,59.37
614B,pass@21,6.0,13.0,11.0,22.0,19.0,33.0,63.62,140.18,5.08,711.69,39.54,0.0467,0.0,22.0,22.0,0.0,54.47,55.69
614B,pass@31,6.0,11.0,7.0,14.0,17.0,21.0,53.56,85.84,3.82,327.74,18.21,0.0286,0.0,21.0,21.0,0.0,56.81,57.62
614B,pass@27,6.0,11.0,7.0,14.0,17.0,21.0,53.56,85.84,3.82,327.74,18.21,0.0286,0.0,21.0,21.0,0.0,56.81,57.62
614B,pass@20,8.0,17.0,13.0,26.0,25.0,39.0,93.49,181.11,6.12,1107.97,61.55,0.0604,0.0,17.0,17.0,0.0,56.14,57.35
614B,pass@28,7.0,15.0,12.0,24.0,22.0,36.0,78.25,160.54,5.6,899.02,49.95,0.0535,0.0,19.0,19.0,0.0,55.45,56.66
614B,pass@29,7.0,13.0,11.0,22.0,20.0,33.0,67.76,142.62,5.92,844.77,46.93,0.0475,0.0,22.0,22.0,0.0,54.56,55.63
614B,pass@22,5.0,11.0,7.0,14.0,16.0,21.0,49.66,84.0,3.18,267.27,14.85,0.028,0.0,26.0,26.0,0.0,54.58,55.66
614B,pass@26,7.0,15.0,12.0,24.0,22.0,36.0,78.25,160.54,5.6,899.02,49.95,0.0535,0.0,19.0,19.0,0.0,55.45,56.66
614B,pass@30,6.0,13.0,10.0,20.0,19.0,30.0,63.62,127.44,4.62,588.17,32.68,0.0425,0.0,25.0,25.0,4.0,65.46,66.54
614B,pass@32,7.0,15.0,12.0,24.0,22.0,36.0,78.25,160.54,5.6,899.02,49.95,0.0535,0.0,19.0,19.0,0.0,55.45,56.66
615A,pass@5,1.0,2.0,1.0,2.0,3.0,3.0,2.0,4.75,0.5,2.38,0.13,0.0016,0.0,11.0,12.0,0.0,71.31,71.72
615A,pass@2,1.0,2.0,1.0,2.0,3.0,3.0,2.0,4.75,0.5,2.38,0.13,0.0016,0.0,11.0,12.0,0.0,71.31,71.72
615A,pass@4,1.0,2.0,1.0,2.0,3.0,3.0,2.0,4.75,0.5,2.38,0.13,0.0016,0.0,12.0,13.0,0.0,70.42,70.96
615A,pass@6,2.0,4.0,2.0,4.0,6.0,6.0,10.0,15.51,1.0,15.51,0.86,0.0052,0.0,10.0,11.0,0.0,68.54,68.95
615A,pass@14,1.0,2.0,1.0,2.0,3.0,3.0,2.0,4.75,0.5,2.38,0.13,0.0016,0.0,10.0,11.0,0.0,72.14,72.54
615A,pass@16,1.0,2.0,1.0,2.0,3.0,3.0,2.0,4.75,0.5,2.38,0.13,0.0016,0.0,10.0,11.0,0.0,72.14,72.54
615A,pass@13,1.0,2.0,1.0,2.0,3.0,3.0,2.0,4.75,0.5,2.38,0.13,0.0016,0.0,11.0,12.0,0.0,71.31,71.72
615A,pass@10,1.0,2.0,1.0,2.0,3.0,3.0,2.0,4.75,0.5,2.38,0.13,0.0016,0.0,11.0,12.0,0.0,71.31,71.72
615A,pass@12,1.0,2.0,1.0,2.0,3.0,3.0,2.0,4.75,0.5,2.38,0.13,0.0016,0.0,10.0,11.0,0.0,72.14,72.54
615A,pass@9,1.0,2.0,1.0,2.0,3.0,3.0,2.0,4.75,0.5,2.38,0.13,0.0016,0.0,10.0,11.0,0.0,72.14,72.54
615A,pass@3,1.0,2.0,1.0,2.0,3.0,3.0,2.0,4.75,0.5,2.38,0.13,0.0016,0.0,11.0,12.0,0.0,71.31,71.72
615A,pass@15,1.0,2.0,1.0,2.0,3.0,3.0,2.0,4.75,0.5,2.38,0.13,0.0016,0.0,11.0,12.0,0.0,71.31,71.72
615A,pass@1,1.0,2.0,1.0,2.0,3.0,3.0,2.0,4.75,0.5,2.38,0.13,0.0016,0.0,11.0,12.0,0.0,71.31,71.72
615A,pass@11,1.0,2.0,1.0,2.0,3.0,3.0,2.0,4.75,0.5,2.38,0.13,0.0016,0.0,10.0,11.0,0.0,72.14,72.54
615A,pass@8,1.0,2.0,1.0,2.0,3.0,3.0,2.0,4.75,0.5,2.38,0.13,0.0016,0.0,10.0,11.0,0.0,72.14,72.54
615A,pass@7,1.0,2.0,1.0,2.0,3.0,3.0,2.0,4.75,0.5,2.38,0.13,0.0016,0.0,11.0,12.0,0.0,71.31,71.72
615A,pass@20,2.0,4.0,2.0,4.0,6.0,6.0,10.0,15.51,1.0,15.51,0.86,0.0052,0.0,10.0,11.0,0.0,68.54,68.95
615A,pass@19,1.0,2.0,1.0,2.0,3.0,3.0,2.0,4.75,0.5,2.38,0.13,0.0016,0.0,11.0,12.0,0.0,71.31,71.72
615A,pass@18,1.0,2.0,1.0,2.0,3.0,3.0,2.0,4.75,0.5,2.38,0.13,0.0016,0.0,11.0,12.0,0.0,71.31,71.72
615A,pass@25,2.0,4.0,2.0,4.0,6.0,6.0,10.0,15.51,1.0,15.51,0.86,0.0052,0.0,10.0,11.0,0.0,68.54,68.95
615A,pass@27,2.0,4.0,2.0,4.0,6.0,6.0,10.0,15.51,1.0,15.51,0.86,0.0052,0.0,10.0,11.0,0.0,68.54,68.95
615A,pass@21,2.0,4.0,2.0,4.0,6.0,6.0,10.0,15.51,1.0,15.51,0.86,0.0052,0.0,10.0,11.0,0.0,68.54,68.95
615A,pass@22,1.0,2.0,1.0,2.0,3.0,3.0,2.0,4.75,0.5,2.38,0.13,0.0016,0.0,12.0,13.0,0.0,70.42,70.96
615A,pass@24,1.0,2.0,1.0,2.0,3.0,3.0,2.0,4.75,0.5,2.38,0.13,0.0016,0.0,11.0,12.0,0.0,71.31,71.72
615A,pass@23,1.0,2.0,1.0,2.0,3.0,3.0,2.0,4.75,0.5,2.38,0.13,0.0016,0.0,10.0,11.0,0.0,72.14,72.54
615A,pass@30,1.0,2.0,1.0,2.0,3.0,3.0,2.0,4.75,0.5,2.38,0.13,0.0016,0.0,11.0,12.0,0.0,71.31,71.72
615A,pass@26,1.0,2.0,1.0,2.0,3.0,3.0,2.0,4.75,0.5,2.38,0.13,0.0016,0.0,11.0,12.0,0.0,71.31,71.72
615A,pass@29,1.0,2.0,1.0,2.0,3.0,3.0,2.0,4.75,0.5,2.38,0.13,0.0016,0.0,12.0,13.0,0.0,70.42,70.96
615A,pass@28,2.0,4.0,2.0,4.0,6.0,6.0,10.0,15.51,1.0,15.51,0.86,0.0052,0.0,10.0,11.0,0.0,68.54,68.95
615A,pass@32,1.0,2.0,1.0,2.0,3.0,3.0,2.0,4.75,0.5,2.38,0.13,0.0016,0.0,11.0,12.0,0.0,71.31,71.72
615A,pass@31,1.0,2.0,1.0,2.0,3.0,3.0,2.0,4.75,0.5,2.38,0.13,0.0016,0.0,11.0,12.0,0.0,71.31,71.72
615A,pass@17,1.0,2.0,1.0,2.0,3.0,3.0,2.0,4.75,0.5,2.38,0.13,0.0016,0.0,11.0,12.0,0.0,71.31,71.72
621B,pass@7,4.0,14.0,12.0,24.0,18.0,36.0,61.3,150.12,3.43,514.69,28.59,0.05,0.0,15.0,15.0,0.0,58.57,59.11
621B,pass@6,4.0,14.0,12.0,24.0,18.0,36.0,61.3,150.12,3.43,514.69,28.59,0.05,0.0,15.0,15.0,0.0,58.57,59.11
621B,pass@1,4.0,14.0,12.0,24.0,18.0,36.0,61.3,150.12,3.43,514.69,28.59,0.05,0.0,15.0,15.0,0.0,58.57,59.11
621B,pass@13,4.0,14.0,12.0,24.0,18.0,36.0,61.3,150.12,3.43,514.69,28.59,0.05,0.0,15.0,15.0,0.0,58.57,59.11
621B,pass@3,4.0,14.0,12.0,24.0,18.0,36.0,61.3,150.12,3.43,514.69,28.59,0.05,0.0,15.0,15.0,0.0,58.57,59.11
621B,pass@4,4.0,14.0,12.0,24.0,18.0,36.0,61.3,150.12,3.43,514.69,28.59,0.05,0.0,15.0,15.0,0.0,58.57,59.11
621B,pass@11,4.0,14.0,12.0,24.0,18.0,36.0,61.3,150.12,3.43,514.69,28.59,0.05,0.0,15.0,15.0,0.0,58.57,59.11
621B,pass@2,4.0,14.0,12.0,24.0,18.0,36.0,61.3,150.12,3.43,514.69,28.59,0.05,0.0,15.0,15.0,0.0,58.57,59.11
621B,pass@5,4.0,14.0,12.0,24.0,18.0,36.0,61.3,150.12,3.43,514.69,28.59,0.05,0.0,15.0,15.0,0.0,58.57,59.11
621B,pass@9,4.0,14.0,12.0,24.0,18.0,36.0,61.3,150.12,3.43,514.69,28.59,0.05,0.0,15.0,15.0,0.0,58.57,59.11
621B,pass@15,4.0,14.0,12.0,24.0,18.0,36.0,61.3,150.12,3.43,514.69,28.59,0.05,0.0,15.0,15.0,0.0,58.57,59.11
621B,pass@14,4.0,14.0,12.0,24.0,18.0,36.0,61.3,150.12,3.43,514.69,28.59,0.05,0.0,17.0,17.0,0.0,57.38,57.92
621B,pass@16,4.0,14.0,12.0,24.0,18.0,36.0,61.3,150.12,3.43,514.69,28.59,0.05,0.0,15.0,15.0,0.0,58.57,59.11
621B,pass@8,4.0,14.0,12.0,24.0,18.0,36.0,61.3,150.12,3.43,514.69,28.59,0.05,0.0,15.0,15.0,0.0,58.57,59.11
621B,pass@10,4.0,14.0,12.0,24.0,18.0,36.0,61.3,150.12,3.43,514.69,28.59,0.05,0.0,15.0,15.0,0.0,58.57,59.11
621B,pass@12,4.0,14.0,12.0,24.0,18.0,36.0,61.3,150.12,3.43,514.69,28.59,0.05,0.0,15.0,15.0,0.0,58.57,59.11
621B,pass@20,4.0,14.0,12.0,24.0,18.0,36.0,61.3,150.12,3.43,514.69,28.59,0.05,0.0,15.0,15.0,0.0,58.57,59.11
621B,pass@23,4.0,14.0,12.0,24.0,18.0,36.0,61.3,150.12,3.43,514.69,28.59,0.05,0.0,15.0,15.0,0.0,58.57,59.11
621B,pass@22,4.0,14.0,12.0,24.0,18.0,36.0,61.3,150.12,3.43,514.69,28.59,0.05,0.0,15.0,15.0,0.0,58.57,59.11
621B,pass@21,4.0,14.0,12.0,24.0,18.0,36.0,61.3,150.12,3.43,514.69,28.59,0.05,0.0,15.0,15.0,0.0,58.57,59.11
621B,pass@24,4.0,14.0,12.0,24.0,18.0,36.0,61.3,150.12,3.43,514.69,28.59,0.05,0.0,15.0,15.0,0.0,58.57,59.11
621B,pass@25,4.0,14.0,12.0,24.0,18.0,36.0,61.3,150.12,3.43,514.69,28.59,0.05,0.0,15.0,15.0,0.0,58.57,59.11
621B,pass@19,4.0,14.0,12.0,24.0,18.0,36.0,61.3,150.12,3.43,514.69,28.59,0.05,0.0,15.0,15.0,0.0,58.57,59.11
621B,pass@17,4.0,14.0,12.0,24.0,18.0,36.0,61.3,150.12,3.43,514.69,28.59,0.05,0.0,15.0,15.0,0.0,58.57,59.11
621B,pass@29,4.0,14.0,12.0,24.0,18.0,36.0,61.3,150.12,3.43,514.69,28.59,0.05,0.0,15.0,15.0,0.0,58.57,59.11
621B,pass@28,4.0,14.0,12.0,24.0,18.0,36.0,61.3,150.12,3.43,514.69,28.59,0.05,0.0,15.0,15.0,0.0,58.57,59.11
621B,pass@18,4.0,14.0,12.0,24.0,18.0,36.0,61.3,150.12,3.43,514.69,28.59,0.05,0.0,15.0,15.0,0.0,58.57,59.11
621B,pass@32,4.0,14.0,12.0,24.0,18.0,36.0,61.3,150.12,3.43,514.69,28.59,0.05,0.0,15.0,15.0,0.0,58.57,59.11
621B,pass@31,4.0,14.0,12.0,24.0,18.0,36.0,61.3,150.12,3.43,514.69,28.59,0.05,0.0,15.0,15.0,0.0,58.57,59.11
621B,pass@26,4.0,14.0,12.0,24.0,18.0,36.0,61.3,150.12,3.43,514.69,28.59,0.05,0.0,15.0,15.0,0.0,58.57,59.11
621B,pass@30,4.0,14.0,12.0,24.0,18.0,36.0,61.3,150.12,3.43,514.69,28.59,0.05,0.0,15.0,15.0,0.0,58.57,59.11
621B,pass@27,4.0,14.0,12.0,24.0,18.0,36.0,61.3,150.12,3.43,514.69,28.59,0.05,0.0,15.0,15.0,0.0,58.57,59.11
622C,pass@9,8.0,19.0,26.0,47.0,27.0,73.0,104.71,347.11,9.89,3434.53,190.81,0.1157,7.0,32.0,35.0,3.12,57.93,58.06
622C,pass@1,8.0,21.0,27.0,48.0,29.0,75.0,116.24,364.35,9.14,3331.19,185.07,0.1214,7.0,31.0,34.0,6.45,62.27,62.4
622C,pass@5,8.0,19.0,26.0,47.0,27.0,73.0,104.71,347.11,9.89,3434.53,190.81,0.1157,7.0,32.0,35.0,3.12,57.93,58.06
622C,pass@2,8.0,21.0,26.0,47.0,29.0,73.0,116.24,354.63,8.95,3174.81,176.38,0.1182,7.0,31.0,34.0,3.23,58.3,58.43
622C,pass@10,8.0,21.0,26.0,47.0,29.0,73.0,116.24,354.63,8.95,3174.81,176.38,0.1182,7.0,31.0,34.0,3.23,58.3,58.43
622C,pass@15,8.0,21.0,26.0,47.0,29.0,73.0,116.24,354.63,8.95,3174.81,176.38,0.1182,7.0,31.0,34.0,3.23,58.3,58.43
622C,pass@12,8.0,21.0,27.0,48.0,29.0,75.0,116.24,364.35,9.14,3331.19,185.07,0.1214,7.0,31.0,34.0,6.45,62.27,62.4
622C,pass@6,8.0,21.0,26.0,47.0,29.0,73.0,116.24,354.63,8.95,3174.81,176.38,0.1182,7.0,31.0,34.0,3.23,58.3,58.43
622C,pass@16,8.0,19.0,26.0,47.0,27.0,73.0,104.71,347.11,9.89,3434.53,190.81,0.1157,7.0,32.0,35.0,3.12,57.93,58.06
622C,pass@14,8.0,19.0,27.0,48.0,27.0,75.0,104.71,356.62,10.11,3603.7,200.21,0.1189,7.0,32.0,35.0,3.12,57.84,57.98
622C,pass@3,8.0,19.0,26.0,47.0,27.0,73.0,104.71,347.11,9.89,3434.53,190.81,0.1157,7.0,32.0,35.0,3.12,57.93,58.06
622C,pass@4,8.0,21.0,27.0,48.0,29.0,75.0,116.24,364.35,9.14,3331.19,185.07,0.1214,7.0,29.0,32.0,3.45,59.13,59.26
622C,pass@11,9.0,20.0,26.0,50.0,29.0,76.0,114.97,369.21,11.25,4153.57,230.75,0.1231,7.0,32.0,35.0,3.12,57.74,57.87
622C,pass@7,8.0,21.0,27.0,48.0,29.0,75.0,116.24,364.35,9.14,3331.19,185.07,0.1214,7.0,31.0,34.0,3.23,58.21,58.35
622C,pass@13,8.0,21.0,26.0,47.0,29.0,73.0,116.24,354.63,8.95,3174.81,176.38,0.1182,7.0,31.0,34.0,3.23,58.3,58.43
622C,pass@8,9.0,20.0,26.0,50.0,29.0,76.0,114.97,369.21,11.25,4153.57,230.75,0.1231,7.0,32.0,35.0,9.38,64.6,64.73
622C,pass@17,8.0,21.0,26.0,47.0,29.0,73.0,116.24,354.63,8.95,3174.81,176.38,0.1182,7.0,31.0,34.0,3.23,58.3,58.43
622C,pass@19,8.0,21.0,26.0,47.0,29.0,73.0,116.24,354.63,8.95,3174.81,176.38,0.1182,7.0,31.0,34.0,3.23,58.3,58.43
622C,pass@21,8.0,19.0,26.0,47.0,27.0,73.0,104.71,347.11,9.89,3434.53,190.81,0.1157,7.0,32.0,35.0,3.12,57.93,58.06
622C,pass@23,8.0,21.0,27.0,48.0,29.0,75.0,116.24,364.35,9.14,3331.19,185.07,0.1214,7.0,31.0,34.0,3.23,58.21,58.35
622C,pass@26,8.0,21.0,26.0,47.0,29.0,73.0,116.24,354.63,8.95,3174.81,176.38,0.1182,7.0,31.0,34.0,3.23,58.3,58.43
622C,pass@27,8.0,19.0,26.0,47.0,27.0,73.0,104.71,347.11,9.89,3434.53,190.81,0.1157,7.0,32.0,35.0,3.12,57.93,58.06
622C,pass@24,8.0,21.0,26.0,47.0,29.0,73.0,116.24,354.63,8.95,3174.81,176.38,0.1182,7.0,31.0,34.0,3.23,58.3,58.43
622C,pass@20,8.0,21.0,27.0,48.0,29.0,75.0,116.24,364.35,9.14,3331.19,185.07,0.1214,7.0,31.0,34.0,6.45,62.27,62.4
622C,pass@29,8.0,21.0,26.0,47.0,29.0,73.0,116.24,354.63,8.95,3174.81,176.38,0.1182,7.0,31.0,34.0,3.23,58.3,58.43
622C,pass@28,8.0,21.0,27.0,48.0,29.0,75.0,116.24,364.35,9.14,3331.19,185.07,0.1214,7.0,31.0,34.0,3.23,58.21,58.35
622C,pass@25,8.0,21.0,26.0,47.0,29.0,73.0,116.24,354.63,8.95,3174.81,176.38,0.1182,7.0,31.0,34.0,3.23,58.3,58.43
622C,pass@22,8.0,21.0,26.0,47.0,29.0,73.0,116.24,354.63,8.95,3174.81,176.38,0.1182,7.0,31.0,34.0,3.23,58.3,58.43
622C,pass@31,8.0,21.0,26.0,47.0,29.0,73.0,116.24,354.63,8.95,3174.81,176.38,0.1182,7.0,31.0,34.0,3.23,58.3,58.43
622C,pass@32,8.0,21.0,27.0,48.0,29.0,75.0,116.24,364.35,9.14,3331.19,185.07,0.1214,7.0,31.0,34.0,3.23,58.21,58.35
622C,pass@30,9.0,24.0,21.0,40.0,33.0,61.0,138.57,307.71,7.5,2307.81,128.21,0.1026,10.0,39.0,42.0,10.26,63.7,63.83
625D,pass@9,9.0,28.0,36.0,69.0,37.0,105.0,163.14,546.99,11.09,6065.76,336.99,0.1823,12.0,49.0,50.0,0.0,42.02,42.15
625D,pass@12,9.0,27.0,39.0,76.0,36.0,115.0,156.91,594.54,12.67,7530.86,418.38,0.1982,11.0,48.0,49.0,0.0,42.09,42.23
625D,pass@1,9.0,27.0,22.0,43.0,36.0,65.0,156.91,336.05,7.17,2408.32,133.8,0.112,2.0,39.0,39.0,5.13,60.56,60.56
625D,pass@3,11.0,39.0,37.0,70.0,50.0,107.0,244.18,603.89,9.87,5961.5,331.19,0.2013,13.0,45.0,46.0,0.0,42.37,42.51
625D,pass@7,10.0,30.0,26.0,51.0,40.0,77.0,180.43,409.79,8.5,3483.2,193.51,0.1366,2.0,41.0,41.0,2.44,55.55,55.55
625D,pass@10,9.0,30.0,46.0,89.0,39.0,135.0,175.74,713.53,13.35,9525.62,529.2,0.2378,13.0,55.0,56.0,0.0,40.0,40.14
625D,pass@11,10.0,34.0,30.0,60.0,44.0,90.0,206.19,491.35,8.82,4335.43,240.86,0.1638,2.0,45.0,45.0,11.11,63.45,63.45
625D,pass@16,9.0,25.0,25.0,50.0,34.0,75.0,144.63,381.56,9.0,3434.04,190.78,0.1272,2.0,43.0,43.0,4.65,58.66,58.66
625D,pass@5,12.0,34.0,46.0,89.0,46.0,135.0,215.99,745.68,15.71,11711.58,650.64,0.2486,14.0,54.0,56.0,0.0,39.73,39.87
625D,pass@14,9.0,38.0,52.0,101.0,47.0,153.0,227.95,849.85,11.96,10164.68,564.7,0.2833,14.0,53.0,55.0,0.0,39.51,39.64
625D,pass@6,12.0,47.0,46.0,88.0,59.0,134.0,304.09,788.27,11.23,8855.51,491.97,0.2628,19.0,62.0,63.0,0.0,37.91,37.91
625D,pass@15,14.0,53.0,58.0,113.0,67.0,171.0,356.88,1037.3,14.92,15481.23,860.07,0.3458,16.0,54.0,55.0,0.0,38.63,38.77
625D,pass@4,11.0,38.0,38.0,76.0,49.0,114.0,237.47,640.08,11.0,7040.85,391.16,0.2134,2.0,49.0,49.0,14.29,63.84,63.84
625D,pass@8,13.0,40.0,40.0,72.0,53.0,112.0,260.98,641.53,11.7,7505.87,416.99,0.2138,18.0,62.0,63.0,12.9,58.48,58.48
625D,pass@13,10.0,34.0,43.0,83.0,44.0,126.0,206.19,687.89,12.21,8396.28,466.46,0.2293,16.0,61.0,62.0,0.0,38.75,38.88
625D,pass@2,13.0,62.0,62.0,121.0,75.0,183.0,417.27,1139.87,12.69,14459.85,803.33,0.38,30.0,83.0,84.0,4.82,45.3,45.43
625D,pass@27,9.0,24.0,36.0,69.0,33.0,105.0,138.57,529.66,12.94,6852.49,380.69,0.1766,11.0,47.0,48.0,0.0,42.64,42.77
625D,pass@19,11.0,32.0,41.0,80.0,43.0,121.0,198.05,656.58,13.75,9027.95,501.55,0.2189,16.0,65.0,66.0,0.0,38.43,38.43
625D,pass@17,10.0,50.0,63.0,123.0,60.0,186.0,315.41,1098.68,12.3,13513.78,750.77,0.3662,14.0,61.0,65.0,4.92,50.25,50.25
625D,pass@20,11.0,35.0,50.0,97.0,46.0,147.0,217.58,811.96,15.24,12376.65,687.59,0.2707,15.0,57.0,58.0,0.0,39.01,39.14
625D,pass@18,9.0,45.0,36.0,72.0,54.0,108.0,275.66,621.53,7.2,4475.0,248.61,0.2072,2.0,46.0,45.0,6.52,58.87,58.87
625D,pass@24,10.0,32.0,52.0,101.0,42.0,153.0,193.22,825.02,15.78,13019.92,723.33,0.275,15.0,63.0,64.0,0.0,38.03,38.16
625D,pass@26,9.0,31.0,48.0,93.0,40.0,141.0,182.11,750.39,13.5,10130.29,562.79,0.2501,14.0,57.0,58.0,0.0,39.38,39.52
625D,pass@22,14.0,57.0,46.0,91.0,71.0,137.0,385.78,842.52,11.18,9415.48,523.08,0.2808,17.0,58.0,59.0,0.0,38.46,38.6
625D,pass@31,9.0,39.0,32.0,63.0,48.0,95.0,234.66,530.57,7.27,3856.85,214.27,0.1769,13.0,49.0,50.0,4.08,53.86,54.0
625D,pass@29,9.0,32.0,50.0,97.0,41.0,147.0,188.53,787.56,13.64,10742.81,596.82,0.2625,14.0,62.0,64.0,0.0,38.3,38.44
625D,pass@23,14.0,42.0,54.0,105.0,56.0,159.0,279.78,923.37,17.5,16158.97,897.72,0.3078,21.0,81.0,82.0,8.64,51.26,51.39
625D,pass@32,10.0,35.0,36.0,68.0,45.0,104.0,212.74,571.15,9.71,5548.34,308.24,0.1904,19.0,64.0,65.0,9.38,55.93,55.93
625D,pass@28,14.0,62.0,66.0,127.0,76.0,193.0,422.46,1205.85,14.34,17290.33,960.57,0.402,26.0,102.0,107.0,17.65,53.02,53.02
625D,pass@21,14.0,52.0,67.0,128.0,66.0,195.0,349.73,1178.66,17.23,20309.16,1128.29,0.3929,30.0,116.0,119.0,25.86,54.6,54.6
625D,pass@30,12.0,47.0,55.0,102.0,59.0,157.0,304.09,923.57,13.02,12026.12,668.12,0.3079,27.0,101.0,102.0,34.65,59.25,59.25
625D,pass@25,12.0,114.0,117.0,226.0,126.0,343.0,821.97,2393.21,11.89,28466.57,1581.48,0.7977,66.0,176.0,179.0,19.89,41.65,41.65
626A,pass@1,4.0,15.0,12.0,24.0,19.0,36.0,66.6,152.93,3.2,489.36,27.19,0.051,0.0,17.0,17.0,0.0,56.65,57.86
626A,pass@16,4.0,15.0,12.0,24.0,19.0,36.0,66.6,152.93,3.2,489.36,27.19,0.051,0.0,17.0,17.0,0.0,56.65,57.86
626A,pass@3,4.0,15.0,12.0,24.0,19.0,36.0,66.6,152.93,3.2,489.36,27.19,0.051,0.0,17.0,17.0,0.0,56.65,57.86
626A,pass@12,4.0,12.0,12.0,24.0,16.0,36.0,51.02,144.0,4.0,576.0,32.0,0.048,0.0,18.0,18.0,0.0,56.29,57.5
626A,pass@4,4.0,12.0,12.0,24.0,16.0,36.0,51.02,144.0,4.0,576.0,32.0,0.048,0.0,18.0,18.0,0.0,56.29,57.5
626A,pass@5,4.0,15.0,12.0,24.0,19.0,36.0,66.6,152.93,3.2,489.36,27.19,0.051,0.0,17.0,17.0,0.0,56.65,57.86
626A,pass@9,4.0,15.0,12.0,24.0,19.0,36.0,66.6,152.93,3.2,489.36,27.19,0.051,0.0,17.0,17.0,0.0,56.65,57.86
626A,pass@2,4.0,15.0,12.0,24.0,19.0,36.0,66.6,152.93,3.2,489.36,27.19,0.051,0.0,17.0,17.0,0.0,56.65,57.86
626A,pass@11,4.0,15.0,12.0,24.0,19.0,36.0,66.6,152.93,3.2,489.36,27.19,0.051,0.0,17.0,17.0,0.0,56.65,57.86
626A,pass@13,4.0,15.0,12.0,24.0,19.0,36.0,66.6,152.93,3.2,489.36,27.19,0.051,0.0,17.0,17.0,0.0,56.65,57.86
626A,pass@14,4.0,15.0,12.0,24.0,19.0,36.0,66.6,152.93,3.2,489.36,27.19,0.051,0.0,17.0,17.0,0.0,56.65,57.86
626A,pass@7,4.0,15.0,12.0,24.0,19.0,36.0,66.6,152.93,3.2,489.36,27.19,0.051,0.0,17.0,17.0,0.0,56.65,57.86
626A,pass@10,4.0,15.0,12.0,24.0,19.0,36.0,66.6,152.93,3.2,489.36,27.19,0.051,0.0,17.0,17.0,0.0,56.65,57.86
626A,pass@15,4.0,15.0,12.0,24.0,19.0,36.0,66.6,152.93,3.2,489.36,27.19,0.051,0.0,17.0,17.0,0.0,56.65,57.86
626A,pass@6,4.0,12.0,12.0,24.0,16.0,36.0,51.02,144.0,4.0,576.0,32.0,0.048,0.0,18.0,18.0,0.0,56.29,57.5
626A,pass@8,4.0,15.0,12.0,24.0,19.0,36.0,66.6,152.93,3.2,489.36,27.19,0.051,0.0,17.0,17.0,0.0,56.65,57.86
626A,pass@20,4.0,12.0,12.0,24.0,16.0,36.0,51.02,144.0,4.0,576.0,32.0,0.048,0.0,18.0,18.0,0.0,56.29,57.5
626A,pass@17,4.0,15.0,12.0,24.0,19.0,36.0,66.6,152.93,3.2,489.36,27.19,0.051,0.0,17.0,17.0,0.0,56.65,57.86
626A,pass@18,4.0,15.0,12.0,24.0,19.0,36.0,66.6,152.93,3.2,489.36,27.19,0.051,0.0,17.0,17.0,0.0,56.65,57.86
626A,pass@19,4.0,15.0,12.0,24.0,19.0,36.0,66.6,152.93,3.2,489.36,27.19,0.051,0.0,17.0,17.0,0.0,56.65,57.86
626A,pass@22,4.0,15.0,12.0,24.0,19.0,36.0,66.6,152.93,3.2,489.36,27.19,0.051,0.0,17.0,17.0,0.0,56.65,57.86
626A,pass@23,4.0,15.0,12.0,24.0,19.0,36.0,66.6,152.93,3.2,489.36,27.19,0.051,0.0,17.0,17.0,0.0,56.65,57.86
626A,pass@25,4.0,15.0,12.0,24.0,19.0,36.0,66.6,152.93,3.2,489.36,27.19,0.051,0.0,17.0,17.0,0.0,56.65,57.86
626A,pass@21,4.0,15.0,12.0,24.0,19.0,36.0,66.6,152.93,3.2,489.36,27.19,0.051,0.0,17.0,17.0,0.0,56.65,57.86
626A,pass@24,4.0,15.0,12.0,24.0,19.0,36.0,66.6,152.93,3.2,489.36,27.19,0.051,0.0,17.0,17.0,0.0,56.65,57.86
626A,pass@26,4.0,15.0,12.0,24.0,19.0,36.0,66.6,152.93,3.2,489.36,27.19,0.051,0.0,17.0,17.0,0.0,56.65,57.86
626A,pass@27,4.0,12.0,12.0,24.0,16.0,36.0,51.02,144.0,4.0,576.0,32.0,0.048,0.0,18.0,18.0,0.0,56.29,57.5
626A,pass@28,4.0,15.0,12.0,24.0,19.0,36.0,66.6,152.93,3.2,489.36,27.19,0.051,0.0,17.0,17.0,0.0,56.65,57.86
626A,pass@30,4.0,15.0,12.0,24.0,19.0,36.0,66.6,152.93,3.2,489.36,27.19,0.051,0.0,17.0,17.0,0.0,56.65,57.86
626A,pass@32,4.0,15.0,12.0,24.0,19.0,36.0,66.6,152.93,3.2,489.36,27.19,0.051,0.0,17.0,17.0,0.0,56.65,57.86
626A,pass@29,4.0,15.0,12.0,24.0,19.0,36.0,66.6,152.93,3.2,489.36,27.19,0.051,0.0,17.0,17.0,0.0,56.65,57.86
626A,pass@31,4.0,15.0,12.0,24.0,19.0,36.0,66.6,152.93,3.2,489.36,27.19,0.051,0.0,17.0,17.0,0.0,56.65,57.86
629B,pass@3,4.0,13.0,10.0,20.0,17.0,30.0,56.11,122.62,3.08,377.3,20.96,0.0409,0.0,20.0,20.0,0.0,56.05,57.0
629B,pass@5,4.0,13.0,10.0,20.0,17.0,30.0,56.11,122.62,3.08,377.3,20.96,0.0409,0.0,20.0,20.0,0.0,56.05,57.0
629B,pass@4,4.0,13.0,10.0,20.0,17.0,30.0,56.11,122.62,3.08,377.3,20.96,0.0409,0.0,20.0,20.0,0.0,56.05,57.0
629B,pass@1,4.0,12.0,9.0,18.0,16.0,27.0,51.02,108.0,3.0,324.0,18.0,0.036,0.0,20.0,20.0,0.0,56.44,57.38
629B,pass@11,4.0,13.0,10.0,20.0,17.0,30.0,56.11,122.62,3.08,377.3,20.96,0.0409,0.0,20.0,20.0,0.0,56.05,57.0
629B,pass@6,4.0,13.0,10.0,20.0,17.0,30.0,56.11,122.62,3.08,377.3,20.96,0.0409,0.0,20.0,20.0,0.0,56.05,57.0
629B,pass@9,4.0,13.0,10.0,20.0,17.0,30.0,56.11,122.62,3.08,377.3,20.96,0.0409,0.0,20.0,20.0,0.0,56.05,57.0
629B,pass@2,4.0,13.0,10.0,20.0,17.0,30.0,56.11,122.62,3.08,377.3,20.96,0.0409,0.0,20.0,20.0,0.0,56.05,57.0
629B,pass@15,4.0,13.0,10.0,20.0,17.0,30.0,56.11,122.62,3.08,377.3,20.96,0.0409,0.0,20.0,20.0,0.0,56.05,57.0
629B,pass@16,4.0,13.0,10.0,20.0,17.0,30.0,56.11,122.62,3.08,377.3,20.96,0.0409,0.0,20.0,20.0,0.0,56.05,57.0
629B,pass@8,4.0,13.0,10.0,20.0,17.0,30.0,56.11,122.62,3.08,377.3,20.96,0.0409,0.0,20.0,20.0,0.0,56.05,57.0
629B,pass@7,4.0,13.0,10.0,20.0,17.0,30.0,56.11,122.62,3.08,377.3,20.96,0.0409,0.0,20.0,20.0,0.0,56.05,57.0
629B,pass@14,4.0,13.0,10.0,20.0,17.0,30.0,56.11,122.62,3.08,377.3,20.96,0.0409,0.0,20.0,20.0,0.0,56.05,57.0
629B,pass@12,4.0,13.0,10.0,20.0,17.0,30.0,56.11,122.62,3.08,377.3,20.96,0.0409,0.0,20.0,20.0,0.0,56.05,57.0
629B,pass@13,4.0,13.0,10.0,20.0,17.0,30.0,56.11,122.62,3.08,377.3,20.96,0.0409,0.0,20.0,20.0,0.0,56.05,57.0
629B,pass@10,4.0,13.0,10.0,20.0,17.0,30.0,56.11,122.62,3.08,377.3,20.96,0.0409,0.0,20.0,20.0,0.0,56.05,57.0
629B,pass@18,4.0,13.0,10.0,20.0,17.0,30.0,56.11,122.62,3.08,377.3,20.96,0.0409,0.0,20.0,20.0,0.0,56.05,57.0
629B,pass@20,4.0,13.0,10.0,20.0,17.0,30.0,56.11,122.62,3.08,377.3,20.96,0.0409,0.0,20.0,20.0,0.0,56.05,57.0
629B,pass@19,4.0,13.0,10.0,20.0,17.0,30.0,56.11,122.62,3.08,377.3,20.96,0.0409,0.0,20.0,20.0,0.0,56.05,57.0
629B,pass@21,4.0,13.0,10.0,20.0,17.0,30.0,56.11,122.62,3.08,377.3,20.96,0.0409,0.0,20.0,20.0,0.0,56.05,57.0
629B,pass@23,4.0,13.0,10.0,20.0,17.0,30.0,56.11,122.62,3.08,377.3,20.96,0.0409,0.0,20.0,20.0,0.0,56.05,57.0
629B,pass@24,4.0,13.0,10.0,20.0,17.0,30.0,56.11,122.62,3.08,377.3,20.96,0.0409,0.0,20.0,20.0,0.0,56.05,57.0
629B,pass@25,4.0,13.0,10.0,20.0,17.0,30.0,56.11,122.62,3.08,377.3,20.96,0.0409,0.0,20.0,20.0,0.0,56.05,57.0
629B,pass@17,4.0,13.0,10.0,20.0,17.0,30.0,56.11,122.62,3.08,377.3,20.96,0.0409,0.0,20.0,20.0,0.0,56.05,57.0
629B,pass@26,4.0,13.0,10.0,20.0,17.0,30.0,56.11,122.62,3.08,377.3,20.96,0.0409,0.0,20.0,20.0,0.0,56.05,57.0
629B,pass@29,4.0,13.0,10.0,20.0,17.0,30.0,56.11,122.62,3.08,377.3,20.96,0.0409,0.0,20.0,20.0,0.0,56.05,57.0
629B,pass@27,4.0,13.0,10.0,20.0,17.0,30.0,56.11,122.62,3.08,377.3,20.96,0.0409,0.0,20.0,20.0,0.0,56.05,57.0
629B,pass@30,4.0,13.0,10.0,20.0,17.0,30.0,56.11,122.62,3.08,377.3,20.96,0.0409,0.0,20.0,20.0,0.0,56.05,57.0
629B,pass@31,4.0,13.0,10.0,20.0,17.0,30.0,56.11,122.62,3.08,377.3,20.96,0.0409,0.0,20.0,20.0,0.0,56.05,57.0
629B,pass@22,4.0,13.0,9.0,18.0,17.0,27.0,56.11,110.36,2.77,305.62,16.98,0.0368,0.0,21.0,21.0,0.0,55.91,56.85
629B,pass@32,4.0,13.0,10.0,20.0,17.0,30.0,56.11,122.62,3.08,377.3,20.96,0.0409,0.0,20.0,20.0,0.0,56.05,57.0
629B,pass@28,4.0,13.0,10.0,20.0,17.0,30.0,56.11,122.62,3.08,377.3,20.96,0.0409,0.0,20.0,20.0,0.0,56.05,57.0
630J,pass@2,1.0,2.0,1.0,2.0,3.0,3.0,2.0,4.75,0.5,2.38,0.13,0.0016,0.0,3.0,3.0,33.33,100.0,100.0
630J,pass@4,1.0,2.0,1.0,2.0,3.0,3.0,2.0,4.75,0.5,2.38,0.13,0.0016,0.0,3.0,3.0,33.33,100.0,100.0
630J,pass@5,1.0,2.0,1.0,2.0,3.0,3.0,2.0,4.75,0.5,2.38,0.13,0.0016,0.0,3.0,3.0,33.33,100.0,100.0
630J,pass@12,1.0,2.0,1.0,2.0,3.0,3.0,2.0,4.75,0.5,2.38,0.13,0.0016,0.0,3.0,3.0,33.33,100.0,100.0
630J,pass@11,1.0,2.0,1.0,2.0,3.0,3.0,2.0,4.75,0.5,2.38,0.13,0.0016,0.0,3.0,3.0,33.33,100.0,100.0
630J,pass@13,1.0,2.0,1.0,2.0,3.0,3.0,2.0,4.75,0.5,2.38,0.13,0.0016,0.0,3.0,3.0,33.33,100.0,100.0
630J,pass@10,1.0,2.0,1.0,2.0,3.0,3.0,2.0,4.75,0.5,2.38,0.13,0.0016,0.0,3.0,3.0,33.33,100.0,100.0
630J,pass@14,1.0,2.0,1.0,2.0,3.0,3.0,2.0,4.75,0.5,2.38,0.13,0.0016,0.0,3.0,3.0,33.33,100.0,100.0
630J,pass@3,1.0,2.0,1.0,2.0,3.0,3.0,2.0,4.75,0.5,2.38,0.13,0.0016,0.0,3.0,3.0,33.33,100.0,100.0
630J,pass@8,1.0,2.0,1.0,2.0,3.0,3.0,2.0,4.75,0.5,2.38,0.13,0.0016,0.0,3.0,3.0,33.33,100.0,100.0
630J,pass@7,1.0,2.0,1.0,2.0,3.0,3.0,2.0,4.75,0.5,2.38,0.13,0.0016,0.0,4.0,4.0,25.0,100.0,100.0
630J,pass@9,1.0,2.0,1.0,2.0,3.0,3.0,2.0,4.75,0.5,2.38,0.13,0.0016,0.0,3.0,3.0,33.33,100.0,100.0
630J,pass@1,1.0,2.0,1.0,2.0,3.0,3.0,2.0,4.75,0.5,2.38,0.13,0.0016,0.0,3.0,3.0,33.33,100.0,100.0
630J,pass@15,1.0,2.0,1.0,2.0,3.0,3.0,2.0,4.75,0.5,2.38,0.13,0.0016,0.0,3.0,3.0,33.33,100.0,100.0
630J,pass@6,1.0,2.0,1.0,2.0,3.0,3.0,2.0,4.75,0.5,2.38,0.13,0.0016,0.0,3.0,3.0,33.33,100.0,100.0
630J,pass@16,1.0,2.0,1.0,2.0,3.0,3.0,2.0,4.75,0.5,2.38,0.13,0.0016,0.0,3.0,3.0,33.33,100.0,100.0
630J,pass@17,1.0,2.0,1.0,2.0,3.0,3.0,2.0,4.75,0.5,2.38,0.13,0.0016,0.0,3.0,3.0,33.33,100.0,100.0
630J,pass@21,1.0,2.0,1.0,2.0,3.0,3.0,2.0,4.75,0.5,2.38,0.13,0.0016,0.0,3.0,3.0,33.33,100.0,100.0
630J,pass@22,1.0,2.0,1.0,2.0,3.0,3.0,2.0,4.75,0.5,2.38,0.13,0.0016,0.0,3.0,3.0,33.33,100.0,100.0
630J,pass@24,1.0,2.0,1.0,2.0,3.0,3.0,2.0,4.75,0.5,2.38,0.13,0.0016,0.0,3.0,3.0,33.33,100.0,100.0
630J,pass@18,1.0,2.0,1.0,2.0,3.0,3.0,2.0,4.75,0.5,2.38,0.13,0.0016,0.0,3.0,3.0,33.33,100.0,100.0
630J,pass@19,1.0,2.0,1.0,2.0,3.0,3.0,2.0,4.75,0.5,2.38,0.13,0.0016,0.0,3.0,3.0,33.33,100.0,100.0
630J,pass@23,1.0,2.0,1.0,2.0,3.0,3.0,2.0,4.75,0.5,2.38,0.13,0.0016,0.0,3.0,3.0,33.33,100.0,100.0
630J,pass@25,1.0,2.0,1.0,2.0,3.0,3.0,2.0,4.75,0.5,2.38,0.13,0.0016,0.0,3.0,3.0,33.33,100.0,100.0
630J,pass@30,1.0,2.0,1.0,2.0,3.0,3.0,2.0,4.75,0.5,2.38,0.13,0.0016,0.0,3.0,3.0,33.33,100.0,100.0
630J,pass@29,1.0,2.0,1.0,2.0,3.0,3.0,2.0,4.75,0.5,2.38,0.13,0.0016,0.0,3.0,3.0,33.33,100.0,100.0
630J,pass@26,1.0,2.0,1.0,2.0,3.0,3.0,2.0,4.75,0.5,2.38,0.13,0.0016,0.0,3.0,3.0,33.33,100.0,100.0
630J,pass@20,1.0,2.0,1.0,2.0,3.0,3.0,2.0,4.75,0.5,2.38,0.13,0.0016,0.0,3.0,3.0,33.33,100.0,100.0
630J,pass@32,1.0,2.0,1.0,2.0,3.0,3.0,2.0,4.75,0.5,2.38,0.13,0.0016,0.0,3.0,3.0,33.33,100.0,100.0
630J,pass@28,1.0,2.0,1.0,2.0,3.0,3.0,2.0,4.75,0.5,2.38,0.13,0.0016,0.0,3.0,3.0,33.33,100.0,100.0
630J,pass@27,1.0,2.0,1.0,2.0,3.0,3.0,2.0,4.75,0.5,2.38,0.13,0.0016,0.0,3.0,3.0,33.33,100.0,100.0
630J,pass@31,1.0,2.0,1.0,2.0,3.0,3.0,2.0,4.75,0.5,2.38,0.13,0.0016,0.0,3.0,3.0,33.33,100.0,100.0
631D,pass@10,8.0,35.0,26.0,50.0,43.0,76.0,203.52,412.4,5.71,2356.55,130.92,0.1375,17.0,47.0,48.0,21.28,66.61,66.61
631D,pass@7,8.0,34.0,27.0,52.0,42.0,79.0,196.97,425.99,6.12,2606.08,144.78,0.142,21.0,55.0,56.0,27.27,66.45,66.45
631D,pass@16,10.0,40.0,43.0,84.0,50.0,127.0,246.1,716.77,10.5,7526.08,418.12,0.2389,22.0,83.0,84.0,14.46,55.8,55.8
631D,pass@5,9.0,42.0,43.0,78.0,51.0,121.0,255.01,686.36,8.36,5736.04,318.67,0.2288,26.0,71.0,72.0,21.13,59.95,59.95
631D,pass@13,10.0,43.0,44.0,87.0,53.0,131.0,266.55,750.36,10.12,7590.83,421.71,0.2501,25.0,76.0,77.0,19.74,58.63,58.63
631D,pass@6,11.0,63.0,49.0,96.0,74.0,145.0,414.62,900.37,8.38,7545.96,419.22,0.3001,31.0,80.0,81.0,16.25,55.19,55.19
631D,pass@11,10.0,59.0,58.0,115.0,69.0,173.0,380.3,1056.77,9.75,10299.08,572.17,0.3523,35.0,79.0,78.0,21.52,56.82,56.82
631D,pass@12,11.0,45.0,47.0,90.0,56.0,137.0,285.19,795.61,11.0,8751.68,486.2,0.2652,26.0,85.0,87.0,21.18,57.73,57.73
631D,pass@9,11.0,67.0,59.0,118.0,78.0,177.0,444.48,1112.52,9.69,10776.46,598.69,0.3708,34.0,67.0,68.0,26.87,59.83,59.83
631D,pass@4,10.0,58.0,50.0,99.0,68.0,149.0,372.98,907.03,8.53,7741.05,430.06,0.3023,30.0,70.0,70.0,24.29,59.94,59.94
631D,pass@14,11.0,69.0,57.0,114.0,80.0,171.0,459.54,1081.05,9.09,9823.45,545.75,0.3603,34.0,68.0,69.0,35.29,61.64,61.64
631D,pass@1,11.0,52.0,51.0,100.0,63.0,151.0,334.48,902.57,10.58,9546.41,530.36,0.3009,34.0,86.0,87.0,22.09,56.61,56.61
631D,pass@2,9.0,54.0,54.0,108.0,63.0,162.0,339.29,968.32,9.0,8714.87,484.16,0.3228,30.0,81.0,81.0,23.46,58.09,58.09
631D,pass@15,11.0,70.0,56.0,113.0,81.0,169.0,467.1,1071.43,8.88,9512.81,528.49,0.3571,35.0,75.0,76.0,22.67,57.44,57.44
631D,pass@8,11.0,58.0,55.0,112.0,69.0,167.0,377.82,1020.12,10.62,10834.42,601.91,0.34,31.0,74.0,73.0,36.49,61.88,61.88
631D,pass@3,11.0,71.0,61.0,118.0,82.0,179.0,474.69,1138.0,9.14,10402.3,577.91,0.3793,35.0,81.0,83.0,35.8,59.68,59.68
631D,pass@18,9.0,33.0,28.0,54.0,42.0,82.0,194.99,442.17,7.36,3255.98,180.89,0.1474,19.0,51.0,52.0,31.37,68.3,68.3
631D,pass@23,11.0,56.0,44.0,86.0,67.0,130.0,363.27,788.59,8.45,6660.78,370.04,0.2629,27.0,61.0,62.0,19.67,60.23,60.23
631D,pass@17,12.0,79.0,59.0,116.0,91.0,175.0,541.02,1138.86,8.81,10033.54,557.42,0.3796,34.0,69.0,68.0,27.54,59.94,59.94
631D,pass@26,10.0,53.0,51.0,99.0,63.0,150.0,336.8,896.59,9.34,8373.83,465.21,0.2989,31.0,70.0,71.0,18.57,57.55,57.55
631D,pass@25,10.0,57.0,51.0,102.0,67.0,153.0,365.69,928.11,8.95,8304.16,461.34,0.3094,32.0,77.0,77.0,16.88,55.76,55.76
631D,pass@27,11.0,54.0,51.0,99.0,65.0,150.0,348.82,903.36,10.08,9108.83,506.05,0.3011,31.0,81.0,82.0,17.28,55.57,55.57
631D,pass@24,9.0,52.0,51.0,103.0,61.0,154.0,324.95,913.33,8.91,8140.96,452.28,0.3044,30.0,83.0,84.0,19.28,56.34,56.34
631D,pass@22,9.0,53.0,50.0,97.0,62.0,147.0,332.11,875.27,8.24,7208.57,400.48,0.2918,32.0,80.0,81.0,23.75,58.22,58.22
631D,pass@31,11.0,62.0,43.0,87.0,73.0,130.0,407.21,804.68,7.72,6210.29,345.02,0.2682,27.0,57.0,56.0,14.04,58.37,58.37
631D,pass@19,11.0,72.0,60.0,120.0,83.0,180.0,482.29,1147.51,9.17,10518.82,584.38,0.3825,35.0,76.0,76.0,27.63,58.75,58.75
631D,pass@28,9.0,50.0,52.0,101.0,59.0,153.0,310.72,900.04,9.09,8181.4,454.52,0.3,31.0,87.0,88.0,17.24,54.89,54.89
631D,pass@21,11.0,56.0,51.0,102.0,67.0,153.0,363.27,928.11,10.02,9297.69,516.54,0.3094,36.0,83.0,83.0,37.35,60.41,60.41
631D,pass@32,11.0,73.0,54.0,109.0,84.0,163.0,489.91,1041.95,8.21,8556.82,475.38,0.3473,34.0,75.0,75.0,12.0,52.62,52.62
631D,pass@30,10.0,48.0,39.0,78.0,58.0,117.0,301.3,685.38,8.12,5568.74,309.37,0.2285,28.0,72.0,73.0,61.11,64.93,64.93
631D,pass@29,11.0,74.0,66.0,132.0,85.0,198.0,497.55,1269.06,9.81,12450.5,691.69,0.423,33.0,76.0,78.0,72.37,61.26,61.26
633D,pass@7,5.0,16.0,11.0,22.0,21.0,33.0,75.61,144.95,3.44,498.25,27.68,0.0483,0.0,24.0,24.0,0.0,53.82,54.76
633D,pass@10,6.0,16.0,11.0,22.0,22.0,33.0,79.51,147.16,4.12,607.04,33.72,0.0491,0.0,25.0,25.0,0.0,53.38,54.33
633D,pass@4,5.0,16.0,11.0,22.0,21.0,33.0,75.61,144.95,3.44,498.25,27.68,0.0483,0.0,25.0,25.0,0.0,53.43,54.37
633D,pass@3,6.0,16.0,11.0,22.0,22.0,33.0,79.51,147.16,4.12,607.04,33.72,0.0491,0.0,24.0,24.0,0.0,53.77,54.71
633D,pass@1,6.0,20.0,13.0,26.0,26.0,39.0,101.95,183.32,3.9,714.94,39.72,0.0611,0.0,32.0,32.0,0.0,49.84,51.32
633D,pass@15,5.0,17.0,12.0,24.0,22.0,36.0,81.1,160.54,3.53,566.61,31.48,0.0535,0.0,27.0,27.0,0.0,52.26,53.33
633D,pass@8,7.0,17.0,12.0,24.0,24.0,36.0,89.14,165.06,4.94,815.58,45.31,0.055,0.0,25.0,25.0,0.0,52.9,53.98
633D,pass@11,7.0,21.0,13.0,26.0,28.0,39.0,111.89,187.49,4.33,812.44,45.14,0.0625,10.0,31.0,31.0,0.0,50.21,50.21
633D,pass@12,7.0,27.0,17.0,34.0,34.0,51.0,148.03,259.46,4.41,1143.55,63.53,0.0865,11.0,31.0,31.0,0.0,49.08,49.08
633D,pass@14,7.0,27.0,17.0,34.0,34.0,51.0,148.03,259.46,4.41,1143.55,63.53,0.0865,0.0,29.0,29.0,0.0,49.72,51.2
633D,pass@6,7.0,27.0,17.0,34.0,34.0,51.0,148.03,259.46,4.41,1143.55,63.53,0.0865,0.0,29.0,29.0,0.0,49.72,51.2
633D,pass@2,5.0,17.0,12.0,24.0,22.0,36.0,81.1,160.54,3.53,566.61,31.48,0.0535,8.0,30.0,30.0,0.0,51.26,51.26
633D,pass@9,5.0,17.0,12.0,24.0,22.0,36.0,81.1,160.54,3.53,566.61,31.48,0.0535,8.0,30.0,30.0,0.0,51.26,51.26
633D,pass@16,7.0,24.0,16.0,32.0,31.0,48.0,129.69,237.8,4.67,1109.74,61.65,0.0793,0.0,29.0,29.0,0.0,50.12,51.46
633D,pass@13,7.0,25.0,18.0,34.0,32.0,52.0,135.75,260.0,4.76,1237.6,68.76,0.0867,0.0,33.0,33.0,0.0,48.49,49.97
633D,pass@5,7.0,27.0,17.0,34.0,34.0,51.0,148.03,259.46,4.41,1143.55,63.53,0.0865,12.0,35.0,35.0,0.0,47.8,47.8
633D,pass@20,6.0,16.0,11.0,22.0,22.0,33.0,79.51,147.16,4.12,607.04,33.72,0.0491,0.0,25.0,25.0,0.0,53.38,54.33
633D,pass@18,5.0,17.0,12.0,24.0,22.0,36.0,81.1,160.54,3.53,566.61,31.48,0.0535,0.0,27.0,27.0,0.0,52.26,53.33
633D,pass@17,5.0,17.0,12.0,24.0,22.0,36.0,81.1,160.54,3.53,566.61,31.48,0.0535,0.0,27.0,27.0,0.0,52.26,53.33
633D,pass@24,5.0,17.0,12.0,24.0,22.0,36.0,81.1,160.54,3.53,566.61,31.48,0.0535,0.0,27.0,27.0,0.0,52.26,53.33
633D,pass@26,6.0,17.0,12.0,24.0,23.0,36.0,85.0,162.85,4.24,689.71,38.32,0.0543,0.0,25.0,25.0,0.0,52.94,54.02
633D,pass@19,6.0,20.0,13.0,26.0,26.0,39.0,101.95,183.32,3.9,714.94,39.72,0.0611,0.0,32.0,32.0,0.0,49.84,51.32
633D,pass@21,7.0,27.0,17.0,34.0,34.0,51.0,148.03,259.46,4.41,1143.55,63.53,0.0865,0.0,29.0,29.0,0.0,49.72,51.2
633D,pass@27,6.0,17.0,12.0,24.0,23.0,36.0,85.0,162.85,4.24,689.71,38.32,0.0543,0.0,26.0,26.0,0.0,52.57,53.65
633D,pass@22,7.0,27.0,17.0,34.0,34.0,51.0,148.03,259.46,4.41,1143.55,63.53,0.0865,0.0,29.0,29.0,0.0,49.72,51.2
633D,pass@25,6.0,20.0,13.0,26.0,26.0,39.0,101.95,183.32,3.9,714.94,39.72,0.0611,0.0,32.0,32.0,0.0,49.84,51.32
633D,pass@30,6.0,17.0,12.0,24.0,23.0,36.0,85.0,162.85,4.24,689.71,38.32,0.0543,8.0,30.0,30.0,0.0,51.22,51.22
633D,pass@28,7.0,25.0,16.0,32.0,32.0,48.0,135.75,240.0,4.48,1075.2,59.73,0.08,0.0,29.0,29.0,0.0,50.09,51.43
633D,pass@23,6.0,19.0,14.0,28.0,25.0,42.0,96.22,195.04,4.42,862.29,47.91,0.065,9.0,31.0,31.0,0.0,50.22,50.22
633D,pass@29,7.0,26.0,18.0,36.0,33.0,54.0,141.86,272.4,4.85,1320.08,73.34,0.0908,0.0,34.0,34.0,0.0,47.93,49.54
633D,pass@31,6.0,20.0,14.0,28.0,26.0,42.0,101.95,197.42,4.2,829.16,46.06,0.0658,0.0,31.0,31.0,0.0,50.05,51.4
633D,pass@32,7.0,27.0,17.0,34.0,34.0,51.0,148.03,259.46,4.41,1143.55,63.53,0.0865,11.0,32.0,32.0,0.0,48.78,48.78
641D,pass@1,4.0,11.0,10.0,18.0,15.0,28.0,46.05,109.39,3.27,358.01,19.89,0.0365,2.0,18.0,18.0,0.0,58.07,58.07
641D,pass@5,4.0,11.0,10.0,18.0,15.0,28.0,46.05,109.39,3.27,358.01,19.89,0.0365,2.0,18.0,18.0,0.0,58.07,58.07
641D,pass@6,4.0,11.0,10.0,18.0,15.0,28.0,46.05,109.39,3.27,358.01,19.89,0.0365,2.0,18.0,18.0,0.0,58.07,58.07
641D,pass@12,4.0,11.0,10.0,18.0,15.0,28.0,46.05,109.39,3.27,358.01,19.89,0.0365,2.0,18.0,18.0,0.0,58.07,58.07
641D,pass@3,4.0,26.0,16.0,32.0,30.0,48.0,130.21,235.53,2.46,579.77,32.21,0.0785,0.0,17.0,17.0,0.0,56.15,56.55
641D,pass@11,4.0,11.0,10.0,18.0,15.0,28.0,46.05,109.39,3.27,358.01,19.89,0.0365,2.0,18.0,18.0,0.0,58.07,58.07
641D,pass@13,5.0,16.0,14.0,26.0,21.0,40.0,75.61,175.69,4.06,713.75,39.65,0.0586,2.0,18.0,18.0,0.0,56.63,56.63
641D,pass@7,6.0,24.0,19.0,36.0,30.0,55.0,125.55,269.88,4.5,1214.46,67.47,0.09,2.0,24.0,24.0,0.0,52.6,52.6
641D,pass@2,7.0,37.0,32.0,62.0,44.0,94.0,212.4,513.19,5.86,3009.77,167.21,0.1711,4.0,25.0,25.0,0.0,49.99,49.99
641D,pass@16,6.0,25.0,20.0,38.0,31.0,58.0,131.61,287.34,4.56,1310.29,72.79,0.0958,2.0,24.0,24.0,0.0,52.41,52.41
641D,pass@9,6.0,25.0,19.0,36.0,31.0,55.0,131.61,272.48,4.32,1177.12,65.4,0.0908,2.0,24.0,24.0,0.0,52.57,52.57
641D,pass@10,5.0,41.0,29.0,58.0,46.0,87.0,231.27,480.55,3.54,1699.51,94.42,0.1602,0.0,22.0,22.0,0.0,51.4,51.94
641D,pass@15,6.0,24.0,19.0,36.0,30.0,55.0,125.55,269.88,4.5,1214.46,67.47,0.09,2.0,24.0,24.0,0.0,52.6,52.6
641D,pass@8,8.0,32.0,29.0,56.0,40.0,85.0,184.0,452.36,7.0,3166.55,175.92,0.1508,6.0,29.0,29.0,0.0,48.7,48.7
641D,pass@4,7.0,33.0,28.0,54.0,40.0,82.0,186.12,436.4,5.73,2499.37,138.85,0.1455,4.0,27.0,27.0,0.0,49.75,49.75
641D,pass@14,7.0,29.0,26.0,50.0,36.0,76.0,160.53,392.91,6.03,2371.03,131.72,0.131,3.0,30.0,30.0,13.33,69.28,69.28
641D,pass@20,4.0,11.0,10.0,18.0,15.0,28.0,46.05,109.39,3.27,358.01,19.89,0.0365,2.0,18.0,18.0,0.0,58.07,58.07
641D,pass@22,4.0,11.0,10.0,18.0,15.0,28.0,46.05,109.39,3.27,358.01,19.89,0.0365,2.0,18.0,18.0,0.0,58.07,58.07
641D,pass@21,4.0,11.0,10.0,18.0,15.0,28.0,46.05,109.39,3.27,358.01,19.89,0.0365,2.0,18.0,18.0,0.0,58.07,58.07
641D,pass@23,4.0,11.0,10.0,18.0,15.0,28.0,46.05,109.39,3.27,358.01,19.89,0.0365,2.0,18.0,18.0,0.0,58.07,58.07
641D,pass@18,5.0,15.0,13.0,24.0,20.0,37.0,70.21,159.91,4.0,639.65,35.54,0.0533,2.0,19.0,19.0,0.0,56.4,56.4
641D,pass@19,6.0,24.0,19.0,36.0,30.0,55.0,125.55,269.88,4.5,1214.46,67.47,0.09,2.0,24.0,24.0,0.0,52.6,52.6
641D,pass@26,5.0,16.0,14.0,26.0,21.0,40.0,75.61,175.69,4.06,713.75,39.65,0.0586,2.0,18.0,18.0,0.0,56.63,56.63
641D,pass@17,6.0,34.0,29.0,56.0,40.0,85.0,188.48,452.36,4.94,2235.21,124.18,0.1508,4.0,28.0,28.0,0.0,49.3,49.3
641D,pass@29,4.0,11.0,10.0,18.0,15.0,28.0,46.05,109.39,3.27,358.01,19.89,0.0365,2.0,18.0,18.0,0.0,58.07,58.07
641D,pass@28,4.0,11.0,10.0,18.0,15.0,28.0,46.05,109.39,3.27,358.01,19.89,0.0365,2.0,18.0,18.0,0.0,58.07,58.07
641D,pass@30,6.0,26.0,21.0,40.0,32.0,61.0,137.72,305.0,4.62,1407.69,78.21,0.1017,2.0,24.0,24.0,0.0,52.23,52.23
641D,pass@32,4.0,11.0,10.0,18.0,15.0,28.0,46.05,109.39,3.27,358.01,19.89,0.0365,2.0,18.0,18.0,0.0,58.07,58.07
641D,pass@24,5.0,35.0,29.0,58.0,40.0,87.0,191.13,463.01,4.14,1918.17,106.57,0.1543,5.0,33.0,33.0,0.0,47.54,47.54
641D,pass@27,6.0,34.0,31.0,60.0,40.0,91.0,188.48,484.3,5.29,2563.92,142.44,0.1614,5.0,31.0,31.0,0.0,47.99,47.99
641D,pass@25,8.0,34.0,35.0,66.0,42.0,101.0,196.97,544.62,7.76,4228.85,234.94,0.1815,6.0,45.0,45.0,20.0,67.35,67.35
641D,pass@31,6.0,28.0,22.0,42.0,34.0,64.0,150.12,325.6,4.5,1465.19,81.4,0.1085,2.0,25.0,25.0,72.0,80.37,80.37
643B,pass@9,6.0,16.0,11.0,21.0,22.0,32.0,79.51,142.7,3.94,561.89,31.22,0.0476,0.0,10.0,10.0,0.0,62.43,63.1
643B,pass@12,6.0,16.0,11.0,21.0,22.0,32.0,79.51,142.7,3.94,561.89,31.22,0.0476,0.0,10.0,10.0,0.0,62.43,63.1
643B,pass@4,6.0,16.0,11.0,21.0,22.0,32.0,79.51,142.7,3.94,561.89,31.22,0.0476,0.0,13.0,13.0,0.0,59.94,60.62
643B,pass@2,6.0,16.0,11.0,21.0,22.0,32.0,79.51,142.7,3.94,561.89,31.22,0.0476,0.0,13.0,13.0,0.0,59.94,60.62
643B,pass@10,6.0,16.0,11.0,21.0,22.0,32.0,79.51,142.7,3.94,561.89,31.22,0.0476,0.0,10.0,10.0,20.0,85.81,86.48
643B,pass@15,6.0,16.0,11.0,21.0,22.0,32.0,79.51,142.7,3.94,561.89,31.22,0.0476,0.0,10.0,10.0,20.0,85.81,86.48
643B,pass@8,6.0,16.0,11.0,21.0,22.0,32.0,79.51,142.7,3.94,561.89,31.22,0.0476,0.0,10.0,10.0,20.0,85.81,86.48
643B,pass@1,6.0,16.0,11.0,21.0,22.0,32.0,79.51,142.7,3.94,561.89,31.22,0.0476,0.0,10.0,10.0,20.0,85.81,86.48
643B,pass@13,6.0,16.0,11.0,21.0,22.0,32.0,79.51,142.7,3.94,561.89,31.22,0.0476,0.0,10.0,10.0,20.0,85.81,86.48
643B,pass@7,6.0,16.0,11.0,21.0,22.0,32.0,79.51,142.7,3.94,561.89,31.22,0.0476,0.0,10.0,10.0,20.0,85.81,86.48
643B,pass@16,6.0,16.0,11.0,21.0,22.0,32.0,79.51,142.7,3.94,561.89,31.22,0.0476,0.0,13.0,13.0,0.0,59.94,60.62
643B,pass@11,6.0,9.0,7.0,13.0,15.0,20.0,44.04,78.14,4.33,338.6,18.81,0.026,0.0,19.0,19.0,10.53,76.39,77.06
643B,pass@3,6.0,9.0,7.0,13.0,15.0,20.0,44.04,78.14,4.33,338.6,18.81,0.026,0.0,16.0,16.0,12.5,79.36,80.04
643B,pass@14,6.0,16.0,11.0,21.0,22.0,32.0,79.51,142.7,3.94,561.89,31.22,0.0476,0.0,13.0,13.0,0.0,59.94,60.62
643B,pass@6,6.0,16.0,11.0,21.0,22.0,32.0,79.51,142.7,3.94,561.89,31.22,0.0476,0.0,10.0,10.0,20.0,85.81,86.48
643B,pass@5,6.0,16.0,11.0,21.0,22.0,32.0,79.51,142.7,3.94,561.89,31.22,0.0476,0.0,13.0,13.0,15.38,81.18,81.85
643B,pass@23,6.0,16.0,11.0,21.0,22.0,32.0,79.51,142.7,3.94,561.89,31.22,0.0476,0.0,10.0,10.0,0.0,62.43,63.1
643B,pass@21,6.0,16.0,11.0,21.0,22.0,32.0,79.51,142.7,3.94,561.89,31.22,0.0476,0.0,13.0,13.0,0.0,59.94,60.62
643B,pass@18,6.0,16.0,11.0,21.0,22.0,32.0,79.51,142.7,3.94,561.89,31.22,0.0476,0.0,10.0,10.0,20.0,85.81,86.48
643B,pass@22,6.0,16.0,11.0,21.0,22.0,32.0,79.51,142.7,3.94,561.89,31.22,0.0476,0.0,13.0,13.0,0.0,59.94,60.62
643B,pass@30,6.0,16.0,11.0,21.0,22.0,32.0,79.51,142.7,3.94,561.89,31.22,0.0476,0.0,10.0,10.0,0.0,62.43,63.1
643B,pass@20,6.0,16.0,11.0,21.0,22.0,32.0,79.51,142.7,3.94,561.89,31.22,0.0476,0.0,10.0,10.0,10.0,80.25,80.92
643B,pass@24,6.0,16.0,11.0,21.0,22.0,32.0,79.51,142.7,3.94,561.89,31.22,0.0476,0.0,10.0,10.0,20.0,85.81,86.48
643B,pass@19,7.0,20.0,15.0,28.0,27.0,43.0,106.09,204.46,4.9,1001.85,55.66,0.0682,0.0,13.0,13.0,15.38,79.81,80.75
643B,pass@28,6.0,16.0,11.0,21.0,22.0,32.0,79.51,142.7,3.94,561.89,31.22,0.0476,0.0,10.0,10.0,20.0,85.81,86.48
643B,pass@29,6.0,16.0,11.0,21.0,22.0,32.0,79.51,142.7,3.94,561.89,31.22,0.0476,0.0,10.0,10.0,20.0,85.81,86.48
643B,pass@25,6.0,16.0,11.0,21.0,22.0,32.0,79.51,142.7,3.94,561.89,31.22,0.0476,0.0,13.0,13.0,23.08,84.47,85.15
643B,pass@26,6.0,9.0,7.0,13.0,15.0,20.0,44.04,78.14,4.33,338.6,18.81,0.026,0.0,19.0,19.0,10.53,76.39,77.06
643B,pass@27,6.0,16.0,11.0,21.0,22.0,32.0,79.51,142.7,3.94,561.89,31.22,0.0476,0.0,10.0,10.0,30.0,88.93,89.61
643B,pass@31,6.0,16.0,11.0,21.0,22.0,32.0,79.51,142.7,3.94,561.89,31.22,0.0476,0.0,10.0,10.0,20.0,85.81,86.48
643B,pass@32,6.0,16.0,11.0,21.0,22.0,32.0,79.51,142.7,3.94,561.89,31.22,0.0476,0.0,10.0,10.0,20.0,85.81,86.48
643B,pass@17,6.0,16.0,11.0,21.0,22.0,32.0,79.51,142.7,3.94,561.89,31.22,0.0476,0.0,10.0,10.0,80.0,90.51,91.18
645B,pass@4,4.0,11.0,10.0,20.0,15.0,30.0,46.05,117.21,3.64,426.21,23.68,0.0391,0.0,6.0,6.0,0.0,68.27,68.54
645B,pass@6,4.0,11.0,10.0,20.0,15.0,30.0,46.05,117.21,3.64,426.21,23.68,0.0391,0.0,6.0,6.0,0.0,68.27,68.54
645B,pass@1,4.0,11.0,10.0,20.0,15.0,30.0,46.05,117.21,3.64,426.21,23.68,0.0391,0.0,6.0,6.0,0.0,68.27,68.54
645B,pass@2,4.0,11.0,10.0,20.0,15.0,30.0,46.05,117.21,3.64,426.21,23.68,0.0391,0.0,6.0,6.0,0.0,68.27,68.54
645B,pass@16,4.0,11.0,10.0,20.0,15.0,30.0,46.05,117.21,3.64,426.21,23.68,0.0391,0.0,6.0,6.0,0.0,68.27,68.54
645B,pass@7,4.0,12.0,11.0,22.0,16.0,33.0,51.02,132.0,3.67,484.0,26.89,0.044,0.0,6.0,6.0,0.0,67.91,68.18
645B,pass@12,5.0,11.0,11.0,22.0,16.0,33.0,49.66,132.0,5.0,660.0,36.67,0.044,0.0,9.0,9.0,0.0,63.93,64.34
645B,pass@10,4.0,12.0,11.0,22.0,16.0,33.0,51.02,132.0,3.67,484.0,26.89,0.044,0.0,6.0,6.0,0.0,67.91,68.18
645B,pass@3,5.0,11.0,11.0,22.0,16.0,33.0,49.66,132.0,5.0,660.0,36.67,0.044,0.0,9.0,9.0,0.0,63.93,64.34
645B,pass@15,5.0,11.0,11.0,22.0,16.0,33.0,49.66,132.0,5.0,660.0,36.67,0.044,0.0,9.0,9.0,0.0,63.93,64.34
645B,pass@9,5.0,11.0,11.0,22.0,16.0,33.0,49.66,132.0,5.0,660.0,36.67,0.044,0.0,10.0,10.0,0.0,62.93,63.34
645B,pass@8,4.0,12.0,11.0,22.0,16.0,33.0,51.02,132.0,3.67,484.0,26.89,0.044,0.0,9.0,9.0,0.0,64.07,64.34
645B,pass@5,4.0,11.0,10.0,20.0,15.0,30.0,46.05,117.21,3.64,426.21,23.68,0.0391,0.0,6.0,6.0,0.0,68.27,68.54
645B,pass@13,5.0,11.0,11.0,22.0,16.0,33.0,49.66,132.0,5.0,660.0,36.67,0.044,0.0,10.0,10.0,0.0,62.93,63.34
645B,pass@11,5.0,11.0,11.0,22.0,16.0,33.0,49.66,132.0,5.0,660.0,36.67,0.044,0.0,9.0,9.0,0.0,63.93,64.34
645B,pass@14,5.0,11.0,11.0,22.0,16.0,33.0,49.66,132.0,5.0,660.0,36.67,0.044,0.0,9.0,9.0,0.0,63.93,64.34
645B,pass@24,4.0,12.0,11.0,22.0,16.0,33.0,51.02,132.0,3.67,484.0,26.89,0.044,0.0,6.0,6.0,0.0,67.91,68.18
645B,pass@22,5.0,11.0,11.0,22.0,16.0,33.0,49.66,132.0,5.0,660.0,36.67,0.044,0.0,9.0,9.0,0.0,63.93,64.34
645B,pass@21,5.0,11.0,11.0,22.0,16.0,33.0,49.66,132.0,5.0,660.0,36.67,0.044,0.0,9.0,9.0,0.0,63.93,64.34
645B,pass@17,5.0,11.0,11.0,22.0,16.0,33.0,49.66,132.0,5.0,660.0,36.67,0.044,0.0,9.0,9.0,0.0,63.93,64.34
645B,pass@19,5.0,11.0,11.0,22.0,16.0,33.0,49.66,132.0,5.0,660.0,36.67,0.044,0.0,9.0,9.0,0.0,63.93,64.34
645B,pass@23,4.0,12.0,11.0,22.0,16.0,33.0,51.02,132.0,3.67,484.0,26.89,0.044,0.0,6.0,6.0,0.0,67.91,68.18
645B,pass@20,5.0,11.0,11.0,22.0,16.0,33.0,49.66,132.0,5.0,660.0,36.67,0.044,0.0,9.0,9.0,0.0,63.93,64.34
645B,pass@26,4.0,12.0,11.0,22.0,16.0,33.0,51.02,132.0,3.67,484.0,26.89,0.044,0.0,6.0,6.0,0.0,67.91,68.18
645B,pass@18,4.0,11.0,10.0,20.0,15.0,30.0,46.05,117.21,3.64,426.21,23.68,0.0391,0.0,6.0,6.0,0.0,68.27,68.54
645B,pass@25,5.0,12.0,12.0,24.0,17.0,36.0,54.63,147.15,5.0,735.74,40.87,0.049,0.0,9.0,9.0,0.0,63.6,64.01
645B,pass@31,4.0,11.0,10.0,20.0,15.0,30.0,46.05,117.21,3.64,426.21,23.68,0.0391,0.0,6.0,6.0,0.0,68.27,68.54
645B,pass@30,4.0,12.0,11.0,22.0,16.0,33.0,51.02,132.0,3.67,484.0,26.89,0.044,0.0,6.0,6.0,0.0,67.91,68.18
645B,pass@27,5.0,12.0,12.0,24.0,17.0,36.0,54.63,147.15,5.0,735.74,40.87,0.049,0.0,9.0,9.0,0.0,63.6,64.01
645B,pass@28,4.0,12.0,11.0,22.0,16.0,33.0,51.02,132.0,3.67,484.0,26.89,0.044,0.0,6.0,6.0,0.0,67.91,68.18
645B,pass@29,5.0,11.0,11.0,22.0,16.0,33.0,49.66,132.0,5.0,660.0,36.67,0.044,0.0,10.0,10.0,0.0,62.93,63.34
645B,pass@32,5.0,11.0,11.0,22.0,16.0,33.0,49.66,132.0,5.0,660.0,36.67,0.044,0.0,9.0,9.0,0.0,63.93,64.34
653A,pass@1,4.0,13.0,10.0,21.0,17.0,31.0,56.11,126.71,3.23,409.38,22.74,0.0422,0.0,10.0,10.0,0.0,62.66,63.46
653A,pass@5,4.0,13.0,10.0,21.0,17.0,31.0,56.11,126.71,3.23,409.38,22.74,0.0422,0.0,10.0,10.0,0.0,62.66,63.46
653A,pass@3,4.0,13.0,10.0,21.0,17.0,31.0,56.11,126.71,3.23,409.38,22.74,0.0422,0.0,10.0,10.0,0.0,62.66,63.46
653A,pass@4,4.0,13.0,10.0,21.0,17.0,31.0,56.11,126.71,3.23,409.38,22.74,0.0422,0.0,10.0,10.0,0.0,62.66,63.46
653A,pass@16,4.0,12.0,8.0,16.0,16.0,24.0,51.02,96.0,2.67,256.0,14.22,0.032,0.0,9.0,9.0,0.0,64.63,65.3
653A,pass@14,4.0,11.0,8.0,16.0,15.0,24.0,46.05,93.77,2.91,272.77,15.15,0.0313,0.0,10.0,10.0,10.0,81.52,82.2
653A,pass@15,4.0,13.0,10.0,21.0,17.0,31.0,56.11,126.71,3.23,409.38,22.74,0.0422,0.0,10.0,10.0,0.0,62.66,63.46
653A,pass@9,4.0,11.0,8.0,16.0,15.0,24.0,46.05,93.77,2.91,272.77,15.15,0.0313,0.0,10.0,10.0,0.0,63.71,64.38
653A,pass@13,4.0,13.0,10.0,21.0,17.0,31.0,56.11,126.71,3.23,409.38,22.74,0.0422,0.0,10.0,10.0,0.0,62.66,63.46
653A,pass@6,4.0,13.0,10.0,21.0,17.0,31.0,56.11,126.71,3.23,409.38,22.74,0.0422,0.0,10.0,10.0,0.0,62.66,63.46
653A,pass@7,4.0,13.0,10.0,21.0,17.0,31.0,56.11,126.71,3.23,409.38,22.74,0.0422,0.0,10.0,10.0,0.0,62.66,63.46
653A,pass@10,4.0,11.0,8.0,16.0,15.0,24.0,46.05,93.77,2.91,272.77,15.15,0.0313,0.0,10.0,10.0,0.0,63.71,64.38
653A,pass@2,5.0,10.0,8.0,15.0,15.0,23.0,44.83,89.86,3.75,336.97,18.72,0.03,0.0,10.0,10.0,0.0,63.83,64.51
653A,pass@11,4.0,13.0,10.0,21.0,17.0,31.0,56.11,126.71,3.23,409.38,22.74,0.0422,0.0,10.0,10.0,0.0,62.66,63.46
653A,pass@8,4.0,13.0,10.0,21.0,17.0,31.0,56.11,126.71,3.23,409.38,22.74,0.0422,0.0,10.0,10.0,0.0,62.66,63.46
653A,pass@12,4.0,13.0,10.0,21.0,17.0,31.0,56.11,126.71,3.23,409.38,22.74,0.0422,0.0,10.0,10.0,0.0,62.66,63.46
653A,pass@22,3.0,6.0,4.0,8.0,9.0,12.0,20.26,38.04,2.0,76.08,4.23,0.0127,0.0,9.0,9.0,0.0,67.58,68.12
653A,pass@18,4.0,11.0,8.0,16.0,15.0,24.0,46.05,93.77,2.91,272.77,15.15,0.0313,0.0,10.0,10.0,0.0,63.71,64.38
653A,pass@24,3.0,6.0,4.0,8.0,9.0,12.0,20.26,38.04,2.0,76.08,4.23,0.0127,0.0,9.0,9.0,0.0,67.58,68.12
653A,pass@23,3.0,6.0,4.0,8.0,9.0,12.0,20.26,38.04,2.0,76.08,4.23,0.0127,0.0,9.0,9.0,0.0,67.58,68.12
653A,pass@19,4.0,13.0,10.0,21.0,17.0,31.0,56.11,126.71,3.23,409.38,22.74,0.0422,0.0,10.0,10.0,0.0,62.66,63.46
653A,pass@17,4.0,13.0,10.0,21.0,17.0,31.0,56.11,126.71,3.23,409.38,22.74,0.0422,0.0,10.0,10.0,0.0,62.66,63.46
653A,pass@21,3.0,6.0,4.0,8.0,9.0,12.0,20.26,38.04,2.0,76.08,4.23,0.0127,0.0,9.0,9.0,0.0,67.58,68.12
653A,pass@25,4.0,13.0,10.0,21.0,17.0,31.0,56.11,126.71,3.23,409.38,22.74,0.0422,0.0,10.0,10.0,0.0,62.66,63.46
653A,pass@20,4.0,13.0,10.0,21.0,17.0,31.0,56.11,126.71,3.23,409.38,22.74,0.0422,0.0,10.0,10.0,0.0,62.66,63.46
653A,pass@26,4.0,11.0,8.0,16.0,15.0,24.0,46.05,93.77,2.91,272.77,15.15,0.0313,0.0,10.0,10.0,0.0,63.71,64.38
653A,pass@30,4.0,13.0,10.0,21.0,17.0,31.0,56.11,126.71,3.23,409.38,22.74,0.0422,0.0,10.0,10.0,0.0,62.66,63.46
653A,pass@27,4.0,13.0,10.0,21.0,17.0,31.0,56.11,126.71,3.23,409.38,22.74,0.0422,0.0,10.0,10.0,0.0,62.66,63.46
653A,pass@29,4.0,13.0,10.0,21.0,17.0,31.0,56.11,126.71,3.23,409.38,22.74,0.0422,0.0,10.0,10.0,0.0,62.66,63.46
653A,pass@28,4.0,13.0,10.0,21.0,17.0,31.0,56.11,126.71,3.23,409.38,22.74,0.0422,0.0,10.0,10.0,0.0,62.66,63.46
653A,pass@32,4.0,11.0,8.0,16.0,15.0,24.0,46.05,93.77,2.91,272.77,15.15,0.0313,0.0,10.0,10.0,0.0,63.71,64.38
653A,pass@31,4.0,13.0,10.0,21.0,17.0,31.0,56.11,126.71,3.23,409.38,22.74,0.0422,0.0,10.0,10.0,0.0,62.66,63.46
662D,pass@5,4.0,6.0,4.0,6.0,10.0,10.0,23.51,33.22,2.0,66.44,3.69,0.0111,0.0,24.0,25.0,12.5,77.47,78.41
662D,pass@10,7.0,11.0,12.0,23.0,18.0,35.0,57.71,145.95,7.32,1068.07,59.34,0.0486,0.0,29.0,30.0,3.45,62.25,63.6
662D,pass@8,5.0,35.0,25.0,50.0,40.0,75.0,191.13,399.14,3.57,1425.52,79.2,0.133,0.0,27.0,27.0,0.0,49.35,50.56
662D,pass@12,5.0,12.0,8.0,16.0,17.0,24.0,54.63,98.1,3.33,327.0,18.17,0.0327,0.0,23.0,23.0,30.43,82.01,82.96
662D,pass@15,5.0,10.0,7.0,14.0,15.0,21.0,44.83,82.04,3.5,287.16,15.95,0.0273,0.0,20.0,20.0,80.0,85.49,86.3
662D,pass@1,5.0,13.0,9.0,18.0,18.0,27.0,59.72,112.59,3.46,389.73,21.65,0.0375,0.0,22.0,22.0,77.27,83.87,84.68
662D,pass@18,8.0,15.0,12.0,24.0,23.0,36.0,82.6,162.85,6.4,1042.23,57.9,0.0543,0.0,17.0,17.0,0.0,56.46,57.67
662D,pass@14,8.0,22.0,17.0,34.0,30.0,51.0,122.11,250.25,6.18,1547.01,85.94,0.0834,0.0,24.0,24.0,66.67,81.05,82.12
662D,pass@11,8.0,24.0,21.0,40.0,32.0,61.0,134.04,305.0,6.67,2033.33,112.96,0.1017,0.0,26.0,27.0,57.69,79.81,80.62
662D,pass@9,5.0,9.0,8.0,16.0,14.0,24.0,40.14,91.38,4.44,406.12,22.56,0.0305,0.0,16.0,16.0,106.25,84.16,84.7
662D,pass@4,5.0,11.0,9.0,18.0,16.0,27.0,49.66,108.0,4.09,441.82,24.55,0.036,0.0,15.0,15.0,146.67,76.85,77.38
662D,pass@20,6.0,14.0,11.0,21.0,20.0,32.0,68.81,138.3,4.5,622.36,34.58,0.0461,0.0,26.0,27.0,0.0,52.71,53.79
662D,pass@2,5.0,9.0,8.0,16.0,14.0,24.0,40.14,91.38,4.44,406.12,22.56,0.0305,0.0,15.0,15.0,126.67,81.25,81.78
662D,pass@21,8.0,15.0,12.0,23.0,23.0,35.0,82.6,158.32,6.13,971.06,53.95,0.0528,0.0,23.0,24.0,0.0,53.55,54.49
662D,pass@13,9.0,26.0,24.0,48.0,35.0,72.0,150.74,369.31,8.31,3068.1,170.45,0.1231,0.0,32.0,32.0,75.0,76.89,77.7
662D,pass@17,7.0,16.0,16.0,32.0,23.0,48.0,83.65,217.13,7.0,1519.92,84.44,0.0724,0.0,22.0,22.0,63.64,82.82,83.5
662D,pass@3,6.0,21.0,21.0,42.0,27.0,63.0,107.75,299.56,6.0,1797.35,99.85,0.0999,0.0,24.0,24.0,125.0,73.09,74.03
662D,pass@16,5.0,10.0,7.0,13.0,15.0,20.0,44.83,78.14,3.25,253.95,14.11,0.026,0.0,24.0,25.0,137.5,74.14,75.35
662D,pass@6,12.0,35.0,36.0,70.0,47.0,106.0,222.54,588.79,12.0,7065.44,392.52,0.1963,0.0,52.0,52.0,42.31,69.67,71.69
662D,pass@24,8.0,10.0,9.0,17.0,18.0,26.0,57.22,108.42,6.8,737.24,40.96,0.0361,0.0,18.0,19.0,77.78,85.47,86.14
662D,pass@26,9.0,27.0,25.0,50.0,36.0,75.0,156.91,387.74,8.33,3231.2,179.51,0.1292,0.0,24.0,24.0,37.5,78.88,79.68
662D,pass@30,6.0,14.0,9.0,18.0,20.0,27.0,68.81,116.69,3.86,450.1,25.01,0.0389,0.0,20.0,20.0,45.0,85.24,85.91
662D,pass@23,8.0,24.0,23.0,46.0,32.0,69.0,134.04,345.0,7.67,2645.0,146.94,0.115,0.0,20.0,20.0,50.0,82.25,82.93
662D,pass@7,9.0,14.0,13.0,24.0,23.0,37.0,81.83,167.37,7.71,1291.15,71.73,0.0558,0.0,27.0,27.0,196.3,59.17,60.11
662D,pass@22,8.0,15.0,15.0,30.0,23.0,45.0,82.6,203.56,8.0,1628.48,90.47,0.0679,0.0,22.0,22.0,100.0,79.52,80.19
662D,pass@25,5.0,11.0,9.0,18.0,16.0,27.0,49.66,108.0,4.09,441.82,24.55,0.036,0.0,16.0,16.0,87.5,86.25,86.78
662D,pass@28,5.0,8.0,6.0,12.0,13.0,18.0,35.61,66.61,3.75,249.78,13.88,0.0222,0.0,13.0,13.0,215.38,65.33,65.87
662D,pass@27,8.0,14.0,11.0,21.0,22.0,32.0,77.3,142.7,6.0,856.21,47.57,0.0476,0.0,16.0,17.0,181.25,67.48,68.15
662D,pass@29,8.0,23.0,20.0,38.0,31.0,58.0,128.04,287.34,6.61,1898.96,105.5,0.0958,0.0,32.0,34.0,71.88,76.9,78.11
662D,pass@32,9.0,21.0,25.0,50.0,30.0,75.0,120.77,368.02,10.71,3943.04,219.06,0.1227,0.0,31.0,32.0,64.52,77.24,78.31
662D,pass@19,9.0,17.0,13.0,25.0,26.0,38.0,98.02,178.62,6.62,1182.02,65.67,0.0595,0.0,35.0,36.0,165.71,62.56,63.63
662D,pass@31,6.0,12.0,10.0,20.0,18.0,30.0,58.53,125.1,5.0,625.49,34.75,0.0417,0.0,18.0,18.0,238.89,55.61,56.15
663B,pass@5,6.0,10.0,6.0,11.0,16.0,17.0,48.73,68.0,3.3,224.4,12.47,0.0227,0.0,15.0,16.0,46.67,88.85,89.79
663B,pass@4,7.0,12.0,9.0,18.0,19.0,27.0,62.67,114.69,5.25,602.14,33.45,0.0382,0.0,16.0,16.0,56.25,88.01,88.55
663B,pass@9,4.0,7.0,5.0,8.0,11.0,13.0,27.65,44.97,2.29,102.79,5.71,0.015,0.0,22.0,23.0,27.27,83.73,84.54
663B,pass@2,8.0,17.0,17.0,33.0,25.0,50.0,93.49,232.19,7.76,1802.91,100.16,0.0774,0.0,19.0,20.0,63.16,83.4,84.21
663B,pass@3,8.0,14.0,15.0,27.0,22.0,42.0,77.3,187.3,7.71,1444.86,80.27,0.0624,0.0,31.0,32.0,51.61,79.05,80.4
663B,pass@7,3.0,5.0,3.0,6.0,8.0,9.0,16.36,27.0,1.8,48.6,2.7,0.009,0.0,14.0,14.0,114.29,87.81,88.35
663B,pass@14,11.0,15.0,16.0,29.0,26.0,45.0,96.66,211.52,10.63,2249.16,124.95,0.0705,0.0,26.0,27.0,69.23,80.18,81.39
663B,pass@15,8.0,15.0,14.0,28.0,23.0,42.0,82.6,189.99,7.47,1418.59,78.81,0.0633,0.0,18.0,18.0,105.56,80.79,81.47
663B,pass@11,4.0,10.0,7.0,14.0,14.0,21.0,41.22,79.95,2.8,223.87,12.44,0.0267,0.0,14.0,14.0,107.14,85.82,86.23
663B,pass@1,9.0,16.0,13.0,26.0,25.0,39.0,92.53,181.11,7.31,1324.37,73.58,0.0604,0.0,24.0,24.0,100.0,78.92,79.72
663B,pass@6,4.0,9.0,6.0,12.0,13.0,18.0,36.53,66.61,2.67,177.62,9.87,0.0222,0.0,13.0,13.0,169.23,75.14,75.55
663B,pass@16,5.0,8.0,6.0,12.0,13.0,18.0,35.61,66.61,3.75,249.78,13.88,0.0222,0.0,15.0,15.0,160.0,75.58,76.12
663B,pass@12,3.0,8.0,6.0,12.0,11.0,18.0,28.75,62.27,2.25,140.11,7.78,0.0208,0.0,20.0,20.0,125.0,79.86,80.53
663B,pass@13,8.0,21.0,23.0,46.0,29.0,69.0,116.24,335.2,8.76,2937.0,163.17,0.1117,0.0,31.0,31.0,67.74,77.68,78.76
663B,pass@19,4.0,36.0,31.0,62.0,40.0,93.0,194.12,494.94,3.44,1704.79,94.71,0.165,0.0,58.0,58.0,0.0,39.98,42.67
663B,pass@10,5.0,9.0,7.0,14.0,14.0,21.0,40.14,79.95,3.89,310.93,17.27,0.0267,0.0,17.0,17.0,217.65,61.77,62.31
663B,pass@17,7.0,11.0,13.0,26.0,18.0,39.0,57.71,162.63,8.27,1345.37,74.74,0.0542,0.0,22.0,22.0,68.18,83.25,84.19
663B,pass@21,8.0,13.0,12.0,22.0,21.0,34.0,72.11,149.34,6.77,1010.91,56.16,0.0498,0.0,33.0,34.0,39.39,78.07,79.55
663B,pass@26,8.0,19.0,24.0,47.0,27.0,71.0,104.71,337.6,9.89,3340.43,185.58,0.1125,0.0,27.0,28.0,25.93,74.95,76.16
663B,pass@25,6.0,14.0,10.0,20.0,20.0,30.0,68.81,129.66,4.29,555.68,30.87,0.0432,0.0,24.0,24.0,62.5,83.46,84.27
663B,pass@24,6.0,12.0,10.0,20.0,18.0,30.0,58.53,125.1,5.0,625.49,34.75,0.0417,0.0,18.0,18.0,83.33,85.01,85.68
663B,pass@20,11.0,32.0,36.0,70.0,43.0,106.0,198.05,575.18,12.03,6920.18,384.45,0.1917,0.0,39.0,40.0,38.46,72.71,73.78
663B,pass@31,4.0,8.0,5.0,10.0,12.0,15.0,32.0,53.77,2.5,134.44,7.47,0.0179,0.0,15.0,15.0,53.33,91.02,91.42
663B,pass@30,4.0,9.0,7.0,14.0,13.0,21.0,36.53,77.71,3.11,241.76,13.43,0.0259,0.0,14.0,14.0,85.71,88.71,89.25
663B,pass@23,6.0,10.0,7.0,13.0,16.0,20.0,48.73,80.0,3.9,312.0,17.33,0.0267,0.0,19.0,20.0,121.05,79.55,80.49
663B,pass@27,5.0,8.0,6.0,12.0,13.0,18.0,35.61,66.61,3.75,249.78,13.88,0.0222,0.0,14.0,14.0,228.57,61.95,62.49
663B,pass@18,8.0,29.0,29.0,55.0,37.0,84.0,164.88,437.59,7.59,3319.68,184.43,0.1459,0.0,39.0,41.0,79.49,72.97,74.45
663B,pass@22,4.0,9.0,5.0,10.0,13.0,15.0,36.53,55.51,2.22,123.35,6.85,0.0185,0.0,19.0,19.0,215.79,62.07,62.75
663B,pass@29,6.0,14.0,11.0,21.0,20.0,32.0,68.81,138.3,4.5,622.36,34.58,0.0461,0.0,26.0,27.0,96.15,78.9,79.97
663B,pass@32,8.0,14.0,17.0,33.0,22.0,50.0,77.3,222.97,9.43,2102.3,116.79,0.0743,0.0,27.0,27.0,137.04,70.58,71.53
663B,pass@8,8.0,15.0,14.0,26.0,23.0,40.0,82.6,180.94,6.93,1254.53,69.7,0.0603,0.0,39.0,41.0,194.87,54.6,56.22
663B,pass@28,4.0,15.0,14.0,28.0,19.0,42.0,66.6,178.41,3.73,666.08,37.0,0.0595,0.0,19.0,20.0,747.37,38.5,38.9
664B,pass@9,9.0,21.0,21.0,39.0,30.0,60.0,120.77,294.41,8.36,2460.46,136.69,0.0981,0.0,37.0,37.0,0.0,46.76,48.5
664B,pass@1,10.0,25.0,32.0,58.0,35.0,90.0,149.32,461.64,11.6,5354.97,297.5,0.1539,0.0,47.0,47.0,0.0,42.18,44.87
664B,pass@11,10.0,32.0,28.0,54.0,42.0,82.0,193.22,442.17,8.44,3730.81,207.27,0.1474,0.0,37.0,37.0,10.81,64.34,65.68
664B,pass@6,8.0,28.0,32.0,59.0,36.0,91.0,158.61,470.46,8.43,3965.33,220.3,0.1568,0.0,54.0,55.0,5.56,54.76,57.04
664B,pass@14,11.0,57.0,56.0,109.0,68.0,165.0,370.53,1004.43,10.52,10564.15,586.9,0.3348,0.0,53.0,53.0,7.55,54.17,57.13
664B,pass@13,9.0,37.0,43.0,82.0,46.0,125.0,221.28,690.45,9.97,6885.79,382.54,0.2301,0.0,62.0,63.0,4.84,51.18,53.74
664B,pass@5,8.0,38.0,40.0,76.0,46.0,116.0,223.42,640.73,8.0,5125.87,284.77,0.2136,0.0,55.0,55.0,23.64,64.82,67.1
664B,pass@17,10.0,34.0,38.0,72.0,44.0,110.0,206.19,600.54,10.59,6358.63,353.26,0.2002,0.0,66.0,67.0,6.06,52.16,54.99
664B,pass@8,9.0,39.0,51.0,95.0,48.0,146.0,234.66,815.4,10.96,8938.09,496.56,0.2718,24.0,88.0,88.0,25.0,59.13,59.13
664B,pass@22,9.0,21.0,17.0,32.0,30.0,49.0,120.77,240.44,6.86,1648.72,91.6,0.0801,0.0,36.0,36.0,22.22,71.86,73.61
664B,pass@10,13.0,39.0,45.0,86.0,52.0,131.0,254.24,746.76,14.33,10703.53,594.64,0.2489,24.0,76.0,76.0,32.89,62.75,62.75
664B,pass@20,11.0,34.0,37.0,71.0,45.0,108.0,211.03,593.12,11.49,6812.16,378.45,0.1977,0.0,61.0,61.0,0.0,38.95,41.64
664B,pass@12,6.0,33.0,36.0,71.0,39.0,107.0,181.97,565.54,6.45,3650.29,202.79,0.1885,13.0,51.0,51.0,64.71,70.83,70.83
664B,pass@15,10.0,41.0,47.0,88.0,51.0,135.0,252.88,765.78,10.73,8218.1,456.56,0.2553,0.0,94.0,94.0,20.21,55.79,60.23
664B,pass@16,11.0,44.0,49.0,93.0,55.0,142.0,278.27,820.95,11.62,9543.58,530.2,0.2737,31.0,90.0,90.0,41.11,61.18,61.18
664B,pass@7,14.0,51.0,71.0,140.0,65.0,211.0,342.6,1270.72,19.22,24417.75,1356.54,0.4236,26.0,79.0,79.0,41.77,61.83,61.83
664B,pass@19,13.0,55.0,62.0,119.0,68.0,181.0,366.08,1101.83,14.06,15495.75,860.87,0.3673,29.0,87.0,87.0,14.94,53.49,53.49
664B,pass@4,12.0,45.0,67.0,127.0,57.0,194.0,290.15,1131.58,16.93,19161.43,1064.52,0.3772,46.0,122.0,123.0,22.95,51.33,51.33
664B,pass@3,11.0,61.0,89.0,176.0,72.0,265.0,399.83,1635.03,15.87,25946.05,1441.45,0.545,31.0,126.0,126.0,19.05,50.49,50.49
664B,pass@23,13.0,46.0,57.0,107.0,59.0,164.0,302.19,964.75,15.12,14586.65,810.37,0.3216,27.0,77.0,77.0,9.09,51.42,51.42
664B,pass@21,15.0,40.0,45.0,86.0,55.0,131.0,271.48,757.36,16.12,12212.4,678.47,0.2525,0.0,76.0,76.0,31.58,62.31,65.67
664B,pass@2,11.0,56.0,55.0,107.0,67.0,162.0,363.27,982.71,10.51,10327.19,573.73,0.3276,28.0,89.0,89.0,55.06,61.98,61.98
664B,pass@29,11.0,21.0,23.0,43.0,32.0,66.0,130.29,330.0,11.26,3716.43,206.47,0.11,14.0,54.0,54.0,5.56,56.41,56.41
664B,pass@28,9.0,35.0,41.0,77.0,44.0,118.0,208.05,644.21,9.9,6377.71,354.32,0.2147,0.0,68.0,69.0,0.0,37.26,40.22
664B,pass@26,8.0,36.0,34.0,63.0,44.0,97.0,210.12,529.56,7.0,3706.95,205.94,0.1765,0.0,58.0,58.0,15.52,61.34,63.76
664B,pass@25,9.0,29.0,28.0,54.0,38.0,82.0,169.41,430.33,8.38,3605.87,200.33,0.1434,21.0,59.0,59.0,28.81,66.32,66.32
664B,pass@24,13.0,56.0,59.0,108.0,69.0,167.0,373.32,1020.12,12.54,12787.98,710.44,0.34,38.0,96.0,96.0,12.5,50.14,50.14
664B,pass@27,9.0,32.0,30.0,59.0,41.0,89.0,188.53,476.82,8.3,3956.13,219.79,0.1589,13.0,58.0,58.0,44.83,69.78,69.78
664B,pass@32,10.0,37.0,38.0,73.0,47.0,111.0,225.97,616.56,9.86,6082.27,337.9,0.2055,25.0,73.0,73.0,13.7,56.75,56.75
664B,pass@30,13.0,38.0,47.0,90.0,51.0,137.0,247.53,777.12,15.39,11963.59,664.64,0.259,18.0,77.0,77.0,42.86,64.76,64.76
664B,pass@31,14.0,104.0,114.0,220.0,118.0,334.0,750.15,2298.8,14.81,34039.96,1891.11,0.7663,55.0,147.0,147.0,46.94,50.56,50.69
671A,pass@9,8.0,25.0,18.0,34.0,33.0,52.0,140.1,262.31,5.44,1426.96,79.28,0.0874,1.0,44.0,46.0,11.36,63.98,65.46
671A,pass@15,8.0,32.0,26.0,46.0,40.0,72.0,184.0,383.18,5.75,2203.28,122.4,0.1277,1.0,47.0,47.0,0.0,44.09,45.3
671A,pass@11,8.0,30.0,21.0,38.0,38.0,59.0,171.21,309.63,5.07,1568.78,87.15,0.1032,1.0,34.0,34.0,14.71,68.81,69.88
671A,pass@16,8.0,34.0,29.0,52.0,42.0,81.0,196.97,436.78,6.12,2672.05,148.45,0.1456,1.0,51.0,51.0,3.92,54.31,55.79
671A,pass@8,8.0,34.0,28.0,50.0,42.0,78.0,196.97,420.6,5.88,2474.12,137.45,0.1402,1.0,50.0,50.0,2.0,51.4,52.88
671A,pass@4,8.0,36.0,33.0,62.0,44.0,95.0,210.12,518.65,6.89,3572.89,198.49,0.1729,1.0,57.0,57.0,1.75,49.4,50.48
671A,pass@12,8.0,28.0,21.0,40.0,36.0,61.0,158.61,315.37,5.71,1802.09,100.12,0.1051,1.0,44.0,46.0,11.36,63.29,64.9
671A,pass@2,8.0,43.0,36.0,60.0,51.0,96.0,257.33,544.55,5.58,3039.36,168.85,0.1815,1.0,53.0,52.0,5.66,55.5,57.11
671A,pass@10,8.0,41.0,38.0,64.0,49.0,102.0,243.66,572.7,6.24,3575.89,198.66,0.1909,1.0,58.0,58.0,1.72,48.47,49.94
671A,pass@3,9.0,39.0,27.0,52.0,48.0,79.0,234.66,441.21,6.0,2647.27,147.07,0.1471,1.0,43.0,45.0,13.95,64.11,65.72
671A,pass@6,8.0,35.0,34.0,56.0,43.0,90.0,203.52,488.36,6.4,3125.53,173.64,0.1628,1.0,57.0,57.0,1.75,49.18,50.66
671A,pass@13,8.0,30.0,19.0,36.0,38.0,55.0,171.21,288.64,4.8,1385.45,76.97,0.0962,10.0,38.0,38.0,15.79,68.55,68.41
671A,pass@5,8.0,44.0,40.0,68.0,52.0,108.0,264.21,615.65,6.18,3805.82,211.43,0.2052,1.0,64.0,64.0,6.25,53.8,55.41
671A,pass@7,8.0,35.0,39.0,65.0,43.0,104.0,203.52,564.33,7.43,4192.18,232.9,0.1881,14.0,64.0,64.0,9.38,56.92,56.78
671A,pass@1,8.0,39.0,28.0,52.0,47.0,80.0,230.13,444.37,5.33,2369.96,131.66,0.1481,1.0,60.0,62.0,16.67,62.5,64.12
671A,pass@14,8.0,48.0,45.0,77.0,56.0,122.0,292.08,708.5,6.42,4546.19,252.57,0.2362,1.0,65.0,65.0,9.23,55.96,57.58
671A,pass@20,8.0,31.0,29.0,52.0,39.0,81.0,177.58,428.12,6.71,2872.53,159.59,0.1427,1.0,52.0,52.0,1.92,51.08,52.29
671A,pass@23,6.0,28.0,18.0,34.0,34.0,52.0,150.12,264.55,3.64,963.71,53.54,0.0882,1.0,32.0,33.0,6.25,63.85,64.26
671A,pass@25,8.0,35.0,28.0,54.0,43.0,82.0,203.52,444.95,6.17,2746.0,152.56,0.1483,1.0,49.0,49.0,2.04,51.5,52.98
671A,pass@24,7.0,31.0,20.0,38.0,38.0,58.0,173.23,304.38,4.29,1305.89,72.55,0.1015,1.0,37.0,39.0,10.81,65.78,66.18
671A,pass@22,8.0,27.0,17.0,32.0,35.0,49.0,152.38,251.33,4.74,1191.51,66.2,0.0838,3.0,47.0,51.0,12.77,64.19,65.26
671A,pass@27,8.0,29.0,26.0,46.0,37.0,72.0,164.88,375.08,6.34,2379.82,132.21,0.125,1.0,48.0,48.0,0.0,43.96,45.17
671A,pass@17,8.0,30.0,19.0,36.0,38.0,55.0,171.21,288.64,4.8,1385.45,76.97,0.0962,1.0,42.0,44.0,16.67,68.0,68.68
671A,pass@19,8.0,37.0,31.0,62.0,45.0,93.0,216.75,510.74,6.7,3423.35,190.19,0.1702,1.0,49.0,49.0,12.24,60.87,63.42
671A,pass@18,8.0,36.0,34.0,56.0,44.0,90.0,210.12,491.35,6.22,3057.28,169.85,0.1638,1.0,56.0,56.0,1.79,49.4,50.88
671A,pass@21,8.0,27.0,30.0,51.0,35.0,81.0,152.38,415.47,7.56,3139.12,174.4,0.1385,1.0,64.0,64.0,7.81,56.79,58.13
671A,pass@28,8.0,35.0,28.0,50.0,43.0,78.0,203.52,423.25,5.71,2418.56,134.36,0.1411,1.0,50.0,50.0,0.0,42.93,44.41
671A,pass@26,9.0,39.0,31.0,56.0,48.0,87.0,234.66,485.89,6.46,3139.61,174.42,0.162,1.0,50.0,50.0,6.0,56.32,58.2
671A,pass@30,8.0,31.0,28.0,50.0,39.0,78.0,177.58,412.26,6.45,2659.75,147.76,0.1374,1.0,51.0,51.0,0.0,42.96,44.31
671A,pass@31,8.0,30.0,26.0,46.0,38.0,72.0,171.21,377.85,6.13,2317.48,128.75,0.126,1.0,48.0,48.0,2.08,52.55,53.76
671A,pass@32,9.0,33.0,28.0,54.0,42.0,82.0,194.99,442.17,7.36,3255.98,180.89,0.1474,1.0,49.0,49.0,2.04,51.52,53.0
671A,pass@29,7.0,37.0,26.0,52.0,44.0,78.0,212.4,425.84,4.92,2094.65,116.37,0.1419,1.0,53.0,56.0,7.55,57.06,59.08
671B,pass@5,7.0,20.0,24.0,48.0,27.0,72.0,106.09,342.35,8.4,2875.76,159.76,0.1141,9.0,43.0,43.0,0.0,45.41,45.41
671B,pass@4,9.0,22.0,24.0,48.0,31.0,72.0,126.64,356.7,9.82,3502.17,194.56,0.1189,10.0,39.0,39.0,0.0,46.08,46.08
671B,pass@7,9.0,22.0,28.0,53.0,31.0,81.0,126.64,401.29,10.84,4350.35,241.69,0.1338,10.0,42.0,42.0,4.76,57.79,57.79
671B,pass@14,9.0,20.0,24.0,48.0,29.0,72.0,114.97,349.77,10.8,3777.57,209.86,0.1166,11.0,41.0,41.0,9.76,63.16,63.16
671B,pass@15,6.0,20.0,23.0,46.0,26.0,69.0,101.95,324.33,6.9,2237.88,124.33,0.1081,9.0,43.0,43.0,6.98,60.79,60.79
671B,pass@10,10.0,20.0,23.0,41.0,30.0,64.0,119.66,314.04,10.25,3218.92,178.83,0.1047,8.0,35.0,35.0,5.71,61.66,61.66
671B,pass@12,9.0,20.0,24.0,47.0,29.0,71.0,114.97,344.92,10.57,3647.49,202.64,0.115,10.0,43.0,43.0,6.98,60.47,60.47
671B,pass@6,8.0,18.0,25.0,49.0,26.0,74.0,99.06,347.83,10.89,3787.51,210.42,0.1159,10.0,47.0,47.0,6.38,59.0,59.0
671B,pass@16,10.0,22.0,26.0,52.0,32.0,78.0,131.33,390.0,11.82,4609.09,256.06,0.13,11.0,43.0,43.0,13.95,65.18,65.18
671B,pass@8,10.0,31.0,32.0,58.0,41.0,90.0,186.8,482.18,9.35,4510.71,250.6,0.1607,19.0,45.0,45.0,0.0,42.59,42.59
671B,pass@1,11.0,26.0,38.0,75.0,37.0,113.0,160.27,588.67,15.87,9339.45,518.86,0.1962,15.0,56.0,56.0,8.93,57.42,57.42
671B,pass@3,9.0,30.0,36.0,70.0,39.0,106.0,175.74,560.25,10.5,5882.65,326.81,0.1868,12.0,57.0,57.0,12.28,60.25,60.25
671B,pass@11,10.0,49.0,46.0,90.0,59.0,136.0,308.34,800.04,9.18,7347.3,408.18,0.2667,13.0,72.0,72.0,6.94,52.59,52.59
671B,pass@13,11.0,35.0,37.0,72.0,46.0,109.0,217.58,602.07,11.31,6811.97,378.44,0.2007,12.0,54.0,54.0,24.07,66.0,66.0
671B,pass@18,10.0,21.0,25.0,48.0,31.0,73.0,125.46,361.66,11.43,4133.22,229.62,0.1206,11.0,44.0,44.0,4.55,57.26,57.26
671B,pass@21,9.0,22.0,25.0,50.0,31.0,75.0,126.64,371.56,10.23,3800.09,211.12,0.1239,11.0,42.0,42.0,7.14,60.49,60.49
671B,pass@26,6.0,19.0,25.0,50.0,25.0,75.0,96.22,348.29,7.89,2749.65,152.76,0.1161,10.0,39.0,39.0,5.13,59.37,59.37
671B,pass@25,7.0,20.0,24.0,48.0,27.0,72.0,106.09,342.35,8.4,2875.76,159.76,0.1141,9.0,43.0,43.0,4.65,58.05,58.05
671B,pass@24,9.0,21.0,23.0,46.0,30.0,69.0,120.77,338.58,9.86,3337.39,185.41,0.1129,11.0,39.0,39.0,10.26,64.11,64.11
671B,pass@28,7.0,20.0,24.0,48.0,27.0,72.0,106.09,342.35,8.4,2875.76,159.76,0.1141,9.0,38.0,38.0,0.0,46.58,46.58
671B,pass@22,10.0,24.0,25.0,50.0,34.0,75.0,143.26,381.56,10.42,3974.58,220.81,0.1272,11.0,52.0,52.0,15.38,64.24,64.24
671B,pass@20,14.0,36.0,41.0,75.0,50.0,116.0,239.42,654.69,14.58,9547.52,530.42,0.2182,22.0,67.0,67.0,8.96,54.48,54.48
671B,pass@30,8.0,23.0,24.0,48.0,31.0,72.0,128.04,356.7,8.35,2977.69,165.43,0.1189,10.0,39.0,39.0,5.13,59.3,59.3
671B,pass@2,9.0,39.0,53.0,106.0,48.0,159.0,234.66,888.01,12.23,10861.03,603.39,0.296,21.0,99.0,99.0,18.18,55.6,55.6
671B,pass@31,7.0,20.0,24.0,48.0,27.0,72.0,106.09,342.35,8.4,2875.76,159.76,0.1141,9.0,39.0,39.0,0.0,46.34,46.34
671B,pass@27,10.0,24.0,30.0,52.0,34.0,82.0,143.26,417.17,10.83,4519.36,251.08,0.1391,20.0,57.0,57.0,0.0,40.66,40.66
671B,pass@29,12.0,32.0,41.0,82.0,44.0,123.0,203.02,671.51,15.38,10324.47,573.58,0.2238,12.0,54.0,54.0,5.56,54.52,54.52
671B,pass@32,8.0,23.0,24.0,48.0,31.0,72.0,128.04,356.7,8.35,2977.69,165.43,0.1189,10.0,39.0,39.0,5.13,59.3,59.3
671B,pass@17,13.0,38.0,41.0,73.0,51.0,114.0,247.53,646.66,12.49,8074.7,448.59,0.2156,23.0,76.0,76.0,23.68,60.93,60.93
671B,pass@23,13.0,46.0,47.0,90.0,59.0,137.0,302.19,805.92,12.72,10249.23,569.4,0.2686,18.0,71.0,71.0,28.17,62.9,62.9
671B,pass@19,9.0,53.0,47.0,94.0,62.0,141.0,332.11,839.54,7.98,6700.49,372.25,0.2798,6.0,54.0,54.0,70.37,69.76,69.76
675E,pass@6,6.0,20.0,15.0,27.0,26.0,42.0,101.95,197.42,4.05,799.54,44.42,0.0658,5.0,20.0,20.0,5.0,67.94,67.94
675E,pass@5,6.0,21.0,18.0,32.0,27.0,50.0,107.75,237.74,4.57,1086.83,60.38,0.0792,6.0,20.0,20.0,5.0,67.24,67.24
675E,pass@4,6.0,22.0,19.0,34.0,28.0,53.0,113.62,254.79,4.64,1181.3,65.63,0.0849,6.0,20.0,20.0,5.0,67.03,67.03
675E,pass@13,6.0,22.0,19.0,34.0,28.0,53.0,113.62,254.79,4.64,1181.3,65.63,0.0849,6.0,20.0,20.0,10.0,71.78,71.78
675E,pass@12,7.0,22.0,20.0,36.0,29.0,56.0,117.76,272.05,5.73,1558.09,86.56,0.0907,7.0,23.0,23.0,8.7,69.08,69.08
675E,pass@11,7.0,23.0,17.0,32.0,30.0,49.0,123.69,240.44,4.87,1170.83,65.05,0.0801,6.0,22.0,22.0,13.64,73.49,73.49
675E,pass@10,7.0,22.0,20.0,36.0,29.0,56.0,117.76,272.05,5.73,1558.09,86.56,0.0907,7.0,26.0,26.0,11.54,70.07,70.07
675E,pass@7,7.0,22.0,20.0,36.0,29.0,56.0,117.76,272.05,5.73,1558.09,86.56,0.0907,7.0,26.0,26.0,7.69,67.04,67.04
675E,pass@2,7.0,24.0,21.0,38.0,31.0,59.0,129.69,292.3,5.54,1619.82,89.99,0.0974,9.0,29.0,29.0,6.9,64.76,64.76
675E,pass@9,7.0,30.0,34.0,64.0,37.0,98.0,166.86,510.53,7.47,3811.93,211.77,0.1702,11.0,32.0,32.0,3.12,57.2,57.2
675E,pass@3,7.0,25.0,25.0,49.0,32.0,74.0,135.75,370.0,6.86,2538.2,141.01,0.1233,10.0,31.0,31.0,9.68,65.71,65.71
675E,pass@8,7.0,35.0,36.0,71.0,42.0,107.0,199.18,576.98,7.1,4096.54,227.59,0.1923,7.0,32.0,32.0,3.12,57.36,57.36
675E,pass@16,7.0,25.0,23.0,45.0,32.0,68.0,135.75,340.0,6.3,2142.0,119.0,0.1133,10.0,36.0,36.0,8.33,63.45,63.45
675E,pass@15,7.0,26.0,26.0,49.0,33.0,75.0,141.86,378.33,6.6,2495.52,138.64,0.1261,11.0,40.0,40.0,7.5,61.24,61.24
675E,pass@1,8.0,32.0,30.0,59.0,40.0,89.0,184.0,473.65,7.38,3493.18,194.07,0.1579,8.0,38.0,38.0,7.89,61.81,61.81
675E,pass@14,9.0,31.0,32.0,59.0,40.0,91.0,182.11,484.3,8.56,4147.76,230.43,0.1614,13.0,42.0,42.0,7.14,59.42,59.42
675E,pass@19,6.0,21.0,18.0,32.0,27.0,50.0,107.75,237.74,4.57,1086.83,60.38,0.0792,6.0,20.0,20.0,5.0,67.24,67.24
675E,pass@18,7.0,22.0,20.0,36.0,29.0,56.0,117.76,272.05,5.73,1558.09,86.56,0.0907,7.0,26.0,26.0,11.54,70.07,70.07
675E,pass@24,6.0,20.0,14.0,25.0,26.0,39.0,101.95,183.32,3.75,687.44,38.19,0.0611,5.0,20.0,20.0,5.0,68.17,68.17
675E,pass@21,6.0,25.0,25.0,43.0,31.0,68.0,131.61,336.89,5.16,1738.33,96.57,0.1123,8.0,27.0,27.0,11.11,68.63,68.63
675E,pass@26,6.0,21.0,18.0,32.0,27.0,50.0,107.75,237.74,4.57,1086.83,60.38,0.0792,6.0,20.0,20.0,5.0,67.24,67.24
675E,pass@22,7.0,27.0,22.0,42.0,34.0,64.0,148.03,325.6,5.44,1772.7,98.48,0.1085,6.0,25.0,25.0,20.0,74.49,74.49
675E,pass@27,7.0,23.0,17.0,32.0,30.0,49.0,123.69,240.44,4.87,1170.83,65.05,0.0801,6.0,22.0,22.0,13.64,73.49,73.49
675E,pass@25,7.0,24.0,22.0,40.0,31.0,62.0,129.69,307.16,5.83,1791.77,99.54,0.1024,7.0,26.0,26.0,11.54,69.7,69.7
675E,pass@20,8.0,33.0,36.0,71.0,41.0,107.0,190.47,573.26,8.61,4933.49,274.08,0.1911,8.0,32.0,33.0,3.12,56.96,56.96
675E,pass@29,7.0,23.0,17.0,32.0,30.0,49.0,123.69,240.44,4.87,1170.83,65.05,0.0801,6.0,22.0,22.0,13.64,73.49,73.49
675E,pass@28,6.0,20.0,14.0,25.0,26.0,39.0,101.95,183.32,3.75,687.44,38.19,0.0611,5.0,20.0,20.0,5.0,68.17,68.17
675E,pass@30,6.0,22.0,19.0,34.0,28.0,53.0,113.62,254.79,4.64,1181.3,65.63,0.0849,6.0,20.0,20.0,10.0,71.78,71.78
675E,pass@17,9.0,39.0,40.0,79.0,48.0,119.0,234.66,664.61,9.12,6058.18,336.57,0.2215,10.0,46.0,46.0,4.35,54.86,54.86
675E,pass@31,7.0,35.0,38.0,74.0,42.0,112.0,199.18,603.94,7.4,4469.15,248.29,0.2013,10.0,39.0,39.0,2.56,54.0,54.0
675E,pass@32,9.0,40.0,39.0,77.0,49.0,116.0,241.41,651.31,8.66,5641.94,313.44,0.2171,10.0,43.0,43.0,4.65,55.96,55.96
675E,pass@23,9.0,41.0,47.0,92.0,50.0,139.0,248.19,784.5,10.1,7921.5,440.08,0.2615,12.0,58.0,58.0,12.07,58.93,58.93
675C,pass@1,3.0,7.0,4.0,8.0,10.0,12.0,24.41,39.86,1.71,68.34,3.8,0.0133,0.0,11.0,11.0,0.0,65.67,66.08
675C,pass@12,3.0,7.0,4.0,8.0,10.0,12.0,24.41,39.86,1.71,68.34,3.8,0.0133,0.0,11.0,11.0,0.0,65.67,66.08
675C,pass@9,3.0,7.0,4.0,8.0,10.0,12.0,24.41,39.86,1.71,68.34,3.8,0.0133,0.0,11.0,11.0,0.0,65.67,66.08
675C,pass@2,4.0,10.0,7.0,14.0,14.0,21.0,41.22,79.95,2.8,223.87,12.44,0.0267,0.0,13.0,13.0,0.0,61.84,62.38
675C,pass@11,2.0,6.0,3.0,6.0,8.0,9.0,17.51,27.0,1.0,27.0,1.5,0.009,0.0,10.0,10.0,0.0,67.89,68.16
675C,pass@4,3.0,7.0,4.0,8.0,10.0,12.0,24.41,39.86,1.71,68.34,3.8,0.0133,0.0,11.0,11.0,0.0,65.67,66.08
675C,pass@16,4.0,10.0,7.0,14.0,14.0,21.0,41.22,79.95,2.8,223.87,12.44,0.0267,0.0,13.0,13.0,0.0,61.84,62.38
675C,pass@3,4.0,10.0,7.0,14.0,14.0,21.0,41.22,79.95,2.8,223.87,12.44,0.0267,0.0,13.0,13.0,0.0,61.84,62.38
675C,pass@14,4.0,10.0,7.0,14.0,14.0,21.0,41.22,79.95,2.8,223.87,12.44,0.0267,0.0,13.0,13.0,0.0,61.84,62.38
675C,pass@7,4.0,10.0,7.0,14.0,14.0,21.0,41.22,79.95,2.8,223.87,12.44,0.0267,0.0,13.0,13.0,0.0,61.84,62.38
675C,pass@13,3.0,7.0,4.0,8.0,10.0,12.0,24.41,39.86,1.71,68.34,3.8,0.0133,0.0,11.0,11.0,0.0,65.67,66.08
675C,pass@15,5.0,10.0,8.0,15.0,15.0,23.0,44.83,89.86,3.75,336.97,18.72,0.03,0.0,13.0,13.0,0.0,61.48,62.02
675C,pass@10,5.0,10.0,8.0,15.0,15.0,23.0,44.83,89.86,3.75,336.97,18.72,0.03,0.0,13.0,13.0,0.0,61.48,62.02
675C,pass@5,4.0,10.0,7.0,14.0,14.0,21.0,41.22,79.95,2.8,223.87,12.44,0.0267,0.0,13.0,13.0,0.0,61.84,62.38
675C,pass@8,5.0,10.0,8.0,15.0,15.0,23.0,44.83,89.86,3.75,336.97,18.72,0.03,0.0,13.0,13.0,0.0,61.48,62.02
675C,pass@6,2.0,6.0,3.0,6.0,8.0,9.0,17.51,27.0,1.0,27.0,1.5,0.009,0.0,10.0,10.0,0.0,67.89,68.16
675C,pass@17,3.0,7.0,4.0,8.0,10.0,12.0,24.41,39.86,1.71,68.34,3.8,0.0133,0.0,11.0,11.0,0.0,65.67,66.08
675C,pass@26,2.0,6.0,3.0,6.0,8.0,9.0,17.51,27.0,1.0,27.0,1.5,0.009,0.0,10.0,10.0,0.0,67.89,68.16
675C,pass@19,2.0,6.0,3.0,6.0,8.0,9.0,17.51,27.0,1.0,27.0,1.5,0.009,0.0,10.0,10.0,0.0,67.89,68.16
675C,pass@25,3.0,7.0,4.0,8.0,10.0,12.0,24.41,39.86,1.71,68.34,3.8,0.0133,0.0,11.0,11.0,0.0,65.67,66.08
675C,pass@22,5.0,10.0,8.0,15.0,15.0,23.0,44.83,89.86,3.75,336.97,18.72,0.03,0.0,13.0,13.0,0.0,61.48,62.02
675C,pass@28,4.0,10.0,7.0,14.0,14.0,21.0,41.22,79.95,2.8,223.87,12.44,0.0267,0.0,13.0,13.0,0.0,61.84,62.38
675C,pass@27,5.0,11.0,9.0,17.0,16.0,26.0,49.66,104.0,3.86,401.82,22.32,0.0347,0.0,13.0,13.0,0.0,61.04,61.58
675C,pass@32,3.0,7.0,4.0,8.0,10.0,12.0,24.41,39.86,1.71,68.34,3.8,0.0133,0.0,11.0,11.0,0.0,65.67,66.08
675C,pass@24,4.0,10.0,7.0,14.0,14.0,21.0,41.22,79.95,2.8,223.87,12.44,0.0267,0.0,13.0,13.0,0.0,61.84,62.38
675C,pass@29,3.0,7.0,4.0,8.0,10.0,12.0,24.41,39.86,1.71,68.34,3.8,0.0133,0.0,11.0,11.0,0.0,65.67,66.08
675C,pass@23,4.0,10.0,7.0,14.0,14.0,21.0,41.22,79.95,2.8,223.87,12.44,0.0267,0.0,13.0,13.0,0.0,61.84,62.38
675C,pass@20,4.0,10.0,7.0,14.0,14.0,21.0,41.22,79.95,2.8,223.87,12.44,0.0267,0.0,13.0,13.0,0.0,61.84,62.38
675C,pass@31,4.0,10.0,7.0,14.0,14.0,21.0,41.22,79.95,2.8,223.87,12.44,0.0267,0.0,13.0,13.0,0.0,61.84,62.38
675C,pass@18,4.0,10.0,7.0,14.0,14.0,21.0,41.22,79.95,2.8,223.87,12.44,0.0267,0.0,13.0,13.0,0.0,61.84,62.38
675C,pass@30,4.0,10.0,7.0,14.0,14.0,21.0,41.22,79.95,2.8,223.87,12.44,0.0267,0.0,13.0,13.0,0.0,61.84,62.38
675C,pass@21,4.0,10.0,7.0,14.0,14.0,21.0,41.22,79.95,2.8,223.87,12.44,0.0267,0.0,13.0,13.0,0.0,61.84,62.38
676A,pass@15,1.0,7.0,6.0,12.0,8.0,18.0,19.65,54.0,0.86,46.29,2.57,0.018,0.0,12.0,7.0,8.33,85.77,85.9
676A,pass@3,1.0,7.0,7.0,14.0,8.0,21.0,19.65,63.0,1.0,63.0,3.5,0.021,0.0,15.0,10.0,6.67,80.36,80.49
676A,pass@10,1.0,7.0,6.0,12.0,8.0,18.0,19.65,54.0,0.86,46.29,2.57,0.018,0.0,13.0,8.0,7.69,83.93,84.06
676A,pass@14,1.0,7.0,7.0,14.0,8.0,21.0,19.65,63.0,1.0,63.0,3.5,0.021,0.0,15.0,10.0,6.67,80.36,80.49
676A,pass@8,1.0,7.0,7.0,14.0,8.0,21.0,19.65,63.0,1.0,63.0,3.5,0.021,0.0,15.0,10.0,6.67,80.36,80.49
676A,pass@6,1.0,7.0,7.0,14.0,8.0,21.0,19.65,63.0,1.0,63.0,3.5,0.021,0.0,13.0,8.0,7.69,83.46,83.6
676A,pass@16,1.0,7.0,7.0,14.0,8.0,21.0,19.65,63.0,1.0,63.0,3.5,0.021,0.0,13.0,13.0,7.69,78.86,79.0
676A,pass@7,1.0,7.0,7.0,14.0,8.0,21.0,19.65,63.0,1.0,63.0,3.5,0.021,0.0,15.0,10.0,33.33,92.67,92.8
676A,pass@4,1.0,7.0,7.0,14.0,8.0,21.0,19.65,63.0,1.0,63.0,3.5,0.021,0.0,15.0,10.0,33.33,92.67,92.8
676A,pass@11,1.0,7.0,7.0,14.0,8.0,21.0,19.65,63.0,1.0,63.0,3.5,0.021,0.0,15.0,10.0,33.33,92.67,92.8
676A,pass@5,2.0,7.0,6.0,12.0,9.0,18.0,21.65,57.06,1.71,97.81,5.43,0.019,0.0,17.0,17.0,17.65,82.68,83.22
676A,pass@13,1.0,7.0,7.0,14.0,8.0,21.0,19.65,63.0,1.0,63.0,3.5,0.021,0.0,15.0,10.0,33.33,92.67,92.8
676A,pass@12,1.0,7.0,7.0,14.0,8.0,21.0,19.65,63.0,1.0,63.0,3.5,0.021,0.0,13.0,13.0,38.46,91.02,91.16
676A,pass@1,2.0,7.0,6.0,12.0,9.0,18.0,21.65,57.06,1.71,97.81,5.43,0.019,0.0,17.0,17.0,17.65,82.68,83.22
676A,pass@9,2.0,8.0,6.0,12.0,10.0,18.0,26.0,59.79,1.5,89.69,4.98,0.0199,0.0,17.0,17.0,17.65,82.54,83.08
676A,pass@2,2.0,8.0,6.0,12.0,10.0,18.0,26.0,59.79,1.5,89.69,4.98,0.0199,0.0,21.0,21.0,14.29,78.81,79.35
676A,pass@17,2.0,7.0,5.0,10.0,9.0,15.0,21.65,47.55,1.43,67.93,3.77,0.0158,0.0,15.0,15.0,20.0,85.58,85.98
676A,pass@23,1.0,7.0,6.0,12.0,8.0,18.0,19.65,54.0,0.86,46.29,2.57,0.018,0.0,13.0,8.0,7.69,83.93,84.06
676A,pass@20,2.0,7.0,6.0,12.0,9.0,18.0,21.65,57.06,1.71,97.81,5.43,0.019,0.0,17.0,17.0,17.65,82.68,83.22
676A,pass@25,1.0,7.0,6.0,12.0,8.0,18.0,19.65,54.0,0.86,46.29,2.57,0.018,0.0,14.0,9.0,0.0,66.92,67.05
676A,pass@22,2.0,7.0,6.0,12.0,9.0,18.0,21.65,57.06,1.71,97.81,5.43,0.019,0.0,17.0,17.0,17.65,82.68,83.22
676A,pass@18,2.0,8.0,6.0,12.0,10.0,18.0,26.0,59.79,1.5,89.69,4.98,0.0199,0.0,17.0,17.0,17.65,82.54,83.08
676A,pass@27,2.0,7.0,5.0,10.0,9.0,15.0,21.65,47.55,1.43,67.93,3.77,0.0158,0.0,16.0,16.0,18.75,84.44,84.84
676A,pass@24,2.0,7.0,6.0,12.0,9.0,18.0,21.65,57.06,1.71,97.81,5.43,0.019,0.0,17.0,17.0,17.65,82.68,83.22
676A,pass@31,1.0,7.0,7.0,14.0,8.0,21.0,19.65,63.0,1.0,63.0,3.5,0.021,0.0,15.0,10.0,6.67,80.36,80.49
676A,pass@26,2.0,8.0,6.0,12.0,10.0,18.0,26.0,59.79,1.5,89.69,4.98,0.0199,0.0,17.0,17.0,17.65,82.54,83.08
676A,pass@28,1.0,7.0,7.0,14.0,8.0,21.0,19.65,63.0,1.0,63.0,3.5,0.021,0.0,15.0,10.0,6.67,80.36,80.49
676A,pass@21,1.0,7.0,7.0,14.0,8.0,21.0,19.65,63.0,1.0,63.0,3.5,0.021,0.0,11.0,11.0,63.64,93.69,93.83
676A,pass@19,3.0,9.0,8.0,16.0,12.0,24.0,33.28,86.04,2.67,229.44,12.75,0.0287,0.0,25.0,25.0,12.0,74.38,75.19
676A,pass@32,2.0,8.0,6.0,12.0,10.0,18.0,26.0,59.79,1.5,89.69,4.98,0.0199,0.0,17.0,17.0,17.65,82.54,83.08
676A,pass@29,3.0,11.0,8.0,16.0,14.0,24.0,42.81,91.38,2.18,199.37,11.08,0.0305,0.0,25.0,25.0,12.0,74.2,75.01
676A,pass@30,3.0,10.0,7.0,14.0,13.0,21.0,37.97,77.71,2.1,163.19,9.07,0.0259,0.0,27.0,22.0,11.11,75.43,76.11
679B,pass@4,8.0,27.0,28.0,56.0,35.0,84.0,152.38,430.86,8.3,3574.54,198.59,0.1436,8.0,25.0,25.0,4.0,61.76,61.76
679B,pass@1,8.0,27.0,30.0,60.0,35.0,90.0,152.38,461.64,8.89,4103.43,227.97,0.1539,7.0,23.0,23.0,8.7,67.47,67.47
679B,pass@3,9.0,25.0,24.0,48.0,34.0,72.0,144.63,366.3,8.64,3164.81,175.82,0.1221,7.0,23.0,23.0,4.35,63.65,63.65
679B,pass@8,10.0,25.0,30.0,60.0,35.0,90.0,149.32,461.64,12.0,5539.63,307.76,0.1539,8.0,25.0,25.0,12.0,69.01,69.01
679B,pass@5,10.0,23.0,26.0,50.0,33.0,76.0,137.26,383.37,10.87,4167.11,231.51,0.1278,7.0,29.0,29.0,3.45,60.04,60.04
679B,pass@14,8.0,24.0,27.0,54.0,32.0,81.0,134.04,405.0,9.0,3645.0,202.5,0.135,7.0,22.0,22.0,13.64,71.77,71.77
679B,pass@13,8.0,27.0,28.0,56.0,35.0,84.0,152.38,430.86,8.3,3574.54,198.59,0.1436,8.0,25.0,25.0,0.0,49.98,49.98
679B,pass@9,10.0,25.0,30.0,60.0,35.0,90.0,149.32,461.64,12.0,5539.63,307.76,0.1539,8.0,24.0,24.0,12.5,69.72,69.72
679B,pass@15,9.0,19.0,25.0,48.0,28.0,73.0,109.24,350.94,11.37,3989.6,221.64,0.117,6.0,25.0,25.0,4.0,62.65,62.65
679B,pass@2,8.0,25.0,27.0,52.0,33.0,79.0,140.1,398.51,8.32,3315.58,184.2,0.1328,7.0,29.0,29.0,0.0,48.95,48.95
679B,pass@7,9.0,21.0,29.0,56.0,30.0,85.0,120.77,417.09,12.0,5005.03,278.06,0.139,7.0,27.0,27.0,3.7,60.84,60.84
679B,pass@10,10.0,21.0,30.0,58.0,31.0,88.0,125.46,435.97,13.81,6020.53,334.47,0.1453,8.0,30.0,30.0,0.0,48.22,48.22
679B,pass@16,10.0,23.0,26.0,50.0,33.0,76.0,137.26,383.37,10.87,4167.11,231.51,0.1278,7.0,29.0,29.0,3.45,60.04,60.04
679B,pass@11,8.0,17.0,23.0,46.0,25.0,69.0,93.49,320.43,10.82,3468.14,192.67,0.1068,7.0,28.0,28.0,0.0,49.95,49.95
679B,pass@12,9.0,28.0,31.0,60.0,37.0,91.0,163.14,474.06,9.64,4571.3,253.96,0.158,7.0,32.0,32.0,9.38,64.82,64.82
679B,pass@6,8.0,21.0,30.0,60.0,29.0,90.0,116.24,437.22,11.43,4996.78,277.6,0.1457,10.0,42.0,42.0,9.52,62.2,62.2
679B,pass@17,10.0,25.0,30.0,60.0,35.0,90.0,149.32,461.64,12.0,5539.63,307.76,0.1539,8.0,24.0,24.0,12.5,69.72,69.72
679B,pass@26,8.0,27.0,28.0,56.0,35.0,84.0,152.38,430.86,8.3,3574.54,198.59,0.1436,8.0,24.0,24.0,0.0,50.37,50.37
679B,pass@24,9.0,27.0,28.0,56.0,36.0,84.0,156.91,434.27,9.33,4053.22,225.18,0.1448,8.0,25.0,25.0,0.0,49.96,49.96
679B,pass@18,8.0,25.0,24.0,48.0,33.0,72.0,140.1,363.2,7.68,2789.35,154.96,0.1211,7.0,23.0,23.0,4.35,63.67,63.67
679B,pass@21,11.0,25.0,32.0,62.0,36.0,94.0,154.15,485.97,13.64,6628.67,368.26,0.162,8.0,25.0,25.0,12.0,68.85,68.85
679B,pass@20,11.0,23.0,28.0,54.0,34.0,82.0,142.1,417.17,12.91,5386.96,299.28,0.1391,7.0,23.0,23.0,13.04,70.9,70.9
679B,pass@25,8.0,26.0,27.0,54.0,34.0,81.0,146.21,412.08,8.31,3423.47,190.19,0.1374,8.0,25.0,25.0,0.0,50.12,50.12
679B,pass@22,10.0,23.0,26.0,50.0,33.0,76.0,137.26,383.37,10.87,4167.11,231.51,0.1278,7.0,29.0,29.0,3.45,60.04,60.04
679B,pass@23,10.0,25.0,30.0,60.0,35.0,90.0,149.32,461.64,12.0,5539.63,307.76,0.1539,8.0,24.0,24.0,12.5,69.72,69.72
679B,pass@28,9.0,27.0,28.0,56.0,36.0,84.0,156.91,434.27,9.33,4053.22,225.18,0.1448,8.0,25.0,25.0,4.0,61.73,61.73
679B,pass@19,8.0,21.0,28.0,56.0,29.0,84.0,116.24,408.07,10.67,4352.75,241.82,0.136,8.0,30.0,30.0,3.33,59.22,59.22
679B,pass@30,9.0,19.0,24.0,48.0,28.0,72.0,109.24,346.13,11.37,3934.95,218.61,0.1154,7.0,28.0,28.0,3.57,60.87,60.87
679B,pass@27,9.0,25.0,24.0,48.0,34.0,72.0,144.63,366.3,8.64,3164.81,175.82,0.1221,8.0,32.0,32.0,3.12,58.61,58.61
679B,pass@29,7.0,18.0,21.0,42.0,25.0,63.0,94.71,292.56,8.17,2389.26,132.74,0.0975,6.0,27.0,27.0,11.11,69.33,69.33
679B,pass@31,10.0,25.0,30.0,60.0,35.0,90.0,149.32,461.64,12.0,5539.63,307.76,0.1539,8.0,24.0,24.0,12.5,69.72,69.72
679B,pass@32,9.0,21.0,28.0,56.0,30.0,84.0,120.77,412.18,12.0,4946.15,274.79,0.1374,8.0,30.0,30.0,0.0,48.39,48.39
687A,pass@10,7.0,16.0,20.0,33.0,23.0,53.0,83.65,239.75,7.22,1730.69,96.15,0.0799,17.0,39.0,39.0,2.56,55.87,55.87
687A,pass@1,7.0,16.0,20.0,33.0,23.0,53.0,83.65,239.75,7.22,1730.69,96.15,0.0799,17.0,39.0,39.0,5.13,59.57,59.57
687A,pass@6,7.0,16.0,18.0,31.0,23.0,49.0,83.65,221.65,6.78,1503.09,83.51,0.0739,15.0,35.0,35.0,8.57,64.55,64.55
687A,pass@13,7.0,16.0,20.0,33.0,23.0,53.0,83.65,239.75,7.22,1730.69,96.15,0.0799,17.0,39.0,39.0,5.13,59.57,59.57
687A,pass@9,7.0,16.0,20.0,33.0,23.0,53.0,83.65,239.75,7.22,1730.69,96.15,0.0799,17.0,39.0,39.0,7.69,62.24,62.24
687A,pass@14,7.0,16.0,19.0,32.0,23.0,51.0,83.65,230.7,7.0,1614.91,89.72,0.0769,16.0,37.0,37.0,10.81,65.51,65.51
687A,pass@2,7.0,16.0,16.0,28.0,23.0,44.0,83.65,199.04,6.12,1219.1,67.73,0.0663,16.0,44.0,44.0,13.64,66.15,66.15
687A,pass@7,7.0,16.0,20.0,33.0,23.0,53.0,83.65,239.75,7.22,1730.69,96.15,0.0799,17.0,39.0,39.0,15.38,67.58,67.58
687A,pass@15,7.0,15.0,18.0,29.0,22.0,47.0,78.25,209.59,6.77,1418.25,78.79,0.0699,15.0,44.0,44.0,13.64,66.13,66.13
687A,pass@4,7.0,15.0,18.0,29.0,22.0,47.0,78.25,209.59,6.77,1418.25,78.79,0.0699,15.0,46.0,46.0,17.39,67.69,67.69
687A,pass@11,7.0,21.0,28.0,46.0,28.0,74.0,111.89,355.74,7.67,2727.37,151.52,0.1186,27.0,65.0,65.0,6.15,53.34,53.34
687A,pass@12,7.0,22.0,30.0,50.0,29.0,80.0,117.76,388.64,7.95,3091.44,171.75,0.1295,29.0,60.0,60.0,8.33,55.64,55.64
687A,pass@5,7.0,22.0,30.0,50.0,29.0,80.0,117.76,388.64,7.95,3091.44,171.75,0.1295,29.0,60.0,60.0,11.67,58.19,58.19
687A,pass@8,8.0,22.0,27.0,45.0,30.0,72.0,122.11,353.3,8.18,2890.6,160.59,0.1178,25.0,61.0,61.0,6.56,54.65,54.65
687A,pass@3,7.0,22.0,27.0,47.0,29.0,74.0,117.76,359.49,7.48,2688.01,149.33,0.1198,30.0,62.0,62.0,6.45,53.66,53.66
687A,pass@16,7.0,22.0,30.0,50.0,29.0,80.0,117.76,388.64,7.95,3091.44,171.75,0.1295,29.0,60.0,60.0,11.67,58.19,58.19
687A,pass@17,7.0,16.0,20.0,33.0,23.0,53.0,83.65,239.75,7.22,1730.69,96.15,0.0799,17.0,39.0,39.0,15.38,67.58,67.58
687A,pass@19,8.0,20.0,24.0,38.0,28.0,62.0,110.44,298.06,7.6,2265.23,125.85,0.0994,19.0,42.0,42.0,14.29,65.34,65.34
687A,pass@20,7.0,15.0,18.0,29.0,22.0,47.0,78.25,209.59,6.77,1418.25,78.79,0.0699,15.0,44.0,44.0,11.36,64.68,64.68
687A,pass@26,7.0,16.0,20.0,33.0,23.0,53.0,83.65,239.75,7.22,1730.69,96.15,0.0799,17.0,39.0,39.0,0.0,46.34,46.34
687A,pass@18,7.0,15.0,16.0,27.0,22.0,43.0,78.25,191.76,6.3,1208.06,67.11,0.0639,13.0,40.0,40.0,20.0,70.7,70.7
687A,pass@24,6.0,15.0,19.0,31.0,21.0,50.0,74.11,219.62,6.2,1361.62,75.65,0.0732,16.0,39.0,39.0,10.26,64.75,64.75
687A,pass@21,7.0,15.0,18.0,29.0,22.0,47.0,78.25,209.59,6.77,1418.25,78.79,0.0699,15.0,46.0,46.0,15.22,66.6,66.6
687A,pass@25,7.0,16.0,20.0,33.0,23.0,53.0,83.65,239.75,7.22,1730.69,96.15,0.0799,17.0,39.0,39.0,12.82,66.1,66.1
687A,pass@28,7.0,15.0,17.0,28.0,22.0,45.0,78.25,200.67,6.53,1311.07,72.84,0.0669,14.0,42.0,42.0,9.52,64.03,64.03
687A,pass@22,6.0,15.0,19.0,31.0,21.0,50.0,74.11,219.62,6.2,1361.62,75.65,0.0732,16.0,41.0,41.0,21.95,70.4,70.4
687A,pass@23,7.0,21.0,28.0,46.0,28.0,74.0,111.89,355.74,7.67,2727.37,151.52,0.1186,27.0,65.0,65.0,9.23,56.17,56.17
687A,pass@32,7.0,16.0,20.0,33.0,23.0,53.0,83.65,239.75,7.22,1730.69,96.15,0.0799,17.0,39.0,39.0,12.82,66.1,66.1
687A,pass@29,6.0,14.0,17.0,27.0,20.0,44.0,68.81,190.16,5.79,1100.24,61.12,0.0634,14.0,44.0,44.0,18.18,68.91,68.91
687A,pass@30,8.0,20.0,24.0,38.0,28.0,62.0,110.44,298.06,7.6,2265.23,125.85,0.0994,19.0,42.0,42.0,14.29,65.34,65.34
687A,pass@27,7.0,22.0,30.0,50.0,29.0,80.0,117.76,388.64,7.95,3091.44,171.75,0.1295,29.0,60.0,60.0,10.0,57.0,57.0
687A,pass@31,10.0,24.0,26.0,42.0,34.0,68.0,143.26,345.95,8.75,3027.04,168.17,0.1153,25.0,67.0,67.0,2.99,49.27,49.27
688A,pass@7,3.0,5.0,3.0,6.0,8.0,9.0,16.36,27.0,1.8,48.6,2.7,0.009,0.0,12.0,12.0,0.0,65.9,66.44
688A,pass@13,3.0,5.0,3.0,6.0,8.0,9.0,16.36,27.0,1.8,48.6,2.7,0.009,0.0,12.0,12.0,0.0,65.9,66.44
688A,pass@5,3.0,5.0,3.0,6.0,8.0,9.0,16.36,27.0,1.8,48.6,2.7,0.009,0.0,12.0,12.0,0.0,65.9,66.44
688A,pass@12,3.0,5.0,3.0,6.0,8.0,9.0,16.36,27.0,1.8,48.6,2.7,0.009,0.0,12.0,12.0,0.0,65.9,66.44
688A,pass@2,3.0,5.0,3.0,6.0,8.0,9.0,16.36,27.0,1.8,48.6,2.7,0.009,0.0,12.0,12.0,0.0,65.9,66.44
688A,pass@8,3.0,5.0,3.0,6.0,8.0,9.0,16.36,27.0,1.8,48.6,2.7,0.009,0.0,12.0,12.0,0.0,65.9,66.44
688A,pass@3,3.0,5.0,3.0,6.0,8.0,9.0,16.36,27.0,1.8,48.6,2.7,0.009,0.0,12.0,12.0,0.0,65.9,66.44
688A,pass@10,3.0,5.0,3.0,6.0,8.0,9.0,16.36,27.0,1.8,48.6,2.7,0.009,0.0,12.0,12.0,0.0,65.9,66.44
688A,pass@16,3.0,5.0,3.0,6.0,8.0,9.0,16.36,27.0,1.8,48.6,2.7,0.009,0.0,12.0,12.0,0.0,65.9,66.44
688A,pass@4,3.0,5.0,3.0,6.0,8.0,9.0,16.36,27.0,1.8,48.6,2.7,0.009,0.0,12.0,12.0,0.0,65.9,66.44
688A,pass@1,3.0,5.0,3.0,6.0,8.0,9.0,16.36,27.0,1.8,48.6,2.7,0.009,0.0,12.0,12.0,0.0,65.9,66.44
688A,pass@9,3.0,5.0,3.0,6.0,8.0,9.0,16.36,27.0,1.8,48.6,2.7,0.009,0.0,12.0,12.0,0.0,65.9,66.44
688A,pass@15,3.0,5.0,3.0,6.0,8.0,9.0,16.36,27.0,1.8,48.6,2.7,0.009,0.0,12.0,12.0,0.0,65.9,66.44
688A,pass@14,3.0,5.0,3.0,6.0,8.0,9.0,16.36,27.0,1.8,48.6,2.7,0.009,0.0,12.0,12.0,0.0,65.9,66.44
688A,pass@11,3.0,5.0,3.0,6.0,8.0,9.0,16.36,27.0,1.8,48.6,2.7,0.009,0.0,12.0,12.0,0.0,65.9,66.44
688A,pass@6,3.0,5.0,3.0,6.0,8.0,9.0,16.36,27.0,1.8,48.6,2.7,0.009,0.0,12.0,12.0,0.0,65.9,66.44
688A,pass@19,2.0,4.0,2.0,4.0,6.0,6.0,10.0,15.51,1.0,15.51,0.86,0.0052,0.0,11.0,11.0,0.0,68.54,68.95
688A,pass@20,3.0,5.0,3.0,6.0,8.0,9.0,16.36,27.0,1.8,48.6,2.7,0.009,0.0,12.0,12.0,0.0,65.9,66.44
688A,pass@23,3.0,5.0,3.0,6.0,8.0,9.0,16.36,27.0,1.8,48.6,2.7,0.009,0.0,12.0,12.0,0.0,65.9,66.44
688A,pass@18,3.0,5.0,3.0,6.0,8.0,9.0,16.36,27.0,1.8,48.6,2.7,0.009,0.0,12.0,12.0,0.0,65.9,66.44
688A,pass@21,3.0,5.0,3.0,6.0,8.0,9.0,16.36,27.0,1.8,48.6,2.7,0.009,0.0,12.0,12.0,0.0,65.9,66.44
688A,pass@26,3.0,5.0,3.0,6.0,8.0,9.0,16.36,27.0,1.8,48.6,2.7,0.009,0.0,12.0,12.0,0.0,65.9,66.44
688A,pass@17,3.0,5.0,3.0,6.0,8.0,9.0,16.36,27.0,1.8,48.6,2.7,0.009,0.0,12.0,12.0,0.0,65.9,66.44
688A,pass@25,3.0,5.0,3.0,6.0,8.0,9.0,16.36,27.0,1.8,48.6,2.7,0.009,0.0,12.0,12.0,0.0,65.9,66.44
688A,pass@32,3.0,5.0,3.0,6.0,8.0,9.0,16.36,27.0,1.8,48.6,2.7,0.009,0.0,12.0,12.0,0.0,65.9,66.44
688A,pass@30,3.0,5.0,3.0,6.0,8.0,9.0,16.36,27.0,1.8,48.6,2.7,0.009,0.0,12.0,12.0,0.0,65.9,66.44
688A,pass@31,3.0,5.0,3.0,6.0,8.0,9.0,16.36,27.0,1.8,48.6,2.7,0.009,0.0,12.0,12.0,0.0,65.9,66.44
688A,pass@24,3.0,5.0,3.0,6.0,8.0,9.0,16.36,27.0,1.8,48.6,2.7,0.009,0.0,12.0,12.0,0.0,65.9,66.44
688A,pass@28,3.0,5.0,3.0,6.0,8.0,9.0,16.36,27.0,1.8,48.6,2.7,0.009,0.0,12.0,12.0,0.0,65.9,66.44
688A,pass@27,3.0,5.0,3.0,6.0,8.0,9.0,16.36,27.0,1.8,48.6,2.7,0.009,0.0,12.0,12.0,0.0,65.9,66.44
688A,pass@29,3.0,5.0,3.0,6.0,8.0,9.0,16.36,27.0,1.8,48.6,2.7,0.009,0.0,12.0,12.0,0.0,65.9,66.44
688A,pass@22,3.0,5.0,3.0,6.0,8.0,9.0,16.36,27.0,1.8,48.6,2.7,0.009,0.0,12.0,12.0,0.0,65.9,66.44
688B,pass@1,2.0,3.0,2.0,3.0,5.0,5.0,6.75,11.61,1.0,11.61,0.64,0.0039,0.0,2.0,3.0,0.0,82.0,82.14
688B,pass@3,2.0,3.0,2.0,3.0,5.0,5.0,6.75,11.61,1.0,11.61,0.64,0.0039,0.0,2.0,3.0,0.0,82.0,82.14
688B,pass@5,2.0,3.0,2.0,3.0,5.0,5.0,6.75,11.61,1.0,11.61,0.64,0.0039,0.0,2.0,3.0,0.0,82.0,82.14
688B,pass@16,2.0,3.0,2.0,3.0,5.0,5.0,6.75,11.61,1.0,11.61,0.64,0.0039,0.0,2.0,3.0,0.0,82.0,82.14
688B,pass@10,2.0,3.0,2.0,3.0,5.0,5.0,6.75,11.61,1.0,11.61,0.64,0.0039,0.0,2.0,3.0,0.0,82.0,82.14
688B,pass@6,2.0,3.0,2.0,3.0,5.0,5.0,6.75,11.61,1.0,11.61,0.64,0.0039,0.0,2.0,3.0,0.0,82.0,82.14
688B,pass@4,2.0,3.0,2.0,3.0,5.0,5.0,6.75,11.61,1.0,11.61,0.64,0.0039,0.0,2.0,3.0,0.0,82.0,82.14
688B,pass@2,2.0,3.0,2.0,3.0,5.0,5.0,6.75,11.61,1.0,11.61,0.64,0.0039,0.0,2.0,3.0,0.0,82.0,82.14
688B,pass@14,2.0,3.0,2.0,3.0,5.0,5.0,6.75,11.61,1.0,11.61,0.64,0.0039,0.0,2.0,3.0,0.0,82.0,82.14
688B,pass@12,2.0,3.0,2.0,3.0,5.0,5.0,6.75,11.61,1.0,11.61,0.64,0.0039,0.0,2.0,3.0,0.0,82.0,82.14
688B,pass@13,2.0,3.0,2.0,3.0,5.0,5.0,6.75,11.61,1.0,11.61,0.64,0.0039,0.0,2.0,3.0,0.0,82.0,82.14
688B,pass@8,2.0,3.0,2.0,3.0,5.0,5.0,6.75,11.61,1.0,11.61,0.64,0.0039,0.0,2.0,3.0,0.0,82.0,82.14
688B,pass@9,2.0,3.0,2.0,3.0,5.0,5.0,6.75,11.61,1.0,11.61,0.64,0.0039,0.0,2.0,3.0,0.0,82.0,82.14
688B,pass@11,2.0,3.0,2.0,3.0,5.0,5.0,6.75,11.61,1.0,11.61,0.64,0.0039,0.0,3.0,4.0,0.0,79.28,79.41
688B,pass@15,2.0,3.0,2.0,3.0,5.0,5.0,6.75,11.61,1.0,11.61,0.64,0.0039,0.0,2.0,3.0,0.0,82.0,82.14
688B,pass@7,2.0,3.0,2.0,3.0,5.0,5.0,6.75,11.61,1.0,11.61,0.64,0.0039,0.0,2.0,3.0,0.0,82.0,82.14
688B,pass@17,2.0,3.0,2.0,3.0,5.0,5.0,6.75,11.61,1.0,11.61,0.64,0.0039,0.0,2.0,3.0,0.0,82.0,82.14
688B,pass@22,2.0,3.0,2.0,3.0,5.0,5.0,6.75,11.61,1.0,11.61,0.64,0.0039,0.0,2.0,3.0,0.0,82.0,82.14
688B,pass@20,2.0,3.0,2.0,3.0,5.0,5.0,6.75,11.61,1.0,11.61,0.64,0.0039,0.0,2.0,3.0,0.0,82.0,82.14
688B,pass@19,2.0,3.0,2.0,3.0,5.0,5.0,6.75,11.61,1.0,11.61,0.64,0.0039,0.0,2.0,3.0,0.0,82.0,82.14
688B,pass@21,2.0,3.0,2.0,3.0,5.0,5.0,6.75,11.61,1.0,11.61,0.64,0.0039,0.0,2.0,3.0,0.0,82.0,82.14
688B,pass@23,2.0,3.0,2.0,3.0,5.0,5.0,6.75,11.61,1.0,11.61,0.64,0.0039,0.0,2.0,3.0,0.0,82.0,82.14
688B,pass@18,2.0,3.0,2.0,3.0,5.0,5.0,6.75,11.61,1.0,11.61,0.64,0.0039,0.0,2.0,3.0,0.0,82.0,82.14
688B,pass@27,2.0,3.0,2.0,3.0,5.0,5.0,6.75,11.61,1.0,11.61,0.64,0.0039,0.0,2.0,3.0,0.0,82.0,82.14
688B,pass@32,2.0,3.0,2.0,3.0,5.0,5.0,6.75,11.61,1.0,11.61,0.64,0.0039,0.0,2.0,3.0,0.0,82.0,82.14
688B,pass@29,2.0,3.0,2.0,3.0,5.0,5.0,6.75,11.61,1.0,11.61,0.64,0.0039,0.0,2.0,3.0,0.0,82.0,82.14
688B,pass@31,2.0,3.0,2.0,3.0,5.0,5.0,6.75,11.61,1.0,11.61,0.64,0.0039,0.0,2.0,3.0,0.0,82.0,82.14
688B,pass@28,2.0,3.0,2.0,3.0,5.0,5.0,6.75,11.61,1.0,11.61,0.64,0.0039,0.0,2.0,3.0,0.0,82.0,82.14
688B,pass@25,2.0,3.0,2.0,3.0,5.0,5.0,6.75,11.61,1.0,11.61,0.64,0.0039,0.0,2.0,3.0,0.0,82.0,82.14
688B,pass@24,2.0,3.0,2.0,3.0,5.0,5.0,6.75,11.61,1.0,11.61,0.64,0.0039,0.0,2.0,3.0,0.0,82.0,82.14
688B,pass@30,2.0,3.0,2.0,3.0,5.0,5.0,6.75,11.61,1.0,11.61,0.64,0.0039,0.0,2.0,3.0,0.0,82.0,82.14
688B,pass@26,2.0,3.0,2.0,3.0,5.0,5.0,6.75,11.61,1.0,11.61,0.64,0.0039,0.0,2.0,3.0,0.0,82.0,82.14
698B,pass@5,7.0,16.0,14.0,25.0,23.0,39.0,83.65,176.42,5.47,964.79,53.6,0.0588,12.0,39.0,41.0,0.0,47.47,47.47
698B,pass@15,7.0,16.0,14.0,25.0,23.0,39.0,83.65,176.42,5.47,964.79,53.6,0.0588,12.0,39.0,41.0,0.0,47.47,47.47
698B,pass@9,8.0,15.0,17.0,31.0,23.0,48.0,82.6,217.13,8.27,1794.95,99.72,0.0724,11.0,38.0,39.0,0.0,47.45,47.45
698B,pass@11,7.0,16.0,14.0,25.0,23.0,39.0,83.65,176.42,5.47,964.79,53.6,0.0588,12.0,39.0,41.0,0.0,47.47,47.47
698B,pass@14,8.0,16.0,15.0,27.0,24.0,42.0,88.0,192.57,6.75,1299.84,72.21,0.0642,12.0,39.0,41.0,0.0,47.21,47.21
698B,pass@2,8.0,16.0,17.0,31.0,24.0,48.0,88.0,220.08,7.75,1705.61,94.76,0.0734,13.0,40.0,41.0,10.0,64.48,64.48
698B,pass@1,7.0,19.0,19.0,36.0,26.0,55.0,100.36,258.52,6.63,1714.42,95.25,0.0862,13.0,40.0,41.0,5.0,59.25,59.25
698B,pass@10,5.0,16.0,17.0,32.0,21.0,49.0,75.61,215.22,5.0,1076.12,59.78,0.0717,9.0,42.0,42.0,7.14,62.42,62.42
698B,pass@4,7.0,20.0,21.0,34.0,27.0,55.0,106.09,261.52,5.95,1556.04,86.45,0.0872,19.0,47.0,47.0,8.51,60.66,60.66
698B,pass@16,5.0,18.0,28.0,53.0,23.0,81.0,86.67,366.41,7.36,2697.17,149.84,0.1221,12.0,45.0,45.0,0.0,44.37,44.37
698B,pass@6,8.0,18.0,20.0,37.0,26.0,57.0,99.06,267.93,8.22,2202.94,122.39,0.0893,13.0,41.0,42.0,12.2,65.2,65.2
698B,pass@12,8.0,23.0,25.0,44.0,31.0,69.0,128.04,341.84,7.65,2615.82,145.32,0.1139,16.0,56.0,58.0,8.93,58.61,58.61
698B,pass@8,7.0,24.0,29.0,55.0,31.0,84.0,129.69,416.15,8.02,3337.89,185.44,0.1387,19.0,62.0,63.0,4.84,52.59,52.72
698B,pass@7,7.0,23.0,24.0,44.0,30.0,68.0,123.69,333.67,6.7,2234.13,124.12,0.1112,16.0,56.0,57.0,12.5,61.43,61.43
698B,pass@3,8.0,28.0,30.0,55.0,36.0,85.0,158.61,439.44,7.86,3452.77,191.82,0.1465,17.0,61.0,63.0,14.75,60.85,60.85
698B,pass@21,8.0,16.0,18.0,33.0,24.0,51.0,88.0,233.83,8.25,1929.12,107.17,0.0779,12.0,42.0,43.0,0.0,46.17,46.17
698B,pass@19,8.0,16.0,18.0,33.0,24.0,51.0,88.0,233.83,8.25,1929.12,107.17,0.0779,12.0,42.0,43.0,0.0,46.17,46.17
698B,pass@22,8.0,16.0,18.0,33.0,24.0,51.0,88.0,233.83,8.25,1929.12,107.17,0.0779,12.0,42.0,43.0,0.0,46.17,46.17
698B,pass@23,5.0,18.0,26.0,49.0,23.0,75.0,86.67,339.27,6.81,2308.9,128.27,0.1131,12.0,44.0,44.0,0.0,44.82,44.82
698B,pass@24,8.0,20.0,25.0,46.0,28.0,71.0,110.44,341.32,9.2,3140.16,174.45,0.1138,16.0,53.0,54.0,0.0,42.32,42.32
698B,pass@26,8.0,15.0,17.0,31.0,23.0,48.0,82.6,217.13,8.27,1794.95,99.72,0.0724,11.0,38.0,39.0,0.0,47.45,47.45
698B,pass@30,8.0,15.0,17.0,31.0,23.0,48.0,82.6,217.13,8.27,1794.95,99.72,0.0724,11.0,38.0,39.0,0.0,47.45,47.45
698B,pass@18,8.0,23.0,30.0,55.0,31.0,85.0,128.04,421.11,9.57,4027.98,223.78,0.1404,17.0,59.0,60.0,10.17,58.36,58.49
698B,pass@17,7.0,28.0,32.0,59.0,35.0,91.0,154.26,466.76,7.38,3442.39,191.24,0.1556,17.0,62.0,63.0,11.29,58.53,58.53
698B,pass@25,7.0,22.0,26.0,48.0,29.0,74.0,117.76,359.49,7.64,2745.2,152.51,0.1198,18.0,62.0,63.0,14.52,61.19,61.19
698B,pass@31,7.0,16.0,16.0,30.0,23.0,46.0,83.65,208.08,6.56,1365.55,75.86,0.0694,12.0,44.0,45.0,2.27,55.08,55.08
698B,pass@27,5.0,20.0,29.0,56.0,25.0,85.0,98.05,394.73,7.0,2763.09,153.51,0.1316,15.0,53.0,53.0,7.55,57.95,57.95
698B,pass@28,7.0,22.0,24.0,44.0,29.0,68.0,117.76,330.34,7.0,2312.4,128.47,0.1101,16.0,56.0,58.0,8.93,58.71,58.71
698B,pass@32,7.0,17.0,15.0,28.0,24.0,43.0,89.14,197.15,5.76,1136.53,63.14,0.0657,12.0,35.0,36.0,2.86,58.4,58.4
698B,pass@13,9.0,54.0,71.0,131.0,63.0,202.0,339.29,1207.41,10.92,13180.9,732.27,0.4025,45.0,126.0,131.0,11.9,45.35,45.35
698B,pass@29,8.0,31.0,34.0,65.0,39.0,99.0,177.58,523.25,8.39,4388.59,243.81,0.1744,22.0,76.0,77.0,17.11,58.95,58.95
698B,pass@20,8.0,37.0,49.0,89.0,45.0,138.0,216.75,757.88,9.62,7291.99,405.11,0.2526,27.0,100.0,104.0,21.0,55.98,55.98
699A,pass@9,8.0,16.0,11.0,21.0,24.0,32.0,88.0,146.72,5.25,770.27,42.79,0.0489,0.0,13.0,13.0,0.0,59.72,60.53
699A,pass@11,8.0,16.0,11.0,21.0,24.0,32.0,88.0,146.72,5.25,770.27,42.79,0.0489,0.0,13.0,13.0,0.0,59.72,60.53
699A,pass@1,8.0,16.0,11.0,21.0,24.0,32.0,88.0,146.72,5.25,770.27,42.79,0.0489,0.0,13.0,13.0,0.0,59.72,60.53
699A,pass@7,8.0,16.0,11.0,21.0,24.0,32.0,88.0,146.72,5.25,770.27,42.79,0.0489,0.0,13.0,13.0,0.0,59.72,60.53
699A,pass@4,8.0,16.0,11.0,21.0,24.0,32.0,88.0,146.72,5.25,770.27,42.79,0.0489,0.0,13.0,13.0,0.0,59.72,60.53
699A,pass@12,8.0,16.0,11.0,21.0,24.0,32.0,88.0,146.72,5.25,770.27,42.79,0.0489,0.0,13.0,13.0,0.0,59.72,60.53
699A,pass@14,8.0,16.0,11.0,21.0,24.0,32.0,88.0,146.72,5.25,770.27,42.79,0.0489,0.0,13.0,13.0,0.0,59.72,60.53
699A,pass@13,8.0,16.0,11.0,21.0,24.0,32.0,88.0,146.72,5.25,770.27,42.79,0.0489,0.0,13.0,13.0,0.0,59.72,60.53
699A,pass@10,8.0,16.0,11.0,21.0,24.0,32.0,88.0,146.72,5.25,770.27,42.79,0.0489,0.0,13.0,13.0,0.0,59.72,60.53
699A,pass@2,8.0,16.0,11.0,21.0,24.0,32.0,88.0,146.72,5.25,770.27,42.79,0.0489,0.0,13.0,13.0,0.0,59.72,60.53
699A,pass@6,8.0,16.0,11.0,21.0,24.0,32.0,88.0,146.72,5.25,770.27,42.79,0.0489,0.0,13.0,13.0,0.0,59.72,60.53
699A,pass@5,8.0,16.0,11.0,21.0,24.0,32.0,88.0,146.72,5.25,770.27,42.79,0.0489,0.0,13.0,13.0,0.0,59.72,60.53
699A,pass@15,8.0,16.0,11.0,21.0,24.0,32.0,88.0,146.72,5.25,770.27,42.79,0.0489,0.0,13.0,13.0,0.0,59.72,60.53
699A,pass@16,8.0,16.0,11.0,21.0,24.0,32.0,88.0,146.72,5.25,770.27,42.79,0.0489,0.0,13.0,13.0,0.0,59.72,60.53
699A,pass@3,8.0,16.0,11.0,21.0,24.0,32.0,88.0,146.72,5.25,770.27,42.79,0.0489,0.0,13.0,13.0,0.0,59.72,60.53
699A,pass@8,8.0,16.0,11.0,21.0,24.0,32.0,88.0,146.72,5.25,770.27,42.79,0.0489,0.0,13.0,13.0,0.0,59.72,60.53
699A,pass@18,8.0,16.0,11.0,21.0,24.0,32.0,88.0,146.72,5.25,770.27,42.79,0.0489,0.0,13.0,13.0,0.0,59.72,60.53
699A,pass@17,8.0,16.0,11.0,21.0,24.0,32.0,88.0,146.72,5.25,770.27,42.79,0.0489,0.0,13.0,13.0,0.0,59.72,60.53
699A,pass@22,8.0,16.0,11.0,21.0,24.0,32.0,88.0,146.72,5.25,770.27,42.79,0.0489,0.0,13.0,13.0,0.0,59.72,60.53
699A,pass@20,8.0,16.0,11.0,21.0,24.0,32.0,88.0,146.72,5.25,770.27,42.79,0.0489,0.0,13.0,13.0,0.0,59.72,60.53
699A,pass@27,8.0,16.0,11.0,21.0,24.0,32.0,88.0,146.72,5.25,770.27,42.79,0.0489,0.0,13.0,13.0,0.0,59.72,60.53
699A,pass@21,8.0,16.0,11.0,21.0,24.0,32.0,88.0,146.72,5.25,770.27,42.79,0.0489,0.0,13.0,13.0,0.0,59.72,60.53
699A,pass@26,8.0,16.0,11.0,21.0,24.0,32.0,88.0,146.72,5.25,770.27,42.79,0.0489,0.0,13.0,13.0,0.0,59.72,60.53
699A,pass@28,8.0,16.0,11.0,21.0,24.0,32.0,88.0,146.72,5.25,770.27,42.79,0.0489,0.0,13.0,13.0,0.0,59.72,60.53
699A,pass@25,8.0,16.0,11.0,21.0,24.0,32.0,88.0,146.72,5.25,770.27,42.79,0.0489,0.0,13.0,13.0,0.0,59.72,60.53
699A,pass@31,8.0,16.0,11.0,21.0,24.0,32.0,88.0,146.72,5.25,770.27,42.79,0.0489,0.0,13.0,13.0,0.0,59.72,60.53
699A,pass@23,8.0,16.0,11.0,21.0,24.0,32.0,88.0,146.72,5.25,770.27,42.79,0.0489,0.0,13.0,13.0,0.0,59.72,60.53
699A,pass@24,8.0,16.0,11.0,21.0,24.0,32.0,88.0,146.72,5.25,770.27,42.79,0.0489,0.0,13.0,13.0,0.0,59.72,60.53
699A,pass@19,8.0,16.0,11.0,21.0,24.0,32.0,88.0,146.72,5.25,770.27,42.79,0.0489,0.0,13.0,13.0,0.0,59.72,60.53
699A,pass@32,8.0,16.0,11.0,21.0,24.0,32.0,88.0,146.72,5.25,770.27,42.79,0.0489,0.0,13.0,13.0,0.0,59.72,60.53
699A,pass@29,8.0,16.0,11.0,21.0,24.0,32.0,88.0,146.72,5.25,770.27,42.79,0.0489,0.0,13.0,13.0,0.0,59.72,60.53
699A,pass@30,8.0,16.0,11.0,21.0,24.0,32.0,88.0,146.72,5.25,770.27,42.79,0.0489,0.0,13.0,13.0,0.0,59.72,60.53
703A,pass@6,2.0,5.0,6.0,12.0,7.0,18.0,13.61,50.53,2.4,121.28,6.74,0.0168,0.0,15.0,15.0,0.0,61.61,62.42
703A,pass@4,2.0,5.0,6.0,12.0,7.0,18.0,13.61,50.53,2.4,121.28,6.74,0.0168,0.0,15.0,15.0,0.0,61.61,62.42
703A,pass@13,2.0,5.0,6.0,12.0,7.0,18.0,13.61,50.53,2.4,121.28,6.74,0.0168,0.0,15.0,15.0,0.0,61.61,62.42
703A,pass@1,2.0,5.0,6.0,12.0,7.0,18.0,13.61,50.53,2.4,121.28,6.74,0.0168,0.0,15.0,15.0,0.0,61.61,62.42
703A,pass@9,2.0,5.0,6.0,12.0,7.0,18.0,13.61,50.53,2.4,121.28,6.74,0.0168,0.0,15.0,15.0,0.0,61.61,62.42
703A,pass@15,2.0,5.0,6.0,12.0,7.0,18.0,13.61,50.53,2.4,121.28,6.74,0.0168,0.0,15.0,15.0,0.0,61.61,62.42
703A,pass@3,2.0,5.0,6.0,12.0,7.0,18.0,13.61,50.53,2.4,121.28,6.74,0.0168,0.0,15.0,15.0,0.0,61.61,62.42
703A,pass@10,2.0,5.0,6.0,12.0,7.0,18.0,13.61,50.53,2.4,121.28,6.74,0.0168,0.0,15.0,15.0,0.0,61.61,62.42
703A,pass@8,2.0,5.0,6.0,12.0,7.0,18.0,13.61,50.53,2.4,121.28,6.74,0.0168,0.0,15.0,15.0,0.0,61.61,62.42
703A,pass@7,2.0,5.0,6.0,12.0,7.0,18.0,13.61,50.53,2.4,121.28,6.74,0.0168,0.0,15.0,15.0,0.0,61.61,62.42
703A,pass@16,2.0,5.0,6.0,12.0,7.0,18.0,13.61,50.53,2.4,121.28,6.74,0.0168,0.0,15.0,15.0,0.0,61.61,62.42
703A,pass@5,2.0,5.0,6.0,12.0,7.0,18.0,13.61,50.53,2.4,121.28,6.74,0.0168,0.0,15.0,15.0,0.0,61.61,62.42
703A,pass@12,2.0,5.0,6.0,12.0,7.0,18.0,13.61,50.53,2.4,121.28,6.74,0.0168,0.0,15.0,15.0,0.0,61.61,62.42
703A,pass@11,2.0,5.0,6.0,12.0,7.0,18.0,13.61,50.53,2.4,121.28,6.74,0.0168,0.0,15.0,15.0,0.0,61.61,62.42
703A,pass@2,2.0,5.0,6.0,12.0,7.0,18.0,13.61,50.53,2.4,121.28,6.74,0.0168,0.0,15.0,15.0,0.0,61.61,62.42
703A,pass@14,2.0,5.0,6.0,12.0,7.0,18.0,13.61,50.53,2.4,121.28,6.74,0.0168,0.0,15.0,15.0,0.0,61.61,62.42
703A,pass@23,2.0,5.0,6.0,12.0,7.0,18.0,13.61,50.53,2.4,121.28,6.74,0.0168,0.0,15.0,15.0,0.0,61.61,62.42
703A,pass@18,2.0,5.0,6.0,12.0,7.0,18.0,13.61,50.53,2.4,121.28,6.74,0.0168,0.0,15.0,15.0,0.0,61.61,62.42
703A,pass@21,2.0,5.0,6.0,12.0,7.0,18.0,13.61,50.53,2.4,121.28,6.74,0.0168,0.0,15.0,15.0,0.0,61.61,62.42
703A,pass@22,2.0,5.0,6.0,12.0,7.0,18.0,13.61,50.53,2.4,121.28,6.74,0.0168,0.0,15.0,15.0,0.0,61.61,62.42
703A,pass@26,2.0,5.0,6.0,12.0,7.0,18.0,13.61,50.53,2.4,121.28,6.74,0.0168,0.0,15.0,15.0,0.0,61.61,62.42
703A,pass@19,2.0,5.0,6.0,12.0,7.0,18.0,13.61,50.53,2.4,121.28,6.74,0.0168,0.0,15.0,15.0,0.0,61.61,62.42
703A,pass@28,2.0,5.0,6.0,12.0,7.0,18.0,13.61,50.53,2.4,121.28,6.74,0.0168,0.0,15.0,15.0,0.0,61.61,62.42
703A,pass@17,2.0,5.0,6.0,12.0,7.0,18.0,13.61,50.53,2.4,121.28,6.74,0.0168,0.0,15.0,15.0,0.0,61.61,62.42
703A,pass@29,2.0,5.0,6.0,12.0,7.0,18.0,13.61,50.53,2.4,121.28,6.74,0.0168,0.0,15.0,15.0,0.0,61.61,62.42
703A,pass@30,2.0,5.0,6.0,12.0,7.0,18.0,13.61,50.53,2.4,121.28,6.74,0.0168,0.0,15.0,15.0,0.0,61.61,62.42
703A,pass@27,2.0,5.0,6.0,12.0,7.0,18.0,13.61,50.53,2.4,121.28,6.74,0.0168,0.0,15.0,15.0,0.0,61.61,62.42
703A,pass@25,2.0,5.0,6.0,12.0,7.0,18.0,13.61,50.53,2.4,121.28,6.74,0.0168,0.0,15.0,15.0,0.0,61.61,62.42
703A,pass@24,2.0,5.0,6.0,12.0,7.0,18.0,13.61,50.53,2.4,121.28,6.74,0.0168,0.0,15.0,15.0,0.0,61.61,62.42
703A,pass@32,2.0,5.0,6.0,12.0,7.0,18.0,13.61,50.53,2.4,121.28,6.74,0.0168,0.0,15.0,15.0,0.0,61.61,62.42
703A,pass@20,2.0,5.0,6.0,12.0,7.0,18.0,13.61,50.53,2.4,121.28,6.74,0.0168,0.0,15.0,15.0,0.0,61.61,62.42
703A,pass@31,2.0,5.0,6.0,12.0,7.0,18.0,13.61,50.53,2.4,121.28,6.74,0.0168,0.0,15.0,15.0,0.0,61.61,62.42
710B,pass@7,2.0,4.0,2.0,4.0,6.0,6.0,10.0,15.51,1.0,15.51,0.86,0.0052,0.0,5.0,5.0,0.0,76.28,76.42
710B,pass@4,2.0,4.0,2.0,4.0,6.0,6.0,10.0,15.51,1.0,15.51,0.86,0.0052,0.0,5.0,5.0,0.0,76.28,76.42
710B,pass@15,2.0,4.0,2.0,4.0,6.0,6.0,10.0,15.51,1.0,15.51,0.86,0.0052,0.0,5.0,5.0,0.0,76.28,76.42
710B,pass@10,2.0,4.0,2.0,4.0,6.0,6.0,10.0,15.51,1.0,15.51,0.86,0.0052,0.0,5.0,5.0,0.0,76.28,76.42
710B,pass@5,2.0,4.0,2.0,4.0,6.0,6.0,10.0,15.51,1.0,15.51,0.86,0.0052,0.0,5.0,5.0,0.0,76.28,76.42
710B,pass@1,2.0,4.0,2.0,4.0,6.0,6.0,10.0,15.51,1.0,15.51,0.86,0.0052,0.0,4.0,4.0,0.0,78.4,78.53
710B,pass@8,4.0,5.0,5.0,10.0,9.0,15.0,19.61,47.55,4.0,190.2,10.57,0.0158,0.0,7.0,7.0,0.0,69.55,69.82
710B,pass@3,2.0,4.0,2.0,4.0,6.0,6.0,10.0,15.51,1.0,15.51,0.86,0.0052,0.0,5.0,5.0,0.0,76.28,76.42
710B,pass@6,2.0,4.0,2.0,4.0,6.0,6.0,10.0,15.51,1.0,15.51,0.86,0.0052,0.0,4.0,4.0,0.0,78.4,78.53
710B,pass@9,2.0,4.0,2.0,4.0,6.0,6.0,10.0,15.51,1.0,15.51,0.86,0.0052,0.0,5.0,5.0,0.0,76.28,76.42
710B,pass@14,4.0,5.0,5.0,10.0,9.0,15.0,19.61,47.55,4.0,190.2,10.57,0.0158,0.0,7.0,7.0,0.0,69.55,69.82
710B,pass@12,2.0,4.0,2.0,4.0,6.0,6.0,10.0,15.51,1.0,15.51,0.86,0.0052,0.0,5.0,5.0,0.0,76.28,76.42
710B,pass@16,2.0,4.0,2.0,4.0,6.0,6.0,10.0,15.51,1.0,15.51,0.86,0.0052,0.0,5.0,5.0,0.0,76.28,76.42
710B,pass@13,4.0,5.0,5.0,10.0,9.0,15.0,19.61,47.55,4.0,190.2,10.57,0.0158,0.0,7.0,7.0,0.0,69.55,69.82
710B,pass@11,2.0,4.0,2.0,4.0,6.0,6.0,10.0,15.51,1.0,15.51,0.86,0.0052,0.0,5.0,5.0,0.0,76.28,76.42
710B,pass@2,2.0,4.0,2.0,4.0,6.0,6.0,10.0,15.51,1.0,15.51,0.86,0.0052,0.0,5.0,5.0,0.0,76.28,76.42
710B,pass@17,2.0,4.0,2.0,4.0,6.0,6.0,10.0,15.51,1.0,15.51,0.86,0.0052,0.0,4.0,4.0,0.0,78.4,78.53
710B,pass@21,2.0,4.0,2.0,4.0,6.0,6.0,10.0,15.51,1.0,15.51,0.86,0.0052,0.0,4.0,4.0,0.0,78.4,78.53
710B,pass@18,4.0,5.0,5.0,10.0,9.0,15.0,19.61,47.55,4.0,190.2,10.57,0.0158,0.0,7.0,7.0,0.0,69.55,69.82
710B,pass@20,2.0,4.0,2.0,4.0,6.0,6.0,10.0,15.51,1.0,15.51,0.86,0.0052,0.0,4.0,4.0,0.0,78.4,78.53
710B,pass@19,2.0,4.0,2.0,4.0,6.0,6.0,10.0,15.51,1.0,15.51,0.86,0.0052,0.0,5.0,5.0,0.0,76.28,76.42
710B,pass@24,4.0,5.0,5.0,10.0,9.0,15.0,19.61,47.55,4.0,190.2,10.57,0.0158,0.0,7.0,7.0,0.0,69.55,69.82
710B,pass@27,2.0,4.0,2.0,4.0,6.0,6.0,10.0,15.51,1.0,15.51,0.86,0.0052,0.0,5.0,5.0,0.0,76.28,76.42
710B,pass@22,2.0,4.0,2.0,4.0,6.0,6.0,10.0,15.51,1.0,15.51,0.86,0.0052,0.0,4.0,4.0,0.0,78.4,78.53
710B,pass@28,4.0,5.0,5.0,10.0,9.0,15.0,19.61,47.55,4.0,190.2,10.57,0.0158,0.0,7.0,7.0,0.0,69.55,69.82
710B,pass@31,4.0,5.0,5.0,10.0,9.0,15.0,19.61,47.55,4.0,190.2,10.57,0.0158,0.0,7.0,7.0,0.0,69.55,69.82
710B,pass@26,4.0,5.0,5.0,10.0,9.0,15.0,19.61,47.55,4.0,190.2,10.57,0.0158,0.0,7.0,7.0,0.0,69.55,69.82
710B,pass@29,4.0,5.0,5.0,10.0,9.0,15.0,19.61,47.55,4.0,190.2,10.57,0.0158,0.0,7.0,7.0,0.0,69.55,69.82
710B,pass@32,4.0,5.0,5.0,10.0,9.0,15.0,19.61,47.55,4.0,190.2,10.57,0.0158,0.0,7.0,7.0,0.0,69.55,69.82
710B,pass@25,4.0,5.0,5.0,10.0,9.0,15.0,19.61,47.55,4.0,190.2,10.57,0.0158,0.0,7.0,7.0,0.0,69.55,69.82
710B,pass@30,2.0,4.0,2.0,4.0,6.0,6.0,10.0,15.51,1.0,15.51,0.86,0.0052,0.0,5.0,5.0,0.0,76.28,76.42
710B,pass@23,4.0,5.0,5.0,10.0,9.0,15.0,19.61,47.55,4.0,190.2,10.57,0.0158,0.0,7.0,7.0,0.0,69.55,69.82
710A,pass@3,7.0,17.0,15.0,26.0,24.0,41.0,89.14,187.98,5.35,1006.26,55.9,0.0627,0.0,13.0,13.0,0.0,58.84,59.78
710A,pass@1,3.0,7.0,16.0,32.0,10.0,48.0,24.41,159.45,6.86,1093.39,60.74,0.0532,0.0,21.0,21.0,0.0,54.52,55.73
710A,pass@2,7.0,17.0,15.0,26.0,24.0,41.0,89.14,187.98,5.35,1006.26,55.9,0.0627,0.0,13.0,13.0,0.0,58.84,59.78
710A,pass@7,7.0,17.0,15.0,26.0,24.0,41.0,89.14,187.98,5.35,1006.26,55.9,0.0627,0.0,13.0,13.0,0.0,58.84,59.78
710A,pass@12,7.0,17.0,15.0,26.0,24.0,41.0,89.14,187.98,5.35,1006.26,55.9,0.0627,0.0,13.0,13.0,0.0,58.84,59.78
710A,pass@13,7.0,17.0,15.0,26.0,24.0,41.0,89.14,187.98,5.35,1006.26,55.9,0.0627,0.0,13.0,13.0,0.0,58.84,59.78
710A,pass@5,7.0,17.0,15.0,26.0,24.0,41.0,89.14,187.98,5.35,1006.26,55.9,0.0627,0.0,13.0,13.0,0.0,58.84,59.78
710A,pass@9,7.0,17.0,15.0,26.0,24.0,41.0,89.14,187.98,5.35,1006.26,55.9,0.0627,0.0,13.0,13.0,0.0,58.84,59.78
710A,pass@8,5.0,16.0,13.0,22.0,21.0,35.0,75.61,153.73,3.44,528.45,29.36,0.0512,0.0,13.0,13.0,0.0,59.45,60.39
710A,pass@10,7.0,17.0,15.0,26.0,24.0,41.0,89.14,187.98,5.35,1006.26,55.9,0.0627,0.0,13.0,13.0,0.0,58.84,59.78
710A,pass@11,7.0,17.0,15.0,26.0,24.0,41.0,89.14,187.98,5.35,1006.26,55.9,0.0627,0.0,13.0,13.0,0.0,58.84,59.78
710A,pass@16,6.0,17.0,15.0,26.0,23.0,41.0,85.0,185.47,4.59,850.96,47.28,0.0618,0.0,15.0,15.0,0.0,57.52,58.46
710A,pass@4,4.0,16.0,24.0,48.0,20.0,72.0,72.0,311.18,6.0,1867.07,103.73,0.1037,0.0,21.0,21.0,0.0,52.49,53.7
710A,pass@6,7.0,17.0,15.0,26.0,24.0,41.0,89.14,187.98,5.35,1006.26,55.9,0.0627,0.0,13.0,13.0,0.0,58.84,59.78
710A,pass@15,6.0,17.0,15.0,26.0,23.0,41.0,85.0,185.47,4.59,850.96,47.28,0.0618,0.0,13.0,13.0,0.0,58.88,59.82
710A,pass@14,6.0,17.0,15.0,26.0,23.0,41.0,85.0,185.47,4.59,850.96,47.28,0.0618,0.0,15.0,15.0,0.0,57.52,58.46
710A,pass@17,7.0,17.0,15.0,26.0,24.0,41.0,89.14,187.98,5.35,1006.26,55.9,0.0627,0.0,13.0,13.0,0.0,58.84,59.78
710A,pass@18,7.0,17.0,15.0,26.0,24.0,41.0,89.14,187.98,5.35,1006.26,55.9,0.0627,0.0,13.0,13.0,0.0,58.84,59.78
710A,pass@22,7.0,17.0,15.0,26.0,24.0,41.0,89.14,187.98,5.35,1006.26,55.9,0.0627,0.0,13.0,13.0,0.0,58.84,59.78
710A,pass@20,7.0,17.0,15.0,26.0,24.0,41.0,89.14,187.98,5.35,1006.26,55.9,0.0627,0.0,13.0,13.0,0.0,58.84,59.78
710A,pass@21,7.0,17.0,15.0,26.0,24.0,41.0,89.14,187.98,5.35,1006.26,55.9,0.0627,0.0,13.0,13.0,0.0,58.84,59.78
710A,pass@19,7.0,17.0,15.0,26.0,24.0,41.0,89.14,187.98,5.35,1006.26,55.9,0.0627,0.0,13.0,13.0,0.0,58.84,59.78
710A,pass@31,7.0,17.0,15.0,26.0,24.0,41.0,89.14,187.98,5.35,1006.26,55.9,0.0627,0.0,13.0,13.0,0.0,58.84,59.78
710A,pass@32,6.0,17.0,15.0,26.0,23.0,41.0,85.0,185.47,4.59,850.96,47.28,0.0618,0.0,13.0,13.0,0.0,58.88,59.82
710A,pass@25,6.0,17.0,15.0,26.0,23.0,41.0,85.0,185.47,4.59,850.96,47.28,0.0618,0.0,15.0,15.0,0.0,57.52,58.46
710A,pass@26,7.0,17.0,15.0,26.0,24.0,41.0,89.14,187.98,5.35,1006.26,55.9,0.0627,0.0,13.0,13.0,0.0,58.84,59.78
710A,pass@28,7.0,17.0,15.0,26.0,24.0,41.0,89.14,187.98,5.35,1006.26,55.9,0.0627,0.0,13.0,13.0,0.0,58.84,59.78
710A,pass@30,5.0,16.0,13.0,22.0,21.0,35.0,75.61,153.73,3.44,528.45,29.36,0.0512,0.0,13.0,13.0,0.0,59.45,60.39
710A,pass@27,5.0,16.0,13.0,22.0,21.0,35.0,75.61,153.73,3.44,528.45,29.36,0.0512,0.0,13.0,13.0,0.0,59.45,60.39
710A,pass@24,7.0,17.0,15.0,26.0,24.0,41.0,89.14,187.98,5.35,1006.26,55.9,0.0627,0.0,13.0,13.0,0.0,58.84,59.78
710A,pass@29,6.0,17.0,15.0,26.0,23.0,41.0,85.0,185.47,4.59,850.96,47.28,0.0618,0.0,15.0,15.0,0.0,57.52,58.46
710A,pass@23,4.0,16.0,24.0,48.0,20.0,72.0,72.0,311.18,6.0,1867.07,103.73,0.1037,0.0,21.0,21.0,0.0,52.49,53.7
712C,pass@12,6.0,16.0,15.0,31.0,22.0,46.0,79.51,205.13,5.81,1192.34,66.24,0.0684,0.0,12.0,12.0,0.0,59.46,60.27
712C,pass@8,6.0,16.0,15.0,31.0,22.0,46.0,79.51,205.13,5.81,1192.34,66.24,0.0684,0.0,12.0,12.0,0.0,59.46,60.27
712C,pass@14,6.0,16.0,15.0,31.0,22.0,46.0,79.51,205.13,5.81,1192.34,66.24,0.0684,0.0,12.0,12.0,8.33,75.93,76.74
712C,pass@9,6.0,16.0,15.0,31.0,22.0,46.0,79.51,205.13,5.81,1192.34,66.24,0.0684,0.0,14.0,14.0,0.0,57.87,58.81
712C,pass@3,6.0,16.0,15.0,31.0,22.0,46.0,79.51,205.13,5.81,1192.34,66.24,0.0684,0.0,14.0,14.0,0.0,57.87,58.81
712C,pass@7,6.0,16.0,15.0,31.0,22.0,46.0,79.51,205.13,5.81,1192.34,66.24,0.0684,0.0,12.0,12.0,8.33,75.93,76.74
712C,pass@2,6.0,16.0,15.0,31.0,22.0,46.0,79.51,205.13,5.81,1192.34,66.24,0.0684,0.0,17.0,17.0,0.0,56.03,56.97
712C,pass@5,6.0,16.0,15.0,31.0,22.0,46.0,79.51,205.13,5.81,1192.34,66.24,0.0684,0.0,12.0,12.0,8.33,75.93,76.74
712C,pass@10,6.0,16.0,15.0,31.0,22.0,46.0,79.51,205.13,5.81,1192.34,66.24,0.0684,0.0,17.0,17.0,0.0,56.03,56.97
712C,pass@6,6.0,16.0,15.0,31.0,22.0,46.0,79.51,205.13,5.81,1192.34,66.24,0.0684,0.0,17.0,17.0,0.0,56.03,56.97
712C,pass@16,6.0,16.0,15.0,31.0,22.0,46.0,79.51,205.13,5.81,1192.34,66.24,0.0684,0.0,14.0,14.0,14.29,78.5,79.44
712C,pass@11,5.0,12.0,16.0,33.0,17.0,49.0,54.63,200.29,6.88,1376.96,76.5,0.0668,0.0,19.0,19.0,0.0,54.91,55.99
712C,pass@1,4.0,14.0,9.0,19.0,18.0,28.0,61.3,116.76,2.71,316.91,17.61,0.0389,0.0,16.0,16.0,12.5,77.87,78.81
712C,pass@13,4.0,12.0,16.0,33.0,16.0,49.0,51.02,196.0,5.5,1078.0,59.89,0.0653,0.0,17.0,17.0,11.76,75.24,76.18
712C,pass@4,5.0,12.0,19.0,39.0,17.0,58.0,54.63,237.07,8.12,1926.22,107.01,0.079,0.0,20.0,20.0,10.0,71.46,72.81
712C,pass@15,5.0,12.0,16.0,33.0,17.0,49.0,54.63,200.29,6.88,1376.96,76.5,0.0668,0.0,19.0,19.0,5.26,68.3,69.37
712C,pass@20,6.0,16.0,15.0,31.0,22.0,46.0,79.51,205.13,5.81,1192.34,66.24,0.0684,0.0,12.0,12.0,0.0,59.46,60.27
712C,pass@19,6.0,16.0,15.0,31.0,22.0,46.0,79.51,205.13,5.81,1192.34,66.24,0.0684,0.0,14.0,14.0,0.0,57.87,58.81
712C,pass@18,6.0,16.0,15.0,31.0,22.0,46.0,79.51,205.13,5.81,1192.34,66.24,0.0684,0.0,14.0,14.0,0.0,57.87,58.81
712C,pass@22,6.0,16.0,15.0,31.0,22.0,46.0,79.51,205.13,5.81,1192.34,66.24,0.0684,0.0,14.0,14.0,0.0,57.87,58.81
712C,pass@23,6.0,16.0,15.0,31.0,22.0,46.0,79.51,205.13,5.81,1192.34,66.24,0.0684,0.0,12.0,12.0,0.0,59.46,60.27
712C,pass@24,6.0,16.0,15.0,31.0,22.0,46.0,79.51,205.13,5.81,1192.34,66.24,0.0684,0.0,12.0,12.0,8.33,75.93,76.74
712C,pass@26,6.0,16.0,15.0,31.0,22.0,46.0,79.51,205.13,5.81,1192.34,66.24,0.0684,0.0,12.0,12.0,8.33,75.93,76.74
712C,pass@17,4.0,14.0,9.0,19.0,18.0,28.0,61.3,116.76,2.71,316.91,17.61,0.0389,0.0,17.0,17.0,5.88,71.83,72.77
712C,pass@29,6.0,16.0,15.0,31.0,22.0,46.0,79.51,205.13,5.81,1192.34,66.24,0.0684,0.0,14.0,14.0,0.0,57.87,58.81
712C,pass@25,6.0,16.0,15.0,31.0,22.0,46.0,79.51,205.13,5.81,1192.34,66.24,0.0684,0.0,12.0,12.0,8.33,75.93,76.74
712C,pass@27,6.0,16.0,15.0,31.0,22.0,46.0,79.51,205.13,5.81,1192.34,66.24,0.0684,0.0,14.0,14.0,0.0,57.87,58.81
712C,pass@30,6.0,16.0,15.0,31.0,22.0,46.0,79.51,205.13,5.81,1192.34,66.24,0.0684,0.0,14.0,14.0,0.0,57.87,58.81
712C,pass@28,5.0,12.0,19.0,39.0,17.0,58.0,54.63,237.07,8.12,1926.22,107.01,0.079,0.0,20.0,20.0,0.0,53.65,54.99
712C,pass@21,5.0,13.0,16.0,33.0,18.0,49.0,59.72,204.33,6.35,1296.69,72.04,0.0681,0.0,21.0,21.0,9.52,71.22,72.43
712C,pass@31,6.0,16.0,15.0,31.0,22.0,46.0,79.51,205.13,5.81,1192.34,66.24,0.0684,0.0,14.0,14.0,14.29,78.5,79.44
712C,pass@32,6.0,16.0,15.0,31.0,22.0,46.0,79.51,205.13,5.81,1192.34,66.24,0.0684,0.0,14.0,14.0,14.29,78.5,79.44
714C,pass@10,6.0,14.0,10.0,20.0,20.0,30.0,68.81,129.66,4.29,555.68,30.87,0.0432,2.0,24.0,24.0,0.0,54.29,54.83
714C,pass@16,7.0,19.0,13.0,26.0,26.0,39.0,100.36,183.32,4.79,877.99,48.78,0.0611,4.0,31.0,31.0,0.0,50.68,51.08
714C,pass@3,6.0,14.0,10.0,19.0,20.0,29.0,68.81,125.34,4.07,510.3,28.35,0.0418,7.0,28.0,29.0,7.14,67.84,67.84
714C,pass@8,6.0,14.0,10.0,19.0,20.0,29.0,68.81,125.34,4.07,510.3,28.35,0.0418,7.0,29.0,30.0,6.9,67.28,67.28
714C,pass@2,6.0,17.0,12.0,24.0,23.0,36.0,85.0,162.85,4.24,689.71,38.32,0.0543,9.0,30.0,30.0,0.0,51.08,51.08
714C,pass@13,7.0,17.0,14.0,27.0,24.0,41.0,89.14,187.98,5.56,1044.97,58.05,0.0627,7.0,32.0,33.0,0.0,50.01,50.01
714C,pass@15,7.0,15.0,11.0,21.0,22.0,32.0,78.25,142.7,4.9,699.24,38.85,0.0476,8.0,30.0,31.0,6.67,66.21,66.21
714C,pass@14,6.0,12.0,10.0,18.0,18.0,28.0,58.53,116.76,4.5,525.41,29.19,0.0389,3.0,27.0,29.0,3.7,64.04,64.57
714C,pass@4,7.0,15.0,11.0,21.0,22.0,32.0,78.25,142.7,4.9,699.24,38.85,0.0476,7.0,29.0,30.0,6.9,66.89,66.89
714C,pass@12,7.0,17.0,12.0,23.0,24.0,35.0,89.14,160.47,4.74,759.89,42.22,0.0535,8.0,32.0,33.0,9.38,67.69,67.69
714C,pass@9,8.0,25.0,18.0,36.0,33.0,54.0,140.1,272.4,5.76,1569.01,87.17,0.0908,9.0,34.0,34.0,5.88,62.41,62.41
714C,pass@6,7.0,21.0,13.0,26.0,28.0,39.0,111.89,187.49,4.33,812.44,45.14,0.0625,4.0,32.0,32.0,0.0,50.31,50.71
714C,pass@7,7.0,15.0,11.0,21.0,22.0,32.0,78.25,142.7,4.9,699.24,38.85,0.0476,7.0,28.0,29.0,7.14,67.45,67.45
714C,pass@1,6.0,14.0,10.0,19.0,20.0,29.0,68.81,125.34,4.07,510.3,28.35,0.0418,7.0,28.0,29.0,7.14,67.84,67.84
714C,pass@11,7.0,16.0,12.0,23.0,23.0,35.0,83.65,158.32,5.03,796.57,44.25,0.0528,8.0,29.0,30.0,6.9,66.44,66.44
714C,pass@5,8.0,15.0,11.0,21.0,23.0,32.0,82.6,144.75,5.6,810.62,45.03,0.0483,3.0,26.0,27.0,7.69,68.6,69.14
714C,pass@17,7.0,13.0,10.0,19.0,20.0,29.0,67.76,125.34,5.12,641.14,35.62,0.0418,7.0,28.0,29.0,7.14,67.98,67.84
714C,pass@20,7.0,15.0,11.0,21.0,22.0,32.0,78.25,142.7,4.9,699.24,38.85,0.0476,8.0,29.0,30.0,6.9,66.75,66.75
714C,pass@24,7.0,15.0,11.0,21.0,22.0,32.0,78.25,142.7,4.9,699.24,38.85,0.0476,7.0,29.0,30.0,0.0,51.75,51.75
714C,pass@19,7.0,16.0,12.0,23.0,23.0,35.0,83.65,158.32,5.03,796.57,44.25,0.0528,8.0,29.0,30.0,6.9,66.44,66.44
714C,pass@27,6.0,14.0,11.0,20.0,20.0,31.0,68.81,133.98,4.29,574.2,31.9,0.0447,7.0,30.0,32.0,0.0,51.33,51.33
714C,pass@21,7.0,13.0,10.0,19.0,20.0,29.0,67.76,125.34,5.12,641.14,35.62,0.0418,7.0,28.0,29.0,10.71,70.95,70.81
714C,pass@18,8.0,24.0,16.0,32.0,32.0,48.0,134.04,240.0,5.33,1280.0,71.11,0.08,10.0,39.0,39.0,0.0,47.42,47.28
714C,pass@23,6.0,16.0,13.0,25.0,22.0,38.0,79.51,169.46,4.69,794.34,44.13,0.0565,7.0,31.0,32.0,6.45,65.31,65.31
714C,pass@25,7.0,16.0,12.0,23.0,23.0,35.0,83.65,158.32,5.03,796.57,44.25,0.0528,8.0,30.0,31.0,6.67,65.9,65.9
714C,pass@22,6.0,14.0,10.0,19.0,20.0,29.0,68.81,125.34,4.07,510.3,28.35,0.0418,7.0,31.0,32.0,6.45,66.22,66.22
714C,pass@29,7.0,15.0,11.0,21.0,22.0,32.0,78.25,142.7,4.9,699.24,38.85,0.0476,8.0,29.0,30.0,10.34,69.69,69.69
714C,pass@28,6.0,16.0,13.0,25.0,22.0,38.0,79.51,169.46,4.69,794.34,44.13,0.0565,8.0,31.0,32.0,6.45,65.17,65.17
714C,pass@26,7.0,15.0,11.0,21.0,22.0,32.0,78.25,142.7,4.9,699.24,38.85,0.0476,7.0,30.0,31.0,10.0,69.26,69.26
714C,pass@31,8.0,27.0,18.0,36.0,35.0,54.0,152.38,276.98,5.33,1477.23,82.07,0.0923,11.0,35.0,35.0,0.0,47.87,47.74
714C,pass@32,7.0,16.0,12.0,23.0,23.0,35.0,83.65,158.32,5.03,796.57,44.25,0.0528,9.0,32.0,33.0,6.25,64.88,64.74
714C,pass@30,7.0,43.0,35.0,70.0,50.0,105.0,252.98,592.6,5.7,3376.47,187.58,0.1975,6.0,50.0,50.0,0.0,41.51,42.72
715B,pass@11,12.0,37.0,40.0,80.0,49.0,120.0,235.77,673.77,12.97,8740.74,485.6,0.2246,21.0,98.0,98.0,0.0,33.93,33.93
715B,pass@1,12.0,44.0,39.0,77.0,56.0,116.0,283.23,673.65,10.5,7073.36,392.96,0.2246,18.0,105.0,105.0,15.24,54.84,54.84
715B,pass@14,12.0,39.0,30.0,59.0,51.0,89.0,249.15,504.85,9.08,4582.45,254.58,0.1683,27.0,109.0,113.0,11.93,51.84,51.84
715B,pass@10,13.0,65.0,51.0,95.0,78.0,146.0,439.56,917.67,9.5,8717.85,484.33,0.3059,30.0,126.0,126.0,9.52,46.85,46.85
715B,pass@16,10.0,39.0,48.0,92.0,49.0,140.0,239.35,786.06,11.79,9271.47,515.08,0.262,27.0,113.0,113.0,8.85,48.21,48.21
715B,pass@7,9.0,43.0,40.0,79.0,52.0,119.0,261.86,678.35,8.27,5608.24,311.57,0.2261,39.0,132.0,132.0,20.45,52.23,52.23
715B,pass@15,10.0,46.0,38.0,75.0,56.0,113.0,287.3,656.23,8.15,5349.71,297.21,0.2187,34.0,127.0,127.0,17.32,52.01,52.01
715B,pass@4,10.0,55.0,47.0,94.0,65.0,141.0,351.19,849.15,8.55,7256.41,403.13,0.2831,15.0,132.0,132.0,12.88,51.01,51.01
715B,pass@13,12.0,78.0,59.0,115.0,90.0,174.0,533.28,1129.58,8.85,9992.46,555.14,0.3765,32.0,125.0,125.0,21.6,52.58,52.58
715B,pass@9,12.0,66.0,48.0,94.0,78.0,142.0,441.95,892.53,8.55,7627.05,423.72,0.2975,47.0,123.0,123.0,18.7,50.26,50.26
715B,pass@12,15.0,90.0,76.0,151.0,105.0,227.0,642.87,1524.13,12.58,19178.68,1065.48,0.508,65.0,138.0,138.0,14.49,43.04,43.04
715B,pass@5,9.0,63.0,54.0,108.0,72.0,162.0,405.1,999.53,7.71,7710.64,428.37,0.3332,29.0,153.0,153.0,11.76,46.51,46.51
715B,pass@6,12.0,97.0,79.0,157.0,109.0,236.0,683.21,1597.29,9.71,15511.84,861.77,0.5324,73.0,146.0,151.0,8.9,37.17,37.17
715B,pass@2,12.0,54.0,46.0,90.0,66.0,136.0,353.78,822.04,10.0,8220.38,456.69,0.274,56.0,160.0,160.0,13.12,43.92,43.92
715B,pass@17,9.0,32.0,29.0,57.0,41.0,86.0,188.53,460.75,8.02,3693.19,205.18,0.1536,24.0,97.0,97.0,15.46,56.06,56.06
715B,pass@8,10.0,33.0,36.0,72.0,43.0,108.0,199.68,586.04,10.91,6393.13,355.17,0.1953,45.0,139.0,139.0,23.74,52.57,52.57
715B,pass@20,9.0,32.0,28.0,56.0,41.0,84.0,188.53,450.03,7.88,3544.02,196.89,0.15,21.0,93.0,93.0,10.75,54.03,54.03
715B,pass@19,12.0,44.0,38.0,74.0,56.0,112.0,283.23,650.42,10.09,6563.37,364.63,0.2168,38.0,112.0,112.0,16.96,52.52,52.52
715B,pass@3,14.0,111.0,83.0,163.0,125.0,246.0,807.48,1713.58,10.28,17614.4,978.58,0.5712,44.0,220.0,220.0,16.82,42.3,42.3
715B,pass@25,11.0,38.0,34.0,65.0,49.0,99.0,237.47,555.86,9.41,5229.44,290.52,0.1853,26.0,108.0,108.0,11.11,51.55,51.55
715B,pass@31,9.0,30.0,28.0,56.0,39.0,84.0,175.74,443.97,8.4,3729.38,207.19,0.148,29.0,68.0,68.0,10.29,55.63,55.63
715B,pass@29,11.0,55.0,44.0,81.0,66.0,125.0,356.03,755.55,8.1,6119.95,340.0,0.2518,22.0,110.0,110.0,9.09,49.46,49.46
715B,pass@30,9.0,37.0,39.0,76.0,46.0,115.0,221.28,635.21,9.24,5871.4,326.19,0.2117,25.0,112.0,112.0,16.07,53.9,53.9
715B,pass@22,9.0,73.0,63.0,126.0,82.0,189.0,480.39,1201.58,7.77,9332.8,518.49,0.4005,61.0,136.0,139.0,9.56,40.96,40.96
715B,pass@21,13.0,58.0,51.0,96.0,71.0,147.0,387.87,904.01,10.76,9725.93,540.33,0.3013,31.0,157.0,157.0,19.75,50.51,50.51
715B,pass@28,10.0,37.0,47.0,94.0,47.0,141.0,225.97,783.2,12.7,9948.72,552.71,0.2611,37.0,129.0,135.0,10.08,46.17,46.17
715B,pass@27,11.0,48.0,42.0,82.0,59.0,124.0,306.13,729.45,9.4,6853.77,380.76,0.2431,44.0,125.0,126.0,25.6,53.56,53.56
715B,pass@23,13.0,80.0,68.0,134.0,93.0,202.0,553.86,1320.91,10.89,14381.41,798.97,0.4403,57.0,153.0,153.0,22.88,47.29,47.29
715B,pass@26,12.0,55.0,60.0,115.0,67.0,175.0,360.99,1061.57,12.55,13317.82,739.88,0.3539,51.0,165.0,165.0,20.61,47.2,47.2
715B,pass@18,10.0,64.0,56.0,110.0,74.0,166.0,417.22,1030.77,8.59,8858.17,492.12,0.3436,40.0,168.0,168.0,23.21,49.56,49.56
715B,pass@32,8.0,66.0,57.0,111.0,74.0,168.0,422.93,1043.19,6.73,7017.81,389.88,0.3477,51.0,179.0,179.0,10.61,41.14,41.14
716A,pass@3,3.0,7.0,4.0,8.0,10.0,12.0,24.41,39.86,1.71,68.34,3.8,0.0133,0.0,9.0,9.0,0.0,67.57,67.98
716A,pass@1,3.0,7.0,4.0,8.0,10.0,12.0,24.41,39.86,1.71,68.34,3.8,0.0133,0.0,9.0,9.0,0.0,67.57,67.98
716A,pass@15,3.0,7.0,4.0,8.0,10.0,12.0,24.41,39.86,1.71,68.34,3.8,0.0133,0.0,9.0,9.0,0.0,67.57,67.98
716A,pass@11,3.0,7.0,4.0,8.0,10.0,12.0,24.41,39.86,1.71,68.34,3.8,0.0133,0.0,9.0,9.0,0.0,67.57,67.98
716A,pass@7,3.0,7.0,4.0,8.0,10.0,12.0,24.41,39.86,1.71,68.34,3.8,0.0133,0.0,9.0,9.0,0.0,67.57,67.98
716A,pass@8,3.0,7.0,4.0,8.0,10.0,12.0,24.41,39.86,1.71,68.34,3.8,0.0133,0.0,9.0,9.0,0.0,67.57,67.98
716A,pass@6,3.0,7.0,4.0,8.0,10.0,12.0,24.41,39.86,1.71,68.34,3.8,0.0133,0.0,9.0,9.0,0.0,67.57,67.98
716A,pass@9,3.0,7.0,4.0,8.0,10.0,12.0,24.41,39.86,1.71,68.34,3.8,0.0133,0.0,9.0,9.0,0.0,67.57,67.98
716A,pass@14,3.0,7.0,4.0,8.0,10.0,12.0,24.41,39.86,1.71,68.34,3.8,0.0133,0.0,9.0,9.0,0.0,67.57,67.98
716A,pass@4,3.0,7.0,4.0,8.0,10.0,12.0,24.41,39.86,1.71,68.34,3.8,0.0133,0.0,9.0,9.0,0.0,67.57,67.98
716A,pass@5,3.0,7.0,4.0,8.0,10.0,12.0,24.41,39.86,1.71,68.34,3.8,0.0133,0.0,9.0,9.0,0.0,67.57,67.98
716A,pass@2,3.0,7.0,4.0,8.0,10.0,12.0,24.41,39.86,1.71,68.34,3.8,0.0133,0.0,9.0,9.0,0.0,67.57,67.98
716A,pass@12,3.0,7.0,4.0,8.0,10.0,12.0,24.41,39.86,1.71,68.34,3.8,0.0133,0.0,9.0,9.0,0.0,67.57,67.98
716A,pass@13,3.0,7.0,4.0,8.0,10.0,12.0,24.41,39.86,1.71,68.34,3.8,0.0133,0.0,9.0,9.0,0.0,67.57,67.98
716A,pass@16,3.0,7.0,4.0,8.0,10.0,12.0,24.41,39.86,1.71,68.34,3.8,0.0133,0.0,9.0,9.0,0.0,67.57,67.98
716A,pass@10,3.0,7.0,4.0,8.0,10.0,12.0,24.41,39.86,1.71,68.34,3.8,0.0133,0.0,9.0,9.0,0.0,67.57,67.98
716A,pass@19,3.0,7.0,4.0,8.0,10.0,12.0,24.41,39.86,1.71,68.34,3.8,0.0133,0.0,9.0,9.0,0.0,67.57,67.98
716A,pass@17,3.0,7.0,4.0,8.0,10.0,12.0,24.41,39.86,1.71,68.34,3.8,0.0133,0.0,9.0,9.0,0.0,67.57,67.98
716A,pass@18,3.0,7.0,4.0,8.0,10.0,12.0,24.41,39.86,1.71,68.34,3.8,0.0133,0.0,9.0,9.0,0.0,67.57,67.98
716A,pass@21,3.0,7.0,4.0,8.0,10.0,12.0,24.41,39.86,1.71,68.34,3.8,0.0133,0.0,9.0,9.0,0.0,67.57,67.98
716A,pass@22,3.0,7.0,4.0,8.0,10.0,12.0,24.41,39.86,1.71,68.34,3.8,0.0133,0.0,9.0,9.0,0.0,67.57,67.98
716A,pass@20,3.0,7.0,4.0,8.0,10.0,12.0,24.41,39.86,1.71,68.34,3.8,0.0133,0.0,9.0,9.0,0.0,67.57,67.98
716A,pass@23,3.0,7.0,4.0,8.0,10.0,12.0,24.41,39.86,1.71,68.34,3.8,0.0133,0.0,9.0,9.0,0.0,67.57,67.98
716A,pass@28,3.0,7.0,4.0,8.0,10.0,12.0,24.41,39.86,1.71,68.34,3.8,0.0133,0.0,9.0,9.0,0.0,67.57,67.98
716A,pass@29,3.0,7.0,4.0,8.0,10.0,12.0,24.41,39.86,1.71,68.34,3.8,0.0133,0.0,9.0,9.0,0.0,67.57,67.98
716A,pass@30,3.0,7.0,4.0,8.0,10.0,12.0,24.41,39.86,1.71,68.34,3.8,0.0133,0.0,9.0,9.0,0.0,67.57,67.98
716A,pass@26,3.0,7.0,4.0,8.0,10.0,12.0,24.41,39.86,1.71,68.34,3.8,0.0133,0.0,9.0,9.0,0.0,67.57,67.98
716A,pass@24,3.0,7.0,4.0,8.0,10.0,12.0,24.41,39.86,1.71,68.34,3.8,0.0133,0.0,9.0,9.0,0.0,67.57,67.98
716A,pass@32,3.0,7.0,4.0,8.0,10.0,12.0,24.41,39.86,1.71,68.34,3.8,0.0133,0.0,9.0,9.0,0.0,67.57,67.98
716A,pass@31,3.0,7.0,4.0,8.0,10.0,12.0,24.41,39.86,1.71,68.34,3.8,0.0133,0.0,9.0,9.0,0.0,67.57,67.98
716A,pass@25,3.0,7.0,4.0,8.0,10.0,12.0,24.41,39.86,1.71,68.34,3.8,0.0133,0.0,9.0,9.0,0.0,67.57,67.98
716A,pass@27,3.0,7.0,4.0,8.0,10.0,12.0,24.41,39.86,1.71,68.34,3.8,0.0133,0.0,9.0,9.0,0.0,67.57,67.98
717B,pass@8,7.0,22.0,17.0,34.0,29.0,51.0,117.76,247.76,5.41,1340.14,74.45,0.0826,0.0,10.0,10.0,0.0,60.89,61.42
717B,pass@4,7.0,22.0,19.0,38.0,29.0,57.0,117.76,276.9,6.05,1674.02,93.0,0.0923,0.0,10.0,10.0,0.0,60.55,61.08
717B,pass@16,7.0,23.0,18.0,36.0,30.0,54.0,123.69,264.97,5.48,1451.59,80.64,0.0883,0.0,10.0,10.0,0.0,60.68,61.22
717B,pass@14,7.0,22.0,17.0,34.0,29.0,51.0,117.76,247.76,5.41,1340.14,74.45,0.0826,0.0,10.0,10.0,0.0,60.89,61.42
717B,pass@9,7.0,24.0,18.0,36.0,31.0,54.0,129.69,267.53,5.25,1404.51,78.03,0.0892,0.0,10.0,10.0,0.0,60.65,61.19
717B,pass@10,8.0,23.0,18.0,36.0,31.0,54.0,128.04,267.53,6.26,1674.95,93.05,0.0892,0.0,12.0,12.0,0.0,58.92,59.46
717B,pass@15,6.0,14.0,11.0,22.0,20.0,33.0,68.81,142.62,4.71,672.37,37.35,0.0475,0.0,11.0,11.0,0.0,61.66,62.2
717B,pass@7,8.0,24.0,20.0,40.0,32.0,60.0,134.04,300.0,6.67,2000.0,111.11,0.1,0.0,12.0,12.0,0.0,58.58,59.11
717B,pass@5,6.0,18.0,14.0,28.0,24.0,42.0,90.57,192.57,4.67,898.65,49.93,0.0642,0.0,14.0,14.0,0.0,58.46,59.0
717B,pass@1,9.0,25.0,21.0,42.0,34.0,63.0,144.63,320.51,7.56,2423.06,134.61,0.1068,0.0,16.0,16.0,0.0,55.51,56.19
717B,pass@2,9.0,24.0,21.0,42.0,33.0,63.0,138.57,317.8,7.88,2502.65,139.04,0.1059,0.0,18.0,18.0,0.0,54.29,55.1
717B,pass@6,8.0,22.0,19.0,38.0,30.0,57.0,122.11,279.69,6.91,1932.42,107.36,0.0932,0.0,20.0,20.0,0.0,53.68,54.49
717B,pass@12,7.0,26.0,18.0,36.0,33.0,54.0,141.86,272.4,4.85,1320.08,73.34,0.0908,0.0,14.0,14.0,0.0,57.41,57.95
717B,pass@11,8.0,25.0,25.0,50.0,33.0,75.0,140.1,378.33,8.0,3026.64,168.15,0.1261,0.0,17.0,17.0,0.0,54.44,55.11
717B,pass@3,7.0,23.0,18.0,36.0,30.0,54.0,123.69,264.97,5.48,1451.59,80.64,0.0883,0.0,11.0,11.0,0.0,59.78,60.32
717B,pass@22,8.0,23.0,20.0,40.0,31.0,60.0,128.04,297.25,6.96,2067.84,114.88,0.0991,0.0,10.0,10.0,0.0,60.33,60.87
717B,pass@19,7.0,24.0,18.0,36.0,31.0,54.0,129.69,267.53,5.25,1404.51,78.03,0.0892,0.0,10.0,10.0,0.0,60.65,61.19
717B,pass@25,6.0,15.0,12.0,24.0,21.0,36.0,74.11,158.12,4.8,758.99,42.17,0.0527,0.0,14.0,14.0,0.0,59.06,59.6
717B,pass@23,7.0,21.0,16.0,32.0,28.0,48.0,111.89,230.75,5.33,1230.68,68.37,0.0769,0.0,13.0,13.0,0.0,58.62,59.15
717B,pass@21,7.0,24.0,18.0,36.0,31.0,54.0,129.69,267.53,5.25,1404.51,78.03,0.0892,0.0,12.0,12.0,0.0,58.92,59.46
717B,pass@18,7.0,24.0,20.0,40.0,31.0,60.0,129.69,297.25,5.83,1733.97,96.33,0.0991,0.0,14.0,14.0,0.0,57.14,57.68
717B,pass@20,9.0,23.0,20.0,40.0,32.0,60.0,132.57,300.0,7.83,2347.83,130.43,0.1,0.0,15.0,15.0,0.0,56.33,57.0
717B,pass@17,9.0,22.0,19.0,38.0,31.0,57.0,126.64,282.39,7.77,2194.93,121.94,0.0941,0.0,16.0,16.0,6.25,70.38,71.05
717B,pass@24,5.0,14.0,11.0,22.0,19.0,33.0,64.91,140.18,3.93,550.71,30.6,0.0467,0.0,13.0,13.0,0.0,60.27,60.67
717B,pass@31,6.0,14.0,11.0,22.0,20.0,33.0,68.81,142.62,4.71,672.37,37.35,0.0475,0.0,11.0,11.0,0.0,61.66,62.2
717B,pass@27,7.0,23.0,19.0,38.0,30.0,57.0,123.69,279.69,5.78,1617.35,89.85,0.0932,0.0,14.0,14.0,0.0,57.33,57.87
717B,pass@26,8.0,24.0,22.0,44.0,32.0,66.0,134.04,330.0,7.33,2420.0,134.44,0.11,0.0,17.0,17.0,0.0,54.85,55.52
717B,pass@29,8.0,22.0,20.0,40.0,30.0,60.0,122.11,294.41,7.27,2141.19,118.95,0.0981,0.0,19.0,19.0,0.0,54.01,54.82
717B,pass@30,7.0,28.0,23.0,46.0,35.0,69.0,154.26,353.92,5.75,2035.04,113.06,0.118,0.0,14.0,14.0,0.0,56.61,57.15
717B,pass@28,9.0,34.0,34.0,68.0,43.0,102.0,201.5,553.48,9.0,4981.31,276.74,0.1845,0.0,26.0,26.0,0.0,48.85,49.93
717B,pass@32,7.0,24.0,18.0,36.0,31.0,54.0,129.69,267.53,5.25,1404.51,78.03,0.0892,0.0,12.0,12.0,0.0,58.92,59.46
717B,pass@13,5.0,14.0,15.0,30.0,19.0,45.0,64.91,191.16,5.36,1024.05,56.89,0.0637,0.0,17.0,17.0,164.71,69.94,70.75
722B,pass@13,4.0,6.0,4.0,7.0,10.0,11.0,23.51,36.54,2.33,85.26,4.74,0.0122,0.0,19.0,19.0,0.0,60.09,61.16
722B,pass@1,3.0,6.0,4.0,8.0,9.0,12.0,20.26,38.04,2.0,76.08,4.23,0.0127,0.0,20.0,20.0,0.0,59.48,60.55
722B,pass@8,3.0,6.0,4.0,8.0,9.0,12.0,20.26,38.04,2.0,76.08,4.23,0.0127,0.0,20.0,20.0,0.0,59.48,60.55
722B,pass@16,3.0,6.0,4.0,8.0,9.0,12.0,20.26,38.04,2.0,76.08,4.23,0.0127,0.0,20.0,20.0,0.0,59.48,60.55
722B,pass@10,3.0,6.0,4.0,8.0,9.0,12.0,20.26,38.04,2.0,76.08,4.23,0.0127,0.0,20.0,20.0,0.0,59.48,60.55
722B,pass@12,4.0,7.0,5.0,9.0,11.0,14.0,27.65,48.43,2.57,124.54,6.92,0.0161,0.0,25.0,25.0,0.0,56.5,57.71
722B,pass@9,3.0,6.0,4.0,8.0,9.0,12.0,20.26,38.04,2.0,76.08,4.23,0.0127,0.0,19.0,19.0,0.0,59.96,61.04
722B,pass@7,4.0,7.0,5.0,9.0,11.0,14.0,27.65,48.43,2.57,124.54,6.92,0.0161,0.0,22.0,22.0,0.0,57.84,58.92
722B,pass@6,4.0,7.0,5.0,9.0,11.0,14.0,27.65,48.43,2.57,124.54,6.92,0.0161,0.0,22.0,22.0,0.0,57.84,58.92
722B,pass@3,3.0,6.0,4.0,8.0,9.0,12.0,20.26,38.04,2.0,76.08,4.23,0.0127,0.0,20.0,20.0,0.0,59.48,60.55
722B,pass@14,4.0,8.0,6.0,11.0,12.0,17.0,32.0,60.94,2.75,167.6,9.31,0.0203,0.0,25.0,25.0,0.0,55.66,57.01
722B,pass@2,4.0,8.0,7.0,12.0,12.0,19.0,32.0,68.11,3.0,204.34,11.35,0.0227,0.0,29.0,29.0,0.0,53.78,55.26
722B,pass@4,4.0,7.0,5.0,9.0,11.0,14.0,27.65,48.43,2.57,124.54,6.92,0.0161,0.0,30.0,30.0,0.0,54.63,55.98
722B,pass@15,4.0,7.0,5.0,9.0,11.0,14.0,27.65,48.43,2.57,124.54,6.92,0.0161,0.0,22.0,22.0,0.0,57.84,58.92
722B,pass@11,4.0,8.0,7.0,12.0,12.0,19.0,32.0,68.11,3.0,204.34,11.35,0.0227,0.0,28.0,28.0,3.57,65.28,66.75
722B,pass@5,5.0,11.0,8.0,15.0,16.0,23.0,49.66,92.0,3.41,313.64,17.42,0.0307,0.0,20.0,20.0,5.0,69.59,70.94
722B,pass@19,4.0,6.0,4.0,7.0,10.0,11.0,23.51,36.54,2.33,85.26,4.74,0.0122,0.0,19.0,19.0,0.0,60.09,61.16
722B,pass@17,3.0,6.0,4.0,8.0,9.0,12.0,20.26,38.04,2.0,76.08,4.23,0.0127,0.0,20.0,20.0,0.0,59.48,60.55
722B,pass@18,4.0,6.0,4.0,7.0,10.0,11.0,23.51,36.54,2.33,85.26,4.74,0.0122,0.0,18.0,18.0,5.56,74.32,75.39
722B,pass@24,3.0,6.0,4.0,8.0,9.0,12.0,20.26,38.04,2.0,76.08,4.23,0.0127,0.0,20.0,20.0,0.0,59.48,60.55
722B,pass@22,3.0,6.0,4.0,8.0,9.0,12.0,20.26,38.04,2.0,76.08,4.23,0.0127,0.0,20.0,20.0,0.0,59.48,60.55
722B,pass@20,3.0,6.0,4.0,8.0,9.0,12.0,20.26,38.04,2.0,76.08,4.23,0.0127,0.0,20.0,20.0,0.0,59.48,60.55
722B,pass@27,3.0,6.0,4.0,8.0,9.0,12.0,20.26,38.04,2.0,76.08,4.23,0.0127,0.0,20.0,20.0,0.0,59.48,60.55
722B,pass@25,4.0,7.0,5.0,9.0,11.0,14.0,27.65,48.43,2.57,124.54,6.92,0.0161,0.0,25.0,25.0,0.0,56.5,57.71
722B,pass@21,4.0,9.0,5.0,9.0,13.0,14.0,36.53,51.81,2.0,103.61,5.76,0.0173,6.0,28.0,28.0,0.0,55.22,55.62
722B,pass@28,3.0,6.0,4.0,8.0,9.0,12.0,20.26,38.04,2.0,76.08,4.23,0.0127,0.0,20.0,20.0,0.0,59.48,60.55
722B,pass@26,4.0,8.0,5.0,9.0,12.0,14.0,32.0,50.19,2.25,112.93,6.27,0.0167,4.0,27.0,27.0,0.0,55.66,56.33
722B,pass@23,3.0,6.0,4.0,8.0,9.0,12.0,20.26,38.04,2.0,76.08,4.23,0.0127,0.0,20.0,20.0,0.0,59.48,60.55
722B,pass@29,4.0,8.0,5.0,9.0,12.0,14.0,32.0,50.19,2.25,112.93,6.27,0.0167,4.0,26.0,26.0,0.0,56.02,56.69
722B,pass@30,4.0,7.0,6.0,11.0,11.0,17.0,27.65,58.81,3.14,184.83,10.27,0.0196,0.0,24.0,24.0,0.0,56.16,57.5
722B,pass@32,3.0,6.0,4.0,8.0,9.0,12.0,20.26,38.04,2.0,76.08,4.23,0.0127,0.0,20.0,20.0,0.0,59.48,60.55
722B,pass@31,4.0,8.0,5.0,9.0,12.0,14.0,32.0,50.19,2.25,112.93,6.27,0.0167,4.0,27.0,27.0,0.0,55.66,56.33
723A,pass@3,1.0,2.0,1.0,2.0,3.0,3.0,2.0,4.75,0.5,2.38,0.13,0.0016,0.0,3.0,3.0,0.0,84.72,84.85
723A,pass@1,1.0,2.0,1.0,2.0,3.0,3.0,2.0,4.75,0.5,2.38,0.13,0.0016,0.0,3.0,3.0,0.0,84.72,84.85
723A,pass@15,1.0,2.0,1.0,2.0,3.0,3.0,2.0,4.75,0.5,2.38,0.13,0.0016,0.0,3.0,3.0,0.0,84.72,84.85
723A,pass@8,1.0,2.0,1.0,2.0,3.0,3.0,2.0,4.75,0.5,2.38,0.13,0.0016,0.0,3.0,3.0,0.0,84.72,84.85
723A,pass@6,1.0,2.0,1.0,2.0,3.0,3.0,2.0,4.75,0.5,2.38,0.13,0.0016,0.0,3.0,3.0,0.0,84.72,84.85
723A,pass@12,1.0,2.0,1.0,2.0,3.0,3.0,2.0,4.75,0.5,2.38,0.13,0.0016,0.0,3.0,3.0,0.0,84.72,84.85
723A,pass@11,1.0,2.0,1.0,2.0,3.0,3.0,2.0,4.75,0.5,2.38,0.13,0.0016,0.0,3.0,3.0,0.0,84.72,84.85
723A,pass@4,1.0,2.0,1.0,2.0,3.0,3.0,2.0,4.75,0.5,2.38,0.13,0.0016,0.0,3.0,3.0,0.0,84.72,84.85
723A,pass@16,1.0,2.0,1.0,2.0,3.0,3.0,2.0,4.75,0.5,2.38,0.13,0.0016,0.0,3.0,3.0,0.0,84.72,84.85
723A,pass@14,1.0,2.0,1.0,2.0,3.0,3.0,2.0,4.75,0.5,2.38,0.13,0.0016,0.0,3.0,3.0,0.0,84.72,84.85
723A,pass@2,1.0,2.0,1.0,2.0,3.0,3.0,2.0,4.75,0.5,2.38,0.13,0.0016,0.0,5.0,5.0,0.0,79.88,80.01
723A,pass@7,2.0,8.0,5.0,10.0,10.0,15.0,26.0,49.83,1.25,62.29,3.46,0.0166,0.0,5.0,5.0,0.0,72.73,72.87
723A,pass@13,2.0,8.0,5.0,10.0,10.0,15.0,26.0,49.83,1.25,62.29,3.46,0.0166,0.0,5.0,5.0,0.0,72.73,72.87
723A,pass@9,2.0,8.0,5.0,10.0,10.0,15.0,26.0,49.83,1.25,62.29,3.46,0.0166,0.0,5.0,5.0,0.0,72.73,72.87
723A,pass@5,2.0,8.0,5.0,10.0,10.0,15.0,26.0,49.83,1.25,62.29,3.46,0.0166,0.0,5.0,5.0,0.0,72.73,72.87
723A,pass@10,2.0,8.0,5.0,10.0,10.0,15.0,26.0,49.83,1.25,62.29,3.46,0.0166,0.0,6.0,6.0,0.0,71.01,71.14
723A,pass@17,1.0,2.0,1.0,2.0,3.0,3.0,2.0,4.75,0.5,2.38,0.13,0.0016,0.0,3.0,3.0,0.0,84.72,84.85
723A,pass@18,1.0,2.0,1.0,2.0,3.0,3.0,2.0,4.75,0.5,2.38,0.13,0.0016,0.0,3.0,3.0,0.0,84.72,84.85
723A,pass@19,1.0,2.0,1.0,2.0,3.0,3.0,2.0,4.75,0.5,2.38,0.13,0.0016,0.0,3.0,3.0,0.0,84.72,84.85
723A,pass@21,1.0,2.0,1.0,2.0,3.0,3.0,2.0,4.75,0.5,2.38,0.13,0.0016,0.0,3.0,3.0,0.0,84.72,84.85
723A,pass@22,1.0,2.0,1.0,2.0,3.0,3.0,2.0,4.75,0.5,2.38,0.13,0.0016,0.0,3.0,3.0,0.0,84.72,84.85
723A,pass@20,1.0,2.0,1.0,2.0,3.0,3.0,2.0,4.75,0.5,2.38,0.13,0.0016,0.0,3.0,3.0,0.0,84.72,84.85
723A,pass@25,1.0,2.0,1.0,2.0,3.0,3.0,2.0,4.75,0.5,2.38,0.13,0.0016,0.0,3.0,3.0,0.0,84.72,84.85
723A,pass@23,2.0,8.0,5.0,10.0,10.0,15.0,26.0,49.83,1.25,62.29,3.46,0.0166,0.0,5.0,5.0,0.0,72.73,72.87
723A,pass@26,1.0,2.0,1.0,2.0,3.0,3.0,2.0,4.75,0.5,2.38,0.13,0.0016,0.0,3.0,3.0,0.0,84.72,84.85
723A,pass@29,1.0,2.0,1.0,2.0,3.0,3.0,2.0,4.75,0.5,2.38,0.13,0.0016,0.0,3.0,3.0,0.0,84.72,84.85
723A,pass@30,1.0,2.0,1.0,2.0,3.0,3.0,2.0,4.75,0.5,2.38,0.13,0.0016,0.0,3.0,3.0,0.0,84.72,84.85
723A,pass@27,1.0,2.0,1.0,2.0,3.0,3.0,2.0,4.75,0.5,2.38,0.13,0.0016,0.0,3.0,3.0,0.0,84.72,84.85
723A,pass@31,1.0,2.0,1.0,2.0,3.0,3.0,2.0,4.75,0.5,2.38,0.13,0.0016,0.0,4.0,4.0,0.0,81.99,82.13
723A,pass@28,1.0,2.0,1.0,2.0,3.0,3.0,2.0,4.75,0.5,2.38,0.13,0.0016,0.0,3.0,3.0,0.0,84.72,84.85
723A,pass@24,1.0,2.0,1.0,2.0,3.0,3.0,2.0,4.75,0.5,2.38,0.13,0.0016,0.0,3.0,3.0,0.0,84.72,84.85
723A,pass@32,1.0,2.0,1.0,2.0,3.0,3.0,2.0,4.75,0.5,2.38,0.13,0.0016,0.0,3.0,3.0,0.0,84.72,84.85
725A,pass@2,6.0,14.0,11.0,22.0,20.0,33.0,68.81,142.62,4.71,672.37,37.35,0.0475,0.0,12.0,12.0,0.0,60.7,61.38
725A,pass@9,6.0,14.0,11.0,22.0,20.0,33.0,68.81,142.62,4.71,672.37,37.35,0.0475,0.0,12.0,12.0,0.0,60.7,61.38
725A,pass@1,5.0,11.0,10.0,20.0,16.0,30.0,49.66,120.0,4.55,545.45,30.3,0.04,0.0,17.0,17.0,0.0,57.93,58.6
725A,pass@6,6.0,14.0,11.0,22.0,20.0,33.0,68.81,142.62,4.71,672.37,37.35,0.0475,0.0,12.0,12.0,0.0,60.7,61.38
725A,pass@12,6.0,14.0,11.0,22.0,20.0,33.0,68.81,142.62,4.71,672.37,37.35,0.0475,0.0,12.0,12.0,0.0,60.7,61.38
725A,pass@16,6.0,14.0,11.0,22.0,20.0,33.0,68.81,142.62,4.71,672.37,37.35,0.0475,0.0,12.0,12.0,0.0,60.7,61.38
725A,pass@7,6.0,14.0,11.0,22.0,20.0,33.0,68.81,142.62,4.71,672.37,37.35,0.0475,0.0,12.0,12.0,0.0,60.7,61.38
725A,pass@8,5.0,11.0,10.0,20.0,16.0,30.0,49.66,120.0,4.55,545.45,30.3,0.04,0.0,17.0,17.0,0.0,57.93,58.6
725A,pass@5,6.0,15.0,12.0,24.0,21.0,36.0,74.11,158.12,4.8,758.99,42.17,0.0527,0.0,11.0,11.0,0.0,61.21,61.89
725A,pass@3,9.0,15.0,11.0,21.0,24.0,32.0,87.13,146.72,6.3,924.33,51.35,0.0489,0.0,23.0,23.0,8.7,70.69,71.9
725A,pass@10,9.0,14.0,10.0,19.0,23.0,29.0,81.83,131.18,6.11,801.16,44.51,0.0437,0.0,22.0,22.0,13.64,74.93,76.14
725A,pass@13,9.0,15.0,11.0,21.0,24.0,32.0,87.13,146.72,6.3,924.33,51.35,0.0489,0.0,23.0,23.0,8.7,70.69,71.9
725A,pass@11,9.0,15.0,11.0,21.0,24.0,32.0,87.13,146.72,6.3,924.33,51.35,0.0489,0.0,23.0,23.0,8.7,70.69,71.9
725A,pass@4,8.0,13.0,10.0,20.0,21.0,30.0,72.11,131.77,6.15,810.89,45.05,0.0439,0.0,26.0,26.0,19.23,76.14,77.35
725A,pass@17,6.0,14.0,11.0,22.0,20.0,33.0,68.81,142.62,4.71,672.37,37.35,0.0475,0.0,12.0,12.0,0.0,60.7,61.38
725A,pass@15,8.0,15.0,11.0,21.0,23.0,32.0,82.6,144.75,5.6,810.62,45.03,0.0483,0.0,27.0,27.0,7.41,67.8,69.28
725A,pass@18,6.0,14.0,11.0,22.0,20.0,33.0,68.81,142.62,4.71,672.37,37.35,0.0475,0.0,12.0,12.0,0.0,60.7,61.38
725A,pass@22,6.0,14.0,11.0,22.0,20.0,33.0,68.81,142.62,4.71,672.37,37.35,0.0475,0.0,12.0,12.0,0.0,60.7,61.38
725A,pass@23,6.0,14.0,11.0,22.0,20.0,33.0,68.81,142.62,4.71,672.37,37.35,0.0475,0.0,12.0,12.0,0.0,60.7,61.38
725A,pass@19,5.0,11.0,10.0,20.0,16.0,30.0,49.66,120.0,4.55,545.45,30.3,0.04,0.0,17.0,17.0,0.0,57.93,58.6
725A,pass@24,6.0,14.0,11.0,22.0,20.0,33.0,68.81,142.62,4.71,672.37,37.35,0.0475,0.0,12.0,12.0,0.0,60.7,61.38
725A,pass@27,6.0,14.0,11.0,22.0,20.0,33.0,68.81,142.62,4.71,672.37,37.35,0.0475,0.0,12.0,12.0,0.0,60.7,61.38
725A,pass@26,6.0,16.0,13.0,26.0,22.0,39.0,79.51,173.92,4.88,847.85,47.1,0.058,0.0,12.0,12.0,0.0,60.1,60.77
725A,pass@14,10.0,28.0,21.0,41.0,38.0,62.0,167.83,325.37,7.32,2382.18,132.34,0.1085,0.0,34.0,35.0,20.59,69.92,72.34
725A,pass@25,6.0,14.0,11.0,22.0,20.0,33.0,68.81,142.62,4.71,672.37,37.35,0.0475,0.0,12.0,12.0,0.0,60.7,61.38
725A,pass@21,9.0,14.0,10.0,19.0,23.0,29.0,81.83,131.18,6.11,801.16,44.51,0.0437,0.0,22.0,22.0,13.64,74.93,76.14
725A,pass@30,6.0,14.0,11.0,22.0,20.0,33.0,68.81,142.62,4.71,672.37,37.35,0.0475,0.0,12.0,12.0,0.0,60.7,61.38
725A,pass@31,6.0,14.0,11.0,22.0,20.0,33.0,68.81,142.62,4.71,672.37,37.35,0.0475,0.0,12.0,12.0,0.0,60.7,61.38
725A,pass@29,6.0,16.0,13.0,26.0,22.0,39.0,79.51,173.92,4.88,847.85,47.1,0.058,0.0,12.0,12.0,0.0,60.1,60.77
725A,pass@32,6.0,14.0,11.0,22.0,20.0,33.0,68.81,142.62,4.71,672.37,37.35,0.0475,0.0,12.0,12.0,0.0,60.7,61.38
725A,pass@28,8.0,13.0,11.0,21.0,21.0,32.0,72.11,140.55,6.46,908.2,50.46,0.0469,0.0,27.0,27.0,7.41,67.89,69.37
725A,pass@20,9.0,35.0,34.0,66.0,44.0,100.0,208.05,545.94,8.49,4632.72,257.37,0.182,0.0,29.0,29.0,10.34,64.99,67.01
729E,pass@9,6.0,19.0,16.0,32.0,25.0,48.0,96.22,222.91,5.05,1126.26,62.57,0.0743,0.0,24.0,24.0,8.33,69.11,69.92
729E,pass@1,7.0,15.0,16.0,32.0,22.0,48.0,78.25,214.05,7.47,1598.26,88.79,0.0714,8.0,28.0,28.0,0.0,51.04,51.04
729E,pass@7,4.0,12.0,11.0,22.0,16.0,33.0,51.02,132.0,3.67,484.0,26.89,0.044,7.0,28.0,28.0,0.0,52.64,52.64
729E,pass@12,6.0,15.0,17.0,34.0,21.0,51.0,74.11,224.01,6.8,1523.26,84.63,0.0747,8.0,31.0,31.0,0.0,49.93,49.93
729E,pass@16,6.0,14.0,18.0,36.0,20.0,54.0,68.81,233.38,7.71,1800.39,100.02,0.0778,8.0,30.0,30.0,3.33,60.92,60.92
729E,pass@4,5.0,15.0,16.0,32.0,20.0,48.0,70.21,207.45,5.33,1106.41,61.47,0.0692,7.0,27.0,27.0,14.81,72.54,72.54
729E,pass@14,4.0,15.0,13.0,26.0,19.0,39.0,66.6,165.67,3.47,574.32,31.91,0.0552,6.0,26.0,26.0,38.46,80.84,80.84
729E,pass@8,7.0,22.0,23.0,46.0,29.0,69.0,117.76,335.2,7.32,2453.06,136.28,0.1117,8.0,38.0,38.0,26.32,72.33,72.33
729E,pass@6,8.0,27.0,29.0,57.0,35.0,86.0,152.38,441.12,8.44,3725.0,206.94,0.147,14.0,42.0,42.0,30.95,70.91,70.91
729E,pass@17,6.0,14.0,18.0,36.0,20.0,54.0,68.81,233.38,7.71,1800.39,100.02,0.0778,8.0,30.0,30.0,3.33,60.92,60.92
729E,pass@22,5.0,15.0,17.0,34.0,20.0,51.0,70.21,220.42,5.67,1249.04,69.39,0.0735,8.0,31.0,31.0,0.0,49.98,49.98
729E,pass@18,4.0,16.0,16.0,32.0,20.0,48.0,72.0,207.45,4.0,829.81,46.1,0.0692,7.0,28.0,28.0,17.86,73.72,73.72
729E,pass@2,7.0,26.0,24.0,48.0,33.0,72.0,141.86,363.2,6.46,2346.81,130.38,0.1211,10.0,37.0,37.0,29.73,72.96,72.96
729E,pass@11,7.0,21.0,22.0,44.0,28.0,66.0,111.89,317.29,7.33,2326.76,129.26,0.1058,12.0,42.0,42.0,50.0,74.54,74.54
729E,pass@19,6.0,21.0,22.0,44.0,27.0,66.0,107.75,313.82,6.29,1972.6,109.59,0.1046,11.0,33.0,33.0,27.27,73.73,73.73
729E,pass@23,5.0,13.0,14.0,28.0,18.0,42.0,59.72,175.14,5.38,943.04,52.39,0.0584,7.0,30.0,30.0,0.0,51.13,51.13
729E,pass@20,5.0,15.0,15.0,30.0,20.0,45.0,70.21,194.49,5.0,972.43,54.02,0.0648,7.0,25.0,25.0,40.0,80.79,80.79
729E,pass@10,6.0,27.0,27.0,54.0,33.0,81.0,143.89,408.6,6.0,2451.58,136.2,0.1362,12.0,48.0,48.0,41.67,71.87,71.87
729E,pass@25,7.0,21.0,19.0,38.0,28.0,57.0,111.89,274.02,6.33,1735.46,96.41,0.0913,8.0,31.0,31.0,12.9,69.13,69.13
729E,pass@26,5.0,16.0,17.0,34.0,21.0,51.0,75.61,224.01,5.31,1190.04,66.11,0.0747,7.0,30.0,30.0,0.0,50.38,50.38
729E,pass@29,5.0,13.0,13.0,26.0,18.0,39.0,59.72,162.63,5.0,813.14,45.17,0.0542,6.0,28.0,28.0,3.57,63.3,63.3
729E,pass@28,4.0,14.0,14.0,28.0,18.0,42.0,61.3,175.14,4.0,700.55,38.92,0.0584,5.0,27.0,27.0,0.0,52.4,52.4
729E,pass@27,6.0,17.0,20.0,40.0,23.0,60.0,85.0,271.41,7.06,1915.86,106.44,0.0905,8.0,31.0,31.0,0.0,49.35,49.35
729E,pass@31,6.0,18.0,17.0,34.0,24.0,51.0,90.57,233.83,5.67,1325.05,73.61,0.0779,7.0,28.0,28.0,7.14,66.28,66.28
729E,pass@21,4.0,20.0,16.0,32.0,24.0,48.0,94.44,220.08,3.2,704.25,39.13,0.0734,6.0,30.0,30.0,83.33,78.32,78.32
729E,pass@5,10.0,51.0,53.0,104.0,61.0,157.0,322.51,931.13,10.2,9493.83,527.44,0.3104,21.0,89.0,89.0,39.33,62.03,62.03
729E,pass@24,5.0,24.0,22.0,44.0,29.0,66.0,121.65,320.63,4.58,1469.54,81.64,0.1069,9.0,36.0,36.0,83.33,75.04,75.04
729E,pass@15,8.0,38.0,57.0,114.0,46.0,171.0,223.42,944.53,12.0,11334.35,629.69,0.3148,25.0,102.0,102.0,44.12,60.68,60.68
729E,pass@30,7.0,50.0,53.0,106.0,57.0,159.0,301.84,927.43,7.42,6881.53,382.31,0.3091,20.0,86.0,86.0,12.79,54.07,54.07
729E,pass@3,8.0,42.0,43.0,86.0,50.0,129.0,250.48,728.06,8.19,5963.14,331.29,0.2427,21.0,84.0,84.0,64.29,64.28,64.28
730I,pass@2,3.0,7.0,4.0,7.0,10.0,11.0,24.41,36.54,1.5,54.81,3.05,0.0122,0.0,17.0,22.0,17.65,81.32,82.13
730I,pass@8,2.0,8.0,4.0,8.0,10.0,12.0,26.0,39.86,1.0,39.86,2.21,0.0133,0.0,17.0,22.0,17.65,81.06,81.87
730I,pass@13,3.0,8.0,5.0,8.0,11.0,13.0,28.75,44.97,1.5,67.46,3.75,0.015,0.0,17.0,22.0,17.65,80.69,81.5
730I,pass@15,3.0,9.0,5.0,9.0,12.0,14.0,33.28,50.19,1.5,75.28,4.18,0.0167,0.0,17.0,22.0,76.47,86.4,87.2
730I,pass@4,5.0,22.0,23.0,40.0,27.0,63.0,109.72,299.56,4.55,1361.63,75.65,0.0999,8.0,32.0,39.0,25.0,72.03,72.03
730I,pass@16,5.0,23.0,24.0,41.0,28.0,65.0,115.65,312.48,4.46,1392.57,77.36,0.1042,8.0,32.0,39.0,31.25,73.54,73.54
730I,pass@12,7.0,34.0,50.0,99.0,41.0,149.0,192.63,798.28,10.19,8135.36,451.96,0.2661,0.0,39.0,40.0,17.95,64.4,67.23
730I,pass@5,8.0,35.0,51.0,100.0,43.0,151.0,203.52,819.37,11.43,9364.18,520.23,0.2731,0.0,48.0,49.0,14.58,60.7,63.53
730I,pass@7,5.0,24.0,24.0,42.0,29.0,66.0,121.65,320.63,4.38,1402.74,77.93,0.1069,8.0,35.0,42.0,31.43,72.79,72.79
730I,pass@14,10.0,45.0,60.0,114.0,55.0,174.0,280.35,1005.96,12.67,12742.12,707.9,0.3353,0.0,45.0,48.0,20.0,63.13,65.68
730I,pass@9,8.0,33.0,48.0,93.0,41.0,141.0,190.47,755.41,11.27,8515.59,473.09,0.2518,0.0,47.0,48.0,19.15,63.1,66.2
730I,pass@6,7.0,27.0,41.0,80.0,34.0,121.0,148.03,615.58,10.37,6383.82,354.66,0.2052,0.0,43.0,44.0,32.56,68.86,71.68
730I,pass@11,6.0,34.0,29.0,48.0,40.0,77.0,188.48,409.79,4.24,1735.57,96.42,0.1366,10.0,39.0,47.0,41.03,72.26,72.26
730I,pass@19,5.0,23.0,22.0,39.0,28.0,61.0,115.65,293.25,4.24,1243.12,69.06,0.0977,8.0,34.0,41.0,29.41,72.83,72.83
730I,pass@10,5.0,24.0,17.0,31.0,29.0,48.0,121.65,233.18,3.23,752.99,41.83,0.0777,0.0,36.0,44.0,69.44,74.71,76.46
730I,pass@28,3.0,15.0,11.0,16.0,18.0,27.0,63.36,112.59,1.6,180.14,10.01,0.0375,0.0,22.0,25.0,18.18,77.2,77.74
730I,pass@3,7.0,41.0,43.0,71.0,48.0,114.0,239.31,636.69,6.06,3858.94,214.39,0.2122,13.0,44.0,57.0,61.36,69.52,69.52
730I,pass@26,5.0,22.0,21.0,36.0,27.0,57.0,109.72,271.03,4.09,1108.75,61.6,0.0903,8.0,30.0,33.0,23.33,73.38,73.38
730I,pass@21,5.0,22.0,22.0,40.0,27.0,62.0,109.72,294.8,4.55,1340.01,74.45,0.0983,8.0,30.0,33.0,40.0,76.76,76.76
730I,pass@18,9.0,37.0,48.0,88.0,46.0,136.0,221.28,751.2,10.7,8039.92,446.66,0.2504,0.0,69.0,72.0,20.29,59.08,62.85
730I,pass@17,7.0,24.0,22.0,40.0,31.0,62.0,129.69,307.16,5.83,1791.77,99.54,0.1024,0.0,40.0,49.0,50.0,72.5,74.79
730I,pass@25,7.0,30.0,45.0,85.0,37.0,130.0,166.86,677.23,9.92,6715.85,373.1,0.2257,0.0,47.0,48.0,19.15,63.71,66.53
730I,pass@29,7.0,35.0,44.0,85.0,42.0,129.0,199.18,695.61,8.5,5912.68,328.48,0.2319,0.0,38.0,39.0,13.16,63.2,65.36
730I,pass@20,5.0,25.0,17.0,31.0,30.0,48.0,127.71,235.53,3.1,730.15,40.56,0.0785,0.0,37.0,47.0,51.35,74.84,76.05
730I,pass@23,8.0,41.0,58.0,112.0,49.0,170.0,243.66,954.5,10.93,10429.67,579.43,0.3182,0.0,48.0,49.0,25.0,63.66,67.42
730I,pass@32,6.0,27.0,32.0,64.0,33.0,96.0,143.89,484.26,7.11,3443.64,191.31,0.1614,0.0,41.0,47.0,0.0,41.76,44.72
730I,pass@27,4.0,17.0,16.0,29.0,21.0,45.0,77.49,197.65,3.41,674.35,37.46,0.0659,9.0,32.0,38.0,103.12,73.43,73.43
730I,pass@31,11.0,45.0,61.0,111.0,56.0,172.0,285.19,998.87,13.57,13551.27,752.85,0.333,0.0,49.0,52.0,16.33,60.32,63.28
730I,pass@24,4.0,20.0,15.0,26.0,24.0,41.0,94.44,187.98,2.6,488.76,27.15,0.0627,0.0,40.0,49.0,72.5,74.42,75.9
730I,pass@22,8.0,51.0,46.0,90.0,59.0,136.0,313.29,800.04,7.06,5647.34,313.74,0.2667,0.0,55.0,62.0,74.55,66.83,69.12
733A,pass@1,4.0,8.0,5.0,9.0,12.0,14.0,32.0,50.19,2.25,112.93,6.27,0.0167,0.0,13.0,13.0,15.38,84.35,85.03
733A,pass@10,4.0,8.0,5.0,9.0,12.0,14.0,32.0,50.19,2.25,112.93,6.27,0.0167,0.0,13.0,13.0,0.0,63.12,63.79
733A,pass@4,4.0,8.0,5.0,9.0,12.0,14.0,32.0,50.19,2.25,112.93,6.27,0.0167,0.0,13.0,13.0,15.38,84.35,85.03
733A,pass@15,4.0,8.0,5.0,9.0,12.0,14.0,32.0,50.19,2.25,112.93,6.27,0.0167,0.0,13.0,13.0,15.38,84.35,85.03
733A,pass@7,4.0,8.0,5.0,9.0,12.0,14.0,32.0,50.19,2.25,112.93,6.27,0.0167,0.0,13.0,13.0,15.38,84.35,85.03
733A,pass@9,4.0,8.0,5.0,9.0,12.0,14.0,32.0,50.19,2.25,112.93,6.27,0.0167,0.0,13.0,13.0,15.38,84.35,85.03
733A,pass@5,4.0,8.0,5.0,9.0,12.0,14.0,32.0,50.19,2.25,112.93,6.27,0.0167,0.0,13.0,13.0,15.38,84.35,85.03
733A,pass@8,4.0,8.0,5.0,9.0,12.0,14.0,32.0,50.19,2.25,112.93,6.27,0.0167,0.0,13.0,13.0,15.38,84.35,85.03
733A,pass@13,4.0,9.0,5.0,10.0,13.0,15.0,36.53,55.51,2.22,123.35,6.85,0.0185,0.0,14.0,14.0,14.29,82.74,83.41
733A,pass@16,4.0,8.0,5.0,9.0,12.0,14.0,32.0,50.19,2.25,112.93,6.27,0.0167,0.0,13.0,13.0,15.38,84.35,85.03
733A,pass@11,4.0,9.0,5.0,10.0,13.0,15.0,36.53,55.51,2.22,123.35,6.85,0.0185,0.0,14.0,14.0,14.29,82.74,83.41
733A,pass@2,4.0,9.0,5.0,10.0,13.0,15.0,36.53,55.51,2.22,123.35,6.85,0.0185,0.0,14.0,14.0,14.29,82.74,83.41
733A,pass@14,4.0,9.0,5.0,10.0,13.0,15.0,36.53,55.51,2.22,123.35,6.85,0.0185,0.0,14.0,14.0,14.29,82.74,83.41
733A,pass@6,4.0,8.0,5.0,9.0,12.0,14.0,32.0,50.19,2.25,112.93,6.27,0.0167,0.0,13.0,13.0,15.38,84.35,85.03
733A,pass@12,4.0,8.0,5.0,9.0,12.0,14.0,32.0,50.19,2.25,112.93,6.27,0.0167,0.0,13.0,13.0,0.0,63.12,63.79
733A,pass@3,4.0,8.0,5.0,9.0,12.0,14.0,32.0,50.19,2.25,112.93,6.27,0.0167,0.0,13.0,13.0,15.38,84.35,85.03
733A,pass@17,4.0,8.0,5.0,9.0,12.0,14.0,32.0,50.19,2.25,112.93,6.27,0.0167,0.0,13.0,13.0,15.38,84.35,85.03
733A,pass@18,4.0,8.0,5.0,9.0,12.0,14.0,32.0,50.19,2.25,112.93,6.27,0.0167,0.0,13.0,13.0,15.38,84.35,85.03
733A,pass@21,4.0,8.0,5.0,9.0,12.0,14.0,32.0,50.19,2.25,112.93,6.27,0.0167,0.0,13.0,13.0,0.0,63.12,63.79
733A,pass@19,4.0,8.0,5.0,9.0,12.0,14.0,32.0,50.19,2.25,112.93,6.27,0.0167,0.0,13.0,13.0,0.0,63.12,63.79
733A,pass@29,4.0,8.0,5.0,9.0,12.0,14.0,32.0,50.19,2.25,112.93,6.27,0.0167,0.0,14.0,14.0,14.29,83.05,83.72
733A,pass@22,4.0,8.0,5.0,9.0,12.0,14.0,32.0,50.19,2.25,112.93,6.27,0.0167,0.0,13.0,13.0,15.38,84.35,85.03
733A,pass@27,4.0,8.0,5.0,9.0,12.0,14.0,32.0,50.19,2.25,112.93,6.27,0.0167,0.0,13.0,13.0,15.38,84.35,85.03
733A,pass@26,4.0,8.0,5.0,9.0,12.0,14.0,32.0,50.19,2.25,112.93,6.27,0.0167,0.0,13.0,13.0,15.38,84.35,85.03
733A,pass@23,4.0,8.0,5.0,9.0,12.0,14.0,32.0,50.19,2.25,112.93,6.27,0.0167,0.0,14.0,14.0,14.29,83.05,83.72
733A,pass@25,4.0,9.0,5.0,10.0,13.0,15.0,36.53,55.51,2.22,123.35,6.85,0.0185,0.0,14.0,14.0,14.29,82.74,83.41
733A,pass@24,4.0,9.0,5.0,10.0,13.0,15.0,36.53,55.51,2.22,123.35,6.85,0.0185,0.0,14.0,14.0,14.29,82.74,83.41
733A,pass@20,4.0,9.0,5.0,10.0,13.0,15.0,36.53,55.51,2.22,123.35,6.85,0.0185,0.0,14.0,14.0,14.29,82.74,83.41
733A,pass@30,4.0,8.0,5.0,9.0,12.0,14.0,32.0,50.19,2.25,112.93,6.27,0.0167,0.0,13.0,13.0,15.38,84.35,85.03
733A,pass@31,4.0,8.0,5.0,9.0,12.0,14.0,32.0,50.19,2.25,112.93,6.27,0.0167,0.0,13.0,13.0,0.0,63.12,63.79
733A,pass@32,4.0,8.0,5.0,9.0,12.0,14.0,32.0,50.19,2.25,112.93,6.27,0.0167,0.0,13.0,13.0,0.0,63.12,63.79
733A,pass@28,4.0,8.0,5.0,9.0,12.0,14.0,32.0,50.19,2.25,112.93,6.27,0.0167,0.0,13.0,13.0,15.38,84.35,85.03
740B,pass@15,3.0,6.0,5.0,10.0,9.0,15.0,20.26,47.55,2.5,118.87,6.6,0.0158,0.0,14.0,15.0,14.29,82.69,83.23
740B,pass@11,3.0,6.0,5.0,10.0,9.0,15.0,20.26,47.55,2.5,118.87,6.6,0.0158,0.0,14.0,15.0,21.43,86.0,86.54
740B,pass@3,3.0,6.0,5.0,10.0,9.0,15.0,20.26,47.55,2.5,118.87,6.6,0.0158,0.0,14.0,15.0,21.43,86.0,86.54
740B,pass@14,3.0,6.0,5.0,10.0,9.0,15.0,20.26,47.55,2.5,118.87,6.6,0.0158,0.0,14.0,15.0,21.43,86.0,86.54
740B,pass@5,4.0,12.0,9.0,18.0,16.0,27.0,51.02,108.0,3.0,324.0,18.0,0.036,0.0,20.0,21.0,15.0,77.0,77.95
740B,pass@12,3.0,5.0,4.0,8.0,8.0,12.0,16.36,36.0,2.4,86.4,4.8,0.012,0.0,14.0,15.0,21.43,86.71,87.39
740B,pass@13,3.0,6.0,5.0,10.0,9.0,15.0,20.26,47.55,2.5,118.87,6.6,0.0158,0.0,14.0,15.0,21.43,86.0,86.54
740B,pass@10,3.0,6.0,5.0,10.0,9.0,15.0,20.26,47.55,2.5,118.87,6.6,0.0158,0.0,14.0,15.0,28.57,88.22,88.76
740B,pass@9,5.0,10.0,9.0,17.0,15.0,26.0,44.83,101.58,4.25,431.71,23.98,0.0339,0.0,20.0,21.0,15.0,77.19,78.13
740B,pass@1,4.0,12.0,9.0,18.0,16.0,27.0,51.02,108.0,3.0,324.0,18.0,0.036,0.0,20.0,21.0,15.0,77.0,77.95
740B,pass@16,3.0,6.0,5.0,10.0,9.0,15.0,20.26,47.55,2.5,118.87,6.6,0.0158,0.0,14.0,15.0,28.57,88.22,88.76
740B,pass@8,3.0,6.0,5.0,10.0,9.0,15.0,20.26,47.55,2.5,118.87,6.6,0.0158,0.0,14.0,15.0,28.57,88.22,88.76
740B,pass@7,3.0,6.0,5.0,10.0,9.0,15.0,20.26,47.55,2.5,118.87,6.6,0.0158,0.0,14.0,15.0,28.57,88.22,88.76
740B,pass@2,3.0,6.0,5.0,10.0,9.0,15.0,20.26,47.55,2.5,118.87,6.6,0.0158,0.0,14.0,15.0,21.43,86.0,86.54
740B,pass@4,3.0,6.0,5.0,10.0,9.0,15.0,20.26,47.55,2.5,118.87,6.6,0.0158,0.0,14.0,15.0,35.71,89.7,90.24
740B,pass@6,4.0,12.0,9.0,18.0,16.0,27.0,51.02,108.0,3.0,324.0,18.0,0.036,0.0,20.0,21.0,20.0,79.36,80.3
740B,pass@22,3.0,6.0,5.0,10.0,9.0,15.0,20.26,47.55,2.5,118.87,6.6,0.0158,0.0,13.0,14.0,15.38,83.95,84.49
740B,pass@17,3.0,6.0,5.0,10.0,9.0,15.0,20.26,47.55,2.5,118.87,6.6,0.0158,0.0,14.0,15.0,28.57,88.22,88.76
740B,pass@25,3.0,5.0,4.0,8.0,8.0,12.0,16.36,36.0,2.4,86.4,4.8,0.012,0.0,14.0,15.0,21.43,86.85,87.39
740B,pass@21,7.0,13.0,11.0,21.0,20.0,32.0,67.76,138.3,5.65,781.94,43.44,0.0461,0.0,20.0,20.0,10.0,73.37,74.45
740B,pass@27,3.0,6.0,5.0,10.0,9.0,15.0,20.26,47.55,2.5,118.87,6.6,0.0158,0.0,13.0,14.0,15.38,83.95,84.49
740B,pass@23,3.0,6.0,5.0,10.0,9.0,15.0,20.26,47.55,2.5,118.87,6.6,0.0158,0.0,14.0,15.0,28.57,88.22,88.76
740B,pass@26,3.0,6.0,5.0,10.0,9.0,15.0,20.26,47.55,2.5,118.87,6.6,0.0158,0.0,13.0,14.0,30.77,89.4,89.94
740B,pass@28,3.0,5.0,4.0,8.0,8.0,12.0,16.36,36.0,2.4,86.4,4.8,0.012,0.0,14.0,15.0,21.43,86.71,87.39
740B,pass@24,4.0,12.0,9.0,18.0,16.0,27.0,51.02,108.0,3.0,324.0,18.0,0.036,0.0,20.0,21.0,15.0,77.0,77.95
740B,pass@29,3.0,6.0,5.0,10.0,9.0,15.0,20.26,47.55,2.5,118.87,6.6,0.0158,0.0,14.0,15.0,21.43,86.0,86.54
740B,pass@18,3.0,6.0,5.0,10.0,9.0,15.0,20.26,47.55,2.5,118.87,6.6,0.0158,0.0,14.0,15.0,35.71,89.7,90.24
740B,pass@30,3.0,6.0,5.0,10.0,9.0,15.0,20.26,47.55,2.5,118.87,6.6,0.0158,0.0,14.0,15.0,21.43,86.0,86.54
740B,pass@19,7.0,13.0,11.0,21.0,20.0,32.0,67.76,138.3,5.65,781.94,43.44,0.0461,0.0,20.0,20.0,10.0,73.37,74.45
740B,pass@20,3.0,6.0,5.0,10.0,9.0,15.0,20.26,47.55,2.5,118.87,6.6,0.0158,0.0,14.0,15.0,35.71,89.7,90.24
740B,pass@32,3.0,6.0,5.0,10.0,9.0,15.0,20.26,47.55,2.5,118.87,6.6,0.0158,0.0,14.0,15.0,21.43,86.0,86.54
740B,pass@31,4.0,12.0,9.0,18.0,16.0,27.0,51.02,108.0,3.0,324.0,18.0,0.036,0.0,20.0,21.0,15.0,77.0,77.95
740D,pass@15,6.0,16.0,14.0,27.0,22.0,41.0,79.51,182.84,5.06,925.61,51.42,0.0609,3.0,30.0,31.0,10.0,69.04,69.04
740D,pass@7,10.0,28.0,25.0,46.0,38.0,71.0,167.83,372.6,8.21,3060.67,170.04,0.1242,3.0,39.0,40.0,5.13,59.73,59.87
740D,pass@5,8.0,25.0,23.0,44.0,33.0,67.0,140.1,337.97,7.04,2379.34,132.19,0.1127,3.0,38.0,39.0,2.63,56.83,56.83
740D,pass@2,8.0,24.0,19.0,36.0,32.0,55.0,134.04,275.0,6.0,1650.0,91.67,0.0917,3.0,45.0,46.0,22.22,70.48,70.48
740D,pass@10,5.0,16.0,15.0,28.0,21.0,43.0,75.61,188.87,4.38,826.3,45.91,0.063,12.0,46.0,47.0,17.39,68.21,68.21
740D,pass@6,11.0,25.0,24.0,45.0,36.0,69.0,154.15,356.72,9.9,3531.58,196.2,0.1189,12.0,50.0,51.0,16.0,64.82,64.82
740D,pass@12,6.0,16.0,15.0,27.0,22.0,42.0,79.51,187.3,5.06,948.19,52.68,0.0624,7.0,32.0,33.0,50.0,79.1,79.1
740D,pass@14,9.0,26.0,24.0,45.0,35.0,69.0,150.74,353.92,7.79,2756.5,153.14,0.118,7.0,54.0,55.0,24.07,68.11,68.11
740D,pass@17,7.0,18.0,17.0,31.0,25.0,48.0,94.71,222.91,6.03,1343.62,74.65,0.0743,3.0,31.0,32.0,16.13,71.81,71.94
740D,pass@1,6.0,24.0,22.0,42.0,30.0,64.0,125.55,314.04,5.25,1648.72,91.6,0.1047,15.0,65.0,65.0,41.54,69.25,69.39
740D,pass@11,12.0,38.0,35.0,68.0,50.0,103.0,242.44,581.32,10.74,6241.51,346.75,0.1938,21.0,69.0,69.0,34.78,65.05,65.19
740D,pass@18,6.0,19.0,16.0,30.0,25.0,46.0,96.22,213.62,4.74,1011.87,56.22,0.0712,7.0,42.0,43.0,23.81,71.89,71.89
740D,pass@21,7.0,20.0,16.0,29.0,27.0,45.0,106.09,213.97,5.08,1085.9,60.33,0.0713,7.0,40.0,41.0,22.5,71.76,71.89
740D,pass@24,10.0,25.0,24.0,45.0,35.0,69.0,149.32,353.92,9.0,3185.28,176.96,0.118,3.0,47.0,48.0,4.26,57.2,57.2
740D,pass@23,6.0,17.0,17.0,32.0,23.0,49.0,85.0,221.65,5.65,1251.7,69.54,0.0739,11.0,48.0,49.0,14.58,66.02,66.02
740D,pass@22,8.0,25.0,26.0,47.0,33.0,73.0,140.1,368.24,7.52,2769.17,153.84,0.1227,14.0,56.0,57.0,25.0,67.0,67.0
740D,pass@16,7.0,31.0,29.0,55.0,38.0,84.0,173.23,440.83,6.21,2737.39,152.08,0.1469,20.0,84.0,85.0,50.0,65.65,65.78
740D,pass@20,6.0,24.0,20.0,39.0,30.0,59.0,125.55,289.51,4.88,1411.34,78.41,0.0965,14.0,49.0,50.0,48.98,72.71,72.85
740D,pass@26,8.0,22.0,19.0,36.0,30.0,55.0,122.11,269.88,6.55,1766.48,98.14,0.09,10.0,47.0,48.0,25.53,70.28,70.28
740D,pass@27,8.0,25.0,22.0,42.0,33.0,64.0,140.1,322.84,6.72,2169.49,120.53,0.1076,3.0,42.0,43.0,28.57,72.55,72.55
740D,pass@31,8.0,21.0,17.0,31.0,29.0,48.0,116.24,233.18,5.9,1376.89,76.49,0.0777,7.0,39.0,40.0,10.26,65.41,65.54
740D,pass@29,8.0,28.0,26.0,50.0,36.0,76.0,158.61,392.91,7.14,2806.53,155.92,0.131,14.0,50.0,50.0,16.0,64.44,64.44
740D,pass@19,11.0,40.0,37.0,70.0,51.0,107.0,250.93,606.95,9.62,5841.89,324.55,0.2023,20.0,87.0,87.0,40.23,63.66,63.8
740D,pass@4,9.0,39.0,40.0,76.0,48.0,116.0,234.66,647.86,8.77,5681.2,315.62,0.216,23.0,84.0,86.0,73.81,63.62,63.62
740D,pass@32,6.0,20.0,18.0,33.0,26.0,51.0,101.95,239.72,4.95,1186.63,65.92,0.0799,13.0,57.0,58.0,36.84,70.94,70.94
740D,pass@9,12.0,47.0,45.0,85.0,59.0,130.0,304.09,764.74,10.85,8298.28,461.02,0.2549,29.0,122.0,124.0,50.82,59.35,59.35
740D,pass@25,10.0,41.0,43.0,76.0,51.0,119.0,252.88,675.02,9.27,6256.27,347.57,0.225,23.0,69.0,70.0,57.97,65.95,66.09
740D,pass@30,13.0,60.0,60.0,112.0,73.0,172.0,402.52,1064.65,12.13,12917.75,717.65,0.3549,17.0,102.0,103.0,55.88,61.71,61.84
740D,pass@28,8.0,42.0,46.0,89.0,50.0,135.0,250.48,761.92,8.48,6458.18,358.79,0.254,32.0,136.0,137.0,69.12,57.68,57.81
740D,pass@3,4.0,6.0,4.0,7.0,10.0,11.0,23.51,36.54,2.33,85.26,4.74,0.0122,3.0,16.0,16.0,812.5,51.63,51.63
742C,pass@1,9.0,14.0,13.0,24.0,23.0,37.0,81.83,167.37,7.71,1291.15,71.73,0.0558,0.0,22.0,22.0,0.0,54.2,55.15
742C,pass@5,9.0,14.0,13.0,24.0,23.0,37.0,81.83,167.37,7.71,1291.15,71.73,0.0558,0.0,22.0,22.0,0.0,54.2,55.15
742C,pass@9,9.0,14.0,13.0,24.0,23.0,37.0,81.83,167.37,7.71,1291.15,71.73,0.0558,0.0,22.0,22.0,0.0,54.2,55.15
742C,pass@7,9.0,14.0,13.0,24.0,23.0,37.0,81.83,167.37,7.71,1291.15,71.73,0.0558,0.0,22.0,22.0,0.0,54.2,55.15
742C,pass@2,9.0,14.0,13.0,24.0,23.0,37.0,81.83,167.37,7.71,1291.15,71.73,0.0558,0.0,22.0,22.0,0.0,54.2,55.15
742C,pass@3,9.0,14.0,13.0,24.0,23.0,37.0,81.83,167.37,7.71,1291.15,71.73,0.0558,0.0,22.0,22.0,0.0,54.2,55.15
742C,pass@14,9.0,14.0,13.0,24.0,23.0,37.0,81.83,167.37,7.71,1291.15,71.73,0.0558,0.0,23.0,23.0,0.0,53.78,54.73
742C,pass@8,9.0,14.0,11.0,20.0,23.0,31.0,81.83,140.23,6.43,901.48,50.08,0.0467,0.0,23.0,23.0,4.35,66.43,67.51
742C,pass@13,9.0,14.0,11.0,20.0,23.0,31.0,81.83,140.23,6.43,901.48,50.08,0.0467,8.0,25.0,25.0,4.0,65.17,65.17
742C,pass@6,9.0,14.0,13.0,24.0,23.0,37.0,81.83,167.37,7.71,1291.15,71.73,0.0558,0.0,22.0,22.0,0.0,54.2,55.15
742C,pass@16,9.0,15.0,14.0,25.0,24.0,39.0,87.13,178.81,7.5,1341.1,74.51,0.0596,0.0,20.0,20.0,0.0,55.04,55.85
742C,pass@12,9.0,14.0,13.0,24.0,23.0,37.0,81.83,167.37,7.71,1291.15,71.73,0.0558,0.0,22.0,22.0,0.0,54.2,55.15
742C,pass@10,9.0,14.0,13.0,24.0,23.0,37.0,81.83,167.37,7.71,1291.15,71.73,0.0558,0.0,22.0,22.0,0.0,54.2,55.15
742C,pass@15,9.0,19.0,21.0,37.0,28.0,58.0,109.24,278.83,8.76,2443.4,135.74,0.0929,0.0,24.0,24.0,0.0,51.56,52.77
742C,pass@4,8.0,16.0,13.0,24.0,24.0,37.0,88.0,169.64,6.0,1017.86,56.55,0.0565,0.0,23.0,23.0,4.35,65.99,66.93
742C,pass@11,9.0,14.0,13.0,24.0,23.0,37.0,81.83,167.37,7.71,1291.15,71.73,0.0558,0.0,22.0,22.0,0.0,54.2,55.15
742C,pass@19,9.0,15.0,14.0,25.0,24.0,39.0,87.13,178.81,7.5,1341.1,74.51,0.0596,0.0,20.0,20.0,0.0,55.04,55.85
742C,pass@23,9.0,14.0,13.0,24.0,23.0,37.0,81.83,167.37,7.71,1291.15,71.73,0.0558,0.0,22.0,22.0,0.0,54.2,55.15
742C,pass@18,9.0,14.0,13.0,24.0,23.0,37.0,81.83,167.37,7.71,1291.15,71.73,0.0558,0.0,23.0,23.0,0.0,53.78,54.73
742C,pass@21,9.0,14.0,13.0,24.0,23.0,37.0,81.83,167.37,7.71,1291.15,71.73,0.0558,0.0,22.0,22.0,0.0,54.2,55.15
742C,pass@20,9.0,14.0,13.0,24.0,23.0,37.0,81.83,167.37,7.71,1291.15,71.73,0.0558,0.0,22.0,22.0,0.0,54.2,55.15
742C,pass@22,9.0,15.0,14.0,25.0,24.0,39.0,87.13,178.81,7.5,1341.1,74.51,0.0596,0.0,20.0,20.0,0.0,55.04,55.85
742C,pass@17,9.0,14.0,13.0,24.0,23.0,37.0,81.83,167.37,7.71,1291.15,71.73,0.0558,0.0,22.0,22.0,0.0,54.2,55.15
742C,pass@25,9.0,14.0,13.0,24.0,23.0,37.0,81.83,167.37,7.71,1291.15,71.73,0.0558,0.0,22.0,22.0,0.0,54.2,55.15
742C,pass@24,9.0,14.0,13.0,24.0,23.0,37.0,81.83,167.37,7.71,1291.15,71.73,0.0558,0.0,22.0,22.0,0.0,54.2,55.15
742C,pass@26,9.0,14.0,13.0,24.0,23.0,37.0,81.83,167.37,7.71,1291.15,71.73,0.0558,0.0,22.0,22.0,0.0,54.2,55.15
742C,pass@31,9.0,14.0,11.0,20.0,23.0,31.0,81.83,140.23,6.43,901.48,50.08,0.0467,8.0,25.0,25.0,4.0,65.17,65.17
742C,pass@29,9.0,14.0,11.0,20.0,23.0,31.0,81.83,140.23,6.43,901.48,50.08,0.0467,8.0,26.0,26.0,3.85,64.58,64.58
742C,pass@32,9.0,14.0,13.0,24.0,23.0,37.0,81.83,167.37,7.71,1291.15,71.73,0.0558,0.0,23.0,23.0,0.0,53.78,54.73
742C,pass@27,9.0,14.0,13.0,24.0,23.0,37.0,81.83,167.37,7.71,1291.15,71.73,0.0558,0.0,22.0,22.0,0.0,54.2,55.15
742C,pass@28,9.0,14.0,13.0,24.0,23.0,37.0,81.83,167.37,7.71,1291.15,71.73,0.0558,0.0,22.0,22.0,0.0,54.2,55.15
742C,pass@30,9.0,14.0,13.0,24.0,23.0,37.0,81.83,167.37,7.71,1291.15,71.73,0.0558,0.0,22.0,22.0,0.0,54.2,55.15
742B,pass@6,2.0,6.0,3.0,6.0,8.0,9.0,17.51,27.0,1.0,27.0,1.5,0.009,2.0,12.0,12.0,0.0,66.17,66.17
742B,pass@4,2.0,6.0,3.0,6.0,8.0,9.0,17.51,27.0,1.0,27.0,1.5,0.009,2.0,12.0,12.0,0.0,66.17,66.17
742B,pass@3,2.0,6.0,3.0,6.0,8.0,9.0,17.51,27.0,1.0,27.0,1.5,0.009,0.0,9.0,9.0,0.0,68.89,69.16
742B,pass@11,2.0,6.0,3.0,6.0,8.0,9.0,17.51,27.0,1.0,27.0,1.5,0.009,2.0,12.0,12.0,0.0,66.17,66.17
742B,pass@13,2.0,6.0,3.0,6.0,8.0,9.0,17.51,27.0,1.0,27.0,1.5,0.009,2.0,12.0,12.0,0.0,66.17,66.17
742B,pass@2,2.0,6.0,3.0,6.0,8.0,9.0,17.51,27.0,1.0,27.0,1.5,0.009,2.0,13.0,13.0,0.0,65.41,65.41
742B,pass@9,2.0,6.0,3.0,6.0,8.0,9.0,17.51,27.0,1.0,27.0,1.5,0.009,0.0,9.0,9.0,0.0,68.89,69.16
742B,pass@15,2.0,6.0,3.0,6.0,8.0,9.0,17.51,27.0,1.0,27.0,1.5,0.009,0.0,9.0,9.0,0.0,68.89,69.16
742B,pass@12,2.0,6.0,3.0,6.0,8.0,9.0,17.51,27.0,1.0,27.0,1.5,0.009,2.0,12.0,12.0,0.0,66.17,66.17
742B,pass@10,2.0,6.0,3.0,6.0,8.0,9.0,17.51,27.0,1.0,27.0,1.5,0.009,0.0,9.0,9.0,0.0,68.89,69.16
742B,pass@1,2.0,6.0,3.0,6.0,8.0,9.0,17.51,27.0,1.0,27.0,1.5,0.009,2.0,13.0,13.0,0.0,65.41,65.41
742B,pass@7,2.0,6.0,3.0,6.0,8.0,9.0,17.51,27.0,1.0,27.0,1.5,0.009,0.0,9.0,9.0,0.0,68.89,69.16
742B,pass@14,2.0,6.0,3.0,6.0,8.0,9.0,17.51,27.0,1.0,27.0,1.5,0.009,0.0,9.0,9.0,0.0,68.89,69.16
742B,pass@5,2.0,6.0,3.0,6.0,8.0,9.0,17.51,27.0,1.0,27.0,1.5,0.009,2.0,13.0,13.0,0.0,65.41,65.41
742B,pass@8,2.0,6.0,3.0,6.0,8.0,9.0,17.51,27.0,1.0,27.0,1.5,0.009,0.0,9.0,9.0,0.0,68.89,69.16
742B,pass@16,2.0,6.0,3.0,6.0,8.0,9.0,17.51,27.0,1.0,27.0,1.5,0.009,2.0,12.0,12.0,0.0,66.17,66.17
742B,pass@18,2.0,6.0,3.0,6.0,8.0,9.0,17.51,27.0,1.0,27.0,1.5,0.009,0.0,9.0,9.0,0.0,68.89,69.16
742B,pass@17,2.0,6.0,3.0,6.0,8.0,9.0,17.51,27.0,1.0,27.0,1.5,0.009,2.0,12.0,12.0,0.0,66.17,66.17
742B,pass@21,2.0,6.0,3.0,6.0,8.0,9.0,17.51,27.0,1.0,27.0,1.5,0.009,2.0,12.0,12.0,0.0,66.17,66.17
742B,pass@20,2.0,6.0,3.0,6.0,8.0,9.0,17.51,27.0,1.0,27.0,1.5,0.009,0.0,9.0,9.0,0.0,68.89,69.16
742B,pass@19,2.0,6.0,3.0,6.0,8.0,9.0,17.51,27.0,1.0,27.0,1.5,0.009,2.0,12.0,12.0,0.0,66.17,66.17
742B,pass@22,2.0,6.0,3.0,6.0,8.0,9.0,17.51,27.0,1.0,27.0,1.5,0.009,0.0,9.0,9.0,0.0,68.89,69.16
742B,pass@23,2.0,6.0,3.0,6.0,8.0,9.0,17.51,27.0,1.0,27.0,1.5,0.009,0.0,9.0,9.0,0.0,68.89,69.16
742B,pass@30,2.0,6.0,3.0,6.0,8.0,9.0,17.51,27.0,1.0,27.0,1.5,0.009,2.0,12.0,12.0,0.0,66.17,66.17
742B,pass@29,2.0,6.0,3.0,6.0,8.0,9.0,17.51,27.0,1.0,27.0,1.5,0.009,2.0,12.0,12.0,0.0,66.17,66.17
742B,pass@24,2.0,6.0,3.0,6.0,8.0,9.0,17.51,27.0,1.0,27.0,1.5,0.009,2.0,12.0,12.0,0.0,66.17,66.17
742B,pass@28,2.0,6.0,3.0,6.0,8.0,9.0,17.51,27.0,1.0,27.0,1.5,0.009,2.0,12.0,12.0,0.0,66.17,66.17
742B,pass@25,2.0,6.0,3.0,6.0,8.0,9.0,17.51,27.0,1.0,27.0,1.5,0.009,2.0,13.0,13.0,0.0,65.41,65.41
742B,pass@26,3.0,8.0,5.0,10.0,11.0,15.0,28.75,51.89,1.88,97.3,5.41,0.0173,0.0,13.0,13.0,0.0,63.15,63.69
742B,pass@32,2.0,6.0,3.0,6.0,8.0,9.0,17.51,27.0,1.0,27.0,1.5,0.009,2.0,12.0,12.0,0.0,66.17,66.17
742B,pass@27,2.0,6.0,3.0,6.0,8.0,9.0,17.51,27.0,1.0,27.0,1.5,0.009,2.0,12.0,12.0,0.0,66.17,66.17
742B,pass@31,2.0,6.0,3.0,6.0,8.0,9.0,17.51,27.0,1.0,27.0,1.5,0.009,2.0,12.0,12.0,0.0,66.17,66.17
743C,pass@1,4.0,3.0,5.0,9.0,7.0,14.0,12.75,39.3,6.0,235.82,13.1,0.0131,0.0,5.0,5.0,0.0,73.32,73.59
743C,pass@10,4.0,3.0,5.0,9.0,7.0,14.0,12.75,39.3,6.0,235.82,13.1,0.0131,0.0,5.0,5.0,0.0,73.32,73.59
743C,pass@6,4.0,3.0,5.0,9.0,7.0,14.0,12.75,39.3,6.0,235.82,13.1,0.0131,0.0,5.0,5.0,0.0,73.32,73.59
743C,pass@3,4.0,3.0,5.0,9.0,7.0,14.0,12.75,39.3,6.0,235.82,13.1,0.0131,0.0,5.0,5.0,0.0,73.32,73.59
743C,pass@8,4.0,3.0,5.0,9.0,7.0,14.0,12.75,39.3,6.0,235.82,13.1,0.0131,0.0,5.0,5.0,0.0,73.32,73.59
743C,pass@2,4.0,3.0,5.0,9.0,7.0,14.0,12.75,39.3,6.0,235.82,13.1,0.0131,0.0,5.0,5.0,0.0,73.32,73.59
743C,pass@5,4.0,3.0,5.0,9.0,7.0,14.0,12.75,39.3,6.0,235.82,13.1,0.0131,0.0,5.0,5.0,0.0,73.32,73.59
743C,pass@9,4.0,3.0,5.0,9.0,7.0,14.0,12.75,39.3,6.0,235.82,13.1,0.0131,0.0,5.0,5.0,0.0,73.32,73.59
743C,pass@7,4.0,3.0,5.0,9.0,7.0,14.0,12.75,39.3,6.0,235.82,13.1,0.0131,0.0,5.0,5.0,0.0,73.32,73.59
743C,pass@16,4.0,3.0,5.0,9.0,7.0,14.0,12.75,39.3,6.0,235.82,13.1,0.0131,0.0,5.0,5.0,0.0,73.32,73.59
743C,pass@11,4.0,3.0,5.0,9.0,7.0,14.0,12.75,39.3,6.0,235.82,13.1,0.0131,0.0,5.0,5.0,0.0,73.32,73.59
743C,pass@12,4.0,3.0,5.0,9.0,7.0,14.0,12.75,39.3,6.0,235.82,13.1,0.0131,0.0,5.0,5.0,0.0,73.32,73.59
743C,pass@4,4.0,3.0,5.0,9.0,7.0,14.0,12.75,39.3,6.0,235.82,13.1,0.0131,0.0,5.0,5.0,0.0,73.32,73.59
743C,pass@14,4.0,3.0,5.0,9.0,7.0,14.0,12.75,39.3,6.0,235.82,13.1,0.0131,0.0,5.0,5.0,0.0,73.32,73.59
743C,pass@15,4.0,3.0,5.0,9.0,7.0,14.0,12.75,39.3,6.0,235.82,13.1,0.0131,0.0,5.0,5.0,0.0,73.32,73.59
743C,pass@13,4.0,3.0,5.0,9.0,7.0,14.0,12.75,39.3,6.0,235.82,13.1,0.0131,0.0,5.0,5.0,0.0,73.32,73.59
743C,pass@17,4.0,3.0,5.0,9.0,7.0,14.0,12.75,39.3,6.0,235.82,13.1,0.0131,0.0,5.0,5.0,0.0,73.32,73.59
743C,pass@18,4.0,3.0,5.0,9.0,7.0,14.0,12.75,39.3,6.0,235.82,13.1,0.0131,0.0,5.0,5.0,0.0,73.32,73.59
743C,pass@19,4.0,3.0,5.0,9.0,7.0,14.0,12.75,39.3,6.0,235.82,13.1,0.0131,0.0,5.0,5.0,0.0,73.32,73.59
743C,pass@21,4.0,3.0,5.0,9.0,7.0,14.0,12.75,39.3,6.0,235.82,13.1,0.0131,0.0,5.0,5.0,0.0,73.32,73.59
743C,pass@22,4.0,3.0,5.0,9.0,7.0,14.0,12.75,39.3,6.0,235.82,13.1,0.0131,0.0,5.0,5.0,0.0,73.32,73.59
743C,pass@26,4.0,3.0,5.0,9.0,7.0,14.0,12.75,39.3,6.0,235.82,13.1,0.0131,0.0,5.0,5.0,0.0,73.32,73.59
743C,pass@25,4.0,3.0,5.0,9.0,7.0,14.0,12.75,39.3,6.0,235.82,13.1,0.0131,0.0,5.0,5.0,0.0,73.32,73.59
743C,pass@20,4.0,3.0,5.0,9.0,7.0,14.0,12.75,39.3,6.0,235.82,13.1,0.0131,0.0,5.0,5.0,0.0,73.32,73.59
743C,pass@23,4.0,3.0,5.0,9.0,7.0,14.0,12.75,39.3,6.0,235.82,13.1,0.0131,0.0,5.0,5.0,0.0,73.32,73.59
743C,pass@29,4.0,3.0,5.0,9.0,7.0,14.0,12.75,39.3,6.0,235.82,13.1,0.0131,0.0,5.0,5.0,0.0,73.32,73.59
743C,pass@30,4.0,3.0,5.0,9.0,7.0,14.0,12.75,39.3,6.0,235.82,13.1,0.0131,0.0,5.0,5.0,0.0,73.32,73.59
743C,pass@24,4.0,3.0,5.0,9.0,7.0,14.0,12.75,39.3,6.0,235.82,13.1,0.0131,0.0,5.0,5.0,0.0,73.32,73.59
743C,pass@28,4.0,3.0,5.0,9.0,7.0,14.0,12.75,39.3,6.0,235.82,13.1,0.0131,0.0,5.0,5.0,0.0,73.32,73.59
743C,pass@31,4.0,3.0,5.0,9.0,7.0,14.0,12.75,39.3,6.0,235.82,13.1,0.0131,0.0,5.0,5.0,0.0,73.32,73.59
743C,pass@27,4.0,3.0,5.0,9.0,7.0,14.0,12.75,39.3,6.0,235.82,13.1,0.0131,0.0,5.0,5.0,0.0,73.32,73.59
743C,pass@32,4.0,3.0,5.0,9.0,7.0,14.0,12.75,39.3,6.0,235.82,13.1,0.0131,0.0,5.0,5.0,0.0,73.32,73.59
745B,pass@1,6.0,11.0,10.0,18.0,17.0,28.0,53.56,114.45,4.91,561.84,31.21,0.0381,0.0,32.0,32.0,6.25,65.35,67.23
745B,pass@7,7.0,11.0,11.0,19.0,18.0,30.0,57.71,125.1,6.05,756.27,42.02,0.0417,0.0,31.0,31.0,3.23,61.53,63.41
745B,pass@6,8.0,16.0,15.0,27.0,24.0,42.0,88.0,192.57,6.75,1299.84,72.21,0.0642,0.0,27.0,27.0,3.7,62.65,64.13
745B,pass@16,10.0,20.0,20.0,37.0,30.0,57.0,119.66,279.69,9.25,2587.16,143.73,0.0932,0.0,31.0,31.0,3.23,58.95,60.97
745B,pass@13,10.0,18.0,19.0,35.0,28.0,54.0,108.28,259.6,9.72,2523.86,140.21,0.0865,0.0,31.0,31.0,3.23,59.18,61.19
745B,pass@10,9.0,17.0,18.0,33.0,26.0,51.0,98.02,239.72,8.74,2094.05,116.34,0.0799,0.0,36.0,36.0,2.78,57.27,59.29
745B,pass@8,10.0,20.0,20.0,37.0,30.0,57.0,119.66,279.69,9.25,2587.16,143.73,0.0932,0.0,31.0,31.0,3.23,58.95,60.97
745B,pass@14,7.0,11.0,11.0,19.0,18.0,30.0,57.71,125.1,6.05,756.27,42.02,0.0417,0.0,35.0,35.0,5.71,63.38,65.53
745B,pass@12,7.0,12.0,12.0,21.0,19.0,33.0,62.67,140.18,6.12,858.61,47.7,0.0467,0.0,31.0,31.0,3.23,61.19,63.07
745B,pass@11,8.0,13.0,15.0,28.0,21.0,43.0,72.11,188.87,8.62,1627.18,90.4,0.063,0.0,32.0,33.0,6.25,63.53,65.42
745B,pass@15,10.0,23.0,22.0,41.0,33.0,63.0,137.26,317.8,8.91,2832.54,157.36,0.1059,0.0,37.0,37.0,8.11,62.39,64.54
745B,pass@20,7.0,11.0,11.0,19.0,18.0,30.0,57.71,125.1,6.05,756.27,42.02,0.0417,0.0,29.0,29.0,3.45,62.51,64.39
745B,pass@18,10.0,20.0,20.0,37.0,30.0,57.0,119.66,279.69,9.25,2587.16,143.73,0.0932,0.0,31.0,31.0,3.23,58.95,60.97
745B,pass@19,10.0,18.0,19.0,35.0,28.0,54.0,108.28,259.6,9.72,2523.86,140.21,0.0865,0.0,31.0,31.0,3.23,59.18,61.19
745B,pass@17,8.0,13.0,15.0,27.0,21.0,42.0,72.11,184.48,8.31,1532.58,85.14,0.0615,0.0,33.0,33.0,3.03,59.45,61.33
745B,pass@27,7.0,11.0,11.0,19.0,18.0,30.0,57.71,125.1,6.05,756.27,42.02,0.0417,0.0,29.0,29.0,3.45,62.51,64.39
745B,pass@21,10.0,20.0,23.0,44.0,30.0,67.0,119.66,328.76,11.0,3616.38,200.91,0.1096,0.0,41.0,41.0,4.88,57.02,60.11
745B,pass@26,7.0,17.0,14.0,26.0,24.0,40.0,89.14,183.4,5.35,981.72,54.54,0.0611,0.0,43.0,43.0,9.3,63.24,65.79
745B,pass@23,13.0,37.0,36.0,68.0,50.0,104.0,240.86,586.96,11.95,7011.8,389.54,0.1957,0.0,56.0,56.0,8.93,55.55,59.45
745B,pass@28,8.0,13.0,15.0,27.0,21.0,42.0,72.11,184.48,8.31,1532.58,85.14,0.0615,0.0,31.0,31.0,6.45,64.41,66.29
745B,pass@29,8.0,18.0,16.0,29.0,26.0,45.0,99.06,211.52,6.44,1363.13,75.73,0.0705,0.0,27.0,27.0,3.7,62.37,63.85
745B,pass@2,12.0,40.0,42.0,80.0,52.0,122.0,255.9,695.45,12.0,8345.44,463.64,0.2318,0.0,56.0,56.0,48.21,67.45,70.95
745B,pass@32,9.0,17.0,18.0,33.0,26.0,51.0,98.02,239.72,8.74,2094.05,116.34,0.0799,0.0,36.0,36.0,2.78,57.27,59.29
745B,pass@30,11.0,18.0,22.0,39.0,29.0,61.0,113.11,296.34,11.92,3531.35,196.19,0.0988,3.0,50.0,50.0,6.0,56.88,59.44
745B,pass@5,11.0,56.0,69.0,125.0,67.0,194.0,363.27,1176.82,12.28,14447.58,802.64,0.3923,0.0,94.0,94.0,23.4,54.05,60.1
745B,pass@4,11.0,45.0,56.0,101.0,56.0,157.0,285.19,911.75,12.34,11255.11,625.28,0.3039,0.0,73.0,73.0,34.25,61.44,66.01
745B,pass@25,12.0,37.0,40.0,73.0,49.0,113.0,235.77,634.46,11.84,7510.66,417.26,0.2115,0.0,75.0,77.0,28.0,60.66,65.24
745B,pass@9,13.0,74.0,92.0,169.0,87.0,261.0,507.61,1681.61,14.84,24962.79,1386.82,0.5605,0.0,92.0,92.0,32.61,54.65,61.65
745B,pass@31,16.0,76.0,90.0,172.0,92.0,262.0,538.84,1709.17,18.11,30945.03,1719.17,0.5697,0.0,106.0,106.0,28.3,53.09,59.27
745B,pass@22,8.0,16.0,19.0,36.0,24.0,55.0,88.0,252.17,9.0,2269.56,126.09,0.0841,0.0,39.0,39.0,502.56,16.88,19.3
747C,pass@16,5.0,9.0,7.0,13.0,14.0,20.0,40.14,76.15,3.61,274.98,15.28,0.0254,0.0,16.0,17.0,6.25,73.66,74.46
747C,pass@3,5.0,9.0,7.0,13.0,14.0,20.0,40.14,76.15,3.61,274.98,15.28,0.0254,0.0,16.0,17.0,6.25,73.66,74.46
747C,pass@11,5.0,9.0,7.0,13.0,14.0,20.0,40.14,76.15,3.61,274.98,15.28,0.0254,0.0,16.0,17.0,6.25,73.66,74.46
747C,pass@12,5.0,9.0,7.0,13.0,14.0,20.0,40.14,76.15,3.61,274.98,15.28,0.0254,0.0,17.0,18.0,5.88,72.72,73.53
747C,pass@4,5.0,9.0,7.0,13.0,14.0,20.0,40.14,76.15,3.61,274.98,15.28,0.0254,0.0,16.0,17.0,6.25,73.66,74.46
747C,pass@9,5.0,9.0,7.0,13.0,14.0,20.0,40.14,76.15,3.61,274.98,15.28,0.0254,0.0,16.0,17.0,6.25,73.66,74.46
747C,pass@5,5.0,9.0,7.0,13.0,14.0,20.0,40.14,76.15,3.61,274.98,15.28,0.0254,0.0,16.0,17.0,6.25,73.66,74.46
747C,pass@6,5.0,9.0,7.0,13.0,14.0,20.0,40.14,76.15,3.61,274.98,15.28,0.0254,0.0,17.0,18.0,5.88,72.72,73.53
747C,pass@2,5.0,9.0,7.0,13.0,14.0,20.0,40.14,76.15,3.61,274.98,15.28,0.0254,0.0,16.0,17.0,6.25,73.66,74.46
747C,pass@10,5.0,9.0,7.0,13.0,14.0,20.0,40.14,76.15,3.61,274.98,15.28,0.0254,0.0,16.0,17.0,6.25,73.66,74.46
747C,pass@1,5.0,9.0,7.0,13.0,14.0,20.0,40.14,76.15,3.61,274.98,15.28,0.0254,0.0,16.0,17.0,6.25,73.66,74.46
747C,pass@8,5.0,9.0,7.0,13.0,14.0,20.0,40.14,76.15,3.61,274.98,15.28,0.0254,0.0,16.0,17.0,6.25,73.66,74.46
747C,pass@13,5.0,9.0,7.0,13.0,14.0,20.0,40.14,76.15,3.61,274.98,15.28,0.0254,0.0,16.0,17.0,6.25,73.66,74.46
747C,pass@15,5.0,9.0,7.0,13.0,14.0,20.0,40.14,76.15,3.61,274.98,15.28,0.0254,0.0,16.0,17.0,6.25,73.66,74.46
747C,pass@14,5.0,9.0,7.0,13.0,14.0,20.0,40.14,76.15,3.61,274.98,15.28,0.0254,0.0,16.0,17.0,6.25,73.66,74.46
747C,pass@7,5.0,9.0,7.0,13.0,14.0,20.0,40.14,76.15,3.61,274.98,15.28,0.0254,0.0,16.0,17.0,6.25,73.66,74.46
747C,pass@19,5.0,9.0,7.0,13.0,14.0,20.0,40.14,76.15,3.61,274.98,15.28,0.0254,0.0,16.0,17.0,6.25,73.66,74.46
747C,pass@17,5.0,9.0,7.0,13.0,14.0,20.0,40.14,76.15,3.61,274.98,15.28,0.0254,0.0,16.0,17.0,6.25,73.66,74.46
747C,pass@18,5.0,9.0,7.0,13.0,14.0,20.0,40.14,76.15,3.61,274.98,15.28,0.0254,0.0,16.0,17.0,6.25,73.66,74.46
747C,pass@26,5.0,9.0,7.0,13.0,14.0,20.0,40.14,76.15,3.61,274.98,15.28,0.0254,0.0,16.0,17.0,6.25,73.66,74.46
747C,pass@27,5.0,9.0,7.0,13.0,14.0,20.0,40.14,76.15,3.61,274.98,15.28,0.0254,0.0,16.0,17.0,6.25,73.66,74.46
747C,pass@28,5.0,9.0,7.0,13.0,14.0,20.0,40.14,76.15,3.61,274.98,15.28,0.0254,0.0,16.0,17.0,6.25,73.66,74.46
747C,pass@30,5.0,9.0,7.0,13.0,14.0,20.0,40.14,76.15,3.61,274.98,15.28,0.0254,0.0,16.0,17.0,6.25,73.66,74.46
747C,pass@24,5.0,9.0,7.0,13.0,14.0,20.0,40.14,76.15,3.61,274.98,15.28,0.0254,0.0,16.0,17.0,6.25,73.66,74.46
747C,pass@31,5.0,9.0,7.0,13.0,14.0,20.0,40.14,76.15,3.61,274.98,15.28,0.0254,0.0,16.0,17.0,6.25,73.66,74.46
747C,pass@23,5.0,9.0,7.0,13.0,14.0,20.0,40.14,76.15,3.61,274.98,15.28,0.0254,0.0,16.0,17.0,6.25,73.66,74.46
747C,pass@22,5.0,9.0,7.0,13.0,14.0,20.0,40.14,76.15,3.61,274.98,15.28,0.0254,0.0,16.0,17.0,6.25,73.66,74.46
747C,pass@21,5.0,9.0,7.0,13.0,14.0,20.0,40.14,76.15,3.61,274.98,15.28,0.0254,0.0,16.0,17.0,6.25,73.66,74.46
747C,pass@20,5.0,9.0,7.0,13.0,14.0,20.0,40.14,76.15,3.61,274.98,15.28,0.0254,0.0,16.0,17.0,6.25,73.66,74.46
747C,pass@29,5.0,9.0,7.0,13.0,14.0,20.0,40.14,76.15,3.61,274.98,15.28,0.0254,0.0,16.0,17.0,6.25,73.66,74.46
747C,pass@25,5.0,9.0,7.0,13.0,14.0,20.0,40.14,76.15,3.61,274.98,15.28,0.0254,0.0,16.0,17.0,6.25,73.66,74.46
747C,pass@32,5.0,9.0,7.0,13.0,14.0,20.0,40.14,76.15,3.61,274.98,15.28,0.0254,0.0,16.0,17.0,6.25,73.66,74.46
753A,pass@10,4.0,8.0,9.0,17.0,12.0,26.0,32.0,93.21,4.25,396.14,22.01,0.0311,0.0,16.0,16.0,0.0,59.41,59.94
753A,pass@8,5.0,8.0,8.0,15.0,13.0,23.0,35.61,85.11,4.69,398.95,22.16,0.0284,0.0,16.0,16.0,0.0,59.68,60.22
753A,pass@16,4.0,8.0,9.0,17.0,12.0,26.0,32.0,93.21,4.25,396.14,22.01,0.0311,0.0,16.0,16.0,0.0,59.41,59.94
753A,pass@14,5.0,8.0,8.0,15.0,13.0,23.0,35.61,85.11,4.69,398.95,22.16,0.0284,0.0,16.0,16.0,0.0,59.68,60.22
753A,pass@11,5.0,8.0,8.0,15.0,13.0,23.0,35.61,85.11,4.69,398.95,22.16,0.0284,0.0,16.0,16.0,0.0,59.68,60.22
753A,pass@4,5.0,8.0,8.0,15.0,13.0,23.0,35.61,85.11,4.69,398.95,22.16,0.0284,0.0,17.0,17.0,0.0,59.11,59.65
753A,pass@5,5.0,8.0,8.0,15.0,13.0,23.0,35.61,85.11,4.69,398.95,22.16,0.0284,0.0,15.0,15.0,0.0,60.43,60.83
753A,pass@13,5.0,8.0,8.0,15.0,13.0,23.0,35.61,85.11,4.69,398.95,22.16,0.0284,0.0,16.0,16.0,0.0,59.68,60.22
753A,pass@15,4.0,8.0,9.0,17.0,12.0,26.0,32.0,93.21,4.25,396.14,22.01,0.0311,0.0,16.0,16.0,0.0,59.41,59.94
753A,pass@1,5.0,8.0,8.0,15.0,13.0,23.0,35.61,85.11,4.69,398.95,22.16,0.0284,0.0,16.0,16.0,0.0,59.68,60.22
753A,pass@9,5.0,7.0,8.0,15.0,12.0,23.0,31.26,82.45,5.36,441.72,24.54,0.0275,0.0,17.0,17.0,0.0,59.2,59.74
753A,pass@6,5.0,8.0,8.0,15.0,13.0,23.0,35.61,85.11,4.69,398.95,22.16,0.0284,0.0,14.0,14.0,0.0,61.08,61.48
753A,pass@12,5.0,8.0,9.0,17.0,13.0,26.0,35.61,96.21,5.31,511.12,28.4,0.0321,0.0,17.0,17.0,0.0,58.73,59.27
753A,pass@7,4.0,8.0,9.0,17.0,12.0,26.0,32.0,93.21,4.25,396.14,22.01,0.0311,0.0,16.0,16.0,0.0,59.41,59.94
753A,pass@2,6.0,9.0,10.0,19.0,15.0,29.0,44.04,113.3,6.33,717.57,39.86,0.0378,0.0,24.0,24.0,0.0,54.7,55.51
753A,pass@3,6.0,11.0,12.0,23.0,17.0,35.0,53.56,143.06,6.27,897.38,49.85,0.0477,0.0,15.0,15.0,0.0,58.71,59.25
753A,pass@18,5.0,8.0,8.0,15.0,13.0,23.0,35.61,85.11,4.69,398.95,22.16,0.0284,0.0,16.0,16.0,0.0,59.68,60.22
753A,pass@17,5.0,8.0,9.0,17.0,13.0,26.0,35.61,96.21,5.31,511.12,28.4,0.0321,0.0,17.0,17.0,0.0,58.73,59.27
753A,pass@19,5.0,8.0,8.0,15.0,13.0,23.0,35.61,85.11,4.69,398.95,22.16,0.0284,0.0,17.0,17.0,0.0,59.11,59.65
753A,pass@23,4.0,8.0,9.0,17.0,12.0,26.0,32.0,93.21,4.25,396.14,22.01,0.0311,0.0,16.0,16.0,0.0,59.41,59.94
753A,pass@26,4.0,8.0,9.0,17.0,12.0,26.0,32.0,93.21,4.25,396.14,22.01,0.0311,0.0,16.0,16.0,0.0,59.41,59.94
753A,pass@28,4.0,8.0,9.0,17.0,12.0,26.0,32.0,93.21,4.25,396.14,22.01,0.0311,0.0,16.0,16.0,0.0,59.41,59.94
753A,pass@22,4.0,8.0,9.0,17.0,12.0,26.0,32.0,93.21,4.25,396.14,22.01,0.0311,0.0,16.0,16.0,0.0,59.41,59.94
753A,pass@30,4.0,8.0,9.0,17.0,12.0,26.0,32.0,93.21,4.25,396.14,22.01,0.0311,0.0,16.0,16.0,0.0,59.41,59.94
753A,pass@29,4.0,8.0,9.0,17.0,12.0,26.0,32.0,93.21,4.25,396.14,22.01,0.0311,0.0,16.0,16.0,0.0,59.41,59.94
753A,pass@24,5.0,8.0,8.0,15.0,13.0,23.0,35.61,85.11,4.69,398.95,22.16,0.0284,0.0,14.0,14.0,0.0,61.08,61.48
753A,pass@25,5.0,7.0,8.0,15.0,12.0,23.0,31.26,82.45,5.36,441.72,24.54,0.0275,0.0,17.0,17.0,0.0,59.2,59.74
753A,pass@27,5.0,8.0,8.0,15.0,13.0,23.0,35.61,85.11,4.69,398.95,22.16,0.0284,0.0,17.0,17.0,0.0,59.11,59.65
753A,pass@20,6.0,11.0,12.0,23.0,17.0,35.0,53.56,143.06,6.27,897.38,49.85,0.0477,0.0,15.0,15.0,0.0,58.71,59.25
753A,pass@31,4.0,8.0,9.0,17.0,12.0,26.0,32.0,93.21,4.25,396.14,22.01,0.0311,0.0,16.0,16.0,0.0,59.41,59.94
753A,pass@21,8.0,15.0,14.0,27.0,23.0,41.0,82.6,185.47,7.2,1335.36,74.19,0.0618,0.0,15.0,15.0,0.0,57.92,58.46
753A,pass@32,6.0,9.0,10.0,19.0,15.0,29.0,44.04,113.3,6.33,717.57,39.86,0.0378,0.0,22.0,22.0,0.0,55.53,56.33
756A,pass@2,7.0,12.0,10.0,18.0,19.0,28.0,62.67,118.94,5.25,624.45,34.69,0.0396,7.0,24.0,24.0,4.17,66.42,66.42
756A,pass@15,7.0,12.0,10.0,18.0,19.0,28.0,62.67,118.94,5.25,624.45,34.69,0.0396,7.0,24.0,24.0,4.17,66.42,66.42
756A,pass@16,7.0,13.0,12.0,22.0,20.0,34.0,67.76,146.95,5.92,870.37,48.35,0.049,6.0,23.0,23.0,0.0,54.31,54.31
756A,pass@6,7.0,12.0,9.0,16.0,19.0,25.0,62.67,106.2,4.67,495.59,27.53,0.0354,7.0,24.0,24.0,4.17,66.77,66.77
756A,pass@4,7.0,12.0,9.0,16.0,19.0,25.0,62.67,106.2,4.67,495.59,27.53,0.0354,7.0,24.0,24.0,4.17,66.77,66.77
756A,pass@1,7.0,13.0,12.0,22.0,20.0,34.0,67.76,146.95,5.92,870.37,48.35,0.049,6.0,23.0,23.0,0.0,54.31,54.31
756A,pass@13,7.0,13.0,11.0,20.0,20.0,31.0,67.76,133.98,5.38,721.43,40.08,0.0447,6.0,23.0,23.0,0.0,54.59,54.59
756A,pass@10,7.0,12.0,10.0,18.0,19.0,28.0,62.67,118.94,5.25,624.45,34.69,0.0396,7.0,23.0,23.0,4.35,67.07,67.07
756A,pass@11,7.0,12.0,10.0,18.0,19.0,28.0,62.67,118.94,5.25,624.45,34.69,0.0396,7.0,24.0,24.0,4.17,66.42,66.42
756A,pass@5,7.0,12.0,9.0,16.0,19.0,25.0,62.67,106.2,4.67,495.59,27.53,0.0354,7.0,24.0,24.0,4.17,66.77,66.77
756A,pass@12,7.0,12.0,10.0,18.0,19.0,28.0,62.67,118.94,5.25,624.45,34.69,0.0396,7.0,24.0,24.0,4.17,66.42,66.42
756A,pass@8,7.0,12.0,10.0,18.0,19.0,28.0,62.67,118.94,5.25,624.45,34.69,0.0396,7.0,24.0,24.0,4.17,66.42,66.42
756A,pass@9,7.0,12.0,10.0,18.0,19.0,28.0,62.67,118.94,5.25,624.45,34.69,0.0396,7.0,24.0,24.0,4.17,66.42,66.42
756A,pass@14,7.0,12.0,10.0,18.0,19.0,28.0,62.67,118.94,5.25,624.45,34.69,0.0396,7.0,24.0,24.0,4.17,66.42,66.42
756A,pass@3,7.0,12.0,10.0,18.0,19.0,28.0,62.67,118.94,5.25,624.45,34.69,0.0396,7.0,24.0,24.0,4.17,66.42,66.42
756A,pass@7,7.0,12.0,10.0,18.0,19.0,28.0,62.67,118.94,5.25,624.45,34.69,0.0396,7.0,24.0,24.0,4.17,66.42,66.42
756A,pass@26,7.0,12.0,10.0,18.0,19.0,28.0,62.67,118.94,5.25,624.45,34.69,0.0396,7.0,23.0,23.0,4.35,67.07,67.07
756A,pass@22,7.0,12.0,10.0,18.0,19.0,28.0,62.67,118.94,5.25,624.45,34.69,0.0396,7.0,24.0,24.0,4.17,66.42,66.42
756A,pass@18,7.0,12.0,9.0,16.0,19.0,25.0,62.67,106.2,4.67,495.59,27.53,0.0354,7.0,24.0,24.0,4.17,66.77,66.77
756A,pass@21,7.0,12.0,10.0,18.0,19.0,28.0,62.67,118.94,5.25,624.45,34.69,0.0396,7.0,24.0,24.0,4.17,66.42,66.42
756A,pass@19,7.0,12.0,10.0,18.0,19.0,28.0,62.67,118.94,5.25,624.45,34.69,0.0396,7.0,24.0,24.0,4.17,66.42,66.42
756A,pass@24,7.0,12.0,10.0,18.0,19.0,28.0,62.67,118.94,5.25,624.45,34.69,0.0396,7.0,24.0,24.0,4.17,66.42,66.42
756A,pass@17,7.0,12.0,10.0,18.0,19.0,28.0,62.67,118.94,5.25,624.45,34.69,0.0396,7.0,24.0,24.0,4.17,66.42,66.42
756A,pass@27,7.0,14.0,10.0,18.0,21.0,28.0,72.95,122.98,4.5,553.43,30.75,0.041,7.0,25.0,25.0,4.0,65.57,65.7
756A,pass@29,7.0,12.0,10.0,18.0,19.0,28.0,62.67,118.94,5.25,624.45,34.69,0.0396,7.0,24.0,24.0,4.17,66.42,66.42
756A,pass@20,7.0,12.0,10.0,18.0,19.0,28.0,62.67,118.94,5.25,624.45,34.69,0.0396,7.0,24.0,24.0,12.5,73.97,73.97
756A,pass@28,7.0,15.0,13.0,24.0,22.0,37.0,78.25,165.0,5.6,923.99,51.33,0.055,6.0,24.0,24.0,8.33,69.89,70.02
756A,pass@30,7.0,12.0,10.0,18.0,19.0,28.0,62.67,118.94,5.25,624.45,34.69,0.0396,7.0,24.0,24.0,4.17,66.42,66.42
756A,pass@31,7.0,12.0,10.0,18.0,19.0,28.0,62.67,118.94,5.25,624.45,34.69,0.0396,7.0,24.0,24.0,0.0,54.42,54.42
756A,pass@23,7.0,12.0,10.0,18.0,19.0,28.0,62.67,118.94,5.25,624.45,34.69,0.0396,7.0,24.0,24.0,4.17,66.42,66.42
756A,pass@25,7.0,12.0,10.0,18.0,19.0,28.0,62.67,118.94,5.25,624.45,34.69,0.0396,7.0,24.0,24.0,4.17,66.42,66.42
756A,pass@32,7.0,12.0,10.0,18.0,19.0,28.0,62.67,118.94,5.25,624.45,34.69,0.0396,7.0,24.0,24.0,4.17,66.42,66.42
758C,pass@4,10.0,23.0,31.0,61.0,33.0,92.0,137.26,464.08,13.26,6154.16,341.9,0.1547,0.0,40.0,40.0,7.5,59.81,62.1
758C,pass@5,10.0,22.0,30.0,59.0,32.0,89.0,131.33,445.0,13.41,5967.05,331.5,0.1483,0.0,36.0,36.0,11.11,64.12,66.13
758C,pass@13,10.0,23.0,34.0,67.0,33.0,101.0,137.26,509.48,14.57,7420.74,412.26,0.1698,0.0,42.0,44.0,9.52,60.63,62.64
758C,pass@6,10.0,27.0,28.0,54.0,37.0,82.0,161.6,427.18,10.0,4271.75,237.32,0.1424,0.0,40.0,40.0,15.0,65.37,67.66
758C,pass@2,13.0,30.0,33.0,66.0,43.0,99.0,195.31,537.2,14.3,7681.96,426.78,0.1791,0.0,38.0,38.0,21.05,67.8,70.22
758C,pass@8,12.0,29.0,42.0,83.0,41.0,125.0,183.9,669.69,17.17,11500.26,638.9,0.2232,0.0,44.0,44.0,13.64,61.93,64.62
758C,pass@14,10.0,37.0,45.0,86.0,47.0,131.0,225.97,727.65,11.62,8456.49,469.8,0.2426,0.0,37.0,37.0,13.51,63.51,65.93
758C,pass@11,12.0,32.0,41.0,82.0,44.0,123.0,203.02,671.51,15.38,10324.47,573.58,0.2238,0.0,49.0,49.0,14.29,61.27,63.96
758C,pass@7,12.0,39.0,47.0,92.0,51.0,139.0,249.15,788.47,14.15,11159.84,619.99,0.2628,0.0,53.0,53.0,11.32,58.19,60.88
758C,pass@1,13.0,32.0,41.0,81.0,45.0,122.0,208.11,670.01,16.45,11023.69,612.43,0.2233,0.0,53.0,53.0,7.55,55.53,58.36
758C,pass@12,13.0,36.0,42.0,84.0,49.0,126.0,234.22,707.45,15.17,10729.71,596.1,0.2358,0.0,54.0,54.0,12.96,59.14,62.1
758C,pass@10,13.0,37.0,48.0,96.0,50.0,144.0,240.86,812.72,16.86,13706.33,761.46,0.2709,0.0,63.0,63.0,9.52,54.86,57.82
758C,pass@15,13.0,31.0,42.0,83.0,44.0,125.0,201.69,682.43,17.4,11876.47,659.8,0.2275,0.0,67.0,67.0,11.94,56.42,59.51
758C,pass@16,12.0,42.0,66.0,131.0,54.0,197.0,269.5,1133.71,18.71,21216.63,1178.7,0.3779,0.0,60.0,60.0,11.67,55.07,58.83
758C,pass@3,13.0,46.0,62.0,124.0,59.0,186.0,302.19,1094.17,17.52,19171.79,1065.1,0.3647,0.0,66.0,68.0,27.27,61.47,64.56
758C,pass@17,12.0,33.0,36.0,72.0,45.0,108.0,209.48,593.12,13.09,7764.48,431.36,0.1977,0.0,36.0,36.0,13.89,65.02,67.03
758C,pass@19,12.0,33.0,45.0,89.0,45.0,134.0,209.48,735.91,16.18,11908.33,661.57,0.2453,0.0,50.0,50.0,12.0,58.6,62.1
758C,pass@24,10.0,22.0,30.0,59.0,32.0,89.0,131.33,445.0,13.41,5967.05,331.5,0.1483,0.0,40.0,40.0,7.5,59.8,62.23
758C,pass@23,11.0,34.0,34.0,67.0,45.0,101.0,211.03,554.68,10.84,6011.72,333.98,0.1849,0.0,35.0,35.0,20.0,68.47,70.48
758C,pass@26,11.0,33.0,34.0,67.0,44.0,101.0,204.52,551.4,11.17,6157.33,342.07,0.1838,0.0,36.0,36.0,16.67,66.32,68.74
758C,pass@28,12.0,25.0,30.0,59.0,37.0,89.0,159.12,463.64,14.16,6565.16,364.73,0.1545,0.0,39.0,39.0,20.51,67.92,70.21
758C,pass@27,11.0,34.0,40.0,79.0,45.0,119.0,211.03,653.53,12.78,8351.74,463.99,0.2178,0.0,44.0,44.0,11.36,60.55,63.24
758C,pass@25,13.0,34.0,40.0,79.0,47.0,119.0,221.08,661.0,15.1,9982.98,554.61,0.2203,0.0,48.0,48.0,12.5,60.31,63.13
758C,pass@20,13.0,30.0,55.0,107.0,43.0,162.0,195.31,879.05,23.18,20379.42,1132.19,0.293,0.0,58.0,59.0,15.52,58.43,62.06
758C,pass@30,13.0,35.0,41.0,82.0,48.0,123.0,227.63,686.95,15.23,10461.27,581.18,0.229,0.0,49.0,49.0,12.24,60.1,62.66
758C,pass@18,14.0,45.0,74.0,144.0,59.0,218.0,300.44,1282.42,22.4,28726.12,1595.9,0.4275,0.0,101.0,101.0,5.94,42.21,48.66
758C,pass@32,11.0,31.0,32.0,63.0,42.0,95.0,191.63,512.27,11.18,5725.86,318.1,0.1708,0.0,36.0,36.0,13.89,65.06,67.48
758C,pass@21,12.0,53.0,100.0,196.0,65.0,296.0,346.6,1782.62,22.19,39554.0,2197.44,0.5942,0.0,100.0,100.0,9.0,42.7,50.64
758C,pass@29,13.0,47.0,83.0,164.0,60.0,247.0,309.17,1459.0,22.68,33091.41,1838.41,0.4863,0.0,92.0,92.0,20.65,53.0,58.65
758C,pass@22,13.0,52.0,84.0,168.0,65.0,252.0,344.53,1517.64,21.0,31870.37,1770.58,0.5059,0.0,118.0,118.0,25.42,51.63,57.82
758C,pass@31,13.0,54.0,87.0,172.0,67.0,259.0,358.87,1571.12,20.7,32527.94,1807.11,0.5237,0.0,85.0,85.0,28.24,56.49,61.6
758C,pass@9,12.0,89.0,140.0,280.0,101.0,420.0,619.36,2796.45,18.88,52786.9,2932.61,0.9321,0.0,106.0,106.0,66.98,55.05,60.7
761C,pass@5,7.0,32.0,19.0,39.0,39.0,58.0,179.65,306.55,4.27,1307.64,72.65,0.1022,0.0,34.0,34.0,5.88,60.58,63.27
761C,pass@8,8.0,32.0,20.0,41.0,40.0,61.0,184.0,324.64,5.12,1663.77,92.43,0.1082,0.0,35.0,35.0,5.71,59.94,62.63
761C,pass@7,6.0,24.0,15.0,30.0,30.0,45.0,125.55,220.81,3.75,828.04,46.0,0.0736,0.0,43.0,43.0,4.65,57.9,60.59
761C,pass@14,7.0,29.0,18.0,36.0,36.0,54.0,160.53,279.18,4.34,1212.97,67.39,0.0931,0.0,38.0,38.0,7.89,61.8,64.49
761C,pass@11,7.0,29.0,18.0,36.0,36.0,54.0,160.53,279.18,4.34,1212.97,67.39,0.0931,0.0,38.0,38.0,5.26,59.1,61.79
761C,pass@13,7.0,29.0,18.0,36.0,36.0,54.0,160.53,279.18,4.34,1212.97,67.39,0.0931,0.0,38.0,38.0,5.26,59.1,61.79
761C,pass@6,7.0,29.0,18.0,36.0,36.0,54.0,160.53,279.18,4.34,1212.97,67.39,0.0931,0.0,38.0,38.0,7.89,61.8,64.49
761C,pass@1,7.0,29.0,18.0,36.0,36.0,54.0,160.53,279.18,4.34,1212.97,67.39,0.0931,0.0,38.0,38.0,7.89,61.8,64.49
761C,pass@15,7.0,29.0,18.0,36.0,36.0,54.0,160.53,279.18,4.34,1212.97,67.39,0.0931,0.0,38.0,38.0,7.89,61.8,64.49
761C,pass@2,7.0,29.0,18.0,36.0,36.0,54.0,160.53,279.18,4.34,1212.97,67.39,0.0931,0.0,38.0,38.0,5.26,59.1,61.79
761C,pass@9,7.0,29.0,18.0,36.0,36.0,54.0,160.53,279.18,4.34,1212.97,67.39,0.0931,0.0,38.0,38.0,7.89,61.8,64.49
761C,pass@10,7.0,29.0,18.0,36.0,36.0,54.0,160.53,279.18,4.34,1212.97,67.39,0.0931,0.0,38.0,38.0,7.89,61.8,64.49
761C,pass@3,7.0,29.0,18.0,36.0,36.0,54.0,160.53,279.18,4.34,1212.97,67.39,0.0931,0.0,38.0,38.0,10.53,63.93,66.62
761C,pass@4,7.0,29.0,18.0,36.0,36.0,54.0,160.53,279.18,4.34,1212.97,67.39,0.0931,0.0,38.0,38.0,7.89,61.8,64.49
761C,pass@12,7.0,29.0,18.0,36.0,36.0,54.0,160.53,279.18,4.34,1212.97,67.39,0.0931,0.0,38.0,38.0,7.89,61.8,64.49
761C,pass@16,7.0,29.0,18.0,36.0,36.0,54.0,160.53,279.18,4.34,1212.97,67.39,0.0931,0.0,38.0,38.0,10.53,63.93,66.62
761C,pass@21,7.0,23.0,15.0,30.0,30.0,45.0,123.69,220.81,4.57,1008.05,56.0,0.0736,0.0,32.0,32.0,12.5,68.02,70.31
761C,pass@20,7.0,29.0,18.0,36.0,36.0,54.0,160.53,279.18,4.34,1212.97,67.39,0.0931,0.0,38.0,38.0,7.89,61.8,64.49
761C,pass@22,7.0,29.0,18.0,36.0,36.0,54.0,160.53,279.18,4.34,1212.97,67.39,0.0931,0.0,38.0,38.0,7.89,61.8,64.49
761C,pass@18,7.0,32.0,19.0,39.0,39.0,58.0,179.65,306.55,4.27,1307.64,72.65,0.1022,0.0,34.0,34.0,11.76,65.57,68.26
761C,pass@26,7.0,29.0,18.0,36.0,36.0,54.0,160.53,279.18,4.34,1212.97,67.39,0.0931,0.0,38.0,38.0,7.89,61.8,64.49
761C,pass@27,7.0,29.0,18.0,36.0,36.0,54.0,160.53,279.18,4.34,1212.97,67.39,0.0931,0.0,38.0,38.0,5.26,59.1,61.79
761C,pass@17,7.0,29.0,18.0,36.0,36.0,54.0,160.53,279.18,4.34,1212.97,67.39,0.0931,0.0,38.0,38.0,7.89,61.8,64.49
761C,pass@24,7.0,29.0,18.0,36.0,36.0,54.0,160.53,279.18,4.34,1212.97,67.39,0.0931,0.0,38.0,38.0,7.89,61.8,64.49
761C,pass@30,7.0,29.0,18.0,36.0,36.0,54.0,160.53,279.18,4.34,1212.97,67.39,0.0931,0.0,37.0,37.0,5.41,59.52,62.21
761C,pass@28,7.0,29.0,18.0,36.0,36.0,54.0,160.53,279.18,4.34,1212.97,67.39,0.0931,0.0,38.0,38.0,7.89,61.8,64.49
761C,pass@19,7.0,29.0,18.0,36.0,36.0,54.0,160.53,279.18,4.34,1212.97,67.39,0.0931,0.0,38.0,38.0,7.89,61.8,64.49
761C,pass@25,7.0,29.0,18.0,36.0,36.0,54.0,160.53,279.18,4.34,1212.97,67.39,0.0931,0.0,37.0,37.0,8.11,62.24,64.93
761C,pass@29,7.0,29.0,18.0,36.0,36.0,54.0,160.53,279.18,4.34,1212.97,67.39,0.0931,0.0,38.0,38.0,7.89,61.8,64.49
761C,pass@31,6.0,25.0,15.0,30.0,31.0,45.0,131.61,222.94,3.6,802.58,44.59,0.0743,0.0,43.0,43.0,4.65,57.87,60.56
761C,pass@23,7.0,29.0,18.0,36.0,36.0,54.0,160.53,279.18,4.34,1212.97,67.39,0.0931,0.0,38.0,38.0,10.53,63.93,66.62
761C,pass@32,7.0,29.0,18.0,36.0,36.0,54.0,160.53,279.18,4.34,1212.97,67.39,0.0931,0.0,38.0,38.0,7.89,61.8,64.49
762C,pass@2,12.0,37.0,35.0,66.0,49.0,101.0,235.77,567.09,10.7,6069.35,337.19,0.189,0.0,41.0,42.0,0.0,43.56,45.31
762C,pass@3,12.0,33.0,35.0,66.0,45.0,101.0,209.48,554.68,12.0,6656.13,369.78,0.1849,0.0,49.0,50.0,8.16,57.76,60.04
762C,pass@16,13.0,42.0,49.0,86.0,55.0,135.0,274.58,780.48,13.31,10387.86,577.1,0.2602,0.0,61.0,62.0,4.92,50.93,53.62
762C,pass@6,12.0,43.0,51.0,98.0,55.0,149.0,276.35,861.42,13.67,11779.45,654.41,0.2871,0.0,56.0,57.0,8.93,54.75,58.11
762C,pass@15,12.0,37.0,46.0,87.0,49.0,133.0,235.77,746.76,14.11,10535.32,585.3,0.2489,0.0,51.0,53.0,7.84,55.21,58.3
762C,pass@13,11.0,38.0,45.0,83.0,49.0,128.0,237.47,718.68,12.01,8633.65,479.65,0.2396,0.0,50.0,52.0,12.0,59.11,61.8
762C,pass@9,12.0,39.0,53.0,96.0,51.0,149.0,249.15,845.19,14.77,12482.83,693.49,0.2817,0.0,58.0,60.0,10.34,55.3,58.79
762C,pass@5,14.0,50.0,65.0,120.0,64.0,185.0,335.5,1110.0,16.8,18648.0,1036.0,0.37,0.0,78.0,79.0,0.0,32.98,37.28
762C,pass@8,12.0,38.0,55.0,98.0,50.0,153.0,242.44,863.51,15.47,13361.68,742.32,0.2878,0.0,73.0,76.0,5.48,48.82,52.04
762C,pass@1,12.0,37.0,50.0,91.0,49.0,141.0,235.77,791.67,14.76,11682.54,649.03,0.2639,0.0,68.0,69.0,10.29,54.13,57.63
762C,pass@10,14.0,41.0,50.0,95.0,55.0,145.0,272.96,838.3,16.22,13596.77,755.38,0.2794,0.0,62.0,63.0,8.06,52.88,56.51
762C,pass@4,12.0,50.0,50.0,88.0,62.0,138.0,325.21,821.68,10.56,8676.93,482.05,0.2739,24.0,58.0,60.0,17.24,59.74,59.74
762C,pass@7,12.0,42.0,53.0,100.0,54.0,153.0,269.5,880.5,14.29,12578.54,698.81,0.2935,0.0,63.0,64.0,12.7,56.43,59.66
762C,pass@17,12.0,36.0,40.0,76.0,48.0,116.0,229.14,647.86,12.67,8206.17,455.9,0.216,0.0,40.0,41.0,7.5,58.16,60.85
762C,pass@14,13.0,52.0,75.0,136.0,65.0,211.0,344.53,1270.72,17.0,21602.23,1200.12,0.4236,0.0,82.0,83.0,10.98,50.63,54.94
762C,pass@11,11.0,42.0,46.0,85.0,53.0,131.0,264.53,750.36,11.13,8352.19,464.01,0.2501,23.0,75.0,76.0,21.33,59.65,59.65
762C,pass@18,11.0,30.0,30.0,56.0,41.0,86.0,185.26,460.75,10.27,4730.36,262.8,0.1536,0.0,35.0,36.0,11.43,64.63,66.25
762C,pass@12,11.0,48.0,66.0,122.0,59.0,188.0,306.13,1105.94,13.98,15460.08,858.89,0.3686,29.0,69.0,70.0,24.64,59.58,59.58
762C,pass@20,10.0,40.0,35.0,66.0,50.0,101.0,246.1,570.03,8.25,4702.74,261.26,0.19,16.0,39.0,40.0,10.26,61.61,61.61
762C,pass@23,10.0,32.0,31.0,60.0,42.0,91.0,193.22,490.7,9.38,4600.32,255.57,0.1636,13.0,34.0,35.0,8.82,62.61,62.61
762C,pass@24,12.0,38.0,49.0,90.0,50.0,139.0,242.44,784.5,14.21,11148.1,619.34,0.2615,0.0,59.0,62.0,8.47,53.86,57.22
762C,pass@28,13.0,31.0,40.0,74.0,44.0,114.0,201.69,622.38,15.52,9656.85,536.49,0.2075,0.0,55.0,56.0,9.09,56.85,59.4
762C,pass@29,12.0,40.0,50.0,95.0,52.0,145.0,255.9,826.56,14.25,11778.53,654.36,0.2755,0.0,55.0,56.0,7.27,53.71,56.94
762C,pass@26,13.0,49.0,53.0,92.0,62.0,145.0,323.23,863.36,12.2,10536.5,585.36,0.2878,22.0,61.0,63.0,6.56,52.03,52.03
762C,pass@21,12.0,42.0,59.0,102.0,54.0,161.0,269.5,926.54,14.57,13500.97,750.05,0.3088,27.0,67.0,69.0,10.45,53.63,53.63
762C,pass@31,10.0,29.0,30.0,57.0,39.0,87.0,174.1,459.83,9.83,4519.02,251.06,0.1533,13.0,37.0,38.0,8.11,61.41,61.41
762C,pass@32,12.0,35.0,38.0,70.0,47.0,108.0,222.54,599.9,12.0,7198.75,399.93,0.2,0.0,38.0,39.0,7.89,59.9,61.92
762C,pass@25,13.0,36.0,51.0,89.0,49.0,140.0,234.22,786.06,16.07,12631.54,701.75,0.262,0.0,74.0,75.0,13.51,55.91,59.0
762C,pass@19,12.0,57.0,73.0,127.0,69.0,200.0,375.49,1221.7,13.37,16332.27,907.35,0.4072,32.0,72.0,74.0,13.89,53.71,53.71
762C,pass@22,12.0,48.0,64.0,110.0,60.0,174.0,311.1,1027.8,13.75,14132.24,785.12,0.3426,29.0,72.0,75.0,16.67,55.86,56.0
762C,pass@30,13.0,32.0,40.0,77.0,45.0,117.0,208.11,642.55,15.64,10049.83,558.32,0.2142,0.0,59.0,60.0,8.47,55.85,58.14
762C,pass@27,12.0,46.0,70.0,128.0,58.0,198.0,297.1,1159.88,16.7,19364.96,1075.83,0.3866,0.0,95.0,96.0,16.84,53.38,57.28
763C,pass@15,8.0,20.0,16.0,31.0,28.0,47.0,110.44,225.95,6.2,1400.86,77.83,0.0753,3.0,36.0,36.0,5.56,62.88,62.88
763C,pass@9,9.0,26.0,20.0,39.0,35.0,59.0,150.74,302.63,6.75,2042.74,113.49,0.1009,4.0,44.0,44.0,4.55,58.74,58.74
763C,pass@1,9.0,25.0,27.0,53.0,34.0,80.0,144.63,407.0,9.54,3882.75,215.71,0.1357,4.0,54.0,54.0,0.0,43.4,43.4
763C,pass@16,10.0,39.0,42.0,77.0,49.0,119.0,239.35,668.15,9.87,6595.84,366.44,0.2227,8.0,57.0,57.0,0.0,40.84,40.84
763C,pass@6,11.0,37.0,33.0,61.0,48.0,94.0,230.8,524.99,9.07,4760.35,264.46,0.175,11.0,79.0,79.0,0.0,38.08,38.08
763C,pass@14,12.0,41.0,44.0,83.0,53.0,127.0,262.68,727.45,12.15,8835.81,490.88,0.2425,23.0,78.0,78.0,0.0,35.73,35.59
763C,pass@4,9.0,30.0,27.0,53.0,39.0,80.0,175.74,422.83,7.95,3361.52,186.75,0.1409,3.0,40.0,40.0,20.0,69.64,69.64
763C,pass@7,13.0,43.0,40.0,76.0,56.0,116.0,281.44,673.65,11.49,7739.18,429.95,0.2246,5.0,74.0,74.0,0.0,38.75,38.75
763C,pass@5,10.0,27.0,25.0,45.0,37.0,70.0,161.6,364.66,8.33,3038.85,168.82,0.1216,10.0,58.0,58.0,18.97,65.2,65.2
763C,pass@8,7.0,26.0,24.0,47.0,33.0,71.0,141.86,358.15,6.33,2266.0,125.89,0.1194,9.0,41.0,41.0,43.9,74.39,74.39
763C,pass@17,9.0,29.0,27.0,53.0,38.0,80.0,169.41,419.83,8.22,3452.77,191.82,0.1399,4.0,45.0,45.0,4.44,57.4,57.4
763C,pass@3,11.0,43.0,34.0,66.0,54.0,100.0,271.38,575.49,8.44,4858.2,269.9,0.1918,4.0,69.0,69.0,28.99,66.29,66.29
763C,pass@10,10.0,39.0,43.0,81.0,49.0,124.0,239.35,696.22,10.38,7230.02,401.67,0.2321,28.0,85.0,85.0,14.12,54.91,54.77
763C,pass@21,8.0,26.0,22.0,43.0,34.0,65.0,146.21,330.69,6.62,2187.61,121.53,0.1102,4.0,42.0,42.0,0.0,46.41,46.41
763C,pass@22,9.0,31.0,22.0,43.0,40.0,65.0,182.11,345.93,6.24,2159.24,119.96,0.1153,4.0,47.0,47.0,4.26,57.33,57.33
763C,pass@11,10.0,49.0,78.0,148.0,59.0,226.0,308.34,1329.48,15.1,20077.82,1115.43,0.4432,34.0,103.0,103.0,18.45,52.37,52.37
763C,pass@23,8.0,22.0,20.0,38.0,30.0,58.0,122.11,284.6,6.91,1966.32,109.24,0.0949,14.0,50.0,50.0,8.0,60.04,60.04
763C,pass@25,7.0,20.0,19.0,37.0,27.0,56.0,106.09,266.27,6.47,1724.12,95.78,0.0888,6.0,54.0,54.0,5.56,58.14,58.14
763C,pass@20,8.0,31.0,35.0,64.0,39.0,99.0,177.58,523.25,8.26,4321.07,240.06,0.1744,4.0,73.0,73.0,5.48,53.41,53.41
763C,pass@27,8.0,25.0,21.0,41.0,33.0,62.0,140.1,312.75,6.56,2051.66,113.98,0.1043,3.0,37.0,37.0,0.0,47.92,47.92
763C,pass@12,12.0,57.0,52.0,100.0,69.0,152.0,375.49,928.5,10.53,9773.64,542.98,0.3095,4.0,105.0,105.0,23.81,59.37,59.37
763C,pass@18,12.0,47.0,46.0,85.0,59.0,131.0,304.09,770.63,10.85,8362.11,464.56,0.2569,22.0,81.0,83.0,19.75,58.51,58.24
763C,pass@26,12.0,29.0,26.0,50.0,41.0,76.0,183.9,407.17,10.34,4212.14,234.01,0.1357,20.0,62.0,62.0,1.61,47.81,47.54
763C,pass@2,11.0,73.0,77.0,144.0,84.0,221.0,489.91,1412.7,10.85,15326.85,851.49,0.4709,32.0,121.0,122.0,18.18,51.0,50.73
763C,pass@29,10.0,25.0,21.0,41.0,35.0,62.0,149.32,318.02,8.2,2607.73,144.87,0.106,6.0,50.0,50.0,0.0,44.61,44.61
763C,pass@28,10.0,43.0,35.0,62.0,53.0,97.0,266.55,555.61,7.21,4005.55,222.53,0.1852,4.0,62.0,62.0,4.84,54.01,54.01
763C,pass@13,10.0,65.0,52.0,101.0,75.0,153.0,424.67,953.01,7.77,7404.15,411.34,0.3177,13.0,94.0,94.0,45.74,63.17,63.17
763C,pass@31,8.0,19.0,16.0,31.0,27.0,47.0,104.71,223.48,6.53,1458.5,81.03,0.0745,3.0,36.0,36.0,8.33,65.66,65.66
763C,pass@19,11.0,59.0,58.0,114.0,70.0,172.0,385.13,1054.24,10.63,11203.5,622.42,0.3514,26.0,102.0,102.0,19.61,55.01,54.74
763C,pass@32,10.0,33.0,28.0,55.0,43.0,83.0,199.68,450.38,8.33,3753.17,208.51,0.1501,5.0,48.0,48.0,0.0,44.07,44.07
763C,pass@30,15.0,81.0,87.0,171.0,96.0,258.0,572.13,1698.92,15.83,26899.57,1494.42,0.5663,38.0,133.0,133.0,7.52,41.94,41.68
763C,pass@24,11.0,62.0,59.0,103.0,73.0,162.0,407.21,1002.75,9.14,9162.24,509.01,0.3343,4.0,115.0,115.0,40.87,61.85,61.85
10B,pass@14,8.0,29.0,28.0,51.0,37.0,79.0,164.88,411.55,7.03,2895.02,160.83,0.1372,0.0,26.0,26.0,7.69,65.24,66.72
10B,pass@1,9.0,26.0,30.0,55.0,35.0,85.0,150.74,435.99,9.52,4150.28,230.57,0.1453,17.0,40.0,40.0,5.0,57.35,57.35
10B,pass@11,8.0,24.0,29.0,52.0,32.0,81.0,134.04,405.0,8.67,3510.0,195.0,0.135,17.0,43.0,43.0,9.3,61.1,61.1
10B,pass@13,8.0,27.0,32.0,57.0,35.0,89.0,152.38,456.51,8.44,3854.94,214.16,0.1522,17.0,44.0,44.0,15.91,64.75,64.75
10B,pass@2,9.0,26.0,31.0,56.0,35.0,87.0,150.74,446.25,9.69,4325.17,240.29,0.1487,17.0,45.0,45.0,13.33,63.17,63.17
10B,pass@6,8.0,26.0,31.0,56.0,34.0,87.0,146.21,442.61,8.62,3813.25,211.85,0.1475,17.0,44.0,44.0,15.91,64.84,64.84
10B,pass@15,9.0,26.0,31.0,56.0,35.0,87.0,150.74,446.25,9.69,4325.17,240.29,0.1487,17.0,44.0,44.0,15.91,64.82,64.82
10B,pass@3,8.0,25.0,30.0,55.0,33.0,85.0,140.1,428.77,8.8,3773.21,209.62,0.1429,17.0,43.0,43.0,13.95,64.09,64.09
10B,pass@7,9.0,26.0,31.0,56.0,35.0,87.0,150.74,446.25,9.69,4325.17,240.29,0.1487,17.0,44.0,44.0,13.64,63.56,63.56
10B,pass@10,9.0,27.0,32.0,58.0,36.0,90.0,156.91,465.29,9.67,4497.83,249.88,0.1551,17.0,45.0,45.0,8.89,59.91,59.91
10B,pass@12,8.0,24.0,29.0,52.0,32.0,81.0,134.04,405.0,8.67,3510.0,195.0,0.135,17.0,44.0,44.0,13.64,63.86,63.86
10B,pass@9,9.0,26.0,31.0,56.0,35.0,87.0,150.74,446.25,9.69,4325.17,240.29,0.1487,17.0,44.0,44.0,11.36,62.11,62.11
10B,pass@5,8.0,27.0,32.0,57.0,35.0,89.0,152.38,456.51,8.44,3854.94,214.16,0.1522,17.0,45.0,45.0,13.33,63.1,63.1
10B,pass@16,8.0,26.0,31.0,56.0,34.0,87.0,146.21,442.61,8.62,3813.25,211.85,0.1475,17.0,44.0,44.0,15.91,64.84,64.84
10B,pass@4,9.0,26.0,31.0,56.0,35.0,87.0,150.74,446.25,9.69,4325.17,240.29,0.1487,17.0,45.0,45.0,13.33,63.17,63.17
10B,pass@8,8.0,24.0,29.0,52.0,32.0,81.0,134.04,405.0,8.67,3510.0,195.0,0.135,17.0,44.0,44.0,13.64,63.86,63.86
10B,pass@17,9.0,26.0,30.0,55.0,35.0,85.0,150.74,435.99,9.52,4150.28,230.57,0.1453,17.0,44.0,44.0,13.64,63.63,63.63
10B,pass@18,9.0,25.0,30.0,54.0,34.0,84.0,144.63,427.35,9.72,4153.81,230.77,0.1424,17.0,44.0,44.0,9.09,60.54,60.54
10B,pass@21,9.0,24.0,29.0,52.0,33.0,81.0,138.57,408.6,9.75,3983.81,221.32,0.1362,17.0,44.0,44.0,11.36,62.38,62.38
10B,pass@25,8.0,24.0,29.0,52.0,32.0,81.0,134.04,405.0,8.67,3510.0,195.0,0.135,17.0,44.0,44.0,13.64,63.86,63.86
10B,pass@23,8.0,27.0,32.0,57.0,35.0,89.0,152.38,456.51,8.44,3854.94,214.16,0.1522,17.0,44.0,44.0,15.91,64.75,64.75
10B,pass@24,9.0,25.0,30.0,53.0,34.0,83.0,144.63,422.26,9.54,4028.35,223.8,0.1408,17.0,43.0,43.0,13.95,64.14,64.14
10B,pass@27,8.0,26.0,31.0,56.0,34.0,87.0,146.21,442.61,8.62,3813.25,211.85,0.1475,17.0,44.0,44.0,13.64,63.59,63.59
10B,pass@30,9.0,26.0,30.0,54.0,35.0,84.0,150.74,430.86,9.35,4026.88,223.72,0.1436,17.0,40.0,40.0,15.0,65.35,65.35
10B,pass@26,8.0,25.0,30.0,54.0,33.0,84.0,140.1,423.73,8.64,3661.02,203.39,0.1412,17.0,45.0,45.0,8.89,60.19,60.19
10B,pass@20,8.0,25.0,30.0,55.0,33.0,85.0,140.1,428.77,8.8,3773.21,209.62,0.1429,17.0,43.0,43.0,11.63,62.63,62.63
10B,pass@29,8.0,25.0,30.0,54.0,33.0,84.0,140.1,423.73,8.64,3661.02,203.39,0.1412,17.0,45.0,45.0,8.89,60.19,60.19
10B,pass@22,8.0,25.0,31.0,55.0,33.0,86.0,140.1,433.82,8.8,3817.6,212.09,0.1446,17.0,46.0,46.0,15.22,64.12,64.12
10B,pass@31,9.0,26.0,31.0,56.0,35.0,87.0,150.74,446.25,9.69,4325.17,240.29,0.1487,17.0,45.0,45.0,8.89,60.03,60.03
10B,pass@19,10.0,37.0,40.0,80.0,47.0,120.0,225.97,666.55,10.81,7205.95,400.33,0.2222,22.0,44.0,44.0,20.45,64.98,64.98
10B,pass@32,9.0,24.0,29.0,52.0,33.0,81.0,138.57,408.6,9.75,3983.81,221.32,0.1362,17.0,43.0,43.0,13.95,64.24,64.24
10B,pass@28,10.0,57.0,63.0,117.0,67.0,180.0,365.69,1091.9,10.26,11206.3,622.57,0.364,30.0,75.0,74.0,24.0,58.89,58.76
10D,pass@10,8.0,21.0,23.0,42.0,29.0,65.0,116.24,315.77,8.0,2526.15,140.34,0.1053,12.0,35.0,35.0,5.71,61.1,61.1
10D,pass@1,8.0,24.0,32.0,63.0,32.0,95.0,134.04,475.0,10.5,4987.5,277.08,0.1583,0.0,38.0,38.0,5.26,58.43,60.18
10D,pass@3,8.0,26.0,31.0,61.0,34.0,92.0,146.21,468.05,9.38,4392.44,244.02,0.156,0.0,38.0,38.0,0.0,45.09,46.84
10D,pass@9,9.0,24.0,32.0,62.0,33.0,94.0,138.57,474.17,11.62,5512.26,306.24,0.1581,0.0,36.0,36.0,0.0,45.43,47.31
10D,pass@12,8.0,26.0,32.0,63.0,34.0,95.0,146.21,483.31,9.69,4684.38,260.24,0.1611,0.0,38.0,38.0,0.0,45.13,46.74
10D,pass@16,9.0,25.0,32.0,63.0,34.0,95.0,144.63,483.31,11.34,5480.72,304.48,0.1611,0.0,37.0,37.0,0.0,45.11,47.0
10D,pass@4,8.0,24.0,33.0,64.0,32.0,97.0,134.04,485.0,10.67,5173.33,287.41,0.1617,0.0,37.0,37.0,5.41,58.78,60.53
10D,pass@13,8.0,24.0,32.0,63.0,32.0,95.0,134.04,475.0,10.5,4987.5,277.08,0.1583,0.0,37.0,37.0,0.0,45.3,47.05
10D,pass@5,8.0,24.0,33.0,63.0,32.0,96.0,134.04,480.0,10.5,5040.0,280.0,0.16,0.0,39.0,39.0,0.0,44.77,46.52
10D,pass@14,9.0,24.0,30.0,58.0,33.0,88.0,138.57,443.91,10.88,4827.49,268.19,0.148,0.0,36.0,36.0,0.0,45.9,47.51
10D,pass@7,8.0,24.0,32.0,63.0,32.0,95.0,134.04,475.0,10.5,4987.5,277.08,0.1583,0.0,38.0,38.0,0.0,45.05,46.8
10D,pass@8,8.0,24.0,31.0,61.0,32.0,92.0,134.04,460.0,10.17,4676.67,259.81,0.1533,0.0,37.0,37.0,5.41,58.95,60.69
10D,pass@15,8.0,24.0,32.0,62.0,32.0,94.0,134.04,470.0,10.33,4856.67,269.81,0.1567,0.0,39.0,39.0,0.0,44.83,46.58
10D,pass@2,10.0,26.0,34.0,64.0,36.0,98.0,155.43,506.65,12.31,6235.72,346.43,0.1689,14.0,38.0,38.0,0.0,44.72,44.72
10D,pass@11,10.0,29.0,37.0,72.0,39.0,109.0,174.1,576.11,12.41,7151.7,397.32,0.192,0.0,37.0,37.0,2.7,54.08,56.23
10D,pass@6,10.0,27.0,37.0,68.0,37.0,105.0,161.6,546.99,12.59,6888.06,382.67,0.1823,15.0,40.0,40.0,0.0,43.86,43.86
10D,pass@25,9.0,24.0,32.0,62.0,33.0,94.0,138.57,474.17,11.62,5512.26,306.24,0.1581,0.0,37.0,37.0,0.0,45.17,47.05
10D,pass@30,8.0,24.0,31.0,61.0,32.0,92.0,134.04,460.0,10.17,4676.67,259.81,0.1533,0.0,37.0,37.0,0.0,45.4,47.15
10D,pass@29,8.0,24.0,32.0,63.0,32.0,95.0,134.04,475.0,10.5,4987.5,277.08,0.1583,0.0,38.0,38.0,5.26,58.43,60.18
10D,pass@17,9.0,24.0,32.0,62.0,33.0,94.0,138.57,474.17,11.62,5512.26,306.24,0.1581,0.0,37.0,37.0,0.0,45.17,47.05
10D,pass@20,9.0,28.0,34.0,66.0,37.0,100.0,163.14,520.95,10.61,5525.74,306.99,0.1736,0.0,40.0,40.0,0.0,44.15,46.03
10D,pass@26,9.0,24.0,36.0,64.0,33.0,100.0,138.57,504.44,12.0,6053.27,336.29,0.1681,12.0,36.0,36.0,0.0,45.51,45.51
10D,pass@31,9.0,25.0,32.0,62.0,34.0,94.0,144.63,478.22,11.16,5336.95,296.5,0.1594,14.0,38.0,38.0,0.0,44.89,44.89
10D,pass@22,9.0,24.0,32.0,62.0,33.0,94.0,138.57,474.17,11.62,5512.26,306.24,0.1581,0.0,40.0,40.0,0.0,44.57,46.32
10D,pass@23,9.0,26.0,33.0,63.0,35.0,96.0,150.74,492.41,10.9,5369.18,298.29,0.1641,14.0,38.0,38.0,0.0,44.8,44.8
10D,pass@27,8.0,24.0,32.0,63.0,32.0,95.0,134.04,475.0,10.5,4987.5,277.08,0.1583,0.0,37.0,37.0,5.41,58.85,60.6
10D,pass@21,8.0,26.0,32.0,63.0,34.0,95.0,146.21,483.31,9.69,4684.38,260.24,0.1611,0.0,40.0,40.0,0.0,44.51,46.26
10D,pass@18,8.0,26.0,38.0,73.0,34.0,111.0,146.21,564.71,11.23,6342.11,352.34,0.1882,0.0,44.0,44.0,0.0,43.0,44.88
10D,pass@28,9.0,33.0,38.0,72.0,42.0,110.0,194.99,593.15,9.82,5823.7,323.54,0.1977,0.0,41.0,41.0,4.88,56.3,58.32
10D,pass@24,8.0,26.0,33.0,62.0,34.0,95.0,146.21,483.31,9.54,4610.02,256.11,0.1611,0.0,40.0,40.0,0.0,44.51,46.26
10D,pass@32,8.0,24.0,32.0,63.0,32.0,95.0,134.04,475.0,10.5,4987.5,277.08,0.1583,0.0,37.0,37.0,5.41,58.85,60.6
104B,pass@7,3.0,8.0,5.0,10.0,11.0,15.0,28.75,51.89,1.88,97.3,5.41,0.0173,0.0,7.0,7.0,0.0,69.29,69.56
104B,pass@1,3.0,8.0,5.0,10.0,11.0,15.0,28.75,51.89,1.88,97.3,5.41,0.0173,0.0,7.0,7.0,0.0,69.29,69.56
104B,pass@15,3.0,8.0,5.0,10.0,11.0,15.0,28.75,51.89,1.88,97.3,5.41,0.0173,0.0,7.0,7.0,0.0,69.29,69.56
104B,pass@14,3.0,8.0,5.0,10.0,11.0,15.0,28.75,51.89,1.88,97.3,5.41,0.0173,0.0,7.0,7.0,0.0,69.29,69.56
104B,pass@10,3.0,8.0,5.0,10.0,11.0,15.0,28.75,51.89,1.88,97.3,5.41,0.0173,0.0,7.0,7.0,0.0,69.29,69.56
104B,pass@12,3.0,8.0,5.0,10.0,11.0,15.0,28.75,51.89,1.88,97.3,5.41,0.0173,0.0,7.0,7.0,0.0,69.29,69.56
104B,pass@2,3.0,8.0,5.0,10.0,11.0,15.0,28.75,51.89,1.88,97.3,5.41,0.0173,0.0,7.0,7.0,0.0,69.29,69.56
104B,pass@4,3.0,8.0,5.0,10.0,11.0,15.0,28.75,51.89,1.88,97.3,5.41,0.0173,0.0,7.0,7.0,0.0,69.29,69.56
104B,pass@5,3.0,8.0,5.0,10.0,11.0,15.0,28.75,51.89,1.88,97.3,5.41,0.0173,0.0,7.0,7.0,0.0,69.29,69.56
104B,pass@16,3.0,8.0,5.0,10.0,11.0,15.0,28.75,51.89,1.88,97.3,5.41,0.0173,0.0,7.0,7.0,0.0,69.29,69.56
104B,pass@3,3.0,8.0,5.0,10.0,11.0,15.0,28.75,51.89,1.88,97.3,5.41,0.0173,0.0,7.0,7.0,0.0,69.29,69.56
104B,pass@9,3.0,8.0,5.0,10.0,11.0,15.0,28.75,51.89,1.88,97.3,5.41,0.0173,0.0,7.0,7.0,0.0,69.29,69.56
104B,pass@13,3.0,8.0,5.0,10.0,11.0,15.0,28.75,51.89,1.88,97.3,5.41,0.0173,0.0,7.0,7.0,0.0,69.29,69.56
104B,pass@8,3.0,8.0,5.0,10.0,11.0,15.0,28.75,51.89,1.88,97.3,5.41,0.0173,0.0,7.0,7.0,0.0,69.29,69.56
104B,pass@11,3.0,8.0,5.0,10.0,11.0,15.0,28.75,51.89,1.88,97.3,5.41,0.0173,0.0,7.0,7.0,0.0,69.29,69.56
104B,pass@6,3.0,8.0,5.0,10.0,11.0,15.0,28.75,51.89,1.88,97.3,5.41,0.0173,0.0,7.0,7.0,0.0,69.29,69.56
104B,pass@23,3.0,8.0,5.0,10.0,11.0,15.0,28.75,51.89,1.88,97.3,5.41,0.0173,0.0,7.0,7.0,0.0,69.29,69.56
104B,pass@19,3.0,8.0,5.0,10.0,11.0,15.0,28.75,51.89,1.88,97.3,5.41,0.0173,0.0,7.0,7.0,0.0,69.29,69.56
104B,pass@21,3.0,8.0,5.0,10.0,11.0,15.0,28.75,51.89,1.88,97.3,5.41,0.0173,0.0,7.0,7.0,0.0,69.29,69.56
104B,pass@24,3.0,8.0,5.0,10.0,11.0,15.0,28.75,51.89,1.88,97.3,5.41,0.0173,0.0,7.0,7.0,0.0,69.29,69.56
104B,pass@17,3.0,8.0,5.0,10.0,11.0,15.0,28.75,51.89,1.88,97.3,5.41,0.0173,0.0,7.0,7.0,0.0,69.29,69.56
104B,pass@18,3.0,8.0,5.0,10.0,11.0,15.0,28.75,51.89,1.88,97.3,5.41,0.0173,0.0,7.0,7.0,0.0,69.29,69.56
104B,pass@27,3.0,8.0,5.0,10.0,11.0,15.0,28.75,51.89,1.88,97.3,5.41,0.0173,0.0,7.0,7.0,0.0,69.29,69.56
104B,pass@25,3.0,8.0,5.0,10.0,11.0,15.0,28.75,51.89,1.88,97.3,5.41,0.0173,0.0,7.0,7.0,0.0,69.29,69.56
104B,pass@28,3.0,8.0,5.0,10.0,11.0,15.0,28.75,51.89,1.88,97.3,5.41,0.0173,0.0,7.0,7.0,0.0,69.29,69.56
104B,pass@22,3.0,8.0,5.0,10.0,11.0,15.0,28.75,51.89,1.88,97.3,5.41,0.0173,0.0,7.0,7.0,0.0,69.29,69.56
104B,pass@26,3.0,8.0,5.0,10.0,11.0,15.0,28.75,51.89,1.88,97.3,5.41,0.0173,0.0,7.0,7.0,0.0,69.29,69.56
104B,pass@20,3.0,8.0,5.0,10.0,11.0,15.0,28.75,51.89,1.88,97.3,5.41,0.0173,0.0,7.0,7.0,0.0,69.29,69.56
104B,pass@30,3.0,8.0,5.0,10.0,11.0,15.0,28.75,51.89,1.88,97.3,5.41,0.0173,0.0,7.0,7.0,0.0,69.29,69.56
104B,pass@29,3.0,8.0,5.0,10.0,11.0,15.0,28.75,51.89,1.88,97.3,5.41,0.0173,0.0,7.0,7.0,0.0,69.29,69.56
104B,pass@32,3.0,8.0,5.0,10.0,11.0,15.0,28.75,51.89,1.88,97.3,5.41,0.0173,0.0,7.0,7.0,0.0,69.29,69.56
104B,pass@31,3.0,8.0,5.0,10.0,11.0,15.0,28.75,51.89,1.88,97.3,5.41,0.0173,0.0,7.0,7.0,0.0,69.29,69.56
105C,pass@13,8.0,36.0,28.0,52.0,44.0,80.0,210.12,436.75,5.78,2523.47,140.19,0.1456,19.0,107.0,97.0,17.76,55.07,58.03
105C,pass@12,5.0,46.0,26.0,48.0,51.0,74.0,265.69,419.76,2.61,1095.02,60.83,0.1399,10.0,104.0,104.0,14.42,54.31,57.0
105C,pass@10,5.0,34.0,20.0,37.0,39.0,57.0,184.58,301.27,2.72,819.63,45.53,0.1004,16.0,118.0,111.0,11.86,53.67,55.02
105C,pass@1,7.0,48.0,35.0,64.0,55.0,99.0,287.73,572.35,4.67,2670.99,148.39,0.1908,5.0,130.0,125.0,8.46,46.55,50.85
105C,pass@6,8.0,55.0,36.0,68.0,63.0,104.0,341.97,621.64,4.95,3074.28,170.79,0.2072,2.0,112.0,106.0,14.29,51.78,56.62
105C,pass@7,7.0,61.0,50.0,94.0,68.0,144.0,381.43,876.59,5.39,4727.86,262.66,0.2922,5.0,160.0,153.0,9.38,42.48,48.4
105C,pass@5,6.0,46.0,46.0,83.0,52.0,129.0,269.59,735.36,5.41,3980.52,221.14,0.2451,5.0,156.0,148.0,0.0,26.13,31.91
105C,pass@2,8.0,52.0,43.0,79.0,60.0,122.0,320.42,720.64,6.08,4379.28,243.29,0.2402,9.0,153.0,143.0,5.23,39.32,45.1
105C,pass@15,7.0,58.0,44.0,82.0,65.0,126.0,359.41,758.82,4.95,3754.84,208.6,0.2529,39.0,131.0,126.0,12.21,45.86,48.14
105C,pass@3,10.0,59.0,50.0,93.0,69.0,143.0,380.3,873.52,7.88,6884.51,382.47,0.2912,5.0,155.0,148.0,14.84,44.66,52.33
105C,pass@14,8.0,64.0,57.0,111.0,72.0,168.0,408.0,1036.55,6.94,7191.05,399.5,0.3455,0.0,150.0,140.0,18.0,46.12,54.59
105C,pass@8,6.0,67.0,54.0,102.0,73.0,156.0,421.94,965.61,4.57,4410.11,245.01,0.3219,0.0,144.0,147.0,15.28,43.18,53.0
105C,pass@16,7.0,67.0,69.0,132.0,74.0,201.0,426.08,1248.1,6.9,8606.3,478.13,0.416,0.0,225.0,218.0,11.11,36.52,45.94
105C,pass@4,8.0,75.0,65.0,120.0,83.0,185.0,491.16,1179.38,6.4,7548.05,419.34,0.3931,11.0,189.0,185.0,8.47,34.05,44.14
105C,pass@17,7.0,47.0,32.0,57.0,54.0,89.0,280.72,512.18,4.24,2174.06,120.78,0.1707,15.0,101.0,88.0,10.89,51.44,55.07
105C,pass@9,7.0,119.0,121.0,206.0,126.0,327.0,840.13,2281.57,6.06,13823.63,767.98,0.7605,18.0,189.0,187.0,7.94,30.27,40.62
105C,pass@20,6.0,46.0,47.0,88.0,52.0,135.0,269.59,769.56,5.74,4416.6,245.37,0.2565,5.0,143.0,132.0,0.0,26.27,32.86
105C,pass@19,8.0,69.0,48.0,95.0,77.0,143.0,445.49,896.15,5.51,4935.32,274.18,0.2987,8.0,124.0,123.0,20.16,50.32,56.11
105C,pass@18,8.0,67.0,50.0,97.0,75.0,147.0,430.43,915.64,5.79,5302.49,294.58,0.3052,5.0,159.0,128.0,13.21,46.03,52.62
105C,pass@25,7.0,48.0,34.0,63.0,55.0,97.0,287.73,560.79,4.59,2576.14,143.12,0.1869,7.0,118.0,116.0,14.41,50.36,55.48
105C,pass@24,7.0,53.0,43.0,81.0,60.0,124.0,323.23,732.45,5.35,3917.94,217.66,0.2442,0.0,121.0,117.0,9.09,45.47,51.93
105C,pass@11,11.0,156.0,155.0,305.0,167.0,460.0,1174.58,3396.5,10.75,36523.3,2029.07,1.1322,129.0,265.0,255.0,12.83,23.71,25.19
105C,pass@26,8.0,69.0,45.0,85.0,77.0,130.0,445.49,814.68,4.93,4014.38,223.02,0.2716,2.0,118.0,117.0,12.71,48.27,53.92
105C,pass@27,5.0,65.0,44.0,82.0,70.0,126.0,403.06,772.29,3.15,2435.68,135.32,0.2574,5.0,137.0,129.0,9.49,42.55,50.49
105C,pass@21,6.0,53.0,48.0,86.0,59.0,134.0,319.09,788.27,4.87,3837.26,213.18,0.2628,16.0,183.0,183.0,22.95,47.05,52.7
105C,pass@23,9.0,96.0,85.0,158.0,105.0,243.0,660.69,1631.56,7.41,12083.75,671.32,0.5439,0.0,221.0,216.0,8.6,32.92,43.27
105C,pass@30,6.0,48.0,45.0,78.0,54.0,123.0,283.59,707.85,4.88,3450.77,191.71,0.236,5.0,170.0,162.0,6.47,40.23,45.88
105C,pass@32,8.0,68.0,59.0,116.0,76.0,175.0,437.95,1093.39,6.82,7460.76,414.49,0.3645,5.0,144.0,122.0,12.5,45.1,52.09
105C,pass@29,11.0,116.0,92.0,172.0,127.0,264.0,833.58,1845.01,8.16,15046.4,835.91,0.615,5.0,186.0,188.0,12.9,35.23,46.66
105C,pass@22,9.0,154.0,109.0,207.0,163.0,316.0,1147.61,2322.2,6.05,14046.28,780.35,0.7741,5.0,223.0,221.0,12.56,30.63,44.21
105C,pass@31,11.0,131.0,107.0,204.0,142.0,311.0,959.43,2223.57,8.56,19044.63,1058.04,0.7412,5.0,192.0,188.0,10.42,31.37,44.41
106B,pass@4,5.0,13.0,7.0,14.0,18.0,21.0,59.72,87.57,2.69,235.76,13.1,0.0292,0.0,20.0,19.0,0.0,57.29,58.5
106B,pass@2,5.0,13.0,7.0,14.0,18.0,21.0,59.72,87.57,2.69,235.76,13.1,0.0292,0.0,20.0,19.0,0.0,57.29,58.5
106B,pass@8,5.0,13.0,7.0,14.0,18.0,21.0,59.72,87.57,2.69,235.76,13.1,0.0292,0.0,20.0,19.0,0.0,57.29,58.5
106B,pass@13,5.0,13.0,7.0,14.0,18.0,21.0,59.72,87.57,2.69,235.76,13.1,0.0292,0.0,20.0,20.0,0.0,56.81,58.02
106B,pass@7,5.0,13.0,7.0,14.0,18.0,21.0,59.72,87.57,2.69,235.76,13.1,0.0292,0.0,20.0,19.0,0.0,57.29,58.5
106B,pass@9,5.0,13.0,7.0,14.0,18.0,21.0,59.72,87.57,2.69,235.76,13.1,0.0292,0.0,20.0,19.0,0.0,57.29,58.5
106B,pass@16,5.0,13.0,7.0,14.0,18.0,21.0,59.72,87.57,2.69,235.76,13.1,0.0292,0.0,20.0,19.0,0.0,57.29,58.5
106B,pass@3,5.0,13.0,7.0,14.0,18.0,21.0,59.72,87.57,2.69,235.76,13.1,0.0292,0.0,20.0,19.0,0.0,57.29,58.5
106B,pass@10,5.0,15.0,8.0,16.0,20.0,24.0,70.21,103.73,2.67,276.6,15.37,0.0346,0.0,23.0,21.0,0.0,55.43,57.04
106B,pass@1,5.0,15.0,8.0,16.0,20.0,24.0,70.21,103.73,2.67,276.6,15.37,0.0346,0.0,23.0,21.0,0.0,55.43,57.04
106B,pass@14,5.0,15.0,8.0,16.0,20.0,24.0,70.21,103.73,2.67,276.6,15.37,0.0346,0.0,23.0,21.0,0.0,55.43,57.04
106B,pass@11,5.0,13.0,7.0,14.0,18.0,21.0,59.72,87.57,2.69,235.76,13.1,0.0292,0.0,20.0,20.0,0.0,56.81,58.02
106B,pass@6,5.0,15.0,8.0,16.0,20.0,24.0,70.21,103.73,2.67,276.6,15.37,0.0346,0.0,23.0,21.0,0.0,55.43,57.04
106B,pass@15,5.0,13.0,7.0,14.0,18.0,21.0,59.72,87.57,2.69,235.76,13.1,0.0292,0.0,20.0,20.0,0.0,56.81,58.02
106B,pass@5,5.0,13.0,7.0,14.0,18.0,21.0,59.72,87.57,2.69,235.76,13.1,0.0292,0.0,20.0,19.0,0.0,57.29,58.5
106B,pass@12,5.0,15.0,8.0,16.0,20.0,24.0,70.21,103.73,2.67,276.6,15.37,0.0346,0.0,23.0,21.0,0.0,55.43,57.04
106B,pass@22,5.0,13.0,7.0,14.0,18.0,21.0,59.72,87.57,2.69,235.76,13.1,0.0292,0.0,20.0,19.0,0.0,57.29,58.5
106B,pass@21,5.0,13.0,7.0,14.0,18.0,21.0,59.72,87.57,2.69,235.76,13.1,0.0292,0.0,20.0,19.0,0.0,57.29,58.5
106B,pass@19,5.0,13.0,7.0,14.0,18.0,21.0,59.72,87.57,2.69,235.76,13.1,0.0292,0.0,20.0,20.0,0.0,56.81,58.02
106B,pass@18,6.0,13.0,8.0,15.0,19.0,23.0,63.62,97.7,3.46,338.2,18.79,0.0326,0.0,23.0,22.0,0.0,55.44,56.78
106B,pass@17,5.0,15.0,8.0,16.0,20.0,24.0,70.21,103.73,2.67,276.6,15.37,0.0346,0.0,23.0,21.0,0.0,55.43,57.04
106B,pass@20,5.0,15.0,8.0,16.0,20.0,24.0,70.21,103.73,2.67,276.6,15.37,0.0346,0.0,23.0,21.0,0.0,55.43,57.04
106B,pass@26,5.0,13.0,7.0,14.0,18.0,21.0,59.72,87.57,2.69,235.76,13.1,0.0292,0.0,20.0,20.0,0.0,56.81,58.02
106B,pass@28,5.0,13.0,7.0,14.0,18.0,21.0,59.72,87.57,2.69,235.76,13.1,0.0292,0.0,20.0,19.0,0.0,57.29,58.5
106B,pass@27,5.0,13.0,7.0,14.0,18.0,21.0,59.72,87.57,2.69,235.76,13.1,0.0292,0.0,20.0,19.0,0.0,57.29,58.5
106B,pass@23,5.0,15.0,8.0,16.0,20.0,24.0,70.21,103.73,2.67,276.6,15.37,0.0346,0.0,23.0,21.0,0.0,55.43,57.04
106B,pass@25,5.0,15.0,8.0,16.0,20.0,24.0,70.21,103.73,2.67,276.6,15.37,0.0346,0.0,23.0,21.0,0.0,55.43,57.04
106B,pass@24,5.0,13.0,7.0,14.0,18.0,21.0,59.72,87.57,2.69,235.76,13.1,0.0292,0.0,20.0,20.0,0.0,56.81,58.02
106B,pass@30,5.0,15.0,8.0,16.0,20.0,24.0,70.21,103.73,2.67,276.6,15.37,0.0346,0.0,23.0,21.0,0.0,55.43,57.04
106B,pass@29,5.0,14.0,7.0,14.0,19.0,21.0,64.91,89.21,2.5,223.02,12.39,0.0297,0.0,21.0,19.0,0.0,56.97,58.45
106B,pass@31,5.0,15.0,8.0,16.0,20.0,24.0,70.21,103.73,2.67,276.6,15.37,0.0346,0.0,23.0,21.0,0.0,55.43,57.04
106B,pass@32,5.0,15.0,8.0,16.0,20.0,24.0,70.21,103.73,2.67,276.6,15.37,0.0346,0.0,23.0,21.0,0.0,55.43,57.04
108D,pass@1,6.0,14.0,15.0,29.0,20.0,44.0,68.81,190.16,6.21,1181.74,65.65,0.0634,5.0,20.0,20.0,10.0,72.81,72.81
108D,pass@16,5.0,10.0,12.0,23.0,15.0,35.0,44.83,136.74,5.75,786.26,43.68,0.0456,0.0,17.0,17.0,5.88,71.88,72.29
108D,pass@10,5.0,9.0,10.0,19.0,14.0,29.0,40.14,110.41,5.28,582.74,32.37,0.0368,0.0,16.0,16.0,18.75,81.88,82.28
108D,pass@12,6.0,14.0,15.0,29.0,20.0,44.0,68.81,190.16,6.21,1181.74,65.65,0.0634,5.0,20.0,20.0,10.0,72.81,72.81
108D,pass@11,6.0,14.0,15.0,29.0,20.0,44.0,68.81,190.16,6.21,1181.74,65.65,0.0634,5.0,20.0,20.0,10.0,72.81,72.81
108D,pass@7,6.0,14.0,15.0,29.0,20.0,44.0,68.81,190.16,6.21,1181.74,65.65,0.0634,5.0,20.0,20.0,10.0,72.81,72.81
108D,pass@8,6.0,14.0,15.0,29.0,20.0,44.0,68.81,190.16,6.21,1181.74,65.65,0.0634,5.0,20.0,20.0,10.0,72.81,72.81
108D,pass@6,6.0,14.0,15.0,29.0,20.0,44.0,68.81,190.16,6.21,1181.74,65.65,0.0634,5.0,20.0,20.0,10.0,72.81,72.81
108D,pass@14,6.0,14.0,15.0,29.0,20.0,44.0,68.81,190.16,6.21,1181.74,65.65,0.0634,5.0,20.0,20.0,10.0,72.81,72.81
108D,pass@5,6.0,16.0,15.0,29.0,22.0,44.0,79.51,196.21,5.44,1066.92,59.27,0.0654,5.0,23.0,23.0,8.7,70.34,70.34
108D,pass@15,5.0,16.0,16.0,30.0,21.0,46.0,75.61,202.05,4.69,947.09,52.62,0.0673,5.0,23.0,23.0,8.7,70.26,70.26
108D,pass@4,5.0,14.0,14.0,27.0,19.0,41.0,64.91,174.17,4.82,839.72,46.65,0.0581,4.0,17.0,17.0,11.76,76.01,76.01
108D,pass@2,6.0,15.0,15.0,29.0,21.0,44.0,74.11,193.26,5.8,1120.92,62.27,0.0644,5.0,28.0,28.0,7.14,67.13,67.13
108D,pass@13,4.0,14.0,14.0,26.0,18.0,40.0,61.3,166.8,3.71,619.53,34.42,0.0556,0.0,23.0,23.0,26.09,79.55,80.22
108D,pass@9,6.0,14.0,15.0,29.0,20.0,44.0,68.81,190.16,6.21,1181.74,65.65,0.0634,5.0,21.0,21.0,23.81,79.3,79.3
108D,pass@3,6.0,14.0,15.0,29.0,20.0,44.0,68.81,190.16,6.21,1181.74,65.65,0.0634,5.0,21.0,21.0,23.81,79.3,79.3
108D,pass@20,5.0,10.0,11.0,21.0,15.0,32.0,44.83,125.02,5.25,656.36,36.46,0.0417,0.0,17.0,17.0,11.76,77.15,77.55
108D,pass@19,6.0,16.0,15.0,29.0,22.0,44.0,79.51,196.21,5.44,1066.92,59.27,0.0654,5.0,23.0,23.0,8.7,70.34,70.34
108D,pass@26,5.0,10.0,13.0,25.0,15.0,38.0,44.83,148.46,6.25,927.89,51.55,0.0495,4.0,21.0,21.0,0.0,55.41,55.41
108D,pass@22,6.0,14.0,15.0,29.0,20.0,44.0,68.81,190.16,6.21,1181.74,65.65,0.0634,5.0,20.0,20.0,10.0,72.81,72.81
108D,pass@18,6.0,14.0,13.0,25.0,20.0,38.0,68.81,164.23,5.36,879.82,48.88,0.0547,0.0,18.0,18.0,27.78,82.52,83.06
108D,pass@21,6.0,11.0,15.0,29.0,17.0,44.0,53.56,179.85,7.91,1422.44,79.02,0.0599,5.0,24.0,24.0,8.33,69.9,69.9
108D,pass@23,5.0,10.0,13.0,25.0,15.0,38.0,44.83,148.46,6.25,927.89,51.55,0.0495,4.0,22.0,22.0,13.64,75.23,75.23
108D,pass@27,6.0,15.0,15.0,29.0,21.0,44.0,74.11,193.26,5.8,1120.92,62.27,0.0644,5.0,22.0,22.0,9.09,71.14,71.14
108D,pass@25,5.0,12.0,12.0,23.0,17.0,35.0,54.63,143.06,4.79,685.5,38.08,0.0477,0.0,19.0,19.0,26.32,82.16,82.56
108D,pass@24,6.0,17.0,16.0,31.0,23.0,47.0,85.0,212.61,5.47,1163.09,64.62,0.0709,5.0,25.0,25.0,8.0,68.71,68.71
108D,pass@17,5.0,17.0,17.0,33.0,22.0,50.0,81.1,222.97,4.85,1082.07,60.11,0.0743,0.0,23.0,23.0,34.78,80.66,81.33
108D,pass@30,6.0,14.0,15.0,29.0,20.0,44.0,68.81,190.16,6.21,1181.74,65.65,0.0634,5.0,20.0,20.0,10.0,72.81,72.81
108D,pass@28,5.0,16.0,15.0,29.0,21.0,44.0,75.61,193.26,4.53,875.72,48.65,0.0644,4.0,21.0,21.0,9.52,72.06,72.06
108D,pass@29,6.0,17.0,16.0,31.0,23.0,47.0,85.0,212.61,5.47,1163.09,64.62,0.0709,5.0,25.0,25.0,8.0,68.71,68.71
108D,pass@32,6.0,14.0,15.0,29.0,20.0,44.0,68.81,190.16,6.21,1181.74,65.65,0.0634,5.0,20.0,20.0,10.0,72.81,72.81
108D,pass@31,6.0,14.0,15.0,29.0,20.0,44.0,68.81,190.16,6.21,1181.74,65.65,0.0634,5.0,23.0,23.0,21.74,77.72,77.72
116A,pass@13,3.0,5.0,3.0,6.0,8.0,9.0,16.36,27.0,1.8,48.6,2.7,0.009,0.0,9.0,9.0,0.0,68.76,69.16
116A,pass@7,3.0,4.0,3.0,6.0,7.0,9.0,12.75,25.27,2.25,56.85,3.16,0.0084,0.0,10.0,10.0,0.0,67.96,68.37
116A,pass@1,3.0,5.0,3.0,6.0,8.0,9.0,16.36,27.0,1.8,48.6,2.7,0.009,0.0,9.0,9.0,0.0,68.76,69.16
116A,pass@6,3.0,5.0,3.0,6.0,8.0,9.0,16.36,27.0,1.8,48.6,2.7,0.009,0.0,9.0,9.0,0.0,68.76,69.16
116A,pass@4,3.0,5.0,3.0,6.0,8.0,9.0,16.36,27.0,1.8,48.6,2.7,0.009,0.0,9.0,9.0,0.0,68.76,69.16
116A,pass@3,3.0,5.0,3.0,6.0,8.0,9.0,16.36,27.0,1.8,48.6,2.7,0.009,0.0,9.0,9.0,0.0,68.76,69.16
116A,pass@2,3.0,5.0,3.0,6.0,8.0,9.0,16.36,27.0,1.8,48.6,2.7,0.009,0.0,9.0,9.0,0.0,68.76,69.16
116A,pass@16,3.0,5.0,3.0,6.0,8.0,9.0,16.36,27.0,1.8,48.6,2.7,0.009,0.0,9.0,9.0,0.0,68.76,69.16
116A,pass@14,3.0,5.0,3.0,6.0,8.0,9.0,16.36,27.0,1.8,48.6,2.7,0.009,0.0,9.0,9.0,0.0,68.76,69.16
116A,pass@5,3.0,5.0,3.0,6.0,8.0,9.0,16.36,27.0,1.8,48.6,2.7,0.009,0.0,9.0,9.0,0.0,68.76,69.16
116A,pass@8,3.0,4.0,3.0,6.0,7.0,9.0,12.75,25.27,2.25,56.85,3.16,0.0084,0.0,10.0,10.0,0.0,67.96,68.37
116A,pass@15,3.0,5.0,3.0,6.0,8.0,9.0,16.36,27.0,1.8,48.6,2.7,0.009,0.0,9.0,9.0,0.0,68.76,69.16
116A,pass@9,3.0,4.0,3.0,6.0,7.0,9.0,12.75,25.27,2.25,56.85,3.16,0.0084,0.0,10.0,10.0,0.0,67.96,68.37
116A,pass@11,3.0,4.0,3.0,6.0,7.0,9.0,12.75,25.27,2.25,56.85,3.16,0.0084,0.0,10.0,10.0,0.0,67.96,68.37
116A,pass@12,3.0,5.0,3.0,6.0,8.0,9.0,16.36,27.0,1.8,48.6,2.7,0.009,0.0,9.0,9.0,0.0,68.76,69.16
116A,pass@10,3.0,4.0,3.0,6.0,7.0,9.0,12.75,25.27,2.25,56.85,3.16,0.0084,0.0,10.0,10.0,0.0,67.96,68.37
116A,pass@21,3.0,4.0,3.0,6.0,7.0,9.0,12.75,25.27,2.25,56.85,3.16,0.0084,0.0,10.0,10.0,0.0,67.96,68.37
116A,pass@17,3.0,5.0,3.0,6.0,8.0,9.0,16.36,27.0,1.8,48.6,2.7,0.009,0.0,9.0,9.0,0.0,68.76,69.16
116A,pass@20,3.0,4.0,3.0,6.0,7.0,9.0,12.75,25.27,2.25,56.85,3.16,0.0084,0.0,10.0,10.0,0.0,67.96,68.37
116A,pass@27,3.0,4.0,3.0,6.0,7.0,9.0,12.75,25.27,2.25,56.85,3.16,0.0084,0.0,10.0,10.0,0.0,67.96,68.37
116A,pass@24,3.0,4.0,3.0,6.0,7.0,9.0,12.75,25.27,2.25,56.85,3.16,0.0084,0.0,10.0,10.0,0.0,67.96,68.37
116A,pass@23,3.0,4.0,3.0,6.0,7.0,9.0,12.75,25.27,2.25,56.85,3.16,0.0084,0.0,10.0,10.0,0.0,67.96,68.37
116A,pass@18,3.0,5.0,3.0,6.0,8.0,9.0,16.36,27.0,1.8,48.6,2.7,0.009,0.0,9.0,9.0,0.0,68.76,69.16
116A,pass@28,3.0,4.0,3.0,6.0,7.0,9.0,12.75,25.27,2.25,56.85,3.16,0.0084,0.0,10.0,10.0,0.0,67.96,68.37
116A,pass@22,3.0,5.0,3.0,6.0,8.0,9.0,16.36,27.0,1.8,48.6,2.7,0.009,0.0,9.0,9.0,0.0,68.76,69.16
116A,pass@30,3.0,5.0,3.0,6.0,8.0,9.0,16.36,27.0,1.8,48.6,2.7,0.009,0.0,9.0,9.0,0.0,68.76,69.16
116A,pass@25,3.0,5.0,3.0,6.0,8.0,9.0,16.36,27.0,1.8,48.6,2.7,0.009,0.0,9.0,9.0,0.0,68.76,69.16
116A,pass@31,3.0,5.0,3.0,6.0,8.0,9.0,16.36,27.0,1.8,48.6,2.7,0.009,0.0,9.0,9.0,0.0,68.76,69.16
116A,pass@29,3.0,5.0,3.0,6.0,8.0,9.0,16.36,27.0,1.8,48.6,2.7,0.009,0.0,9.0,9.0,0.0,68.76,69.16
116A,pass@26,3.0,5.0,3.0,6.0,8.0,9.0,16.36,27.0,1.8,48.6,2.7,0.009,0.0,9.0,9.0,0.0,68.76,69.16
116A,pass@19,3.0,5.0,3.0,6.0,8.0,9.0,16.36,27.0,1.8,48.6,2.7,0.009,0.0,9.0,9.0,0.0,68.76,69.16
116A,pass@32,3.0,5.0,3.0,6.0,8.0,9.0,16.36,27.0,1.8,48.6,2.7,0.009,0.0,9.0,9.0,0.0,68.76,69.16
116B,pass@2,6.0,18.0,12.0,21.0,24.0,33.0,90.57,151.3,3.5,529.56,29.42,0.0504,0.0,13.0,13.0,23.08,83.76,84.97
116B,pass@5,6.0,18.0,12.0,21.0,24.0,33.0,90.57,151.3,3.5,529.56,29.42,0.0504,0.0,13.0,13.0,23.08,83.76,84.97
116B,pass@14,6.0,18.0,12.0,21.0,24.0,33.0,90.57,151.3,3.5,529.56,29.42,0.0504,0.0,13.0,13.0,23.08,83.76,84.97
116B,pass@15,6.0,18.0,12.0,21.0,24.0,33.0,90.57,151.3,3.5,529.56,29.42,0.0504,0.0,13.0,13.0,23.08,83.76,84.97
116B,pass@11,6.0,18.0,12.0,21.0,24.0,33.0,90.57,151.3,3.5,529.56,29.42,0.0504,0.0,13.0,13.0,23.08,83.76,84.97
116B,pass@4,6.0,18.0,12.0,21.0,24.0,33.0,90.57,151.3,3.5,529.56,29.42,0.0504,0.0,13.0,13.0,23.08,83.76,84.97
116B,pass@9,6.0,18.0,12.0,21.0,24.0,33.0,90.57,151.3,3.5,529.56,29.42,0.0504,0.0,13.0,13.0,23.08,83.76,84.97
116B,pass@1,6.0,18.0,12.0,21.0,24.0,33.0,90.57,151.3,3.5,529.56,29.42,0.0504,0.0,13.0,13.0,23.08,83.76,84.97
116B,pass@13,6.0,18.0,12.0,21.0,24.0,33.0,90.57,151.3,3.5,529.56,29.42,0.0504,0.0,13.0,13.0,23.08,83.76,84.97
116B,pass@6,6.0,18.0,12.0,21.0,24.0,33.0,90.57,151.3,3.5,529.56,29.42,0.0504,0.0,13.0,13.0,23.08,83.76,84.97
116B,pass@12,6.0,18.0,12.0,21.0,24.0,33.0,90.57,151.3,3.5,529.56,29.42,0.0504,0.0,13.0,13.0,23.08,83.76,84.97
116B,pass@16,6.0,18.0,12.0,21.0,24.0,33.0,90.57,151.3,3.5,529.56,29.42,0.0504,0.0,13.0,13.0,23.08,83.76,84.97
116B,pass@8,6.0,18.0,12.0,21.0,24.0,33.0,90.57,151.3,3.5,529.56,29.42,0.0504,0.0,13.0,13.0,23.08,83.76,84.97
116B,pass@3,6.0,18.0,12.0,21.0,24.0,33.0,90.57,151.3,3.5,529.56,29.42,0.0504,0.0,13.0,13.0,23.08,83.76,84.97
116B,pass@7,6.0,18.0,12.0,21.0,24.0,33.0,90.57,151.3,3.5,529.56,29.42,0.0504,0.0,13.0,13.0,23.08,83.76,84.97
116B,pass@10,6.0,18.0,12.0,21.0,24.0,33.0,90.57,151.3,3.5,529.56,29.42,0.0504,0.0,13.0,13.0,23.08,83.76,84.97
116B,pass@17,6.0,18.0,12.0,21.0,24.0,33.0,90.57,151.3,3.5,529.56,29.42,0.0504,0.0,13.0,13.0,23.08,83.76,84.97
116B,pass@25,6.0,18.0,12.0,21.0,24.0,33.0,90.57,151.3,3.5,529.56,29.42,0.0504,0.0,13.0,13.0,23.08,83.76,84.97
116B,pass@23,6.0,18.0,12.0,21.0,24.0,33.0,90.57,151.3,3.5,529.56,29.42,0.0504,0.0,13.0,13.0,23.08,83.76,84.97
116B,pass@24,6.0,18.0,12.0,21.0,24.0,33.0,90.57,151.3,3.5,529.56,29.42,0.0504,0.0,13.0,13.0,23.08,83.76,84.97
116B,pass@20,6.0,18.0,12.0,21.0,24.0,33.0,90.57,151.3,3.5,529.56,29.42,0.0504,0.0,13.0,13.0,23.08,83.76,84.97
116B,pass@27,7.0,20.0,13.0,23.0,27.0,36.0,106.09,171.18,4.03,688.98,38.28,0.0571,0.0,14.0,14.0,0.0,57.75,59.36
116B,pass@19,6.0,18.0,12.0,21.0,24.0,33.0,90.57,151.3,3.5,529.56,29.42,0.0504,0.0,13.0,13.0,23.08,83.76,84.97
116B,pass@29,6.0,18.0,12.0,21.0,24.0,33.0,90.57,151.3,3.5,529.56,29.42,0.0504,0.0,13.0,13.0,23.08,83.76,84.97
116B,pass@28,6.0,18.0,12.0,21.0,24.0,33.0,90.57,151.3,3.5,529.56,29.42,0.0504,0.0,13.0,13.0,23.08,83.76,84.97
116B,pass@21,6.0,18.0,12.0,21.0,24.0,33.0,90.57,151.3,3.5,529.56,29.42,0.0504,0.0,13.0,13.0,23.08,83.76,84.97
116B,pass@31,6.0,18.0,12.0,21.0,24.0,33.0,90.57,151.3,3.5,529.56,29.42,0.0504,0.0,13.0,13.0,23.08,83.76,84.97
116B,pass@22,6.0,18.0,12.0,21.0,24.0,33.0,90.57,151.3,3.5,529.56,29.42,0.0504,0.0,13.0,13.0,23.08,83.76,84.97
116B,pass@30,6.0,18.0,12.0,21.0,24.0,33.0,90.57,151.3,3.5,529.56,29.42,0.0504,0.0,13.0,13.0,23.08,83.76,84.97
116B,pass@18,6.0,18.0,12.0,21.0,24.0,33.0,90.57,151.3,3.5,529.56,29.42,0.0504,0.0,13.0,13.0,23.08,83.76,84.97
116B,pass@26,6.0,18.0,12.0,21.0,24.0,33.0,90.57,151.3,3.5,529.56,29.42,0.0504,0.0,13.0,13.0,23.08,83.76,84.97
116B,pass@32,6.0,18.0,12.0,21.0,24.0,33.0,90.57,151.3,3.5,529.56,29.42,0.0504,0.0,13.0,13.0,23.08,83.76,84.97
119B,pass@10,5.0,12.0,8.0,14.0,17.0,22.0,54.63,89.92,2.92,262.28,14.57,0.03,0.0,26.0,28.0,11.54,72.33,73.67
119B,pass@2,8.0,19.0,15.0,28.0,27.0,43.0,104.71,204.46,5.89,1205.24,66.96,0.0682,0.0,32.0,34.0,12.5,68.22,69.97
119B,pass@1,7.0,17.0,12.0,22.0,24.0,34.0,89.14,155.89,4.53,706.08,39.23,0.052,0.0,35.0,37.0,8.57,65.63,67.11
119B,pass@8,7.0,21.0,15.0,29.0,28.0,44.0,111.89,211.52,4.83,1022.36,56.8,0.0705,0.0,36.0,39.0,5.56,61.38,62.73
119B,pass@3,8.0,17.0,11.0,21.0,25.0,32.0,93.49,148.6,4.94,734.28,40.79,0.0495,0.0,36.0,38.0,13.89,69.52,70.73
119B,pass@7,8.0,18.0,15.0,26.0,26.0,41.0,99.06,192.72,5.78,1113.48,61.86,0.0642,0.0,30.0,34.0,10.0,67.07,68.41
119B,pass@13,5.0,13.0,11.0,19.0,18.0,30.0,59.72,125.1,3.65,457.09,25.39,0.0417,0.0,34.0,36.0,14.71,70.89,72.23
119B,pass@5,9.0,23.0,17.0,32.0,32.0,49.0,132.57,245.0,6.26,1533.91,85.22,0.0817,0.0,34.0,36.0,8.82,64.59,66.2
119B,pass@16,9.0,16.0,13.0,24.0,25.0,37.0,92.53,171.82,6.75,1159.8,64.43,0.0573,0.0,40.0,42.0,7.5,63.31,64.66
119B,pass@11,10.0,21.0,16.0,29.0,31.0,45.0,125.46,222.94,6.9,1539.34,85.52,0.0743,0.0,39.0,41.0,10.26,64.5,66.39
119B,pass@12,8.0,22.0,17.0,30.0,30.0,47.0,122.11,230.62,5.45,1257.95,69.89,0.0769,0.0,37.0,39.0,13.51,66.91,68.93
119B,pass@14,9.0,18.0,14.0,27.0,27.0,41.0,103.59,194.95,6.75,1315.92,73.11,0.065,0.0,39.0,41.0,15.38,68.54,70.02
119B,pass@15,9.0,24.0,20.0,38.0,33.0,58.0,138.57,292.57,7.12,2084.6,115.81,0.0975,0.0,41.0,43.0,19.51,68.4,70.28
119B,pass@9,8.0,19.0,16.0,31.0,27.0,47.0,104.71,223.48,6.53,1458.5,81.03,0.0745,0.0,39.0,43.0,17.95,68.67,70.41
119B,pass@6,8.0,20.0,20.0,37.0,28.0,57.0,110.44,274.02,7.4,2027.74,112.65,0.0913,0.0,47.0,53.0,17.02,65.5,67.38
119B,pass@21,9.0,18.0,13.0,24.0,27.0,37.0,103.59,175.93,6.0,1055.59,58.64,0.0586,0.0,26.0,28.0,7.69,67.26,68.6
119B,pass@17,6.0,12.0,10.0,19.0,18.0,29.0,58.53,120.93,4.75,574.41,31.91,0.0403,0.0,35.0,37.0,5.71,64.17,65.11
119B,pass@19,6.0,13.0,9.0,17.0,19.0,26.0,63.62,110.45,3.92,433.29,24.07,0.0368,0.0,27.0,31.0,11.11,70.44,71.79
119B,pass@20,8.0,19.0,15.0,26.0,27.0,41.0,104.71,194.95,5.47,1067.1,59.28,0.065,0.0,32.0,34.0,12.5,68.63,70.11
119B,pass@26,8.0,18.0,14.0,24.0,26.0,38.0,99.06,178.62,5.33,952.62,52.92,0.0595,0.0,34.0,36.0,14.71,69.53,71.15
119B,pass@24,7.0,17.0,13.0,24.0,24.0,37.0,89.14,169.64,4.94,838.24,46.57,0.0565,0.0,29.0,31.0,17.24,72.41,74.02
119B,pass@29,6.0,16.0,12.0,22.0,22.0,34.0,79.51,151.62,4.12,625.44,34.75,0.0505,0.0,37.0,39.0,5.41,62.49,63.57
119B,pass@25,8.0,22.0,17.0,30.0,30.0,47.0,122.11,230.62,5.45,1257.95,69.89,0.0769,0.0,39.0,41.0,10.26,64.4,66.28
119B,pass@30,7.0,17.0,13.0,25.0,24.0,38.0,89.14,174.23,5.15,896.76,49.82,0.0581,0.0,41.0,43.0,4.88,60.52,61.59
119B,pass@23,8.0,16.0,13.0,24.0,24.0,37.0,88.0,169.64,6.0,1017.86,56.55,0.0565,0.0,37.0,40.0,29.73,74.0,75.88
119B,pass@27,7.0,18.0,12.0,22.0,25.0,34.0,94.71,157.89,4.28,675.42,37.52,0.0526,0.0,37.0,40.0,16.22,69.71,71.32
119B,pass@28,8.0,16.0,14.0,27.0,24.0,41.0,88.0,187.98,6.75,1268.89,70.49,0.0627,0.0,40.0,42.0,7.5,62.37,64.38
119B,pass@18,9.0,23.0,20.0,38.0,32.0,58.0,132.57,290.0,7.43,2156.09,119.78,0.0967,0.0,39.0,41.0,41.03,74.07,75.95
119B,pass@22,7.0,15.0,11.0,19.0,22.0,30.0,78.25,133.78,4.43,593.1,32.95,0.0446,0.0,42.0,44.0,28.57,73.81,75.42
119B,pass@31,8.0,16.0,16.0,29.0,24.0,45.0,88.0,206.32,7.25,1495.84,83.1,0.0688,0.0,43.0,43.0,13.95,65.91,68.6
119B,pass@4,5.0,11.0,7.0,13.0,16.0,20.0,49.66,80.0,2.95,236.36,13.13,0.0267,0.0,34.0,34.0,105.88,76.41,78.02
119B,pass@32,8.0,18.0,15.0,28.0,26.0,43.0,99.06,202.12,6.22,1257.63,69.87,0.0674,0.0,36.0,38.0,19.44,70.93,72.55
121C,pass@3,11.0,24.0,27.0,52.0,35.0,79.0,148.09,405.21,11.92,4828.79,268.27,0.1351,14.0,49.0,49.0,14.29,63.75,63.62
121C,pass@1,11.0,25.0,28.0,54.0,36.0,82.0,154.15,423.93,11.88,5036.33,279.8,0.1413,15.0,50.0,50.0,16.0,64.21,64.08
121C,pass@7,11.0,26.0,30.0,58.0,37.0,88.0,160.27,458.43,12.27,5624.61,312.48,0.1528,16.0,48.0,48.0,18.75,65.53,65.39
121C,pass@6,11.0,25.0,29.0,56.0,36.0,85.0,154.15,439.44,12.32,5413.95,300.77,0.1465,15.0,47.0,47.0,17.02,65.2,65.06
121C,pass@5,12.0,25.0,28.0,53.0,37.0,81.0,159.12,421.97,12.72,5367.4,298.19,0.1407,15.0,50.0,50.0,16.0,64.23,64.09
121C,pass@10,12.0,27.0,30.0,58.0,39.0,88.0,171.4,465.12,12.89,5994.82,333.05,0.155,17.0,50.0,50.0,20.0,65.49,65.35
121C,pass@8,13.0,26.0,31.0,60.0,39.0,91.0,170.32,480.97,15.0,7214.57,400.81,0.1603,17.0,52.0,52.0,17.31,63.83,63.7
121C,pass@11,12.0,25.0,29.0,55.0,37.0,84.0,159.12,437.59,13.2,5776.24,320.9,0.1459,16.0,55.0,55.0,14.55,62.3,62.17
121C,pass@2,12.0,27.0,30.0,58.0,39.0,88.0,171.4,465.12,12.89,5994.82,333.05,0.155,16.0,50.0,50.0,16.0,63.8,63.66
121C,pass@12,11.0,24.0,29.0,56.0,35.0,85.0,148.09,435.99,12.83,5595.19,310.84,0.1453,16.0,52.0,52.0,17.31,64.27,64.13
121C,pass@9,12.0,30.0,32.0,61.0,42.0,93.0,190.23,501.49,12.2,6118.12,339.9,0.1672,18.0,60.0,60.0,20.0,63.4,63.26
121C,pass@16,14.0,33.0,38.0,74.0,47.0,112.0,219.77,622.11,15.7,9765.3,542.52,0.2074,20.0,55.0,55.0,16.36,61.66,61.52
121C,pass@13,13.0,34.0,39.0,76.0,47.0,115.0,221.08,638.78,14.53,9281.06,515.61,0.2129,20.0,63.0,63.0,14.29,59.18,59.05
121C,pass@4,13.0,33.0,32.0,62.0,46.0,94.0,214.57,519.21,12.21,6340.71,352.26,0.1731,18.0,58.0,58.0,12.07,59.51,59.38
121C,pass@15,14.0,29.0,35.0,68.0,43.0,103.0,194.18,558.91,16.41,9173.76,509.65,0.1863,19.0,62.0,62.0,19.35,62.36,62.22
121C,pass@14,13.0,38.0,42.0,82.0,51.0,124.0,247.53,703.38,14.03,9865.84,548.1,0.2345,25.0,71.0,71.0,16.9,58.46,58.32
121C,pass@18,11.0,27.0,29.0,54.0,38.0,83.0,166.44,435.58,11.0,4791.36,266.19,0.1452,18.0,47.0,47.0,10.64,61.05,60.92
121C,pass@17,13.0,26.0,31.0,59.0,39.0,90.0,170.32,475.69,14.75,7016.37,389.8,0.1586,17.0,54.0,54.0,14.81,62.24,62.1
121C,pass@23,11.0,27.0,29.0,56.0,38.0,85.0,166.44,446.07,11.41,5088.55,282.7,0.1487,16.0,48.0,48.0,18.75,65.61,65.48
121C,pass@24,12.0,26.0,31.0,60.0,38.0,91.0,165.23,477.56,13.85,6612.39,367.35,0.1592,16.0,50.0,50.0,20.0,65.54,65.41
121C,pass@22,12.0,30.0,33.0,63.0,42.0,96.0,190.23,517.66,12.6,6522.55,362.36,0.1726,18.0,55.0,55.0,14.55,61.52,61.39
121C,pass@25,11.0,27.0,32.0,62.0,38.0,94.0,166.44,493.31,12.63,6230.26,346.13,0.1644,15.0,45.0,45.0,17.78,65.61,65.48
121C,pass@19,13.0,29.0,31.0,59.0,42.0,90.0,188.99,485.31,13.22,6417.79,356.54,0.1618,18.0,58.0,58.0,15.52,61.74,61.61
121C,pass@21,12.0,35.0,34.0,66.0,47.0,100.0,222.54,555.46,11.31,6284.62,349.15,0.1852,19.0,57.0,57.0,15.79,61.5,61.37
121C,pass@26,12.0,26.0,32.0,61.0,38.0,93.0,165.23,488.06,14.08,6870.34,381.69,0.1627,19.0,61.0,61.0,14.75,60.7,60.57
121C,pass@30,12.0,23.0,26.0,49.0,35.0,75.0,147.06,384.7,12.78,4917.42,273.19,0.1282,19.0,62.0,62.0,12.9,60.19,60.05
121C,pass@28,12.0,29.0,31.0,59.0,41.0,90.0,183.9,482.18,12.21,5885.92,327.0,0.1607,17.0,53.0,53.0,16.98,63.49,63.35
121C,pass@29,13.0,30.0,32.0,62.0,43.0,94.0,195.31,510.07,13.43,6851.93,380.66,0.17,18.0,53.0,53.0,16.98,63.18,63.05
121C,pass@31,11.0,27.0,26.0,50.0,38.0,76.0,166.44,398.84,10.19,4062.28,225.68,0.1329,15.0,52.0,52.0,19.23,65.53,65.4
121C,pass@20,12.0,26.0,34.0,66.0,38.0,100.0,165.23,524.79,15.23,7993.0,444.06,0.1749,19.0,57.0,57.0,22.81,64.67,64.53
121C,pass@32,12.0,22.0,29.0,56.0,34.0,85.0,141.13,432.43,15.27,6604.45,366.91,0.1441,15.0,53.0,53.0,15.09,63.12,62.99
125B,pass@4,5.0,15.0,14.0,28.0,20.0,42.0,70.21,181.52,4.67,847.1,47.06,0.0605,0.0,16.0,18.0,0.0,56.26,56.8
125B,pass@7,5.0,15.0,14.0,28.0,20.0,42.0,70.21,181.52,4.67,847.1,47.06,0.0605,0.0,16.0,18.0,0.0,56.26,56.8
125B,pass@3,5.0,15.0,15.0,30.0,20.0,45.0,70.21,194.49,5.0,972.43,54.02,0.0648,0.0,18.0,20.0,0.0,55.05,55.59
125B,pass@1,5.0,15.0,14.0,28.0,20.0,42.0,70.21,181.52,4.67,847.1,47.06,0.0605,0.0,16.0,18.0,0.0,56.26,56.8
125B,pass@11,5.0,15.0,14.0,28.0,20.0,42.0,70.21,181.52,4.67,847.1,47.06,0.0605,0.0,16.0,18.0,0.0,56.26,56.8
125B,pass@5,5.0,17.0,16.0,32.0,22.0,48.0,81.1,214.05,4.71,1007.31,55.96,0.0714,0.0,16.0,18.0,0.0,55.76,56.3
125B,pass@13,5.0,15.0,14.0,28.0,20.0,42.0,70.21,181.52,4.67,847.1,47.06,0.0605,0.0,16.0,18.0,0.0,56.26,56.8
125B,pass@2,5.0,15.0,14.0,28.0,20.0,42.0,70.21,181.52,4.67,847.1,47.06,0.0605,0.0,15.0,17.0,0.0,56.8,57.34
125B,pass@8,5.0,15.0,14.0,28.0,20.0,42.0,70.21,181.52,4.67,847.1,47.06,0.0605,0.0,16.0,18.0,0.0,56.26,56.8
125B,pass@12,5.0,15.0,14.0,28.0,20.0,42.0,70.21,181.52,4.67,847.1,47.06,0.0605,0.0,16.0,18.0,0.0,56.26,56.8
125B,pass@16,5.0,15.0,14.0,28.0,20.0,42.0,70.21,181.52,4.67,847.1,47.06,0.0605,0.0,18.0,20.0,0.0,55.26,55.8
125B,pass@10,5.0,15.0,15.0,30.0,20.0,45.0,70.21,194.49,5.0,972.43,54.02,0.0648,0.0,18.0,20.0,0.0,55.05,55.59
125B,pass@6,5.0,15.0,15.0,30.0,20.0,45.0,70.21,194.49,5.0,972.43,54.02,0.0648,0.0,18.0,20.0,0.0,55.05,55.59
125B,pass@14,5.0,13.0,15.0,30.0,18.0,45.0,59.72,187.65,5.77,1082.58,60.14,0.0625,0.0,22.0,24.0,0.0,53.44,53.97
125B,pass@15,6.0,16.0,18.0,36.0,22.0,54.0,79.51,240.81,6.75,1625.46,90.3,0.0803,0.0,25.0,27.0,0.0,51.29,52.1
125B,pass@9,5.0,14.0,15.0,30.0,19.0,45.0,64.91,191.16,5.36,1024.05,56.89,0.0637,0.0,20.0,22.0,0.0,54.2,54.74
125B,pass@17,5.0,15.0,14.0,28.0,20.0,42.0,70.21,181.52,4.67,847.1,47.06,0.0605,0.0,18.0,20.0,0.0,55.26,55.8
125B,pass@20,5.0,15.0,15.0,30.0,20.0,45.0,70.21,194.49,5.0,972.43,54.02,0.0648,0.0,16.0,18.0,0.0,56.05,56.59
125B,pass@19,5.0,14.0,15.0,30.0,19.0,45.0,64.91,191.16,5.36,1024.05,56.89,0.0637,0.0,20.0,22.0,0.0,54.2,54.74
125B,pass@24,5.0,15.0,14.0,28.0,20.0,42.0,70.21,181.52,4.67,847.1,47.06,0.0605,0.0,15.0,17.0,0.0,56.8,57.34
125B,pass@26,5.0,15.0,14.0,28.0,20.0,42.0,70.21,181.52,4.67,847.1,47.06,0.0605,0.0,16.0,18.0,0.0,56.26,56.8
125B,pass@18,5.0,15.0,14.0,28.0,20.0,42.0,70.21,181.52,4.67,847.1,47.06,0.0605,0.0,16.0,18.0,0.0,56.26,56.8
125B,pass@27,5.0,15.0,15.0,30.0,20.0,45.0,70.21,194.49,5.0,972.43,54.02,0.0648,0.0,18.0,20.0,0.0,55.05,55.59
125B,pass@23,5.0,15.0,14.0,28.0,20.0,42.0,70.21,181.52,4.67,847.1,47.06,0.0605,0.0,16.0,18.0,0.0,56.26,56.8
125B,pass@28,5.0,15.0,14.0,28.0,20.0,42.0,70.21,181.52,4.67,847.1,47.06,0.0605,0.0,18.0,20.0,0.0,55.26,55.8
125B,pass@25,5.0,15.0,14.0,28.0,20.0,42.0,70.21,181.52,4.67,847.1,47.06,0.0605,0.0,18.0,20.0,0.0,55.26,55.8
125B,pass@21,5.0,14.0,14.0,28.0,19.0,42.0,64.91,178.41,5.0,892.06,49.56,0.0595,0.0,18.0,20.0,0.0,55.32,55.85
125B,pass@22,5.0,14.0,15.0,30.0,19.0,45.0,64.91,191.16,5.36,1024.05,56.89,0.0637,0.0,20.0,22.0,0.0,54.2,54.74
125B,pass@30,5.0,15.0,14.0,28.0,20.0,42.0,70.21,181.52,4.67,847.1,47.06,0.0605,0.0,16.0,18.0,0.0,56.26,56.8
125B,pass@29,5.0,14.0,14.0,28.0,19.0,42.0,64.91,178.41,5.0,892.06,49.56,0.0595,0.0,18.0,20.0,0.0,55.32,55.85
125B,pass@31,5.0,14.0,15.0,30.0,19.0,45.0,64.91,191.16,5.36,1024.05,56.89,0.0637,0.0,20.0,22.0,0.0,54.2,54.74
125B,pass@32,5.0,14.0,15.0,30.0,19.0,45.0,64.91,191.16,5.36,1024.05,56.89,0.0637,0.0,19.0,21.0,0.0,54.64,55.18
128B,pass@15,4.0,10.0,9.0,18.0,14.0,27.0,41.22,102.8,3.6,370.07,20.56,0.0343,0.0,22.0,22.0,0.0,55.69,56.63
128B,pass@12,4.0,10.0,9.0,18.0,14.0,27.0,41.22,102.8,3.6,370.07,20.56,0.0343,0.0,22.0,22.0,4.55,68.19,69.13
128B,pass@1,4.0,10.0,9.0,18.0,14.0,27.0,41.22,102.8,3.6,370.07,20.56,0.0343,0.0,22.0,22.0,4.55,68.19,69.13
128B,pass@7,4.0,10.0,9.0,18.0,14.0,27.0,41.22,102.8,3.6,370.07,20.56,0.0343,0.0,22.0,22.0,4.55,68.19,69.13
128B,pass@11,4.0,10.0,9.0,18.0,14.0,27.0,41.22,102.8,3.6,370.07,20.56,0.0343,0.0,22.0,22.0,0.0,55.69,56.63
128B,pass@9,4.0,10.0,9.0,18.0,14.0,27.0,41.22,102.8,3.6,370.07,20.56,0.0343,0.0,22.0,22.0,4.55,68.19,69.13
128B,pass@16,4.0,10.0,9.0,18.0,14.0,27.0,41.22,102.8,3.6,370.07,20.56,0.0343,0.0,22.0,22.0,4.55,68.19,69.13
128B,pass@3,4.0,10.0,9.0,18.0,14.0,27.0,41.22,102.8,3.6,370.07,20.56,0.0343,0.0,22.0,22.0,4.55,68.19,69.13
128B,pass@14,4.0,10.0,9.0,18.0,14.0,27.0,41.22,102.8,3.6,370.07,20.56,0.0343,0.0,22.0,22.0,4.55,68.19,69.13
128B,pass@13,4.0,10.0,9.0,18.0,14.0,27.0,41.22,102.8,3.6,370.07,20.56,0.0343,0.0,22.0,22.0,9.09,72.79,73.73
128B,pass@4,4.0,10.0,9.0,18.0,14.0,27.0,41.22,102.8,3.6,370.07,20.56,0.0343,0.0,19.0,19.0,10.53,75.42,76.23
128B,pass@8,4.0,10.0,9.0,18.0,14.0,27.0,41.22,102.8,3.6,370.07,20.56,0.0343,0.0,24.0,24.0,12.5,74.42,75.36
128B,pass@5,4.0,10.0,9.0,18.0,14.0,27.0,41.22,102.8,3.6,370.07,20.56,0.0343,0.0,22.0,22.0,13.64,75.94,76.88
128B,pass@2,4.0,10.0,9.0,18.0,14.0,27.0,41.22,102.8,3.6,370.07,20.56,0.0343,0.0,24.0,24.0,12.5,74.42,75.36
128B,pass@6,4.0,10.0,9.0,18.0,14.0,27.0,41.22,102.8,3.6,370.07,20.56,0.0343,0.0,22.0,22.0,4.55,68.19,69.13
128B,pass@10,4.0,10.0,9.0,18.0,14.0,27.0,41.22,102.8,3.6,370.07,20.56,0.0343,0.0,22.0,22.0,0.0,55.69,56.63
128B,pass@23,4.0,9.0,8.0,16.0,13.0,24.0,36.53,88.81,3.56,315.77,17.54,0.0296,6.0,20.0,21.0,0.0,56.71,56.71
128B,pass@19,4.0,10.0,9.0,18.0,14.0,27.0,41.22,102.8,3.6,370.07,20.56,0.0343,0.0,19.0,19.0,0.0,57.21,58.02
128B,pass@22,4.0,10.0,9.0,18.0,14.0,27.0,41.22,102.8,3.6,370.07,20.56,0.0343,0.0,22.0,22.0,0.0,55.69,56.63
128B,pass@18,4.0,10.0,9.0,18.0,14.0,27.0,41.22,102.8,3.6,370.07,20.56,0.0343,0.0,22.0,22.0,0.0,55.69,56.63
128B,pass@24,4.0,10.0,9.0,18.0,14.0,27.0,41.22,102.8,3.6,370.07,20.56,0.0343,0.0,22.0,22.0,0.0,55.69,56.63
128B,pass@20,4.0,10.0,9.0,18.0,14.0,27.0,41.22,102.8,3.6,370.07,20.56,0.0343,0.0,22.0,22.0,4.55,68.19,69.13
128B,pass@21,4.0,10.0,9.0,18.0,14.0,27.0,41.22,102.8,3.6,370.07,20.56,0.0343,0.0,24.0,24.0,0.0,54.86,55.8
128B,pass@27,4.0,10.0,9.0,18.0,14.0,27.0,41.22,102.8,3.6,370.07,20.56,0.0343,0.0,22.0,22.0,4.55,68.19,69.13
128B,pass@17,4.0,10.0,9.0,18.0,14.0,27.0,41.22,102.8,3.6,370.07,20.56,0.0343,0.0,22.0,22.0,9.09,72.79,73.73
128B,pass@29,4.0,10.0,9.0,18.0,14.0,27.0,41.22,102.8,3.6,370.07,20.56,0.0343,0.0,22.0,22.0,4.55,68.19,69.13
128B,pass@28,4.0,10.0,9.0,18.0,14.0,27.0,41.22,102.8,3.6,370.07,20.56,0.0343,0.0,22.0,22.0,13.64,75.94,76.88
128B,pass@30,4.0,10.0,9.0,18.0,14.0,27.0,41.22,102.8,3.6,370.07,20.56,0.0343,0.0,22.0,22.0,0.0,55.69,56.63
128B,pass@25,4.0,10.0,9.0,18.0,14.0,27.0,41.22,102.8,3.6,370.07,20.56,0.0343,0.0,21.0,21.0,4.76,68.9,69.84
128B,pass@31,4.0,10.0,9.0,18.0,14.0,27.0,41.22,102.8,3.6,370.07,20.56,0.0343,0.0,22.0,22.0,9.09,72.79,73.73
128B,pass@26,4.0,10.0,9.0,18.0,14.0,27.0,41.22,102.8,3.6,370.07,20.56,0.0343,0.0,22.0,22.0,13.64,75.94,76.88
128B,pass@32,4.0,10.0,9.0,18.0,14.0,27.0,41.22,102.8,3.6,370.07,20.56,0.0343,0.0,22.0,22.0,0.0,55.69,56.63
128D,pass@14,8.0,15.0,14.0,25.0,23.0,39.0,82.6,176.42,6.67,1176.13,65.34,0.0588,0.0,33.0,33.0,3.03,59.85,61.46
128D,pass@11,8.0,19.0,15.0,30.0,27.0,45.0,104.71,213.97,6.32,1351.39,75.08,0.0713,12.0,31.0,31.0,0.0,49.54,49.54
128D,pass@7,8.0,17.0,15.0,29.0,25.0,44.0,93.49,204.33,6.82,1394.25,77.46,0.0681,12.0,36.0,36.0,0.0,48.26,48.26
128D,pass@9,7.0,17.0,14.0,28.0,24.0,42.0,89.14,192.57,5.76,1110.1,61.67,0.0642,14.0,39.0,39.0,0.0,47.41,47.41
128D,pass@12,9.0,20.0,17.0,33.0,29.0,50.0,114.97,242.9,7.42,1803.53,100.2,0.081,0.0,30.0,30.0,3.33,59.86,61.88
128D,pass@16,9.0,23.0,19.0,36.0,32.0,55.0,132.57,275.0,7.04,1936.96,107.61,0.0917,14.0,39.0,39.0,0.0,46.33,46.33
128D,pass@10,9.0,21.0,17.0,33.0,30.0,50.0,120.77,245.34,7.07,1734.94,96.39,0.0818,15.0,40.0,40.0,0.0,46.3,46.3
128D,pass@3,9.0,20.0,16.0,31.0,29.0,47.0,114.97,228.33,6.97,1592.57,88.48,0.0761,14.0,40.0,40.0,0.0,46.66,46.66
128D,pass@6,8.0,22.0,19.0,35.0,30.0,54.0,122.11,264.97,6.36,1686.19,93.68,0.0883,15.0,43.0,43.0,0.0,45.38,45.38
128D,pass@15,10.0,27.0,23.0,42.0,37.0,65.0,161.6,338.61,7.78,2633.67,146.31,0.1129,16.0,43.0,43.0,0.0,44.5,44.5
128D,pass@4,9.0,29.0,22.0,44.0,38.0,66.0,169.41,346.36,6.83,2364.82,131.38,0.1155,18.0,43.0,43.0,0.0,44.16,44.16
128D,pass@2,10.0,42.0,34.0,64.0,52.0,98.0,259.7,558.64,7.62,4256.33,236.46,0.1862,19.0,42.0,42.0,0.0,42.8,42.8
128D,pass@1,10.0,34.0,27.0,52.0,44.0,79.0,206.19,431.3,7.65,3298.14,183.23,0.1438,19.0,42.0,42.0,0.0,43.59,43.59
128D,pass@8,9.0,29.0,27.0,48.0,38.0,75.0,169.41,393.59,7.45,2931.6,162.87,0.1312,16.0,48.0,48.0,4.17,55.0,55.0
128D,pass@13,12.0,48.0,38.0,73.0,60.0,111.0,311.1,655.66,9.12,5982.94,332.39,0.2186,25.0,50.0,50.0,12.0,59.09,59.09
128D,pass@19,5.0,9.0,6.0,12.0,14.0,18.0,40.14,68.53,3.33,228.44,12.69,0.0228,6.0,25.0,25.0,0.0,55.84,55.84
128D,pass@17,6.0,13.0,11.0,21.0,19.0,32.0,63.62,135.93,4.85,658.76,36.6,0.0453,11.0,37.0,37.0,0.0,49.37,49.37
128D,pass@20,8.0,24.0,15.0,31.0,32.0,46.0,134.04,230.0,5.17,1188.33,66.02,0.0767,10.0,25.0,25.0,0.0,51.62,51.62
128D,pass@18,6.0,17.0,14.0,28.0,23.0,42.0,85.0,189.99,4.94,938.77,52.15,0.0633,14.0,39.0,39.0,0.0,47.45,47.45
128D,pass@22,7.0,17.0,14.0,28.0,24.0,42.0,89.14,192.57,5.76,1110.1,61.67,0.0642,12.0,35.0,35.0,0.0,48.71,48.71
128D,pass@24,8.0,17.0,15.0,29.0,25.0,44.0,93.49,204.33,6.82,1394.25,77.46,0.0681,12.0,36.0,36.0,0.0,48.26,48.26
128D,pass@28,9.0,19.0,16.0,30.0,28.0,46.0,109.24,221.14,7.11,1571.25,87.29,0.0737,12.0,36.0,36.0,0.0,48.02,48.02
128D,pass@21,9.0,24.0,20.0,36.0,33.0,56.0,138.57,282.49,6.75,1906.78,105.93,0.0942,15.0,43.0,43.0,0.0,45.19,45.19
128D,pass@31,11.0,20.0,16.0,30.0,31.0,46.0,124.49,227.89,8.25,1880.12,104.45,0.076,13.0,29.0,29.0,0.0,49.84,49.84
128D,pass@29,9.0,20.0,17.0,32.0,29.0,49.0,114.97,238.04,7.2,1713.9,95.22,0.0793,13.0,36.0,36.0,0.0,47.66,47.66
128D,pass@30,9.0,26.0,21.0,41.0,35.0,62.0,150.74,318.02,7.1,2256.69,125.37,0.106,16.0,41.0,41.0,0.0,45.14,45.14
128D,pass@26,8.0,18.0,16.0,30.0,26.0,46.0,99.06,216.22,6.67,1441.47,80.08,0.0721,15.0,37.0,37.0,5.41,60.97,60.97
128D,pass@25,8.0,23.0,18.0,36.0,31.0,54.0,128.04,267.53,6.26,1674.95,93.05,0.0892,16.0,38.0,38.0,5.26,59.77,59.77
128D,pass@23,8.0,28.0,24.0,44.0,36.0,68.0,158.61,351.55,6.29,2209.77,122.77,0.1172,0.0,39.0,39.0,7.69,60.94,63.36
128D,pass@27,10.0,31.0,27.0,51.0,41.0,78.0,186.8,417.89,8.23,3437.47,190.97,0.1393,20.0,48.0,48.0,0.0,42.28,42.28
128D,pass@32,9.0,31.0,24.0,47.0,40.0,71.0,182.11,377.86,6.82,2577.96,143.22,0.126,18.0,42.0,42.0,0.0,44.12,44.12
129A,pass@11,4.0,8.0,4.0,8.0,12.0,12.0,32.0,43.02,2.0,86.04,4.78,0.0143,0.0,8.0,8.0,0.0,68.46,68.86
129A,pass@3,4.0,8.0,4.0,8.0,12.0,12.0,32.0,43.02,2.0,86.04,4.78,0.0143,0.0,8.0,8.0,0.0,68.46,68.86
129A,pass@6,4.0,8.0,4.0,8.0,12.0,12.0,32.0,43.02,2.0,86.04,4.78,0.0143,0.0,8.0,8.0,0.0,68.46,68.86
129A,pass@5,4.0,8.0,4.0,8.0,12.0,12.0,32.0,43.02,2.0,86.04,4.78,0.0143,0.0,8.0,8.0,0.0,68.46,68.86
129A,pass@13,4.0,8.0,4.0,8.0,12.0,12.0,32.0,43.02,2.0,86.04,4.78,0.0143,0.0,8.0,8.0,0.0,68.46,68.86
129A,pass@10,4.0,8.0,4.0,8.0,12.0,12.0,32.0,43.02,2.0,86.04,4.78,0.0143,0.0,8.0,8.0,0.0,68.46,68.86
129A,pass@1,4.0,8.0,4.0,8.0,12.0,12.0,32.0,43.02,2.0,86.04,4.78,0.0143,0.0,8.0,8.0,0.0,68.46,68.86
129A,pass@4,4.0,8.0,4.0,8.0,12.0,12.0,32.0,43.02,2.0,86.04,4.78,0.0143,0.0,8.0,8.0,0.0,68.46,68.86
129A,pass@2,4.0,8.0,4.0,8.0,12.0,12.0,32.0,43.02,2.0,86.04,4.78,0.0143,0.0,8.0,8.0,0.0,68.46,68.86
129A,pass@8,4.0,8.0,4.0,8.0,12.0,12.0,32.0,43.02,2.0,86.04,4.78,0.0143,0.0,8.0,8.0,0.0,68.46,68.86
129A,pass@9,4.0,8.0,4.0,8.0,12.0,12.0,32.0,43.02,2.0,86.04,4.78,0.0143,0.0,8.0,8.0,0.0,68.46,68.86
129A,pass@16,4.0,8.0,4.0,8.0,12.0,12.0,32.0,43.02,2.0,86.04,4.78,0.0143,0.0,8.0,8.0,0.0,68.46,68.86
129A,pass@7,4.0,8.0,4.0,8.0,12.0,12.0,32.0,43.02,2.0,86.04,4.78,0.0143,0.0,8.0,8.0,0.0,68.46,68.86
129A,pass@15,4.0,8.0,4.0,8.0,12.0,12.0,32.0,43.02,2.0,86.04,4.78,0.0143,0.0,8.0,8.0,0.0,68.46,68.86
129A,pass@14,4.0,8.0,4.0,8.0,12.0,12.0,32.0,43.02,2.0,86.04,4.78,0.0143,0.0,8.0,8.0,0.0,68.46,68.86
129A,pass@12,4.0,8.0,4.0,8.0,12.0,12.0,32.0,43.02,2.0,86.04,4.78,0.0143,0.0,8.0,8.0,0.0,68.46,68.86
129A,pass@30,4.0,8.0,4.0,8.0,12.0,12.0,32.0,43.02,2.0,86.04,4.78,0.0143,0.0,8.0,8.0,0.0,68.46,68.86
129A,pass@21,4.0,8.0,4.0,8.0,12.0,12.0,32.0,43.02,2.0,86.04,4.78,0.0143,0.0,8.0,8.0,0.0,68.46,68.86
129A,pass@22,4.0,8.0,4.0,8.0,12.0,12.0,32.0,43.02,2.0,86.04,4.78,0.0143,0.0,8.0,8.0,0.0,68.46,68.86
129A,pass@24,4.0,8.0,4.0,8.0,12.0,12.0,32.0,43.02,2.0,86.04,4.78,0.0143,0.0,8.0,8.0,0.0,68.46,68.86
129A,pass@26,4.0,8.0,4.0,8.0,12.0,12.0,32.0,43.02,2.0,86.04,4.78,0.0143,0.0,8.0,8.0,0.0,68.46,68.86
129A,pass@31,4.0,8.0,4.0,8.0,12.0,12.0,32.0,43.02,2.0,86.04,4.78,0.0143,0.0,8.0,8.0,0.0,68.46,68.86
129A,pass@29,4.0,8.0,4.0,8.0,12.0,12.0,32.0,43.02,2.0,86.04,4.78,0.0143,0.0,8.0,8.0,0.0,68.46,68.86
129A,pass@28,4.0,8.0,4.0,8.0,12.0,12.0,32.0,43.02,2.0,86.04,4.78,0.0143,0.0,8.0,8.0,0.0,68.46,68.86
129A,pass@23,4.0,8.0,4.0,8.0,12.0,12.0,32.0,43.02,2.0,86.04,4.78,0.0143,0.0,8.0,8.0,0.0,68.46,68.86
129A,pass@17,4.0,8.0,4.0,8.0,12.0,12.0,32.0,43.02,2.0,86.04,4.78,0.0143,0.0,8.0,8.0,0.0,68.46,68.86
129A,pass@20,4.0,8.0,4.0,8.0,12.0,12.0,32.0,43.02,2.0,86.04,4.78,0.0143,0.0,8.0,8.0,0.0,68.46,68.86
129A,pass@25,4.0,8.0,4.0,8.0,12.0,12.0,32.0,43.02,2.0,86.04,4.78,0.0143,0.0,8.0,8.0,0.0,68.46,68.86
129A,pass@18,4.0,8.0,4.0,8.0,12.0,12.0,32.0,43.02,2.0,86.04,4.78,0.0143,0.0,8.0,8.0,0.0,68.46,68.86
129A,pass@27,4.0,8.0,4.0,8.0,12.0,12.0,32.0,43.02,2.0,86.04,4.78,0.0143,0.0,8.0,8.0,0.0,68.46,68.86
129A,pass@32,4.0,8.0,4.0,8.0,12.0,12.0,32.0,43.02,2.0,86.04,4.78,0.0143,0.0,8.0,8.0,0.0,68.46,68.86
129A,pass@19,4.0,8.0,4.0,8.0,12.0,12.0,32.0,43.02,2.0,86.04,4.78,0.0143,0.0,8.0,8.0,0.0,68.46,68.86
129E,pass@8,8.0,28.0,26.0,52.0,36.0,78.0,158.61,403.25,7.43,2995.6,166.42,0.1344,0.0,17.0,17.0,0.0,53.97,54.91
129E,pass@3,9.0,31.0,23.0,46.0,40.0,69.0,182.11,367.21,6.68,2452.04,136.22,0.1224,4.0,15.0,15.0,0.0,55.58,55.85
129E,pass@2,8.0,31.0,26.0,52.0,39.0,78.0,177.58,412.26,6.71,2766.14,153.67,0.1374,4.0,19.0,19.0,0.0,52.85,53.26
129E,pass@11,8.0,31.0,26.0,52.0,39.0,78.0,177.58,412.26,6.71,2766.14,153.67,0.1374,3.0,17.0,17.0,0.0,53.91,54.44
129E,pass@16,9.0,43.0,40.0,79.0,52.0,119.0,261.86,678.35,8.27,5608.24,311.57,0.2261,4.0,19.0,19.0,5.26,64.59,65.12
129E,pass@7,9.0,43.0,40.0,79.0,52.0,119.0,261.86,678.35,8.27,5608.24,311.57,0.2261,4.0,19.0,19.0,5.26,64.59,65.12
129E,pass@5,9.0,43.0,40.0,79.0,52.0,119.0,261.86,678.35,8.27,5608.24,311.57,0.2261,4.0,19.0,19.0,5.26,64.59,65.12
129E,pass@10,9.0,43.0,40.0,79.0,52.0,119.0,261.86,678.35,8.27,5608.24,311.57,0.2261,4.0,19.0,19.0,5.26,64.59,65.12
129E,pass@14,9.0,43.0,40.0,79.0,52.0,119.0,261.86,678.35,8.27,5608.24,311.57,0.2261,4.0,19.0,19.0,5.26,64.59,65.12
129E,pass@12,9.0,43.0,40.0,79.0,52.0,119.0,261.86,678.35,8.27,5608.24,311.57,0.2261,4.0,19.0,19.0,5.26,64.59,65.12
129E,pass@15,9.0,42.0,40.0,79.0,51.0,119.0,255.01,675.02,8.46,5713.55,317.42,0.225,4.0,19.0,19.0,5.26,64.6,65.14
129E,pass@9,9.0,43.0,40.0,79.0,52.0,119.0,261.86,678.35,8.27,5608.24,311.57,0.2261,4.0,19.0,19.0,5.26,64.59,65.12
129E,pass@4,9.0,43.0,40.0,79.0,52.0,119.0,261.86,678.35,8.27,5608.24,311.57,0.2261,4.0,19.0,19.0,5.26,64.59,65.12
129E,pass@6,9.0,43.0,40.0,79.0,52.0,119.0,261.86,678.35,8.27,5608.24,311.57,0.2261,4.0,19.0,19.0,5.26,64.59,65.12
129E,pass@13,9.0,43.0,40.0,79.0,52.0,119.0,261.86,678.35,8.27,5608.24,311.57,0.2261,4.0,19.0,19.0,5.26,64.59,65.12
129E,pass@1,9.0,43.0,40.0,79.0,52.0,119.0,261.86,678.35,8.27,5608.24,311.57,0.2261,4.0,19.0,19.0,5.26,64.59,65.12
129E,pass@28,8.0,23.0,17.0,34.0,31.0,51.0,128.04,252.66,5.91,1494.01,83.0,0.0842,0.0,9.0,9.0,0.0,61.82,62.36
129E,pass@25,8.0,27.0,20.0,40.0,35.0,60.0,152.38,307.76,5.93,1823.75,101.32,0.1026,2.0,13.0,13.0,0.0,57.74,58.01
129E,pass@20,7.0,27.0,25.0,50.0,34.0,75.0,148.03,381.56,6.48,2473.07,137.39,0.1272,0.0,14.0,14.0,7.14,71.49,72.3
129E,pass@17,9.0,43.0,40.0,79.0,52.0,119.0,261.86,678.35,8.27,5608.24,311.57,0.2261,4.0,19.0,19.0,5.26,64.59,65.12
129E,pass@23,7.0,27.0,25.0,50.0,34.0,75.0,148.03,381.56,6.48,2473.07,137.39,0.1272,0.0,14.0,14.0,7.14,71.49,72.3
129E,pass@27,8.0,28.0,26.0,52.0,36.0,78.0,158.61,403.25,7.43,2995.6,166.42,0.1344,0.0,17.0,17.0,0.0,53.97,54.91
129E,pass@19,9.0,43.0,40.0,79.0,52.0,119.0,261.86,678.35,8.27,5608.24,311.57,0.2261,4.0,19.0,19.0,5.26,64.59,65.12
129E,pass@18,9.0,43.0,40.0,79.0,52.0,119.0,261.86,678.35,8.27,5608.24,311.57,0.2261,4.0,19.0,19.0,5.26,64.59,65.12
129E,pass@21,9.0,43.0,40.0,79.0,52.0,119.0,261.86,678.35,8.27,5608.24,311.57,0.2261,4.0,19.0,19.0,5.26,64.59,65.12
129E,pass@22,9.0,43.0,40.0,79.0,52.0,119.0,261.86,678.35,8.27,5608.24,311.57,0.2261,4.0,19.0,19.0,5.26,64.59,65.12
129E,pass@26,9.0,43.0,40.0,79.0,52.0,119.0,261.86,678.35,8.27,5608.24,311.57,0.2261,4.0,19.0,19.0,5.26,64.59,65.12
129E,pass@24,9.0,43.0,40.0,79.0,52.0,119.0,261.86,678.35,8.27,5608.24,311.57,0.2261,4.0,19.0,19.0,5.26,64.59,65.12
129E,pass@30,9.0,43.0,40.0,79.0,52.0,119.0,261.86,678.35,8.27,5608.24,311.57,0.2261,4.0,19.0,19.0,5.26,64.59,65.12
129E,pass@32,9.0,41.0,36.0,71.0,50.0,107.0,248.19,603.89,7.79,4705.94,261.44,0.2013,5.0,22.0,22.0,4.55,63.07,63.07
129E,pass@29,9.0,43.0,40.0,79.0,52.0,119.0,261.86,678.35,8.27,5608.24,311.57,0.2261,4.0,19.0,19.0,5.26,64.59,65.12
129E,pass@31,9.0,43.0,40.0,79.0,52.0,119.0,261.86,678.35,8.27,5608.24,311.57,0.2261,4.0,19.0,19.0,5.26,64.59,65.12
13A,pass@3,5.0,11.0,8.0,16.0,16.0,24.0,49.66,96.0,3.64,349.09,19.39,0.032,2.0,16.0,16.0,0.0,59.45,59.58
13A,pass@6,5.0,11.0,8.0,16.0,16.0,24.0,49.66,96.0,3.64,349.09,19.39,0.032,2.0,16.0,16.0,0.0,59.45,59.58
13A,pass@10,5.0,11.0,8.0,16.0,16.0,24.0,49.66,96.0,3.64,349.09,19.39,0.032,2.0,16.0,16.0,0.0,59.45,59.58
13A,pass@14,5.0,11.0,8.0,16.0,16.0,24.0,49.66,96.0,3.64,349.09,19.39,0.032,2.0,16.0,16.0,0.0,59.45,59.58
13A,pass@11,5.0,11.0,8.0,16.0,16.0,24.0,49.66,96.0,3.64,349.09,19.39,0.032,2.0,16.0,16.0,0.0,59.45,59.58
13A,pass@8,5.0,11.0,8.0,16.0,16.0,24.0,49.66,96.0,3.64,349.09,19.39,0.032,2.0,16.0,16.0,0.0,59.45,59.58
13A,pass@12,5.0,11.0,8.0,16.0,16.0,24.0,49.66,96.0,3.64,349.09,19.39,0.032,2.0,16.0,16.0,0.0,59.45,59.58
13A,pass@15,5.0,11.0,8.0,16.0,16.0,24.0,49.66,96.0,3.64,349.09,19.39,0.032,2.0,16.0,16.0,0.0,59.45,59.58
13A,pass@1,5.0,11.0,8.0,16.0,16.0,24.0,49.66,96.0,3.64,349.09,19.39,0.032,2.0,16.0,16.0,0.0,59.45,59.58
13A,pass@9,5.0,11.0,8.0,16.0,16.0,24.0,49.66,96.0,3.64,349.09,19.39,0.032,2.0,16.0,16.0,0.0,59.45,59.58
13A,pass@16,5.0,11.0,8.0,16.0,16.0,24.0,49.66,96.0,3.64,349.09,19.39,0.032,2.0,16.0,16.0,0.0,59.45,59.58
13A,pass@2,5.0,11.0,8.0,16.0,16.0,24.0,49.66,96.0,3.64,349.09,19.39,0.032,2.0,16.0,16.0,0.0,59.45,59.58
13A,pass@4,5.0,11.0,9.0,18.0,16.0,27.0,49.66,108.0,4.09,441.82,24.55,0.036,2.0,15.0,15.0,0.0,59.7,59.84
13A,pass@7,5.0,11.0,8.0,16.0,16.0,24.0,49.66,96.0,3.64,349.09,19.39,0.032,2.0,16.0,16.0,0.0,59.45,59.58
13A,pass@13,5.0,11.0,8.0,16.0,16.0,24.0,49.66,96.0,3.64,349.09,19.39,0.032,2.0,16.0,16.0,0.0,59.45,59.58
13A,pass@5,5.0,11.0,8.0,16.0,16.0,24.0,49.66,96.0,3.64,349.09,19.39,0.032,2.0,16.0,16.0,0.0,59.45,59.58
13A,pass@20,5.0,11.0,8.0,16.0,16.0,24.0,49.66,96.0,3.64,349.09,19.39,0.032,2.0,16.0,16.0,0.0,59.45,59.58
13A,pass@22,5.0,11.0,9.0,18.0,16.0,27.0,49.66,108.0,4.09,441.82,24.55,0.036,2.0,15.0,15.0,0.0,59.7,59.84
13A,pass@26,5.0,11.0,8.0,16.0,16.0,24.0,49.66,96.0,3.64,349.09,19.39,0.032,2.0,16.0,16.0,0.0,59.45,59.58
13A,pass@24,5.0,11.0,8.0,16.0,16.0,24.0,49.66,96.0,3.64,349.09,19.39,0.032,2.0,16.0,16.0,0.0,59.45,59.58
13A,pass@27,5.0,11.0,8.0,16.0,16.0,24.0,49.66,96.0,3.64,349.09,19.39,0.032,2.0,16.0,16.0,0.0,59.45,59.58
13A,pass@28,5.0,11.0,8.0,16.0,16.0,24.0,49.66,96.0,3.64,349.09,19.39,0.032,2.0,16.0,16.0,0.0,59.45,59.58
13A,pass@18,5.0,11.0,8.0,16.0,16.0,24.0,49.66,96.0,3.64,349.09,19.39,0.032,2.0,16.0,16.0,0.0,59.45,59.58
13A,pass@17,5.0,11.0,8.0,16.0,16.0,24.0,49.66,96.0,3.64,349.09,19.39,0.032,2.0,16.0,16.0,0.0,59.45,59.58
13A,pass@29,5.0,11.0,8.0,16.0,16.0,24.0,49.66,96.0,3.64,349.09,19.39,0.032,2.0,16.0,16.0,0.0,59.45,59.58
13A,pass@21,5.0,11.0,8.0,16.0,16.0,24.0,49.66,96.0,3.64,349.09,19.39,0.032,2.0,16.0,16.0,0.0,59.45,59.58
13A,pass@30,5.0,11.0,8.0,16.0,16.0,24.0,49.66,96.0,3.64,349.09,19.39,0.032,2.0,16.0,16.0,0.0,59.45,59.58
13A,pass@19,5.0,11.0,8.0,16.0,16.0,24.0,49.66,96.0,3.64,349.09,19.39,0.032,2.0,16.0,16.0,0.0,59.45,59.58
13A,pass@31,5.0,11.0,8.0,16.0,16.0,24.0,49.66,96.0,3.64,349.09,19.39,0.032,2.0,16.0,16.0,0.0,59.45,59.58
13A,pass@23,5.0,11.0,8.0,16.0,16.0,24.0,49.66,96.0,3.64,349.09,19.39,0.032,2.0,16.0,16.0,0.0,59.45,59.58
13A,pass@25,5.0,11.0,8.0,16.0,16.0,24.0,49.66,96.0,3.64,349.09,19.39,0.032,2.0,16.0,16.0,0.0,59.45,59.58
13A,pass@32,5.0,11.0,8.0,16.0,16.0,24.0,49.66,96.0,3.64,349.09,19.39,0.032,2.0,16.0,16.0,0.0,59.45,59.58
135C,pass@6,6.0,19.0,17.0,34.0,25.0,51.0,96.22,236.84,5.37,1271.44,70.64,0.0789,0.0,25.0,25.0,28.0,77.81,78.89
135C,pass@14,6.0,17.0,15.0,28.0,23.0,43.0,85.0,194.51,4.94,961.12,53.4,0.0648,0.0,18.0,18.0,83.33,83.26,84.34
135C,pass@10,7.0,37.0,36.0,72.0,44.0,108.0,212.4,589.62,6.81,4015.78,223.1,0.1965,0.0,25.0,25.0,44.0,76.36,78.78
135C,pass@15,6.0,28.0,29.0,58.0,34.0,87.0,150.12,442.61,6.21,2750.5,152.81,0.1475,0.0,25.0,25.0,60.0,78.59,80.2
135C,pass@4,7.0,52.0,36.0,62.0,59.0,98.0,316.07,576.5,4.17,2405.77,133.65,0.1922,12.0,37.0,37.0,32.43,71.75,71.88
135C,pass@2,10.0,43.0,40.0,70.0,53.0,110.0,266.55,630.07,8.14,5128.49,284.92,0.21,0.0,38.0,38.0,39.47,71.17,74.13
135C,pass@8,9.0,50.0,46.0,93.0,59.0,139.0,310.72,817.69,8.37,6844.04,380.22,0.2726,0.0,27.0,27.0,59.26,74.52,77.61
135C,pass@9,5.0,19.0,16.0,32.0,24.0,48.0,92.32,220.08,4.21,926.65,51.48,0.0734,0.0,20.0,20.0,120.0,76.66,77.6
135C,pass@13,7.0,59.0,56.0,112.0,66.0,168.0,366.73,1015.46,6.64,6746.77,374.82,0.3385,0.0,30.0,30.0,56.67,72.47,75.96
135C,pass@1,9.0,43.0,45.0,78.0,52.0,123.0,261.86,701.15,8.16,5723.37,317.97,0.2337,0.0,37.0,37.0,45.95,71.2,74.7
135C,pass@7,6.0,45.0,42.0,84.0,51.0,126.0,262.64,714.73,5.6,4002.46,222.36,0.2382,0.0,20.0,20.0,110.0,74.38,75.73
135C,pass@16,6.0,38.0,32.0,64.0,44.0,96.0,214.93,524.11,5.05,2648.11,147.12,0.1747,0.0,28.0,32.0,78.57,73.92,76.34
135C,pass@3,6.0,43.0,47.0,94.0,49.0,141.0,248.84,791.67,6.56,5191.91,288.44,0.2639,0.0,43.0,43.0,48.84,70.4,73.09
135C,pass@12,6.0,18.0,15.0,28.0,24.0,43.0,90.57,197.15,4.67,920.05,51.11,0.0657,1.0,39.0,39.0,53.85,77.08,78.29
135C,pass@18,5.0,33.0,30.0,62.0,38.0,92.0,178.07,482.81,4.7,2267.74,125.99,0.1609,0.0,20.0,20.0,65.0,79.9,81.92
135C,pass@17,7.0,28.0,26.0,52.0,35.0,78.0,154.26,400.08,6.5,2600.55,144.47,0.1334,0.0,24.0,24.0,87.5,77.35,78.96
135C,pass@23,8.0,48.0,40.0,76.0,56.0,116.0,292.08,673.65,6.33,4266.47,237.03,0.2246,0.0,22.0,22.0,22.73,73.17,75.32
135C,pass@11,9.0,75.0,72.0,146.0,84.0,218.0,495.69,1393.53,8.76,12207.28,678.18,0.4645,0.0,82.0,82.0,25.61,55.93,61.58
135C,pass@5,12.0,92.0,96.0,188.0,104.0,284.0,643.19,1902.92,12.26,23331.51,1296.2,0.6343,0.0,43.0,43.0,83.72,64.54,69.11
135C,pass@26,3.0,15.0,8.0,16.0,18.0,24.0,63.36,100.08,1.6,160.13,8.9,0.0334,5.0,35.0,37.0,20.0,73.69,74.49
135C,pass@27,6.0,45.0,44.0,92.0,51.0,136.0,262.64,771.45,6.13,4731.56,262.86,0.2571,0.0,25.0,23.0,36.0,76.02,77.76
135C,pass@30,8.0,60.0,60.0,124.0,68.0,184.0,378.41,1120.09,8.27,9259.44,514.41,0.3734,0.0,26.0,26.0,42.31,72.4,76.3
135C,pass@29,5.0,19.0,17.0,34.0,24.0,51.0,92.32,233.83,4.47,1046.1,58.12,0.0779,0.0,21.0,21.0,100.0,79.14,80.21
135C,pass@20,9.0,95.0,86.0,160.0,104.0,246.0,652.67,1648.31,7.58,12492.44,694.02,0.5494,0.0,46.0,44.0,34.78,65.61,69.1
135C,pass@28,7.0,32.0,28.0,50.0,39.0,78.0,179.65,412.26,5.47,2254.55,125.25,0.1374,0.0,41.0,41.0,46.34,72.95,75.37
135C,pass@21,5.0,22.0,17.0,32.0,27.0,49.0,109.72,232.99,3.64,847.23,47.07,0.0777,0.0,52.0,48.0,59.62,74.09,75.98
135C,pass@31,11.0,64.0,62.0,126.0,75.0,188.0,422.05,1171.02,10.83,12679.93,704.44,0.3903,0.0,38.0,38.0,39.47,68.88,72.24
135C,pass@24,10.0,53.0,48.0,95.0,63.0,143.0,336.8,854.75,8.96,7660.5,425.58,0.2849,0.0,29.0,29.0,103.45,70.14,72.7
135C,pass@22,10.0,38.0,36.0,71.0,48.0,107.0,232.64,597.59,9.34,5582.76,310.15,0.1992,17.0,41.0,41.0,82.93,70.48,70.88
135C,pass@25,8.0,43.0,36.0,72.0,51.0,108.0,257.33,612.62,6.7,4103.14,227.95,0.2042,18.0,55.0,55.0,89.09,66.53,67.2
135C,pass@19,6.0,59.0,68.0,136.0,65.0,204.0,362.59,1228.56,6.92,8495.83,471.99,0.4095,0.0,56.0,56.0,142.86,56.39,58.28
14B,pass@4,4.0,4.0,6.0,11.0,8.0,17.0,16.0,51.0,5.5,280.5,15.58,0.017,0.0,16.0,16.0,0.0,60.84,61.78
14B,pass@15,6.0,6.0,7.0,13.0,12.0,20.0,31.02,71.7,6.5,466.05,25.89,0.0239,0.0,14.0,14.0,7.14,76.44,77.38
14B,pass@11,6.0,6.0,7.0,13.0,12.0,20.0,31.02,71.7,6.5,466.05,25.89,0.0239,0.0,14.0,14.0,7.14,76.44,77.38
14B,pass@5,6.0,6.0,7.0,13.0,12.0,20.0,31.02,71.7,6.5,466.05,25.89,0.0239,0.0,14.0,14.0,7.14,76.44,77.38
14B,pass@2,4.0,4.0,6.0,11.0,8.0,17.0,16.0,51.0,5.5,280.5,15.58,0.017,0.0,16.0,16.0,0.0,60.84,61.78
14B,pass@10,4.0,4.0,6.0,11.0,8.0,17.0,16.0,51.0,5.5,280.5,15.58,0.017,0.0,16.0,16.0,0.0,60.84,61.78
14B,pass@14,4.0,4.0,6.0,11.0,8.0,17.0,16.0,51.0,5.5,280.5,15.58,0.017,0.0,16.0,16.0,0.0,60.84,61.78
14B,pass@8,4.0,4.0,6.0,11.0,8.0,17.0,16.0,51.0,5.5,280.5,15.58,0.017,0.0,16.0,16.0,0.0,60.84,61.78
14B,pass@6,4.0,4.0,6.0,11.0,8.0,17.0,16.0,51.0,5.5,280.5,15.58,0.017,0.0,16.0,16.0,0.0,60.84,61.78
14B,pass@7,4.0,4.0,6.0,11.0,8.0,17.0,16.0,51.0,5.5,280.5,15.58,0.017,0.0,16.0,16.0,0.0,60.84,61.78
14B,pass@3,4.0,4.0,6.0,11.0,8.0,17.0,16.0,51.0,5.5,280.5,15.58,0.017,0.0,16.0,16.0,0.0,60.84,61.78
14B,pass@13,4.0,4.0,6.0,11.0,8.0,17.0,16.0,51.0,5.5,280.5,15.58,0.017,0.0,16.0,16.0,0.0,60.84,61.78
14B,pass@1,4.0,4.0,6.0,11.0,8.0,17.0,16.0,51.0,5.5,280.5,15.58,0.017,0.0,16.0,16.0,6.25,75.31,76.26
14B,pass@12,6.0,8.0,9.0,15.0,14.0,24.0,39.51,91.38,5.62,513.99,28.56,0.0305,0.0,18.0,18.0,5.56,71.8,72.61
14B,pass@16,6.0,6.0,7.0,13.0,12.0,20.0,31.02,71.7,6.5,466.05,25.89,0.0239,0.0,14.0,14.0,7.14,76.44,77.38
14B,pass@9,8.0,10.0,10.0,18.0,18.0,28.0,57.22,116.76,7.2,840.66,46.7,0.0389,0.0,19.0,19.0,5.26,70.07,71.01
14B,pass@17,6.0,6.0,7.0,13.0,12.0,20.0,31.02,71.7,6.5,466.05,25.89,0.0239,0.0,14.0,14.0,0.0,61.06,62.01
14B,pass@20,4.0,4.0,6.0,11.0,8.0,17.0,16.0,51.0,5.5,280.5,15.58,0.017,0.0,16.0,16.0,0.0,60.84,61.78
14B,pass@26,6.0,6.0,7.0,13.0,12.0,20.0,31.02,71.7,6.5,466.05,25.89,0.0239,0.0,14.0,14.0,0.0,61.06,62.01
14B,pass@25,4.0,4.0,6.0,11.0,8.0,17.0,16.0,51.0,5.5,280.5,15.58,0.017,0.0,16.0,16.0,0.0,60.84,61.78
14B,pass@23,4.0,4.0,6.0,11.0,8.0,17.0,16.0,51.0,5.5,280.5,15.58,0.017,0.0,16.0,16.0,0.0,60.84,61.78
14B,pass@18,6.0,6.0,7.0,13.0,12.0,20.0,31.02,71.7,6.5,466.05,25.89,0.0239,0.0,14.0,14.0,7.14,76.44,77.38
14B,pass@28,4.0,4.0,6.0,11.0,8.0,17.0,16.0,51.0,5.5,280.5,15.58,0.017,0.0,16.0,16.0,0.0,60.84,61.78
14B,pass@24,6.0,6.0,7.0,13.0,12.0,20.0,31.02,71.7,6.5,466.05,25.89,0.0239,0.0,14.0,14.0,0.0,61.06,62.01
14B,pass@19,4.0,4.0,6.0,11.0,8.0,17.0,16.0,51.0,5.5,280.5,15.58,0.017,0.0,16.0,16.0,0.0,60.84,61.78
14B,pass@22,4.0,4.0,6.0,11.0,8.0,17.0,16.0,51.0,5.5,280.5,15.58,0.017,0.0,16.0,16.0,0.0,60.84,61.78
14B,pass@29,4.0,4.0,6.0,11.0,8.0,17.0,16.0,51.0,5.5,280.5,15.58,0.017,0.0,16.0,16.0,0.0,60.84,61.78
14B,pass@27,4.0,4.0,6.0,11.0,8.0,17.0,16.0,51.0,5.5,280.5,15.58,0.017,0.0,16.0,16.0,0.0,60.84,61.78
14B,pass@31,4.0,4.0,6.0,11.0,8.0,17.0,16.0,51.0,5.5,280.5,15.58,0.017,0.0,16.0,16.0,0.0,60.84,61.78
14B,pass@30,4.0,4.0,6.0,11.0,8.0,17.0,16.0,51.0,5.5,280.5,15.58,0.017,0.0,16.0,16.0,0.0,60.84,61.78
14B,pass@21,6.0,8.0,8.0,15.0,14.0,23.0,39.51,87.57,5.62,492.58,27.37,0.0292,0.0,16.0,16.0,6.25,73.54,74.61
14B,pass@32,4.0,4.0,6.0,11.0,8.0,17.0,16.0,51.0,5.5,280.5,15.58,0.017,0.0,16.0,16.0,6.25,75.31,76.26
144A,pass@6,4.0,12.0,11.0,21.0,16.0,32.0,51.02,128.0,3.5,448.0,24.89,0.0427,0.0,10.0,11.0,0.0,62.26,62.53
144A,pass@3,4.0,12.0,11.0,21.0,16.0,32.0,51.02,128.0,3.5,448.0,24.89,0.0427,0.0,10.0,11.0,0.0,62.26,62.53
144A,pass@11,4.0,12.0,11.0,21.0,16.0,32.0,51.02,128.0,3.5,448.0,24.89,0.0427,0.0,11.0,12.0,0.0,61.44,61.7
144A,pass@8,4.0,12.0,11.0,21.0,16.0,32.0,51.02,128.0,3.5,448.0,24.89,0.0427,0.0,11.0,12.0,0.0,61.44,61.7
144A,pass@12,4.0,12.0,11.0,21.0,16.0,32.0,51.02,128.0,3.5,448.0,24.89,0.0427,0.0,11.0,12.0,0.0,61.44,61.7
144A,pass@16,4.0,12.0,11.0,21.0,16.0,32.0,51.02,128.0,3.5,448.0,24.89,0.0427,0.0,11.0,12.0,0.0,61.44,61.7
144A,pass@14,4.0,12.0,11.0,21.0,16.0,32.0,51.02,128.0,3.5,448.0,24.89,0.0427,0.0,11.0,12.0,0.0,61.44,61.7
144A,pass@1,4.0,12.0,11.0,21.0,16.0,32.0,51.02,128.0,3.5,448.0,24.89,0.0427,0.0,11.0,12.0,9.09,78.54,78.81
144A,pass@13,4.0,12.0,11.0,21.0,16.0,32.0,51.02,128.0,3.5,448.0,24.89,0.0427,0.0,11.0,12.0,0.0,61.44,61.7
144A,pass@15,4.0,12.0,11.0,21.0,16.0,32.0,51.02,128.0,3.5,448.0,24.89,0.0427,0.0,10.0,11.0,0.0,62.26,62.53
144A,pass@4,4.0,13.0,11.0,21.0,17.0,32.0,56.11,130.8,3.23,422.58,23.48,0.0436,0.0,11.0,12.0,18.18,83.97,84.24
144A,pass@2,4.0,13.0,10.0,20.0,17.0,30.0,56.11,122.62,3.08,377.3,20.96,0.0409,0.0,11.0,11.0,9.09,78.95,79.76
144A,pass@9,4.0,12.0,11.0,21.0,16.0,32.0,51.02,128.0,3.5,448.0,24.89,0.0427,0.0,11.0,12.0,0.0,61.44,61.7
144A,pass@10,4.0,12.0,11.0,21.0,16.0,32.0,51.02,128.0,3.5,448.0,24.89,0.0427,0.0,10.0,11.0,0.0,62.26,62.53
144A,pass@7,5.0,13.0,13.0,24.0,18.0,37.0,59.72,154.29,4.62,712.09,39.56,0.0514,0.0,19.0,19.0,10.53,74.19,74.99
144A,pass@5,5.0,13.0,13.0,24.0,18.0,37.0,59.72,154.29,4.62,712.09,39.56,0.0514,0.0,19.0,19.0,10.53,74.19,74.99
144A,pass@18,4.0,12.0,11.0,21.0,16.0,32.0,51.02,128.0,3.5,448.0,24.89,0.0427,0.0,10.0,11.0,0.0,62.26,62.53
144A,pass@21,4.0,12.0,11.0,21.0,16.0,32.0,51.02,128.0,3.5,448.0,24.89,0.0427,0.0,10.0,11.0,0.0,62.26,62.53
144A,pass@24,4.0,12.0,11.0,21.0,16.0,32.0,51.02,128.0,3.5,448.0,24.89,0.0427,0.0,10.0,11.0,0.0,62.26,62.53
144A,pass@27,4.0,12.0,11.0,21.0,16.0,32.0,51.02,128.0,3.5,448.0,24.89,0.0427,0.0,11.0,12.0,0.0,61.44,61.7
144A,pass@26,4.0,12.0,11.0,21.0,16.0,32.0,51.02,128.0,3.5,448.0,24.89,0.0427,0.0,11.0,12.0,0.0,61.44,61.7
144A,pass@20,4.0,12.0,11.0,21.0,16.0,32.0,51.02,128.0,3.5,448.0,24.89,0.0427,0.0,10.0,11.0,0.0,62.26,62.53
144A,pass@28,4.0,12.0,11.0,21.0,16.0,32.0,51.02,128.0,3.5,448.0,24.89,0.0427,0.0,11.0,12.0,0.0,61.44,61.7
144A,pass@22,4.0,12.0,11.0,21.0,16.0,32.0,51.02,128.0,3.5,448.0,24.89,0.0427,0.0,11.0,12.0,0.0,61.44,61.7
144A,pass@19,4.0,12.0,11.0,21.0,16.0,32.0,51.02,128.0,3.5,448.0,24.89,0.0427,0.0,11.0,12.0,0.0,61.44,61.7
144A,pass@25,4.0,12.0,11.0,21.0,16.0,32.0,51.02,128.0,3.5,448.0,24.89,0.0427,0.0,11.0,12.0,0.0,61.44,61.7
144A,pass@17,4.0,12.0,11.0,21.0,16.0,32.0,51.02,128.0,3.5,448.0,24.89,0.0427,0.0,11.0,12.0,0.0,61.44,61.7
144A,pass@23,4.0,12.0,11.0,21.0,16.0,32.0,51.02,128.0,3.5,448.0,24.89,0.0427,0.0,11.0,12.0,9.09,78.54,78.81
144A,pass@32,4.0,12.0,11.0,21.0,16.0,32.0,51.02,128.0,3.5,448.0,24.89,0.0427,0.0,11.0,12.0,0.0,61.44,61.7
144A,pass@30,4.0,12.0,11.0,21.0,16.0,32.0,51.02,128.0,3.5,448.0,24.89,0.0427,0.0,11.0,12.0,0.0,61.44,61.7
144A,pass@31,4.0,12.0,11.0,21.0,16.0,32.0,51.02,128.0,3.5,448.0,24.89,0.0427,0.0,11.0,12.0,0.0,61.44,61.7
144A,pass@29,4.0,12.0,11.0,21.0,16.0,32.0,51.02,128.0,3.5,448.0,24.89,0.0427,0.0,10.0,11.0,0.0,62.26,62.53
147A,pass@1,0.0,0.0,0.0,0.0,0.0,0.0,0.0,0.0,0.0,0.0,0.0,0.0,0.0,6.0,6.0,50.0,100.0,100.0
147A,pass@12,0.0,0.0,0.0,0.0,0.0,0.0,0.0,0.0,0.0,0.0,0.0,0.0,0.0,6.0,6.0,50.0,100.0,100.0
147A,pass@10,0.0,0.0,0.0,0.0,0.0,0.0,0.0,0.0,0.0,0.0,0.0,0.0,0.0,6.0,6.0,50.0,100.0,100.0
147A,pass@2,0.0,0.0,0.0,0.0,0.0,0.0,0.0,0.0,0.0,0.0,0.0,0.0,0.0,6.0,6.0,50.0,100.0,100.0
147A,pass@11,0.0,0.0,0.0,0.0,0.0,0.0,0.0,0.0,0.0,0.0,0.0,0.0,0.0,6.0,6.0,50.0,100.0,100.0
147A,pass@5,0.0,0.0,0.0,0.0,0.0,0.0,0.0,0.0,0.0,0.0,0.0,0.0,0.0,6.0,6.0,50.0,100.0,100.0
147A,pass@8,0.0,0.0,0.0,0.0,0.0,0.0,0.0,0.0,0.0,0.0,0.0,0.0,0.0,6.0,6.0,50.0,100.0,100.0
147A,pass@4,0.0,0.0,0.0,0.0,0.0,0.0,0.0,0.0,0.0,0.0,0.0,0.0,0.0,6.0,6.0,50.0,100.0,100.0
147A,pass@13,0.0,0.0,0.0,0.0,0.0,0.0,0.0,0.0,0.0,0.0,0.0,0.0,0.0,6.0,6.0,50.0,100.0,100.0
147A,pass@7,0.0,0.0,0.0,0.0,0.0,0.0,0.0,0.0,0.0,0.0,0.0,0.0,0.0,6.0,6.0,50.0,100.0,100.0
147A,pass@14,0.0,0.0,0.0,0.0,0.0,0.0,0.0,0.0,0.0,0.0,0.0,0.0,0.0,5.0,5.0,40.0,100.0,100.0
147A,pass@6,0.0,0.0,0.0,0.0,0.0,0.0,0.0,0.0,0.0,0.0,0.0,0.0,0.0,6.0,6.0,50.0,100.0,100.0
147A,pass@15,0.0,0.0,0.0,0.0,0.0,0.0,0.0,0.0,0.0,0.0,0.0,0.0,0.0,6.0,6.0,50.0,100.0,100.0
147A,pass@3,0.0,0.0,0.0,0.0,0.0,0.0,0.0,0.0,0.0,0.0,0.0,0.0,0.0,6.0,6.0,66.67,100.0,100.0
147A,pass@9,0.0,0.0,0.0,0.0,0.0,0.0,0.0,0.0,0.0,0.0,0.0,0.0,0.0,6.0,6.0,50.0,100.0,100.0
147A,pass@16,0.0,0.0,0.0,0.0,0.0,0.0,0.0,0.0,0.0,0.0,0.0,0.0,0.0,6.0,6.0,50.0,100.0,100.0
147A,pass@26,0.0,0.0,0.0,0.0,0.0,0.0,0.0,0.0,0.0,0.0,0.0,0.0,0.0,5.0,5.0,40.0,100.0,100.0
147A,pass@17,0.0,0.0,0.0,0.0,0.0,0.0,0.0,0.0,0.0,0.0,0.0,0.0,0.0,6.0,6.0,50.0,100.0,100.0
147A,pass@29,0.0,0.0,0.0,0.0,0.0,0.0,0.0,0.0,0.0,0.0,0.0,0.0,0.0,5.0,5.0,40.0,100.0,100.0
147A,pass@18,0.0,0.0,0.0,0.0,0.0,0.0,0.0,0.0,0.0,0.0,0.0,0.0,0.0,6.0,6.0,33.33,100.0,100.0
147A,pass@20,0.0,0.0,0.0,0.0,0.0,0.0,0.0,0.0,0.0,0.0,0.0,0.0,0.0,5.0,5.0,40.0,100.0,100.0
147A,pass@21,0.0,0.0,0.0,0.0,0.0,0.0,0.0,0.0,0.0,0.0,0.0,0.0,0.0,5.0,5.0,40.0,100.0,100.0
147A,pass@23,1.0,2.0,1.0,2.0,3.0,3.0,2.0,4.75,0.5,2.38,0.13,0.0016,0.0,5.0,6.0,40.0,100.0,100.0
147A,pass@30,0.0,0.0,0.0,0.0,0.0,0.0,0.0,0.0,0.0,0.0,0.0,0.0,0.0,6.0,6.0,50.0,100.0,100.0
147A,pass@25,0.0,0.0,0.0,0.0,0.0,0.0,0.0,0.0,0.0,0.0,0.0,0.0,0.0,6.0,6.0,50.0,100.0,100.0
147A,pass@27,0.0,0.0,0.0,0.0,0.0,0.0,0.0,0.0,0.0,0.0,0.0,0.0,0.0,6.0,6.0,50.0,100.0,100.0
147A,pass@19,0.0,0.0,0.0,0.0,0.0,0.0,0.0,0.0,0.0,0.0,0.0,0.0,0.0,6.0,6.0,33.33,100.0,100.0
147A,pass@32,0.0,0.0,0.0,0.0,0.0,0.0,0.0,0.0,0.0,0.0,0.0,0.0,0.0,5.0,5.0,40.0,100.0,100.0
147A,pass@28,0.0,0.0,0.0,0.0,0.0,0.0,0.0,0.0,0.0,0.0,0.0,0.0,0.0,5.0,5.0,40.0,100.0,100.0
147A,pass@24,0.0,0.0,0.0,0.0,0.0,0.0,0.0,0.0,0.0,0.0,0.0,0.0,0.0,5.0,5.0,40.0,100.0,100.0
147A,pass@31,0.0,0.0,0.0,0.0,0.0,0.0,0.0,0.0,0.0,0.0,0.0,0.0,0.0,6.0,6.0,50.0,100.0,100.0
147A,pass@22,0.0,0.0,0.0,0.0,0.0,0.0,0.0,0.0,0.0,0.0,0.0,0.0,0.0,6.0,6.0,50.0,100.0,100.0
15E,pass@4,6.0,21.0,18.0,36.0,27.0,54.0,107.75,256.76,5.14,1320.5,73.36,0.0856,0.0,13.0,13.0,0.0,58.29,58.83
15E,pass@16,6.0,31.0,26.0,52.0,37.0,78.0,169.09,406.34,5.03,2044.79,113.6,0.1354,0.0,16.0,16.0,0.0,54.93,55.47
15E,pass@10,6.0,19.0,14.0,28.0,25.0,42.0,96.22,195.04,4.42,862.29,47.91,0.065,0.0,13.0,13.0,7.69,75.16,75.56
15E,pass@3,5.0,27.0,21.0,42.0,32.0,63.0,139.99,315.0,3.89,1225.0,68.06,0.105,0.0,17.0,17.0,5.88,69.21,69.75
15E,pass@14,7.0,30.0,22.0,44.0,37.0,66.0,166.86,343.82,5.13,1764.96,98.05,0.1146,0.0,18.0,18.0,0.0,54.32,54.86
15E,pass@11,6.0,28.0,23.0,46.0,34.0,69.0,150.12,351.03,4.93,1730.1,96.12,0.117,0.0,17.0,17.0,0.0,54.8,55.34
15E,pass@6,5.0,23.0,16.0,32.0,28.0,48.0,115.65,230.75,3.48,802.62,44.59,0.0769,0.0,17.0,17.0,11.76,75.15,75.69
15E,pass@7,9.0,35.0,36.0,71.0,44.0,107.0,208.05,584.16,9.13,5332.54,296.25,0.1947,4.0,21.0,21.0,4.76,63.49,64.02
15E,pass@1,9.0,36.0,34.0,67.0,45.0,101.0,214.65,554.68,8.38,4645.42,258.08,0.1849,4.0,22.0,22.0,4.55,62.93,63.47
15E,pass@12,9.0,38.0,37.0,73.0,47.0,110.0,227.95,611.0,8.64,5281.98,293.44,0.2037,4.0,22.0,22.0,4.55,62.63,63.17
15E,pass@2,9.0,41.0,44.0,87.0,50.0,131.0,248.19,739.35,9.55,7059.84,392.21,0.2464,4.0,26.0,26.0,3.85,59.39,60.07
15E,pass@5,9.0,41.0,44.0,87.0,50.0,131.0,248.19,739.35,9.55,7059.84,392.21,0.2464,4.0,28.0,28.0,3.57,58.29,58.97
15E,pass@13,9.0,37.0,37.0,73.0,46.0,110.0,221.28,607.59,8.88,5394.43,299.69,0.2025,4.0,25.0,25.0,8.0,65.11,65.65
15E,pass@15,9.0,43.0,45.0,89.0,52.0,134.0,261.86,763.86,9.31,7114.55,395.25,0.2546,4.0,27.0,27.0,3.7,58.73,59.4
15E,pass@9,9.0,42.0,43.0,85.0,51.0,128.0,255.01,726.07,9.11,6612.43,367.36,0.242,4.0,26.0,26.0,7.69,63.78,64.46
15E,pass@18,6.0,30.0,25.0,50.0,36.0,75.0,162.72,387.74,5.0,1938.72,107.71,0.1292,0.0,18.0,18.0,0.0,53.95,54.49
15E,pass@19,5.0,18.0,15.0,30.0,23.0,45.0,86.67,203.56,4.17,848.17,47.12,0.0679,0.0,16.0,16.0,0.0,57.03,57.57
15E,pass@21,5.0,20.0,17.0,34.0,25.0,51.0,98.05,236.84,4.25,1006.56,55.92,0.0789,0.0,16.0,16.0,0.0,56.57,57.11
15E,pass@17,9.0,40.0,39.0,77.0,49.0,116.0,241.41,651.31,8.66,5641.94,313.44,0.2171,4.0,22.0,22.0,4.55,62.44,62.98
15E,pass@20,4.0,21.0,17.0,34.0,25.0,51.0,100.24,236.84,3.24,766.9,42.61,0.0789,0.0,16.0,16.0,0.0,56.57,57.11
15E,pass@26,6.0,22.0,16.0,32.0,28.0,48.0,113.62,230.75,4.36,1006.92,55.94,0.0769,0.0,13.0,13.0,0.0,58.62,59.15
15E,pass@23,5.0,26.0,24.0,48.0,31.0,72.0,133.82,356.7,4.62,1646.32,91.46,0.1189,0.0,21.0,21.0,4.76,65.52,66.06
15E,pass@25,6.0,31.0,24.0,48.0,37.0,72.0,169.09,375.08,4.65,1742.31,96.8,0.125,0.0,18.0,18.0,0.0,54.06,54.59
15E,pass@29,5.0,27.0,24.0,48.0,32.0,72.0,139.99,360.0,4.44,1600.0,88.89,0.12,0.0,16.0,16.0,0.0,55.3,55.83
15E,pass@31,5.0,13.0,11.0,22.0,18.0,33.0,59.72,137.61,4.23,582.19,32.34,0.0459,0.0,14.0,14.0,0.0,59.49,60.02
15E,pass@27,6.0,26.0,24.0,48.0,32.0,72.0,137.72,360.0,5.54,1993.85,110.77,0.12,0.0,21.0,21.0,0.0,52.72,53.26
15E,pass@30,6.0,26.0,21.0,42.0,32.0,63.0,137.72,315.0,4.85,1526.54,84.81,0.105,0.0,19.0,19.0,5.26,67.46,67.99
15E,pass@24,9.0,39.0,39.0,77.0,48.0,116.0,234.66,647.86,8.88,5755.95,319.77,0.216,4.0,29.0,29.0,3.45,58.18,58.85
15E,pass@32,6.0,24.0,19.0,38.0,30.0,57.0,125.55,279.69,4.75,1328.54,73.81,0.0932,0.0,24.0,24.0,20.83,75.53,76.47
15E,pass@28,10.0,59.0,62.0,123.0,69.0,185.0,380.3,1130.08,10.42,11779.62,654.42,0.3767,4.0,32.0,32.0,15.62,65.94,66.61
15E,pass@22,6.0,21.0,21.0,42.0,27.0,63.0,107.75,299.56,6.0,1797.35,99.85,0.0999,0.0,25.0,25.0,44.0,80.04,80.84
151A,pass@1,2.0,10.0,5.0,10.0,12.0,15.0,35.22,53.77,1.0,53.77,2.99,0.0179,0.0,7.0,7.0,0.0,69.31,69.45
151A,pass@10,2.0,10.0,5.0,10.0,12.0,15.0,35.22,53.77,1.0,53.77,2.99,0.0179,0.0,7.0,7.0,0.0,69.31,69.45
151A,pass@16,2.0,10.0,5.0,10.0,12.0,15.0,35.22,53.77,1.0,53.77,2.99,0.0179,0.0,7.0,7.0,0.0,69.31,69.45
151A,pass@6,2.0,10.0,5.0,10.0,12.0,15.0,35.22,53.77,1.0,53.77,2.99,0.0179,0.0,7.0,7.0,0.0,69.31,69.45
151A,pass@4,2.0,10.0,5.0,10.0,12.0,15.0,35.22,53.77,1.0,53.77,2.99,0.0179,0.0,7.0,7.0,0.0,69.31,69.45
151A,pass@2,2.0,10.0,5.0,10.0,12.0,15.0,35.22,53.77,1.0,53.77,2.99,0.0179,0.0,7.0,7.0,0.0,69.31,69.45
151A,pass@14,2.0,10.0,5.0,10.0,12.0,15.0,35.22,53.77,1.0,53.77,2.99,0.0179,0.0,7.0,7.0,0.0,69.31,69.45
151A,pass@7,2.0,10.0,5.0,10.0,12.0,15.0,35.22,53.77,1.0,53.77,2.99,0.0179,0.0,7.0,7.0,0.0,69.31,69.45
151A,pass@15,2.0,10.0,5.0,10.0,12.0,15.0,35.22,53.77,1.0,53.77,2.99,0.0179,0.0,7.0,7.0,0.0,69.31,69.45
151A,pass@11,2.0,10.0,5.0,10.0,12.0,15.0,35.22,53.77,1.0,53.77,2.99,0.0179,0.0,7.0,7.0,0.0,69.31,69.45
151A,pass@9,2.0,10.0,5.0,10.0,12.0,15.0,35.22,53.77,1.0,53.77,2.99,0.0179,0.0,7.0,7.0,0.0,69.31,69.45
151A,pass@12,2.0,10.0,5.0,10.0,12.0,15.0,35.22,53.77,1.0,53.77,2.99,0.0179,0.0,7.0,7.0,0.0,69.31,69.45
151A,pass@8,2.0,10.0,5.0,10.0,12.0,15.0,35.22,53.77,1.0,53.77,2.99,0.0179,0.0,7.0,7.0,0.0,69.31,69.45
151A,pass@13,2.0,10.0,5.0,10.0,12.0,15.0,35.22,53.77,1.0,53.77,2.99,0.0179,0.0,7.0,7.0,0.0,69.31,69.45
151A,pass@5,2.0,10.0,5.0,10.0,12.0,15.0,35.22,53.77,1.0,53.77,2.99,0.0179,0.0,7.0,7.0,0.0,69.31,69.45
151A,pass@3,2.0,10.0,5.0,10.0,12.0,15.0,35.22,53.77,1.0,53.77,2.99,0.0179,0.0,7.0,7.0,0.0,69.31,69.45
151A,pass@17,2.0,10.0,5.0,10.0,12.0,15.0,35.22,53.77,1.0,53.77,2.99,0.0179,0.0,7.0,7.0,0.0,69.31,69.45
151A,pass@19,2.0,10.0,5.0,10.0,12.0,15.0,35.22,53.77,1.0,53.77,2.99,0.0179,0.0,7.0,7.0,0.0,69.31,69.45
151A,pass@21,2.0,12.0,7.0,14.0,14.0,21.0,45.02,79.95,1.17,93.28,5.18,0.0267,0.0,6.0,6.0,0.0,69.57,69.7
151A,pass@20,2.0,10.0,5.0,10.0,12.0,15.0,35.22,53.77,1.0,53.77,2.99,0.0179,0.0,7.0,7.0,0.0,69.31,69.45
151A,pass@23,2.0,10.0,5.0,10.0,12.0,15.0,35.22,53.77,1.0,53.77,2.99,0.0179,0.0,7.0,7.0,0.0,69.31,69.45
151A,pass@22,2.0,10.0,5.0,10.0,12.0,15.0,35.22,53.77,1.0,53.77,2.99,0.0179,0.0,7.0,7.0,0.0,69.31,69.45
151A,pass@26,2.0,10.0,5.0,10.0,12.0,15.0,35.22,53.77,1.0,53.77,2.99,0.0179,0.0,7.0,7.0,0.0,69.31,69.45
151A,pass@28,2.0,10.0,5.0,10.0,12.0,15.0,35.22,53.77,1.0,53.77,2.99,0.0179,0.0,7.0,7.0,0.0,69.31,69.45
151A,pass@30,2.0,10.0,5.0,10.0,12.0,15.0,35.22,53.77,1.0,53.77,2.99,0.0179,0.0,7.0,7.0,0.0,69.31,69.45
151A,pass@27,2.0,10.0,5.0,10.0,12.0,15.0,35.22,53.77,1.0,53.77,2.99,0.0179,0.0,7.0,7.0,0.0,69.31,69.45
151A,pass@29,2.0,10.0,5.0,10.0,12.0,15.0,35.22,53.77,1.0,53.77,2.99,0.0179,0.0,7.0,7.0,0.0,69.31,69.45
151A,pass@31,2.0,10.0,5.0,10.0,12.0,15.0,35.22,53.77,1.0,53.77,2.99,0.0179,0.0,7.0,7.0,0.0,69.31,69.45
151A,pass@18,2.0,10.0,5.0,10.0,12.0,15.0,35.22,53.77,1.0,53.77,2.99,0.0179,0.0,7.0,7.0,0.0,69.31,69.45
151A,pass@32,2.0,10.0,5.0,10.0,12.0,15.0,35.22,53.77,1.0,53.77,2.99,0.0179,0.0,7.0,7.0,0.0,69.31,69.45
151A,pass@25,2.0,10.0,5.0,10.0,12.0,15.0,35.22,53.77,1.0,53.77,2.99,0.0179,0.0,7.0,7.0,0.0,69.31,69.45
151A,pass@24,2.0,10.0,5.0,10.0,12.0,15.0,35.22,53.77,1.0,53.77,2.99,0.0179,0.0,7.0,7.0,0.0,69.31,69.45
166A,pass@4,4.0,6.0,4.0,7.0,10.0,11.0,23.51,36.54,2.33,85.26,4.74,0.0122,0.0,13.0,13.0,15.38,85.45,85.99
166A,pass@2,5.0,10.0,6.0,11.0,15.0,17.0,44.83,66.42,2.75,182.65,10.15,0.0221,0.0,12.0,12.0,16.67,84.92,85.59
166A,pass@5,7.0,14.0,12.0,22.0,21.0,34.0,72.95,149.34,5.5,821.36,45.63,0.0498,0.0,18.0,18.0,5.56,70.31,71.11
166A,pass@7,7.0,14.0,12.0,22.0,21.0,34.0,72.95,149.34,5.5,821.36,45.63,0.0498,0.0,18.0,18.0,5.56,70.31,71.11
166A,pass@15,4.0,6.0,4.0,7.0,10.0,11.0,23.51,36.54,2.33,85.26,4.74,0.0122,0.0,12.0,12.0,0.0,64.98,65.52
166A,pass@3,7.0,14.0,12.0,22.0,21.0,34.0,72.95,149.34,5.5,821.36,45.63,0.0498,0.0,21.0,21.0,4.76,67.9,68.71
166A,pass@1,5.0,10.0,6.0,11.0,15.0,17.0,44.83,66.42,2.75,182.65,10.15,0.0221,0.0,13.0,13.0,15.38,83.5,84.17
166A,pass@12,7.0,14.0,12.0,22.0,21.0,34.0,72.95,149.34,5.5,821.36,45.63,0.0498,0.0,18.0,18.0,5.56,70.31,71.11
166A,pass@11,7.0,14.0,12.0,22.0,21.0,34.0,72.95,149.34,5.5,821.36,45.63,0.0498,0.0,21.0,21.0,9.52,72.58,73.38
166A,pass@8,7.0,14.0,12.0,22.0,21.0,34.0,72.95,149.34,5.5,821.36,45.63,0.0498,0.0,21.0,21.0,4.76,67.9,68.71
166A,pass@14,7.0,14.0,12.0,22.0,21.0,34.0,72.95,149.34,5.5,821.36,45.63,0.0498,0.0,21.0,21.0,4.76,67.9,68.71
166A,pass@16,7.0,14.0,12.0,22.0,21.0,34.0,72.95,149.34,5.5,821.36,45.63,0.0498,0.0,20.0,20.0,10.0,73.41,74.21
166A,pass@10,7.0,14.0,12.0,22.0,21.0,34.0,72.95,149.34,5.5,821.36,45.63,0.0498,0.0,21.0,21.0,9.52,72.58,73.38
166A,pass@13,7.0,14.0,12.0,22.0,21.0,34.0,72.95,149.34,5.5,821.36,45.63,0.0498,0.0,21.0,21.0,4.76,67.9,68.71
166A,pass@6,7.0,14.0,12.0,22.0,21.0,34.0,72.95,149.34,5.5,821.36,45.63,0.0498,0.0,21.0,21.0,9.52,72.58,73.38
166A,pass@9,7.0,14.0,12.0,22.0,21.0,34.0,72.95,149.34,5.5,821.36,45.63,0.0498,0.0,21.0,21.0,4.76,67.9,68.71
166A,pass@18,7.0,14.0,12.0,22.0,21.0,34.0,72.95,149.34,5.5,821.36,45.63,0.0498,0.0,20.0,20.0,5.0,68.66,69.46
166A,pass@17,7.0,14.0,12.0,22.0,21.0,34.0,72.95,149.34,5.5,821.36,45.63,0.0498,0.0,21.0,21.0,9.52,72.58,73.38
166A,pass@20,4.0,6.0,4.0,7.0,10.0,11.0,23.51,36.54,2.33,85.26,4.74,0.0122,0.0,12.0,12.0,8.33,81.44,81.98
166A,pass@27,4.0,6.0,4.0,7.0,10.0,11.0,23.51,36.54,2.33,85.26,4.74,0.0122,0.0,13.0,13.0,15.38,85.45,85.99
166A,pass@22,7.0,14.0,12.0,22.0,21.0,34.0,72.95,149.34,5.5,821.36,45.63,0.0498,0.0,21.0,21.0,4.76,67.9,68.71
166A,pass@28,7.0,14.0,12.0,22.0,21.0,34.0,72.95,149.34,5.5,821.36,45.63,0.0498,0.0,20.0,20.0,5.0,68.66,69.46
166A,pass@32,5.0,15.0,10.0,19.0,20.0,29.0,70.21,125.34,3.17,396.9,22.05,0.0418,0.0,15.0,15.0,13.33,78.78,79.73
166A,pass@31,7.0,14.0,12.0,22.0,21.0,34.0,72.95,149.34,5.5,821.36,45.63,0.0498,0.0,20.0,20.0,10.0,73.41,74.21
166A,pass@26,7.0,14.0,12.0,22.0,21.0,34.0,72.95,149.34,5.5,821.36,45.63,0.0498,0.0,21.0,21.0,4.76,67.9,68.71
166A,pass@19,7.0,14.0,12.0,22.0,21.0,34.0,72.95,149.34,5.5,821.36,45.63,0.0498,0.0,22.0,22.0,4.55,67.19,67.99
166A,pass@29,7.0,14.0,12.0,22.0,21.0,34.0,72.95,149.34,5.5,821.36,45.63,0.0498,0.0,21.0,21.0,4.76,67.9,68.71
166A,pass@21,7.0,14.0,12.0,22.0,21.0,34.0,72.95,149.34,5.5,821.36,45.63,0.0498,0.0,22.0,22.0,4.55,67.19,67.99
166A,pass@23,7.0,14.0,12.0,22.0,21.0,34.0,72.95,149.34,5.5,821.36,45.63,0.0498,0.0,21.0,21.0,4.76,67.9,68.71
166A,pass@24,7.0,14.0,12.0,22.0,21.0,34.0,72.95,149.34,5.5,821.36,45.63,0.0498,0.0,21.0,21.0,9.52,72.58,73.38
166A,pass@30,7.0,14.0,12.0,22.0,21.0,34.0,72.95,149.34,5.5,821.36,45.63,0.0498,0.0,21.0,21.0,4.76,67.9,68.71
166A,pass@25,7.0,14.0,12.0,22.0,21.0,34.0,72.95,149.34,5.5,821.36,45.63,0.0498,0.0,21.0,21.0,4.76,67.9,68.71
168C,pass@3,5.0,14.0,11.0,22.0,19.0,33.0,64.91,140.18,3.93,550.71,30.6,0.0467,0.0,16.0,16.0,31.25,84.95,85.49
168C,pass@9,6.0,16.0,12.0,24.0,22.0,36.0,79.51,160.54,4.5,722.43,40.13,0.0535,0.0,19.0,19.0,10.53,74.2,74.87
168C,pass@16,7.0,18.0,14.0,28.0,25.0,42.0,94.71,195.04,5.44,1061.9,58.99,0.065,6.0,25.0,25.0,8.0,68.84,68.84
168C,pass@6,7.0,16.0,12.0,24.0,23.0,36.0,83.65,162.85,5.25,854.95,47.5,0.0543,0.0,21.0,21.0,14.29,75.49,76.3
168C,pass@12,6.0,16.0,12.0,24.0,22.0,36.0,79.51,160.54,4.5,722.43,40.13,0.0535,6.0,26.0,26.0,7.69,68.78,68.78
168C,pass@11,7.0,17.0,13.0,26.0,24.0,39.0,89.14,178.81,5.35,957.18,53.18,0.0596,6.0,25.0,25.0,8.0,69.1,69.1
168C,pass@10,7.0,16.0,13.0,26.0,23.0,39.0,83.65,176.42,5.69,1003.38,55.74,0.0588,0.0,22.0,22.0,22.73,78.72,79.4
168C,pass@14,7.0,16.0,12.0,24.0,23.0,36.0,83.65,162.85,5.25,854.95,47.5,0.0543,0.0,20.0,20.0,25.0,80.48,81.29
168C,pass@4,10.0,21.0,17.0,32.0,31.0,49.0,125.46,242.76,7.62,1849.57,102.75,0.0809,0.0,21.0,21.0,23.81,78.29,79.23
168C,pass@2,8.0,21.0,15.0,30.0,29.0,45.0,116.24,218.61,5.71,1249.2,69.4,0.0729,0.0,20.0,20.0,25.0,79.59,80.39
168C,pass@5,7.0,16.0,12.0,24.0,23.0,36.0,83.65,162.85,5.25,854.95,47.5,0.0543,0.0,21.0,21.0,23.81,79.64,80.45
168C,pass@15,6.0,15.0,12.0,24.0,21.0,36.0,74.11,158.12,4.8,758.99,42.17,0.0527,0.0,18.0,18.0,27.78,82.63,83.17
168C,pass@7,7.0,17.0,13.0,26.0,24.0,39.0,89.14,178.81,5.35,957.18,53.18,0.0596,0.0,19.0,19.0,26.32,81.21,81.88
168C,pass@1,6.0,17.0,13.0,26.0,23.0,39.0,85.0,176.42,4.59,809.45,44.97,0.0588,5.0,26.0,26.0,19.23,75.79,75.79
168C,pass@8,7.0,17.0,13.0,26.0,24.0,39.0,89.14,178.81,5.35,957.18,53.18,0.0596,6.0,26.0,26.0,15.38,73.79,73.79
168C,pass@13,7.0,16.0,12.0,24.0,23.0,36.0,83.65,162.85,5.25,854.95,47.5,0.0543,0.0,22.0,22.0,22.73,78.83,79.64
168C,pass@18,7.0,17.0,13.0,26.0,24.0,39.0,89.14,178.81,5.35,957.18,53.18,0.0596,0.0,20.0,20.0,10.0,72.99,73.67
168C,pass@21,6.0,16.0,12.0,24.0,22.0,36.0,79.51,160.54,4.5,722.43,40.13,0.0535,0.0,20.0,20.0,10.0,73.19,73.99
168C,pass@17,6.0,16.0,12.0,24.0,22.0,36.0,79.51,160.54,4.5,722.43,40.13,0.0535,0.0,20.0,20.0,25.0,80.53,81.33
168C,pass@25,6.0,16.0,13.0,26.0,22.0,39.0,79.51,173.92,4.88,847.85,47.1,0.058,0.0,23.0,23.0,8.7,70.58,71.38
168C,pass@22,7.0,17.0,13.0,26.0,24.0,39.0,89.14,178.81,5.35,957.18,53.18,0.0596,6.0,25.0,25.0,8.0,69.1,69.1
168C,pass@19,7.0,16.0,12.0,24.0,23.0,36.0,83.65,162.85,5.25,854.95,47.5,0.0543,0.0,19.0,19.0,26.32,81.5,82.17
168C,pass@23,7.0,17.0,13.0,26.0,24.0,39.0,89.14,178.81,5.35,957.18,53.18,0.0596,0.0,19.0,19.0,26.32,81.21,81.88
168C,pass@28,7.0,16.0,12.0,24.0,23.0,36.0,83.65,162.85,5.25,854.95,47.5,0.0543,0.0,21.0,21.0,9.52,72.31,73.12
168C,pass@20,7.0,17.0,13.0,26.0,24.0,39.0,89.14,178.81,5.35,957.18,53.18,0.0596,5.0,25.0,25.0,12.0,72.29,72.29
168C,pass@30,6.0,16.0,12.0,24.0,22.0,36.0,79.51,160.54,4.5,722.43,40.13,0.0535,0.0,20.0,20.0,10.0,73.19,73.99
168C,pass@24,6.0,16.0,13.0,26.0,22.0,39.0,79.51,173.92,4.88,847.85,47.1,0.058,5.0,23.0,23.0,8.7,70.71,70.71
168C,pass@29,10.0,22.0,17.0,32.0,32.0,49.0,131.33,245.0,7.27,1781.82,98.99,0.0817,0.0,19.0,19.0,26.32,79.98,80.93
168C,pass@26,7.0,18.0,13.0,26.0,25.0,39.0,94.71,181.11,5.06,915.61,50.87,0.0604,0.0,25.0,25.0,20.0,76.13,77.08
168C,pass@31,7.0,18.0,14.0,28.0,25.0,42.0,94.71,195.04,5.44,1061.9,58.99,0.065,5.0,25.0,25.0,20.0,76.18,76.18
168C,pass@27,6.0,16.0,13.0,26.0,22.0,39.0,79.51,173.92,4.88,847.85,47.1,0.058,5.0,24.0,24.0,20.83,77.24,77.24
168C,pass@32,7.0,17.0,13.0,26.0,24.0,39.0,89.14,178.81,5.35,957.18,53.18,0.0596,6.0,25.0,25.0,12.0,72.16,72.16
173A,pass@4,7.0,30.0,23.0,47.0,37.0,70.0,166.86,364.66,5.48,1999.56,111.09,0.1216,8.0,31.0,31.0,0.0,48.18,48.45
173A,pass@14,7.0,32.0,24.0,49.0,39.0,73.0,179.65,385.83,5.36,2067.83,114.88,0.1286,10.0,35.0,35.0,5.71,60.63,60.76
173A,pass@2,8.0,33.0,33.0,64.0,41.0,97.0,190.47,519.68,7.76,4031.48,223.97,0.1732,10.0,41.0,41.0,4.88,56.7,57.38
173A,pass@5,7.0,32.0,24.0,49.0,39.0,73.0,179.65,385.83,5.36,2067.83,114.88,0.1286,10.0,37.0,37.0,5.41,59.75,59.88
173A,pass@13,7.0,36.0,36.0,74.0,43.0,110.0,205.77,596.89,7.19,4294.29,238.57,0.199,0.0,31.0,31.0,3.23,56.38,58.66
173A,pass@3,7.0,28.0,23.0,47.0,35.0,70.0,154.26,359.05,5.88,2109.42,117.19,0.1197,8.0,34.0,34.0,2.94,57.53,57.8
173A,pass@1,8.0,31.0,24.0,49.0,39.0,73.0,177.58,385.83,6.32,2439.47,135.53,0.1286,0.0,33.0,31.0,9.09,64.71,66.46
173A,pass@15,8.0,31.0,24.0,49.0,39.0,73.0,177.58,385.83,6.32,2439.47,135.53,0.1286,0.0,33.0,33.0,9.09,64.12,65.87
173A,pass@16,7.0,28.0,25.0,51.0,35.0,76.0,154.26,389.83,6.38,2485.14,138.06,0.1299,8.0,34.0,34.0,2.94,57.28,57.55
173A,pass@11,7.0,30.0,26.0,53.0,37.0,79.0,166.86,411.55,6.18,2544.73,141.37,0.1372,10.0,36.0,36.0,5.56,59.98,60.12
173A,pass@6,7.0,32.0,24.0,49.0,39.0,73.0,179.65,385.83,5.36,2067.83,114.88,0.1286,10.0,37.0,37.0,5.41,59.75,59.88
173A,pass@8,7.0,30.0,26.0,53.0,37.0,79.0,166.86,411.55,6.18,2544.73,141.37,0.1372,10.0,36.0,36.0,8.33,62.73,62.87
173A,pass@9,9.0,41.0,27.0,55.0,50.0,82.0,248.19,462.8,6.04,2793.71,155.21,0.1543,10.0,42.0,42.0,0.0,44.58,44.58
173A,pass@7,7.0,30.0,25.0,51.0,37.0,76.0,166.86,395.92,5.95,2355.71,130.87,0.132,8.0,34.0,34.0,2.94,57.23,57.5
173A,pass@10,7.0,39.0,28.0,57.0,46.0,85.0,225.78,469.5,5.12,2401.69,133.43,0.1565,13.0,48.0,48.0,0.0,43.14,42.87
173A,pass@12,9.0,39.0,37.0,75.0,48.0,112.0,234.66,625.52,8.65,5413.12,300.73,0.2085,0.0,53.0,53.0,16.98,62.56,64.85
173A,pass@17,7.0,28.0,25.0,51.0,35.0,76.0,154.26,389.83,6.38,2485.14,138.06,0.1299,8.0,32.0,32.0,0.0,47.68,47.95
173A,pass@20,7.0,28.0,25.0,51.0,35.0,76.0,154.26,389.83,6.38,2485.14,138.06,0.1299,8.0,33.0,33.0,0.0,47.39,47.66
173A,pass@19,7.0,28.0,25.0,51.0,35.0,76.0,154.26,389.83,6.38,2485.14,138.06,0.1299,8.0,33.0,33.0,3.03,57.71,57.98
173A,pass@23,7.0,28.0,21.0,43.0,35.0,64.0,154.26,328.27,5.38,1764.47,98.03,0.1094,8.0,31.0,31.0,9.68,65.8,66.34
173A,pass@18,7.0,36.0,36.0,74.0,43.0,110.0,205.77,596.89,7.19,4294.29,238.57,0.199,0.0,32.0,32.0,9.38,62.77,65.06
173A,pass@27,7.0,30.0,26.0,53.0,37.0,79.0,166.86,411.55,6.18,2544.73,141.37,0.1372,10.0,36.0,36.0,5.56,59.98,60.12
173A,pass@22,7.0,28.0,25.0,51.0,35.0,76.0,154.26,389.83,6.38,2485.14,138.06,0.1299,8.0,33.0,33.0,3.03,57.71,57.98
173A,pass@21,7.0,34.0,35.0,72.0,41.0,107.0,192.63,573.26,7.41,4248.85,236.05,0.1911,0.0,31.0,31.0,9.68,63.44,65.72
173A,pass@26,9.0,40.0,30.0,61.0,49.0,91.0,241.41,510.94,6.86,3506.32,194.8,0.1703,10.0,37.0,37.0,0.0,45.08,45.48
173A,pass@24,8.0,33.0,25.0,51.0,41.0,76.0,190.47,407.17,6.18,2517.08,139.84,0.1357,8.0,39.0,39.0,7.69,61.16,61.84
173A,pass@25,7.0,32.0,26.0,53.0,39.0,79.0,179.65,417.55,5.8,2420.47,134.47,0.1392,10.0,37.0,37.0,8.11,62.23,62.36
173A,pass@30,7.0,30.0,23.0,47.0,37.0,70.0,166.86,364.66,5.48,1999.56,111.09,0.1216,8.0,32.0,32.0,0.0,47.88,48.15
173A,pass@31,7.0,30.0,23.0,47.0,37.0,70.0,166.86,364.66,5.48,1999.56,111.09,0.1216,8.0,36.0,36.0,8.33,63.1,63.5
173A,pass@29,7.0,30.0,25.0,51.0,37.0,76.0,166.86,395.92,5.95,2355.71,130.87,0.132,8.0,43.0,43.0,4.65,57.34,57.74
173A,pass@28,12.0,48.0,38.0,75.0,60.0,113.0,311.1,667.48,9.38,6257.61,347.65,0.2225,8.0,56.0,56.0,3.57,51.5,52.17
173A,pass@32,7.0,28.0,25.0,51.0,35.0,76.0,154.26,389.83,6.38,2485.14,138.06,0.1299,8.0,35.0,35.0,2.86,56.86,57.13
175C,pass@2,8.0,19.0,17.0,34.0,27.0,51.0,104.71,242.5,7.16,1735.78,96.43,0.0808,0.0,26.0,26.0,3.85,63.05,63.99
175C,pass@15,8.0,20.0,15.0,30.0,28.0,45.0,110.44,216.33,6.0,1297.99,72.11,0.0721,0.0,28.0,28.0,3.57,62.3,63.24
175C,pass@14,8.0,17.0,15.0,30.0,25.0,45.0,93.49,208.97,7.06,1475.11,81.95,0.0697,0.0,31.0,31.0,3.23,60.91,61.85
175C,pass@5,8.0,18.0,17.0,34.0,26.0,51.0,99.06,239.72,7.56,1811.24,100.62,0.0799,0.0,25.0,25.0,4.0,63.54,64.62
175C,pass@16,7.0,16.0,15.0,30.0,23.0,45.0,83.65,203.56,6.56,1335.86,74.21,0.0679,0.0,28.0,28.0,7.14,66.7,67.64
175C,pass@6,7.0,16.0,14.0,28.0,23.0,42.0,83.65,189.99,6.12,1163.69,64.65,0.0633,0.0,29.0,29.0,6.9,66.47,67.28
175C,pass@10,8.0,19.0,19.0,38.0,27.0,57.0,104.71,271.03,8.0,2168.23,120.46,0.0903,0.0,26.0,26.0,7.69,66.92,67.99
175C,pass@3,8.0,19.0,19.0,38.0,27.0,57.0,104.71,271.03,8.0,2168.23,120.46,0.0903,0.0,26.0,26.0,3.85,62.58,63.66
175C,pass@9,8.0,17.0,15.0,30.0,25.0,45.0,93.49,208.97,7.06,1475.11,81.95,0.0697,0.0,31.0,31.0,6.45,64.97,65.91
175C,pass@7,7.0,16.0,15.0,30.0,23.0,45.0,83.65,203.56,6.56,1335.86,74.21,0.0679,0.0,28.0,28.0,7.14,66.7,67.64
175C,pass@11,7.0,15.0,16.0,32.0,22.0,48.0,78.25,214.05,7.47,1598.26,88.79,0.0714,0.0,26.0,26.0,7.69,67.63,68.71
175C,pass@12,7.0,16.0,14.0,28.0,23.0,42.0,83.65,189.99,6.12,1163.69,64.65,0.0633,0.0,29.0,29.0,3.45,62.31,63.12
175C,pass@8,8.0,17.0,15.0,30.0,25.0,45.0,93.49,208.97,7.06,1475.11,81.95,0.0697,0.0,32.0,32.0,6.25,64.46,65.4
175C,pass@13,8.0,17.0,15.0,30.0,25.0,45.0,93.49,208.97,7.06,1475.11,81.95,0.0697,0.0,32.0,32.0,6.25,64.46,65.4
175C,pass@4,8.0,17.0,17.0,34.0,25.0,51.0,93.49,236.84,8.0,1894.69,105.26,0.0789,0.0,25.0,25.0,8.0,67.98,69.05
175C,pass@1,7.0,17.0,14.0,28.0,24.0,42.0,89.14,192.57,5.76,1110.1,61.67,0.0642,0.0,29.0,29.0,6.9,66.43,67.24
175C,pass@26,5.0,17.0,15.0,30.0,22.0,45.0,81.1,200.67,4.41,885.33,49.18,0.0669,0.0,25.0,25.0,4.0,64.62,65.16
175C,pass@25,8.0,18.0,13.0,26.0,26.0,39.0,99.06,183.32,5.78,1059.17,58.84,0.0611,0.0,25.0,25.0,4.0,64.62,65.43
175C,pass@24,7.0,16.0,14.0,28.0,23.0,42.0,83.65,189.99,6.12,1163.69,64.65,0.0633,0.0,31.0,31.0,3.23,61.34,62.14
175C,pass@22,7.0,16.0,12.0,24.0,23.0,36.0,83.65,162.85,5.25,854.95,47.5,0.0543,0.0,27.0,27.0,7.41,68.11,68.92
175C,pass@18,7.0,16.0,14.0,28.0,23.0,42.0,83.65,189.99,6.12,1163.69,64.65,0.0633,0.0,28.0,28.0,7.14,67.05,67.85
175C,pass@20,8.0,17.0,17.0,34.0,25.0,51.0,93.49,236.84,8.0,1894.69,105.26,0.0789,0.0,25.0,25.0,8.0,67.98,69.05
175C,pass@21,8.0,19.0,17.0,34.0,27.0,51.0,104.71,242.5,7.16,1735.78,96.43,0.0808,0.0,26.0,26.0,3.85,63.05,63.99
175C,pass@23,7.0,17.0,15.0,30.0,24.0,45.0,89.14,206.32,6.18,1274.35,70.8,0.0688,0.0,29.0,29.0,10.34,69.16,69.97
175C,pass@17,7.0,17.0,14.0,28.0,24.0,42.0,89.14,192.57,5.76,1110.1,61.67,0.0642,0.0,29.0,29.0,6.9,66.43,67.24
175C,pass@19,10.0,21.0,18.0,36.0,31.0,54.0,125.46,267.53,8.57,2293.09,127.39,0.0892,0.0,32.0,32.0,6.25,63.57,64.65
175C,pass@28,7.0,16.0,15.0,30.0,23.0,45.0,83.65,203.56,6.56,1335.86,74.21,0.0679,0.0,28.0,28.0,7.14,66.7,67.64
175C,pass@32,8.0,17.0,15.0,30.0,25.0,45.0,93.49,208.97,7.06,1475.11,81.95,0.0697,0.0,31.0,31.0,6.45,64.97,65.91
175C,pass@29,8.0,19.0,17.0,34.0,27.0,51.0,104.71,242.5,7.16,1735.78,96.43,0.0808,0.0,26.0,26.0,3.85,63.05,63.99
175C,pass@30,9.0,19.0,16.0,32.0,28.0,48.0,109.24,230.75,7.58,1748.87,97.16,0.0769,0.0,29.0,29.0,3.45,61.59,62.53
175C,pass@27,8.0,17.0,15.0,30.0,25.0,45.0,93.49,208.97,7.06,1475.11,81.95,0.0697,0.0,32.0,32.0,3.12,60.45,61.39
175C,pass@31,8.0,17.0,17.0,34.0,25.0,51.0,93.49,236.84,8.0,1894.69,105.26,0.0789,0.0,26.0,26.0,3.85,62.99,64.07
177D1,pass@1,3.0,10.0,6.0,12.0,13.0,18.0,37.97,66.61,1.8,119.89,6.66,0.0222,0.0,7.0,7.0,0.0,68.39,68.8
177D1,pass@13,3.0,10.0,6.0,12.0,13.0,18.0,37.97,66.61,1.8,119.89,6.66,0.0222,0.0,7.0,7.0,0.0,68.39,68.8
177D1,pass@15,3.0,10.0,6.0,12.0,13.0,18.0,37.97,66.61,1.8,119.89,6.66,0.0222,0.0,7.0,7.0,0.0,68.39,68.8
177D1,pass@3,3.0,10.0,6.0,12.0,13.0,18.0,37.97,66.61,1.8,119.89,6.66,0.0222,0.0,7.0,7.0,0.0,68.39,68.8
177D1,pass@16,3.0,10.0,6.0,12.0,13.0,18.0,37.97,66.61,1.8,119.89,6.66,0.0222,0.0,7.0,7.0,0.0,68.39,68.8
177D1,pass@11,3.0,10.0,6.0,12.0,13.0,18.0,37.97,66.61,1.8,119.89,6.66,0.0222,0.0,7.0,7.0,0.0,68.39,68.8
177D1,pass@10,3.0,10.0,6.0,12.0,13.0,18.0,37.97,66.61,1.8,119.89,6.66,0.0222,0.0,7.0,7.0,0.0,68.39,68.8
177D1,pass@4,3.0,10.0,6.0,12.0,13.0,18.0,37.97,66.61,1.8,119.89,6.66,0.0222,0.0,7.0,7.0,0.0,68.39,68.8
177D1,pass@9,3.0,10.0,6.0,12.0,13.0,18.0,37.97,66.61,1.8,119.89,6.66,0.0222,0.0,7.0,7.0,0.0,68.39,68.8
177D1,pass@5,3.0,10.0,6.0,12.0,13.0,18.0,37.97,66.61,1.8,119.89,6.66,0.0222,0.0,7.0,7.0,0.0,68.39,68.8
177D1,pass@7,3.0,10.0,6.0,12.0,13.0,18.0,37.97,66.61,1.8,119.89,6.66,0.0222,0.0,7.0,7.0,0.0,68.39,68.8
177D1,pass@2,3.0,10.0,6.0,12.0,13.0,18.0,37.97,66.61,1.8,119.89,6.66,0.0222,0.0,7.0,7.0,0.0,68.39,68.8
177D1,pass@14,3.0,10.0,6.0,12.0,13.0,18.0,37.97,66.61,1.8,119.89,6.66,0.0222,0.0,7.0,7.0,0.0,68.39,68.8
177D1,pass@12,3.0,10.0,6.0,12.0,13.0,18.0,37.97,66.61,1.8,119.89,6.66,0.0222,0.0,7.0,7.0,0.0,68.39,68.8
177D1,pass@8,3.0,10.0,6.0,12.0,13.0,18.0,37.97,66.61,1.8,119.89,6.66,0.0222,0.0,7.0,7.0,0.0,68.39,68.8
177D1,pass@6,3.0,10.0,6.0,12.0,13.0,18.0,37.97,66.61,1.8,119.89,6.66,0.0222,0.0,7.0,7.0,0.0,68.39,68.8
177D1,pass@17,3.0,10.0,6.0,12.0,13.0,18.0,37.97,66.61,1.8,119.89,6.66,0.0222,0.0,7.0,7.0,0.0,68.39,68.8
177D1,pass@18,3.0,10.0,6.0,12.0,13.0,18.0,37.97,66.61,1.8,119.89,6.66,0.0222,0.0,7.0,7.0,0.0,68.39,68.8
177D1,pass@20,3.0,10.0,6.0,12.0,13.0,18.0,37.97,66.61,1.8,119.89,6.66,0.0222,0.0,7.0,7.0,0.0,68.39,68.8
177D1,pass@27,3.0,10.0,6.0,12.0,13.0,18.0,37.97,66.61,1.8,119.89,6.66,0.0222,0.0,7.0,7.0,0.0,68.39,68.8
177D1,pass@22,3.0,10.0,6.0,12.0,13.0,18.0,37.97,66.61,1.8,119.89,6.66,0.0222,0.0,7.0,7.0,0.0,68.39,68.8
177D1,pass@23,3.0,10.0,6.0,12.0,13.0,18.0,37.97,66.61,1.8,119.89,6.66,0.0222,0.0,7.0,7.0,0.0,68.39,68.8
177D1,pass@24,3.0,10.0,6.0,12.0,13.0,18.0,37.97,66.61,1.8,119.89,6.66,0.0222,0.0,7.0,7.0,0.0,68.39,68.8
177D1,pass@19,3.0,10.0,6.0,12.0,13.0,18.0,37.97,66.61,1.8,119.89,6.66,0.0222,0.0,7.0,7.0,0.0,68.39,68.8
177D1,pass@25,3.0,10.0,6.0,12.0,13.0,18.0,37.97,66.61,1.8,119.89,6.66,0.0222,0.0,7.0,7.0,0.0,68.39,68.8
177D1,pass@28,3.0,10.0,6.0,12.0,13.0,18.0,37.97,66.61,1.8,119.89,6.66,0.0222,0.0,7.0,7.0,0.0,68.39,68.8
177D1,pass@29,3.0,10.0,6.0,12.0,13.0,18.0,37.97,66.61,1.8,119.89,6.66,0.0222,0.0,7.0,7.0,0.0,68.39,68.8
177D1,pass@26,3.0,10.0,6.0,12.0,13.0,18.0,37.97,66.61,1.8,119.89,6.66,0.0222,0.0,7.0,7.0,0.0,68.39,68.8
177D1,pass@32,3.0,10.0,6.0,12.0,13.0,18.0,37.97,66.61,1.8,119.89,6.66,0.0222,0.0,7.0,7.0,0.0,68.39,68.8
177D1,pass@30,3.0,10.0,6.0,12.0,13.0,18.0,37.97,66.61,1.8,119.89,6.66,0.0222,0.0,7.0,7.0,0.0,68.39,68.8
177B1,pass@5,7.0,7.0,10.0,20.0,14.0,30.0,39.3,114.22,10.0,1142.21,63.46,0.0381,4.0,15.0,15.0,0.0,59.4,59.4
177B1,pass@3,7.0,7.0,10.0,20.0,14.0,30.0,39.3,114.22,10.0,1142.21,63.46,0.0381,4.0,15.0,15.0,0.0,59.4,59.4
177B1,pass@1,7.0,7.0,10.0,20.0,14.0,30.0,39.3,114.22,10.0,1142.21,63.46,0.0381,4.0,16.0,16.0,0.0,58.79,58.79
177B1,pass@2,7.0,7.0,10.0,20.0,14.0,30.0,39.3,114.22,10.0,1142.21,63.46,0.0381,4.0,16.0,16.0,6.25,73.27,73.27
177B1,pass@7,7.0,8.0,11.0,22.0,15.0,33.0,43.65,128.93,9.62,1240.93,68.94,0.043,5.0,18.0,18.0,0.0,57.17,57.17
177B1,pass@4,7.0,8.0,11.0,22.0,15.0,33.0,43.65,128.93,9.62,1240.93,68.94,0.043,5.0,18.0,18.0,0.0,57.17,57.17
177B1,pass@14,7.0,7.0,10.0,20.0,14.0,30.0,39.3,114.22,10.0,1142.21,63.46,0.0381,4.0,16.0,16.0,0.0,58.79,58.79
177B1,pass@8,7.0,8.0,11.0,22.0,15.0,33.0,43.65,128.93,9.62,1240.93,68.94,0.043,5.0,18.0,18.0,0.0,57.17,57.17
177B1,pass@11,7.0,8.0,11.0,22.0,15.0,33.0,43.65,128.93,9.62,1240.93,68.94,0.043,5.0,18.0,18.0,0.0,57.17,57.17
177B1,pass@13,7.0,8.0,11.0,22.0,15.0,33.0,43.65,128.93,9.62,1240.93,68.94,0.043,5.0,18.0,18.0,0.0,57.17,57.17
177B1,pass@10,7.0,7.0,10.0,20.0,14.0,30.0,39.3,114.22,10.0,1142.21,63.46,0.0381,4.0,16.0,16.0,0.0,58.79,58.79
177B1,pass@9,5.0,9.0,9.0,17.0,14.0,26.0,40.14,98.99,4.72,467.46,25.97,0.033,7.0,22.0,22.0,9.09,72.9,72.9
177B1,pass@16,5.0,9.0,8.0,15.0,14.0,23.0,40.14,87.57,4.17,364.87,20.27,0.0292,7.0,21.0,21.0,4.76,69.39,69.39
177B1,pass@6,7.0,8.0,11.0,22.0,15.0,33.0,43.65,128.93,9.62,1240.93,68.94,0.043,5.0,18.0,18.0,0.0,57.17,57.17
177B1,pass@15,7.0,8.0,11.0,22.0,15.0,33.0,43.65,128.93,9.62,1240.93,68.94,0.043,5.0,18.0,18.0,0.0,57.17,57.17
177B1,pass@12,7.0,8.0,11.0,22.0,15.0,33.0,43.65,128.93,9.62,1240.93,68.94,0.043,5.0,18.0,18.0,0.0,57.17,57.17
177B1,pass@17,7.0,7.0,10.0,20.0,14.0,30.0,39.3,114.22,10.0,1142.21,63.46,0.0381,4.0,16.0,16.0,0.0,58.79,58.79
177B1,pass@18,7.0,8.0,11.0,22.0,15.0,33.0,43.65,128.93,9.62,1240.93,68.94,0.043,5.0,18.0,18.0,0.0,57.17,57.17
177B1,pass@19,7.0,7.0,10.0,20.0,14.0,30.0,39.3,114.22,10.0,1142.21,63.46,0.0381,4.0,15.0,15.0,6.67,74.31,74.31
177B1,pass@21,7.0,7.0,10.0,20.0,14.0,30.0,39.3,114.22,10.0,1142.21,63.46,0.0381,4.0,16.0,16.0,6.25,73.27,73.27
177B1,pass@26,7.0,7.0,10.0,20.0,14.0,30.0,39.3,114.22,10.0,1142.21,63.46,0.0381,4.0,16.0,16.0,0.0,58.79,58.79
177B1,pass@23,7.0,7.0,10.0,20.0,14.0,30.0,39.3,114.22,10.0,1142.21,63.46,0.0381,4.0,16.0,16.0,6.25,73.27,73.27
177B1,pass@22,7.0,7.0,10.0,20.0,14.0,30.0,39.3,114.22,10.0,1142.21,63.46,0.0381,4.0,16.0,16.0,0.0,58.79,58.79
177B1,pass@24,7.0,8.0,11.0,22.0,15.0,33.0,43.65,128.93,9.62,1240.93,68.94,0.043,5.0,18.0,18.0,0.0,57.17,57.17
177B1,pass@27,7.0,8.0,11.0,22.0,15.0,33.0,43.65,128.93,9.62,1240.93,68.94,0.043,5.0,18.0,18.0,0.0,57.17,57.17
177B1,pass@29,7.0,7.0,10.0,20.0,14.0,30.0,39.3,114.22,10.0,1142.21,63.46,0.0381,4.0,16.0,16.0,0.0,58.79,58.79
177B1,pass@20,7.0,7.0,10.0,20.0,14.0,30.0,39.3,114.22,10.0,1142.21,63.46,0.0381,4.0,16.0,16.0,0.0,58.79,58.79
177B1,pass@30,7.0,7.0,10.0,20.0,14.0,30.0,39.3,114.22,10.0,1142.21,63.46,0.0381,4.0,16.0,16.0,0.0,58.79,58.79
177B1,pass@31,7.0,7.0,10.0,20.0,14.0,30.0,39.3,114.22,10.0,1142.21,63.46,0.0381,4.0,16.0,16.0,0.0,58.79,58.79
177B1,pass@25,5.0,13.0,12.0,24.0,18.0,36.0,59.72,150.12,4.62,692.85,38.49,0.05,4.0,25.0,25.0,12.0,72.96,72.96
177B1,pass@28,5.0,10.0,15.0,30.0,15.0,45.0,44.83,175.81,7.5,1318.58,73.25,0.0586,9.0,29.0,29.0,10.34,69.24,69.24
177B1,pass@32,7.0,8.0,11.0,22.0,15.0,33.0,43.65,128.93,9.62,1240.93,68.94,0.043,5.0,18.0,18.0,0.0,57.17,57.17
177B2,pass@2,7.0,8.0,11.0,22.0,15.0,33.0,43.65,128.93,9.62,1240.93,68.94,0.043,5.0,18.0,18.0,0.0,57.17,57.17
177B2,pass@6,7.0,8.0,11.0,22.0,15.0,33.0,43.65,128.93,9.62,1240.93,68.94,0.043,5.0,18.0,18.0,0.0,57.17,57.17
177B2,pass@1,7.0,8.0,11.0,22.0,15.0,33.0,43.65,128.93,9.62,1240.93,68.94,0.043,5.0,18.0,18.0,0.0,57.17,57.17
177B2,pass@4,7.0,8.0,11.0,22.0,15.0,33.0,43.65,128.93,9.62,1240.93,68.94,0.043,5.0,18.0,18.0,0.0,57.17,57.17
177B2,pass@10,7.0,8.0,11.0,22.0,15.0,33.0,43.65,128.93,9.62,1240.93,68.94,0.043,5.0,18.0,18.0,0.0,57.17,57.17
177B2,pass@3,7.0,8.0,11.0,22.0,15.0,33.0,43.65,128.93,9.62,1240.93,68.94,0.043,5.0,18.0,18.0,0.0,57.17,57.17
177B2,pass@5,7.0,8.0,11.0,22.0,15.0,33.0,43.65,128.93,9.62,1240.93,68.94,0.043,5.0,18.0,18.0,0.0,57.17,57.17
177B2,pass@13,7.0,7.0,10.0,20.0,14.0,30.0,39.3,114.22,10.0,1142.21,63.46,0.0381,4.0,16.0,16.0,0.0,58.79,58.79
177B2,pass@16,7.0,7.0,10.0,20.0,14.0,30.0,39.3,114.22,10.0,1142.21,63.46,0.0381,4.0,16.0,16.0,0.0,58.79,58.79
177B2,pass@8,7.0,8.0,11.0,22.0,15.0,33.0,43.65,128.93,9.62,1240.93,68.94,0.043,5.0,18.0,18.0,0.0,57.17,57.17
177B2,pass@11,7.0,8.0,11.0,22.0,15.0,33.0,43.65,128.93,9.62,1240.93,68.94,0.043,5.0,18.0,18.0,0.0,57.17,57.17
177B2,pass@15,5.0,13.0,12.0,24.0,18.0,36.0,59.72,150.12,4.62,692.85,38.49,0.05,4.0,25.0,25.0,12.0,72.96,72.96
177B2,pass@14,5.0,10.0,9.0,18.0,15.0,27.0,44.83,105.49,4.5,474.69,26.37,0.0352,7.0,22.0,22.0,9.09,72.71,72.71
177B2,pass@7,5.0,13.0,12.0,24.0,18.0,36.0,59.72,150.12,4.62,692.85,38.49,0.05,4.0,25.0,25.0,12.0,72.96,72.96
177B2,pass@12,5.0,13.0,12.0,24.0,18.0,36.0,59.72,150.12,4.62,692.85,38.49,0.05,4.0,25.0,25.0,12.0,72.96,72.96
177B2,pass@9,7.0,8.0,11.0,22.0,15.0,33.0,43.65,128.93,9.62,1240.93,68.94,0.043,5.0,18.0,18.0,0.0,57.17,57.17
177B2,pass@17,7.0,7.0,10.0,20.0,14.0,30.0,39.3,114.22,10.0,1142.21,63.46,0.0381,4.0,16.0,16.0,0.0,58.79,58.79
177B2,pass@21,7.0,7.0,10.0,20.0,14.0,30.0,39.3,114.22,10.0,1142.21,63.46,0.0381,4.0,15.0,15.0,0.0,59.4,59.4
177B2,pass@19,7.0,8.0,11.0,22.0,15.0,33.0,43.65,128.93,9.62,1240.93,68.94,0.043,5.0,18.0,18.0,0.0,57.17,57.17
177B2,pass@22,7.0,8.0,11.0,22.0,15.0,33.0,43.65,128.93,9.62,1240.93,68.94,0.043,5.0,18.0,18.0,0.0,57.17,57.17
177B2,pass@20,7.0,8.0,11.0,22.0,15.0,33.0,43.65,128.93,9.62,1240.93,68.94,0.043,5.0,18.0,18.0,0.0,57.17,57.17
177B2,pass@25,7.0,8.0,11.0,22.0,15.0,33.0,43.65,128.93,9.62,1240.93,68.94,0.043,5.0,18.0,18.0,0.0,57.17,57.17
177B2,pass@24,7.0,8.0,11.0,22.0,15.0,33.0,43.65,128.93,9.62,1240.93,68.94,0.043,5.0,18.0,18.0,0.0,57.17,57.17
177B2,pass@23,7.0,8.0,11.0,22.0,15.0,33.0,43.65,128.93,9.62,1240.93,68.94,0.043,5.0,18.0,18.0,0.0,57.17,57.17
177B2,pass@29,7.0,8.0,11.0,22.0,15.0,33.0,43.65,128.93,9.62,1240.93,68.94,0.043,5.0,18.0,18.0,0.0,57.17,57.17
177B2,pass@18,5.0,13.0,12.0,24.0,18.0,36.0,59.72,150.12,4.62,692.85,38.49,0.05,4.0,25.0,25.0,12.0,72.96,72.96
177B2,pass@27,5.0,10.0,9.0,18.0,15.0,27.0,44.83,105.49,4.5,474.69,26.37,0.0352,7.0,23.0,23.0,8.7,71.96,71.96
177B2,pass@30,7.0,8.0,11.0,22.0,15.0,33.0,43.65,128.93,9.62,1240.93,68.94,0.043,5.0,17.0,17.0,0.0,57.71,57.71
177B2,pass@31,7.0,8.0,11.0,22.0,15.0,33.0,43.65,128.93,9.62,1240.93,68.94,0.043,5.0,18.0,18.0,0.0,57.17,57.17
177B2,pass@32,7.0,8.0,11.0,22.0,15.0,33.0,43.65,128.93,9.62,1240.93,68.94,0.043,5.0,18.0,18.0,0.0,57.17,57.17
177B2,pass@28,7.0,8.0,11.0,22.0,15.0,33.0,43.65,128.93,9.62,1240.93,68.94,0.043,5.0,18.0,18.0,0.0,57.17,57.17
177B2,pass@26,5.0,11.0,10.0,20.0,16.0,30.0,49.66,120.0,4.55,545.45,30.3,0.04,7.0,24.0,24.0,8.33,70.86,70.86
183A,pass@9,4.0,16.0,17.0,34.0,20.0,51.0,72.0,220.42,4.25,936.78,52.04,0.0735,0.0,23.0,23.0,0.0,53.08,53.89
183A,pass@1,6.0,21.0,21.0,42.0,27.0,63.0,107.75,299.56,6.0,1797.35,99.85,0.0999,0.0,24.0,24.0,0.0,51.21,52.55
183A,pass@8,6.0,21.0,21.0,42.0,27.0,63.0,107.75,299.56,6.0,1797.35,99.85,0.0999,0.0,23.0,23.0,0.0,51.61,52.95
183A,pass@5,4.0,18.0,15.0,30.0,22.0,45.0,83.06,200.67,3.33,668.91,37.16,0.0669,0.0,28.0,28.0,0.0,51.5,52.31
183A,pass@12,6.0,21.0,21.0,42.0,27.0,63.0,107.75,299.56,6.0,1797.35,99.85,0.0999,0.0,24.0,24.0,0.0,51.21,52.55
183A,pass@13,6.0,21.0,21.0,42.0,27.0,63.0,107.75,299.56,6.0,1797.35,99.85,0.0999,0.0,24.0,24.0,0.0,51.21,52.55
183A,pass@10,5.0,20.0,27.0,54.0,25.0,81.0,98.05,376.15,6.75,2539.03,141.06,0.1254,0.0,29.0,29.0,3.45,59.7,61.04
183A,pass@11,5.0,20.0,27.0,54.0,25.0,81.0,98.05,376.15,6.75,2539.03,141.06,0.1254,0.0,29.0,29.0,3.45,59.7,61.04
183A,pass@3,6.0,17.0,21.0,42.0,23.0,63.0,85.0,284.98,7.41,2112.24,117.35,0.095,0.0,25.0,25.0,0.0,50.97,52.32
183A,pass@15,6.0,21.0,21.0,42.0,27.0,63.0,107.75,299.56,6.0,1797.35,99.85,0.0999,0.0,25.0,25.0,0.0,50.82,52.17
183A,pass@16,6.0,24.0,29.0,58.0,30.0,87.0,125.55,426.9,7.25,3095.02,171.95,0.1423,0.0,36.0,36.0,0.0,45.75,47.63
183A,pass@2,7.0,24.0,31.0,60.0,31.0,91.0,129.69,450.83,8.75,3944.78,219.15,0.1503,0.0,36.0,36.0,11.11,64.21,66.1
183A,pass@7,6.0,18.0,27.0,52.0,24.0,79.0,90.57,362.21,8.67,3139.17,174.4,0.1207,0.0,39.0,39.0,5.13,59.25,60.6
183A,pass@17,4.0,16.0,17.0,34.0,20.0,51.0,72.0,220.42,4.25,936.78,52.04,0.0735,0.0,24.0,24.0,0.0,52.68,53.48
183A,pass@14,6.0,28.0,47.0,94.0,34.0,141.0,150.12,717.33,10.07,7224.56,401.36,0.2391,0.0,41.0,41.0,2.44,51.7,54.12
183A,pass@22,4.0,16.0,17.0,34.0,20.0,51.0,72.0,220.42,4.25,936.78,52.04,0.0735,0.0,23.0,23.0,0.0,53.08,53.89
183A,pass@20,4.0,16.0,17.0,34.0,20.0,51.0,72.0,220.42,4.25,936.78,52.04,0.0735,0.0,24.0,24.0,0.0,52.68,53.48
183A,pass@4,5.0,21.0,31.0,62.0,26.0,93.0,103.85,437.14,7.38,3226.52,179.25,0.1457,0.0,41.0,41.0,29.27,70.78,72.66
183A,pass@23,4.0,16.0,17.0,34.0,20.0,51.0,72.0,220.42,4.25,936.78,52.04,0.0735,0.0,24.0,24.0,0.0,52.68,53.48
183A,pass@25,5.0,20.0,27.0,54.0,25.0,81.0,98.05,376.15,6.75,2539.03,141.06,0.1254,0.0,30.0,30.0,3.33,59.2,60.55
183A,pass@19,6.0,24.0,29.0,58.0,30.0,87.0,125.55,426.9,7.25,3095.02,171.95,0.1423,0.0,32.0,32.0,0.0,46.87,48.75
183A,pass@26,5.0,20.0,27.0,54.0,25.0,81.0,98.05,376.15,6.75,2539.03,141.06,0.1254,0.0,29.0,29.0,3.45,59.7,61.04
183A,pass@27,6.0,21.0,21.0,42.0,27.0,63.0,107.75,299.56,6.0,1797.35,99.85,0.0999,0.0,24.0,24.0,0.0,51.21,52.55
183A,pass@28,4.0,16.0,17.0,34.0,20.0,51.0,72.0,220.42,4.25,936.78,52.04,0.0735,0.0,23.0,23.0,0.0,53.08,53.89
183A,pass@24,7.0,24.0,31.0,60.0,31.0,91.0,129.69,450.83,8.75,3944.78,219.15,0.1503,0.0,36.0,36.0,11.11,64.21,66.1
183A,pass@21,6.0,17.0,25.0,50.0,23.0,75.0,85.0,339.27,8.82,2993.53,166.31,0.1131,0.0,39.0,39.0,0.0,46.23,47.57
183A,pass@32,6.0,21.0,21.0,42.0,27.0,63.0,107.75,299.56,6.0,1797.35,99.85,0.0999,0.0,24.0,24.0,0.0,51.21,52.55
183A,pass@18,5.0,26.0,45.0,90.0,31.0,135.0,133.82,668.82,8.65,5787.84,321.55,0.2229,0.0,47.0,47.0,2.13,50.56,52.45
183A,pass@30,4.0,18.0,15.0,30.0,22.0,45.0,83.06,200.67,3.33,668.91,37.16,0.0669,0.0,28.0,28.0,0.0,51.5,52.31
183A,pass@6,4.0,16.0,17.0,34.0,20.0,51.0,72.0,220.42,4.25,936.78,52.04,0.0735,0.0,22.0,22.0,118.18,76.21,77.01
183A,pass@31,6.0,24.0,41.0,82.0,30.0,123.0,125.55,603.55,10.25,6186.36,343.69,0.2012,0.0,41.0,41.0,7.32,58.47,60.89
183A,pass@29,6.0,26.0,33.0,62.0,32.0,95.0,137.72,475.0,7.15,3398.08,188.78,0.1583,0.0,48.0,48.0,20.83,66.68,68.3
185A,pass@8,6.0,14.0,7.0,14.0,20.0,21.0,68.81,90.76,3.0,272.28,15.13,0.0303,0.0,7.0,7.0,0.0,67.59,67.86
185A,pass@3,6.0,13.0,7.0,14.0,19.0,21.0,63.62,89.21,3.23,288.21,16.01,0.0297,0.0,8.0,8.0,0.0,66.37,66.64
185A,pass@13,6.0,13.0,7.0,14.0,19.0,21.0,63.62,89.21,3.23,288.21,16.01,0.0297,0.0,8.0,8.0,0.0,66.37,66.64
185A,pass@11,6.0,13.0,7.0,14.0,19.0,21.0,63.62,89.21,3.23,288.21,16.01,0.0297,0.0,8.0,8.0,0.0,66.37,66.64
185A,pass@7,6.0,13.0,7.0,14.0,19.0,21.0,63.62,89.21,3.23,288.21,16.01,0.0297,0.0,8.0,8.0,0.0,66.37,66.64
185A,pass@2,6.0,13.0,7.0,14.0,19.0,21.0,63.62,89.21,3.23,288.21,16.01,0.0297,0.0,8.0,8.0,0.0,66.37,66.64
185A,pass@10,6.0,13.0,7.0,14.0,19.0,21.0,63.62,89.21,3.23,288.21,16.01,0.0297,0.0,8.0,8.0,0.0,66.37,66.64
185A,pass@14,6.0,13.0,7.0,14.0,19.0,21.0,63.62,89.21,3.23,288.21,16.01,0.0297,0.0,8.0,8.0,0.0,66.37,66.64
185A,pass@1,6.0,14.0,8.0,16.0,20.0,24.0,68.81,103.73,3.43,355.63,19.76,0.0346,0.0,11.0,11.0,18.18,85.5,85.77
185A,pass@12,6.0,13.0,7.0,14.0,19.0,21.0,63.62,89.21,3.23,288.21,16.01,0.0297,0.0,9.0,9.0,22.22,89.49,89.76
185A,pass@6,6.0,13.0,7.0,14.0,19.0,21.0,63.62,89.21,3.23,288.21,16.01,0.0297,0.0,8.0,8.0,0.0,66.37,66.64
185A,pass@9,6.0,13.0,7.0,14.0,19.0,21.0,63.62,89.21,3.23,288.21,16.01,0.0297,0.0,8.0,8.0,0.0,66.37,66.64
185A,pass@15,6.0,13.0,7.0,14.0,19.0,21.0,63.62,89.21,3.23,288.21,16.01,0.0297,0.0,8.0,8.0,0.0,66.37,66.64
185A,pass@5,6.0,13.0,9.0,18.0,19.0,27.0,63.62,114.69,4.15,476.42,26.47,0.0382,0.0,9.0,9.0,22.22,88.73,88.99
185A,pass@4,6.0,13.0,7.0,14.0,19.0,21.0,63.62,89.21,3.23,288.21,16.01,0.0297,0.0,9.0,9.0,22.22,89.49,89.76
185A,pass@16,6.0,15.0,9.0,18.0,21.0,27.0,74.11,118.59,3.6,426.93,23.72,0.0395,0.0,10.0,10.0,30.0,89.9,90.17
185A,pass@18,6.0,13.0,7.0,14.0,19.0,21.0,63.62,89.21,3.23,288.21,16.01,0.0297,0.0,8.0,8.0,0.0,66.37,66.64
185A,pass@27,6.0,13.0,7.0,14.0,19.0,21.0,63.62,89.21,3.23,288.21,16.01,0.0297,0.0,8.0,8.0,0.0,66.37,66.64
185A,pass@17,6.0,13.0,7.0,14.0,19.0,21.0,63.62,89.21,3.23,288.21,16.01,0.0297,0.0,8.0,8.0,0.0,66.37,66.64
185A,pass@20,6.0,13.0,7.0,14.0,19.0,21.0,63.62,89.21,3.23,288.21,16.01,0.0297,0.0,8.0,8.0,0.0,66.37,66.64
185A,pass@22,6.0,13.0,7.0,14.0,19.0,21.0,63.62,89.21,3.23,288.21,16.01,0.0297,0.0,8.0,8.0,0.0,66.37,66.64
185A,pass@19,6.0,13.0,7.0,14.0,19.0,21.0,63.62,89.21,3.23,288.21,16.01,0.0297,0.0,8.0,8.0,0.0,66.37,66.64
185A,pass@28,6.0,13.0,7.0,14.0,19.0,21.0,63.62,89.21,3.23,288.21,16.01,0.0297,0.0,8.0,8.0,0.0,66.37,66.64
185A,pass@23,6.0,13.0,7.0,14.0,19.0,21.0,63.62,89.21,3.23,288.21,16.01,0.0297,0.0,8.0,8.0,0.0,66.37,66.64
185A,pass@31,6.0,13.0,7.0,14.0,19.0,21.0,63.62,89.21,3.23,288.21,16.01,0.0297,0.0,8.0,8.0,0.0,66.37,66.64
185A,pass@30,6.0,13.0,7.0,14.0,19.0,21.0,63.62,89.21,3.23,288.21,16.01,0.0297,0.0,8.0,8.0,0.0,66.37,66.64
185A,pass@21,6.0,15.0,9.0,18.0,21.0,27.0,74.11,118.59,3.6,426.93,23.72,0.0395,0.0,10.0,10.0,30.0,89.9,90.17
185A,pass@25,6.0,13.0,9.0,18.0,19.0,27.0,63.62,114.69,4.15,476.42,26.47,0.0382,0.0,9.0,9.0,33.33,91.71,91.98
185A,pass@24,6.0,13.0,9.0,18.0,19.0,27.0,63.62,114.69,4.15,476.42,26.47,0.0382,0.0,9.0,9.0,22.22,88.73,88.99
185A,pass@26,6.0,13.0,7.0,14.0,19.0,21.0,63.62,89.21,3.23,288.21,16.01,0.0297,0.0,8.0,8.0,0.0,66.37,66.64
185A,pass@29,6.0,12.0,8.0,16.0,18.0,24.0,58.53,100.08,4.0,400.31,22.24,0.0334,0.0,9.0,9.0,22.22,89.14,89.41
185A,pass@32,6.0,13.0,7.0,14.0,19.0,21.0,63.62,89.21,3.23,288.21,16.01,0.0297,0.0,8.0,8.0,0.0,66.37,66.64
193C,pass@3,12.0,58.0,48.0,97.0,70.0,145.0,382.78,888.75,10.03,8918.11,495.45,0.2962,16.0,41.0,41.0,39.02,70.15,70.15
193C,pass@15,12.0,70.0,66.0,131.0,82.0,197.0,472.07,1252.44,11.23,14063.09,781.28,0.4175,20.0,55.0,55.0,25.45,62.95,62.95
193C,pass@5,11.0,69.0,75.0,147.0,80.0,222.0,459.54,1403.47,11.72,16444.98,913.61,0.4678,6.0,120.0,120.0,8.33,48.27,48.27
193C,pass@11,13.0,71.0,62.0,115.0,84.0,177.0,484.74,1131.44,10.53,11911.99,661.78,0.3771,25.0,78.0,77.0,30.77,60.79,60.79
193C,pass@1,12.0,83.0,80.0,168.0,95.0,248.0,572.15,1629.32,12.14,19787.46,1099.3,0.5431,30.0,60.0,59.0,56.67,64.08,64.08
193C,pass@12,9.0,79.0,84.0,166.0,88.0,250.0,526.53,1614.86,9.46,15269.61,848.31,0.5383,34.0,77.0,76.0,48.05,60.91,60.91
193C,pass@8,10.0,50.0,56.0,111.0,60.0,167.0,315.41,986.45,11.1,10949.6,608.31,0.3288,38.0,82.0,82.0,52.44,61.34,61.34
193C,pass@6,11.0,86.0,71.0,147.0,97.0,218.0,590.71,1438.78,9.4,13526.21,751.46,0.4796,15.0,69.0,68.0,57.97,65.13,65.13
193C,pass@2,14.0,90.0,76.0,153.0,104.0,229.0,637.57,1534.4,11.9,18259.37,1014.41,0.5115,42.0,70.0,70.0,71.43,60.56,60.56
193C,pass@4,12.0,70.0,75.0,144.0,82.0,219.0,472.07,1392.3,12.34,17185.01,954.72,0.4641,28.0,71.0,70.0,70.42,62.8,62.8
193C,pass@10,9.0,33.0,31.0,61.0,42.0,92.0,194.99,496.09,8.32,4126.59,229.26,0.1654,22.0,58.0,58.0,101.72,65.09,65.09
193C,pass@9,10.0,63.0,59.0,121.0,73.0,180.0,409.79,1114.17,9.6,10699.55,594.42,0.3714,18.0,46.0,45.0,139.13,58.96,58.96
193C,pass@13,14.0,121.0,127.0,258.0,135.0,385.0,890.49,2724.57,14.93,40665.96,2259.22,0.9082,34.0,103.0,102.0,46.6,56.44,56.44
193C,pass@18,12.0,93.0,86.0,176.0,105.0,262.0,651.16,1759.13,11.35,19974.66,1109.7,0.5864,16.0,81.0,71.0,33.33,61.95,61.95
193C,pass@27,8.0,41.0,37.0,72.0,49.0,109.0,243.66,612.0,7.02,4298.95,238.83,0.204,8.0,64.0,64.0,9.38,57.34,57.34
193C,pass@21,11.0,65.0,65.0,129.0,76.0,194.0,429.51,1212.1,10.92,13230.52,735.03,0.404,31.0,76.0,75.0,47.37,62.27,62.27
193C,pass@16,13.0,188.0,195.0,392.0,201.0,587.0,1468.37,4491.17,13.55,60869.65,3381.65,1.4971,35.0,111.0,110.0,83.78,52.89,52.89
193C,pass@22,10.0,84.0,93.0,185.0,94.0,278.0,570.17,1822.18,11.01,20065.63,1114.76,0.6074,31.0,69.0,68.0,73.91,61.62,61.62
193C,pass@20,11.0,82.0,88.0,175.0,93.0,263.0,559.37,1719.8,11.74,20186.66,1121.48,0.5733,30.0,72.0,67.0,66.67,62.5,62.5
193C,pass@23,12.0,100.0,99.0,202.0,112.0,301.0,707.41,2049.01,12.12,24834.05,1379.67,0.683,26.0,89.0,87.0,53.93,60.21,60.21
193C,pass@26,11.0,65.0,57.0,115.0,76.0,172.0,429.51,1074.64,9.73,10457.11,580.95,0.3582,39.0,72.0,72.0,80.56,61.04,61.04
193C,pass@24,13.0,84.0,73.0,142.0,97.0,215.0,585.06,1418.98,10.99,15591.9,866.22,0.473,32.0,88.0,83.0,76.14,60.18,60.18
193C,pass@32,11.0,59.0,62.0,127.0,70.0,189.0,385.13,1158.43,11.84,13714.69,761.93,0.3861,22.0,55.0,55.0,5.45,51.23,51.23
193C,pass@28,11.0,107.0,115.0,225.0,118.0,340.0,759.39,2340.1,11.57,27064.22,1503.57,0.78,21.0,90.0,90.0,43.33,59.57,59.57
193C,pass@7,12.0,122.0,136.0,259.0,134.0,395.0,888.57,2791.11,12.74,35552.27,1975.13,0.9304,38.0,102.0,102.0,136.27,46.29,46.29
193C,pass@31,11.0,60.0,57.0,116.0,71.0,173.0,392.47,1063.91,10.63,11312.87,628.49,0.3546,19.0,45.0,45.0,82.22,68.05,68.05
193C,pass@19,11.0,103.0,105.0,210.0,114.0,315.0,726.76,2152.36,11.21,24135.69,1340.87,0.7175,40.0,90.0,89.0,102.22,54.07,54.07
193C,pass@17,14.0,114.0,129.0,266.0,128.0,395.0,832.25,2765.0,16.33,45161.67,2508.98,0.9217,52.0,122.0,121.0,100.0,49.12,49.12
193C,pass@25,14.0,143.0,154.0,297.0,157.0,451.0,1077.16,3289.87,14.54,47829.71,2657.21,1.0966,38.0,126.0,125.0,80.95,52.51,52.51
193C,pass@29,13.0,115.0,125.0,225.0,128.0,350.0,835.34,2450.0,12.72,31157.61,1730.98,0.8167,53.0,147.0,147.0,42.18,50.36,50.36
193C,pass@30,12.0,145.0,147.0,302.0,157.0,449.0,1084.11,3275.28,12.5,40929.76,2273.88,1.0918,48.0,87.0,80.0,96.55,53.55,53.55
193E,pass@1,6.0,12.0,11.0,19.0,18.0,30.0,58.53,125.1,4.75,594.21,33.01,0.0417,6.0,18.0,18.0,11.11,75.75,75.75
193E,pass@3,4.0,12.0,11.0,18.0,16.0,29.0,51.02,116.0,3.0,348.0,19.33,0.0387,6.0,19.0,19.0,5.26,70.22,70.22
193E,pass@16,6.0,18.0,15.0,26.0,24.0,41.0,90.57,187.98,4.33,814.6,45.26,0.0627,8.0,19.0,19.0,5.26,68.49,68.49
193E,pass@11,5.0,10.0,8.0,15.0,15.0,23.0,44.83,89.86,3.75,336.97,18.72,0.03,5.0,16.0,16.0,25.0,84.54,84.54
193E,pass@13,7.0,14.0,15.0,25.0,21.0,40.0,72.95,175.69,6.25,1098.08,61.0,0.0586,8.0,20.0,20.0,15.0,75.85,75.85
193E,pass@15,5.0,9.0,8.0,15.0,14.0,23.0,40.14,87.57,4.17,364.87,20.27,0.0292,5.0,17.0,17.0,23.53,83.57,83.57
193E,pass@7,5.0,9.0,8.0,15.0,14.0,23.0,40.14,87.57,4.17,364.87,20.27,0.0292,5.0,17.0,17.0,23.53,83.57,83.57
193E,pass@12,7.0,14.0,14.0,27.0,21.0,41.0,72.95,180.09,6.75,1215.57,67.53,0.06,8.0,20.0,20.0,15.0,75.78,75.78
193E,pass@10,5.0,10.0,8.0,15.0,15.0,23.0,44.83,89.86,3.75,336.97,18.72,0.03,5.0,17.0,17.0,23.53,83.49,83.49
193E,pass@4,7.0,11.0,13.0,22.0,18.0,35.0,57.71,145.95,7.0,1021.63,56.76,0.0486,7.0,22.0,22.0,18.18,77.22,77.22
193E,pass@2,8.0,13.0,15.0,26.0,21.0,41.0,72.11,180.09,8.0,1440.68,80.04,0.06,9.0,26.0,26.0,11.54,71.05,71.05
193E,pass@9,6.0,10.0,10.0,19.0,16.0,29.0,48.73,116.0,5.7,661.2,36.73,0.0387,8.0,25.0,25.0,8.0,70.15,70.15
193E,pass@14,7.0,11.0,13.0,22.0,18.0,35.0,57.71,145.95,7.0,1021.63,56.76,0.0486,7.0,22.0,22.0,18.18,77.22,77.22
193E,pass@6,5.0,10.0,8.0,15.0,15.0,23.0,44.83,89.86,3.75,336.97,18.72,0.03,5.0,21.0,21.0,28.57,82.96,82.96
193E,pass@8,7.0,15.0,15.0,29.0,22.0,44.0,78.25,196.21,6.77,1327.72,73.76,0.0654,8.0,20.0,20.0,35.0,82.01,82.01
193E,pass@5,7.0,15.0,14.0,27.0,22.0,41.0,78.25,182.84,6.3,1151.87,63.99,0.0609,7.0,17.0,17.0,52.94,85.56,85.56
193E,pass@20,6.0,16.0,15.0,26.0,22.0,41.0,79.51,182.84,4.88,891.33,49.52,0.0609,8.0,19.0,19.0,10.53,73.4,73.4
193E,pass@18,5.0,10.0,8.0,15.0,15.0,23.0,44.83,89.86,3.75,336.97,18.72,0.03,6.0,23.0,23.0,8.7,72.58,72.58
193E,pass@17,5.0,10.0,8.0,15.0,15.0,23.0,44.83,89.86,3.75,336.97,18.72,0.03,5.0,17.0,17.0,35.29,86.38,86.38
193E,pass@22,5.0,14.0,14.0,23.0,19.0,37.0,64.91,157.17,4.11,645.53,35.86,0.0524,7.0,19.0,19.0,5.26,69.17,69.17
193E,pass@23,6.0,12.0,11.0,19.0,18.0,30.0,58.53,125.1,4.75,594.21,33.01,0.0417,6.0,18.0,18.0,11.11,75.75,75.75
193E,pass@21,6.0,16.0,15.0,26.0,22.0,41.0,79.51,182.84,4.88,891.33,49.52,0.0609,8.0,19.0,19.0,15.79,76.64,76.64
193E,pass@26,5.0,10.0,8.0,15.0,15.0,23.0,44.83,89.86,3.75,336.97,18.72,0.03,5.0,17.0,17.0,23.53,83.49,83.49
193E,pass@27,5.0,12.0,13.0,21.0,17.0,34.0,54.63,138.97,4.38,608.01,33.78,0.0463,6.0,18.0,19.0,16.67,78.18,78.18
193E,pass@30,6.0,16.0,15.0,26.0,22.0,41.0,79.51,182.84,4.88,891.33,49.52,0.0609,8.0,19.0,19.0,10.53,73.4,73.4
193E,pass@28,5.0,11.0,8.0,15.0,16.0,23.0,49.66,92.0,3.41,313.64,17.42,0.0307,6.0,23.0,23.0,8.7,72.51,72.51
193E,pass@32,5.0,10.0,8.0,15.0,15.0,23.0,44.83,89.86,3.75,336.97,18.72,0.03,5.0,16.0,16.0,18.75,82.24,82.24
193E,pass@19,7.0,13.0,12.0,23.0,20.0,35.0,67.76,151.27,6.19,936.69,52.04,0.0504,7.0,21.0,21.0,33.33,82.17,82.17
193E,pass@31,6.0,11.0,11.0,19.0,17.0,30.0,53.56,122.62,5.18,635.41,35.3,0.0409,6.0,20.0,21.0,10.0,73.54,73.54
193E,pass@24,8.0,18.0,20.0,32.0,26.0,52.0,99.06,244.42,7.11,1738.12,96.56,0.0815,10.0,28.0,28.0,10.71,68.71,68.71
193E,pass@25,5.0,10.0,7.0,13.0,15.0,20.0,44.83,78.14,3.25,253.95,14.11,0.026,6.0,20.0,20.0,40.0,85.81,85.81
193E,pass@29,8.0,17.0,21.0,42.0,25.0,63.0,93.49,292.56,9.88,2891.21,160.62,0.0975,14.0,34.0,34.0,20.59,71.06,71.06
199A,pass@1,5.0,8.0,11.0,19.0,13.0,30.0,35.61,111.01,5.94,659.14,36.62,0.037,0.0,13.0,13.0,0.0,60.71,61.38
199A,pass@5,5.0,10.0,11.0,19.0,15.0,30.0,44.83,117.21,4.75,556.73,30.93,0.0391,0.0,13.0,13.0,0.0,60.54,61.21
199A,pass@10,5.0,8.0,11.0,19.0,13.0,30.0,35.61,111.01,5.94,659.14,36.62,0.037,0.0,13.0,13.0,0.0,60.71,61.38
199A,pass@4,6.0,9.0,12.0,21.0,15.0,33.0,44.04,128.93,7.0,902.49,50.14,0.043,0.0,16.0,16.0,0.0,58.15,58.96
199A,pass@13,5.0,8.0,11.0,19.0,13.0,30.0,35.61,111.01,5.94,659.14,36.62,0.037,0.0,13.0,13.0,0.0,60.71,61.38
199A,pass@15,5.0,8.0,11.0,19.0,13.0,30.0,35.61,111.01,5.94,659.14,36.62,0.037,0.0,13.0,13.0,0.0,60.71,61.38
199A,pass@11,5.0,10.0,11.0,19.0,15.0,30.0,44.83,117.21,4.75,556.73,30.93,0.0391,0.0,16.0,16.0,0.0,58.57,59.25
199A,pass@16,6.0,13.0,12.0,21.0,19.0,33.0,63.62,140.18,4.85,679.34,37.74,0.0467,0.0,16.0,16.0,0.0,58.03,58.7
199A,pass@9,6.0,11.0,12.0,21.0,17.0,33.0,53.56,134.89,5.73,772.53,42.92,0.045,0.0,13.0,13.0,0.0,60.11,60.79
199A,pass@12,6.0,10.0,12.0,21.0,16.0,33.0,48.73,132.0,6.3,831.6,46.2,0.044,0.0,16.0,16.0,0.0,58.08,58.89
199A,pass@8,6.0,10.0,12.0,21.0,16.0,33.0,48.73,132.0,6.3,831.6,46.2,0.044,0.0,16.0,16.0,0.0,58.08,58.89
199A,pass@6,4.0,9.0,9.0,18.0,13.0,27.0,36.53,99.91,4.0,399.65,22.2,0.0333,0.0,18.0,18.0,0.0,57.81,58.62
199A,pass@3,4.0,8.0,9.0,18.0,12.0,27.0,32.0,96.79,4.5,435.57,24.2,0.0323,0.0,18.0,18.0,0.0,57.91,58.71
199A,pass@14,6.0,9.0,12.0,21.0,15.0,33.0,44.04,128.93,7.0,902.49,50.14,0.043,0.0,16.0,16.0,0.0,58.15,58.96
199A,pass@7,4.0,8.0,9.0,18.0,12.0,27.0,32.0,96.79,4.5,435.57,24.2,0.0323,0.0,18.0,18.0,0.0,57.91,58.71
199A,pass@2,5.0,8.0,9.0,18.0,13.0,27.0,35.61,99.91,5.62,562.0,31.22,0.0333,0.0,18.0,18.0,0.0,57.81,58.62
199A,pass@19,5.0,8.0,11.0,19.0,13.0,30.0,35.61,111.01,5.94,659.14,36.62,0.037,0.0,13.0,13.0,0.0,60.71,61.38
199A,pass@26,5.0,8.0,11.0,19.0,13.0,30.0,35.61,111.01,5.94,659.14,36.62,0.037,0.0,13.0,13.0,0.0,60.71,61.38
199A,pass@25,5.0,8.0,11.0,19.0,13.0,30.0,35.61,111.01,5.94,659.14,36.62,0.037,0.0,13.0,13.0,0.0,60.71,61.38
199A,pass@20,5.0,10.0,11.0,19.0,15.0,30.0,44.83,117.21,4.75,556.73,30.93,0.0391,0.0,16.0,16.0,0.0,58.57,59.25
199A,pass@30,5.0,10.0,11.0,19.0,15.0,30.0,44.83,117.21,4.75,556.73,30.93,0.0391,0.0,13.0,13.0,0.0,60.54,61.21
199A,pass@17,5.0,9.0,9.0,18.0,14.0,27.0,40.14,102.8,5.0,513.99,28.56,0.0343,0.0,18.0,18.0,0.0,57.72,58.53
199A,pass@18,5.0,8.0,9.0,18.0,13.0,27.0,35.61,99.91,5.62,562.0,31.22,0.0333,0.0,18.0,18.0,0.0,57.81,58.62
199A,pass@24,6.0,9.0,12.0,21.0,15.0,33.0,44.04,128.93,7.0,902.49,50.14,0.043,0.0,19.0,19.0,0.0,56.52,57.33
199A,pass@22,5.0,9.0,9.0,18.0,14.0,27.0,40.14,102.8,5.0,513.99,28.56,0.0343,0.0,18.0,18.0,0.0,57.72,58.53
199A,pass@23,6.0,10.0,12.0,21.0,16.0,33.0,48.73,132.0,6.3,831.6,46.2,0.044,0.0,16.0,16.0,0.0,58.08,58.89
199A,pass@21,6.0,10.0,10.0,20.0,16.0,30.0,48.73,120.0,6.0,720.0,40.0,0.04,0.0,19.0,19.0,0.0,56.61,57.55
199A,pass@31,5.0,8.0,11.0,19.0,13.0,30.0,35.61,111.01,5.94,659.14,36.62,0.037,0.0,13.0,13.0,0.0,60.71,61.38
199A,pass@28,5.0,8.0,9.0,18.0,13.0,27.0,35.61,99.91,5.62,562.0,31.22,0.0333,0.0,18.0,18.0,0.0,57.81,58.62
199A,pass@32,4.0,9.0,9.0,18.0,13.0,27.0,36.53,99.91,4.0,399.65,22.2,0.0333,0.0,18.0,18.0,0.0,57.81,58.62
199A,pass@27,4.0,8.0,9.0,18.0,12.0,27.0,32.0,96.79,4.5,435.57,24.2,0.0323,0.0,18.0,18.0,0.0,57.91,58.71
199A,pass@29,4.0,11.0,11.0,22.0,15.0,33.0,46.05,128.93,4.0,515.71,28.65,0.043,0.0,22.0,22.0,0.0,54.86,55.94
202B,pass@12,10.0,18.0,15.0,27.0,28.0,42.0,108.28,201.91,7.5,1514.32,84.13,0.0673,0.0,32.0,33.0,6.25,63.46,65.21
202B,pass@16,10.0,20.0,16.0,30.0,30.0,46.0,119.66,225.72,7.5,1692.88,94.05,0.0752,0.0,33.0,34.0,12.12,67.68,69.42
202B,pass@11,10.0,20.0,18.0,33.0,30.0,51.0,119.66,250.25,8.25,2064.57,114.7,0.0834,0.0,33.0,34.0,12.12,67.36,69.11
202B,pass@8,10.0,21.0,18.0,33.0,31.0,51.0,125.46,252.66,7.86,1985.22,110.29,0.0842,0.0,34.0,35.0,11.76,66.82,68.57
202B,pass@1,11.0,26.0,25.0,46.0,37.0,71.0,160.27,369.87,9.73,3599.13,199.95,0.1233,0.0,39.0,40.0,5.13,58.14,60.29
202B,pass@2,10.0,24.0,19.0,35.0,34.0,54.0,143.26,274.72,7.29,2003.19,111.29,0.0916,4.0,35.0,37.0,11.43,65.81,67.02
202B,pass@5,11.0,26.0,20.0,37.0,37.0,57.0,160.27,296.94,7.83,2324.12,129.12,0.099,16.0,43.0,44.0,2.33,53.91,53.77
202B,pass@4,11.0,22.0,20.0,36.0,33.0,56.0,136.16,282.49,9.0,2542.37,141.24,0.0942,0.0,43.0,44.0,9.3,62.11,64.26
202B,pass@14,9.0,27.0,23.0,43.0,36.0,66.0,156.91,341.22,7.17,2445.37,135.85,0.1137,16.0,39.0,41.0,10.26,63.08,62.94
202B,pass@3,9.0,28.0,24.0,45.0,37.0,69.0,163.14,359.45,7.23,2599.61,144.42,0.1198,4.0,44.0,46.0,4.55,56.05,57.8
202B,pass@13,10.0,32.0,27.0,50.0,42.0,77.0,193.22,415.21,7.81,3243.82,180.21,0.1384,4.0,35.0,37.0,8.57,61.98,63.59
202B,pass@15,10.0,30.0,25.0,48.0,40.0,73.0,180.43,388.5,8.0,3108.01,172.67,0.1295,0.0,44.0,45.0,6.82,58.58,60.87
202B,pass@9,10.0,33.0,27.0,51.0,43.0,78.0,199.68,423.25,7.73,3270.56,181.7,0.1411,4.0,44.0,45.0,4.55,55.89,57.51
202B,pass@10,9.0,29.0,23.0,44.0,38.0,67.0,169.41,351.61,6.83,2400.66,133.37,0.1172,16.0,48.0,49.0,6.25,57.76,57.63
202B,pass@7,15.0,34.0,30.0,55.0,49.0,85.0,231.58,477.25,12.13,5790.17,321.68,0.1591,0.0,62.0,63.0,9.68,56.33,59.56
202B,pass@6,13.0,30.0,32.0,57.0,43.0,89.0,195.31,482.94,12.35,5964.28,331.35,0.161,0.0,68.0,69.0,7.35,53.18,56.67
202B,pass@18,9.0,16.0,14.0,25.0,25.0,39.0,92.53,181.11,7.03,1273.43,70.75,0.0604,0.0,34.0,35.0,11.76,67.83,69.58
202B,pass@20,10.0,21.0,18.0,33.0,31.0,51.0,125.46,252.66,7.86,1985.22,110.29,0.0842,0.0,34.0,35.0,8.82,64.63,66.38
202B,pass@17,9.0,27.0,24.0,45.0,36.0,69.0,156.91,356.72,7.5,2675.44,148.64,0.1189,0.0,40.0,41.0,10.0,62.75,64.76
202B,pass@19,9.0,32.0,28.0,52.0,41.0,80.0,188.53,428.6,7.31,3134.17,174.12,0.1429,16.0,41.0,42.0,7.32,59.55,59.55
202B,pass@22,9.0,29.0,22.0,41.0,38.0,63.0,169.41,330.62,6.36,2103.42,116.86,0.1102,4.0,39.0,40.0,5.13,58.48,60.1
202B,pass@24,9.0,27.0,24.0,45.0,36.0,69.0,156.91,356.72,7.5,2675.44,148.64,0.1189,0.0,41.0,42.0,9.76,62.33,64.35
202B,pass@21,10.0,32.0,31.0,58.0,42.0,89.0,193.22,479.92,9.06,4349.24,241.62,0.16,0.0,47.0,48.0,8.51,58.75,61.17
202B,pass@25,9.0,27.0,23.0,44.0,36.0,67.0,156.91,346.38,7.33,2540.16,141.12,0.1155,0.0,40.0,41.0,10.0,62.84,64.85
202B,pass@26,9.0,29.0,25.0,47.0,38.0,72.0,169.41,377.85,7.29,2755.7,153.09,0.126,18.0,50.0,52.0,4.0,54.01,53.87
202B,pass@27,9.0,32.0,26.0,49.0,41.0,75.0,188.53,401.82,6.89,2768.77,153.82,0.1339,4.0,44.0,45.0,4.55,56.05,57.67
202B,pass@28,9.0,27.0,23.0,44.0,36.0,67.0,156.91,346.38,7.33,2540.16,141.12,0.1155,0.0,42.0,43.0,14.29,65.06,67.22
202B,pass@31,10.0,36.0,27.0,51.0,46.0,78.0,219.34,430.84,7.08,3051.77,169.54,0.1436,4.0,40.0,41.0,5.0,57.29,58.9
202B,pass@30,11.0,39.0,30.0,57.0,50.0,87.0,244.18,491.02,8.04,3947.01,219.28,0.1637,4.0,46.0,47.0,6.52,57.02,58.9
202B,pass@23,13.0,36.0,31.0,56.0,49.0,87.0,234.22,488.48,10.11,4939.07,274.39,0.1628,25.0,65.0,67.0,7.69,54.0,53.87
202B,pass@32,10.0,24.0,19.0,35.0,34.0,54.0,143.26,274.72,7.29,2003.19,111.29,0.0916,0.0,41.0,42.0,12.2,64.45,66.87
202B,pass@29,14.0,30.0,26.0,47.0,44.0,73.0,200.51,398.54,10.97,4370.64,242.81,0.1328,23.0,66.0,67.0,12.12,58.18,58.18
205C,pass@3,6.0,12.0,8.0,15.0,18.0,23.0,58.53,95.91,3.75,359.66,19.98,0.032,3.0,13.0,13.0,7.69,77.31,77.31
205C,pass@14,6.0,12.0,8.0,15.0,18.0,23.0,58.53,95.91,3.75,359.66,19.98,0.032,3.0,13.0,13.0,0.0,61.42,61.42
205C,pass@13,6.0,12.0,8.0,15.0,18.0,23.0,58.53,95.91,3.75,359.66,19.98,0.032,3.0,13.0,13.0,7.69,77.31,77.31
205C,pass@7,6.0,12.0,8.0,15.0,18.0,23.0,58.53,95.91,3.75,359.66,19.98,0.032,3.0,13.0,13.0,7.69,77.31,77.31
205C,pass@11,6.0,12.0,8.0,15.0,18.0,23.0,58.53,95.91,3.75,359.66,19.98,0.032,3.0,13.0,13.0,7.69,77.31,77.31
205C,pass@12,6.0,12.0,8.0,15.0,18.0,23.0,58.53,95.91,3.75,359.66,19.98,0.032,3.0,13.0,13.0,7.69,77.31,77.31
205C,pass@4,6.0,12.0,8.0,15.0,18.0,23.0,58.53,95.91,3.75,359.66,19.98,0.032,3.0,13.0,13.0,15.38,82.65,82.65
205C,pass@1,9.0,21.0,17.0,32.0,30.0,49.0,120.77,240.44,6.86,1648.72,91.6,0.0801,4.0,16.0,17.0,6.25,70.43,70.43
205C,pass@10,9.0,24.0,22.0,42.0,33.0,64.0,138.57,322.84,7.88,2542.37,141.24,0.1076,4.0,17.0,18.0,0.0,54.51,54.51
205C,pass@5,6.0,12.0,8.0,15.0,18.0,23.0,58.53,95.91,3.75,359.66,19.98,0.032,3.0,14.0,14.0,14.29,81.35,81.35
205C,pass@15,8.0,18.0,15.0,29.0,26.0,44.0,99.06,206.82,6.44,1332.84,74.05,0.0689,3.0,17.0,17.0,11.76,75.62,75.62
205C,pass@8,8.0,27.0,25.0,48.0,35.0,73.0,152.38,374.44,7.11,2662.67,147.93,0.1248,5.0,15.0,16.0,0.0,55.04,55.04
205C,pass@6,8.0,21.0,18.0,34.0,29.0,52.0,116.24,252.62,6.48,1635.98,90.89,0.0842,5.0,19.0,20.0,10.53,72.33,72.33
205C,pass@2,8.0,20.0,18.0,34.0,28.0,52.0,110.44,249.98,6.8,1699.88,94.44,0.0833,7.0,29.0,30.0,10.34,68.12,68.12
205C,pass@21,6.0,12.0,8.0,15.0,18.0,23.0,58.53,95.91,3.75,359.66,19.98,0.032,3.0,13.0,13.0,7.69,77.31,77.31
205C,pass@22,6.0,12.0,8.0,15.0,18.0,23.0,58.53,95.91,3.75,359.66,19.98,0.032,3.0,14.0,14.0,7.14,76.1,76.1
205C,pass@16,10.0,27.0,31.0,60.0,37.0,91.0,161.6,474.06,11.11,5267.34,292.63,0.158,9.0,26.0,27.0,38.46,76.88,76.88
205C,pass@28,6.0,12.0,8.0,15.0,18.0,23.0,58.53,95.91,3.75,359.66,19.98,0.032,3.0,13.0,13.0,7.69,77.31,77.31
205C,pass@27,9.0,20.0,16.0,30.0,29.0,46.0,114.97,223.47,6.75,1508.4,83.8,0.0745,4.0,15.0,16.0,6.67,71.65,71.65
205C,pass@19,7.0,18.0,14.0,26.0,25.0,40.0,94.71,185.75,5.06,939.09,52.17,0.0619,4.0,22.0,23.0,18.18,76.47,76.47
205C,pass@20,7.0,20.0,15.0,28.0,27.0,43.0,106.09,204.46,4.9,1001.85,55.66,0.0682,4.0,19.0,20.0,31.58,81.76,81.76
205C,pass@9,9.0,37.0,40.0,78.0,46.0,118.0,221.28,651.78,9.49,6183.11,343.51,0.2173,1.0,30.0,31.0,40.0,75.88,75.88
205C,pass@18,7.0,19.0,12.0,23.0,26.0,35.0,100.36,164.52,4.24,697.03,38.72,0.0548,3.0,15.0,15.0,53.33,87.61,87.61
205C,pass@25,6.0,14.0,10.0,18.0,20.0,28.0,68.81,121.01,3.86,466.77,25.93,0.0403,5.0,16.0,17.0,25.0,83.06,83.06
205C,pass@17,10.0,41.0,35.0,66.0,51.0,101.0,252.88,572.91,8.05,4611.27,256.18,0.191,10.0,32.0,34.0,18.75,68.92,68.79
205C,pass@30,8.0,22.0,18.0,34.0,30.0,52.0,122.11,255.16,6.18,1577.34,87.63,0.0851,1.0,20.0,21.0,15.0,75.2,75.2
205C,pass@26,9.0,21.0,19.0,36.0,30.0,55.0,120.77,269.88,7.71,2081.92,115.66,0.09,5.0,20.0,21.0,30.0,79.97,79.97
205C,pass@23,10.0,25.0,23.0,44.0,35.0,67.0,149.32,343.66,8.8,3024.23,168.01,0.1146,1.0,21.0,22.0,42.86,81.39,81.39
205C,pass@24,11.0,33.0,35.0,68.0,44.0,103.0,204.52,562.32,11.33,6372.98,354.05,0.1874,11.0,33.0,34.0,18.18,68.59,68.46
205C,pass@31,7.0,22.0,17.0,32.0,29.0,49.0,117.76,238.04,5.09,1211.85,67.32,0.0793,1.0,21.0,22.0,19.05,76.92,76.92
205C,pass@29,7.0,17.0,14.0,26.0,24.0,40.0,89.14,183.4,5.35,981.72,54.54,0.0611,4.0,22.0,23.0,36.36,81.65,81.65
205C,pass@32,9.0,55.0,55.0,106.0,64.0,161.0,346.5,966.0,8.67,8377.85,465.44,0.322,18.0,56.0,58.0,0.0,38.35,38.21
208D,pass@7,6.0,11.0,9.0,16.0,17.0,25.0,53.56,102.19,4.36,445.91,24.77,0.0341,0.0,15.0,15.0,0.0,59.74,60.27
208D,pass@4,6.0,11.0,9.0,16.0,17.0,25.0,53.56,102.19,4.36,445.91,24.77,0.0341,0.0,15.0,15.0,0.0,59.74,60.27
208D,pass@8,6.0,11.0,9.0,16.0,17.0,25.0,53.56,102.19,4.36,445.91,24.77,0.0341,0.0,15.0,15.0,6.67,74.64,75.18
208D,pass@14,6.0,9.0,8.0,14.0,15.0,22.0,44.04,85.95,4.67,401.11,22.28,0.0287,0.0,15.0,15.0,0.0,60.26,60.8
208D,pass@13,6.0,11.0,9.0,16.0,17.0,25.0,53.56,102.19,4.36,445.91,24.77,0.0341,0.0,15.0,15.0,0.0,59.74,60.27
208D,pass@9,6.0,11.0,9.0,16.0,17.0,25.0,53.56,102.19,4.36,445.91,24.77,0.0341,0.0,15.0,15.0,0.0,59.74,60.27
208D,pass@11,6.0,11.0,9.0,16.0,17.0,25.0,53.56,102.19,4.36,445.91,24.77,0.0341,0.0,15.0,15.0,0.0,59.74,60.27
208D,pass@12,6.0,9.0,8.0,14.0,15.0,22.0,44.04,85.95,4.67,401.11,22.28,0.0287,0.0,15.0,15.0,6.67,75.17,75.71
208D,pass@2,6.0,9.0,8.0,14.0,15.0,22.0,44.04,85.95,4.67,401.11,22.28,0.0287,0.0,15.0,15.0,6.67,75.17,75.71
208D,pass@16,6.0,9.0,8.0,14.0,15.0,22.0,44.04,85.95,4.67,401.11,22.28,0.0287,0.0,15.0,15.0,6.67,75.17,75.71
208D,pass@10,6.0,9.0,8.0,14.0,15.0,22.0,44.04,85.95,4.67,401.11,22.28,0.0287,0.0,15.0,15.0,6.67,75.17,75.71
208D,pass@15,6.0,9.0,8.0,14.0,15.0,22.0,44.04,85.95,4.67,401.11,22.28,0.0287,0.0,15.0,15.0,6.67,75.17,75.71
208D,pass@1,6.0,9.0,8.0,14.0,15.0,22.0,44.04,85.95,4.67,401.11,22.28,0.0287,0.0,15.0,15.0,6.67,75.17,75.71
208D,pass@5,6.0,9.0,8.0,14.0,15.0,22.0,44.04,85.95,4.67,401.11,22.28,0.0287,0.0,15.0,15.0,6.67,75.17,75.71
208D,pass@6,6.0,9.0,8.0,14.0,15.0,22.0,44.04,85.95,4.67,401.11,22.28,0.0287,0.0,15.0,15.0,6.67,75.17,75.71
208D,pass@3,6.0,9.0,8.0,14.0,15.0,22.0,44.04,85.95,4.67,401.11,22.28,0.0287,0.0,15.0,15.0,6.67,75.17,75.71
208D,pass@20,6.0,11.0,9.0,16.0,17.0,25.0,53.56,102.19,4.36,445.91,24.77,0.0341,0.0,15.0,15.0,0.0,59.74,60.27
208D,pass@18,6.0,9.0,8.0,14.0,15.0,22.0,44.04,85.95,4.67,401.11,22.28,0.0287,0.0,15.0,15.0,6.67,75.17,75.71
208D,pass@22,6.0,9.0,8.0,14.0,15.0,22.0,44.04,85.95,4.67,401.11,22.28,0.0287,0.0,15.0,15.0,0.0,60.26,60.8
208D,pass@19,6.0,11.0,9.0,16.0,17.0,25.0,53.56,102.19,4.36,445.91,24.77,0.0341,0.0,15.0,15.0,6.67,74.64,75.18
208D,pass@21,6.0,11.0,9.0,16.0,17.0,25.0,53.56,102.19,4.36,445.91,24.77,0.0341,0.0,15.0,15.0,0.0,59.74,60.27
208D,pass@28,6.0,11.0,9.0,16.0,17.0,25.0,53.56,102.19,4.36,445.91,24.77,0.0341,0.0,15.0,15.0,6.67,74.64,75.18
208D,pass@32,6.0,11.0,9.0,16.0,17.0,25.0,53.56,102.19,4.36,445.91,24.77,0.0341,0.0,15.0,15.0,0.0,59.74,60.27
208D,pass@30,6.0,11.0,9.0,16.0,17.0,25.0,53.56,102.19,4.36,445.91,24.77,0.0341,0.0,15.0,15.0,6.67,74.64,75.18
208D,pass@26,6.0,9.0,8.0,14.0,15.0,22.0,44.04,85.95,4.67,401.11,22.28,0.0287,0.0,15.0,15.0,0.0,60.26,60.8
208D,pass@17,6.0,11.0,9.0,16.0,17.0,25.0,53.56,102.19,4.36,445.91,24.77,0.0341,0.0,15.0,15.0,6.67,74.64,75.18
208D,pass@25,6.0,11.0,9.0,16.0,17.0,25.0,53.56,102.19,4.36,445.91,24.77,0.0341,0.0,15.0,15.0,6.67,74.64,75.18
208D,pass@29,6.0,11.0,9.0,16.0,17.0,25.0,53.56,102.19,4.36,445.91,24.77,0.0341,0.0,15.0,15.0,6.67,74.64,75.18
208D,pass@24,6.0,9.0,8.0,14.0,15.0,22.0,44.04,85.95,4.67,401.11,22.28,0.0287,0.0,15.0,15.0,6.67,75.17,75.71
208D,pass@31,6.0,9.0,8.0,14.0,15.0,22.0,44.04,85.95,4.67,401.11,22.28,0.0287,0.0,15.0,15.0,6.67,75.17,75.71
208D,pass@27,6.0,9.0,8.0,14.0,15.0,22.0,44.04,85.95,4.67,401.11,22.28,0.0287,0.0,15.0,15.0,6.67,75.17,75.71
208D,pass@23,6.0,9.0,8.0,14.0,15.0,22.0,44.04,85.95,4.67,401.11,22.28,0.0287,0.0,15.0,15.0,6.67,75.17,75.71
21C,pass@15,7.0,13.0,10.0,20.0,20.0,30.0,67.76,129.66,5.38,698.16,38.79,0.0432,0.0,17.0,17.0,0.0,57.69,58.37
21C,pass@4,7.0,13.0,10.0,20.0,20.0,30.0,67.76,129.66,5.38,698.16,38.79,0.0432,0.0,17.0,17.0,0.0,57.69,58.37
21C,pass@7,7.0,13.0,10.0,20.0,20.0,30.0,67.76,129.66,5.38,698.16,38.79,0.0432,0.0,17.0,17.0,0.0,57.69,58.37
21C,pass@3,7.0,13.0,10.0,20.0,20.0,30.0,67.76,129.66,5.38,698.16,38.79,0.0432,0.0,17.0,17.0,0.0,57.69,58.37
21C,pass@10,7.0,13.0,10.0,20.0,20.0,30.0,67.76,129.66,5.38,698.16,38.79,0.0432,0.0,17.0,17.0,0.0,57.69,58.37
21C,pass@8,7.0,13.0,10.0,20.0,20.0,30.0,67.76,129.66,5.38,698.16,38.79,0.0432,0.0,17.0,17.0,0.0,57.69,58.37
21C,pass@12,7.0,13.0,10.0,20.0,20.0,30.0,67.76,129.66,5.38,698.16,38.79,0.0432,0.0,17.0,17.0,0.0,57.69,58.37
21C,pass@1,7.0,13.0,10.0,20.0,20.0,30.0,67.76,129.66,5.38,698.16,38.79,0.0432,0.0,17.0,17.0,0.0,57.69,58.37
21C,pass@14,7.0,13.0,10.0,20.0,20.0,30.0,67.76,129.66,5.38,698.16,38.79,0.0432,0.0,17.0,17.0,0.0,57.69,58.37
21C,pass@6,7.0,13.0,10.0,20.0,20.0,30.0,67.76,129.66,5.38,698.16,38.79,0.0432,0.0,17.0,17.0,0.0,57.69,58.37
21C,pass@11,7.0,13.0,10.0,20.0,20.0,30.0,67.76,129.66,5.38,698.16,38.79,0.0432,0.0,17.0,17.0,0.0,57.69,58.37
21C,pass@9,7.0,13.0,10.0,20.0,20.0,30.0,67.76,129.66,5.38,698.16,38.79,0.0432,0.0,17.0,17.0,0.0,57.69,58.37
21C,pass@13,7.0,13.0,10.0,20.0,20.0,30.0,67.76,129.66,5.38,698.16,38.79,0.0432,0.0,17.0,17.0,0.0,57.69,58.37
21C,pass@16,7.0,13.0,10.0,20.0,20.0,30.0,67.76,129.66,5.38,698.16,38.79,0.0432,0.0,17.0,17.0,0.0,57.69,58.37
21C,pass@5,7.0,13.0,10.0,20.0,20.0,30.0,67.76,129.66,5.38,698.16,38.79,0.0432,0.0,17.0,17.0,0.0,57.69,58.37
21C,pass@2,7.0,13.0,10.0,20.0,20.0,30.0,67.76,129.66,5.38,698.16,38.79,0.0432,0.0,17.0,17.0,0.0,57.69,58.37
21C,pass@17,7.0,13.0,10.0,20.0,20.0,30.0,67.76,129.66,5.38,698.16,38.79,0.0432,0.0,17.0,17.0,0.0,57.69,58.37
21C,pass@19,7.0,13.0,10.0,20.0,20.0,30.0,67.76,129.66,5.38,698.16,38.79,0.0432,0.0,17.0,17.0,0.0,57.69,58.37
21C,pass@18,7.0,13.0,10.0,20.0,20.0,30.0,67.76,129.66,5.38,698.16,38.79,0.0432,0.0,17.0,17.0,0.0,57.69,58.37
21C,pass@28,7.0,13.0,10.0,20.0,20.0,30.0,67.76,129.66,5.38,698.16,38.79,0.0432,0.0,17.0,17.0,0.0,57.69,58.37
21C,pass@22,7.0,13.0,10.0,20.0,20.0,30.0,67.76,129.66,5.38,698.16,38.79,0.0432,0.0,17.0,17.0,0.0,57.69,58.37
21C,pass@26,7.0,13.0,10.0,20.0,20.0,30.0,67.76,129.66,5.38,698.16,38.79,0.0432,0.0,17.0,17.0,0.0,57.69,58.37
21C,pass@27,7.0,13.0,10.0,20.0,20.0,30.0,67.76,129.66,5.38,698.16,38.79,0.0432,0.0,17.0,17.0,0.0,57.69,58.37
21C,pass@20,7.0,13.0,10.0,20.0,20.0,30.0,67.76,129.66,5.38,698.16,38.79,0.0432,0.0,17.0,17.0,0.0,57.69,58.37
21C,pass@24,7.0,13.0,10.0,20.0,20.0,30.0,67.76,129.66,5.38,698.16,38.79,0.0432,0.0,17.0,17.0,0.0,57.69,58.37
21C,pass@23,7.0,13.0,10.0,20.0,20.0,30.0,67.76,129.66,5.38,698.16,38.79,0.0432,0.0,17.0,17.0,0.0,57.69,58.37
21C,pass@21,7.0,13.0,10.0,20.0,20.0,30.0,67.76,129.66,5.38,698.16,38.79,0.0432,0.0,17.0,17.0,0.0,57.69,58.37
21C,pass@25,7.0,13.0,10.0,20.0,20.0,30.0,67.76,129.66,5.38,698.16,38.79,0.0432,0.0,17.0,17.0,0.0,57.69,58.37
21C,pass@31,7.0,13.0,10.0,20.0,20.0,30.0,67.76,129.66,5.38,698.16,38.79,0.0432,0.0,17.0,17.0,0.0,57.69,58.37
21C,pass@29,7.0,13.0,10.0,20.0,20.0,30.0,67.76,129.66,5.38,698.16,38.79,0.0432,0.0,17.0,17.0,0.0,57.69,58.37
21C,pass@30,7.0,13.0,10.0,20.0,20.0,30.0,67.76,129.66,5.38,698.16,38.79,0.0432,0.0,17.0,17.0,0.0,57.69,58.37
21C,pass@32,7.0,13.0,10.0,20.0,20.0,30.0,67.76,129.66,5.38,698.16,38.79,0.0432,0.0,17.0,17.0,0.0,57.69,58.37
226A,pass@4,4.0,8.0,8.0,16.0,12.0,24.0,32.0,86.04,4.0,344.16,19.12,0.0287,0.0,10.0,10.0,0.0,64.24,64.64
226A,pass@11,4.0,8.0,7.0,14.0,12.0,21.0,32.0,75.28,3.5,263.49,14.64,0.0251,0.0,10.0,10.0,0.0,64.64,65.05
226A,pass@3,4.0,8.0,8.0,16.0,12.0,24.0,32.0,86.04,4.0,344.16,19.12,0.0287,0.0,10.0,10.0,0.0,64.24,64.64
226A,pass@9,4.0,8.0,8.0,16.0,12.0,24.0,32.0,86.04,4.0,344.16,19.12,0.0287,0.0,10.0,10.0,0.0,64.24,64.64
226A,pass@1,4.0,8.0,7.0,14.0,12.0,21.0,32.0,75.28,3.5,263.49,14.64,0.0251,0.0,10.0,10.0,0.0,64.64,65.05
226A,pass@7,4.0,8.0,8.0,16.0,12.0,24.0,32.0,86.04,4.0,344.16,19.12,0.0287,0.0,10.0,10.0,0.0,64.24,64.64
226A,pass@12,4.0,8.0,8.0,16.0,12.0,24.0,32.0,86.04,4.0,344.16,19.12,0.0287,0.0,10.0,10.0,0.0,64.24,64.64
226A,pass@2,4.0,8.0,7.0,14.0,12.0,21.0,32.0,75.28,3.5,263.49,14.64,0.0251,0.0,10.0,10.0,0.0,64.64,65.05
226A,pass@8,4.0,8.0,8.0,16.0,12.0,24.0,32.0,86.04,4.0,344.16,19.12,0.0287,0.0,10.0,10.0,0.0,64.24,64.64
226A,pass@5,4.0,8.0,8.0,16.0,12.0,24.0,32.0,86.04,4.0,344.16,19.12,0.0287,0.0,10.0,10.0,0.0,64.24,64.64
226A,pass@6,4.0,8.0,8.0,16.0,12.0,24.0,32.0,86.04,4.0,344.16,19.12,0.0287,0.0,10.0,10.0,0.0,64.24,64.64
226A,pass@10,4.0,8.0,8.0,16.0,12.0,24.0,32.0,86.04,4.0,344.16,19.12,0.0287,0.0,10.0,10.0,0.0,64.24,64.64
226A,pass@14,4.0,8.0,8.0,16.0,12.0,24.0,32.0,86.04,4.0,344.16,19.12,0.0287,0.0,10.0,10.0,0.0,64.24,64.64
226A,pass@15,4.0,8.0,8.0,16.0,12.0,24.0,32.0,86.04,4.0,344.16,19.12,0.0287,0.0,10.0,10.0,0.0,64.24,64.64
226A,pass@13,5.0,6.0,6.0,12.0,11.0,18.0,27.12,62.27,5.0,311.35,17.3,0.0208,0.0,7.0,7.0,14.29,89.36,89.63
226A,pass@16,4.0,8.0,8.0,16.0,12.0,24.0,32.0,86.04,4.0,344.16,19.12,0.0287,0.0,10.0,10.0,0.0,64.24,64.64
226A,pass@21,4.0,8.0,8.0,16.0,12.0,24.0,32.0,86.04,4.0,344.16,19.12,0.0287,0.0,10.0,10.0,0.0,64.24,64.64
226A,pass@24,4.0,8.0,8.0,16.0,12.0,24.0,32.0,86.04,4.0,344.16,19.12,0.0287,0.0,10.0,10.0,0.0,64.24,64.64
226A,pass@18,4.0,8.0,7.0,14.0,12.0,21.0,32.0,75.28,3.5,263.49,14.64,0.0251,0.0,10.0,10.0,0.0,64.64,65.05
226A,pass@20,4.0,8.0,7.0,14.0,12.0,21.0,32.0,75.28,3.5,263.49,14.64,0.0251,0.0,10.0,10.0,0.0,64.64,65.05
226A,pass@19,4.0,8.0,8.0,16.0,12.0,24.0,32.0,86.04,4.0,344.16,19.12,0.0287,0.0,10.0,10.0,0.0,64.24,64.64
226A,pass@22,4.0,8.0,8.0,16.0,12.0,24.0,32.0,86.04,4.0,344.16,19.12,0.0287,0.0,10.0,10.0,0.0,64.24,64.64
226A,pass@17,5.0,8.0,7.0,14.0,13.0,21.0,35.61,77.71,4.38,339.98,18.89,0.0259,0.0,10.0,10.0,20.0,88.06,88.33
226A,pass@23,4.0,8.0,7.0,14.0,12.0,21.0,32.0,75.28,3.5,263.49,14.64,0.0251,0.0,10.0,10.0,0.0,64.64,65.05
226A,pass@26,4.0,8.0,7.0,14.0,12.0,21.0,32.0,75.28,3.5,263.49,14.64,0.0251,0.0,10.0,10.0,0.0,64.64,65.05
226A,pass@28,4.0,8.0,8.0,16.0,12.0,24.0,32.0,86.04,4.0,344.16,19.12,0.0287,0.0,10.0,10.0,0.0,64.24,64.64
226A,pass@30,4.0,8.0,8.0,16.0,12.0,24.0,32.0,86.04,4.0,344.16,19.12,0.0287,0.0,10.0,10.0,0.0,64.24,64.64
226A,pass@25,4.0,8.0,8.0,16.0,12.0,24.0,32.0,86.04,4.0,344.16,19.12,0.0287,0.0,10.0,10.0,0.0,64.24,64.64
226A,pass@27,4.0,8.0,8.0,16.0,12.0,24.0,32.0,86.04,4.0,344.16,19.12,0.0287,0.0,10.0,10.0,0.0,64.24,64.64
226A,pass@32,4.0,8.0,8.0,16.0,12.0,24.0,32.0,86.04,4.0,344.16,19.12,0.0287,0.0,10.0,10.0,0.0,64.24,64.64
226A,pass@29,4.0,8.0,7.0,14.0,12.0,21.0,32.0,75.28,3.5,263.49,14.64,0.0251,0.0,10.0,10.0,0.0,64.64,65.05
226A,pass@31,4.0,8.0,8.0,16.0,12.0,24.0,32.0,86.04,4.0,344.16,19.12,0.0287,0.0,10.0,10.0,0.0,64.24,64.64
23E,pass@8,7.0,24.0,23.0,44.0,31.0,67.0,129.69,331.93,6.42,2129.89,118.33,0.1106,5.0,35.0,35.0,0.0,47.99,47.99
23E,pass@14,10.0,30.0,25.0,48.0,40.0,73.0,180.43,388.5,8.0,3108.01,172.67,0.1295,6.0,34.0,34.0,0.0,47.65,47.65
23E,pass@2,8.0,27.0,24.0,46.0,35.0,70.0,152.38,359.05,6.81,2446.86,135.94,0.1197,6.0,39.0,39.0,0.0,46.59,46.59
23E,pass@13,9.0,27.0,21.0,40.0,36.0,61.0,156.91,315.37,6.67,2102.44,116.8,0.1051,6.0,43.0,43.0,0.0,46.06,46.06
23E,pass@1,8.0,21.0,20.0,38.0,29.0,58.0,116.24,281.76,7.24,2039.43,113.3,0.0939,10.0,44.0,44.0,4.55,58.15,58.15
23E,pass@15,9.0,29.0,28.0,52.0,38.0,80.0,169.41,419.83,8.07,3387.63,188.2,0.1399,5.0,37.0,37.0,0.0,46.75,46.75
23E,pass@6,7.0,41.0,33.0,65.0,48.0,98.0,239.31,547.33,5.55,3036.99,168.72,0.1824,6.0,41.0,41.0,0.0,44.84,44.84
23E,pass@11,7.0,30.0,25.0,48.0,37.0,73.0,166.86,380.29,5.6,2129.62,118.31,0.1268,4.0,39.0,39.0,0.0,46.69,46.69
23E,pass@16,7.0,29.0,25.0,47.0,36.0,72.0,160.53,372.23,5.67,2111.47,117.3,0.1241,4.0,39.0,39.0,0.0,46.75,46.75
23E,pass@3,9.0,27.0,26.0,50.0,36.0,76.0,156.91,392.91,8.33,3274.29,181.9,0.131,5.0,34.0,34.0,0.0,47.75,47.75
23E,pass@10,10.0,39.0,35.0,68.0,49.0,103.0,239.35,578.32,8.72,5041.72,280.1,0.1928,7.0,43.0,43.0,0.0,44.09,44.09
23E,pass@12,8.0,32.0,30.0,54.0,40.0,84.0,184.0,447.04,6.75,3017.53,167.64,0.149,4.0,46.0,46.0,0.0,44.63,44.63
23E,pass@7,9.0,36.0,32.0,61.0,45.0,93.0,214.65,510.74,7.62,3894.41,216.36,0.1702,6.0,43.0,43.0,11.63,63.58,63.58
23E,pass@9,12.0,40.0,38.0,73.0,52.0,111.0,255.9,632.75,10.95,6928.6,384.92,0.2109,24.0,57.0,57.0,0.0,38.72,38.86
23E,pass@4,10.0,38.0,32.0,61.0,48.0,93.0,232.64,519.4,8.03,4168.88,231.6,0.1731,8.0,46.0,46.0,2.17,52.43,52.43
23E,pass@27,6.0,16.0,12.0,22.0,22.0,34.0,79.51,151.62,4.12,625.44,34.75,0.0505,3.0,23.0,23.0,0.0,54.62,54.62
23E,pass@5,10.0,35.0,36.0,71.0,45.0,107.0,212.74,587.63,10.14,5960.23,331.12,0.1959,13.0,73.0,73.0,10.96,56.74,56.74
23E,pass@18,7.0,29.0,27.0,48.0,36.0,75.0,160.53,387.74,5.79,2246.24,124.79,0.1292,4.0,42.0,42.0,0.0,45.93,45.93
23E,pass@17,9.0,41.0,34.0,66.0,50.0,100.0,248.19,564.39,7.24,4088.35,227.13,0.1881,6.0,41.0,41.0,0.0,44.75,44.75
23E,pass@19,8.0,39.0,31.0,59.0,47.0,90.0,230.13,499.91,6.05,3025.11,168.06,0.1666,8.0,41.0,41.0,4.88,57.76,57.76
23E,pass@25,7.0,28.0,25.0,46.0,35.0,71.0,154.26,364.18,5.75,2094.03,116.33,0.1214,7.0,36.0,36.0,2.78,57.07,57.07
23E,pass@20,8.0,29.0,30.0,58.0,37.0,88.0,164.88,458.43,8.0,3667.46,203.75,0.1528,12.0,58.0,58.0,0.0,41.28,41.28
23E,pass@24,9.0,42.0,35.0,68.0,51.0,103.0,255.01,584.26,7.29,4256.75,236.49,0.1948,6.0,42.0,42.0,0.0,44.41,44.41
23E,pass@23,11.0,37.0,31.0,59.0,48.0,90.0,230.8,502.65,8.77,4408.35,244.91,0.1675,8.0,53.0,53.0,0.0,42.4,42.4
23E,pass@30,9.0,28.0,28.0,52.0,37.0,80.0,163.14,416.76,8.36,3482.89,193.49,0.1389,5.0,37.0,37.0,0.0,46.77,46.77
23E,pass@31,8.0,36.0,35.0,65.0,44.0,100.0,210.12,545.94,7.22,3942.92,219.05,0.182,15.0,40.0,40.0,0.0,43.87,43.87
23E,pass@29,11.0,24.0,25.0,49.0,35.0,74.0,148.09,379.57,11.23,4262.22,236.79,0.1265,7.0,41.0,41.0,14.63,66.64,66.64
23E,pass@28,9.0,36.0,30.0,59.0,45.0,89.0,214.65,488.77,7.38,3604.72,200.26,0.1629,6.0,47.0,47.0,8.51,60.51,60.51
23E,pass@22,7.0,35.0,31.0,62.0,42.0,93.0,199.18,501.49,6.2,3109.21,172.73,0.1672,6.0,60.0,60.0,18.33,64.17,64.17
23E,pass@21,6.0,13.0,12.0,23.0,19.0,35.0,63.62,148.68,5.31,789.13,43.84,0.0496,3.0,36.0,36.0,61.11,79.64,79.64
23E,pass@32,7.0,50.0,43.0,83.0,57.0,126.0,301.84,734.94,5.81,4270.03,237.22,0.245,8.0,51.0,51.0,0.0,41.61,41.61
23E,pass@26,9.0,44.0,39.0,77.0,53.0,116.0,268.74,664.44,7.88,5232.46,290.69,0.2215,25.0,65.0,65.0,30.77,64.01,64.01
23B,pass@14,3.0,3.0,3.0,6.0,6.0,9.0,9.51,23.26,3.0,69.79,3.88,0.0078,3.0,11.0,12.0,0.0,66.49,66.49
23B,pass@1,3.0,4.0,4.0,8.0,7.0,12.0,12.75,33.69,3.0,101.06,5.61,0.0112,4.0,12.0,12.0,0.0,65.23,65.23
23B,pass@9,3.0,3.0,3.0,6.0,6.0,9.0,9.51,23.26,3.0,69.79,3.88,0.0078,3.0,11.0,12.0,0.0,66.49,66.49
23B,pass@10,3.0,3.0,3.0,6.0,6.0,9.0,9.51,23.26,3.0,69.79,3.88,0.0078,3.0,11.0,12.0,0.0,66.49,66.49
23B,pass@16,3.0,3.0,3.0,6.0,6.0,9.0,9.51,23.26,3.0,69.79,3.88,0.0078,3.0,11.0,12.0,0.0,66.49,66.49
23B,pass@11,5.0,5.0,6.0,12.0,10.0,18.0,23.22,59.79,6.0,358.77,19.93,0.0199,4.0,13.0,14.0,0.0,62.02,62.02
23B,pass@2,3.0,4.0,5.0,10.0,7.0,15.0,12.75,42.11,3.75,157.91,8.77,0.014,4.0,12.0,12.0,0.0,64.55,64.55
23B,pass@15,3.0,3.0,3.0,6.0,6.0,9.0,9.51,23.26,3.0,69.79,3.88,0.0078,3.0,11.0,12.0,0.0,66.49,66.49
23B,pass@7,5.0,7.0,6.0,12.0,12.0,18.0,31.26,64.53,4.29,276.55,15.36,0.0215,4.0,17.0,17.0,0.0,59.95,59.95
23B,pass@8,3.0,3.0,3.0,6.0,6.0,9.0,9.51,23.26,3.0,69.79,3.88,0.0078,3.0,13.0,14.0,0.0,65.03,65.03
23B,pass@4,4.0,5.0,6.0,12.0,9.0,18.0,19.61,57.06,4.8,273.88,15.22,0.019,4.0,13.0,14.0,0.0,62.16,62.16
23B,pass@6,4.0,5.0,6.0,12.0,9.0,18.0,19.61,57.06,4.8,273.88,15.22,0.019,4.0,13.0,14.0,0.0,62.16,62.16
23B,pass@12,4.0,5.0,5.0,10.0,9.0,15.0,19.61,47.55,4.0,190.2,10.57,0.0158,4.0,13.0,14.0,0.0,62.72,62.72
23B,pass@5,4.0,5.0,6.0,12.0,9.0,18.0,19.61,57.06,4.8,273.88,15.22,0.019,4.0,13.0,14.0,0.0,62.16,62.16
23B,pass@3,5.0,4.0,5.0,10.0,9.0,15.0,19.61,47.55,6.25,297.18,16.51,0.0158,4.0,12.0,12.0,0.0,64.18,64.18
23B,pass@13,4.0,5.0,6.0,12.0,9.0,18.0,19.61,57.06,4.8,273.88,15.22,0.019,4.0,13.0,13.0,0.0,62.86,62.86
23B,pass@20,3.0,3.0,3.0,6.0,6.0,9.0,9.51,23.26,3.0,69.79,3.88,0.0078,3.0,11.0,12.0,0.0,66.49,66.49
23B,pass@17,3.0,3.0,3.0,6.0,6.0,9.0,9.51,23.26,3.0,69.79,3.88,0.0078,3.0,11.0,12.0,0.0,66.49,66.49
23B,pass@18,2.0,2.0,2.0,4.0,4.0,6.0,4.0,12.0,2.0,24.0,1.33,0.004,3.0,12.0,12.0,0.0,68.5,68.5
23B,pass@21,3.0,3.0,3.0,6.0,6.0,9.0,9.51,23.26,3.0,69.79,3.88,0.0078,3.0,13.0,13.0,0.0,65.73,65.73
23B,pass@22,3.0,4.0,5.0,10.0,7.0,15.0,12.75,42.11,3.75,157.91,8.77,0.014,4.0,12.0,12.0,0.0,64.55,64.55
23B,pass@23,3.0,3.0,3.0,6.0,6.0,9.0,9.51,23.26,3.0,69.79,3.88,0.0078,3.0,11.0,12.0,0.0,66.49,66.49
23B,pass@24,3.0,3.0,3.0,6.0,6.0,9.0,9.51,23.26,3.0,69.79,3.88,0.0078,3.0,11.0,12.0,0.0,66.49,66.49
23B,pass@19,5.0,5.0,7.0,14.0,10.0,21.0,23.22,69.76,7.0,488.32,27.13,0.0233,5.0,13.0,14.0,0.0,61.42,61.42
23B,pass@25,3.0,3.0,3.0,6.0,6.0,9.0,9.51,23.26,3.0,69.79,3.88,0.0078,3.0,11.0,12.0,0.0,66.49,66.49
23B,pass@26,3.0,4.0,4.0,8.0,7.0,12.0,12.75,33.69,3.0,101.06,5.61,0.0112,4.0,12.0,12.0,0.0,65.23,65.23
23B,pass@28,3.0,3.0,3.0,6.0,6.0,9.0,9.51,23.26,3.0,69.79,3.88,0.0078,3.0,13.0,14.0,0.0,65.03,65.03
23B,pass@27,4.0,6.0,6.0,12.0,10.0,18.0,23.51,59.79,4.0,239.18,13.29,0.0199,4.0,13.0,13.0,0.0,62.72,62.72
23B,pass@29,4.0,5.0,5.0,10.0,9.0,15.0,19.61,47.55,4.0,190.2,10.57,0.0158,4.0,13.0,14.0,0.0,62.72,62.72
23B,pass@30,4.0,5.0,6.0,12.0,9.0,18.0,19.61,57.06,4.8,273.88,15.22,0.019,4.0,13.0,13.0,0.0,62.86,62.86
23B,pass@31,4.0,5.0,6.0,12.0,9.0,18.0,19.61,57.06,4.8,273.88,15.22,0.019,4.0,13.0,14.0,0.0,62.16,62.16
23B,pass@32,3.0,3.0,3.0,6.0,6.0,9.0,9.51,23.26,3.0,69.79,3.88,0.0078,3.0,11.0,12.0,0.0,66.49,66.49
230B,pass@14,6.0,14.0,10.0,20.0,20.0,30.0,68.81,129.66,4.29,555.68,30.87,0.0432,6.0,21.0,21.0,0.0,55.15,55.56
230B,pass@10,6.0,14.0,10.0,20.0,20.0,30.0,68.81,129.66,4.29,555.68,30.87,0.0432,6.0,21.0,22.0,0.0,54.71,55.12
230B,pass@1,6.0,16.0,11.0,22.0,22.0,33.0,79.51,147.16,4.12,607.04,33.72,0.0491,5.0,20.0,22.0,0.0,54.46,54.87
230B,pass@4,6.0,16.0,11.0,22.0,22.0,33.0,79.51,147.16,4.12,607.04,33.72,0.0491,5.0,20.0,21.0,0.0,54.9,55.31
230B,pass@3,6.0,16.0,11.0,22.0,22.0,33.0,79.51,147.16,4.12,607.04,33.72,0.0491,5.0,20.0,22.0,0.0,54.46,54.87
230B,pass@12,6.0,14.0,10.0,20.0,20.0,30.0,68.81,129.66,4.29,555.68,30.87,0.0432,6.0,21.0,21.0,0.0,55.15,55.56
230B,pass@15,6.0,14.0,10.0,20.0,20.0,30.0,68.81,129.66,4.29,555.68,30.87,0.0432,6.0,21.0,21.0,0.0,55.15,55.56
230B,pass@8,6.0,14.0,10.0,20.0,20.0,30.0,68.81,129.66,4.29,555.68,30.87,0.0432,6.0,21.0,22.0,0.0,54.71,55.12
230B,pass@5,6.0,14.0,10.0,20.0,20.0,30.0,68.81,129.66,4.29,555.68,30.87,0.0432,6.0,21.0,22.0,0.0,54.71,55.12
230B,pass@7,6.0,14.0,10.0,20.0,20.0,30.0,68.81,129.66,4.29,555.68,30.87,0.0432,6.0,21.0,22.0,0.0,54.71,55.12
230B,pass@9,6.0,16.0,11.0,22.0,22.0,33.0,79.51,147.16,4.12,607.04,33.72,0.0491,5.0,20.0,21.0,0.0,54.9,55.31
230B,pass@13,6.0,16.0,11.0,22.0,22.0,33.0,79.51,147.16,4.12,607.04,33.72,0.0491,5.0,20.0,22.0,0.0,54.46,54.87
230B,pass@2,6.0,14.0,10.0,20.0,20.0,30.0,68.81,129.66,4.29,555.68,30.87,0.0432,6.0,21.0,22.0,0.0,54.71,55.12
230B,pass@16,6.0,14.0,10.0,20.0,20.0,30.0,68.81,129.66,4.29,555.68,30.87,0.0432,6.0,21.0,21.0,0.0,55.15,55.56
230B,pass@6,6.0,16.0,11.0,22.0,22.0,33.0,79.51,147.16,4.12,607.04,33.72,0.0491,5.0,20.0,21.0,0.0,54.9,55.31
230B,pass@11,6.0,14.0,10.0,20.0,20.0,30.0,68.81,129.66,4.29,555.68,30.87,0.0432,6.0,21.0,22.0,0.0,54.71,55.12
230B,pass@17,6.0,14.0,10.0,20.0,20.0,30.0,68.81,129.66,4.29,555.68,30.87,0.0432,6.0,21.0,22.0,0.0,54.71,55.12
230B,pass@18,6.0,14.0,10.0,20.0,20.0,30.0,68.81,129.66,4.29,555.68,30.87,0.0432,6.0,21.0,22.0,0.0,54.71,55.12
230B,pass@19,6.0,14.0,10.0,20.0,20.0,30.0,68.81,129.66,4.29,555.68,30.87,0.0432,6.0,21.0,21.0,0.0,55.15,55.56
230B,pass@20,6.0,16.0,11.0,22.0,22.0,33.0,79.51,147.16,4.12,607.04,33.72,0.0491,5.0,20.0,21.0,0.0,54.9,55.31
230B,pass@27,6.0,14.0,10.0,20.0,20.0,30.0,68.81,129.66,4.29,555.68,30.87,0.0432,6.0,21.0,22.0,0.0,54.71,55.12
230B,pass@23,6.0,14.0,10.0,20.0,20.0,30.0,68.81,129.66,4.29,555.68,30.87,0.0432,6.0,21.0,22.0,0.0,54.71,55.12
230B,pass@26,6.0,14.0,10.0,20.0,20.0,30.0,68.81,129.66,4.29,555.68,30.87,0.0432,6.0,21.0,22.0,0.0,54.71,55.12
230B,pass@25,6.0,14.0,10.0,20.0,20.0,30.0,68.81,129.66,4.29,555.68,30.87,0.0432,6.0,21.0,21.0,0.0,55.15,55.56
230B,pass@29,6.0,14.0,10.0,20.0,20.0,30.0,68.81,129.66,4.29,555.68,30.87,0.0432,6.0,21.0,21.0,0.0,55.15,55.56
230B,pass@30,6.0,14.0,10.0,20.0,20.0,30.0,68.81,129.66,4.29,555.68,30.87,0.0432,6.0,21.0,22.0,0.0,54.71,55.12
230B,pass@22,6.0,14.0,10.0,20.0,20.0,30.0,68.81,129.66,4.29,555.68,30.87,0.0432,6.0,21.0,21.0,0.0,55.15,55.56
230B,pass@32,6.0,16.0,11.0,22.0,22.0,33.0,79.51,147.16,4.12,607.04,33.72,0.0491,5.0,20.0,21.0,0.0,54.9,55.31
230B,pass@24,6.0,14.0,10.0,20.0,20.0,30.0,68.81,129.66,4.29,555.68,30.87,0.0432,6.0,21.0,22.0,0.0,54.71,55.12
230B,pass@28,6.0,16.0,11.0,22.0,22.0,33.0,79.51,147.16,4.12,607.04,33.72,0.0491,4.0,24.0,24.0,0.0,53.5,54.18
230B,pass@21,6.0,18.0,12.0,24.0,24.0,36.0,90.57,165.06,4.0,660.23,36.68,0.055,3.0,23.0,24.0,0.0,53.29,53.96
230B,pass@31,6.0,14.0,10.0,20.0,20.0,30.0,68.81,129.66,4.29,555.68,30.87,0.0432,6.0,22.0,22.0,0.0,54.71,55.12
230A,pass@7,2.0,3.0,2.0,4.0,5.0,6.0,6.75,13.93,1.33,18.58,1.03,0.0046,0.0,14.0,14.0,0.0,66.32,66.99
230A,pass@4,2.0,3.0,2.0,4.0,5.0,6.0,6.75,13.93,1.33,18.58,1.03,0.0046,0.0,14.0,14.0,0.0,66.32,66.99
230A,pass@1,2.0,3.0,2.0,4.0,5.0,6.0,6.75,13.93,1.33,18.58,1.03,0.0046,0.0,14.0,14.0,0.0,66.32,66.99
230A,pass@3,2.0,3.0,2.0,4.0,5.0,6.0,6.75,13.93,1.33,18.58,1.03,0.0046,0.0,14.0,14.0,0.0,66.32,66.99
230A,pass@2,2.0,3.0,2.0,4.0,5.0,6.0,6.75,13.93,1.33,18.58,1.03,0.0046,0.0,14.0,14.0,0.0,66.32,66.99
230A,pass@12,2.0,3.0,2.0,4.0,5.0,6.0,6.75,13.93,1.33,18.58,1.03,0.0046,0.0,14.0,14.0,0.0,66.32,66.99
230A,pass@14,2.0,3.0,2.0,4.0,5.0,6.0,6.75,13.93,1.33,18.58,1.03,0.0046,0.0,14.0,14.0,0.0,66.32,66.99
230A,pass@5,2.0,3.0,2.0,4.0,5.0,6.0,6.75,13.93,1.33,18.58,1.03,0.0046,0.0,14.0,14.0,0.0,66.32,66.99
230A,pass@10,2.0,3.0,2.0,4.0,5.0,6.0,6.75,13.93,1.33,18.58,1.03,0.0046,0.0,14.0,14.0,0.0,66.32,66.99
230A,pass@6,2.0,3.0,2.0,4.0,5.0,6.0,6.75,13.93,1.33,18.58,1.03,0.0046,0.0,14.0,14.0,0.0,66.32,66.99
230A,pass@15,2.0,3.0,2.0,4.0,5.0,6.0,6.75,13.93,1.33,18.58,1.03,0.0046,0.0,14.0,14.0,0.0,66.32,66.99
230A,pass@8,2.0,3.0,2.0,4.0,5.0,6.0,6.75,13.93,1.33,18.58,1.03,0.0046,0.0,14.0,14.0,0.0,66.32,66.99
230A,pass@9,2.0,3.0,2.0,4.0,5.0,6.0,6.75,13.93,1.33,18.58,1.03,0.0046,0.0,14.0,14.0,0.0,66.32,66.99
230A,pass@11,2.0,3.0,2.0,4.0,5.0,6.0,6.75,13.93,1.33,18.58,1.03,0.0046,0.0,14.0,14.0,0.0,66.32,66.99
230A,pass@16,2.0,3.0,2.0,4.0,5.0,6.0,6.75,13.93,1.33,18.58,1.03,0.0046,0.0,14.0,14.0,0.0,66.32,66.99
230A,pass@13,2.0,3.0,2.0,4.0,5.0,6.0,6.75,13.93,1.33,18.58,1.03,0.0046,0.0,14.0,14.0,0.0,66.32,66.99
230A,pass@17,2.0,3.0,2.0,4.0,5.0,6.0,6.75,13.93,1.33,18.58,1.03,0.0046,0.0,14.0,14.0,0.0,66.32,66.99
230A,pass@18,2.0,3.0,2.0,4.0,5.0,6.0,6.75,13.93,1.33,18.58,1.03,0.0046,0.0,14.0,14.0,0.0,66.32,66.99
230A,pass@20,2.0,3.0,2.0,4.0,5.0,6.0,6.75,13.93,1.33,18.58,1.03,0.0046,0.0,14.0,14.0,0.0,66.32,66.99
230A,pass@23,2.0,3.0,2.0,4.0,5.0,6.0,6.75,13.93,1.33,18.58,1.03,0.0046,0.0,14.0,14.0,0.0,66.32,66.99
230A,pass@27,2.0,3.0,2.0,4.0,5.0,6.0,6.75,13.93,1.33,18.58,1.03,0.0046,0.0,14.0,14.0,0.0,66.32,66.99
230A,pass@25,2.0,3.0,2.0,4.0,5.0,6.0,6.75,13.93,1.33,18.58,1.03,0.0046,0.0,14.0,14.0,0.0,66.32,66.99
230A,pass@24,2.0,3.0,2.0,4.0,5.0,6.0,6.75,13.93,1.33,18.58,1.03,0.0046,0.0,14.0,14.0,0.0,66.32,66.99
230A,pass@21,2.0,3.0,2.0,4.0,5.0,6.0,6.75,13.93,1.33,18.58,1.03,0.0046,0.0,14.0,14.0,0.0,66.32,66.99
230A,pass@22,2.0,3.0,2.0,4.0,5.0,6.0,6.75,13.93,1.33,18.58,1.03,0.0046,0.0,14.0,15.0,0.0,65.66,66.33
230A,pass@26,2.0,3.0,2.0,4.0,5.0,6.0,6.75,13.93,1.33,18.58,1.03,0.0046,0.0,14.0,14.0,0.0,66.32,66.99
230A,pass@32,2.0,3.0,2.0,4.0,5.0,6.0,6.75,13.93,1.33,18.58,1.03,0.0046,0.0,14.0,14.0,0.0,66.32,66.99
230A,pass@31,2.0,3.0,2.0,4.0,5.0,6.0,6.75,13.93,1.33,18.58,1.03,0.0046,0.0,14.0,14.0,0.0,66.32,66.99
230A,pass@29,2.0,3.0,2.0,4.0,5.0,6.0,6.75,13.93,1.33,18.58,1.03,0.0046,0.0,14.0,14.0,0.0,66.32,66.99
230A,pass@28,2.0,3.0,2.0,4.0,5.0,6.0,6.75,13.93,1.33,18.58,1.03,0.0046,0.0,14.0,14.0,0.0,66.32,66.99
230A,pass@30,2.0,3.0,2.0,4.0,5.0,6.0,6.75,13.93,1.33,18.58,1.03,0.0046,0.0,15.0,16.0,0.0,65.05,65.72
232A,pass@10,8.0,23.0,22.0,44.0,31.0,66.0,128.04,326.98,7.65,2502.08,139.0,0.109,0.0,23.0,24.0,0.0,51.07,52.29
232A,pass@8,7.0,29.0,28.0,56.0,36.0,84.0,160.53,434.27,6.76,2935.09,163.06,0.1448,0.0,24.0,25.0,0.0,49.83,51.04
232A,pass@11,6.0,28.0,28.0,56.0,34.0,84.0,150.12,427.35,6.0,2564.08,142.45,0.1424,0.0,25.0,26.0,0.0,49.5,50.71
232A,pass@3,9.0,30.0,32.0,64.0,39.0,96.0,175.74,507.4,9.6,4871.03,270.61,0.1691,0.0,24.0,24.0,0.0,49.6,50.95
232A,pass@2,8.0,31.0,33.0,66.0,39.0,99.0,177.58,523.25,8.52,4456.11,247.56,0.1744,0.0,23.0,23.0,0.0,49.91,51.26
232A,pass@5,7.0,27.0,28.0,56.0,34.0,84.0,148.03,427.35,7.26,3102.22,172.35,0.1424,0.0,23.0,23.0,0.0,50.66,51.87
232A,pass@1,9.0,30.0,32.0,64.0,39.0,96.0,175.74,507.4,9.6,4871.03,270.61,0.1691,0.0,25.0,25.0,0.0,49.08,50.56
232A,pass@14,7.0,29.0,28.0,55.0,36.0,83.0,160.53,429.1,6.64,2848.36,158.24,0.143,0.0,26.0,27.0,0.0,49.0,50.34
232A,pass@15,9.0,30.0,32.0,64.0,39.0,96.0,175.74,507.4,9.6,4871.03,270.61,0.1691,0.0,24.0,24.0,0.0,49.6,50.95
232A,pass@4,8.0,26.0,28.0,56.0,34.0,84.0,146.21,427.35,8.62,3681.76,204.54,0.1424,0.0,28.0,28.0,0.0,48.53,50.01
232A,pass@12,8.0,31.0,34.0,68.0,39.0,102.0,177.58,539.11,8.77,4730.26,262.79,0.1797,0.0,23.0,23.0,0.0,49.82,51.17
232A,pass@9,7.0,29.0,27.0,54.0,36.0,81.0,160.53,418.76,6.52,2729.19,151.62,0.1396,0.0,31.0,32.0,0.0,47.33,48.81
232A,pass@7,8.0,31.0,33.0,66.0,39.0,99.0,177.58,523.25,8.52,4456.11,247.56,0.1744,0.0,23.0,23.0,0.0,49.91,51.26
232A,pass@6,8.0,29.0,29.0,58.0,37.0,87.0,164.88,453.22,8.0,3625.78,201.43,0.1511,0.0,29.0,30.0,13.79,68.04,69.52
232A,pass@13,9.0,30.0,32.0,64.0,39.0,96.0,175.74,507.4,9.6,4871.03,270.61,0.1691,0.0,24.0,24.0,0.0,49.6,50.95
232A,pass@16,8.0,31.0,29.0,58.0,39.0,87.0,177.58,459.83,7.48,3441.31,191.18,0.1533,0.0,23.0,24.0,0.0,49.9,51.25
232A,pass@19,7.0,28.0,27.0,54.0,35.0,81.0,154.26,415.47,6.75,2804.44,155.8,0.1385,0.0,23.0,23.0,0.0,50.62,51.96
232A,pass@18,6.0,28.0,28.0,56.0,34.0,84.0,150.12,427.35,6.0,2564.08,142.45,0.1424,0.0,25.0,26.0,0.0,49.5,50.71
232A,pass@17,9.0,30.0,32.0,64.0,39.0,96.0,175.74,507.4,9.6,4871.03,270.61,0.1691,0.0,23.0,23.0,0.0,50.01,51.35
232A,pass@22,8.0,31.0,33.0,66.0,39.0,99.0,177.58,523.25,8.52,4456.11,247.56,0.1744,0.0,23.0,23.0,0.0,49.91,51.26
232A,pass@21,6.0,28.0,28.0,56.0,34.0,84.0,150.12,427.35,6.0,2564.08,142.45,0.1424,0.0,25.0,26.0,0.0,49.5,50.71
232A,pass@24,6.0,29.0,26.0,52.0,35.0,78.0,156.39,400.08,5.38,2152.18,119.57,0.1334,0.0,23.0,24.0,0.0,50.33,51.67
232A,pass@26,7.0,29.0,28.0,56.0,36.0,84.0,160.53,434.27,6.76,2935.09,163.06,0.1448,0.0,23.0,24.0,0.0,50.08,51.42
232A,pass@23,8.0,30.0,28.0,56.0,38.0,84.0,171.21,440.83,7.47,3291.5,182.86,0.1469,0.0,31.0,32.0,0.0,46.9,48.65
232A,pass@29,8.0,18.0,19.0,37.0,26.0,56.0,99.06,263.22,8.22,2164.29,120.24,0.0877,0.0,25.0,25.0,0.0,51.35,52.56
232A,pass@32,7.0,21.0,19.0,38.0,28.0,57.0,111.89,274.02,6.33,1735.46,96.41,0.0913,0.0,22.0,22.0,0.0,52.3,53.65
232A,pass@27,9.0,31.0,33.0,66.0,40.0,99.0,182.11,526.87,9.58,5047.76,280.43,0.1756,0.0,24.0,24.0,0.0,49.36,50.83
232A,pass@30,8.0,33.0,36.0,72.0,41.0,108.0,190.47,578.62,8.73,5049.74,280.54,0.1929,0.0,24.0,24.0,0.0,49.2,50.55
232A,pass@20,9.0,30.0,27.0,54.0,39.0,81.0,175.74,428.12,8.1,3467.75,192.65,0.1427,0.0,32.0,33.0,0.0,46.7,48.45
232A,pass@25,7.0,29.0,28.0,55.0,36.0,83.0,160.53,429.1,6.64,2848.36,158.24,0.143,0.0,26.0,27.0,0.0,49.0,50.34
232A,pass@28,10.0,34.0,32.0,63.0,44.0,95.0,206.19,518.65,9.26,4805.1,266.95,0.1729,0.0,34.0,35.0,0.0,45.43,47.31
232A,pass@31,6.0,28.0,28.0,56.0,34.0,84.0,150.12,427.35,6.0,2564.08,142.45,0.1424,0.0,27.0,28.0,14.81,69.73,70.94
235B,pass@1,3.0,7.0,5.0,10.0,10.0,15.0,24.41,49.83,2.14,106.78,5.93,0.0166,0.0,8.0,8.0,0.0,68.15,68.41
235B,pass@7,3.0,9.0,5.0,10.0,12.0,15.0,33.28,53.77,1.67,89.62,4.98,0.0179,0.0,8.0,8.0,0.0,67.91,68.18
235B,pass@4,3.0,9.0,5.0,10.0,12.0,15.0,33.28,53.77,1.67,89.62,4.98,0.0179,0.0,8.0,8.0,0.0,67.91,68.18
235B,pass@12,3.0,9.0,5.0,10.0,12.0,15.0,33.28,53.77,1.67,89.62,4.98,0.0179,0.0,8.0,8.0,0.0,67.91,68.18
235B,pass@5,3.0,7.0,5.0,10.0,10.0,15.0,24.41,49.83,2.14,106.78,5.93,0.0166,0.0,8.0,8.0,0.0,68.15,68.41
235B,pass@15,3.0,7.0,5.0,10.0,10.0,15.0,24.41,49.83,2.14,106.78,5.93,0.0166,0.0,8.0,8.0,0.0,68.15,68.41
235B,pass@9,3.0,9.0,5.0,10.0,12.0,15.0,33.28,53.77,1.67,89.62,4.98,0.0179,0.0,8.0,8.0,0.0,67.91,68.18
235B,pass@14,3.0,9.0,5.0,10.0,12.0,15.0,33.28,53.77,1.67,89.62,4.98,0.0179,0.0,8.0,8.0,0.0,67.91,68.18
235B,pass@8,3.0,9.0,5.0,10.0,12.0,15.0,33.28,53.77,1.67,89.62,4.98,0.0179,0.0,8.0,8.0,0.0,67.91,68.18
235B,pass@10,3.0,8.0,5.0,10.0,11.0,15.0,28.75,51.89,1.88,97.3,5.41,0.0173,0.0,8.0,8.0,0.0,68.02,68.29
235B,pass@11,3.0,9.0,5.0,10.0,12.0,15.0,33.28,53.77,1.67,89.62,4.98,0.0179,0.0,8.0,8.0,0.0,67.91,68.18
235B,pass@13,3.0,8.0,5.0,10.0,11.0,15.0,28.75,51.89,1.88,97.3,5.41,0.0173,0.0,8.0,8.0,0.0,68.02,68.29
235B,pass@6,3.0,9.0,5.0,10.0,12.0,15.0,33.28,53.77,1.67,89.62,4.98,0.0179,0.0,8.0,8.0,0.0,67.91,68.18
235B,pass@2,4.0,11.0,6.0,12.0,15.0,18.0,46.05,70.32,2.18,153.43,8.52,0.0234,0.0,11.0,11.0,0.0,63.95,64.35
235B,pass@16,4.0,11.0,7.0,14.0,15.0,21.0,46.05,82.04,2.55,208.84,11.6,0.0273,0.0,11.0,11.0,9.09,80.58,80.98
235B,pass@3,4.0,11.0,11.0,22.0,15.0,33.0,46.05,128.93,4.0,515.71,28.65,0.043,0.0,12.0,12.0,0.0,61.28,61.68
235B,pass@21,3.0,7.0,5.0,10.0,10.0,15.0,24.41,49.83,2.14,106.78,5.93,0.0166,0.0,8.0,8.0,0.0,68.15,68.41
235B,pass@22,3.0,7.0,5.0,10.0,10.0,15.0,24.41,49.83,2.14,106.78,5.93,0.0166,0.0,8.0,8.0,0.0,68.15,68.41
235B,pass@20,3.0,7.0,5.0,10.0,10.0,15.0,24.41,49.83,2.14,106.78,5.93,0.0166,0.0,8.0,8.0,0.0,68.15,68.41
235B,pass@17,3.0,9.0,5.0,10.0,12.0,15.0,33.28,53.77,1.67,89.62,4.98,0.0179,0.0,8.0,8.0,0.0,67.91,68.18
235B,pass@18,3.0,7.0,5.0,10.0,10.0,15.0,24.41,49.83,2.14,106.78,5.93,0.0166,0.0,8.0,8.0,0.0,68.15,68.41
235B,pass@19,3.0,8.0,5.0,10.0,11.0,15.0,28.75,51.89,1.88,97.3,5.41,0.0173,0.0,8.0,8.0,0.0,68.02,68.29
235B,pass@29,3.0,9.0,5.0,10.0,12.0,15.0,33.28,53.77,1.67,89.62,4.98,0.0179,0.0,8.0,8.0,0.0,67.91,68.18
235B,pass@25,3.0,7.0,5.0,10.0,10.0,15.0,24.41,49.83,2.14,106.78,5.93,0.0166,0.0,8.0,8.0,0.0,68.15,68.41
235B,pass@24,3.0,9.0,5.0,10.0,12.0,15.0,33.28,53.77,1.67,89.62,4.98,0.0179,0.0,8.0,8.0,0.0,67.91,68.18
235B,pass@27,3.0,9.0,5.0,10.0,12.0,15.0,33.28,53.77,1.67,89.62,4.98,0.0179,0.0,8.0,8.0,0.0,67.91,68.18
235B,pass@23,3.0,7.0,5.0,10.0,10.0,15.0,24.41,49.83,2.14,106.78,5.93,0.0166,0.0,8.0,8.0,0.0,68.15,68.41
235B,pass@30,3.0,7.0,5.0,10.0,10.0,15.0,24.41,49.83,2.14,106.78,5.93,0.0166,0.0,8.0,8.0,0.0,68.15,68.41
235B,pass@28,3.0,9.0,5.0,10.0,12.0,15.0,33.28,53.77,1.67,89.62,4.98,0.0179,0.0,8.0,8.0,12.5,87.47,87.74
235B,pass@31,3.0,7.0,5.0,10.0,10.0,15.0,24.41,49.83,2.14,106.78,5.93,0.0166,0.0,8.0,8.0,0.0,68.15,68.41
235B,pass@26,3.0,8.0,5.0,10.0,11.0,15.0,28.75,51.89,1.88,97.3,5.41,0.0173,0.0,8.0,8.0,0.0,68.02,68.29
235B,pass@32,3.0,9.0,5.0,10.0,12.0,15.0,33.28,53.77,1.67,89.62,4.98,0.0179,0.0,8.0,8.0,0.0,67.91,68.18
238A,pass@6,5.0,11.0,6.0,12.0,16.0,18.0,49.66,72.0,2.73,196.36,10.91,0.024,0.0,7.0,7.0,0.0,68.29,68.56
238A,pass@9,5.0,11.0,6.0,12.0,16.0,18.0,49.66,72.0,2.73,196.36,10.91,0.024,0.0,7.0,7.0,0.0,68.29,68.56
238A,pass@2,5.0,11.0,6.0,12.0,16.0,18.0,49.66,72.0,2.73,196.36,10.91,0.024,0.0,7.0,7.0,0.0,68.29,68.56
238A,pass@4,5.0,11.0,6.0,12.0,16.0,18.0,49.66,72.0,2.73,196.36,10.91,0.024,0.0,7.0,7.0,0.0,68.29,68.56
238A,pass@5,5.0,11.0,6.0,12.0,16.0,18.0,49.66,72.0,2.73,196.36,10.91,0.024,0.0,9.0,9.0,0.0,65.91,66.18
238A,pass@3,5.0,11.0,6.0,12.0,16.0,18.0,49.66,72.0,2.73,196.36,10.91,0.024,0.0,7.0,7.0,0.0,68.29,68.56
238A,pass@10,5.0,11.0,6.0,12.0,16.0,18.0,49.66,72.0,2.73,196.36,10.91,0.024,0.0,9.0,9.0,0.0,65.91,66.18
238A,pass@16,5.0,11.0,6.0,12.0,16.0,18.0,49.66,72.0,2.73,196.36,10.91,0.024,0.0,7.0,7.0,0.0,68.29,68.56
238A,pass@11,5.0,11.0,6.0,12.0,16.0,18.0,49.66,72.0,2.73,196.36,10.91,0.024,0.0,7.0,7.0,0.0,68.29,68.56
238A,pass@8,5.0,11.0,6.0,12.0,16.0,18.0,49.66,72.0,2.73,196.36,10.91,0.024,0.0,7.0,7.0,0.0,68.29,68.56
238A,pass@15,5.0,11.0,6.0,12.0,16.0,18.0,49.66,72.0,2.73,196.36,10.91,0.024,0.0,7.0,7.0,0.0,68.29,68.56
238A,pass@1,6.0,16.0,12.0,24.0,22.0,36.0,79.51,160.54,4.5,722.43,40.13,0.0535,0.0,11.0,11.0,0.0,61.44,61.84
238A,pass@14,5.0,11.0,6.0,12.0,16.0,18.0,49.66,72.0,2.73,196.36,10.91,0.024,0.0,7.0,7.0,0.0,68.29,68.56
238A,pass@13,5.0,11.0,6.0,12.0,16.0,18.0,49.66,72.0,2.73,196.36,10.91,0.024,0.0,7.0,7.0,0.0,68.29,68.56
238A,pass@12,6.0,16.0,12.0,24.0,22.0,36.0,79.51,160.54,4.5,722.43,40.13,0.0535,0.0,11.0,11.0,0.0,61.44,61.84
238A,pass@7,5.0,11.0,6.0,12.0,16.0,18.0,49.66,72.0,2.73,196.36,10.91,0.024,0.0,9.0,9.0,0.0,65.91,66.18
238A,pass@18,5.0,11.0,6.0,12.0,16.0,18.0,49.66,72.0,2.73,196.36,10.91,0.024,0.0,7.0,7.0,0.0,68.29,68.56
238A,pass@17,5.0,11.0,6.0,12.0,16.0,18.0,49.66,72.0,2.73,196.36,10.91,0.024,0.0,7.0,7.0,0.0,68.29,68.56
238A,pass@21,5.0,11.0,6.0,12.0,16.0,18.0,49.66,72.0,2.73,196.36,10.91,0.024,0.0,7.0,7.0,0.0,68.29,68.56
238A,pass@19,5.0,11.0,6.0,12.0,16.0,18.0,49.66,72.0,2.73,196.36,10.91,0.024,0.0,7.0,7.0,0.0,68.29,68.56
238A,pass@20,6.0,11.0,7.0,14.0,17.0,21.0,53.56,85.84,3.82,327.74,18.21,0.0286,0.0,10.0,10.0,0.0,64.24,64.65
238A,pass@25,5.0,11.0,6.0,12.0,16.0,18.0,49.66,72.0,2.73,196.36,10.91,0.024,0.0,7.0,7.0,0.0,68.29,68.56
238A,pass@22,5.0,11.0,6.0,12.0,16.0,18.0,49.66,72.0,2.73,196.36,10.91,0.024,0.0,7.0,7.0,0.0,68.29,68.56
238A,pass@23,5.0,11.0,6.0,12.0,16.0,18.0,49.66,72.0,2.73,196.36,10.91,0.024,0.0,7.0,7.0,0.0,68.29,68.56
238A,pass@27,5.0,11.0,6.0,12.0,16.0,18.0,49.66,72.0,2.73,196.36,10.91,0.024,0.0,7.0,7.0,0.0,68.29,68.56
238A,pass@28,5.0,11.0,6.0,12.0,16.0,18.0,49.66,72.0,2.73,196.36,10.91,0.024,0.0,7.0,7.0,0.0,68.29,68.56
238A,pass@24,5.0,11.0,6.0,12.0,16.0,18.0,49.66,72.0,2.73,196.36,10.91,0.024,0.0,7.0,7.0,0.0,68.29,68.56
238A,pass@26,5.0,11.0,6.0,12.0,16.0,18.0,49.66,72.0,2.73,196.36,10.91,0.024,0.0,9.0,9.0,0.0,65.91,66.18
238A,pass@30,5.0,11.0,6.0,12.0,16.0,18.0,49.66,72.0,2.73,196.36,10.91,0.024,0.0,7.0,7.0,0.0,68.29,68.56
238A,pass@29,5.0,11.0,6.0,12.0,16.0,18.0,49.66,72.0,2.73,196.36,10.91,0.024,0.0,7.0,7.0,0.0,68.29,68.56
238A,pass@32,5.0,11.0,6.0,12.0,16.0,18.0,49.66,72.0,2.73,196.36,10.91,0.024,0.0,7.0,7.0,0.0,68.29,68.56
238A,pass@31,5.0,11.0,6.0,12.0,16.0,18.0,49.66,72.0,2.73,196.36,10.91,0.024,0.0,7.0,7.0,0.0,68.29,68.56
241A,pass@16,5.0,16.0,12.0,24.0,21.0,36.0,75.61,158.12,3.75,592.96,32.94,0.0527,0.0,16.0,16.0,0.0,57.93,58.34
241A,pass@5,5.0,16.0,12.0,24.0,21.0,36.0,75.61,158.12,3.75,592.96,32.94,0.0527,0.0,17.0,17.0,5.88,71.44,71.85
241A,pass@9,6.0,16.0,13.0,26.0,22.0,39.0,79.51,173.92,4.88,847.85,47.1,0.058,0.0,19.0,19.0,5.26,69.26,69.8
241A,pass@8,6.0,13.0,13.0,26.0,19.0,39.0,63.62,165.67,6.0,994.02,55.22,0.0552,0.0,21.0,21.0,4.76,67.86,68.39
241A,pass@6,6.0,16.0,13.0,26.0,22.0,39.0,79.51,173.92,4.88,847.85,47.1,0.058,0.0,19.0,19.0,5.26,69.26,69.8
241A,pass@4,5.0,16.0,12.0,24.0,21.0,36.0,75.61,158.12,3.75,592.96,32.94,0.0527,0.0,17.0,17.0,5.88,71.44,71.85
241A,pass@7,6.0,16.0,13.0,26.0,22.0,39.0,79.51,173.92,4.88,847.85,47.1,0.058,0.0,19.0,19.0,5.26,69.26,69.8
241A,pass@2,6.0,13.0,13.0,26.0,19.0,39.0,63.62,165.67,6.0,994.02,55.22,0.0552,0.0,21.0,21.0,4.76,67.86,68.39
241A,pass@11,6.0,13.0,13.0,26.0,19.0,39.0,63.62,165.67,6.0,994.02,55.22,0.0552,0.0,21.0,21.0,4.76,67.86,68.39
241A,pass@3,6.0,16.0,13.0,26.0,22.0,39.0,79.51,173.92,4.88,847.85,47.1,0.058,0.0,19.0,19.0,5.26,69.26,69.8
241A,pass@14,6.0,16.0,13.0,26.0,22.0,39.0,79.51,173.92,4.88,847.85,47.1,0.058,0.0,19.0,19.0,5.26,69.26,69.8
241A,pass@13,5.0,19.0,14.0,28.0,24.0,42.0,92.32,192.57,3.68,709.46,39.41,0.0642,0.0,19.0,19.0,5.26,69.09,69.49
241A,pass@12,6.0,16.0,13.0,26.0,22.0,39.0,79.51,173.92,4.88,847.85,47.1,0.058,0.0,19.0,19.0,5.26,69.26,69.8
241A,pass@10,5.0,19.0,14.0,28.0,24.0,42.0,92.32,192.57,3.68,709.46,39.41,0.0642,0.0,20.0,20.0,5.0,68.29,68.69
241A,pass@15,6.0,16.0,13.0,26.0,22.0,39.0,79.51,173.92,4.88,847.85,47.1,0.058,0.0,19.0,19.0,15.79,77.33,77.86
241A,pass@1,5.0,18.0,14.0,28.0,23.0,42.0,86.67,189.99,3.89,738.85,41.05,0.0633,0.0,20.0,20.0,15.0,76.29,76.69
241A,pass@25,5.0,16.0,12.0,24.0,21.0,36.0,75.61,158.12,3.75,592.96,32.94,0.0527,0.0,16.0,16.0,6.25,72.41,72.81
241A,pass@22,6.0,16.0,13.0,26.0,22.0,39.0,79.51,173.92,4.88,847.85,47.1,0.058,0.0,18.0,18.0,0.0,56.39,56.93
241A,pass@24,5.0,13.0,12.0,24.0,18.0,36.0,59.72,150.12,4.62,692.85,38.49,0.05,0.0,19.0,19.0,5.26,69.84,70.25
241A,pass@26,5.0,16.0,12.0,24.0,21.0,36.0,75.61,158.12,3.75,592.96,32.94,0.0527,0.0,17.0,17.0,5.88,71.44,71.85
241A,pass@28,6.0,16.0,13.0,26.0,22.0,39.0,79.51,173.92,4.88,847.85,47.1,0.058,0.0,18.0,18.0,5.56,70.11,70.65
241A,pass@19,6.0,16.0,13.0,26.0,22.0,39.0,79.51,173.92,4.88,847.85,47.1,0.058,0.0,18.0,18.0,5.56,70.11,70.65
241A,pass@17,5.0,18.0,14.0,28.0,23.0,42.0,86.67,189.99,3.89,738.85,41.05,0.0633,0.0,21.0,21.0,4.76,67.57,67.98
241A,pass@23,6.0,16.0,13.0,26.0,22.0,39.0,79.51,173.92,4.88,847.85,47.1,0.058,0.0,18.0,18.0,5.56,70.11,70.65
241A,pass@18,5.0,19.0,14.0,28.0,24.0,42.0,92.32,192.57,3.68,709.46,39.41,0.0642,0.0,19.0,19.0,5.26,69.09,69.49
241A,pass@27,5.0,18.0,14.0,28.0,23.0,42.0,86.67,189.99,3.89,738.85,41.05,0.0633,0.0,20.0,20.0,5.0,68.33,68.73
241A,pass@32,5.0,16.0,12.0,24.0,21.0,36.0,75.61,158.12,3.75,592.96,32.94,0.0527,0.0,17.0,17.0,5.88,71.44,71.85
241A,pass@31,5.0,18.0,14.0,28.0,23.0,42.0,86.67,189.99,3.89,738.85,41.05,0.0633,0.0,21.0,21.0,4.76,67.57,67.98
241A,pass@30,5.0,18.0,14.0,28.0,23.0,42.0,86.67,189.99,3.89,738.85,41.05,0.0633,0.0,21.0,21.0,4.76,67.57,67.98
241A,pass@21,5.0,16.0,12.0,24.0,21.0,36.0,75.61,158.12,3.75,592.96,32.94,0.0527,0.0,17.0,17.0,5.88,71.44,71.85
241A,pass@29,6.0,16.0,13.0,26.0,22.0,39.0,79.51,173.92,4.88,847.85,47.1,0.058,0.0,19.0,19.0,5.26,69.26,69.8
244A,pass@1,3.0,5.0,3.0,6.0,8.0,9.0,16.36,27.0,1.8,48.6,2.7,0.009,0.0,15.0,15.0,0.0,63.38,64.32
244A,pass@4,3.0,5.0,3.0,6.0,8.0,9.0,16.36,27.0,1.8,48.6,2.7,0.009,0.0,16.0,16.0,0.0,62.77,63.71
244A,pass@3,3.0,5.0,3.0,6.0,8.0,9.0,16.36,27.0,1.8,48.6,2.7,0.009,0.0,15.0,15.0,0.0,63.38,64.32
244A,pass@6,3.0,5.0,3.0,6.0,8.0,9.0,16.36,27.0,1.8,48.6,2.7,0.009,0.0,15.0,15.0,0.0,63.38,64.32
244A,pass@11,3.0,5.0,3.0,6.0,8.0,9.0,16.36,27.0,1.8,48.6,2.7,0.009,0.0,16.0,16.0,0.0,62.77,63.71
244A,pass@16,3.0,5.0,3.0,6.0,8.0,9.0,16.36,27.0,1.8,48.6,2.7,0.009,0.0,15.0,15.0,0.0,63.38,64.32
244A,pass@5,3.0,5.0,3.0,6.0,8.0,9.0,16.36,27.0,1.8,48.6,2.7,0.009,0.0,16.0,16.0,0.0,62.77,63.71
244A,pass@7,3.0,5.0,3.0,6.0,8.0,9.0,16.36,27.0,1.8,48.6,2.7,0.009,0.0,16.0,16.0,0.0,62.77,63.71
244A,pass@12,3.0,5.0,4.0,8.0,8.0,12.0,16.36,36.0,2.4,86.4,4.8,0.012,0.0,17.0,17.0,0.0,61.59,62.26
244A,pass@10,3.0,5.0,3.0,6.0,8.0,9.0,16.36,27.0,1.8,48.6,2.7,0.009,0.0,16.0,16.0,0.0,62.77,63.71
244A,pass@14,3.0,5.0,3.0,6.0,8.0,9.0,16.36,27.0,1.8,48.6,2.7,0.009,0.0,15.0,15.0,0.0,63.38,64.32
244A,pass@2,3.0,5.0,3.0,6.0,8.0,9.0,16.36,27.0,1.8,48.6,2.7,0.009,0.0,16.0,16.0,0.0,62.77,63.71
244A,pass@9,3.0,5.0,3.0,6.0,8.0,9.0,16.36,27.0,1.8,48.6,2.7,0.009,0.0,16.0,16.0,0.0,62.77,63.71
244A,pass@15,3.0,5.0,3.0,6.0,8.0,9.0,16.36,27.0,1.8,48.6,2.7,0.009,0.0,16.0,16.0,0.0,62.77,63.71
244A,pass@13,3.0,5.0,3.0,6.0,8.0,9.0,16.36,27.0,1.8,48.6,2.7,0.009,0.0,16.0,16.0,0.0,62.77,63.71
244A,pass@8,3.0,5.0,3.0,6.0,8.0,9.0,16.36,27.0,1.8,48.6,2.7,0.009,0.0,16.0,16.0,0.0,62.77,63.71
244A,pass@18,3.0,5.0,3.0,6.0,8.0,9.0,16.36,27.0,1.8,48.6,2.7,0.009,0.0,16.0,16.0,0.0,62.77,63.71
244A,pass@17,3.0,5.0,3.0,6.0,8.0,9.0,16.36,27.0,1.8,48.6,2.7,0.009,0.0,16.0,16.0,0.0,62.77,63.71
244A,pass@19,4.0,6.0,5.0,10.0,10.0,15.0,23.51,49.83,3.33,166.1,9.23,0.0166,0.0,17.0,17.0,0.0,60.6,61.27
244A,pass@21,3.0,5.0,3.0,6.0,8.0,9.0,16.36,27.0,1.8,48.6,2.7,0.009,0.0,16.0,16.0,0.0,62.77,63.71
244A,pass@25,3.0,5.0,3.0,6.0,8.0,9.0,16.36,27.0,1.8,48.6,2.7,0.009,0.0,15.0,15.0,0.0,63.38,64.32
244A,pass@27,4.0,6.0,5.0,10.0,10.0,15.0,23.51,49.83,3.33,166.1,9.23,0.0166,0.0,18.0,18.0,0.0,60.06,60.73
244A,pass@29,4.0,6.0,5.0,10.0,10.0,15.0,23.51,49.83,3.33,166.1,9.23,0.0166,0.0,18.0,18.0,0.0,60.06,60.73
244A,pass@26,3.0,5.0,3.0,6.0,8.0,9.0,16.36,27.0,1.8,48.6,2.7,0.009,0.0,15.0,15.0,0.0,63.38,64.32
244A,pass@23,3.0,5.0,3.0,6.0,8.0,9.0,16.36,27.0,1.8,48.6,2.7,0.009,0.0,16.0,16.0,0.0,62.77,63.71
244A,pass@24,4.0,6.0,5.0,10.0,10.0,15.0,23.51,49.83,3.33,166.1,9.23,0.0166,0.0,17.0,17.0,0.0,60.6,61.27
244A,pass@31,3.0,5.0,3.0,6.0,8.0,9.0,16.36,27.0,1.8,48.6,2.7,0.009,0.0,16.0,16.0,0.0,62.77,63.71
244A,pass@30,3.0,5.0,3.0,6.0,8.0,9.0,16.36,27.0,1.8,48.6,2.7,0.009,0.0,15.0,15.0,0.0,63.38,64.32
244A,pass@20,3.0,5.0,3.0,6.0,8.0,9.0,16.36,27.0,1.8,48.6,2.7,0.009,0.0,16.0,16.0,0.0,62.77,63.71
244A,pass@32,3.0,5.0,3.0,6.0,8.0,9.0,16.36,27.0,1.8,48.6,2.7,0.009,0.0,15.0,15.0,0.0,63.38,64.32
244A,pass@28,4.0,6.0,5.0,10.0,10.0,15.0,23.51,49.83,3.33,166.1,9.23,0.0166,0.0,17.0,17.0,0.0,60.6,61.27
244A,pass@22,3.0,5.0,3.0,6.0,8.0,9.0,16.36,27.0,1.8,48.6,2.7,0.009,0.0,16.0,16.0,0.0,62.77,63.71
245B,pass@16,4.0,7.0,5.0,9.0,11.0,14.0,27.65,48.43,2.57,124.54,6.92,0.0161,0.0,12.0,15.0,0.0,62.01,62.55
245B,pass@4,4.0,7.0,5.0,9.0,11.0,14.0,27.65,48.43,2.57,124.54,6.92,0.0161,0.0,17.0,21.0,0.0,58.82,59.36
245B,pass@7,4.0,7.0,5.0,9.0,11.0,14.0,27.65,48.43,2.57,124.54,6.92,0.0161,0.0,17.0,21.0,0.0,58.82,59.36
245B,pass@3,4.0,5.0,4.0,7.0,9.0,11.0,19.61,34.87,2.8,97.63,5.42,0.0116,0.0,17.0,21.0,0.0,59.82,60.36
245B,pass@2,4.0,7.0,5.0,9.0,11.0,14.0,27.65,48.43,2.57,124.54,6.92,0.0161,0.0,17.0,21.0,0.0,58.82,59.36
245B,pass@9,4.0,15.0,9.0,17.0,19.0,26.0,66.6,110.45,2.27,250.34,13.91,0.0368,0.0,17.0,21.0,0.0,56.31,56.85
245B,pass@15,4.0,15.0,9.0,17.0,19.0,26.0,66.6,110.45,2.27,250.34,13.91,0.0368,0.0,17.0,21.0,0.0,56.31,56.85
245B,pass@11,5.0,6.0,5.0,8.0,11.0,13.0,27.12,44.97,3.33,149.91,8.33,0.015,0.0,17.0,21.0,0.0,59.05,59.58
245B,pass@6,4.0,7.0,5.0,8.0,11.0,13.0,27.65,44.97,2.29,102.79,5.71,0.015,0.0,15.0,18.0,0.0,60.37,61.04
245B,pass@1,3.0,8.0,5.0,10.0,11.0,15.0,28.75,51.89,1.88,97.3,5.41,0.0173,0.0,20.0,23.0,5.0,70.28,71.35
245B,pass@5,3.0,8.0,5.0,9.0,11.0,14.0,28.75,48.43,1.69,81.73,4.54,0.0161,0.0,16.0,19.0,6.25,74.11,74.78
245B,pass@14,6.0,12.0,11.0,17.0,18.0,28.0,58.53,116.76,4.25,496.22,27.57,0.0389,0.0,17.0,20.0,11.76,74.87,76.22
245B,pass@8,5.0,7.0,8.0,13.0,12.0,21.0,31.26,75.28,4.64,349.53,19.42,0.0251,0.0,27.0,32.0,11.11,71.85,72.65
245B,pass@17,4.0,15.0,9.0,17.0,19.0,26.0,66.6,110.45,2.27,250.34,13.91,0.0368,0.0,17.0,21.0,0.0,56.31,56.85
245B,pass@19,4.0,5.0,4.0,7.0,9.0,11.0,19.61,34.87,2.8,97.63,5.42,0.0116,0.0,17.0,21.0,0.0,59.82,60.36
245B,pass@23,4.0,5.0,4.0,7.0,9.0,11.0,19.61,34.87,2.8,97.63,5.42,0.0116,0.0,17.0,21.0,0.0,59.82,60.36
245B,pass@26,4.0,7.0,5.0,9.0,11.0,14.0,27.65,48.43,2.57,124.54,6.92,0.0161,0.0,17.0,21.0,0.0,58.82,59.36
245B,pass@13,4.0,7.0,9.0,13.0,11.0,22.0,27.65,76.11,3.71,282.68,15.7,0.0254,0.0,41.0,49.0,7.32,63.21,65.5
245B,pass@12,6.0,9.0,7.0,12.0,15.0,19.0,44.04,74.23,4.0,296.92,16.5,0.0247,0.0,41.0,47.0,7.32,63.95,65.97
245B,pass@27,4.0,7.0,5.0,9.0,11.0,14.0,27.65,48.43,2.57,124.54,6.92,0.0161,0.0,17.0,21.0,0.0,58.82,59.36
245B,pass@24,7.0,13.0,9.0,17.0,20.0,26.0,67.76,112.37,4.58,514.31,28.57,0.0375,0.0,18.0,21.0,5.56,69.17,70.52
245B,pass@28,4.0,15.0,9.0,17.0,19.0,26.0,66.6,110.45,2.27,250.34,13.91,0.0368,0.0,17.0,21.0,0.0,56.31,56.85
245B,pass@29,6.0,12.0,8.0,14.0,18.0,22.0,58.53,91.74,3.5,321.08,17.84,0.0306,0.0,18.0,21.0,5.56,69.92,71.13
245B,pass@18,8.0,15.0,11.0,19.0,23.0,30.0,82.6,135.71,5.07,687.58,38.2,0.0452,0.0,30.0,35.0,6.67,64.01,66.29
245B,pass@32,4.0,15.0,9.0,17.0,19.0,26.0,66.6,110.45,2.27,250.34,13.91,0.0368,0.0,17.0,21.0,0.0,56.31,56.85
245B,pass@10,9.0,38.0,33.0,60.0,47.0,93.0,227.95,516.58,7.11,3670.41,203.91,0.1722,0.0,44.0,53.0,20.45,63.46,66.95
245B,pass@30,7.0,15.0,10.0,19.0,22.0,29.0,78.25,129.32,4.43,573.33,31.85,0.0431,0.0,18.0,21.0,5.56,68.61,70.09
245B,pass@31,6.0,10.0,7.0,13.0,16.0,20.0,48.73,80.0,3.9,312.0,17.33,0.0267,0.0,17.0,20.0,17.65,79.71,80.65
245B,pass@21,7.0,17.0,15.0,27.0,24.0,42.0,89.14,192.57,5.56,1070.45,59.47,0.0642,0.0,34.0,39.0,32.35,74.3,76.32
245B,pass@20,7.0,21.0,18.0,31.0,28.0,49.0,111.89,235.56,5.17,1217.06,67.61,0.0785,0.0,44.0,51.0,15.91,64.82,67.65
245B,pass@22,9.0,27.0,25.0,44.0,36.0,69.0,156.91,356.72,7.33,2615.98,145.33,0.1189,0.0,47.0,58.0,10.64,58.72,61.95
245B,pass@25,9.0,21.0,20.0,39.0,30.0,59.0,120.77,289.51,8.36,2419.45,134.41,0.0965,0.0,52.0,64.0,32.69,66.82,70.45
25A,pass@1,3.0,7.0,5.0,10.0,10.0,15.0,24.41,49.83,2.14,106.78,5.93,0.0166,0.0,13.0,13.0,0.0,63.28,63.81
25A,pass@6,3.0,7.0,5.0,10.0,10.0,15.0,24.41,49.83,2.14,106.78,5.93,0.0166,0.0,13.0,13.0,0.0,63.28,63.81
25A,pass@5,3.0,7.0,5.0,10.0,10.0,15.0,24.41,49.83,2.14,106.78,5.93,0.0166,0.0,13.0,13.0,0.0,63.28,63.81
25A,pass@15,3.0,7.0,5.0,10.0,10.0,15.0,24.41,49.83,2.14,106.78,5.93,0.0166,0.0,13.0,13.0,0.0,63.28,63.81
25A,pass@4,3.0,7.0,5.0,10.0,10.0,15.0,24.41,49.83,2.14,106.78,5.93,0.0166,0.0,13.0,13.0,0.0,63.28,63.81
25A,pass@3,4.0,8.0,9.0,16.0,12.0,25.0,32.0,89.62,4.0,358.5,19.92,0.0299,0.0,17.0,17.0,0.0,58.95,59.49
25A,pass@13,4.0,8.0,9.0,16.0,12.0,25.0,32.0,89.62,4.0,358.5,19.92,0.0299,0.0,17.0,17.0,0.0,58.95,59.49
25A,pass@12,4.0,8.0,9.0,16.0,12.0,25.0,32.0,89.62,4.0,358.5,19.92,0.0299,0.0,17.0,17.0,0.0,58.95,59.49
25A,pass@10,4.0,8.0,9.0,16.0,12.0,25.0,32.0,89.62,4.0,358.5,19.92,0.0299,0.0,17.0,17.0,0.0,58.95,59.49
25A,pass@16,4.0,8.0,9.0,16.0,12.0,25.0,32.0,89.62,4.0,358.5,19.92,0.0299,0.0,17.0,17.0,0.0,58.95,59.49
25A,pass@8,4.0,8.0,9.0,16.0,12.0,25.0,32.0,89.62,4.0,358.5,19.92,0.0299,0.0,17.0,17.0,0.0,58.95,59.49
25A,pass@2,3.0,7.0,5.0,10.0,10.0,15.0,24.41,49.83,2.14,106.78,5.93,0.0166,0.0,13.0,13.0,0.0,63.28,63.81
25A,pass@11,4.0,8.0,9.0,16.0,12.0,25.0,32.0,89.62,4.0,358.5,19.92,0.0299,0.0,17.0,17.0,0.0,58.95,59.49
25A,pass@7,4.0,8.0,9.0,16.0,12.0,25.0,32.0,89.62,4.0,358.5,19.92,0.0299,0.0,17.0,17.0,0.0,58.95,59.49
25A,pass@14,4.0,8.0,9.0,16.0,12.0,25.0,32.0,89.62,4.0,358.5,19.92,0.0299,0.0,17.0,17.0,0.0,58.95,59.49
25A,pass@9,4.0,8.0,9.0,16.0,12.0,25.0,32.0,89.62,4.0,358.5,19.92,0.0299,0.0,17.0,17.0,0.0,58.95,59.49
25A,pass@19,3.0,7.0,5.0,10.0,10.0,15.0,24.41,49.83,2.14,106.78,5.93,0.0166,0.0,13.0,13.0,0.0,63.28,63.81
25A,pass@21,3.0,7.0,5.0,10.0,10.0,15.0,24.41,49.83,2.14,106.78,5.93,0.0166,0.0,13.0,13.0,0.0,63.28,63.81
25A,pass@18,4.0,8.0,9.0,16.0,12.0,25.0,32.0,89.62,4.0,358.5,19.92,0.0299,0.0,17.0,17.0,0.0,58.95,59.49
25A,pass@20,4.0,8.0,9.0,16.0,12.0,25.0,32.0,89.62,4.0,358.5,19.92,0.0299,0.0,17.0,17.0,0.0,58.95,59.49
25A,pass@22,4.0,8.0,9.0,16.0,12.0,25.0,32.0,89.62,4.0,358.5,19.92,0.0299,0.0,17.0,17.0,0.0,58.95,59.49
25A,pass@17,4.0,12.0,11.0,22.0,16.0,33.0,51.02,132.0,3.67,484.0,26.89,0.044,0.0,19.0,19.0,0.0,56.18,57.26
25A,pass@23,3.0,7.0,5.0,10.0,10.0,15.0,24.41,49.83,2.14,106.78,5.93,0.0166,0.0,13.0,13.0,0.0,63.28,63.81
25A,pass@32,3.0,7.0,5.0,10.0,10.0,15.0,24.41,49.83,2.14,106.78,5.93,0.0166,0.0,13.0,13.0,0.0,63.28,63.81
25A,pass@27,4.0,8.0,9.0,16.0,12.0,25.0,32.0,89.62,4.0,358.5,19.92,0.0299,0.0,17.0,17.0,0.0,58.95,59.49
25A,pass@31,4.0,8.0,9.0,16.0,12.0,25.0,32.0,89.62,4.0,358.5,19.92,0.0299,0.0,17.0,17.0,0.0,58.95,59.49
25A,pass@25,4.0,8.0,9.0,16.0,12.0,25.0,32.0,89.62,4.0,358.5,19.92,0.0299,0.0,17.0,17.0,0.0,58.95,59.49
25A,pass@30,4.0,8.0,9.0,16.0,12.0,25.0,32.0,89.62,4.0,358.5,19.92,0.0299,0.0,17.0,17.0,0.0,58.95,59.49
25A,pass@28,4.0,8.0,9.0,16.0,12.0,25.0,32.0,89.62,4.0,358.5,19.92,0.0299,0.0,17.0,17.0,0.0,58.95,59.49
25A,pass@26,4.0,8.0,9.0,16.0,12.0,25.0,32.0,89.62,4.0,358.5,19.92,0.0299,0.0,17.0,17.0,0.0,58.95,59.49
25A,pass@29,4.0,12.0,13.0,22.0,16.0,35.0,51.02,140.0,3.67,513.33,28.52,0.0467,0.0,19.0,19.0,0.0,56.27,57.08
25A,pass@24,4.0,12.0,13.0,22.0,16.0,35.0,51.02,140.0,3.67,513.33,28.52,0.0467,0.0,19.0,19.0,0.0,56.27,57.08
252C,pass@9,5.0,12.0,8.0,16.0,17.0,24.0,54.63,98.1,3.33,327.0,18.17,0.0327,0.0,11.0,11.0,0.0,62.93,63.34
252C,pass@13,5.0,12.0,8.0,16.0,17.0,24.0,54.63,98.1,3.33,327.0,18.17,0.0327,0.0,11.0,11.0,0.0,62.93,63.34
252C,pass@14,6.0,16.0,11.0,22.0,22.0,33.0,79.51,147.16,4.12,607.04,33.72,0.0491,4.0,14.0,14.0,0.0,59.28,59.28
252C,pass@12,6.0,13.0,9.0,18.0,19.0,27.0,63.62,114.69,4.15,476.42,26.47,0.0382,0.0,11.0,11.0,0.0,62.32,62.86
252C,pass@1,5.0,12.0,8.0,16.0,17.0,24.0,54.63,98.1,3.33,327.0,18.17,0.0327,0.0,10.0,10.0,0.0,63.84,64.24
252C,pass@15,6.0,16.0,11.0,22.0,22.0,33.0,79.51,147.16,4.12,607.04,33.72,0.0491,0.0,11.0,11.0,0.0,61.57,62.1
252C,pass@4,5.0,12.0,8.0,16.0,17.0,24.0,54.63,98.1,3.33,327.0,18.17,0.0327,0.0,10.0,10.0,0.0,63.84,64.24
252C,pass@16,5.0,12.0,8.0,16.0,17.0,24.0,54.63,98.1,3.33,327.0,18.17,0.0327,0.0,11.0,11.0,0.0,62.93,63.34
252C,pass@6,5.0,15.0,10.0,20.0,20.0,30.0,70.21,129.66,3.33,432.19,24.01,0.0432,0.0,11.0,11.0,0.0,62.09,62.49
252C,pass@2,5.0,12.0,8.0,16.0,17.0,24.0,54.63,98.1,3.33,327.0,18.17,0.0327,0.0,11.0,11.0,0.0,62.93,63.34
252C,pass@7,5.0,12.0,8.0,16.0,17.0,24.0,54.63,98.1,3.33,327.0,18.17,0.0327,0.0,11.0,11.0,0.0,62.93,63.34
252C,pass@5,6.0,16.0,11.0,22.0,22.0,33.0,79.51,147.16,4.12,607.04,33.72,0.0491,4.0,14.0,14.0,0.0,59.28,59.28
252C,pass@10,6.0,16.0,11.0,22.0,22.0,33.0,79.51,147.16,4.12,607.04,33.72,0.0491,4.0,14.0,14.0,0.0,59.28,59.28
252C,pass@8,5.0,12.0,8.0,16.0,17.0,24.0,54.63,98.1,3.33,327.0,18.17,0.0327,0.0,10.0,10.0,0.0,63.84,64.24
252C,pass@11,6.0,16.0,11.0,22.0,22.0,33.0,79.51,147.16,4.12,607.04,33.72,0.0491,4.0,14.0,14.0,0.0,59.28,59.28
252C,pass@3,6.0,13.0,9.0,18.0,19.0,27.0,63.62,114.69,4.15,476.42,26.47,0.0382,0.0,11.0,11.0,27.27,88.14,88.68
252C,pass@18,6.0,13.0,9.0,18.0,19.0,27.0,63.62,114.69,4.15,476.42,26.47,0.0382,0.0,11.0,11.0,0.0,62.32,62.86
252C,pass@19,5.0,12.0,8.0,16.0,17.0,24.0,54.63,98.1,3.33,327.0,18.17,0.0327,0.0,11.0,11.0,0.0,62.93,63.34
252C,pass@20,5.0,12.0,8.0,16.0,17.0,24.0,54.63,98.1,3.33,327.0,18.17,0.0327,3.0,14.0,14.0,0.0,60.65,60.65
252C,pass@21,5.0,12.0,8.0,16.0,17.0,24.0,54.63,98.1,3.33,327.0,18.17,0.0327,0.0,11.0,11.0,0.0,62.93,63.34
252C,pass@29,6.0,13.0,9.0,18.0,19.0,27.0,63.62,114.69,4.15,476.42,26.47,0.0382,0.0,11.0,11.0,0.0,62.32,62.86
252C,pass@26,6.0,16.0,11.0,22.0,22.0,33.0,79.51,147.16,4.12,607.04,33.72,0.0491,0.0,11.0,11.0,0.0,61.57,62.1
252C,pass@28,6.0,13.0,9.0,18.0,19.0,27.0,63.62,114.69,4.15,476.42,26.47,0.0382,0.0,11.0,11.0,0.0,62.32,62.86
252C,pass@31,6.0,13.0,9.0,18.0,19.0,27.0,63.62,114.69,4.15,476.42,26.47,0.0382,0.0,11.0,11.0,0.0,62.32,62.86
252C,pass@30,5.0,12.0,8.0,16.0,17.0,24.0,54.63,98.1,3.33,327.0,18.17,0.0327,0.0,11.0,11.0,0.0,62.93,63.34
252C,pass@22,6.0,16.0,11.0,22.0,22.0,33.0,79.51,147.16,4.12,607.04,33.72,0.0491,4.0,14.0,14.0,0.0,59.28,59.28
252C,pass@27,5.0,15.0,10.0,20.0,20.0,30.0,70.21,129.66,3.33,432.19,24.01,0.0432,0.0,11.0,11.0,0.0,62.09,62.49
252C,pass@17,5.0,12.0,8.0,16.0,17.0,24.0,54.63,98.1,3.33,327.0,18.17,0.0327,0.0,10.0,10.0,0.0,63.84,64.24
252C,pass@25,6.0,16.0,11.0,22.0,22.0,33.0,79.51,147.16,4.12,607.04,33.72,0.0491,4.0,14.0,14.0,0.0,59.28,59.28
252C,pass@24,6.0,16.0,11.0,22.0,22.0,33.0,79.51,147.16,4.12,607.04,33.72,0.0491,4.0,14.0,14.0,0.0,59.28,59.28
252C,pass@32,5.0,15.0,10.0,20.0,20.0,30.0,70.21,129.66,3.33,432.19,24.01,0.0432,0.0,11.0,11.0,0.0,62.09,62.49
252C,pass@23,6.0,16.0,11.0,22.0,22.0,33.0,79.51,147.16,4.12,607.04,33.72,0.0491,0.0,11.0,11.0,0.0,61.57,62.1
252D,pass@6,9.0,28.0,26.0,51.0,37.0,77.0,163.14,401.13,8.2,3287.82,182.66,0.1337,4.0,36.0,36.0,5.56,59.39,61.0
252D,pass@9,10.0,29.0,37.0,68.0,39.0,105.0,174.1,554.97,11.72,6506.51,361.47,0.185,4.0,51.0,51.0,0.0,40.17,43.0
252D,pass@10,10.0,40.0,46.0,91.0,50.0,137.0,246.1,773.21,11.38,8795.24,488.62,0.2577,4.0,44.0,44.0,0.0,39.76,43.39
252D,pass@1,12.0,50.0,47.0,96.0,62.0,143.0,325.21,851.45,11.52,9808.7,544.93,0.2838,4.0,41.0,41.0,2.44,49.16,53.06
252D,pass@13,11.0,32.0,42.0,77.0,43.0,119.0,198.05,645.73,13.23,8545.77,474.77,0.2152,4.0,58.0,58.0,5.17,51.23,54.59
252D,pass@7,11.0,52.0,61.0,121.0,63.0,182.0,334.48,1087.86,12.8,13922.58,773.48,0.3626,4.0,54.0,54.0,0.0,35.43,40.41
252D,pass@8,9.0,58.0,60.0,118.0,67.0,178.0,368.29,1079.76,9.16,9885.42,549.19,0.3599,34.0,64.0,64.0,0.0,34.92,34.79
252D,pass@4,8.0,36.0,37.0,74.0,44.0,111.0,210.12,606.0,8.22,4982.64,276.81,0.202,4.0,68.0,68.0,4.41,48.97,52.33
252D,pass@12,11.0,53.0,63.0,118.0,64.0,181.0,341.63,1086.0,12.25,13298.38,738.8,0.362,4.0,56.0,56.0,5.36,49.26,53.56
252D,pass@2,11.0,75.0,84.0,159.0,86.0,243.0,505.22,1561.58,11.66,18208.05,1011.56,0.5205,0.0,56.0,56.0,3.57,45.01,50.66
252D,pass@14,11.0,53.0,56.0,115.0,64.0,171.0,341.63,1026.0,11.93,12244.25,680.24,0.342,4.0,73.0,73.0,1.37,40.58,44.75
252D,pass@15,11.0,52.0,61.0,111.0,63.0,172.0,334.48,1028.09,11.74,12070.2,670.57,0.3427,4.0,64.0,64.0,15.62,56.03,60.33
252D,pass@5,10.0,48.0,61.0,119.0,58.0,180.0,301.3,1054.44,12.4,13070.62,726.15,0.3515,4.0,89.0,89.0,5.62,43.91,49.56
252D,pass@19,8.0,27.0,33.0,68.0,35.0,101.0,152.38,518.06,10.07,5218.95,289.94,0.1727,0.0,49.0,49.0,6.12,55.51,58.47
252D,pass@17,11.0,46.0,51.0,103.0,57.0,154.0,292.14,898.27,12.32,11062.33,614.57,0.2994,33.0,59.0,59.0,0.0,36.39,36.25
252D,pass@22,10.0,35.0,35.0,68.0,45.0,103.0,212.74,565.66,9.71,5494.99,305.28,0.1886,4.0,55.0,55.0,3.64,50.39,53.48
252D,pass@20,11.0,50.0,53.0,106.0,61.0,159.0,320.25,942.99,11.66,10995.23,610.85,0.3143,32.0,64.0,64.0,1.56,43.09,42.96
252D,pass@25,11.0,31.0,39.0,73.0,42.0,112.0,191.63,603.94,12.95,7821.99,434.56,0.2013,4.0,53.0,53.0,3.77,50.74,53.83
252D,pass@23,10.0,38.0,47.0,87.0,48.0,134.0,232.64,748.38,11.45,8567.04,475.95,0.2495,4.0,61.0,61.0,1.64,44.43,48.06
252D,pass@26,11.0,47.0,46.0,98.0,58.0,144.0,299.12,843.55,11.47,9673.89,537.44,0.2812,4.0,44.0,44.0,0.0,39.76,43.12
252D,pass@28,10.0,30.0,33.0,66.0,40.0,99.0,180.43,526.87,11.0,5795.58,321.98,0.1756,0.0,57.0,57.0,1.75,47.07,50.56
252D,pass@32,7.0,20.0,21.0,40.0,27.0,61.0,106.09,290.05,7.0,2030.34,112.8,0.0967,4.0,39.0,39.0,0.0,45.76,47.51
252D,pass@24,11.0,47.0,48.0,94.0,58.0,142.0,299.12,831.83,11.0,9150.17,508.34,0.2773,30.0,71.0,71.0,2.82,45.23,45.1
252D,pass@30,11.0,51.0,57.0,106.0,62.0,163.0,327.35,970.53,11.43,11094.54,616.36,0.3235,0.0,48.0,48.0,0.0,38.51,42.41
252D,pass@27,12.0,35.0,42.0,82.0,47.0,124.0,222.54,688.77,14.06,9682.12,537.9,0.2296,4.0,79.0,79.0,7.59,49.43,54.0
252D,pass@29,11.0,63.0,73.0,144.0,74.0,217.0,414.62,1347.45,12.57,16939.39,941.08,0.4492,0.0,61.0,61.0,4.92,46.86,52.11
252D,pass@21,12.0,98.0,107.0,212.0,110.0,319.0,691.26,2163.25,12.98,28078.15,1559.9,0.7211,10.0,78.0,78.0,3.85,38.59,45.59
252D,pass@18,11.0,52.0,71.0,134.0,63.0,205.0,334.48,1225.34,14.17,17366.87,964.83,0.4084,4.0,109.0,109.0,8.26,43.34,49.79
252D,pass@31,11.0,51.0,72.0,143.0,62.0,215.0,327.35,1280.15,15.42,19741.96,1096.78,0.4267,4.0,96.0,96.0,36.46,55.77,62.22
257C,pass@14,5.0,15.0,10.0,19.0,20.0,29.0,70.21,125.34,3.17,396.9,22.05,0.0418,0.0,18.0,18.0,5.56,70.97,71.65
257C,pass@1,4.0,12.0,9.0,17.0,16.0,26.0,51.02,104.0,2.83,294.67,16.37,0.0347,0.0,21.0,21.0,4.76,69.0,69.81
257C,pass@8,5.0,15.0,10.0,19.0,20.0,29.0,70.21,125.34,3.17,396.9,22.05,0.0418,0.0,18.0,18.0,5.56,70.97,71.65
257C,pass@3,4.0,11.0,8.0,15.0,15.0,23.0,46.05,89.86,2.73,245.07,13.61,0.03,0.0,19.0,19.0,5.26,71.0,71.81
257C,pass@12,5.0,14.0,10.0,19.0,19.0,29.0,64.91,123.19,3.39,417.97,23.22,0.0411,0.0,21.0,21.0,4.76,68.49,69.29
257C,pass@7,4.0,11.0,8.0,15.0,15.0,23.0,46.05,89.86,2.73,245.07,13.61,0.03,6.0,22.0,22.0,4.55,68.73,68.73
257C,pass@2,4.0,14.0,10.0,19.0,18.0,29.0,61.3,120.93,2.71,328.23,18.24,0.0403,0.0,21.0,21.0,9.52,73.22,74.02
257C,pass@5,4.0,12.0,9.0,17.0,16.0,26.0,51.02,104.0,2.83,294.67,16.37,0.0347,0.0,19.0,19.0,0.0,57.18,57.98
257C,pass@10,4.0,11.0,8.0,15.0,15.0,23.0,46.05,89.86,2.73,245.07,13.61,0.03,0.0,19.0,19.0,0.0,57.62,58.43
257C,pass@4,4.0,12.0,8.0,15.0,16.0,23.0,51.02,92.0,2.5,230.0,12.78,0.0307,0.0,20.0,20.0,10.0,75.01,75.69
257C,pass@13,4.0,13.0,9.0,17.0,17.0,26.0,56.11,106.27,2.62,277.95,15.44,0.0354,0.0,21.0,21.0,9.52,73.61,74.42
257C,pass@15,4.0,13.0,9.0,17.0,17.0,26.0,56.11,106.27,2.62,277.95,15.44,0.0354,0.0,21.0,21.0,9.52,73.61,74.42
257C,pass@6,4.0,13.0,9.0,17.0,17.0,26.0,56.11,106.27,2.62,277.95,15.44,0.0354,0.0,21.0,21.0,9.52,73.61,74.42
257C,pass@16,4.0,12.0,9.0,17.0,16.0,26.0,51.02,104.0,2.83,294.67,16.37,0.0347,0.0,21.0,21.0,4.76,69.14,69.81
257C,pass@11,4.0,12.0,8.0,15.0,16.0,23.0,51.02,92.0,2.5,230.0,12.78,0.0307,0.0,20.0,20.0,10.0,75.01,75.69
257C,pass@9,4.0,13.0,9.0,17.0,17.0,26.0,56.11,106.27,2.62,277.95,15.44,0.0354,0.0,21.0,21.0,14.29,76.79,77.6
257C,pass@17,4.0,11.0,8.0,15.0,15.0,23.0,46.05,89.86,2.73,245.07,13.61,0.03,6.0,22.0,22.0,0.0,56.23,56.23
257C,pass@18,4.0,11.0,8.0,15.0,15.0,23.0,46.05,89.86,2.73,245.07,13.61,0.03,6.0,22.0,22.0,0.0,56.23,56.23
257C,pass@25,3.0,9.0,7.0,13.0,12.0,20.0,33.28,71.7,2.17,155.35,8.63,0.0239,0.0,17.0,17.0,0.0,59.49,60.17
257C,pass@24,3.0,11.0,8.0,15.0,14.0,23.0,42.81,87.57,2.05,179.12,9.95,0.0292,0.0,19.0,19.0,5.26,71.21,71.89
257C,pass@21,4.0,11.0,8.0,15.0,15.0,23.0,46.05,89.86,2.73,245.07,13.61,0.03,0.0,19.0,19.0,5.26,71.14,71.81
257C,pass@26,4.0,12.0,9.0,17.0,16.0,26.0,51.02,104.0,2.83,294.67,16.37,0.0347,0.0,21.0,21.0,4.76,69.0,69.81
257C,pass@20,3.0,11.0,8.0,15.0,14.0,23.0,42.81,87.57,2.05,179.12,9.95,0.0292,5.0,22.0,22.0,4.55,68.94,68.94
257C,pass@30,4.0,12.0,9.0,17.0,16.0,26.0,51.02,104.0,2.83,294.67,16.37,0.0347,0.0,19.0,19.0,0.0,57.18,57.98
257C,pass@22,4.0,14.0,10.0,19.0,18.0,29.0,61.3,120.93,2.71,328.23,18.24,0.0403,0.0,21.0,21.0,9.52,73.22,74.02
257C,pass@27,3.0,11.0,8.0,15.0,14.0,23.0,42.81,87.57,2.05,179.12,9.95,0.0292,0.0,19.0,19.0,5.26,71.21,71.89
257C,pass@19,3.0,10.0,7.0,13.0,13.0,20.0,37.97,74.01,1.95,144.32,8.02,0.0247,0.0,18.0,18.0,5.56,72.71,73.25
257C,pass@23,4.0,13.0,9.0,17.0,17.0,26.0,56.11,106.27,2.62,277.95,15.44,0.0354,0.0,21.0,21.0,9.52,73.61,74.42
257C,pass@31,4.0,12.0,9.0,17.0,16.0,26.0,51.02,104.0,2.83,294.67,16.37,0.0347,0.0,21.0,21.0,4.76,69.0,69.81
257C,pass@28,4.0,14.0,10.0,19.0,18.0,29.0,61.3,120.93,2.71,328.23,18.24,0.0403,0.0,21.0,21.0,4.76,68.54,69.35
257C,pass@29,4.0,13.0,9.0,17.0,17.0,26.0,56.11,106.27,2.62,277.95,15.44,0.0354,0.0,21.0,21.0,9.52,73.61,74.42
257C,pass@32,4.0,13.0,9.0,17.0,17.0,26.0,56.11,106.27,2.62,277.95,15.44,0.0354,0.0,21.0,21.0,9.52,73.61,74.42
257A,pass@14,6.0,10.0,9.0,17.0,16.0,26.0,48.73,104.0,5.1,530.4,29.47,0.0347,0.0,14.0,14.0,0.0,60.34,60.88
257A,pass@4,6.0,10.0,9.0,17.0,16.0,26.0,48.73,104.0,5.1,530.4,29.47,0.0347,0.0,14.0,14.0,0.0,60.34,60.88
257A,pass@9,6.0,10.0,9.0,17.0,16.0,26.0,48.73,104.0,5.1,530.4,29.47,0.0347,0.0,14.0,14.0,0.0,60.34,60.88
257A,pass@3,6.0,10.0,9.0,17.0,16.0,26.0,48.73,104.0,5.1,530.4,29.47,0.0347,0.0,14.0,14.0,0.0,60.34,60.88
257A,pass@6,6.0,10.0,9.0,17.0,16.0,26.0,48.73,104.0,5.1,530.4,29.47,0.0347,0.0,14.0,14.0,0.0,60.34,60.88
257A,pass@2,6.0,10.0,9.0,17.0,16.0,26.0,48.73,104.0,5.1,530.4,29.47,0.0347,0.0,14.0,14.0,0.0,60.34,60.88
257A,pass@7,6.0,10.0,9.0,17.0,16.0,26.0,48.73,104.0,5.1,530.4,29.47,0.0347,0.0,14.0,14.0,0.0,60.34,60.88
257A,pass@8,6.0,10.0,10.0,19.0,16.0,29.0,48.73,116.0,5.7,661.2,36.73,0.0387,0.0,17.0,17.0,0.0,58.03,58.7
257A,pass@5,6.0,10.0,10.0,19.0,16.0,29.0,48.73,116.0,5.7,661.2,36.73,0.0387,0.0,17.0,17.0,0.0,58.03,58.7
257A,pass@10,6.0,10.0,10.0,19.0,16.0,29.0,48.73,116.0,5.7,661.2,36.73,0.0387,0.0,17.0,17.0,0.0,58.03,58.7
257A,pass@1,6.0,10.0,10.0,19.0,16.0,29.0,48.73,116.0,5.7,661.2,36.73,0.0387,0.0,17.0,17.0,0.0,58.03,58.7
257A,pass@13,4.0,6.0,6.0,11.0,10.0,17.0,23.51,56.47,3.67,207.07,11.5,0.0188,0.0,19.0,19.0,0.0,59.17,59.84
257A,pass@12,4.0,6.0,6.0,11.0,10.0,17.0,23.51,56.47,3.67,207.07,11.5,0.0188,0.0,16.0,16.0,0.0,60.79,61.47
257A,pass@11,4.0,6.0,6.0,11.0,10.0,17.0,23.51,56.47,3.67,207.07,11.5,0.0188,0.0,19.0,19.0,0.0,59.17,59.84
257A,pass@16,6.0,10.0,10.0,19.0,16.0,29.0,48.73,116.0,5.7,661.2,36.73,0.0387,0.0,17.0,17.0,0.0,58.03,58.7
257A,pass@15,6.0,10.0,9.0,17.0,16.0,26.0,48.73,104.0,5.1,530.4,29.47,0.0347,0.0,14.0,14.0,0.0,60.34,60.88
257A,pass@24,6.0,10.0,9.0,17.0,16.0,26.0,48.73,104.0,5.1,530.4,29.47,0.0347,0.0,14.0,14.0,0.0,60.34,60.88
257A,pass@17,6.0,10.0,9.0,17.0,16.0,26.0,48.73,104.0,5.1,530.4,29.47,0.0347,0.0,14.0,14.0,0.0,60.34,60.88
257A,pass@23,6.0,10.0,9.0,17.0,16.0,26.0,48.73,104.0,5.1,530.4,29.47,0.0347,0.0,14.0,14.0,0.0,60.34,60.88
257A,pass@18,6.0,10.0,9.0,17.0,16.0,26.0,48.73,104.0,5.1,530.4,29.47,0.0347,0.0,14.0,14.0,0.0,60.34,60.88
257A,pass@20,6.0,10.0,10.0,19.0,16.0,29.0,48.73,116.0,5.7,661.2,36.73,0.0387,0.0,17.0,17.0,0.0,58.03,58.7
257A,pass@19,4.0,6.0,6.0,11.0,10.0,17.0,23.51,56.47,3.67,207.07,11.5,0.0188,0.0,19.0,19.0,0.0,59.17,59.84
257A,pass@21,4.0,6.0,6.0,11.0,10.0,17.0,23.51,56.47,3.67,207.07,11.5,0.0188,0.0,19.0,19.0,0.0,59.17,59.84
257A,pass@22,4.0,6.0,6.0,11.0,10.0,17.0,23.51,56.47,3.67,207.07,11.5,0.0188,0.0,19.0,19.0,0.0,59.17,59.84
257A,pass@27,4.0,6.0,6.0,11.0,10.0,17.0,23.51,56.47,3.67,207.07,11.5,0.0188,0.0,16.0,16.0,0.0,60.79,61.47
257A,pass@26,4.0,6.0,6.0,11.0,10.0,17.0,23.51,56.47,3.67,207.07,11.5,0.0188,0.0,16.0,16.0,0.0,60.79,61.47
257A,pass@31,6.0,10.0,9.0,17.0,16.0,26.0,48.73,104.0,5.1,530.4,29.47,0.0347,0.0,14.0,14.0,0.0,60.34,60.88
257A,pass@28,4.0,6.0,6.0,11.0,10.0,17.0,23.51,56.47,3.67,207.07,11.5,0.0188,0.0,19.0,19.0,0.0,59.17,59.84
257A,pass@25,6.0,10.0,10.0,19.0,16.0,29.0,48.73,116.0,5.7,661.2,36.73,0.0387,0.0,17.0,17.0,0.0,58.03,58.7
257A,pass@30,6.0,10.0,9.0,17.0,16.0,26.0,48.73,104.0,5.1,530.4,29.47,0.0347,0.0,14.0,14.0,0.0,60.34,60.88
257A,pass@32,4.0,6.0,6.0,11.0,10.0,17.0,23.51,56.47,3.67,207.07,11.5,0.0188,0.0,19.0,19.0,0.0,59.17,59.84
257A,pass@29,6.0,10.0,10.0,19.0,16.0,29.0,48.73,116.0,5.7,661.2,36.73,0.0387,0.0,17.0,17.0,0.0,58.03,58.7
26C,pass@5,10.0,31.0,34.0,70.0,41.0,104.0,186.8,557.19,11.29,6290.8,349.49,0.1857,16.0,40.0,40.0,10.0,60.95,61.49
26C,pass@1,10.0,33.0,37.0,75.0,43.0,112.0,199.68,607.74,11.36,6906.16,383.68,0.2026,0.0,42.0,42.0,9.52,59.45,62.55
26C,pass@14,10.0,49.0,44.0,89.0,59.0,133.0,308.34,782.39,9.08,7105.39,394.74,0.2608,3.0,48.0,48.0,8.33,56.71,59.13
26C,pass@6,12.0,41.0,43.0,86.0,53.0,129.0,262.68,738.9,12.59,9299.35,516.63,0.2463,0.0,46.0,46.0,15.22,61.83,64.79
26C,pass@12,12.0,40.0,46.0,90.0,52.0,136.0,255.9,775.26,13.5,10466.01,581.44,0.2584,3.0,83.0,83.0,0.0,34.41,37.5
26C,pass@3,13.0,48.0,58.0,114.0,61.0,172.0,316.18,1020.09,15.44,15747.59,874.87,0.34,3.0,69.0,69.0,4.35,47.97,50.66
26C,pass@2,11.0,68.0,72.0,153.0,79.0,225.0,452.0,1418.35,12.38,17552.09,975.12,0.4728,3.0,66.0,66.0,3.03,43.85,48.16
26C,pass@8,13.0,35.0,42.0,83.0,48.0,125.0,227.63,698.12,15.41,10761.03,597.83,0.2327,3.0,72.0,72.0,0.0,36.21,39.17
26C,pass@11,12.0,68.0,82.0,168.0,80.0,250.0,456.97,1580.48,14.82,23428.32,1301.57,0.5268,23.0,64.0,64.0,6.25,48.91,49.59
26C,pass@13,14.0,65.0,89.0,183.0,79.0,272.0,444.76,1714.63,19.71,33791.37,1877.3,0.5715,35.0,68.0,68.0,8.82,49.02,49.55
26C,pass@15,11.0,51.0,59.0,117.0,62.0,176.0,327.35,1047.94,12.62,13222.52,734.58,0.3493,3.0,87.0,87.0,9.2,50.5,53.33
26C,pass@7,15.0,42.0,51.0,100.0,57.0,151.0,285.08,880.77,17.86,15727.97,873.78,0.2936,0.0,72.0,72.0,36.11,62.4,66.57
26C,pass@10,11.0,84.0,83.0,166.0,95.0,249.0,575.01,1635.89,10.87,17780.61,987.81,0.5453,15.0,105.0,105.0,6.67,39.84,46.3
26C,pass@17,9.0,57.0,49.0,100.0,66.0,149.0,361.0,900.61,7.89,7110.12,395.01,0.3002,15.0,60.0,60.0,6.67,50.72,53.41
26C,pass@4,13.0,58.0,68.0,139.0,71.0,207.0,387.87,1273.0,15.58,19830.23,1101.68,0.4243,29.0,75.0,75.0,36.0,60.74,61.14
26C,pass@16,10.0,83.0,91.0,188.0,93.0,279.0,562.35,1824.43,11.33,20662.17,1147.9,0.6081,16.0,93.0,93.0,18.28,50.82,54.72
26C,pass@21,10.0,33.0,37.0,75.0,43.0,112.0,199.68,607.74,11.36,6906.16,383.68,0.2026,0.0,42.0,42.0,9.52,59.45,62.55
26C,pass@24,8.0,43.0,46.0,94.0,51.0,140.0,257.33,794.14,8.74,6944.1,385.78,0.2647,21.0,45.0,45.0,8.89,57.07,57.74
26C,pass@18,13.0,46.0,55.0,108.0,59.0,163.0,302.19,958.87,15.26,14633.2,812.96,0.3196,8.0,68.0,68.0,23.53,60.07,62.76
26C,pass@25,11.0,41.0,45.0,90.0,52.0,135.0,257.71,769.56,12.07,9291.02,516.17,0.2565,20.0,51.0,51.0,13.73,60.16,60.16
26C,pass@26,12.0,32.0,41.0,83.0,44.0,124.0,203.02,676.97,15.56,10535.34,585.3,0.2257,0.0,50.0,50.0,32.0,67.11,70.07
26C,pass@28,11.0,35.0,40.0,78.0,46.0,118.0,217.58,651.78,12.26,7988.96,443.83,0.2173,3.0,76.0,76.0,0.0,36.17,38.86
26C,pass@20,10.0,34.0,41.0,84.0,44.0,125.0,206.19,682.43,12.35,8430.0,468.33,0.2275,19.0,49.0,49.0,65.31,69.28,69.81
26C,pass@31,10.0,36.0,38.0,78.0,46.0,116.0,219.34,640.73,10.83,6941.28,385.63,0.2136,0.0,45.0,45.0,8.89,57.72,61.22
26C,pass@23,10.0,55.0,76.0,158.0,65.0,234.0,351.19,1409.23,14.36,20241.73,1124.54,0.4697,0.0,74.0,74.0,13.51,50.76,57.36
26C,pass@22,12.0,40.0,82.0,162.0,52.0,244.0,255.9,1390.91,24.3,33799.05,1877.72,0.4636,0.0,89.0,89.0,7.87,48.16,51.52
26C,pass@29,13.0,48.0,53.0,105.0,61.0,158.0,316.18,937.06,14.22,13323.77,740.21,0.3124,17.0,52.0,52.0,30.77,65.62,66.15
26C,pass@30,13.0,43.0,42.0,81.0,56.0,123.0,281.44,714.3,12.24,8746.08,485.89,0.2381,3.0,81.0,81.0,8.64,51.35,54.71
26C,pass@19,12.0,85.0,127.0,268.0,97.0,395.0,587.82,2606.97,18.92,49317.65,2739.87,0.869,0.0,102.0,104.0,4.9,37.23,45.03
26C,pass@27,10.0,40.0,68.0,136.0,50.0,204.0,246.1,1151.35,17.0,19572.89,1087.38,0.3838,16.0,87.0,87.0,10.34,51.64,52.18
26C,pass@32,12.0,37.0,71.0,139.0,49.0,210.0,235.77,1179.09,22.54,26577.3,1476.52,0.393,0.0,91.0,91.0,8.79,49.12,52.61
26D,pass@7,5.0,11.0,10.0,20.0,16.0,30.0,49.66,120.0,4.55,545.45,30.3,0.04,0.0,11.0,11.0,0.0,62.32,62.72
26D,pass@12,5.0,11.0,10.0,20.0,16.0,30.0,49.66,120.0,4.55,545.45,30.3,0.04,0.0,11.0,11.0,0.0,62.32,62.72
26D,pass@5,5.0,11.0,10.0,20.0,16.0,30.0,49.66,120.0,4.55,545.45,30.3,0.04,0.0,11.0,11.0,0.0,62.32,62.72
26D,pass@6,5.0,11.0,10.0,20.0,16.0,30.0,49.66,120.0,4.55,545.45,30.3,0.04,0.0,12.0,12.0,0.0,61.5,61.9
26D,pass@13,5.0,11.0,10.0,20.0,16.0,30.0,49.66,120.0,4.55,545.45,30.3,0.04,0.0,11.0,11.0,0.0,62.32,62.72
26D,pass@1,6.0,11.0,11.0,22.0,17.0,33.0,53.56,134.89,6.0,809.32,44.96,0.045,0.0,15.0,15.0,0.0,58.89,59.43
26D,pass@14,6.0,11.0,11.0,22.0,17.0,33.0,53.56,134.89,6.0,809.32,44.96,0.045,0.0,15.0,15.0,0.0,58.89,59.43
26D,pass@16,6.0,11.0,11.0,22.0,17.0,33.0,53.56,134.89,6.0,809.32,44.96,0.045,0.0,15.0,15.0,0.0,58.89,59.43
26D,pass@15,6.0,10.0,9.0,18.0,16.0,27.0,48.73,108.0,5.4,583.2,32.4,0.036,0.0,14.0,14.0,7.14,75.6,76.14
26D,pass@8,10.0,22.0,19.0,38.0,32.0,57.0,131.33,285.0,8.64,2461.36,136.74,0.095,3.0,16.0,16.0,0.0,55.74,56.14
26D,pass@11,6.0,11.0,12.0,24.0,17.0,36.0,53.56,147.15,6.55,963.15,53.51,0.049,0.0,17.0,17.0,0.0,57.44,57.98
26D,pass@9,5.0,11.0,10.0,20.0,16.0,30.0,49.66,120.0,4.55,545.45,30.3,0.04,0.0,11.0,11.0,0.0,62.32,62.72
26D,pass@4,10.0,20.0,17.0,34.0,30.0,51.0,119.66,250.25,8.5,2127.14,118.17,0.0834,3.0,19.0,19.0,0.0,54.5,54.91
26D,pass@2,5.0,20.0,19.0,38.0,25.0,57.0,98.05,264.7,4.75,1257.32,69.85,0.0882,0.0,15.0,15.0,20.0,80.22,80.76
26D,pass@10,4.0,21.0,18.0,36.0,25.0,54.0,100.24,250.77,3.43,859.78,47.77,0.0836,0.0,11.0,11.0,27.27,85.9,86.3
26D,pass@3,4.0,14.0,10.0,20.0,18.0,30.0,61.3,125.1,2.86,357.42,19.86,0.0417,0.0,13.0,13.0,46.15,89.33,89.87
26D,pass@22,5.0,11.0,10.0,20.0,16.0,30.0,49.66,120.0,4.55,545.45,30.3,0.04,0.0,11.0,11.0,0.0,62.32,62.72
26D,pass@20,5.0,11.0,10.0,20.0,16.0,30.0,49.66,120.0,4.55,545.45,30.3,0.04,0.0,11.0,11.0,0.0,62.32,62.72
26D,pass@18,5.0,11.0,10.0,20.0,16.0,30.0,49.66,120.0,4.55,545.45,30.3,0.04,0.0,11.0,11.0,0.0,62.32,62.72
26D,pass@17,10.0,19.0,16.0,32.0,29.0,48.0,113.93,233.18,8.42,1963.65,109.09,0.0777,3.0,19.0,19.0,0.0,54.72,55.12
26D,pass@21,7.0,17.0,15.0,30.0,24.0,45.0,89.14,206.32,6.18,1274.35,70.8,0.0688,0.0,17.0,17.0,5.88,70.36,71.04
26D,pass@29,6.0,11.0,11.0,22.0,17.0,33.0,53.56,134.89,6.0,809.32,44.96,0.045,0.0,15.0,15.0,0.0,58.89,59.43
26D,pass@23,6.0,10.0,10.0,20.0,16.0,30.0,48.73,120.0,6.0,720.0,40.0,0.04,0.0,15.0,15.0,0.0,59.25,59.79
26D,pass@27,10.0,20.0,17.0,34.0,30.0,51.0,119.66,250.25,8.5,2127.14,118.17,0.0834,3.0,19.0,19.0,0.0,54.5,54.91
26D,pass@26,10.0,19.0,16.0,32.0,29.0,48.0,113.93,233.18,8.42,1963.65,109.09,0.0777,3.0,19.0,19.0,0.0,54.72,55.12
26D,pass@24,4.0,13.0,10.0,20.0,17.0,30.0,56.11,122.62,3.08,377.3,20.96,0.0409,0.0,12.0,12.0,16.67,83.18,83.72
26D,pass@28,5.0,19.0,18.0,36.0,24.0,54.0,92.32,247.59,4.74,1172.79,65.15,0.0825,0.0,14.0,14.0,14.29,78.33,78.87
26D,pass@30,7.0,17.0,15.0,30.0,24.0,45.0,89.14,206.32,6.18,1274.35,70.8,0.0688,0.0,17.0,17.0,5.88,70.36,71.04
26D,pass@31,5.0,20.0,19.0,38.0,25.0,57.0,98.05,264.7,4.75,1257.32,69.85,0.0882,0.0,15.0,15.0,13.33,76.91,77.45
26D,pass@25,7.0,19.0,16.0,31.0,26.0,47.0,100.36,220.92,5.71,1261.57,70.09,0.0736,3.0,16.0,16.0,50.0,85.72,85.99
26D,pass@32,6.0,10.0,9.0,18.0,16.0,27.0,48.73,108.0,5.4,583.2,32.4,0.036,0.0,14.0,14.0,21.43,84.16,84.7
26D,pass@19,7.0,24.0,26.0,52.0,31.0,78.0,129.69,386.43,7.58,2930.41,162.8,0.1288,0.0,20.0,20.0,50.0,81.91,82.58
261A,pass@1,3.0,11.0,8.0,16.0,14.0,24.0,42.81,91.38,2.18,199.37,11.08,0.0305,0.0,14.0,14.0,0.0,60.6,61.27
261A,pass@14,3.0,11.0,8.0,16.0,14.0,24.0,42.81,91.38,2.18,199.37,11.08,0.0305,0.0,14.0,14.0,0.0,60.6,61.27
261A,pass@9,3.0,11.0,8.0,16.0,14.0,24.0,42.81,91.38,2.18,199.37,11.08,0.0305,0.0,14.0,14.0,0.0,60.6,61.27
261A,pass@15,3.0,11.0,10.0,20.0,14.0,30.0,42.81,114.22,2.73,311.51,17.31,0.0381,0.0,16.0,16.0,12.5,78.34,78.88
261A,pass@3,3.0,11.0,8.0,16.0,14.0,24.0,42.81,91.38,2.18,199.37,11.08,0.0305,4.0,19.0,19.0,10.53,76.05,76.05
261A,pass@11,4.0,13.0,10.0,18.0,17.0,28.0,56.11,114.45,2.77,316.94,17.61,0.0381,6.0,20.0,20.0,10.0,74.22,74.22
261A,pass@12,4.0,13.0,11.0,22.0,17.0,33.0,56.11,134.89,3.38,456.54,25.36,0.045,5.0,19.0,19.0,10.53,74.73,74.73
261A,pass@7,4.0,14.0,12.0,24.0,18.0,36.0,61.3,150.12,3.43,514.69,28.59,0.05,7.0,24.0,24.0,8.33,70.18,70.18
261A,pass@6,4.0,16.0,15.0,30.0,20.0,45.0,72.0,194.49,3.75,729.33,40.52,0.0648,7.0,22.0,22.0,9.09,70.85,70.85
261A,pass@4,5.0,11.0,8.0,14.0,16.0,22.0,49.66,88.0,3.18,280.0,15.56,0.0293,5.0,23.0,24.0,13.04,75.5,75.5
261A,pass@13,4.0,14.0,12.0,24.0,18.0,36.0,61.3,150.12,3.43,514.69,28.59,0.05,7.0,24.0,24.0,8.33,70.18,70.18
261A,pass@2,4.0,16.0,15.0,30.0,20.0,45.0,72.0,194.49,3.75,729.33,40.52,0.0648,7.0,22.0,22.0,9.09,70.85,70.85
261A,pass@16,4.0,14.0,11.0,22.0,18.0,33.0,61.3,137.61,3.14,432.48,24.03,0.0459,5.0,18.0,18.0,11.11,75.6,75.6
261A,pass@5,4.0,16.0,15.0,30.0,20.0,45.0,72.0,194.49,3.75,729.33,40.52,0.0648,7.0,22.0,22.0,9.09,70.85,70.85
261A,pass@10,4.0,7.0,7.0,13.0,11.0,20.0,27.65,69.19,3.71,256.99,14.28,0.0231,5.0,22.0,22.0,9.09,74.26,74.26
261A,pass@8,3.0,10.0,7.0,14.0,13.0,21.0,37.97,77.71,2.1,163.19,9.07,0.0259,6.0,23.0,23.0,13.04,76.15,76.15
261A,pass@18,3.0,11.0,8.0,16.0,14.0,24.0,42.81,91.38,2.18,199.37,11.08,0.0305,0.0,14.0,14.0,0.0,60.6,61.27
261A,pass@19,3.0,11.0,8.0,16.0,14.0,24.0,42.81,91.38,2.18,199.37,11.08,0.0305,0.0,14.0,14.0,0.0,60.6,61.27
261A,pass@23,3.0,11.0,8.0,16.0,14.0,24.0,42.81,91.38,2.18,199.37,11.08,0.0305,0.0,14.0,14.0,0.0,60.6,61.27
261A,pass@17,3.0,11.0,10.0,20.0,14.0,30.0,42.81,114.22,2.73,311.51,17.31,0.0381,0.0,16.0,16.0,12.5,78.34,78.88
261A,pass@22,4.0,14.0,12.0,24.0,18.0,36.0,61.3,150.12,3.43,514.69,28.59,0.05,0.0,18.0,18.0,11.11,75.06,76.01
261A,pass@24,4.0,14.0,12.0,24.0,18.0,36.0,61.3,150.12,3.43,514.69,28.59,0.05,0.0,18.0,18.0,11.11,75.06,76.01
261A,pass@21,4.0,14.0,11.0,22.0,18.0,33.0,61.3,137.61,3.14,432.48,24.03,0.0459,5.0,18.0,18.0,11.11,75.6,75.6
261A,pass@28,2.0,9.0,7.0,14.0,11.0,21.0,30.53,72.65,1.56,113.01,6.28,0.0242,0.0,14.0,14.0,0.0,61.43,61.97
261A,pass@26,4.0,13.0,11.0,22.0,17.0,33.0,56.11,134.89,3.38,456.54,25.36,0.045,0.0,16.0,16.0,12.5,77.7,78.37
261A,pass@31,3.0,11.0,10.0,20.0,14.0,30.0,42.81,114.22,2.73,311.51,17.31,0.0381,0.0,16.0,16.0,12.5,78.34,78.88
261A,pass@27,3.0,11.0,8.0,16.0,14.0,24.0,42.81,91.38,2.18,199.37,11.08,0.0305,0.0,14.0,14.0,0.0,60.6,61.27
261A,pass@20,3.0,11.0,8.0,16.0,14.0,24.0,42.81,91.38,2.18,199.37,11.08,0.0305,5.0,17.0,17.0,11.76,77.83,77.83
261A,pass@25,4.0,16.0,15.0,30.0,20.0,45.0,72.0,194.49,3.75,729.33,40.52,0.0648,7.0,22.0,22.0,9.09,70.85,70.85
261A,pass@32,3.0,11.0,10.0,20.0,14.0,30.0,42.81,114.22,2.73,311.51,17.31,0.0381,0.0,16.0,16.0,12.5,78.34,78.88
261A,pass@29,4.0,16.0,15.0,30.0,20.0,45.0,72.0,194.49,3.75,729.33,40.52,0.0648,7.0,22.0,22.0,9.09,70.85,70.85
261A,pass@30,4.0,13.0,11.0,22.0,17.0,33.0,56.11,134.89,3.38,456.54,25.36,0.045,5.0,19.0,19.0,10.53,74.73,74.73
265A,pass@2,4.0,7.0,5.0,10.0,11.0,15.0,27.65,51.89,2.86,148.26,8.24,0.0173,0.0,7.0,7.0,0.0,69.02,69.56
265A,pass@8,4.0,7.0,5.0,10.0,11.0,15.0,27.65,51.89,2.86,148.26,8.24,0.0173,0.0,7.0,7.0,0.0,69.02,69.56
265A,pass@16,4.0,7.0,5.0,10.0,11.0,15.0,27.65,51.89,2.86,148.26,8.24,0.0173,0.0,7.0,7.0,0.0,69.02,69.56
265A,pass@14,4.0,7.0,5.0,10.0,11.0,15.0,27.65,51.89,2.86,148.26,8.24,0.0173,0.0,7.0,7.0,0.0,69.02,69.56
265A,pass@11,4.0,7.0,5.0,10.0,11.0,15.0,27.65,51.89,2.86,148.26,8.24,0.0173,0.0,7.0,7.0,0.0,69.02,69.56
265A,pass@13,4.0,7.0,5.0,10.0,11.0,15.0,27.65,51.89,2.86,148.26,8.24,0.0173,0.0,7.0,7.0,0.0,69.02,69.56
265A,pass@10,4.0,7.0,5.0,10.0,11.0,15.0,27.65,51.89,2.86,148.26,8.24,0.0173,0.0,7.0,7.0,0.0,69.02,69.56
265A,pass@12,4.0,7.0,5.0,10.0,11.0,15.0,27.65,51.89,2.86,148.26,8.24,0.0173,0.0,7.0,7.0,0.0,69.02,69.56
265A,pass@4,4.0,7.0,5.0,10.0,11.0,15.0,27.65,51.89,2.86,148.26,8.24,0.0173,0.0,7.0,7.0,0.0,69.02,69.56
265A,pass@15,4.0,7.0,5.0,10.0,11.0,15.0,27.65,51.89,2.86,148.26,8.24,0.0173,0.0,7.0,7.0,0.0,69.02,69.56
265A,pass@3,4.0,7.0,5.0,10.0,11.0,15.0,27.65,51.89,2.86,148.26,8.24,0.0173,0.0,7.0,7.0,0.0,69.02,69.56
265A,pass@5,4.0,7.0,5.0,10.0,11.0,15.0,27.65,51.89,2.86,148.26,8.24,0.0173,0.0,7.0,7.0,0.0,69.02,69.56
265A,pass@9,4.0,7.0,5.0,10.0,11.0,15.0,27.65,51.89,2.86,148.26,8.24,0.0173,0.0,7.0,7.0,0.0,69.02,69.56
265A,pass@1,4.0,7.0,5.0,10.0,11.0,15.0,27.65,51.89,2.86,148.26,8.24,0.0173,0.0,7.0,7.0,14.29,89.65,90.19
265A,pass@6,4.0,7.0,5.0,10.0,11.0,15.0,27.65,51.89,2.86,148.26,8.24,0.0173,0.0,7.0,7.0,28.57,95.18,95.71
265A,pass@7,4.0,7.0,5.0,10.0,11.0,15.0,27.65,51.89,2.86,148.26,8.24,0.0173,0.0,7.0,7.0,14.29,89.65,90.19
265A,pass@17,4.0,7.0,5.0,10.0,11.0,15.0,27.65,51.89,2.86,148.26,8.24,0.0173,0.0,7.0,7.0,0.0,69.02,69.56
265A,pass@25,4.0,7.0,5.0,10.0,11.0,15.0,27.65,51.89,2.86,148.26,8.24,0.0173,0.0,7.0,7.0,0.0,69.02,69.56
265A,pass@20,4.0,7.0,5.0,10.0,11.0,15.0,27.65,51.89,2.86,148.26,8.24,0.0173,0.0,7.0,7.0,0.0,69.02,69.56
265A,pass@19,4.0,7.0,5.0,10.0,11.0,15.0,27.65,51.89,2.86,148.26,8.24,0.0173,0.0,7.0,7.0,0.0,69.02,69.56
265A,pass@29,4.0,7.0,5.0,10.0,11.0,15.0,27.65,51.89,2.86,148.26,8.24,0.0173,0.0,7.0,7.0,0.0,69.02,69.56
265A,pass@27,4.0,7.0,5.0,10.0,11.0,15.0,27.65,51.89,2.86,148.26,8.24,0.0173,0.0,7.0,7.0,0.0,69.02,69.56
265A,pass@18,5.0,7.0,5.0,10.0,12.0,15.0,31.26,53.77,3.57,192.05,10.67,0.0179,0.0,7.0,7.0,0.0,68.91,69.45
265A,pass@24,4.0,7.0,5.0,10.0,11.0,15.0,27.65,51.89,2.86,148.26,8.24,0.0173,0.0,7.0,7.0,0.0,69.02,69.56
265A,pass@21,4.0,7.0,5.0,10.0,11.0,15.0,27.65,51.89,2.86,148.26,8.24,0.0173,0.0,7.0,7.0,0.0,69.02,69.56
265A,pass@28,4.0,7.0,5.0,10.0,11.0,15.0,27.65,51.89,2.86,148.26,8.24,0.0173,0.0,7.0,7.0,0.0,69.02,69.56
265A,pass@32,4.0,7.0,5.0,10.0,11.0,15.0,27.65,51.89,2.86,148.26,8.24,0.0173,0.0,7.0,7.0,0.0,69.02,69.56
265A,pass@26,4.0,7.0,5.0,10.0,11.0,15.0,27.65,51.89,2.86,148.26,8.24,0.0173,0.0,7.0,7.0,14.29,89.65,90.19
265A,pass@22,4.0,7.0,5.0,10.0,11.0,15.0,27.65,51.89,2.86,148.26,8.24,0.0173,0.0,7.0,7.0,0.0,69.02,69.56
265A,pass@30,4.0,7.0,5.0,10.0,11.0,15.0,27.65,51.89,2.86,148.26,8.24,0.0173,0.0,7.0,7.0,0.0,69.02,69.56
265A,pass@31,4.0,7.0,5.0,10.0,11.0,15.0,27.65,51.89,2.86,148.26,8.24,0.0173,0.0,7.0,7.0,0.0,69.02,69.56
265A,pass@23,4.0,7.0,5.0,10.0,11.0,15.0,27.65,51.89,2.86,148.26,8.24,0.0173,0.0,7.0,7.0,0.0,69.02,69.56
266B,pass@12,5.0,10.0,10.0,20.0,15.0,30.0,44.83,117.21,5.0,586.03,32.56,0.0391,0.0,10.0,10.0,0.0,63.03,63.7
266B,pass@13,5.0,10.0,10.0,20.0,15.0,30.0,44.83,117.21,5.0,586.03,32.56,0.0391,0.0,10.0,10.0,10.0,80.84,81.52
266B,pass@15,5.0,10.0,10.0,20.0,15.0,30.0,44.83,117.21,5.0,586.03,32.56,0.0391,0.0,10.0,10.0,10.0,80.84,81.52
266B,pass@4,5.0,10.0,10.0,20.0,15.0,30.0,44.83,117.21,5.0,586.03,32.56,0.0391,0.0,10.0,10.0,10.0,80.84,81.52
266B,pass@2,5.0,10.0,10.0,20.0,15.0,30.0,44.83,117.21,5.0,586.03,32.56,0.0391,0.0,13.0,13.0,7.69,76.3,77.11
266B,pass@5,5.0,10.0,10.0,20.0,15.0,30.0,44.83,117.21,5.0,586.03,32.56,0.0391,0.0,10.0,10.0,10.0,80.84,81.52
266B,pass@9,5.0,10.0,10.0,20.0,15.0,30.0,44.83,117.21,5.0,586.03,32.56,0.0391,0.0,13.0,13.0,7.69,76.3,77.11
266B,pass@11,5.0,10.0,10.0,20.0,15.0,30.0,44.83,117.21,5.0,586.03,32.56,0.0391,0.0,10.0,10.0,10.0,80.84,81.52
266B,pass@7,5.0,10.0,10.0,20.0,15.0,30.0,44.83,117.21,5.0,586.03,32.56,0.0391,0.0,10.0,10.0,10.0,80.84,81.52
266B,pass@3,5.0,10.0,10.0,20.0,15.0,30.0,44.83,117.21,5.0,586.03,32.56,0.0391,0.0,13.0,13.0,7.69,76.3,77.11
266B,pass@14,5.0,10.0,10.0,20.0,15.0,30.0,44.83,117.21,5.0,586.03,32.56,0.0391,0.0,10.0,10.0,10.0,80.84,81.52
266B,pass@10,5.0,10.0,10.0,20.0,15.0,30.0,44.83,117.21,5.0,586.03,32.56,0.0391,0.0,13.0,13.0,7.69,76.3,77.11
266B,pass@1,5.0,10.0,10.0,20.0,15.0,30.0,44.83,117.21,5.0,586.03,32.56,0.0391,0.0,10.0,10.0,10.0,80.84,81.52
266B,pass@16,5.0,10.0,10.0,20.0,15.0,30.0,44.83,117.21,5.0,586.03,32.56,0.0391,0.0,13.0,13.0,7.69,76.3,77.11
266B,pass@8,5.0,10.0,10.0,20.0,15.0,30.0,44.83,117.21,5.0,586.03,32.56,0.0391,0.0,13.0,13.0,7.69,76.3,77.11
266B,pass@6,5.0,10.0,10.0,20.0,15.0,30.0,44.83,117.21,5.0,586.03,32.56,0.0391,0.0,13.0,13.0,7.69,76.3,77.11
266B,pass@17,5.0,10.0,10.0,20.0,15.0,30.0,44.83,117.21,5.0,586.03,32.56,0.0391,0.0,13.0,13.0,7.69,76.3,77.11
266B,pass@19,5.0,10.0,10.0,20.0,15.0,30.0,44.83,117.21,5.0,586.03,32.56,0.0391,0.0,10.0,10.0,10.0,80.84,81.52
266B,pass@27,5.0,10.0,10.0,20.0,15.0,30.0,44.83,117.21,5.0,586.03,32.56,0.0391,0.0,10.0,10.0,10.0,80.84,81.52
266B,pass@26,5.0,10.0,10.0,20.0,15.0,30.0,44.83,117.21,5.0,586.03,32.56,0.0391,0.0,10.0,10.0,10.0,80.84,81.52
266B,pass@23,5.0,10.0,10.0,20.0,15.0,30.0,44.83,117.21,5.0,586.03,32.56,0.0391,0.0,10.0,10.0,10.0,80.84,81.52
266B,pass@21,5.0,11.0,10.0,20.0,16.0,30.0,49.66,120.0,4.55,545.45,30.3,0.04,0.0,14.0,14.0,0.0,59.63,60.44
266B,pass@28,5.0,10.0,10.0,20.0,15.0,30.0,44.83,117.21,5.0,586.03,32.56,0.0391,0.0,13.0,13.0,7.69,76.3,77.11
266B,pass@20,5.0,10.0,10.0,20.0,15.0,30.0,44.83,117.21,5.0,586.03,32.56,0.0391,0.0,13.0,13.0,7.69,76.3,77.11
266B,pass@24,5.0,10.0,10.0,20.0,15.0,30.0,44.83,117.21,5.0,586.03,32.56,0.0391,0.0,13.0,13.0,7.69,76.3,77.11
266B,pass@18,5.0,10.0,10.0,20.0,15.0,30.0,44.83,117.21,5.0,586.03,32.56,0.0391,0.0,13.0,13.0,7.69,76.3,77.11
266B,pass@29,5.0,10.0,10.0,20.0,15.0,30.0,44.83,117.21,5.0,586.03,32.56,0.0391,0.0,10.0,10.0,10.0,80.84,81.52
266B,pass@31,5.0,10.0,10.0,20.0,15.0,30.0,44.83,117.21,5.0,586.03,32.56,0.0391,0.0,10.0,10.0,10.0,80.84,81.52
266B,pass@22,5.0,10.0,10.0,20.0,15.0,30.0,44.83,117.21,5.0,586.03,32.56,0.0391,0.0,13.0,13.0,7.69,76.3,77.11
266B,pass@25,5.0,10.0,10.0,20.0,15.0,30.0,44.83,117.21,5.0,586.03,32.56,0.0391,0.0,13.0,13.0,7.69,76.3,77.11
266B,pass@32,5.0,10.0,10.0,20.0,15.0,30.0,44.83,117.21,5.0,586.03,32.56,0.0391,0.0,10.0,10.0,10.0,80.84,81.52
266B,pass@30,5.0,10.0,10.0,20.0,15.0,30.0,44.83,117.21,5.0,586.03,32.56,0.0391,0.0,13.0,13.0,7.69,76.3,77.11
268A,pass@1,3.0,6.0,3.0,6.0,9.0,9.0,20.26,28.53,1.5,42.79,2.38,0.0095,0.0,12.0,12.0,0.0,65.46,66.27
268A,pass@3,3.0,6.0,3.0,6.0,9.0,9.0,20.26,28.53,1.5,42.79,2.38,0.0095,0.0,12.0,12.0,0.0,65.46,66.27
268A,pass@14,4.0,8.0,4.0,8.0,12.0,12.0,32.0,43.02,2.0,86.04,4.78,0.0143,0.0,11.0,11.0,0.0,65.04,65.84
268A,pass@9,4.0,8.0,4.0,8.0,12.0,12.0,32.0,43.02,2.0,86.04,4.78,0.0143,0.0,11.0,11.0,0.0,65.04,65.84
268A,pass@15,4.0,8.0,4.0,8.0,12.0,12.0,32.0,43.02,2.0,86.04,4.78,0.0143,0.0,11.0,11.0,0.0,65.04,65.84
268A,pass@11,3.0,6.0,3.0,6.0,9.0,9.0,20.26,28.53,1.5,42.79,2.38,0.0095,0.0,12.0,12.0,0.0,65.46,66.27
268A,pass@8,3.0,6.0,3.0,6.0,9.0,9.0,20.26,28.53,1.5,42.79,2.38,0.0095,0.0,12.0,12.0,0.0,65.46,66.27
268A,pass@10,3.0,6.0,3.0,6.0,9.0,9.0,20.26,28.53,1.5,42.79,2.38,0.0095,0.0,12.0,12.0,0.0,65.46,66.27
268A,pass@12,3.0,6.0,3.0,6.0,9.0,9.0,20.26,28.53,1.5,42.79,2.38,0.0095,0.0,12.0,12.0,0.0,65.46,66.27
268A,pass@4,3.0,6.0,3.0,6.0,9.0,9.0,20.26,28.53,1.5,42.79,2.38,0.0095,0.0,12.0,12.0,0.0,65.46,66.27
268A,pass@13,4.0,8.0,4.0,8.0,12.0,12.0,32.0,43.02,2.0,86.04,4.78,0.0143,0.0,11.0,11.0,0.0,65.04,65.84
268A,pass@5,3.0,6.0,3.0,6.0,9.0,9.0,20.26,28.53,1.5,42.79,2.38,0.0095,0.0,12.0,12.0,0.0,65.46,66.27
268A,pass@2,3.0,6.0,3.0,6.0,9.0,9.0,20.26,28.53,1.5,42.79,2.38,0.0095,0.0,12.0,12.0,0.0,65.46,66.27
268A,pass@6,4.0,8.0,4.0,8.0,12.0,12.0,32.0,43.02,2.0,86.04,4.78,0.0143,0.0,11.0,11.0,0.0,65.04,65.84
268A,pass@16,4.0,8.0,4.0,8.0,12.0,12.0,32.0,43.02,2.0,86.04,4.78,0.0143,0.0,11.0,11.0,0.0,65.04,65.84
268A,pass@7,3.0,6.0,3.0,6.0,9.0,9.0,20.26,28.53,1.5,42.79,2.38,0.0095,0.0,12.0,12.0,0.0,65.46,66.27
268A,pass@18,3.0,6.0,3.0,6.0,9.0,9.0,20.26,28.53,1.5,42.79,2.38,0.0095,0.0,12.0,12.0,0.0,65.46,66.27
268A,pass@17,4.0,8.0,4.0,8.0,12.0,12.0,32.0,43.02,2.0,86.04,4.78,0.0143,0.0,11.0,11.0,0.0,65.04,65.84
268A,pass@19,3.0,6.0,3.0,6.0,9.0,9.0,20.26,28.53,1.5,42.79,2.38,0.0095,0.0,12.0,12.0,0.0,65.46,66.27
268A,pass@20,3.0,6.0,3.0,6.0,9.0,9.0,20.26,28.53,1.5,42.79,2.38,0.0095,0.0,12.0,12.0,0.0,65.46,66.27
268A,pass@31,3.0,6.0,3.0,6.0,9.0,9.0,20.26,28.53,1.5,42.79,2.38,0.0095,0.0,12.0,12.0,0.0,65.46,66.27
268A,pass@30,3.0,6.0,3.0,6.0,9.0,9.0,20.26,28.53,1.5,42.79,2.38,0.0095,0.0,12.0,12.0,0.0,65.46,66.27
268A,pass@29,4.0,8.0,4.0,8.0,12.0,12.0,32.0,43.02,2.0,86.04,4.78,0.0143,0.0,11.0,11.0,0.0,65.04,65.84
268A,pass@28,4.0,8.0,4.0,8.0,12.0,12.0,32.0,43.02,2.0,86.04,4.78,0.0143,0.0,11.0,11.0,0.0,65.04,65.84
268A,pass@22,3.0,6.0,3.0,6.0,9.0,9.0,20.26,28.53,1.5,42.79,2.38,0.0095,0.0,12.0,12.0,0.0,65.46,66.27
268A,pass@26,4.0,8.0,4.0,8.0,12.0,12.0,32.0,43.02,2.0,86.04,4.78,0.0143,0.0,11.0,11.0,0.0,65.04,65.84
268A,pass@24,4.0,8.0,4.0,8.0,12.0,12.0,32.0,43.02,2.0,86.04,4.78,0.0143,0.0,11.0,11.0,0.0,65.04,65.84
268A,pass@27,3.0,6.0,3.0,6.0,9.0,9.0,20.26,28.53,1.5,42.79,2.38,0.0095,0.0,12.0,12.0,0.0,65.46,66.27
268A,pass@21,3.0,6.0,3.0,6.0,9.0,9.0,20.26,28.53,1.5,42.79,2.38,0.0095,0.0,12.0,12.0,0.0,65.46,66.27
268A,pass@23,4.0,8.0,4.0,8.0,12.0,12.0,32.0,43.02,2.0,86.04,4.78,0.0143,0.0,11.0,11.0,0.0,65.04,65.84
268A,pass@25,3.0,6.0,3.0,6.0,9.0,9.0,20.26,28.53,1.5,42.79,2.38,0.0095,0.0,12.0,12.0,0.0,65.46,66.27
268A,pass@32,3.0,6.0,3.0,6.0,9.0,9.0,20.26,28.53,1.5,42.79,2.38,0.0095,0.0,12.0,12.0,0.0,65.46,66.27
269B,pass@6,2.0,4.0,2.0,4.0,6.0,6.0,10.0,15.51,1.0,15.51,0.86,0.0052,0.0,14.0,14.0,14.29,86.75,87.29
269B,pass@16,2.0,4.0,2.0,4.0,6.0,6.0,10.0,15.51,1.0,15.51,0.86,0.0052,0.0,16.0,16.0,18.75,87.71,88.25
269B,pass@15,2.0,4.0,2.0,4.0,6.0,6.0,10.0,15.51,1.0,15.51,0.86,0.0052,4.0,17.0,17.0,17.65,86.64,86.64
269B,pass@7,2.0,4.0,2.0,4.0,6.0,6.0,10.0,15.51,1.0,15.51,0.86,0.0052,0.0,14.0,14.0,21.43,90.06,90.6
269B,pass@8,2.0,4.0,2.0,4.0,6.0,6.0,10.0,15.51,1.0,15.51,0.86,0.0052,0.0,18.0,18.0,11.11,82.37,82.91
269B,pass@4,2.0,4.0,2.0,4.0,6.0,6.0,10.0,15.51,1.0,15.51,0.86,0.0052,4.0,17.0,17.0,17.65,86.64,86.64
269B,pass@10,2.0,4.0,2.0,4.0,6.0,6.0,10.0,15.51,1.0,15.51,0.86,0.0052,4.0,18.0,18.0,16.67,85.63,85.63
269B,pass@13,2.0,4.0,2.0,4.0,6.0,6.0,10.0,15.51,1.0,15.51,0.86,0.0052,4.0,17.0,17.0,23.53,88.97,88.97
269B,pass@3,2.0,4.0,2.0,4.0,6.0,6.0,10.0,15.51,1.0,15.51,0.86,0.0052,5.0,18.0,18.0,16.67,85.5,85.5
269B,pass@2,2.0,4.0,2.0,4.0,6.0,6.0,10.0,15.51,1.0,15.51,0.86,0.0052,4.0,18.0,18.0,16.67,85.63,85.63
269B,pass@9,2.0,4.0,2.0,4.0,6.0,6.0,10.0,15.51,1.0,15.51,0.86,0.0052,4.0,17.0,17.0,17.65,86.64,86.64
269B,pass@5,2.0,4.0,2.0,4.0,6.0,6.0,10.0,15.51,1.0,15.51,0.86,0.0052,5.0,19.0,19.0,15.79,84.54,84.54
269B,pass@1,3.0,7.0,6.0,12.0,10.0,18.0,24.41,59.79,2.57,153.76,8.54,0.0199,4.0,23.0,24.0,13.04,76.81,76.81
269B,pass@12,4.0,9.0,7.0,14.0,13.0,21.0,36.53,77.71,3.11,241.76,13.43,0.0259,5.0,24.0,25.0,12.5,75.15,75.15
269B,pass@11,2.0,4.0,2.0,4.0,6.0,6.0,10.0,15.51,1.0,15.51,0.86,0.0052,4.0,17.0,17.0,23.53,88.97,88.97
269B,pass@14,6.0,11.0,7.0,14.0,17.0,21.0,53.56,85.84,3.82,327.74,18.21,0.0286,0.0,20.0,20.0,20.0,80.65,81.46
269B,pass@17,2.0,4.0,2.0,4.0,6.0,6.0,10.0,15.51,1.0,15.51,0.86,0.0052,4.0,17.0,17.0,17.65,86.64,86.64
269B,pass@18,2.0,4.0,2.0,4.0,6.0,6.0,10.0,15.51,1.0,15.51,0.86,0.0052,4.0,17.0,17.0,17.65,86.64,86.64
269B,pass@27,2.0,4.0,2.0,4.0,6.0,6.0,10.0,15.51,1.0,15.51,0.86,0.0052,0.0,14.0,14.0,21.43,90.06,90.6
269B,pass@22,2.0,4.0,2.0,4.0,6.0,6.0,10.0,15.51,1.0,15.51,0.86,0.0052,0.0,16.0,16.0,18.75,87.71,88.25
269B,pass@25,2.0,4.0,2.0,4.0,6.0,6.0,10.0,15.51,1.0,15.51,0.86,0.0052,4.0,17.0,17.0,11.76,83.36,83.36
269B,pass@19,2.0,4.0,2.0,4.0,6.0,6.0,10.0,15.51,1.0,15.51,0.86,0.0052,0.0,14.0,14.0,21.43,90.06,90.6
269B,pass@23,2.0,4.0,2.0,4.0,6.0,6.0,10.0,15.51,1.0,15.51,0.86,0.0052,0.0,14.0,14.0,21.43,90.06,90.6
269B,pass@21,2.0,4.0,2.0,4.0,6.0,6.0,10.0,15.51,1.0,15.51,0.86,0.0052,0.0,16.0,16.0,18.75,87.71,88.25
269B,pass@26,2.0,4.0,2.0,4.0,6.0,6.0,10.0,15.51,1.0,15.51,0.86,0.0052,4.0,18.0,18.0,16.67,85.63,85.63
269B,pass@24,2.0,4.0,2.0,4.0,6.0,6.0,10.0,15.51,1.0,15.51,0.86,0.0052,4.0,17.0,17.0,17.65,86.64,86.64
269B,pass@30,2.0,4.0,2.0,4.0,6.0,6.0,10.0,15.51,1.0,15.51,0.86,0.0052,0.0,14.0,14.0,21.43,90.06,90.6
269B,pass@28,2.0,4.0,2.0,4.0,6.0,6.0,10.0,15.51,1.0,15.51,0.86,0.0052,4.0,17.0,17.0,11.76,83.36,83.36
269B,pass@20,6.0,11.0,7.0,14.0,17.0,21.0,53.56,85.84,3.82,327.74,18.21,0.0286,0.0,21.0,21.0,23.81,81.59,82.4
269B,pass@29,2.0,4.0,2.0,4.0,6.0,6.0,10.0,15.51,1.0,15.51,0.86,0.0052,5.0,18.0,18.0,11.11,82.24,82.24
269B,pass@31,6.0,11.0,7.0,14.0,17.0,21.0,53.56,85.84,3.82,327.74,18.21,0.0286,0.0,19.0,19.0,15.79,79.2,80.01
269B,pass@32,2.0,4.0,2.0,4.0,6.0,6.0,10.0,15.51,1.0,15.51,0.86,0.0052,0.0,16.0,16.0,12.5,84.41,84.95
27E,pass@16,9.0,16.0,12.0,24.0,25.0,36.0,92.53,167.18,6.75,1128.46,62.69,0.0557,2.0,20.0,20.0,0.0,55.78,55.78
27E,pass@15,8.0,16.0,12.0,24.0,24.0,36.0,88.0,165.06,6.0,990.35,55.02,0.055,2.0,21.0,21.0,0.0,55.36,55.36
27E,pass@5,10.0,20.0,16.0,32.0,30.0,48.0,119.66,235.53,8.0,1884.25,104.68,0.0785,7.0,34.0,34.0,0.0,49.04,49.04
27E,pass@13,9.0,22.0,17.0,34.0,31.0,51.0,126.64,252.66,6.95,1757.16,97.62,0.0842,2.0,26.0,26.0,0.0,52.04,52.04
27E,pass@4,9.0,23.0,19.0,38.0,32.0,57.0,132.57,285.0,7.43,2118.91,117.72,0.095,1.0,26.0,26.0,0.0,51.81,51.81
27E,pass@7,8.0,21.0,19.0,38.0,29.0,57.0,116.24,276.9,7.24,2004.26,111.35,0.0923,1.0,30.0,30.0,0.0,50.54,50.54
27E,pass@11,8.0,22.0,18.0,36.0,30.0,54.0,122.11,264.97,6.55,1734.36,96.35,0.0883,8.0,32.0,32.0,0.0,49.26,49.12
27E,pass@9,6.0,22.0,17.0,34.0,28.0,51.0,113.62,245.18,4.64,1136.72,63.15,0.0817,12.0,27.0,27.0,0.0,50.57,50.43
27E,pass@14,9.0,27.0,22.0,44.0,36.0,66.0,156.91,341.22,7.33,2502.24,139.01,0.1137,1.0,38.0,38.0,0.0,47.67,47.67
27E,pass@8,9.0,31.0,24.0,48.0,40.0,72.0,182.11,383.18,6.97,2669.89,148.33,0.1277,2.0,35.0,37.0,0.0,47.43,47.43
27E,pass@10,10.0,23.0,19.0,37.0,33.0,56.0,137.26,282.49,8.04,2272.17,126.23,0.0942,1.0,33.0,34.0,0.0,49.3,49.3
27E,pass@12,8.0,33.0,27.0,54.0,41.0,81.0,190.47,433.96,6.55,2840.48,157.8,0.1447,7.0,41.0,42.0,0.0,45.18,45.18
27E,pass@2,10.0,35.0,27.0,53.0,45.0,80.0,212.74,439.35,7.57,3326.49,184.81,0.1464,6.0,41.0,42.0,0.0,45.28,45.28
27E,pass@3,8.0,35.0,30.0,60.0,43.0,90.0,203.52,488.36,6.86,3348.78,186.04,0.1628,5.0,38.0,39.0,0.0,45.79,45.79
27E,pass@1,10.0,30.0,27.0,54.0,40.0,81.0,180.43,431.08,9.0,3879.69,215.54,0.1437,19.0,40.0,40.0,0.0,44.32,44.05
27E,pass@18,10.0,22.0,19.0,38.0,32.0,57.0,131.33,285.0,8.64,2461.36,136.74,0.095,7.0,37.0,37.0,0.0,47.66,47.66
27E,pass@17,8.0,27.0,21.0,42.0,35.0,63.0,152.38,323.14,6.22,2010.68,111.7,0.1077,16.0,36.0,36.0,2.78,56.5,56.23
27E,pass@23,6.0,22.0,17.0,34.0,28.0,51.0,113.62,245.18,4.64,1136.72,63.15,0.0817,12.0,27.0,27.0,0.0,50.57,50.43
27E,pass@20,8.0,27.0,21.0,42.0,35.0,63.0,152.38,323.14,6.22,2010.68,111.7,0.1077,14.0,34.0,34.0,0.0,47.14,47.14
27E,pass@29,9.0,14.0,11.0,22.0,23.0,33.0,81.83,149.28,7.07,1055.61,58.64,0.0498,1.0,21.0,21.0,0.0,55.8,55.8
27E,pass@24,8.0,24.0,22.0,44.0,32.0,66.0,134.04,330.0,7.33,2420.0,134.44,0.11,5.0,30.0,30.0,0.0,49.47,49.47
27E,pass@19,9.0,34.0,30.0,59.0,43.0,89.0,201.5,482.94,7.81,3771.17,209.51,0.161,6.0,39.0,40.0,0.0,45.45,45.45
27E,pass@25,8.0,25.0,20.0,40.0,33.0,60.0,140.1,302.66,6.4,1937.05,107.61,0.1009,14.0,30.0,30.0,0.0,48.66,48.52
27E,pass@21,9.0,34.0,31.0,61.0,43.0,92.0,201.5,499.22,8.07,4030.44,223.91,0.1664,8.0,42.0,43.0,0.0,44.4,44.4
27E,pass@31,8.0,24.0,21.0,42.0,32.0,63.0,134.04,315.0,7.0,2205.0,122.5,0.105,5.0,28.0,28.0,0.0,50.27,50.27
27E,pass@6,12.0,50.0,43.0,86.0,62.0,129.0,325.21,768.09,10.32,7926.7,440.37,0.256,31.0,81.0,82.0,12.35,54.01,53.34
27E,pass@22,13.0,31.0,28.0,56.0,44.0,84.0,201.69,458.59,11.74,5384.76,299.15,0.1529,17.0,40.0,40.0,0.0,44.27,44.13
27E,pass@28,9.0,31.0,23.0,46.0,40.0,69.0,182.11,367.21,6.68,2452.04,136.22,0.1224,17.0,40.0,41.0,0.0,44.84,44.57
27E,pass@30,10.0,33.0,26.0,51.0,43.0,77.0,199.68,417.82,7.73,3228.63,179.37,0.1393,6.0,42.0,43.0,0.0,45.21,45.21
27E,pass@32,9.0,30.0,24.0,48.0,39.0,72.0,175.74,380.55,7.2,2739.95,152.22,0.1268,17.0,41.0,41.0,2.44,54.03,53.76
270C,pass@2,5.0,8.0,6.0,11.0,13.0,17.0,35.61,62.91,3.44,216.24,12.01,0.021,0.0,13.0,13.0,0.0,62.57,63.11
270C,pass@1,5.0,8.0,6.0,11.0,13.0,17.0,35.61,62.91,3.44,216.24,12.01,0.021,0.0,13.0,13.0,0.0,62.57,63.11
270C,pass@5,5.0,8.0,6.0,11.0,13.0,17.0,35.61,62.91,3.44,216.24,12.01,0.021,0.0,13.0,13.0,0.0,62.57,63.11
270C,pass@16,4.0,8.0,5.0,10.0,12.0,15.0,32.0,53.77,2.5,134.44,7.47,0.0179,0.0,15.0,15.0,0.0,61.55,62.23
270C,pass@8,4.0,6.0,7.0,13.0,10.0,20.0,23.51,66.44,4.33,287.9,15.99,0.0221,0.0,18.0,18.0,0.0,59.05,59.86
270C,pass@14,3.0,7.0,6.0,11.0,10.0,17.0,24.41,56.47,2.36,133.11,7.4,0.0188,0.0,15.0,15.0,6.67,76.31,76.99
270C,pass@15,5.0,10.0,9.0,18.0,15.0,27.0,44.83,105.49,4.5,474.69,26.37,0.0352,0.0,17.0,17.0,0.0,58.19,58.99
270C,pass@12,3.0,7.0,5.0,9.0,10.0,14.0,24.41,46.51,1.93,89.69,4.98,0.0155,0.0,15.0,15.0,6.67,76.9,77.58
270C,pass@9,3.0,7.0,5.0,9.0,10.0,14.0,24.41,46.51,1.93,89.69,4.98,0.0155,0.0,15.0,15.0,6.67,76.9,77.58
270C,pass@11,4.0,8.0,5.0,10.0,12.0,15.0,32.0,53.77,2.5,134.44,7.47,0.0179,0.0,17.0,17.0,0.0,60.37,61.04
270C,pass@10,3.0,7.0,5.0,9.0,10.0,14.0,24.41,46.51,1.93,89.69,4.98,0.0155,0.0,15.0,15.0,6.67,76.9,77.58
270C,pass@13,3.0,7.0,5.0,9.0,10.0,14.0,24.41,46.51,1.93,89.69,4.98,0.0155,0.0,15.0,15.0,6.67,76.9,77.58
270C,pass@3,3.0,8.0,4.0,8.0,11.0,12.0,28.75,41.51,1.5,62.27,3.46,0.0138,0.0,17.0,17.0,23.53,85.71,86.51
270C,pass@6,3.0,7.0,5.0,9.0,10.0,14.0,24.41,46.51,1.93,89.69,4.98,0.0155,0.0,15.0,15.0,6.67,76.9,77.58
270C,pass@7,2.0,6.0,3.0,6.0,8.0,9.0,17.51,27.0,1.0,27.0,1.5,0.009,0.0,17.0,17.0,11.76,81.4,82.21
270C,pass@4,3.0,5.0,4.0,7.0,8.0,11.0,16.36,33.0,2.1,69.3,3.85,0.011,0.0,14.0,14.0,14.29,84.46,85.0
270C,pass@17,2.0,6.0,3.0,6.0,8.0,9.0,17.51,27.0,1.0,27.0,1.5,0.009,0.0,15.0,15.0,0.0,63.78,64.32
270C,pass@18,4.0,8.0,5.0,10.0,12.0,15.0,32.0,53.77,2.5,134.44,7.47,0.0179,0.0,13.0,13.0,0.0,63.04,63.58
270C,pass@22,4.0,8.0,5.0,10.0,12.0,15.0,32.0,53.77,2.5,134.44,7.47,0.0179,0.0,13.0,13.0,0.0,63.04,63.58
270C,pass@20,6.0,10.0,10.0,19.0,16.0,29.0,48.73,116.0,5.7,661.2,36.73,0.0387,0.0,17.0,17.0,0.0,57.9,58.7
270C,pass@21,5.0,10.0,9.0,18.0,15.0,27.0,44.83,105.49,4.5,474.69,26.37,0.0352,0.0,17.0,17.0,0.0,58.19,58.99
270C,pass@23,5.0,8.0,6.0,11.0,13.0,17.0,35.61,62.91,3.44,216.24,12.01,0.021,0.0,13.0,13.0,0.0,62.57,63.11
270C,pass@19,4.0,10.0,10.0,20.0,14.0,30.0,41.22,114.22,4.0,456.88,25.38,0.0381,0.0,18.0,18.0,0.0,57.27,58.21
270C,pass@24,4.0,9.0,6.0,11.0,13.0,17.0,36.53,62.91,2.44,153.77,8.54,0.021,0.0,15.0,15.0,6.67,75.99,76.66
270C,pass@27,5.0,8.0,6.0,11.0,13.0,17.0,35.61,62.91,3.44,216.24,12.01,0.021,0.0,13.0,13.0,0.0,62.57,63.11
270C,pass@25,7.0,9.0,11.0,21.0,16.0,32.0,48.18,128.0,8.17,1045.33,58.07,0.0427,0.0,20.0,20.0,0.0,55.92,56.86
270C,pass@26,4.0,9.0,9.0,18.0,13.0,27.0,36.53,99.91,4.0,399.65,22.2,0.0333,0.0,18.0,18.0,0.0,57.67,58.62
270C,pass@32,4.0,7.0,5.0,10.0,11.0,15.0,27.65,51.89,2.86,148.26,8.24,0.0173,0.0,13.0,13.0,0.0,63.15,63.69
270C,pass@31,5.0,8.0,6.0,11.0,13.0,17.0,35.61,62.91,3.44,216.24,12.01,0.021,0.0,13.0,13.0,0.0,62.57,63.11
270C,pass@29,6.0,9.0,9.0,17.0,15.0,26.0,44.04,101.58,5.67,575.62,31.98,0.0339,0.0,18.0,18.0,0.0,57.76,58.57
270C,pass@28,3.0,7.0,5.0,9.0,10.0,14.0,24.41,46.51,1.93,89.69,4.98,0.0155,0.0,15.0,15.0,6.67,76.9,77.58
270C,pass@30,3.0,9.0,5.0,10.0,12.0,15.0,33.28,53.77,1.67,89.62,4.98,0.0179,0.0,20.0,20.0,10.0,76.51,77.32
272B,pass@6,4.0,9.0,6.0,12.0,13.0,18.0,36.53,66.61,2.67,177.62,9.87,0.0222,2.0,17.0,17.0,0.0,59.99,60.12
272B,pass@3,4.0,9.0,6.0,12.0,13.0,18.0,36.53,66.61,2.67,177.62,9.87,0.0222,2.0,17.0,17.0,0.0,59.99,60.12
272B,pass@5,6.0,13.0,9.0,18.0,19.0,27.0,63.62,114.69,4.15,476.42,26.47,0.0382,2.0,19.0,19.0,0.0,57.15,57.42
272B,pass@11,4.0,10.0,8.0,16.0,14.0,24.0,41.22,91.38,3.2,292.4,16.24,0.0305,3.0,18.0,18.0,0.0,58.35,58.48
272B,pass@2,7.0,13.0,10.0,20.0,20.0,30.0,67.76,129.66,5.38,698.16,38.79,0.0432,2.0,20.0,20.0,0.0,56.15,56.56
272B,pass@8,4.0,10.0,8.0,16.0,14.0,24.0,41.22,91.38,3.2,292.4,16.24,0.0305,3.0,18.0,18.0,0.0,58.35,58.48
272B,pass@1,5.0,10.0,7.0,14.0,15.0,21.0,44.83,82.04,3.5,287.16,15.95,0.0273,3.0,18.0,18.0,0.0,58.68,58.81
272B,pass@13,7.0,13.0,10.0,20.0,20.0,30.0,67.76,129.66,5.38,698.16,38.79,0.0432,2.0,19.0,19.0,0.0,56.64,57.04
272B,pass@16,7.0,13.0,10.0,20.0,20.0,30.0,67.76,129.66,5.38,698.16,38.79,0.0432,2.0,20.0,20.0,0.0,56.15,56.56
272B,pass@12,8.0,14.0,11.0,22.0,22.0,33.0,77.3,147.16,6.29,925.01,51.39,0.0491,3.0,20.0,20.0,0.0,55.63,56.04
272B,pass@10,8.0,14.0,11.0,22.0,22.0,33.0,77.3,147.16,6.29,925.01,51.39,0.0491,3.0,20.0,20.0,0.0,55.63,56.04
272B,pass@15,8.0,14.0,11.0,22.0,22.0,33.0,77.3,147.16,6.29,925.01,51.39,0.0491,3.0,20.0,20.0,0.0,55.63,56.04
272B,pass@7,8.0,14.0,11.0,22.0,22.0,33.0,77.3,147.16,6.29,925.01,51.39,0.0491,3.0,21.0,21.0,0.0,55.17,55.57
272B,pass@4,8.0,14.0,11.0,22.0,22.0,33.0,77.3,147.16,6.29,925.01,51.39,0.0491,3.0,20.0,20.0,0.0,55.63,56.04
272B,pass@9,8.0,14.0,11.0,22.0,22.0,33.0,77.3,147.16,6.29,925.01,51.39,0.0491,3.0,20.0,20.0,0.0,55.63,56.04
272B,pass@14,8.0,14.0,11.0,22.0,22.0,33.0,77.3,147.16,6.29,925.01,51.39,0.0491,3.0,20.0,20.0,0.0,55.63,56.04
272B,pass@22,5.0,10.0,7.0,14.0,15.0,21.0,44.83,82.04,3.5,287.16,15.95,0.0273,3.0,18.0,18.0,0.0,58.68,58.81
272B,pass@27,5.0,10.0,7.0,14.0,15.0,21.0,44.83,82.04,3.5,287.16,15.95,0.0273,3.0,18.0,18.0,0.0,58.68,58.81
272B,pass@25,8.0,14.0,11.0,22.0,22.0,33.0,77.3,147.16,6.29,925.01,51.39,0.0491,3.0,20.0,20.0,0.0,55.63,56.04
272B,pass@26,7.0,13.0,10.0,20.0,20.0,30.0,67.76,129.66,5.38,698.16,38.79,0.0432,2.0,20.0,20.0,0.0,56.15,56.56
272B,pass@29,7.0,13.0,10.0,20.0,20.0,30.0,67.76,129.66,5.38,698.16,38.79,0.0432,2.0,19.0,19.0,0.0,56.64,57.04
272B,pass@21,8.0,14.0,11.0,22.0,22.0,33.0,77.3,147.16,6.29,925.01,51.39,0.0491,3.0,20.0,20.0,0.0,55.63,56.04
272B,pass@18,7.0,14.0,12.0,24.0,21.0,36.0,72.95,158.12,6.0,948.74,52.71,0.0527,3.0,21.0,21.0,0.0,54.95,55.36
272B,pass@17,8.0,14.0,11.0,22.0,22.0,33.0,77.3,147.16,6.29,925.01,51.39,0.0491,3.0,20.0,20.0,0.0,55.63,56.04
272B,pass@20,8.0,14.0,11.0,22.0,22.0,33.0,77.3,147.16,6.29,925.01,51.39,0.0491,3.0,20.0,20.0,0.0,55.63,56.04
272B,pass@30,8.0,14.0,11.0,22.0,22.0,33.0,77.3,147.16,6.29,925.01,51.39,0.0491,3.0,20.0,20.0,0.0,55.63,56.04
272B,pass@19,8.0,14.0,11.0,22.0,22.0,33.0,77.3,147.16,6.29,925.01,51.39,0.0491,3.0,21.0,21.0,0.0,55.17,55.57
272B,pass@24,8.0,14.0,11.0,22.0,22.0,33.0,77.3,147.16,6.29,925.01,51.39,0.0491,3.0,20.0,20.0,0.0,55.63,56.04
272B,pass@31,7.0,14.0,12.0,24.0,21.0,36.0,72.95,158.12,6.0,948.74,52.71,0.0527,3.0,20.0,20.0,0.0,55.41,55.82
272B,pass@32,8.0,14.0,11.0,22.0,22.0,33.0,77.3,147.16,6.29,925.01,51.39,0.0491,3.0,20.0,20.0,0.0,55.63,56.04
272B,pass@23,7.0,14.0,12.0,24.0,21.0,36.0,72.95,158.12,6.0,948.74,52.71,0.0527,3.0,20.0,20.0,0.0,55.41,55.82
272B,pass@28,8.0,14.0,11.0,22.0,22.0,33.0,77.3,147.16,6.29,925.01,51.39,0.0491,3.0,20.0,20.0,0.0,55.63,56.04
275A,pass@10,5.0,11.0,14.0,28.0,16.0,42.0,49.66,168.0,6.36,1069.09,59.39,0.056,0.0,19.0,19.0,0.0,55.04,56.52
275A,pass@15,6.0,11.0,14.0,28.0,17.0,42.0,53.56,171.67,7.64,1310.96,72.83,0.0572,0.0,20.0,20.0,0.0,54.36,55.97
275A,pass@3,5.0,11.0,14.0,28.0,16.0,42.0,49.66,168.0,6.36,1069.09,59.39,0.056,0.0,19.0,19.0,0.0,55.04,56.52
275A,pass@16,6.0,11.0,14.0,28.0,17.0,42.0,53.56,171.67,7.64,1310.96,72.83,0.0572,0.0,20.0,20.0,0.0,54.36,55.97
275A,pass@5,6.0,11.0,14.0,28.0,17.0,42.0,53.56,171.67,7.64,1310.96,72.83,0.0572,0.0,19.0,19.0,0.0,54.84,56.46
275A,pass@6,6.0,11.0,14.0,28.0,17.0,42.0,53.56,171.67,7.64,1310.96,72.83,0.0572,0.0,20.0,20.0,0.0,54.36,55.97
275A,pass@13,6.0,11.0,14.0,28.0,17.0,42.0,53.56,171.67,7.64,1310.96,72.83,0.0572,0.0,19.0,19.0,0.0,54.84,56.46
275A,pass@9,6.0,11.0,14.0,28.0,17.0,42.0,53.56,171.67,7.64,1310.96,72.83,0.0572,0.0,20.0,20.0,0.0,54.36,55.97
275A,pass@7,6.0,11.0,14.0,28.0,17.0,42.0,53.56,171.67,7.64,1310.96,72.83,0.0572,0.0,20.0,20.0,0.0,54.36,55.97
275A,pass@14,5.0,11.0,14.0,28.0,16.0,42.0,49.66,168.0,6.36,1069.09,59.39,0.056,0.0,19.0,19.0,0.0,55.04,56.52
275A,pass@1,6.0,11.0,14.0,28.0,17.0,42.0,53.56,171.67,7.64,1310.96,72.83,0.0572,0.0,20.0,20.0,0.0,54.36,55.97
275A,pass@4,6.0,11.0,14.0,28.0,17.0,42.0,53.56,171.67,7.64,1310.96,72.83,0.0572,0.0,19.0,19.0,0.0,54.84,56.46
275A,pass@12,7.0,12.0,15.0,30.0,19.0,45.0,62.67,191.16,8.75,1672.62,92.92,0.0637,0.0,20.0,20.0,0.0,54.3,55.65
275A,pass@8,6.0,11.0,14.0,28.0,17.0,42.0,53.56,171.67,7.64,1310.96,72.83,0.0572,0.0,20.0,20.0,0.0,54.36,55.97
275A,pass@11,5.0,11.0,14.0,28.0,16.0,42.0,49.66,168.0,6.36,1069.09,59.39,0.056,0.0,19.0,19.0,0.0,55.04,56.52
275A,pass@17,6.0,11.0,14.0,28.0,17.0,42.0,53.56,171.67,7.64,1310.96,72.83,0.0572,0.0,19.0,19.0,0.0,54.84,56.46
275A,pass@27,5.0,11.0,14.0,28.0,16.0,42.0,49.66,168.0,6.36,1069.09,59.39,0.056,0.0,19.0,19.0,0.0,55.04,56.52
275A,pass@22,6.0,11.0,14.0,28.0,17.0,42.0,53.56,171.67,7.64,1310.96,72.83,0.0572,0.0,20.0,20.0,0.0,54.36,55.97
275A,pass@20,6.0,11.0,14.0,28.0,17.0,42.0,53.56,171.67,7.64,1310.96,72.83,0.0572,0.0,20.0,20.0,0.0,54.36,55.97
275A,pass@23,5.0,11.0,14.0,28.0,16.0,42.0,49.66,168.0,6.36,1069.09,59.39,0.056,0.0,19.0,19.0,0.0,55.04,56.52
275A,pass@18,5.0,11.0,14.0,28.0,16.0,42.0,49.66,168.0,6.36,1069.09,59.39,0.056,0.0,19.0,19.0,0.0,55.04,56.52
275A,pass@26,6.0,15.0,11.0,18.0,21.0,29.0,74.11,127.38,3.6,458.56,25.48,0.0425,0.0,15.0,15.0,6.67,73.17,74.51
275A,pass@28,6.0,11.0,14.0,28.0,17.0,42.0,53.56,171.67,7.64,1310.96,72.83,0.0572,0.0,20.0,20.0,0.0,54.36,55.97
275A,pass@19,6.0,11.0,14.0,28.0,17.0,42.0,53.56,171.67,7.64,1310.96,72.83,0.0572,0.0,20.0,20.0,0.0,54.36,55.97
275A,pass@30,6.0,11.0,14.0,28.0,17.0,42.0,53.56,171.67,7.64,1310.96,72.83,0.0572,0.0,19.0,19.0,0.0,54.84,56.46
275A,pass@25,7.0,12.0,15.0,30.0,19.0,45.0,62.67,191.16,8.75,1672.62,92.92,0.0637,0.0,20.0,20.0,0.0,54.3,55.65
275A,pass@29,5.0,11.0,14.0,28.0,16.0,42.0,49.66,168.0,6.36,1069.09,59.39,0.056,0.0,19.0,19.0,0.0,55.04,56.52
275A,pass@2,3.0,5.0,3.0,6.0,8.0,9.0,16.36,27.0,1.8,48.6,2.7,0.009,0.0,24.0,15.0,20.83,87.09,88.03
275A,pass@24,5.0,11.0,14.0,28.0,16.0,42.0,49.66,168.0,6.36,1069.09,59.39,0.056,0.0,19.0,19.0,0.0,55.04,56.52
275A,pass@31,5.0,13.0,15.0,30.0,18.0,45.0,59.72,187.65,5.77,1082.58,60.14,0.0625,0.0,19.0,19.0,0.0,54.98,56.19
275A,pass@21,8.0,16.0,13.0,22.0,24.0,35.0,88.0,160.47,5.5,882.61,49.03,0.0535,0.0,17.0,17.0,29.41,82.6,84.08
275A,pass@32,6.0,11.0,14.0,28.0,17.0,42.0,53.56,171.67,7.64,1310.96,72.83,0.0572,0.0,20.0,20.0,0.0,54.36,55.97
279A,pass@4,6.0,18.0,18.0,33.0,24.0,51.0,90.57,233.83,5.5,1286.08,71.45,0.0779,0.0,13.0,13.0,0.0,58.17,59.11
279A,pass@8,8.0,25.0,27.0,52.0,33.0,79.0,140.1,398.51,8.32,3315.58,184.2,0.1328,0.0,16.0,16.0,6.25,68.79,70.0
279A,pass@5,8.0,24.0,25.0,48.0,32.0,73.0,134.04,365.0,8.0,2920.0,162.22,0.1217,0.0,16.0,16.0,6.25,69.06,70.27
279A,pass@16,6.0,21.0,25.0,47.0,27.0,72.0,107.75,342.35,6.71,2298.65,127.7,0.1141,0.0,18.0,18.0,0.0,53.66,54.87
279A,pass@2,9.0,40.0,42.0,79.0,49.0,121.0,241.41,679.38,8.89,6037.99,335.44,0.2265,0.0,18.0,18.0,11.11,69.26,71.41
279A,pass@12,6.0,20.0,19.0,35.0,26.0,54.0,101.95,253.82,5.25,1332.57,74.03,0.0846,0.0,33.0,33.0,3.03,58.61,60.36
279A,pass@11,5.0,17.0,18.0,36.0,22.0,54.0,81.1,240.81,5.29,1274.87,70.83,0.0803,0.0,33.0,33.0,3.03,58.64,60.52
279A,pass@15,6.0,20.0,19.0,35.0,26.0,54.0,101.95,253.82,5.25,1332.57,74.03,0.0846,0.0,33.0,33.0,3.03,58.61,60.36
279A,pass@6,6.0,20.0,19.0,35.0,26.0,54.0,101.95,253.82,5.25,1332.57,74.03,0.0846,0.0,33.0,33.0,3.03,58.61,60.36
279A,pass@14,6.0,18.0,19.0,37.0,24.0,56.0,90.57,256.76,6.17,1583.34,87.96,0.0856,0.0,30.0,30.0,3.33,59.96,61.71
279A,pass@1,6.0,22.0,22.0,41.0,28.0,63.0,113.62,302.86,5.59,1693.28,94.07,0.101,0.0,35.0,35.0,2.86,56.96,58.98
279A,pass@3,6.0,22.0,23.0,42.0,28.0,65.0,113.62,312.48,5.73,1789.65,99.42,0.1042,0.0,36.0,36.0,2.78,56.33,58.48
279A,pass@10,7.0,36.0,42.0,86.0,43.0,128.0,205.77,694.56,8.36,5807.31,322.63,0.2315,0.0,31.0,28.0,3.23,56.34,59.17
279A,pass@7,7.0,33.0,44.0,79.0,40.0,123.0,186.12,654.6,8.38,5484.73,304.71,0.2182,0.0,47.0,47.0,0.0,41.12,43.81
279A,pass@13,10.0,43.0,56.0,105.0,53.0,161.0,266.55,922.2,12.21,11259.36,625.52,0.3074,0.0,52.0,52.0,1.92,46.33,50.09
279A,pass@17,6.0,20.0,19.0,35.0,26.0,54.0,101.95,253.82,5.25,1332.57,74.03,0.0846,0.0,35.0,35.0,2.86,57.63,59.51
279A,pass@19,7.0,27.0,30.0,56.0,34.0,86.0,148.03,437.52,7.26,3176.08,176.45,0.1458,0.0,18.0,18.0,11.11,71.41,72.75
279A,pass@9,8.0,49.0,54.0,107.0,57.0,161.0,299.12,939.1,8.73,8202.71,455.71,0.313,0.0,50.0,50.0,10.0,56.18,59.94
279A,pass@20,5.0,21.0,21.0,40.0,26.0,61.0,103.85,286.73,4.76,1365.37,75.85,0.0956,0.0,31.0,31.0,3.23,59.01,60.89
279A,pass@18,10.0,30.0,31.0,58.0,40.0,89.0,180.43,473.65,9.67,4578.63,254.37,0.1579,0.0,16.0,16.0,0.0,53.52,55.0
279A,pass@26,5.0,19.0,18.0,34.0,24.0,52.0,92.32,238.42,4.47,1066.61,59.26,0.0795,0.0,28.0,28.0,3.57,61.33,62.95
279A,pass@21,8.0,28.0,36.0,67.0,36.0,103.0,158.61,532.5,9.57,5096.81,283.16,0.1775,0.0,29.0,29.0,13.79,67.61,69.35
279A,pass@24,5.0,19.0,18.0,34.0,24.0,52.0,92.32,238.42,4.47,1066.61,59.26,0.0795,0.0,35.0,35.0,2.86,57.82,59.7
279A,pass@23,11.0,48.0,52.0,101.0,59.0,153.0,306.13,900.04,11.57,10416.14,578.67,0.3,0.0,18.0,18.0,0.0,49.91,51.93
279A,pass@25,5.0,19.0,19.0,38.0,24.0,57.0,92.32,261.34,5.0,1306.71,72.6,0.0871,0.0,28.0,28.0,3.57,61.19,62.67
279A,pass@27,5.0,19.0,19.0,38.0,24.0,57.0,92.32,261.34,5.0,1306.71,72.6,0.0871,0.0,28.0,28.0,3.57,61.19,62.67
279A,pass@29,5.0,19.0,18.0,34.0,24.0,52.0,92.32,238.42,4.47,1066.61,59.26,0.0795,0.0,29.0,29.0,3.45,60.81,62.43
279A,pass@30,7.0,25.0,25.0,48.0,32.0,73.0,135.75,365.0,6.72,2452.8,136.27,0.1217,0.0,16.0,16.0,0.0,54.72,55.79
279A,pass@32,8.0,26.0,32.0,62.0,34.0,94.0,146.21,478.22,9.54,4561.5,253.42,0.1594,0.0,18.0,18.0,0.0,52.51,53.85
279A,pass@22,6.0,44.0,59.0,112.0,50.0,171.0,255.72,965.1,7.64,7369.85,409.44,0.3217,0.0,51.0,51.0,1.96,46.18,50.22
279A,pass@31,7.0,40.0,58.0,112.0,47.0,170.0,232.53,944.28,9.8,9253.95,514.11,0.3148,0.0,67.0,67.0,1.49,43.29,46.66
279A,pass@28,10.0,84.0,106.0,211.0,94.0,317.0,570.17,2077.8,12.56,26096.24,1449.79,0.6926,0.0,81.0,81.0,12.35,47.47,54.6
28A,pass@3,8.0,37.0,27.0,49.0,45.0,76.0,216.75,417.38,5.3,2210.99,122.83,0.1391,8.0,37.0,37.0,0.0,46.23,46.37
28A,pass@9,8.0,23.0,17.0,30.0,31.0,47.0,128.04,232.85,5.22,1214.86,67.49,0.0776,11.0,38.0,38.0,10.53,65.69,65.69
28A,pass@11,10.0,30.0,22.0,41.0,40.0,63.0,180.43,335.28,6.83,2291.09,127.28,0.1118,11.0,39.0,39.0,15.38,67.36,67.36
28A,pass@7,9.0,21.0,15.0,27.0,30.0,42.0,120.77,206.09,5.79,1192.37,66.24,0.0687,11.0,42.0,42.0,16.67,68.8,68.8
28A,pass@1,8.0,20.0,15.0,27.0,28.0,42.0,110.44,201.91,5.4,1090.31,60.57,0.0673,10.0,44.0,44.0,15.91,68.17,68.17
28A,pass@14,8.0,35.0,34.0,60.0,43.0,94.0,203.52,510.07,6.86,3497.62,194.31,0.17,15.0,55.0,55.0,7.27,56.56,56.56
28A,pass@13,10.0,39.0,38.0,68.0,49.0,106.0,239.35,595.16,8.72,5188.57,288.25,0.1984,25.0,77.0,77.0,14.29,56.69,56.69
28A,pass@8,7.0,22.0,16.0,31.0,29.0,47.0,117.76,228.33,4.93,1126.06,62.56,0.0761,10.0,46.0,46.0,36.96,73.7,73.7
28A,pass@5,10.0,39.0,37.0,71.0,49.0,108.0,239.35,606.39,9.1,5519.69,306.65,0.2021,25.0,83.0,83.0,10.84,53.73,53.73
28A,pass@10,9.0,27.0,21.0,40.0,36.0,61.0,156.91,315.37,6.67,2102.44,116.8,0.1051,11.0,47.0,47.0,42.55,73.09,73.09
28A,pass@12,10.0,66.0,56.0,103.0,76.0,159.0,432.15,993.42,7.8,7751.69,430.65,0.3311,19.0,72.0,72.0,9.72,53.41,53.55
28A,pass@20,8.0,23.0,17.0,30.0,31.0,47.0,128.04,232.85,5.22,1214.86,67.49,0.0776,11.0,38.0,38.0,7.89,63.56,63.56
28A,pass@2,11.0,33.0,24.0,45.0,44.0,69.0,204.52,376.7,7.5,2825.26,156.96,0.1256,16.0,61.0,61.0,37.7,68.81,68.81
28A,pass@4,6.0,22.0,20.0,38.0,28.0,58.0,113.62,278.83,5.18,1444.83,80.27,0.0929,24.0,93.0,93.0,19.35,59.82,59.82
28A,pass@6,9.0,29.0,24.0,44.0,38.0,68.0,169.41,356.86,6.83,2436.49,135.36,0.119,10.0,38.0,38.0,71.05,75.11,75.11
28A,pass@15,10.0,41.0,37.0,72.0,51.0,109.0,252.88,618.29,8.78,5428.93,301.61,0.2061,21.0,72.0,72.0,23.61,61.83,61.83
28A,pass@21,8.0,37.0,38.0,67.0,45.0,105.0,216.75,576.64,7.24,4176.78,232.04,0.1922,16.0,58.0,58.0,6.9,55.19,55.19
28A,pass@17,11.0,39.0,35.0,62.0,50.0,97.0,244.18,547.45,8.74,4786.71,265.93,0.1825,17.0,63.0,63.0,22.22,63.52,63.52
28A,pass@18,10.0,29.0,25.0,47.0,39.0,72.0,174.1,380.55,8.1,3083.76,171.32,0.1268,18.0,63.0,63.0,26.98,66.0,66.0
28A,pass@27,8.0,24.0,20.0,36.0,32.0,56.0,134.04,280.0,6.0,1680.0,93.33,0.0933,8.0,34.0,34.0,20.59,72.0,72.0
28A,pass@16,11.0,62.0,52.0,99.0,73.0,151.0,407.21,934.66,8.78,8208.46,456.03,0.3116,26.0,130.0,132.0,10.77,47.56,47.83
28A,pass@25,10.0,33.0,28.0,51.0,43.0,79.0,199.68,428.67,7.73,3312.49,184.03,0.1429,13.0,49.0,49.0,10.2,60.92,60.92
28A,pass@23,8.0,34.0,39.0,70.0,42.0,109.0,196.97,587.76,8.24,4840.4,268.91,0.1959,15.0,59.0,59.0,10.17,57.91,57.91
28A,pass@24,8.0,38.0,39.0,68.0,46.0,107.0,223.42,591.02,7.16,4230.47,235.03,0.197,15.0,57.0,57.0,14.04,60.76,60.76
28A,pass@31,10.0,29.0,22.0,40.0,39.0,62.0,174.1,327.69,6.9,2259.97,125.55,0.1092,9.0,36.0,36.0,13.89,67.63,67.63
28A,pass@26,6.0,24.0,25.0,44.0,30.0,69.0,125.55,338.58,5.5,1862.16,103.45,0.1129,13.0,55.0,55.0,16.36,64.31,64.31
28A,pass@22,13.0,34.0,29.0,56.0,47.0,85.0,221.08,472.14,10.71,5054.68,280.82,0.1574,22.0,73.0,73.0,38.36,65.71,65.71
28A,pass@32,8.0,20.0,18.0,34.0,28.0,52.0,110.44,249.98,6.8,1699.88,94.44,0.0833,13.0,55.0,59.0,12.73,62.53,62.53
28A,pass@30,10.0,34.0,30.0,52.0,44.0,82.0,206.19,447.67,7.65,3423.38,190.19,0.1492,17.0,65.0,65.0,27.69,65.53,65.53
28A,pass@28,12.0,37.0,33.0,63.0,49.0,96.0,235.77,539.01,10.22,5506.66,305.93,0.1797,21.0,66.0,66.0,27.27,64.17,64.17
28A,pass@19,9.0,54.0,51.0,94.0,63.0,145.0,339.29,866.71,7.83,6789.19,377.18,0.2889,32.0,118.0,124.0,28.81,55.68,55.68
28A,pass@29,13.0,48.0,43.0,80.0,61.0,123.0,316.18,729.48,10.83,7902.71,439.04,0.2432,26.0,91.0,91.0,21.98,57.86,57.86
28B,pass@1,5.0,14.0,10.0,20.0,19.0,30.0,64.91,127.44,3.57,455.14,25.29,0.0425,4.0,26.0,26.0,0.0,53.05,53.85
28B,pass@3,5.0,14.0,10.0,20.0,19.0,30.0,64.91,127.44,3.57,455.14,25.29,0.0425,4.0,26.0,26.0,0.0,53.05,53.85
28B,pass@14,5.0,14.0,8.0,16.0,19.0,24.0,64.91,101.95,2.86,291.29,16.18,0.034,4.0,28.0,28.0,0.0,53.02,53.83
28B,pass@12,5.0,14.0,10.0,20.0,19.0,30.0,64.91,127.44,3.57,455.14,25.29,0.0425,4.0,26.0,26.0,0.0,53.05,53.85
28B,pass@8,5.0,14.0,10.0,20.0,19.0,30.0,64.91,127.44,3.57,455.14,25.29,0.0425,4.0,26.0,26.0,0.0,53.05,53.85
28B,pass@16,5.0,12.0,14.0,28.0,17.0,42.0,54.63,171.67,5.83,1001.43,55.63,0.0572,4.0,26.0,26.0,0.0,52.14,52.95
28B,pass@10,5.0,12.0,12.0,24.0,17.0,36.0,54.63,147.15,5.0,735.74,40.87,0.049,4.0,28.0,28.0,0.0,51.91,52.72
28B,pass@13,5.0,13.0,10.0,20.0,18.0,30.0,59.72,125.1,3.85,481.15,26.73,0.0417,4.0,31.0,31.0,0.0,51.44,52.24
28B,pass@11,5.0,16.0,17.0,34.0,21.0,51.0,75.61,224.01,5.31,1190.04,66.11,0.0747,4.0,26.0,26.0,0.0,51.33,52.14
28B,pass@4,5.0,12.0,14.0,28.0,17.0,42.0,54.63,171.67,5.83,1001.43,55.63,0.0572,4.0,26.0,26.0,0.0,52.14,52.95
28B,pass@15,5.0,12.0,14.0,28.0,17.0,42.0,54.63,171.67,5.83,1001.43,55.63,0.0572,4.0,26.0,26.0,0.0,52.14,52.95
28B,pass@6,5.0,12.0,12.0,24.0,17.0,36.0,54.63,147.15,5.0,735.74,40.87,0.049,4.0,28.0,28.0,0.0,51.91,52.72
28B,pass@9,5.0,13.0,10.0,20.0,18.0,30.0,59.72,125.1,3.85,481.15,26.73,0.0417,4.0,31.0,31.0,3.23,62.07,62.88
28B,pass@2,5.0,12.0,14.0,28.0,17.0,42.0,54.63,171.67,5.83,1001.43,55.63,0.0572,4.0,26.0,26.0,0.0,52.14,52.95
28B,pass@7,5.0,13.0,10.0,20.0,18.0,30.0,59.72,125.1,3.85,481.15,26.73,0.0417,4.0,31.0,31.0,3.23,62.07,62.88
28B,pass@19,5.0,12.0,12.0,24.0,17.0,36.0,54.63,147.15,5.0,735.74,40.87,0.049,4.0,28.0,28.0,0.0,51.91,52.72
28B,pass@18,5.0,12.0,12.0,24.0,17.0,36.0,54.63,147.15,5.0,735.74,40.87,0.049,4.0,28.0,28.0,0.0,51.91,52.72
28B,pass@17,5.0,12.0,14.0,28.0,17.0,42.0,54.63,171.67,5.83,1001.43,55.63,0.0572,4.0,26.0,26.0,0.0,52.14,52.95
28B,pass@24,5.0,14.0,10.0,20.0,19.0,30.0,64.91,127.44,3.57,455.14,25.29,0.0425,4.0,26.0,26.0,0.0,53.05,53.85
28B,pass@21,5.0,14.0,10.0,20.0,19.0,30.0,64.91,127.44,3.57,455.14,25.29,0.0425,4.0,26.0,26.0,0.0,53.05,53.85
28B,pass@28,5.0,14.0,10.0,20.0,19.0,30.0,64.91,127.44,3.57,455.14,25.29,0.0425,4.0,26.0,26.0,0.0,53.05,53.85
28B,pass@26,5.0,14.0,10.0,20.0,19.0,30.0,64.91,127.44,3.57,455.14,25.29,0.0425,4.0,26.0,26.0,0.0,53.05,53.85
28B,pass@23,5.0,14.0,13.0,26.0,19.0,39.0,64.91,165.67,4.64,769.18,42.73,0.0552,4.0,28.0,28.0,0.0,51.55,52.35
28B,pass@22,5.0,12.0,12.0,24.0,17.0,36.0,54.63,147.15,5.0,735.74,40.87,0.049,4.0,28.0,28.0,0.0,51.91,52.72
28B,pass@20,5.0,13.0,10.0,20.0,18.0,30.0,59.72,125.1,3.85,481.15,26.73,0.0417,4.0,31.0,31.0,3.23,62.07,62.88
28B,pass@25,5.0,14.0,10.0,20.0,19.0,30.0,64.91,127.44,3.57,455.14,25.29,0.0425,4.0,26.0,26.0,0.0,53.05,53.85
28B,pass@30,5.0,14.0,8.0,16.0,19.0,24.0,64.91,101.95,2.86,291.29,16.18,0.034,4.0,28.0,28.0,0.0,53.02,53.83
28B,pass@31,5.0,12.0,14.0,28.0,17.0,42.0,54.63,171.67,5.83,1001.43,55.63,0.0572,4.0,26.0,26.0,0.0,52.14,52.95
28B,pass@29,5.0,12.0,14.0,28.0,17.0,42.0,54.63,171.67,5.83,1001.43,55.63,0.0572,4.0,26.0,26.0,0.0,52.14,52.95
28B,pass@27,5.0,12.0,12.0,24.0,17.0,36.0,54.63,147.15,5.0,735.74,40.87,0.049,4.0,28.0,28.0,0.0,51.91,52.72
28B,pass@32,5.0,14.0,10.0,20.0,19.0,30.0,64.91,127.44,3.57,455.14,25.29,0.0425,4.0,26.0,26.0,0.0,53.05,53.85
282B,pass@3,4.0,9.0,8.0,15.0,13.0,23.0,36.53,85.11,3.33,283.7,15.76,0.0284,0.0,19.0,19.0,0.0,57.92,58.59
282B,pass@9,4.0,10.0,8.0,15.0,14.0,23.0,41.22,87.57,3.0,262.71,14.59,0.0292,0.0,21.0,21.0,0.0,56.88,57.56
282B,pass@2,4.0,10.0,9.0,17.0,14.0,26.0,41.22,98.99,3.4,336.57,18.7,0.033,0.0,19.0,19.0,0.0,57.46,58.13
282B,pass@16,4.0,10.0,9.0,17.0,14.0,26.0,41.22,98.99,3.4,336.57,18.7,0.033,0.0,19.0,19.0,0.0,57.46,58.13
282B,pass@6,4.0,10.0,8.0,15.0,14.0,23.0,41.22,87.57,3.0,262.71,14.59,0.0292,0.0,21.0,21.0,0.0,56.88,57.56
282B,pass@1,4.0,12.0,9.0,17.0,16.0,26.0,51.02,104.0,2.83,294.67,16.37,0.0347,0.0,25.0,25.0,0.0,54.58,55.38
282B,pass@13,5.0,7.0,6.0,11.0,12.0,17.0,31.26,60.94,3.93,239.42,13.3,0.0203,0.0,26.0,26.0,0.0,55.83,56.64
282B,pass@12,4.0,12.0,9.0,17.0,16.0,26.0,51.02,104.0,2.83,294.67,16.37,0.0347,0.0,25.0,25.0,0.0,54.58,55.38
282B,pass@7,4.0,13.0,12.0,22.0,17.0,34.0,56.11,138.97,3.38,470.37,26.13,0.0463,0.0,24.0,24.0,0.0,54.08,54.89
282B,pass@10,4.0,11.0,12.0,22.0,15.0,34.0,46.05,132.83,4.0,531.34,29.52,0.0443,0.0,22.0,22.0,0.0,55.04,55.85
282B,pass@11,4.0,13.0,12.0,22.0,17.0,34.0,56.11,138.97,3.38,470.37,26.13,0.0463,0.0,24.0,24.0,0.0,54.08,54.89
282B,pass@14,4.0,13.0,12.0,22.0,17.0,34.0,56.11,138.97,3.38,470.37,26.13,0.0463,0.0,24.0,24.0,0.0,54.08,54.89
282B,pass@8,4.0,12.0,9.0,17.0,16.0,26.0,51.02,104.0,2.83,294.67,16.37,0.0347,0.0,25.0,25.0,0.0,54.58,55.38
282B,pass@5,4.0,12.0,9.0,17.0,16.0,26.0,51.02,104.0,2.83,294.67,16.37,0.0347,0.0,25.0,25.0,0.0,54.58,55.38
282B,pass@15,5.0,13.0,12.0,23.0,18.0,35.0,59.72,145.95,4.42,645.54,35.86,0.0486,0.0,27.0,27.0,0.0,52.68,53.62
282B,pass@4,4.0,13.0,12.0,22.0,17.0,34.0,56.11,138.97,3.38,470.37,26.13,0.0463,0.0,24.0,24.0,0.0,54.08,54.89
282B,pass@17,4.0,13.0,12.0,22.0,17.0,34.0,56.11,138.97,3.38,470.37,26.13,0.0463,0.0,24.0,24.0,0.0,54.08,54.89
282B,pass@19,5.0,9.0,8.0,15.0,14.0,23.0,40.14,87.57,4.17,364.87,20.27,0.0292,0.0,19.0,19.0,0.0,57.83,58.5
282B,pass@20,4.0,12.0,9.0,17.0,16.0,26.0,51.02,104.0,2.83,294.67,16.37,0.0347,0.0,21.0,21.0,0.0,56.36,57.03
282B,pass@18,4.0,12.0,9.0,17.0,16.0,26.0,51.02,104.0,2.83,294.67,16.37,0.0347,0.0,21.0,21.0,0.0,56.36,57.03
282B,pass@22,4.0,12.0,9.0,17.0,16.0,26.0,51.02,104.0,2.83,294.67,16.37,0.0347,0.0,21.0,21.0,0.0,56.36,57.03
282B,pass@21,4.0,12.0,9.0,17.0,16.0,26.0,51.02,104.0,2.83,294.67,16.37,0.0347,0.0,21.0,21.0,0.0,56.36,57.03
282B,pass@26,4.0,10.0,9.0,17.0,14.0,26.0,41.22,98.99,3.4,336.57,18.7,0.033,0.0,19.0,19.0,0.0,57.46,58.13
282B,pass@23,4.0,12.0,9.0,17.0,16.0,26.0,51.02,104.0,2.83,294.67,16.37,0.0347,0.0,25.0,25.0,0.0,54.58,55.38
282B,pass@24,4.0,10.0,8.0,15.0,14.0,23.0,41.22,87.57,3.0,262.71,14.59,0.0292,0.0,21.0,21.0,0.0,56.88,57.56
282B,pass@27,4.0,10.0,9.0,17.0,14.0,26.0,41.22,98.99,3.4,336.57,18.7,0.033,0.0,19.0,19.0,0.0,57.46,58.13
282B,pass@28,4.0,11.0,12.0,22.0,15.0,34.0,46.05,132.83,4.0,531.34,29.52,0.0443,0.0,22.0,22.0,0.0,55.04,55.85
282B,pass@31,4.0,7.0,6.0,11.0,11.0,17.0,27.65,58.81,3.14,184.83,10.27,0.0196,0.0,22.0,22.0,0.0,57.65,58.33
282B,pass@32,4.0,10.0,9.0,17.0,14.0,26.0,41.22,98.99,3.4,336.57,18.7,0.033,0.0,19.0,19.0,0.0,57.46,58.13
282B,pass@25,5.0,13.0,12.0,22.0,18.0,34.0,59.72,141.78,4.23,599.83,33.32,0.0473,0.0,24.0,24.0,4.17,66.02,66.83
282B,pass@30,4.0,10.0,8.0,15.0,14.0,23.0,41.22,87.57,3.0,262.71,14.59,0.0292,0.0,21.0,21.0,0.0,56.88,57.56
282B,pass@29,4.0,10.0,8.0,15.0,14.0,23.0,41.22,87.57,3.0,262.71,14.59,0.0292,0.0,21.0,21.0,0.0,56.88,57.56
283A,pass@7,7.0,21.0,16.0,32.0,28.0,48.0,111.89,230.75,5.33,1230.68,68.37,0.0769,10.0,37.0,37.0,0.0,47.76,47.9
283A,pass@16,7.0,21.0,16.0,32.0,28.0,48.0,111.89,230.75,5.33,1230.68,68.37,0.0769,9.0,33.0,33.0,0.0,48.98,49.12
283A,pass@11,7.0,20.0,18.0,35.0,27.0,53.0,106.09,252.01,6.12,1543.56,85.75,0.084,7.0,34.0,34.0,0.0,48.7,48.84
283A,pass@4,7.0,23.0,21.0,42.0,30.0,63.0,123.69,309.13,6.39,1975.77,109.77,0.103,11.0,42.0,42.0,0.0,45.54,45.67
283A,pass@9,9.0,22.0,23.0,45.0,31.0,68.0,126.64,336.89,9.2,3100.88,172.27,0.1123,12.0,42.0,42.0,0.0,45.14,45.28
283A,pass@8,8.0,23.0,23.0,45.0,31.0,68.0,128.04,336.89,7.83,2636.49,146.47,0.1123,12.0,42.0,42.0,0.0,45.14,45.28
283A,pass@2,7.0,26.0,24.0,48.0,33.0,72.0,141.86,363.2,6.46,2346.81,130.38,0.1211,9.0,41.0,41.0,0.0,45.55,45.68
283A,pass@10,8.0,24.0,17.0,34.0,32.0,51.0,134.04,255.0,5.67,1445.0,80.28,0.085,10.0,33.0,33.0,0.0,48.55,48.68
283A,pass@1,7.0,24.0,22.0,44.0,31.0,66.0,129.69,326.98,6.42,2098.1,116.56,0.109,9.0,39.0,39.0,0.0,46.34,46.48
283A,pass@6,8.0,23.0,21.0,42.0,31.0,63.0,128.04,312.11,7.3,2279.79,126.66,0.104,12.0,40.0,40.0,0.0,45.84,45.97
283A,pass@15,9.0,26.0,25.0,49.0,35.0,74.0,150.74,379.57,8.48,3219.02,178.83,0.1265,9.0,39.0,39.0,2.56,55.41,55.55
283A,pass@3,8.0,24.0,22.0,44.0,32.0,66.0,134.04,330.0,7.33,2420.0,134.44,0.11,10.0,40.0,40.0,0.0,45.94,46.07
283A,pass@5,8.0,24.0,22.0,44.0,32.0,66.0,134.04,330.0,7.33,2420.0,134.44,0.11,11.0,41.0,41.0,0.0,45.57,45.7
283A,pass@12,8.0,21.0,21.0,41.0,29.0,62.0,116.24,301.19,7.81,2352.19,130.68,0.1004,10.0,42.0,42.0,0.0,45.75,45.89
283A,pass@13,9.0,25.0,29.0,53.0,34.0,82.0,144.63,417.17,9.54,3979.82,221.1,0.1391,14.0,41.0,41.0,0.0,44.45,44.59
283A,pass@14,7.0,24.0,21.0,42.0,31.0,63.0,129.69,312.11,6.12,1911.7,106.21,0.104,8.0,38.0,38.0,0.0,46.86,47.0
283A,pass@20,7.0,18.0,14.0,28.0,25.0,42.0,94.71,195.04,5.44,1061.9,58.99,0.065,7.0,30.0,30.0,0.0,50.67,50.8
283A,pass@17,8.0,23.0,17.0,34.0,31.0,51.0,128.04,252.66,5.91,1494.01,83.0,0.0842,11.0,33.0,33.0,0.0,48.44,48.57
283A,pass@19,9.0,20.0,20.0,38.0,29.0,58.0,114.97,281.76,8.55,2409.07,133.84,0.0939,9.0,39.0,39.0,0.0,46.79,46.93
283A,pass@18,7.0,23.0,17.0,34.0,30.0,51.0,123.69,250.25,5.17,1294.78,71.93,0.0834,11.0,36.0,36.0,0.0,47.64,47.78
283A,pass@26,8.0,24.0,18.0,36.0,32.0,54.0,134.04,270.0,6.0,1620.0,90.0,0.09,10.0,36.0,36.0,0.0,47.55,47.68
283A,pass@31,7.0,18.0,14.0,28.0,25.0,42.0,94.71,195.04,5.44,1061.9,58.99,0.065,7.0,30.0,30.0,0.0,50.67,50.8
283A,pass@21,8.0,27.0,23.0,46.0,35.0,69.0,152.38,353.92,6.81,2411.9,133.99,0.118,10.0,40.0,40.0,0.0,45.73,45.86
283A,pass@29,7.0,22.0,20.0,40.0,29.0,60.0,117.76,291.48,6.36,1854.87,103.05,0.0972,9.0,36.0,36.0,0.0,47.45,47.58
283A,pass@24,8.0,22.0,18.0,36.0,30.0,54.0,122.11,264.97,6.55,1734.36,96.35,0.0883,9.0,38.0,38.0,0.0,47.23,47.36
283A,pass@27,9.0,22.0,23.0,45.0,31.0,68.0,126.64,336.89,9.2,3100.88,172.27,0.1123,9.0,41.0,41.0,0.0,45.78,45.91
283A,pass@23,8.0,21.0,17.0,33.0,29.0,50.0,116.24,242.9,6.29,1526.79,84.82,0.081,9.0,35.0,35.0,2.86,58.3,58.44
283A,pass@28,8.0,26.0,23.0,46.0,34.0,69.0,146.21,351.03,7.08,2484.25,138.01,0.117,11.0,40.0,40.0,0.0,45.62,45.75
283A,pass@32,8.0,20.0,19.0,38.0,28.0,57.0,110.44,274.02,7.6,2082.55,115.7,0.0913,8.0,38.0,38.0,0.0,47.26,47.39
283A,pass@25,8.0,23.0,23.0,45.0,31.0,68.0,128.04,336.89,7.83,2636.49,146.47,0.1123,11.0,42.0,42.0,0.0,45.28,45.41
283A,pass@22,10.0,23.0,26.0,51.0,33.0,77.0,137.26,388.42,11.09,4306.38,239.24,0.1295,11.0,45.0,45.0,0.0,44.19,44.33
283A,pass@30,8.0,25.0,19.0,38.0,33.0,57.0,140.1,287.53,6.08,1748.19,97.12,0.0958,11.0,37.0,37.0,2.7,56.73,56.86
284A,pass@5,7.0,13.0,12.0,24.0,20.0,36.0,67.76,155.59,6.46,1005.35,55.85,0.0519,7.0,20.0,20.0,10.0,73.15,73.15
284A,pass@16,7.0,13.0,12.0,24.0,20.0,36.0,67.76,155.59,6.46,1005.35,55.85,0.0519,7.0,20.0,20.0,10.0,73.15,73.15
284A,pass@13,6.0,13.0,12.0,24.0,19.0,36.0,63.62,152.93,5.54,846.97,47.05,0.051,10.0,26.0,26.0,3.85,64.05,64.05
284A,pass@11,7.0,13.0,12.0,24.0,20.0,36.0,67.76,155.59,6.46,1005.35,55.85,0.0519,7.0,20.0,20.0,10.0,73.15,73.15
284A,pass@14,7.0,13.0,12.0,24.0,20.0,36.0,67.76,155.59,6.46,1005.35,55.85,0.0519,7.0,20.0,20.0,10.0,73.15,73.15
284A,pass@10,6.0,11.0,11.0,22.0,17.0,33.0,53.56,134.89,6.0,809.32,44.96,0.045,8.0,21.0,21.0,9.52,72.62,72.62
284A,pass@8,6.0,11.0,11.0,22.0,17.0,33.0,53.56,134.89,6.0,809.32,44.96,0.045,8.0,21.0,21.0,9.52,72.62,72.62
284A,pass@1,7.0,14.0,12.0,24.0,21.0,36.0,72.95,158.12,6.0,948.74,52.71,0.0527,3.0,26.0,26.0,7.69,69.23,69.23
284A,pass@2,7.0,13.0,12.0,24.0,20.0,36.0,67.76,155.59,6.46,1005.35,55.85,0.0519,7.0,20.0,20.0,10.0,73.15,73.15
284A,pass@6,7.0,13.0,12.0,24.0,20.0,36.0,67.76,155.59,6.46,1005.35,55.85,0.0519,7.0,21.0,21.0,9.52,72.32,72.32
284A,pass@12,7.0,14.0,13.0,26.0,21.0,39.0,72.95,171.3,6.5,1113.45,61.86,0.0571,11.0,28.0,28.0,7.14,66.69,66.69
284A,pass@4,7.0,14.0,13.0,26.0,21.0,39.0,72.95,171.3,6.5,1113.45,61.86,0.0571,11.0,28.0,28.0,7.14,66.69,66.69
284A,pass@7,7.0,14.0,13.0,26.0,21.0,39.0,72.95,171.3,6.5,1113.45,61.86,0.0571,11.0,28.0,28.0,7.14,66.69,66.69
284A,pass@3,6.0,11.0,11.0,22.0,17.0,33.0,53.56,134.89,6.0,809.32,44.96,0.045,8.0,21.0,21.0,9.52,72.62,72.62
284A,pass@9,6.0,13.0,12.0,24.0,19.0,36.0,63.62,152.93,5.54,846.97,47.05,0.051,10.0,26.0,26.0,15.38,73.73,73.73
284A,pass@15,7.0,14.0,13.0,26.0,21.0,39.0,72.95,171.3,6.5,1113.45,61.86,0.0571,11.0,28.0,28.0,14.29,71.94,71.94
284A,pass@18,7.0,13.0,12.0,24.0,20.0,36.0,67.76,155.59,6.46,1005.35,55.85,0.0519,7.0,20.0,20.0,5.0,68.4,68.4
284A,pass@20,7.0,13.0,12.0,24.0,20.0,36.0,67.76,155.59,6.46,1005.35,55.85,0.0519,7.0,20.0,20.0,10.0,73.15,73.15
284A,pass@17,7.0,13.0,12.0,24.0,20.0,36.0,67.76,155.59,6.46,1005.35,55.85,0.0519,7.0,20.0,20.0,10.0,73.15,73.15
284A,pass@25,7.0,13.0,12.0,24.0,20.0,36.0,67.76,155.59,6.46,1005.35,55.85,0.0519,7.0,20.0,20.0,10.0,73.15,73.15
284A,pass@28,7.0,13.0,12.0,24.0,20.0,36.0,67.76,155.59,6.46,1005.35,55.85,0.0519,7.0,20.0,20.0,5.0,68.4,68.4
284A,pass@24,7.0,14.0,13.0,26.0,21.0,39.0,72.95,171.3,6.5,1113.45,61.86,0.0571,11.0,28.0,28.0,7.14,66.69,66.69
284A,pass@19,7.0,14.0,13.0,26.0,21.0,39.0,72.95,171.3,6.5,1113.45,61.86,0.0571,11.0,28.0,28.0,7.14,66.69,66.69
284A,pass@21,7.0,14.0,13.0,26.0,21.0,39.0,72.95,171.3,6.5,1113.45,61.86,0.0571,11.0,29.0,29.0,6.9,66.12,66.12
284A,pass@23,7.0,14.0,13.0,26.0,21.0,39.0,72.95,171.3,6.5,1113.45,61.86,0.0571,11.0,28.0,28.0,7.14,66.69,66.69
284A,pass@27,7.0,13.0,12.0,24.0,20.0,36.0,67.76,155.59,6.46,1005.35,55.85,0.0519,7.0,20.0,20.0,10.0,73.15,73.15
284A,pass@29,6.0,13.0,12.0,24.0,19.0,36.0,63.62,152.93,5.54,846.97,47.05,0.051,10.0,26.0,26.0,3.85,64.05,64.05
284A,pass@22,7.0,14.0,13.0,26.0,21.0,39.0,72.95,171.3,6.5,1113.45,61.86,0.0571,11.0,28.0,28.0,7.14,66.69,66.69
284A,pass@26,6.0,13.0,12.0,24.0,19.0,36.0,63.62,152.93,5.54,846.97,47.05,0.051,10.0,27.0,27.0,3.7,63.49,63.49
284A,pass@30,7.0,13.0,12.0,24.0,20.0,36.0,67.76,155.59,6.46,1005.35,55.85,0.0519,7.0,20.0,20.0,10.0,73.15,73.15
284A,pass@31,7.0,14.0,13.0,26.0,21.0,39.0,72.95,171.3,6.5,1113.45,61.86,0.0571,11.0,28.0,28.0,7.14,66.69,66.69
284A,pass@32,7.0,14.0,13.0,26.0,21.0,39.0,72.95,171.3,6.5,1113.45,61.86,0.0571,11.0,28.0,28.0,7.14,66.69,66.69
285C,pass@15,2.0,6.0,3.0,6.0,8.0,9.0,17.51,27.0,1.0,27.0,1.5,0.009,0.0,7.0,7.0,0.0,71.27,71.54
285C,pass@5,2.0,6.0,3.0,6.0,8.0,9.0,17.51,27.0,1.0,27.0,1.5,0.009,0.0,7.0,7.0,0.0,71.27,71.54
285C,pass@7,2.0,6.0,3.0,6.0,8.0,9.0,17.51,27.0,1.0,27.0,1.5,0.009,0.0,7.0,7.0,0.0,71.27,71.54
285C,pass@9,2.0,6.0,3.0,6.0,8.0,9.0,17.51,27.0,1.0,27.0,1.5,0.009,0.0,7.0,7.0,0.0,71.27,71.54
285C,pass@10,2.0,6.0,3.0,6.0,8.0,9.0,17.51,27.0,1.0,27.0,1.5,0.009,0.0,7.0,7.0,0.0,71.27,71.54
285C,pass@6,2.0,6.0,3.0,6.0,8.0,9.0,17.51,27.0,1.0,27.0,1.5,0.009,0.0,7.0,7.0,0.0,71.27,71.54
285C,pass@12,2.0,6.0,3.0,6.0,8.0,9.0,17.51,27.0,1.0,27.0,1.5,0.009,0.0,7.0,7.0,0.0,71.27,71.54
285C,pass@16,2.0,6.0,3.0,6.0,8.0,9.0,17.51,27.0,1.0,27.0,1.5,0.009,0.0,7.0,7.0,0.0,71.27,71.54
285C,pass@2,2.0,6.0,3.0,6.0,8.0,9.0,17.51,27.0,1.0,27.0,1.5,0.009,0.0,7.0,7.0,0.0,71.27,71.54
285C,pass@11,2.0,6.0,3.0,6.0,8.0,9.0,17.51,27.0,1.0,27.0,1.5,0.009,0.0,7.0,7.0,0.0,71.27,71.54
285C,pass@4,2.0,6.0,3.0,6.0,8.0,9.0,17.51,27.0,1.0,27.0,1.5,0.009,0.0,8.0,8.0,0.0,70.01,70.28
285C,pass@13,2.0,6.0,3.0,6.0,8.0,9.0,17.51,27.0,1.0,27.0,1.5,0.009,0.0,7.0,7.0,0.0,71.27,71.54
285C,pass@14,2.0,6.0,3.0,6.0,8.0,9.0,17.51,27.0,1.0,27.0,1.5,0.009,0.0,7.0,7.0,0.0,71.27,71.54
285C,pass@3,2.0,6.0,3.0,6.0,8.0,9.0,17.51,27.0,1.0,27.0,1.5,0.009,0.0,7.0,7.0,0.0,71.27,71.54
285C,pass@8,2.0,6.0,3.0,6.0,8.0,9.0,17.51,27.0,1.0,27.0,1.5,0.009,0.0,7.0,7.0,0.0,71.27,71.54
285C,pass@1,2.0,6.0,3.0,6.0,8.0,9.0,17.51,27.0,1.0,27.0,1.5,0.009,0.0,7.0,7.0,0.0,71.27,71.54
285C,pass@17,2.0,6.0,3.0,6.0,8.0,9.0,17.51,27.0,1.0,27.0,1.5,0.009,0.0,7.0,7.0,0.0,71.27,71.54
285C,pass@19,2.0,6.0,3.0,6.0,8.0,9.0,17.51,27.0,1.0,27.0,1.5,0.009,0.0,7.0,7.0,0.0,71.27,71.54
285C,pass@20,2.0,6.0,3.0,6.0,8.0,9.0,17.51,27.0,1.0,27.0,1.5,0.009,0.0,7.0,7.0,0.0,71.27,71.54
285C,pass@30,2.0,6.0,3.0,6.0,8.0,9.0,17.51,27.0,1.0,27.0,1.5,0.009,0.0,7.0,7.0,0.0,71.27,71.54
285C,pass@21,2.0,6.0,3.0,6.0,8.0,9.0,17.51,27.0,1.0,27.0,1.5,0.009,0.0,7.0,7.0,0.0,71.27,71.54
285C,pass@29,2.0,6.0,3.0,6.0,8.0,9.0,17.51,27.0,1.0,27.0,1.5,0.009,0.0,7.0,7.0,0.0,71.27,71.54
285C,pass@24,2.0,6.0,3.0,6.0,8.0,9.0,17.51,27.0,1.0,27.0,1.5,0.009,0.0,7.0,7.0,0.0,71.27,71.54
285C,pass@22,2.0,6.0,3.0,6.0,8.0,9.0,17.51,27.0,1.0,27.0,1.5,0.009,0.0,7.0,7.0,0.0,71.27,71.54
285C,pass@23,2.0,6.0,3.0,6.0,8.0,9.0,17.51,27.0,1.0,27.0,1.5,0.009,0.0,7.0,7.0,0.0,71.27,71.54
285C,pass@27,2.0,6.0,3.0,6.0,8.0,9.0,17.51,27.0,1.0,27.0,1.5,0.009,0.0,7.0,7.0,0.0,71.27,71.54
285C,pass@25,2.0,6.0,3.0,6.0,8.0,9.0,17.51,27.0,1.0,27.0,1.5,0.009,0.0,7.0,7.0,0.0,71.27,71.54
285C,pass@26,2.0,6.0,3.0,6.0,8.0,9.0,17.51,27.0,1.0,27.0,1.5,0.009,0.0,7.0,7.0,0.0,71.27,71.54
285C,pass@18,2.0,6.0,3.0,6.0,8.0,9.0,17.51,27.0,1.0,27.0,1.5,0.009,0.0,7.0,7.0,0.0,71.27,71.54
285C,pass@28,2.0,6.0,3.0,6.0,8.0,9.0,17.51,27.0,1.0,27.0,1.5,0.009,0.0,7.0,7.0,0.0,71.27,71.54
285C,pass@32,2.0,6.0,3.0,6.0,8.0,9.0,17.51,27.0,1.0,27.0,1.5,0.009,0.0,7.0,7.0,0.0,71.27,71.54
285C,pass@31,2.0,6.0,3.0,6.0,8.0,9.0,17.51,27.0,1.0,27.0,1.5,0.009,0.0,7.0,7.0,0.0,71.27,71.54
288A,pass@4,6.0,9.0,10.0,18.0,15.0,28.0,44.04,109.39,6.0,656.36,36.46,0.0365,0.0,18.0,18.0,0.0,57.4,58.34
288A,pass@2,8.0,13.0,11.0,21.0,21.0,32.0,72.11,140.55,6.46,908.2,50.46,0.0469,0.0,13.0,13.0,15.38,80.95,81.89
288A,pass@14,8.0,13.0,11.0,21.0,21.0,32.0,72.11,140.55,6.46,908.2,50.46,0.0469,0.0,13.0,13.0,15.38,80.95,81.89
288A,pass@6,8.0,13.0,11.0,21.0,21.0,32.0,72.11,140.55,6.46,908.2,50.46,0.0469,0.0,14.0,14.0,14.29,79.65,80.59
288A,pass@12,8.0,13.0,11.0,21.0,21.0,32.0,72.11,140.55,6.46,908.2,50.46,0.0469,0.0,14.0,14.0,14.29,79.65,80.59
288A,pass@8,8.0,13.0,11.0,21.0,21.0,32.0,72.11,140.55,6.46,908.2,50.46,0.0469,0.0,13.0,13.0,15.38,80.95,81.89
288A,pass@9,9.0,18.0,17.0,30.0,27.0,47.0,103.59,223.48,7.5,1676.1,93.12,0.0745,0.0,16.0,16.0,18.75,78.93,80.14
288A,pass@10,9.0,18.0,17.0,30.0,27.0,47.0,103.59,223.48,7.5,1676.1,93.12,0.0745,0.0,16.0,16.0,18.75,78.93,80.14
288A,pass@5,9.0,18.0,17.0,30.0,27.0,47.0,103.59,223.48,7.5,1676.1,93.12,0.0745,0.0,16.0,16.0,18.75,78.93,80.14
288A,pass@7,9.0,18.0,17.0,30.0,27.0,47.0,103.59,223.48,7.5,1676.1,93.12,0.0745,0.0,16.0,16.0,18.75,78.93,80.14
288A,pass@16,8.0,13.0,11.0,21.0,21.0,32.0,72.11,140.55,6.46,908.2,50.46,0.0469,0.0,13.0,13.0,15.38,80.95,81.89
288A,pass@13,8.0,14.0,16.0,27.0,22.0,43.0,77.3,191.76,7.71,1479.26,82.18,0.0639,0.0,21.0,21.0,14.29,74.59,75.8
288A,pass@11,9.0,18.0,17.0,30.0,27.0,47.0,103.59,223.48,7.5,1676.1,93.12,0.0745,0.0,17.0,17.0,17.65,77.86,79.07
288A,pass@15,7.0,17.0,17.0,32.0,24.0,49.0,89.14,224.66,6.59,1480.13,82.23,0.0749,0.0,26.0,26.0,11.54,69.98,71.59
288A,pass@3,9.0,19.0,18.0,33.0,28.0,51.0,109.24,245.18,7.82,1916.24,106.46,0.0817,0.0,16.0,16.0,18.75,78.51,79.86
288A,pass@1,10.0,23.0,22.0,42.0,33.0,64.0,137.26,322.84,9.13,2947.68,163.76,0.1076,0.0,24.0,24.0,20.83,74.15,76.04
288A,pass@18,8.0,13.0,11.0,21.0,21.0,32.0,72.11,140.55,6.46,908.2,50.46,0.0469,0.0,14.0,14.0,14.29,79.65,80.59
288A,pass@20,6.0,9.0,10.0,18.0,15.0,28.0,44.04,109.39,6.0,656.36,36.46,0.0365,0.0,18.0,18.0,0.0,57.4,58.34
288A,pass@25,8.0,13.0,11.0,21.0,21.0,32.0,72.11,140.55,6.46,908.2,50.46,0.0469,0.0,13.0,13.0,15.38,80.95,81.89
288A,pass@27,8.0,13.0,11.0,21.0,21.0,32.0,72.11,140.55,6.46,908.2,50.46,0.0469,0.0,14.0,14.0,14.29,79.65,80.59
288A,pass@26,8.0,13.0,11.0,21.0,21.0,32.0,72.11,140.55,6.46,908.2,50.46,0.0469,0.0,13.0,13.0,15.38,80.95,81.89
288A,pass@21,8.0,14.0,16.0,27.0,22.0,43.0,77.3,191.76,7.71,1479.26,82.18,0.0639,0.0,21.0,21.0,14.29,74.59,75.8
288A,pass@22,9.0,18.0,17.0,30.0,27.0,47.0,103.59,223.48,7.5,1676.1,93.12,0.0745,0.0,16.0,16.0,18.75,78.93,80.14
288A,pass@17,8.0,14.0,16.0,27.0,22.0,43.0,77.3,191.76,7.71,1479.26,82.18,0.0639,0.0,21.0,21.0,14.29,74.59,75.8
288A,pass@28,8.0,13.0,11.0,21.0,21.0,32.0,72.11,140.55,6.46,908.2,50.46,0.0469,0.0,13.0,13.0,15.38,80.95,81.89
288A,pass@24,9.0,17.0,15.0,28.0,26.0,43.0,98.02,202.12,7.41,1498.06,83.23,0.0674,0.0,18.0,18.0,16.67,77.29,78.36
288A,pass@19,9.0,18.0,17.0,30.0,27.0,47.0,103.59,223.48,7.5,1676.1,93.12,0.0745,0.0,16.0,16.0,18.75,78.93,80.14
288A,pass@29,8.0,13.0,11.0,21.0,21.0,32.0,72.11,140.55,6.46,908.2,50.46,0.0469,0.0,13.0,13.0,15.38,80.95,81.89
288A,pass@30,8.0,13.0,11.0,21.0,21.0,32.0,72.11,140.55,6.46,908.2,50.46,0.0469,0.0,13.0,13.0,15.38,80.95,81.89
288A,pass@23,9.0,21.0,24.0,44.0,30.0,68.0,120.77,333.67,9.43,3146.02,174.78,0.1112,0.0,15.0,15.0,33.33,82.54,83.89
288A,pass@32,6.0,9.0,10.0,18.0,15.0,28.0,44.04,109.39,6.0,656.36,36.46,0.0365,0.0,18.0,18.0,11.11,76.03,76.97
288A,pass@31,8.0,26.0,29.0,57.0,34.0,86.0,146.21,437.52,8.77,3836.73,213.15,0.1458,0.0,15.0,15.0,26.67,80.29,81.5
29C,pass@15,3.0,6.0,4.0,8.0,9.0,12.0,20.26,38.04,2.0,76.08,4.23,0.0127,7.0,33.0,33.0,0.0,54.87,54.87
29C,pass@9,3.0,6.0,4.0,8.0,9.0,12.0,20.26,38.04,2.0,76.08,4.23,0.0127,7.0,33.0,33.0,0.0,54.87,54.87
29C,pass@3,4.0,6.0,5.0,9.0,10.0,14.0,23.51,46.51,3.0,139.52,7.75,0.0155,7.0,33.0,33.0,0.0,54.26,54.26
29C,pass@1,3.0,6.0,4.0,8.0,9.0,12.0,20.26,38.04,2.0,76.08,4.23,0.0127,7.0,33.0,33.0,0.0,54.87,54.87
29C,pass@8,3.0,6.0,4.0,8.0,9.0,12.0,20.26,38.04,2.0,76.08,4.23,0.0127,7.0,33.0,33.0,0.0,54.87,54.87
29C,pass@4,4.0,6.0,5.0,9.0,10.0,14.0,23.51,46.51,3.0,139.52,7.75,0.0155,7.0,33.0,33.0,0.0,54.26,54.26
29C,pass@14,3.0,6.0,4.0,8.0,9.0,12.0,20.26,38.04,2.0,76.08,4.23,0.0127,7.0,33.0,33.0,0.0,54.87,54.87
29C,pass@16,3.0,6.0,4.0,8.0,9.0,12.0,20.26,38.04,2.0,76.08,4.23,0.0127,7.0,35.0,35.0,0.0,54.31,54.31
29C,pass@2,3.0,6.0,4.0,8.0,9.0,12.0,20.26,38.04,2.0,76.08,4.23,0.0127,7.0,33.0,33.0,0.0,54.87,54.87
29C,pass@13,3.0,6.0,4.0,8.0,9.0,12.0,20.26,38.04,2.0,76.08,4.23,0.0127,7.0,33.0,33.0,0.0,54.87,54.87
29C,pass@10,3.0,6.0,4.0,8.0,9.0,12.0,20.26,38.04,2.0,76.08,4.23,0.0127,7.0,33.0,33.0,0.0,54.87,54.87
29C,pass@11,3.0,6.0,4.0,8.0,9.0,12.0,20.26,38.04,2.0,76.08,4.23,0.0127,7.0,33.0,33.0,0.0,54.87,54.87
29C,pass@5,3.0,6.0,4.0,8.0,9.0,12.0,20.26,38.04,2.0,76.08,4.23,0.0127,7.0,33.0,33.0,0.0,54.87,54.87
29C,pass@12,3.0,6.0,4.0,8.0,9.0,12.0,20.26,38.04,2.0,76.08,4.23,0.0127,7.0,35.0,35.0,0.0,54.31,54.31
29C,pass@6,3.0,6.0,4.0,8.0,9.0,12.0,20.26,38.04,2.0,76.08,4.23,0.0127,7.0,35.0,35.0,0.0,54.31,54.31
29C,pass@7,3.0,6.0,4.0,8.0,9.0,12.0,20.26,38.04,2.0,76.08,4.23,0.0127,7.0,32.0,32.0,0.0,55.16,55.16
29C,pass@19,3.0,6.0,4.0,8.0,9.0,12.0,20.26,38.04,2.0,76.08,4.23,0.0127,7.0,32.0,32.0,0.0,55.16,55.16
29C,pass@17,3.0,6.0,4.0,8.0,9.0,12.0,20.26,38.04,2.0,76.08,4.23,0.0127,7.0,33.0,33.0,0.0,54.87,54.87
29C,pass@20,3.0,6.0,4.0,8.0,9.0,12.0,20.26,38.04,2.0,76.08,4.23,0.0127,7.0,33.0,33.0,0.0,54.87,54.87
29C,pass@18,3.0,6.0,4.0,8.0,9.0,12.0,20.26,38.04,2.0,76.08,4.23,0.0127,7.0,33.0,33.0,0.0,54.87,54.87
29C,pass@26,3.0,6.0,4.0,8.0,9.0,12.0,20.26,38.04,2.0,76.08,4.23,0.0127,7.0,33.0,33.0,0.0,54.87,54.87
29C,pass@24,5.0,7.0,6.0,11.0,12.0,17.0,31.26,60.94,3.93,239.42,13.3,0.0203,8.0,33.0,33.0,0.0,53.3,53.3
29C,pass@28,3.0,6.0,4.0,8.0,9.0,12.0,20.26,38.04,2.0,76.08,4.23,0.0127,7.0,33.0,33.0,0.0,54.87,54.87
29C,pass@25,3.0,6.0,4.0,8.0,9.0,12.0,20.26,38.04,2.0,76.08,4.23,0.0127,7.0,33.0,33.0,0.0,54.87,54.87
29C,pass@21,3.0,6.0,4.0,8.0,9.0,12.0,20.26,38.04,2.0,76.08,4.23,0.0127,7.0,32.0,32.0,3.12,65.63,65.63
29C,pass@31,3.0,6.0,4.0,8.0,9.0,12.0,20.26,38.04,2.0,76.08,4.23,0.0127,7.0,33.0,33.0,0.0,54.87,54.87
29C,pass@27,3.0,6.0,4.0,8.0,9.0,12.0,20.26,38.04,2.0,76.08,4.23,0.0127,7.0,33.0,33.0,0.0,54.87,54.87
29C,pass@22,4.0,7.0,5.0,10.0,11.0,15.0,27.65,51.89,2.86,148.26,8.24,0.0173,8.0,33.0,33.0,0.0,53.79,53.79
29C,pass@29,3.0,6.0,4.0,8.0,9.0,12.0,20.26,38.04,2.0,76.08,4.23,0.0127,7.0,33.0,33.0,0.0,54.87,54.87
29C,pass@30,3.0,6.0,4.0,8.0,9.0,12.0,20.26,38.04,2.0,76.08,4.23,0.0127,7.0,35.0,35.0,0.0,54.31,54.31
29C,pass@23,3.0,6.0,4.0,8.0,9.0,12.0,20.26,38.04,2.0,76.08,4.23,0.0127,7.0,33.0,33.0,0.0,54.87,54.87
29C,pass@32,3.0,6.0,4.0,8.0,9.0,12.0,20.26,38.04,2.0,76.08,4.23,0.0127,7.0,33.0,33.0,0.0,54.87,54.87
292A,pass@11,3.0,6.0,5.0,10.0,9.0,15.0,20.26,47.55,2.5,118.87,6.6,0.0158,0.0,19.0,19.0,0.0,59.82,60.36
292A,pass@4,3.0,7.0,5.0,10.0,10.0,15.0,24.41,49.83,2.14,106.78,5.93,0.0166,0.0,18.0,18.0,0.0,60.19,60.73
292A,pass@9,3.0,6.0,5.0,10.0,9.0,15.0,20.26,47.55,2.5,118.87,6.6,0.0158,0.0,19.0,19.0,0.0,59.82,60.36
292A,pass@3,3.0,6.0,5.0,10.0,9.0,15.0,20.26,47.55,2.5,118.87,6.6,0.0158,0.0,19.0,19.0,0.0,59.82,60.36
292A,pass@5,3.0,6.0,5.0,10.0,9.0,15.0,20.26,47.55,2.5,118.87,6.6,0.0158,0.0,19.0,19.0,0.0,59.82,60.36
292A,pass@8,3.0,6.0,5.0,10.0,9.0,15.0,20.26,47.55,2.5,118.87,6.6,0.0158,0.0,19.0,19.0,0.0,59.82,60.36
292A,pass@7,3.0,6.0,5.0,10.0,9.0,15.0,20.26,47.55,2.5,118.87,6.6,0.0158,0.0,19.0,19.0,0.0,59.82,60.36
292A,pass@14,3.0,6.0,5.0,10.0,9.0,15.0,20.26,47.55,2.5,118.87,6.6,0.0158,0.0,19.0,19.0,0.0,59.82,60.36
292A,pass@16,3.0,6.0,5.0,10.0,9.0,15.0,20.26,47.55,2.5,118.87,6.6,0.0158,0.0,19.0,19.0,0.0,59.82,60.36
292A,pass@6,3.0,6.0,5.0,10.0,9.0,15.0,20.26,47.55,2.5,118.87,6.6,0.0158,0.0,19.0,19.0,0.0,59.82,60.36
292A,pass@15,3.0,6.0,5.0,10.0,9.0,15.0,20.26,47.55,2.5,118.87,6.6,0.0158,0.0,19.0,19.0,0.0,59.82,60.36
292A,pass@2,3.0,6.0,5.0,10.0,9.0,15.0,20.26,47.55,2.5,118.87,6.6,0.0158,0.0,19.0,19.0,5.26,73.21,73.74
292A,pass@13,3.0,6.0,5.0,10.0,9.0,15.0,20.26,47.55,2.5,118.87,6.6,0.0158,0.0,19.0,19.0,0.0,59.82,60.36
292A,pass@1,3.0,6.0,5.0,10.0,9.0,15.0,20.26,47.55,2.5,118.87,6.6,0.0158,0.0,19.0,19.0,0.0,59.82,60.36
292A,pass@10,3.0,6.0,5.0,10.0,9.0,15.0,20.26,47.55,2.5,118.87,6.6,0.0158,0.0,19.0,19.0,0.0,59.82,60.36
292A,pass@12,3.0,6.0,5.0,10.0,9.0,15.0,20.26,47.55,2.5,118.87,6.6,0.0158,0.0,19.0,19.0,0.0,59.82,60.36
292A,pass@26,2.0,6.0,4.0,8.0,8.0,12.0,17.51,36.0,1.33,48.0,2.67,0.012,0.0,17.0,17.0,0.0,61.86,62.26
292A,pass@18,3.0,6.0,5.0,10.0,9.0,15.0,20.26,47.55,2.5,118.87,6.6,0.0158,0.0,19.0,19.0,0.0,59.82,60.36
292A,pass@21,3.0,6.0,5.0,10.0,9.0,15.0,20.26,47.55,2.5,118.87,6.6,0.0158,0.0,19.0,19.0,0.0,59.82,60.36
292A,pass@20,3.0,6.0,5.0,10.0,9.0,15.0,20.26,47.55,2.5,118.87,6.6,0.0158,0.0,19.0,19.0,0.0,59.82,60.36
292A,pass@27,3.0,6.0,5.0,10.0,9.0,15.0,20.26,47.55,2.5,118.87,6.6,0.0158,0.0,19.0,19.0,0.0,59.82,60.36
292A,pass@24,3.0,6.0,5.0,10.0,9.0,15.0,20.26,47.55,2.5,118.87,6.6,0.0158,0.0,19.0,19.0,0.0,59.82,60.36
292A,pass@22,3.0,6.0,5.0,10.0,9.0,15.0,20.26,47.55,2.5,118.87,6.6,0.0158,0.0,19.0,19.0,0.0,59.82,60.36
292A,pass@25,3.0,6.0,5.0,10.0,9.0,15.0,20.26,47.55,2.5,118.87,6.6,0.0158,0.0,19.0,19.0,0.0,59.82,60.36
292A,pass@23,3.0,6.0,5.0,10.0,9.0,15.0,20.26,47.55,2.5,118.87,6.6,0.0158,0.0,19.0,19.0,0.0,59.82,60.36
292A,pass@17,5.0,11.0,10.0,20.0,16.0,30.0,49.66,120.0,4.55,545.45,30.3,0.04,0.0,23.0,23.0,0.0,54.93,55.74
292A,pass@19,3.0,6.0,5.0,10.0,9.0,15.0,20.26,47.55,2.5,118.87,6.6,0.0158,0.0,19.0,19.0,0.0,59.82,60.36
292A,pass@29,3.0,6.0,5.0,10.0,9.0,15.0,20.26,47.55,2.5,118.87,6.6,0.0158,0.0,19.0,19.0,0.0,59.82,60.36
292A,pass@30,3.0,6.0,5.0,10.0,9.0,15.0,20.26,47.55,2.5,118.87,6.6,0.0158,0.0,19.0,19.0,0.0,59.82,60.36
292A,pass@31,3.0,6.0,5.0,10.0,9.0,15.0,20.26,47.55,2.5,118.87,6.6,0.0158,0.0,19.0,19.0,0.0,59.82,60.36
292A,pass@28,3.0,6.0,5.0,10.0,9.0,15.0,20.26,47.55,2.5,118.87,6.6,0.0158,0.0,19.0,19.0,0.0,59.82,60.36
292A,pass@32,3.0,6.0,5.0,10.0,9.0,15.0,20.26,47.55,2.5,118.87,6.6,0.0158,0.0,19.0,19.0,0.0,59.82,60.36
296A,pass@4,3.0,7.0,4.0,8.0,10.0,12.0,24.41,39.86,1.71,68.34,3.8,0.0133,0.0,11.0,11.0,0.0,65.67,66.08
296A,pass@7,4.0,8.0,5.0,10.0,12.0,15.0,32.0,53.77,2.5,134.44,7.47,0.0179,0.0,13.0,13.0,0.0,63.04,63.58
296A,pass@16,4.0,8.0,5.0,10.0,12.0,15.0,32.0,53.77,2.5,134.44,7.47,0.0179,0.0,13.0,13.0,0.0,63.04,63.58
296A,pass@6,4.0,8.0,5.0,10.0,12.0,15.0,32.0,53.77,2.5,134.44,7.47,0.0179,0.0,12.0,12.0,0.0,63.8,64.34
296A,pass@2,4.0,8.0,5.0,10.0,12.0,15.0,32.0,53.77,2.5,134.44,7.47,0.0179,0.0,13.0,13.0,0.0,63.04,63.58
296A,pass@5,4.0,8.0,5.0,10.0,12.0,15.0,32.0,53.77,2.5,134.44,7.47,0.0179,0.0,13.0,13.0,0.0,63.04,63.58
296A,pass@13,4.0,8.0,5.0,10.0,12.0,15.0,32.0,53.77,2.5,134.44,7.47,0.0179,0.0,13.0,13.0,0.0,63.04,63.58
296A,pass@15,4.0,8.0,5.0,10.0,12.0,15.0,32.0,53.77,2.5,134.44,7.47,0.0179,0.0,13.0,13.0,0.0,63.04,63.58
296A,pass@9,4.0,8.0,5.0,10.0,12.0,15.0,32.0,53.77,2.5,134.44,7.47,0.0179,0.0,13.0,13.0,0.0,63.04,63.58
296A,pass@11,4.0,8.0,5.0,10.0,12.0,15.0,32.0,53.77,2.5,134.44,7.47,0.0179,0.0,13.0,13.0,0.0,63.04,63.58
296A,pass@14,4.0,8.0,5.0,10.0,12.0,15.0,32.0,53.77,2.5,134.44,7.47,0.0179,0.0,13.0,13.0,0.0,63.04,63.58
296A,pass@12,4.0,8.0,5.0,10.0,12.0,15.0,32.0,53.77,2.5,134.44,7.47,0.0179,0.0,13.0,13.0,0.0,63.04,63.58
296A,pass@3,4.0,8.0,5.0,10.0,12.0,15.0,32.0,53.77,2.5,134.44,7.47,0.0179,0.0,13.0,13.0,0.0,63.04,63.58
296A,pass@1,4.0,8.0,5.0,10.0,12.0,15.0,32.0,53.77,2.5,134.44,7.47,0.0179,0.0,13.0,13.0,0.0,63.04,63.58
296A,pass@10,4.0,8.0,5.0,10.0,12.0,15.0,32.0,53.77,2.5,134.44,7.47,0.0179,0.0,13.0,13.0,0.0,63.04,63.58
296A,pass@8,4.0,8.0,5.0,10.0,12.0,15.0,32.0,53.77,2.5,134.44,7.47,0.0179,0.0,12.0,12.0,0.0,63.8,64.34
296A,pass@26,4.0,8.0,5.0,10.0,12.0,15.0,32.0,53.77,2.5,134.44,7.47,0.0179,0.0,13.0,13.0,0.0,63.04,63.58
296A,pass@19,4.0,8.0,5.0,10.0,12.0,15.0,32.0,53.77,2.5,134.44,7.47,0.0179,0.0,13.0,13.0,0.0,63.04,63.58
296A,pass@22,4.0,8.0,5.0,10.0,12.0,15.0,32.0,53.77,2.5,134.44,7.47,0.0179,0.0,12.0,12.0,0.0,63.8,64.34
296A,pass@20,4.0,8.0,5.0,10.0,12.0,15.0,32.0,53.77,2.5,134.44,7.47,0.0179,0.0,13.0,13.0,0.0,63.04,63.58
296A,pass@17,4.0,8.0,5.0,10.0,12.0,15.0,32.0,53.77,2.5,134.44,7.47,0.0179,0.0,13.0,13.0,0.0,63.04,63.58
296A,pass@25,4.0,8.0,5.0,10.0,12.0,15.0,32.0,53.77,2.5,134.44,7.47,0.0179,0.0,13.0,13.0,0.0,63.04,63.58
296A,pass@21,4.0,8.0,5.0,10.0,12.0,15.0,32.0,53.77,2.5,134.44,7.47,0.0179,0.0,13.0,13.0,0.0,63.04,63.58
296A,pass@23,4.0,8.0,5.0,10.0,12.0,15.0,32.0,53.77,2.5,134.44,7.47,0.0179,0.0,13.0,13.0,0.0,63.04,63.58
296A,pass@18,4.0,8.0,5.0,10.0,12.0,15.0,32.0,53.77,2.5,134.44,7.47,0.0179,0.0,13.0,13.0,0.0,63.04,63.58
296A,pass@27,4.0,8.0,5.0,10.0,12.0,15.0,32.0,53.77,2.5,134.44,7.47,0.0179,0.0,13.0,13.0,0.0,63.04,63.58
296A,pass@24,4.0,8.0,5.0,10.0,12.0,15.0,32.0,53.77,2.5,134.44,7.47,0.0179,0.0,13.0,13.0,0.0,63.04,63.58
296A,pass@28,4.0,8.0,5.0,10.0,12.0,15.0,32.0,53.77,2.5,134.44,7.47,0.0179,0.0,13.0,13.0,0.0,63.04,63.58
296A,pass@29,4.0,8.0,5.0,10.0,12.0,15.0,32.0,53.77,2.5,134.44,7.47,0.0179,0.0,13.0,13.0,0.0,63.04,63.58
296A,pass@30,4.0,8.0,5.0,10.0,12.0,15.0,32.0,53.77,2.5,134.44,7.47,0.0179,0.0,13.0,13.0,0.0,63.04,63.58
296A,pass@32,4.0,8.0,5.0,10.0,12.0,15.0,32.0,53.77,2.5,134.44,7.47,0.0179,0.0,13.0,13.0,0.0,63.04,63.58
296A,pass@31,4.0,8.0,5.0,10.0,12.0,15.0,32.0,53.77,2.5,134.44,7.47,0.0179,0.0,13.0,13.0,0.0,63.04,63.58
298A,pass@16,3.0,14.0,19.0,30.0,17.0,49.0,58.06,200.29,3.21,643.78,35.77,0.0668,0.0,21.0,21.0,0.0,53.96,55.04
298A,pass@14,6.0,22.0,21.0,38.0,28.0,59.0,113.62,283.63,5.18,1469.74,81.65,0.0945,0.0,18.0,18.0,0.0,53.96,55.44
298A,pass@2,6.0,22.0,21.0,38.0,28.0,59.0,113.62,283.63,5.18,1469.74,81.65,0.0945,0.0,18.0,18.0,0.0,53.96,55.44
298A,pass@7,4.0,13.0,21.0,34.0,17.0,55.0,56.11,224.81,5.23,1175.93,65.33,0.0749,0.0,21.0,21.0,0.0,53.61,54.69
298A,pass@13,7.0,26.0,24.0,44.0,33.0,68.0,141.86,343.02,5.92,2031.73,112.87,0.1143,0.0,21.0,21.0,0.0,51.66,53.4
298A,pass@10,7.0,26.0,25.0,46.0,33.0,71.0,141.86,358.15,6.19,2217.79,123.21,0.1194,0.0,21.0,21.0,0.0,51.53,53.27
298A,pass@3,7.0,27.0,25.0,46.0,34.0,71.0,148.03,361.21,5.96,2153.88,119.66,0.1204,0.0,21.0,21.0,0.0,51.5,53.25
298A,pass@8,7.0,27.0,25.0,46.0,34.0,71.0,148.03,361.21,5.96,2153.88,119.66,0.1204,0.0,21.0,21.0,0.0,51.5,53.25
298A,pass@4,7.0,26.0,25.0,46.0,33.0,71.0,141.86,358.15,6.19,2217.79,123.21,0.1194,0.0,21.0,21.0,0.0,51.53,53.27
298A,pass@5,6.0,22.0,21.0,38.0,28.0,59.0,113.62,283.63,5.18,1469.74,81.65,0.0945,0.0,18.0,18.0,0.0,53.96,55.44
298A,pass@11,7.0,27.0,26.0,48.0,34.0,74.0,148.03,376.47,6.22,2342.49,130.14,0.1255,0.0,22.0,22.0,0.0,50.93,52.68
298A,pass@12,6.0,16.0,24.0,39.0,22.0,63.0,79.51,280.94,7.31,2054.4,114.13,0.0936,0.0,21.0,21.0,0.0,52.8,54.01
298A,pass@1,7.0,26.0,24.0,44.0,33.0,68.0,141.86,343.02,5.92,2031.73,112.87,0.1143,0.0,21.0,21.0,4.76,64.43,66.18
298A,pass@9,5.0,17.0,21.0,33.0,22.0,54.0,81.1,240.81,4.85,1168.63,64.92,0.0803,0.0,21.0,21.0,0.0,53.27,54.48
298A,pass@15,6.0,23.0,22.0,39.0,29.0,61.0,119.55,296.34,5.09,1507.45,83.75,0.0988,0.0,23.0,23.0,0.0,51.24,52.99
298A,pass@6,7.0,26.0,24.0,44.0,33.0,68.0,141.86,343.02,5.92,2031.73,112.87,0.1143,0.0,21.0,21.0,4.76,64.43,66.18
298A,pass@20,3.0,14.0,19.0,30.0,17.0,49.0,58.06,200.29,3.21,643.78,35.77,0.0668,0.0,21.0,21.0,0.0,53.96,55.04
298A,pass@21,6.0,22.0,21.0,38.0,28.0,59.0,113.62,283.63,5.18,1469.74,81.65,0.0945,0.0,18.0,18.0,0.0,53.96,55.44
298A,pass@17,6.0,22.0,21.0,38.0,28.0,59.0,113.62,283.63,5.18,1469.74,81.65,0.0945,0.0,18.0,18.0,0.0,53.96,55.44
298A,pass@19,6.0,22.0,21.0,38.0,28.0,59.0,113.62,283.63,5.18,1469.74,81.65,0.0945,0.0,18.0,18.0,0.0,53.96,55.44
298A,pass@24,6.0,22.0,21.0,38.0,28.0,59.0,113.62,283.63,5.18,1469.74,81.65,0.0945,0.0,18.0,18.0,0.0,53.96,55.44
298A,pass@18,7.0,27.0,25.0,46.0,34.0,71.0,148.03,361.21,5.96,2153.88,119.66,0.1204,0.0,21.0,21.0,0.0,51.5,53.25
298A,pass@25,3.0,14.0,18.0,28.0,17.0,46.0,58.06,188.02,3.0,564.07,31.34,0.0627,0.0,21.0,21.0,14.29,74.79,75.86
298A,pass@22,6.0,23.0,22.0,39.0,29.0,61.0,119.55,296.34,5.09,1507.45,83.75,0.0988,0.0,23.0,23.0,13.04,71.13,72.88
298A,pass@26,6.0,22.0,21.0,38.0,28.0,59.0,113.62,283.63,5.18,1469.74,81.65,0.0945,0.0,18.0,18.0,0.0,53.96,55.44
298A,pass@30,6.0,22.0,21.0,38.0,28.0,59.0,113.62,283.63,5.18,1469.74,81.65,0.0945,0.0,18.0,18.0,0.0,53.96,55.44
298A,pass@28,7.0,26.0,24.0,44.0,33.0,68.0,141.86,343.02,5.92,2031.73,112.87,0.1143,0.0,21.0,21.0,4.76,64.43,66.18
298A,pass@31,7.0,27.0,26.0,48.0,34.0,74.0,148.03,376.47,6.22,2342.49,130.14,0.1255,0.0,22.0,22.0,0.0,50.93,52.68
298A,pass@23,8.0,28.0,29.0,54.0,36.0,83.0,158.61,429.1,7.71,3310.23,183.9,0.143,0.0,24.0,24.0,0.0,49.44,51.46
298A,pass@29,7.0,27.0,25.0,46.0,34.0,71.0,148.03,361.21,5.96,2153.88,119.66,0.1204,0.0,21.0,21.0,0.0,51.5,53.25
298A,pass@27,6.0,25.0,27.0,47.0,31.0,74.0,131.61,366.61,5.64,2067.68,114.87,0.1222,0.0,25.0,25.0,4.0,61.58,63.32
298A,pass@32,6.0,25.0,25.0,45.0,31.0,70.0,131.61,346.79,5.4,1872.69,104.04,0.1156,0.0,23.0,23.0,13.04,70.66,72.41
3A,pass@1,6.0,19.0,19.0,38.0,25.0,57.0,96.22,264.7,6.0,1588.2,88.23,0.0882,1.0,29.0,29.0,0.0,50.06,51.0
3A,pass@13,6.0,19.0,19.0,38.0,25.0,57.0,96.22,264.7,6.0,1588.2,88.23,0.0882,1.0,29.0,29.0,0.0,50.06,51.0
3A,pass@16,6.0,21.0,21.0,42.0,27.0,63.0,107.75,299.56,6.0,1797.35,99.85,0.0999,0.0,27.0,27.0,0.0,50.36,51.44
3A,pass@8,6.0,19.0,19.0,38.0,25.0,57.0,96.22,264.7,6.0,1588.2,88.23,0.0882,1.0,29.0,29.0,0.0,50.06,51.0
3A,pass@6,6.0,19.0,19.0,38.0,25.0,57.0,96.22,264.7,6.0,1588.2,88.23,0.0882,1.0,29.0,29.0,0.0,50.06,51.0
3A,pass@11,6.0,19.0,19.0,38.0,25.0,57.0,96.22,264.7,6.0,1588.2,88.23,0.0882,1.0,29.0,29.0,0.0,50.06,51.0
3A,pass@15,6.0,21.0,21.0,42.0,27.0,63.0,107.75,299.56,6.0,1797.35,99.85,0.0999,0.0,27.0,27.0,0.0,50.36,51.44
3A,pass@10,6.0,21.0,21.0,42.0,27.0,63.0,107.75,299.56,6.0,1797.35,99.85,0.0999,0.0,25.0,25.0,0.0,51.22,52.17
3A,pass@5,6.0,19.0,19.0,38.0,25.0,57.0,96.22,264.7,6.0,1588.2,88.23,0.0882,1.0,29.0,29.0,0.0,50.06,51.0
3A,pass@2,6.0,19.0,19.0,38.0,25.0,57.0,96.22,264.7,6.0,1588.2,88.23,0.0882,1.0,29.0,29.0,0.0,50.06,51.0
3A,pass@12,6.0,19.0,19.0,38.0,25.0,57.0,96.22,264.7,6.0,1588.2,88.23,0.0882,1.0,29.0,29.0,0.0,50.06,51.0
3A,pass@14,6.0,19.0,19.0,38.0,25.0,57.0,96.22,264.7,6.0,1588.2,88.23,0.0882,1.0,29.0,29.0,0.0,50.06,51.0
3A,pass@9,6.0,19.0,19.0,38.0,25.0,57.0,96.22,264.7,6.0,1588.2,88.23,0.0882,1.0,29.0,29.0,0.0,50.06,51.0
3A,pass@3,6.0,19.0,19.0,38.0,25.0,57.0,96.22,264.7,6.0,1588.2,88.23,0.0882,1.0,29.0,29.0,0.0,50.06,51.0
3A,pass@4,6.0,19.0,19.0,38.0,25.0,57.0,96.22,264.7,6.0,1588.2,88.23,0.0882,1.0,29.0,29.0,0.0,50.06,51.0
3A,pass@7,6.0,19.0,19.0,38.0,25.0,57.0,96.22,264.7,6.0,1588.2,88.23,0.0882,1.0,29.0,29.0,0.0,50.06,51.0
3A,pass@17,6.0,19.0,19.0,38.0,25.0,57.0,96.22,264.7,6.0,1588.2,88.23,0.0882,1.0,29.0,29.0,0.0,50.06,51.0
3A,pass@18,6.0,19.0,19.0,38.0,25.0,57.0,96.22,264.7,6.0,1588.2,88.23,0.0882,1.0,27.0,27.0,0.0,50.74,51.68
3A,pass@23,6.0,21.0,21.0,42.0,27.0,63.0,107.75,299.56,6.0,1797.35,99.85,0.0999,0.0,27.0,27.0,0.0,50.36,51.44
3A,pass@27,6.0,19.0,19.0,38.0,25.0,57.0,96.22,264.7,6.0,1588.2,88.23,0.0882,1.0,29.0,29.0,0.0,50.06,51.0
3A,pass@21,6.0,19.0,19.0,38.0,25.0,57.0,96.22,264.7,6.0,1588.2,88.23,0.0882,1.0,29.0,29.0,0.0,50.06,51.0
3A,pass@24,6.0,19.0,19.0,38.0,25.0,57.0,96.22,264.7,6.0,1588.2,88.23,0.0882,1.0,29.0,29.0,0.0,50.06,51.0
3A,pass@25,6.0,19.0,19.0,38.0,25.0,57.0,96.22,264.7,6.0,1588.2,88.23,0.0882,1.0,29.0,29.0,0.0,50.06,51.0
3A,pass@20,6.0,19.0,19.0,38.0,25.0,57.0,96.22,264.7,6.0,1588.2,88.23,0.0882,1.0,29.0,29.0,0.0,50.06,51.0
3A,pass@19,6.0,19.0,19.0,38.0,25.0,57.0,96.22,264.7,6.0,1588.2,88.23,0.0882,1.0,29.0,29.0,0.0,50.06,51.0
3A,pass@22,6.0,19.0,19.0,38.0,25.0,57.0,96.22,264.7,6.0,1588.2,88.23,0.0882,1.0,29.0,29.0,0.0,50.06,51.0
3A,pass@28,6.0,19.0,19.0,38.0,25.0,57.0,96.22,264.7,6.0,1588.2,88.23,0.0882,1.0,29.0,29.0,0.0,50.06,51.0
3A,pass@26,6.0,19.0,19.0,38.0,25.0,57.0,96.22,264.7,6.0,1588.2,88.23,0.0882,1.0,29.0,29.0,0.0,50.06,51.0
3A,pass@31,6.0,19.0,19.0,38.0,25.0,57.0,96.22,264.7,6.0,1588.2,88.23,0.0882,1.0,29.0,29.0,0.0,50.06,51.0
3A,pass@30,6.0,19.0,19.0,38.0,25.0,57.0,96.22,264.7,6.0,1588.2,88.23,0.0882,1.0,29.0,29.0,0.0,50.06,51.0
3A,pass@29,6.0,21.0,21.0,42.0,27.0,63.0,107.75,299.56,6.0,1797.35,99.85,0.0999,0.0,25.0,25.0,0.0,51.22,52.17
3A,pass@32,6.0,21.0,21.0,42.0,27.0,63.0,107.75,299.56,6.0,1797.35,99.85,0.0999,0.0,27.0,27.0,0.0,50.36,51.44
3B,pass@9,8.0,17.0,14.0,26.0,25.0,40.0,93.49,185.75,6.12,1136.38,63.13,0.0619,0.0,38.0,38.0,0.0,48.31,49.65
3B,pass@7,8.0,17.0,15.0,27.0,25.0,42.0,93.49,195.04,6.35,1239.09,68.84,0.065,0.0,38.0,38.0,0.0,48.16,49.5
3B,pass@14,8.0,17.0,14.0,26.0,25.0,40.0,93.49,185.75,6.12,1136.38,63.13,0.0619,0.0,38.0,38.0,0.0,48.31,49.65
3B,pass@16,8.0,17.0,14.0,26.0,25.0,40.0,93.49,185.75,6.12,1136.38,63.13,0.0619,0.0,39.0,39.0,2.56,57.59,58.93
3B,pass@11,8.0,17.0,14.0,26.0,25.0,40.0,93.49,185.75,6.12,1136.38,63.13,0.0619,0.0,39.0,39.0,0.0,48.06,49.41
3B,pass@10,8.0,17.0,17.0,30.0,25.0,47.0,93.49,218.26,7.06,1540.67,85.59,0.0728,0.0,37.0,38.0,0.0,47.82,49.16
3B,pass@3,8.0,20.0,19.0,32.0,28.0,51.0,110.44,245.18,6.4,1569.12,87.17,0.0817,0.0,39.0,40.0,0.0,47.25,48.32
3B,pass@8,8.0,25.0,25.0,48.0,33.0,73.0,140.1,368.24,7.68,2828.09,157.12,0.1227,0.0,41.0,41.0,0.0,45.51,46.85
3B,pass@1,8.0,25.0,26.0,49.0,33.0,75.0,140.1,378.33,7.84,2966.1,164.78,0.1261,0.0,40.0,40.0,0.0,45.66,47.0
3B,pass@4,8.0,26.0,24.0,46.0,34.0,70.0,146.21,356.12,7.08,2520.25,140.01,0.1187,0.0,42.0,42.0,0.0,45.38,46.72
3B,pass@6,8.0,32.0,27.0,52.0,40.0,79.0,184.0,420.43,6.5,2732.81,151.82,0.1401,0.0,41.0,41.0,0.0,45.1,46.45
3B,pass@12,8.0,28.0,29.0,54.0,36.0,83.0,158.61,429.1,7.71,3310.23,183.9,0.143,0.0,44.0,44.0,0.0,44.37,45.72
3B,pass@5,8.0,27.0,26.0,49.0,35.0,75.0,152.38,384.7,7.26,2792.61,155.14,0.1282,0.0,41.0,41.0,4.88,58.29,59.64
3B,pass@15,8.0,27.0,24.0,46.0,35.0,70.0,152.38,359.05,6.81,2446.86,135.94,0.1197,0.0,42.0,43.0,0.0,45.13,46.48
3B,pass@2,7.0,31.0,31.0,58.0,38.0,89.0,173.23,467.07,6.55,3058.53,169.92,0.1557,0.0,44.0,44.0,0.0,44.25,45.46
3B,pass@13,8.0,31.0,32.0,60.0,39.0,92.0,177.58,486.26,7.74,3764.57,209.14,0.1621,0.0,44.0,45.0,0.0,43.78,45.12
3B,pass@21,8.0,17.0,14.0,26.0,25.0,40.0,93.49,185.75,6.12,1136.38,63.13,0.0619,0.0,39.0,39.0,0.0,48.06,49.41
3B,pass@24,8.0,17.0,14.0,26.0,25.0,40.0,93.49,185.75,6.12,1136.38,63.13,0.0619,0.0,39.0,39.0,0.0,48.06,49.41
3B,pass@19,8.0,26.0,24.0,46.0,34.0,70.0,146.21,356.12,7.08,2520.25,140.01,0.1187,0.0,42.0,42.0,0.0,45.38,46.72
3B,pass@17,8.0,26.0,25.0,47.0,34.0,72.0,146.21,366.3,7.23,2648.61,147.15,0.1221,0.0,43.0,43.0,0.0,45.07,46.42
3B,pass@23,8.0,17.0,14.0,26.0,25.0,40.0,93.49,185.75,6.12,1136.38,63.13,0.0619,0.0,38.0,38.0,2.63,57.95,59.3
3B,pass@18,8.0,29.0,26.0,50.0,37.0,76.0,164.88,395.92,6.9,2730.47,151.69,0.132,0.0,47.0,47.0,0.0,43.86,45.34
3B,pass@25,7.0,26.0,22.0,44.0,33.0,66.0,141.86,332.93,5.92,1971.97,109.55,0.111,0.0,38.0,39.0,0.0,46.29,47.63
3B,pass@29,8.0,17.0,14.0,26.0,25.0,40.0,93.49,185.75,6.12,1136.38,63.13,0.0619,0.0,41.0,41.0,0.0,47.45,48.93
3B,pass@27,8.0,17.0,17.0,30.0,25.0,47.0,93.49,218.26,7.06,1540.67,85.59,0.0728,0.0,37.0,38.0,0.0,47.82,49.16
3B,pass@28,8.0,17.0,14.0,26.0,25.0,40.0,93.49,185.75,6.12,1136.38,63.13,0.0619,0.0,39.0,39.0,2.56,57.59,58.93
3B,pass@20,8.0,27.0,24.0,46.0,35.0,70.0,152.38,359.05,6.81,2446.86,135.94,0.1197,0.0,42.0,42.0,0.0,45.35,46.7
3B,pass@22,8.0,34.0,33.0,64.0,42.0,97.0,196.97,523.05,7.53,3938.29,218.79,0.1744,0.0,43.0,43.0,0.0,43.85,45.33
3B,pass@26,8.0,30.0,32.0,59.0,38.0,91.0,171.21,477.56,7.87,3756.82,208.71,0.1592,0.0,47.0,47.0,0.0,43.42,44.77
3B,pass@32,8.0,27.0,24.0,46.0,35.0,70.0,152.38,359.05,6.81,2446.86,135.94,0.1197,0.0,43.0,43.0,0.0,45.13,46.48
3B,pass@31,7.0,36.0,35.0,67.0,43.0,102.0,205.77,553.48,6.51,3605.3,200.29,0.1845,0.0,43.0,43.0,0.0,43.95,45.16
3D,pass@7,7.0,14.0,16.0,29.0,21.0,45.0,72.95,197.65,7.25,1432.99,79.61,0.0659,9.0,45.0,45.0,0.0,46.65,46.65
3D,pass@9,7.0,14.0,16.0,29.0,21.0,45.0,72.95,197.65,7.25,1432.99,79.61,0.0659,9.0,46.0,46.0,0.0,46.44,46.44
3D,pass@8,7.0,14.0,16.0,29.0,21.0,45.0,72.95,197.65,7.25,1432.99,79.61,0.0659,9.0,45.0,45.0,0.0,46.65,46.65
3D,pass@10,7.0,14.0,16.0,29.0,21.0,45.0,72.95,197.65,7.25,1432.99,79.61,0.0659,9.0,46.0,46.0,0.0,46.44,46.44
3D,pass@13,7.0,13.0,15.0,28.0,20.0,43.0,67.76,185.84,7.54,1400.97,77.83,0.0619,9.0,46.0,46.0,0.0,46.63,46.63
3D,pass@1,7.0,14.0,16.0,29.0,21.0,45.0,72.95,197.65,7.25,1432.99,79.61,0.0659,9.0,46.0,46.0,0.0,46.44,46.44
3D,pass@15,7.0,13.0,15.0,28.0,20.0,43.0,67.76,185.84,7.54,1400.97,77.83,0.0619,9.0,46.0,46.0,0.0,46.63,46.63
3D,pass@5,7.0,14.0,16.0,29.0,21.0,45.0,72.95,197.65,7.25,1432.99,79.61,0.0659,9.0,46.0,46.0,0.0,46.44,46.44
3D,pass@4,7.0,14.0,16.0,29.0,21.0,45.0,72.95,197.65,7.25,1432.99,79.61,0.0659,9.0,46.0,46.0,0.0,46.44,46.44
3D,pass@6,7.0,14.0,16.0,29.0,21.0,45.0,72.95,197.65,7.25,1432.99,79.61,0.0659,9.0,46.0,46.0,0.0,46.44,46.44
3D,pass@14,7.0,14.0,16.0,29.0,21.0,45.0,72.95,197.65,7.25,1432.99,79.61,0.0659,9.0,46.0,46.0,0.0,46.44,46.44
3D,pass@2,7.0,14.0,15.0,28.0,21.0,43.0,72.95,188.87,7.0,1322.09,73.45,0.063,9.0,48.0,48.0,0.0,46.18,46.18
3D,pass@3,7.0,14.0,16.0,29.0,21.0,45.0,72.95,197.65,7.25,1432.99,79.61,0.0659,9.0,46.0,46.0,0.0,46.44,46.44
3D,pass@16,7.0,14.0,16.0,29.0,21.0,45.0,72.95,197.65,7.25,1432.99,79.61,0.0659,9.0,47.0,47.0,0.0,46.24,46.24
3D,pass@11,7.0,14.0,16.0,29.0,21.0,45.0,72.95,197.65,7.25,1432.99,79.61,0.0659,9.0,46.0,46.0,2.17,55.24,55.24
3D,pass@12,7.0,14.0,15.0,28.0,21.0,43.0,72.95,188.87,7.0,1322.09,73.45,0.063,9.0,48.0,48.0,0.0,46.18,46.18
3D,pass@20,7.0,13.0,14.0,26.0,20.0,40.0,67.76,172.88,7.0,1210.14,67.23,0.0576,9.0,45.0,45.0,0.0,47.06,47.06
3D,pass@21,7.0,14.0,16.0,29.0,21.0,45.0,72.95,197.65,7.25,1432.99,79.61,0.0659,9.0,46.0,46.0,0.0,46.44,46.44
3D,pass@22,7.0,14.0,16.0,29.0,21.0,45.0,72.95,197.65,7.25,1432.99,79.61,0.0659,9.0,47.0,47.0,0.0,46.24,46.24
3D,pass@32,7.0,14.0,16.0,29.0,21.0,45.0,72.95,197.65,7.25,1432.99,79.61,0.0659,9.0,46.0,46.0,0.0,46.44,46.44
3D,pass@17,7.0,14.0,16.0,29.0,21.0,45.0,72.95,197.65,7.25,1432.99,79.61,0.0659,9.0,46.0,46.0,0.0,46.44,46.44
3D,pass@29,7.0,13.0,14.0,26.0,20.0,40.0,67.76,172.88,7.0,1210.14,67.23,0.0576,9.0,47.0,47.0,0.0,46.65,46.65
3D,pass@24,7.0,14.0,16.0,29.0,21.0,45.0,72.95,197.65,7.25,1432.99,79.61,0.0659,9.0,46.0,46.0,0.0,46.44,46.44
3D,pass@18,7.0,14.0,16.0,29.0,21.0,45.0,72.95,197.65,7.25,1432.99,79.61,0.0659,9.0,46.0,46.0,0.0,46.44,46.44
3D,pass@19,7.0,13.0,14.0,26.0,20.0,40.0,67.76,172.88,7.0,1210.14,67.23,0.0576,9.0,46.0,46.0,0.0,46.85,46.85
3D,pass@27,7.0,15.0,16.0,29.0,22.0,45.0,78.25,200.67,6.77,1357.9,75.44,0.0669,9.0,46.0,46.0,0.0,46.4,46.4
3D,pass@31,7.0,14.0,16.0,29.0,21.0,45.0,72.95,197.65,7.25,1432.99,79.61,0.0659,9.0,46.0,46.0,0.0,46.44,46.44
3D,pass@30,7.0,14.0,16.0,29.0,21.0,45.0,72.95,197.65,7.25,1432.99,79.61,0.0659,9.0,46.0,46.0,2.17,55.24,55.24
3D,pass@25,7.0,13.0,15.0,28.0,20.0,43.0,67.76,185.84,7.54,1400.97,77.83,0.0619,9.0,46.0,46.0,0.0,46.63,46.63
3D,pass@23,7.0,13.0,15.0,28.0,20.0,43.0,67.76,185.84,7.54,1400.97,77.83,0.0619,9.0,46.0,46.0,0.0,46.63,46.63
3D,pass@26,7.0,14.0,16.0,29.0,21.0,45.0,72.95,197.65,7.25,1432.99,79.61,0.0659,9.0,46.0,46.0,0.0,46.44,46.44
3D,pass@28,7.0,16.0,16.0,30.0,23.0,46.0,83.65,208.08,6.56,1365.55,75.86,0.0694,9.0,45.0,45.0,2.22,55.38,55.38
31B,pass@1,8.0,21.0,19.0,36.0,29.0,55.0,116.24,267.19,6.86,1832.15,101.79,0.0891,0.0,28.0,30.0,0.0,49.31,50.79
31B,pass@12,9.0,18.0,20.0,38.0,27.0,58.0,103.59,275.78,9.5,2619.94,145.55,0.0919,0.0,28.0,30.0,0.0,49.34,50.69
31B,pass@16,8.0,25.0,22.0,40.0,33.0,62.0,140.1,312.75,6.4,2001.62,111.2,0.1043,0.0,32.0,34.0,0.0,47.37,49.12
31B,pass@10,9.0,23.0,21.0,39.0,32.0,60.0,132.57,300.0,7.63,2289.13,127.17,0.1,0.0,24.0,25.0,8.33,67.15,68.63
31B,pass@4,8.0,16.0,16.0,29.0,24.0,45.0,88.0,206.32,7.25,1495.84,83.1,0.0688,0.0,25.0,26.0,20.0,75.1,76.31
31B,pass@7,9.0,23.0,22.0,42.0,32.0,64.0,132.57,320.0,8.22,2629.57,146.09,0.1067,0.0,28.0,30.0,10.71,66.83,68.58
31B,pass@3,9.0,24.0,23.0,42.0,33.0,65.0,138.57,327.89,7.88,2582.1,143.45,0.1093,0.0,28.0,31.0,0.0,48.24,49.85
31B,pass@5,8.0,17.0,21.0,37.0,25.0,58.0,93.49,269.34,8.71,2344.87,130.27,0.0898,0.0,38.0,41.0,0.0,46.32,47.8
31B,pass@6,8.0,17.0,20.0,36.0,25.0,56.0,93.49,260.06,8.47,2202.83,122.38,0.0867,0.0,37.0,39.0,0.0,46.9,48.38
31B,pass@13,9.0,20.0,21.0,37.0,29.0,58.0,114.97,281.76,8.32,2345.68,130.32,0.0939,0.0,34.0,36.0,0.0,47.42,48.9
31B,pass@9,9.0,16.0,18.0,35.0,25.0,53.0,92.53,246.12,9.84,2422.79,134.6,0.082,0.0,26.0,27.0,19.23,73.75,75.09
31B,pass@15,9.0,26.0,24.0,48.0,35.0,72.0,150.74,369.31,8.31,3068.1,170.45,0.1231,0.0,40.0,43.0,7.5,59.82,62.11
31B,pass@8,9.0,19.0,19.0,37.0,28.0,56.0,109.24,269.21,8.76,2359.15,131.06,0.0897,0.0,30.0,32.0,26.67,74.32,75.8
31B,pass@14,9.0,27.0,29.0,50.0,36.0,79.0,156.91,408.42,8.33,3403.53,189.09,0.1361,0.0,39.0,41.0,15.38,65.75,67.77
31B,pass@2,10.0,27.0,28.0,52.0,37.0,80.0,161.6,416.76,9.63,4013.21,222.96,0.1389,0.0,40.0,42.0,12.5,63.78,65.8
31B,pass@11,8.0,32.0,27.0,52.0,40.0,79.0,184.0,420.43,6.5,2732.81,151.82,0.1401,0.0,35.0,37.0,14.29,65.76,68.05
31B,pass@19,9.0,21.0,21.0,42.0,30.0,63.0,120.77,309.13,9.0,2782.21,154.57,0.103,0.0,24.0,25.0,8.33,66.92,68.53
31B,pass@18,9.0,21.0,20.0,36.0,30.0,56.0,120.77,274.79,7.71,2119.78,117.77,0.0916,0.0,32.0,34.0,12.5,67.46,69.07
31B,pass@25,8.0,18.0,18.0,33.0,26.0,51.0,99.06,239.72,7.33,1757.96,97.66,0.0799,0.0,26.0,27.0,11.54,69.69,71.04
31B,pass@23,9.0,26.0,26.0,47.0,35.0,73.0,150.74,374.44,8.13,3045.91,169.22,0.1248,0.0,32.0,34.0,0.0,46.82,48.57
31B,pass@27,8.0,20.0,21.0,40.0,28.0,61.0,110.44,293.25,8.0,2345.99,130.33,0.0977,0.0,32.0,33.0,12.5,67.41,69.16
31B,pass@17,11.0,32.0,29.0,54.0,43.0,83.0,198.05,450.38,9.28,4180.09,232.23,0.1501,0.0,38.0,40.0,10.53,62.26,64.68
31B,pass@26,10.0,29.0,30.0,54.0,39.0,84.0,174.1,443.97,9.31,4133.55,229.64,0.148,0.0,35.0,37.0,8.57,62.04,63.92
31B,pass@22,9.0,23.0,20.0,38.0,32.0,58.0,132.57,290.0,7.43,2156.09,119.78,0.0967,0.0,35.0,37.0,14.29,67.43,69.18
31B,pass@31,8.0,24.0,21.0,39.0,32.0,60.0,134.04,300.0,6.5,1950.0,108.33,0.1,0.0,29.0,31.0,0.0,48.51,50.12
31B,pass@20,9.0,35.0,30.0,54.0,44.0,84.0,208.05,458.59,6.94,3183.94,176.89,0.1529,0.0,39.0,41.0,12.82,63.39,65.94
31B,pass@24,8.0,21.0,19.0,36.0,29.0,55.0,116.24,267.19,6.86,1832.15,101.79,0.0891,0.0,36.0,38.0,13.89,67.06,68.95
31B,pass@30,9.0,16.0,17.0,31.0,25.0,48.0,92.53,222.91,8.72,1943.45,107.97,0.0743,0.0,31.0,33.0,9.68,66.66,68.0
31B,pass@21,9.0,31.0,27.0,50.0,40.0,77.0,182.11,409.79,7.26,2974.27,165.24,0.1366,0.0,53.0,55.0,7.55,56.54,59.5
31B,pass@28,9.0,21.0,22.0,41.0,30.0,63.0,120.77,309.13,8.79,2715.96,150.89,0.103,0.0,36.0,38.0,16.67,68.24,69.99
31B,pass@32,8.0,23.0,22.0,42.0,31.0,64.0,128.04,317.07,7.3,2315.98,128.67,0.1057,0.0,38.0,40.0,7.89,61.87,63.62
31B,pass@29,9.0,28.0,28.0,48.0,37.0,76.0,163.14,395.92,7.71,3054.23,169.68,0.132,0.0,50.0,53.0,14.0,62.11,64.66
31C,pass@1,4.0,5.0,4.0,7.0,9.0,11.0,19.61,34.87,2.8,97.63,5.42,0.0116,0.0,24.0,24.0,8.33,74.48,75.56
31C,pass@8,4.0,5.0,4.0,7.0,9.0,11.0,19.61,34.87,2.8,97.63,5.42,0.0116,0.0,26.0,26.0,7.69,73.15,74.23
31C,pass@5,4.0,5.0,4.0,7.0,9.0,11.0,19.61,34.87,2.8,97.63,5.42,0.0116,0.0,24.0,24.0,8.33,74.48,75.56
31C,pass@11,4.0,7.0,4.0,7.0,11.0,11.0,27.65,38.05,2.0,76.11,4.23,0.0127,4.0,26.0,26.0,3.85,68.55,69.09
31C,pass@7,4.0,7.0,4.0,7.0,11.0,11.0,27.65,38.05,2.0,76.11,4.23,0.0127,4.0,26.0,26.0,7.69,72.89,73.42
31C,pass@13,4.0,8.0,5.0,9.0,12.0,14.0,32.0,50.19,2.25,112.93,6.27,0.0167,4.0,30.0,30.0,3.33,65.46,66.13
31C,pass@14,4.0,5.0,4.0,7.0,9.0,11.0,19.61,34.87,2.8,97.63,5.42,0.0116,0.0,26.0,26.0,7.69,73.15,74.23
31C,pass@15,4.0,5.0,4.0,7.0,9.0,11.0,19.61,34.87,2.8,97.63,5.42,0.0116,0.0,26.0,26.0,3.85,68.82,69.89
31C,pass@6,4.0,8.0,5.0,9.0,12.0,14.0,32.0,50.19,2.25,112.93,6.27,0.0167,4.0,31.0,31.0,3.23,64.98,65.65
31C,pass@4,4.0,5.0,4.0,7.0,9.0,11.0,19.61,34.87,2.8,97.63,5.42,0.0116,0.0,26.0,26.0,7.69,73.15,74.23
31C,pass@12,5.0,10.0,7.0,12.0,15.0,19.0,44.83,74.23,3.0,222.69,12.37,0.0247,4.0,30.0,30.0,10.0,71.29,71.96
31C,pass@16,5.0,8.0,6.0,11.0,13.0,17.0,35.61,62.91,3.44,216.24,12.01,0.021,0.0,28.0,28.0,7.14,70.0,71.21
31C,pass@9,4.0,8.0,5.0,9.0,12.0,14.0,32.0,50.19,2.25,112.93,6.27,0.0167,4.0,29.0,29.0,10.34,73.06,73.73
31C,pass@10,4.0,8.0,6.0,10.0,12.0,16.0,32.0,57.36,2.5,143.4,7.97,0.0191,4.0,31.0,31.0,19.35,77.06,77.73
31C,pass@3,5.0,9.0,9.0,15.0,14.0,24.0,40.14,91.38,4.17,380.74,21.15,0.0305,4.0,40.0,40.0,22.5,74.04,75.12
31C,pass@18,4.0,7.0,4.0,7.0,11.0,11.0,27.65,38.05,2.0,76.11,4.23,0.0127,4.0,26.0,26.0,3.85,68.55,69.09
31C,pass@22,4.0,5.0,4.0,7.0,9.0,11.0,19.61,34.87,2.8,97.63,5.42,0.0116,0.0,26.0,26.0,7.69,73.15,74.23
31C,pass@19,4.0,5.0,4.0,7.0,9.0,11.0,19.61,34.87,2.8,97.63,5.42,0.0116,0.0,26.0,26.0,7.69,73.15,74.23
31C,pass@26,4.0,5.0,4.0,7.0,9.0,11.0,19.61,34.87,2.8,97.63,5.42,0.0116,0.0,26.0,26.0,7.69,73.15,74.23
31C,pass@24,4.0,6.0,5.0,9.0,10.0,14.0,23.51,46.51,3.0,139.52,7.75,0.0155,0.0,30.0,30.0,6.67,69.8,71.01
31C,pass@21,4.0,8.0,6.0,10.0,12.0,16.0,32.0,57.36,2.5,143.4,7.97,0.0191,4.0,29.0,29.0,17.24,76.61,77.41
31C,pass@17,5.0,8.0,6.0,11.0,13.0,17.0,35.61,62.91,3.44,216.24,12.01,0.021,0.0,30.0,30.0,6.67,68.88,70.09
31C,pass@29,4.0,7.0,4.0,7.0,11.0,11.0,27.65,38.05,2.0,76.11,4.23,0.0127,4.0,26.0,26.0,3.85,68.55,69.09
31C,pass@28,5.0,8.0,6.0,11.0,13.0,17.0,35.61,62.91,3.44,216.24,12.01,0.021,0.0,30.0,30.0,6.67,68.88,70.09
31C,pass@31,4.0,7.0,4.0,7.0,11.0,11.0,27.65,38.05,2.0,76.11,4.23,0.0127,4.0,26.0,26.0,3.85,68.55,69.09
31C,pass@25,4.0,10.0,8.0,14.0,14.0,22.0,41.22,83.76,2.8,234.53,13.03,0.0279,4.0,41.0,41.0,9.76,67.37,68.45
31C,pass@20,6.0,11.0,11.0,17.0,17.0,28.0,53.56,114.45,4.64,530.63,29.48,0.0381,4.0,42.0,42.0,16.67,70.32,71.53
31C,pass@32,4.0,5.0,4.0,7.0,9.0,11.0,19.61,34.87,2.8,97.63,5.42,0.0116,0.0,26.0,26.0,7.69,73.15,74.23
31C,pass@30,5.0,6.0,9.0,17.0,11.0,26.0,27.12,89.95,7.08,637.11,35.4,0.03,0.0,50.0,50.0,10.0,65.06,67.07
31C,pass@23,5.0,10.0,9.0,15.0,15.0,24.0,44.83,93.77,3.75,351.62,19.53,0.0313,4.0,38.0,38.0,36.84,78.07,79.01
31C,pass@27,5.0,10.0,9.0,15.0,15.0,24.0,44.83,93.77,3.75,351.62,19.53,0.0313,4.0,40.0,40.0,37.5,77.55,78.62
35D,pass@10,4.0,9.0,5.0,10.0,13.0,15.0,36.53,55.51,2.22,123.35,6.85,0.0185,0.0,11.0,11.0,0.0,64.67,65.07
35D,pass@1,4.0,10.0,6.0,12.0,14.0,18.0,41.22,68.53,2.4,164.48,9.14,0.0228,0.0,13.0,13.0,0.0,62.44,62.85
35D,pass@11,4.0,11.0,6.0,12.0,15.0,18.0,46.05,70.32,2.18,153.43,8.52,0.0234,0.0,12.0,12.0,0.0,63.12,63.53
35D,pass@5,4.0,10.0,6.0,12.0,14.0,18.0,41.22,68.53,2.4,164.48,9.14,0.0228,0.0,13.0,13.0,0.0,62.44,62.85
35D,pass@9,4.0,11.0,6.0,12.0,15.0,18.0,46.05,70.32,2.18,153.43,8.52,0.0234,0.0,12.0,12.0,0.0,63.12,63.53
35D,pass@6,4.0,9.0,5.0,10.0,13.0,15.0,36.53,55.51,2.22,123.35,6.85,0.0185,0.0,12.0,12.0,0.0,63.84,64.24
35D,pass@7,4.0,10.0,6.0,12.0,14.0,18.0,41.22,68.53,2.4,164.48,9.14,0.0228,0.0,13.0,13.0,0.0,62.44,62.85
35D,pass@13,4.0,10.0,6.0,12.0,14.0,18.0,41.22,68.53,2.4,164.48,9.14,0.0228,0.0,13.0,13.0,0.0,62.44,62.85
35D,pass@2,4.0,10.0,6.0,12.0,14.0,18.0,41.22,68.53,2.4,164.48,9.14,0.0228,0.0,13.0,13.0,0.0,62.44,62.85
35D,pass@3,4.0,10.0,6.0,12.0,14.0,18.0,41.22,68.53,2.4,164.48,9.14,0.0228,0.0,13.0,13.0,0.0,62.44,62.85
35D,pass@14,4.0,13.0,8.0,16.0,17.0,24.0,56.11,98.1,2.46,241.47,13.42,0.0327,0.0,12.0,12.0,0.0,62.11,62.51
35D,pass@16,4.0,11.0,6.0,12.0,15.0,18.0,46.05,70.32,2.18,153.43,8.52,0.0234,0.0,12.0,12.0,0.0,63.12,63.53
35D,pass@8,4.0,10.0,6.0,12.0,14.0,18.0,41.22,68.53,2.4,164.48,9.14,0.0228,0.0,13.0,13.0,0.0,62.44,62.85
35D,pass@4,4.0,10.0,6.0,12.0,14.0,18.0,41.22,68.53,2.4,164.48,9.14,0.0228,0.0,13.0,13.0,0.0,62.44,62.85
35D,pass@12,4.0,10.0,6.0,12.0,14.0,18.0,41.22,68.53,2.4,164.48,9.14,0.0228,0.0,13.0,13.0,0.0,62.44,62.85
35D,pass@15,4.0,10.0,6.0,12.0,14.0,18.0,41.22,68.53,2.4,164.48,9.14,0.0228,0.0,13.0,13.0,0.0,62.44,62.85
35D,pass@25,4.0,9.0,5.0,10.0,13.0,15.0,36.53,55.51,2.22,123.35,6.85,0.0185,0.0,11.0,11.0,0.0,64.67,65.07
35D,pass@24,4.0,11.0,6.0,12.0,15.0,18.0,46.05,70.32,2.18,153.43,8.52,0.0234,0.0,12.0,12.0,0.0,63.12,63.53
35D,pass@21,4.0,9.0,5.0,10.0,13.0,15.0,36.53,55.51,2.22,123.35,6.85,0.0185,0.0,12.0,12.0,0.0,63.84,64.24
35D,pass@27,4.0,10.0,6.0,12.0,14.0,18.0,41.22,68.53,2.4,164.48,9.14,0.0228,0.0,13.0,13.0,0.0,62.44,62.85
35D,pass@22,4.0,9.0,5.0,10.0,13.0,15.0,36.53,55.51,2.22,123.35,6.85,0.0185,0.0,12.0,12.0,0.0,63.84,64.24
35D,pass@23,4.0,10.0,6.0,12.0,14.0,18.0,41.22,68.53,2.4,164.48,9.14,0.0228,0.0,13.0,13.0,0.0,62.44,62.85
35D,pass@19,4.0,10.0,6.0,12.0,14.0,18.0,41.22,68.53,2.4,164.48,9.14,0.0228,0.0,13.0,13.0,0.0,62.44,62.85
35D,pass@20,4.0,10.0,6.0,12.0,14.0,18.0,41.22,68.53,2.4,164.48,9.14,0.0228,0.0,16.0,16.0,0.0,60.34,60.88
35D,pass@18,4.0,9.0,5.0,10.0,13.0,15.0,36.53,55.51,2.22,123.35,6.85,0.0185,0.0,12.0,12.0,0.0,63.84,64.24
35D,pass@26,4.0,10.0,6.0,12.0,14.0,18.0,41.22,68.53,2.4,164.48,9.14,0.0228,0.0,13.0,13.0,0.0,62.44,62.85
35D,pass@28,4.0,9.0,5.0,10.0,13.0,15.0,36.53,55.51,2.22,123.35,6.85,0.0185,0.0,12.0,12.0,0.0,63.84,64.24
35D,pass@30,4.0,10.0,6.0,12.0,14.0,18.0,41.22,68.53,2.4,164.48,9.14,0.0228,0.0,13.0,13.0,0.0,62.44,62.85
35D,pass@29,4.0,9.0,5.0,10.0,13.0,15.0,36.53,55.51,2.22,123.35,6.85,0.0185,0.0,12.0,12.0,0.0,63.84,64.24
35D,pass@31,4.0,10.0,6.0,12.0,14.0,18.0,41.22,68.53,2.4,164.48,9.14,0.0228,0.0,13.0,13.0,0.0,62.44,62.85
35D,pass@32,4.0,10.0,6.0,12.0,14.0,18.0,41.22,68.53,2.4,164.48,9.14,0.0228,0.0,14.0,15.0,7.14,76.46,76.87
35D,pass@17,4.0,10.0,6.0,12.0,14.0,18.0,41.22,68.53,2.4,164.48,9.14,0.0228,4.0,20.0,20.0,30.0,84.73,84.73
40B,pass@5,6.0,17.0,15.0,30.0,23.0,45.0,85.0,203.56,5.29,1077.67,59.87,0.0679,0.0,11.0,11.0,0.0,60.58,61.12
40B,pass@6,4.0,13.0,12.0,24.0,17.0,36.0,56.11,147.15,3.69,543.32,30.18,0.049,0.0,10.0,10.0,10.0,80.15,80.82
40B,pass@9,4.0,13.0,12.0,24.0,17.0,36.0,56.11,147.15,3.69,543.32,30.18,0.049,0.0,10.0,10.0,10.0,80.15,80.82
40B,pass@15,4.0,13.0,12.0,24.0,17.0,36.0,56.11,147.15,3.69,543.32,30.18,0.049,0.0,10.0,10.0,10.0,80.15,80.82
40B,pass@4,4.0,13.0,12.0,24.0,17.0,36.0,56.11,147.15,3.69,543.32,30.18,0.049,0.0,10.0,10.0,10.0,80.15,80.82
40B,pass@12,5.0,18.0,17.0,34.0,23.0,51.0,86.67,230.7,4.72,1089.42,60.52,0.0769,0.0,11.0,11.0,0.0,60.2,60.74
40B,pass@3,4.0,13.0,12.0,24.0,17.0,36.0,56.11,147.15,3.69,543.32,30.18,0.049,0.0,10.0,10.0,10.0,80.15,80.82
40B,pass@16,4.0,13.0,12.0,24.0,17.0,36.0,56.11,147.15,3.69,543.32,30.18,0.049,0.0,10.0,10.0,10.0,80.15,80.82
40B,pass@8,4.0,13.0,12.0,24.0,17.0,36.0,56.11,147.15,3.69,543.32,30.18,0.049,0.0,10.0,10.0,10.0,80.15,80.82
40B,pass@11,4.0,13.0,12.0,24.0,17.0,36.0,56.11,147.15,3.69,543.32,30.18,0.049,0.0,10.0,10.0,10.0,80.15,80.82
40B,pass@13,7.0,16.0,18.0,34.0,23.0,52.0,83.65,235.23,7.44,1749.49,97.19,0.0784,0.0,13.0,13.0,0.0,58.29,59.1
40B,pass@7,5.0,11.0,18.0,36.0,16.0,54.0,49.66,216.0,8.18,1767.27,98.18,0.072,0.0,18.0,18.0,0.0,55.2,56.27
40B,pass@1,8.0,37.0,36.0,73.0,45.0,109.0,216.75,598.61,7.89,4724.18,262.45,0.1995,0.0,18.0,18.0,0.0,52.1,53.17
40B,pass@10,8.0,43.0,48.0,98.0,51.0,146.0,257.33,828.17,9.12,7549.87,419.44,0.2761,0.0,16.0,16.0,0.0,52.09,53.3
40B,pass@2,10.0,41.0,45.0,91.0,51.0,136.0,252.88,771.45,11.1,8561.21,475.62,0.2571,0.0,28.0,28.0,0.0,46.47,48.21
40B,pass@14,8.0,32.0,36.0,74.0,40.0,110.0,184.0,585.41,9.25,5415.06,300.84,0.1951,0.0,27.0,27.0,0.0,47.52,49.4
40B,pass@17,4.0,9.0,8.0,16.0,13.0,24.0,36.53,88.81,3.56,315.77,17.54,0.0296,0.0,10.0,10.0,0.0,64.0,64.54
40B,pass@22,4.0,9.0,8.0,16.0,13.0,24.0,36.53,88.81,3.56,315.77,17.54,0.0296,0.0,10.0,10.0,0.0,64.0,64.54
40B,pass@24,6.0,12.0,11.0,22.0,18.0,33.0,58.53,137.61,5.5,756.84,42.05,0.0459,0.0,10.0,10.0,0.0,62.54,63.21
40B,pass@26,4.0,9.0,8.0,16.0,13.0,24.0,36.53,88.81,3.56,315.77,17.54,0.0296,0.0,10.0,10.0,0.0,64.0,64.54
40B,pass@23,4.0,13.0,12.0,24.0,17.0,36.0,56.11,147.15,3.69,543.32,30.18,0.049,0.0,10.0,10.0,10.0,80.15,80.82
40B,pass@18,9.0,26.0,24.0,49.0,35.0,73.0,150.74,374.44,8.48,3175.52,176.42,0.1248,0.0,18.0,18.0,0.0,53.79,54.6
40B,pass@28,6.0,17.0,15.0,30.0,23.0,45.0,85.0,203.56,5.29,1077.67,59.87,0.0679,0.0,11.0,11.0,0.0,60.58,61.12
40B,pass@19,6.0,15.0,13.0,26.0,21.0,39.0,74.11,171.3,5.2,890.76,49.49,0.0571,0.0,14.0,14.0,21.43,82.76,83.3
40B,pass@20,7.0,23.0,21.0,42.0,30.0,63.0,123.69,309.13,6.39,1975.77,109.77,0.103,0.0,16.0,16.0,6.25,70.1,70.78
40B,pass@27,7.0,27.0,29.0,58.0,34.0,87.0,148.03,442.61,7.52,3327.77,184.88,0.1475,0.0,16.0,16.0,0.0,54.67,55.21
40B,pass@25,9.0,31.0,29.0,58.0,40.0,87.0,182.11,463.01,8.42,3898.23,216.57,0.1543,0.0,19.0,19.0,0.0,52.5,53.44
40B,pass@21,6.0,24.0,20.0,40.0,30.0,60.0,125.55,294.41,5.0,1472.07,81.78,0.0981,0.0,15.0,15.0,6.67,71.56,71.96
40B,pass@29,9.0,16.0,15.0,30.0,25.0,45.0,92.53,208.97,8.44,1763.21,97.96,0.0697,0.0,18.0,18.0,0.0,55.57,56.37
40B,pass@30,9.0,22.0,24.0,48.0,31.0,72.0,126.64,356.7,9.82,3502.17,194.56,0.1189,0.0,23.0,23.0,0.0,51.21,52.42
40B,pass@32,10.0,33.0,30.0,60.0,43.0,90.0,199.68,488.36,9.09,4439.67,246.65,0.1628,0.0,10.0,10.0,0.0,58.69,59.36
40B,pass@31,9.0,33.0,39.0,79.0,42.0,118.0,194.99,636.29,10.77,6854.62,380.81,0.2121,0.0,23.0,23.0,0.0,49.32,50.66
42C,pass@5,11.0,31.0,31.0,57.0,42.0,88.0,191.63,474.52,10.11,4798.81,266.6,0.1582,13.0,42.0,42.0,2.38,53.29,53.29
42C,pass@16,7.0,33.0,37.0,74.0,40.0,111.0,186.12,590.73,7.85,4636.37,257.58,0.1969,13.0,39.0,39.0,7.69,60.03,60.03
42C,pass@3,9.0,66.0,84.0,171.0,75.0,255.0,427.46,1588.35,11.66,18518.7,1028.82,0.5294,31.0,51.0,51.0,0.0,36.17,36.17
42C,pass@9,8.0,42.0,55.0,111.0,50.0,166.0,250.48,936.88,10.57,9904.16,550.23,0.3123,19.0,53.0,53.0,3.77,50.48,50.48
42C,pass@12,8.0,42.0,55.0,111.0,50.0,166.0,250.48,936.88,10.57,9904.16,550.23,0.3123,19.0,49.0,49.0,6.12,54.11,54.11
42C,pass@10,7.0,36.0,46.0,89.0,43.0,135.0,205.77,732.55,8.65,6338.56,352.14,0.2442,20.0,58.0,58.0,3.45,49.76,49.76
42C,pass@14,7.0,38.0,52.0,105.0,45.0,157.0,219.07,862.22,9.67,8338.58,463.25,0.2874,19.0,66.0,66.0,4.55,49.7,49.7
42C,pass@2,9.0,59.0,79.0,162.0,68.0,241.0,375.61,1467.08,12.36,18127.12,1007.06,0.489,32.0,53.0,53.0,5.66,49.75,49.75
42C,pass@6,9.0,62.0,80.0,160.0,71.0,240.0,397.69,1475.94,11.61,17139.94,952.22,0.492,31.0,52.0,52.0,9.62,53.73,53.73
42C,pass@1,9.0,54.0,61.0,122.0,63.0,183.0,339.29,1093.84,10.17,11120.73,617.82,0.3646,23.0,70.0,70.0,2.86,45.41,45.41
42C,pass@11,10.0,71.0,79.0,159.0,81.0,238.0,469.85,1508.88,11.2,16895.25,938.63,0.503,31.0,61.0,61.0,6.56,49.43,49.43
42C,pass@13,7.0,75.0,88.0,179.0,82.0,267.0,486.81,1697.47,8.35,14179.5,787.75,0.5658,31.0,79.0,79.0,0.0,31.82,31.82
42C,pass@15,7.0,61.0,69.0,143.0,68.0,212.0,381.43,1290.54,8.2,10588.79,588.27,0.4302,31.0,77.0,77.0,3.9,44.53,44.53
42C,pass@4,7.0,65.0,74.0,155.0,72.0,229.0,411.11,1412.91,8.35,11792.39,655.13,0.471,35.0,80.0,80.0,5.0,44.79,44.79
42C,pass@7,9.0,81.0,88.0,185.0,90.0,273.0,542.06,1772.28,10.28,18215.06,1011.95,0.5908,43.0,79.0,79.0,3.8,41.56,41.56
42C,pass@8,7.0,67.0,77.0,159.0,74.0,236.0,426.08,1465.43,8.31,12171.83,676.21,0.4885,34.0,95.0,95.0,8.42,46.66,46.66
42C,pass@19,8.0,42.0,55.0,111.0,50.0,166.0,250.48,936.88,10.57,9904.16,550.23,0.3123,19.0,49.0,49.0,6.12,54.11,54.11
42C,pass@21,8.0,54.0,65.0,131.0,62.0,196.0,334.76,1167.02,9.7,11324.44,629.14,0.389,22.0,54.0,54.0,3.7,49.13,49.13
42C,pass@28,7.0,35.0,38.0,76.0,42.0,114.0,199.18,614.72,7.6,4671.9,259.55,0.2049,12.0,33.0,33.0,6.06,60.01,60.01
42C,pass@30,7.0,33.0,37.0,74.0,40.0,111.0,186.12,590.73,7.85,4636.37,257.58,0.1969,12.0,36.0,36.0,5.56,58.75,58.75
42C,pass@18,9.0,65.0,72.0,145.0,74.0,217.0,419.98,1347.45,10.04,13526.34,751.46,0.4492,24.0,62.0,62.0,3.23,46.39,46.39
42C,pass@17,8.0,93.0,103.0,217.0,101.0,320.0,632.14,2130.63,9.33,19885.86,1104.77,0.7102,40.0,80.0,80.0,3.75,41.22,41.22
42C,pass@26,8.0,61.0,70.0,141.0,69.0,211.0,385.77,1288.9,9.25,11917.03,662.06,0.4296,22.0,69.0,69.0,2.9,45.25,45.25
42C,pass@29,7.0,42.0,55.0,111.0,49.0,166.0,246.13,932.04,9.25,8621.39,478.97,0.3107,19.0,53.0,53.0,3.77,50.49,50.49
42C,pass@24,7.0,55.0,63.0,131.0,62.0,194.0,337.63,1155.11,8.34,9629.45,534.97,0.385,30.0,83.0,83.0,2.41,41.9,41.9
42C,pass@20,8.0,79.0,83.0,171.0,87.0,254.0,522.0,1636.51,8.66,14169.26,787.18,0.5455,34.0,73.0,73.0,8.22,48.64,48.64
42C,pass@23,8.0,61.0,76.0,162.0,69.0,238.0,385.77,1453.83,10.62,15443.95,858.0,0.4846,38.0,82.0,82.0,2.44,40.29,40.29
42C,pass@25,7.0,50.0,53.0,107.0,57.0,160.0,301.84,933.26,7.49,6990.14,388.34,0.3111,29.0,83.0,83.0,7.23,48.9,48.9
42C,pass@27,7.0,48.0,59.0,119.0,55.0,178.0,287.73,1029.08,8.68,8929.43,496.08,0.343,24.0,78.0,78.0,3.85,45.96,45.96
42C,pass@31,8.0,46.0,66.0,132.0,54.0,198.0,278.08,1139.47,11.48,13079.11,726.62,0.3798,20.0,70.0,70.0,5.71,49.56,49.56
42C,pass@32,10.0,55.0,72.0,144.0,65.0,216.0,351.19,1300.83,13.09,17029.07,946.06,0.4336,30.0,52.0,52.0,7.69,52.62,52.62
42C,pass@22,8.0,72.0,77.0,158.0,80.0,235.0,468.23,1485.65,8.78,13040.73,724.49,0.4952,29.0,70.0,70.0,15.71,55.05,55.05
43D,pass@7,6.0,13.0,23.0,44.0,19.0,67.0,63.62,284.61,10.15,2889.9,160.55,0.0949,0.0,37.0,37.0,0.0,46.19,48.61
43D,pass@9,6.0,13.0,23.0,44.0,19.0,67.0,63.62,284.61,10.15,2889.9,160.55,0.0949,0.0,37.0,37.0,0.0,46.19,48.61
43D,pass@3,6.0,13.0,21.0,40.0,19.0,61.0,63.62,259.12,9.23,2391.91,132.88,0.0864,0.0,38.0,38.0,0.0,46.49,48.64
43D,pass@4,6.0,13.0,23.0,44.0,19.0,67.0,63.62,284.61,10.15,2889.9,160.55,0.0949,0.0,37.0,37.0,0.0,46.19,48.61
43D,pass@6,6.0,13.0,21.0,40.0,19.0,61.0,63.62,259.12,9.23,2391.91,132.88,0.0864,0.0,38.0,38.0,0.0,46.49,48.64
43D,pass@14,6.0,13.0,21.0,40.0,19.0,61.0,63.62,259.12,9.23,2391.91,132.88,0.0864,0.0,38.0,38.0,0.0,46.49,48.64
43D,pass@11,6.0,13.0,23.0,44.0,19.0,67.0,63.62,284.61,10.15,2889.9,160.55,0.0949,0.0,37.0,37.0,0.0,46.19,48.61
43D,pass@12,6.0,13.0,22.0,42.0,19.0,64.0,63.62,271.87,9.69,2635.02,146.39,0.0906,0.0,43.0,43.0,0.0,45.04,47.32
43D,pass@8,6.0,13.0,22.0,42.0,19.0,64.0,63.62,271.87,9.69,2635.02,146.39,0.0906,0.0,43.0,43.0,0.0,45.04,47.32
43D,pass@1,6.0,17.0,28.0,53.0,23.0,81.0,85.0,366.41,9.35,3427.0,190.39,0.1221,0.0,46.0,46.0,0.0,42.95,45.78
43D,pass@13,6.0,19.0,32.0,61.0,25.0,93.0,96.22,431.88,9.63,4159.67,231.09,0.144,0.0,46.0,46.0,0.0,42.05,45.28
43D,pass@2,6.0,17.0,30.0,57.0,23.0,87.0,85.0,393.55,10.06,3958.65,219.92,0.1312,0.0,46.0,46.0,0.0,42.46,45.56
43D,pass@15,6.0,13.0,22.0,42.0,19.0,64.0,63.62,271.87,9.69,2635.02,146.39,0.0906,0.0,50.0,50.0,0.0,43.61,45.89
43D,pass@10,6.0,16.0,34.0,62.0,22.0,96.0,79.51,428.11,11.62,4976.73,276.48,0.1427,0.0,54.0,54.0,0.0,40.15,43.78
43D,pass@5,6.0,19.0,30.0,55.0,25.0,85.0,96.22,394.73,8.68,3427.9,190.44,0.1316,0.0,61.0,61.0,0.0,39.51,42.88
43D,pass@22,5.0,11.0,11.0,21.0,16.0,32.0,49.66,128.0,4.77,610.91,33.94,0.0427,0.0,32.0,32.0,0.0,51.2,52.41
43D,pass@16,9.0,26.0,45.0,85.0,35.0,130.0,150.74,666.81,14.71,9809.75,544.99,0.2223,0.0,68.0,66.0,0.0,36.23,40.53
43D,pass@19,6.0,13.0,23.0,44.0,19.0,67.0,63.62,284.61,10.15,2889.9,160.55,0.0949,0.0,37.0,37.0,0.0,46.19,48.61
43D,pass@18,6.0,19.0,32.0,61.0,25.0,93.0,96.22,431.88,9.63,4159.67,231.09,0.144,0.0,46.0,46.0,0.0,42.05,45.28
43D,pass@20,6.0,17.0,30.0,57.0,23.0,87.0,85.0,393.55,10.06,3958.65,219.92,0.1312,0.0,46.0,46.0,0.0,42.46,45.56
43D,pass@21,6.0,19.0,32.0,61.0,25.0,93.0,96.22,431.88,9.63,4159.67,231.09,0.144,0.0,46.0,46.0,0.0,42.05,45.28
43D,pass@23,6.0,19.0,32.0,61.0,25.0,93.0,96.22,431.88,9.63,4159.67,231.09,0.144,0.0,45.0,45.0,0.0,42.26,45.48
43D,pass@25,6.0,17.0,28.0,53.0,23.0,81.0,85.0,366.41,9.35,3427.0,190.39,0.1221,0.0,47.0,47.0,0.0,42.75,45.57
43D,pass@27,6.0,13.0,22.0,42.0,19.0,64.0,63.62,271.87,9.69,2635.02,146.39,0.0906,0.0,51.0,51.0,0.0,43.42,45.71
43D,pass@29,6.0,17.0,29.0,55.0,23.0,84.0,85.0,379.98,9.71,3688.03,204.89,0.1267,0.0,52.0,52.0,0.0,41.54,44.5
43D,pass@17,7.0,17.0,36.0,67.0,24.0,103.0,89.14,472.25,13.79,6514.29,361.9,0.1574,0.0,62.0,62.0,0.0,38.81,42.18
43D,pass@28,6.0,19.0,32.0,61.0,25.0,93.0,96.22,431.88,9.63,4159.67,231.09,0.144,0.0,58.0,58.0,0.0,39.85,43.08
43D,pass@32,6.0,13.0,23.0,44.0,19.0,67.0,63.62,284.61,10.15,2889.9,160.55,0.0949,0.0,37.0,37.0,0.0,46.19,48.61
43D,pass@24,11.0,24.0,45.0,85.0,35.0,130.0,148.09,666.81,19.48,12988.84,721.6,0.2223,0.0,78.0,78.0,0.0,34.51,38.95
43D,pass@26,8.0,27.0,45.0,85.0,35.0,130.0,152.38,666.81,12.59,8396.83,466.49,0.2223,0.0,79.0,79.0,0.0,34.66,38.83
43D,pass@31,6.0,20.0,33.0,61.0,26.0,94.0,101.95,441.84,9.15,4042.85,224.6,0.1473,0.0,62.0,62.0,0.0,38.75,42.38
43D,pass@30,6.0,23.0,45.0,84.0,29.0,129.0,119.55,626.68,10.96,6866.23,381.46,0.2089,0.0,71.0,71.0,0.0,35.32,40.03
44B,pass@2,8.0,16.0,13.0,26.0,24.0,39.0,88.0,178.81,6.5,1162.29,64.57,0.0596,0.0,15.0,15.0,0.0,57.63,58.57
44B,pass@1,8.0,16.0,13.0,26.0,24.0,39.0,88.0,178.81,6.5,1162.29,64.57,0.0596,0.0,15.0,15.0,0.0,57.63,58.57
44B,pass@3,8.0,16.0,13.0,26.0,24.0,39.0,88.0,178.81,6.5,1162.29,64.57,0.0596,0.0,15.0,15.0,0.0,57.63,58.57
44B,pass@14,8.0,16.0,13.0,26.0,24.0,39.0,88.0,178.81,6.5,1162.29,64.57,0.0596,0.0,15.0,15.0,0.0,57.63,58.57
44B,pass@11,8.0,16.0,13.0,26.0,24.0,39.0,88.0,178.81,6.5,1162.29,64.57,0.0596,0.0,15.0,15.0,0.0,57.63,58.57
44B,pass@7,8.0,16.0,13.0,26.0,24.0,39.0,88.0,178.81,6.5,1162.29,64.57,0.0596,0.0,15.0,15.0,0.0,57.63,58.57
44B,pass@6,8.0,16.0,13.0,26.0,24.0,39.0,88.0,178.81,6.5,1162.29,64.57,0.0596,0.0,15.0,15.0,0.0,57.63,58.57
44B,pass@9,8.0,16.0,12.0,24.0,24.0,36.0,88.0,165.06,6.0,990.35,55.02,0.055,0.0,13.0,13.0,0.0,59.37,60.17
44B,pass@12,8.0,16.0,13.0,26.0,24.0,39.0,88.0,178.81,6.5,1162.29,64.57,0.0596,0.0,15.0,15.0,0.0,57.63,58.57
44B,pass@15,8.0,16.0,13.0,26.0,24.0,39.0,88.0,178.81,6.5,1162.29,64.57,0.0596,0.0,15.0,15.0,0.0,57.63,58.57
44B,pass@10,8.0,16.0,13.0,26.0,24.0,39.0,88.0,178.81,6.5,1162.29,64.57,0.0596,0.0,15.0,15.0,0.0,57.63,58.57
44B,pass@13,8.0,16.0,13.0,26.0,24.0,39.0,88.0,178.81,6.5,1162.29,64.57,0.0596,0.0,15.0,15.0,0.0,57.63,58.57
44B,pass@4,8.0,16.0,13.0,26.0,24.0,39.0,88.0,178.81,6.5,1162.29,64.57,0.0596,0.0,15.0,15.0,0.0,57.63,58.57
44B,pass@8,8.0,16.0,13.0,26.0,24.0,39.0,88.0,178.81,6.5,1162.29,64.57,0.0596,0.0,15.0,15.0,0.0,57.63,58.57
44B,pass@16,9.0,24.0,21.0,43.0,33.0,64.0,138.57,322.84,8.06,2602.91,144.61,0.1076,0.0,14.0,14.0,0.0,56.35,57.43
44B,pass@5,8.0,16.0,13.0,26.0,24.0,39.0,88.0,178.81,6.5,1162.29,64.57,0.0596,0.0,15.0,15.0,0.0,57.63,58.57
44B,pass@19,8.0,16.0,13.0,26.0,24.0,39.0,88.0,178.81,6.5,1162.29,64.57,0.0596,0.0,15.0,15.0,0.0,57.63,58.57
44B,pass@17,8.0,16.0,13.0,26.0,24.0,39.0,88.0,178.81,6.5,1162.29,64.57,0.0596,0.0,15.0,15.0,0.0,57.63,58.57
44B,pass@18,8.0,16.0,13.0,26.0,24.0,39.0,88.0,178.81,6.5,1162.29,64.57,0.0596,0.0,15.0,15.0,0.0,57.63,58.57
44B,pass@21,8.0,16.0,13.0,26.0,24.0,39.0,88.0,178.81,6.5,1162.29,64.57,0.0596,0.0,15.0,15.0,0.0,57.63,58.57
44B,pass@24,8.0,16.0,12.0,24.0,24.0,36.0,88.0,165.06,6.0,990.35,55.02,0.055,0.0,13.0,13.0,0.0,59.37,60.17
44B,pass@25,8.0,16.0,13.0,26.0,24.0,39.0,88.0,178.81,6.5,1162.29,64.57,0.0596,0.0,15.0,15.0,0.0,57.63,58.57
44B,pass@29,8.0,16.0,12.0,24.0,24.0,36.0,88.0,165.06,6.0,990.35,55.02,0.055,0.0,13.0,13.0,0.0,59.37,60.17
44B,pass@27,8.0,16.0,13.0,26.0,24.0,39.0,88.0,178.81,6.5,1162.29,64.57,0.0596,0.0,15.0,15.0,0.0,57.63,58.57
44B,pass@30,8.0,16.0,13.0,26.0,24.0,39.0,88.0,178.81,6.5,1162.29,64.57,0.0596,0.0,15.0,15.0,0.0,57.63,58.57
44B,pass@22,8.0,16.0,13.0,26.0,24.0,39.0,88.0,178.81,6.5,1162.29,64.57,0.0596,0.0,15.0,15.0,0.0,57.63,58.57
44B,pass@23,8.0,16.0,13.0,26.0,24.0,39.0,88.0,178.81,6.5,1162.29,64.57,0.0596,0.0,15.0,15.0,0.0,57.63,58.57
44B,pass@28,8.0,16.0,13.0,26.0,24.0,39.0,88.0,178.81,6.5,1162.29,64.57,0.0596,0.0,15.0,15.0,0.0,57.63,58.57
44B,pass@20,8.0,16.0,13.0,26.0,24.0,39.0,88.0,178.81,6.5,1162.29,64.57,0.0596,0.0,15.0,15.0,0.0,57.63,58.57
44B,pass@26,8.0,16.0,13.0,26.0,24.0,39.0,88.0,178.81,6.5,1162.29,64.57,0.0596,0.0,15.0,15.0,0.0,57.63,58.57
44B,pass@32,8.0,18.0,13.0,27.0,26.0,40.0,99.06,188.02,6.0,1128.11,62.67,0.0627,0.0,11.0,11.0,0.0,60.55,61.36
44B,pass@31,8.0,16.0,13.0,26.0,24.0,39.0,88.0,178.81,6.5,1162.29,64.57,0.0596,0.0,15.0,15.0,0.0,57.63,58.57
47A,pass@2,4.0,7.0,5.0,10.0,11.0,15.0,27.65,51.89,2.86,148.26,8.24,0.0173,0.0,7.0,7.0,0.0,69.02,69.56
47A,pass@9,4.0,7.0,5.0,10.0,11.0,15.0,27.65,51.89,2.86,148.26,8.24,0.0173,0.0,7.0,7.0,0.0,69.02,69.56
47A,pass@7,4.0,7.0,5.0,10.0,11.0,15.0,27.65,51.89,2.86,148.26,8.24,0.0173,0.0,7.0,7.0,0.0,69.02,69.56
47A,pass@8,4.0,7.0,4.0,8.0,11.0,12.0,27.65,41.51,2.29,94.89,5.27,0.0138,0.0,7.0,7.0,0.0,69.7,70.23
47A,pass@1,4.0,7.0,5.0,10.0,11.0,15.0,27.65,51.89,2.86,148.26,8.24,0.0173,0.0,7.0,7.0,0.0,69.02,69.56
47A,pass@3,7.0,15.0,8.0,16.0,22.0,24.0,78.25,107.03,3.73,399.57,22.2,0.0357,0.0,6.0,6.0,0.0,68.41,68.81
47A,pass@14,4.0,7.0,5.0,10.0,11.0,15.0,27.65,51.89,2.86,148.26,8.24,0.0173,0.0,7.0,7.0,0.0,69.02,69.56
47A,pass@13,4.0,7.0,4.0,8.0,11.0,12.0,27.65,41.51,2.29,94.89,5.27,0.0138,0.0,7.0,7.0,14.29,90.33,90.86
47A,pass@4,4.0,7.0,4.0,8.0,11.0,12.0,27.65,41.51,2.29,94.89,5.27,0.0138,0.0,7.0,7.0,14.29,90.33,90.86
47A,pass@11,4.0,7.0,4.0,8.0,11.0,12.0,27.65,41.51,2.29,94.89,5.27,0.0138,0.0,7.0,7.0,14.29,90.33,90.86
47A,pass@10,4.0,7.0,4.0,8.0,11.0,12.0,27.65,41.51,2.29,94.89,5.27,0.0138,0.0,7.0,7.0,14.29,90.33,90.86
47A,pass@5,4.0,7.0,4.0,8.0,11.0,12.0,27.65,41.51,2.29,94.89,5.27,0.0138,0.0,7.0,7.0,14.29,90.33,90.86
47A,pass@6,4.0,7.0,4.0,8.0,11.0,12.0,27.65,41.51,2.29,94.89,5.27,0.0138,0.0,7.0,7.0,14.29,90.33,90.86
47A,pass@12,4.0,7.0,4.0,8.0,11.0,12.0,27.65,41.51,2.29,94.89,5.27,0.0138,0.0,7.0,7.0,14.29,90.33,90.86
47A,pass@15,4.0,7.0,4.0,8.0,11.0,12.0,27.65,41.51,2.29,94.89,5.27,0.0138,0.0,7.0,7.0,14.29,90.33,90.86
47A,pass@16,4.0,7.0,5.0,10.0,11.0,15.0,27.65,51.89,2.86,148.26,8.24,0.0173,0.0,7.0,7.0,0.0,69.02,69.56
47A,pass@17,4.0,7.0,5.0,10.0,11.0,15.0,27.65,51.89,2.86,148.26,8.24,0.0173,0.0,7.0,7.0,0.0,69.02,69.56
47A,pass@19,4.0,7.0,4.0,8.0,11.0,12.0,27.65,41.51,2.29,94.89,5.27,0.0138,0.0,7.0,7.0,0.0,69.7,70.23
47A,pass@24,4.0,7.0,5.0,10.0,11.0,15.0,27.65,51.89,2.86,148.26,8.24,0.0173,0.0,7.0,7.0,0.0,69.02,69.56
47A,pass@21,4.0,7.0,5.0,10.0,11.0,15.0,27.65,51.89,2.86,148.26,8.24,0.0173,0.0,7.0,7.0,0.0,69.02,69.56
47A,pass@22,4.0,7.0,4.0,8.0,11.0,12.0,27.65,41.51,2.29,94.89,5.27,0.0138,0.0,7.0,7.0,14.29,90.33,90.86
47A,pass@30,4.0,7.0,5.0,10.0,11.0,15.0,27.65,51.89,2.86,148.26,8.24,0.0173,0.0,7.0,7.0,0.0,69.02,69.56
47A,pass@31,4.0,7.0,5.0,10.0,11.0,15.0,27.65,51.89,2.86,148.26,8.24,0.0173,0.0,7.0,7.0,0.0,69.02,69.56
47A,pass@28,4.0,7.0,4.0,8.0,11.0,12.0,27.65,41.51,2.29,94.89,5.27,0.0138,0.0,7.0,7.0,14.29,90.33,90.86
47A,pass@20,4.0,7.0,4.0,8.0,11.0,12.0,27.65,41.51,2.29,94.89,5.27,0.0138,0.0,7.0,7.0,14.29,90.33,90.86
47A,pass@23,4.0,7.0,4.0,8.0,11.0,12.0,27.65,41.51,2.29,94.89,5.27,0.0138,0.0,7.0,7.0,14.29,90.33,90.86
47A,pass@29,4.0,7.0,4.0,8.0,11.0,12.0,27.65,41.51,2.29,94.89,5.27,0.0138,0.0,7.0,7.0,14.29,90.33,90.86
47A,pass@25,4.0,7.0,4.0,8.0,11.0,12.0,27.65,41.51,2.29,94.89,5.27,0.0138,0.0,7.0,7.0,14.29,90.33,90.86
47A,pass@26,4.0,7.0,4.0,8.0,11.0,12.0,27.65,41.51,2.29,94.89,5.27,0.0138,0.0,7.0,7.0,14.29,90.33,90.86
47A,pass@27,4.0,7.0,5.0,10.0,11.0,15.0,27.65,51.89,2.86,148.26,8.24,0.0173,0.0,7.0,7.0,0.0,69.02,69.56
47A,pass@18,4.0,7.0,5.0,10.0,11.0,15.0,27.65,51.89,2.86,148.26,8.24,0.0173,0.0,7.0,7.0,0.0,69.02,69.56
47A,pass@32,4.0,7.0,5.0,10.0,11.0,15.0,27.65,51.89,2.86,148.26,8.24,0.0173,0.0,7.0,7.0,0.0,69.02,69.56
47C,pass@9,11.0,76.0,62.0,128.0,87.0,190.0,512.9,1224.16,9.26,11339.58,629.98,0.4081,33.0,64.0,56.0,15.62,57.17,57.17
47C,pass@4,9.0,67.0,43.0,90.0,76.0,133.0,434.96,830.97,6.04,5023.05,279.06,0.277,30.0,46.0,37.0,58.7,70.55,70.55
47C,pass@5,8.0,36.0,37.0,68.0,44.0,105.0,210.12,573.24,7.56,4331.15,240.62,0.1911,28.0,56.0,56.0,44.64,67.52,67.52
47C,pass@10,11.0,60.0,57.0,120.0,71.0,177.0,392.47,1088.51,11.0,11973.56,665.2,0.3628,32.0,46.0,43.0,45.65,67.61,67.61
47C,pass@11,9.0,44.0,43.0,84.0,53.0,127.0,268.74,727.45,8.59,6249.42,347.19,0.2425,32.0,65.0,65.0,44.62,64.84,64.84
47C,pass@14,7.0,56.0,48.0,92.0,63.0,140.0,344.86,836.82,5.75,4811.71,267.32,0.2789,0.0,41.0,41.0,56.1,69.82,73.59
47C,pass@2,8.0,46.0,42.0,84.0,54.0,126.0,278.08,725.12,7.3,5296.5,294.25,0.2417,31.0,52.0,49.0,53.85,68.13,68.13
47C,pass@7,7.0,64.0,57.0,115.0,71.0,172.0,403.65,1057.76,6.29,6652.3,369.57,0.3526,43.0,82.0,83.0,39.02,59.31,59.31
47C,pass@6,8.0,54.0,49.0,95.0,62.0,144.0,334.76,857.4,7.04,6033.59,335.2,0.2858,36.0,76.0,76.0,50.0,62.67,62.67
47C,pass@12,9.0,59.0,59.0,115.0,68.0,174.0,375.61,1059.22,8.77,9290.6,516.14,0.3531,44.0,88.0,88.0,40.91,58.85,58.85
47C,pass@1,9.0,56.0,49.0,92.0,65.0,141.0,353.74,849.15,7.39,6277.67,348.76,0.2831,40.0,72.0,72.0,58.33,62.83,62.83
47C,pass@8,6.0,82.0,51.0,106.0,88.0,157.0,536.83,1014.13,3.88,3932.85,218.49,0.338,41.0,53.0,53.0,100.0,61.47,61.47
47C,pass@16,8.0,44.0,33.0,68.0,52.0,101.0,264.21,575.74,6.18,3559.15,197.73,0.1919,35.0,56.0,54.0,108.93,62.44,62.44
47C,pass@15,8.0,41.0,29.0,56.0,49.0,85.0,243.66,477.25,5.46,2607.42,144.86,0.1591,32.0,59.0,59.0,142.37,56.45,56.45
47C,pass@22,7.0,54.0,51.0,100.0,61.0,151.0,330.42,895.54,6.48,5804.43,322.47,0.2985,31.0,62.0,62.0,29.03,62.07,62.33
47C,pass@18,10.0,58.0,58.0,121.0,68.0,179.0,372.98,1089.66,10.43,11366.24,631.46,0.3632,0.0,66.0,59.0,27.27,61.48,65.92
47C,pass@17,9.0,57.0,41.0,80.0,66.0,121.0,361.0,731.37,6.32,4619.19,256.62,0.2438,30.0,53.0,53.0,52.83,67.48,67.48
47C,pass@20,9.0,49.0,37.0,70.0,58.0,107.0,303.65,626.8,6.43,4029.45,223.86,0.2089,26.0,49.0,49.0,63.27,69.2,69.2
47C,pass@3,10.0,55.0,44.0,78.0,65.0,122.0,351.19,734.73,7.09,5209.9,289.44,0.2449,55.0,105.0,105.0,86.67,55.83,55.83
47C,pass@13,12.0,104.0,97.0,193.0,116.0,290.0,739.87,1988.81,11.13,22144.68,1230.26,0.6629,61.0,124.0,124.0,55.65,52.26,52.26
47C,pass@27,8.0,46.0,47.0,89.0,54.0,136.0,278.08,782.66,7.74,6057.14,336.51,0.2609,32.0,62.0,62.0,29.03,62.61,62.61
47C,pass@24,10.0,63.0,47.0,102.0,73.0,149.0,409.79,922.28,8.1,7466.11,414.78,0.3074,33.0,49.0,47.0,61.22,67.53,67.53
47C,pass@26,7.0,57.0,44.0,88.0,64.0,132.0,352.13,792.0,5.4,4279.58,237.75,0.264,36.0,54.0,54.0,53.7,66.27,66.27
47C,pass@25,11.0,62.0,52.0,100.0,73.0,152.0,407.21,940.85,8.87,8346.28,463.68,0.3136,38.0,61.0,61.0,47.54,64.07,64.07
47C,pass@29,6.0,42.0,31.0,56.0,48.0,87.0,241.99,485.89,4.0,1943.57,107.98,0.162,27.0,54.0,54.0,57.41,69.01,69.01
47C,pass@19,10.0,58.0,60.0,121.0,68.0,181.0,372.98,1101.83,10.43,11493.23,638.51,0.3673,36.0,80.0,80.0,76.25,60.75,60.75
47C,pass@30,10.0,59.0,49.0,91.0,69.0,140.0,380.3,855.19,7.71,6595.14,366.4,0.2851,35.0,81.0,81.0,28.4,59.24,59.24
47C,pass@28,10.0,46.0,41.0,76.0,56.0,117.0,287.3,679.46,8.26,5612.93,311.83,0.2265,29.0,72.0,72.0,56.94,64.99,64.99
47C,pass@32,9.0,72.0,63.0,128.0,81.0,191.0,472.76,1210.91,8.0,9687.29,538.18,0.4036,45.0,93.0,93.0,64.52,58.53,58.53
47C,pass@31,11.0,103.0,101.0,203.0,114.0,304.0,726.76,2077.2,10.84,22516.43,1250.91,0.6924,72.0,99.0,99.0,70.71,52.36,52.36
47C,pass@23,6.0,37.0,29.0,52.0,43.0,81.0,208.26,439.53,4.22,1853.14,102.95,0.1465,21.0,35.0,32.0,708.57,25.53,25.53
47C,pass@21,6.0,52.0,34.0,68.0,58.0,102.0,311.93,597.51,3.92,2344.09,130.23,0.1992,25.0,21.0,21.0,1171.43,69.51,69.51
48B,pass@6,6.0,30.0,36.0,72.0,36.0,108.0,162.72,558.35,7.2,4020.13,223.34,0.1861,0.0,26.0,26.0,11.54,66.81,68.82
48B,pass@1,6.0,30.0,36.0,72.0,36.0,108.0,162.72,558.35,7.2,4020.13,223.34,0.1861,0.0,26.0,26.0,7.69,63.78,65.79
48B,pass@9,6.0,30.0,36.0,72.0,36.0,108.0,162.72,558.35,7.2,4020.13,223.34,0.1861,0.0,26.0,26.0,7.69,63.78,65.79
48B,pass@16,6.0,30.0,36.0,72.0,36.0,108.0,162.72,558.35,7.2,4020.13,223.34,0.1861,0.0,26.0,26.0,11.54,66.81,68.82
48B,pass@12,6.0,30.0,36.0,72.0,36.0,108.0,162.72,558.35,7.2,4020.13,223.34,0.1861,0.0,26.0,26.0,7.69,63.78,65.79
48B,pass@7,6.0,30.0,36.0,72.0,36.0,108.0,162.72,558.35,7.2,4020.13,223.34,0.1861,0.0,26.0,26.0,11.54,66.81,68.82
48B,pass@5,6.0,30.0,36.0,72.0,36.0,108.0,162.72,558.35,7.2,4020.13,223.34,0.1861,0.0,26.0,26.0,11.54,66.81,68.82
48B,pass@11,6.0,30.0,36.0,72.0,36.0,108.0,162.72,558.35,7.2,4020.13,223.34,0.1861,0.0,26.0,26.0,11.54,66.81,68.82
48B,pass@2,6.0,30.0,36.0,72.0,36.0,108.0,162.72,558.35,7.2,4020.13,223.34,0.1861,0.0,26.0,26.0,11.54,66.81,68.82
48B,pass@3,6.0,30.0,36.0,72.0,36.0,108.0,162.72,558.35,7.2,4020.13,223.34,0.1861,0.0,26.0,26.0,11.54,66.81,68.82
48B,pass@15,6.0,30.0,36.0,72.0,36.0,108.0,162.72,558.35,7.2,4020.13,223.34,0.1861,0.0,26.0,26.0,11.54,66.81,68.82
48B,pass@13,6.0,30.0,36.0,72.0,36.0,108.0,162.72,558.35,7.2,4020.13,223.34,0.1861,0.0,26.0,26.0,11.54,66.81,68.82
48B,pass@10,6.0,30.0,36.0,72.0,36.0,108.0,162.72,558.35,7.2,4020.13,223.34,0.1861,0.0,26.0,26.0,11.54,66.81,68.82
48B,pass@4,6.0,30.0,36.0,72.0,36.0,108.0,162.72,558.35,7.2,4020.13,223.34,0.1861,0.0,26.0,26.0,11.54,66.81,68.82
48B,pass@8,6.0,30.0,36.0,72.0,36.0,108.0,162.72,558.35,7.2,4020.13,223.34,0.1861,0.0,26.0,26.0,11.54,66.81,68.82
48B,pass@14,6.0,30.0,36.0,72.0,36.0,108.0,162.72,558.35,7.2,4020.13,223.34,0.1861,0.0,26.0,26.0,11.54,66.81,68.82
48B,pass@19,6.0,30.0,36.0,72.0,36.0,108.0,162.72,558.35,7.2,4020.13,223.34,0.1861,0.0,26.0,26.0,11.54,66.81,68.82
48B,pass@21,6.0,30.0,36.0,72.0,36.0,108.0,162.72,558.35,7.2,4020.13,223.34,0.1861,0.0,26.0,26.0,11.54,66.81,68.82
48B,pass@28,6.0,30.0,36.0,72.0,36.0,108.0,162.72,558.35,7.2,4020.13,223.34,0.1861,0.0,26.0,26.0,11.54,66.81,68.82
48B,pass@22,6.0,30.0,36.0,72.0,36.0,108.0,162.72,558.35,7.2,4020.13,223.34,0.1861,0.0,26.0,26.0,11.54,66.81,68.82
48B,pass@24,6.0,30.0,36.0,72.0,36.0,108.0,162.72,558.35,7.2,4020.13,223.34,0.1861,0.0,26.0,26.0,11.54,66.81,68.82
48B,pass@30,6.0,30.0,36.0,72.0,36.0,108.0,162.72,558.35,7.2,4020.13,223.34,0.1861,0.0,26.0,26.0,11.54,66.81,68.82
48B,pass@18,6.0,30.0,36.0,72.0,36.0,108.0,162.72,558.35,7.2,4020.13,223.34,0.1861,0.0,26.0,26.0,11.54,66.81,68.82
48B,pass@26,6.0,30.0,36.0,72.0,36.0,108.0,162.72,558.35,7.2,4020.13,223.34,0.1861,0.0,26.0,26.0,11.54,66.81,68.82
48B,pass@17,6.0,30.0,36.0,72.0,36.0,108.0,162.72,558.35,7.2,4020.13,223.34,0.1861,0.0,26.0,26.0,11.54,66.81,68.82
48B,pass@31,6.0,30.0,36.0,72.0,36.0,108.0,162.72,558.35,7.2,4020.13,223.34,0.1861,0.0,26.0,26.0,11.54,66.81,68.82
48B,pass@20,6.0,30.0,36.0,72.0,36.0,108.0,162.72,558.35,7.2,4020.13,223.34,0.1861,0.0,26.0,26.0,7.69,63.78,65.79
48B,pass@25,6.0,30.0,36.0,72.0,36.0,108.0,162.72,558.35,7.2,4020.13,223.34,0.1861,0.0,26.0,26.0,11.54,66.81,68.82
48B,pass@29,6.0,30.0,36.0,72.0,36.0,108.0,162.72,558.35,7.2,4020.13,223.34,0.1861,0.0,26.0,26.0,11.54,66.81,68.82
48B,pass@27,6.0,30.0,36.0,72.0,36.0,108.0,162.72,558.35,7.2,4020.13,223.34,0.1861,0.0,26.0,26.0,11.54,66.81,68.82
48B,pass@32,6.0,30.0,36.0,72.0,36.0,108.0,162.72,558.35,7.2,4020.13,223.34,0.1861,0.0,26.0,26.0,11.54,66.81,68.82
48B,pass@23,6.0,30.0,36.0,72.0,36.0,108.0,162.72,558.35,7.2,4020.13,223.34,0.1861,0.0,26.0,26.0,11.54,66.81,68.82
5A,pass@2,3.0,6.0,3.0,6.0,9.0,9.0,20.26,28.53,1.5,42.79,2.38,0.0095,0.0,20.0,22.0,0.0,59.72,60.53
5A,pass@3,3.0,6.0,3.0,6.0,9.0,9.0,20.26,28.53,1.5,42.79,2.38,0.0095,0.0,20.0,22.0,0.0,59.72,60.53
5A,pass@7,2.0,6.0,3.0,6.0,8.0,9.0,17.51,27.0,1.0,27.0,1.5,0.009,0.0,20.0,24.0,0.0,59.2,59.87
5A,pass@14,2.0,6.0,3.0,6.0,8.0,9.0,17.51,27.0,1.0,27.0,1.5,0.009,0.0,20.0,24.0,0.0,59.2,59.87
5A,pass@5,2.0,6.0,3.0,6.0,8.0,9.0,17.51,27.0,1.0,27.0,1.5,0.009,0.0,20.0,24.0,0.0,59.2,59.87
5A,pass@6,3.0,6.0,3.0,6.0,9.0,9.0,20.26,28.53,1.5,42.79,2.38,0.0095,0.0,19.0,21.0,0.0,60.16,60.97
5A,pass@1,2.0,6.0,3.0,6.0,8.0,9.0,17.51,27.0,1.0,27.0,1.5,0.009,0.0,20.0,24.0,0.0,59.2,59.87
5A,pass@8,5.0,11.0,6.0,11.0,16.0,17.0,49.66,68.0,2.5,170.0,9.44,0.0227,0.0,21.0,23.0,0.0,56.52,57.46
5A,pass@11,5.0,11.0,6.0,11.0,16.0,17.0,49.66,68.0,2.5,170.0,9.44,0.0227,0.0,21.0,23.0,0.0,56.52,57.46
5A,pass@15,2.0,6.0,3.0,6.0,8.0,9.0,17.51,27.0,1.0,27.0,1.5,0.009,0.0,20.0,24.0,0.0,59.2,59.87
5A,pass@13,2.0,6.0,3.0,6.0,8.0,9.0,17.51,27.0,1.0,27.0,1.5,0.009,0.0,20.0,24.0,0.0,59.2,59.87
5A,pass@12,5.0,11.0,6.0,11.0,16.0,17.0,49.66,68.0,2.5,170.0,9.44,0.0227,0.0,21.0,23.0,0.0,56.52,57.46
5A,pass@10,2.0,6.0,3.0,6.0,8.0,9.0,17.51,27.0,1.0,27.0,1.5,0.009,0.0,20.0,24.0,0.0,59.2,59.87
5A,pass@4,2.0,4.0,2.0,4.0,6.0,6.0,10.0,15.51,1.0,15.51,0.86,0.0052,0.0,18.0,20.0,0.0,62.61,63.28
5A,pass@16,5.0,11.0,6.0,11.0,16.0,17.0,49.66,68.0,2.5,170.0,9.44,0.0227,0.0,21.0,23.0,0.0,56.52,57.46
5A,pass@9,3.0,6.0,3.0,6.0,9.0,9.0,20.26,28.53,1.5,42.79,2.38,0.0095,0.0,20.0,22.0,0.0,59.72,60.53
5A,pass@24,3.0,6.0,3.0,6.0,9.0,9.0,20.26,28.53,1.5,42.79,2.38,0.0095,0.0,19.0,21.0,0.0,60.16,60.97
5A,pass@23,2.0,6.0,3.0,6.0,8.0,9.0,17.51,27.0,1.0,27.0,1.5,0.009,0.0,20.0,24.0,0.0,59.2,59.87
5A,pass@27,2.0,6.0,3.0,6.0,8.0,9.0,17.51,27.0,1.0,27.0,1.5,0.009,0.0,20.0,24.0,0.0,59.2,59.87
5A,pass@18,2.0,6.0,3.0,6.0,8.0,9.0,17.51,27.0,1.0,27.0,1.5,0.009,0.0,20.0,24.0,0.0,59.2,59.87
5A,pass@17,3.0,5.0,3.0,6.0,8.0,9.0,16.36,27.0,1.8,48.6,2.7,0.009,0.0,21.0,23.0,0.0,59.47,60.27
5A,pass@26,4.0,11.0,6.0,11.0,15.0,17.0,46.05,66.42,2.0,132.83,7.38,0.0221,0.0,22.0,26.0,0.0,55.57,56.37
5A,pass@21,5.0,11.0,6.0,11.0,16.0,17.0,49.66,68.0,2.5,170.0,9.44,0.0227,0.0,21.0,23.0,0.0,56.52,57.46
5A,pass@22,5.0,11.0,6.0,11.0,16.0,17.0,49.66,68.0,2.5,170.0,9.44,0.0227,0.0,21.0,23.0,0.0,56.52,57.46
5A,pass@25,2.0,6.0,3.0,6.0,8.0,9.0,17.51,27.0,1.0,27.0,1.5,0.009,0.0,20.0,24.0,0.0,59.2,59.87
5A,pass@29,4.0,11.0,6.0,11.0,15.0,17.0,46.05,66.42,2.0,132.83,7.38,0.0221,0.0,22.0,26.0,0.0,55.57,56.37
5A,pass@19,4.0,11.0,6.0,11.0,15.0,17.0,46.05,66.42,2.0,132.83,7.38,0.0221,0.0,22.0,24.0,0.0,56.19,57.13
5A,pass@30,4.0,11.0,6.0,11.0,15.0,17.0,46.05,66.42,2.0,132.83,7.38,0.0221,0.0,22.0,26.0,0.0,55.57,56.37
5A,pass@28,3.0,6.0,3.0,6.0,9.0,9.0,20.26,28.53,1.5,42.79,2.38,0.0095,0.0,19.0,21.0,0.0,60.16,60.97
5A,pass@31,2.0,6.0,3.0,6.0,8.0,9.0,17.51,27.0,1.0,27.0,1.5,0.009,0.0,20.0,24.0,0.0,59.2,59.87
5A,pass@32,2.0,6.0,3.0,6.0,8.0,9.0,17.51,27.0,1.0,27.0,1.5,0.009,0.0,20.0,24.0,0.0,59.2,59.87
5E,pass@6,6.0,16.0,15.0,27.0,22.0,42.0,79.51,187.3,5.06,948.19,52.68,0.0624,9.0,27.0,28.0,0.0,51.31,51.31
5E,pass@10,6.0,17.0,16.0,28.0,23.0,44.0,85.0,199.04,4.94,983.48,54.64,0.0663,9.0,27.0,28.0,0.0,51.12,51.12
5E,pass@14,6.0,16.0,15.0,27.0,22.0,42.0,79.51,187.3,5.06,948.19,52.68,0.0624,9.0,27.0,28.0,0.0,51.31,51.31
5E,pass@12,6.0,17.0,16.0,28.0,23.0,44.0,85.0,199.04,4.94,983.48,54.64,0.0663,9.0,27.0,28.0,0.0,51.12,51.12
5E,pass@4,6.0,16.0,15.0,27.0,22.0,42.0,79.51,187.3,5.06,948.19,52.68,0.0624,9.0,27.0,28.0,0.0,51.31,51.31
5E,pass@15,6.0,16.0,15.0,27.0,22.0,42.0,79.51,187.3,5.06,948.19,52.68,0.0624,9.0,27.0,28.0,0.0,51.31,51.31
5E,pass@2,6.0,17.0,16.0,28.0,23.0,44.0,85.0,199.04,4.94,983.48,54.64,0.0663,9.0,27.0,28.0,3.7,62.48,62.48
5E,pass@11,6.0,17.0,15.0,27.0,23.0,42.0,85.0,189.99,4.76,905.24,50.29,0.0633,9.0,28.0,29.0,0.0,50.93,50.93
5E,pass@8,9.0,22.0,21.0,37.0,31.0,58.0,126.64,287.34,7.57,2174.67,120.81,0.0958,10.0,32.0,33.0,0.0,48.32,48.32
5E,pass@7,6.0,18.0,18.0,32.0,24.0,50.0,90.57,229.25,5.33,1222.66,67.93,0.0764,10.0,32.0,33.0,0.0,49.0,49.0
5E,pass@13,7.0,16.0,15.0,27.0,23.0,42.0,83.65,189.99,5.91,1122.13,62.34,0.0633,9.0,30.0,31.0,0.0,50.3,50.3
5E,pass@5,6.0,18.0,16.0,30.0,24.0,46.0,90.57,210.91,5.0,1054.54,58.59,0.0703,8.0,28.0,29.0,10.71,69.1,69.1
5E,pass@9,6.0,17.0,16.0,28.0,23.0,44.0,85.0,199.04,4.94,983.48,54.64,0.0663,9.0,27.0,28.0,14.81,72.05,72.05
5E,pass@3,10.0,22.0,21.0,39.0,32.0,60.0,131.33,300.0,8.86,2659.09,147.73,0.1,10.0,32.0,33.0,15.62,69.55,69.55
5E,pass@16,8.0,19.0,20.0,36.0,27.0,56.0,104.71,266.27,7.58,2018.07,112.12,0.0888,7.0,31.0,32.0,19.35,72.36,72.36
5E,pass@1,7.0,29.0,37.0,59.0,36.0,96.0,160.53,496.31,7.12,3534.09,196.34,0.1654,21.0,51.0,52.0,0.0,40.87,40.87
5E,pass@21,6.0,17.0,16.0,28.0,23.0,44.0,85.0,199.04,4.94,983.48,54.64,0.0663,9.0,27.0,28.0,0.0,51.12,51.12
5E,pass@23,6.0,16.0,15.0,27.0,22.0,42.0,79.51,187.3,5.06,948.19,52.68,0.0624,9.0,27.0,28.0,0.0,51.31,51.31
5E,pass@17,6.0,17.0,16.0,28.0,23.0,44.0,85.0,199.04,4.94,983.48,54.64,0.0663,9.0,27.0,28.0,0.0,51.12,51.12
5E,pass@22,6.0,17.0,16.0,28.0,23.0,44.0,85.0,199.04,4.94,983.48,54.64,0.0663,9.0,27.0,28.0,0.0,51.12,51.12
5E,pass@18,6.0,17.0,16.0,28.0,23.0,44.0,85.0,199.04,4.94,983.48,54.64,0.0663,9.0,27.0,28.0,0.0,51.12,51.12
5E,pass@24,8.0,20.0,18.0,33.0,28.0,51.0,110.44,245.18,6.6,1618.16,89.9,0.0817,8.0,29.0,30.0,0.0,49.97,49.97
5E,pass@20,9.0,23.0,19.0,35.0,32.0,54.0,132.57,270.0,6.85,1848.91,102.72,0.09,9.0,29.0,30.0,0.0,49.54,49.54
5E,pass@19,7.0,15.0,16.0,29.0,22.0,45.0,78.25,200.67,6.77,1357.9,75.44,0.0669,9.0,29.0,30.0,13.79,70.79,70.79
5E,pass@27,6.0,17.0,16.0,28.0,23.0,44.0,85.0,199.04,4.94,983.48,54.64,0.0663,9.0,27.0,28.0,0.0,51.12,51.12
5E,pass@28,6.0,17.0,16.0,28.0,23.0,44.0,85.0,199.04,4.94,983.48,54.64,0.0663,9.0,27.0,28.0,0.0,51.12,51.12
5E,pass@29,7.0,17.0,16.0,28.0,24.0,44.0,89.14,201.74,5.76,1162.96,64.61,0.0672,9.0,31.0,32.0,0.0,49.82,49.82
5E,pass@30,6.0,17.0,16.0,28.0,23.0,44.0,85.0,199.04,4.94,983.48,54.64,0.0663,9.0,27.0,28.0,0.0,51.12,51.12
5E,pass@26,8.0,16.0,17.0,31.0,24.0,48.0,88.0,220.08,7.75,1705.61,94.76,0.0734,10.0,34.0,35.0,0.0,48.57,48.57
5E,pass@25,6.0,21.0,18.0,34.0,27.0,52.0,107.75,247.25,4.86,1200.95,66.72,0.0824,8.0,28.0,29.0,10.71,68.61,68.61
5E,pass@31,6.0,17.0,15.0,27.0,23.0,42.0,85.0,189.99,4.76,905.24,50.29,0.0633,9.0,28.0,29.0,0.0,50.93,50.93
5E,pass@32,8.0,39.0,33.0,60.0,47.0,93.0,230.13,516.58,6.15,3178.93,176.61,0.1722,9.0,28.0,29.0,0.0,47.89,47.89
56B,pass@1,7.0,17.0,17.0,33.0,24.0,50.0,89.14,229.25,6.79,1557.54,86.53,0.0764,0.0,17.0,18.0,5.88,69.23,70.17
56B,pass@9,6.0,19.0,21.0,35.0,25.0,56.0,96.22,260.06,5.53,1437.15,79.84,0.0867,0.0,20.0,21.0,0.0,53.17,54.25
56B,pass@12,5.0,15.0,18.0,30.0,20.0,48.0,70.21,207.45,5.0,1037.26,57.63,0.0692,0.0,21.0,23.0,0.0,53.13,54.07
56B,pass@10,7.0,17.0,17.0,33.0,24.0,50.0,89.14,229.25,6.79,1557.54,86.53,0.0764,0.0,17.0,18.0,5.88,69.23,70.17
56B,pass@2,6.0,18.0,17.0,31.0,24.0,48.0,90.57,220.08,5.17,1137.07,63.17,0.0734,0.0,20.0,21.0,10.0,71.5,72.57
56B,pass@8,5.0,15.0,18.0,31.0,20.0,49.0,70.21,211.77,5.17,1094.17,60.79,0.0706,0.0,20.0,21.0,0.0,53.93,54.87
56B,pass@7,5.0,16.0,17.0,31.0,21.0,48.0,75.61,210.83,4.84,1021.21,56.73,0.0703,0.0,22.0,25.0,0.0,52.29,53.23
56B,pass@13,7.0,20.0,21.0,41.0,27.0,62.0,106.09,294.8,7.17,2115.21,117.51,0.0983,0.0,19.0,22.0,5.26,65.87,66.81
56B,pass@16,7.0,20.0,21.0,41.0,27.0,62.0,106.09,294.8,7.17,2115.21,117.51,0.0983,0.0,19.0,22.0,5.26,65.87,66.81
56B,pass@3,7.0,20.0,21.0,41.0,27.0,62.0,106.09,294.8,7.17,2115.21,117.51,0.0983,0.0,18.0,20.0,5.56,67.11,68.05
56B,pass@5,5.0,16.0,17.0,31.0,21.0,48.0,75.61,210.83,4.84,1021.21,56.73,0.0703,0.0,22.0,25.0,0.0,52.29,53.23
56B,pass@14,5.0,16.0,17.0,31.0,21.0,48.0,75.61,210.83,4.84,1021.21,56.73,0.0703,0.0,22.0,25.0,0.0,52.29,53.23
56B,pass@4,7.0,20.0,21.0,41.0,27.0,62.0,106.09,294.8,7.17,2115.21,117.51,0.0983,0.0,19.0,22.0,5.26,65.87,66.81
56B,pass@6,5.0,15.0,15.0,27.0,20.0,42.0,70.21,181.52,4.5,816.84,45.38,0.0605,0.0,23.0,26.0,8.7,69.15,70.09
56B,pass@11,6.0,18.0,19.0,35.0,24.0,54.0,90.57,247.59,5.83,1444.26,80.24,0.0825,0.0,21.0,23.0,14.29,73.09,74.16
56B,pass@15,6.0,18.0,17.0,31.0,24.0,48.0,90.57,220.08,5.17,1137.07,63.17,0.0734,0.0,22.0,25.0,18.18,74.63,75.7
56B,pass@17,7.0,20.0,21.0,41.0,27.0,62.0,106.09,294.8,7.17,2115.21,117.51,0.0983,0.0,19.0,22.0,5.26,65.87,66.81
56B,pass@18,5.0,16.0,17.0,31.0,21.0,48.0,75.61,210.83,4.84,1021.21,56.73,0.0703,0.0,22.0,25.0,0.0,52.29,53.23
56B,pass@20,5.0,16.0,17.0,31.0,21.0,48.0,75.61,210.83,4.84,1021.21,56.73,0.0703,0.0,22.0,25.0,0.0,52.29,53.23
56B,pass@25,7.0,17.0,19.0,37.0,24.0,56.0,89.14,256.76,7.62,1955.89,108.66,0.0856,0.0,19.0,22.0,5.26,66.29,67.23
56B,pass@22,7.0,20.0,21.0,41.0,27.0,62.0,106.09,294.8,7.17,2115.21,117.51,0.0983,0.0,19.0,22.0,5.26,65.87,66.81
56B,pass@19,7.0,20.0,21.0,41.0,27.0,62.0,106.09,294.8,7.17,2115.21,117.51,0.0983,0.0,18.0,20.0,5.56,67.11,68.05
56B,pass@21,5.0,16.0,17.0,31.0,21.0,48.0,75.61,210.83,4.84,1021.21,56.73,0.0703,0.0,22.0,25.0,0.0,52.29,53.23
56B,pass@23,7.0,20.0,21.0,41.0,27.0,62.0,106.09,294.8,7.17,2115.21,117.51,0.0983,0.0,19.0,22.0,5.26,65.87,66.81
56B,pass@31,7.0,20.0,21.0,41.0,27.0,62.0,106.09,294.8,7.17,2115.21,117.51,0.0983,0.0,19.0,22.0,5.26,65.87,66.81
56B,pass@28,5.0,16.0,17.0,31.0,21.0,48.0,75.61,210.83,4.84,1021.21,56.73,0.0703,0.0,22.0,25.0,0.0,52.29,53.23
56B,pass@30,6.0,19.0,21.0,35.0,25.0,56.0,96.22,260.06,5.53,1437.15,79.84,0.0867,0.0,22.0,25.0,0.0,51.52,52.6
56B,pass@27,5.0,16.0,17.0,31.0,21.0,48.0,75.61,210.83,4.84,1021.21,56.73,0.0703,0.0,22.0,25.0,0.0,52.29,53.23
56B,pass@29,6.0,18.0,17.0,31.0,24.0,48.0,90.57,220.08,5.17,1137.07,63.17,0.0734,0.0,21.0,23.0,19.05,75.8,76.88
56B,pass@32,7.0,17.0,17.0,33.0,24.0,50.0,89.14,229.25,6.79,1557.54,86.53,0.0764,0.0,18.0,20.0,5.56,67.87,68.81
56B,pass@24,7.0,20.0,22.0,43.0,27.0,65.0,106.09,309.07,7.53,2325.73,129.21,0.103,0.0,22.0,25.0,0.0,50.99,52.07
56B,pass@26,5.0,16.0,20.0,34.0,21.0,54.0,75.61,237.19,5.31,1260.05,70.0,0.0791,0.0,27.0,30.0,7.41,65.57,66.78
65B,pass@10,7.0,17.0,10.0,19.0,24.0,29.0,89.14,132.96,3.91,520.12,28.9,0.0443,9.0,40.0,40.0,2.5,57.71,58.38
65B,pass@5,7.0,17.0,10.0,19.0,24.0,29.0,89.14,132.96,3.91,520.12,28.9,0.0443,9.0,43.0,43.0,0.0,47.48,48.29
65B,pass@8,6.0,19.0,13.0,23.0,25.0,36.0,96.22,167.18,3.63,607.12,33.73,0.0557,0.0,38.0,39.0,5.26,61.09,63.11
65B,pass@1,5.0,14.0,9.0,15.0,19.0,24.0,64.91,101.95,2.68,273.08,15.17,0.034,6.0,39.0,39.0,0.0,49.48,50.42
65B,pass@7,9.0,37.0,24.0,46.0,46.0,70.0,221.28,386.65,5.59,2163.15,120.17,0.1289,7.0,37.0,39.0,2.7,54.26,56.0
65B,pass@9,6.0,33.0,20.0,38.0,39.0,58.0,181.97,306.55,3.45,1059.0,58.83,0.1022,7.0,43.0,45.0,2.33,53.06,54.67
65B,pass@2,8.0,18.0,11.0,21.0,26.0,32.0,99.06,150.41,4.67,701.93,39.0,0.0501,10.0,47.0,47.0,4.26,58.25,59.06
65B,pass@14,7.0,22.0,14.0,26.0,29.0,40.0,117.76,194.32,4.14,803.78,44.65,0.0648,9.0,37.0,37.0,8.11,63.88,64.82
65B,pass@13,7.0,37.0,24.0,45.0,44.0,69.0,212.4,376.7,4.26,1603.52,89.08,0.1256,7.0,49.0,51.0,4.08,53.64,55.66
65B,pass@16,6.0,38.0,26.0,49.0,44.0,75.0,214.93,409.46,3.87,1583.95,88.0,0.1365,7.0,43.0,45.0,2.33,51.91,53.79
65B,pass@15,9.0,26.0,20.0,38.0,35.0,58.0,150.74,297.5,6.58,1956.62,108.7,0.0992,17.0,40.0,41.0,15.0,66.24,66.24
65B,pass@11,8.0,37.0,24.0,45.0,45.0,69.0,216.75,378.94,4.86,1843.48,102.42,0.1263,8.0,51.0,53.0,1.96,49.74,51.62
65B,pass@3,8.0,38.0,26.0,52.0,46.0,78.0,223.42,430.84,5.47,2358.27,131.02,0.1436,21.0,55.0,55.0,0.0,40.23,40.77
65B,pass@4,9.0,49.0,28.0,56.0,58.0,84.0,303.65,492.07,5.14,2530.65,140.59,0.164,13.0,51.0,53.0,5.88,53.85,55.87
65B,pass@6,8.0,51.0,32.0,62.0,59.0,94.0,313.29,552.97,4.86,2688.94,149.39,0.1843,17.0,63.0,66.0,4.76,50.11,51.59
65B,pass@12,10.0,35.0,28.0,56.0,45.0,84.0,212.74,461.32,8.0,3690.53,205.03,0.1538,12.0,69.0,69.0,5.8,51.05,53.61
65B,pass@17,9.0,36.0,24.0,46.0,45.0,70.0,214.65,384.43,5.75,2210.47,122.8,0.1281,7.0,41.0,43.0,2.44,53.01,54.62
65B,pass@20,6.0,36.0,24.0,45.0,42.0,69.0,201.63,372.07,3.75,1395.26,77.51,0.124,7.0,44.0,46.0,0.0,42.9,44.79
65B,pass@27,9.0,37.0,24.0,46.0,46.0,70.0,221.28,386.65,5.59,2163.15,120.17,0.1289,7.0,37.0,39.0,0.0,44.49,46.23
65B,pass@23,6.0,37.0,25.0,48.0,43.0,73.0,208.26,396.12,3.89,1541.65,85.65,0.132,7.0,45.0,47.0,0.0,42.51,44.39
65B,pass@21,8.0,18.0,13.0,23.0,26.0,36.0,99.06,169.22,5.11,864.88,48.05,0.0564,11.0,47.0,47.0,0.0,45.63,46.44
65B,pass@18,8.0,26.0,19.0,36.0,34.0,55.0,146.21,279.81,5.54,1549.72,86.1,0.0933,13.0,38.0,39.0,10.53,63.95,64.62
65B,pass@19,8.0,26.0,18.0,32.0,34.0,50.0,146.21,254.37,4.92,1252.3,69.57,0.0848,9.0,44.0,44.0,9.09,61.72,63.2
65B,pass@25,9.0,39.0,24.0,48.0,48.0,72.0,234.66,402.12,5.54,2227.11,123.73,0.134,17.0,44.0,46.0,0.0,42.67,43.21
65B,pass@22,10.0,39.0,29.0,54.0,49.0,83.0,239.35,466.02,6.92,3226.3,179.24,0.1553,7.0,44.0,46.0,6.82,57.15,59.16
65B,pass@26,6.0,38.0,25.0,47.0,44.0,72.0,214.93,393.08,3.71,1458.53,81.03,0.131,7.0,47.0,49.0,6.38,56.76,58.64
65B,pass@29,6.0,34.0,22.0,41.0,40.0,63.0,188.48,335.28,3.62,1212.93,67.39,0.1118,7.0,46.0,48.0,6.52,57.71,59.46
65B,pass@31,7.0,17.0,10.0,19.0,24.0,29.0,89.14,132.96,3.91,520.12,28.9,0.0443,9.0,43.0,43.0,0.0,47.48,48.29
65B,pass@30,9.0,37.0,24.0,46.0,46.0,70.0,221.28,386.65,5.59,2163.15,120.17,0.1289,7.0,37.0,39.0,2.7,54.26,56.0
65B,pass@24,9.0,28.0,33.0,64.0,37.0,97.0,163.14,505.32,10.29,5197.55,288.75,0.1684,12.0,85.0,85.0,0.0,34.81,37.37
65B,pass@28,8.0,43.0,32.0,61.0,51.0,93.0,257.33,527.54,5.67,2993.46,166.3,0.1758,13.0,65.0,67.0,4.62,49.79,51.95
65B,pass@32,8.0,33.0,23.0,42.0,41.0,65.0,190.47,348.24,5.09,1772.86,98.49,0.1161,9.0,45.0,45.0,6.67,57.82,59.84
68B,pass@3,6.0,15.0,11.0,22.0,21.0,33.0,74.11,144.95,4.4,637.76,35.43,0.0483,0.0,18.0,18.0,0.0,56.81,57.48
68B,pass@2,6.0,15.0,11.0,22.0,21.0,33.0,74.11,144.95,4.4,637.76,35.43,0.0483,0.0,17.0,17.0,0.0,57.35,58.03
68B,pass@11,6.0,15.0,11.0,22.0,21.0,33.0,74.11,144.95,4.4,637.76,35.43,0.0483,0.0,17.0,17.0,0.0,57.35,58.03
68B,pass@10,6.0,15.0,11.0,22.0,21.0,33.0,74.11,144.95,4.4,637.76,35.43,0.0483,0.0,18.0,18.0,0.0,56.81,57.48
68B,pass@16,6.0,15.0,11.0,22.0,21.0,33.0,74.11,144.95,4.4,637.76,35.43,0.0483,0.0,18.0,18.0,0.0,56.81,57.48
68B,pass@4,6.0,15.0,11.0,22.0,21.0,33.0,74.11,144.95,4.4,637.76,35.43,0.0483,0.0,17.0,17.0,0.0,57.35,58.03
68B,pass@7,6.0,15.0,11.0,22.0,21.0,33.0,74.11,144.95,4.4,637.76,35.43,0.0483,0.0,19.0,19.0,0.0,56.3,56.97
68B,pass@6,6.0,15.0,11.0,22.0,21.0,33.0,74.11,144.95,4.4,637.76,35.43,0.0483,0.0,18.0,18.0,0.0,56.81,57.48
68B,pass@1,6.0,15.0,11.0,22.0,21.0,33.0,74.11,144.95,4.4,637.76,35.43,0.0483,0.0,17.0,17.0,0.0,57.35,58.03
68B,pass@5,6.0,15.0,11.0,22.0,21.0,33.0,74.11,144.95,4.4,637.76,35.43,0.0483,3.0,21.0,21.0,0.0,55.35,55.62
68B,pass@8,6.0,15.0,11.0,22.0,21.0,33.0,74.11,144.95,4.4,637.76,35.43,0.0483,0.0,18.0,18.0,0.0,56.81,57.48
68B,pass@13,6.0,15.0,11.0,22.0,21.0,33.0,74.11,144.95,4.4,637.76,35.43,0.0483,0.0,18.0,18.0,0.0,56.81,57.48
68B,pass@14,6.0,15.0,11.0,22.0,21.0,33.0,74.11,144.95,4.4,637.76,35.43,0.0483,0.0,18.0,18.0,0.0,56.81,57.48
68B,pass@12,6.0,15.0,11.0,22.0,21.0,33.0,74.11,144.95,4.4,637.76,35.43,0.0483,0.0,18.0,18.0,0.0,56.81,57.48
68B,pass@15,6.0,15.0,11.0,22.0,21.0,33.0,74.11,144.95,4.4,637.76,35.43,0.0483,3.0,21.0,21.0,0.0,55.35,55.62
68B,pass@9,6.0,15.0,11.0,22.0,21.0,33.0,74.11,144.95,4.4,637.76,35.43,0.0483,0.0,18.0,18.0,0.0,56.81,57.48
68B,pass@17,6.0,15.0,11.0,22.0,21.0,33.0,74.11,144.95,4.4,637.76,35.43,0.0483,0.0,17.0,17.0,0.0,57.35,58.03
68B,pass@18,6.0,15.0,11.0,22.0,21.0,33.0,74.11,144.95,4.4,637.76,35.43,0.0483,0.0,17.0,17.0,0.0,57.35,58.03
68B,pass@23,6.0,15.0,11.0,22.0,21.0,33.0,74.11,144.95,4.4,637.76,35.43,0.0483,0.0,17.0,17.0,0.0,57.35,58.03
68B,pass@24,6.0,15.0,11.0,22.0,21.0,33.0,74.11,144.95,4.4,637.76,35.43,0.0483,0.0,17.0,17.0,0.0,57.35,58.03
68B,pass@20,6.0,15.0,11.0,22.0,21.0,33.0,74.11,144.95,4.4,637.76,35.43,0.0483,0.0,17.0,17.0,0.0,57.35,58.03
68B,pass@25,6.0,15.0,11.0,22.0,21.0,33.0,74.11,144.95,4.4,637.76,35.43,0.0483,0.0,18.0,18.0,0.0,56.81,57.48
68B,pass@21,6.0,15.0,11.0,22.0,21.0,33.0,74.11,144.95,4.4,637.76,35.43,0.0483,3.0,21.0,21.0,0.0,55.35,55.62
68B,pass@19,6.0,15.0,11.0,22.0,21.0,33.0,74.11,144.95,4.4,637.76,35.43,0.0483,3.0,21.0,21.0,0.0,55.35,55.62
68B,pass@27,6.0,15.0,11.0,22.0,21.0,33.0,74.11,144.95,4.4,637.76,35.43,0.0483,0.0,17.0,17.0,0.0,57.35,58.03
68B,pass@28,6.0,15.0,11.0,22.0,21.0,33.0,74.11,144.95,4.4,637.76,35.43,0.0483,0.0,17.0,17.0,0.0,57.35,58.03
68B,pass@22,6.0,15.0,11.0,22.0,21.0,33.0,74.11,144.95,4.4,637.76,35.43,0.0483,0.0,18.0,18.0,0.0,56.81,57.48
68B,pass@29,6.0,15.0,11.0,22.0,21.0,33.0,74.11,144.95,4.4,637.76,35.43,0.0483,0.0,18.0,18.0,0.0,56.81,57.48
68B,pass@26,6.0,15.0,11.0,22.0,21.0,33.0,74.11,144.95,4.4,637.76,35.43,0.0483,0.0,19.0,19.0,0.0,56.3,56.97
68B,pass@31,6.0,15.0,11.0,22.0,21.0,33.0,74.11,144.95,4.4,637.76,35.43,0.0483,0.0,18.0,18.0,0.0,56.81,57.48
68B,pass@32,6.0,15.0,11.0,22.0,21.0,33.0,74.11,144.95,4.4,637.76,35.43,0.0483,0.0,17.0,17.0,0.0,57.35,58.03
68B,pass@30,6.0,15.0,11.0,22.0,21.0,33.0,74.11,144.95,4.4,637.76,35.43,0.0483,0.0,17.0,17.0,0.0,57.35,58.03
74B,pass@11,10.0,19.0,28.0,53.0,29.0,81.0,113.93,393.5,13.95,5488.24,304.9,0.1312,0.0,43.0,43.0,41.86,72.25,74.67
74B,pass@3,12.0,27.0,36.0,68.0,39.0,104.0,171.4,549.68,15.11,8306.3,461.46,0.1832,0.0,49.0,49.0,28.57,67.55,70.1
74B,pass@5,8.0,20.0,31.0,56.0,28.0,87.0,110.44,418.24,11.2,4684.29,260.24,0.1394,0.0,52.0,52.0,32.69,69.01,71.3
74B,pass@14,8.0,30.0,41.0,73.0,38.0,114.0,171.21,598.26,9.73,5823.1,323.51,0.1994,0.0,58.0,58.0,24.14,64.15,66.97
74B,pass@13,10.0,36.0,45.0,81.0,46.0,126.0,219.34,695.97,11.25,7829.65,434.98,0.232,0.0,55.0,55.0,16.36,61.31,63.87
74B,pass@4,9.0,28.0,37.0,68.0,37.0,105.0,163.14,546.99,10.93,5977.85,332.1,0.1823,0.0,54.0,54.0,29.63,66.77,69.46
74B,pass@15,10.0,35.0,44.0,77.0,45.0,121.0,212.74,664.51,11.0,7309.66,406.09,0.2215,0.0,50.0,50.0,22.0,64.5,67.33
74B,pass@10,8.0,25.0,35.0,64.0,33.0,99.0,140.1,499.4,10.24,5113.8,284.1,0.1665,0.0,54.0,54.0,25.93,66.2,68.75
74B,pass@6,13.0,35.0,46.0,84.0,48.0,130.0,227.63,726.05,15.6,11326.3,629.24,0.242,0.0,59.0,59.0,30.51,65.0,67.96
74B,pass@16,8.0,27.0,41.0,76.0,35.0,117.0,152.38,600.13,11.26,6756.98,375.39,0.2,0.0,58.0,58.0,18.97,62.47,65.03
74B,pass@12,11.0,34.0,45.0,84.0,45.0,129.0,211.03,708.45,13.59,9626.57,534.81,0.2361,0.0,68.0,68.0,19.12,59.85,63.08
74B,pass@7,12.0,31.0,44.0,81.0,43.0,125.0,196.6,678.28,15.68,10633.73,590.76,0.2261,0.0,65.0,65.0,29.23,63.99,66.95
74B,pass@1,9.0,31.0,45.0,83.0,40.0,128.0,182.11,681.21,12.05,8207.44,455.97,0.2271,0.0,61.0,61.0,22.95,62.88,65.7
74B,pass@9,12.0,35.0,49.0,92.0,47.0,141.0,222.54,783.2,15.77,12352.14,686.23,0.2611,0.0,71.0,71.0,16.9,57.99,61.36
74B,pass@8,14.0,30.0,43.0,80.0,44.0,123.0,200.51,671.51,18.67,12534.85,696.38,0.2238,0.0,63.0,63.0,41.27,66.0,69.36
74B,pass@17,8.0,29.0,43.0,79.0,37.0,122.0,164.88,635.55,10.9,6925.34,384.74,0.2119,0.0,58.0,58.0,18.97,62.3,64.85
74B,pass@18,12.0,32.0,38.0,71.0,44.0,109.0,203.02,595.08,13.31,7921.98,440.11,0.1984,0.0,58.0,58.0,17.24,61.18,64.27
74B,pass@25,10.0,38.0,45.0,79.0,48.0,124.0,232.64,692.54,10.39,7198.72,399.93,0.2308,0.0,51.0,51.0,21.57,64.03,66.85
74B,pass@23,10.0,33.0,42.0,79.0,43.0,121.0,199.68,656.58,11.97,7859.04,436.61,0.2189,0.0,49.0,49.0,26.53,66.06,69.01
74B,pass@22,10.0,36.0,46.0,82.0,46.0,128.0,219.34,707.02,11.39,8052.13,447.34,0.2357,0.0,54.0,54.0,16.67,61.59,64.15
74B,pass@20,11.0,33.0,40.0,75.0,44.0,115.0,204.52,627.83,12.5,7847.93,436.0,0.2093,0.0,48.0,48.0,27.08,67.08,69.5
74B,pass@27,10.0,31.0,41.0,73.0,41.0,114.0,186.8,610.76,11.77,7191.22,399.51,0.2036,0.0,52.0,52.0,25.0,65.53,68.22
74B,pass@21,9.0,23.0,35.0,67.0,32.0,102.0,132.57,510.0,13.11,6685.43,371.41,0.17,0.0,57.0,57.0,26.32,65.6,68.29
74B,pass@28,9.0,26.0,36.0,66.0,35.0,102.0,150.74,523.19,11.42,5976.4,332.02,0.1744,0.0,66.0,66.0,16.67,60.2,63.16
74B,pass@26,11.0,36.0,50.0,89.0,47.0,139.0,224.17,772.09,13.6,10498.25,583.24,0.2574,0.0,65.0,65.0,24.62,62.18,65.27
74B,pass@29,11.0,34.0,43.0,79.0,45.0,122.0,211.03,670.01,12.78,8562.28,475.68,0.2233,0.0,53.0,53.0,18.87,62.68,65.5
74B,pass@19,12.0,35.0,48.0,90.0,47.0,138.0,222.54,766.53,15.43,11826.51,657.03,0.2555,0.0,68.0,68.0,19.12,59.48,62.84
74B,pass@24,9.0,31.0,43.0,81.0,40.0,124.0,182.11,659.92,11.76,7759.37,431.08,0.22,0.0,58.0,58.0,22.41,63.4,66.09
74B,pass@2,11.0,60.0,93.0,173.0,71.0,266.0,392.47,1635.83,15.86,25941.58,1441.2,0.5453,0.0,137.0,137.0,17.52,47.13,53.18
74B,pass@30,9.0,25.0,37.0,67.0,34.0,104.0,144.63,529.1,12.06,6380.9,354.49,0.1764,0.0,62.0,62.0,17.74,61.68,64.23
74B,pass@31,12.0,34.0,47.0,88.0,46.0,135.0,215.99,745.68,15.53,11579.99,643.33,0.2486,0.0,63.0,63.0,26.98,63.15,66.37
74B,pass@32,9.0,35.0,47.0,85.0,44.0,132.0,208.05,720.64,10.93,7875.62,437.53,0.2402,0.0,59.0,59.0,23.73,63.29,66.11
77A,pass@3,8.0,25.0,16.0,32.0,33.0,48.0,140.1,242.13,5.12,1239.71,68.87,0.0807,16.0,40.0,41.0,7.5,61.69,61.69
77A,pass@16,9.0,30.0,20.0,41.0,39.0,61.0,175.74,322.41,6.15,1982.82,110.16,0.1075,19.0,43.0,43.0,2.33,53.33,53.33
77A,pass@8,9.0,23.0,16.0,31.0,32.0,47.0,132.57,235.0,6.07,1425.33,79.18,0.0783,17.0,47.0,47.0,2.13,53.34,53.34
77A,pass@14,11.0,28.0,18.0,36.0,39.0,54.0,172.66,285.41,7.07,2018.27,112.13,0.0951,17.0,42.0,42.0,7.14,60.49,60.49
77A,pass@4,9.0,18.0,14.0,27.0,27.0,41.0,103.59,194.95,6.75,1315.92,73.11,0.065,19.0,51.0,51.0,5.88,58.25,58.25
77A,pass@12,9.0,26.0,18.0,35.0,35.0,53.0,150.74,271.85,6.06,1646.8,91.49,0.0906,16.0,50.0,50.0,14.0,64.21,64.21
77A,pass@2,13.0,34.0,25.0,50.0,47.0,75.0,221.08,416.59,9.56,3982.15,221.23,0.1389,18.0,57.0,57.0,10.53,59.01,59.14
77A,pass@1,9.0,20.0,22.0,42.0,29.0,64.0,114.97,310.91,9.45,2938.11,163.23,0.1036,21.0,57.0,60.0,14.04,61.42,61.42
77A,pass@10,9.0,20.0,16.0,31.0,29.0,47.0,114.97,228.33,6.97,1592.57,88.48,0.0761,19.0,47.0,47.0,27.66,70.38,70.38
77A,pass@15,10.0,27.0,19.0,37.0,37.0,56.0,161.6,291.73,6.85,1998.89,111.05,0.0972,17.0,47.0,47.0,14.89,64.95,64.95
77A,pass@11,10.0,23.0,27.0,52.0,33.0,79.0,137.26,398.51,11.3,4504.86,250.27,0.1328,23.0,54.0,57.0,20.37,63.93,63.93
77A,pass@13,9.0,26.0,26.0,50.0,35.0,76.0,150.74,389.83,8.65,3373.49,187.42,0.1299,24.0,59.0,59.0,32.2,66.99,66.99
77A,pass@7,10.0,24.0,25.0,48.0,34.0,73.0,143.26,371.38,10.0,3713.85,206.32,0.1238,29.0,59.0,59.0,20.34,62.99,62.99
77A,pass@6,9.0,20.0,19.0,36.0,29.0,55.0,114.97,267.19,8.1,2164.23,120.24,0.0891,17.0,57.0,60.0,22.81,66.37,66.37
77A,pass@5,9.0,20.0,22.0,42.0,29.0,64.0,114.97,310.91,9.45,2938.11,163.23,0.1036,21.0,56.0,59.0,32.14,68.07,68.07
77A,pass@9,10.0,23.0,21.0,41.0,33.0,62.0,137.26,312.75,8.91,2787.58,154.87,0.1043,27.0,61.0,61.0,26.23,65.48,65.48
77A,pass@20,8.0,20.0,14.0,26.0,28.0,40.0,110.44,192.29,5.2,999.93,55.55,0.0641,0.0,39.0,39.0,2.56,56.81,58.82
77A,pass@17,10.0,27.0,18.0,35.0,37.0,53.0,161.6,276.1,6.48,1789.54,99.42,0.092,16.0,40.0,41.0,5.0,58.64,58.64
77A,pass@21,9.0,22.0,14.0,28.0,31.0,42.0,126.64,208.08,5.73,1191.71,66.21,0.0694,0.0,39.0,39.0,10.26,64.92,67.07
77A,pass@19,10.0,21.0,16.0,29.0,31.0,45.0,125.46,222.94,6.9,1539.34,85.52,0.0743,0.0,44.0,44.0,13.64,65.41,67.96
77A,pass@26,8.0,16.0,12.0,22.0,24.0,34.0,88.0,155.89,5.5,857.39,47.63,0.052,0.0,40.0,40.0,2.5,56.96,59.11
77A,pass@23,10.0,23.0,18.0,35.0,33.0,53.0,137.26,267.35,7.61,2034.21,113.01,0.0891,19.0,52.0,52.0,1.92,51.3,51.3
77A,pass@24,9.0,17.0,13.0,25.0,26.0,38.0,98.02,178.62,6.62,1182.02,65.67,0.0595,18.0,49.0,49.0,6.12,59.28,59.28
77A,pass@27,11.0,25.0,17.0,34.0,36.0,51.0,154.15,263.67,7.48,1972.22,109.57,0.0879,15.0,41.0,41.0,2.44,55.15,55.15
77A,pass@22,11.0,24.0,18.0,35.0,35.0,53.0,148.09,271.85,8.02,2180.48,121.14,0.0906,17.0,47.0,47.0,8.51,60.81,60.81
77A,pass@18,10.0,23.0,19.0,36.0,33.0,55.0,137.26,277.44,7.83,2171.28,120.63,0.0925,18.0,50.0,50.0,24.0,68.25,68.25
77A,pass@28,11.0,22.0,15.0,30.0,33.0,45.0,136.16,227.0,7.5,1702.48,94.58,0.0757,18.0,46.0,47.0,2.17,53.4,53.4
77A,pass@30,11.0,25.0,15.0,30.0,36.0,45.0,154.15,232.65,6.6,1535.47,85.3,0.0775,14.0,39.0,39.0,2.56,56.36,56.36
77A,pass@32,9.0,21.0,15.0,30.0,30.0,45.0,120.77,220.81,6.43,1419.49,78.86,0.0736,18.0,47.0,47.0,6.38,59.17,59.31
77A,pass@25,11.0,33.0,30.0,62.0,44.0,92.0,204.52,502.27,10.33,5190.1,288.34,0.1674,30.0,54.0,54.0,24.07,64.13,64.13
77A,pass@31,10.0,22.0,14.0,27.0,32.0,41.0,131.33,205.0,6.14,1257.95,69.89,0.0683,0.0,36.0,37.0,2.78,57.62,59.5
77A,pass@29,10.0,37.0,23.0,47.0,47.0,70.0,225.97,388.82,6.35,2469.54,137.2,0.1296,22.0,46.0,46.0,4.35,55.01,54.88
78A,pass@7,3.0,6.0,3.0,6.0,9.0,9.0,20.26,28.53,1.5,42.79,2.38,0.0095,3.0,13.0,13.0,0.0,64.7,65.11
78A,pass@2,3.0,6.0,3.0,6.0,9.0,9.0,20.26,28.53,1.5,42.79,2.38,0.0095,3.0,18.0,18.0,0.0,61.62,62.02
78A,pass@3,3.0,6.0,3.0,6.0,9.0,9.0,20.26,28.53,1.5,42.79,2.38,0.0095,3.0,16.0,16.0,0.0,62.74,63.14
78A,pass@10,3.0,6.0,3.0,6.0,9.0,9.0,20.26,28.53,1.5,42.79,2.38,0.0095,3.0,18.0,18.0,0.0,61.62,62.02
78A,pass@13,3.0,6.0,3.0,6.0,9.0,9.0,20.26,28.53,1.5,42.79,2.38,0.0095,3.0,19.0,19.0,0.0,61.11,61.51
78A,pass@4,3.0,6.0,3.0,6.0,9.0,9.0,20.26,28.53,1.5,42.79,2.38,0.0095,3.0,18.0,18.0,5.56,75.34,75.74
78A,pass@8,3.0,6.0,3.0,6.0,9.0,9.0,20.26,28.53,1.5,42.79,2.38,0.0095,3.0,18.0,18.0,5.56,75.34,75.74
78A,pass@9,3.0,6.0,3.0,6.0,9.0,9.0,20.26,28.53,1.5,42.79,2.38,0.0095,3.0,20.0,20.0,5.0,73.69,74.09
78A,pass@12,3.0,6.0,3.0,6.0,9.0,9.0,20.26,28.53,1.5,42.79,2.38,0.0095,3.0,13.0,13.0,0.0,64.7,65.11
78A,pass@14,3.0,6.0,3.0,6.0,9.0,9.0,20.26,28.53,1.5,42.79,2.38,0.0095,3.0,18.0,18.0,5.56,75.34,75.74
78A,pass@1,3.0,6.0,3.0,6.0,9.0,9.0,20.26,28.53,1.5,42.79,2.38,0.0095,3.0,18.0,18.0,11.11,80.25,80.65
78A,pass@6,3.0,6.0,3.0,6.0,9.0,9.0,20.26,28.53,1.5,42.79,2.38,0.0095,3.0,18.0,18.0,5.56,75.34,75.74
78A,pass@15,3.0,6.0,3.0,6.0,9.0,9.0,20.26,28.53,1.5,42.79,2.38,0.0095,3.0,18.0,18.0,0.0,61.62,62.02
78A,pass@11,3.0,6.0,3.0,6.0,9.0,9.0,20.26,28.53,1.5,42.79,2.38,0.0095,3.0,18.0,18.0,5.56,75.34,75.74
78A,pass@16,3.0,6.0,3.0,6.0,9.0,9.0,20.26,28.53,1.5,42.79,2.38,0.0095,3.0,19.0,19.0,5.26,74.49,74.89
78A,pass@5,3.0,6.0,3.0,6.0,9.0,9.0,20.26,28.53,1.5,42.79,2.38,0.0095,3.0,18.0,18.0,5.56,75.34,75.74
78A,pass@19,3.0,6.0,3.0,6.0,9.0,9.0,20.26,28.53,1.5,42.79,2.38,0.0095,3.0,18.0,18.0,0.0,61.62,62.02
78A,pass@20,3.0,6.0,3.0,6.0,9.0,9.0,20.26,28.53,1.5,42.79,2.38,0.0095,3.0,18.0,18.0,5.56,75.34,75.74
78A,pass@17,3.0,6.0,3.0,6.0,9.0,9.0,20.26,28.53,1.5,42.79,2.38,0.0095,3.0,18.0,18.0,5.56,75.34,75.74
78A,pass@21,3.0,6.0,3.0,6.0,9.0,9.0,20.26,28.53,1.5,42.79,2.38,0.0095,3.0,17.0,17.0,0.0,62.16,62.57
78A,pass@18,3.0,6.0,3.0,6.0,9.0,9.0,20.26,28.53,1.5,42.79,2.38,0.0095,3.0,18.0,18.0,5.56,75.34,75.74
78A,pass@22,3.0,6.0,3.0,6.0,9.0,9.0,20.26,28.53,1.5,42.79,2.38,0.0095,3.0,18.0,18.0,5.56,75.34,75.74
78A,pass@29,3.0,6.0,3.0,6.0,9.0,9.0,20.26,28.53,1.5,42.79,2.38,0.0095,3.0,18.0,18.0,5.56,75.34,75.74
78A,pass@25,3.0,6.0,3.0,6.0,9.0,9.0,20.26,28.53,1.5,42.79,2.38,0.0095,3.0,17.0,17.0,5.88,76.25,76.65
78A,pass@26,3.0,6.0,3.0,6.0,9.0,9.0,20.26,28.53,1.5,42.79,2.38,0.0095,3.0,18.0,18.0,5.56,75.34,75.74
78A,pass@27,3.0,6.0,3.0,6.0,9.0,9.0,20.26,28.53,1.5,42.79,2.38,0.0095,3.0,18.0,18.0,5.56,75.34,75.74
78A,pass@31,3.0,6.0,3.0,6.0,9.0,9.0,20.26,28.53,1.5,42.79,2.38,0.0095,3.0,18.0,18.0,5.56,75.34,75.74
78A,pass@23,3.0,6.0,3.0,6.0,9.0,9.0,20.26,28.53,1.5,42.79,2.38,0.0095,3.0,18.0,18.0,11.11,80.25,80.65
78A,pass@24,3.0,6.0,3.0,6.0,9.0,9.0,20.26,28.53,1.5,42.79,2.38,0.0095,3.0,18.0,18.0,5.56,75.34,75.74
78A,pass@30,3.0,6.0,3.0,6.0,9.0,9.0,20.26,28.53,1.5,42.79,2.38,0.0095,3.0,17.0,17.0,5.88,76.25,76.65
78A,pass@32,3.0,6.0,3.0,6.0,9.0,9.0,20.26,28.53,1.5,42.79,2.38,0.0095,3.0,18.0,18.0,11.11,80.25,80.65
78A,pass@28,3.0,6.0,3.0,6.0,9.0,9.0,20.26,28.53,1.5,42.79,2.38,0.0095,3.0,18.0,18.0,11.11,80.25,80.65
79B,pass@15,11.0,28.0,21.0,42.0,39.0,63.0,172.66,332.98,8.25,2747.09,152.62,0.111,11.0,37.0,37.0,5.41,60.06,60.2
79B,pass@13,11.0,33.0,32.0,64.0,44.0,96.0,204.52,524.11,10.67,5590.46,310.58,0.1747,11.0,51.0,51.0,5.88,56.18,56.31
79B,pass@11,10.0,27.0,28.0,56.0,37.0,84.0,161.6,437.59,10.37,4538.01,252.11,0.1459,12.0,48.0,48.0,10.42,61.21,61.35
79B,pass@8,11.0,33.0,32.0,64.0,44.0,96.0,204.52,524.11,10.67,5590.46,310.58,0.1747,11.0,53.0,53.0,9.43,59.11,59.24
79B,pass@12,11.0,33.0,32.0,64.0,44.0,96.0,204.52,524.11,10.67,5590.46,310.58,0.1747,11.0,53.0,53.0,11.32,60.5,60.64
79B,pass@7,11.0,30.0,27.0,54.0,41.0,81.0,185.26,433.96,9.9,4296.22,238.68,0.1447,11.0,44.0,47.0,20.45,67.01,67.14
79B,pass@3,11.0,34.0,34.0,68.0,45.0,102.0,211.03,560.17,11.0,6161.86,342.33,0.1867,12.0,56.0,56.0,5.36,54.36,54.5
79B,pass@5,10.0,33.0,31.0,62.0,43.0,93.0,199.68,504.64,9.39,4740.58,263.37,0.1682,11.0,55.0,55.0,12.73,61.19,61.33
79B,pass@1,11.0,33.0,32.0,64.0,44.0,96.0,204.52,524.11,10.67,5590.46,310.58,0.1747,11.0,51.0,51.0,13.73,62.4,62.54
79B,pass@10,11.0,31.0,32.0,64.0,42.0,96.0,191.63,517.66,11.35,5877.97,326.55,0.1726,14.0,48.0,48.0,10.42,60.43,60.57
79B,pass@4,11.0,33.0,32.0,64.0,44.0,96.0,204.52,524.11,10.67,5590.46,310.58,0.1747,11.0,56.0,56.0,12.5,60.77,60.9
79B,pass@6,11.0,33.0,33.0,66.0,44.0,99.0,204.52,540.48,11.0,5945.32,330.3,0.1802,11.0,53.0,53.0,13.21,61.63,61.77
79B,pass@16,11.0,33.0,34.0,68.0,44.0,102.0,204.52,556.86,11.33,6311.1,350.62,0.1856,11.0,57.0,57.0,14.04,61.34,61.48
79B,pass@14,11.0,33.0,33.0,66.0,44.0,99.0,204.52,540.48,11.0,5945.32,330.3,0.1802,11.0,56.0,57.0,16.07,62.54,62.67
79B,pass@2,9.0,29.0,31.0,62.0,38.0,93.0,169.41,488.06,9.62,4695.45,260.86,0.1627,15.0,67.0,67.0,11.94,58.38,58.52
79B,pass@9,11.0,33.0,32.0,64.0,44.0,96.0,204.52,524.11,10.67,5590.46,310.58,0.1747,11.0,54.0,55.0,11.11,60.01,60.14
79B,pass@17,11.0,33.0,34.0,68.0,44.0,102.0,204.52,556.86,11.33,6311.1,350.62,0.1856,12.0,59.0,59.0,6.78,55.42,55.55
79B,pass@19,11.0,33.0,32.0,64.0,44.0,96.0,204.52,524.11,10.67,5590.46,310.58,0.1747,11.0,53.0,53.0,1.89,49.94,50.08
79B,pass@22,11.0,33.0,32.0,64.0,44.0,96.0,204.52,524.11,10.67,5590.46,310.58,0.1747,11.0,51.0,51.0,3.92,53.76,53.89
79B,pass@21,11.0,33.0,32.0,64.0,44.0,96.0,204.52,524.11,10.67,5590.46,310.58,0.1747,11.0,53.0,53.0,11.32,60.5,60.64
79B,pass@20,11.0,28.0,23.0,46.0,39.0,69.0,172.66,364.69,9.04,3295.26,183.07,0.1216,12.0,45.0,46.0,13.33,64.11,64.25
79B,pass@27,11.0,30.0,24.0,48.0,41.0,72.0,185.26,385.74,8.8,3394.54,188.59,0.1286,12.0,43.0,43.0,11.63,63.49,63.63
79B,pass@18,9.0,30.0,21.0,42.0,39.0,63.0,175.74,332.98,6.3,2097.78,116.54,0.111,15.0,50.0,50.0,16.0,64.68,64.81
79B,pass@32,11.0,30.0,22.0,44.0,41.0,66.0,185.26,353.6,8.07,2852.36,158.46,0.1179,11.0,36.0,36.0,5.56,60.31,60.45
79B,pass@26,11.0,33.0,32.0,64.0,44.0,96.0,204.52,524.11,10.67,5590.46,310.58,0.1747,11.0,53.0,53.0,11.32,60.5,60.64
79B,pass@24,11.0,33.0,32.0,64.0,44.0,96.0,204.52,524.11,10.67,5590.46,310.58,0.1747,11.0,55.0,55.0,10.91,59.87,60.0
79B,pass@25,11.0,29.0,22.0,44.0,40.0,66.0,178.94,351.25,8.34,2931.1,162.84,0.1171,12.0,42.0,42.0,28.57,71.18,71.31
79B,pass@30,11.0,32.0,31.0,62.0,43.0,93.0,198.05,504.64,10.66,5377.6,298.76,0.1682,12.0,59.0,59.0,11.86,59.84,59.97
79B,pass@29,9.0,30.0,31.0,62.0,39.0,93.0,175.74,491.54,9.3,4571.34,253.96,0.1638,15.0,62.0,62.0,11.29,58.66,58.79
79B,pass@23,10.0,33.0,31.0,62.0,43.0,93.0,199.68,504.64,9.39,4740.58,263.37,0.1682,11.0,56.0,56.0,19.64,64.56,64.69
79B,pass@28,9.0,31.0,31.0,62.0,40.0,93.0,182.11,494.94,9.0,4454.45,247.47,0.165,15.0,63.0,63.0,20.63,63.36,63.5
79B,pass@31,10.0,33.0,31.0,62.0,43.0,93.0,199.68,504.64,9.39,4740.58,263.37,0.1682,11.0,59.0,59.0,25.42,66.12,66.25
8E,pass@14,6.0,13.0,19.0,35.0,19.0,54.0,63.62,229.39,8.08,1852.75,102.93,0.0765,10.0,33.0,33.0,6.06,63.28,63.28
8E,pass@13,10.0,25.0,28.0,51.0,35.0,79.0,149.32,405.21,10.2,4133.18,229.62,0.1351,8.0,44.0,42.0,20.45,68.82,68.82
8E,pass@3,10.0,24.0,30.0,56.0,34.0,86.0,143.26,437.52,11.67,5104.42,283.58,0.1458,13.0,41.0,44.0,26.83,69.6,69.6
8E,pass@15,10.0,31.0,35.0,65.0,41.0,100.0,186.8,535.76,10.48,5616.79,312.04,0.1786,17.0,53.0,55.0,15.09,61.85,61.72
8E,pass@2,11.0,29.0,33.0,57.0,40.0,90.0,178.94,478.97,10.81,5177.87,287.66,0.1597,16.0,54.0,56.0,22.22,65.18,65.18
8E,pass@16,12.0,28.0,38.0,73.0,40.0,111.0,177.63,590.73,15.64,9240.77,513.38,0.1969,16.0,53.0,54.0,24.53,65.66,65.66
8E,pass@6,10.0,34.0,33.0,63.0,44.0,96.0,206.19,524.11,9.26,4855.68,269.76,0.1747,6.0,58.0,61.0,17.24,63.37,63.37
8E,pass@5,11.0,66.0,74.0,143.0,77.0,217.0,436.98,1359.89,11.92,16205.39,900.3,0.4533,10.0,63.0,65.0,11.11,55.8,55.8
8E,pass@11,10.0,35.0,41.0,77.0,45.0,118.0,212.74,648.04,11.0,7128.43,396.02,0.216,17.0,55.0,57.0,40.0,68.11,67.98
8E,pass@9,9.0,41.0,36.0,69.0,50.0,105.0,248.19,592.6,7.57,4487.9,249.33,0.1975,6.0,57.0,59.0,43.86,69.81,69.81
8E,pass@19,9.0,26.0,25.0,47.0,35.0,72.0,150.74,369.31,8.13,3004.18,166.9,0.1231,6.0,39.0,40.0,41.03,74.65,74.65
8E,pass@8,10.0,31.0,34.0,63.0,41.0,97.0,186.8,519.68,10.16,5280.65,293.37,0.1732,21.0,56.0,63.0,82.14,66.78,66.78
8E,pass@4,9.0,53.0,59.0,115.0,62.0,174.0,332.11,1036.03,9.76,10115.95,562.0,0.3453,9.0,52.0,52.0,65.38,69.32,69.32
8E,pass@22,8.0,28.0,30.0,56.0,36.0,86.0,158.61,444.61,8.0,3556.91,197.61,0.1482,8.0,37.0,38.0,35.14,73.46,73.46
8E,pass@24,12.0,35.0,37.0,69.0,47.0,106.0,222.54,588.79,11.83,6964.5,386.92,0.1963,8.0,73.0,75.0,21.92,62.75,62.75
8E,pass@7,13.0,72.0,69.0,127.0,85.0,196.0,492.34,1256.24,11.47,14403.15,800.17,0.4187,30.0,97.0,99.0,40.21,59.15,59.01
8E,pass@17,11.0,49.0,50.0,95.0,60.0,145.0,313.17,856.5,10.66,9133.08,507.39,0.2855,12.0,57.0,64.0,49.12,67.49,67.49
8E,pass@20,11.0,42.0,47.0,87.0,53.0,134.0,264.53,767.54,11.39,8744.49,485.8,0.2558,20.0,59.0,63.0,42.37,66.65,66.38
8E,pass@18,10.0,22.0,28.0,51.0,32.0,79.0,131.33,395.0,11.59,4578.41,254.36,0.1317,11.0,34.0,37.0,82.35,73.98,73.98
8E,pass@28,12.0,27.0,29.0,55.0,39.0,84.0,171.4,443.97,12.22,5426.35,301.46,0.148,15.0,40.0,42.0,25.0,69.19,69.19
8E,pass@26,10.0,24.0,26.0,50.0,34.0,76.0,143.26,386.65,10.42,4027.57,223.75,0.1289,13.0,47.0,47.0,34.04,71.01,71.01
8E,pass@27,10.0,26.0,28.0,52.0,36.0,80.0,155.43,413.59,10.0,4135.94,229.77,0.1379,13.0,44.0,45.0,34.09,71.22,71.22
8E,pass@25,10.0,32.0,33.0,62.0,42.0,95.0,193.22,512.27,9.69,4962.62,275.7,0.1708,7.0,48.0,50.0,45.83,71.85,71.85
8E,pass@1,11.0,46.0,56.0,109.0,57.0,165.0,292.14,962.43,13.03,12542.93,696.83,0.3208,24.0,84.0,86.0,60.71,62.9,62.9
8E,pass@29,9.0,34.0,30.0,60.0,43.0,90.0,201.5,488.36,7.94,3878.18,215.45,0.1628,9.0,59.0,61.0,32.2,68.01,68.01
8E,pass@10,10.0,23.0,27.0,44.0,33.0,71.0,137.26,358.15,9.57,3425.8,190.32,0.1194,13.0,94.0,50.0,55.32,72.53,72.53
8E,pass@12,12.0,41.0,44.0,84.0,53.0,128.0,262.68,733.17,12.29,9012.67,500.7,0.2444,11.0,68.0,70.0,110.29,62.25,62.25
8E,pass@30,10.0,27.0,33.0,64.0,37.0,97.0,161.6,505.32,11.85,5988.94,332.72,0.1684,20.0,74.0,76.0,27.03,63.1,63.1
8E,pass@32,11.0,30.0,32.0,59.0,41.0,91.0,185.26,487.54,10.82,5273.53,292.97,0.1625,8.0,58.0,60.0,24.14,66.2,66.2
8E,pass@31,11.0,46.0,39.0,74.0,57.0,113.0,292.14,659.12,8.85,5831.75,323.99,0.2197,24.0,64.0,66.0,54.69,66.69,66.56
85A,pass@14,5.0,13.0,11.0,21.0,18.0,32.0,59.72,133.44,4.04,538.88,29.94,0.0445,0.0,11.0,11.0,0.0,62.0,62.4
85A,pass@13,5.0,7.0,6.0,11.0,12.0,17.0,31.26,60.94,3.93,239.42,13.3,0.0203,0.0,18.0,18.0,5.56,73.17,73.84
85A,pass@6,5.0,7.0,6.0,11.0,12.0,17.0,31.26,60.94,3.93,239.42,13.3,0.0203,0.0,19.0,20.0,5.26,71.83,72.5
85A,pass@16,5.0,7.0,6.0,11.0,12.0,17.0,31.26,60.94,3.93,239.42,13.3,0.0203,0.0,18.0,18.0,5.56,73.17,73.84
85A,pass@15,4.0,7.0,6.0,11.0,11.0,17.0,27.65,58.81,3.14,184.83,10.27,0.0196,0.0,18.0,18.0,5.56,73.27,73.95
85A,pass@4,5.0,7.0,6.0,11.0,12.0,17.0,31.26,60.94,3.93,239.42,13.3,0.0203,0.0,19.0,20.0,5.26,71.83,72.5
85A,pass@3,5.0,7.0,6.0,11.0,12.0,17.0,31.26,60.94,3.93,239.42,13.3,0.0203,0.0,21.0,21.0,0.0,57.85,58.66
85A,pass@8,5.0,7.0,6.0,11.0,12.0,17.0,31.26,60.94,3.93,239.42,13.3,0.0203,0.0,19.0,19.0,5.26,72.32,72.99
85A,pass@11,5.0,7.0,6.0,11.0,12.0,17.0,31.26,60.94,3.93,239.42,13.3,0.0203,0.0,19.0,19.0,5.26,72.32,72.99
85A,pass@2,5.0,7.0,6.0,11.0,12.0,17.0,31.26,60.94,3.93,239.42,13.3,0.0203,0.0,19.0,19.0,5.26,72.32,72.99
85A,pass@7,5.0,7.0,6.0,11.0,12.0,17.0,31.26,60.94,3.93,239.42,13.3,0.0203,0.0,18.0,19.0,5.56,72.65,73.33
85A,pass@10,5.0,7.0,6.0,11.0,12.0,17.0,31.26,60.94,3.93,239.42,13.3,0.0203,0.0,19.0,19.0,5.26,72.32,72.99
85A,pass@12,5.0,7.0,6.0,11.0,12.0,17.0,31.26,60.94,3.93,239.42,13.3,0.0203,0.0,19.0,20.0,0.0,58.45,59.12
85A,pass@5,5.0,7.0,6.0,11.0,12.0,17.0,31.26,60.94,3.93,239.42,13.3,0.0203,0.0,19.0,19.0,5.26,72.32,72.99
85A,pass@1,6.0,11.0,9.0,17.0,17.0,26.0,53.56,106.27,4.64,492.73,27.37,0.0354,0.0,22.0,22.0,0.0,55.32,56.53
85A,pass@9,5.0,15.0,15.0,29.0,20.0,44.0,70.21,190.16,4.83,919.13,51.06,0.0634,0.0,23.0,24.0,0.0,53.13,53.93
85A,pass@17,5.0,7.0,6.0,11.0,12.0,17.0,31.26,60.94,3.93,239.42,13.3,0.0203,0.0,19.0,19.0,5.26,72.32,72.99
85A,pass@26,5.0,11.0,11.0,21.0,16.0,32.0,49.66,128.0,4.77,610.91,33.94,0.0427,0.0,11.0,11.0,0.0,62.12,62.53
85A,pass@25,5.0,7.0,7.0,13.0,12.0,20.0,31.26,71.7,4.64,332.89,18.49,0.0239,0.0,15.0,15.0,0.0,60.55,61.35
85A,pass@23,5.0,7.0,6.0,11.0,12.0,17.0,31.26,60.94,3.93,239.42,13.3,0.0203,0.0,18.0,19.0,0.0,58.93,59.61
85A,pass@20,4.0,7.0,6.0,11.0,11.0,17.0,27.65,58.81,3.14,184.83,10.27,0.0196,0.0,19.0,19.0,5.26,72.43,73.1
85A,pass@24,5.0,7.0,6.0,11.0,12.0,17.0,31.26,60.94,3.93,239.42,13.3,0.0203,0.0,19.0,20.0,0.0,58.45,59.12
85A,pass@19,5.0,7.0,6.0,11.0,12.0,17.0,31.26,60.94,3.93,239.42,13.3,0.0203,0.0,18.0,18.0,5.56,73.17,73.84
85A,pass@21,5.0,7.0,6.0,11.0,12.0,17.0,31.26,60.94,3.93,239.42,13.3,0.0203,0.0,19.0,19.0,5.26,72.32,72.99
85A,pass@22,5.0,7.0,6.0,11.0,12.0,17.0,31.26,60.94,3.93,239.42,13.3,0.0203,0.0,18.0,18.0,5.56,73.17,73.84
85A,pass@28,5.0,7.0,6.0,11.0,12.0,17.0,31.26,60.94,3.93,239.42,13.3,0.0203,0.0,18.0,18.0,5.56,73.17,73.84
85A,pass@32,5.0,7.0,6.0,11.0,12.0,17.0,31.26,60.94,3.93,239.42,13.3,0.0203,0.0,18.0,18.0,5.56,73.17,73.84
85A,pass@29,5.0,7.0,6.0,11.0,12.0,17.0,31.26,60.94,3.93,239.42,13.3,0.0203,0.0,19.0,19.0,5.26,72.32,72.99
85A,pass@31,5.0,7.0,6.0,11.0,12.0,17.0,31.26,60.94,3.93,239.42,13.3,0.0203,0.0,19.0,19.0,5.26,72.32,72.99
85A,pass@18,5.0,7.0,6.0,11.0,12.0,17.0,31.26,60.94,3.93,239.42,13.3,0.0203,0.0,19.0,19.0,5.26,72.32,72.99
85A,pass@27,5.0,16.0,18.0,35.0,21.0,53.0,75.61,232.79,5.47,1273.09,70.73,0.0776,0.0,25.0,25.0,0.0,51.45,52.93
85A,pass@30,5.0,7.0,6.0,11.0,12.0,17.0,31.26,60.94,3.93,239.42,13.3,0.0203,0.0,19.0,19.0,5.26,72.32,72.99
86A,pass@8,6.0,15.0,10.0,19.0,21.0,29.0,74.11,127.38,3.8,484.03,26.89,0.0425,2.0,19.0,19.0,5.26,70.07,70.48
86A,pass@5,9.0,16.0,12.0,22.0,25.0,34.0,92.53,157.89,6.19,976.95,54.28,0.0526,2.0,26.0,26.0,7.69,68.56,69.37
86A,pass@1,6.0,18.0,15.0,29.0,24.0,44.0,90.57,201.74,4.83,975.07,54.17,0.0672,2.0,27.0,27.0,7.41,67.33,68.0
86A,pass@16,9.0,18.0,14.0,24.0,27.0,38.0,103.59,180.69,6.0,1084.11,60.23,0.0602,2.0,26.0,26.0,3.85,63.81,64.62
86A,pass@4,4.0,16.0,12.0,24.0,20.0,36.0,72.0,155.59,3.0,466.77,25.93,0.0519,2.0,24.0,24.0,12.5,73.16,73.83
86A,pass@15,6.0,18.0,15.0,29.0,24.0,44.0,90.57,201.74,4.83,975.07,54.17,0.0672,2.0,27.0,27.0,7.41,67.33,68.0
86A,pass@3,6.0,18.0,16.0,30.0,24.0,46.0,90.57,210.91,5.0,1054.54,58.59,0.0703,2.0,26.0,26.0,11.54,70.57,71.51
86A,pass@7,6.0,16.0,15.0,26.0,22.0,41.0,79.51,182.84,4.88,891.33,49.52,0.0609,2.0,32.0,32.0,9.38,67.18,68.39
86A,pass@10,6.0,14.0,10.0,19.0,20.0,29.0,68.81,125.34,4.07,510.3,28.35,0.0418,6.0,31.0,32.0,6.45,66.09,66.36
86A,pass@6,8.0,25.0,23.0,43.0,33.0,66.0,140.1,332.93,6.88,2290.56,127.25,0.111,2.0,31.0,31.0,12.9,68.0,69.35
86A,pass@13,6.0,18.0,14.0,25.0,24.0,39.0,90.57,178.81,4.17,745.06,41.39,0.0596,6.0,33.0,33.0,9.09,67.26,67.4
86A,pass@12,9.0,21.0,19.0,34.0,30.0,53.0,120.77,260.07,7.29,1894.76,105.26,0.0867,2.0,36.0,36.0,11.11,66.42,67.5
86A,pass@9,7.0,20.0,26.0,42.0,27.0,68.0,106.09,323.33,7.35,2376.49,132.03,0.1078,2.0,37.0,37.0,8.11,62.87,64.22
86A,pass@14,10.0,28.0,27.0,50.0,38.0,77.0,167.83,404.09,8.93,3607.95,200.44,0.1347,7.0,40.0,40.0,12.5,64.74,65.42
86A,pass@11,7.0,28.0,23.0,42.0,35.0,65.0,154.26,333.4,5.25,1750.37,97.24,0.1111,7.0,42.0,42.0,19.05,68.43,68.97
86A,pass@2,7.0,26.0,28.0,49.0,33.0,77.0,141.86,388.42,6.6,2562.07,142.34,0.1295,8.0,51.0,53.0,11.76,61.45,62.26
86A,pass@20,8.0,27.0,24.0,48.0,35.0,72.0,152.38,369.31,7.11,2626.19,145.9,0.1231,2.0,26.0,26.0,3.85,61.1,62.45
86A,pass@24,7.0,16.0,11.0,22.0,23.0,33.0,83.65,149.28,4.81,718.4,39.91,0.0498,2.0,25.0,25.0,12.0,72.57,73.25
86A,pass@17,8.0,18.0,13.0,23.0,26.0,36.0,99.06,169.22,5.11,864.88,48.05,0.0564,2.0,34.0,34.0,8.82,66.66,67.6
86A,pass@22,9.0,22.0,17.0,31.0,31.0,48.0,126.64,237.8,6.34,1507.88,83.77,0.0793,2.0,31.0,31.0,6.45,64.31,65.25
86A,pass@29,7.0,16.0,11.0,19.0,23.0,30.0,83.65,135.71,4.16,564.03,31.34,0.0452,2.0,23.0,23.0,4.35,66.8,67.34
86A,pass@25,6.0,23.0,18.0,35.0,29.0,53.0,119.55,257.47,4.57,1175.42,65.3,0.0858,2.0,31.0,31.0,6.45,64.33,65.01
86A,pass@19,7.0,21.0,18.0,29.0,28.0,47.0,111.89,225.95,4.83,1092.07,60.67,0.0753,2.0,29.0,29.0,10.34,68.62,69.42
86A,pass@18,5.0,15.0,9.0,17.0,20.0,26.0,70.21,112.37,2.83,318.38,17.69,0.0375,7.0,33.0,33.0,18.18,74.04,74.18
86A,pass@21,11.0,23.0,18.0,32.0,34.0,50.0,142.1,254.37,7.65,1946.51,108.14,0.0848,2.0,44.0,44.0,9.09,62.39,64.14
86A,pass@23,9.0,26.0,27.0,47.0,35.0,74.0,150.74,379.57,8.13,3087.63,171.54,0.1265,2.0,43.0,45.0,6.98,59.48,60.82
86A,pass@26,6.0,19.0,14.0,27.0,25.0,41.0,96.22,190.4,4.26,811.7,45.09,0.0635,2.0,28.0,28.0,14.29,72.16,72.83
86A,pass@27,9.0,19.0,17.0,33.0,28.0,50.0,109.24,240.37,7.82,1878.66,104.37,0.0801,2.0,36.0,36.0,11.11,66.8,67.74
86A,pass@28,6.0,18.0,15.0,27.0,24.0,42.0,90.57,192.57,4.5,866.56,48.14,0.0642,7.0,32.0,32.0,12.5,69.65,69.78
86A,pass@32,6.0,16.0,13.0,23.0,22.0,36.0,79.51,160.54,4.31,692.33,38.46,0.0535,2.0,30.0,30.0,13.33,71.06,72.14
86A,pass@30,10.0,24.0,23.0,42.0,34.0,65.0,143.26,330.69,8.75,2893.49,160.75,0.1102,2.0,38.0,38.0,10.53,64.49,65.84
86A,pass@31,7.0,23.0,23.0,42.0,30.0,65.0,123.69,318.95,6.39,2038.49,113.25,0.1063,13.0,40.0,40.0,15.0,66.93,66.8
90B,pass@7,2.0,7.0,4.0,8.0,9.0,12.0,21.65,38.04,1.14,43.47,2.42,0.0127,0.0,11.0,11.0,0.0,65.14,66.22
90B,pass@2,2.0,7.0,4.0,8.0,9.0,12.0,21.65,38.04,1.14,43.47,2.42,0.0127,0.0,11.0,11.0,0.0,65.14,66.22
90B,pass@1,3.0,7.0,5.0,10.0,10.0,15.0,24.41,49.83,2.14,106.78,5.93,0.0166,0.0,14.0,14.0,0.0,62.04,63.11
90B,pass@10,2.0,7.0,4.0,8.0,9.0,12.0,21.65,38.04,1.14,43.47,2.42,0.0127,0.0,11.0,11.0,18.18,87.74,88.82
90B,pass@3,2.0,7.0,4.0,8.0,9.0,12.0,21.65,38.04,1.14,43.47,2.42,0.0127,0.0,11.0,11.0,18.18,87.74,88.82
90B,pass@14,2.0,7.0,4.0,8.0,9.0,12.0,21.65,38.04,1.14,43.47,2.42,0.0127,0.0,11.0,11.0,0.0,65.14,66.22
90B,pass@13,2.0,7.0,4.0,8.0,9.0,12.0,21.65,38.04,1.14,43.47,2.42,0.0127,0.0,11.0,11.0,0.0,65.14,66.22
90B,pass@12,2.0,7.0,4.0,8.0,9.0,12.0,21.65,38.04,1.14,43.47,2.42,0.0127,0.0,11.0,11.0,18.18,87.74,88.82
90B,pass@6,2.0,7.0,4.0,8.0,9.0,12.0,21.65,38.04,1.14,43.47,2.42,0.0127,0.0,11.0,11.0,18.18,87.74,88.82
90B,pass@9,2.0,7.0,4.0,8.0,9.0,12.0,21.65,38.04,1.14,43.47,2.42,0.0127,0.0,11.0,11.0,18.18,87.74,88.82
90B,pass@15,2.0,7.0,4.0,8.0,9.0,12.0,21.65,38.04,1.14,43.47,2.42,0.0127,0.0,11.0,11.0,18.18,87.74,88.82
90B,pass@5,2.0,7.0,4.0,8.0,9.0,12.0,21.65,38.04,1.14,43.47,2.42,0.0127,0.0,11.0,11.0,18.18,87.74,88.82
90B,pass@16,2.0,7.0,4.0,8.0,9.0,12.0,21.65,38.04,1.14,43.47,2.42,0.0127,0.0,11.0,11.0,18.18,87.74,88.82
90B,pass@4,3.0,7.0,5.0,10.0,10.0,15.0,24.41,49.83,2.14,106.78,5.93,0.0166,0.0,14.0,14.0,21.43,85.98,87.05
90B,pass@8,3.0,7.0,5.0,10.0,10.0,15.0,24.41,49.83,2.14,106.78,5.93,0.0166,0.0,14.0,14.0,21.43,85.98,87.05
90B,pass@11,3.0,7.0,5.0,10.0,10.0,15.0,24.41,49.83,2.14,106.78,5.93,0.0166,0.0,22.0,22.0,9.09,74.32,75.93
90B,pass@17,2.0,7.0,4.0,8.0,9.0,12.0,21.65,38.04,1.14,43.47,2.42,0.0127,0.0,11.0,11.0,27.27,90.96,92.04
90B,pass@23,2.0,7.0,4.0,8.0,9.0,12.0,21.65,38.04,1.14,43.47,2.42,0.0127,0.0,11.0,11.0,0.0,65.14,66.22
90B,pass@18,3.0,7.0,5.0,10.0,10.0,15.0,24.41,49.83,2.14,106.78,5.93,0.0166,0.0,14.0,14.0,21.43,85.98,87.05
90B,pass@24,2.0,7.0,4.0,8.0,9.0,12.0,21.65,38.04,1.14,43.47,2.42,0.0127,0.0,11.0,11.0,0.0,65.14,66.22
90B,pass@20,2.0,7.0,4.0,8.0,9.0,12.0,21.65,38.04,1.14,43.47,2.42,0.0127,0.0,11.0,11.0,0.0,65.14,66.22
90B,pass@19,1.0,3.0,2.0,4.0,4.0,6.0,4.75,12.0,0.67,8.0,0.44,0.004,0.0,19.0,19.0,21.05,86.46,88.35
90B,pass@26,3.0,7.0,5.0,10.0,10.0,15.0,24.41,49.83,2.14,106.78,5.93,0.0166,0.0,14.0,14.0,21.43,85.98,87.05
90B,pass@30,2.0,7.0,4.0,8.0,9.0,12.0,21.65,38.04,1.14,43.47,2.42,0.0127,0.0,11.0,11.0,18.18,87.74,88.82
90B,pass@28,2.0,7.0,4.0,8.0,9.0,12.0,21.65,38.04,1.14,43.47,2.42,0.0127,0.0,11.0,11.0,27.27,90.96,92.04
90B,pass@25,3.0,7.0,5.0,10.0,10.0,15.0,24.41,49.83,2.14,106.78,5.93,0.0166,0.0,14.0,14.0,14.29,82.67,83.74
90B,pass@31,2.0,7.0,4.0,8.0,9.0,12.0,21.65,38.04,1.14,43.47,2.42,0.0127,0.0,11.0,11.0,0.0,65.14,66.22
90B,pass@21,2.0,7.0,4.0,8.0,9.0,12.0,21.65,38.04,1.14,43.47,2.42,0.0127,0.0,11.0,11.0,27.27,90.96,92.04
90B,pass@22,4.0,14.0,9.0,16.0,18.0,25.0,61.3,104.25,2.29,238.28,13.24,0.0347,0.0,19.0,19.0,15.79,77.81,79.42
90B,pass@32,2.0,7.0,4.0,8.0,9.0,12.0,21.65,38.04,1.14,43.47,2.42,0.0127,0.0,11.0,11.0,0.0,65.14,66.22
90B,pass@29,2.0,7.0,4.0,8.0,9.0,12.0,21.65,38.04,1.14,43.47,2.42,0.0127,0.0,11.0,11.0,18.18,87.74,88.82
90B,pass@27,3.0,7.0,5.0,10.0,10.0,15.0,24.41,49.83,2.14,106.78,5.93,0.0166,0.0,16.0,17.0,25.0,85.22,86.43
93A,pass@7,7.0,28.0,26.0,54.0,35.0,80.0,154.26,410.34,6.75,2769.81,153.88,0.1368,10.0,14.0,14.0,0.0,55.36,55.36
93A,pass@9,7.0,28.0,26.0,54.0,35.0,80.0,154.26,410.34,6.75,2769.81,153.88,0.1368,10.0,14.0,14.0,0.0,55.36,55.36
93A,pass@2,7.0,32.0,32.0,64.0,39.0,96.0,179.65,507.4,7.0,3551.79,197.32,0.1691,11.0,18.0,18.0,0.0,52.2,52.2
93A,pass@16,7.0,26.0,25.0,50.0,33.0,75.0,141.86,378.33,6.73,2546.45,141.47,0.1261,10.0,16.0,16.0,0.0,54.34,54.34
93A,pass@10,7.0,30.0,31.0,62.0,37.0,93.0,166.86,484.48,7.23,3504.4,194.69,0.1615,11.0,18.0,18.0,0.0,52.34,52.34
93A,pass@1,7.0,33.0,34.0,68.0,40.0,102.0,186.12,542.84,7.21,3915.0,217.5,0.1809,11.0,18.0,18.0,0.0,51.99,51.99
93A,pass@15,7.0,30.0,29.0,58.0,37.0,87.0,166.86,453.22,6.77,3066.81,170.38,0.1511,10.0,16.0,16.0,6.25,68.27,68.27
93A,pass@6,7.0,29.0,30.0,60.0,36.0,90.0,160.53,465.29,7.24,3369.36,187.19,0.1551,11.0,21.0,21.0,4.76,63.77,63.77
93A,pass@5,7.0,32.0,33.0,66.0,39.0,99.0,179.65,523.25,7.22,3777.25,209.85,0.1744,12.0,18.0,18.0,0.0,51.97,51.97
93A,pass@8,7.0,31.0,32.0,64.0,38.0,96.0,173.23,503.8,7.23,3640.37,202.24,0.1679,12.0,19.0,19.0,0.0,51.57,51.57
93A,pass@12,7.0,29.0,30.0,60.0,36.0,90.0,160.53,465.29,7.24,3369.36,187.19,0.1551,12.0,18.0,18.0,0.0,52.32,52.32
93A,pass@4,7.0,32.0,33.0,66.0,39.0,99.0,179.65,523.25,7.22,3777.25,209.85,0.1744,12.0,18.0,18.0,0.0,51.97,51.97
93A,pass@3,8.0,30.0,31.0,62.0,38.0,93.0,171.21,488.06,8.27,4034.61,224.14,0.1627,11.0,18.0,18.0,0.0,52.31,52.31
93A,pass@11,7.0,29.0,30.0,60.0,36.0,90.0,160.53,465.29,7.24,3369.36,187.19,0.1551,12.0,25.0,25.0,0.0,49.21,49.21
93A,pass@14,8.0,29.0,30.0,60.0,37.0,90.0,164.88,468.85,8.28,3880.14,215.56,0.1563,11.0,18.0,18.0,0.0,52.44,52.44
93A,pass@13,9.0,43.0,46.0,92.0,52.0,138.0,261.86,786.66,9.63,7573.9,420.77,0.2622,16.0,30.0,30.0,0.0,45.35,45.35
93A,pass@17,7.0,31.0,31.0,62.0,38.0,93.0,173.23,488.06,7.0,3416.4,189.8,0.1627,11.0,18.0,18.0,0.0,52.31,52.31
93A,pass@18,7.0,34.0,35.0,70.0,41.0,105.0,192.63,562.54,7.21,4053.62,225.2,0.1875,13.0,20.0,20.0,0.0,50.61,50.61
93A,pass@30,7.0,30.0,29.0,58.0,37.0,87.0,166.86,453.22,6.77,3066.81,170.38,0.1511,10.0,16.0,16.0,0.0,53.79,53.79
93A,pass@20,7.0,30.0,31.0,62.0,37.0,93.0,166.86,484.48,7.23,3504.4,194.69,0.1615,12.0,18.0,18.0,0.0,52.2,52.2
93A,pass@19,7.0,29.0,30.0,60.0,36.0,90.0,160.53,465.29,7.24,3369.36,187.19,0.1551,11.0,18.0,18.0,0.0,52.46,52.46
93A,pass@25,7.0,30.0,31.0,62.0,37.0,93.0,166.86,484.48,7.23,3504.4,194.69,0.1615,12.0,21.0,21.0,0.0,50.74,50.74
93A,pass@24,7.0,31.0,32.0,64.0,38.0,96.0,173.23,503.8,7.23,3640.37,202.24,0.1679,12.0,18.0,18.0,0.0,52.08,52.08
93A,pass@28,7.0,31.0,32.0,64.0,38.0,96.0,173.23,503.8,7.23,3640.37,202.24,0.1679,12.0,18.0,18.0,0.0,52.08,52.08
93A,pass@26,8.0,30.0,31.0,62.0,38.0,93.0,171.21,488.06,8.27,4034.61,224.14,0.1627,11.0,18.0,18.0,0.0,52.31,52.31
93A,pass@23,7.0,31.0,31.0,62.0,38.0,93.0,173.23,488.06,7.0,3416.4,189.8,0.1627,11.0,18.0,18.0,0.0,52.31,52.31
93A,pass@29,7.0,32.0,33.0,66.0,39.0,99.0,179.65,523.25,7.22,3777.25,209.85,0.1744,12.0,18.0,18.0,0.0,51.97,51.97
93A,pass@21,7.0,34.0,35.0,70.0,41.0,105.0,192.63,562.54,7.21,4053.62,225.2,0.1875,12.0,25.0,25.0,0.0,48.63,48.63
93A,pass@22,7.0,30.0,31.0,62.0,37.0,93.0,166.86,484.48,7.23,3504.4,194.69,0.1615,11.0,19.0,19.0,0.0,51.82,51.82
93A,pass@27,8.0,33.0,35.0,70.0,41.0,105.0,190.47,562.54,8.48,4773.09,265.17,0.1875,12.0,18.0,18.0,0.0,51.75,51.75
93A,pass@32,6.0,33.0,32.0,65.0,39.0,97.0,181.97,512.68,5.91,3029.5,168.31,0.1709,11.0,16.0,16.0,0.0,53.28,53.28
93A,pass@31,7.0,35.0,36.0,72.0,42.0,108.0,199.18,582.37,7.2,4193.07,232.95,0.1941,12.0,25.0,25.0,0.0,48.53,48.53
94C,pass@5,7.0,30.0,29.0,58.0,37.0,87.0,166.86,453.22,6.77,3066.81,170.38,0.1511,10.0,16.0,16.0,0.0,53.79,53.79
94C,pass@7,7.0,25.0,22.0,46.0,32.0,68.0,135.75,340.0,6.44,2189.6,121.64,0.1133,0.0,14.0,14.0,0.0,56.06,57.27
94C,pass@8,6.0,30.0,28.0,58.0,36.0,86.0,162.72,444.61,5.8,2578.76,143.26,0.1482,10.0,14.0,14.0,0.0,55.11,55.11
94C,pass@15,7.0,30.0,29.0,58.0,37.0,87.0,166.86,453.22,6.77,3066.81,170.38,0.1511,10.0,17.0,17.0,0.0,53.21,53.21
94C,pass@3,7.0,31.0,31.0,62.0,38.0,93.0,173.23,488.06,7.0,3416.4,189.8,0.1627,11.0,18.0,18.0,0.0,52.31,52.31
94C,pass@14,7.0,32.0,33.0,66.0,39.0,99.0,179.65,523.25,7.22,3777.25,209.85,0.1744,12.0,18.0,18.0,0.0,51.97,51.97
94C,pass@9,7.0,30.0,31.0,62.0,37.0,93.0,166.86,484.48,7.23,3504.4,194.69,0.1615,11.0,18.0,18.0,0.0,52.34,52.34
94C,pass@6,7.0,30.0,31.0,62.0,37.0,93.0,166.86,484.48,7.23,3504.4,194.69,0.1615,12.0,18.0,18.0,0.0,52.2,52.2
94C,pass@12,8.0,29.0,30.0,60.0,37.0,90.0,164.88,468.85,8.28,3880.14,215.56,0.1563,11.0,18.0,18.0,0.0,52.44,52.44
94C,pass@10,7.0,31.0,32.0,64.0,38.0,96.0,173.23,503.8,7.23,3640.37,202.24,0.1679,12.0,19.0,19.0,0.0,51.57,51.57
94C,pass@2,8.0,32.0,34.0,68.0,40.0,102.0,184.0,542.84,8.5,4614.11,256.34,0.1809,11.0,18.0,18.0,0.0,51.99,51.99
94C,pass@13,7.0,31.0,31.0,62.0,38.0,93.0,173.23,488.06,7.0,3416.4,189.8,0.1627,11.0,18.0,18.0,0.0,52.31,52.31
94C,pass@11,7.0,31.0,31.0,62.0,38.0,93.0,173.23,488.06,7.0,3416.4,189.8,0.1627,11.0,18.0,18.0,0.0,52.31,52.31
94C,pass@4,7.0,31.0,32.0,64.0,38.0,96.0,173.23,503.8,7.23,3640.37,202.24,0.1679,12.0,18.0,18.0,0.0,52.08,52.08
94C,pass@16,7.0,32.0,33.0,66.0,39.0,99.0,179.65,523.25,7.22,3777.25,209.85,0.1744,12.0,18.0,18.0,0.0,51.97,51.97
94C,pass@1,7.0,30.0,32.0,64.0,37.0,96.0,166.86,500.11,7.47,3734.14,207.45,0.1667,12.0,21.0,21.0,0.0,50.64,50.64
94C,pass@19,8.0,27.0,28.0,56.0,35.0,84.0,152.38,430.86,8.3,3574.54,198.59,0.1436,11.0,18.0,18.0,0.0,52.69,52.69
94C,pass@18,7.0,32.0,33.0,66.0,39.0,99.0,179.65,523.25,7.22,3777.25,209.85,0.1744,12.0,18.0,18.0,0.0,51.97,51.97
94C,pass@30,7.0,30.0,29.0,58.0,37.0,87.0,166.86,453.22,6.77,3066.81,170.38,0.1511,10.0,16.0,16.0,0.0,53.79,53.79
94C,pass@31,7.0,28.0,26.0,54.0,35.0,80.0,154.26,410.34,6.75,2769.81,153.88,0.1368,10.0,14.0,14.0,0.0,55.36,55.36
94C,pass@27,7.0,32.0,32.0,64.0,39.0,96.0,179.65,507.4,7.0,3551.79,197.32,0.1691,11.0,18.0,18.0,0.0,52.2,52.2
94C,pass@21,7.0,31.0,31.0,62.0,38.0,93.0,173.23,488.06,7.0,3416.4,189.8,0.1627,11.0,18.0,18.0,0.0,52.31,52.31
94C,pass@17,7.0,34.0,35.0,70.0,41.0,105.0,192.63,562.54,7.21,4053.62,225.2,0.1875,12.0,25.0,25.0,0.0,48.63,48.63
94C,pass@20,7.0,30.0,31.0,62.0,37.0,93.0,166.86,484.48,7.23,3504.4,194.69,0.1615,12.0,18.0,18.0,0.0,52.2,52.2
94C,pass@23,7.0,33.0,34.0,68.0,40.0,102.0,186.12,542.84,7.21,3915.0,217.5,0.1809,11.0,18.0,18.0,0.0,51.99,51.99
94C,pass@25,6.0,31.0,32.0,64.0,37.0,96.0,169.09,500.11,6.19,3097.44,172.08,0.1667,12.0,18.0,18.0,0.0,52.1,52.1
94C,pass@22,7.0,34.0,35.0,70.0,41.0,105.0,192.63,562.54,7.21,4053.62,225.2,0.1875,13.0,20.0,20.0,0.0,50.61,50.61
94C,pass@29,7.0,31.0,32.0,64.0,38.0,96.0,173.23,503.8,7.23,3640.37,202.24,0.1679,12.0,18.0,18.0,0.0,52.08,52.08
94C,pass@32,7.0,34.0,35.0,70.0,41.0,105.0,192.63,562.54,7.21,4053.62,225.2,0.1875,12.0,25.0,25.0,0.0,48.63,48.63
94C,pass@24,7.0,31.0,32.0,64.0,38.0,96.0,173.23,503.8,7.23,3640.37,202.24,0.1679,12.0,18.0,18.0,0.0,52.08,52.08
94C,pass@26,7.0,41.0,45.0,90.0,48.0,135.0,239.31,753.97,7.68,5792.7,321.82,0.2513,16.0,24.0,24.0,0.0,47.59,47.59
94C,pass@28,7.0,32.0,33.0,66.0,39.0,99.0,179.65,523.25,7.22,3777.25,209.85,0.1744,12.0,18.0,18.0,0.0,51.97,51.97
98B,pass@3,5.0,8.0,7.0,14.0,13.0,21.0,35.61,77.71,4.38,339.98,18.89,0.0259,3.0,16.0,16.0,0.0,60.09,60.09
98B,pass@11,5.0,11.0,8.0,16.0,16.0,24.0,49.66,96.0,3.64,349.09,19.39,0.032,0.0,12.0,12.0,0.0,62.31,62.58
98B,pass@15,5.0,13.0,10.0,20.0,18.0,30.0,59.72,125.1,3.85,481.15,26.73,0.0417,2.0,14.0,14.0,0.0,60.04,60.04
98B,pass@10,5.0,11.0,8.0,16.0,16.0,24.0,49.66,96.0,3.64,349.09,19.39,0.032,2.0,14.0,14.0,7.14,76.23,76.23
98B,pass@9,5.0,11.0,7.0,14.0,16.0,21.0,49.66,84.0,3.18,267.27,14.85,0.028,3.0,16.0,16.0,0.0,59.86,59.86
98B,pass@2,5.0,11.0,7.0,14.0,16.0,21.0,49.66,84.0,3.18,267.27,14.85,0.028,3.0,18.0,18.0,5.56,72.46,72.46
98B,pass@4,5.0,13.0,10.0,20.0,18.0,30.0,59.72,125.1,3.85,481.15,26.73,0.0417,2.0,14.0,14.0,7.14,75.42,75.42
98B,pass@12,6.0,14.0,11.0,22.0,20.0,33.0,68.81,142.62,4.71,672.37,37.35,0.0475,3.0,17.0,17.0,0.0,57.67,57.67
98B,pass@1,7.0,12.0,12.0,24.0,19.0,36.0,62.67,152.93,7.0,1070.48,59.47,0.051,5.0,22.0,22.0,4.55,67.25,67.25
98B,pass@14,6.0,16.0,13.0,26.0,22.0,39.0,79.51,173.92,4.88,847.85,47.1,0.058,4.0,21.0,21.0,0.0,54.93,54.93
98B,pass@6,7.0,12.0,11.0,22.0,19.0,33.0,62.67,140.18,6.42,899.5,49.97,0.0467,5.0,25.0,25.0,0.0,53.8,53.8
98B,pass@13,6.0,13.0,10.0,20.0,19.0,30.0,63.62,127.44,4.62,588.17,32.68,0.0425,3.0,20.0,20.0,20.0,79.86,79.86
98B,pass@7,8.0,18.0,16.0,32.0,26.0,48.0,99.06,225.62,7.11,1604.42,89.13,0.0752,4.0,28.0,28.0,10.71,69.76,69.76
98B,pass@17,5.0,11.0,9.0,18.0,16.0,27.0,49.66,108.0,4.09,441.82,24.55,0.036,2.0,13.0,13.0,0.0,61.19,61.19
98B,pass@8,6.0,13.0,14.0,28.0,19.0,42.0,63.62,178.41,6.46,1152.82,64.05,0.0595,4.0,23.0,23.0,34.78,81.47,81.47
98B,pass@20,5.0,10.0,9.0,18.0,15.0,27.0,44.83,105.49,4.5,474.69,26.37,0.0352,0.0,15.0,15.0,13.33,79.98,80.25
98B,pass@22,6.0,13.0,11.0,22.0,19.0,33.0,63.62,140.18,5.08,711.69,39.54,0.0467,0.0,17.0,17.0,0.0,57.72,58.13
98B,pass@21,6.0,11.0,8.0,16.0,17.0,24.0,53.56,98.1,4.36,428.07,23.78,0.0327,2.0,14.0,14.0,7.14,76.16,76.16
98B,pass@23,5.0,10.0,8.0,16.0,15.0,24.0,44.83,93.77,4.0,375.06,20.84,0.0313,2.0,16.0,16.0,0.0,59.66,59.66
98B,pass@5,6.0,28.0,30.0,60.0,34.0,90.0,150.12,457.87,6.43,2943.46,163.53,0.1526,3.0,25.0,25.0,32.0,77.42,77.42
98B,pass@24,5.0,11.0,8.0,16.0,16.0,24.0,49.66,96.0,3.64,349.09,19.39,0.032,2.0,14.0,14.0,0.0,60.85,60.85
98B,pass@26,6.0,11.0,8.0,16.0,17.0,24.0,53.56,98.1,4.36,428.07,23.78,0.0327,2.0,14.0,14.0,0.0,60.78,60.78
98B,pass@18,5.0,15.0,13.0,26.0,20.0,39.0,70.21,168.56,4.33,730.41,40.58,0.0562,2.0,14.0,14.0,0.0,59.14,59.14
98B,pass@25,6.0,11.0,8.0,16.0,17.0,24.0,53.56,98.1,4.36,428.07,23.78,0.0327,2.0,14.0,14.0,7.14,76.16,76.16
98B,pass@27,4.0,8.0,6.0,12.0,12.0,18.0,32.0,64.53,3.0,193.59,10.75,0.0215,2.0,13.0,13.0,0.0,62.76,62.76
98B,pass@30,5.0,11.0,8.0,16.0,16.0,24.0,49.66,96.0,3.64,349.09,19.39,0.032,2.0,14.0,14.0,0.0,60.85,60.85
98B,pass@29,8.0,12.0,11.0,22.0,20.0,33.0,67.02,142.62,7.33,1045.91,58.11,0.0475,5.0,23.0,23.0,0.0,54.54,54.54
98B,pass@28,6.0,19.0,17.0,34.0,25.0,51.0,96.22,236.84,5.37,1271.44,70.64,0.0789,4.0,26.0,26.0,0.0,51.97,51.97
98B,pass@32,5.0,11.0,8.0,16.0,16.0,24.0,49.66,96.0,3.64,349.09,19.39,0.032,2.0,14.0,14.0,7.14,76.23,76.23
98B,pass@19,9.0,20.0,20.0,40.0,29.0,60.0,114.97,291.48,9.0,2623.31,145.74,0.0972,6.0,30.0,30.0,26.67,75.36,75.36
98B,pass@31,5.0,16.0,11.0,22.0,21.0,33.0,75.61,144.95,3.44,498.25,27.68,0.0483,3.0,23.0,23.0,4.35,67.0,67.0
99C,pass@10,3.0,7.0,4.0,8.0,10.0,12.0,24.41,39.86,1.71,68.34,3.8,0.0133,3.0,16.0,16.0,12.5,81.68,81.68
99C,pass@12,3.0,24.0,20.0,42.0,27.0,62.0,114.79,294.8,2.62,773.86,42.99,0.0983,17.0,33.0,33.0,0.0,47.3,47.3
99C,pass@8,3.0,23.0,16.0,32.0,26.0,48.0,108.8,225.62,2.09,470.86,26.16,0.0752,16.0,36.0,36.0,0.0,47.42,47.42
99C,pass@13,2.0,23.0,16.0,32.0,25.0,48.0,106.04,222.91,1.39,310.13,17.23,0.0743,2.0,42.0,42.0,2.38,57.07,57.07
99C,pass@7,3.0,40.0,38.0,83.0,43.0,121.0,217.63,656.58,3.11,2043.6,113.53,0.2189,31.0,38.0,38.0,0.0,41.64,41.64
99C,pass@3,3.0,51.0,33.0,71.0,54.0,104.0,294.05,598.51,2.09,1249.83,69.43,0.1995,27.0,32.0,32.0,3.12,54.56,54.56
99C,pass@11,3.0,55.0,35.0,77.0,58.0,112.0,322.73,656.09,2.1,1377.8,76.54,0.2187,29.0,38.0,38.0,0.0,41.91,41.91
99C,pass@6,2.0,27.0,21.0,42.0,29.0,63.0,130.38,306.05,1.56,476.08,26.45,0.102,22.0,53.0,53.0,0.0,42.02,42.02
99C,pass@1,4.0,47.0,44.0,98.0,51.0,142.0,269.07,805.48,4.17,3359.04,186.61,0.2685,35.0,43.0,43.0,0.0,39.31,39.31
99C,pass@15,3.0,59.0,38.0,83.0,62.0,121.0,351.83,720.46,2.11,1520.29,84.46,0.2402,31.0,42.0,42.0,0.0,40.41,40.41
99C,pass@2,3.0,19.0,16.0,32.0,22.0,48.0,85.47,214.05,2.53,540.76,30.04,0.0714,16.0,41.0,41.0,17.07,68.43,68.43
99C,pass@5,2.0,21.0,11.0,22.0,23.0,33.0,94.24,149.28,1.05,156.39,8.69,0.0498,12.0,33.0,33.0,51.52,79.18,79.18
99C,pass@17,4.0,31.0,32.0,60.0,35.0,92.0,161.58,471.89,3.87,1826.69,101.48,0.1573,22.0,42.0,42.0,11.9,62.08,62.08
99C,pass@4,3.0,45.0,38.0,82.0,48.0,120.0,251.89,670.2,2.73,1831.87,101.77,0.2234,45.0,42.0,29.0,30.95,68.98,68.98
99C,pass@18,3.0,59.0,38.0,83.0,62.0,121.0,351.83,720.46,2.11,1520.29,84.46,0.2402,31.0,34.0,34.0,0.0,42.41,42.41
99C,pass@20,3.0,31.0,34.0,64.0,34.0,98.0,158.33,498.57,3.1,1543.96,85.78,0.1662,23.0,43.0,43.0,0.0,42.38,42.38
99C,pass@24,3.0,26.0,20.0,41.0,29.0,61.0,126.97,296.34,2.37,700.95,38.94,0.0988,18.0,39.0,39.0,7.69,61.46,61.46
99C,pass@22,3.0,40.0,39.0,85.0,43.0,124.0,217.63,672.86,3.19,2144.73,119.15,0.2243,32.0,39.0,39.0,0.0,41.19,41.19
99C,pass@23,4.0,33.0,25.0,50.0,37.0,75.0,174.47,390.71,3.03,1183.97,65.78,0.1302,24.0,53.0,53.0,1.89,49.22,49.22
99C,pass@28,3.0,23.0,17.0,35.0,26.0,52.0,108.8,244.42,2.28,557.92,31.0,0.0815,15.0,33.0,33.0,0.0,48.14,48.14
99C,pass@30,3.0,21.0,14.0,28.0,24.0,42.0,96.99,192.57,2.0,385.14,21.4,0.0642,14.0,37.0,37.0,0.0,47.91,47.91
99C,pass@29,3.0,20.0,16.0,32.0,23.0,48.0,91.19,217.13,2.4,521.11,28.95,0.0724,15.0,34.0,34.0,17.65,70.57,70.57
99C,pass@27,4.0,59.0,59.0,132.0,63.0,191.0,355.08,1141.66,4.47,5108.45,283.8,0.3806,48.0,52.0,52.0,7.69,50.73,50.6
99C,pass@32,4.0,10.0,6.0,12.0,14.0,18.0,41.22,68.53,2.4,164.48,9.14,0.0228,5.0,20.0,20.0,20.0,81.47,81.47
99C,pass@14,9.0,26.0,17.0,32.0,35.0,49.0,150.74,251.33,5.54,1392.01,77.33,0.0838,11.0,88.0,56.0,18.18,66.18,66.18
99C,pass@16,7.0,47.0,74.0,148.0,54.0,222.0,280.72,1277.59,11.02,14080.62,782.26,0.4259,43.0,111.0,111.0,10.81,46.26,46.26
99C,pass@25,5.0,95.0,86.0,186.0,100.0,272.0,635.75,1807.13,4.89,8845.42,491.41,0.6024,10.0,86.0,86.0,17.44,53.22,55.91
99C,pass@31,4.0,81.0,73.0,161.0,85.0,234.0,521.53,1499.8,3.98,5962.16,331.23,0.4999,46.0,64.0,64.0,7.81,46.56,48.18
99C,pass@26,7.0,41.0,47.0,94.0,48.0,141.0,239.31,787.48,8.02,6319.04,351.06,0.2625,29.0,80.0,80.0,25.0,59.46,59.46
99C,pass@19,6.0,166.0,117.0,230.0,172.0,347.0,1239.77,2576.91,4.16,10711.27,595.07,0.859,55.0,64.0,64.0,46.88,58.22,58.22
99C,pass@9,10.0,63.0,60.0,121.0,73.0,181.0,409.79,1120.36,9.6,10759.0,597.72,0.3735,2.0,75.0,75.0,98.67,63.31,63.31
99C,pass@21,6.0,18.0,14.0,23.0,24.0,37.0,90.57,169.64,3.83,650.3,36.13,0.0565,13.0,71.0,46.0,121.13,68.55,68.55
766C,pass@12,7.0,24.0,20.0,40.0,31.0,60.0,129.69,297.25,5.83,1733.97,96.33,0.0991,0.0,23.0,23.0,4.35,64.55,65.22
766C,pass@7,7.0,25.0,21.0,42.0,32.0,63.0,135.75,315.0,5.88,1852.2,102.9,0.105,0.0,24.0,24.0,4.17,63.59,64.4
766C,pass@16,7.0,25.0,21.0,42.0,32.0,63.0,135.75,315.0,5.88,1852.2,102.9,0.105,0.0,24.0,24.0,4.17,63.59,64.4
766C,pass@4,6.0,22.0,19.0,38.0,28.0,57.0,113.62,274.02,5.18,1419.92,78.88,0.0913,0.0,23.0,23.0,4.35,64.93,65.47
766C,pass@1,7.0,27.0,23.0,46.0,34.0,69.0,148.03,351.03,5.96,2093.21,116.29,0.117,0.0,25.0,25.0,4.0,62.65,63.46
766C,pass@3,7.0,29.0,24.0,48.0,36.0,72.0,160.53,372.23,5.79,2156.39,119.8,0.1241,0.0,27.0,27.0,3.7,61.19,62.13
766C,pass@6,7.0,27.0,20.0,40.0,34.0,60.0,148.03,305.25,5.19,1582.77,87.93,0.1017,0.0,26.0,26.0,3.85,62.49,63.29
766C,pass@5,7.0,27.0,23.0,46.0,34.0,69.0,148.03,351.03,5.96,2093.21,116.29,0.117,0.0,24.0,24.0,4.17,63.26,64.07
766C,pass@8,7.0,27.0,23.0,46.0,34.0,69.0,148.03,351.03,5.96,2093.21,116.29,0.117,0.0,24.0,24.0,4.17,63.26,64.07
766C,pass@15,8.0,28.0,25.0,48.0,36.0,73.0,158.61,377.4,6.86,2587.92,143.77,0.1258,0.0,24.0,24.0,0.0,51.04,51.85
766C,pass@10,8.0,28.0,24.0,46.0,36.0,70.0,158.61,361.89,6.57,2378.17,132.12,0.1206,0.0,26.0,26.0,0.0,50.41,51.22
766C,pass@11,6.0,23.0,16.0,32.0,29.0,48.0,119.55,233.18,4.17,973.29,54.07,0.0777,0.0,25.0,25.0,4.0,64.03,64.7
766C,pass@2,7.0,23.0,19.0,36.0,30.0,55.0,123.69,269.88,5.48,1478.47,82.14,0.09,0.0,26.0,26.0,0.0,51.57,52.11
766C,pass@9,7.0,29.0,24.0,48.0,36.0,72.0,160.53,372.23,5.79,2156.39,119.8,0.1241,0.0,27.0,27.0,3.7,61.19,62.13
766C,pass@14,7.0,27.0,23.0,46.0,34.0,69.0,148.03,351.03,5.96,2093.21,116.29,0.117,0.0,24.0,24.0,4.17,63.26,64.07
766C,pass@13,6.0,30.0,27.0,54.0,36.0,81.0,162.72,418.76,5.4,2261.33,125.63,0.1396,0.0,33.0,33.0,6.06,61.72,62.79
766C,pass@19,6.0,20.0,16.0,32.0,26.0,48.0,101.95,225.62,4.8,1082.98,60.17,0.0752,0.0,22.0,22.0,4.55,66.2,66.74
766C,pass@17,6.0,25.0,18.0,36.0,31.0,54.0,131.61,267.53,4.32,1155.71,64.21,0.0892,0.0,27.0,27.0,3.7,62.46,63.13
766C,pass@18,7.0,26.0,22.0,44.0,33.0,66.0,141.86,332.93,5.92,1971.97,109.55,0.111,0.0,24.0,24.0,4.17,63.43,64.23
766C,pass@21,7.0,27.0,23.0,46.0,34.0,69.0,148.03,351.03,5.96,2093.21,116.29,0.117,0.0,24.0,24.0,4.17,63.26,64.07
766C,pass@25,7.0,27.0,23.0,46.0,34.0,69.0,148.03,351.03,5.96,2093.21,116.29,0.117,0.0,24.0,24.0,4.17,63.26,64.07
766C,pass@20,7.0,27.0,23.0,46.0,34.0,69.0,148.03,351.03,5.96,2093.21,116.29,0.117,0.0,25.0,25.0,4.0,62.65,63.46
766C,pass@24,7.0,23.0,20.0,38.0,30.0,58.0,123.69,284.6,5.78,1645.73,91.43,0.0949,0.0,24.0,24.0,0.0,52.17,52.71
766C,pass@27,6.0,25.0,22.0,44.0,31.0,66.0,131.61,326.98,5.28,1726.44,95.91,0.109,0.0,23.0,23.0,4.35,64.26,64.93
766C,pass@29,7.0,25.0,21.0,42.0,32.0,63.0,135.75,315.0,5.88,1852.2,102.9,0.105,0.0,24.0,24.0,4.17,63.59,64.4
766C,pass@30,7.0,25.0,18.0,36.0,32.0,54.0,135.75,270.0,5.04,1360.8,75.6,0.09,0.0,26.0,26.0,3.85,62.86,63.67
766C,pass@26,8.0,26.0,27.0,49.0,34.0,76.0,146.21,386.65,7.54,2914.72,161.93,0.1289,0.0,25.0,25.0,0.0,50.72,51.39
766C,pass@23,7.0,24.0,22.0,44.0,31.0,66.0,129.69,326.98,6.42,2098.1,116.56,0.109,0.0,26.0,26.0,3.85,62.41,63.08
766C,pass@28,7.0,27.0,23.0,46.0,34.0,69.0,148.03,351.03,5.96,2093.21,116.29,0.117,0.0,24.0,24.0,4.17,63.26,64.07
766C,pass@31,6.0,21.0,17.0,34.0,27.0,51.0,107.75,242.5,4.86,1177.85,65.44,0.0808,0.0,22.0,22.0,4.55,65.98,66.52
766C,pass@22,9.0,30.0,30.0,56.0,39.0,86.0,175.74,454.54,8.4,3818.17,212.12,0.1515,0.0,25.0,25.0,0.0,49.96,50.9
766C,pass@32,6.0,22.0,16.0,32.0,28.0,48.0,113.62,230.75,4.36,1006.92,55.94,0.0769,0.0,27.0,27.0,0.0,51.69,52.23
776A,pass@4,1.0,2.0,1.0,2.0,3.0,3.0,2.0,4.75,0.5,2.38,0.13,0.0016,0.0,11.0,11.0,0.0,72.0,72.54
776A,pass@1,1.0,2.0,1.0,2.0,3.0,3.0,2.0,4.75,0.5,2.38,0.13,0.0016,0.0,13.0,13.0,0.0,70.42,70.96
776A,pass@6,1.0,2.0,1.0,2.0,3.0,3.0,2.0,4.75,0.5,2.38,0.13,0.0016,0.0,11.0,11.0,0.0,72.0,72.54
776A,pass@5,1.0,2.0,1.0,2.0,3.0,3.0,2.0,4.75,0.5,2.38,0.13,0.0016,0.0,10.0,10.0,0.0,73.04,73.44
776A,pass@2,1.0,2.0,1.0,2.0,3.0,3.0,2.0,4.75,0.5,2.38,0.13,0.0016,0.0,13.0,13.0,0.0,70.42,70.96
776A,pass@16,1.0,2.0,1.0,2.0,3.0,3.0,2.0,4.75,0.5,2.38,0.13,0.0016,0.0,11.0,11.0,0.0,72.0,72.54
776A,pass@9,1.0,2.0,1.0,2.0,3.0,3.0,2.0,4.75,0.5,2.38,0.13,0.0016,0.0,13.0,13.0,0.0,70.42,70.96
776A,pass@11,1.0,2.0,1.0,2.0,3.0,3.0,2.0,4.75,0.5,2.38,0.13,0.0016,0.0,13.0,13.0,0.0,70.42,70.96
776A,pass@10,1.0,2.0,1.0,2.0,3.0,3.0,2.0,4.75,0.5,2.38,0.13,0.0016,0.0,11.0,11.0,0.0,72.0,72.54
776A,pass@7,1.0,2.0,1.0,2.0,3.0,3.0,2.0,4.75,0.5,2.38,0.13,0.0016,0.0,13.0,13.0,0.0,70.42,70.96
776A,pass@15,1.0,2.0,1.0,2.0,3.0,3.0,2.0,4.75,0.5,2.38,0.13,0.0016,0.0,13.0,13.0,0.0,70.42,70.96
776A,pass@12,1.0,2.0,1.0,2.0,3.0,3.0,2.0,4.75,0.5,2.38,0.13,0.0016,0.0,12.0,12.0,0.0,71.18,71.72
776A,pass@14,1.0,2.0,1.0,2.0,3.0,3.0,2.0,4.75,0.5,2.38,0.13,0.0016,0.0,12.0,12.0,0.0,71.18,71.72
776A,pass@8,1.0,2.0,1.0,2.0,3.0,3.0,2.0,4.75,0.5,2.38,0.13,0.0016,0.0,13.0,13.0,0.0,70.42,70.96
776A,pass@13,1.0,2.0,1.0,2.0,3.0,3.0,2.0,4.75,0.5,2.38,0.13,0.0016,0.0,14.0,14.0,0.0,69.72,70.26
776A,pass@3,1.0,2.0,1.0,2.0,3.0,3.0,2.0,4.75,0.5,2.38,0.13,0.0016,0.0,13.0,13.0,0.0,70.42,70.96
776A,pass@17,1.0,2.0,1.0,2.0,3.0,3.0,2.0,4.75,0.5,2.38,0.13,0.0016,0.0,10.0,10.0,0.0,73.04,73.44
776A,pass@22,1.0,2.0,1.0,2.0,3.0,3.0,2.0,4.75,0.5,2.38,0.13,0.0016,0.0,10.0,10.0,0.0,73.04,73.44
776A,pass@18,2.0,3.0,2.0,3.0,5.0,5.0,6.75,11.61,1.0,11.61,0.64,0.0039,0.0,13.0,13.0,0.0,67.71,68.24
776A,pass@23,1.0,2.0,1.0,2.0,3.0,3.0,2.0,4.75,0.5,2.38,0.13,0.0016,0.0,13.0,13.0,0.0,70.42,70.96
776A,pass@24,1.0,3.0,2.0,4.0,4.0,6.0,4.75,12.0,0.67,8.0,0.44,0.004,0.0,13.0,13.0,0.0,67.47,68.14
776A,pass@26,1.0,2.0,1.0,2.0,3.0,3.0,2.0,4.75,0.5,2.38,0.13,0.0016,0.0,13.0,13.0,0.0,70.42,70.96
776A,pass@21,1.0,3.0,2.0,4.0,4.0,6.0,4.75,12.0,0.67,8.0,0.44,0.004,0.0,13.0,13.0,0.0,67.47,68.14
776A,pass@20,1.0,2.0,1.0,2.0,3.0,3.0,2.0,4.75,0.5,2.38,0.13,0.0016,0.0,11.0,11.0,0.0,72.0,72.54
776A,pass@31,1.0,2.0,1.0,2.0,3.0,3.0,2.0,4.75,0.5,2.38,0.13,0.0016,0.0,13.0,13.0,0.0,70.42,70.96
776A,pass@19,1.0,2.0,1.0,2.0,3.0,3.0,2.0,4.75,0.5,2.38,0.13,0.0016,0.0,12.0,12.0,0.0,71.18,71.72
776A,pass@32,1.0,2.0,1.0,2.0,3.0,3.0,2.0,4.75,0.5,2.38,0.13,0.0016,0.0,13.0,13.0,0.0,70.42,70.96
776A,pass@28,1.0,2.0,1.0,2.0,3.0,3.0,2.0,4.75,0.5,2.38,0.13,0.0016,0.0,13.0,13.0,0.0,70.42,70.96
776A,pass@25,1.0,2.0,1.0,2.0,3.0,3.0,2.0,4.75,0.5,2.38,0.13,0.0016,0.0,14.0,14.0,0.0,69.72,70.26
776A,pass@30,1.0,2.0,1.0,2.0,3.0,3.0,2.0,4.75,0.5,2.38,0.13,0.0016,0.0,13.0,13.0,0.0,70.42,70.96
776A,pass@29,1.0,2.0,1.0,2.0,3.0,3.0,2.0,4.75,0.5,2.38,0.13,0.0016,0.0,13.0,13.0,0.0,70.42,70.96
776A,pass@27,1.0,2.0,1.0,2.0,3.0,3.0,2.0,4.75,0.5,2.38,0.13,0.0016,0.0,14.0,14.0,0.0,69.72,70.26
777A,pass@5,2.0,6.0,3.0,6.0,8.0,9.0,17.51,27.0,1.0,27.0,1.5,0.009,0.0,5.0,5.0,0.0,74.6,74.73
777A,pass@15,2.0,6.0,3.0,6.0,8.0,9.0,17.51,27.0,1.0,27.0,1.5,0.009,0.0,6.0,6.0,0.0,72.87,73.0
777A,pass@3,3.0,8.0,8.0,15.0,11.0,23.0,28.75,79.57,2.81,223.78,12.43,0.0265,0.0,16.0,16.0,18.75,82.34,83.28
777A,pass@16,2.0,4.0,2.0,4.0,6.0,6.0,10.0,15.51,1.0,15.51,0.86,0.0052,0.0,16.0,8.0,6.25,86.17,86.44
777A,pass@2,3.0,8.0,5.0,10.0,11.0,15.0,28.75,51.89,1.88,97.3,5.41,0.0173,0.0,13.0,13.0,38.46,91.07,91.75
777A,pass@12,3.0,8.0,8.0,15.0,11.0,23.0,28.75,79.57,2.81,223.78,12.43,0.0265,0.0,16.0,16.0,25.0,84.64,85.58
777A,pass@7,3.0,8.0,8.0,15.0,11.0,23.0,28.75,79.57,2.81,223.78,12.43,0.0265,0.0,16.0,16.0,25.0,84.64,85.58
777A,pass@11,3.0,8.0,5.0,10.0,11.0,15.0,28.75,51.89,1.88,97.3,5.41,0.0173,0.0,13.0,13.0,38.46,91.07,91.75
777A,pass@4,3.0,8.0,5.0,10.0,11.0,15.0,28.75,51.89,1.88,97.3,5.41,0.0173,0.0,13.0,13.0,38.46,91.07,91.75
777A,pass@1,2.0,6.0,3.0,6.0,8.0,9.0,17.51,27.0,1.0,27.0,1.5,0.009,0.0,19.0,11.0,42.11,95.22,95.76
777A,pass@9,4.0,12.0,10.0,20.0,16.0,30.0,51.02,120.0,3.33,400.0,22.22,0.04,0.0,7.0,5.0,0.0,69.79,70.19
777A,pass@10,3.0,6.0,4.0,8.0,9.0,12.0,20.26,38.04,2.0,76.08,4.23,0.0127,0.0,13.0,13.0,46.15,92.95,93.49
777A,pass@14,2.0,4.0,2.0,4.0,6.0,6.0,10.0,15.51,1.0,15.51,0.86,0.0052,0.0,16.0,8.0,50.0,100.0,100.0
777A,pass@8,3.0,8.0,5.0,10.0,11.0,15.0,28.75,51.89,1.88,97.3,5.41,0.0173,0.0,13.0,13.0,38.46,91.07,91.75
777A,pass@6,2.0,4.0,2.0,4.0,6.0,6.0,10.0,15.51,1.0,15.51,0.86,0.0052,0.0,16.0,8.0,50.0,100.0,100.0
777A,pass@13,5.0,11.0,12.0,24.0,16.0,36.0,49.66,144.0,5.45,785.45,43.64,0.048,0.0,20.0,20.0,25.0,80.32,81.66
777A,pass@19,3.0,8.0,5.0,10.0,11.0,15.0,28.75,51.89,1.88,97.3,5.41,0.0173,0.0,5.0,5.0,0.0,72.47,72.74
777A,pass@24,2.0,6.0,3.0,6.0,8.0,9.0,17.51,27.0,1.0,27.0,1.5,0.009,0.0,6.0,6.0,16.67,94.76,94.89
777A,pass@17,3.0,8.0,5.0,10.0,11.0,15.0,28.75,51.89,1.88,97.3,5.41,0.0173,0.0,13.0,13.0,46.15,91.87,92.54
777A,pass@22,4.0,11.0,10.0,20.0,15.0,30.0,46.05,117.21,3.64,426.21,23.68,0.0391,0.0,7.0,5.0,0.0,69.86,70.27
777A,pass@20,2.0,4.0,2.0,4.0,6.0,6.0,10.0,15.51,1.0,15.51,0.86,0.0052,0.0,16.0,8.0,50.0,100.0,100.0
777A,pass@21,3.0,8.0,5.0,10.0,11.0,15.0,28.75,51.89,1.88,97.3,5.41,0.0173,0.0,14.0,14.0,35.71,89.96,90.63
777A,pass@31,3.0,8.0,8.0,15.0,11.0,23.0,28.75,79.57,2.81,223.78,12.43,0.0265,0.0,15.0,15.0,26.67,85.74,86.69
777A,pass@27,3.0,8.0,8.0,15.0,11.0,23.0,28.75,79.57,2.81,223.78,12.43,0.0265,0.0,16.0,16.0,25.0,84.64,85.58
777A,pass@29,3.0,8.0,8.0,15.0,11.0,23.0,28.75,79.57,2.81,223.78,12.43,0.0265,0.0,16.0,16.0,25.0,84.64,85.58
777A,pass@18,3.0,10.0,12.0,24.0,13.0,36.0,37.97,133.22,3.6,479.58,26.64,0.0444,0.0,26.0,26.0,30.77,79.46,80.94
777A,pass@30,3.0,8.0,8.0,15.0,11.0,23.0,28.75,79.57,2.81,223.78,12.43,0.0265,0.0,16.0,16.0,25.0,84.64,85.58
777A,pass@28,2.0,4.0,2.0,4.0,6.0,6.0,10.0,15.51,1.0,15.51,0.86,0.0052,0.0,17.0,9.0,47.06,99.49,99.76
777A,pass@32,3.0,8.0,5.0,10.0,11.0,15.0,28.75,51.89,1.88,97.3,5.41,0.0173,0.0,13.0,13.0,38.46,91.07,91.75
777A,pass@25,2.0,4.0,2.0,4.0,6.0,6.0,10.0,15.51,1.0,15.51,0.86,0.0052,0.0,16.0,8.0,50.0,100.0,100.0
777A,pass@26,3.0,6.0,3.0,6.0,9.0,9.0,20.26,28.53,1.5,42.79,2.38,0.0095,0.0,12.0,8.0,75.0,98.22,98.62
777A,pass@23,3.0,5.0,3.0,6.0,8.0,9.0,16.36,27.0,1.8,48.6,2.7,0.009,0.0,24.0,9.0,62.5,98.07,98.34
777E,pass@12,6.0,15.0,13.0,20.0,21.0,33.0,74.11,144.95,4.0,579.79,32.21,0.0483,7.0,29.0,29.0,0.0,52.02,52.02
777E,pass@2,5.0,10.0,6.0,10.0,15.0,16.0,44.83,62.51,2.5,156.28,8.68,0.0208,6.0,29.0,30.0,10.34,72.47,72.47
777E,pass@1,6.0,14.0,10.0,16.0,20.0,26.0,68.81,112.37,3.43,385.27,21.4,0.0375,6.0,28.0,29.0,14.29,73.56,73.56
777E,pass@7,5.0,10.0,6.0,11.0,15.0,17.0,44.83,66.42,2.75,182.65,10.15,0.0221,6.0,29.0,29.0,17.24,76.7,76.7
777E,pass@5,6.0,11.0,10.0,15.0,17.0,25.0,53.56,102.19,4.09,418.04,23.22,0.0341,7.0,30.0,30.0,20.0,76.15,76.15
777E,pass@10,5.0,13.0,12.0,18.0,18.0,30.0,59.72,125.1,3.46,433.03,24.06,0.0417,7.0,36.0,36.0,16.67,72.31,72.31
777E,pass@15,5.0,13.0,11.0,16.0,18.0,27.0,59.72,112.59,3.08,346.42,19.25,0.0375,6.0,33.0,36.0,24.24,75.8,75.8
777E,pass@4,5.0,11.0,12.0,18.0,16.0,30.0,49.66,120.0,4.09,490.91,27.27,0.04,8.0,27.0,27.0,33.33,80.36,80.36
777E,pass@13,9.0,16.0,12.0,21.0,25.0,33.0,92.53,153.25,5.91,905.12,50.28,0.0511,9.0,28.0,28.0,35.71,79.56,79.56
777E,pass@11,7.0,13.0,10.0,17.0,20.0,27.0,67.76,116.69,4.58,534.09,29.67,0.0389,6.0,30.0,30.0,36.67,80.29,80.29
777E,pass@3,10.0,23.0,19.0,36.0,33.0,55.0,137.26,277.44,7.83,2171.28,120.63,0.0925,10.0,39.0,39.0,17.95,69.34,69.34
777E,pass@16,10.0,23.0,22.0,40.0,33.0,62.0,137.26,312.75,8.7,2719.59,151.09,0.1043,9.0,45.0,45.0,15.56,66.58,66.58
777E,pass@8,10.0,23.0,19.0,36.0,33.0,55.0,137.26,277.44,7.83,2171.28,120.63,0.0925,10.0,39.0,39.0,43.59,75.48,75.48
777E,pass@19,4.0,8.0,6.0,9.0,12.0,15.0,32.0,53.77,2.25,120.99,6.72,0.0179,5.0,25.0,25.0,20.0,80.1,80.1
777E,pass@9,9.0,29.0,21.0,40.0,38.0,61.0,169.41,320.12,6.21,1986.97,110.39,0.1067,12.0,42.0,42.0,38.1,73.44,73.44
777E,pass@21,7.0,13.0,11.0,21.0,20.0,32.0,67.76,138.3,5.65,781.94,43.44,0.0461,7.0,31.0,31.0,9.68,69.11,69.11
777E,pass@22,6.0,14.0,12.0,21.0,20.0,33.0,68.81,142.62,4.5,641.81,35.66,0.0475,6.0,33.0,33.0,15.15,72.09,72.09
777E,pass@20,9.0,18.0,17.0,31.0,27.0,48.0,103.59,228.23,7.75,1768.82,98.27,0.0761,9.0,29.0,29.0,24.14,75.26,75.26
777E,pass@28,8.0,18.0,14.0,23.0,26.0,37.0,99.06,173.92,5.11,888.91,49.38,0.058,8.0,33.0,33.0,6.06,64.39,64.39
777E,pass@18,10.0,20.0,13.0,24.0,30.0,37.0,119.66,181.55,6.0,1089.33,60.52,0.0605,10.0,38.0,38.0,23.68,73.11,73.11
777E,pass@6,8.0,30.0,22.0,40.0,38.0,62.0,171.21,325.37,5.33,1735.31,96.41,0.1085,9.0,61.0,62.0,32.79,69.21,69.21
777E,pass@23,5.0,16.0,16.0,26.0,21.0,42.0,75.61,184.48,4.06,749.44,41.64,0.0615,7.0,42.0,42.0,19.05,70.77,70.77
777E,pass@26,6.0,10.0,6.0,11.0,16.0,17.0,48.73,68.0,3.3,224.4,12.47,0.0227,6.0,28.0,28.0,28.57,80.95,80.95
777E,pass@24,6.0,10.0,7.0,12.0,16.0,19.0,48.73,76.0,3.6,273.6,15.2,0.0253,6.0,27.0,28.0,37.04,82.3,82.3
777E,pass@25,8.0,20.0,15.0,26.0,28.0,41.0,110.44,197.1,5.2,1024.93,56.94,0.0657,8.0,33.0,33.0,24.24,74.65,74.65
777E,pass@27,7.0,14.0,12.0,24.0,21.0,36.0,72.95,158.12,6.0,948.74,52.71,0.0527,9.0,36.0,36.0,25.0,74.6,74.6
777E,pass@30,8.0,16.0,14.0,22.0,24.0,36.0,88.0,165.06,5.5,907.82,50.43,0.055,9.0,30.0,31.0,23.33,75.35,75.35
777E,pass@32,7.0,15.0,13.0,23.0,22.0,36.0,78.25,160.54,5.37,861.56,47.86,0.0535,7.0,35.0,35.0,22.86,74.39,74.39
777E,pass@14,6.0,15.0,18.0,31.0,21.0,49.0,74.11,215.22,6.2,1334.39,74.13,0.0717,12.0,47.0,47.0,85.11,73.13,73.13
777E,pass@29,4.0,14.0,14.0,23.0,18.0,37.0,61.3,154.29,3.29,506.94,28.16,0.0514,6.0,34.0,34.0,38.24,78.49,78.49
777E,pass@31,4.0,13.0,14.0,25.0,17.0,39.0,56.11,159.41,3.85,613.12,34.06,0.0531,7.0,30.0,30.0,36.67,79.21,79.21
777E,pass@17,8.0,22.0,24.0,42.0,30.0,66.0,122.11,323.85,7.64,2473.07,137.39,0.108,15.0,52.0,52.0,67.31,71.97,71.97
779B,pass@2,6.0,11.0,10.0,20.0,17.0,30.0,53.56,122.62,5.45,668.86,37.16,0.0409,0.0,17.0,17.0,5.88,71.95,72.62
779B,pass@15,6.0,11.0,10.0,20.0,17.0,30.0,53.56,122.62,5.45,668.86,37.16,0.0409,0.0,17.0,17.0,5.88,71.95,72.62
779B,pass@16,6.0,11.0,10.0,20.0,17.0,30.0,53.56,122.62,5.45,668.86,37.16,0.0409,0.0,17.0,17.0,5.88,71.95,72.62
779B,pass@5,5.0,9.0,10.0,18.0,14.0,28.0,40.14,106.61,5.0,533.03,29.61,0.0355,0.0,19.0,19.0,5.26,70.48,71.29
779B,pass@3,6.0,11.0,10.0,20.0,17.0,30.0,53.56,122.62,5.45,668.86,37.16,0.0409,0.0,17.0,17.0,5.88,71.95,72.62
779B,pass@9,6.0,11.0,10.0,20.0,17.0,30.0,53.56,122.62,5.45,668.86,37.16,0.0409,0.0,17.0,17.0,5.88,71.95,72.62
779B,pass@6,6.0,12.0,11.0,22.0,18.0,33.0,58.53,137.61,5.5,756.84,42.05,0.0459,0.0,21.0,21.0,4.76,68.15,68.96
779B,pass@7,6.0,10.0,10.0,20.0,16.0,30.0,48.73,120.0,6.0,720.0,40.0,0.04,0.0,19.0,19.0,10.53,75.08,75.76
779B,pass@14,6.0,12.0,11.0,22.0,18.0,33.0,58.53,137.61,5.5,756.84,42.05,0.0459,0.0,21.0,21.0,4.76,68.15,68.96
779B,pass@11,6.0,12.0,11.0,22.0,18.0,33.0,58.53,137.61,5.5,756.84,42.05,0.0459,0.0,21.0,21.0,4.76,68.15,68.96
779B,pass@4,6.0,11.0,10.0,20.0,17.0,30.0,53.56,122.62,5.45,668.86,37.16,0.0409,0.0,17.0,17.0,5.88,71.95,72.62
779B,pass@8,6.0,16.0,13.0,26.0,22.0,39.0,79.51,173.92,4.88,847.85,47.1,0.058,0.0,22.0,22.0,4.55,66.59,67.53
779B,pass@1,6.0,14.0,13.0,26.0,20.0,39.0,68.81,168.56,5.57,939.09,52.17,0.0562,0.0,23.0,23.0,8.7,70.54,71.48
779B,pass@10,6.0,12.0,11.0,22.0,18.0,33.0,58.53,137.61,5.5,756.84,42.05,0.0459,0.0,21.0,21.0,4.76,68.15,68.96
779B,pass@13,6.0,11.0,10.0,20.0,17.0,30.0,53.56,122.62,5.45,668.86,37.16,0.0409,0.0,17.0,17.0,5.88,71.95,72.62
779B,pass@12,6.0,11.0,10.0,20.0,17.0,30.0,53.56,122.62,5.45,668.86,37.16,0.0409,0.0,17.0,17.0,5.88,71.95,72.62
779B,pass@20,6.0,11.0,10.0,20.0,17.0,30.0,53.56,122.62,5.45,668.86,37.16,0.0409,0.0,17.0,17.0,5.88,71.95,72.62
779B,pass@23,6.0,12.0,10.0,20.0,18.0,30.0,58.53,125.1,5.0,625.49,34.75,0.0417,0.0,19.0,19.0,0.0,56.75,57.42
779B,pass@19,6.0,11.0,10.0,20.0,17.0,30.0,53.56,122.62,5.45,668.86,37.16,0.0409,0.0,17.0,17.0,5.88,71.95,72.62
779B,pass@21,6.0,11.0,10.0,20.0,17.0,30.0,53.56,122.62,5.45,668.86,37.16,0.0409,0.0,18.0,18.0,5.56,71.04,71.71
779B,pass@22,6.0,11.0,10.0,20.0,17.0,30.0,53.56,122.62,5.45,668.86,37.16,0.0409,0.0,17.0,17.0,5.88,71.95,72.62
779B,pass@27,6.0,11.0,10.0,20.0,17.0,30.0,53.56,122.62,5.45,668.86,37.16,0.0409,0.0,17.0,17.0,5.88,71.95,72.62
779B,pass@18,6.0,11.0,10.0,20.0,17.0,30.0,53.56,122.62,5.45,668.86,37.16,0.0409,0.0,18.0,18.0,5.56,71.04,71.71
779B,pass@17,6.0,12.0,10.0,20.0,18.0,30.0,58.53,125.1,5.0,625.49,34.75,0.0417,0.0,19.0,19.0,15.79,78.19,78.87
779B,pass@29,6.0,12.0,10.0,20.0,18.0,30.0,58.53,125.1,5.0,625.49,34.75,0.0417,0.0,19.0,19.0,0.0,56.75,57.42
779B,pass@24,6.0,11.0,10.0,20.0,17.0,30.0,53.56,122.62,5.45,668.86,37.16,0.0409,0.0,17.0,17.0,17.65,80.22,80.89
779B,pass@28,6.0,12.0,11.0,22.0,18.0,33.0,58.53,137.61,5.5,756.84,42.05,0.0459,0.0,22.0,22.0,4.55,67.44,68.24
779B,pass@25,6.0,16.0,13.0,26.0,22.0,39.0,79.51,173.92,4.88,847.85,47.1,0.058,0.0,22.0,22.0,4.55,66.59,67.53
779B,pass@26,6.0,7.0,10.0,18.0,13.0,28.0,35.16,103.61,7.71,799.29,44.41,0.0345,0.0,20.0,20.0,10.0,74.52,75.32
779B,pass@30,6.0,12.0,11.0,22.0,18.0,33.0,58.53,137.61,5.5,756.84,42.05,0.0459,0.0,21.0,21.0,4.76,68.15,68.96
779B,pass@31,6.0,12.0,11.0,22.0,18.0,33.0,58.53,137.61,5.5,756.84,42.05,0.0459,0.0,21.0,21.0,4.76,68.15,68.96
779B,pass@32,7.0,16.0,14.0,28.0,23.0,42.0,83.65,189.99,6.12,1163.69,64.65,0.0633,0.0,25.0,25.0,12.0,71.71,72.78
780C,pass@2,5.0,10.0,11.0,22.0,15.0,33.0,44.83,128.93,5.5,709.1,39.39,0.043,9.0,34.0,35.0,0.0,50.33,50.33
780C,pass@6,5.0,10.0,11.0,22.0,15.0,33.0,44.83,128.93,5.5,709.1,39.39,0.043,9.0,34.0,35.0,0.0,50.33,50.33
780C,pass@4,5.0,14.0,14.0,28.0,19.0,42.0,64.91,178.41,5.0,892.06,49.56,0.0595,9.0,36.0,37.0,0.0,48.82,48.82
780C,pass@11,5.0,10.0,11.0,22.0,15.0,33.0,44.83,128.93,5.5,709.1,39.39,0.043,9.0,35.0,36.0,0.0,50.06,50.06
780C,pass@7,7.0,16.0,15.0,30.0,23.0,45.0,83.65,203.56,6.56,1335.86,74.21,0.0679,10.0,35.0,36.0,0.0,48.54,48.54
780C,pass@15,5.0,10.0,11.0,22.0,15.0,33.0,44.83,128.93,5.5,709.1,39.39,0.043,9.0,35.0,36.0,0.0,50.06,50.06
780C,pass@16,5.0,10.0,12.0,24.0,15.0,36.0,44.83,140.65,6.0,843.89,46.88,0.0469,9.0,35.0,36.0,0.0,49.8,49.8
780C,pass@5,5.0,10.0,11.0,22.0,15.0,33.0,44.83,128.93,5.5,709.1,39.39,0.043,9.0,34.0,35.0,0.0,50.33,50.33
780C,pass@13,5.0,11.0,13.0,26.0,16.0,39.0,49.66,156.0,5.91,921.82,51.21,0.052,9.0,37.0,38.0,0.0,48.97,48.97
780C,pass@10,5.0,12.0,15.0,30.0,17.0,45.0,54.63,183.94,6.25,1149.6,63.87,0.0613,11.0,40.0,41.0,0.0,47.48,47.48
780C,pass@14,5.0,12.0,15.0,30.0,17.0,45.0,54.63,183.94,6.25,1149.6,63.87,0.0613,11.0,41.0,42.0,0.0,47.25,47.25
780C,pass@9,5.0,10.0,11.0,22.0,15.0,33.0,44.83,128.93,5.5,709.1,39.39,0.043,9.0,32.0,33.0,0.0,50.89,50.89
780C,pass@8,5.0,11.0,16.0,32.0,16.0,48.0,49.66,192.0,7.27,1396.36,77.58,0.064,11.0,42.0,43.0,0.0,46.9,46.9
780C,pass@12,5.0,11.0,15.0,30.0,16.0,45.0,49.66,180.0,6.82,1227.27,68.18,0.06,11.0,41.0,42.0,0.0,47.32,47.32
780C,pass@3,5.0,11.0,15.0,30.0,16.0,45.0,49.66,180.0,6.82,1227.27,68.18,0.06,11.0,41.0,42.0,0.0,47.32,47.32
780C,pass@1,7.0,14.0,18.0,36.0,21.0,54.0,72.95,237.19,9.0,2134.67,118.59,0.0791,12.0,41.0,42.0,0.0,46.35,46.35
780C,pass@18,5.0,12.0,12.0,24.0,17.0,36.0,54.63,147.15,5.0,735.74,40.87,0.049,10.0,39.0,40.0,0.0,48.53,48.53
780C,pass@26,5.0,10.0,11.0,22.0,15.0,33.0,44.83,128.93,5.5,709.1,39.39,0.043,9.0,33.0,34.0,3.03,60.92,60.92
780C,pass@22,5.0,11.0,12.0,24.0,16.0,36.0,49.66,144.0,5.45,785.45,43.64,0.048,10.0,37.0,38.0,0.0,49.08,49.08
780C,pass@17,5.0,15.0,20.0,40.0,20.0,60.0,70.21,259.32,6.67,1728.77,96.04,0.0864,11.0,44.0,45.0,0.0,45.56,45.56
780C,pass@19,5.0,12.0,16.0,32.0,17.0,48.0,54.63,196.2,6.67,1307.99,72.67,0.0654,11.0,40.0,41.0,0.0,47.29,47.29
780C,pass@29,5.0,12.0,15.0,30.0,17.0,45.0,54.63,183.94,6.25,1149.6,63.87,0.0613,11.0,41.0,42.0,0.0,47.25,47.25
780C,pass@25,5.0,12.0,15.0,30.0,17.0,45.0,54.63,183.94,6.25,1149.6,63.87,0.0613,11.0,40.0,41.0,0.0,47.48,47.48
780C,pass@32,5.0,12.0,15.0,30.0,17.0,45.0,54.63,183.94,6.25,1149.6,63.87,0.0613,11.0,41.0,42.0,0.0,47.25,47.25
780C,pass@21,5.0,12.0,15.0,30.0,17.0,45.0,54.63,183.94,6.25,1149.6,63.87,0.0613,11.0,40.0,41.0,0.0,47.48,47.48
780C,pass@27,5.0,16.0,19.0,38.0,21.0,57.0,75.61,250.36,5.94,1486.52,82.58,0.0835,11.0,43.0,44.0,0.0,45.88,45.88
780C,pass@30,7.0,14.0,18.0,36.0,21.0,54.0,72.95,237.19,9.0,2134.67,118.59,0.0791,12.0,40.0,41.0,0.0,46.57,46.57
780C,pass@24,5.0,12.0,15.0,30.0,17.0,45.0,54.63,183.94,6.25,1149.6,63.87,0.0613,11.0,40.0,41.0,0.0,47.48,47.48
780C,pass@31,5.0,12.0,15.0,30.0,17.0,45.0,54.63,183.94,6.25,1149.6,63.87,0.0613,11.0,40.0,41.0,0.0,47.48,47.48
780C,pass@20,5.0,11.0,16.0,32.0,16.0,48.0,49.66,192.0,7.27,1396.36,77.58,0.064,11.0,42.0,43.0,0.0,46.9,46.9
780C,pass@28,5.0,11.0,15.0,30.0,16.0,45.0,49.66,180.0,6.82,1227.27,68.18,0.06,11.0,41.0,42.0,0.0,47.32,47.32
780C,pass@23,5.0,12.0,16.0,32.0,17.0,48.0,54.63,196.2,6.67,1307.99,72.67,0.0654,11.0,40.0,41.0,0.0,47.29,47.29
789C,pass@15,5.0,15.0,12.0,22.0,20.0,34.0,70.21,146.95,3.67,538.8,29.93,0.049,0.0,18.0,18.0,0.0,56.64,57.44
789C,pass@13,6.0,16.0,14.0,28.0,22.0,42.0,79.51,187.3,5.25,983.3,54.63,0.0624,0.0,26.0,26.0,0.0,52.01,53.22
789C,pass@3,6.0,16.0,14.0,28.0,22.0,42.0,79.51,187.3,5.25,983.3,54.63,0.0624,0.0,26.0,26.0,0.0,52.01,53.22
789C,pass@1,6.0,10.0,11.0,20.0,16.0,31.0,48.73,124.0,6.0,744.0,41.33,0.0413,0.0,18.0,18.0,0.0,57.15,57.96
789C,pass@12,5.0,16.0,12.0,22.0,21.0,34.0,75.61,149.34,3.44,513.35,28.52,0.0498,0.0,20.0,20.0,0.0,55.72,56.4
789C,pass@2,5.0,10.0,10.0,18.0,15.0,28.0,44.83,109.39,4.5,492.27,27.35,0.0365,0.0,21.0,21.0,0.0,56.21,56.88
789C,pass@9,6.0,16.0,16.0,32.0,22.0,48.0,79.51,214.05,6.0,1284.32,71.35,0.0714,0.0,32.0,32.0,0.0,49.37,50.85
789C,pass@5,6.0,14.0,14.0,25.0,20.0,39.0,68.81,168.56,5.36,902.97,50.17,0.0562,0.0,22.0,22.0,0.0,54.05,55.12
789C,pass@14,6.0,13.0,13.0,24.0,19.0,37.0,63.62,157.17,5.54,870.5,48.36,0.0524,0.0,22.0,22.0,0.0,54.26,55.34
789C,pass@7,6.0,14.0,12.0,22.0,20.0,34.0,68.81,146.95,4.71,692.74,38.49,0.049,0.0,21.0,21.0,0.0,55.04,55.98
789C,pass@4,7.0,18.0,19.0,36.0,25.0,55.0,94.71,255.41,7.0,1787.88,99.33,0.0851,0.0,28.0,28.0,0.0,50.23,51.58
789C,pass@10,6.0,16.0,16.0,30.0,22.0,46.0,79.51,205.13,5.62,1153.88,64.1,0.0684,0.0,23.0,23.0,0.0,53.16,54.11
789C,pass@11,6.0,13.0,11.0,21.0,19.0,32.0,63.62,135.93,4.85,658.76,36.6,0.0453,0.0,21.0,21.0,0.0,55.28,56.22
789C,pass@6,6.0,13.0,12.0,22.0,19.0,34.0,63.62,144.43,5.08,733.26,40.74,0.0481,0.0,21.0,21.0,0.0,55.09,56.04
789C,pass@8,5.0,13.0,14.0,25.0,18.0,39.0,59.72,162.63,4.81,781.86,43.44,0.0542,0.0,25.0,25.0,0.0,53.35,54.02
789C,pass@16,6.0,13.0,14.0,25.0,19.0,39.0,63.62,165.67,5.77,955.78,53.1,0.0552,0.0,22.0,22.0,0.0,54.1,55.18
789C,pass@20,6.0,16.0,14.0,28.0,22.0,42.0,79.51,187.3,5.25,983.3,54.63,0.0624,0.0,26.0,26.0,0.0,52.01,53.22
789C,pass@21,5.0,10.0,10.0,18.0,15.0,28.0,44.83,109.39,4.5,492.27,27.35,0.0365,0.0,20.0,20.0,0.0,56.67,57.34
789C,pass@19,7.0,18.0,19.0,36.0,25.0,55.0,94.71,255.41,7.0,1787.88,99.33,0.0851,0.0,28.0,28.0,0.0,50.23,51.58
789C,pass@31,5.0,15.0,12.0,22.0,20.0,34.0,70.21,146.95,3.67,538.8,29.93,0.049,0.0,18.0,18.0,0.0,56.64,57.44
789C,pass@25,5.0,12.0,15.0,27.0,17.0,42.0,54.63,171.67,5.62,965.66,53.65,0.0572,0.0,23.0,23.0,0.0,53.98,54.65
789C,pass@23,5.0,15.0,12.0,22.0,20.0,34.0,70.21,146.95,3.67,538.8,29.93,0.049,0.0,21.0,21.0,0.0,55.31,55.98
789C,pass@29,6.0,16.0,14.0,28.0,22.0,42.0,79.51,187.3,5.25,983.3,54.63,0.0624,0.0,26.0,26.0,0.0,52.01,53.22
789C,pass@22,6.0,16.0,16.0,32.0,22.0,48.0,79.51,214.05,6.0,1284.32,71.35,0.0714,0.0,31.0,31.0,0.0,49.67,51.15
789C,pass@30,6.0,16.0,14.0,28.0,22.0,42.0,79.51,187.3,5.25,983.3,54.63,0.0624,0.0,26.0,26.0,0.0,52.01,53.22
789C,pass@18,6.0,10.0,11.0,20.0,16.0,31.0,48.73,124.0,6.0,744.0,41.33,0.0413,0.0,18.0,18.0,0.0,57.15,57.96
789C,pass@27,6.0,16.0,16.0,32.0,22.0,48.0,79.51,214.05,6.0,1284.32,71.35,0.0714,0.0,31.0,31.0,0.0,49.67,51.15
789C,pass@17,6.0,14.0,14.0,25.0,20.0,39.0,68.81,168.56,5.36,902.97,50.17,0.0562,0.0,26.0,26.0,0.0,52.6,53.54
789C,pass@28,5.0,13.0,13.0,23.0,18.0,36.0,59.72,150.12,4.42,663.98,36.89,0.05,0.0,25.0,25.0,0.0,53.32,54.27
789C,pass@26,5.0,13.0,13.0,23.0,18.0,36.0,59.72,150.12,4.42,663.98,36.89,0.05,0.0,25.0,25.0,0.0,53.32,54.27
789C,pass@24,6.0,14.0,14.0,25.0,20.0,39.0,68.81,168.56,5.36,902.97,50.17,0.0562,0.0,25.0,25.0,0.0,52.97,53.91
789C,pass@32,4.0,10.0,9.0,15.0,14.0,24.0,41.22,91.38,3.0,274.13,15.23,0.0305,0.0,18.0,18.0,0.0,58.22,58.89
790A,pass@13,6.0,15.0,11.0,22.0,21.0,33.0,74.11,144.95,4.4,637.76,35.43,0.0483,0.0,13.0,13.0,0.0,59.9,60.57
790A,pass@1,6.0,14.0,10.0,20.0,20.0,30.0,68.81,129.66,4.29,555.68,30.87,0.0432,0.0,13.0,13.0,0.0,60.23,60.91
790A,pass@5,4.0,14.0,9.0,18.0,18.0,27.0,61.3,112.59,2.57,289.51,16.08,0.0375,0.0,13.0,13.0,15.38,81.9,82.57
790A,pass@12,6.0,14.0,10.0,20.0,20.0,30.0,68.81,129.66,4.29,555.68,30.87,0.0432,0.0,13.0,13.0,15.38,81.47,82.14
790A,pass@2,4.0,12.0,8.0,16.0,16.0,24.0,51.02,96.0,2.67,256.0,14.22,0.032,0.0,13.0,13.0,23.08,85.68,86.35
790A,pass@16,3.0,10.0,6.0,12.0,13.0,18.0,37.97,66.61,1.8,119.89,6.66,0.0222,0.0,14.0,14.0,14.29,82.05,82.86
790A,pass@9,6.0,14.0,10.0,20.0,20.0,30.0,68.81,129.66,4.29,555.68,30.87,0.0432,0.0,13.0,13.0,15.38,81.47,82.14
790A,pass@11,6.0,14.0,10.0,20.0,20.0,30.0,68.81,129.66,4.29,555.68,30.87,0.0432,0.0,13.0,13.0,15.38,81.47,82.14
790A,pass@3,6.0,14.0,10.0,20.0,20.0,30.0,68.81,129.66,4.29,555.68,30.87,0.0432,0.0,14.0,14.0,14.29,80.16,80.83
790A,pass@4,6.0,14.0,10.0,20.0,20.0,30.0,68.81,129.66,4.29,555.68,30.87,0.0432,0.0,13.0,13.0,23.08,84.77,85.44
790A,pass@8,6.0,15.0,11.0,22.0,21.0,33.0,74.11,144.95,4.4,637.76,35.43,0.0483,0.0,13.0,13.0,30.77,86.58,87.25
790A,pass@14,6.0,14.0,10.0,20.0,20.0,30.0,68.81,129.66,4.29,555.68,30.87,0.0432,0.0,13.0,13.0,15.38,81.47,82.14
790A,pass@15,6.0,14.0,10.0,20.0,20.0,30.0,68.81,129.66,4.29,555.68,30.87,0.0432,0.0,15.0,15.0,33.33,86.09,86.76
790A,pass@20,6.0,14.0,10.0,20.0,20.0,30.0,68.81,129.66,4.29,555.68,30.87,0.0432,0.0,14.0,14.0,0.0,59.53,60.2
790A,pass@17,6.0,14.0,10.0,20.0,20.0,30.0,68.81,129.66,4.29,555.68,30.87,0.0432,0.0,13.0,13.0,7.69,76.13,76.8
790A,pass@21,6.0,15.0,11.0,22.0,21.0,33.0,74.11,144.95,4.4,637.76,35.43,0.0483,0.0,13.0,13.0,15.38,81.13,81.8
790A,pass@24,6.0,15.0,11.0,22.0,21.0,33.0,74.11,144.95,4.4,637.76,35.43,0.0483,0.0,13.0,13.0,15.38,81.13,81.8
790A,pass@31,6.0,15.0,10.0,20.0,21.0,30.0,74.11,131.77,4.0,527.08,29.28,0.0439,0.0,9.0,9.0,0.0,63.8,64.34
790A,pass@29,5.0,13.0,8.0,16.0,18.0,24.0,59.72,100.08,3.08,307.93,17.11,0.0334,0.0,10.0,10.0,0.0,63.64,64.18
790A,pass@26,4.0,14.0,10.0,20.0,18.0,30.0,61.3,125.1,2.86,357.42,19.86,0.0417,0.0,12.0,12.0,0.0,61.1,61.77
790A,pass@27,6.0,15.0,11.0,22.0,21.0,33.0,74.11,144.95,4.4,637.76,35.43,0.0483,0.0,13.0,13.0,0.0,59.9,60.57
790A,pass@23,6.0,15.0,11.0,22.0,21.0,33.0,74.11,144.95,4.4,637.76,35.43,0.0483,0.0,13.0,13.0,15.38,81.13,81.8
790A,pass@22,6.0,15.0,11.0,22.0,21.0,33.0,74.11,144.95,4.4,637.76,35.43,0.0483,0.0,12.0,12.0,16.67,82.54,83.21
790A,pass@18,6.0,14.0,10.0,20.0,20.0,30.0,68.81,129.66,4.29,555.68,30.87,0.0432,0.0,13.0,13.0,30.77,86.92,87.59
790A,pass@19,6.0,14.0,10.0,20.0,20.0,30.0,68.81,129.66,4.29,555.68,30.87,0.0432,0.0,13.0,13.0,15.38,81.47,82.14
790A,pass@28,6.0,15.0,11.0,22.0,21.0,33.0,74.11,144.95,4.4,637.76,35.43,0.0483,0.0,13.0,13.0,0.0,59.9,60.57
791C,pass@7,6.0,14.0,10.0,20.0,20.0,30.0,68.81,129.66,4.29,555.68,30.87,0.0432,0.0,13.0,13.0,0.0,60.23,60.91
791C,pass@3,6.0,14.0,10.0,20.0,20.0,30.0,68.81,129.66,4.29,555.68,30.87,0.0432,0.0,13.0,13.0,0.0,60.23,60.91
791C,pass@4,5.0,15.0,10.0,20.0,20.0,30.0,70.21,129.66,3.33,432.19,24.01,0.0432,0.0,9.0,9.0,0.0,63.85,64.39
791C,pass@5,6.0,15.0,11.0,22.0,21.0,33.0,74.11,144.95,4.4,637.76,35.43,0.0483,0.0,13.0,13.0,7.69,75.79,76.46
791C,pass@2,6.0,15.0,11.0,22.0,21.0,33.0,74.11,144.95,4.4,637.76,35.43,0.0483,0.0,13.0,13.0,0.0,59.9,60.57
791C,pass@1,6.0,14.0,10.0,20.0,20.0,30.0,68.81,129.66,4.29,555.68,30.87,0.0432,0.0,13.0,13.0,7.69,76.13,76.8
791C,pass@6,6.0,15.0,11.0,22.0,21.0,33.0,74.11,144.95,4.4,637.76,35.43,0.0483,0.0,13.0,13.0,23.08,84.43,85.1
791C,pass@9,4.0,12.0,8.0,16.0,16.0,24.0,51.02,96.0,2.67,256.0,14.22,0.032,0.0,13.0,13.0,23.08,85.68,86.35
791C,pass@10,4.0,12.0,8.0,16.0,16.0,24.0,51.02,96.0,2.67,256.0,14.22,0.032,0.0,13.0,13.0,23.08,85.68,86.35
791C,pass@13,6.0,14.0,10.0,20.0,20.0,30.0,68.81,129.66,4.29,555.68,30.87,0.0432,0.0,12.0,12.0,25.0,86.15,86.82
791C,pass@16,6.0,14.0,10.0,20.0,20.0,30.0,68.81,129.66,4.29,555.68,30.87,0.0432,0.0,13.0,13.0,7.69,76.13,76.8
791C,pass@15,6.0,17.0,12.0,24.0,23.0,36.0,85.0,162.85,4.24,689.71,38.32,0.0543,0.0,13.0,13.0,15.38,80.77,81.45
791C,pass@12,5.0,14.0,9.0,18.0,19.0,27.0,64.91,114.69,3.21,368.66,20.48,0.0382,0.0,9.0,9.0,33.33,91.44,91.98
791C,pass@19,5.0,15.0,10.0,20.0,20.0,30.0,70.21,129.66,3.33,432.19,24.01,0.0432,0.0,9.0,9.0,11.11,82.48,83.02
791C,pass@17,4.0,12.0,8.0,16.0,16.0,24.0,51.02,96.0,2.67,256.0,14.22,0.032,0.0,13.0,13.0,23.08,85.68,86.35
791C,pass@23,6.0,17.0,13.0,26.0,23.0,39.0,85.0,176.42,4.59,809.45,44.97,0.0588,0.0,13.0,13.0,0.0,59.3,59.97
791C,pass@22,6.0,16.0,12.0,24.0,22.0,36.0,79.51,160.54,4.5,722.43,40.13,0.0535,0.0,12.0,12.0,0.0,60.34,61.02
791C,pass@24,5.0,13.0,8.0,16.0,18.0,24.0,59.72,100.08,3.08,307.93,17.11,0.0334,0.0,9.0,9.0,33.33,91.85,92.39
791C,pass@20,4.0,12.0,8.0,16.0,16.0,24.0,51.02,96.0,2.67,256.0,14.22,0.032,0.0,12.0,12.0,16.67,83.79,84.47
791C,pass@28,5.0,13.0,8.0,16.0,18.0,24.0,59.72,100.08,3.08,307.93,17.11,0.0334,0.0,9.0,9.0,22.22,88.87,89.41
791C,pass@30,6.0,14.0,10.0,20.0,20.0,30.0,68.81,129.66,4.29,555.68,30.87,0.0432,0.0,12.0,12.0,16.67,82.88,83.55
791C,pass@31,5.0,14.0,9.0,18.0,19.0,27.0,64.91,114.69,3.21,368.66,20.48,0.0382,0.0,9.0,9.0,22.22,88.46,88.99
791C,pass@29,6.0,17.0,13.0,26.0,23.0,39.0,85.0,176.42,4.59,809.45,44.97,0.0588,0.0,12.0,12.0,0.0,60.06,60.73
791C,pass@25,6.0,15.0,11.0,22.0,21.0,33.0,74.11,144.95,4.4,637.76,35.43,0.0483,0.0,13.0,13.0,0.0,59.9,60.57
791C,pass@32,6.0,14.0,10.0,20.0,20.0,30.0,68.81,129.66,4.29,555.68,30.87,0.0432,0.0,13.0,13.0,0.0,60.23,60.91
791C,pass@26,6.0,14.0,10.0,20.0,20.0,30.0,68.81,129.66,4.29,555.68,30.87,0.0432,0.0,13.0,13.0,15.38,81.47,82.14
798C,pass@4,7.0,14.0,16.0,32.0,21.0,48.0,72.95,210.83,8.0,1686.65,93.7,0.0703,8.0,29.0,30.0,0.0,50.43,50.43
798C,pass@2,9.0,16.0,19.0,37.0,25.0,56.0,92.53,260.06,10.41,2706.21,150.34,0.0867,0.0,27.0,28.0,0.0,50.31,51.52
798C,pass@1,8.0,14.0,18.0,35.0,22.0,53.0,77.3,236.35,10.0,2363.5,131.31,0.0788,8.0,31.0,31.0,9.68,67.34,67.34
798C,pass@6,7.0,13.0,18.0,35.0,20.0,53.0,67.76,229.06,9.42,2158.47,119.92,0.0764,8.0,31.0,32.0,6.45,64.25,64.25
798C,pass@3,9.0,20.0,26.0,49.0,29.0,75.0,114.97,364.35,11.03,4016.94,223.16,0.1214,10.0,33.0,34.0,0.0,47.31,47.31
798C,pass@13,9.0,20.0,26.0,49.0,29.0,75.0,114.97,364.35,11.03,4016.94,223.16,0.1214,10.0,33.0,34.0,0.0,47.31,47.31
798C,pass@9,8.0,14.0,19.0,37.0,22.0,56.0,77.3,249.73,10.57,2639.98,146.67,0.0832,8.0,33.0,33.0,12.12,68.32,68.32
798C,pass@14,10.0,19.0,23.0,45.0,29.0,68.0,113.93,330.34,11.84,3911.95,217.33,0.1101,10.0,31.0,31.0,12.9,68.29,68.29
798C,pass@8,9.0,17.0,21.0,41.0,26.0,62.0,98.02,291.43,10.85,3162.84,175.71,0.0971,9.0,31.0,31.0,12.9,68.81,68.81
798C,pass@5,8.0,14.0,20.0,39.0,22.0,59.0,77.3,263.11,11.14,2931.76,162.88,0.0877,11.0,39.0,39.0,10.26,64.88,64.88
798C,pass@10,10.0,27.0,32.0,61.0,37.0,93.0,161.6,484.48,11.3,5472.82,304.05,0.1615,13.0,33.0,33.0,12.12,65.64,65.64
798C,pass@15,9.0,18.0,23.0,44.0,27.0,67.0,103.59,318.58,11.0,3504.35,194.69,0.1062,10.0,34.0,35.0,8.82,64.33,64.33
798C,pass@7,9.0,17.0,21.0,41.0,26.0,62.0,98.02,291.43,10.85,3162.84,175.71,0.0971,9.0,31.0,32.0,12.9,68.51,68.51
798C,pass@12,10.0,19.0,25.0,49.0,29.0,74.0,113.93,359.49,12.89,4635.54,257.53,0.1198,13.0,40.0,41.0,7.5,60.89,60.89
798C,pass@16,11.0,29.0,35.0,67.0,40.0,102.0,178.94,542.84,12.71,6897.77,383.21,0.1809,0.0,40.0,41.0,7.5,59.23,61.39
798C,pass@11,10.0,19.0,25.0,49.0,29.0,74.0,113.93,359.49,12.89,4635.54,257.53,0.1198,13.0,40.0,41.0,10.0,62.99,62.99
798C,pass@18,8.0,17.0,20.0,40.0,25.0,60.0,93.49,278.63,9.41,2622.41,145.69,0.0929,0.0,29.0,30.0,3.45,60.42,61.63
798C,pass@17,8.0,17.0,20.0,40.0,25.0,60.0,93.49,278.63,9.41,2622.41,145.69,0.0929,9.0,31.0,32.0,6.45,63.52,63.52
798C,pass@21,10.0,19.0,23.0,44.0,29.0,67.0,113.93,325.48,11.58,3768.77,209.38,0.1085,0.0,29.0,30.0,0.0,48.84,50.19
798C,pass@20,10.0,19.0,23.0,45.0,29.0,68.0,113.93,330.34,11.84,3911.95,217.33,0.1101,10.0,31.0,31.0,9.68,66.05,66.05
798C,pass@19,10.0,19.0,25.0,49.0,29.0,74.0,113.93,359.49,12.89,4635.54,257.53,0.1198,13.0,40.0,41.0,10.0,62.99,62.99
798C,pass@27,9.0,19.0,22.0,43.0,28.0,65.0,109.24,312.48,10.18,3182.34,176.8,0.1042,10.0,31.0,31.0,0.0,48.65,48.65
798C,pass@26,9.0,20.0,26.0,49.0,29.0,75.0,114.97,364.35,11.03,4016.94,223.16,0.1214,10.0,33.0,34.0,0.0,47.31,47.31
798C,pass@25,9.0,20.0,27.0,51.0,29.0,78.0,114.97,378.92,11.47,4348.14,241.56,0.1263,11.0,36.0,37.0,0.0,46.26,46.26
798C,pass@24,9.0,17.0,21.0,41.0,26.0,62.0,98.02,291.43,10.85,3162.84,175.71,0.0971,9.0,31.0,31.0,12.9,68.81,68.81
798C,pass@32,9.0,18.0,23.0,44.0,27.0,67.0,103.59,318.58,11.0,3504.35,194.69,0.1062,10.0,34.0,35.0,0.0,47.45,47.45
798C,pass@30,10.0,20.0,24.0,46.0,30.0,70.0,119.66,343.48,11.5,3950.05,219.45,0.1145,10.0,31.0,31.0,9.68,65.94,65.94
798C,pass@23,8.0,16.0,20.0,39.0,24.0,59.0,88.0,270.51,9.75,2637.5,146.53,0.0902,11.0,39.0,39.0,10.26,64.79,64.79
798C,pass@22,9.0,18.0,28.0,55.0,27.0,83.0,103.59,394.66,13.75,5426.52,301.47,0.1316,12.0,43.0,44.0,0.0,44.36,44.36
798C,pass@28,8.0,15.0,20.0,39.0,23.0,59.0,82.6,266.89,10.4,2775.66,154.2,0.089,11.0,40.0,41.0,10.0,64.17,64.17
798C,pass@31,10.0,19.0,23.0,45.0,29.0,68.0,113.93,330.34,11.84,3911.95,217.33,0.1101,10.0,31.0,31.0,9.68,66.05,66.05
798C,pass@29,10.0,19.0,25.0,49.0,29.0,74.0,113.93,359.49,12.89,4635.54,257.53,0.1198,0.0,38.0,38.0,7.89,61.97,63.72
799D,pass@8,7.0,27.0,24.0,47.0,34.0,71.0,148.03,361.21,6.09,2200.7,122.26,0.1204,13.0,35.0,35.0,8.57,63.33,63.33
799D,pass@13,8.0,28.0,23.0,45.0,36.0,68.0,158.61,351.55,6.43,2260.0,125.56,0.1172,14.0,42.0,42.0,11.9,64.05,64.05
799D,pass@12,7.0,31.0,29.0,57.0,38.0,86.0,173.23,451.32,6.44,2904.47,161.36,0.1504,20.0,47.0,47.0,14.89,63.22,63.22
799D,pass@10,10.0,30.0,26.0,51.0,40.0,77.0,180.43,409.79,8.5,3483.2,193.51,0.1366,11.0,38.0,38.0,23.68,70.5,70.5
799D,pass@1,11.0,40.0,40.0,77.0,51.0,117.0,250.93,663.67,10.59,7026.65,390.37,0.2212,16.0,49.0,49.0,8.16,57.54,57.54
799D,pass@2,13.0,42.0,44.0,84.0,55.0,128.0,274.58,740.01,13.0,9620.18,534.45,0.2467,17.0,50.0,50.0,12.0,59.79,59.79
799D,pass@5,13.0,41.0,36.0,70.0,54.0,106.0,267.77,610.02,11.1,6769.71,376.1,0.2033,16.0,47.0,47.0,17.02,63.93,63.93
799D,pass@3,10.0,31.0,29.0,57.0,41.0,86.0,186.8,460.75,9.19,4235.92,235.33,0.1536,2.0,45.0,45.0,15.56,66.34,66.34
799D,pass@15,11.0,43.0,43.0,80.0,54.0,123.0,271.38,707.85,10.23,7243.13,402.4,0.236,17.0,48.0,48.0,14.58,62.02,61.88
799D,pass@14,10.0,51.0,53.0,105.0,61.0,158.0,322.51,937.06,10.29,9646.17,535.9,0.3124,6.0,57.0,57.0,1.75,48.01,48.01
799D,pass@16,14.0,47.0,44.0,87.0,61.0,131.0,314.37,776.93,12.96,10066.98,559.28,0.259,6.0,65.0,65.0,3.08,49.8,49.8
799D,pass@4,13.0,42.0,38.0,75.0,55.0,113.0,274.58,653.29,11.61,7582.87,421.27,0.2178,20.0,53.0,53.0,16.98,62.03,62.03
799D,pass@6,12.0,44.0,43.0,85.0,56.0,128.0,283.23,743.34,11.59,8616.0,478.67,0.2478,20.0,58.0,58.0,13.79,59.08,59.08
799D,pass@11,9.0,37.0,38.0,75.0,46.0,113.0,221.28,624.16,9.12,5693.37,316.3,0.2081,13.0,39.0,39.0,28.21,70.04,70.04
799D,pass@7,12.0,46.0,40.0,79.0,58.0,119.0,297.1,697.1,10.3,7183.16,399.06,0.2324,16.0,47.0,47.0,25.53,66.78,66.78
799D,pass@22,7.0,25.0,22.0,43.0,32.0,65.0,135.75,325.0,6.02,1956.5,108.69,0.1083,13.0,37.0,37.0,5.41,60.0,60.0
799D,pass@21,9.0,41.0,32.0,65.0,50.0,97.0,248.19,547.45,7.13,3905.62,216.98,0.1825,17.0,35.0,35.0,5.71,58.76,58.76
799D,pass@17,9.0,35.0,34.0,62.0,44.0,96.0,208.05,524.11,7.97,4177.87,232.1,0.1747,5.0,58.0,58.0,10.34,59.89,59.89
799D,pass@30,7.0,25.0,22.0,43.0,32.0,65.0,135.75,325.0,6.02,1956.5,108.69,0.1083,13.0,34.0,34.0,8.82,64.14,64.14
799D,pass@28,9.0,29.0,23.0,44.0,38.0,67.0,169.41,351.61,6.83,2400.66,133.37,0.1172,14.0,41.0,41.0,12.2,64.47,64.47
799D,pass@9,11.0,59.0,59.0,117.0,70.0,176.0,385.13,1078.75,10.91,11765.73,653.65,0.3596,10.0,59.0,59.0,42.37,67.31,67.31
799D,pass@23,8.0,32.0,26.0,51.0,40.0,77.0,184.0,409.79,6.38,2612.4,145.13,0.1366,17.0,48.0,48.0,8.33,59.21,59.21
799D,pass@20,11.0,33.0,28.0,55.0,44.0,83.0,204.52,453.13,9.17,4153.72,230.76,0.151,18.0,54.0,54.0,14.81,62.11,62.11
799D,pass@25,7.0,25.0,22.0,43.0,32.0,65.0,135.75,325.0,6.02,1956.5,108.69,0.1083,13.0,38.0,38.0,18.42,68.91,68.91
799D,pass@19,11.0,43.0,42.0,83.0,54.0,125.0,271.38,719.36,10.62,7636.94,424.27,0.2398,6.0,49.0,49.0,18.37,65.0,65.0
799D,pass@31,10.0,48.0,45.0,89.0,58.0,134.0,301.3,784.97,9.27,7277.32,404.3,0.2617,19.0,56.0,56.0,1.79,47.03,47.03
799D,pass@27,11.0,50.0,44.0,87.0,61.0,131.0,320.25,776.93,9.57,7435.19,413.07,0.259,7.0,56.0,56.0,8.93,57.65,57.65
799D,pass@29,9.0,34.0,25.0,49.0,43.0,74.0,201.5,401.54,6.49,2604.13,144.67,0.1338,15.0,43.0,43.0,18.6,66.91,66.91
799D,pass@18,9.0,34.0,29.0,57.0,43.0,86.0,201.5,466.66,7.54,3520.53,195.58,0.1556,15.0,51.0,52.0,39.22,70.02,70.02
799D,pass@24,11.0,78.0,85.0,169.0,89.0,254.0,528.32,1644.84,11.92,19600.97,1088.94,0.5483,5.0,61.0,61.0,18.03,60.4,60.4
799D,pass@26,12.0,60.0,62.0,118.0,72.0,180.0,397.43,1110.59,11.8,13104.92,728.05,0.3702,10.0,62.0,62.0,29.03,64.5,64.5
799D,pass@32,7.0,43.0,39.0,76.0,50.0,115.0,252.98,649.04,6.19,4015.01,223.06,0.2163,24.0,52.0,52.0,34.62,67.1,67.1
799B,pass@4,2.0,3.0,2.0,3.0,5.0,5.0,6.75,11.61,1.0,11.61,0.64,0.0039,6.0,27.0,28.0,3.7,71.52,71.52
799B,pass@2,2.0,3.0,2.0,3.0,5.0,5.0,6.75,11.61,1.0,11.61,0.64,0.0039,6.0,27.0,28.0,3.7,71.52,71.52
799B,pass@14,2.0,3.0,2.0,3.0,5.0,5.0,6.75,11.61,1.0,11.61,0.64,0.0039,6.0,27.0,28.0,7.41,75.8,75.8
799B,pass@9,2.0,3.0,2.0,3.0,5.0,5.0,6.75,11.61,1.0,11.61,0.64,0.0039,6.0,29.0,30.0,3.45,70.49,70.49
799B,pass@15,2.0,3.0,2.0,3.0,5.0,5.0,6.75,11.61,1.0,11.61,0.64,0.0039,6.0,29.0,30.0,6.9,74.65,74.65
799B,pass@10,2.0,3.0,2.0,3.0,5.0,5.0,6.75,11.61,1.0,11.61,0.64,0.0039,6.0,31.0,32.0,3.23,69.54,69.54
799B,pass@8,3.0,5.0,3.0,5.0,8.0,8.0,16.36,24.0,1.5,36.0,2.0,0.008,7.0,30.0,31.0,3.33,67.66,67.66
799B,pass@5,2.0,3.0,2.0,3.0,5.0,5.0,6.75,11.61,1.0,11.61,0.64,0.0039,6.0,27.0,28.0,3.7,71.52,71.52
799B,pass@7,2.0,3.0,2.0,3.0,5.0,5.0,6.75,11.61,1.0,11.61,0.64,0.0039,6.0,27.0,28.0,3.7,71.52,71.52
799B,pass@3,2.0,3.0,2.0,3.0,5.0,5.0,6.75,11.61,1.0,11.61,0.64,0.0039,6.0,27.0,28.0,3.7,71.52,71.52
799B,pass@13,5.0,9.0,14.0,27.0,14.0,41.0,40.14,156.1,7.5,1170.76,65.04,0.052,7.0,41.0,46.0,2.44,56.59,56.73
799B,pass@12,2.0,3.0,2.0,3.0,5.0,5.0,6.75,11.61,1.0,11.61,0.64,0.0039,6.0,27.0,28.0,3.7,71.52,71.52
799B,pass@1,4.0,7.0,13.0,25.0,11.0,38.0,27.65,131.46,7.14,938.99,52.17,0.0438,6.0,42.0,47.0,2.38,56.94,57.07
799B,pass@16,2.0,3.0,2.0,3.0,5.0,5.0,6.75,11.61,1.0,11.61,0.64,0.0039,6.0,28.0,29.0,7.14,75.21,75.21
799B,pass@6,4.0,7.0,13.0,25.0,11.0,38.0,27.65,131.46,7.14,938.99,52.17,0.0438,6.0,37.0,42.0,8.11,65.08,65.22
799B,pass@11,5.0,9.0,14.0,27.0,14.0,41.0,40.14,156.1,7.5,1170.76,65.04,0.052,7.0,41.0,46.0,2.44,56.59,56.73
799B,pass@18,2.0,3.0,2.0,3.0,5.0,5.0,6.75,11.61,1.0,11.61,0.64,0.0039,6.0,27.0,28.0,3.7,71.52,71.52
799B,pass@19,2.0,3.0,2.0,3.0,5.0,5.0,6.75,11.61,1.0,11.61,0.64,0.0039,6.0,27.0,28.0,3.7,71.52,71.52
799B,pass@20,2.0,3.0,2.0,3.0,5.0,5.0,6.75,11.61,1.0,11.61,0.64,0.0039,6.0,27.0,28.0,3.7,71.52,71.52
799B,pass@17,2.0,3.0,2.0,3.0,5.0,5.0,6.75,11.61,1.0,11.61,0.64,0.0039,6.0,27.0,28.0,3.7,71.52,71.52
799B,pass@21,3.0,5.0,5.0,7.0,8.0,12.0,16.36,36.0,2.1,75.6,4.2,0.012,7.0,28.0,29.0,10.71,74.61,74.61
799B,pass@27,2.0,3.0,2.0,3.0,5.0,5.0,6.75,11.61,1.0,11.61,0.64,0.0039,6.0,29.0,30.0,3.45,70.49,70.49
799B,pass@29,3.0,5.0,3.0,5.0,8.0,8.0,16.36,24.0,1.5,36.0,2.0,0.008,7.0,30.0,31.0,3.33,67.66,67.66
799B,pass@25,2.0,3.0,2.0,3.0,5.0,5.0,6.75,11.61,1.0,11.61,0.64,0.0039,6.0,27.0,28.0,7.41,75.8,75.8
799B,pass@26,2.0,3.0,2.0,3.0,5.0,5.0,6.75,11.61,1.0,11.61,0.64,0.0039,6.0,29.0,30.0,6.9,74.65,74.65
799B,pass@23,2.0,3.0,2.0,3.0,5.0,5.0,6.75,11.61,1.0,11.61,0.64,0.0039,6.0,27.0,28.0,7.41,75.8,75.8
799B,pass@22,4.0,7.0,13.0,25.0,11.0,38.0,27.65,131.46,7.14,938.99,52.17,0.0438,6.0,37.0,42.0,5.41,62.36,62.5
799B,pass@30,3.0,5.0,3.0,5.0,8.0,8.0,16.36,24.0,1.5,36.0,2.0,0.008,7.0,30.0,31.0,3.33,67.66,67.66
799B,pass@28,4.0,7.0,13.0,25.0,11.0,38.0,27.65,131.46,7.14,938.99,52.17,0.0438,6.0,36.0,41.0,5.56,62.76,62.9
799B,pass@32,3.0,5.0,3.0,5.0,8.0,8.0,16.36,24.0,1.5,36.0,2.0,0.008,7.0,27.0,28.0,3.7,69.18,69.18
799B,pass@31,2.0,3.0,2.0,3.0,5.0,5.0,6.75,11.61,1.0,11.61,0.64,0.0039,6.0,31.0,32.0,3.23,69.54,69.54
799B,pass@24,4.0,7.0,13.0,25.0,11.0,38.0,27.65,131.46,7.14,938.99,52.17,0.0438,6.0,40.0,45.0,2.5,57.57,57.7
802D,pass@6,5.0,13.0,7.0,14.0,18.0,21.0,59.72,87.57,2.69,235.76,13.1,0.0292,2.0,13.0,13.0,0.0,61.56,61.83
802D,pass@10,5.0,13.0,8.0,16.0,18.0,24.0,59.72,100.08,3.08,307.93,17.11,0.0334,2.0,13.0,13.0,7.69,77.05,77.32
802D,pass@7,5.0,13.0,8.0,16.0,18.0,24.0,59.72,100.08,3.08,307.93,17.11,0.0334,2.0,13.0,13.0,0.0,61.16,61.43
802D,pass@2,5.0,13.0,8.0,16.0,18.0,24.0,59.72,100.08,3.08,307.93,17.11,0.0334,2.0,13.0,13.0,7.69,77.05,77.32
802D,pass@12,5.0,13.0,7.0,14.0,18.0,21.0,59.72,87.57,2.69,235.76,13.1,0.0292,2.0,12.0,12.0,8.33,78.79,79.05
802D,pass@3,5.0,13.0,8.0,16.0,18.0,24.0,59.72,100.08,3.08,307.93,17.11,0.0334,2.0,13.0,13.0,15.38,82.39,82.66
802D,pass@4,5.0,13.0,8.0,16.0,18.0,24.0,59.72,100.08,3.08,307.93,17.11,0.0334,2.0,13.0,13.0,7.69,77.05,77.32
802D,pass@11,5.0,13.0,7.0,14.0,18.0,21.0,59.72,87.57,2.69,235.76,13.1,0.0292,2.0,13.0,13.0,7.69,77.46,77.73
802D,pass@9,5.0,13.0,7.0,14.0,18.0,21.0,59.72,87.57,2.69,235.76,13.1,0.0292,2.0,13.0,13.0,0.0,61.56,61.83
802D,pass@5,5.0,13.0,7.0,14.0,18.0,21.0,59.72,87.57,2.69,235.76,13.1,0.0292,2.0,13.0,13.0,0.0,61.56,61.83
802D,pass@13,5.0,13.0,7.0,14.0,18.0,21.0,59.72,87.57,2.69,235.76,13.1,0.0292,2.0,13.0,13.0,7.69,77.46,77.73
802D,pass@1,5.0,13.0,7.0,14.0,18.0,21.0,59.72,87.57,2.69,235.76,13.1,0.0292,3.0,13.0,13.0,7.69,77.46,77.59
802D,pass@16,5.0,13.0,7.0,14.0,18.0,21.0,59.72,87.57,2.69,235.76,13.1,0.0292,3.0,13.0,13.0,7.69,77.46,77.59
802D,pass@15,4.0,13.0,7.0,14.0,17.0,21.0,56.11,85.84,2.15,184.88,10.27,0.0286,2.0,14.0,14.0,14.29,81.55,81.82
802D,pass@8,4.0,13.0,7.0,14.0,17.0,21.0,56.11,85.84,2.15,184.88,10.27,0.0286,2.0,14.0,14.0,14.29,81.55,81.82
802D,pass@14,6.0,19.0,12.0,24.0,25.0,36.0,96.22,167.18,3.79,633.52,35.2,0.0557,3.0,16.0,16.0,25.0,82.79,82.92
802D,pass@19,5.0,13.0,7.0,14.0,18.0,21.0,59.72,87.57,2.69,235.76,13.1,0.0292,2.0,12.0,12.0,0.0,62.32,62.59
802D,pass@17,5.0,13.0,7.0,14.0,18.0,21.0,59.72,87.57,2.69,235.76,13.1,0.0292,2.0,12.0,12.0,8.33,78.79,79.05
802D,pass@18,5.0,13.0,7.0,14.0,18.0,21.0,59.72,87.57,2.69,235.76,13.1,0.0292,2.0,13.0,13.0,7.69,77.46,77.73
802D,pass@21,5.0,13.0,7.0,14.0,18.0,21.0,59.72,87.57,2.69,235.76,13.1,0.0292,2.0,13.0,13.0,7.69,77.46,77.73
802D,pass@20,5.0,13.0,7.0,14.0,18.0,21.0,59.72,87.57,2.69,235.76,13.1,0.0292,2.0,13.0,13.0,0.0,61.56,61.83
802D,pass@23,5.0,13.0,8.0,16.0,18.0,24.0,59.72,100.08,3.08,307.93,17.11,0.0334,2.0,13.0,13.0,7.69,77.05,77.32
802D,pass@22,5.0,13.0,8.0,16.0,18.0,24.0,59.72,100.08,3.08,307.93,17.11,0.0334,2.0,13.0,13.0,7.69,77.05,77.32
802D,pass@29,5.0,13.0,7.0,14.0,18.0,21.0,59.72,87.57,2.69,235.76,13.1,0.0292,2.0,13.0,13.0,0.0,61.56,61.83
802D,pass@25,5.0,13.0,7.0,14.0,18.0,21.0,59.72,87.57,2.69,235.76,13.1,0.0292,2.0,12.0,12.0,8.33,78.79,79.05
802D,pass@28,5.0,13.0,7.0,14.0,18.0,21.0,59.72,87.57,2.69,235.76,13.1,0.0292,2.0,13.0,13.0,0.0,61.56,61.83
802D,pass@30,5.0,13.0,7.0,14.0,18.0,21.0,59.72,87.57,2.69,235.76,13.1,0.0292,2.0,13.0,13.0,7.69,77.46,77.73
802D,pass@24,5.0,13.0,7.0,14.0,18.0,21.0,59.72,87.57,2.69,235.76,13.1,0.0292,2.0,13.0,13.0,0.0,61.56,61.83
802D,pass@31,5.0,13.0,7.0,14.0,18.0,21.0,59.72,87.57,2.69,235.76,13.1,0.0292,2.0,13.0,13.0,0.0,61.56,61.83
802D,pass@26,5.0,13.0,8.0,16.0,18.0,24.0,59.72,100.08,3.08,307.93,17.11,0.0334,2.0,13.0,13.0,15.38,82.39,82.66
802D,pass@27,5.0,12.0,7.0,14.0,17.0,21.0,54.63,85.84,2.92,250.36,13.91,0.0286,2.0,13.0,13.0,0.0,61.62,61.89
802D,pass@32,5.0,13.0,7.0,14.0,18.0,21.0,59.72,87.57,2.69,235.76,13.1,0.0292,2.0,13.0,13.0,0.0,61.56,61.83
802E,pass@14,6.0,16.0,15.0,30.0,22.0,45.0,79.51,200.67,5.62,1128.79,62.71,0.0669,4.0,20.0,21.0,10.0,72.31,72.31
802E,pass@11,5.0,14.0,10.0,20.0,19.0,30.0,64.91,127.44,3.57,455.14,25.29,0.0425,4.0,21.0,22.0,0.0,55.44,55.44
802E,pass@12,6.0,16.0,12.0,24.0,22.0,36.0,79.51,160.54,4.5,722.43,40.13,0.0535,4.0,19.0,20.0,10.53,73.85,73.85
802E,pass@10,6.0,17.0,16.0,32.0,23.0,48.0,85.0,217.13,5.65,1226.15,68.12,0.0724,4.0,20.0,21.0,10.0,72.07,72.07
802E,pass@16,6.0,20.0,17.0,34.0,26.0,51.0,101.95,239.72,5.1,1222.58,67.92,0.0799,4.0,23.0,24.0,0.0,52.69,52.69
802E,pass@2,6.0,16.0,13.0,26.0,22.0,39.0,79.51,173.92,4.88,847.85,47.1,0.058,4.0,22.0,23.0,9.09,71.17,71.17
802E,pass@6,6.0,18.0,15.0,30.0,24.0,45.0,90.57,206.32,5.0,1031.62,57.31,0.0688,4.0,20.0,21.0,20.0,77.79,77.79
802E,pass@3,6.0,16.0,13.0,26.0,22.0,39.0,79.51,173.92,4.88,847.85,47.1,0.058,4.0,22.0,23.0,9.09,71.17,71.17
802E,pass@5,5.0,18.0,13.0,26.0,23.0,39.0,86.67,176.42,3.61,637.07,35.39,0.0588,4.0,22.0,23.0,9.09,71.13,71.13
802E,pass@1,6.0,20.0,15.0,30.0,26.0,45.0,101.95,211.52,4.5,951.84,52.88,0.0705,4.0,21.0,22.0,14.29,74.53,74.53
802E,pass@7,6.0,16.0,13.0,26.0,22.0,39.0,79.51,173.92,4.88,847.85,47.1,0.058,4.0,23.0,24.0,17.39,75.9,75.9
802E,pass@13,6.0,14.0,10.0,20.0,20.0,30.0,68.81,129.66,4.29,555.68,30.87,0.0432,4.0,22.0,23.0,9.09,72.07,72.07
802E,pass@4,6.0,20.0,17.0,34.0,26.0,51.0,101.95,239.72,5.1,1222.58,67.92,0.0799,4.0,27.0,28.0,7.41,66.86,66.86
802E,pass@9,6.0,19.0,14.0,28.0,25.0,42.0,96.22,195.04,4.42,862.29,47.91,0.065,4.0,22.0,23.0,22.73,78.13,78.13
802E,pass@8,6.0,17.0,14.0,28.0,23.0,42.0,85.0,189.99,4.94,938.77,52.15,0.0633,4.0,23.0,24.0,17.39,75.64,75.64
802E,pass@15,4.0,7.0,5.0,10.0,11.0,15.0,27.65,51.89,2.86,148.26,8.24,0.0173,2.0,17.0,18.0,82.35,88.19,88.19
802E,pass@17,6.0,15.0,14.0,28.0,21.0,42.0,74.11,184.48,5.6,1033.07,57.39,0.0615,4.0,20.0,21.0,10.0,72.57,72.57
802E,pass@18,6.0,15.0,12.0,24.0,21.0,36.0,74.11,158.12,4.8,758.99,42.17,0.0527,4.0,20.0,21.0,10.0,73.04,73.04
802E,pass@21,6.0,15.0,12.0,24.0,21.0,36.0,74.11,158.12,4.8,758.99,42.17,0.0527,4.0,20.0,21.0,10.0,73.04,73.04
802E,pass@20,7.0,22.0,14.0,28.0,29.0,42.0,117.76,204.04,4.45,908.88,50.49,0.068,5.0,19.0,19.0,10.53,73.47,73.47
802E,pass@23,6.0,19.0,13.0,26.0,25.0,39.0,96.22,181.11,4.11,743.51,41.31,0.0604,4.0,20.0,21.0,10.0,72.63,72.63
802E,pass@27,7.0,15.0,11.0,22.0,22.0,33.0,78.25,147.16,5.13,755.43,41.97,0.0491,4.0,22.0,23.0,0.0,54.58,54.58
802E,pass@25,6.0,15.0,10.0,20.0,21.0,30.0,74.11,131.77,4.0,527.08,29.28,0.0439,4.0,20.0,21.0,15.0,76.8,76.8
802E,pass@26,6.0,18.0,14.0,28.0,24.0,42.0,90.57,192.57,4.67,898.65,49.93,0.0642,4.0,22.0,23.0,9.09,70.86,70.86
802E,pass@28,6.0,15.0,10.0,20.0,21.0,30.0,74.11,131.77,4.0,527.08,29.28,0.0439,4.0,20.0,21.0,15.0,76.8,76.8
802E,pass@22,4.0,9.0,6.0,12.0,13.0,18.0,36.53,66.61,2.67,177.62,9.87,0.0222,3.0,21.0,22.0,14.29,78.17,78.17
802E,pass@24,6.0,17.0,14.0,28.0,23.0,42.0,85.0,189.99,4.94,938.77,52.15,0.0633,4.0,20.0,21.0,20.0,78.04,78.04
802E,pass@30,6.0,16.0,13.0,26.0,22.0,39.0,79.51,173.92,4.88,847.85,47.1,0.058,4.0,21.0,22.0,0.0,54.49,54.49
802E,pass@19,5.0,11.0,8.0,16.0,16.0,24.0,49.66,96.0,3.64,349.09,19.39,0.032,3.0,23.0,24.0,13.04,75.5,75.5
802E,pass@29,6.0,15.0,11.0,22.0,21.0,33.0,74.11,144.95,4.4,637.76,35.43,0.0483,4.0,24.0,25.0,8.33,70.3,70.3
802E,pass@31,6.0,14.0,12.0,24.0,20.0,36.0,68.81,155.59,5.14,800.17,44.45,0.0519,4.0,20.0,21.0,10.0,73.09,73.09
802E,pass@32,6.0,17.0,14.0,28.0,23.0,42.0,85.0,189.99,4.94,938.77,52.15,0.0633,4.0,21.0,22.0,9.52,71.67,71.67
802F,pass@5,5.0,14.0,10.0,20.0,19.0,30.0,64.91,127.44,3.57,455.14,25.29,0.0425,5.0,21.0,22.0,4.76,68.21,68.08
802F,pass@1,6.0,18.0,12.0,24.0,24.0,36.0,90.57,165.06,4.0,660.23,36.68,0.055,6.0,22.0,22.0,0.0,54.52,54.38
802F,pass@12,5.0,13.0,9.0,18.0,18.0,27.0,59.72,112.59,3.46,389.73,21.65,0.0375,5.0,23.0,23.0,4.35,67.64,67.5
802F,pass@8,5.0,16.0,11.0,22.0,21.0,33.0,75.61,144.95,3.44,498.25,27.68,0.0483,6.0,22.0,23.0,4.55,66.99,66.86
802F,pass@11,5.0,14.0,10.0,20.0,19.0,30.0,64.91,127.44,3.57,455.14,25.29,0.0425,5.0,23.0,24.0,4.35,66.86,66.72
802F,pass@9,5.0,14.0,10.0,20.0,19.0,30.0,64.91,127.44,3.57,455.14,25.29,0.0425,5.0,23.0,24.0,4.35,66.86,66.72
802F,pass@6,5.0,14.0,10.0,20.0,19.0,30.0,64.91,127.44,3.57,455.14,25.29,0.0425,5.0,23.0,24.0,4.35,66.86,66.72
802F,pass@7,5.0,15.0,9.0,18.0,20.0,27.0,70.21,116.69,3.0,350.08,19.45,0.0389,6.0,24.0,25.0,4.17,66.36,66.23
802F,pass@4,5.0,15.0,9.0,18.0,20.0,27.0,70.21,116.69,3.0,350.08,19.45,0.0389,6.0,24.0,25.0,0.0,54.36,54.22
802F,pass@3,5.0,12.0,10.0,20.0,17.0,30.0,54.63,122.62,4.17,510.93,28.39,0.0409,5.0,26.0,26.0,7.69,69.73,69.73
802F,pass@16,6.0,18.0,11.0,22.0,24.0,33.0,90.57,151.3,3.67,554.78,30.82,0.0504,6.0,24.0,25.0,0.0,53.57,53.44
802F,pass@10,6.0,20.0,13.0,26.0,26.0,39.0,101.95,183.32,3.9,714.94,39.72,0.0611,6.0,28.0,28.0,7.14,67.29,67.16
802F,pass@15,5.0,15.0,10.0,20.0,20.0,30.0,70.21,129.66,3.33,432.19,24.01,0.0432,7.0,29.0,29.0,3.45,63.47,63.34
802F,pass@14,5.0,15.0,9.0,18.0,20.0,27.0,70.21,116.69,3.0,350.08,19.45,0.0389,6.0,24.0,25.0,8.33,70.82,70.69
802F,pass@13,5.0,16.0,11.0,22.0,21.0,33.0,75.61,144.95,3.44,498.25,27.68,0.0483,6.0,24.0,25.0,8.33,70.17,70.03
802F,pass@2,5.0,14.0,10.0,20.0,19.0,30.0,64.91,127.44,3.57,455.14,25.29,0.0425,5.0,23.0,24.0,4.35,66.86,66.72
802F,pass@22,5.0,14.0,10.0,20.0,19.0,30.0,64.91,127.44,3.57,455.14,25.29,0.0425,5.0,23.0,24.0,4.35,66.86,66.72
802F,pass@24,5.0,14.0,10.0,20.0,19.0,30.0,64.91,127.44,3.57,455.14,25.29,0.0425,5.0,21.0,22.0,4.76,68.21,68.08
802F,pass@18,5.0,13.0,8.0,16.0,18.0,24.0,59.72,100.08,3.08,307.93,17.11,0.0334,5.0,23.0,24.0,4.35,67.59,67.46
802F,pass@20,5.0,15.0,10.0,20.0,20.0,30.0,70.21,129.66,3.33,432.19,24.01,0.0432,6.0,22.0,22.0,9.09,72.35,72.22
802F,pass@23,5.0,14.0,10.0,20.0,19.0,30.0,64.91,127.44,3.57,455.14,25.29,0.0425,5.0,21.0,22.0,4.76,68.21,68.08
802F,pass@17,5.0,13.0,9.0,18.0,18.0,27.0,59.72,112.59,3.46,389.73,21.65,0.0375,5.0,23.0,23.0,4.35,67.64,67.5
802F,pass@21,5.0,16.0,11.0,22.0,21.0,33.0,75.61,144.95,3.44,498.25,27.68,0.0483,6.0,24.0,25.0,4.17,65.7,65.57
802F,pass@25,5.0,13.0,9.0,18.0,18.0,27.0,59.72,112.59,3.46,389.73,21.65,0.0375,5.0,23.0,23.0,4.35,67.64,67.5
802F,pass@19,5.0,14.0,10.0,20.0,19.0,30.0,64.91,127.44,3.57,455.14,25.29,0.0425,5.0,21.0,22.0,4.76,68.21,68.08
802F,pass@28,5.0,14.0,10.0,20.0,19.0,30.0,64.91,127.44,3.57,455.14,25.29,0.0425,5.0,21.0,22.0,4.76,68.21,68.08
802F,pass@27,5.0,14.0,10.0,20.0,19.0,30.0,64.91,127.44,3.57,455.14,25.29,0.0425,5.0,23.0,24.0,4.35,66.86,66.72
802F,pass@26,5.0,14.0,10.0,20.0,19.0,30.0,64.91,127.44,3.57,455.14,25.29,0.0425,5.0,23.0,24.0,4.35,66.86,66.72
802F,pass@30,5.0,15.0,9.0,18.0,20.0,27.0,70.21,116.69,3.0,350.08,19.45,0.0389,6.0,24.0,25.0,8.33,70.82,70.69
802F,pass@32,5.0,14.0,10.0,20.0,19.0,30.0,64.91,127.44,3.57,455.14,25.29,0.0425,5.0,21.0,22.0,4.76,68.21,68.08
802F,pass@31,5.0,13.0,9.0,18.0,18.0,27.0,59.72,112.59,3.46,389.73,21.65,0.0375,5.0,23.0,23.0,4.35,67.64,67.5
802F,pass@29,5.0,16.0,11.0,22.0,21.0,33.0,75.61,144.95,3.44,498.25,27.68,0.0483,6.0,24.0,25.0,8.33,70.17,70.03
803A,pass@4,7.0,9.0,11.0,20.0,16.0,31.0,48.18,124.0,7.78,964.44,53.58,0.0413,0.0,22.0,22.0,0.0,54.44,56.06
803A,pass@16,7.0,9.0,11.0,20.0,16.0,31.0,48.18,124.0,7.78,964.44,53.58,0.0413,0.0,22.0,22.0,0.0,54.44,56.06
803A,pass@12,8.0,11.0,12.0,22.0,19.0,34.0,62.05,144.43,8.0,1155.44,64.19,0.0481,0.0,21.0,21.0,0.0,54.42,56.04
803A,pass@13,7.0,9.0,11.0,20.0,16.0,31.0,48.18,124.0,7.78,964.44,53.58,0.0413,0.0,23.0,23.0,0.0,54.02,55.64
803A,pass@6,7.0,9.0,11.0,20.0,16.0,31.0,48.18,124.0,7.78,964.44,53.58,0.0413,0.0,22.0,22.0,0.0,54.44,56.06
803A,pass@9,8.0,11.0,12.0,22.0,19.0,34.0,62.05,144.43,8.0,1155.44,64.19,0.0481,0.0,21.0,21.0,0.0,54.42,56.04
803A,pass@11,7.0,9.0,11.0,20.0,16.0,31.0,48.18,124.0,7.78,964.44,53.58,0.0413,0.0,22.0,22.0,0.0,54.44,56.06
803A,pass@7,7.0,9.0,11.0,20.0,16.0,31.0,48.18,124.0,7.78,964.44,53.58,0.0413,0.0,23.0,23.0,0.0,54.02,55.64
803A,pass@5,7.0,9.0,11.0,20.0,16.0,31.0,48.18,124.0,7.78,964.44,53.58,0.0413,0.0,22.0,22.0,0.0,54.44,56.06
803A,pass@3,7.0,9.0,11.0,20.0,16.0,31.0,48.18,124.0,7.78,964.44,53.58,0.0413,0.0,22.0,22.0,0.0,54.44,56.06
803A,pass@2,7.0,9.0,11.0,20.0,16.0,31.0,48.18,124.0,7.78,964.44,53.58,0.0413,0.0,23.0,23.0,0.0,54.02,55.64
803A,pass@14,7.0,9.0,11.0,20.0,16.0,31.0,48.18,124.0,7.78,964.44,53.58,0.0413,0.0,27.0,27.0,0.0,52.37,54.12
803A,pass@10,8.0,11.0,12.0,22.0,19.0,34.0,62.05,144.43,8.0,1155.44,64.19,0.0481,0.0,21.0,21.0,0.0,54.42,56.04
803A,pass@15,8.0,9.0,11.0,20.0,17.0,31.0,52.53,126.71,8.89,1126.32,62.57,0.0422,0.0,27.0,27.0,0.0,52.3,54.05
803A,pass@8,7.0,9.0,11.0,20.0,16.0,31.0,48.18,124.0,7.78,964.44,53.58,0.0413,0.0,22.0,22.0,0.0,54.44,56.06
803A,pass@1,8.0,13.0,16.0,30.0,21.0,46.0,72.11,202.05,9.23,1865.05,103.61,0.0673,0.0,25.0,25.0,0.0,51.35,53.36
803A,pass@17,8.0,9.0,11.0,20.0,17.0,31.0,52.53,126.71,8.89,1126.32,62.57,0.0422,0.0,27.0,27.0,0.0,52.3,54.05
803A,pass@18,8.0,9.0,11.0,20.0,17.0,31.0,52.53,126.71,8.89,1126.32,62.57,0.0422,0.0,27.0,27.0,0.0,52.3,54.05
803A,pass@19,8.0,9.0,11.0,20.0,17.0,31.0,52.53,126.71,8.89,1126.32,62.57,0.0422,0.0,27.0,27.0,0.0,52.3,54.05
803A,pass@23,7.0,9.0,11.0,20.0,16.0,31.0,48.18,124.0,7.78,964.44,53.58,0.0413,0.0,22.0,22.0,0.0,54.44,56.06
803A,pass@27,7.0,9.0,11.0,20.0,16.0,31.0,48.18,124.0,7.78,964.44,53.58,0.0413,0.0,22.0,22.0,0.0,54.44,56.06
803A,pass@26,7.0,9.0,11.0,20.0,16.0,31.0,48.18,124.0,7.78,964.44,53.58,0.0413,0.0,23.0,23.0,0.0,54.02,55.64
803A,pass@25,8.0,13.0,14.0,26.0,21.0,40.0,72.11,175.69,8.0,1405.54,78.09,0.0586,0.0,21.0,21.0,0.0,53.69,55.44
803A,pass@22,7.0,9.0,11.0,20.0,16.0,31.0,48.18,124.0,7.78,964.44,53.58,0.0413,0.0,23.0,23.0,0.0,54.02,55.64
803A,pass@24,8.0,9.0,11.0,20.0,17.0,31.0,52.53,126.71,8.89,1126.32,62.57,0.0422,0.0,27.0,27.0,0.0,52.3,54.05
803A,pass@29,8.0,13.0,14.0,26.0,21.0,40.0,72.11,175.69,8.0,1405.54,78.09,0.0586,0.0,21.0,21.0,0.0,53.69,55.44
803A,pass@32,7.0,9.0,11.0,20.0,16.0,31.0,48.18,124.0,7.78,964.44,53.58,0.0413,0.0,22.0,22.0,0.0,54.44,56.06
803A,pass@31,8.0,9.0,11.0,20.0,17.0,31.0,52.53,126.71,8.89,1126.32,62.57,0.0422,0.0,27.0,27.0,0.0,52.3,54.05
803A,pass@20,7.0,9.0,12.0,22.0,16.0,34.0,48.18,136.0,8.56,1163.56,64.64,0.0453,0.0,25.0,25.0,0.0,52.82,54.57
803A,pass@28,8.0,9.0,11.0,20.0,17.0,31.0,52.53,126.71,8.89,1126.32,62.57,0.0422,0.0,27.0,27.0,0.0,52.3,54.05
803A,pass@30,8.0,9.0,11.0,20.0,17.0,31.0,52.53,126.71,8.89,1126.32,62.57,0.0422,0.0,27.0,27.0,0.0,52.3,54.05
803A,pass@21,8.0,13.0,14.0,26.0,21.0,40.0,72.11,175.69,8.0,1405.54,78.09,0.0586,0.0,21.0,21.0,0.0,53.69,55.44
805D,pass@11,5.0,13.0,8.0,16.0,18.0,24.0,59.72,100.08,3.08,307.93,17.11,0.0334,0.0,11.0,11.0,0.0,62.87,63.28
805D,pass@15,5.0,13.0,8.0,16.0,18.0,24.0,59.72,100.08,3.08,307.93,17.11,0.0334,0.0,11.0,11.0,0.0,62.87,63.28
805D,pass@3,5.0,13.0,8.0,16.0,18.0,24.0,59.72,100.08,3.08,307.93,17.11,0.0334,0.0,11.0,11.0,0.0,62.87,63.28
805D,pass@5,5.0,13.0,8.0,16.0,18.0,24.0,59.72,100.08,3.08,307.93,17.11,0.0334,0.0,11.0,11.0,0.0,62.87,63.28
805D,pass@8,5.0,13.0,8.0,16.0,18.0,24.0,59.72,100.08,3.08,307.93,17.11,0.0334,0.0,11.0,11.0,0.0,62.87,63.28
805D,pass@7,5.0,13.0,8.0,16.0,18.0,24.0,59.72,100.08,3.08,307.93,17.11,0.0334,0.0,11.0,11.0,0.0,62.87,63.28
805D,pass@12,5.0,13.0,8.0,16.0,18.0,24.0,59.72,100.08,3.08,307.93,17.11,0.0334,0.0,11.0,11.0,0.0,62.87,63.28
805D,pass@10,5.0,13.0,8.0,16.0,18.0,24.0,59.72,100.08,3.08,307.93,17.11,0.0334,0.0,11.0,11.0,0.0,62.87,63.28
805D,pass@2,5.0,13.0,8.0,16.0,18.0,24.0,59.72,100.08,3.08,307.93,17.11,0.0334,0.0,11.0,11.0,0.0,62.87,63.28
805D,pass@4,5.0,13.0,8.0,16.0,18.0,24.0,59.72,100.08,3.08,307.93,17.11,0.0334,0.0,11.0,11.0,0.0,62.87,63.28
805D,pass@1,5.0,13.0,8.0,16.0,18.0,24.0,59.72,100.08,3.08,307.93,17.11,0.0334,0.0,11.0,11.0,0.0,62.87,63.28
805D,pass@6,5.0,13.0,8.0,16.0,18.0,24.0,59.72,100.08,3.08,307.93,17.11,0.0334,0.0,11.0,11.0,9.09,79.98,80.38
805D,pass@9,5.0,13.0,8.0,16.0,18.0,24.0,59.72,100.08,3.08,307.93,17.11,0.0334,0.0,11.0,11.0,9.09,79.98,80.38
805D,pass@13,5.0,13.0,8.0,16.0,18.0,24.0,59.72,100.08,3.08,307.93,17.11,0.0334,0.0,11.0,11.0,9.09,79.98,80.38
805D,pass@16,5.0,13.0,8.0,16.0,18.0,24.0,59.72,100.08,3.08,307.93,17.11,0.0334,0.0,11.0,11.0,0.0,62.87,63.28
805D,pass@14,5.0,13.0,8.0,16.0,18.0,24.0,59.72,100.08,3.08,307.93,17.11,0.0334,0.0,11.0,11.0,9.09,79.98,80.38
805D,pass@19,5.0,13.0,8.0,16.0,18.0,24.0,59.72,100.08,3.08,307.93,17.11,0.0334,0.0,11.0,11.0,0.0,62.87,63.28
805D,pass@24,5.0,13.0,8.0,16.0,18.0,24.0,59.72,100.08,3.08,307.93,17.11,0.0334,0.0,11.0,11.0,0.0,62.87,63.28
805D,pass@17,5.0,13.0,8.0,16.0,18.0,24.0,59.72,100.08,3.08,307.93,17.11,0.0334,0.0,11.0,11.0,0.0,62.87,63.28
805D,pass@20,5.0,13.0,8.0,16.0,18.0,24.0,59.72,100.08,3.08,307.93,17.11,0.0334,0.0,11.0,11.0,0.0,62.87,63.28
805D,pass@23,5.0,13.0,8.0,16.0,18.0,24.0,59.72,100.08,3.08,307.93,17.11,0.0334,0.0,11.0,11.0,0.0,62.87,63.28
805D,pass@18,5.0,13.0,8.0,16.0,18.0,24.0,59.72,100.08,3.08,307.93,17.11,0.0334,0.0,11.0,11.0,0.0,62.87,63.28
805D,pass@28,5.0,13.0,8.0,16.0,18.0,24.0,59.72,100.08,3.08,307.93,17.11,0.0334,0.0,11.0,11.0,0.0,62.87,63.28
805D,pass@32,5.0,13.0,8.0,16.0,18.0,24.0,59.72,100.08,3.08,307.93,17.11,0.0334,0.0,11.0,11.0,0.0,62.87,63.28
805D,pass@26,5.0,13.0,8.0,16.0,18.0,24.0,59.72,100.08,3.08,307.93,17.11,0.0334,0.0,11.0,11.0,0.0,62.87,63.28
805D,pass@21,5.0,13.0,8.0,16.0,18.0,24.0,59.72,100.08,3.08,307.93,17.11,0.0334,0.0,11.0,11.0,9.09,79.98,80.38
805D,pass@29,5.0,13.0,8.0,16.0,18.0,24.0,59.72,100.08,3.08,307.93,17.11,0.0334,0.0,11.0,11.0,9.09,79.98,80.38
805D,pass@30,5.0,13.0,8.0,16.0,18.0,24.0,59.72,100.08,3.08,307.93,17.11,0.0334,0.0,11.0,11.0,9.09,79.98,80.38
805D,pass@31,5.0,13.0,8.0,16.0,18.0,24.0,59.72,100.08,3.08,307.93,17.11,0.0334,0.0,11.0,11.0,0.0,62.87,63.28
805D,pass@25,5.0,13.0,8.0,16.0,18.0,24.0,59.72,100.08,3.08,307.93,17.11,0.0334,0.0,11.0,11.0,0.0,62.87,63.28
805D,pass@22,5.0,13.0,8.0,16.0,18.0,24.0,59.72,100.08,3.08,307.93,17.11,0.0334,0.0,11.0,11.0,0.0,62.87,63.28
805D,pass@27,5.0,13.0,8.0,16.0,18.0,24.0,59.72,100.08,3.08,307.93,17.11,0.0334,0.0,11.0,11.0,0.0,62.87,63.28
808D,pass@5,8.0,14.0,14.0,26.0,22.0,40.0,77.3,178.38,7.43,1325.09,73.62,0.0595,0.0,35.0,35.0,0.0,49.21,50.55
808D,pass@4,9.0,13.0,16.0,30.0,22.0,46.0,76.64,205.13,10.38,2130.24,118.35,0.0684,0.0,38.0,38.0,0.0,47.74,49.35
808D,pass@1,9.0,12.0,16.0,30.0,21.0,46.0,71.55,202.05,11.25,2273.02,126.28,0.0673,0.0,38.0,38.0,0.0,47.78,49.4
808D,pass@16,9.0,13.0,16.0,30.0,22.0,46.0,76.64,205.13,10.38,2130.24,118.35,0.0684,0.0,38.0,38.0,0.0,47.74,49.35
808D,pass@13,9.0,13.0,16.0,30.0,22.0,46.0,76.64,205.13,10.38,2130.24,118.35,0.0684,0.0,38.0,38.0,0.0,47.74,49.35
808D,pass@10,9.0,13.0,16.0,30.0,22.0,46.0,76.64,205.13,10.38,2130.24,118.35,0.0684,0.0,38.0,38.0,2.63,57.38,58.99
808D,pass@11,9.0,12.0,16.0,31.0,21.0,47.0,71.55,206.44,11.62,2399.85,133.33,0.0688,0.0,38.0,38.0,0.0,47.72,49.33
808D,pass@9,8.0,15.0,14.0,26.0,23.0,40.0,82.6,180.94,6.93,1254.53,69.7,0.0603,0.0,38.0,38.0,7.89,64.33,65.81
808D,pass@6,8.0,14.0,14.0,26.0,22.0,40.0,77.3,178.38,7.43,1325.09,73.62,0.0595,0.0,34.0,34.0,0.0,49.48,50.83
808D,pass@15,9.0,13.0,16.0,30.0,22.0,46.0,76.64,205.13,10.38,2130.24,118.35,0.0684,0.0,39.0,39.0,2.56,57.01,58.63
808D,pass@3,10.0,14.0,17.0,31.0,24.0,48.0,86.52,220.08,11.07,2436.58,135.37,0.0734,0.0,36.0,36.0,0.0,48.03,49.65
808D,pass@8,9.0,12.0,16.0,31.0,21.0,47.0,71.55,206.44,11.62,2399.85,133.33,0.0688,0.0,39.0,39.0,0.0,47.47,49.08
808D,pass@14,9.0,14.0,16.0,30.0,23.0,46.0,81.83,208.08,9.64,2006.52,111.47,0.0694,0.0,42.0,42.0,0.0,46.74,48.36
808D,pass@2,9.0,13.0,16.0,30.0,22.0,46.0,76.64,205.13,10.38,2130.24,118.35,0.0684,0.0,39.0,39.0,2.56,57.01,58.63
808D,pass@12,9.0,13.0,16.0,30.0,22.0,46.0,76.64,205.13,10.38,2130.24,118.35,0.0684,0.0,39.0,39.0,2.56,57.01,58.63
808D,pass@7,8.0,15.0,14.0,26.0,23.0,40.0,82.6,180.94,6.93,1254.53,69.7,0.0603,0.0,37.0,37.0,8.11,64.77,66.25
808D,pass@17,9.0,14.0,16.0,30.0,23.0,46.0,81.83,208.08,9.64,2006.52,111.47,0.0694,0.0,37.0,37.0,2.7,57.71,59.33
808D,pass@18,8.0,14.0,14.0,26.0,22.0,40.0,77.3,178.38,7.43,1325.09,73.62,0.0595,0.0,34.0,34.0,0.0,49.48,50.83
808D,pass@21,8.0,14.0,14.0,27.0,22.0,41.0,77.3,182.84,7.71,1410.45,78.36,0.0609,0.0,35.0,35.0,0.0,49.13,50.48
808D,pass@19,10.0,15.0,19.0,36.0,25.0,55.0,91.82,255.41,12.0,3064.95,170.27,0.0851,0.0,41.0,41.0,2.44,55.38,57.26
808D,pass@24,10.0,14.0,17.0,31.0,24.0,48.0,86.52,220.08,11.07,2436.58,135.37,0.0734,0.0,36.0,36.0,0.0,48.03,49.65
808D,pass@25,8.0,14.0,14.0,26.0,22.0,40.0,77.3,178.38,7.43,1325.09,73.62,0.0595,0.0,34.0,34.0,0.0,49.48,50.83
808D,pass@20,8.0,15.0,14.0,26.0,23.0,40.0,82.6,180.94,6.93,1254.53,69.7,0.0603,0.0,37.0,37.0,8.11,64.77,66.25
808D,pass@26,10.0,14.0,17.0,31.0,24.0,48.0,86.52,220.08,11.07,2436.58,135.37,0.0734,0.0,36.0,36.0,0.0,48.03,49.65
808D,pass@30,10.0,14.0,17.0,31.0,24.0,48.0,86.52,220.08,11.07,2436.58,135.37,0.0734,0.0,36.0,36.0,0.0,48.03,49.65
808D,pass@23,8.0,14.0,14.0,26.0,22.0,40.0,77.3,178.38,7.43,1325.09,73.62,0.0595,0.0,35.0,35.0,2.86,59.24,60.59
808D,pass@29,10.0,14.0,17.0,31.0,24.0,48.0,86.52,220.08,11.07,2436.58,135.37,0.0734,0.0,36.0,36.0,0.0,48.03,49.65
808D,pass@27,10.0,14.0,17.0,31.0,24.0,48.0,86.52,220.08,11.07,2436.58,135.37,0.0734,0.0,36.0,36.0,2.78,57.93,59.55
808D,pass@22,8.0,14.0,14.0,26.0,22.0,40.0,77.3,178.38,7.43,1325.09,73.62,0.0595,0.0,34.0,34.0,2.94,59.66,61.0
808D,pass@31,9.0,13.0,16.0,30.0,22.0,46.0,76.64,205.13,10.38,2130.24,118.35,0.0684,0.0,38.0,38.0,0.0,47.74,49.35
808D,pass@32,9.0,13.0,16.0,30.0,22.0,46.0,76.64,205.13,10.38,2130.24,118.35,0.0684,0.0,38.0,38.0,0.0,47.74,49.35
808D,pass@28,10.0,14.0,17.0,31.0,24.0,48.0,86.52,220.08,11.07,2436.58,135.37,0.0734,0.0,36.0,36.0,5.56,61.75,63.37
809B,pass@16,7.0,14.0,14.0,28.0,21.0,42.0,72.95,184.48,7.0,1291.34,71.74,0.0615,4.0,25.0,25.0,0.0,52.7,53.1
809B,pass@6,7.0,12.0,14.0,26.0,19.0,40.0,62.67,169.92,7.58,1288.54,71.59,0.0566,4.0,27.0,27.0,0.0,52.35,52.62
809B,pass@9,7.0,11.0,11.0,22.0,18.0,33.0,57.71,137.61,7.0,963.25,53.51,0.0459,4.0,30.0,30.0,0.0,51.73,52.27
809B,pass@15,9.0,15.0,21.0,38.0,24.0,59.0,87.13,270.51,11.4,3083.85,171.32,0.0902,4.0,28.0,28.0,0.0,50.06,50.86
809B,pass@3,6.0,12.0,14.0,26.0,18.0,40.0,58.53,166.8,6.5,1084.18,60.23,0.0556,4.0,26.0,26.0,0.0,52.77,53.04
809B,pass@12,6.0,13.0,16.0,32.0,19.0,48.0,63.62,203.9,7.38,1505.73,83.65,0.068,7.0,30.0,30.0,0.0,50.8,50.67
809B,pass@5,7.0,14.0,14.0,27.0,21.0,41.0,72.95,180.09,6.75,1215.57,67.53,0.06,4.0,27.0,27.0,0.0,51.91,52.45
809B,pass@8,10.0,16.0,23.0,42.0,26.0,65.0,97.22,305.53,13.12,4010.06,222.78,0.1018,10.0,34.0,34.0,8.82,64.73,64.73
809B,pass@7,6.0,14.0,15.0,30.0,20.0,45.0,68.81,194.49,6.43,1250.27,69.46,0.0648,6.0,38.0,38.0,2.63,58.48,58.35
809B,pass@2,8.0,15.0,32.0,61.0,23.0,93.0,82.6,420.69,16.27,6843.24,380.18,0.1402,15.0,51.0,51.0,3.92,54.16,54.02
809B,pass@11,10.0,16.0,30.0,57.0,26.0,87.0,97.22,408.94,17.81,7284.21,404.68,0.1363,14.0,47.0,47.0,14.89,64.46,64.32
809B,pass@10,9.0,23.0,29.0,58.0,32.0,87.0,132.57,435.0,11.35,4936.3,274.24,0.145,16.0,64.0,64.0,0.0,40.11,39.97
809B,pass@1,8.0,22.0,34.0,66.0,30.0,100.0,122.11,490.69,12.0,5888.27,327.13,0.1636,4.0,67.0,67.0,2.99,49.28,51.03
809B,pass@18,4.0,7.0,7.0,14.0,11.0,21.0,27.65,72.65,4.0,290.59,16.14,0.0242,9.0,26.0,26.0,7.69,70.92,70.79
809B,pass@4,10.0,21.0,30.0,59.0,31.0,89.0,125.46,440.92,14.05,6193.92,344.11,0.147,19.0,56.0,56.0,14.29,61.56,61.42
809B,pass@17,5.0,14.0,13.0,26.0,19.0,39.0,64.91,165.67,4.64,769.18,42.73,0.0552,6.0,36.0,36.0,0.0,49.84,49.7
809B,pass@13,10.0,30.0,47.0,80.0,40.0,127.0,180.43,675.88,13.33,9011.8,500.66,0.2253,4.0,54.0,54.0,7.41,55.2,57.49
809B,pass@20,8.0,13.0,17.0,33.0,21.0,50.0,72.11,219.62,10.15,2229.95,123.89,0.0732,4.0,24.0,24.0,0.0,52.29,52.96
809B,pass@21,6.0,11.0,12.0,23.0,17.0,35.0,53.56,143.06,6.27,897.38,49.85,0.0477,4.0,24.0,24.0,0.0,53.99,54.26
809B,pass@22,5.0,12.0,11.0,22.0,17.0,33.0,54.63,134.89,4.58,618.23,34.35,0.045,4.0,26.0,26.0,0.0,53.28,53.68
809B,pass@25,6.0,11.0,11.0,21.0,17.0,32.0,53.56,130.8,5.73,749.12,41.62,0.0436,7.0,26.0,26.0,0.0,53.64,53.37
809B,pass@14,11.0,25.0,52.0,99.0,36.0,151.0,154.15,780.66,21.78,17002.75,944.6,0.2602,26.0,89.0,89.0,4.49,46.3,46.16
809B,pass@24,8.0,16.0,18.0,34.0,24.0,52.0,88.0,238.42,8.5,2026.55,112.59,0.0795,4.0,26.0,26.0,0.0,51.28,51.95
809B,pass@19,9.0,15.0,25.0,48.0,24.0,73.0,87.13,334.7,14.4,4819.71,267.76,0.1116,13.0,48.0,48.0,6.25,58.51,58.38
809B,pass@27,5.0,12.0,10.0,20.0,17.0,30.0,54.63,122.62,4.17,510.93,28.39,0.0409,4.0,25.0,25.0,0.0,54.21,54.34
809B,pass@26,10.0,17.0,23.0,41.0,27.0,64.0,102.71,304.31,12.06,3669.65,203.87,0.1014,4.0,34.0,34.0,0.0,47.72,48.67
809B,pass@29,6.0,11.0,12.0,23.0,17.0,35.0,53.56,143.06,6.27,897.38,49.85,0.0477,4.0,24.0,24.0,0.0,53.99,54.26
809B,pass@28,8.0,18.0,21.0,39.0,26.0,60.0,99.06,282.03,8.67,2444.23,135.79,0.094,9.0,36.0,36.0,0.0,47.82,47.68
809B,pass@32,8.0,18.0,21.0,39.0,26.0,60.0,99.06,282.03,8.67,2444.23,135.79,0.094,9.0,36.0,36.0,0.0,47.82,47.68
809B,pass@31,8.0,18.0,23.0,41.0,26.0,64.0,99.06,300.83,9.11,2740.88,152.27,0.1003,4.0,34.0,34.0,0.0,47.89,48.7
809B,pass@30,9.0,16.0,28.0,53.0,25.0,81.0,92.53,376.15,14.91,5607.02,311.5,0.1254,14.0,51.0,51.0,7.84,59.0,58.87
809B,pass@23,7.0,17.0,39.0,78.0,24.0,117.0,89.14,536.44,16.06,8614.61,478.59,0.1788,22.0,84.0,84.0,3.57,47.25,47.11
810D,pass@13,6.0,11.0,12.0,23.0,17.0,35.0,53.56,143.06,6.27,897.38,49.85,0.0477,4.0,24.0,24.0,0.0,53.99,54.26
810D,pass@1,9.0,17.0,18.0,30.0,26.0,48.0,98.02,225.62,7.94,1791.7,99.54,0.0752,4.0,26.0,26.0,0.0,51.58,52.12
810D,pass@5,8.0,16.0,18.0,33.0,24.0,51.0,88.0,233.83,8.25,1929.12,107.17,0.0779,10.0,32.0,32.0,0.0,49.5,49.23
810D,pass@2,9.0,17.0,21.0,42.0,26.0,63.0,98.02,296.13,11.12,3292.24,182.9,0.0987,4.0,30.0,30.0,0.0,48.99,49.93
810D,pass@16,6.0,13.0,12.0,24.0,19.0,36.0,63.62,152.93,5.54,846.97,47.05,0.051,4.0,28.0,28.0,0.0,52.33,52.6
810D,pass@3,7.0,17.0,18.0,36.0,24.0,54.0,89.14,247.59,7.41,1835.06,101.95,0.0825,4.0,36.0,36.0,0.0,48.08,48.75
810D,pass@6,5.0,11.0,13.0,25.0,16.0,38.0,49.66,152.0,5.68,863.64,47.98,0.0507,4.0,30.0,30.0,0.0,51.69,51.96
810D,pass@14,9.0,19.0,22.0,37.0,28.0,59.0,109.24,283.63,8.76,2485.53,138.08,0.0945,4.0,28.0,28.0,0.0,50.05,50.72
810D,pass@10,9.0,18.0,23.0,39.0,27.0,62.0,103.59,294.8,9.75,2874.33,159.68,0.0983,4.0,28.0,28.0,0.0,49.8,50.6
810D,pass@9,6.0,16.0,20.0,40.0,22.0,60.0,79.51,267.57,7.5,2006.74,111.49,0.0892,4.0,38.0,38.0,0.0,47.33,48.0
810D,pass@11,6.0,15.0,15.0,30.0,21.0,45.0,74.11,197.65,6.0,1185.93,65.88,0.0659,4.0,32.0,32.0,0.0,50.01,50.55
810D,pass@12,8.0,18.0,23.0,41.0,26.0,64.0,99.06,300.83,9.11,2740.88,152.27,0.1003,9.0,36.0,36.0,0.0,47.62,47.49
810D,pass@4,8.0,17.0,20.0,40.0,25.0,60.0,93.49,278.63,9.41,2622.41,145.69,0.0929,11.0,41.0,41.0,4.88,59.27,59.14
810D,pass@7,8.0,19.0,35.0,67.0,27.0,102.0,104.71,485.0,14.11,6841.03,380.06,0.1617,13.0,60.0,60.0,10.0,58.61,58.47
810D,pass@15,9.0,16.0,34.0,63.0,25.0,97.0,92.53,450.45,17.72,7981.48,443.42,0.1502,19.0,70.0,70.0,7.14,54.13,53.99
810D,pass@23,5.0,12.0,12.0,23.0,17.0,35.0,54.63,143.06,4.79,685.5,38.08,0.0477,4.0,25.0,25.0,0.0,53.61,53.87
810D,pass@27,6.0,12.0,10.0,19.0,18.0,29.0,58.53,120.93,4.75,574.41,31.91,0.0403,4.0,24.0,24.0,0.0,54.64,54.77
810D,pass@22,7.0,12.0,14.0,26.0,19.0,40.0,62.67,169.92,7.58,1288.54,71.59,0.0566,4.0,27.0,27.0,0.0,52.35,52.62
810D,pass@18,7.0,17.0,18.0,33.0,24.0,51.0,89.14,233.83,6.79,1588.69,88.26,0.0779,9.0,39.0,39.0,0.0,47.36,47.49
810D,pass@26,9.0,18.0,23.0,39.0,27.0,62.0,103.59,294.8,9.75,2874.33,159.68,0.0983,4.0,28.0,28.0,0.0,49.8,50.6
810D,pass@28,7.0,12.0,13.0,25.0,19.0,38.0,62.67,161.42,7.29,1177.03,65.39,0.0538,4.0,25.0,25.0,0.0,53.1,53.51
810D,pass@19,9.0,21.0,25.0,47.0,30.0,72.0,120.77,353.3,10.07,3558.2,197.68,0.1178,4.0,47.0,47.0,0.0,44.2,45.14
810D,pass@25,10.0,18.0,21.0,35.0,28.0,56.0,108.28,269.21,9.72,2617.34,145.41,0.0897,4.0,28.0,28.0,0.0,50.07,50.88
810D,pass@17,6.0,19.0,24.0,48.0,25.0,72.0,96.22,334.36,7.58,2534.08,140.78,0.1115,15.0,49.0,49.0,8.16,60.02,59.75
810D,pass@8,7.0,16.0,61.0,119.0,23.0,180.0,83.65,814.24,26.03,21195.71,1177.54,0.2714,25.0,102.0,102.0,1.96,40.94,40.81
810D,pass@20,8.0,23.0,26.0,49.0,31.0,75.0,128.04,371.56,8.52,3166.38,175.91,0.1239,18.0,62.0,62.0,0.0,40.75,40.48
810D,pass@24,9.0,20.0,34.0,64.0,29.0,98.0,114.97,476.08,14.4,6855.58,380.87,0.1587,16.0,50.0,50.0,6.0,56.38,56.25
810D,pass@29,9.0,17.0,19.0,34.0,26.0,53.0,98.02,249.12,9.0,2242.11,124.56,0.083,7.0,37.0,37.0,5.41,61.75,61.62
810D,pass@32,5.0,10.0,9.0,18.0,15.0,27.0,44.83,105.49,4.5,474.69,26.37,0.0352,4.0,22.0,22.0,0.0,55.88,56.01
810D,pass@31,6.0,12.0,12.0,23.0,18.0,35.0,58.53,145.95,5.75,839.2,46.62,0.0486,4.0,24.0,24.0,0.0,53.93,54.2
810D,pass@21,11.0,26.0,43.0,86.0,37.0,129.0,160.27,672.02,18.19,12225.59,679.2,0.224,22.0,58.0,58.0,6.9,54.05,53.91
810D,pass@30,8.0,20.0,33.0,63.0,28.0,96.0,110.44,461.51,12.6,5814.98,323.05,0.1538,15.0,56.0,56.0,7.14,56.7,56.57
814A,pass@2,4.0,7.0,4.0,8.0,11.0,12.0,27.65,41.51,2.29,94.89,5.27,0.0138,0.0,13.0,13.0,0.0,63.43,64.37
814A,pass@1,4.0,8.0,5.0,10.0,12.0,15.0,32.0,53.77,2.5,134.44,7.47,0.0179,0.0,16.0,16.0,0.0,60.81,61.62
814A,pass@3,4.0,8.0,5.0,10.0,12.0,15.0,32.0,53.77,2.5,134.44,7.47,0.0179,0.0,16.0,16.0,0.0,60.81,61.62
814A,pass@9,4.0,7.0,4.0,8.0,11.0,12.0,27.65,41.51,2.29,94.89,5.27,0.0138,0.0,13.0,13.0,0.0,63.43,64.37
814A,pass@12,4.0,7.0,4.0,8.0,11.0,12.0,27.65,41.51,2.29,94.89,5.27,0.0138,0.0,13.0,13.0,0.0,63.43,64.37
814A,pass@8,4.0,7.0,4.0,8.0,11.0,12.0,27.65,41.51,2.29,94.89,5.27,0.0138,0.0,13.0,13.0,0.0,63.43,64.37
814A,pass@16,4.0,8.0,5.0,10.0,12.0,15.0,32.0,53.77,2.5,134.44,7.47,0.0179,0.0,16.0,16.0,0.0,60.81,61.62
814A,pass@5,4.0,8.0,5.0,10.0,12.0,15.0,32.0,53.77,2.5,134.44,7.47,0.0179,0.0,16.0,16.0,12.5,80.23,81.17
814A,pass@4,4.0,7.0,4.0,8.0,11.0,12.0,27.65,41.51,2.29,94.89,5.27,0.0138,0.0,13.0,13.0,0.0,63.43,64.37
814A,pass@10,4.0,7.0,4.0,8.0,11.0,12.0,27.65,41.51,2.29,94.89,5.27,0.0138,0.0,13.0,13.0,0.0,63.43,64.37
814A,pass@11,4.0,7.0,4.0,8.0,11.0,12.0,27.65,41.51,2.29,94.89,5.27,0.0138,0.0,13.0,13.0,0.0,63.43,64.37
814A,pass@13,4.0,8.0,5.0,10.0,12.0,15.0,32.0,53.77,2.5,134.44,7.47,0.0179,0.0,16.0,16.0,0.0,60.81,61.62
814A,pass@6,4.0,7.0,4.0,8.0,11.0,12.0,27.65,41.51,2.29,94.89,5.27,0.0138,0.0,13.0,13.0,0.0,63.43,64.37
814A,pass@7,4.0,7.0,4.0,8.0,11.0,12.0,27.65,41.51,2.29,94.89,5.27,0.0138,0.0,13.0,13.0,0.0,63.43,64.37
814A,pass@15,4.0,8.0,5.0,10.0,12.0,15.0,32.0,53.77,2.5,134.44,7.47,0.0179,0.0,16.0,16.0,12.5,80.23,81.17
814A,pass@14,5.0,10.0,6.0,12.0,15.0,18.0,44.83,70.32,3.0,210.97,11.72,0.0234,5.0,20.0,20.0,10.0,75.56,75.83
814A,pass@17,4.0,8.0,5.0,10.0,12.0,15.0,32.0,53.77,2.5,134.44,7.47,0.0179,0.0,16.0,16.0,0.0,60.81,61.62
814A,pass@18,4.0,8.0,5.0,10.0,12.0,15.0,32.0,53.77,2.5,134.44,7.47,0.0179,0.0,16.0,16.0,0.0,60.81,61.62
814A,pass@19,4.0,7.0,4.0,8.0,11.0,12.0,27.65,41.51,2.29,94.89,5.27,0.0138,0.0,13.0,13.0,0.0,63.43,64.37
814A,pass@27,4.0,7.0,4.0,8.0,11.0,12.0,27.65,41.51,2.29,94.89,5.27,0.0138,0.0,13.0,13.0,0.0,63.43,64.37
814A,pass@24,4.0,7.0,4.0,8.0,11.0,12.0,27.65,41.51,2.29,94.89,5.27,0.0138,0.0,13.0,13.0,0.0,63.43,64.37
814A,pass@30,4.0,8.0,5.0,10.0,12.0,15.0,32.0,53.77,2.5,134.44,7.47,0.0179,0.0,16.0,16.0,0.0,60.81,61.62
814A,pass@26,4.0,7.0,4.0,8.0,11.0,12.0,27.65,41.51,2.29,94.89,5.27,0.0138,0.0,13.0,13.0,0.0,63.43,64.37
814A,pass@25,4.0,8.0,5.0,10.0,12.0,15.0,32.0,53.77,2.5,134.44,7.47,0.0179,0.0,16.0,16.0,0.0,60.81,61.62
814A,pass@28,4.0,8.0,5.0,10.0,12.0,15.0,32.0,53.77,2.5,134.44,7.47,0.0179,0.0,16.0,16.0,0.0,60.81,61.62
814A,pass@20,4.0,8.0,5.0,10.0,12.0,15.0,32.0,53.77,2.5,134.44,7.47,0.0179,0.0,16.0,16.0,0.0,60.81,61.62
814A,pass@23,4.0,8.0,5.0,10.0,12.0,15.0,32.0,53.77,2.5,134.44,7.47,0.0179,0.0,16.0,16.0,0.0,60.81,61.62
814A,pass@21,4.0,7.0,4.0,8.0,11.0,12.0,27.65,41.51,2.29,94.89,5.27,0.0138,0.0,13.0,13.0,0.0,63.43,64.37
814A,pass@29,4.0,7.0,4.0,8.0,11.0,12.0,27.65,41.51,2.29,94.89,5.27,0.0138,0.0,13.0,13.0,0.0,63.43,64.37
814A,pass@22,4.0,8.0,5.0,10.0,12.0,15.0,32.0,53.77,2.5,134.44,7.47,0.0179,0.0,16.0,16.0,0.0,60.81,61.62
814A,pass@31,4.0,8.0,5.0,10.0,12.0,15.0,32.0,53.77,2.5,134.44,7.47,0.0179,0.0,16.0,16.0,0.0,60.81,61.62
814A,pass@32,4.0,8.0,5.0,10.0,12.0,15.0,32.0,53.77,2.5,134.44,7.47,0.0179,0.0,16.0,16.0,0.0,60.81,61.62
814D,pass@2,8.0,34.0,20.0,40.0,42.0,60.0,196.97,323.54,4.71,1522.54,84.59,0.1078,0.0,27.0,27.0,0.0,49.86,51.2
814D,pass@12,9.0,31.0,24.0,45.0,40.0,69.0,182.11,367.21,6.53,2398.73,133.26,0.1224,0.0,28.0,28.0,0.0,49.4,50.47
814D,pass@5,11.0,36.0,25.0,48.0,47.0,73.0,224.17,405.48,7.33,2973.56,165.2,0.1352,0.0,27.0,28.0,3.7,60.31,61.52
814D,pass@8,9.0,31.0,26.0,50.0,40.0,76.0,182.11,404.47,7.26,2935.64,163.09,0.1348,0.0,34.0,35.0,2.94,57.03,58.24
814D,pass@1,9.0,30.0,26.0,49.0,39.0,75.0,175.74,396.41,7.35,2913.58,161.87,0.1321,0.0,35.0,35.0,0.0,46.78,48.13
814D,pass@4,11.0,36.0,25.0,48.0,47.0,73.0,224.17,405.48,7.33,2973.56,165.2,0.1352,0.0,27.0,28.0,7.41,64.59,65.8
814D,pass@13,12.0,33.0,26.0,50.0,45.0,76.0,209.48,417.38,9.09,3794.37,210.8,0.1391,0.0,31.0,32.0,6.45,62.16,63.51
814D,pass@11,11.0,36.0,25.0,48.0,47.0,73.0,224.17,405.48,7.33,2973.56,165.2,0.1352,0.0,27.0,28.0,7.41,64.59,65.8
814D,pass@14,12.0,37.0,30.0,57.0,49.0,87.0,235.77,488.48,9.24,4515.14,250.84,0.1628,0.0,37.0,37.0,5.41,58.9,60.51
814D,pass@6,11.0,36.0,25.0,48.0,47.0,73.0,224.17,405.48,7.33,2973.56,165.2,0.1352,0.0,27.0,28.0,11.11,67.59,68.8
814D,pass@3,10.0,30.0,23.0,44.0,40.0,67.0,180.43,356.57,7.33,2614.84,145.27,0.1189,0.0,34.0,34.0,8.82,64.12,65.6
814D,pass@15,12.0,35.0,30.0,57.0,47.0,87.0,222.54,483.25,9.77,4722.04,262.34,0.1611,0.0,37.0,37.0,13.51,65.56,67.18
814D,pass@9,13.0,34.0,23.0,45.0,47.0,68.0,221.08,377.71,8.6,3249.43,180.52,0.1259,0.0,46.0,47.0,10.87,61.78,63.94
814D,pass@7,12.0,34.0,28.0,52.0,46.0,80.0,215.99,441.88,9.18,4054.94,225.27,0.1473,11.0,37.0,38.0,24.32,70.48,70.48
814D,pass@16,11.0,32.0,28.0,53.0,43.0,81.0,198.05,439.53,9.11,4003.82,222.43,0.1465,0.0,34.0,35.0,17.65,68.82,70.17
814D,pass@10,9.0,33.0,24.0,47.0,42.0,71.0,194.99,382.85,6.41,2453.75,136.32,0.1276,0.0,39.0,40.0,23.08,70.02,71.5
814D,pass@17,8.0,34.0,21.0,42.0,42.0,63.0,196.97,339.72,4.94,1678.6,93.26,0.1132,0.0,26.0,26.0,0.0,50.07,51.41
814D,pass@19,9.0,30.0,26.0,49.0,39.0,75.0,175.74,396.41,7.35,2913.58,161.87,0.1321,0.0,35.0,35.0,0.0,46.78,48.13
814D,pass@23,11.0,32.0,23.0,44.0,43.0,67.0,198.05,363.56,7.56,2749.42,152.75,0.1212,0.0,29.0,30.0,6.9,63.78,64.99
814D,pass@21,9.0,30.0,21.0,41.0,39.0,62.0,175.74,327.69,6.15,2015.32,111.96,0.1092,0.0,29.0,30.0,3.45,60.06,61.14
814D,pass@24,11.0,36.0,25.0,48.0,47.0,73.0,224.17,405.48,7.33,2973.56,165.2,0.1352,0.0,27.0,28.0,11.11,67.59,68.8
814D,pass@25,9.0,29.0,27.0,50.0,38.0,77.0,169.41,404.09,7.76,3135.18,174.18,0.1347,0.0,34.0,34.0,0.0,47.13,48.34
814D,pass@27,9.0,29.0,25.0,47.0,38.0,72.0,169.41,377.85,7.29,2755.7,153.09,0.126,0.0,34.0,35.0,5.88,61.14,62.36
814D,pass@22,12.0,34.0,27.0,50.0,46.0,77.0,215.99,425.31,8.82,3752.77,208.49,0.1418,0.0,37.0,38.0,10.81,63.93,65.55
814D,pass@26,12.0,31.0,24.0,46.0,43.0,70.0,196.6,379.84,8.9,3381.79,187.88,0.1266,0.0,32.0,33.0,6.25,61.95,63.29
814D,pass@29,10.0,34.0,24.0,46.0,44.0,70.0,206.19,382.16,6.76,2585.2,143.62,0.1274,0.0,28.0,29.0,3.57,59.97,61.18
814D,pass@30,10.0,30.0,24.0,45.0,40.0,69.0,180.43,367.21,7.5,2754.1,153.01,0.1224,0.0,31.0,32.0,6.45,62.69,63.9
814D,pass@31,11.0,40.0,28.0,53.0,51.0,81.0,250.93,459.47,7.29,3348.36,186.02,0.1532,0.0,29.0,29.0,0.0,47.98,49.46
814D,pass@20,10.0,34.0,28.0,51.0,44.0,79.0,206.19,431.3,7.5,3234.71,179.71,0.1438,0.0,33.0,34.0,12.12,65.98,67.45
814D,pass@18,10.0,35.0,25.0,47.0,45.0,72.0,212.74,395.41,6.71,2654.92,147.5,0.1318,0.0,44.0,44.0,15.91,65.32,67.47
814D,pass@28,9.0,34.0,30.0,54.0,43.0,84.0,201.5,455.81,7.15,3257.67,180.98,0.1519,0.0,36.0,37.0,16.67,67.85,69.06
814D,pass@32,12.0,37.0,28.0,52.0,49.0,80.0,235.77,449.18,8.43,3787.65,210.43,0.1497,0.0,40.0,41.0,12.5,64.05,65.8
818B,pass@13,10.0,20.0,21.0,38.0,30.0,59.0,119.66,289.51,9.5,2750.31,152.8,0.0965,0.0,39.0,40.0,5.13,59.16,61.04
818B,pass@3,10.0,20.0,20.0,37.0,30.0,57.0,119.66,279.69,9.25,2587.16,143.73,0.0932,0.0,40.0,41.0,7.5,61.52,63.4
818B,pass@10,10.0,20.0,21.0,38.0,30.0,59.0,119.66,289.51,9.5,2750.31,152.8,0.0965,0.0,39.0,40.0,7.69,61.83,63.71
818B,pass@4,11.0,22.0,22.0,41.0,33.0,63.0,136.16,317.8,10.25,3257.42,180.97,0.1059,0.0,39.0,40.0,12.82,65.41,67.29
818B,pass@6,10.0,20.0,21.0,38.0,30.0,59.0,119.66,289.51,9.5,2750.31,152.8,0.0965,0.0,39.0,40.0,7.69,61.83,63.71
818B,pass@14,10.0,26.0,28.0,51.0,36.0,79.0,155.43,408.42,9.81,4005.7,222.54,0.1361,0.0,49.0,50.0,10.2,60.47,62.63
818B,pass@8,10.0,24.0,26.0,48.0,34.0,74.0,143.26,376.47,10.0,3764.72,209.15,0.1255,0.0,51.0,52.0,9.8,60.05,62.2
818B,pass@2,10.0,25.0,24.0,45.0,35.0,69.0,149.32,353.92,9.0,3185.28,176.96,0.118,0.0,44.0,45.0,13.64,64.59,66.34
818B,pass@7,11.0,30.0,31.0,57.0,41.0,88.0,185.26,471.46,10.45,4926.8,273.71,0.1572,0.0,50.0,51.0,8.0,58.19,60.2
818B,pass@5,10.0,26.0,28.0,51.0,36.0,79.0,155.43,408.42,9.81,4005.7,222.54,0.1361,0.0,50.0,51.0,12.0,61.55,63.7
818B,pass@9,10.0,24.0,27.0,49.0,34.0,76.0,143.26,386.65,10.21,3947.02,219.28,0.1289,0.0,51.0,52.0,9.8,59.97,62.12
818B,pass@15,10.0,27.0,28.0,51.0,37.0,79.0,161.6,411.55,9.44,3886.83,215.94,0.1372,0.0,49.0,50.0,10.2,60.45,62.6
818B,pass@11,11.0,26.0,28.0,50.0,37.0,78.0,160.27,406.34,10.58,4297.8,238.77,0.1354,0.0,55.0,56.0,10.91,59.8,62.08
818B,pass@16,10.0,27.0,27.0,50.0,37.0,77.0,161.6,401.13,9.26,3714.15,206.34,0.1337,0.0,49.0,50.0,8.16,58.88,61.03
818B,pass@1,10.0,27.0,29.0,53.0,37.0,82.0,161.6,427.18,9.81,4192.65,232.92,0.1424,0.0,52.0,52.0,9.62,59.52,61.67
818B,pass@12,13.0,30.0,31.0,57.0,43.0,88.0,195.31,477.51,12.35,5897.26,327.63,0.1592,0.0,53.0,54.0,11.32,59.8,62.22
818B,pass@17,10.0,20.0,21.0,38.0,30.0,59.0,119.66,289.51,9.5,2750.31,152.8,0.0965,0.0,39.0,40.0,0.0,45.93,47.82
818B,pass@20,10.0,20.0,21.0,38.0,30.0,59.0,119.66,289.51,9.5,2750.31,152.8,0.0965,0.0,39.0,40.0,7.69,61.83,63.71
818B,pass@19,12.0,24.0,29.0,51.0,36.0,80.0,153.06,413.59,12.75,5273.32,292.96,0.1379,0.0,51.0,52.0,7.84,58.13,60.28
818B,pass@22,10.0,20.0,21.0,38.0,30.0,59.0,119.66,289.51,9.5,2750.31,152.8,0.0965,0.0,39.0,40.0,7.69,61.83,63.71
818B,pass@25,10.0,20.0,21.0,38.0,30.0,59.0,119.66,289.51,9.5,2750.31,152.8,0.0965,0.0,36.0,37.0,5.56,60.39,62.27
818B,pass@29,10.0,20.0,21.0,38.0,30.0,59.0,119.66,289.51,9.5,2750.31,152.8,0.0965,0.0,36.0,37.0,8.33,63.14,65.02
818B,pass@21,10.0,19.0,18.0,34.0,29.0,52.0,113.93,252.62,8.95,2260.24,125.57,0.0842,0.0,34.0,35.0,20.59,71.63,73.11
818B,pass@18,10.0,24.0,26.0,47.0,34.0,73.0,143.26,371.38,9.79,3636.48,202.03,0.1238,0.0,47.0,49.0,14.89,63.95,66.1
818B,pass@27,10.0,20.0,21.0,38.0,30.0,59.0,119.66,289.51,9.5,2750.31,152.8,0.0965,0.0,39.0,40.0,7.69,61.83,63.71
818B,pass@26,10.0,20.0,21.0,38.0,30.0,59.0,119.66,289.51,9.5,2750.31,152.8,0.0965,0.0,39.0,40.0,7.69,61.83,63.71
818B,pass@31,10.0,20.0,20.0,37.0,30.0,57.0,119.66,279.69,9.25,2587.16,143.73,0.0932,0.0,40.0,41.0,7.5,61.52,63.4
818B,pass@28,10.0,26.0,28.0,51.0,36.0,79.0,155.43,408.42,9.81,4005.7,222.54,0.1361,0.0,50.0,51.0,10.0,60.13,62.29
818B,pass@30,10.0,24.0,27.0,50.0,34.0,77.0,143.26,391.73,10.42,4080.57,226.7,0.1306,0.0,54.0,54.0,9.26,59.01,61.29
818B,pass@24,11.0,28.0,31.0,55.0,39.0,86.0,172.66,454.54,10.8,4910.7,272.82,0.1515,0.0,52.0,54.0,13.46,61.19,63.75
818B,pass@23,13.0,27.0,30.0,55.0,40.0,85.0,176.49,452.36,13.24,5989.63,332.76,0.1508,0.0,53.0,54.0,15.09,62.54,64.69
818B,pass@32,14.0,33.0,39.0,74.0,47.0,113.0,219.77,627.67,15.7,9852.49,547.36,0.2092,0.0,49.0,50.0,18.37,63.34,66.03
819E,pass@9,7.0,13.0,23.0,46.0,20.0,69.0,67.76,298.21,12.38,3693.25,205.18,0.0994,0.0,18.0,18.0,0.0,54.08,55.29
819E,pass@3,2.0,5.0,4.0,7.0,7.0,11.0,13.61,30.88,1.4,43.23,2.4,0.0103,0.0,23.0,23.0,0.0,59.33,59.86
819E,pass@4,9.0,14.0,13.0,25.0,23.0,38.0,81.83,171.9,8.04,1381.3,76.74,0.0573,0.0,26.0,26.0,0.0,52.41,53.48
819E,pass@8,9.0,14.0,13.0,25.0,23.0,38.0,81.83,171.9,8.04,1381.3,76.74,0.0573,0.0,26.0,26.0,0.0,52.41,53.48
819E,pass@14,9.0,14.0,13.0,25.0,23.0,38.0,81.83,171.9,8.04,1381.3,76.74,0.0573,0.0,26.0,26.0,0.0,52.41,53.48
819E,pass@15,9.0,14.0,13.0,25.0,23.0,38.0,81.83,171.9,8.04,1381.3,76.74,0.0573,0.0,26.0,26.0,0.0,52.41,53.48
819E,pass@16,8.0,17.0,25.0,50.0,25.0,75.0,93.49,348.29,11.76,4097.52,227.64,0.1161,0.0,24.0,24.0,0.0,50.61,52.09
819E,pass@6,7.0,10.0,12.0,23.0,17.0,35.0,52.87,143.06,8.05,1151.64,63.98,0.0477,0.0,33.0,33.0,0.0,50.84,51.78
819E,pass@12,9.0,15.0,14.0,27.0,24.0,41.0,87.13,187.98,8.1,1522.67,84.59,0.0627,0.0,34.0,34.0,0.0,49.46,50.67
819E,pass@13,9.0,17.0,22.0,43.0,26.0,65.0,98.02,305.53,11.38,3477.63,193.2,0.1018,0.0,38.0,38.0,0.0,46.93,48.14
819E,pass@2,8.0,22.0,31.0,62.0,30.0,93.0,122.11,456.34,11.27,5144.21,285.79,0.1521,0.0,32.0,32.0,0.0,47.2,48.55
819E,pass@1,8.0,22.0,27.0,54.0,30.0,81.0,122.11,397.46,9.82,3902.32,216.8,0.1325,0.0,32.0,32.0,0.0,47.35,48.97
819E,pass@10,7.0,12.0,15.0,29.0,19.0,44.0,62.67,186.91,8.46,1580.94,87.83,0.0623,0.0,38.0,38.0,0.0,48.56,49.63
819E,pass@11,8.0,25.0,34.0,68.0,33.0,102.0,140.1,514.53,10.88,5598.07,311.0,0.1715,0.0,31.0,31.0,0.0,47.0,48.48
819E,pass@7,7.0,18.0,23.0,45.0,25.0,68.0,94.71,315.78,8.75,2763.09,153.51,0.1053,0.0,39.0,39.0,0.0,46.72,47.79
819E,pass@5,7.0,18.0,23.0,45.0,25.0,68.0,94.71,315.78,8.75,2763.09,153.51,0.1053,0.0,39.0,39.0,0.0,46.72,47.79
819E,pass@17,6.0,11.0,15.0,30.0,17.0,45.0,53.56,183.94,8.18,1504.93,83.61,0.0613,0.0,22.0,22.0,0.0,53.92,54.86
819E,pass@18,7.0,12.0,17.0,33.0,19.0,50.0,62.67,212.4,9.62,2044.32,113.57,0.0708,0.0,30.0,30.0,0.0,50.54,51.48
819E,pass@19,7.0,11.0,14.0,27.0,18.0,41.0,57.71,170.97,8.59,1468.76,81.6,0.057,0.0,30.0,30.0,0.0,51.2,52.14
819E,pass@21,7.0,11.0,16.0,31.0,18.0,47.0,57.71,195.99,9.86,1933.14,107.4,0.0653,0.0,28.0,28.0,0.0,51.44,52.38
819E,pass@28,2.0,5.0,4.0,7.0,7.0,11.0,13.61,30.88,1.4,43.23,2.4,0.0103,0.0,23.0,23.0,0.0,59.33,59.86
819E,pass@26,7.0,11.0,14.0,27.0,18.0,41.0,57.71,170.97,8.59,1468.76,81.6,0.057,0.0,22.0,22.0,0.0,54.27,55.08
819E,pass@20,8.0,15.0,19.0,38.0,23.0,57.0,82.6,257.84,10.13,2612.81,145.16,0.0859,0.0,30.0,30.0,0.0,49.41,50.89
819E,pass@24,7.0,11.0,14.0,27.0,18.0,41.0,57.71,170.97,8.59,1468.76,81.6,0.057,0.0,33.0,33.0,0.0,50.3,51.24
819E,pass@32,7.0,10.0,14.0,27.0,17.0,41.0,52.87,167.59,9.45,1583.69,87.98,0.0559,0.0,22.0,22.0,0.0,54.34,55.14
819E,pass@29,9.0,15.0,19.0,37.0,24.0,56.0,87.13,256.76,11.1,2850.01,158.33,0.0856,0.0,33.0,33.0,0.0,48.79,50.0
819E,pass@27,9.0,15.0,20.0,39.0,24.0,59.0,87.13,270.51,11.7,3165.0,175.83,0.0902,0.0,33.0,33.0,0.0,48.63,49.84
819E,pass@31,6.0,12.0,18.0,36.0,18.0,54.0,58.53,225.18,9.0,2026.58,112.59,0.0751,0.0,26.0,26.0,0.0,51.59,52.66
819E,pass@22,8.0,31.0,42.0,84.0,39.0,126.0,177.58,665.96,10.84,7218.15,401.01,0.222,0.0,41.0,41.0,0.0,43.43,45.05
819E,pass@30,7.0,12.0,16.0,31.0,19.0,47.0,62.67,199.65,9.04,1805.19,100.29,0.0666,0.0,37.0,37.0,0.0,48.61,49.68
819E,pass@23,6.0,11.0,15.0,30.0,17.0,45.0,53.56,183.94,8.18,1504.93,83.61,0.0613,0.0,48.0,48.0,0.0,45.85,47.47
819E,pass@25,6.0,12.0,16.0,32.0,18.0,48.0,58.53,200.16,8.0,1601.25,88.96,0.0667,0.0,58.0,58.0,0.0,43.67,45.42
822C,pass@8,9.0,25.0,24.0,43.0,34.0,67.0,144.63,340.86,7.74,2638.26,146.57,0.1136,16.0,57.0,57.0,22.81,66.25,66.25
822C,pass@9,9.0,33.0,37.0,69.0,42.0,106.0,194.99,571.59,9.41,5378.1,298.78,0.1905,23.0,94.0,92.0,14.89,55.73,55.73
822C,pass@4,10.0,31.0,30.0,55.0,41.0,85.0,186.8,455.39,8.87,4039.77,224.43,0.1518,26.0,76.0,76.0,23.68,61.6,61.6
822C,pass@2,9.0,37.0,46.0,83.0,46.0,129.0,221.28,712.54,10.09,7192.8,399.6,0.2375,29.0,86.0,86.0,19.77,57.21,57.21
822C,pass@16,8.0,24.0,27.0,53.0,32.0,80.0,134.04,400.0,8.83,3533.33,196.3,0.1333,24.0,88.0,88.0,26.14,61.63,61.63
822C,pass@11,9.0,28.0,31.0,57.0,37.0,88.0,163.14,458.43,9.16,4199.56,233.31,0.1528,28.0,83.0,85.0,22.89,59.98,59.98
822C,pass@12,9.0,40.0,62.0,115.0,49.0,177.0,241.41,993.8,12.94,12857.33,714.3,0.3313,32.0,120.0,120.0,17.5,51.64,51.64
822C,pass@13,8.0,21.0,21.0,40.0,29.0,61.0,116.24,296.34,7.62,2257.8,125.43,0.0988,26.0,97.0,98.0,26.8,61.45,61.45
822C,pass@17,8.0,20.0,17.0,33.0,28.0,50.0,110.44,240.37,6.6,1586.43,88.13,0.0801,18.0,55.0,59.0,21.82,66.36,66.36
822C,pass@5,9.0,36.0,51.0,92.0,45.0,143.0,214.65,785.33,11.5,9031.35,501.74,0.2618,29.0,113.0,111.0,24.78,56.3,56.3
822C,pass@1,10.0,39.0,65.0,115.0,49.0,180.0,239.35,1010.65,14.74,14900.58,827.81,0.3369,36.0,104.0,104.0,39.42,58.3,58.3
822C,pass@15,11.0,37.0,53.0,100.0,48.0,153.0,230.8,854.5,14.86,12702.02,705.67,0.2848,40.0,138.0,142.0,23.91,51.95,51.95
822C,pass@14,9.0,41.0,46.0,89.0,50.0,135.0,248.19,761.92,9.77,7442.66,413.48,0.254,35.0,122.0,115.0,25.41,55.44,55.44
822C,pass@3,11.0,37.0,54.0,95.0,48.0,149.0,230.8,832.16,14.12,11751.44,652.86,0.2774,34.0,121.0,123.0,33.06,56.55,56.55
822C,pass@10,10.0,28.0,41.0,78.0,38.0,119.0,167.83,624.5,13.93,8698.44,483.25,0.2082,43.0,141.0,137.0,27.66,53.95,53.95
822C,pass@19,8.0,25.0,23.0,43.0,33.0,66.0,140.1,332.93,6.88,2290.56,127.25,0.111,15.0,54.0,54.0,35.19,70.08,70.08
822C,pass@26,9.0,23.0,23.0,42.0,32.0,65.0,132.57,325.0,8.22,2670.65,148.37,0.1083,15.0,55.0,55.0,16.36,64.17,64.17
822C,pass@21,9.0,25.0,25.0,46.0,34.0,71.0,144.63,361.21,8.28,2990.82,166.16,0.1204,19.0,73.0,74.0,38.36,66.8,66.8
822C,pass@18,11.0,39.0,42.0,79.0,50.0,121.0,244.18,682.91,11.14,7608.28,422.68,0.2276,27.0,84.0,85.0,35.71,62.07,62.07
822C,pass@24,10.0,31.0,35.0,65.0,41.0,100.0,186.8,535.76,10.48,5616.79,312.04,0.1786,22.0,81.0,83.0,19.75,59.35,59.35
822C,pass@22,9.0,23.0,25.0,47.0,32.0,72.0,132.57,360.0,9.2,3310.43,183.91,0.12,24.0,83.0,84.0,26.51,62.5,62.5
822C,pass@6,10.0,52.0,77.0,141.0,62.0,218.0,329.64,1298.01,13.56,17598.09,977.67,0.4327,44.0,164.0,168.0,34.76,51.21,51.21
822C,pass@7,10.0,45.0,63.0,116.0,55.0,179.0,280.35,1034.86,12.89,13338.24,741.01,0.345,45.0,144.0,143.0,36.11,53.52,53.52
822C,pass@20,10.0,34.0,42.0,77.0,44.0,119.0,206.19,649.67,11.32,7356.58,408.7,0.2166,34.0,101.0,102.0,28.71,58.11,58.11
822C,pass@23,8.0,23.0,29.0,57.0,31.0,86.0,128.04,426.06,9.91,4223.56,234.64,0.142,28.0,95.0,95.0,34.74,62.15,62.15
822C,pass@27,9.0,35.0,37.0,69.0,44.0,106.0,208.05,578.7,8.87,5133.89,285.22,0.1929,28.0,82.0,82.0,19.51,58.32,58.32
822C,pass@28,9.0,33.0,39.0,72.0,42.0,111.0,194.99,598.55,9.82,5876.65,326.48,0.1995,34.0,113.0,115.0,18.58,53.81,53.81
822C,pass@31,12.0,38.0,52.0,93.0,50.0,145.0,242.44,818.36,14.68,12016.96,667.61,0.2728,28.0,107.0,107.0,25.23,56.8,56.8
822C,pass@30,10.0,36.0,42.0,75.0,46.0,117.0,219.34,646.26,10.42,6731.84,373.99,0.2154,24.0,79.0,81.0,32.91,62.59,62.59
822C,pass@29,10.0,48.0,74.0,136.0,58.0,210.0,301.3,1230.18,14.17,17427.49,968.19,0.4101,35.0,128.0,128.0,24.22,52.6,52.6
822C,pass@32,10.0,33.0,39.0,71.0,43.0,110.0,199.68,596.89,10.76,6421.08,356.73,0.199,33.0,102.0,103.0,27.45,58.08,58.08
822C,pass@25,11.0,46.0,65.0,116.0,57.0,181.0,292.14,1055.75,13.87,14642.84,813.49,0.3519,35.0,145.0,141.0,26.21,52.76,52.76
828A,pass@1,4.0,8.0,12.0,24.0,12.0,36.0,32.0,129.06,6.0,774.35,43.02,0.043,0.0,22.0,22.0,4.55,67.5,68.44
828A,pass@10,4.0,8.0,12.0,24.0,12.0,36.0,32.0,129.06,6.0,774.35,43.02,0.043,0.0,22.0,22.0,9.09,72.1,73.04
828A,pass@3,4.0,8.0,12.0,24.0,12.0,36.0,32.0,129.06,6.0,774.35,43.02,0.043,0.0,22.0,22.0,4.55,67.5,68.44
828A,pass@6,4.0,8.0,12.0,24.0,12.0,36.0,32.0,129.06,6.0,774.35,43.02,0.043,0.0,22.0,22.0,4.55,67.5,68.44
828A,pass@13,4.0,8.0,12.0,24.0,12.0,36.0,32.0,129.06,6.0,774.35,43.02,0.043,0.0,22.0,22.0,4.55,67.5,68.44
828A,pass@16,4.0,8.0,12.0,24.0,12.0,36.0,32.0,129.06,6.0,774.35,43.02,0.043,0.0,22.0,22.0,4.55,67.5,68.44
828A,pass@7,4.0,8.0,12.0,24.0,12.0,36.0,32.0,129.06,6.0,774.35,43.02,0.043,0.0,22.0,22.0,4.55,67.5,68.44
828A,pass@11,4.0,8.0,12.0,24.0,12.0,36.0,32.0,129.06,6.0,774.35,43.02,0.043,0.0,22.0,22.0,4.55,67.5,68.44
828A,pass@4,4.0,8.0,12.0,24.0,12.0,36.0,32.0,129.06,6.0,774.35,43.02,0.043,0.0,22.0,22.0,4.55,67.5,68.44
828A,pass@14,4.0,8.0,12.0,24.0,12.0,36.0,32.0,129.06,6.0,774.35,43.02,0.043,0.0,22.0,22.0,4.55,67.5,68.44
828A,pass@2,4.0,8.0,12.0,24.0,12.0,36.0,32.0,129.06,6.0,774.35,43.02,0.043,0.0,22.0,22.0,4.55,67.5,68.44
828A,pass@5,4.0,8.0,12.0,24.0,12.0,36.0,32.0,129.06,6.0,774.35,43.02,0.043,0.0,22.0,22.0,4.55,67.5,68.44
828A,pass@9,4.0,8.0,12.0,24.0,12.0,36.0,32.0,129.06,6.0,774.35,43.02,0.043,0.0,22.0,22.0,4.55,67.5,68.44
828A,pass@8,4.0,8.0,12.0,24.0,12.0,36.0,32.0,129.06,6.0,774.35,43.02,0.043,0.0,22.0,22.0,9.09,72.1,73.04
828A,pass@15,4.0,8.0,12.0,24.0,12.0,36.0,32.0,129.06,6.0,774.35,43.02,0.043,0.0,22.0,22.0,9.09,72.1,73.04
828A,pass@12,4.0,8.0,12.0,24.0,12.0,36.0,32.0,129.06,6.0,774.35,43.02,0.043,0.0,22.0,22.0,4.55,67.5,68.44
828A,pass@17,4.0,8.0,12.0,24.0,12.0,36.0,32.0,129.06,6.0,774.35,43.02,0.043,0.0,22.0,22.0,4.55,67.5,68.44
828A,pass@21,4.0,8.0,12.0,24.0,12.0,36.0,32.0,129.06,6.0,774.35,43.02,0.043,0.0,22.0,22.0,4.55,67.5,68.44
828A,pass@23,4.0,8.0,12.0,24.0,12.0,36.0,32.0,129.06,6.0,774.35,43.02,0.043,0.0,22.0,22.0,4.55,67.5,68.44
828A,pass@24,4.0,8.0,12.0,24.0,12.0,36.0,32.0,129.06,6.0,774.35,43.02,0.043,0.0,22.0,22.0,4.55,67.5,68.44
828A,pass@20,4.0,8.0,12.0,24.0,12.0,36.0,32.0,129.06,6.0,774.35,43.02,0.043,0.0,22.0,22.0,4.55,67.5,68.44
828A,pass@18,4.0,8.0,12.0,24.0,12.0,36.0,32.0,129.06,6.0,774.35,43.02,0.043,0.0,22.0,22.0,9.09,72.1,73.04
828A,pass@26,4.0,8.0,12.0,24.0,12.0,36.0,32.0,129.06,6.0,774.35,43.02,0.043,0.0,22.0,22.0,4.55,67.5,68.44
828A,pass@25,4.0,8.0,12.0,24.0,12.0,36.0,32.0,129.06,6.0,774.35,43.02,0.043,0.0,22.0,22.0,4.55,67.5,68.44
828A,pass@22,4.0,8.0,12.0,24.0,12.0,36.0,32.0,129.06,6.0,774.35,43.02,0.043,0.0,22.0,22.0,4.55,67.5,68.44
828A,pass@28,4.0,8.0,12.0,24.0,12.0,36.0,32.0,129.06,6.0,774.35,43.02,0.043,0.0,22.0,22.0,4.55,67.5,68.44
828A,pass@27,4.0,8.0,12.0,24.0,12.0,36.0,32.0,129.06,6.0,774.35,43.02,0.043,0.0,22.0,22.0,4.55,67.5,68.44
828A,pass@29,4.0,8.0,12.0,24.0,12.0,36.0,32.0,129.06,6.0,774.35,43.02,0.043,0.0,22.0,22.0,4.55,67.5,68.44
828A,pass@19,4.0,8.0,12.0,24.0,12.0,36.0,32.0,129.06,6.0,774.35,43.02,0.043,0.0,22.0,22.0,4.55,67.5,68.44
828A,pass@30,4.0,8.0,12.0,24.0,12.0,36.0,32.0,129.06,6.0,774.35,43.02,0.043,0.0,22.0,22.0,4.55,67.5,68.44
828A,pass@31,4.0,8.0,12.0,24.0,12.0,36.0,32.0,129.06,6.0,774.35,43.02,0.043,0.0,22.0,22.0,4.55,67.5,68.44
828A,pass@32,4.0,8.0,12.0,24.0,12.0,36.0,32.0,129.06,6.0,774.35,43.02,0.043,0.0,22.0,22.0,4.55,67.5,68.44
830B,pass@6,4.0,7.0,7.0,11.0,11.0,18.0,27.65,62.27,3.14,195.7,10.87,0.0208,4.0,23.0,23.0,4.35,69.44,69.44
830B,pass@10,4.0,8.0,8.0,13.0,12.0,21.0,32.0,75.28,3.25,244.67,13.59,0.0251,4.0,23.0,23.0,0.0,56.62,56.62
830B,pass@9,4.0,7.0,7.0,11.0,11.0,18.0,27.65,62.27,3.14,195.7,10.87,0.0208,4.0,23.0,23.0,13.04,77.09,77.09
830B,pass@2,4.0,8.0,8.0,13.0,12.0,21.0,32.0,75.28,3.25,244.67,13.59,0.0251,4.0,25.0,25.0,4.0,67.6,67.6
830B,pass@11,4.0,7.0,7.0,11.0,11.0,18.0,27.65,62.27,3.14,195.7,10.87,0.0208,4.0,23.0,23.0,4.35,69.44,69.44
830B,pass@16,4.0,7.0,7.0,11.0,11.0,18.0,27.65,62.27,3.14,195.7,10.87,0.0208,4.0,23.0,23.0,13.04,77.09,77.09
830B,pass@1,4.0,7.0,7.0,11.0,11.0,18.0,27.65,62.27,3.14,195.7,10.87,0.0208,4.0,24.0,24.0,12.5,76.35,76.35
830B,pass@8,4.0,7.0,7.0,11.0,11.0,18.0,27.65,62.27,3.14,195.7,10.87,0.0208,4.0,23.0,23.0,13.04,77.09,77.09
830B,pass@5,4.0,12.0,8.0,15.0,16.0,23.0,51.02,92.0,2.5,230.0,12.78,0.0307,4.0,24.0,24.0,16.67,77.49,77.49
830B,pass@12,4.0,7.0,7.0,11.0,11.0,18.0,27.65,62.27,3.14,195.7,10.87,0.0208,4.0,23.0,23.0,17.39,79.43,79.43
830B,pass@14,5.0,10.0,8.0,14.0,15.0,22.0,44.83,85.95,3.5,300.83,16.71,0.0287,5.0,24.0,24.0,20.83,79.39,79.39
830B,pass@15,3.0,6.0,6.0,9.0,9.0,15.0,20.26,47.55,2.25,106.98,5.94,0.0158,4.0,23.0,23.0,17.39,80.25,80.25
830B,pass@4,4.0,7.0,7.0,11.0,11.0,18.0,27.65,62.27,3.14,195.7,10.87,0.0208,4.0,24.0,24.0,16.67,78.68,78.68
830B,pass@3,4.0,8.0,8.0,13.0,12.0,21.0,32.0,75.28,3.25,244.67,13.59,0.0251,4.0,24.0,24.0,20.83,79.93,79.93
830B,pass@7,4.0,18.0,14.0,26.0,22.0,40.0,83.06,178.38,2.89,515.31,28.63,0.0595,4.0,25.0,25.0,20.0,76.58,76.58
830B,pass@13,4.0,21.0,13.0,26.0,25.0,39.0,100.24,181.11,2.48,448.46,24.91,0.0604,5.0,26.0,26.0,19.23,75.71,75.71
830B,pass@24,4.0,8.0,8.0,13.0,12.0,21.0,32.0,75.28,3.25,244.67,13.59,0.0251,4.0,23.0,23.0,4.35,68.86,68.86
830B,pass@23,4.0,8.0,8.0,13.0,12.0,21.0,32.0,75.28,3.25,244.67,13.59,0.0251,4.0,23.0,23.0,13.04,76.51,76.51
830B,pass@18,4.0,8.0,8.0,13.0,12.0,21.0,32.0,75.28,3.25,244.67,13.59,0.0251,4.0,23.0,23.0,4.35,68.86,68.86
830B,pass@19,4.0,11.0,9.0,15.0,15.0,24.0,46.05,93.77,2.73,255.72,14.21,0.0313,4.0,23.0,23.0,13.04,75.84,75.84
830B,pass@29,4.0,7.0,7.0,11.0,11.0,18.0,27.65,62.27,3.14,195.7,10.87,0.0208,4.0,23.0,23.0,4.35,69.44,69.44
830B,pass@25,4.0,7.0,7.0,11.0,11.0,18.0,27.65,62.27,3.14,195.7,10.87,0.0208,4.0,23.0,23.0,0.0,57.19,57.19
830B,pass@26,4.0,7.0,7.0,11.0,11.0,18.0,27.65,62.27,3.14,195.7,10.87,0.0208,4.0,23.0,23.0,4.35,69.44,69.44
830B,pass@17,4.0,8.0,7.0,11.0,12.0,18.0,32.0,64.53,2.75,177.46,9.86,0.0215,5.0,24.0,24.0,16.67,78.44,78.44
830B,pass@20,3.0,13.0,8.0,16.0,16.0,24.0,52.86,96.0,1.85,177.23,9.85,0.032,4.0,24.0,24.0,29.17,81.78,81.78
830B,pass@22,4.0,7.0,7.0,11.0,11.0,18.0,27.65,62.27,3.14,195.7,10.87,0.0208,4.0,24.0,24.0,12.5,76.35,76.35
830B,pass@30,4.0,7.0,7.0,11.0,11.0,18.0,27.65,62.27,3.14,195.7,10.87,0.0208,4.0,23.0,23.0,4.35,69.44,69.44
830B,pass@28,4.0,8.0,8.0,13.0,12.0,21.0,32.0,75.28,3.25,244.67,13.59,0.0251,4.0,24.0,24.0,16.67,78.1,78.1
830B,pass@21,3.0,6.0,6.0,9.0,9.0,15.0,20.26,47.55,2.25,106.98,5.94,0.0158,4.0,23.0,23.0,17.39,80.25,80.25
830B,pass@27,3.0,6.0,6.0,9.0,9.0,15.0,20.26,47.55,2.25,106.98,5.94,0.0158,4.0,23.0,23.0,17.39,80.25,80.25
830B,pass@31,4.0,18.0,14.0,27.0,22.0,41.0,83.06,182.84,3.0,548.51,30.47,0.0609,4.0,25.0,25.0,12.0,72.36,72.36
830B,pass@32,5.0,23.0,21.0,41.0,28.0,62.0,115.65,298.06,4.46,1328.29,73.79,0.0994,5.0,33.0,33.0,24.24,73.8,73.8
834A,pass@12,5.0,11.0,9.0,18.0,16.0,27.0,49.66,108.0,4.09,441.82,24.55,0.036,0.0,12.0,12.0,0.0,61.68,62.22
834A,pass@4,5.0,12.0,9.0,18.0,17.0,27.0,54.63,110.36,3.75,413.86,22.99,0.0368,0.0,11.0,11.0,0.0,62.44,62.98
834A,pass@9,5.0,12.0,9.0,18.0,17.0,27.0,54.63,110.36,3.75,413.86,22.99,0.0368,0.0,11.0,11.0,0.0,62.44,62.98
834A,pass@1,5.0,11.0,10.0,20.0,16.0,30.0,49.66,120.0,4.55,545.45,30.3,0.04,0.0,14.0,14.0,0.0,59.77,60.44
834A,pass@15,5.0,11.0,10.0,20.0,16.0,30.0,49.66,120.0,4.55,545.45,30.3,0.04,0.0,14.0,14.0,0.0,59.77,60.44
834A,pass@7,4.0,11.0,10.0,20.0,15.0,30.0,46.05,117.21,3.64,426.21,23.68,0.0391,0.0,17.0,17.0,0.0,58.0,58.67
834A,pass@13,5.0,11.0,10.0,20.0,16.0,30.0,49.66,120.0,4.55,545.45,30.3,0.04,0.0,16.0,16.0,0.0,58.5,59.17
834A,pass@8,5.0,11.0,9.0,18.0,16.0,27.0,49.66,108.0,4.09,441.82,24.55,0.036,0.0,12.0,12.0,0.0,61.68,62.22
834A,pass@5,5.0,11.0,10.0,20.0,16.0,30.0,49.66,120.0,4.55,545.45,30.3,0.04,0.0,14.0,14.0,0.0,59.77,60.44
834A,pass@3,5.0,12.0,10.0,20.0,17.0,30.0,54.63,122.62,4.17,510.93,28.39,0.0409,0.0,15.0,15.0,0.0,59.05,59.72
834A,pass@6,5.0,12.0,10.0,20.0,17.0,30.0,54.63,122.62,4.17,510.93,28.39,0.0409,0.0,13.0,13.0,0.0,60.4,61.08
834A,pass@2,5.0,11.0,10.0,20.0,16.0,30.0,49.66,120.0,4.55,545.45,30.3,0.04,0.0,17.0,17.0,0.0,57.93,58.6
834A,pass@16,5.0,13.0,10.0,20.0,18.0,30.0,59.72,125.1,3.85,481.15,26.73,0.0417,0.0,14.0,14.0,0.0,59.64,60.31
834A,pass@14,4.0,12.0,10.0,20.0,16.0,30.0,51.02,120.0,3.33,400.0,22.22,0.04,0.0,14.0,14.0,0.0,59.77,60.44
834A,pass@10,5.0,11.0,10.0,20.0,16.0,30.0,49.66,120.0,4.55,545.45,30.3,0.04,0.0,23.0,23.0,0.0,54.66,55.74
834A,pass@19,5.0,12.0,9.0,18.0,17.0,27.0,54.63,110.36,3.75,413.86,22.99,0.0368,0.0,11.0,11.0,0.0,62.44,62.98
834A,pass@20,5.0,11.0,10.0,20.0,16.0,30.0,49.66,120.0,4.55,545.45,30.3,0.04,0.0,14.0,14.0,0.0,59.77,60.44
834A,pass@17,5.0,12.0,10.0,20.0,17.0,30.0,54.63,122.62,4.17,510.93,28.39,0.0409,0.0,15.0,15.0,0.0,59.05,59.72
834A,pass@11,6.0,32.0,26.0,52.0,38.0,78.0,175.51,409.34,4.88,1995.52,110.86,0.1364,0.0,30.0,32.0,0.0,46.19,48.88
834A,pass@18,4.0,11.0,10.0,20.0,15.0,30.0,46.05,117.21,3.64,426.21,23.68,0.0391,0.0,17.0,17.0,0.0,58.0,58.67
834A,pass@22,5.0,11.0,10.0,20.0,16.0,30.0,49.66,120.0,4.55,545.45,30.3,0.04,0.0,14.0,14.0,0.0,59.77,60.44
834A,pass@24,5.0,11.0,10.0,20.0,16.0,30.0,49.66,120.0,4.55,545.45,30.3,0.04,0.0,14.0,14.0,0.0,59.77,60.44
834A,pass@21,4.0,11.0,10.0,20.0,15.0,30.0,46.05,117.21,3.64,426.21,23.68,0.0391,0.0,15.0,15.0,0.0,59.19,59.86
834A,pass@25,5.0,12.0,10.0,20.0,17.0,30.0,54.63,122.62,4.17,510.93,28.39,0.0409,0.0,15.0,15.0,0.0,59.05,59.72
834A,pass@28,4.0,12.0,10.0,20.0,16.0,30.0,51.02,120.0,3.33,400.0,22.22,0.04,0.0,14.0,14.0,0.0,59.77,60.44
834A,pass@29,5.0,11.0,10.0,20.0,16.0,30.0,49.66,120.0,4.55,545.45,30.3,0.04,0.0,14.0,14.0,0.0,59.77,60.44
834A,pass@26,5.0,11.0,10.0,20.0,16.0,30.0,49.66,120.0,4.55,545.45,30.3,0.04,0.0,14.0,14.0,0.0,59.77,60.44
834A,pass@31,5.0,11.0,10.0,20.0,16.0,30.0,49.66,120.0,4.55,545.45,30.3,0.04,0.0,14.0,14.0,0.0,59.77,60.44
834A,pass@27,4.0,12.0,10.0,20.0,16.0,30.0,51.02,120.0,3.33,400.0,22.22,0.04,0.0,16.0,16.0,0.0,58.5,59.17
834A,pass@23,4.0,11.0,10.0,20.0,15.0,30.0,46.05,117.21,3.64,426.21,23.68,0.0391,0.0,15.0,15.0,0.0,59.19,59.86
834A,pass@30,5.0,11.0,10.0,20.0,16.0,30.0,49.66,120.0,4.55,545.45,30.3,0.04,0.0,14.0,14.0,0.0,59.77,60.44
834A,pass@32,5.0,10.0,10.0,20.0,15.0,30.0,44.83,117.21,5.0,586.03,32.56,0.0391,5.0,17.0,17.0,0.0,58.0,58.0
835A,pass@7,3.0,12.0,8.0,16.0,15.0,24.0,47.77,93.77,2.0,187.53,10.42,0.0313,0.0,9.0,9.0,0.0,64.97,65.38
835A,pass@3,3.0,12.0,8.0,16.0,15.0,24.0,47.77,93.77,2.0,187.53,10.42,0.0313,0.0,9.0,9.0,0.0,64.97,65.38
835A,pass@6,3.0,12.0,8.0,16.0,15.0,24.0,47.77,93.77,2.0,187.53,10.42,0.0313,0.0,9.0,9.0,0.0,64.97,65.38
835A,pass@4,3.0,12.0,8.0,16.0,15.0,24.0,47.77,93.77,2.0,187.53,10.42,0.0313,0.0,9.0,9.0,0.0,64.97,65.38
835A,pass@1,3.0,12.0,8.0,16.0,15.0,24.0,47.77,93.77,2.0,187.53,10.42,0.0313,0.0,9.0,9.0,0.0,64.97,65.38
835A,pass@12,3.0,12.0,8.0,16.0,15.0,24.0,47.77,93.77,2.0,187.53,10.42,0.0313,0.0,9.0,9.0,0.0,64.97,65.38
835A,pass@5,3.0,12.0,8.0,16.0,15.0,24.0,47.77,93.77,2.0,187.53,10.42,0.0313,0.0,9.0,9.0,0.0,64.97,65.38
835A,pass@10,3.0,12.0,8.0,16.0,15.0,24.0,47.77,93.77,2.0,187.53,10.42,0.0313,0.0,9.0,9.0,0.0,64.97,65.38
835A,pass@15,3.0,12.0,8.0,16.0,15.0,24.0,47.77,93.77,2.0,187.53,10.42,0.0313,0.0,9.0,9.0,0.0,64.97,65.38
835A,pass@11,3.0,12.0,8.0,16.0,15.0,24.0,47.77,93.77,2.0,187.53,10.42,0.0313,0.0,9.0,9.0,0.0,64.97,65.38
835A,pass@9,3.0,12.0,8.0,16.0,15.0,24.0,47.77,93.77,2.0,187.53,10.42,0.0313,0.0,9.0,9.0,0.0,64.97,65.38
835A,pass@13,3.0,12.0,8.0,16.0,15.0,24.0,47.77,93.77,2.0,187.53,10.42,0.0313,0.0,9.0,9.0,0.0,64.97,65.38
835A,pass@16,3.0,12.0,8.0,16.0,15.0,24.0,47.77,93.77,2.0,187.53,10.42,0.0313,0.0,9.0,9.0,0.0,64.97,65.38
835A,pass@8,3.0,12.0,8.0,16.0,15.0,24.0,47.77,93.77,2.0,187.53,10.42,0.0313,0.0,9.0,9.0,0.0,64.97,65.38
835A,pass@14,3.0,12.0,8.0,16.0,15.0,24.0,47.77,93.77,2.0,187.53,10.42,0.0313,0.0,9.0,9.0,0.0,64.97,65.38
835A,pass@2,3.0,12.0,8.0,16.0,15.0,24.0,47.77,93.77,2.0,187.53,10.42,0.0313,0.0,9.0,9.0,0.0,64.97,65.38
835A,pass@19,3.0,12.0,8.0,16.0,15.0,24.0,47.77,93.77,2.0,187.53,10.42,0.0313,0.0,9.0,9.0,0.0,64.97,65.38
835A,pass@18,3.0,12.0,8.0,16.0,15.0,24.0,47.77,93.77,2.0,187.53,10.42,0.0313,0.0,9.0,9.0,0.0,64.97,65.38
835A,pass@17,3.0,12.0,8.0,16.0,15.0,24.0,47.77,93.77,2.0,187.53,10.42,0.0313,0.0,9.0,9.0,0.0,64.97,65.38
835A,pass@20,3.0,12.0,8.0,16.0,15.0,24.0,47.77,93.77,2.0,187.53,10.42,0.0313,0.0,9.0,9.0,0.0,64.97,65.38
835A,pass@22,3.0,12.0,8.0,16.0,15.0,24.0,47.77,93.77,2.0,187.53,10.42,0.0313,0.0,9.0,9.0,0.0,64.97,65.38
835A,pass@27,3.0,12.0,8.0,16.0,15.0,24.0,47.77,93.77,2.0,187.53,10.42,0.0313,0.0,9.0,9.0,0.0,64.97,65.38
835A,pass@25,3.0,12.0,8.0,16.0,15.0,24.0,47.77,93.77,2.0,187.53,10.42,0.0313,0.0,9.0,9.0,0.0,64.97,65.38
835A,pass@24,3.0,12.0,8.0,16.0,15.0,24.0,47.77,93.77,2.0,187.53,10.42,0.0313,0.0,9.0,9.0,0.0,64.97,65.38
835A,pass@26,3.0,12.0,8.0,16.0,15.0,24.0,47.77,93.77,2.0,187.53,10.42,0.0313,0.0,9.0,9.0,0.0,64.97,65.38
835A,pass@28,3.0,12.0,8.0,16.0,15.0,24.0,47.77,93.77,2.0,187.53,10.42,0.0313,0.0,9.0,9.0,0.0,64.97,65.38
835A,pass@31,3.0,12.0,8.0,16.0,15.0,24.0,47.77,93.77,2.0,187.53,10.42,0.0313,0.0,9.0,9.0,0.0,64.97,65.38
835A,pass@29,3.0,12.0,8.0,16.0,15.0,24.0,47.77,93.77,2.0,187.53,10.42,0.0313,0.0,9.0,9.0,0.0,64.97,65.38
835A,pass@32,3.0,12.0,8.0,16.0,15.0,24.0,47.77,93.77,2.0,187.53,10.42,0.0313,0.0,9.0,9.0,0.0,64.97,65.38
835A,pass@21,3.0,12.0,8.0,16.0,15.0,24.0,47.77,93.77,2.0,187.53,10.42,0.0313,0.0,9.0,9.0,0.0,64.97,65.38
835A,pass@23,3.0,12.0,8.0,16.0,15.0,24.0,47.77,93.77,2.0,187.53,10.42,0.0313,0.0,9.0,9.0,0.0,64.97,65.38
835A,pass@30,3.0,12.0,8.0,16.0,15.0,24.0,47.77,93.77,2.0,187.53,10.42,0.0313,0.0,9.0,9.0,0.0,64.97,65.38
835E,pass@16,10.0,21.0,27.0,51.0,31.0,78.0,125.46,386.43,12.14,4692.33,260.69,0.1288,13.0,36.0,36.0,0.0,46.05,46.19
835E,pass@2,9.0,22.0,26.0,50.0,31.0,76.0,126.64,376.52,10.23,3850.76,213.93,0.1255,15.0,44.0,44.0,0.0,43.96,44.1
835E,pass@1,12.0,26.0,29.0,56.0,38.0,85.0,165.23,446.07,12.92,5764.65,320.26,0.1487,16.0,43.0,43.0,0.0,43.53,43.66
835E,pass@8,11.0,26.0,29.0,56.0,37.0,85.0,160.27,442.8,11.85,5245.52,291.42,0.1476,16.0,43.0,43.0,0.0,43.55,43.69
835E,pass@10,10.0,25.0,22.0,40.0,35.0,62.0,149.32,318.02,8.0,2544.12,141.34,0.106,12.0,40.0,40.0,0.0,45.78,45.92
835E,pass@6,11.0,23.0,28.0,52.0,34.0,80.0,142.1,407.0,12.43,5060.92,281.16,0.1357,16.0,46.0,46.0,6.52,57.93,58.06
835E,pass@3,12.0,28.0,30.0,56.0,40.0,86.0,177.63,457.69,12.0,5492.23,305.12,0.1526,18.0,46.0,46.0,0.0,42.54,42.68
835E,pass@9,12.0,34.0,38.0,74.0,46.0,112.0,215.99,618.64,13.06,8078.7,448.82,0.2062,18.0,47.0,47.0,0.0,41.42,41.56
835E,pass@12,13.0,45.0,46.0,89.0,58.0,135.0,295.24,790.83,12.86,10166.53,564.81,0.2636,20.0,40.0,40.0,0.0,41.94,42.07
835E,pass@13,13.0,33.0,37.0,73.0,46.0,110.0,214.57,607.59,14.38,8736.43,485.36,0.2025,17.0,50.0,51.0,0.0,40.84,40.97
835E,pass@4,11.0,40.0,43.0,84.0,51.0,127.0,250.93,720.4,11.55,8320.6,462.26,0.2401,18.0,49.0,49.0,0.0,40.57,40.7
835E,pass@15,13.0,40.0,36.0,72.0,53.0,108.0,260.98,618.62,11.7,7237.8,402.1,0.2062,12.0,48.0,49.0,10.42,59.97,60.1
835E,pass@11,11.0,32.0,30.0,58.0,43.0,88.0,198.05,477.51,9.97,4760.19,264.46,0.1592,15.0,60.0,61.0,0.0,40.14,40.28
835E,pass@5,11.0,45.0,51.0,101.0,56.0,152.0,285.19,882.72,12.34,10896.66,605.37,0.2942,21.0,63.0,63.0,0.0,37.16,37.3
835E,pass@21,8.0,21.0,21.0,42.0,29.0,63.0,116.24,306.05,8.0,2448.42,136.02,0.102,10.0,28.0,28.0,0.0,49.55,49.68
835E,pass@17,10.0,26.0,29.0,56.0,36.0,85.0,155.43,439.44,10.77,4732.47,262.91,0.1465,13.0,40.0,40.0,0.0,44.66,44.8
835E,pass@18,10.0,25.0,29.0,56.0,35.0,85.0,149.32,435.99,11.2,4883.08,271.28,0.1453,16.0,41.0,41.0,0.0,44.05,44.19
835E,pass@19,10.0,31.0,34.0,66.0,41.0,100.0,186.8,535.76,10.65,5703.2,316.84,0.1786,17.0,43.0,43.0,0.0,42.97,42.97
835E,pass@26,9.0,23.0,25.0,48.0,32.0,73.0,132.57,365.0,9.39,3427.83,190.43,0.1217,12.0,35.0,35.0,0.0,46.63,46.76
835E,pass@23,12.0,32.0,33.0,64.0,44.0,97.0,203.02,529.56,12.0,6354.78,353.04,0.1765,15.0,47.0,47.0,0.0,42.3,42.43
835E,pass@24,12.0,34.0,38.0,74.0,46.0,112.0,215.99,618.64,13.06,8078.7,448.82,0.2062,18.0,49.0,49.0,0.0,41.03,41.16
835E,pass@22,9.0,29.0,35.0,68.0,38.0,103.0,169.41,540.54,10.55,5703.59,316.87,0.1802,20.0,56.0,56.0,0.0,39.91,40.04
835E,pass@30,9.0,20.0,23.0,44.0,29.0,67.0,114.97,325.48,9.9,3222.3,179.02,0.1085,12.0,32.0,32.0,0.0,47.96,47.96
835E,pass@29,14.0,37.0,32.0,63.0,51.0,95.0,246.05,538.88,11.92,6422.87,356.83,0.1796,17.0,35.0,35.0,0.0,44.77,44.91
835E,pass@20,13.0,37.0,44.0,84.0,50.0,128.0,240.86,722.41,14.76,10660.48,592.25,0.2408,23.0,59.0,59.0,10.17,56.07,56.21
835E,pass@7,14.0,56.0,93.0,174.0,70.0,267.0,378.51,1636.52,21.75,35594.28,1977.46,0.5455,39.0,143.0,148.0,11.19,43.46,43.59
835E,pass@32,12.0,29.0,33.0,59.0,41.0,92.0,183.9,492.89,12.21,6016.72,334.26,0.1643,17.0,47.0,47.0,19.15,65.28,65.41
835E,pass@27,13.0,53.0,67.0,128.0,66.0,195.0,351.69,1178.66,15.7,18502.69,1027.93,0.3929,29.0,105.0,109.0,15.24,51.17,51.3
835E,pass@14,13.0,30.0,39.0,72.0,43.0,111.0,195.31,602.32,15.6,9396.12,522.01,0.2008,20.0,61.0,61.0,121.31,60.91,61.05
838D,pass@8,6.0,19.0,16.0,32.0,25.0,48.0,96.22,222.91,5.05,1126.26,62.57,0.0743,0.0,13.0,13.0,0.0,58.72,59.26
838D,pass@9,6.0,21.0,23.0,46.0,27.0,69.0,107.75,328.09,6.57,2156.0,119.78,0.1094,0.0,19.0,19.0,5.26,67.06,67.87
838D,pass@3,9.0,46.0,44.0,87.0,55.0,131.0,282.61,757.36,8.51,6445.78,358.1,0.2525,4.0,25.0,25.0,4.0,60.04,60.58
838D,pass@15,9.0,49.0,47.0,93.0,58.0,140.0,303.65,820.12,8.54,7004.47,389.14,0.2734,4.0,26.0,26.0,3.85,59.21,59.75
838D,pass@2,9.0,48.0,45.0,89.0,57.0,134.0,296.61,781.61,8.34,6521.54,362.31,0.2605,4.0,25.0,25.0,8.0,64.34,64.88
838D,pass@10,9.0,50.0,48.0,95.0,59.0,143.0,310.72,841.22,8.55,7192.41,399.58,0.2804,4.0,27.0,27.0,3.7,58.57,59.11
838D,pass@1,9.0,52.0,52.0,103.0,61.0,155.0,324.95,919.26,8.91,8193.83,455.21,0.3064,4.0,28.0,28.0,3.57,57.77,58.3
838D,pass@13,9.0,50.0,49.0,97.0,59.0,146.0,310.72,858.87,8.73,7497.9,416.55,0.2863,4.0,27.0,27.0,7.41,62.79,63.32
838D,pass@5,9.0,52.0,52.0,103.0,61.0,155.0,324.95,919.26,8.91,8193.83,455.21,0.3064,4.0,27.0,27.0,3.7,58.3,58.84
838D,pass@16,9.0,47.0,46.0,91.0,56.0,137.0,289.6,795.61,8.71,6931.94,385.11,0.2652,4.0,26.0,26.0,7.69,63.64,64.18
838D,pass@6,9.0,50.0,49.0,97.0,59.0,146.0,310.72,858.87,8.73,7497.9,416.55,0.2863,4.0,26.0,26.0,3.85,59.07,59.61
838D,pass@14,9.0,52.0,51.0,101.0,61.0,152.0,324.95,901.47,8.74,7879.21,437.73,0.3005,4.0,28.0,28.0,3.57,57.82,58.36
838D,pass@17,6.0,21.0,20.0,40.0,27.0,60.0,107.75,285.29,5.71,1630.25,90.57,0.0951,0.0,15.0,15.0,0.0,56.61,57.15
838D,pass@12,9.0,52.0,48.0,95.0,61.0,143.0,324.95,848.1,8.22,6972.32,387.35,0.2827,4.0,28.0,28.0,3.57,57.88,58.55
838D,pass@7,9.0,48.0,46.0,91.0,57.0,137.0,296.61,799.11,8.53,6817.37,378.74,0.2664,4.0,26.0,26.0,7.69,63.63,64.17
838D,pass@11,9.0,53.0,53.0,105.0,62.0,158.0,332.11,940.76,8.92,8386.99,465.94,0.3136,4.0,27.0,27.0,3.7,58.23,58.77
838D,pass@19,6.0,24.0,22.0,44.0,30.0,66.0,125.55,323.85,5.5,1781.2,98.96,0.108,4.0,23.0,23.0,4.35,64.42,64.42
838D,pass@18,9.0,49.0,49.0,97.0,58.0,146.0,303.65,855.27,8.91,7618.84,423.27,0.2851,4.0,26.0,26.0,3.85,59.08,59.62
838D,pass@29,7.0,25.0,23.0,46.0,32.0,69.0,135.75,345.0,6.44,2221.8,123.43,0.115,0.0,23.0,23.0,8.7,68.63,69.3
838D,pass@21,9.0,47.0,47.0,93.0,56.0,140.0,289.6,813.03,8.9,7239.42,402.19,0.271,4.0,26.0,26.0,7.69,63.58,64.11
838D,pass@27,9.0,44.0,41.0,81.0,53.0,122.0,268.74,698.81,8.28,5788.97,321.61,0.2329,4.0,24.0,24.0,8.33,65.37,65.9
838D,pass@23,9.0,48.0,46.0,91.0,57.0,137.0,296.61,799.11,8.53,6817.37,378.74,0.2664,4.0,26.0,26.0,3.85,59.29,59.83
838D,pass@26,9.0,50.0,51.0,101.0,59.0,152.0,310.72,894.16,9.09,8127.93,451.55,0.2981,4.0,27.0,27.0,3.7,58.39,58.93
838D,pass@22,9.0,50.0,49.0,97.0,59.0,146.0,310.72,858.87,8.73,7497.9,416.55,0.2863,4.0,26.0,26.0,3.85,59.07,59.61
838D,pass@20,10.0,55.0,54.0,107.0,65.0,161.0,351.19,969.6,9.73,9431.58,523.98,0.3232,8.0,36.0,36.0,2.78,53.96,53.96
838D,pass@4,9.0,56.0,59.0,117.0,65.0,176.0,353.74,1059.94,9.4,9965.3,553.63,0.3533,4.0,33.0,33.0,57.58,73.72,74.39
838D,pass@30,9.0,48.0,46.0,91.0,57.0,137.0,296.61,799.11,8.53,6817.37,378.74,0.2664,4.0,26.0,26.0,11.54,66.66,67.19
838D,pass@25,9.0,57.0,55.0,109.0,66.0,164.0,361.0,991.28,8.61,8530.23,473.9,0.3304,4.0,31.0,31.0,3.23,55.91,56.58
838D,pass@24,9.0,53.0,53.0,105.0,62.0,158.0,332.11,940.76,8.92,8386.99,465.94,0.3136,7.0,35.0,35.0,2.86,54.59,54.59
838D,pass@31,9.0,51.0,50.0,99.0,60.0,149.0,317.82,880.13,8.74,7688.17,427.12,0.2934,4.0,27.0,27.0,3.7,58.44,58.97
838D,pass@32,9.0,48.0,46.0,91.0,57.0,137.0,296.61,799.11,8.53,6817.37,378.74,0.2664,5.0,29.0,29.0,3.45,58.08,58.08
838D,pass@28,9.0,52.0,52.0,103.0,61.0,155.0,324.95,919.26,8.91,8193.83,455.21,0.3064,7.0,36.0,36.0,2.78,54.26,54.26
839C,pass@3,5.0,9.0,7.0,14.0,14.0,21.0,40.14,79.95,3.89,310.93,17.27,0.0267,8.0,22.0,22.0,0.0,56.32,56.32
839C,pass@4,5.0,11.0,10.0,18.0,16.0,28.0,49.66,112.0,4.09,458.18,25.45,0.0373,8.0,27.0,27.0,0.0,53.35,53.35
839C,pass@11,7.0,10.0,9.0,16.0,17.0,25.0,52.87,102.19,5.6,572.24,31.79,0.0341,8.0,25.0,25.0,0.0,54.36,54.36
839C,pass@6,5.0,11.0,10.0,18.0,16.0,28.0,49.66,112.0,4.09,458.18,25.45,0.0373,8.0,27.0,27.0,0.0,53.35,53.35
839C,pass@12,5.0,11.0,10.0,18.0,16.0,28.0,49.66,112.0,4.09,458.18,25.45,0.0373,8.0,26.0,26.0,0.0,53.71,53.71
839C,pass@7,8.0,14.0,12.0,24.0,22.0,36.0,77.3,160.54,6.86,1100.84,61.16,0.0535,11.0,25.0,25.0,0.0,52.58,52.58
839C,pass@15,5.0,11.0,10.0,18.0,16.0,28.0,49.66,112.0,4.09,458.18,25.45,0.0373,8.0,28.0,28.0,0.0,53.01,53.01
839C,pass@10,5.0,11.0,10.0,18.0,16.0,28.0,49.66,112.0,4.09,458.18,25.45,0.0373,8.0,28.0,28.0,0.0,53.01,53.01
839C,pass@8,5.0,11.0,10.0,18.0,16.0,28.0,49.66,112.0,4.09,458.18,25.45,0.0373,8.0,27.0,27.0,0.0,53.35,53.35
839C,pass@13,5.0,11.0,10.0,18.0,16.0,28.0,49.66,112.0,4.09,458.18,25.45,0.0373,8.0,27.0,27.0,0.0,53.35,53.35
839C,pass@2,7.0,10.0,9.0,16.0,17.0,25.0,52.87,102.19,5.6,572.24,31.79,0.0341,8.0,22.0,22.0,0.0,55.57,55.57
839C,pass@16,5.0,11.0,10.0,18.0,16.0,28.0,49.66,112.0,4.09,458.18,25.45,0.0373,8.0,27.0,27.0,0.0,53.35,53.35
839C,pass@9,7.0,16.0,12.0,22.0,23.0,34.0,83.65,153.8,4.81,740.17,41.12,0.0513,9.0,27.0,27.0,7.41,67.88,67.88
839C,pass@5,6.0,18.0,16.0,30.0,24.0,46.0,90.57,210.91,5.0,1054.54,58.59,0.0703,9.0,33.0,33.0,0.0,49.39,49.39
839C,pass@14,6.0,18.0,16.0,30.0,24.0,46.0,90.57,210.91,5.0,1054.54,58.59,0.0703,9.0,33.0,33.0,0.0,49.39,49.39
839C,pass@1,6.0,18.0,16.0,30.0,24.0,46.0,90.57,210.91,5.0,1054.54,58.59,0.0703,9.0,33.0,33.0,0.0,49.39,49.39
839C,pass@17,6.0,10.0,8.0,15.0,16.0,23.0,48.73,92.0,4.5,414.0,23.0,0.0307,8.0,22.0,22.0,0.0,55.89,55.89
839C,pass@20,7.0,10.0,9.0,16.0,17.0,25.0,52.87,102.19,5.6,572.24,31.79,0.0341,8.0,22.0,22.0,0.0,55.57,55.57
839C,pass@18,5.0,11.0,10.0,18.0,16.0,28.0,49.66,112.0,4.09,458.18,25.45,0.0373,8.0,27.0,27.0,0.0,53.35,53.35
839C,pass@24,7.0,10.0,9.0,16.0,17.0,25.0,52.87,102.19,5.6,572.24,31.79,0.0341,8.0,22.0,22.0,0.0,55.57,55.57
839C,pass@22,7.0,12.0,11.0,22.0,19.0,33.0,62.67,140.18,6.42,899.5,49.97,0.0467,10.0,25.0,25.0,0.0,53.13,53.13
839C,pass@26,5.0,11.0,10.0,18.0,16.0,28.0,49.66,112.0,4.09,458.18,25.45,0.0373,8.0,27.0,27.0,0.0,53.35,53.35
839C,pass@30,7.0,10.0,9.0,16.0,17.0,25.0,52.87,102.19,5.6,572.24,31.79,0.0341,8.0,22.0,22.0,0.0,55.57,55.57
839C,pass@23,5.0,11.0,10.0,18.0,16.0,28.0,49.66,112.0,4.09,458.18,25.45,0.0373,8.0,27.0,27.0,0.0,53.35,53.35
839C,pass@27,5.0,11.0,10.0,18.0,16.0,28.0,49.66,112.0,4.09,458.18,25.45,0.0373,8.0,27.0,27.0,0.0,53.35,53.35
839C,pass@19,6.0,18.0,16.0,30.0,24.0,46.0,90.57,210.91,5.0,1054.54,58.59,0.0703,9.0,33.0,33.0,0.0,49.39,49.39
839C,pass@21,6.0,18.0,16.0,30.0,24.0,46.0,90.57,210.91,5.0,1054.54,58.59,0.0703,9.0,33.0,33.0,0.0,49.39,49.39
839C,pass@31,5.0,11.0,10.0,18.0,16.0,28.0,49.66,112.0,4.09,458.18,25.45,0.0373,8.0,28.0,28.0,0.0,53.01,53.01
839C,pass@32,6.0,11.0,8.0,16.0,17.0,24.0,53.56,98.1,4.36,428.07,23.78,0.0327,8.0,23.0,23.0,0.0,55.27,55.27
839C,pass@29,5.0,11.0,10.0,18.0,16.0,28.0,49.66,112.0,4.09,458.18,25.45,0.0373,8.0,28.0,28.0,0.0,53.01,53.01
839C,pass@28,6.0,18.0,16.0,30.0,24.0,46.0,90.57,210.91,5.0,1054.54,58.59,0.0703,9.0,33.0,33.0,0.0,49.39,49.39
104B,mean,3.0,8.0,5.0,10.0,11.0,15.0,28.75,51.89,1.88,97.3,5.41,0.0173,0.0,7.0,7.0,0.0,69.29,69.56
104B,var,0.0,0.0,0.0,0.0,0.0,0.0,0.0,0.0,0.0,0.0,0.0,0.0,0.0,0.0,0.0,0.0,0.0,0.0
105C,mean,7.548387096774194,70.09677419354838,57.645161290322584,107.90322580645162,77.64516129032258,165.5483870967742,460.993870967742,1064.8387096774193,5.7454838709677425,6992.106451612904,388.44999999999993,0.35494838709677423,11.64516129032258,155.74193548387098,149.1290322580645,11.562580645161292,41.83612903225806,48.53483870967743
105C,var,2.6347554630593133,1003.8293444328822,900.6160249739854,3269.8293444328824,1077.5837669094692,7588.570239334028,65621.49113340271,458517.020966077,2.7913279916753386,48090585.111145474,148428.04163870963,0.050949445723205006,519.4547346514049,1596.449531737773,1659.2091571279914,23.65046430801248,77.14142372528615,58.925644328824134
106B,mean,5.03125,13.78125,7.40625,14.78125,18.8125,22.1875,63.93781249999999,93.99781250000001,2.7006249999999996,253.87812499999998,14.106874999999999,0.031346874999999996,0.0,21.25,20.03125,0.0,56.4346875,57.8071875
106B,var,0.0302734375,0.9208984375,0.2412109375,0.9208984375,0.90234375,2.08984375,24.792160839843724,59.90365458984383,0.019693359374999997,630.2063089843755,1.9460464843749994,6.694990234374996e-06,0.0,2.125,0.9052734375,0.0,0.7191436523437501,0.4550889648437508
108D,mean,5.625,13.78125,14.4375,27.8125,19.40625,42.25,66.46125,180.99124999999998,5.737187500000001,1040.5471875,57.806562500000005,0.06033437500000001,3.78125,21.0,21.0,13.196875,73.608125,73.71718750000001
108D,var,0.296875,4.5458984375,2.18359375,8.65234375,5.6787109375,19.5,140.74249218750003,636.5936296875,0.57057021484375,40740.13109521485,125.73595380859379,7.0682880859375e-05,4.1083984375,6.625,6.625,58.92829648437501,27.935902734374995,29.29117646484376
10B,mean,8.5625,26.9375,31.65625,57.40625,35.5,89.0625,155.27937500000002,460.58187499999997,9.14375,4248.8740625,236.04874999999998,0.1535125,17.03125,44.28125,44.25,13.0903125,62.915,62.9571875
10B,var,0.37109375,34.30859375,35.5380859375,137.2412109375,38.5625,311.62109375,1673.868618359375,14798.331565234379,0.5054984375,1996720.634905371,6162.692404687501,0.0016450179687499998,15.0927734375,41.5771484375,39.6875,13.406278027343749,4.156675,4.471638964843751
10D,mean,8.548387096774194,25.096774193548388,32.645161290322584,63.0,33.645161290322584,95.64516129032258,143.30354838709678,485.3638709677419,10.737741935483871,5236.431935483871,290.911935483871,0.16178064516129032,2.6129032258064515,38.064516129032256,38.064516129032256,1.4661290322580647,48.73032258064516,50.17935483870968
10D,var,0.4412070759625392,4.280957336108221,7.261186264308012,25.29032258064516,5.9063475546305915,58.42247658688867,206.68015192507812,2116.9281592091575,0.9443400624349636,661842.4746994799,2042.8605252861598,0.0002347983350676379,28.6888657648283,3.1571279916753383,3.1571279916753383,5.467114047866805,37.91417731529656,39.39029635796047
116A,mean,3.0,4.65625,3.0,6.0,7.65625,9.0,15.119062499999998,26.4053125,1.9546875,51.4359375,2.858125,0.00879375,0.0,9.34375,9.34375,0.0,68.48500000000001,68.88843750000001
116A,var,0.0,0.2255859375,0.0,0.0,0.2255859375,0.0,2.9398584960937493,0.6751561523437504,0.04568115234374999,15.35394287109375,0.047733984374999996,8.121093749999996e-08,0.0,0.2255859375,0.2255859375,0.0,0.14437500000000408,0.14078818359374715
116B,mean,6.03125,18.0625,12.03125,21.0625,24.09375,33.09375,91.05499999999999,151.92125000000001,3.5165625,534.5418749999999,29.696875000000002,0.050609375,0.0,13.03125,13.03125,22.35875,82.94718750000001,84.1696875
116B,var,0.0302734375,0.12109375,0.0302734375,0.12109375,0.2724609375,0.2724609375,7.29197500000001,11.964498437499993,0.008503808593750009,769.3914339843757,2.3764527343749995,1.358974609374999e-06,0.0,0.0302734375,0.0302734375,16.1262484375,20.480588964843758,19.85550302734375
119B,mean,7.59375,17.65625,13.875,25.5625,25.25,39.4375,95.94624999999999,184.9478125,5.504375,1071.28625,59.515625,0.061649999999999996,0.0,36.03125,38.3125,16.8296875,67.89125,69.483125
119B,var,1.5537109375,10.7255859375,10.046875,36.49609375,18.4375,84.37109375,503.68267968749996,2629.5268170898435,1.528387109375,232211.3787921875,716.712555859375,0.00029222875,0.0,23.5302734375,25.40234375,313.1171030273437,15.66031093749999,16.135908984375
121C,mean,12.064516129032258,27.774193548387096,31.258064516129032,60.16129032258065,39.83870967741935,91.41935483870968,176.91612903225806,486.62451612903226,13.127741935483868,6436.798064516131,357.6003225806452,0.16220967741935485,17.29032258064516,54.096774193548384,54.096774193548384,16.541290322580643,62.99580645161291,62.861290322580636
121C,var,0.7700312174817896,13.142559833506764,12.449531737773155,51.748178980228914,17.29656607700312,114.82414151925079,652.7614301768991,4901.414476378772,2.0718045785639956,2067469.4330994799,6380.976151508845,0.0005449821644120707,4.657648283038502,32.474505723205,32.474505723205,6.467546722164412,4.106701768990635,4.104759625390219
125B,mean,5.03125,14.8125,14.53125,29.0625,19.84375,43.59375,69.35375,187.919375,4.9506250000000005,933.8303125,51.877812500000005,0.06263125,0.0,17.625,19.625,0.0,55.385,55.932500000000005
125B,var,0.0302734375,0.46484375,0.6865234375,2.74609375,0.5693359375,6.1787109375,15.2590921875,144.553580859375,0.19252460937500002,21418.46927802734,66.09638583984373,1.6098398437500004e-05,0.0,4.609375,4.609375,0.0,1.2579062499999982,1.192331249999998
128B,mean,4.0,9.96875,8.96875,17.9375,13.96875,26.90625,41.0734375,102.36281249999999,3.59875,368.37312499999996,20.465624999999996,0.034153125,0.1875,21.90625,21.9375,4.9540625,65.741875,66.644375
128B,var,0.0,0.0302734375,0.0302734375,0.12109375,0.0302734375,0.2724609375,0.6658975585937492,5.925120214843745,4.8437500000000086e-05,89.26092773437503,0.2761058593749999,6.687402343749987e-07,1.08984375,1.0849609375,0.99609375,21.700986621093755,58.19762148437501,58.74619335937497
128D,mean,8.548387096774194,23.225806451612904,19.06451612903226,36.41935483870968,31.774193548387096,55.483870967741936,133.8967741935484,280.90225806451616,6.7235483870967725,1982.0183870967742,110.11258064516129,0.09364193548387095,13.290322580645162,38.225806451612904,38.225806451612904,1.3190322580645162,49.803548387096775,49.99870967741935
128D,var,1.9895941727367326,64.36836628511966,42.06035379812695,145.92091571279917,83.52965660770032,343.7981269510927,2967.425912174818,13970.921688449525,1.2307583766909473,1218256.0028135274,3760.0912255983344,0.0015532108220603538,30.399583766909473,35.33610822060355,35.33610822060355,7.864363579604578,34.24878418314257,38.7076951092612
129A,mean,4.0,8.0,4.0,8.0,12.0,12.0,32.0,43.02,2.0,86.04,4.78,0.0143,0.0,8.0,8.0,0.0,68.46,68.86
129A,var,0.0,0.0,0.0,0.0,0.0,0.0,0.0,0.0,0.0,0.0,0.0,0.0,0.0,0.0,0.0,0.0,0.0,0.0
129E,mean,8.6875,38.71875,35.3125,69.90625,47.40625,105.21875,232.28843750000001,588.9384375,7.802499999999999,4700.9984375,261.1665625,0.19629999999999997,3.3125,17.96875,17.96875,4.2046874999999995,63.0275,63.564687500000005
129E,var,0.33984375,45.8896484375,55.15234375,207.8349609375,53.1787109375,477.1083984375,2185.816950683594,19819.597763183596,0.6103937499999997,2036334.9096506832,6285.224085058594,0.002201753125,2.21484375,5.9052734375,5.9052734375,5.175256152343749,19.769993750000005,19.91289365234376
135C,mean,7.258064516129032,42.96774193548387,40.193548387096776,78.74193548387096,50.225806451612904,118.93548387096774,260.9174193548387,693.1848387096774,6.56,5274.955483870968,293.0532258064517,0.23105483870967744,1.7096774193548387,34.45161290322581,34.38709677419355,62.63806451612903,72.4767741935484,74.67548387096774
135C,var,4.062434963579603,407.90218522372527,436.09157127991665,1712.1914672216444,469.5941727367325,3867.995837669095,21828.69731592092,186173.79361207076,4.713645161290323,22799658.16386347,70369.13186701352,0.02068508505723205,22.33506763787721,187.02185223725283,182.04370447450572,934.8677317377733,35.32207346514048,29.150502185223733
13A,mean,5.0,11.0,8.0625,16.125,16.0,24.1875,49.66,96.75,3.668125,354.885625,19.7125,0.03225,2.0,15.9375,15.9375,0.0,59.465625,59.59625
13A,var,0.0,0.0,0.05859375,0.234375,0.0,0.52734375,0.0,8.4375,0.011865234374999985,503.83903710937517,1.56009375,9.374999999999983e-07,0.0,0.05859375,0.05859375,0.0,0.003662109375,0.003960937500000156
144A,mean,4.0625,12.125,11.09375,21.15625,16.1875,32.25,51.881875,129.5625,3.5484375000000004,461.50187500000004,25.64,0.04321562500000001,0.0,11.21875,12.125,2.0784374999999997,64.7875,65.1021875
144A,var,0.05859375,0.109375,0.2724609375,0.5693359375,0.27734375,1.625,5.607052734374993,41.90586249999998,0.08384443359375003,4353.065702734375,13.432837500000003,4.591318359374999e-06,0.0,4.2333984375,3.359375,20.68505068359375,42.86291875000002,44.02411083984373
147A,mean,0.03125,0.0625,0.03125,0.0625,0.09375,0.09375,0.0625,0.1484375,0.015625,0.074375,0.0040625,5e-05,0.0,5.71875,5.75,46.6665625,100.0,100.0
147A,var,0.0302734375,0.12109375,0.0302734375,0.12109375,0.2724609375,0.2724609375,0.12109375,0.68304443359375,0.007568359375,0.171480859375,0.00051162109375,7.750000000000001e-08,0.0,0.2021484375,0.1875,43.06527880859375,0.0,0.0
14B,mean,4.75,4.9375,6.53125,11.96875,9.6875,18.5,22.5125,60.6346875,5.810625,358.3165625,19.904062500000002,0.0202125,0.0,15.65625,15.65625,2.0396875,65.23031250000001,66.171875
14B,var,1.1875,2.24609375,0.8740234375,2.5927734375,6.52734375,6.4375,101.62896249999997,242.17926240234377,0.244724609375,15466.618603808593,47.74959912109375,2.6916718749999992e-05,0.0,1.2880859375,1.2880859375,9.298009277343748,43.29739052734372,43.317377734374986
151A,mean,2.0,10.0625,5.0625,10.125,12.0625,15.1875,35.52625,54.588125000000005,1.0053125,55.0046875,3.0584375,0.018175,0.0,6.96875,6.96875,0.0,69.31812500000001,69.4578125
151A,var,0.0,0.12109375,0.12109375,0.484375,0.12109375,1.08984375,2.9074609375000025,20.749183984375,0.0008749023437499992,47.25804990234375,0.14519443359374992,2.344375000000001e-06,0.0,0.0302734375,0.0302734375,0.0,0.0020464843749998566,0.00189208984375
15E,mean,6.838709677419355,30.161290322580644,27.677419354838708,55.0,37.0,82.6774193548387,169.67387096774195,439.7877419354839,6.213870967741935,3200.4248387096773,177.80129032258068,0.14658709677419354,1.4193548387096775,20.258064516129032,20.258064516129032,5.305483870967743,61.79451612903226,62.37548387096773
15E,var,3.1030176899063475,92.52237252861603,139.76690946930282,539.2258064516129,125.41935483870968,1228.0249739854319,4739.660081789802,50128.11079812695,5.065701144640999,7393465.722631425,22818.924888657642,0.005569386285119666,3.6628511966701343,25.546305931321537,25.546305931321537,73.69918605619146,50.32935379812695,50.83027637877211
166A,mean,6.4375,12.78125,10.5625,19.34375,19.21875,29.90625,64.926875,129.3075,4.8590625,676.16375,37.564375,0.04311875,0.0,18.875,18.875,7.506562499999999,71.99281250000001,72.7603125
166A,var,1.18359375,7.5458984375,8.30859375,28.9130859375,14.2333984375,68.2099609375,290.824177734375,1636.9118437500003,1.4876209960937499,77775.5508546875,239.997118359375,0.00018203652343749994,0.0,11.234375,11.234375,16.186872558593752,34.78318896484374,34.152421777343775
168C,mean,6.84375,16.875,12.9375,25.75,23.71875,38.6875,87.99781250000001,176.898125,5.2184375,937.0428125,52.058125000000004,0.05896875,1.90625,21.875,21.875,17.664375,75.925625,76.4259375
168C,var,1.0068359375,2.734375,1.68359375,4.9375,6.6396484375,12.33984375,177.12142333984374,489.70979648437503,0.49570693359374995,67965.92712646484,209.76320898437496,5.446152343750001e-05,7.0224609375,7.546875,7.546875,56.652862109375,20.144037109375002,22.036980371093758
173A,mean,7.46875,32.28125,26.9375,54.8125,39.75,81.75,184.03031249999998,435.1125,6.335000000000001,2824.6987499999996,156.9278125,0.14503749999999999,7.28125,36.59375,36.53125,4.9399999999999995,56.965,57.583124999999995
173A,var,1.0615234375,21.7646484375,21.18359375,83.46484375,30.5625,188.5,1205.4004280273439,7465.441731249999,0.8741812500000001,1070366.7626421875,3303.6534295898437,0.0008297929687500001,13.5146484375,35.9912109375,36.5615234375,15.180968750000002,41.090225,45.728071484375
175C,mean,7.625,17.34375,15.5,31.0,24.96875,46.5,93.8809375,215.975625,6.8225,1493.26,82.95781249999999,0.07199375,0.0,28.125,28.125,5.666875,64.7840625,65.7084375
175C,var,0.671875,1.8505859375,2.5625,10.25,4.0302734375,23.0625,108.16215849609367,677.8786058593748,0.8472187500000001,132629.68515625002,409.35766083984373,7.507871093750002e-05,0.0,5.609375,5.609375,3.652133984375,5.509611621093752,5.494456933593744
177B1,mean,6.75,7.78125,10.5,20.9375,14.53125,31.4375,41.794687499999995,121.4740625,9.2640625,1125.32125,62.519375000000004,0.0405125,4.71875,17.6875,17.6875,1.9253124999999998,61.6046875,61.6046875
177B1,var,0.4375,1.4208984375,1.1875,5.30859375,0.6240234375,11.49609375,14.902737402343753,216.78241162109384,2.54572412109375,43762.379042187495,135.07103710937497,2.4029843749999986e-05,1.2021484375,8.46484375,8.46484375,12.476849902343751,39.68884990234373,39.68884990234373
177B2,mean,6.5625,8.71875,10.84375,21.6875,15.28125,32.53125,45.376562500000006,127.99593750000001,8.564062499999999,1090.45625,60.580625,0.04268125,4.9375,19.03125,19.03125,2.31625,60.7578125,60.7578125
177B2,var,0.68359375,3.2646484375,0.5068359375,2.02734375,1.2021484375,4.5615234375,32.880685058593755,119.1341803710938,4.469724121093749,67935.4382109375,209.695568359375,1.3108398437500001e-05,0.62109375,8.1552734375,8.1552734375,19.750829687499998,38.94278583984371,38.94278583984371
177D1,mean,3.0,10.0,6.0,12.0,13.0,18.0,37.970000000000006,66.60999999999997,1.7999999999999996,119.88999999999997,6.659999999999999,0.0222,0.0,7.0,7.0,0.0,68.39000000000003,68.79999999999998
177D1,var,0.0,0.0,0.0,0.0,0.0,0.0,5.048709793414476e-29,8.077935669463161e-28,1.9721522630525295e-31,8.077935669463161e-28,7.888609052210118e-31,0.0,0.0,0.0,0.0,0.0,8.077935669463161e-28,2.0194839173657902e-28
183A,mean,5.3125,20.25,24.8125,49.3125,25.5625,74.125,101.20875000000001,349.67375000000004,6.4315625,2461.8984375,136.77125,0.11657500000000001,0.0,30.15625,30.15625,6.9125,55.2796875,56.6490625
183A,var,0.90234375,11.375,66.83984375,260.40234375,16.68359375,590.734375,493.89289218749997,16981.6528234375,3.5056756835937497,2530230.2473944337,7809.521485937501,0.00188569375,0.0,58.0693359375,58.0693359375,441.00436250000007,48.261296777343745,49.03972724609375
185A,mean,6.0,13.15625,7.375,14.75,19.15625,22.125,64.44093749999999,94.27687499999999,3.3625,319.63687500000003,17.756875,0.031396875000000005,0.0,8.375,8.375,6.9565624999999995,72.82249999999999,73.09187499999999
185A,var,0.0,0.3193359375,0.546875,2.1875,0.3193359375,4.921875,8.696702246093754,99.49708398437505,0.09178125000000006,4078.6365402343768,12.597577734374992,1.1085927734374996e-05,0.0,0.609375,0.609375,130.04509130859373,105.37660624999997,105.356727734375
193C,mean,11.580645161290322,87.51612903225806,88.16129032258064,175.29032258064515,99.09677419354838,263.4516129032258,614.007741935484,1775.8745161290326,11.458387096774192,21554.037096774195,1197.4470967741936,0.5919612903225806,29.258064516129032,81.16129032258064,79.80645161290323,63.29806451612903,58.78129032258063,58.78129032258063
193C,var,2.2434963579604577,1065.7336108220604,1355.0385015608745,5333.883454734652,1128.7325702393339,12044.05411030177,71663.13755941727,763775.3595344434,3.384787721123829,179824783.0340722,555015.656465765,0.08487109140478669,135.35275754422477,618.4578563995836,618.0270551508844,1079.1272672216442,33.804985431841835,33.804985431841835
193E,mean,5.9375,12.46875,11.875,21.25,18.40625,33.125,61.182187500000005,140.8384375,5.104375,783.5775000000001,43.53156250000001,0.04695,6.875,20.21875,20.28125,18.7225,77.264375,77.264375
193E,var,1.12109375,7.1240234375,12.984375,40.5,11.6787109375,97.984375,279.40794833984376,2595.7772694335936,2.500118359375,289729.07191874995,894.2167194335939,0.000287866875,3.421875,14.1083984375,14.0146484375,123.48168125,32.18875585937499,32.18875585937499
199A,mean,5.09375,9.0625,10.59375,19.3125,14.15625,29.90625,40.957499999999996,114.35093749999999,5.48,631.5587499999999,35.0871875,0.038128125,0.0,15.96875,15.96875,0.0,58.7121875,59.4734375
199A,var,0.4599609375,1.43359375,1.3662109375,1.52734375,2.5693359375,5.3349609375,50.759024999999994,164.44603349609375,0.7335812500000001,21159.400585937503,65.31122646484376,1.8259521484374986e-05,0.0,6.0302734375,6.0302734375,0.0,2.3417483398437504,2.095016308593754
202B,mean,10.21875,27.625,23.53125,43.71875,37.84375,67.25,167.46687500000002,354.26156249999997,8.09875,2926.9096875000005,162.60625,0.11809062499999999,5.0625,43.3125,44.5,8.316875,60.355000000000004,61.888749999999995
202B,var,2.2958984375,29.234375,22.6240234375,79.8271484375,36.3818359375,187.0,1327.8276402343752,7294.392044433593,2.0794984375,1254487.3341405275,3871.8153234375,0.000810613349609375,56.55859375,89.96484375,90.625,8.967133984375,19.361862500000008,21.859992187499998
205C,mean,7.5625,20.4375,17.40625,33.09375,28.0,50.5,114.12843749999999,253.7053125,5.919062500000001,1868.1709375,103.786875,0.08457500000000001,4.4375,19.5625,20.21875,16.341875,73.845,73.8325
205C,var,2.30859375,94.55859375,122.9912109375,464.8349609375,119.4375,1065.9375,4255.519863183594,39194.36891865234,5.07690224609375,4208225.0564022465,12988.488171484374,0.00435434125,11.30859375,77.18359375,85.4208984375,187.64319023437497,93.60106250000001,93.99586875
208D,mean,6.0,9.9375,8.46875,14.9375,15.9375,23.40625,48.5025,93.5625,4.524687500000001,422.11,23.4471875,0.03123125,0.0,15.0,15.0,4.3771875,69.79875,70.33625
208D,var,0.0,0.99609375,0.2490234375,0.99609375,0.99609375,2.2412109375,22.569093750000015,65.67684374999996,0.02393115234374994,499.80000000000024,1.5439702148437482,7.261523437499996e-06,0.0,0.0,0.0,10.03607021484375,51.573729687500006,51.624042187499974
21C,mean,7.0,13.0,10.0,20.0,20.0,30.0,67.76,129.66,5.38,698.16,38.79,0.0432,0.0,17.0,17.0,0.0,57.69,58.37
21C,var,0.0,0.0,0.0,0.0,0.0,0.0,0.0,0.0,0.0,0.0,0.0,0.0,0.0,0.0,0.0,0.0,0.0,0.0
226A,mean,4.0625,7.9375,7.65625,15.3125,12.0,22.96875,31.9603125,82.346875,3.918125,322.83656250000007,17.9359375,0.027465625,0.0,9.90625,9.90625,1.0715625,65.86937499999999,66.26375
226A,var,0.05859375,0.12109375,0.2880859375,1.15234375,0.0625,2.5927734375,1.1498780273437497,35.130283984375026,0.09155898437499999,1206.4097538085944,3.720761621093751,3.9116308593749995e-06,0.0,0.2724609375,0.2724609375,17.73313193359375,34.83534960937501,34.45909218749999
230A,mean,2.0,3.0,2.0,4.0,5.0,6.0,6.75,13.930000000000001,1.3299999999999996,18.580000000000002,1.0300000000000002,0.004599999999999998,0.0,14.03225806451613,14.096774193548388,0.0,66.25774193548386,66.92774193548387
230A,var,0.0,0.0,0.0,0.0,0.0,0.0,0.0,3.1554436208840472e-30,1.9721522630525295e-31,1.262177448353619e-29,4.930380657631324e-32,3.009265538105056e-36,0.0,0.03121748178980229,0.15192507804370445,0.0,0.062204578563995395,0.062204578563995395
230B,mean,6.0,14.6875,10.34375,20.6875,20.6875,31.03125,72.49937500000001,135.688125,4.233125,573.3921874999999,31.853125,0.04522812500000001,5.59375,20.9375,21.71875,0.0,54.7440625,55.170625
230B,var,0.0,1.15234375,0.2880859375,1.15234375,1.15234375,2.5927734375,33.385624609375,88.955771484375,0.0075214843749999965,769.7580670898443,2.372796484374997,1.0028271484374989e-05,0.4912109375,0.68359375,0.5771484375,0.0,0.16750537109374963,0.12699960937500077
232A,mean,7.71875,28.78125,28.96875,57.8125,36.5,86.78125,162.6315625,451.29281249999997,7.765000000000001,3558.6724999999997,197.7028125,0.150415625,0.0,25.25,25.75,0.89375,50.665625,52.040625
232A,var,1.1396484375,9.6708984375,14.7802734375,60.33984375,13.0,134.7958984375,447.8567319335939,4949.652351464843,1.7155812499999998,1064983.0868624998,3286.9037202148447,0.000550139443359375,0.0,9.0625,10.75,11.998092187499998,23.92580585937501,23.523649609374992
235B,mean,3.09375,8.375,5.28125,10.5625,11.46875,15.84375,30.861874999999998,55.93000000000001,1.9740625,115.51375000000002,6.4175,0.018628125000000002,0.0,8.3125,8.3125,0.6746875,68.6825,68.96125
235B,var,0.0849609375,1.484375,1.2021484375,4.80859375,2.0615234375,10.8193359375,39.051052734375,211.17871875000006,0.19097412109375006,5683.040704687502,17.536468749999997,2.3490146484374994e-05,0.0,0.96484375,0.96484375,7.0097374023437515,18.260837499999994,18.264110937499996
238A,mean,5.09375,11.3125,6.40625,12.8125,16.40625,19.21875,51.647499999999994,77.96625,2.8746875000000003,233.34500000000003,12.964375,0.0259875,0.0,7.59375,7.59375,0.0,67.4378125,67.7203125
238A,var,0.0849609375,1.46484375,2.1162109375,8.46484375,2.1162109375,19.0458984375,52.214062500000026,460.3478859374999,0.21199990234375,16468.35959375,50.807880859375004,5.1101718749999985e-05,0.0,1.4287109375,1.4287109375,0.0,3.4270608398437625,3.3031280273437464
23B,mean,3.5,3.96875,4.3125,8.625,7.46875,12.9375,14.5575,38.378750000000004,3.8075,162.58375,9.034062500000001,0.012799999999999999,3.5625,12.25,12.90625,0.0,64.5415625,64.5415625
23B,var,0.5625,1.2802734375,2.02734375,8.109375,3.2490234375,18.24609375,38.129968749999996,278.11087968749996,1.2789312499999999,12649.376417187501,39.042474121093754,3.062e-05,0.30859375,1.5,1.3349609375,0.0,4.246244433593745,4.246244433593745
23E,mean,8.46875,32.25,28.78125,55.0625,40.71875,83.84375,189.39499999999998,451.83906250000007,7.280312499999999,3371.3534375,187.2965625,0.15060625,7.75,43.9375,43.9375,5.3225,51.0890625,51.0934375
23E,var,2.1240234375,63.5625,46.4208984375,183.93359375,73.7646484375,414.1943359375,2840.8241875,17134.275477246098,2.4943155273437503,1796716.8786288088,5545.3957975585945,0.0019041362109375,25.8125,97.99609375,97.99609375,147.17110625,83.68048349609376,83.57284755859375
241A,mean,5.483870967741935,16.225806451612904,13.0,26.0,21.70967741935484,39.0,78.8477419354839,173.1829032258064,4.449032258064515,768.4664516129029,42.69064516129032,0.057729032258064514,0.0,18.838709677419356,18.838709677419356,5.621935483870966,69.14935483870967,69.61903225806452
241A,var,0.24973985431841825,2.6264308012487008,0.5161290322580645,2.064516129032258,2.077003121748178,4.645161290322581,64.21324328824142,155.99860770031216,0.523608740894901,14980.986687408948,46.23163184183145,1.7343350676378764e-05,0.0,2.199791883454735,2.199791883454735,8.44613173777315,14.86039958376691,14.81620228928199
244A,mean,3.15625,5.15625,3.34375,6.6875,8.3125,10.03125,17.4771875,30.848437499999996,2.0578125,68.140625,3.7859375,0.01028125,0.0,15.96875,15.96875,0.0,62.53187500000001,63.42125
244A,var,0.1318359375,0.1318359375,0.5380859375,2.15234375,0.52734375,4.8427734375,6.739782714843754,69.15966943359375,0.31054833984375,1820.0417871093746,5.621192871093751,7.664648437500002e-06,0.0,0.6552734375,0.6552734375,0.0,0.9919277343750007,1.2001546874999967
245B,mean,5.21875,12.03125,9.3125,16.65625,17.25,25.96875,58.5628125,113.13,3.6240625,548.4549999999999,30.4696875,0.037696875,0.0,23.40625,28.125,6.3062499999999995,63.5734375,64.8053125
245B,var,3.1083984375,50.1552734375,41.27734375,137.6005859375,72.125,328.9052734375,1981.3030827148436,10685.288,2.6965741210937497,670546.7916124999,2069.510084277344,0.001187678427734375,0.0,125.6787109375,177.296875,78.40021093749999,41.026547558593734,45.17762490234375
252C,mean,5.5,13.71875,9.3125,18.625,19.21875,27.9375,65.55125000000001,119.500625,3.730625,452.3903125,25.133125,0.039840625000000005,0.96875,11.625,11.625,0.8521875,62.6603125,63.00125
252C,var,0.25,3.0771484375,1.65234375,6.609375,4.4833984375,14.87109375,112.07860468750002,439.14779335937504,0.16060585937500005,14007.79586552734,43.19244648437498,4.906928710937499e-05,2.8427734375,1.984375,1.984375,22.512929589843747,23.26597177734375,24.132410937500012
252D,mean,10.413793103448276,45.758620689655174,52.03448275862069,101.44827586206897,56.172413793103445,153.48275862068965,291.306551724138,903.4934482758621,11.56793103448276,10804.817931034484,600.2693103448275,0.3011620689655172,7.413793103448276,61.275862068965516,61.275862068965516,4.5344827586206895,45.67896551724137,49.203103448275854
252D,var,1.4149821640903686,242.7348394768133,321.6195005945303,1226.7300832342448,264.83234244946493,2797.215219976219,13103.207374316293,142011.2144570749,3.2609957193816883,28937714.5788302,89314.31741331749,0.015778744423305586,102.72532699167655,274.8894173602854,274.8894173602854,47.61831438763377,40.62319548156955,47.16102140309156
257A,mean,5.375,8.75,8.3125,15.625,14.125,23.9375,40.848749999999995,92.14687500000001,4.803125,462.059375,25.669374999999995,0.03073125,0.0,16.03125,16.03125,0.0,59.548750000000005,60.1628125
257A,var,0.859375,3.4375,2.58984375,10.359375,7.734375,23.30859375,136.65102343749993,601.4724589843751,0.640896484375,32276.18425585938,99.64493085937497,6.725214843749999e-05,0.0,3.9677734375,3.9677734375,0.0,1.026379687500001,0.9429764648437486
257C,mean,3.9375,12.21875,8.71875,16.4375,16.15625,25.15625,52.066874999999996,101.1290625,2.6509375,271.174375,15.064375,0.033725,0.71875,20.21875,20.21875,5.8071874999999995,69.02781250000001,69.689375
257C,var,0.24609375,1.9208984375,0.7021484375,2.80859375,3.1943359375,6.3193359375,69.63105273437498,192.23130224609378,0.09948974609375003,4030.3473433593754,12.443887109375,2.1275000000000002e-05,3.6396484375,1.7958984375,1.7958984375,13.464357714843747,36.31204833984376,37.53611210937501
25A,mean,3.6875,8.0625,8.0625,14.6875,11.75,22.75,31.41125,81.65875,3.3878125000000003,293.43625,16.3034375,0.027234374999999998,0.0,15.9375,15.9375,0.0,60.049062500000005,60.619687500000005
25A,var,0.21484375,1.80859375,5.24609375,12.90234375,2.6875,34.4375,51.57094218750001,646.1433171875,0.7165608398437499,17558.0988046875,54.223660058593765,7.202538085937499e-05,0.0,4.24609375,4.24609375,0.0,5.339770996093748,5.074215527343753
261A,mean,3.53125,12.375,10.28125,20.40625,15.90625,30.6875,51.705625,123.56625000000001,2.8984375,378.45281250000005,21.026875,0.041196875,3.125,18.25,18.28125,8.0490625,71.1278125,71.4390625
261A,var,0.3740234375,4.859375,6.5771484375,27.6162109375,6.8349609375,61.02734375,154.30826835937498,1481.9855171875004,0.42220693359374994,36423.00611396485,112.38504023437503,0.000164150927734375,9.171875,11.625,11.9521484375,23.354727246093752,42.28327333984375,40.70312724609374
265A,mean,4.03125,7.0,5.0,10.0,11.03125,15.0,27.7628125,51.948750000000004,2.8821874999999997,149.6284375,8.3159375,0.01731875,0.0,7.0,7.0,2.2325,71.768125,72.30781250000001
265A,var,0.0302734375,0.0,0.0,0.0,0.0302734375,0.0,0.39452646484375065,0.10699843750000029,0.015260839843749999,58.051256933593805,0.17876162109374996,1.0898437499999993e-08,0.0,0.0,0.0,39.66773125,53.733696484375045,53.71906708984372
266B,mean,5.0,10.03125,10.0,20.0,15.03125,30.0,44.980937499999996,117.29718749999999,4.9859375,584.7618749999999,32.489375,0.039128125,0.0,11.53125,11.53125,8.2921875,77.4925,78.2371875
266B,var,0.0,0.0302734375,0.0,0.0,0.0302734375,0.0,0.7062459960937496,0.23565146484375107,0.006130371093750004,49.85237148437482,0.15462460937500022,2.4521484374999896e-08,0.0,2.3740234375,2.3740234375,5.83467333984375,22.42656250000001,22.14940146484374
268A,mean,3.375,6.75,3.375,6.75,10.125,10.125,24.6625,33.963750000000005,1.6875,59.008750000000006,3.2800000000000002,0.011300000000000001,0.0,11.625,11.625,0.0,65.3025,66.10874999999999
268A,var,0.234375,0.9375,0.234375,0.9375,2.109375,2.109375,32.303343749999996,49.20939843750001,0.05859375,438.4130859375001,1.3500000000000003,5.400000000000001e-06,0.0,0.234375,0.234375,0.0,0.04134374999999754,0.043335937499998506
269B,mean,2.46875,4.90625,2.75,5.5,7.375,8.25,15.363125,25.4309375,1.379375,56.1721875,3.1193750000000002,0.008499999999999999,2.375,17.25,17.3125,17.390625,85.43843749999999,85.69999999999999
269B,var,1.4365234375,4.8349609375,3.0625,12.25,11.484375,27.5625,177.60907148437502,547.4651584960937,0.8177683593749999,9682.987873339844,29.896937109375003,6.0586875e-05,4.484375,5.625,6.46484375,13.650343359375002,13.90075693359374,14.156906249999986
26C,mean,11.387096774193548,48.41935483870968,58.38709677419355,118.06451612903226,59.806451612903224,176.4516129032258,314.42064516129034,1052.4812903225807,13.991612903225809,15449.363225806452,858.2980645161291,0.3508225806451613,8.838709677419354,67.48387096774194,67.54838709677419,13.714193548387094,52.74967741935484,55.509354838709676
26C,var,2.3662851196670127,238.30801248699274,444.75338189386065,1984.3829344432881,243.51092611862643,4304.118626430801,12617.195767325702,209017.370366077,13.805252237252864,94339156.06055732,291170.13093173766,0.02322134110301769,97.36108220603539,348.44328824141525,353.02185223725286,182.84631467221644,86.65923537981271,73.87728345473464
26D,mean,6.1875,14.625,13.28125,26.53125,20.8125,39.8125,74.1825,176.56375,5.626250000000001,1051.9196875,58.438750000000006,0.058853125000000006,0.5625,14.4375,14.4375,8.68875,67.13968750000001,67.6190625
26D,var,3.33984375,19.921875,17.1396484375,68.2490234375,31.71484375,153.77734375,840.55385,4927.0313171875,2.4689421874999997,431489.6913655273,1331.7452421875003,0.000547008740234375,1.37109375,8.18359375,8.18359375,221.7753296875,120.09380302734374,120.71105849609377
270C,mean,4.03125,7.875,6.125,11.65625,11.90625,17.78125,31.9371875,64.44624999999999,3.0631250000000003,233.1134375,12.949375,0.0214875,0.0,15.46875,15.46875,3.529375,67.315,68.00218749999999
270C,var,1.3427734375,1.546875,4.109375,16.3505859375,4.7724609375,36.7333984375,74.71785146484373,695.0434109375001,2.246621484375,47091.89553505859,145.32889960937501,7.747171875e-05,0.0,4.3740234375,4.3740234375,29.795818359374998,82.63031875000001,82.35130458984374
272B,mean,6.90625,12.875,10.0,20.0,19.78125,30.0,67.126875,129.8128125,5.3728125,731.7225,40.651875000000004,0.0432875,2.75,19.5,19.5,0.0,56.4540625,56.79718749999999
272B,var,2.0224609375,2.984375,3.0,12.0,9.7333984375,27.0,202.43844023437498,788.6744827148436,1.5846952148437499,75088.66906875001,231.78267773437506,8.798359374999997e-05,0.1875,1.125,1.125,0.0,2.0355366210937493,1.7371452148437496
275A,mean,5.71875,11.21875,13.625,27.0,16.9375,40.625,53.7809375,166.10031249999997,6.915312500000001,1178.92875,65.49406250000001,0.055353125,0.0,19.40625,19.125,1.7784375,57.135,58.6478125
275A,var,0.7021484375,2.5458984375,4.046875,18.75,5.12109375,39.796875,104.10980849609375,723.7521342773438,1.8408749023437498,87064.16964218751,268.7038366210937,8.0294365234375e-05,0.0,1.6787109375,1.546875,38.816094433593754,61.93286875,60.51442958984375
279A,mean,6.875,28.625,32.28125,61.78125,35.5,94.0625,161.7865625,501.765625,7.230625,4327.014062499999,240.3903125,0.167259375,0.0,31.9375,31.84375,3.864375,57.2571875,59.387812499999995
279A,var,2.796875,188.046875,354.3896484375,1388.4208984375,223.25,3143.55859375,9652.200978808592,140128.9165496094,5.403168359375001,23779734.14774288,73394.10214677734,0.015569281162109374,0.0,231.87109375,232.3193359375,14.082437109374998,53.41480146484376,45.22299833984374
27E,mean,8.9,26.8,22.1,44.03333333333333,35.7,66.13333333333334,156.73199999999997,344.6646666666666,7.298333333333332,2612.1666666666665,145.119,0.11488333333333331,8.4,35.0,35.36666666666667,0.5856666666666667,49.254999999999995,49.17333333333333
27E,var,1.9566666666666666,52.22666666666668,42.556666666666665,167.36555555555555,62.94333333333332,378.6488888888889,2372.617616,15226.387204888886,1.9021338888888886,1940282.3741555552,5988.537742333331,0.0016918807222222223,49.57333333333334,116.06666666666666,121.83222222222223,5.197144555555556,14.061244999999996,13.84956222222222
282B,mean,4.125,11.03125,9.4375,17.625,15.15625,27.0625,46.8453125,106.5459375,3.2996875,355.66093750000005,19.7578125,0.035525,0.0,22.1875,22.1875,0.1303125,56.201562499999994,56.9415625
282B,var,0.109375,2.7177734375,3.12109375,10.109375,2.6943359375,24.43359375,62.43671240234376,523.5892928710939,0.21249052734375,12425.769208496093,38.35082333984374,5.8072500000000003e-05,0.0,5.65234375,5.65234375,0.5264217773437501,5.16609443359375,5.018881933593749
283A,mean,7.875,22.75,20.375,40.25,30.625,60.625,126.2059375,299.8921875,7.001875,2156.8378125,119.82343750000001,0.099959375,9.875,38.125,38.125,0.25375000000000003,47.7140625,47.8484375
283A,var,0.609375,4.75,11.796875,40.875,6.109375,96.234375,198.22654287109378,2907.026192089844,1.9518464843749996,599394.7877233399,1849.9660663085938,0.000323327412109375,2.484375,13.296875,13.296875,0.6238359375,11.146986621093745,11.149169433593745
284A,mean,6.78125,13.1875,12.25,24.5,19.96875,36.75,67.8575,158.79625,6.3012500000000005,1002.565,55.696875000000006,0.052953125,8.71875,23.875,23.875,8.375,69.728125,69.728125
284A,var,0.1708984375,0.71484375,0.375,1.5,1.3427734375,3.375,31.13773125000001,115.81428593750013,0.10759843749999998,10847.449475000001,33.498958984375,1.2770615234374998e-05,4.2646484375,13.671875,13.671875,6.8021125,11.658408984375018,11.658408984375018
285C,mean,2.0,6.0,3.0,6.0,8.0,9.0,17.51,27.0,1.0,27.0,1.5,0.009,0.0,7.03125,7.03125,0.0,71.230625,71.50062500000001
285C,var,0.0,0.0,0.0,0.0,0.0,0.0,0.0,0.0,0.0,0.0,0.0,0.0,0.0,0.0302734375,0.0302734375,0.0,0.0480621093749993,0.048062109375000384
288A,mean,8.15625,15.21875,14.53125,26.6875,23.375,41.21875,85.225625,189.4046875,7.08625,1399.0943750000001,77.72968750000001,0.06315625,0.0,16.15625,16.15625,15.859375,77.3734375,78.4865625
288A,var,0.8193359375,14.6708984375,20.1865234375,70.21484375,20.609375,164.7958984375,572.500062109375,5096.0594061523425,0.7624484375,531868.9615746093,1641.5266030273438,0.0005650868359375,0.0,11.0693359375,11.0693359375,33.522337109375,33.59709130859376,33.37941005859374
28A,mean,9.25,33.84375,29.59375,54.34375,43.09375,83.9375,204.3403125,462.61843749999997,7.33,3604.8049999999994,200.266875,0.154203125,16.21875,61.0625,61.4375,20.271250000000002,62.495,62.512187499999996
28A,var,2.875,125.1318359375,121.1162109375,417.5380859375,146.9599609375,986.43359375,6287.393759277344,42777.5633006836,2.5546562500000003,4397532.7921875,13572.947465234374,0.004753702802734376,38.1708984375,514.43359375,544.49609375,186.5441296875,49.08689375000001,48.61626083984376
28B,mean,5.0,13.096774193548388,11.483870967741936,22.967741935483872,18.096774193548388,34.45161290322581,60.27451612903228,143.64419354838708,4.438064516129032,659.4274193548387,36.633870967741935,0.047874193548387095,4.0,27.225806451612904,27.225806451612904,0.3125806451612903,53.33903225806451,54.145161290322584
28B,var,0.0,1.1196670135275757,4.3142559833506775,17.25702393340271,1.1196670135275757,38.82830385015609,29.997889281997892,644.9607340270552,0.9728156087408951,63316.533057856395,195.34021082206036,7.148320499479706e-05,0.0,2.884495317377733,2.884495317377733,0.9119288241415189,8.480260353798128,8.484528199791882
292A,mean,3.03125,6.1875,5.125,10.25,9.21875,15.375,21.222500000000004,49.524375,2.5162500000000003,129.608125,7.196875,0.0164625,0.0,19.03125,19.03125,0.164375,60.1609375,60.7046875
292A,var,0.1552734375,0.77734375,0.796875,3.1875,1.5458984375,7.171875,26.85937499999999,164.46444960937504,0.17789218749999997,5732.793340234376,17.693233984374995,1.8333593749999998e-05,0.0,0.6552734375,0.6552734375,0.8375933593750001,6.368220996093744,6.259806152343745
296A,mean,3.96875,7.96875,4.96875,9.9375,11.9375,14.90625,31.7628125,53.3353125,2.4753125000000002,132.374375,7.3553125,0.01775625,0.0,12.84375,12.84375,0.0,63.1934375,63.729375
296A,var,0.0302734375,0.0302734375,0.0302734375,0.12109375,0.12109375,0.2724609375,1.7439952148437496,5.857549902343751,0.01889365234375,132.27100585937495,0.40774990234374997,6.405859374999999e-07,0.0,0.1943359375,0.1943359375,0.0,0.24676005859375014,0.2271496093750006
298A,mean,6.0625,22.75,22.9375,40.875,28.8125,63.8125,119.1796875,309.6615625,5.459375,1737.7109375,96.53875,0.10320625,0.0,20.625,20.625,1.8328124999999997,55.87343750000001,57.436875
298A,var,1.49609375,19.3125,6.43359375,35.046875,30.77734375,70.40234375,888.470115527344,3298.0060444335936,0.9427933593750001,315431.86600224604,973.5068421874998,0.00036631308593749996,0.0,3.609375,3.609375,16.27392646484375,42.71237880859376,42.604333984375
29C,mean,3.15625,6.0625,4.15625,8.21875,9.21875,12.375,21.0378125,39.7178125,2.1496874999999998,87.405,4.858750000000001,0.01325625,7.0625,33.15625,33.15625,0.0975,55.0334375,55.0334375
29C,var,0.1943359375,0.05859375,0.1943359375,0.4208984375,0.4208984375,1.171875,5.543042089843748,24.051017089843747,0.17960927734375,1119.8436000000002,3.4523546875000006,2.6468359374999993e-06,0.05859375,0.5693359375,0.5693359375,0.29469375000000003,3.772528808593748,3.772528808593748
31B,mean,8.78125,23.125,22.53125,41.71875,31.90625,64.25,133.12593750000002,322.11312499999997,8.0275,2588.59,143.81125,0.10736875000000001,0.0,33.6875,35.625,9.2303125,60.9865625,62.76875
31B,var,0.4833984375,25.296875,15.6865234375,48.5146484375,28.7724609375,118.0,1014.0417178710937,4835.193365234376,0.9036500000000001,438242.61600000004,1352.6678921874998,0.0005371252734375,0.0,44.46484375,48.921875,48.11833427734375,82.12858505859373,82.32046718750001
31C,mean,4.32258064516129,7.129032258064516,5.548387096774194,9.64516129032258,11.451612903225806,15.193548387096774,29.71677419354839,54.219032258064516,2.976129032258064,176.76193548387096,9.81838709677419,0.01806774193548387,2.064516129032258,30.161290322580644,30.161290322580644,10.365806451612904,71.46290322580647,72.42612903225806
31C,var,0.28303850156087407,3.4027055150884498,3.989594172736733,10.68054110301769,4.957336108220604,27.575442247658692,87.51760894901146,519.1152216441208,0.9684043704474508,18681.67783496358,57.6697361082206,5.7793152965660775e-05,3.9958376690946937,39.232049947970864,39.232049947970864,70.39957273673257,12.393749635796052,12.370055983350685
35D,mean,4.0,9.96875,5.8125,11.625,13.96875,17.4375,41.1165625,66.42281249999999,2.329375,155.2221875,8.62375,0.022109375,0.125,12.875,12.90625,1.160625,63.985625000000006,64.3840625
35D,var,0.0,0.6552734375,0.33984375,1.359375,0.6552734375,3.05859375,15.332941308593742,65.66490146484374,0.009274609374999975,537.7080733398436,1.6650109375000008,7.253349609375002e-06,0.484375,2.421875,2.5224609375,28.371062109375,20.157255859375002,19.602599121093757
3A,mean,6.0,19.375,19.375,38.75,25.375,58.125,98.381875,271.23625,6.0,1627.415625,90.40875,0.09039375,0.8125,28.4375,28.4375,0.0,50.19125,51.149375
3A,var,0.0,0.609375,0.609375,2.4375,0.609375,5.484375,20.252715234375003,185.13111093750015,0.0,6664.082724609367,20.570123437499966,2.085433593750001e-05,0.15234375,1.30859375,1.30859375,0.0,0.09257343749999944,0.10189335937500002
3B,mean,7.903225806451613,23.774193548387096,22.032258064516128,41.41935483870968,31.677419354838708,63.45161290322581,133.38,320.0403225806452,6.767096774193549,2212.982258064516,122.94193548387098,0.1066774193548387,0.0,40.903225806451616,41.096774193548384,0.4074193548387097,47.49032258064516,48.83064516129032
3B,var,0.08740894901144641,36.75546305931321,45.64412070759627,175.34027055150887,35.44432882414152,399.2799167533819,1295.7677935483873,13584.685461186265,0.3692206035379811,862709.3890110301,2662.6901123829343,0.0015098965868886578,0.0,7.119667013527577,6.732570239334028,1.2481546305931326,18.307641831425602,18.310689906347555
3D,mean,7.0,13.875,15.625,28.5625,20.875,44.1875,72.31468749999999,193.723125,7.210625,1396.71,77.594375,0.06458125,9.0,46.09375,46.09375,0.20500000000000002,47.315,47.315
3D,var,0.0,0.359375,0.421875,0.87109375,0.359375,2.46484375,9.944274902343746,68.03731523437504,0.04080585937500003,4554.754437499998,14.056299609374989,7.659023437500007e-06,0.0,0.4599609375,0.4599609375,0.40629375,6.604675000000006,6.604675000000006
40B,mean,6.1875,19.9375,19.84375,39.875,26.125,59.71875,106.00375000000001,292.071875,6.15,2215.801875,123.09875,0.09734062500000001,0.0,14.21875,14.21875,3.8859375,64.6590625,65.460625
40B,var,4.40234375,93.87109375,118.9443359375,495.859375,131.609375,1100.3896484375,4233.1821609375,40754.45702148438,6.053862499999999,5104182.385996484,15753.9002046875,0.004528662412109375,0.0,27.4833984375,27.4833984375,29.986874121093752,143.56413974609382,138.60748085937496
42C,mean,8.0,55.4375,65.59375,133.5,63.4375,199.09375,348.37406250000004,1201.5190625,9.645,11733.393125,651.8559375,0.40050624999999995,25.90625,63.46875,63.46875,5.0665625,48.4215625,48.4215625
42C,var,1.125,240.62109375,281.4287109375,1303.1875,247.62109375,2793.2099609375,12868.879067871094,146151.0506959961,2.0552062500000003,18988882.300377734,58607.77801787109,0.0162387693359375,67.0224609375,244.2490234375,244.2490234375,8.74501005859375,39.52320693359374,39.52320693359374
43D,mean,6.3125,16.625,28.6875,54.28125,22.9375,82.96875,85.0125,378.87,10.305625000000001,4123.350625,229.07375000000002,0.12630625,0.0,49.0,48.9375,0.0,42.6025,45.536249999999995
43D,var,1.15234375,16.859375,65.27734375,224.4521484375,23.74609375,531.5927734375,697.4075937500002,17042.311249999995,5.231887109374999,5756031.46093086,17765.5603609375,0.0018938949609374998,0.0,151.5625,149.30859375,0.0,15.218187500000004,10.056992187499995
44B,mean,8.03125,16.3125,13.15625,26.375,24.34375,39.53125,89.9259375,182.3096875,6.48625,1190.1218749999998,66.1165625,0.060765625000000004,0.0,14.65625,14.65625,0.0,57.844375,58.7715625
44B,var,0.0302734375,2.02734375,2.0693359375,9.296875,2.5380859375,20.1240234375,80.02978037109374,656.3975780273435,0.10711093750000007,66889.27259648437,206.47124130859382,7.292538085937501e-05,0.0,0.7880859375,0.7880859375,0.0,0.5555308593749977,0.48323818359375026
47A,mean,4.09375,7.25,4.5625,9.125,11.34375,13.6875,29.23125,48.09875,2.584375,127.76062499999998,7.0984375,0.016015625,0.0,6.96875,6.96875,6.6984375,79.0325,79.5628125
47A,var,0.2724609375,1.9375,0.62109375,2.484375,3.6630859375,5.58984375,77.51089843749997,137.87874843750004,0.12028710937499995,3066.612605859375,9.47298818359375,1.5438193359375004e-05,0.0,0.0302734375,0.0302734375,50.85160693359375,112.65729375000001,112.65656396484371
47C,mean,8.71875,58.09375,49.53125,97.78125,66.8125,147.3125,370.72468749999996,901.535625,7.37125,7148.3553125,397.1309375,0.30051249999999996,34.03125,64.875,63.75,112.474375,61.824375,62.0890625
47C,var,2.7021484375,245.7099609375,250.3740234375,1098.7333984375,273.90234375,2390.33984375,14791.980481152343,128009.48361835936,4.1312859374999995,22855572.897281155,70541.6134959961,0.014221809218750001,182.3427734375,441.171875,473.375,49612.09118710937,66.90624960937501,69.69090224609376
48B,mean,6.0,30.0,36.0,72.0,36.0,108.0,162.72,558.35,7.2,4020.13,223.34,0.1861,0.0,26.0,26.0,11.05875,66.43125,68.44125
48B,var,0.0,0.0,0.0,0.0,0.0,0.0,0.0,0.0,0.0,0.0,0.0,0.0,0.0,0.0,0.0,1.621210937499999,1.0041609375000007,1.0041609374999914
56B,mean,6.0625,17.71875,18.75,34.875,23.78125,53.625,89.478125,245.603125,5.9734375,1503.090625,83.50375,0.0818875,0.0,20.46875,22.96875,4.629687499999999,61.8353125,62.81343749999999
56B,var,0.80859375,3.3271484375,3.9375,21.421875,6.8583984375,42.296875,178.13692773437506,1423.911165234375,1.15163505859375,232776.03933085938,718.4652171875002,0.00015827296874999997,0.0,4.2490234375,6.2177734375,25.798728027343746,67.11743115234376,67.32045380859377
586C,mean,4.0,11.125,10.1875,20.3125,15.125,30.5,47.18375,120.6496875,3.680625,469.478125,26.081249999999997,0.040225,0.0,33.5,33.96875,16.686875,72.7353125,74.0403125
586C,var,0.9375,5.796875,7.46484375,29.71484375,8.546875,66.9375,192.85983593749995,1660.4770780273439,1.260455859375,70378.78485898438,217.2135421875,0.000184583125,0.0,122.0625,116.9052734375,33.749683984375,16.36743115234375,13.986571777343752
590B,mean,5.65625,32.9375,23.84375,47.6875,38.59375,71.53125,180.4103125,377.51093749999995,4.0921875,1564.56375,86.920625,0.125809375,0.65625,24.09375,24.09375,1.1165625,53.2321875,53.6746875
590B,var,0.2880859375,7.80859375,6.6943359375,26.77734375,10.4287109375,60.2490234375,386.30262802734353,2337.6886084960934,0.21990458984375005,113198.57491718749,349.406774609375,0.000259885224609375,1.7255859375,7.2724609375,7.2724609375,17.79422255859375,22.577835839843754,21.811143652343755
595B,mean,8.03125,31.4375,26.6875,53.28125,39.46875,79.96875,180.715625,424.57624999999996,6.8278125,2942.85625,163.491875,0.141525,4.3125,28.0,28.0,22.3921875,71.8375,71.8375
595B,var,1.0302734375,4.49609375,9.83984375,39.4521484375,6.3740234375,88.6552734375,231.02680585937503,3230.2295984374996,1.40921083984375,618109.2157796874,1907.8136152343754,0.000358911875,1.02734375,9.8125,9.8125,289.3266420898437,19.118262500000007,19.118262500000007
5A,mean,3.064516129032258,7.516129032258065,3.935483870967742,7.548387096774194,10.580645161290322,11.483870967741936,27.668064516129025,39.947419354838715,1.5419354838709676,71.71516129032257,3.9838709677419346,0.013316129032258065,0.0,20.322580645161292,23.35483870967742,0.0,58.494838709677424,59.26967741935482
5A,var,1.3506763787721123,5.927159209157129,2.0603537981269513,5.796045785639959,12.37252861602497,14.765868886576486,205.29627367325693,362.9388836628512,0.33985431841831437,3471.1504894901145,10.703133402705518,4.0355546305931335e-05,0.0,0.8636836628511964,1.9708636836628508,0.0,2.953141103017687,2.7309386056191465
5E,mean,6.6875,18.625,17.6875,31.46875,25.3125,49.15625,97.7134375,230.8590625,5.664687499999999,1350.8868750000001,75.05125000000001,0.076928125,9.34375,29.125,30.125,2.7715625,54.3034375,54.3034375
5E,var,1.21484375,20.984375,22.96484375,62.9365234375,27.08984375,161.0068359375,924.3146413085938,5976.304427246095,1.1945249023437499,446746.4849839844,1378.8447359375002,0.0006644963964843749,4.7255859375,19.171875,19.171875,32.03735693359375,68.45237255859375,68.45237255859375
604D,mean,7.46875,17.46875,13.40625,24.875,24.9375,38.28125,93.92750000000001,177.740625,5.3346875,954.994375,53.055625,0.05920625,6.15625,21.78125,21.78125,1.193125,57.446875,57.446875
604D,var,0.6865234375,2.5615234375,0.8662109375,2.984375,5.12109375,7.0146484375,139.25974375,300.2707621093749,0.43558115234374967,38347.582780859375,118.32279960937498,3.342371093749997e-05,0.3193359375,0.8583984375,0.8583984375,4.319871484375,34.84625273437501,34.84625273437501
610D,mean,9.03125,36.125,32.28125,60.5,45.15625,92.78125,218.5678125,516.09,7.618125,4127.9946875000005,229.33187500000003,0.17202499999999998,25.6875,87.78125,88.09375,29.71125,58.59,58.594375
610D,var,2.1552734375,152.796875,105.5146484375,397.8125,181.8818359375,907.7333984375,8066.902667089844,44244.84388125,2.1047527343750003,5076743.579212402,15668.955246484376,0.004915089375,22.40234375,347.6083984375,361.7724609375,476.1243984375,38.236012500000015,38.284555859375004
614A,mean,6.9375,6.9375,6.9375,11.9375,13.875,18.875,38.7825,71.6275,5.96875,427.86187500000005,23.766875,0.023862500000000002,0.0,13.25,13.25,0.0,61.894375000000004,62.56499999999999
614A,var,0.05859375,0.05859375,0.05859375,0.05859375,0.234375,0.234375,4.017093749999998,7.6148437500000075,0.0146484375,572.5384277343752,1.766021484374999,8.460937500000006e-07,0.0,1.125,1.125,0.0,0.5256933593750006,0.5247937500000002
614B,mean,6.28125,13.71875,9.78125,19.5625,20.0,29.34375,68.8384375,127.63593750000001,4.4921875,606.4790625,33.694374999999994,0.042543750000000005,0.0,19.6875,19.6875,0.2365625,56.976875,58.0409375
614B,var,1.2021484375,4.2021484375,4.6708984375,18.68359375,8.75,42.0380859375,208.78985068359373,1155.6710241210938,1.2219233398437497,82997.0015522461,256.13848085937497,0.0001283093359375,0.0,15.71484375,15.71484375,0.84231630859375,6.624533984374994,6.642045996093758
615A,mean,1.1875,2.375,1.1875,2.375,3.5625,3.5625,3.5,6.7675,0.59375,4.841875,0.266875,0.002275,0.0,10.6875,11.6875,0.0,70.88875000000002,71.30875
615A,var,0.15234375,0.609375,0.15234375,0.609375,1.37109375,1.37109375,9.75,17.63799375,0.0380859375,26.263590234375,0.08118398437499999,1.974375e-06,0.0,0.40234375,0.40234375,0.0,1.4861734374999958,1.4707796875000008
621B,mean,4.0,14.0,12.0,24.0,18.0,36.0,61.3,150.12,3.43,514.69,28.59,0.05,0.0,15.0625,15.0625,0.0,58.532812500000006,59.0728125
621B,var,0.0,0.0,0.0,0.0,0.0,0.0,0.0,0.0,0.0,0.0,0.0,0.0,0.0,0.12109375,0.12109375,0.0,0.042870214843749845,0.04287021484374984
622C,mean,8.096774193548388,20.580645161290324,26.129032258064516,47.25806451612903,28.677419354838708,73.38709677419355,114.27483870967737,355.17419354838705,9.319999999999999,3314.4477419354835,184.13806451612902,0.11837741935483867,7.096774193548387,31.483870967741936,34.483870967741936,3.9454838709677436,58.972258064516126,59.10387096774193
622C,var,0.0874089490114464,1.082206035379813,1.0801248699271593,2.385015608740895,1.3152965660770028,6.237252861602497,42.34591529656609,119.88865660770041,0.4959548387096776,91854.28208844953,283.48629947970863,1.3235941727367323e-05,0.2809573361082206,2.249739854318418,2.249739854318418,3.310463475546307,3.36099167533819,3.3583075962539004
625D,mean,10.84375,41.09375,46.71875,90.40625,51.9375,137.125,261.7278125,789.3265625,12.136875,9986.602812500001,554.8109375,0.26311875,15.8125,64.0,65.21875,5.8415625,47.4934375,47.565312500000005
625D,var,3.3193359375,276.2099609375,291.8896484375,1078.8037109375,313.43359375,2491.609375,16046.220648339844,132775.57199130862,7.357671484375,29831038.941488966,92071.4938334961,0.014751894648437503,139.08984375,723.125,761.1708984375,71.92819443359375,79.23728505859376,78.41107490234376
626A,mean,4.0,14.53125,12.0,24.0,18.53125,36.0,64.165625,151.53468750000002,3.325,502.89750000000004,27.941562499999996,0.05053125,0.0,17.15625,17.15625,0.0,56.59375,57.803749999999994
626A,var,0.0,1.1865234375,0.0,0.0,1.1865234375,0.0,32.00138085937496,10.513243652343766,0.08437499999999995,989.6250937499995,3.050169433593749,1.1865234374999965e-06,0.0,0.1318359375,0.1318359375,0.0,0.017085937499999947,0.017085937499999947
629B,mean,4.0,12.96875,9.9375,19.875,16.96875,29.8125,55.9509375,121.78,3.0678125,373.394375,20.743125,0.040618749999999995,0.0,20.03125,20.03125,0.0,56.0578125,57.0071875
629B,var,0.0,0.0302734375,0.05859375,0.234375,0.0302734375,0.52734375,0.7843272460937489,10.671025000000007,0.003054589843750001,234.08710585937507,0.7217777343750003,1.1965234375000003e-06,0.0,0.0302734375,0.0302734375,0.0,0.00530458984375002,0.0051639648437500464
630J,mean,1.0,2.0,1.0,2.0,3.0,3.0,2.0,4.75,0.5,2.38,0.13,0.0016,0.0,3.03125,3.03125,33.0696875,100.0,100.0
630J,var,0.0,0.0,0.0,0.0,0.0,0.0,0.0,0.0,0.0,0.0,0.0,0.0,0.0,0.0302734375,0.0302734375,2.1006405273437494,0.0,0.0
631D,mean,10.225806451612904,55.87096774193548,49.354838709677416,97.38709677419355,66.09677419354838,146.74193548387098,360.59806451612894,890.6025806451614,8.959677419354838,8117.257419354839,450.95903225806455,0.2968645161290323,29.870967741935484,73.41935483870968,74.06451612903226,25.9958064516129,59.207419354838706,59.207419354838706
631D,var,1.0135275754422475,147.27367325702392,89.71279916753382,381.2695109261187,166.79708636836628,839.0946930280958,8309.177363995837,43036.86623204996,1.401861186264308,5484608.690935277,16927.783434547346,0.004780295192507804,24.2414151925078,102.11446409989597,104.70551508844954,159.78353402705517,12.637625598335072,12.637625598335072
633D,mean,6.15625,20.59375,13.8125,27.5625,26.75,41.375,106.739375,197.01749999999998,4.13625,828.0678125,46.0040625,0.06567812499999999,2.40625,28.90625,28.90625,0.0,50.941874999999996,51.870625000000004
633D,var,0.6318359375,18.9287109375,5.96484375,22.93359375,25.1875,52.234375,795.0302496093751,2078.0543499999994,0.18654843750000005,66205.77154833984,204.33708037109375,0.00023102358398437492,17.9287109375,8.9599609375,8.9599609375,0.0,3.0634714843750004,3.387712109374999
641D,mean,5.25,21.5625,18.25,34.625,26.8125,52.875,111.60406250000001,258.726875,4.2378124999999995,1238.7215625000001,68.81843749999999,0.0862625,2.53125,22.71875,22.71875,3.2915625,56.2290625,56.2584375
641D,var,1.5625,97.55859375,67.5625,271.359375,118.46484375,609.484375,3839.5974116210946,22267.89090273438,1.41419208984375,1025972.6775444337,3166.601381933594,0.00247277984375,1.9365234375,37.1396484375,37.1396484375,169.21839443359377,42.29981474609376,42.14810693359375
643B,mean,6.03125,15.46875,10.75,20.46875,21.5,31.21875,77.0153125,138.5775,4.006562499999999,554.7053125,30.8203125,0.04621875,0.0,11.59375,11.59375,14.60625,76.943125,77.62437500000001
643B,var,0.0302734375,4.8115234375,1.9375,7.2490234375,5.125,16.6708984375,133.8033811523438,492.95119374999996,0.038628808593750036,10671.507574902344,32.94455927734374,5.509339843750001e-05,0.0,6.1787109375,6.1787109375,223.6508046875,125.84992773437504,125.85043085937505
645B,mean,4.5,11.3125,10.8125,21.625,15.8125,32.4375,49.408125,129.249375,4.327500000000001,562.28625,31.240000000000002,0.0430875,0.0,7.6875,7.6875,0.0,65.775625,66.115625
645B,var,0.25,0.21484375,0.27734375,1.109375,0.27734375,2.49609375,5.200790234375008,61.465243359375044,0.45236875,12218.998310937503,37.714725,6.732343749999991e-06,0.0,2.58984375,2.58984375,0.0,4.868824609374993,4.583312109375005
653A,mean,3.90625,11.625,8.75,18.09375,15.53125,26.84375,49.230937499999996,107.33874999999999,3.015,335.0471875,18.61125,0.03576875,0.0,9.84375,9.84375,0.3125,64.12656249999999,64.8621875
653A,var,0.1474609375,5.296875,3.9375,19.2724609375,6.7490234375,40.5693359375,137.09281474609372,882.9035421874997,0.18033749999999998,12758.943770214846,39.35591718749998,9.759964843750001e-05,0.0,0.1318359375,0.1318359375,3.02734375,12.326928808593749,11.995435839843758
65B,mean,7.6875,31.625,21.5,40.875,39.3125,62.375,182.60875,334.770625,4.9971875,1770.428125,98.35718750000001,0.111584375,9.625,46.78125,47.96875,3.7731250000000003,52.332499999999996,53.8159375
65B,var,1.71484375,92.296875,46.8125,186.921875,102.21484375,420.171875,3947.5606671875003,15982.485074609376,2.1366889648437493,1074617.2007027343,3316.621801464844,0.0017754131933593752,16.671875,108.6083984375,108.0302734375,13.096596484374999,53.709,52.33690537109375
662D,mean,6.90625,16.375,14.21875,27.90625,23.28125,42.125,87.82749999999999,197.956875,5.866875,1372.475625,76.24906250000001,0.0659875,0.0,23.53125,23.90625,83.83625,73.2746875,74.1653125
662D,var,3.3349609375,53.359375,53.6708984375,212.5849609375,73.0146484375,479.609375,2180.79210625,15742.349696484376,4.913921484375001,1940097.0377746092,5987.7847334960925,0.0017494417187500003,0.0,55.7490234375,58.1474609375,4138.6556109375,122.58146240234373,120.08168740234376
663B,mean,6.25,13.875,12.625,24.53125,20.125,37.15625,71.87843749999999,169.175625,5.4684375,1180.820625,65.6009375,0.056393750000000006,0.0,23.34375,23.8125,117.43625,75.7146875,76.6153125
663B,var,4.625,48.859375,65.421875,249.4990234375,68.421875,570.0068359375,1960.9796944335937,17622.858587109375,7.772319433593749,1951202.366855859,6022.164145996094,0.0019576305859375,0.0,96.7255859375,102.21484375,16170.4114859375,160.68666240234376,156.12519365234374
664B,mean,10.612903225806452,40.806451612903224,46.193548387096776,88.19354838709677,51.41935483870968,134.38709677419354,258.58483870967734,778.0748387096776,11.407096774193551,9753.05129032258,541.836129032258,0.2593548387096774,14.935483870967742,72.6774193548387,72.83870967741936,21.605161290322588,56.678387096774195,57.85354838709677
664B,var,4.366285119667014,246.22060353798128,390.8657648283039,1498.156087408949,286.69510926118625,3417.6566077003126,14001.141083038501,167646.11828303855,10.437872216441209,54882382.56319833,169389.71094630592,0.018630466347554633,248.31841831425595,653.4443288241415,654.1352757544224,300.1522830385016,74.29771675338189,68.50581644120707
671A,mean,7.96875,34.03125,28.15625,50.65625,42.0,78.8125,197.6509375,426.771875,5.92,2586.2034375000003,143.678125,0.14225625,1.75,50.1875,50.78125,6.7334375,55.9071875,57.2009375
671A,var,0.2802734375,28.2177734375,46.8818359375,114.7880859375,29.8125,304.58984375,1265.9975209960935,11501.405027734376,0.7859624999999999,785923.4440788087,2425.675265234375,0.0012780712109375,7.375,70.02734375,65.7958984375,29.325216308593745,58.26488896484375,56.18710224609376
671B,mean,9.32258064516129,26.967741935483872,30.741935483870968,59.774193548387096,36.29032258064516,90.51612903225806,160.6106451612903,473.22709677419357,10.465806451612904,5121.07129032258,284.50354838709677,0.1577451612903226,12.32258064516129,50.064516129032256,50.064516129032256,10.291290322580647,57.17032258064516,57.17032258064516
671B,var,3.7023933402705516,88.41831425598335,79.9334027055151,297.98126951092615,112.39958376690949,683.411030176899,4369.795464099897,30580.190852861597,4.579482414151925,6690775.9142822055,20650.474216441205,0.003396909573361082,18.99271592091571,196.6409989594173,196.6409989594173,171.61650156087407,50.91518376690947,50.91518376690947
675C,mean,3.625,8.6875,5.84375,11.53125,12.3125,17.375,34.2434375,64.04625,2.4203124999999996,175.21687500000002,9.73625,0.02138125,0.0,12.0625,12.0625,0.0,63.603437500000005,64.073125
675C,var,0.796875,2.83984375,3.4443359375,12.4365234375,6.40234375,28.921875,104.92767880859373,579.9119171875001,0.74291552734375,11869.437746484376,36.6256359375,6.47346484375e-05,0.0,1.37109375,1.37109375,0.0,5.6274288085937485,5.195890234374989
675E,mean,7.0,26.1875,24.40625,45.84375,33.1875,70.25,144.0784375,360.14156249999996,6.026249999999999,2418.6146875000004,134.3678125,0.12003125,7.71875,28.84375,28.875,8.0771875,65.55625,65.55625
675E,var,0.875,37.83984375,74.6162109375,320.5068359375,48.27734375,703.5625,1784.8330319335937,25362.767675683594,2.6994234374999992,3172452.0935436524,9791.468379589844,0.0028186415234375,4.7021484375,88.8818359375,89.109375,15.79315146484375,35.26210468749998,35.26210468749998
676A,mean,1.5625,7.4375,6.5,13.0,9.0,19.5,22.801875,61.54625,1.321875,83.42250000000001,4.633437499999999,0.02050625,0.0,16.21875,13.875,17.339375,83.014375,83.3503125
676A,var,0.43359375,0.87109375,0.5,2.0,2.25,4.5,30.29685273437501,78.5739109375,0.196708984375,1680.516925,5.191122558593751,8.8087109375e-06,0.0,12.9833984375,24.296875,157.84781835937497,34.67148710937499,33.59975302734375
679B,mean,9.0,23.75,27.5,54.375,32.75,81.875,137.405625,412.1953125,10.42125,4322.6909375,240.150625,0.137403125,7.53125,26.75,26.75,5.755,61.0090625,61.0090625
679B,var,1.0,8.3125,6.625,26.109375,9.8125,58.609375,327.19584960937505,2106.5901811523436,3.0557671874999994,1003075.7793147461,3095.9834871093753,0.00023413655273437506,0.5615234375,15.125,15.125,23.6186875,58.28842724609375,58.28842724609375
687A,mean,7.09375,17.625,21.78125,35.9375,24.71875,57.71875,93.41125,268.4446875,7.1790625,1965.1728125000002,109.1771875,0.08947812499999999,19.40625,46.78125,46.78125,10.908750000000001,61.8075,61.8075
687A,var,0.4599609375,9.046875,20.7958984375,58.99609375,11.8271484375,149.4521484375,356.51788593749995,4604.5936061523425,0.43162724609374997,437007.4398764649,1348.8351389648437,0.000511231083984375,29.8037109375,100.7958984375,100.7958984375,25.3931359375,38.13429375,38.13429375
688A,mean,2.96875,4.96875,2.96875,5.9375,7.9375,8.90625,16.16125,26.6409375,1.775,47.565937500000004,2.6425,0.00888125,0.0,11.96875,11.96875,0.0,65.9825,66.5184375
688A,var,0.0302734375,0.0302734375,0.0302734375,0.12109375,0.12109375,0.2724609375,1.2245484374999998,3.9967022460937502,0.019375,33.14784287109376,0.10249375000000005,4.3714843749999986e-07,0.0,0.0302734375,0.0302734375,0.0,0.2109937500000001,0.1907256835937508
688B,mean,2.0,3.0,2.0,3.0,5.0,5.0,6.75,11.61,1.0,11.61,0.64,0.0039,0.0,2.03125,3.03125,0.0,81.91499999999999,82.0546875
688B,var,0.0,0.0,0.0,0.0,0.0,0.0,0.0,0.0,0.0,0.0,0.0,0.0,0.0,0.0302734375,0.0302734375,0.0,0.22397499999999979,0.22562490234375066
68B,mean,6.0,15.0,11.0,22.0,21.0,33.0,74.11,144.95,4.4,637.76,35.43,0.0483,0.375,18.03125,18.03125,0.0,56.815,57.4390625
68B,var,0.0,0.0,0.0,0.0,0.0,0.0,0.0,0.0,0.0,0.0,0.0,0.0,0.984375,1.5927734375,1.5927734375,0.0,0.40114375000000024,0.5699209960937517
698B,mean,7.28125,20.9375,24.03125,44.21875,28.21875,68.25,114.56125,335.69624999999996,7.4909375,2689.4690625,149.4146875,0.111896875,15.40625,51.75,53.03125,5.9834375,53.624375,53.6325
698B,var,1.0146484375,61.68359375,127.3427734375,440.9833984375,67.7333984375,1041.4375,2627.0603171875,39669.615804687506,1.76688349609375,5106570.265533496,15760.950543652345,0.004408092177734376,41.8662109375,356.1875,384.5302734375,37.366853808593746,48.494224609374996,48.525287500000005
699A,mean,8.0,16.0,11.0,21.0,24.0,32.0,88.0,146.72,5.25,770.27,42.79,0.0489,0.0,13.0,13.0,0.0,59.72,60.53
699A,var,0.0,0.0,0.0,0.0,0.0,0.0,0.0,0.0,0.0,0.0,0.0,0.0,0.0,0.0,0.0,0.0,0.0,0.0
703A,mean,2.0,5.0,6.0,12.0,7.0,18.0,13.61,50.53,2.4,121.28,6.74,0.0168,0.0,15.0,15.0,0.0,61.61,62.42
703A,var,0.0,0.0,0.0,0.0,0.0,0.0,0.0,0.0,0.0,0.0,0.0,0.0,0.0,0.0,0.0,0.0,0.0,0.0
710A,mean,6.3125,16.53125,15.40625,27.1875,22.84375,42.59375,84.00125,191.106875,5.116249999999999,988.87,54.93625,0.06371875,0.0,14.0,14.0,0.0,58.20281250000001,59.168125
710A,var,1.15234375,3.0615234375,5.3037109375,31.46484375,6.8193359375,62.4287109375,143.26676093750004,1075.4548089843752,0.49332968749999995,72172.43406874998,222.75195468750002,0.00011939527343749998,0.0,5.5,5.5,0.0,2.9501327148437504,2.701371484375
710B,mean,2.75,4.375,3.125,6.25,7.125,9.375,13.60375,27.525,2.125,81.01874999999998,4.50125,0.009174999999999999,0.0,5.5625,5.5625,0.0,74.15375,74.34062499999999
710B,var,0.9375,0.234375,2.109375,8.4375,2.109375,18.984375,21.645023437499997,240.60037499999996,2.109375,7152.327210937499,22.0978359375,2.6334375000000008e-05,0.0,1.37109375,1.37109375,0.0,13.306598437500021,12.845968359375028
712C,mean,5.65625,15.15625,15.0,31.0,20.8125,46.0,73.75312500000001,200.9903125,5.834687499999999,1194.7196875,66.3728125,0.0670125,0.0,14.8125,14.8125,4.617812499999999,65.76406250000001,66.705625
712C,var,0.4130859375,2.3193359375,3.375,13.5,4.33984375,30.375,102.56432773437504,538.7907717773436,1.0171936523437497,84433.29725927733,260.5647764648438,5.9951093750000014e-05,0.0,7.46484375,7.46484375,27.937235839843748,82.96207412109378,82.55112460937497
714C,mean,6.8125,17.125,12.625,24.4375,23.9375,37.0625,90.1846875,172.26187499999997,4.836875,854.5856250000002,47.4775,0.0574375,7.03125,30.625,31.4375,4.990625,61.4840625,61.575625
714C,var,0.40234375,33.046875,20.421875,86.74609375,36.49609375,191.24609375,1299.7320686523435,7197.915146484374,0.2268152343749999,267088.5843183593,824.32598125,0.0007991123437500002,3.7802734375,19.296875,17.43359375,12.963062109375,69.66949912109376,67.833180859375
715B,mean,10.96774193548387,55.12903225806452,48.32258064516129,94.64516129032258,66.09677419354838,142.96774193548387,361.9654838709677,871.9651612903225,9.610645161290321,8485.03193548387,471.3909677419354,0.29064838709677426,37.38709677419355,130.90322580645162,131.51612903225808,14.753225806451614,48.67129032258065,48.67129032258065
715B,var,2.8699271592091566,405.0156087408949,207.37981269510928,811.3902185223725,445.0551508844953,1837.2570239334025,23628.584792507805,106879.26378626432,2.651631841831426,14738433.001609154,45489.12319583766,0.011874685723204995,211.07596253902184,858.5390218522374,860.0561914672219,32.030615400624356,29.045791883454733,29.045791883454733
716A,mean,3.0,7.0,4.0,8.0,10.0,12.0,24.41,39.86,1.71,68.34,3.8,0.0133,0.0,9.0,9.0,0.0,67.57,67.98
716A,var,0.0,0.0,0.0,0.0,0.0,0.0,0.0,0.0,0.0,0.0,0.0,0.0,0.0,0.0,0.0,0.0,0.0,0.0
717B,mean,7.28125,22.1875,18.4375,36.875,29.46875,55.3125,120.79124999999999,271.72343749999993,6.0621875,1721.9562500000002,95.66375000000001,0.09056875,0.0,13.8125,13.8125,5.3425,58.758125,59.3634375
717B,var,1.1396484375,17.90234375,18.62109375,74.484375,25.4365234375,167.58984375,788.6768359374998,5887.478616308594,1.48769833984375,686591.0511859376,2119.0942234375007,0.0006544602734375,0.0,12.90234375,12.90234375,820.4716500000001,16.691546484374996,16.284560058593748
722B,mean,3.59375,6.84375,4.75,8.875,10.4375,13.625,25.809687500000003,46.3471875,2.3268750000000002,112.0403125,6.225937500000001,0.01545,0.5625,22.34375,22.34375,0.44156249999999997,59.121249999999996,60.2028125
722B,var,0.3037109375,1.3193359375,1.0625,2.734375,2.62109375,7.109375,43.263803027343734,148.57930146484375,0.152958984375,2729.1433280273436,8.41234287109375,1.6457500000000003e-05,2.30859375,11.7880859375,11.7880859375,1.9506006835937502,16.240460937499996,16.66784521484375
723A,mean,1.1875,3.125,1.75,3.5,4.3125,5.25,6.5,13.202499999999999,0.640625,13.613125,0.7543749999999999,0.0044125,0.0,3.5,3.5,0.0,82.1815625,82.31343749999999
723A,var,0.15234375,5.484375,2.4375,9.75,7.46484375,21.9375,87.75,309.59394374999994,0.085693359375,546.7934214843749,1.6893246093749998,3.427734375e-05,0.0,0.8125,0.8125,0.0,22.85768193359373,22.82804130859372
725A,mean,6.78125,15.03125,12.0,23.6875,21.8125,35.6875,78.46312499999999,160.586875,5.272187499999999,899.0275,49.9434375,0.0535125,0.0,16.6875,16.71875,3.6987500000000004,63.59593749999999,64.52000000000001
725A,var,2.0458984375,20.1552734375,19.125,71.27734375,29.02734375,164.15234375,910.1867902343752,5934.6267027343765,0.8925608398437501,543713.2463750001,1678.1253663085938,0.0006599829687500001,0.0,42.33984375,43.4521484375,36.6205609375,28.247830371093748,31.54744375
729E,mean,5.966666666666667,21.533333333333335,22.6,45.1,27.5,67.7,114.00433333333334,334.0826666666666,6.2686666666666655,2427.0053333333335,134.8336666666667,0.11136666666666666,9.7,39.333333333333336,39.333333333333336,22.761999999999997,64.50533333333333,64.53233333333333
729E,var,2.0322222222222224,107.38222222222223,148.04,583.3566666666667,131.38333333333333,1319.0766666666668,4851.298004555555,52352.856632888885,3.7348382222222214,6589322.437931555,20337.777736555556,0.0058155935555555555,28.610000000000003,433.0888888888889,433.0888888888889,586.2826026666667,103.32799822222223,103.59779122222224
730I,mean,5.933333333333334,26.933333333333334,30.266666666666666,56.1,32.86666666666667,86.36666666666666,147.50099999999995,454.67300000000006,6.185333333333333,3906.0113333333334,217.00033333333334,0.15156000000000003,2.6666666666666665,37.333333333333336,42.3,34.98466666666666,69.94766666666668,71.45933333333332
730I,var,4.662222222222224,128.79555555555555,307.32888888888886,1168.1566666666668,178.31555555555553,2668.7655555555552,5972.885469000001,92237.09457433336,14.11929822222222,16198312.779571556,49995.06455655557,0.010248824399999999,17.355555555555554,137.82222222222222,136.9433333333333,568.4475915555556,74.13259788888891,60.557319555555544
733A,mean,4.0,8.21875,5.0,9.21875,12.21875,14.21875,32.9909375,51.35374999999999,2.2434375,115.20937500000001,6.396875,0.017093749999999998,0.0,13.28125,13.28125,12.1896875,79.9359375,80.61125
733A,var,0.0,0.1708984375,0.0,0.1708984375,0.1708984375,0.1708984375,3.506989746093752,4.836835937500001,0.000153808593749998,18.555537109374953,0.05749023437500002,5.537109374999998e-07,0.0,0.2021484375,0.2021484375,34.50813427734376,65.69736787109375,65.74429218750001
740B,mean,3.46875,7.40625,6.03125,11.96875,10.875,18.0,28.4371875,63.2728125,2.8203125,199.09562499999998,11.058125,0.021059374999999998,0.0,15.40625,16.34375,22.034375000000004,84.3115625,84.9703125
740B,var,1.0615234375,7.3037109375,4.2802734375,15.5927734375,12.921875,36.1875,242.28057021484375,942.2177264648438,0.6532592773437501,30774.692924609382,94.99873398437498,0.00010506741210937498,0.0,7.1162109375,6.6005859375,49.606987109375005,24.275169433593746,22.563684277343754
740D,mean,8.1,26.933333333333334,25.266666666666666,47.43333333333333,35.03333333333333,72.7,155.926,383.04800000000006,7.041666666666667,3120.3179999999998,173.35233333333332,0.12768666666666667,11.966666666666667,57.2,58.1,56.885000000000005,66.06266666666667,66.11666666666666
740D,var,4.823333333333333,120.59555555555555,138.72888888888886,494.57888888888886,165.0322222222222,1156.2766666666669,6117.690043999999,47886.627049333336,4.994587222222222,7490519.362549334,23118.663477888887,0.0053212591555555555,65.49888888888889,712.56,718.8233333333334,20048.780331666665,33.65023288888888,33.633955555555545
742B,mean,2.03125,6.0625,3.0625,6.125,8.09375,9.1875,17.86125,27.7778125,1.0274999999999999,29.196875,1.6221875,0.009259375,1.25,11.125,11.125,0.0,66.915625,67.0253125
742B,var,0.0302734375,0.12109375,0.12109375,0.484375,0.2724609375,1.08984375,3.824673437499999,18.75476083984375,0.023443749999999992,149.614052734375,0.46282333984375,2.085537109375e-06,0.9375,2.484375,2.484375,0.0,2.344455859375001,2.6059999023437452
742C,mean,8.96875,14.3125,13.09375,24.0,23.28125,37.09375,83.37625,168.6040625,7.5096875,1274.5915625,70.81031250000001,0.0562,0.75,22.34375,22.34375,0.6421874999999999,55.917500000000004,56.7771875
742C,var,0.0302734375,0.90234375,2.5849609375,7.375,0.8271484375,18.6474609375,24.910579687499997,491.20908037109376,0.29464052734375,62764.04720068359,193.7100405273438,5.457312499999999e-05,5.4375,1.6005859375,1.6005859375,2.23345458984375,17.257031249999997,15.75623896484376
743C,mean,4.0,3.0,5.0,9.0,7.0,14.0,12.75,39.3,6.0,235.82,13.1,0.0131,0.0,5.0,5.0,0.0,73.32,73.59
743C,var,0.0,0.0,0.0,0.0,0.0,0.0,0.0,0.0,0.0,0.0,0.0,0.0,0.0,0.0,0.0,0.0,0.0,0.0
745B,mean,9.433333333333334,24.3,26.7,49.13333333333333,33.733333333333334,75.83333333333333,149.88833333333335,410.9783333333333,9.262333333333334,4883.6033333333335,271.3113333333333,0.13698666666666667,0.1,44.2,44.3,26.823666666666668,58.731,61.492
745B,var,5.045555555555555,303.21,474.7433333333333,1658.9155555555558,374.9288888888889,3907.405555555556,15564.763773888893,176277.09308722225,8.749231222222223,49046346.859695554,151377.33512488892,0.019585784488888886,0.2899999999999999,461.8266666666667,465.27666666666664,7942.247183222222,71.87494899999999,69.43068266666666
747C,mean,5.0,9.0,7.0,13.0,14.0,20.0,40.14,76.15,3.61,274.98,15.28,0.0254,0.0,16.0625,17.0625,6.226875,73.60125,74.40187499999999
747C,var,0.0,0.0,0.0,0.0,0.0,0.0,0.0,0.0,0.0,0.0,0.0,0.0,0.0,0.05859375,0.05859375,0.008021484375000006,0.05177343749999976,0.0506777343749992
74B,mean,10.21875,31.6875,43.25,79.46875,41.90625,122.71875,193.44625,664.8040625,12.835625,8689.174687499999,482.7315625,0.22160625,0.0,59.9375,59.9375,23.974062500000002,63.3275,66.24312499999999
74B,var,2.4833984375,48.08984375,105.9375,366.1865234375,58.5224609375,864.3271484375,2406.0040046875006,39630.04690537109,4.446024609375,14016852.504049903,43262.026925683596,0.0044036993359375,0.0,233.87109375,233.87109375,41.61218037109376,16.875806249999997,13.078071484374998
753A,mean,4.875,8.40625,8.96875,16.9375,13.28125,25.90625,37.214375000000004,96.941875,4.8990625,487.99625000000003,27.11,0.032340625,0.0,16.40625,16.40625,0.0,59.154375,59.694375
753A,var,0.734375,2.0537109375,1.8427734375,7.37109375,4.7021484375,16.5849609375,96.66951210937499,465.011983984375,0.59592724609375,42248.129342187494,130.39201874999998,5.154803710937499e-05,0.0,3.5537109375,3.5537109375,0.0,1.4589433593749979,1.2845246093749993
756A,mean,7.0,12.25,10.125,18.25,19.25,28.375,63.955312500000005,121.13374999999999,5.2109375,633.884375,35.2140625,0.040346875000000004,6.875,23.875,23.875,4.045,65.320625,65.32875
756A,var,0.0,0.4375,0.671875,2.6875,0.4375,6.046875,11.664818652343751,138.38737968749996,0.09051474609374999,9021.807055859375,27.84157412109375,1.5454990234374995e-05,0.109375,0.171875,0.171875,4.87011875,19.052437109374992,19.092579687499992
758C,mean,11.9375,36.5625,50.53125,99.875,48.5,150.40625,235.37437500000001,858.9546875,15.941874999999998,14952.919375,830.7171874999999,0.28630937500000003,0.0,56.71875,56.875,15.942499999999999,59.274375,62.5859375
758C,var,1.37109375,162.24609375,610.1865234375,2419.359375,175.3125,5458.9287109375,8412.552930859376,249217.32133115234,13.344871484375002,134247192.45692462,414344.3918014649,0.02768956647460938,0.0,537.5771484375,537.234375,114.92051875000001,37.479137109374996,23.999192871093747
761C,mean,6.96875,28.8125,17.84375,35.78125,35.78125,53.625,159.3103125,276.905625,4.3256250000000005,1201.716875,66.764375,0.09233437500000001,0.0,37.71875,37.71875,7.6696875,61.575937499999995,64.25343749999999
761C,var,0.0927734375,3.21484375,1.0068359375,4.6708984375,4.0458984375,9.984375,145.36055302734377,418.01149335937504,0.048755859375,17989.889715234374,55.52862460937501,4.6525380859374995e-05,0.0,3.9521484375,3.9521484375,3.7262092773437496,4.220636621093746,4.064378808593752
762C,mean,12.0,40.3125,49.28125,90.1875,52.3125,139.46875,258.88374999999996,799.9181249999999,13.420625000000001,11049.771875,613.8756249999999,0.2666375,7.125,58.9375,60.34375,10.254375,55.142812500000005,57.21875
762C,var,0.9375,46.15234375,146.5146484375,428.52734375,51.08984375,1071.7490234375,2301.9177296875005,44863.17604648438,5.191993359374999,17982382.696158983,55500.99850585937,0.00498313609375,124.796875,218.05859375,222.1630859375,25.818649609375,33.72225146484375,27.731729687499993
763C,mean,9.9375,38.1875,36.75,69.875,48.125,106.625,238.27343750000003,610.480625,8.971562500000001,6191.30875,343.96125,0.20350000000000001,11.3125,67.96875,68.0625,11.641875,54.0275,53.976875
763C,var,3.18359375,254.46484375,342.125,1229.546875,299.359375,2865.296875,13588.409660058594,132224.63588710938,5.67297568359375,31234296.674829688,96401.8770109375,0.01469225125,107.83984375,715.2177734375,720.30859375,172.847802734375,94.67405000000001,95.09652773437502
766C,mean,6.90625,25.65625,21.65625,42.78125,32.5625,64.4375,139.5796875,324.5128125,5.759375,1905.9465625,105.88593750000001,0.10816875000000001,0.0,24.90625,24.90625,3.2675,60.652812499999996,61.405625
766C,var,0.4599609375,6.1630859375,10.5380859375,35.7958984375,8.55859375,84.55859375,287.5439217773438,2889.9292889648436,0.7108433593749999,323218.2110350586,997.5619366210939,0.00032120464843749994,0.0,3.9599609375,3.9599609375,3.146025,26.90088896484376,27.007468359374997
776A,mean,1.03125,2.09375,1.09375,2.15625,3.125,3.25,2.3203125,5.4175,0.52625,3.0196875,0.1653125,0.0018218750000000001,0.0,12.40625,12.40625,0.0,70.6490625,71.18375
776A,var,0.0302734375,0.0849609375,0.0849609375,0.2568359375,0.171875,0.625,1.07513427734375,4.3102125000000004,0.008929687500000002,4.22710302734375,0.01288740234375,4.760839843749999e-07,0.0,1.3037109375,1.3037109375,0.0,1.854627246093755,1.7449109375000027
777A,mean,2.8125,7.15625,5.4375,10.65625,9.96875,16.09375,25.0896875,55.661562499999995,2.0634375,150.14468749999997,8.341874999999998,0.018556249999999996,0.0,14.0625,11.59375,31.1278125,87.8971875,88.456875
777A,var,0.46484375,4.5068359375,8.87109375,33.4130859375,7.4677734375,76.6474609375,118.78577177734374,1271.5212944335935,1.05594130859375,28369.224468652345,87.556058984375,0.00014107246093750004,0.0,23.68359375,23.5537109375,360.0108045898437,82.53069521484373,80.44524023437504
777E,mean,6.84375,15.9375,13.46875,23.375,22.78125,36.84375,84.2234375,169.0515625,4.970625,950.8075,52.822500000000005,0.05635,7.96875,34.625,34.875,26.956562500000004,73.84812500000001,73.84812500000001
777E,var,3.4443359375,28.43359375,23.1865234375,86.171875,46.7958984375,197.2568359375,1305.6191163085937,6162.243963183594,2.855487109375,503200.99374375003,1553.14605625,0.000685400625,4.7177734375,62.421875,62.609375,270.5657475585938,33.066852734375,33.066852734375
779B,mean,6.0,11.65625,10.625,21.125,17.65625,31.75,57.0065625,131.7025,5.4815625,720.5640625000001,40.0325,0.04391875,0.0,19.125,19.125,6.369375,70.28875000000001,71.0359375
779B,var,0.0625,3.1630859375,1.171875,5.234375,3.6630859375,11.25,90.42651630859378,359.023725,0.22871318359374998,12322.287699121094,38.03146250000002,3.990339843750001e-05,0.0,4.921875,4.921875,12.364130859374999,20.86882343749999,20.70354287109376
77A,mean,9.71875,23.90625,18.59375,36.3125,33.625,54.90625,142.071875,279.395625,7.411875,2159.87,119.99374999999999,0.093125,16.40625,48.0,48.5,11.8578125,60.75375,61.09375
77A,var,1.1396484375,21.7099609375,19.3037109375,80.71484375,28.421875,178.3974609375,1002.540346484375,5918.349987109374,2.4106964843750003,1056929.13451875,3262.1404671875,0.0006574224999999999,63.3037109375,48.1875,53.3125,91.64100458984376,24.596210937499997,25.15822968749999
780C,mean,5.1875,11.8125,14.34375,28.6875,17.0,43.03125,54.6084375,176.383125,6.2928125,1132.826875,62.934374999999996,0.058800000000000005,10.34375,38.5625,39.5625,0.0946875,48.45343749999999,48.45343749999999
780C,var,0.33984375,2.83984375,6.0380859375,24.15234375,4.25,54.3427734375,101.34974443359377,1300.5061527343748,0.83512021484375,139976.83399648435,432.057087109375,0.00014446437500000004,0.9755859375,10.30859375,10.30859375,0.2779374023437499,6.972985058593751,6.972985058593751
789C,mean,5.6875,14.0625,13.4375,25.125,19.75,38.5625,68.221875,166.66625,5.113125,877.2171874999999,48.7353125,0.055553124999999995,0.0,23.53125,23.53125,0.0,53.732812499999994,54.7296875
789C,var,0.40234375,5.18359375,5.24609375,24.671875,7.125,52.12109375,177.73388398437504,1435.9332296875,0.875227734375,114959.91706396487,354.8310311523437,0.00015943561523437498,0.0,15.1865234375,15.1865234375,0.0,5.694345214843752,4.694071777343751
78A,mean,3.0,6.0,3.0,6.0,9.0,9.0,20.26,28.53,1.5,42.79,2.38,0.0095,3.0,17.65625,17.65625,4.6831249999999995,72.3021875,72.703125
78A,var,0.0,0.0,0.0,0.0,0.0,0.0,0.0,0.0,0.0,0.0,0.0,0.0,0.0,1.8505859375,1.8505859375,11.794865234374997,41.267685839843764,41.25185273437499
790A,mean,5.615384615384615,14.076923076923077,9.961538461538462,19.923076923076923,19.692307692307693,29.884615384615383,67.84692307692306,128.75653846153844,3.9869230769230772,524.1565384615385,29.118846153846157,0.042903846153846154,0.0,12.846153846153847,12.846153846153847,12.784230769230769,75.82923076923078,76.495
790A,var,0.6982248520710059,1.1479289940828403,1.2677514792899411,5.071005917159765,3.21301775147929,11.409763313609467,65.0658674556213,313.42136878698216,0.5032520710059173,18466.63893801775,56.99212559171598,3.475036982248522e-05,0.0,1.2840236686390534,1.2840236686390534,103.64730133136092,103.23512248520711,103.53434038461536
791C,mean,5.461538461538462,14.26923076923077,10.0,20.0,19.73076923076923,30.0,68.27653846153846,129.4680769230769,3.8369230769230773,510.3492307692308,28.351923076923075,0.04314615384615384,0.0,11.884615384615385,11.884615384615385,12.565384615384614,75.83538461538461,76.4773076923077
791C,var,0.5562130177514794,2.0428994082840237,2.1538461538461537,8.615384615384615,4.119822485207101,19.384615384615383,95.05122263313608,542.0177463017749,0.48229053254437876,28097.49022248521,86.72210014792901,6.014710059171597e-05,0.0,2.6405325443786984,2.6405325443786984,122.6760017751479,140.69560177514796,140.1317350591716
798C,mean,9.03125,18.1875,23.03125,44.65625,27.21875,67.6875,105.2596875,323.73812499999997,11.11625,3656.7815625000003,203.15468750000002,0.10790625000000001,8.625,33.84375,34.4375,6.660625,59.575625,59.815625
798C,var,0.9052734375,10.65234375,15.5927734375,52.9755859375,16.4208984375,125.83984375,500.5068217773437,4640.793952734376,1.5039671875000002,1160861.5032256837,3582.870574902343,0.0005151287109375,15.734375,17.4443359375,18.30859375,24.149374609375,68.86057460937499,67.865487109375
799B,mean,2.65625,4.3125,4.6875,8.3125,6.96875,13.0,13.6040625,41.678124999999994,2.4625,234.0084375,12.997812500000002,0.013906249999999998,6.21875,30.5,32.375,4.5865625,69.1196875,69.1496875
799B,var,0.9130859375,3.65234375,21.08984375,84.40234375,8.2177734375,189.8125,105.38416162109377,2682.900146484375,6.461343749999999,169098.30923193358,522.0187358398439,0.00029737871093749995,0.1708984375,23.5,41.359375,4.0862850585937505,32.14336552734374,31.584371777343744
799D,mean,9.9375,39.8125,37.15625,72.65625,49.75,109.8125,247.06374999999997,627.556875,8.977812499999999,6081.656875,337.869375,0.209190625,13.375,48.5625,48.59375,15.959375,62.1834375,62.1790625
799D,var,4.05859375,131.77734375,185.3193359375,723.7255859375,162.75,1640.27734375,7274.036879687501,76924.96299648436,5.033873339843749,15172172.150621485,46827.84257460937,0.008549520849609374,27.484375,72.62109375,72.8037109375,100.94468710937498,32.97467255859375,32.97669599609375
79B,mean,10.625,31.65625,29.90625,59.8125,42.28125,89.71875,194.13093750000002,485.1128125,10.00625,4922.5209374999995,273.4740625,0.161709375,11.8125,52.4375,52.625,12.3153125,60.731875,60.8671875
79B,var,0.484375,3.6005859375,15.8974609375,63.58984375,4.9521484375,143.0771484375,184.30462099609386,4758.592632714843,1.3195234375,1265347.704452246,3905.4400053710933,0.0005283083496093749,1.83984375,47.43359375,46.046875,33.633937402343754,15.982821484375012,15.977388964843753
802D,mean,4.96875,13.15625,7.40625,14.8125,18.125,22.21875,60.4759375,93.023125,2.7953124999999996,263.50874999999996,14.6415625,0.031021874999999997,2.09375,13.03125,13.03125,6.3003125,72.30156249999999,72.5575
802D,var,0.0927734375,1.1318359375,0.8662109375,3.46484375,1.609375,7.7958984375,42.685505371093754,207.7237902343751,0.08462490234375004,5644.750548437501,17.427481933593754,2.3069833984375004e-05,0.0849609375,0.4677734375,0.4677734375,36.06534052734375,71.44450068359373,71.2519375
802E,mean,5.84375,16.0,12.5,25.0,21.84375,37.5,79.38125000000001,167.93781249999998,4.5615625,789.014375,43.8334375,0.055981249999999996,3.90625,21.15625,22.125,12.9140625,71.68718750000001,71.68718750000001
802E,var,0.3818359375,9.125,7.4375,29.75,12.1318359375,66.9375,312.3301359375,1810.1906358398437,0.49873818359375,71152.29168085937,219.58694755859375,0.0002011440234375,0.2099609375,3.1943359375,3.359375,185.7669616210937,56.17525771484376,56.17525771484376
802F,mean,5.09375,14.65625,10.0,20.0,19.75,30.0,68.8703125,129.22937499999998,3.4840625000000003,452.5703125,25.144687499999996,0.043078125,5.4375,23.21875,23.9375,4.823125,66.6171875,66.48656249999999
802F,var,0.0849609375,2.6630859375,0.9375,3.75,3.5,8.4375,95.43129052734373,261.1586871093749,0.06869912109374998,6681.551896777344,20.62283115234375,2.8958583984375004e-05,0.30859375,3.2333984375,2.80859375,4.884271484375001,18.815826464843738,18.84885380859375
803A,mean,7.46875,9.6875,11.5625,21.125,17.15625,32.6875,53.559062499999996,134.2528125,8.168437500000001,1098.5359374999998,61.0290625,0.044721875,0.0,23.5625,23.5625,0.0,53.55531250000001,55.2403125
803A,var,0.2490234375,1.90234375,1.43359375,5.734375,2.8818359375,12.90234375,65.41225849609374,381.2010327148438,0.2509319335937501,36816.36866162109,113.63090224609377,4.251170898437498e-05,0.0,5.49609375,5.49609375,0.0,0.9568561523437511,0.8165780273437531
805D,mean,5.0,13.0,8.0,16.0,18.0,24.0,59.72,100.08,3.08,307.93,17.11,0.0334,0.0,11.0,11.0,1.9884374999999999,66.61281249999999,67.02062500000001
805D,var,0.0,0.0,0.0,0.0,0.0,0.0,0.0,0.0,0.0,0.0,0.0,0.0,0.0,0.0,0.0,14.121013183593748,50.030876464843786,49.972412109374964
808D,mean,8.9375,13.65625,15.6875,29.25,22.59375,44.9375,79.8259375,202.1615625,9.68,1984.4846874999998,110.25218749999999,0.06740625,0.0,37.03125,37.03125,1.678125,52.7903125,54.343125
808D,var,0.55859375,0.6630859375,1.65234375,5.625,1.0537109375,13.24609375,25.94179287109373,324.5823444335939,2.8204937500000007,242357.62181865232,747.9913295898438,3.606746093750002e-05,0.0,3.7802734375,3.7802734375,6.217733984375,35.522234277343735,35.35180898437501
809B,mean,7.59375,15.59375,21.46875,40.8125,23.1875,62.28125,85.2321875,289.1684375,9.935625,3505.71625,194.76218749999998,0.09639062500000001,8.3125,39.15625,39.15625,2.6496874999999998,53.3140625,53.590624999999996
809B,var,3.1162109375,21.1787109375,114.7490234375,395.40234375,36.33984375,933.7646484375,1002.7972983398438,26863.803163183595,19.231955859375,12032040.271929687,37136.282879589846,0.002984686474609375,35.02734375,295.8193359375,295.8193359375,17.42944677734375,36.329780371093754,35.39764335937501
810D,mean,7.5625,16.40625,21.90625,41.28125,23.96875,63.1875,89.1096875,293.32875,9.43375,3434.5875,190.80968750000002,0.097778125,8.28125,38.8125,38.8125,1.7996875,51.8284375,52.0715625
810D,var,2.37109375,13.3037109375,113.8349609375,435.8271484375,24.2802734375,992.40234375,649.8568842773437,24373.592498437498,20.1509109375,16461596.604712497,50807.76404052734,0.002708417958984375,37.8271484375,293.58984375,293.58984375,9.54484052734375,23.847119433593758,22.66184443359375
814A,mean,4.03125,7.59375,4.5625,9.125,11.625,13.6875,30.361874999999998,48.5403125,2.4171875,118.29249999999999,6.5715625,0.01615,0.15625,14.71875,14.71875,1.09375,63.712812500000005,64.575
814A,var,0.0302734375,0.4287109375,0.30859375,1.234375,0.609375,2.77734375,11.330496484375004,51.66650927734378,0.021626464843749995,655.5044437499998,2.0260131835937507,5.7624999999999995e-06,0.7568359375,3.0771484375,3.0771484375,11.6943359375,25.16122021484376,25.010681250000008
814D,mean,10.375,33.34375,25.4375,48.3125,43.71875,73.75,203.9928125,401.9278125,7.541874999999999,3064.1121875,170.2296875,0.133978125,0.34375,32.84375,33.5,7.946875,60.570625,61.911874999999995
814D,var,1.796875,7.1630859375,6.24609375,16.33984375,12.3896484375,42.4375,452.00974521484363,1601.9468670898436,1.3082214843749997,491898.6787170899,1518.1732842773438,0.00017811795898437497,3.6630859375,26.0068359375,25.9375,43.176540234375,51.825230859375,51.72000898437499
818B,mean,10.5,23.71875,25.21875,46.0625,34.21875,71.28125,144.44624999999996,364.80125,10.185312500000002,3805.24625,211.40468750000002,0.12159687500000001,0.0,45.1875,46.1875,9.8790625,60.97624999999999,63.0259375
818B,var,1.0625,13.7646484375,21.4833984375,74.87109375,19.6708984375,176.2021484375,678.7569234375001,6674.3289734375,1.9753999023437498,2130452.1630984377,6575.328118652344,0.0007417684277343749,0.0,41.08984375,40.77734375,14.841889746093749,13.6025421875,13.255130371093749
819E,mean,7.25,14.21875,18.0625,35.46875,21.46875,53.53125,76.8090625,242.25187499999998,8.9196875,2361.3240625,131.1853125,0.08075625,0.0,31.28125,31.28125,0.0,50.30500000000001,51.4421875
819E,var,2.8125,26.8583984375,58.62109375,242.9990234375,39.5615234375,540.2490234375,1034.7583334960939,16048.751508984375,5.49171552734375,2331210.929974121,7195.080062402343,0.0017831062109375001,0.0,66.5771484375,66.5771484375,0.0,13.568206249999998,11.900779589843747
822C,mean,9.5,33.3125,41.78125,76.9375,42.8125,118.71875,200.8625,652.17125,10.7703125,7608.269375,422.68125,0.21739375,29.03125,99.53125,99.78125,26.589062499999997,58.726875,58.726875
822C,var,1.0,66.27734375,252.8583984375,810.18359375,77.46484375,1966.2021484375,3141.9394875000003,76134.62429218751,6.051353027343749,21249440.37476211,65584.7692421875,0.0084614687109375,63.2177734375,793.1865234375,771.3583984375,43.21655849609375,23.567027734374996,23.567027734374996
828A,mean,4.0,8.0,12.0,24.0,12.0,36.0,32.0,129.06,6.0,774.35,43.02,0.043,0.0,22.0,22.0,5.1175,68.075,69.015
828A,var,0.0,0.0,0.0,0.0,0.0,0.0,0.0,0.0,0.0,0.0,0.0,0.0,0.0,0.0,0.0,2.25439375,2.3143749999999947,2.314375000000009
830B,mean,3.9375,9.34375,8.34375,14.125,13.28125,22.46875,39.15625,85.9925,3.015,267.485625,14.8584375,0.028684374999999998,4.125,23.875,23.875,12.7246875,74.2215625,74.2215625
830B,var,0.18359375,19.2255859375,9.0380859375,43.734375,20.7021484375,92.3115234375,532.7460234375,2660.7763812499998,0.21076875,45789.89783085937,141.32045693359376,0.000295738193359375,0.109375,3.296875,3.296875,52.22003740234375,37.017056933593764,37.017056933593764
834A,mean,4.8125,12.0,10.34375,20.6875,16.8125,31.03125,54.519687499999996,127.4390625,4.173125000000001,538.3540625,29.908125,0.0424875,0.15625,15.0,15.0625,0.0,59.1646875,59.8696875
834A,var,0.21484375,13.25,8.0380859375,32.15234375,14.96484375,72.3427734375,482.42526552734364,2581.4357397460926,0.2173339843749999,72043.91982412111,222.34482773437497,0.00028649546874999997,0.7568359375,12.1875,14.18359375,0.0,7.691824902343753,6.015384277343744
835A,mean,3.0,12.0,8.0,16.0,15.0,24.0,47.77,93.77,2.0,187.53,10.42,0.0313,0.0,9.0,9.0,0.0,64.97,65.38
835A,var,0.0,0.0,0.0,0.0,0.0,0.0,0.0,0.0,0.0,0.0,0.0,0.0,0.0,0.0,0.0,0.0,0.0,0.0
835E,mean,11.275862068965518,31.82758620689655,36.10344827586207,69.3103448275862,43.10344827586207,105.41379310344827,200.26448275862066,579.9648275862069,12.168620689655173,7654.998965517241,425.27827586206894,0.19332068965517238,17.413793103448278,50.89655172413793,51.310344827586206,6.689655172413793,46.41724137931034,46.542758620689646
835E,var,2.613555291319858,83.935790725327,204.43757431629012,731.3174791914388,107.54102259215219,1707.4839476813318,4376.764755766944,73723.97283876337,6.732501545778834,38006883.51187134,117305.51942806183,0.008190818882282997,31.139120095124852,491.05826397146257,539.4554102259216,496.44947919143874,48.4139372175981,48.423675148632576
838D,mean,8.59375,45.84375,44.75,88.65625,54.4375,133.40625,281.88250000000005,775.7875,8.294374999999999,6667.8834375,370.4375,0.25860312500000004,3.84375,26.46875,26.46875,6.3062499999999995,60.5353125,61.01375
838D,var,1.1162109375,113.5068359375,119.4375,462.9130859375,136.24609375,1052.6162109375,5600.92708125,47090.6024,1.239018359375,5137140.711091308,15855.23475,0.005231556552734376,3.0693359375,23.0615234375,23.0615234375,90.83691093750001,19.538812402343748,20.387835937500004
839C,mean,5.806451612903226,12.387096774193548,10.935483870967742,20.161290322580644,18.193548387096776,31.096774193548388,60.292258064516126,131.2574193548387,4.7129032258064525,628.9183870967744,34.9383870967742,0.04374516129032258,8.387096774193548,26.967741935483872,26.967741935483872,0.23903225806451614,53.546774193548394,53.546774193548394
839C,var,0.8012486992715923,9.011446409989595,7.09261186264308,26.97398543184183,10.93028095733611,61.50676378772114,283.35974006243487,1748.4487546305932,0.5884528616024972,64743.71093610821,199.913181269511,0.0001942366701352758,0.49531737773152956,12.869927159209155,12.869927159209155,1.7140926118626436,11.126970239334021,11.126970239334021
85A,mean,4.96875,7.96875,7.09375,13.1875,12.9375,20.28125,35.79875,76.329375,4.0309375,321.35531249999997,17.8521875,0.025434375000000002,0.0,18.5625,18.78125,3.6912499999999997,67.9625,68.6715625
85A,var,0.0927734375,5.7177734375,7.7099609375,30.83984375,6.12109375,69.3896484375,140.52196093749995,1580.766662109375,0.18217724609374988,50693.579499902335,156.47085458984375,0.00017583350585937503,0.0,6.62109375,7.1083984375,6.2076484375,50.42324999999998,49.12171318359375
86A,mean,7.28125,20.03125,17.1875,31.375,27.3125,48.5625,108.315625,234.054375,5.645,1429.0015625,79.3890625,0.078015625,3.40625,32.21875,32.375,9.9775,67.020625,67.82093750000001
86A,var,2.5771484375,16.7177734375,30.02734375,93.921875,26.21484375,228.37109375,788.134055859375,7166.609093359374,2.5781875000000003,740211.0588944335,2284.6203022460936,0.0007961313183593752,7.0537109375,48.1708984375,52.046875,13.921937499999999,12.407074609374998,11.14925849609375
8E,mean,10.266666666666667,34.666666666666664,37.43333333333333,70.4,44.93333333333333,107.83333333333333,215.05766666666673,599.5496666666666,10.543333333333335,6469.692666666667,359.4266666666667,0.19985,13.366666666666667,56.5,57.0,39.67966666666668,67.022,66.99533333333333
8E,var,1.7955555555555553,161.35555555555553,160.57888888888888,613.7066666666666,179.59555555555553,1399.7388888888888,7980.6466912222195,66805.51244322224,2.9650488888888886,11028967.916072888,34039.961968888885,0.007420693833333331,36.16555555555555,247.18333333333334,213.2,517.7325965555555,19.561716000000004,19.68421822222222
90B,mean,2.28125,7.09375,4.34375,8.625,9.375,12.96875,23.050937499999996,42.2428125,1.4112500000000001,64.27687499999999,3.57375,0.014090624999999999,0.0,12.5625,12.59375,13.5796875,79.655625,80.79624999999999
90B,var,0.3271484375,2.0224609375,1.0380859375,3.109375,3.421875,7.7177734375,57.995914746093746,175.27007021484374,0.22465468750000006,1794.396008984375,5.5299109375,1.9358974609375005e-05,0.0,7.80859375,8.0537109375,96.13337177734374,110.05602460937496,110.23607343749998
93A,mean,7.15625,31.09375,31.65625,63.46875,38.25,95.125,174.70531250000002,500.823125,7.3021875000000005,3684.166875,204.67624999999998,0.16693750000000002,11.46875,18.84375,18.84375,0.3440625,52.738749999999996,52.738749999999996
93A,var,0.2568359375,8.2724609375,12.7880859375,48.6240234375,9.75,111.171875,393.3336311523438,4592.750421484374,0.42060458984375,689398.5400652343,2127.6799734375,0.00050987546875,1.2490234375,10.6318359375,10.6318359375,1.8103741210937498,15.593317187499997,15.593317187499997
94C,mean,7.03125,31.125,31.625,63.4375,38.15625,95.0625,174.3284375,500.09656249999995,7.1578125,3590.89375,199.49406249999998,0.166690625,11.15625,18.28125,18.28125,0.0,52.140625,52.1784375
94C,var,0.1552734375,6.546875,12.796875,46.80859375,6.4443359375,108.43359375,269.5611756835937,4140.473228808594,0.27612333984375,367841.8950671874,1135.3597928710935,0.00045974459960937506,5.2568359375,6.3271484375,6.3271484375,0.0,2.879249609374998,3.2199756835937485
98B,mean,5.741935483870968,13.03225806451613,10.870967741935484,21.741935483870968,18.774193548387096,32.61290322580645,63.62580645161291,140.8264516129032,4.75774193548387,742.3135483870968,41.23935483870968,0.04694193548387097,2.7096774193548385,18.032258064516128,18.032258064516128,6.053225806451613,66.0941935483871,66.12483870967742
98B,var,1.1592091571279917,15.257023933402703,22.112382934443293,88.44953173777317,20.23933402705515,199.01144640998956,558.1097662851198,5808.732074505724,2.0558819979188345,397316.1197583767,1226.3515092611858,0.0006452740478668055,2.0124869927159206,25.12799167533819,25.12799167533819,91.18964765868887,79.61255983350677,79.57619916753382
99C,mean,4.0,41.59375,34.9375,72.53125,45.59375,107.46875,244.4875,623.9146875,3.4850000000000003,2767.38625,153.7434375,0.207984375,23.1875,48.5625,46.375,16.57125,55.2884375,55.419062499999995
99C,var,3.625,891.0537109375,621.24609375,2713.1865234375,929.0537109375,5919.7490234375,50913.60003750001,300678.2357311523,5.0054437499999995,12724763.687667187,39273.890460058596,0.03341089569335938,189.90234375,433.24609375,376.671875,759.5724796875,156.8539694335938,155.9511022460938
ALL,mean,6.084134236647235,18.298881361273043,17.162911611785095,33.14447770600284,24.383015597920277,50.30738931778793,100.2730833464629,253.43113912084448,5.476557428706475,2085.942938396093,115.88565148889239,0.08447721758311012,4.140381282495667,27.59713250354498,27.785095320623917,8.902780841342366,63.28630691665354,63.96255396250197
ALL,var,7.310709361529916,219.0934334422034,252.156538426566,962.4144499674801,282.9698895669538,2197.472393798802,10485.321515040005,89665.54377672351,10.970348303106546,14379042.341037292,44379.792618525455,0.009962727724226015,63.798002249455855,517.0277088091326,513.4225413608525,808.4054778033952,123.39344610589669,119.94764910985786
