problem,pass_num,h1,h2,N1,N2,vocabulary,length,calculated_length,volume,difficulty,effort,time_sec,bugs,cyclomatic,sloc,lloc,comment_rate,mi_std,mi_custom
586C,1,9.0,72.0,94.0,384.0,81.0,478.0,472.76,3030.45,24.0,72730.76,4040.6,1.0101,14.0,67.0,52.0,0.1,51.79,33.91
586C,2,9.0,79.0,90.0,377.0,88.0,467.0,526.53,3016.55,21.47,64779.55,3598.86,1.0055,11.0,63.0,50.0,0.06,48.59,34.91
586C,3,7.0,53.0,73.0,334.0,60.0,407.0,323.23,2404.1,22.06,53026.38,2945.91,0.8014,14.0,49.0,41.0,0.0,37.57,37.57
586C,4,9.0,60.0,71.0,309.0,69.0,380.0,382.94,2321.24,23.18,53794.72,2988.6,0.7737,10.0,51.0,49.0,0.0,37.84,37.84
586C,5,9.0,57.0,76.0,395.0,66.0,471.0,361.0,2846.91,31.18,88778.63,4932.15,0.949,14.0,63.0,60.0,0.02,42.25,34.68
586C,6,8.0,63.0,90.0,368.0,71.0,458.0,400.57,2816.58,23.37,65809.71,3656.1,0.9389,17.0,54.0,51.0,0.02,43.96,35.77
586C,7,9.0,57.0,89.0,360.0,66.0,449.0,361.0,2713.93,28.42,77132.83,4285.16,0.9046,16.0,53.0,44.0,0.02,44.98,36.19
586C,8,8.0,50.0,72.0,328.0,58.0,400.0,306.19,2343.19,26.24,61485.37,3415.85,0.7811,12.0,50.0,41.0,0.0,37.73,37.73
586C,9,9.0,59.0,81.0,408.0,68.0,489.0,375.61,2976.77,31.12,92633.03,5146.28,0.9923,15.0,63.0,60.0,0.02,41.98,34.41
586C,10,9.0,59.0,81.0,408.0,68.0,489.0,375.61,2976.77,31.12,92633.03,5146.28,0.9923,15.0,63.0,60.0,0.02,41.98,34.41
586C,11,9.0,63.0,75.0,348.0,72.0,423.0,405.1,2609.88,24.86,64874.12,3604.12,0.87,12.0,58.0,55.0,0.02,43.89,36.0
586C,13,9.0,57.0,76.0,395.0,66.0,471.0,361.0,2846.91,31.18,88778.63,4932.15,0.949,14.0,63.0,60.0,0.02,42.25,34.68
586C,14,8.0,88.0,138.0,470.0,96.0,608.0,592.43,4003.66,21.36,85532.68,4751.82,1.3346,16.0,75.0,62.0,0.15,52.58,31.72
586C,15,8.0,59.0,87.0,384.0,67.0,471.0,371.08,2857.13,26.03,74382.18,4132.34,0.9524,13.0,64.0,55.0,0.0,34.65,34.65
586C,16,9.0,54.0,77.0,353.0,63.0,430.0,339.29,2570.23,29.42,75607.61,4200.42,0.8567,13.0,55.0,53.0,0.0,36.41,36.41
586C,17,9.0,61.0,80.0,324.0,70.0,404.0,390.3,2476.23,23.9,59185.96,3288.11,0.8254,10.0,59.0,47.0,0.06,50.31,36.26
586C,18,9.0,59.0,75.0,343.0,68.0,418.0,375.61,2544.56,26.16,66568.26,3698.24,0.8482,10.0,54.0,52.0,0.0,37.02,37.02
586C,19,9.0,54.0,70.0,333.0,63.0,403.0,339.29,2408.84,27.75,66845.42,3713.63,0.8029,11.0,54.0,52.0,0.0,37.05,37.05
586C,20,9.0,54.0,82.0,444.0,63.0,526.0,339.29,3144.05,37.0,116329.82,6462.77,1.048,16.0,71.0,69.0,0.0,32.98,32.98
586C,21,9.0,57.0,66.0,270.0,66.0,336.0,361.0,2030.92,21.32,43290.59,2405.03,0.677,9.0,40.0,38.0,0.0,40.68,40.68
586C,22,9.0,59.0,84.0,337.0,68.0,421.0,375.61,2562.82,25.7,65873.21,3659.62,0.8543,16.0,48.0,46.0,0.0,37.31,37.31
586C,23,8.0,53.0,75.0,359.0,61.0,434.0,327.58,2573.94,27.09,69739.2,3874.4,0.858,11.0,53.0,44.0,0.0,37.03,37.03
586C,24,9.0,59.0,81.0,408.0,68.0,489.0,375.61,2976.77,31.12,92633.03,5146.28,0.9923,15.0,63.0,60.0,0.02,41.98,34.41
586C,25,9.0,64.0,73.0,311.0,73.0,384.0,412.53,2376.89,21.87,51975.96,2887.55,0.7923,10.0,50.0,46.0,0.04,49.82,37.95
586C,26,9.0,63.0,78.0,347.0,72.0,425.0,405.1,2622.22,24.79,64993.55,3610.75,0.8741,12.0,56.0,52.0,0.04,47.53,36.31
586C,27,9.0,66.0,72.0,286.0,75.0,358.0,427.46,2229.92,19.5,43483.38,2415.74,0.7433,8.0,50.0,37.0,0.1,55.86,38.42
586C,28,9.0,56.0,85.0,344.0,65.0,429.0,353.74,2583.6,27.64,71417.97,3967.66,0.8612,14.0,61.0,59.0,0.0,35.28,35.28
586C,29,8.0,64.0,79.0,331.0,72.0,410.0,408.0,2529.67,20.69,52332.53,2907.36,0.8432,13.0,51.0,49.0,0.0,37.17,37.17
586C,30,9.0,60.0,67.0,335.0,69.0,402.0,382.94,2455.63,25.12,61697.62,3427.65,0.8185,11.0,52.0,49.0,0.02,45.7,37.35
586C,32,8.0,60.0,79.0,323.0,68.0,402.0,378.41,2447.16,21.53,52695.51,2927.53,0.8157,14.0,49.0,47.0,0.0,37.52,37.52
590B,1,7.0,139.0,128.0,476.0,146.0,604.0,1009.18,4342.65,11.99,52049.36,2891.63,1.4476,7.0,70.0,49.0,0.22,57.37,33.34
590B,2,7.0,84.0,85.0,308.0,91.0,393.0,556.61,2557.56,12.83,32822.06,1823.45,0.8525,6.0,48.0,38.0,0.16,59.78,38.66
590B,3,7.0,75.0,107.0,355.0,82.0,462.0,486.81,2937.19,16.57,48659.43,2703.3,0.9791,9.0,53.0,44.0,0.12,55.93,36.89
590B,4,8.0,101.0,168.0,571.0,109.0,739.0,696.48,5001.69,22.61,113107.48,6283.75,1.6672,8.0,85.0,74.0,0.1,48.38,30.93
590B,5,9.0,199.0,187.0,748.0,208.0,935.0,1548.22,7199.91,16.91,121783.42,6765.75,2.4,10.0,89.0,60.0,0.29,55.31,29.12
590B,6,7.0,65.0,69.0,229.0,72.0,298.0,411.11,1838.64,12.33,22671.82,1259.55,0.6129,3.0,33.0,27.0,0.1,61.24,43.61
590B,7,8.0,70.0,132.0,425.0,78.0,557.0,453.05,3500.97,24.29,85023.53,4723.53,1.167,15.0,72.0,67.0,0.01,39.83,32.65
590B,8,7.0,73.0,97.0,334.0,80.0,431.0,471.51,2724.75,16.01,43633.34,2424.07,0.9083,5.0,47.0,41.0,0.05,51.29,38.8
590B,9,7.0,69.0,73.0,241.0,76.0,314.0,441.14,1961.85,12.22,23982.9,1332.38,0.6539,5.0,39.0,32.0,0.11,60.0,41.56
590B,10,8.0,100.0,113.0,414.0,108.0,527.0,688.39,3559.83,16.56,58950.71,3275.04,1.1866,9.0,62.0,45.0,0.18,57.22,34.82
590B,11,7.0,78.0,74.0,259.0,85.0,333.0,509.91,2134.33,11.62,24804.71,1378.04,0.7114,4.0,39.0,30.0,0.17,63.13,41.44
590B,12,7.0,105.0,102.0,368.0,112.0,470.0,724.65,3199.46,12.27,39246.67,2180.37,1.0665,5.0,43.0,32.0,0.18,61.45,39.15
590B,13,9.0,103.0,176.0,572.0,112.0,748.0,717.24,5091.9,24.99,127248.1,7069.34,1.6973,13.0,83.0,74.0,0.06,44.83,30.43
590B,14,8.0,108.0,163.0,592.0,116.0,755.0,753.53,5177.78,21.93,113527.53,6307.08,1.7259,8.0,93.0,82.0,0.09,46.73,29.98
590B,15,8.0,83.0,107.0,380.0,91.0,487.0,553.13,3169.3,18.31,58040.12,3224.45,1.0564,7.0,62.0,54.0,0.07,50.42,35.45
590B,16,8.0,117.0,121.0,442.0,125.0,563.0,827.83,3921.74,15.11,59261.8,3292.32,1.3072,8.0,65.0,51.0,0.16,55.77,34.22
590B,17,7.0,61.0,84.0,259.0,68.0,343.0,381.43,2088.0,14.86,31029.05,1723.84,0.696,5.0,35.0,30.0,0.06,56.72,42.4
590B,18,7.0,72.0,63.0,218.0,79.0,281.0,463.89,1771.36,10.6,18771.52,1042.86,0.5905,4.0,33.0,26.0,0.13,63.47,43.59
590B,19,7.0,83.0,104.0,373.0,90.0,477.0,548.78,3096.61,15.73,48706.38,2705.91,1.0322,6.0,56.0,48.0,0.08,52.34,36.61
590B,20,8.0,69.0,73.0,254.0,77.0,327.0,445.49,2049.24,14.72,30174.3,1676.35,0.6831,5.0,36.0,30.0,0.06,56.51,42.19
590B,21,8.0,78.0,74.0,291.0,86.0,365.0,514.26,2345.59,14.92,35003.37,1944.63,0.7819,6.0,45.0,38.0,0.07,54.9,39.53
590B,22,8.0,93.0,111.0,332.0,101.0,443.0,632.14,2949.59,14.28,42118.84,2339.94,0.9832,4.0,51.0,43.0,0.1,55.86,37.92
590B,23,8.0,85.0,93.0,317.0,93.0,410.0,568.8,2681.06,14.92,39995.03,2221.95,0.8937,5.0,51.0,42.0,0.11,56.17,38.07
590B,24,8.0,66.0,86.0,273.0,74.0,359.0,422.93,2229.19,16.55,36883.02,2049.06,0.7431,7.0,50.0,44.0,0.06,53.01,38.55
590B,25,8.0,78.0,118.0,419.0,86.0,537.0,514.26,3450.9,21.49,74150.2,4119.46,1.1503,11.0,72.0,67.0,0.01,40.41,33.23
590B,26,7.0,71.0,87.0,348.0,78.0,435.0,456.28,2734.15,17.15,46904.15,2605.79,0.9114,5.0,44.0,35.0,0.05,52.81,39.41
590B,27,8.0,73.0,80.0,279.0,81.0,359.0,475.86,2276.01,15.29,34794.83,1933.05,0.7587,5.0,41.0,34.0,0.08,56.73,40.64
590B,28,9.0,92.0,168.0,558.0,101.0,726.0,628.7,4833.86,27.29,131932.89,7329.61,1.6113,10.0,83.0,73.0,0.08,46.63,30.99
590B,29,7.0,64.0,62.0,206.0,71.0,268.0,403.65,1648.13,11.27,18567.24,1031.51,0.5494,3.0,30.0,24.0,0.11,63.29,44.85
590B,30,7.0,63.0,59.0,208.0,70.0,267.0,396.22,1636.52,11.56,18910.88,1050.6,0.5455,3.0,29.0,23.0,0.12,63.92,45.19
590B,31,8.0,71.0,87.0,324.0,79.0,411.0,460.63,2590.85,18.25,47292.21,2627.34,0.8636,6.0,50.0,44.0,0.04,50.33,38.23
590B,32,8.0,79.0,84.0,304.0,87.0,388.0,522.0,2499.86,15.39,38478.89,2137.72,0.8333,7.0,44.0,37.0,0.07,54.96,39.42
595B,1,9.0,51.0,61.0,181.0,60.0,242.0,317.82,1429.47,15.97,22829.44,1268.3,0.4765,7.0,29.0,25.0,0.0,45.07,45.07
595B,2,8.0,54.0,69.0,211.0,62.0,280.0,334.76,1667.17,15.63,26057.33,1447.63,0.5557,9.0,39.0,35.0,0.0,41.52,41.52
595B,3,7.0,58.0,67.0,212.0,65.0,279.0,359.41,1680.24,12.79,21495.49,1194.19,0.5601,9.0,36.0,32.0,0.03,52.45,42.26
595B,4,9.0,115.0,121.0,402.0,124.0,523.0,815.76,3637.04,15.73,57212.29,3178.46,1.2123,6.0,44.0,27.0,0.33,65.3,38.41
595B,5,8.0,60.0,85.0,246.0,68.0,331.0,378.41,2014.95,16.4,33045.18,1835.84,0.6717,10.0,41.0,37.0,0.03,49.87,40.34
595B,6,9.0,115.0,121.0,402.0,124.0,523.0,815.76,3637.04,15.73,57212.29,3178.46,1.2123,6.0,44.0,27.0,0.33,65.3,38.41
595B,7,9.0,48.0,63.0,181.0,57.0,244.0,296.61,1423.23,16.97,24150.35,1341.69,0.4744,7.0,33.0,30.0,0.0,43.85,43.85
595B,8,9.0,52.0,64.0,196.0,61.0,260.0,324.95,1541.99,16.96,26154.55,1453.03,0.514,7.0,31.0,27.0,0.0,44.2,44.2
595B,9,7.0,58.0,69.0,213.0,65.0,282.0,359.41,1698.31,12.85,21829.11,1212.73,0.5661,8.0,34.0,29.0,0.03,53.57,42.9
595B,10,7.0,48.0,66.0,195.0,55.0,261.0,287.73,1508.93,14.22,21455.17,1191.95,0.503,8.0,32.0,29.0,0.0,43.83,43.83
595B,11,11.0,85.0,90.0,298.0,96.0,388.0,582.85,2554.97,19.28,49265.75,2736.99,0.8517,6.0,41.0,28.0,0.24,64.91,40.15
595B,12,7.0,50.0,64.0,190.0,57.0,254.0,301.84,1481.55,13.3,19704.67,1094.7,0.4939,9.0,30.0,27.0,0.0,44.37,44.37
595B,13,7.0,50.0,67.0,204.0,57.0,271.0,301.84,1580.71,14.28,22572.58,1254.03,0.5269,8.0,33.0,29.0,0.0,43.4,43.4
595B,14,8.0,50.0,71.0,208.0,58.0,279.0,306.19,1634.38,16.64,27196.03,1510.89,0.5448,8.0,33.0,29.0,0.0,43.3,43.3
595B,15,8.0,52.0,68.0,207.0,60.0,275.0,320.42,1624.39,15.92,25865.37,1436.96,0.5415,9.0,40.0,37.0,0.0,41.36,41.36
595B,16,7.0,48.0,66.0,197.0,55.0,263.0,287.73,1520.5,14.36,21841.31,1213.41,0.5068,8.0,31.0,27.0,0.0,44.11,44.11
595B,17,7.0,50.0,67.0,204.0,57.0,271.0,301.84,1580.71,14.28,22572.58,1254.03,0.5269,8.0,33.0,29.0,0.0,43.4,43.4
595B,18,7.0,49.0,65.0,192.0,56.0,257.0,294.77,1492.49,13.71,20468.44,1137.14,0.4975,8.0,30.0,26.0,0.0,44.48,44.48
595B,19,7.0,48.0,66.0,196.0,55.0,262.0,287.73,1514.72,14.29,21647.82,1202.66,0.5049,8.0,31.0,28.0,0.0,44.12,44.12
595B,20,7.0,49.0,66.0,199.0,56.0,265.0,294.77,1538.95,14.21,21875.06,1215.28,0.513,8.0,32.0,29.0,0.0,43.77,43.77
595B,21,7.0,49.0,57.0,177.0,56.0,234.0,294.77,1358.92,12.64,17180.64,954.48,0.453,7.0,31.0,27.0,0.0,44.59,44.59
595B,22,10.0,69.0,73.0,222.0,79.0,295.0,454.71,1859.62,16.09,29915.55,1661.98,0.6199,9.0,37.0,32.0,0.03,51.89,41.69
595B,23,7.0,47.0,65.0,196.0,54.0,261.0,280.72,1502.03,14.6,21923.18,1217.95,0.5007,8.0,31.0,28.0,0.0,44.15,44.15
595B,24,7.0,50.0,67.0,204.0,57.0,271.0,301.84,1580.71,14.28,22572.58,1254.03,0.5269,8.0,35.0,31.0,0.0,42.84,42.84
595B,25,7.0,50.0,67.0,204.0,57.0,271.0,301.84,1580.71,14.28,22572.58,1254.03,0.5269,8.0,33.0,29.0,0.0,43.4,43.4
595B,26,7.0,49.0,66.0,199.0,56.0,265.0,294.77,1538.95,14.21,21875.06,1215.28,0.513,8.0,32.0,29.0,0.0,43.77,43.77
595B,27,7.0,48.0,66.0,196.0,55.0,262.0,287.73,1514.72,14.29,21647.82,1202.66,0.5049,8.0,31.0,28.0,0.0,44.12,44.12
595B,28,7.0,50.0,67.0,204.0,57.0,271.0,301.84,1580.71,14.28,22572.58,1254.03,0.5269,8.0,33.0,29.0,0.0,43.4,43.4
595B,29,7.0,90.0,76.0,259.0,97.0,335.0,603.92,2210.97,10.07,22269.39,1237.19,0.737,8.0,34.0,24.0,0.2,65.28,42.1
595B,30,9.0,51.0,68.0,202.0,60.0,270.0,317.82,1594.86,17.82,28426.04,1579.22,0.5316,9.0,34.0,31.0,0.0,42.96,42.96
595B,31,10.0,107.0,116.0,422.0,117.0,538.0,754.56,3696.26,19.72,72888.79,4049.38,1.2321,8.0,52.0,36.0,0.25,61.48,36.51
595B,32,8.0,73.0,66.0,213.0,81.0,279.0,475.86,1768.82,11.67,20644.29,1146.9,0.5896,7.0,32.0,25.0,0.11,61.64,43.48
604D,1,8.0,34.0,30.0,83.0,42.0,113.0,196.97,609.33,9.76,5949.95,330.55,0.2031,3.0,17.0,14.0,0.0,53.26,53.26
604D,2,8.0,35.0,30.0,82.0,43.0,112.0,203.52,607.74,9.37,5695.41,316.41,0.2026,3.0,17.0,14.0,0.0,53.26,53.26
604D,3,8.0,34.0,30.0,83.0,42.0,113.0,196.97,609.33,9.76,5949.95,330.55,0.2031,3.0,17.0,14.0,0.0,53.26,53.26
604D,4,9.0,32.0,26.0,72.0,41.0,98.0,188.53,525.04,10.12,5316.03,295.34,0.175,3.0,15.0,12.0,0.0,54.89,54.89
604D,5,8.0,33.0,31.0,86.0,41.0,117.0,190.47,626.83,10.42,6534.27,363.01,0.2089,3.0,17.0,14.0,0.0,53.17,53.17
604D,6,8.0,34.0,30.0,83.0,42.0,113.0,196.97,609.33,9.76,5949.95,330.55,0.2031,3.0,17.0,14.0,0.0,53.26,53.26
604D,7,9.0,32.0,26.0,72.0,41.0,98.0,188.53,525.04,10.12,5316.03,295.34,0.175,3.0,15.0,12.0,0.0,54.89,54.89
604D,8,8.0,35.0,35.0,98.0,43.0,133.0,203.52,721.69,11.2,8082.96,449.05,0.2406,3.0,19.0,16.0,0.0,51.69,51.69
604D,9,8.0,34.0,30.0,83.0,42.0,113.0,196.97,609.33,9.76,5949.95,330.55,0.2031,3.0,17.0,14.0,0.0,53.26,53.26
604D,10,8.0,37.0,33.0,102.0,45.0,135.0,216.75,741.4,11.03,8175.44,454.19,0.2471,3.0,20.0,17.0,0.0,51.12,51.12
604D,11,8.0,35.0,30.0,84.0,43.0,114.0,203.52,618.59,9.6,5938.5,329.92,0.2062,3.0,17.0,14.0,0.0,53.21,53.21
604D,12,8.0,35.0,30.0,82.0,43.0,112.0,203.52,607.74,9.37,5695.41,316.41,0.2026,3.0,17.0,14.0,0.0,53.26,53.26
604D,13,9.0,35.0,32.0,88.0,44.0,120.0,208.05,655.13,11.31,7412.35,411.8,0.2184,3.0,17.0,14.0,0.0,53.04,53.04
604D,14,8.0,34.0,30.0,83.0,42.0,113.0,196.97,609.33,9.76,5949.95,330.55,0.2031,3.0,17.0,14.0,0.0,53.26,53.26
604D,15,9.0,35.0,32.0,88.0,44.0,120.0,208.05,655.13,11.31,7412.35,411.8,0.2184,3.0,17.0,14.0,0.0,53.04,53.04
604D,16,8.0,34.0,30.0,83.0,42.0,113.0,196.97,609.33,9.76,5949.95,330.55,0.2031,3.0,17.0,14.0,0.0,53.26,53.26
604D,17,8.0,35.0,30.0,82.0,43.0,112.0,203.52,607.74,9.37,5695.41,316.41,0.2026,3.0,17.0,14.0,0.0,53.26,53.26
604D,18,8.0,37.0,33.0,102.0,45.0,135.0,216.75,741.4,11.03,8175.44,454.19,0.2471,3.0,20.0,17.0,0.0,51.12,51.12
604D,19,8.0,37.0,33.0,102.0,45.0,135.0,216.75,741.4,11.03,8175.44,454.19,0.2471,3.0,20.0,17.0,0.0,51.12,51.12
604D,20,8.0,34.0,30.0,83.0,42.0,113.0,196.97,609.33,9.76,5949.95,330.55,0.2031,3.0,17.0,14.0,0.0,53.26,53.26
604D,21,8.0,35.0,35.0,98.0,43.0,133.0,203.52,721.69,11.2,8082.96,449.05,0.2406,3.0,19.0,16.0,0.0,51.69,51.69
604D,22,8.0,33.0,31.0,86.0,41.0,117.0,190.47,626.83,10.42,6534.27,363.01,0.2089,3.0,17.0,14.0,0.0,53.17,53.17
604D,23,8.0,38.0,33.0,100.0,46.0,133.0,223.42,734.63,10.53,7732.99,429.61,0.2449,3.0,19.0,16.0,0.0,51.63,51.63
604D,24,8.0,34.0,30.0,83.0,42.0,113.0,196.97,609.33,9.76,5949.95,330.55,0.2031,3.0,17.0,14.0,0.0,53.26,53.26
604D,25,7.0,35.0,30.0,88.0,42.0,118.0,199.18,636.29,8.8,5599.38,311.08,0.2121,3.0,18.0,15.0,0.0,52.58,52.58
604D,26,8.0,35.0,30.0,85.0,43.0,115.0,203.52,624.02,9.71,6061.91,336.77,0.208,3.0,17.0,14.0,0.0,53.18,53.18
604D,27,8.0,34.0,30.0,83.0,42.0,113.0,196.97,609.33,9.76,5949.95,330.55,0.2031,3.0,17.0,14.0,0.0,53.26,53.26
604D,28,8.0,35.0,30.0,82.0,43.0,112.0,203.52,607.74,9.37,5695.41,316.41,0.2026,3.0,17.0,14.0,0.0,53.26,53.26
604D,29,8.0,34.0,30.0,83.0,42.0,113.0,196.97,609.33,9.76,5949.95,330.55,0.2031,3.0,17.0,14.0,0.0,53.26,53.26
604D,30,9.0,35.0,32.0,88.0,44.0,120.0,208.05,655.13,11.31,7412.35,411.8,0.2184,3.0,17.0,14.0,0.0,53.04,53.04
604D,31,8.0,35.0,35.0,98.0,43.0,133.0,203.52,721.69,11.2,8082.96,449.05,0.2406,3.0,19.0,16.0,0.0,51.69,51.69
604D,32,8.0,35.0,30.0,82.0,43.0,112.0,203.52,607.74,9.37,5695.41,316.41,0.2026,3.0,17.0,14.0,0.0,53.26,53.26
610D,1,5.0,47.0,47.0,166.0,52.0,213.0,272.68,1214.19,8.83,10721.07,595.62,0.4047,5.0,26.0,24.0,0.0,46.87,46.87
610D,2,7.0,56.0,52.0,250.0,63.0,302.0,344.86,1805.14,15.62,28205.29,1566.96,0.6017,6.0,37.0,30.0,0.0,42.18,42.18
610D,3,5.0,47.0,47.0,166.0,52.0,213.0,272.68,1214.19,8.83,10721.07,595.62,0.4047,5.0,26.0,24.0,0.0,46.87,46.87
610D,4,5.0,47.0,47.0,166.0,52.0,213.0,272.68,1214.19,8.83,10721.07,595.62,0.4047,5.0,26.0,24.0,0.0,46.87,46.87
610D,5,5.0,47.0,47.0,166.0,52.0,213.0,272.68,1214.19,8.83,10721.07,595.62,0.4047,5.0,26.0,24.0,0.0,46.87,46.87
610D,6,5.0,47.0,47.0,166.0,52.0,213.0,272.68,1214.19,8.83,10721.07,595.62,0.4047,5.0,26.0,24.0,0.0,46.87,46.87
610D,7,5.0,47.0,47.0,166.0,52.0,213.0,272.68,1214.19,8.83,10721.07,595.62,0.4047,5.0,26.0,24.0,0.0,46.87,46.87
610D,8,5.0,55.0,55.0,262.0,60.0,317.0,329.58,1872.48,11.91,22299.59,1238.87,0.6242,6.0,38.0,31.0,0.0,41.82,41.82
610D,9,5.0,55.0,55.0,262.0,60.0,317.0,329.58,1872.48,11.91,22299.59,1238.87,0.6242,6.0,38.0,31.0,0.0,41.82,41.82
610D,10,5.0,47.0,47.0,166.0,52.0,213.0,272.68,1214.19,8.83,10721.07,595.62,0.4047,5.0,26.0,24.0,0.0,46.87,46.87
610D,11,7.0,51.0,55.0,260.0,58.0,315.0,308.95,1845.26,17.84,32925.3,1829.18,0.6151,6.0,42.0,35.0,0.0,40.91,40.91
610D,12,5.0,56.0,55.0,265.0,61.0,320.0,336.82,1897.84,11.83,22452.08,1247.34,0.6326,6.0,39.0,32.0,0.0,41.53,41.53
610D,13,5.0,47.0,49.0,171.0,52.0,220.0,272.68,1254.1,9.1,11406.94,633.72,0.418,6.0,26.0,24.0,0.0,46.63,46.63
610D,14,5.0,47.0,47.0,166.0,52.0,213.0,272.68,1214.19,8.83,10721.07,595.62,0.4047,5.0,26.0,24.0,0.0,46.87,46.87
610D,15,5.0,47.0,49.0,171.0,52.0,220.0,272.68,1254.1,9.1,11406.94,633.72,0.418,6.0,26.0,24.0,0.0,46.63,46.63
610D,16,5.0,55.0,55.0,262.0,60.0,317.0,329.58,1872.48,11.91,22299.59,1238.87,0.6242,6.0,38.0,31.0,0.0,41.82,41.82
610D,17,5.0,47.0,49.0,171.0,52.0,220.0,272.68,1254.1,9.1,11406.94,633.72,0.418,6.0,26.0,24.0,0.0,46.63,46.63
610D,18,8.0,57.0,63.0,248.0,65.0,311.0,356.47,1872.96,17.4,32596.01,1810.89,0.6243,7.0,40.0,37.0,0.0,41.2,41.2
610D,19,7.0,56.0,52.0,250.0,63.0,302.0,344.86,1805.14,15.62,28205.29,1566.96,0.6017,6.0,37.0,30.0,0.0,42.18,42.18
610D,20,5.0,47.0,47.0,166.0,52.0,213.0,272.68,1214.19,8.83,10721.07,595.62,0.4047,5.0,26.0,24.0,0.0,46.87,46.87
610D,21,5.0,47.0,47.0,166.0,52.0,213.0,272.68,1214.19,8.83,10721.07,595.62,0.4047,5.0,26.0,24.0,0.0,46.87,46.87
610D,22,5.0,47.0,47.0,166.0,52.0,213.0,272.68,1214.19,8.83,10721.07,595.62,0.4047,5.0,26.0,24.0,0.0,46.87,46.87
610D,23,5.0,55.0,55.0,262.0,60.0,317.0,329.58,1872.48,11.91,22299.59,1238.87,0.6242,6.0,38.0,31.0,0.0,41.82,41.82
610D,24,5.0,47.0,47.0,166.0,52.0,213.0,272.68,1214.19,8.83,10721.07,595.62,0.4047,5.0,26.0,24.0,0.0,46.87,46.87
610D,25,5.0,55.0,55.0,262.0,60.0,317.0,329.58,1872.48,11.91,22299.59,1238.87,0.6242,6.0,38.0,31.0,0.0,41.82,41.82
610D,26,5.0,55.0,55.0,262.0,60.0,317.0,329.58,1872.48,11.91,22299.59,1238.87,0.6242,6.0,38.0,31.0,0.0,41.82,41.82
610D,27,5.0,47.0,47.0,166.0,52.0,213.0,272.68,1214.19,8.83,10721.07,595.62,0.4047,5.0,26.0,24.0,0.0,46.87,46.87
610D,28,5.0,47.0,47.0,166.0,52.0,213.0,272.68,1214.19,8.83,10721.07,595.62,0.4047,5.0,26.0,24.0,0.0,46.87,46.87
610D,29,5.0,46.0,49.0,168.0,51.0,217.0,265.69,1230.92,9.13,11238.8,624.38,0.4103,6.0,25.0,23.0,0.0,47.06,47.06
610D,30,5.0,55.0,55.0,262.0,60.0,317.0,329.58,1872.48,11.91,22299.59,1238.87,0.6242,6.0,38.0,31.0,0.0,41.82,41.82
610D,31,5.0,56.0,61.0,300.0,61.0,361.0,336.82,2141.0,13.39,28674.06,1593.0,0.7137,9.0,37.0,31.0,0.0,41.26,41.26
610D,32,7.0,56.0,52.0,250.0,63.0,302.0,344.86,1805.14,15.62,28205.29,1566.96,0.6017,6.0,37.0,30.0,0.0,42.18,42.18
614A,1,7.0,41.0,37.0,128.0,48.0,165.0,239.31,921.52,10.93,10069.28,559.4,0.3072,7.0,26.0,23.0,0.0,47.43,47.43
614A,2,7.0,41.0,36.0,121.0,48.0,157.0,239.31,876.84,10.33,9057.11,503.17,0.2923,6.0,25.0,22.0,0.0,48.09,48.09
614A,3,7.0,41.0,36.0,121.0,48.0,157.0,239.31,876.84,10.33,9057.11,503.17,0.2923,6.0,25.0,22.0,0.0,48.09,48.09
614A,4,7.0,41.0,36.0,121.0,48.0,157.0,239.31,876.84,10.33,9057.11,503.17,0.2923,6.0,25.0,22.0,0.0,48.09,48.09
614A,5,7.0,41.0,37.0,128.0,48.0,165.0,239.31,921.52,10.93,10069.28,559.4,0.3072,7.0,26.0,23.0,0.0,47.43,47.43
614A,6,7.0,41.0,36.0,121.0,48.0,157.0,239.31,876.84,10.33,9057.11,503.17,0.2923,6.0,25.0,22.0,0.0,48.09,48.09
614A,7,7.0,41.0,36.0,121.0,48.0,157.0,239.31,876.84,10.33,9057.11,503.17,0.2923,6.0,25.0,22.0,0.0,48.09,48.09
614A,8,7.0,41.0,36.0,121.0,48.0,157.0,239.31,876.84,10.33,9057.11,503.17,0.2923,6.0,25.0,22.0,0.0,48.09,48.09
614A,9,7.0,41.0,36.0,121.0,48.0,157.0,239.31,876.84,10.33,9057.11,503.17,0.2923,6.0,25.0,22.0,0.0,48.09,48.09
614A,10,7.0,41.0,37.0,128.0,48.0,165.0,239.31,921.52,10.93,10069.28,559.4,0.3072,7.0,26.0,23.0,0.0,47.43,47.43
614A,11,7.0,41.0,36.0,121.0,48.0,157.0,239.31,876.84,10.33,9057.11,503.17,0.2923,6.0,25.0,22.0,0.0,48.09,48.09
614A,12,7.0,41.0,36.0,121.0,48.0,157.0,239.31,876.84,10.33,9057.11,503.17,0.2923,6.0,25.0,22.0,0.0,48.09,48.09
614A,13,7.0,41.0,36.0,121.0,48.0,157.0,239.31,876.84,10.33,9057.11,503.17,0.2923,6.0,25.0,22.0,0.0,48.09,48.09
614A,14,7.0,41.0,37.0,128.0,48.0,165.0,239.31,921.52,10.93,10069.28,559.4,0.3072,7.0,26.0,23.0,0.0,47.43,47.43
614A,15,7.0,41.0,37.0,128.0,48.0,165.0,239.31,921.52,10.93,10069.28,559.4,0.3072,7.0,26.0,23.0,0.0,47.43,47.43
614A,16,7.0,41.0,37.0,128.0,48.0,165.0,239.31,921.52,10.93,10069.28,559.4,0.3072,7.0,26.0,23.0,0.0,47.43,47.43
614A,17,7.0,41.0,37.0,128.0,48.0,165.0,239.31,921.52,10.93,10069.28,559.4,0.3072,7.0,26.0,23.0,0.0,47.43,47.43
614A,18,7.0,41.0,37.0,128.0,48.0,165.0,239.31,921.52,10.93,10069.28,559.4,0.3072,7.0,26.0,23.0,0.0,47.43,47.43
614A,19,7.0,41.0,36.0,121.0,48.0,157.0,239.31,876.84,10.33,9057.11,503.17,0.2923,6.0,25.0,22.0,0.0,48.09,48.09
614A,20,7.0,41.0,36.0,121.0,48.0,157.0,239.31,876.84,10.33,9057.11,503.17,0.2923,6.0,25.0,22.0,0.0,48.09,48.09
614A,21,7.0,41.0,37.0,128.0,48.0,165.0,239.31,921.52,10.93,10069.28,559.4,0.3072,7.0,26.0,23.0,0.0,47.43,47.43
614A,22,7.0,41.0,36.0,121.0,48.0,157.0,239.31,876.84,10.33,9057.11,503.17,0.2923,6.0,25.0,22.0,0.0,48.09,48.09
614A,23,7.0,41.0,36.0,121.0,48.0,157.0,239.31,876.84,10.33,9057.11,503.17,0.2923,6.0,25.0,22.0,0.0,48.09,48.09
614A,24,7.0,41.0,37.0,128.0,48.0,165.0,239.31,921.52,10.93,10069.28,559.4,0.3072,7.0,26.0,23.0,0.0,47.43,47.43
614A,25,7.0,41.0,36.0,121.0,48.0,157.0,239.31,876.84,10.33,9057.11,503.17,0.2923,6.0,25.0,22.0,0.0,48.09,48.09
614A,26,7.0,41.0,36.0,121.0,48.0,157.0,239.31,876.84,10.33,9057.11,503.17,0.2923,6.0,25.0,22.0,0.0,48.09,48.09
614A,27,7.0,41.0,37.0,128.0,48.0,165.0,239.31,921.52,10.93,10069.28,559.4,0.3072,7.0,26.0,23.0,0.0,47.43,47.43
614A,28,7.0,41.0,37.0,128.0,48.0,165.0,239.31,921.52,10.93,10069.28,559.4,0.3072,7.0,26.0,23.0,0.0,47.43,47.43
614A,29,7.0,41.0,36.0,121.0,48.0,157.0,239.31,876.84,10.33,9057.11,503.17,0.2923,6.0,25.0,22.0,0.0,48.09,48.09
614A,30,7.0,41.0,36.0,121.0,48.0,157.0,239.31,876.84,10.33,9057.11,503.17,0.2923,6.0,25.0,22.0,0.0,48.09,48.09
614A,31,7.0,41.0,37.0,128.0,48.0,165.0,239.31,921.52,10.93,10069.28,559.4,0.3072,7.0,26.0,23.0,0.0,47.43,47.43
614A,32,7.0,41.0,37.0,128.0,48.0,165.0,239.31,921.52,10.93,10069.28,559.4,0.3072,7.0,26.0,23.0,0.0,47.43,47.43
614B,1,8.0,46.0,44.0,179.0,54.0,223.0,278.08,1283.34,15.57,19975.46,1109.75,0.4278,9.0,35.0,33.0,0.0,43.34,43.34
614B,2,7.0,44.0,45.0,180.0,51.0,225.0,259.87,1276.3,14.32,18274.23,1015.24,0.4254,10.0,36.0,34.0,0.0,42.96,42.96
614B,3,8.0,51.0,56.0,210.0,59.0,266.0,313.29,1564.78,16.47,25772.9,1431.83,0.5216,11.0,37.0,34.0,0.03,51.86,41.94
614B,4,8.0,51.0,56.0,210.0,59.0,266.0,313.29,1564.78,16.47,25772.9,1431.83,0.5216,11.0,37.0,34.0,0.03,51.86,41.94
614B,5,8.0,48.0,38.0,174.0,56.0,212.0,292.08,1231.16,14.5,17851.81,991.77,0.4104,10.0,35.0,33.0,0.0,43.33,43.33
614B,6,7.0,57.0,56.0,230.0,64.0,286.0,352.13,1716.0,14.12,24234.74,1346.37,0.572,11.0,44.0,41.0,0.02,49.1,40.02
614B,7,11.0,60.0,82.0,313.0,71.0,395.0,392.47,2429.15,28.69,69696.37,3872.02,0.8097,15.0,49.0,46.0,0.02,46.01,37.41
614B,8,10.0,69.0,76.0,305.0,79.0,381.0,454.71,2401.74,22.1,53081.95,2949.0,0.8006,13.0,50.0,47.0,0.02,46.03,37.52
614B,9,7.0,48.0,47.0,193.0,55.0,240.0,287.73,1387.53,14.07,19526.54,1084.81,0.4625,10.0,38.0,36.0,0.0,42.19,42.19
614B,10,7.0,44.0,46.0,173.0,51.0,219.0,259.87,1242.26,13.76,17095.21,949.73,0.4141,9.0,35.0,33.0,0.0,43.44,43.44
614B,11,7.0,50.0,47.0,193.0,57.0,240.0,301.84,1399.89,13.51,18912.56,1050.7,0.4666,10.0,38.0,36.0,0.0,42.16,42.16
614B,12,8.0,51.0,39.0,189.0,59.0,228.0,313.29,1341.24,14.82,19881.95,1104.55,0.4471,9.0,34.0,32.0,0.0,43.48,43.48
614B,13,8.0,55.0,58.0,223.0,63.0,281.0,341.97,1679.62,16.22,27240.31,1513.35,0.5599,11.0,39.0,36.0,0.03,50.88,41.23
614B,14,7.0,52.0,48.0,218.0,59.0,266.0,316.07,1564.78,14.67,22960.18,1275.57,0.5216,10.0,39.0,37.0,0.0,41.58,41.58
614B,15,10.0,68.0,81.0,338.0,78.0,419.0,447.17,2633.58,24.85,65452.3,3636.24,0.8779,14.0,52.0,49.0,0.02,45.08,36.73
614B,16,7.0,49.0,37.0,176.0,56.0,213.0,294.77,1236.97,12.57,15550.44,863.91,0.4123,10.0,37.0,35.0,0.0,42.79,42.79
614B,17,11.0,68.0,80.0,352.0,79.0,432.0,452.0,2723.23,28.47,77532.05,4307.34,0.9077,16.0,55.0,53.0,0.0,35.83,35.83
614B,18,11.0,70.0,86.0,377.0,81.0,463.0,467.1,2935.35,29.62,86949.28,4830.52,0.9785,17.0,58.0,55.0,0.02,42.86,34.97
614B,19,7.0,47.0,48.0,186.0,54.0,234.0,280.72,1346.64,13.85,18652.45,1036.25,0.4489,9.0,37.0,35.0,0.0,42.67,42.67
614B,20,11.0,66.0,90.0,358.0,77.0,448.0,436.98,2807.52,29.83,83757.69,4653.21,0.9358,17.0,58.0,55.0,0.02,43.0,35.1
614B,21,8.0,43.0,40.0,167.0,51.0,207.0,257.33,1174.19,15.53,18240.94,1013.39,0.3914,9.0,34.0,32.0,0.0,43.89,43.89
614B,22,7.0,45.0,44.0,174.0,52.0,218.0,266.78,1242.7,13.53,16817.82,934.32,0.4142,9.0,36.0,34.0,0.0,43.17,43.17
614B,23,7.0,45.0,45.0,180.0,52.0,225.0,266.78,1282.6,14.0,17956.39,997.58,0.4275,10.0,36.0,34.0,0.0,42.94,42.94
614B,24,7.0,46.0,43.0,181.0,53.0,224.0,273.74,1283.05,13.77,17669.89,981.66,0.4277,10.0,37.0,35.0,0.0,42.68,42.68
614B,25,11.0,65.0,81.0,330.0,76.0,411.0,429.51,2567.9,27.92,71703.62,3983.53,0.856,16.0,55.0,52.0,0.02,44.12,36.01
614B,26,9.0,45.0,50.0,195.0,54.0,245.0,275.66,1409.95,19.5,27493.98,1527.44,0.47,10.0,36.0,34.0,0.0,42.66,42.66
614B,27,7.0,52.0,43.0,187.0,59.0,230.0,316.07,1353.01,12.59,17029.69,946.09,0.451,10.0,38.0,36.0,0.0,42.27,42.27
614B,28,7.0,49.0,49.0,190.0,56.0,239.0,294.77,1387.96,13.57,18836.57,1046.48,0.4627,10.0,37.0,34.0,0.03,52.36,42.44
614B,29,8.0,48.0,39.0,169.0,56.0,208.0,292.08,1207.93,14.08,17011.68,945.09,0.4026,8.0,34.0,32.0,0.0,43.94,43.94
614B,30,11.0,65.0,77.0,333.0,76.0,410.0,429.51,2561.65,28.18,72179.42,4009.97,0.8539,16.0,53.0,51.0,0.0,36.37,36.37
614B,31,11.0,68.0,84.0,349.0,79.0,433.0,452.0,2729.54,28.23,77049.21,4280.51,0.9098,16.0,57.0,54.0,0.02,43.45,35.49
614B,32,11.0,68.0,83.0,343.0,79.0,426.0,452.0,2685.41,27.74,74500.4,4138.91,0.8951,16.0,57.0,54.0,0.02,43.5,35.54
615A,1,4.0,35.0,28.0,97.0,39.0,125.0,187.52,660.68,5.54,3662.03,203.45,0.2202,4.0,22.0,19.0,0.0,50.43,50.43
615A,2,4.0,37.0,30.0,102.0,41.0,132.0,200.75,707.2,5.51,3899.14,216.62,0.2357,4.0,23.0,20.0,0.0,49.8,49.8
615A,3,4.0,35.0,28.0,97.0,39.0,125.0,187.52,660.68,5.54,3662.03,203.45,0.2202,4.0,22.0,19.0,0.0,50.43,50.43
615A,4,4.0,35.0,28.0,97.0,39.0,125.0,187.52,660.68,5.54,3662.03,203.45,0.2202,4.0,22.0,19.0,0.0,50.43,50.43
615A,5,4.0,35.0,28.0,97.0,39.0,125.0,187.52,660.68,5.54,3662.03,203.45,0.2202,4.0,22.0,19.0,0.0,50.43,50.43
615A,6,4.0,35.0,28.0,97.0,39.0,125.0,187.52,660.68,5.54,3662.03,203.45,0.2202,4.0,22.0,19.0,0.0,50.43,50.43
615A,7,4.0,37.0,31.0,103.0,41.0,134.0,200.75,717.91,5.57,3997.02,222.06,0.2393,4.0,23.0,20.0,0.0,49.76,49.76
615A,8,4.0,35.0,28.0,97.0,39.0,125.0,187.52,660.68,5.54,3662.03,203.45,0.2202,4.0,22.0,19.0,0.0,50.43,50.43
615A,9,4.0,37.0,30.0,102.0,41.0,132.0,200.75,707.2,5.51,3899.14,216.62,0.2357,4.0,23.0,20.0,0.0,49.8,49.8
615A,10,4.0,35.0,28.0,97.0,39.0,125.0,187.52,660.68,5.54,3662.03,203.45,0.2202,4.0,22.0,19.0,0.0,50.43,50.43
615A,11,4.0,37.0,31.0,103.0,41.0,134.0,200.75,717.91,5.57,3997.02,222.06,0.2393,4.0,23.0,20.0,0.0,49.76,49.76
615A,12,4.0,35.0,28.0,97.0,39.0,125.0,187.52,660.68,5.54,3662.03,203.45,0.2202,4.0,22.0,19.0,0.0,50.43,50.43
615A,13,4.0,37.0,31.0,103.0,41.0,134.0,200.75,717.91,5.57,3997.02,222.06,0.2393,4.0,23.0,20.0,0.0,49.76,49.76
615A,14,4.0,35.0,28.0,97.0,39.0,125.0,187.52,660.68,5.54,3662.03,203.45,0.2202,4.0,22.0,19.0,0.0,50.43,50.43
615A,15,4.0,35.0,28.0,97.0,39.0,125.0,187.52,660.68,5.54,3662.03,203.45,0.2202,4.0,22.0,19.0,0.0,50.43,50.43
615A,16,4.0,37.0,30.0,102.0,41.0,132.0,200.75,707.2,5.51,3899.14,216.62,0.2357,4.0,23.0,20.0,0.0,49.8,49.8
615A,17,4.0,35.0,28.0,97.0,39.0,125.0,187.52,660.68,5.54,3662.03,203.45,0.2202,4.0,22.0,19.0,0.0,50.43,50.43
615A,18,4.0,35.0,28.0,97.0,39.0,125.0,187.52,660.68,5.54,3662.03,203.45,0.2202,4.0,22.0,19.0,0.0,50.43,50.43
615A,19,4.0,35.0,28.0,97.0,39.0,125.0,187.52,660.68,5.54,3662.03,203.45,0.2202,4.0,22.0,19.0,0.0,50.43,50.43
615A,20,4.0,37.0,31.0,103.0,41.0,134.0,200.75,717.91,5.57,3997.02,222.06,0.2393,4.0,23.0,20.0,0.0,49.76,49.76
615A,21,4.0,35.0,28.0,97.0,39.0,125.0,187.52,660.68,5.54,3662.03,203.45,0.2202,4.0,22.0,19.0,0.0,50.43,50.43
615A,22,4.0,37.0,30.0,102.0,41.0,132.0,200.75,707.2,5.51,3899.14,216.62,0.2357,4.0,23.0,20.0,0.0,49.8,49.8
615A,23,4.0,35.0,28.0,97.0,39.0,125.0,187.52,660.68,5.54,3662.03,203.45,0.2202,4.0,22.0,19.0,0.0,50.43,50.43
615A,24,4.0,37.0,30.0,102.0,41.0,132.0,200.75,707.2,5.51,3899.14,216.62,0.2357,4.0,23.0,20.0,0.0,49.8,49.8
615A,25,4.0,37.0,31.0,103.0,41.0,134.0,200.75,717.91,5.57,3997.02,222.06,0.2393,4.0,23.0,20.0,0.0,49.76,49.76
615A,26,4.0,37.0,31.0,103.0,41.0,134.0,200.75,717.91,5.57,3997.02,222.06,0.2393,4.0,23.0,20.0,0.0,49.76,49.76
615A,27,4.0,35.0,28.0,97.0,39.0,125.0,187.52,660.68,5.54,3662.03,203.45,0.2202,4.0,22.0,19.0,0.0,50.43,50.43
615A,28,4.0,35.0,28.0,97.0,39.0,125.0,187.52,660.68,5.54,3662.03,203.45,0.2202,4.0,22.0,19.0,0.0,50.43,50.43
615A,29,4.0,35.0,28.0,97.0,39.0,125.0,187.52,660.68,5.54,3662.03,203.45,0.2202,4.0,22.0,19.0,0.0,50.43,50.43
615A,30,4.0,35.0,28.0,97.0,39.0,125.0,187.52,660.68,5.54,3662.03,203.45,0.2202,4.0,22.0,19.0,0.0,50.43,50.43
615A,31,4.0,35.0,28.0,97.0,39.0,125.0,187.52,660.68,5.54,3662.03,203.45,0.2202,4.0,22.0,19.0,0.0,50.43,50.43
615A,32,4.0,35.0,28.0,97.0,39.0,125.0,187.52,660.68,5.54,3662.03,203.45,0.2202,4.0,22.0,19.0,0.0,50.43,50.43
621B,1,9.0,38.0,44.0,119.0,47.0,163.0,227.95,905.4,14.09,12758.96,708.83,0.3018,4.0,23.0,21.0,0.0,49.05,49.05
621B,2,9.0,38.0,45.0,127.0,47.0,172.0,227.95,955.39,15.04,14368.55,798.25,0.3185,4.0,26.0,23.0,0.0,47.73,47.73
621B,3,9.0,38.0,44.0,119.0,47.0,163.0,227.95,905.4,14.09,12758.96,708.83,0.3018,4.0,23.0,21.0,0.0,49.05,49.05
621B,4,9.0,38.0,44.0,119.0,47.0,163.0,227.95,905.4,14.09,12758.96,708.83,0.3018,4.0,23.0,21.0,0.0,49.05,49.05
621B,5,9.0,36.0,43.0,119.0,45.0,162.0,214.65,889.68,14.88,13233.99,735.22,0.2966,4.0,24.0,21.0,0.0,48.7,48.7
621B,6,9.0,38.0,44.0,119.0,47.0,163.0,227.95,905.4,14.09,12758.96,708.83,0.3018,4.0,23.0,21.0,0.0,49.05,49.05
621B,7,9.0,38.0,44.0,119.0,47.0,163.0,227.95,905.4,14.09,12758.96,708.83,0.3018,4.0,23.0,21.0,0.0,49.05,49.05
621B,8,9.0,38.0,44.0,119.0,47.0,163.0,227.95,905.4,14.09,12758.96,708.83,0.3018,4.0,23.0,21.0,0.0,49.05,49.05
621B,9,9.0,38.0,44.0,119.0,47.0,163.0,227.95,905.4,14.09,12758.96,708.83,0.3018,4.0,23.0,21.0,0.0,49.05,49.05
621B,10,9.0,38.0,44.0,119.0,47.0,163.0,227.95,905.4,14.09,12758.96,708.83,0.3018,4.0,23.0,21.0,0.0,49.05,49.05
621B,11,9.0,38.0,44.0,119.0,47.0,163.0,227.95,905.4,14.09,12758.96,708.83,0.3018,4.0,23.0,21.0,0.0,49.05,49.05
621B,12,9.0,38.0,44.0,119.0,47.0,163.0,227.95,905.4,14.09,12758.96,708.83,0.3018,4.0,23.0,21.0,0.0,49.05,49.05
621B,13,9.0,40.0,49.0,134.0,49.0,183.0,241.41,1027.49,15.08,15489.44,860.52,0.3425,4.0,29.0,25.0,0.0,46.47,46.47
621B,14,9.0,38.0,44.0,119.0,47.0,163.0,227.95,905.4,14.09,12758.96,708.83,0.3018,4.0,23.0,21.0,0.0,49.05,49.05
621B,15,9.0,38.0,44.0,119.0,47.0,163.0,227.95,905.4,14.09,12758.96,708.83,0.3018,4.0,23.0,21.0,0.0,49.05,49.05
621B,16,9.0,38.0,45.0,127.0,47.0,172.0,227.95,955.39,15.04,14368.55,798.25,0.3185,4.0,26.0,23.0,0.0,47.73,47.73
621B,17,9.0,38.0,44.0,119.0,47.0,163.0,227.95,905.4,14.09,12758.96,708.83,0.3018,4.0,23.0,21.0,0.0,49.05,49.05
621B,18,9.0,37.0,45.0,124.0,46.0,169.0,221.28,933.48,15.08,14077.92,782.11,0.3112,4.0,25.0,22.0,0.0,48.17,48.17
621B,19,9.0,38.0,44.0,119.0,47.0,163.0,227.95,905.4,14.09,12758.96,708.83,0.3018,4.0,23.0,21.0,0.0,49.05,49.05
621B,20,9.0,38.0,44.0,119.0,47.0,163.0,227.95,905.4,14.09,12758.96,708.83,0.3018,4.0,23.0,21.0,0.0,49.05,49.05
621B,21,9.0,38.0,45.0,127.0,47.0,172.0,227.95,955.39,15.04,14368.55,798.25,0.3185,4.0,26.0,23.0,0.0,47.73,47.73
621B,22,9.0,38.0,44.0,119.0,47.0,163.0,227.95,905.4,14.09,12758.96,708.83,0.3018,4.0,23.0,21.0,0.0,49.05,49.05
621B,23,9.0,38.0,44.0,119.0,47.0,163.0,227.95,905.4,14.09,12758.96,708.83,0.3018,4.0,23.0,21.0,0.0,49.05,49.05
621B,24,9.0,38.0,44.0,119.0,47.0,163.0,227.95,905.4,14.09,12758.96,708.83,0.3018,4.0,23.0,21.0,0.0,49.05,49.05
621B,25,9.0,38.0,44.0,119.0,47.0,163.0,227.95,905.4,14.09,12758.96,708.83,0.3018,4.0,23.0,21.0,0.0,49.05,49.05
621B,26,9.0,38.0,44.0,119.0,47.0,163.0,227.95,905.4,14.09,12758.96,708.83,0.3018,4.0,23.0,21.0,0.0,49.05,49.05
621B,27,9.0,38.0,44.0,119.0,47.0,163.0,227.95,905.4,14.09,12758.96,708.83,0.3018,4.0,23.0,21.0,0.0,49.05,49.05
621B,28,9.0,38.0,44.0,119.0,47.0,163.0,227.95,905.4,14.09,12758.96,708.83,0.3018,4.0,23.0,21.0,0.0,49.05,49.05
621B,29,9.0,38.0,45.0,127.0,47.0,172.0,227.95,955.39,15.04,14368.55,798.25,0.3185,4.0,26.0,23.0,0.0,47.73,47.73
621B,30,9.0,40.0,49.0,134.0,49.0,183.0,241.41,1027.49,15.08,15489.44,860.52,0.3425,4.0,29.0,25.0,0.0,46.47,46.47
621B,31,9.0,38.0,44.0,119.0,47.0,163.0,227.95,905.4,14.09,12758.96,708.83,0.3018,4.0,23.0,21.0,0.0,49.05,49.05
621B,32,9.0,38.0,44.0,119.0,47.0,163.0,227.95,905.4,14.09,12758.96,708.83,0.3018,4.0,23.0,21.0,0.0,49.05,49.05
622C,1,9.0,84.0,90.0,301.0,93.0,391.0,565.48,2556.81,16.12,41228.58,2290.48,0.8523,12.0,51.0,43.0,0.1,55.22,37.28
622C,2,8.0,97.0,93.0,339.0,105.0,432.0,664.19,2900.55,13.98,40547.95,2252.66,0.9669,9.0,46.0,34.0,0.21,61.82,38.27
622C,3,9.0,117.0,106.0,420.0,126.0,526.0,832.36,3670.05,16.15,59285.41,3293.63,1.2233,8.0,55.0,41.0,0.21,59.64,36.0
622C,4,8.0,104.0,99.0,355.0,112.0,454.0,720.85,3090.54,13.65,42197.75,2344.32,1.0302,9.0,53.0,37.0,0.26,62.01,36.74
622C,5,9.0,58.0,68.0,182.0,67.0,250.0,368.29,1516.52,14.12,21414.34,1189.69,0.5055,7.0,34.0,31.0,0.0,43.38,43.38
622C,6,11.0,140.0,130.0,504.0,151.0,634.0,1036.15,4589.15,19.8,90865.14,5048.06,1.5297,10.0,57.0,37.0,0.31,61.38,34.71
622C,7,9.0,119.0,117.0,475.0,128.0,592.0,849.01,4144.0,17.96,74435.29,4135.29,1.3813,9.0,57.0,41.0,0.24,59.83,35.16
622C,8,9.0,85.0,89.0,285.0,94.0,374.0,573.33,2451.42,15.09,36987.54,2054.86,0.8171,11.0,47.0,38.0,0.14,58.37,38.31
622C,9,8.0,97.0,93.0,339.0,105.0,432.0,664.19,2900.55,13.98,40547.95,2252.66,0.9669,9.0,46.0,34.0,0.21,61.82,38.27
622C,10,8.0,118.0,112.0,433.0,126.0,545.0,836.15,3802.62,14.68,55814.69,3100.82,1.2675,8.0,56.0,40.0,0.25,60.54,35.72
622C,11,8.0,49.0,53.0,141.0,57.0,194.0,299.12,1131.58,11.51,13024.72,723.6,0.3772,6.0,25.0,22.0,0.0,47.32,47.32
622C,12,9.0,130.0,136.0,541.0,139.0,677.0,941.44,4819.52,18.73,90254.84,5014.16,1.6065,15.0,78.0,57.0,0.24,55.57,30.92
622C,13,9.0,105.0,109.0,449.0,114.0,558.0,733.53,3812.75,19.24,73368.25,4076.01,1.2709,11.0,62.0,46.0,0.22,58.31,34.35
622C,14,8.0,92.0,94.0,334.0,100.0,428.0,624.17,2843.57,14.52,41293.59,2294.09,0.9479,9.0,50.0,37.0,0.21,61.23,37.54
622C,15,8.0,96.0,98.0,334.0,104.0,432.0,656.16,2894.59,13.92,40283.04,2237.95,0.9649,11.0,53.0,42.0,0.16,58.02,36.67
622C,16,9.0,50.0,50.0,153.0,59.0,203.0,310.72,1194.18,13.77,16443.81,913.55,0.3981,6.0,28.0,25.0,0.0,46.08,46.08
622C,17,8.0,94.0,124.0,416.0,102.0,540.0,640.13,3603.11,17.7,63782.71,3543.48,1.201,16.0,70.0,59.0,0.12,51.69,32.7
622C,18,10.0,150.0,151.0,612.0,160.0,763.0,1117.54,5586.63,20.4,113967.28,6331.52,1.8622,9.0,68.0,37.0,0.43,61.06,32.58
622C,19,8.0,86.0,91.0,327.0,94.0,418.0,576.66,2739.82,15.21,41670.72,2315.04,0.9133,12.0,54.0,45.0,0.12,55.41,36.52
622C,20,8.0,99.0,99.0,354.0,107.0,453.0,680.31,3053.88,14.3,43679.8,2426.66,1.018,9.0,54.0,40.0,0.22,60.39,36.6
622C,21,8.0,102.0,83.0,310.0,110.0,393.0,704.59,2665.07,12.16,32398.94,1799.94,0.8884,7.0,44.0,32.0,0.22,63.16,39.22
622C,22,9.0,111.0,113.0,428.0,120.0,541.0,782.71,3736.63,17.35,64835.54,3601.97,1.2455,8.0,53.0,39.0,0.22,60.25,36.3
622C,23,8.0,74.0,70.0,222.0,82.0,292.0,483.5,1856.41,12.0,22276.86,1237.6,0.6188,7.0,37.0,31.0,0.09,58.66,41.96
622C,24,9.0,50.0,52.0,144.0,59.0,196.0,310.72,1153.0,12.96,14942.85,830.16,0.3843,6.0,26.0,23.0,0.0,46.89,46.89
622C,25,9.0,50.0,52.0,151.0,59.0,203.0,310.72,1194.18,13.59,16228.86,901.6,0.3981,6.0,27.0,24.0,0.0,46.42,46.42
622C,26,8.0,49.0,47.0,147.0,57.0,194.0,299.12,1131.58,12.0,13578.97,754.39,0.3772,6.0,25.0,22.0,0.0,47.32,47.32
622C,27,9.0,50.0,52.0,144.0,59.0,196.0,310.72,1153.0,12.96,14942.85,830.16,0.3843,6.0,26.0,23.0,0.0,46.89,46.89
622C,28,9.0,112.0,105.0,420.0,121.0,525.0,790.95,3632.4,16.88,61296.8,3405.38,1.2108,8.0,55.0,41.0,0.21,59.67,36.03
622C,29,8.0,84.0,77.0,247.0,92.0,324.0,560.95,2113.63,11.76,24860.36,1381.13,0.7045,7.0,39.0,31.0,0.14,61.27,41.07
622C,30,10.0,153.0,152.0,627.0,163.0,779.0,1143.6,5724.66,20.49,117299.39,6516.63,1.9082,9.0,70.0,43.0,0.36,59.74,32.23
622C,31,11.0,134.0,145.0,566.0,145.0,711.0,984.91,5104.92,23.23,118594.04,6588.56,1.7016,13.0,76.0,53.0,0.27,56.93,31.26
622C,32,8.0,97.0,84.0,320.0,105.0,404.0,664.19,2712.56,13.2,35794.54,1988.59,0.9042,9.0,50.0,40.0,0.15,58.46,37.69
625D,1,6.0,50.0,51.0,231.0,56.0,282.0,297.7,1637.67,13.86,22698.16,1261.01,0.5459,11.0,41.0,36.0,0.0,40.83,40.83
625D,2,6.0,57.0,42.0,229.0,63.0,271.0,347.98,1619.84,12.05,19523.37,1084.63,0.5399,12.0,39.0,34.0,0.0,41.21,41.21
625D,3,5.0,51.0,39.0,218.0,56.0,257.0,300.9,1492.49,10.69,15949.16,886.06,0.4975,9.0,36.0,31.0,0.0,42.62,42.62
625D,4,8.0,51.0,34.0,196.0,59.0,230.0,313.29,1353.01,15.37,20799.18,1155.51,0.451,10.0,28.0,26.0,0.0,45.16,45.16
625D,5,8.0,51.0,59.0,253.0,59.0,312.0,313.29,1835.38,19.84,36419.79,2023.32,0.6118,12.0,45.0,43.0,0.0,39.47,39.47
625D,6,9.0,52.0,36.0,201.0,61.0,237.0,324.95,1405.58,17.39,24449.07,1358.28,0.4685,11.0,33.0,31.0,0.0,43.35,43.35
625D,7,5.0,48.0,36.0,191.0,53.0,227.0,279.69,1300.24,9.95,12934.66,718.59,0.4334,9.0,35.0,30.0,0.0,43.3,43.3
625D,8,8.0,51.0,34.0,198.0,59.0,232.0,313.29,1364.77,15.53,21194.12,1177.45,0.4549,10.0,30.0,28.0,0.0,44.48,44.48
625D,9,8.0,51.0,38.0,208.0,59.0,246.0,313.29,1447.13,16.31,23608.08,1311.56,0.4824,9.0,35.0,33.0,0.0,42.98,42.98
625D,10,5.0,51.0,39.0,218.0,56.0,257.0,300.9,1492.49,10.69,15949.16,886.06,0.4975,9.0,36.0,31.0,0.0,42.62,42.62
625D,11,8.0,51.0,34.0,194.0,59.0,228.0,313.29,1341.24,15.22,20407.93,1133.77,0.4471,10.0,31.0,29.0,0.0,44.22,44.22
625D,12,8.0,51.0,34.0,196.0,59.0,230.0,313.29,1353.01,15.37,20799.18,1155.51,0.451,10.0,28.0,26.0,0.0,45.16,45.16
625D,13,8.0,51.0,34.0,196.0,59.0,230.0,313.29,1353.01,15.37,20799.18,1155.51,0.451,10.0,28.0,26.0,0.0,45.16,45.16
625D,14,7.0,50.0,41.0,211.0,57.0,252.0,301.84,1469.89,14.77,21710.25,1206.12,0.49,9.0,38.0,33.0,0.0,42.15,42.15
625D,15,8.0,52.0,34.0,196.0,60.0,230.0,320.42,1358.58,15.08,20483.28,1137.96,0.4529,10.0,28.0,26.0,0.0,45.15,45.15
625D,16,7.0,51.0,31.0,192.0,58.0,223.0,308.95,1306.33,13.18,17212.82,956.27,0.4354,9.0,30.0,28.0,0.0,44.75,44.75
625D,17,8.0,51.0,38.0,206.0,59.0,244.0,313.29,1435.36,16.16,23190.99,1288.39,0.4785,9.0,33.0,31.0,0.0,43.56,43.56
625D,18,7.0,53.0,40.0,230.0,60.0,270.0,323.23,1594.86,15.19,24223.82,1345.77,0.5316,11.0,38.0,33.0,0.0,41.63,41.63
625D,19,8.0,51.0,34.0,196.0,59.0,230.0,313.29,1353.01,15.37,20799.18,1155.51,0.451,10.0,28.0,26.0,0.0,45.16,45.16
625D,20,8.0,50.0,38.0,203.0,58.0,241.0,306.19,1411.77,16.24,22927.2,1273.73,0.4706,9.0,33.0,31.0,0.0,43.61,43.61
625D,21,5.0,49.0,36.0,191.0,54.0,227.0,286.73,1306.36,9.74,12730.34,707.24,0.4355,9.0,35.0,30.0,0.0,43.29,43.29
625D,22,5.0,48.0,36.0,191.0,53.0,227.0,279.69,1300.24,9.95,12934.66,718.59,0.4334,9.0,35.0,30.0,0.0,43.3,43.3
625D,23,5.0,49.0,36.0,191.0,54.0,227.0,286.73,1306.36,9.74,12730.34,707.24,0.4355,9.0,35.0,30.0,0.0,43.29,43.29
625D,24,9.0,52.0,40.0,215.0,61.0,255.0,324.95,1512.34,18.61,28138.21,1563.23,0.5041,10.0,37.0,35.0,0.0,42.18,42.18
625D,25,6.0,52.0,36.0,204.0,58.0,240.0,311.93,1405.92,11.77,16546.54,919.25,0.4686,9.0,36.0,31.0,0.0,42.8,42.8
625D,26,6.0,51.0,51.0,231.0,57.0,282.0,304.8,1644.87,13.59,22350.95,1241.72,0.5483,11.0,41.0,36.0,0.0,40.82,40.82
625D,27,8.0,57.0,55.0,252.0,65.0,307.0,356.47,1848.87,17.68,32695.75,1816.43,0.6163,13.0,44.0,39.0,0.0,39.53,39.53
625D,28,7.0,50.0,41.0,211.0,57.0,252.0,301.84,1469.89,14.77,21710.25,1206.12,0.49,9.0,38.0,33.0,0.0,42.15,42.15
625D,29,7.0,50.0,41.0,211.0,57.0,252.0,301.84,1469.89,14.77,21710.25,1206.12,0.49,9.0,38.0,33.0,0.0,42.15,42.15
625D,30,7.0,52.0,43.0,228.0,59.0,271.0,316.07,1594.2,15.35,24464.78,1359.15,0.5314,10.0,36.0,31.0,0.0,42.28,42.28
625D,31,8.0,51.0,34.0,198.0,59.0,232.0,313.29,1364.77,15.53,21194.12,1177.45,0.4549,10.0,30.0,28.0,0.0,44.48,44.48
625D,32,6.0,57.0,41.0,246.0,63.0,287.0,347.98,1715.48,12.95,22210.94,1233.94,0.5718,12.0,38.0,33.0,0.0,41.28,41.28
626A,1,9.0,41.0,99.0,305.0,50.0,404.0,248.19,2280.12,33.48,76328.34,4240.46,0.76,12.0,36.0,32.0,0.0,40.92,40.92
626A,2,8.0,42.0,44.0,122.0,50.0,166.0,250.48,936.88,11.62,10885.65,604.76,0.3123,9.0,23.0,21.0,0.0,48.28,48.28
626A,3,6.0,43.0,69.0,240.0,49.0,309.0,248.84,1734.95,16.74,29050.25,1613.9,0.5783,14.0,29.0,26.0,0.0,43.53,43.53
626A,4,6.0,43.0,69.0,240.0,49.0,309.0,248.84,1734.95,16.74,29050.25,1613.9,0.5783,14.0,29.0,26.0,0.0,43.53,43.53
626A,5,6.0,43.0,69.0,240.0,49.0,309.0,248.84,1734.95,16.74,29050.25,1613.9,0.5783,14.0,29.0,26.0,0.0,43.53,43.53
626A,6,6.0,43.0,69.0,240.0,49.0,309.0,248.84,1734.95,16.74,29050.25,1613.9,0.5783,14.0,29.0,26.0,0.0,43.53,43.53
626A,7,8.0,42.0,44.0,122.0,50.0,166.0,250.48,936.88,11.62,10885.65,604.76,0.3123,9.0,23.0,21.0,0.0,48.28,48.28
626A,8,6.0,43.0,69.0,240.0,49.0,309.0,248.84,1734.95,16.74,29050.25,1613.9,0.5783,14.0,29.0,26.0,0.0,43.53,43.53
626A,9,8.0,42.0,44.0,122.0,50.0,166.0,250.48,936.88,11.62,10885.65,604.76,0.3123,9.0,23.0,21.0,0.0,48.28,48.28
626A,10,8.0,42.0,44.0,122.0,50.0,166.0,250.48,936.88,11.62,10885.65,604.76,0.3123,9.0,23.0,21.0,0.0,48.28,48.28
626A,11,8.0,42.0,44.0,122.0,50.0,166.0,250.48,936.88,11.62,10885.65,604.76,0.3123,9.0,23.0,21.0,0.0,48.28,48.28
626A,12,8.0,42.0,44.0,122.0,50.0,166.0,250.48,936.88,11.62,10885.65,604.76,0.3123,9.0,23.0,21.0,0.0,48.28,48.28
626A,13,9.0,41.0,99.0,305.0,50.0,404.0,248.19,2280.12,33.48,76328.34,4240.46,0.76,12.0,36.0,32.0,0.0,40.92,40.92
626A,14,8.0,42.0,44.0,122.0,50.0,166.0,250.48,936.88,11.62,10885.65,604.76,0.3123,9.0,23.0,21.0,0.0,48.28,48.28
626A,15,8.0,42.0,44.0,122.0,50.0,166.0,250.48,936.88,11.62,10885.65,604.76,0.3123,9.0,23.0,21.0,0.0,48.28,48.28
626A,16,9.0,41.0,99.0,305.0,50.0,404.0,248.19,2280.12,33.48,76328.34,4240.46,0.76,12.0,36.0,32.0,0.0,40.92,40.92
626A,17,7.0,43.0,81.0,291.0,50.0,372.0,252.98,2099.51,23.69,49729.2,2762.73,0.6998,6.0,35.0,31.0,0.0,42.25,42.25
626A,18,6.0,43.0,69.0,240.0,49.0,309.0,248.84,1734.95,16.74,29050.25,1613.9,0.5783,14.0,29.0,26.0,0.0,43.53,43.53
626A,19,7.0,43.0,79.0,284.0,50.0,363.0,252.98,2048.72,23.12,47358.78,2631.04,0.6829,6.0,32.0,29.0,0.0,43.17,43.17
626A,20,8.0,42.0,44.0,122.0,50.0,166.0,250.48,936.88,11.62,10885.65,604.76,0.3123,9.0,23.0,21.0,0.0,48.28,48.28
626A,21,8.0,42.0,44.0,122.0,50.0,166.0,250.48,936.88,11.62,10885.65,604.76,0.3123,9.0,23.0,21.0,0.0,48.28,48.28
626A,22,6.0,43.0,71.0,243.0,49.0,314.0,248.84,1763.02,16.95,29889.32,1660.52,0.5877,14.0,30.0,26.0,0.0,43.16,43.16
626A,23,6.0,43.0,69.0,240.0,49.0,309.0,248.84,1734.95,16.74,29050.25,1613.9,0.5783,14.0,29.0,26.0,0.0,43.53,43.53
626A,24,8.0,42.0,44.0,122.0,50.0,166.0,250.48,936.88,11.62,10885.65,604.76,0.3123,9.0,23.0,21.0,0.0,48.28,48.28
626A,25,6.0,43.0,69.0,240.0,49.0,309.0,248.84,1734.95,16.74,29050.25,1613.9,0.5783,14.0,29.0,26.0,0.0,43.53,43.53
626A,26,6.0,43.0,71.0,243.0,49.0,314.0,248.84,1763.02,16.95,29889.32,1660.52,0.5877,14.0,30.0,26.0,0.0,43.16,43.16
626A,27,8.0,49.0,59.0,200.0,57.0,259.0,299.12,1510.72,16.33,24664.79,1370.27,0.5036,10.0,32.0,28.0,0.0,43.56,43.56
626A,28,8.0,42.0,44.0,122.0,50.0,166.0,250.48,936.88,11.62,10885.65,604.76,0.3123,9.0,23.0,21.0,0.0,48.28,48.28
626A,29,6.0,43.0,71.0,243.0,49.0,314.0,248.84,1763.02,16.95,29889.32,1660.52,0.5877,14.0,30.0,26.0,0.0,43.16,43.16
626A,30,8.0,42.0,44.0,122.0,50.0,166.0,250.48,936.88,11.62,10885.65,604.76,0.3123,9.0,23.0,21.0,0.0,48.28,48.28
626A,31,6.0,41.0,79.0,215.0,47.0,294.0,235.17,1633.05,15.73,25690.65,1427.26,0.5443,14.0,36.0,32.0,0.0,41.67,41.67
626A,32,8.0,42.0,44.0,122.0,50.0,166.0,250.48,936.88,11.62,10885.65,604.76,0.3123,9.0,23.0,21.0,0.0,48.28,48.28
629B,1,8.0,51.0,58.0,178.0,59.0,236.0,313.29,1388.3,13.96,19381.81,1076.77,0.4628,10.0,28.0,26.0,0.0,45.08,45.08
629B,2,8.0,52.0,58.0,180.0,60.0,238.0,320.42,1405.84,13.85,19465.48,1081.42,0.4686,10.0,29.0,27.0,0.0,44.71,44.71
629B,3,8.0,50.0,59.0,180.0,58.0,239.0,306.19,1400.06,14.4,20160.83,1120.05,0.4667,11.0,29.0,27.0,0.0,44.59,44.59
629B,4,8.0,51.0,58.0,178.0,59.0,236.0,313.29,1388.3,13.96,19381.81,1076.77,0.4628,10.0,28.0,26.0,0.0,45.08,45.08
629B,5,8.0,52.0,58.0,180.0,60.0,238.0,320.42,1405.84,13.85,19465.48,1081.42,0.4686,10.0,29.0,27.0,0.0,44.71,44.71
629B,6,8.0,51.0,58.0,180.0,59.0,238.0,313.29,1400.07,14.12,19765.68,1098.09,0.4667,10.0,29.0,27.0,0.0,44.72,44.72
629B,7,8.0,51.0,58.0,180.0,59.0,238.0,313.29,1400.07,14.12,19765.68,1098.09,0.4667,10.0,29.0,27.0,0.0,44.72,44.72
629B,8,8.0,52.0,58.0,180.0,60.0,238.0,320.42,1405.84,13.85,19465.48,1081.42,0.4686,10.0,29.0,27.0,0.0,44.71,44.71
629B,9,8.0,52.0,58.0,180.0,60.0,238.0,320.42,1405.84,13.85,19465.48,1081.42,0.4686,10.0,29.0,27.0,0.0,44.71,44.71
629B,10,8.0,50.0,59.0,178.0,58.0,237.0,306.19,1388.34,14.24,19769.98,1098.33,0.4628,11.0,28.0,26.0,0.0,44.95,44.95
629B,11,8.0,51.0,58.0,178.0,59.0,236.0,313.29,1388.3,13.96,19381.81,1076.77,0.4628,10.0,28.0,26.0,0.0,45.08,45.08
629B,12,8.0,53.0,58.0,178.0,61.0,236.0,327.58,1399.65,13.43,18802.9,1044.61,0.4666,10.0,28.0,26.0,0.0,45.06,45.06
629B,13,8.0,51.0,58.0,178.0,59.0,236.0,313.29,1388.3,13.96,19381.81,1076.77,0.4628,10.0,28.0,26.0,0.0,45.08,45.08
629B,14,8.0,51.0,58.0,178.0,59.0,236.0,313.29,1388.3,13.96,19381.81,1076.77,0.4628,10.0,28.0,26.0,0.0,45.08,45.08
629B,15,8.0,52.0,59.0,178.0,60.0,237.0,320.42,1399.93,13.69,19168.31,1064.91,0.4666,11.0,28.0,26.0,0.0,44.92,44.92
629B,16,8.0,51.0,58.0,178.0,59.0,236.0,313.29,1388.3,13.96,19381.81,1076.77,0.4628,10.0,28.0,26.0,0.0,45.08,45.08
629B,17,8.0,50.0,59.0,178.0,58.0,237.0,306.19,1388.34,14.24,19769.98,1098.33,0.4628,11.0,28.0,26.0,0.0,44.95,44.95
629B,18,8.0,51.0,58.0,178.0,59.0,236.0,313.29,1388.3,13.96,19381.81,1076.77,0.4628,10.0,28.0,26.0,0.0,45.08,45.08
629B,19,8.0,53.0,58.0,178.0,61.0,236.0,327.58,1399.65,13.43,18802.9,1044.61,0.4666,10.0,28.0,26.0,0.0,45.06,45.06
629B,20,8.0,50.0,59.0,178.0,58.0,237.0,306.19,1388.34,14.24,19769.98,1098.33,0.4628,11.0,28.0,26.0,0.0,44.95,44.95
629B,21,8.0,50.0,59.0,178.0,58.0,237.0,306.19,1388.34,14.24,19769.98,1098.33,0.4628,11.0,28.0,26.0,0.0,44.95,44.95
629B,22,8.0,51.0,58.0,178.0,59.0,236.0,313.29,1388.3,13.96,19381.81,1076.77,0.4628,10.0,28.0,26.0,0.0,45.08,45.08
629B,23,8.0,50.0,59.0,178.0,58.0,237.0,306.19,1388.34,14.24,19769.98,1098.33,0.4628,11.0,28.0,26.0,0.0,44.95,44.95
629B,24,8.0,51.0,58.0,180.0,59.0,238.0,313.29,1400.07,14.12,19765.68,1098.09,0.4667,10.0,29.0,27.0,0.0,44.72,44.72
629B,25,8.0,52.0,59.0,178.0,60.0,237.0,320.42,1399.93,13.69,19168.31,1064.91,0.4666,11.0,28.0,26.0,0.0,44.92,44.92
629B,26,8.0,53.0,58.0,178.0,61.0,236.0,327.58,1399.65,13.43,18802.9,1044.61,0.4666,10.0,28.0,26.0,0.0,45.06,45.06
629B,27,8.0,50.0,59.0,180.0,58.0,239.0,306.19,1400.06,14.4,20160.83,1120.05,0.4667,11.0,29.0,27.0,0.0,44.59,44.59
629B,28,8.0,50.0,59.0,178.0,58.0,237.0,306.19,1388.34,14.24,19769.98,1098.33,0.4628,11.0,28.0,26.0,0.0,44.95,44.95
629B,29,8.0,51.0,58.0,180.0,59.0,238.0,313.29,1400.07,14.12,19765.68,1098.09,0.4667,10.0,29.0,27.0,0.0,44.72,44.72
629B,30,8.0,50.0,59.0,178.0,58.0,237.0,306.19,1388.34,14.24,19769.98,1098.33,0.4628,11.0,28.0,26.0,0.0,44.95,44.95
629B,31,8.0,51.0,58.0,178.0,59.0,236.0,313.29,1388.3,13.96,19381.81,1076.77,0.4628,10.0,28.0,26.0,0.0,45.08,45.08
629B,32,8.0,51.0,58.0,180.0,59.0,238.0,313.29,1400.07,14.12,19765.68,1098.09,0.4667,10.0,29.0,27.0,0.0,44.72,44.72
630J,1,4.0,23.0,10.0,35.0,27.0,45.0,112.04,213.97,3.04,651.21,36.18,0.0713,1.0,9.0,7.0,0.0,62.73,62.73
630J,2,4.0,23.0,10.0,35.0,27.0,45.0,112.04,213.97,3.04,651.21,36.18,0.0713,1.0,9.0,7.0,0.0,62.73,62.73
630J,3,4.0,23.0,10.0,35.0,27.0,45.0,112.04,213.97,3.04,651.21,36.18,0.0713,1.0,9.0,7.0,0.0,62.73,62.73
630J,4,4.0,23.0,10.0,35.0,27.0,45.0,112.04,213.97,3.04,651.21,36.18,0.0713,1.0,9.0,7.0,0.0,62.73,62.73
630J,5,4.0,23.0,10.0,35.0,27.0,45.0,112.04,213.97,3.04,651.21,36.18,0.0713,1.0,9.0,7.0,0.0,62.73,62.73
630J,6,4.0,23.0,10.0,35.0,27.0,45.0,112.04,213.97,3.04,651.21,36.18,0.0713,1.0,9.0,7.0,0.0,62.73,62.73
630J,7,4.0,23.0,10.0,35.0,27.0,45.0,112.04,213.97,3.04,651.21,36.18,0.0713,1.0,9.0,7.0,0.0,62.73,62.73
630J,8,4.0,23.0,10.0,35.0,27.0,45.0,112.04,213.97,3.04,651.21,36.18,0.0713,1.0,9.0,7.0,0.0,62.73,62.73
630J,9,4.0,23.0,10.0,35.0,27.0,45.0,112.04,213.97,3.04,651.21,36.18,0.0713,1.0,9.0,7.0,0.0,62.73,62.73
630J,10,4.0,23.0,10.0,35.0,27.0,45.0,112.04,213.97,3.04,651.21,36.18,0.0713,1.0,9.0,7.0,0.0,62.73,62.73
630J,11,4.0,23.0,10.0,35.0,27.0,45.0,112.04,213.97,3.04,651.21,36.18,0.0713,1.0,9.0,7.0,0.0,62.73,62.73
630J,12,4.0,23.0,10.0,35.0,27.0,45.0,112.04,213.97,3.04,651.21,36.18,0.0713,1.0,9.0,7.0,0.0,62.73,62.73
630J,13,4.0,23.0,10.0,35.0,27.0,45.0,112.04,213.97,3.04,651.21,36.18,0.0713,1.0,9.0,7.0,0.0,62.73,62.73
630J,14,4.0,23.0,10.0,35.0,27.0,45.0,112.04,213.97,3.04,651.21,36.18,0.0713,1.0,9.0,7.0,0.0,62.73,62.73
630J,15,4.0,23.0,10.0,35.0,27.0,45.0,112.04,213.97,3.04,651.21,36.18,0.0713,1.0,9.0,7.0,0.0,62.73,62.73
630J,16,4.0,23.0,10.0,35.0,27.0,45.0,112.04,213.97,3.04,651.21,36.18,0.0713,1.0,9.0,7.0,0.0,62.73,62.73
630J,17,4.0,23.0,10.0,35.0,27.0,45.0,112.04,213.97,3.04,651.21,36.18,0.0713,1.0,9.0,7.0,0.0,62.73,62.73
630J,18,4.0,23.0,10.0,35.0,27.0,45.0,112.04,213.97,3.04,651.21,36.18,0.0713,1.0,9.0,7.0,0.0,62.73,62.73
630J,19,4.0,23.0,10.0,35.0,27.0,45.0,112.04,213.97,3.04,651.21,36.18,0.0713,1.0,9.0,7.0,0.0,62.73,62.73
630J,20,4.0,23.0,10.0,35.0,27.0,45.0,112.04,213.97,3.04,651.21,36.18,0.0713,1.0,9.0,7.0,0.0,62.73,62.73
630J,21,4.0,23.0,10.0,35.0,27.0,45.0,112.04,213.97,3.04,651.21,36.18,0.0713,1.0,9.0,7.0,0.0,62.73,62.73
630J,22,4.0,23.0,10.0,35.0,27.0,45.0,112.04,213.97,3.04,651.21,36.18,0.0713,1.0,9.0,7.0,0.0,62.73,62.73
630J,23,4.0,23.0,10.0,35.0,27.0,45.0,112.04,213.97,3.04,651.21,36.18,0.0713,1.0,9.0,7.0,0.0,62.73,62.73
630J,24,4.0,23.0,10.0,35.0,27.0,45.0,112.04,213.97,3.04,651.21,36.18,0.0713,1.0,9.0,7.0,0.0,62.73,62.73
630J,25,4.0,23.0,10.0,35.0,27.0,45.0,112.04,213.97,3.04,651.21,36.18,0.0713,1.0,9.0,7.0,0.0,62.73,62.73
630J,26,4.0,23.0,10.0,35.0,27.0,45.0,112.04,213.97,3.04,651.21,36.18,0.0713,1.0,9.0,7.0,0.0,62.73,62.73
630J,27,4.0,23.0,10.0,35.0,27.0,45.0,112.04,213.97,3.04,651.21,36.18,0.0713,1.0,9.0,7.0,0.0,62.73,62.73
630J,28,4.0,23.0,10.0,35.0,27.0,45.0,112.04,213.97,3.04,651.21,36.18,0.0713,1.0,9.0,7.0,0.0,62.73,62.73
630J,29,4.0,23.0,10.0,35.0,27.0,45.0,112.04,213.97,3.04,651.21,36.18,0.0713,1.0,9.0,7.0,0.0,62.73,62.73
630J,30,4.0,23.0,10.0,35.0,27.0,45.0,112.04,213.97,3.04,651.21,36.18,0.0713,1.0,9.0,7.0,0.0,62.73,62.73
630J,31,4.0,23.0,10.0,35.0,27.0,45.0,112.04,213.97,3.04,651.21,36.18,0.0713,1.0,9.0,7.0,0.0,62.73,62.73
630J,32,4.0,23.0,10.0,35.0,27.0,45.0,112.04,213.97,3.04,651.21,36.18,0.0713,1.0,9.0,7.0,0.0,62.73,62.73
631D,1,9.0,72.0,89.0,409.0,81.0,498.0,472.76,3157.25,25.56,80707.08,4483.73,1.0524,12.0,65.0,54.0,0.0,34.34,34.34
631D,2,8.0,82.0,109.0,460.0,90.0,569.0,545.32,3693.86,22.44,82886.71,4604.82,1.2313,15.0,88.0,73.0,0.04,42.15,30.59
631D,3,8.0,80.0,98.0,391.0,88.0,489.0,529.75,3158.66,19.55,61751.84,3430.66,1.0529,13.0,75.0,60.0,0.08,48.57,32.85
631D,4,8.0,73.0,92.0,390.0,81.0,482.0,475.86,3055.81,21.37,65302.19,3627.9,1.0186,13.0,68.0,57.0,0.03,44.63,33.87
631D,5,8.0,72.0,87.0,403.0,80.0,490.0,468.23,3097.74,22.39,69355.06,3853.06,1.0326,12.0,65.0,54.0,0.0,34.39,34.39
631D,6,9.0,103.0,116.0,509.0,112.0,625.0,717.24,4254.6,22.24,94613.15,5256.29,1.4182,17.0,73.0,57.0,0.1,48.92,31.66
631D,7,6.0,70.0,108.0,446.0,76.0,554.0,444.56,3461.35,19.11,66161.27,3675.63,1.1538,13.0,76.0,64.0,0.07,47.75,32.44
631D,8,9.0,67.0,73.0,326.0,76.0,399.0,434.96,2492.92,21.9,54583.85,3032.44,0.831,10.0,53.0,44.0,0.0,37.26,37.26
631D,9,8.0,63.0,103.0,413.0,71.0,516.0,400.57,3173.27,26.22,83210.18,4622.79,1.0578,14.0,60.0,48.0,0.08,50.53,34.81
631D,10,7.0,62.0,97.0,411.0,69.0,508.0,388.81,3103.13,23.2,71997.63,3999.87,1.0344,12.0,69.0,58.0,0.06,48.35,33.82
631D,11,9.0,66.0,72.0,320.0,75.0,392.0,427.46,2441.7,21.82,53273.39,2959.63,0.8139,9.0,50.0,40.0,0.07,53.06,38.01
631D,12,9.0,72.0,108.0,437.0,81.0,545.0,472.76,3455.22,27.31,94370.65,5242.81,1.1517,15.0,75.0,63.0,0.07,47.71,32.3
631D,13,9.0,77.0,95.0,396.0,86.0,491.0,511.07,3155.3,23.14,73022.56,4056.81,1.0518,13.0,72.0,60.0,0.03,43.74,33.24
631D,14,10.0,66.0,91.0,364.0,76.0,455.0,432.15,2842.81,27.58,78392.56,4355.14,0.9476,16.0,61.0,52.0,0.0,34.72,34.72
631D,15,9.0,77.0,103.0,441.0,86.0,544.0,511.07,3495.89,25.77,90098.57,5005.48,1.1653,15.0,73.0,59.0,0.06,46.94,32.52
631D,16,8.0,69.0,94.0,405.0,77.0,499.0,445.49,3127.13,23.48,73419.49,4078.86,1.0424,12.0,69.0,56.0,0.05,46.82,33.8
631D,17,8.0,81.0,96.0,423.0,89.0,519.0,537.53,3360.91,20.89,70205.58,3900.31,1.1203,13.0,73.0,62.0,0.03,43.26,32.91
631D,18,9.0,73.0,82.0,367.0,82.0,449.0,480.39,2854.54,22.62,64579.1,3587.73,0.9515,12.0,68.0,56.0,0.0,34.22,34.22
631D,19,9.0,74.0,104.0,476.0,83.0,580.0,488.03,3697.52,28.95,107028.3,5946.02,1.2325,19.0,73.0,63.0,0.0,31.82,31.82
631D,20,9.0,71.0,108.0,483.0,80.0,591.0,465.16,3736.26,30.61,114376.9,6354.27,1.2454,19.0,71.0,61.0,0.0,32.05,32.05
631D,21,8.0,63.0,65.0,295.0,71.0,360.0,400.57,2213.91,18.73,41466.87,2303.71,0.738,8.0,50.0,40.0,0.0,38.44,38.44
631D,22,8.0,73.0,96.0,409.0,81.0,505.0,475.86,3201.62,22.41,71751.47,3986.19,1.0672,13.0,73.0,62.0,0.03,43.41,33.06
631D,23,9.0,70.0,73.0,332.0,79.0,405.0,457.58,2553.03,21.34,54488.98,3027.17,0.851,9.0,49.0,38.0,0.07,53.44,38.06
631D,24,8.0,71.0,97.0,429.0,79.0,526.0,460.63,3315.79,24.17,80139.34,4452.19,1.1053,13.0,74.0,64.0,0.0,32.82,32.82
631D,25,8.0,75.0,96.0,409.0,83.0,505.0,491.16,3219.39,21.81,70225.73,3901.43,1.0731,13.0,73.0,62.0,0.03,43.39,33.04
631D,26,9.0,89.0,107.0,460.0,98.0,567.0,604.87,3750.54,23.26,87231.67,4846.2,1.2502,15.0,83.0,71.0,0.03,40.81,31.09
631D,27,7.0,60.0,101.0,402.0,67.0,503.0,374.06,3051.24,23.45,71551.65,3975.09,1.0171,14.0,61.0,54.0,0.0,34.77,34.77
631D,28,9.0,74.0,81.0,364.0,83.0,445.0,488.03,2836.89,22.14,62795.0,3488.61,0.9456,12.0,67.0,57.0,0.0,34.38,34.38
631D,29,9.0,68.0,73.0,325.0,77.0,398.0,442.48,2494.18,21.51,53643.23,2980.18,0.8314,9.0,51.0,40.0,0.07,52.8,37.76
631D,30,8.0,73.0,96.0,409.0,81.0,505.0,475.86,3201.62,22.41,71751.47,3986.19,1.0672,13.0,73.0,62.0,0.03,43.41,33.06
631D,31,9.0,77.0,104.0,427.0,86.0,531.0,511.07,3412.35,24.95,85153.56,4730.75,1.1374,15.0,72.0,59.0,0.06,47.15,32.73
631D,32,9.0,74.0,102.0,474.0,83.0,576.0,488.03,3672.02,28.82,105843.57,5880.2,1.224,19.0,72.0,62.0,0.0,31.97,31.97
633D,3,6.0,49.0,48.0,189.0,55.0,237.0,290.63,1370.18,11.57,15854.97,880.83,0.4567,6.0,34.0,32.0,0.0,43.82,43.82
633D,8,6.0,49.0,48.0,189.0,55.0,237.0,290.63,1370.18,11.57,15854.97,880.83,0.4567,6.0,34.0,32.0,0.0,43.82,43.82
633D,18,8.0,49.0,52.0,195.0,57.0,247.0,299.12,1440.72,15.92,22933.97,1274.11,0.4802,7.0,30.0,28.0,0.0,44.72,44.72
633D,21,7.0,53.0,58.0,222.0,60.0,280.0,323.23,1653.93,14.66,24247.23,1347.07,0.5513,8.0,39.0,37.0,0.0,41.68,41.68
633D,29,6.0,49.0,48.0,189.0,55.0,237.0,290.63,1370.18,11.57,15854.97,880.83,0.4567,6.0,34.0,32.0,0.0,43.82,43.82
633D,30,9.0,54.0,67.0,240.0,63.0,307.0,339.29,1835.02,20.0,36700.5,2038.92,0.6117,11.0,44.0,42.0,0.0,39.82,39.82
633D,31,8.0,54.0,63.0,226.0,62.0,289.0,334.76,1720.76,16.74,28806.84,1600.38,0.5736,10.0,41.0,39.0,0.0,40.82,40.82
633D,32,7.0,54.0,61.0,223.0,61.0,284.0,330.42,1684.33,14.45,24344.8,1352.49,0.5614,9.0,39.0,37.0,0.0,41.49,41.49
645B,1,7.0,29.0,22.0,58.0,36.0,80.0,160.53,413.59,7.0,2895.16,160.84,0.1379,1.0,10.0,8.0,0.0,59.73,59.73
645B,2,7.0,29.0,22.0,58.0,36.0,80.0,160.53,413.59,7.0,2895.16,160.84,0.1379,1.0,10.0,8.0,0.0,59.73,59.73
645B,3,7.0,29.0,22.0,56.0,36.0,78.0,160.53,403.25,6.76,2725.44,151.41,0.1344,1.0,10.0,8.0,0.0,59.81,59.81
645B,4,7.0,29.0,22.0,58.0,36.0,80.0,160.53,413.59,7.0,2895.16,160.84,0.1379,1.0,10.0,8.0,0.0,59.73,59.73
645B,5,7.0,29.0,22.0,56.0,36.0,78.0,160.53,403.25,6.76,2725.44,151.41,0.1344,1.0,10.0,8.0,0.0,59.81,59.81
645B,6,7.0,29.0,22.0,56.0,36.0,78.0,160.53,403.25,6.76,2725.44,151.41,0.1344,1.0,10.0,8.0,0.0,59.81,59.81
645B,7,7.0,29.0,22.0,56.0,36.0,78.0,160.53,403.25,6.76,2725.44,151.41,0.1344,1.0,10.0,8.0,0.0,59.81,59.81
645B,8,7.0,29.0,22.0,56.0,36.0,78.0,160.53,403.25,6.76,2725.44,151.41,0.1344,1.0,10.0,8.0,0.0,59.81,59.81
645B,9,7.0,29.0,22.0,58.0,36.0,80.0,160.53,413.59,7.0,2895.16,160.84,0.1379,1.0,10.0,8.0,0.0,59.73,59.73
645B,10,7.0,29.0,22.0,56.0,36.0,78.0,160.53,403.25,6.76,2725.44,151.41,0.1344,1.0,10.0,8.0,0.0,59.81,59.81
645B,11,7.0,29.0,22.0,56.0,36.0,78.0,160.53,403.25,6.76,2725.44,151.41,0.1344,1.0,10.0,8.0,0.0,59.81,59.81
645B,12,7.0,29.0,22.0,56.0,36.0,78.0,160.53,403.25,6.76,2725.44,151.41,0.1344,1.0,10.0,8.0,0.0,59.81,59.81
645B,13,7.0,29.0,22.0,58.0,36.0,80.0,160.53,413.59,7.0,2895.16,160.84,0.1379,1.0,10.0,8.0,0.0,59.73,59.73
645B,14,7.0,29.0,22.0,56.0,36.0,78.0,160.53,403.25,6.76,2725.44,151.41,0.1344,1.0,10.0,8.0,0.0,59.81,59.81
645B,15,7.0,29.0,22.0,56.0,36.0,78.0,160.53,403.25,6.76,2725.44,151.41,0.1344,1.0,10.0,8.0,0.0,59.81,59.81
645B,16,7.0,29.0,22.0,58.0,36.0,80.0,160.53,413.59,7.0,2895.16,160.84,0.1379,1.0,10.0,8.0,0.0,59.73,59.73
645B,17,7.0,29.0,22.0,56.0,36.0,78.0,160.53,403.25,6.76,2725.44,151.41,0.1344,1.0,10.0,8.0,0.0,59.81,59.81
645B,18,7.0,29.0,22.0,58.0,36.0,80.0,160.53,413.59,7.0,2895.16,160.84,0.1379,1.0,10.0,8.0,0.0,59.73,59.73
645B,19,7.0,29.0,22.0,56.0,36.0,78.0,160.53,403.25,6.76,2725.44,151.41,0.1344,1.0,10.0,8.0,0.0,59.81,59.81
645B,20,7.0,29.0,22.0,58.0,36.0,80.0,160.53,413.59,7.0,2895.16,160.84,0.1379,1.0,10.0,8.0,0.0,59.73,59.73
645B,21,7.0,29.0,22.0,56.0,36.0,78.0,160.53,403.25,6.76,2725.44,151.41,0.1344,1.0,10.0,8.0,0.0,59.81,59.81
645B,22,7.0,29.0,22.0,56.0,36.0,78.0,160.53,403.25,6.76,2725.44,151.41,0.1344,1.0,10.0,8.0,0.0,59.81,59.81
645B,23,7.0,29.0,22.0,56.0,36.0,78.0,160.53,403.25,6.76,2725.44,151.41,0.1344,1.0,10.0,8.0,0.0,59.81,59.81
645B,24,7.0,29.0,22.0,58.0,36.0,80.0,160.53,413.59,7.0,2895.16,160.84,0.1379,1.0,10.0,8.0,0.0,59.73,59.73
645B,25,7.0,29.0,22.0,58.0,36.0,80.0,160.53,413.59,7.0,2895.16,160.84,0.1379,1.0,10.0,8.0,0.0,59.73,59.73
645B,26,7.0,29.0,22.0,56.0,36.0,78.0,160.53,403.25,6.76,2725.44,151.41,0.1344,1.0,10.0,8.0,0.0,59.81,59.81
645B,27,7.0,29.0,22.0,56.0,36.0,78.0,160.53,403.25,6.76,2725.44,151.41,0.1344,1.0,10.0,8.0,0.0,59.81,59.81
645B,28,7.0,29.0,22.0,58.0,36.0,80.0,160.53,413.59,7.0,2895.16,160.84,0.1379,1.0,10.0,8.0,0.0,59.73,59.73
645B,29,7.0,29.0,22.0,56.0,36.0,78.0,160.53,403.25,6.76,2725.44,151.41,0.1344,1.0,10.0,8.0,0.0,59.81,59.81
645B,30,7.0,29.0,22.0,58.0,36.0,80.0,160.53,413.59,7.0,2895.16,160.84,0.1379,1.0,10.0,8.0,0.0,59.73,59.73
645B,31,7.0,29.0,22.0,58.0,36.0,80.0,160.53,413.59,7.0,2895.16,160.84,0.1379,1.0,10.0,8.0,0.0,59.73,59.73
645B,32,7.0,29.0,22.0,56.0,36.0,78.0,160.53,403.25,6.76,2725.44,151.41,0.1344,1.0,10.0,8.0,0.0,59.81,59.81
653A,1,7.0,43.0,34.0,133.0,50.0,167.0,252.98,942.52,10.83,10203.37,566.85,0.3142,6.0,27.0,23.0,0.0,47.14,47.14
653A,2,6.0,43.0,38.0,152.0,49.0,190.0,248.84,1066.79,10.6,11312.99,628.5,0.3556,7.0,28.0,24.0,0.0,46.29,46.29
653A,3,5.0,41.0,29.0,129.0,46.0,158.0,231.27,872.72,7.87,6864.71,381.37,0.2909,6.0,22.0,18.0,0.0,49.32,49.32
653A,4,6.0,43.0,38.0,152.0,49.0,190.0,248.84,1066.79,10.6,11312.99,628.5,0.3556,7.0,28.0,24.0,0.0,46.29,46.29
653A,5,6.0,43.0,38.0,152.0,49.0,190.0,248.84,1066.79,10.6,11312.99,628.5,0.3556,7.0,28.0,24.0,0.0,46.29,46.29
653A,6,7.0,43.0,34.0,133.0,50.0,167.0,252.98,942.52,10.83,10203.37,566.85,0.3142,6.0,27.0,23.0,0.0,47.14,47.14
653A,7,7.0,43.0,34.0,133.0,50.0,167.0,252.98,942.52,10.83,10203.37,566.85,0.3142,6.0,27.0,23.0,0.0,47.14,47.14
653A,8,6.0,43.0,38.0,152.0,49.0,190.0,248.84,1066.79,10.6,11312.99,628.5,0.3556,7.0,28.0,24.0,0.0,46.29,46.29
653A,9,6.0,42.0,36.0,141.0,48.0,177.0,241.99,988.54,10.07,9955.99,553.11,0.3295,6.0,27.0,23.0,0.0,47.0,47.0
653A,10,7.0,43.0,34.0,127.0,50.0,161.0,252.98,908.66,10.34,9393.02,521.83,0.3029,6.0,22.0,18.0,0.0,49.19,49.19
653A,11,6.0,43.0,38.0,152.0,49.0,190.0,248.84,1066.79,10.6,11312.99,628.5,0.3556,7.0,28.0,24.0,0.0,46.29,46.29
653A,12,6.0,43.0,38.0,152.0,49.0,190.0,248.84,1066.79,10.6,11312.99,628.5,0.3556,7.0,28.0,24.0,0.0,46.29,46.29
653A,13,6.0,43.0,38.0,152.0,49.0,190.0,248.84,1066.79,10.6,11312.99,628.5,0.3556,7.0,28.0,24.0,0.0,46.29,46.29
653A,14,6.0,43.0,38.0,152.0,49.0,190.0,248.84,1066.79,10.6,11312.99,628.5,0.3556,7.0,28.0,24.0,0.0,46.29,46.29
653A,15,6.0,43.0,38.0,152.0,49.0,190.0,248.84,1066.79,10.6,11312.99,628.5,0.3556,7.0,28.0,24.0,0.0,46.29,46.29
653A,16,5.0,41.0,33.0,127.0,46.0,160.0,231.27,883.77,7.74,6843.83,380.21,0.2946,6.0,22.0,18.0,0.0,49.28,49.28
653A,17,7.0,43.0,34.0,133.0,50.0,167.0,252.98,942.52,10.83,10203.37,566.85,0.3142,6.0,27.0,23.0,0.0,47.14,47.14
653A,18,5.0,41.0,33.0,133.0,46.0,166.0,231.27,916.91,8.11,7435.93,413.11,0.3056,6.0,27.0,23.0,0.0,47.23,47.23
653A,19,6.0,43.0,38.0,152.0,49.0,190.0,248.84,1066.79,10.6,11312.99,628.5,0.3556,7.0,28.0,24.0,0.0,46.29,46.29
653A,20,6.0,43.0,38.0,152.0,49.0,190.0,248.84,1066.79,10.6,11312.99,628.5,0.3556,7.0,28.0,24.0,0.0,46.29,46.29
653A,21,6.0,43.0,38.0,152.0,49.0,190.0,248.84,1066.79,10.6,11312.99,628.5,0.3556,7.0,28.0,24.0,0.0,46.29,46.29
653A,22,6.0,43.0,38.0,152.0,49.0,190.0,248.84,1066.79,10.6,11312.99,628.5,0.3556,7.0,28.0,24.0,0.0,46.29,46.29
653A,23,6.0,42.0,36.0,141.0,48.0,177.0,241.99,988.54,10.07,9955.99,553.11,0.3295,6.0,27.0,23.0,0.0,47.0,47.0
653A,24,7.0,43.0,34.0,133.0,50.0,167.0,252.98,942.52,10.83,10203.37,566.85,0.3142,6.0,27.0,23.0,0.0,47.14,47.14
653A,25,5.0,41.0,33.0,133.0,46.0,166.0,231.27,916.91,8.11,7435.93,413.11,0.3056,6.0,27.0,23.0,0.0,47.23,47.23
653A,26,6.0,43.0,38.0,152.0,49.0,190.0,248.84,1066.79,10.6,11312.99,628.5,0.3556,7.0,28.0,24.0,0.0,46.29,46.29
653A,27,5.0,41.0,33.0,133.0,46.0,166.0,231.27,916.91,8.11,7435.93,413.11,0.3056,6.0,27.0,23.0,0.0,47.23,47.23
653A,28,7.0,43.0,34.0,133.0,50.0,167.0,252.98,942.52,10.83,10203.37,566.85,0.3142,6.0,27.0,23.0,0.0,47.14,47.14
653A,29,7.0,43.0,34.0,133.0,50.0,167.0,252.98,942.52,10.83,10203.37,566.85,0.3142,6.0,27.0,23.0,0.0,47.14,47.14
653A,30,6.0,43.0,38.0,152.0,49.0,190.0,248.84,1066.79,10.6,11312.99,628.5,0.3556,7.0,28.0,24.0,0.0,46.29,46.29
653A,31,5.0,41.0,33.0,133.0,46.0,166.0,231.27,916.91,8.11,7435.93,413.11,0.3056,6.0,27.0,23.0,0.0,47.23,47.23
653A,32,6.0,43.0,38.0,152.0,49.0,190.0,248.84,1066.79,10.6,11312.99,628.5,0.3556,7.0,28.0,24.0,0.0,46.29,46.29
662D,1,6.0,46.0,33.0,141.0,52.0,174.0,269.59,991.88,9.2,9120.95,506.72,0.3306,6.0,28.0,25.0,0.0,46.64,46.64
662D,2,7.0,53.0,40.0,184.0,60.0,224.0,323.23,1323.14,12.15,16077.44,893.19,0.441,7.0,36.0,33.0,0.0,43.25,43.25
662D,3,6.0,48.0,37.0,160.0,54.0,197.0,283.59,1133.71,10.0,11337.13,629.84,0.3779,7.0,31.0,28.0,0.0,45.14,45.14
662D,4,9.0,50.0,43.0,173.0,59.0,216.0,310.72,1270.65,15.57,19784.03,1099.11,0.4236,9.0,38.0,35.0,0.0,42.59,42.59
662D,5,6.0,46.0,36.0,151.0,52.0,187.0,269.59,1065.98,9.85,10497.61,583.2,0.3553,6.0,29.0,26.0,0.0,46.09,46.09
662D,9,6.0,49.0,33.0,136.0,55.0,169.0,290.63,977.05,8.33,8135.43,451.97,0.3257,6.0,28.0,25.0,0.0,46.69,46.69
662D,10,6.0,54.0,81.0,373.0,60.0,454.0,326.27,2681.73,20.72,55571.37,3087.3,0.8939,14.0,65.0,62.0,0.0,34.56,34.56
662D,11,6.0,47.0,40.0,161.0,53.0,201.0,276.58,1151.31,10.28,11831.57,657.31,0.3838,7.0,33.0,27.0,0.0,44.5,44.5
662D,12,8.0,59.0,44.0,193.0,67.0,237.0,371.08,1437.66,13.08,18811.46,1045.08,0.4792,7.0,32.0,29.0,0.0,44.12,44.12
662D,14,6.0,48.0,37.0,158.0,54.0,195.0,283.59,1122.2,9.88,11081.76,615.65,0.3741,7.0,30.0,27.0,0.0,45.48,45.48
662D,16,9.0,53.0,42.0,182.0,62.0,224.0,332.11,1333.74,15.45,20610.06,1145.0,0.4446,8.0,37.0,34.0,0.0,42.83,42.83
662D,17,7.0,52.0,48.0,179.0,59.0,227.0,316.07,1335.36,12.05,16088.52,893.81,0.4451,6.0,30.0,25.0,0.0,45.09,45.09
662D,20,9.0,51.0,46.0,184.0,60.0,230.0,317.82,1358.58,16.24,22057.02,1225.39,0.4529,8.0,31.0,28.0,0.0,44.45,44.45
662D,24,8.0,56.0,44.0,193.0,64.0,237.0,349.21,1422.0,13.79,19603.29,1089.07,0.474,7.0,32.0,29.0,0.0,44.15,44.15
662D,25,6.0,48.0,37.0,160.0,54.0,197.0,283.59,1133.71,10.0,11337.13,629.84,0.3779,7.0,31.0,28.0,0.0,45.14,45.14
662D,27,6.0,47.0,36.0,153.0,53.0,189.0,276.58,1082.58,9.77,10572.4,587.36,0.3609,6.0,30.0,27.0,0.0,45.72,45.72
662D,28,9.0,52.0,46.0,186.0,61.0,232.0,324.95,1375.93,16.1,22147.2,1230.4,0.4586,9.0,35.0,32.0,0.0,43.13,43.13
662D,31,8.0,53.0,40.0,179.0,61.0,219.0,327.58,1298.83,13.51,17546.48,974.8,0.4329,8.0,34.0,31.0,0.0,43.72,43.72
662D,32,9.0,52.0,42.0,173.0,61.0,215.0,324.95,1275.11,14.97,19089.85,1060.55,0.425,7.0,31.0,28.0,0.0,44.78,44.78
663B,1,8.0,55.0,40.0,179.0,63.0,219.0,341.97,1309.02,13.02,17041.12,946.73,0.4363,8.0,34.0,31.0,0.0,43.69,43.69
663B,2,5.0,45.0,36.0,147.0,50.0,183.0,258.74,1032.83,8.17,8434.74,468.6,0.3443,6.0,31.0,25.0,0.0,45.56,45.56
663B,3,5.0,45.0,36.0,147.0,50.0,183.0,258.74,1032.83,8.17,8434.74,468.6,0.3443,6.0,31.0,25.0,0.0,45.56,45.56
663B,4,8.0,51.0,40.0,186.0,59.0,226.0,313.29,1329.48,14.59,19394.73,1077.48,0.4432,9.0,36.0,33.0,0.0,42.97,42.97
663B,5,9.0,49.0,42.0,173.0,58.0,215.0,303.65,1259.47,15.89,20010.09,1111.67,0.4198,7.0,31.0,28.0,0.0,44.82,44.82
663B,6,9.0,65.0,47.0,201.0,74.0,248.0,419.98,1539.94,13.92,21428.92,1190.5,0.5133,7.0,38.0,31.0,0.06,56.4,42.28
663B,7,8.0,55.0,40.0,179.0,63.0,219.0,341.97,1309.02,13.02,17041.12,946.73,0.4363,8.0,34.0,31.0,0.0,43.69,43.69
663B,8,8.0,55.0,40.0,179.0,63.0,219.0,341.97,1309.02,13.02,17041.12,946.73,0.4363,8.0,34.0,31.0,0.0,43.69,43.69
663B,9,9.0,53.0,42.0,182.0,62.0,224.0,332.11,1333.74,15.45,20610.06,1145.0,0.4446,8.0,37.0,34.0,0.0,42.83,42.83
663B,10,6.0,47.0,34.0,148.0,53.0,182.0,276.58,1042.48,9.45,9848.12,547.12,0.3475,7.0,29.0,26.0,0.0,46.03,46.03
663B,11,5.0,45.0,36.0,147.0,50.0,183.0,258.74,1032.83,8.17,8434.74,468.6,0.3443,6.0,31.0,25.0,0.0,45.56,45.56
663B,12,5.0,45.0,36.0,147.0,50.0,183.0,258.74,1032.83,8.17,8434.74,468.6,0.3443,6.0,31.0,25.0,0.0,45.56,45.56
663B,13,5.0,45.0,36.0,147.0,50.0,183.0,258.74,1032.83,8.17,8434.74,468.6,0.3443,6.0,31.0,25.0,0.0,45.56,45.56
663B,14,7.0,53.0,37.0,172.0,60.0,209.0,323.23,1234.54,11.36,14022.51,779.03,0.4115,7.0,35.0,32.0,0.0,43.73,43.73
663B,15,7.0,51.0,48.0,179.0,58.0,227.0,308.95,1329.76,12.28,16335.21,907.51,0.4433,6.0,30.0,25.0,0.0,45.1,45.1
663B,16,7.0,50.0,44.0,177.0,57.0,221.0,301.84,1289.07,12.39,15971.56,887.31,0.4297,6.0,30.0,25.0,0.0,45.19,45.19
663B,17,5.0,45.0,36.0,147.0,50.0,183.0,258.74,1032.83,8.17,8434.74,468.6,0.3443,6.0,31.0,25.0,0.0,45.56,45.56
663B,18,8.0,55.0,40.0,179.0,63.0,219.0,341.97,1309.02,13.02,17041.12,946.73,0.4363,8.0,34.0,31.0,0.0,43.69,43.69
663B,19,5.0,45.0,36.0,147.0,50.0,183.0,258.74,1032.83,8.17,8434.74,468.6,0.3443,6.0,31.0,25.0,0.0,45.56,45.56
663B,20,8.0,69.0,45.0,203.0,77.0,248.0,445.49,1554.16,11.77,18289.57,1016.09,0.5181,7.0,34.0,27.0,0.07,58.27,43.3
663B,21,6.0,46.0,33.0,141.0,52.0,174.0,269.59,991.88,9.2,9120.95,506.72,0.3306,6.0,28.0,25.0,0.0,46.64,46.64
663B,22,7.0,50.0,46.0,178.0,57.0,224.0,301.84,1306.57,12.46,16279.83,904.43,0.4355,6.0,30.0,25.0,0.0,45.15,45.15
663B,23,7.0,50.0,46.0,178.0,57.0,224.0,301.84,1306.57,12.46,16279.83,904.43,0.4355,6.0,30.0,25.0,0.0,45.15,45.15
663B,24,7.0,53.0,48.0,179.0,60.0,227.0,323.23,1340.86,11.82,15850.03,880.56,0.447,6.0,30.0,25.0,0.0,45.07,45.07
663B,25,9.0,53.0,42.0,182.0,62.0,224.0,332.11,1333.74,15.45,20610.06,1145.0,0.4446,8.0,37.0,34.0,0.0,42.83,42.83
663B,26,8.0,49.0,44.0,170.0,57.0,214.0,299.12,1248.24,13.88,17322.49,962.36,0.4161,8.0,32.0,27.0,0.0,44.41,44.41
663B,27,8.0,52.0,39.0,179.0,60.0,218.0,320.42,1287.7,13.77,17730.67,985.04,0.4292,8.0,34.0,31.0,0.0,43.74,43.74
663B,28,8.0,51.0,40.0,186.0,59.0,226.0,313.29,1329.48,14.59,19394.73,1077.48,0.4432,9.0,36.0,33.0,0.0,42.97,42.97
663B,29,7.0,51.0,44.0,177.0,58.0,221.0,308.95,1294.61,12.15,15725.75,873.65,0.4315,6.0,30.0,25.0,0.0,45.18,45.18
663B,30,8.0,56.0,40.0,186.0,64.0,226.0,349.21,1356.0,13.29,18015.43,1000.86,0.452,8.0,33.0,30.0,0.0,43.87,43.87
663B,31,8.0,55.0,40.0,179.0,63.0,219.0,341.97,1309.02,13.02,17041.12,946.73,0.4363,8.0,34.0,31.0,0.0,43.69,43.69
663B,32,8.0,56.0,40.0,186.0,64.0,226.0,349.21,1356.0,13.29,18015.43,1000.86,0.452,8.0,33.0,30.0,0.0,43.87,43.87
664B,1,10.0,88.0,101.0,447.0,98.0,548.0,601.65,3624.86,25.4,92063.23,5114.62,1.2083,21.0,83.0,74.0,0.05,43.46,30.39
664B,2,10.0,71.0,134.0,546.0,81.0,680.0,469.85,4311.1,38.45,165764.75,9209.15,1.437,24.0,90.0,84.0,0.01,35.13,28.69
664B,3,8.0,102.0,124.0,536.0,110.0,660.0,704.59,4475.7,21.02,94077.4,5226.52,1.4919,22.0,93.0,87.0,0.04,40.7,28.54
664B,4,9.0,56.0,105.0,453.0,65.0,558.0,353.74,3360.48,36.4,122327.52,6795.97,1.1202,25.0,79.0,77.0,0.0,30.55,30.55
664B,5,9.0,108.0,158.0,654.0,117.0,812.0,758.06,5578.74,27.25,152020.56,8445.59,1.8596,24.0,115.0,101.0,0.08,41.74,25.59
664B,6,12.0,102.0,149.0,627.0,114.0,776.0,723.61,5302.32,36.88,195562.14,10864.56,1.7674,24.0,109.0,97.0,0.06,40.11,26.25
664B,7,10.0,66.0,153.0,666.0,76.0,819.0,432.15,5117.05,50.45,258178.56,14343.25,1.7057,31.0,88.0,86.0,0.0,27.44,27.44
664B,8,10.0,89.0,235.0,992.0,99.0,1227.0,609.56,8134.22,55.73,453322.85,25184.6,2.7114,39.0,145.0,134.0,0.04,31.29,20.23
664B,9,10.0,63.0,86.0,373.0,73.0,459.0,409.79,2841.13,29.6,84106.45,4672.58,0.947,15.0,70.0,65.0,0.0,33.55,33.55
664B,10,10.0,66.0,92.0,382.0,76.0,474.0,432.15,2961.52,28.94,85704.53,4761.36,0.9872,14.0,67.0,60.0,0.02,41.55,33.98
664B,11,10.0,60.0,85.0,343.0,70.0,428.0,387.63,2623.33,28.58,74983.61,4165.76,0.8744,16.0,59.0,57.0,0.0,35.28,35.28
664B,12,11.0,104.0,149.0,608.0,115.0,757.0,734.9,5182.04,32.15,166622.39,9256.8,1.7273,23.0,104.0,89.0,0.08,43.11,26.9
664B,13,11.0,73.0,166.0,555.0,84.0,721.0,489.91,4608.86,41.82,192719.83,10706.66,1.5363,26.0,84.0,75.0,0.04,40.3,28.87
664B,14,9.0,69.0,139.0,504.0,78.0,643.0,450.02,4041.51,32.87,132842.8,7380.16,1.3472,21.0,76.0,70.0,0.01,37.93,30.89
664B,15,9.0,91.0,164.0,641.0,100.0,805.0,620.74,5348.3,31.7,169529.49,9418.3,1.7828,25.0,112.0,100.0,0.06,39.51,25.83
664B,16,10.0,59.0,124.0,413.0,69.0,537.0,380.3,3280.28,35.0,114809.72,6378.32,1.0934,20.0,76.0,71.0,0.0,31.66,31.66
664B,17,11.0,102.0,164.0,552.0,113.0,716.0,718.64,4883.25,29.76,145348.44,8074.91,1.6277,23.0,91.0,78.0,0.08,44.55,28.34
664B,18,11.0,101.0,160.0,594.0,112.0,754.0,710.53,5132.75,32.35,166026.53,9223.7,1.7109,24.0,97.0,84.0,0.08,43.17,27.45
664B,19,10.0,90.0,118.0,429.0,100.0,547.0,617.49,3634.19,23.83,86614.85,4811.94,1.2114,23.0,81.0,70.0,0.07,45.09,30.34
664B,20,10.0,98.0,139.0,574.0,108.0,713.0,681.46,4816.23,29.29,141046.88,7835.94,1.6054,23.0,101.0,95.0,0.04,39.09,27.4
664B,21,12.0,63.0,109.0,470.0,75.0,579.0,419.59,3606.49,44.76,161433.18,8968.51,1.2022,22.0,68.0,66.0,0.0,32.16,32.16
664B,22,9.0,67.0,178.0,642.0,76.0,820.0,434.96,5123.3,43.12,220913.66,12272.98,1.7078,31.0,111.0,103.0,0.02,33.39,25.24
664B,23,10.0,72.0,147.0,566.0,82.0,713.0,477.45,4532.93,39.31,178169.51,9898.31,1.511,25.0,105.0,101.0,0.02,35.17,26.95
664B,24,9.0,83.0,142.0,500.0,92.0,642.0,557.66,4188.13,27.11,113533.56,6307.42,1.396,21.0,93.0,83.0,0.06,42.58,28.87
664B,25,9.0,91.0,117.0,418.0,100.0,535.0,620.74,3554.46,20.67,73471.92,4081.77,1.1848,15.0,67.0,54.0,0.1,50.92,33.29
664B,26,12.0,77.0,173.0,632.0,89.0,805.0,525.56,5212.97,49.25,256721.62,14262.31,1.7377,28.0,113.0,103.0,0.04,36.69,25.42
664B,27,11.0,89.0,158.0,741.0,100.0,899.0,614.39,5972.83,45.79,273508.49,15194.92,1.9909,33.0,111.0,103.0,0.02,32.65,24.5
664B,28,10.0,56.0,88.0,322.0,66.0,410.0,358.43,2478.2,28.75,71248.3,3958.24,0.8261,16.0,53.0,47.0,0.0,36.47,36.47
664B,29,10.0,64.0,163.0,621.0,74.0,784.0,417.22,4868.21,48.52,236184.32,13121.35,1.6227,28.0,103.0,101.0,0.0,26.51,26.51
664B,30,9.0,73.0,113.0,497.0,82.0,610.0,480.39,3878.11,30.64,118813.5,6600.75,1.2927,22.0,96.0,93.0,0.01,34.8,28.67
664B,31,11.0,91.0,267.0,983.0,102.0,1250.0,630.26,8340.53,59.41,495528.4,27529.36,2.7802,46.0,150.0,141.0,0.03,28.64,18.89
664B,32,10.0,73.0,138.0,524.0,83.0,662.0,485.08,4220.28,35.89,151467.44,8414.86,1.4068,22.0,78.0,71.0,0.01,37.37,30.38
671A,1,9.0,57.0,71.0,286.0,66.0,357.0,361.0,2157.85,22.58,48721.95,2706.78,0.7193,7.0,38.0,33.0,0.0,41.25,41.25
671A,2,9.0,74.0,76.0,312.0,83.0,388.0,488.03,2473.52,18.97,46929.94,2607.22,0.8245,5.0,34.0,28.0,0.12,61.52,42.16
671A,3,9.0,62.0,72.0,287.0,71.0,359.0,397.69,2207.76,20.83,45989.05,2554.95,0.7359,7.0,38.0,36.0,0.0,41.18,41.18
671A,4,9.0,56.0,66.0,256.0,65.0,322.0,353.74,1939.2,20.57,39892.16,2216.23,0.6464,5.0,30.0,28.0,0.0,44.09,44.09
671A,5,9.0,74.0,81.0,332.0,83.0,413.0,488.03,2632.89,20.19,53155.94,2953.11,0.8776,6.0,39.0,33.0,0.11,58.76,40.54
671A,6,9.0,91.0,99.0,494.0,100.0,593.0,620.74,3939.81,24.43,96243.85,5346.88,1.3133,8.0,50.0,44.0,0.08,52.97,36.69
671A,8,9.0,55.0,61.0,271.0,64.0,332.0,346.5,1992.0,22.17,44168.07,2453.78,0.664,5.0,33.0,28.0,0.0,43.1,43.1
671A,9,7.0,84.0,103.0,493.0,91.0,596.0,556.61,3878.65,20.54,79673.85,4426.32,1.2929,6.0,41.0,36.0,0.08,54.6,38.88
671A,10,7.0,106.0,85.0,416.0,113.0,501.0,732.81,3416.91,13.74,46934.16,2607.45,1.139,7.0,45.0,34.0,0.15,59.08,38.25
671A,11,8.0,109.0,96.0,443.0,117.0,539.0,761.73,3703.13,16.26,60201.29,3344.52,1.2344,7.0,45.0,36.0,0.16,59.5,38.01
671A,12,10.0,83.0,104.0,506.0,93.0,610.0,562.35,3988.89,30.48,121588.96,6754.94,1.3296,11.0,53.0,46.0,0.1,53.18,35.69
671A,13,9.0,55.0,60.0,271.0,64.0,331.0,346.5,1986.0,22.17,44035.04,2446.39,0.662,5.0,33.0,28.0,0.0,43.11,43.11
671A,14,9.0,55.0,60.0,271.0,64.0,331.0,346.5,1986.0,22.17,44035.04,2446.39,0.662,5.0,33.0,28.0,0.0,43.11,43.11
671A,15,9.0,54.0,60.0,270.0,63.0,330.0,339.29,1972.5,22.5,44381.3,2465.63,0.6575,5.0,33.0,28.0,0.0,43.13,43.13
671A,16,9.0,58.0,67.0,284.0,67.0,351.0,368.29,2129.2,22.03,46915.76,2606.43,0.7097,5.0,32.0,30.0,0.0,43.19,43.19
671A,17,8.0,111.0,129.0,553.0,119.0,682.0,778.18,4702.27,19.93,93706.41,5205.91,1.5674,11.0,60.0,48.0,0.17,55.98,34.02
671A,18,7.0,84.0,89.0,414.0,91.0,503.0,556.61,3273.42,17.25,56466.51,3137.03,1.0911,7.0,44.0,37.0,0.12,57.57,38.6
671A,19,9.0,56.0,66.0,275.0,65.0,341.0,353.74,2053.63,22.1,45381.5,2521.19,0.6845,5.0,28.0,26.0,0.0,44.56,44.56
671A,20,9.0,55.0,61.0,271.0,64.0,332.0,346.5,1992.0,22.17,44168.07,2453.78,0.664,5.0,33.0,28.0,0.0,43.1,43.1
671A,21,9.0,54.0,62.0,257.0,63.0,319.0,339.29,1906.75,21.42,40836.28,2268.68,0.6356,6.0,34.0,29.0,0.0,42.82,42.82
671A,22,9.0,74.0,79.0,320.0,83.0,399.0,488.03,2543.64,19.46,49497.87,2749.88,0.8479,6.0,33.0,28.0,0.1,59.61,42.22
671A,23,8.0,79.0,95.0,424.0,87.0,519.0,522.0,3343.89,21.47,71787.77,3988.21,1.1146,7.0,44.0,37.0,0.12,57.51,38.53
671A,24,8.0,104.0,130.0,603.0,112.0,733.0,720.85,4989.79,23.19,115724.77,6429.15,1.6633,13.0,72.0,62.0,0.11,50.5,31.84
671A,25,8.0,125.0,122.0,610.0,133.0,732.0,894.72,5164.47,19.52,100810.39,5600.58,1.7215,12.0,67.0,53.0,0.15,53.11,32.55
671A,26,9.0,58.0,68.0,280.0,67.0,348.0,368.29,2111.0,21.72,45859.63,2547.76,0.7037,5.0,29.0,27.0,0.0,44.15,44.15
671A,27,8.0,88.0,90.0,427.0,96.0,517.0,592.43,3404.43,19.41,66076.81,3670.93,1.1348,7.0,47.0,42.0,0.07,52.59,37.85
671A,28,8.0,104.0,130.0,603.0,112.0,733.0,720.85,4989.79,23.19,115724.77,6429.15,1.6633,13.0,72.0,62.0,0.11,50.5,31.84
671A,29,9.0,73.0,75.0,267.0,82.0,342.0,480.39,2174.28,16.46,35786.31,1988.13,0.7248,5.0,31.0,26.0,0.1,61.31,43.43
671A,30,9.0,58.0,69.0,286.0,67.0,355.0,368.29,2153.46,22.19,47784.57,2654.7,0.7178,5.0,33.0,31.0,0.0,42.86,42.86
671A,31,10.0,193.0,121.0,936.0,203.0,1057.0,1498.56,8102.26,24.25,196469.31,10914.96,2.7008,12.0,72.0,61.0,0.09,47.31,30.5
671A,32,9.0,54.0,61.0,270.0,63.0,331.0,339.29,1978.48,22.5,44515.79,2473.1,0.6595,5.0,33.0,28.0,0.0,43.12,43.12
671B,1,8.0,126.0,100.0,365.0,134.0,465.0,903.14,3285.73,11.59,38072.76,2115.15,1.0952,5.0,52.0,35.0,0.3,63.6,37.27
671B,2,7.0,55.0,67.0,243.0,62.0,310.0,337.63,1845.8,15.46,28542.79,1585.71,0.6153,6.0,40.0,38.0,0.0,41.38,41.38
671B,3,10.0,65.0,64.0,208.0,75.0,272.0,424.67,1694.24,16.0,27107.82,1505.99,0.5647,5.0,32.0,28.0,0.07,58.63,43.88
671B,4,8.0,60.0,95.0,337.0,68.0,432.0,378.41,2629.78,22.47,59082.48,3282.36,0.8766,9.0,60.0,58.0,0.0,36.05,36.05
671B,5,8.0,60.0,86.0,278.0,68.0,364.0,378.41,2215.84,18.53,41066.84,2281.49,0.7386,7.0,49.0,46.0,0.02,47.36,38.76
671B,6,6.0,45.0,44.0,155.0,51.0,199.0,262.64,1128.81,10.33,11664.4,648.02,0.3763,4.0,26.0,24.0,0.0,47.22,47.22
671B,7,7.0,58.0,77.0,270.0,65.0,347.0,359.41,2089.76,16.29,34048.7,1891.59,0.6966,7.0,44.0,42.0,0.0,39.96,39.96
671B,8,8.0,57.0,63.0,272.0,65.0,335.0,356.47,2017.49,19.09,38509.34,2139.41,0.6725,6.0,37.0,35.0,0.0,41.84,41.84
671B,9,8.0,51.0,83.0,290.0,59.0,373.0,313.29,2194.23,22.75,49907.88,2772.66,0.7314,10.0,46.0,44.0,0.0,38.99,38.99
671B,10,8.0,86.0,83.0,360.0,94.0,443.0,576.66,2903.68,16.74,48619.81,2701.1,0.9679,7.0,56.0,51.0,0.06,50.24,36.68
671B,11,8.0,49.0,57.0,197.0,57.0,254.0,299.12,1481.55,16.08,23825.81,1323.66,0.4939,5.0,35.0,33.0,0.0,43.44,43.44
671B,12,9.0,71.0,89.0,284.0,80.0,373.0,465.16,2358.08,18.0,42445.43,2358.08,0.786,9.0,44.0,39.0,0.07,54.53,39.32
671B,13,8.0,50.0,63.0,199.0,58.0,262.0,306.19,1534.79,15.92,24433.87,1357.44,0.5116,5.0,33.0,31.0,0.0,43.89,43.89
671B,14,7.0,69.0,104.0,346.0,76.0,450.0,441.14,2811.57,17.55,49345.04,2741.39,0.9372,11.0,52.0,49.0,0.02,45.28,36.94
671B,15,7.0,71.0,77.0,312.0,78.0,389.0,456.28,2445.02,15.38,37605.12,2089.17,0.815,8.0,45.0,42.0,0.02,48.11,39.14
671B,16,8.0,70.0,85.0,289.0,78.0,374.0,453.05,2350.74,16.51,38820.8,2156.71,0.7836,8.0,45.0,41.0,0.05,51.75,39.26
671B,17,9.0,60.0,76.0,242.0,69.0,318.0,382.94,1942.51,18.15,35256.57,1958.7,0.6475,8.0,32.0,28.0,0.07,57.81,43.07
671B,18,8.0,75.0,76.0,259.0,83.0,335.0,491.16,2135.64,13.81,29500.28,1638.9,0.7119,5.0,39.0,34.0,0.08,57.4,41.31
671B,19,7.0,61.0,85.0,301.0,68.0,386.0,381.43,2349.76,17.27,40581.52,2254.53,0.7833,11.0,52.0,49.0,0.02,45.83,37.48
671B,20,6.0,49.0,75.0,295.0,55.0,370.0,290.63,2139.1,18.06,38634.82,2146.38,0.713,10.0,44.0,42.0,0.0,39.49,39.49
671B,21,6.0,52.0,66.0,265.0,58.0,331.0,311.93,1938.99,15.29,29644.2,1646.9,0.6463,7.0,41.0,39.0,0.0,40.86,40.86
671B,22,9.0,60.0,76.0,242.0,69.0,318.0,382.94,1942.51,18.15,35256.57,1958.7,0.6475,8.0,32.0,28.0,0.07,57.81,43.07
671B,23,8.0,99.0,77.0,317.0,107.0,394.0,680.31,2656.14,12.81,34020.03,1890.0,0.8854,6.0,46.0,37.0,0.16,60.25,38.94
671B,24,8.0,79.0,72.0,254.0,87.0,326.0,522.0,2100.4,12.86,27012.73,1500.71,0.7001,5.0,37.0,30.0,0.14,62.29,41.86
671B,25,9.0,72.0,70.0,252.0,81.0,322.0,472.76,2041.43,15.75,32152.55,1786.25,0.6805,6.0,36.0,31.0,0.09,58.77,42.07
671B,26,8.0,93.0,103.0,367.0,101.0,470.0,632.14,3129.36,15.78,49396.77,2744.26,1.0431,11.0,62.0,53.0,0.12,53.76,34.95
671B,27,7.0,53.0,69.0,217.0,60.0,286.0,323.23,1689.37,14.33,24209.0,1344.94,0.5631,7.0,37.0,35.0,0.0,42.25,42.25
671B,28,7.0,55.0,67.0,243.0,62.0,310.0,337.63,1845.8,15.46,28542.79,1585.71,0.6153,6.0,40.0,38.0,0.0,41.38,41.38
671B,29,9.0,120.0,101.0,431.0,129.0,532.0,857.36,3729.97,16.16,60285.69,3349.2,1.2433,7.0,62.0,50.0,0.17,56.64,34.95
671B,30,10.0,51.0,87.0,281.0,61.0,368.0,322.51,2182.51,27.55,60126.05,3340.34,0.7275,12.0,45.0,43.0,0.0,38.94,38.94
671B,31,8.0,77.0,77.0,257.0,85.0,334.0,506.54,2140.74,13.35,28580.22,1587.79,0.7136,5.0,38.0,33.0,0.08,57.83,41.55
671B,32,9.0,81.0,111.0,466.0,90.0,577.0,542.06,3745.8,25.89,96974.58,5387.48,1.2486,14.0,72.0,69.0,0.01,39.66,32.58
675E,1,5.0,36.0,33.0,105.0,41.0,138.0,197.73,739.34,7.29,5391.04,299.5,0.2464,4.0,23.0,20.0,0.0,49.67,49.67
675E,2,5.0,36.0,32.0,105.0,41.0,137.0,197.73,733.98,7.29,5351.97,297.33,0.2447,4.0,22.0,19.0,0.0,50.11,50.11
675E,3,7.0,37.0,34.0,112.0,44.0,146.0,212.4,797.08,10.59,8444.71,469.15,0.2657,4.0,23.0,20.0,0.0,49.44,49.44
675E,4,5.0,35.0,32.0,103.0,40.0,135.0,191.13,718.46,7.36,5285.82,293.66,0.2395,4.0,23.0,20.0,0.0,49.76,49.76
675E,5,5.0,36.0,33.0,105.0,41.0,138.0,197.73,739.34,7.29,5391.04,299.5,0.2464,4.0,23.0,20.0,0.0,49.67,49.67
675E,6,5.0,35.0,32.0,103.0,40.0,135.0,191.13,718.46,7.36,5285.82,293.66,0.2395,4.0,23.0,20.0,0.0,49.76,49.76
675E,7,6.0,35.0,33.0,134.0,41.0,167.0,195.03,894.71,11.49,10276.4,570.91,0.2982,4.0,22.0,19.0,0.0,49.51,49.51
675E,8,6.0,35.0,33.0,134.0,41.0,167.0,195.03,894.71,11.49,10276.4,570.91,0.2982,4.0,22.0,19.0,0.0,49.51,49.51
675E,9,5.0,36.0,33.0,105.0,41.0,138.0,197.73,739.34,7.29,5391.04,299.5,0.2464,4.0,23.0,20.0,0.0,49.67,49.67
675E,10,5.0,36.0,32.0,105.0,41.0,137.0,197.73,733.98,7.29,5351.97,297.33,0.2447,4.0,22.0,19.0,0.0,50.11,50.11
675E,11,5.0,37.0,32.0,108.0,42.0,140.0,204.36,754.92,7.3,5508.91,306.05,0.2516,4.0,23.0,20.0,0.0,49.61,49.61
675E,12,5.0,35.0,32.0,103.0,40.0,135.0,191.13,718.46,7.36,5285.82,293.66,0.2395,4.0,23.0,20.0,0.0,49.76,49.76
675E,13,6.0,35.0,34.0,135.0,41.0,169.0,195.03,905.43,11.57,10477.08,582.06,0.3018,4.0,22.0,19.0,0.0,49.47,49.47
675E,14,7.0,37.0,47.0,169.0,44.0,216.0,212.4,1179.24,15.99,18851.86,1047.33,0.3931,7.0,27.0,24.0,0.0,46.33,46.33
675E,15,5.0,37.0,32.0,108.0,42.0,140.0,204.36,754.92,7.3,5508.91,306.05,0.2516,4.0,23.0,20.0,0.0,49.61,49.61
675E,16,5.0,36.0,32.0,105.0,41.0,137.0,197.73,733.98,7.29,5351.97,297.33,0.2447,4.0,22.0,19.0,0.0,50.11,50.11
675E,17,5.0,36.0,33.0,105.0,41.0,138.0,197.73,739.34,7.29,5391.04,299.5,0.2464,4.0,23.0,20.0,0.0,49.67,49.67
675E,18,5.0,36.0,32.0,105.0,41.0,137.0,197.73,733.98,7.29,5351.97,297.33,0.2447,4.0,22.0,19.0,0.0,50.11,50.11
675E,19,5.0,36.0,33.0,105.0,41.0,138.0,197.73,739.34,7.29,5391.04,299.5,0.2464,4.0,23.0,20.0,0.0,49.67,49.67
675E,20,5.0,35.0,32.0,103.0,40.0,135.0,191.13,718.46,7.36,5285.82,293.66,0.2395,4.0,23.0,20.0,0.0,49.76,49.76
675E,21,7.0,36.0,47.0,166.0,43.0,213.0,205.77,1155.79,16.14,18653.24,1036.29,0.3853,7.0,26.0,23.0,0.0,46.75,46.75
675E,22,6.0,36.0,44.0,162.0,42.0,206.0,201.63,1110.82,13.5,14996.03,833.11,0.3703,6.0,26.0,23.0,0.0,47.0,47.0
675E,23,5.0,35.0,32.0,103.0,40.0,135.0,191.13,718.46,7.36,5285.82,293.66,0.2395,4.0,23.0,20.0,0.0,49.76,49.76
675E,24,7.0,37.0,36.0,114.0,44.0,150.0,212.4,818.91,10.78,8831.0,490.61,0.273,5.0,24.0,21.0,0.0,48.82,48.82
675E,25,5.0,36.0,32.0,105.0,41.0,137.0,197.73,733.98,7.29,5351.97,297.33,0.2447,4.0,22.0,19.0,0.0,50.11,50.11
675E,26,6.0,38.0,46.0,166.0,44.0,212.0,214.93,1157.4,13.11,15168.03,842.67,0.3858,6.0,27.0,24.0,0.0,46.52,46.52
675E,27,7.0,36.0,47.0,166.0,43.0,213.0,205.77,1155.79,16.14,18653.24,1036.29,0.3853,7.0,26.0,23.0,0.0,46.75,46.75
675E,28,5.0,36.0,33.0,105.0,41.0,138.0,197.73,739.34,7.29,5391.04,299.5,0.2464,4.0,23.0,20.0,0.0,49.67,49.67
675E,29,6.0,36.0,44.0,162.0,42.0,206.0,201.63,1110.82,13.5,14996.03,833.11,0.3703,6.0,26.0,23.0,0.0,47.0,47.0
675E,30,5.0,35.0,32.0,103.0,40.0,135.0,191.13,718.46,7.36,5285.82,293.66,0.2395,4.0,23.0,20.0,0.0,49.76,49.76
675E,31,5.0,36.0,32.0,105.0,41.0,137.0,197.73,733.98,7.29,5351.97,297.33,0.2447,4.0,22.0,19.0,0.0,50.11,50.11
675E,32,5.0,35.0,32.0,103.0,40.0,135.0,191.13,718.46,7.36,5285.82,293.66,0.2395,4.0,23.0,20.0,0.0,49.76,49.76
675C,1,6.0,34.0,39.0,115.0,40.0,154.0,188.48,819.58,10.15,8316.3,462.02,0.2732,5.0,25.0,23.0,0.0,48.43,48.43
675C,2,7.0,54.0,49.0,157.0,61.0,206.0,330.42,1221.73,10.18,12432.25,690.68,0.4072,6.0,30.0,26.0,0.07,60.56,45.36
675C,3,6.0,36.0,51.0,152.0,42.0,203.0,201.63,1094.64,12.67,13865.45,770.3,0.3649,6.0,24.0,22.0,0.0,47.8,47.8
675C,4,7.0,34.0,50.0,148.0,41.0,198.0,192.63,1060.8,15.24,16161.53,897.86,0.3536,6.0,29.0,27.0,0.0,46.11,46.11
675C,5,7.0,34.0,46.0,138.0,41.0,184.0,192.63,985.79,14.21,14004.01,778.0,0.3286,6.0,26.0,24.0,0.0,47.36,47.36
675C,6,6.0,35.0,44.0,127.0,41.0,171.0,195.03,916.14,10.89,9972.85,554.05,0.3054,5.0,20.0,18.0,0.0,50.21,50.21
675C,7,7.0,33.0,49.0,144.0,40.0,193.0,186.12,1027.13,15.27,15687.11,871.51,0.3424,6.0,25.0,23.0,0.0,47.61,47.61
675C,8,7.0,33.0,49.0,144.0,40.0,193.0,186.12,1027.13,15.27,15687.11,871.51,0.3424,6.0,25.0,23.0,0.0,47.61,47.61
675C,9,6.0,34.0,39.0,113.0,40.0,152.0,188.48,808.93,9.97,8065.54,448.09,0.2696,5.0,24.0,22.0,0.0,48.86,48.86
675C,10,7.0,32.0,32.0,100.0,39.0,132.0,179.65,697.67,10.94,7630.8,423.93,0.2326,4.0,20.0,18.0,0.0,51.17,51.17
675C,11,7.0,35.0,45.0,137.0,42.0,182.0,199.18,981.4,13.7,13445.2,746.96,0.3271,6.0,29.0,27.0,0.0,46.34,46.34
675C,12,6.0,36.0,51.0,152.0,42.0,203.0,201.63,1094.64,12.67,13865.45,770.3,0.3649,6.0,24.0,22.0,0.0,47.8,47.8
675C,13,6.0,34.0,38.0,113.0,40.0,151.0,188.48,803.61,9.97,8012.48,445.14,0.2679,5.0,24.0,22.0,0.0,48.88,48.88
675C,14,6.0,34.0,39.0,115.0,40.0,154.0,188.48,819.58,10.15,8316.3,462.02,0.2732,5.0,25.0,23.0,0.0,48.43,48.43
675C,15,7.0,33.0,32.0,103.0,40.0,135.0,186.12,718.46,10.92,7848.63,436.04,0.2395,4.0,21.0,19.0,0.0,50.62,50.62
675C,16,7.0,35.0,45.0,138.0,42.0,183.0,199.18,986.79,13.8,13617.76,756.54,0.3289,6.0,29.0,27.0,0.0,46.33,46.33
675C,17,7.0,35.0,45.0,130.0,42.0,175.0,199.18,943.66,13.0,12267.52,681.53,0.3146,6.0,26.0,24.0,0.0,47.5,47.5
675C,18,7.0,33.0,32.0,100.0,40.0,132.0,186.12,702.49,10.61,7450.7,413.93,0.2342,4.0,21.0,19.0,0.0,50.69,50.69
675C,19,7.0,32.0,32.0,95.0,39.0,127.0,179.65,671.25,10.39,6974.67,387.48,0.2237,4.0,19.0,17.0,0.0,51.77,51.77
675C,20,7.0,35.0,45.0,130.0,42.0,175.0,199.18,943.66,13.0,12267.52,681.53,0.3146,6.0,26.0,24.0,0.0,47.5,47.5
675C,21,7.0,33.0,32.0,100.0,40.0,132.0,186.12,702.49,10.61,7450.7,413.93,0.2342,4.0,21.0,19.0,0.0,50.69,50.69
675C,22,7.0,34.0,46.0,138.0,41.0,184.0,192.63,985.79,14.21,14004.01,778.0,0.3286,6.0,26.0,24.0,0.0,47.36,47.36
675C,23,7.0,35.0,45.0,130.0,42.0,175.0,199.18,943.66,13.0,12267.52,681.53,0.3146,6.0,26.0,24.0,0.0,47.5,47.5
675C,24,7.0,35.0,45.0,137.0,42.0,182.0,199.18,981.4,13.7,13445.2,746.96,0.3271,6.0,29.0,27.0,0.0,46.34,46.34
675C,25,6.0,36.0,51.0,152.0,42.0,203.0,201.63,1094.64,12.67,13865.45,770.3,0.3649,6.0,24.0,22.0,0.0,47.8,47.8
675C,26,6.0,34.0,37.0,112.0,40.0,149.0,188.48,792.97,9.88,7836.38,435.35,0.2643,5.0,24.0,22.0,0.0,48.92,48.92
675C,27,7.0,35.0,45.0,137.0,42.0,182.0,199.18,981.4,13.7,13445.2,746.96,0.3271,6.0,29.0,27.0,0.0,46.34,46.34
675C,28,7.0,32.0,32.0,95.0,39.0,127.0,179.65,671.25,10.39,6974.67,387.48,0.2237,4.0,19.0,17.0,0.0,51.77,51.77
675C,29,7.0,32.0,32.0,95.0,39.0,127.0,179.65,671.25,10.39,6974.67,387.48,0.2237,4.0,19.0,17.0,0.0,51.77,51.77
675C,30,7.0,34.0,46.0,131.0,41.0,177.0,192.63,948.29,13.49,12787.93,710.44,0.3161,6.0,23.0,21.0,0.0,48.64,48.64
675C,31,7.0,33.0,39.0,117.0,40.0,156.0,186.12,830.22,12.41,10302.29,572.35,0.2767,5.0,22.0,20.0,0.0,49.6,49.6
675C,32,7.0,33.0,46.0,129.0,40.0,175.0,186.12,931.34,13.68,12742.39,707.91,0.3104,6.0,22.0,20.0,0.0,49.12,49.12
676A,2,7.0,43.0,60.0,250.0,50.0,310.0,252.98,1749.6,20.35,35602.23,1977.9,0.5832,10.0,36.0,30.0,0.06,56.32,42.0
676A,4,7.0,43.0,60.0,250.0,50.0,310.0,252.98,1749.6,20.35,35602.23,1977.9,0.5832,10.0,35.0,29.0,0.06,56.79,42.27
676A,8,5.0,39.0,66.0,284.0,44.0,350.0,217.74,1910.8,18.21,34786.38,1932.58,0.6369,14.0,39.0,35.0,0.0,40.43,40.43
676A,10,5.0,39.0,66.0,286.0,44.0,352.0,217.74,1921.72,18.33,35231.53,1957.31,0.6406,14.0,41.0,37.0,0.0,39.94,39.94
676A,11,7.0,36.0,72.0,222.0,43.0,294.0,205.77,1595.32,21.58,34432.36,1912.91,0.5318,16.0,36.0,32.0,0.0,41.47,41.47
676A,12,7.0,35.0,70.0,219.0,42.0,289.0,199.18,1558.38,21.9,34128.52,1896.03,0.5195,16.0,34.0,31.0,0.0,42.09,42.09
676A,15,5.0,39.0,66.0,286.0,44.0,352.0,217.74,1921.72,18.33,35231.53,1957.31,0.6406,14.0,41.0,37.0,0.0,39.94,39.94
676A,17,7.0,36.0,72.0,224.0,43.0,296.0,205.77,1606.17,21.78,34978.91,1943.27,0.5354,16.0,37.0,33.0,0.0,41.19,41.19
676A,18,7.0,35.0,70.0,221.0,42.0,291.0,199.18,1569.16,22.1,34678.53,1926.59,0.5231,16.0,36.0,33.0,0.0,41.52,41.52
676A,19,5.0,38.0,70.0,245.0,43.0,315.0,211.03,1709.27,16.12,27550.79,1530.6,0.5698,16.0,38.0,35.0,0.0,40.75,40.75
676A,20,7.0,35.0,70.0,219.0,42.0,289.0,199.18,1558.38,21.9,34128.52,1896.03,0.5195,16.0,35.0,32.0,0.0,41.81,41.81
676A,21,7.0,35.0,70.0,221.0,42.0,291.0,199.18,1569.16,22.1,34678.53,1926.59,0.5231,16.0,36.0,33.0,0.0,41.52,41.52
676A,24,5.0,39.0,66.0,286.0,44.0,352.0,217.74,1921.72,18.33,35231.53,1957.31,0.6406,14.0,41.0,37.0,0.0,39.94,39.94
676A,26,6.0,39.0,70.0,274.0,45.0,344.0,221.64,1889.2,21.08,39818.47,2212.14,0.6297,14.0,38.0,34.0,0.0,40.72,40.72
676A,28,7.0,35.0,70.0,221.0,42.0,291.0,199.18,1569.16,22.1,34678.53,1926.59,0.5231,16.0,36.0,33.0,0.0,41.52,41.52
676A,29,7.0,43.0,60.0,250.0,50.0,310.0,252.98,1749.6,20.35,35602.23,1977.9,0.5832,10.0,35.0,29.0,0.06,56.79,42.27
676A,30,7.0,35.0,70.0,221.0,42.0,291.0,199.18,1569.16,22.1,34678.53,1926.59,0.5231,16.0,36.0,33.0,0.0,41.52,41.52
676A,31,6.0,39.0,70.0,276.0,45.0,346.0,221.64,1900.18,21.23,40342.31,2241.24,0.6334,14.0,39.0,35.0,0.0,40.45,40.45
676A,32,7.0,39.0,70.0,276.0,46.0,346.0,225.78,1911.15,24.77,47337.78,2629.88,0.6371,14.0,39.0,35.0,0.0,40.43,40.43
679B,1,10.0,72.0,61.0,268.0,82.0,329.0,477.45,2091.63,18.61,38927.64,2162.65,0.6972,10.0,42.0,35.0,0.0,40.0,40.0
679B,2,9.0,52.0,94.0,342.0,61.0,436.0,324.95,2585.8,29.6,76529.78,4251.65,0.8619,13.0,54.0,46.0,0.0,36.57,36.57
679B,3,10.0,54.0,48.0,223.0,64.0,271.0,343.98,1626.0,20.65,33573.89,1865.22,0.542,7.0,32.0,25.0,0.0,43.74,43.74
679B,4,10.0,72.0,60.0,267.0,82.0,327.0,477.45,2078.92,18.54,38546.63,2141.48,0.693,10.0,42.0,35.0,0.0,40.01,40.01
679B,5,11.0,59.0,53.0,243.0,70.0,296.0,385.13,1814.27,22.65,41097.78,2283.21,0.6048,7.0,31.0,24.0,0.0,43.71,43.71
679B,6,9.0,46.0,62.0,219.0,55.0,281.0,282.61,1624.56,21.42,34804.48,1933.58,0.5415,8.0,36.0,29.0,0.0,42.49,42.49
679B,7,11.0,54.0,50.0,222.0,65.0,272.0,348.82,1638.08,22.61,37038.9,2057.72,0.546,7.0,31.0,24.0,0.0,44.02,44.02
679B,8,9.0,52.0,94.0,342.0,61.0,436.0,324.95,2585.8,29.6,76529.78,4251.65,0.8619,13.0,54.0,46.0,0.0,36.57,36.57
679B,9,9.0,61.0,74.0,363.0,70.0,437.0,390.3,2678.5,26.78,71726.63,3984.81,0.8928,11.0,43.0,35.0,0.0,38.89,38.89
679B,10,10.0,69.0,57.0,277.0,79.0,334.0,454.71,2105.46,20.07,42261.83,2347.88,0.7018,9.0,39.0,32.0,0.0,40.81,40.81
679B,11,8.0,46.0,52.0,211.0,54.0,263.0,278.08,1513.54,18.35,27770.08,1542.78,0.5045,8.0,34.0,27.0,0.0,43.25,43.25
679B,12,9.0,46.0,67.0,226.0,55.0,293.0,282.61,1693.94,22.11,37450.77,2080.6,0.5646,9.0,40.0,33.0,0.0,41.23,41.23
679B,13,8.0,52.0,62.0,300.0,60.0,362.0,320.42,2138.29,23.08,49345.26,2741.4,0.7128,11.0,39.0,31.0,0.0,40.5,40.5
679B,14,10.0,54.0,58.0,250.0,64.0,308.0,343.98,1848.0,23.15,42777.78,2376.54,0.616,7.0,31.0,24.0,0.0,43.65,43.65
679B,15,9.0,51.0,74.0,337.0,60.0,411.0,317.82,2427.73,29.74,72189.33,4010.52,0.8092,12.0,45.0,37.0,0.0,38.62,38.62
679B,16,9.0,95.0,54.0,379.0,104.0,433.0,652.67,2901.29,17.95,52085.8,2893.66,0.9671,8.0,32.0,25.0,0.0,41.85,41.85
679B,17,9.0,43.0,49.0,186.0,52.0,235.0,261.86,1339.6,19.47,26075.53,1448.64,0.4465,8.0,35.0,28.0,0.0,43.35,43.35
679B,18,9.0,48.0,64.0,228.0,57.0,292.0,296.61,1703.2,21.38,36405.98,2022.55,0.5677,8.0,41.0,34.0,0.0,41.12,41.12
679B,19,9.0,60.0,80.0,288.0,69.0,368.0,382.94,2247.94,21.6,48555.44,2697.52,0.7493,12.0,47.0,40.0,0.0,38.44,38.44
679B,20,10.0,48.0,70.0,257.0,58.0,327.0,301.3,1915.56,26.77,51281.13,2848.95,0.6385,11.0,44.0,36.0,0.0,39.69,39.69
679B,21,9.0,49.0,81.0,275.0,58.0,356.0,303.65,2085.44,25.26,52668.03,2926.0,0.6951,12.0,45.0,38.0,0.0,39.08,39.08
679B,22,9.0,55.0,92.0,344.0,64.0,436.0,346.5,2616.0,28.15,73628.51,4090.47,0.872,15.0,64.0,57.0,0.0,34.65,34.65
679B,23,9.0,63.0,50.0,296.0,72.0,346.0,405.1,2134.79,21.14,45135.65,2507.54,0.7116,9.0,29.0,22.0,0.0,43.58,43.58
679B,24,9.0,46.0,79.0,262.0,55.0,341.0,282.61,1971.44,25.63,50528.96,2807.16,0.6571,12.0,44.0,37.0,0.0,39.47,39.47
679B,25,9.0,50.0,73.0,237.0,59.0,310.0,310.72,1823.62,21.33,38897.8,2160.99,0.6079,11.0,47.0,41.0,0.0,39.21,39.21
679B,26,9.0,48.0,60.0,229.0,57.0,289.0,296.61,1685.71,21.47,36189.98,2010.55,0.5619,10.0,39.0,32.0,0.0,41.35,41.35
679B,27,11.0,56.0,61.0,280.0,67.0,341.0,363.27,2068.54,27.5,56884.75,3160.26,0.6895,11.0,42.0,34.0,0.0,39.89,39.89
679B,28,9.0,48.0,71.0,223.0,57.0,294.0,296.61,1714.87,20.91,35851.49,1991.75,0.5716,9.0,38.0,32.0,0.0,41.68,41.68
679B,29,8.0,80.0,72.0,340.0,88.0,412.0,529.75,2661.29,17.0,45241.86,2513.44,0.8871,13.0,52.0,45.0,0.0,36.84,36.84
679B,30,9.0,51.0,72.0,236.0,60.0,308.0,317.82,1819.32,20.82,37884.71,2104.71,0.6064,10.0,39.0,32.0,0.0,41.12,41.12
679B,31,8.0,50.0,53.0,268.0,58.0,321.0,306.19,1880.41,21.44,40316.03,2239.78,0.6268,9.0,36.0,28.0,0.0,41.91,41.91
679B,32,10.0,69.0,57.0,277.0,79.0,334.0,454.71,2105.46,20.07,42261.83,2347.88,0.7018,9.0,39.0,32.0,0.0,40.81,40.81
687A,1,10.0,95.0,245.0,770.0,105.0,1015.0,657.36,6814.96,40.53,276185.19,15343.62,2.2717,29.0,105.0,93.0,0.07,40.24,25.17
687A,2,9.0,89.0,181.0,656.0,98.0,837.0,604.87,5536.51,33.17,183638.02,10202.11,1.8455,25.0,89.0,78.0,0.07,43.11,27.9
687A,3,11.0,99.0,148.0,524.0,110.0,672.0,694.36,4557.07,29.11,132661.48,7370.08,1.519,24.0,75.0,66.0,0.06,43.99,30.25
687A,4,9.0,120.0,134.0,618.0,129.0,752.0,857.36,5272.44,23.18,122188.86,6788.27,1.7575,18.0,72.0,59.0,0.12,50.0,31.0
687A,5,9.0,89.0,181.0,656.0,98.0,837.0,604.87,5536.51,33.17,183638.02,10202.11,1.8455,25.0,89.0,78.0,0.07,43.11,27.9
687A,6,9.0,73.0,127.0,495.0,82.0,622.0,480.39,3954.4,30.51,120663.29,6703.52,1.3181,30.0,80.0,74.0,0.01,36.11,29.26
687A,7,8.0,57.0,80.0,317.0,65.0,397.0,356.47,2390.88,22.25,53186.59,2954.81,0.797,11.0,44.0,38.0,0.03,48.43,39.01
687A,8,9.0,64.0,97.0,382.0,73.0,479.0,412.53,2964.93,26.86,79636.06,4424.23,0.9883,13.0,54.0,47.0,0.04,47.9,36.15
687A,9,9.0,92.0,109.0,513.0,101.0,622.0,628.7,4141.41,25.09,103917.82,5773.21,1.3805,19.0,64.0,54.0,0.08,49.13,32.72
687A,10,8.0,80.0,128.0,588.0,88.0,716.0,529.75,4624.95,29.4,135973.62,7554.09,1.5417,19.0,61.0,51.0,0.09,49.62,32.84
687A,11,8.0,88.0,147.0,541.0,96.0,688.0,592.43,4530.45,24.59,111407.99,6189.33,1.5102,18.0,72.0,61.0,0.09,48.27,31.46
687A,13,10.0,74.0,147.0,537.0,84.0,684.0,492.72,4372.35,36.28,158645.22,8813.62,1.4574,38.0,83.0,75.0,0.04,38.96,27.53
687A,14,9.0,92.0,118.0,496.0,101.0,614.0,628.7,4088.14,24.26,99181.88,5510.1,1.3627,23.0,70.0,60.0,0.08,47.09,31.37
687A,15,7.0,66.0,84.0,381.0,73.0,465.0,418.58,2878.27,20.2,58154.11,3230.78,0.9594,15.0,60.0,52.0,0.07,50.18,34.97
687A,16,9.0,92.0,161.0,596.0,101.0,757.0,628.7,5040.27,29.15,146934.71,8163.04,1.6801,21.0,79.0,67.0,0.09,47.07,29.86
687A,17,9.0,67.0,99.0,472.0,76.0,571.0,434.96,3567.57,31.7,113097.19,6283.18,1.1892,20.0,62.0,55.0,0.05,46.46,33.34
687A,18,8.0,65.0,205.0,637.0,73.0,842.0,415.45,5211.83,39.2,204303.83,11350.21,1.7373,27.0,83.0,74.0,0.05,41.55,28.48
687A,20,8.0,88.0,147.0,541.0,96.0,688.0,592.43,4530.45,24.59,111407.99,6189.33,1.5102,18.0,72.0,61.0,0.09,48.27,31.46
687A,25,9.0,100.0,167.0,522.0,109.0,689.0,692.91,4663.28,23.49,109540.42,6085.58,1.5544,13.0,53.0,43.0,0.1,52.89,34.95
687A,26,10.0,140.0,230.0,902.0,150.0,1132.0,1031.32,8183.02,32.21,263610.23,14645.01,2.7277,36.0,126.0,101.0,0.17,43.56,21.94
687A,28,9.0,86.0,229.0,729.0,95.0,958.0,581.19,6293.92,38.15,240083.84,13337.99,2.098,33.0,111.0,98.0,0.08,39.93,24.34
687A,29,9.0,63.0,102.0,412.0,72.0,514.0,405.1,3171.34,29.43,93328.05,5184.89,1.0571,19.0,68.0,61.0,0.02,40.47,32.95
688A,1,4.0,41.0,38.0,138.0,45.0,176.0,227.66,966.57,6.73,6506.64,361.48,0.3222,6.0,30.0,27.0,0.0,46.07,46.07
688A,2,4.0,41.0,38.0,138.0,45.0,176.0,227.66,966.57,6.73,6506.64,361.48,0.3222,6.0,30.0,27.0,0.0,46.07,46.07
688A,3,4.0,40.0,38.0,138.0,44.0,176.0,220.88,960.86,6.9,6629.93,368.33,0.3203,6.0,30.0,27.0,0.0,46.09,46.09
688A,4,4.0,41.0,38.0,138.0,45.0,176.0,227.66,966.57,6.73,6506.64,361.48,0.3222,6.0,30.0,27.0,0.0,46.07,46.07
688A,5,4.0,41.0,38.0,138.0,45.0,176.0,227.66,966.57,6.73,6506.64,361.48,0.3222,6.0,30.0,27.0,0.0,46.07,46.07
688A,6,4.0,41.0,38.0,138.0,45.0,176.0,227.66,966.57,6.73,6506.64,361.48,0.3222,6.0,30.0,27.0,0.0,46.07,46.07
688A,7,4.0,40.0,38.0,138.0,44.0,176.0,220.88,960.86,6.9,6629.93,368.33,0.3203,6.0,30.0,27.0,0.0,46.09,46.09
688A,8,4.0,41.0,38.0,138.0,45.0,176.0,227.66,966.57,6.73,6506.64,361.48,0.3222,6.0,30.0,27.0,0.0,46.07,46.07
688A,9,4.0,41.0,38.0,138.0,45.0,176.0,227.66,966.57,6.73,6506.64,361.48,0.3222,6.0,30.0,27.0,0.0,46.07,46.07
688A,10,4.0,41.0,38.0,138.0,45.0,176.0,227.66,966.57,6.73,6506.64,361.48,0.3222,6.0,30.0,27.0,0.0,46.07,46.07
688A,11,4.0,41.0,38.0,138.0,45.0,176.0,227.66,966.57,6.73,6506.64,361.48,0.3222,6.0,30.0,27.0,0.0,46.07,46.07
688A,12,4.0,40.0,38.0,138.0,44.0,176.0,220.88,960.86,6.9,6629.93,368.33,0.3203,6.0,30.0,27.0,0.0,46.09,46.09
688A,13,4.0,40.0,38.0,138.0,44.0,176.0,220.88,960.86,6.9,6629.93,368.33,0.3203,6.0,30.0,27.0,0.0,46.09,46.09
688A,14,4.0,40.0,38.0,138.0,44.0,176.0,220.88,960.86,6.9,6629.93,368.33,0.3203,6.0,30.0,27.0,0.0,46.09,46.09
688A,15,4.0,40.0,38.0,138.0,44.0,176.0,220.88,960.86,6.9,6629.93,368.33,0.3203,6.0,30.0,27.0,0.0,46.09,46.09
688A,16,4.0,41.0,38.0,138.0,45.0,176.0,227.66,966.57,6.73,6506.64,361.48,0.3222,6.0,30.0,27.0,0.0,46.07,46.07
688A,17,4.0,40.0,38.0,138.0,44.0,176.0,220.88,960.86,6.9,6629.93,368.33,0.3203,6.0,30.0,27.0,0.0,46.09,46.09
688A,18,4.0,41.0,38.0,138.0,45.0,176.0,227.66,966.57,6.73,6506.64,361.48,0.3222,6.0,30.0,27.0,0.0,46.07,46.07
688A,19,4.0,41.0,38.0,138.0,45.0,176.0,227.66,966.57,6.73,6506.64,361.48,0.3222,6.0,30.0,27.0,0.0,46.07,46.07
688A,20,4.0,41.0,38.0,138.0,45.0,176.0,227.66,966.57,6.73,6506.64,361.48,0.3222,6.0,30.0,27.0,0.0,46.07,46.07
688A,21,4.0,41.0,38.0,138.0,45.0,176.0,227.66,966.57,6.73,6506.64,361.48,0.3222,6.0,30.0,27.0,0.0,46.07,46.07
688A,22,4.0,41.0,38.0,138.0,45.0,176.0,227.66,966.57,6.73,6506.64,361.48,0.3222,6.0,30.0,27.0,0.0,46.07,46.07
688A,23,4.0,41.0,38.0,138.0,45.0,176.0,227.66,966.57,6.73,6506.64,361.48,0.3222,6.0,30.0,27.0,0.0,46.07,46.07
688A,24,4.0,41.0,38.0,138.0,45.0,176.0,227.66,966.57,6.73,6506.64,361.48,0.3222,6.0,30.0,27.0,0.0,46.07,46.07
688A,25,4.0,40.0,38.0,138.0,44.0,176.0,220.88,960.86,6.9,6629.93,368.33,0.3203,6.0,30.0,27.0,0.0,46.09,46.09
688A,26,4.0,41.0,38.0,138.0,45.0,176.0,227.66,966.57,6.73,6506.64,361.48,0.3222,6.0,30.0,27.0,0.0,46.07,46.07
688A,27,4.0,41.0,38.0,138.0,45.0,176.0,227.66,966.57,6.73,6506.64,361.48,0.3222,6.0,30.0,27.0,0.0,46.07,46.07
688A,28,4.0,41.0,38.0,138.0,45.0,176.0,227.66,966.57,6.73,6506.64,361.48,0.3222,6.0,30.0,27.0,0.0,46.07,46.07
688A,29,4.0,40.0,38.0,138.0,44.0,176.0,220.88,960.86,6.9,6629.93,368.33,0.3203,6.0,30.0,27.0,0.0,46.09,46.09
688A,30,4.0,40.0,38.0,138.0,44.0,176.0,220.88,960.86,6.9,6629.93,368.33,0.3203,6.0,30.0,27.0,0.0,46.09,46.09
688A,31,4.0,40.0,38.0,138.0,44.0,176.0,220.88,960.86,6.9,6629.93,368.33,0.3203,6.0,30.0,27.0,0.0,46.09,46.09
688A,32,4.0,40.0,38.0,138.0,44.0,176.0,220.88,960.86,6.9,6629.93,368.33,0.3203,6.0,30.0,27.0,0.0,46.09,46.09
688B,1,6.0,29.0,18.0,68.0,35.0,86.0,156.39,441.12,7.03,3103.04,172.39,0.147,2.0,16.0,13.0,0.0,54.95,54.95
688B,2,6.0,29.0,18.0,68.0,35.0,86.0,156.39,441.12,7.03,3103.04,172.39,0.147,2.0,16.0,13.0,0.0,54.95,54.95
688B,3,6.0,29.0,18.0,68.0,35.0,86.0,156.39,441.12,7.03,3103.04,172.39,0.147,2.0,16.0,13.0,0.0,54.95,54.95
688B,4,4.0,38.0,23.0,89.0,42.0,112.0,207.42,603.94,4.68,2828.98,157.17,0.2013,2.0,20.0,16.0,0.0,51.88,51.88
688B,5,4.0,38.0,20.0,88.0,42.0,108.0,207.42,582.37,4.63,2697.29,149.85,0.1941,2.0,20.0,16.0,0.0,51.99,51.99
688B,6,6.0,29.0,18.0,68.0,35.0,86.0,156.39,441.12,7.03,3103.04,172.39,0.147,2.0,16.0,13.0,0.0,54.95,54.95
688B,7,6.0,29.0,18.0,68.0,35.0,86.0,156.39,441.12,7.03,3103.04,172.39,0.147,2.0,16.0,13.0,0.0,54.95,54.95
688B,8,5.0,38.0,24.0,90.0,43.0,114.0,211.03,618.59,5.92,3662.73,203.48,0.2062,2.0,20.0,16.0,0.0,51.8,51.8
688B,9,6.0,29.0,18.0,68.0,35.0,86.0,156.39,441.12,7.03,3103.04,172.39,0.147,2.0,16.0,13.0,0.0,54.95,54.95
688B,10,5.0,38.0,24.0,90.0,43.0,114.0,211.03,618.59,5.92,3662.73,203.48,0.2062,2.0,20.0,16.0,0.0,51.8,51.8
688B,11,6.0,29.0,18.0,68.0,35.0,86.0,156.39,441.12,7.03,3103.04,172.39,0.147,2.0,16.0,13.0,0.0,54.95,54.95
688B,12,6.0,29.0,18.0,68.0,35.0,86.0,156.39,441.12,7.03,3103.04,172.39,0.147,2.0,16.0,13.0,0.0,54.95,54.95
688B,13,6.0,29.0,18.0,68.0,35.0,86.0,156.39,441.12,7.03,3103.04,172.39,0.147,2.0,16.0,13.0,0.0,54.95,54.95
688B,14,5.0,38.0,24.0,90.0,43.0,114.0,211.03,618.59,5.92,3662.73,203.48,0.2062,2.0,20.0,16.0,0.0,51.8,51.8
688B,15,6.0,29.0,18.0,68.0,35.0,86.0,156.39,441.12,7.03,3103.04,172.39,0.147,2.0,16.0,13.0,0.0,54.95,54.95
688B,16,6.0,29.0,18.0,68.0,35.0,86.0,156.39,441.12,7.03,3103.04,172.39,0.147,2.0,16.0,13.0,0.0,54.95,54.95
688B,17,7.0,50.0,28.0,142.0,57.0,170.0,301.84,991.59,9.94,9856.42,547.58,0.3305,2.0,21.0,14.0,0.18,72.06,49.91
688B,18,4.0,38.0,20.0,88.0,42.0,108.0,207.42,582.37,4.63,2697.29,149.85,0.1941,2.0,20.0,16.0,0.0,51.99,51.99
688B,19,5.0,38.0,21.0,89.0,43.0,110.0,211.03,596.89,5.86,3494.94,194.16,0.199,2.0,20.0,16.0,0.0,51.91,51.91
688B,20,6.0,29.0,18.0,68.0,35.0,86.0,156.39,441.12,7.03,3103.04,172.39,0.147,2.0,16.0,13.0,0.0,54.95,54.95
688B,21,6.0,29.0,18.0,68.0,35.0,86.0,156.39,441.12,7.03,3103.04,172.39,0.147,2.0,16.0,13.0,0.0,54.95,54.95
688B,22,6.0,29.0,18.0,68.0,35.0,86.0,156.39,441.12,7.03,3103.04,172.39,0.147,2.0,16.0,13.0,0.0,54.95,54.95
688B,23,6.0,29.0,18.0,68.0,35.0,86.0,156.39,441.12,7.03,3103.04,172.39,0.147,2.0,16.0,13.0,0.0,54.95,54.95
688B,24,5.0,38.0,24.0,90.0,43.0,114.0,211.03,618.59,5.92,3662.73,203.48,0.2062,2.0,20.0,16.0,0.0,51.8,51.8
688B,25,6.0,29.0,18.0,68.0,35.0,86.0,156.39,441.12,7.03,3103.04,172.39,0.147,2.0,16.0,13.0,0.0,54.95,54.95
688B,26,6.0,29.0,18.0,68.0,35.0,86.0,156.39,441.12,7.03,3103.04,172.39,0.147,2.0,16.0,13.0,0.0,54.95,54.95
688B,27,6.0,29.0,18.0,68.0,35.0,86.0,156.39,441.12,7.03,3103.04,172.39,0.147,2.0,16.0,13.0,0.0,54.95,54.95
688B,28,6.0,29.0,18.0,68.0,35.0,86.0,156.39,441.12,7.03,3103.04,172.39,0.147,2.0,16.0,13.0,0.0,54.95,54.95
688B,29,4.0,38.0,23.0,89.0,42.0,112.0,207.42,603.94,4.68,2828.98,157.17,0.2013,2.0,20.0,16.0,0.0,51.88,51.88
688B,30,6.0,29.0,18.0,68.0,35.0,86.0,156.39,441.12,7.03,3103.04,172.39,0.147,2.0,16.0,13.0,0.0,54.95,54.95
688B,31,4.0,38.0,20.0,88.0,42.0,108.0,207.42,582.37,4.63,2697.29,149.85,0.1941,2.0,20.0,16.0,0.0,51.99,51.99
688B,32,5.0,38.0,24.0,90.0,43.0,114.0,211.03,618.59,5.92,3662.73,203.48,0.2062,2.0,20.0,16.0,0.0,51.8,51.8
698B,3,8.0,62.0,124.0,366.0,70.0,490.0,393.16,3003.35,23.61,70917.78,3939.88,1.0011,19.0,66.0,58.0,0.08,49.34,33.4
698B,5,8.0,88.0,194.0,656.0,96.0,850.0,592.43,5597.22,29.82,166898.87,9272.16,1.8657,38.0,114.0,94.0,0.09,40.41,23.78
698B,6,8.0,49.0,100.0,308.0,57.0,408.0,299.12,2379.82,25.14,59835.45,3324.19,0.7933,13.0,54.0,50.0,0.02,45.08,36.82
698B,11,8.0,111.0,180.0,658.0,119.0,838.0,778.18,5777.86,23.71,137002.89,7611.27,1.926,32.0,116.0,88.0,0.16,45.77,24.32
698B,12,7.0,87.0,110.0,397.0,94.0,507.0,580.19,3323.18,15.97,53075.33,2948.63,1.1077,14.0,70.0,57.0,0.15,53.99,33.21
698B,16,8.0,108.0,144.0,504.0,116.0,648.0,753.53,4443.97,18.67,82954.14,4608.56,1.4813,21.0,90.0,72.0,0.14,49.43,29.0
698B,17,8.0,60.0,95.0,337.0,68.0,432.0,378.41,2629.78,22.47,59082.48,3282.36,0.8766,18.0,64.0,50.0,0.07,49.69,34.23
698B,18,9.0,67.0,85.0,304.0,76.0,389.0,434.96,2430.44,20.42,49624.58,2756.92,0.8101,13.0,57.0,45.0,0.08,52.38,36.24
698B,19,8.0,54.0,82.0,272.0,62.0,354.0,334.76,2107.79,20.15,42467.97,2359.33,0.7026,13.0,55.0,48.0,0.04,48.65,37.01
698B,24,9.0,87.0,106.0,364.0,96.0,470.0,589.07,3094.93,18.83,58270.11,3237.23,1.0316,15.0,66.0,49.0,0.16,54.95,33.85
698B,28,8.0,99.0,142.0,529.0,107.0,671.0,680.31,4523.52,21.37,96684.62,5371.37,1.5078,24.0,95.0,75.0,0.14,48.18,28.03
698B,29,8.0,68.0,113.0,377.0,76.0,490.0,437.95,3061.48,22.18,67892.92,3771.83,1.0205,17.0,70.0,60.0,0.1,51.02,33.06
698B,30,7.0,73.0,100.0,357.0,80.0,457.0,471.51,2889.12,17.12,49451.46,2747.3,0.963,14.0,71.0,62.0,0.09,50.2,33.5
698B,31,7.0,73.0,100.0,357.0,80.0,457.0,471.51,2889.12,17.12,49451.46,2747.3,0.963,14.0,71.0,62.0,0.09,50.2,33.5
698B,32,8.0,82.0,114.0,377.0,90.0,491.0,545.32,3187.5,18.39,58618.9,3256.61,1.0625,17.0,65.0,53.0,0.12,52.45,33.64
699A,1,8.0,37.0,47.0,131.0,45.0,178.0,216.75,977.55,14.16,13844.22,769.12,0.3258,7.0,25.0,21.0,0.0,47.63,47.63
699A,2,8.0,40.0,47.0,135.0,48.0,182.0,236.88,1016.46,13.5,13722.25,762.35,0.3388,7.0,27.0,23.0,0.0,46.78,46.78
699A,3,8.0,41.0,46.0,132.0,49.0,178.0,243.66,999.42,12.88,12870.56,715.03,0.3331,7.0,25.0,23.0,0.0,47.56,47.56
699A,4,8.0,40.0,47.0,135.0,48.0,182.0,236.88,1016.46,13.5,13722.25,762.35,0.3388,7.0,27.0,23.0,0.0,46.78,46.78
699A,5,8.0,40.0,47.0,135.0,48.0,182.0,236.88,1016.46,13.5,13722.25,762.35,0.3388,7.0,27.0,23.0,0.0,46.78,46.78
699A,6,8.0,40.0,47.0,135.0,48.0,182.0,236.88,1016.46,13.5,13722.25,762.35,0.3388,7.0,27.0,23.0,0.0,46.78,46.78
699A,7,8.0,41.0,46.0,132.0,49.0,178.0,243.66,999.42,12.88,12870.56,715.03,0.3331,7.0,25.0,23.0,0.0,47.56,47.56
699A,8,8.0,40.0,47.0,135.0,48.0,182.0,236.88,1016.46,13.5,13722.25,762.35,0.3388,7.0,27.0,23.0,0.0,46.78,46.78
699A,9,8.0,41.0,46.0,132.0,49.0,178.0,243.66,999.42,12.88,12870.56,715.03,0.3331,7.0,25.0,23.0,0.0,47.56,47.56
699A,10,8.0,41.0,46.0,132.0,49.0,178.0,243.66,999.42,12.88,12870.56,715.03,0.3331,7.0,25.0,23.0,0.0,47.56,47.56
699A,11,8.0,41.0,46.0,132.0,49.0,178.0,243.66,999.42,12.88,12870.56,715.03,0.3331,7.0,25.0,23.0,0.0,47.56,47.56
699A,12,8.0,40.0,47.0,135.0,48.0,182.0,236.88,1016.46,13.5,13722.25,762.35,0.3388,7.0,27.0,23.0,0.0,46.78,46.78
699A,13,8.0,41.0,46.0,132.0,49.0,178.0,243.66,999.42,12.88,12870.56,715.03,0.3331,7.0,25.0,23.0,0.0,47.56,47.56
699A,14,8.0,41.0,46.0,132.0,49.0,178.0,243.66,999.42,12.88,12870.56,715.03,0.3331,7.0,25.0,23.0,0.0,47.56,47.56
699A,15,8.0,41.0,46.0,132.0,49.0,178.0,243.66,999.42,12.88,12870.56,715.03,0.3331,7.0,25.0,23.0,0.0,47.56,47.56
699A,16,8.0,40.0,47.0,135.0,48.0,182.0,236.88,1016.46,13.5,13722.25,762.35,0.3388,7.0,27.0,23.0,0.0,46.78,46.78
699A,17,8.0,40.0,47.0,135.0,48.0,182.0,236.88,1016.46,13.5,13722.25,762.35,0.3388,7.0,27.0,23.0,0.0,46.78,46.78
699A,18,8.0,41.0,46.0,132.0,49.0,178.0,243.66,999.42,12.88,12870.56,715.03,0.3331,7.0,25.0,23.0,0.0,47.56,47.56
699A,19,8.0,40.0,47.0,135.0,48.0,182.0,236.88,1016.46,13.5,13722.25,762.35,0.3388,7.0,27.0,23.0,0.0,46.78,46.78
699A,20,8.0,40.0,47.0,135.0,48.0,182.0,236.88,1016.46,13.5,13722.25,762.35,0.3388,7.0,27.0,23.0,0.0,46.78,46.78
699A,21,8.0,41.0,46.0,132.0,49.0,178.0,243.66,999.42,12.88,12870.56,715.03,0.3331,7.0,25.0,23.0,0.0,47.56,47.56
699A,22,8.0,37.0,47.0,131.0,45.0,178.0,216.75,977.55,14.16,13844.22,769.12,0.3258,7.0,25.0,21.0,0.0,47.63,47.63
699A,23,8.0,40.0,47.0,135.0,48.0,182.0,236.88,1016.46,13.5,13722.25,762.35,0.3388,7.0,27.0,23.0,0.0,46.78,46.78
699A,24,8.0,40.0,47.0,135.0,48.0,182.0,236.88,1016.46,13.5,13722.25,762.35,0.3388,7.0,27.0,23.0,0.0,46.78,46.78
699A,25,8.0,41.0,46.0,132.0,49.0,178.0,243.66,999.42,12.88,12870.56,715.03,0.3331,7.0,25.0,23.0,0.0,47.56,47.56
699A,26,8.0,40.0,47.0,135.0,48.0,182.0,236.88,1016.46,13.5,13722.25,762.35,0.3388,7.0,27.0,23.0,0.0,46.78,46.78
699A,27,8.0,41.0,46.0,132.0,49.0,178.0,243.66,999.42,12.88,12870.56,715.03,0.3331,7.0,25.0,23.0,0.0,47.56,47.56
699A,28,8.0,41.0,46.0,132.0,49.0,178.0,243.66,999.42,12.88,12870.56,715.03,0.3331,7.0,25.0,23.0,0.0,47.56,47.56
699A,29,8.0,41.0,46.0,132.0,49.0,178.0,243.66,999.42,12.88,12870.56,715.03,0.3331,7.0,25.0,23.0,0.0,47.56,47.56
699A,30,8.0,41.0,46.0,132.0,49.0,178.0,243.66,999.42,12.88,12870.56,715.03,0.3331,7.0,25.0,23.0,0.0,47.56,47.56
699A,31,8.0,41.0,46.0,132.0,49.0,178.0,243.66,999.42,12.88,12870.56,715.03,0.3331,7.0,25.0,23.0,0.0,47.56,47.56
699A,32,8.0,41.0,46.0,132.0,49.0,178.0,243.66,999.42,12.88,12870.56,715.03,0.3331,7.0,25.0,23.0,0.0,47.56,47.56
703A,1,6.0,33.0,31.0,95.0,39.0,126.0,181.97,665.96,8.64,5751.48,319.53,0.222,6.0,17.0,15.0,0.0,52.58,52.58
703A,2,6.0,33.0,31.0,95.0,39.0,126.0,181.97,665.96,8.64,5751.48,319.53,0.222,6.0,17.0,15.0,0.0,52.58,52.58
703A,3,6.0,33.0,31.0,95.0,39.0,126.0,181.97,665.96,8.64,5751.48,319.53,0.222,6.0,17.0,15.0,0.0,52.58,52.58
703A,4,6.0,33.0,31.0,95.0,39.0,126.0,181.97,665.96,8.64,5751.48,319.53,0.222,6.0,17.0,15.0,0.0,52.58,52.58
703A,5,6.0,33.0,31.0,95.0,39.0,126.0,181.97,665.96,8.64,5751.48,319.53,0.222,6.0,17.0,15.0,0.0,52.58,52.58
703A,6,6.0,33.0,31.0,95.0,39.0,126.0,181.97,665.96,8.64,5751.48,319.53,0.222,6.0,17.0,15.0,0.0,52.58,52.58
703A,7,6.0,33.0,31.0,95.0,39.0,126.0,181.97,665.96,8.64,5751.48,319.53,0.222,6.0,17.0,15.0,0.0,52.58,52.58
703A,8,6.0,33.0,31.0,95.0,39.0,126.0,181.97,665.96,8.64,5751.48,319.53,0.222,6.0,17.0,15.0,0.0,52.58,52.58
703A,9,6.0,33.0,31.0,95.0,39.0,126.0,181.97,665.96,8.64,5751.48,319.53,0.222,6.0,17.0,15.0,0.0,52.58,52.58
703A,10,6.0,33.0,31.0,95.0,39.0,126.0,181.97,665.96,8.64,5751.48,319.53,0.222,6.0,17.0,15.0,0.0,52.58,52.58
703A,11,6.0,33.0,31.0,95.0,39.0,126.0,181.97,665.96,8.64,5751.48,319.53,0.222,6.0,17.0,15.0,0.0,52.58,52.58
703A,12,6.0,33.0,31.0,95.0,39.0,126.0,181.97,665.96,8.64,5751.48,319.53,0.222,6.0,17.0,15.0,0.0,52.58,52.58
703A,13,6.0,33.0,31.0,95.0,39.0,126.0,181.97,665.96,8.64,5751.48,319.53,0.222,6.0,17.0,15.0,0.0,52.58,52.58
703A,14,6.0,33.0,31.0,95.0,39.0,126.0,181.97,665.96,8.64,5751.48,319.53,0.222,6.0,17.0,15.0,0.0,52.58,52.58
703A,15,6.0,33.0,31.0,95.0,39.0,126.0,181.97,665.96,8.64,5751.48,319.53,0.222,6.0,17.0,15.0,0.0,52.58,52.58
703A,16,6.0,33.0,31.0,95.0,39.0,126.0,181.97,665.96,8.64,5751.48,319.53,0.222,6.0,17.0,15.0,0.0,52.58,52.58
703A,17,6.0,33.0,31.0,95.0,39.0,126.0,181.97,665.96,8.64,5751.48,319.53,0.222,6.0,17.0,15.0,0.0,52.58,52.58
703A,18,6.0,33.0,31.0,95.0,39.0,126.0,181.97,665.96,8.64,5751.48,319.53,0.222,6.0,17.0,15.0,0.0,52.58,52.58
703A,19,6.0,33.0,31.0,95.0,39.0,126.0,181.97,665.96,8.64,5751.48,319.53,0.222,6.0,17.0,15.0,0.0,52.58,52.58
703A,20,6.0,33.0,31.0,95.0,39.0,126.0,181.97,665.96,8.64,5751.48,319.53,0.222,6.0,17.0,15.0,0.0,52.58,52.58
703A,21,6.0,33.0,31.0,95.0,39.0,126.0,181.97,665.96,8.64,5751.48,319.53,0.222,6.0,17.0,15.0,0.0,52.58,52.58
703A,22,6.0,33.0,31.0,95.0,39.0,126.0,181.97,665.96,8.64,5751.48,319.53,0.222,6.0,17.0,15.0,0.0,52.58,52.58
703A,23,6.0,33.0,31.0,95.0,39.0,126.0,181.97,665.96,8.64,5751.48,319.53,0.222,6.0,17.0,15.0,0.0,52.58,52.58
703A,24,6.0,33.0,31.0,95.0,39.0,126.0,181.97,665.96,8.64,5751.48,319.53,0.222,6.0,17.0,15.0,0.0,52.58,52.58
703A,25,6.0,33.0,31.0,95.0,39.0,126.0,181.97,665.96,8.64,5751.48,319.53,0.222,6.0,17.0,15.0,0.0,52.58,52.58
703A,26,6.0,33.0,31.0,95.0,39.0,126.0,181.97,665.96,8.64,5751.48,319.53,0.222,6.0,17.0,15.0,0.0,52.58,52.58
703A,27,6.0,33.0,31.0,95.0,39.0,126.0,181.97,665.96,8.64,5751.48,319.53,0.222,6.0,17.0,15.0,0.0,52.58,52.58
703A,28,6.0,33.0,31.0,95.0,39.0,126.0,181.97,665.96,8.64,5751.48,319.53,0.222,6.0,17.0,15.0,0.0,52.58,52.58
703A,29,6.0,33.0,31.0,95.0,39.0,126.0,181.97,665.96,8.64,5751.48,319.53,0.222,6.0,17.0,15.0,0.0,52.58,52.58
703A,30,6.0,33.0,31.0,95.0,39.0,126.0,181.97,665.96,8.64,5751.48,319.53,0.222,6.0,17.0,15.0,0.0,52.58,52.58
703A,31,6.0,33.0,31.0,95.0,39.0,126.0,181.97,665.96,8.64,5751.48,319.53,0.222,6.0,17.0,15.0,0.0,52.58,52.58
703A,32,6.0,33.0,31.0,95.0,39.0,126.0,181.97,665.96,8.64,5751.48,319.53,0.222,6.0,17.0,15.0,0.0,52.58,52.58
710B,1,5.0,33.0,22.0,81.0,38.0,103.0,178.07,540.54,6.14,3316.93,184.27,0.1802,2.0,16.0,12.0,0.0,54.33,54.33
710B,2,5.0,33.0,22.0,81.0,38.0,103.0,178.07,540.54,6.14,3316.93,184.27,0.1802,2.0,16.0,12.0,0.0,54.33,54.33
710B,3,5.0,33.0,22.0,79.0,38.0,101.0,178.07,530.04,5.98,3172.21,176.23,0.1767,2.0,15.0,11.0,0.0,55.0,55.0
710B,4,5.0,33.0,20.0,72.0,38.0,92.0,178.07,482.81,5.45,2633.51,146.31,0.1609,2.0,12.0,10.0,0.0,57.4,57.4
710B,5,5.0,33.0,22.0,81.0,38.0,103.0,178.07,540.54,6.14,3316.93,184.27,0.1802,2.0,16.0,12.0,0.0,54.33,54.33
710B,6,5.0,33.0,22.0,81.0,38.0,103.0,178.07,540.54,6.14,3316.93,184.27,0.1802,2.0,16.0,12.0,0.0,54.33,54.33
710B,7,5.0,34.0,21.0,76.0,39.0,97.0,184.58,512.68,5.59,2865.0,159.17,0.1709,2.0,13.0,11.0,0.0,56.46,56.46
710B,8,7.0,36.0,30.0,92.0,43.0,122.0,205.77,662.0,8.94,5921.26,328.96,0.2207,3.0,17.0,13.0,0.0,53.0,53.0
710B,9,5.0,33.0,22.0,81.0,38.0,103.0,178.07,540.54,6.14,3316.93,184.27,0.1802,2.0,16.0,12.0,0.0,54.33,54.33
710B,10,5.0,34.0,21.0,76.0,39.0,97.0,184.58,512.68,5.59,2865.0,159.17,0.1709,2.0,13.0,11.0,0.0,56.46,56.46
710B,11,7.0,36.0,30.0,92.0,43.0,122.0,205.77,662.0,8.94,5921.26,328.96,0.2207,3.0,17.0,13.0,0.0,53.0,53.0
710B,12,5.0,33.0,20.0,72.0,38.0,92.0,178.07,482.81,5.45,2633.51,146.31,0.1609,2.0,12.0,10.0,0.0,57.4,57.4
710B,13,5.0,34.0,21.0,76.0,39.0,97.0,184.58,512.68,5.59,2865.0,159.17,0.1709,2.0,13.0,11.0,0.0,56.46,56.46
710B,14,5.0,34.0,21.0,76.0,39.0,97.0,184.58,512.68,5.59,2865.0,159.17,0.1709,2.0,13.0,11.0,0.0,56.46,56.46
710B,15,5.0,33.0,22.0,79.0,38.0,101.0,178.07,530.04,5.98,3172.21,176.23,0.1767,2.0,15.0,11.0,0.0,55.0,55.0
710B,16,5.0,34.0,21.0,78.0,39.0,99.0,184.58,523.25,5.74,3001.02,166.72,0.1744,2.0,14.0,12.0,0.0,55.69,55.69
710B,17,5.0,34.0,21.0,76.0,39.0,97.0,184.58,512.68,5.59,2865.0,159.17,0.1709,2.0,13.0,11.0,0.0,56.46,56.46
710B,18,5.0,33.0,22.0,79.0,38.0,101.0,178.07,530.04,5.98,3172.21,176.23,0.1767,2.0,15.0,11.0,0.0,55.0,55.0
710B,19,5.0,34.0,22.0,83.0,39.0,105.0,184.58,554.97,6.1,3386.93,188.16,0.185,2.0,16.0,12.0,0.0,54.25,54.25
710B,20,5.0,33.0,20.0,74.0,38.0,94.0,178.07,493.31,5.61,2765.5,153.64,0.1644,2.0,13.0,11.0,0.0,56.57,56.57
710B,21,5.0,34.0,21.0,76.0,39.0,97.0,184.58,512.68,5.59,2865.0,159.17,0.1709,2.0,13.0,11.0,0.0,56.46,56.46
710B,22,5.0,34.0,21.0,76.0,39.0,97.0,184.58,512.68,5.59,2865.0,159.17,0.1709,2.0,13.0,11.0,0.0,56.46,56.46
710B,23,5.0,33.0,22.0,79.0,38.0,101.0,178.07,530.04,5.98,3172.21,176.23,0.1767,2.0,15.0,11.0,0.0,55.0,55.0
710B,24,5.0,34.0,21.0,78.0,39.0,99.0,184.58,523.25,5.74,3001.02,166.72,0.1744,2.0,14.0,12.0,0.0,55.69,55.69
710B,25,5.0,34.0,22.0,82.0,39.0,104.0,184.58,549.68,6.03,3314.26,184.13,0.1832,2.0,16.0,12.0,0.0,54.28,54.28
710B,26,5.0,33.0,22.0,79.0,38.0,101.0,178.07,530.04,5.98,3172.21,176.23,0.1767,2.0,15.0,11.0,0.0,55.0,55.0
710B,27,5.0,33.0,22.0,79.0,38.0,101.0,178.07,530.04,5.98,3172.21,176.23,0.1767,2.0,15.0,11.0,0.0,55.0,55.0
710B,28,5.0,34.0,22.0,83.0,39.0,105.0,184.58,554.97,6.1,3386.93,188.16,0.185,2.0,16.0,12.0,0.0,54.25,54.25
710B,29,5.0,33.0,20.0,72.0,38.0,92.0,178.07,482.81,5.45,2633.51,146.31,0.1609,2.0,12.0,10.0,0.0,57.4,57.4
710B,30,5.0,34.0,21.0,78.0,39.0,99.0,184.58,523.25,5.74,3001.02,166.72,0.1744,2.0,14.0,12.0,0.0,55.69,55.69
710B,31,5.0,33.0,22.0,81.0,38.0,103.0,178.07,540.54,6.14,3316.93,184.27,0.1802,2.0,16.0,12.0,0.0,54.33,54.33
710B,32,5.0,33.0,20.0,72.0,38.0,92.0,178.07,482.81,5.45,2633.51,146.31,0.1609,2.0,12.0,10.0,0.0,57.4,57.4
710A,1,5.0,30.0,27.0,80.0,35.0,107.0,158.82,548.83,6.67,3658.89,203.27,0.1829,5.0,15.0,13.0,0.0,54.49,54.49
710A,2,6.0,34.0,53.0,106.0,40.0,159.0,188.48,846.19,9.35,7914.33,439.69,0.2821,9.0,19.0,17.0,0.0,50.4,50.4
710A,3,5.0,30.0,27.0,80.0,35.0,107.0,158.82,548.83,6.67,3658.89,203.27,0.1829,5.0,15.0,13.0,0.0,54.49,54.49
710A,4,5.0,30.0,27.0,80.0,35.0,107.0,158.82,548.83,6.67,3658.89,203.27,0.1829,5.0,15.0,13.0,0.0,54.49,54.49
710A,5,5.0,30.0,27.0,80.0,35.0,107.0,158.82,548.83,6.67,3658.89,203.27,0.1829,5.0,15.0,13.0,0.0,54.49,54.49
710A,6,5.0,30.0,27.0,80.0,35.0,107.0,158.82,548.83,6.67,3658.89,203.27,0.1829,5.0,15.0,13.0,0.0,54.49,54.49
710A,7,6.0,34.0,53.0,106.0,40.0,159.0,188.48,846.19,9.35,7914.33,439.69,0.2821,9.0,19.0,17.0,0.0,50.4,50.4
710A,8,5.0,30.0,27.0,80.0,35.0,107.0,158.82,548.83,6.67,3658.89,203.27,0.1829,5.0,15.0,13.0,0.0,54.49,54.49
710A,9,5.0,30.0,27.0,80.0,35.0,107.0,158.82,548.83,6.67,3658.89,203.27,0.1829,5.0,15.0,13.0,0.0,54.49,54.49
710A,10,5.0,30.0,27.0,80.0,35.0,107.0,158.82,548.83,6.67,3658.89,203.27,0.1829,5.0,15.0,13.0,0.0,54.49,54.49
710A,11,5.0,30.0,27.0,80.0,35.0,107.0,158.82,548.83,6.67,3658.89,203.27,0.1829,5.0,15.0,13.0,0.0,54.49,54.49
710A,12,5.0,30.0,27.0,80.0,35.0,107.0,158.82,548.83,6.67,3658.89,203.27,0.1829,5.0,15.0,13.0,0.0,54.49,54.49
710A,13,5.0,30.0,27.0,80.0,35.0,107.0,158.82,548.83,6.67,3658.89,203.27,0.1829,5.0,15.0,13.0,0.0,54.49,54.49
710A,14,6.0,34.0,53.0,106.0,40.0,159.0,188.48,846.19,9.35,7914.33,439.69,0.2821,9.0,19.0,17.0,0.0,50.4,50.4
710A,15,5.0,30.0,27.0,80.0,35.0,107.0,158.82,548.83,6.67,3658.89,203.27,0.1829,5.0,15.0,13.0,0.0,54.49,54.49
710A,16,5.0,30.0,27.0,80.0,35.0,107.0,158.82,548.83,6.67,3658.89,203.27,0.1829,5.0,15.0,13.0,0.0,54.49,54.49
710A,17,5.0,30.0,27.0,80.0,35.0,107.0,158.82,548.83,6.67,3658.89,203.27,0.1829,5.0,15.0,13.0,0.0,54.49,54.49
710A,18,5.0,30.0,27.0,80.0,35.0,107.0,158.82,548.83,6.67,3658.89,203.27,0.1829,5.0,15.0,13.0,0.0,54.49,54.49
710A,19,6.0,34.0,53.0,106.0,40.0,159.0,188.48,846.19,9.35,7914.33,439.69,0.2821,9.0,19.0,17.0,0.0,50.4,50.4
710A,20,5.0,30.0,27.0,80.0,35.0,107.0,158.82,548.83,6.67,3658.89,203.27,0.1829,5.0,15.0,13.0,0.0,54.49,54.49
710A,21,5.0,30.0,27.0,80.0,35.0,107.0,158.82,548.83,6.67,3658.89,203.27,0.1829,5.0,15.0,13.0,0.0,54.49,54.49
710A,22,5.0,30.0,27.0,80.0,35.0,107.0,158.82,548.83,6.67,3658.89,203.27,0.1829,5.0,15.0,13.0,0.0,54.49,54.49
710A,23,5.0,30.0,27.0,80.0,35.0,107.0,158.82,548.83,6.67,3658.89,203.27,0.1829,5.0,15.0,13.0,0.0,54.49,54.49
710A,24,5.0,30.0,27.0,80.0,35.0,107.0,158.82,548.83,6.67,3658.89,203.27,0.1829,5.0,15.0,13.0,0.0,54.49,54.49
710A,25,6.0,34.0,53.0,106.0,40.0,159.0,188.48,846.19,9.35,7914.33,439.69,0.2821,9.0,19.0,17.0,0.0,50.4,50.4
710A,26,5.0,30.0,27.0,80.0,35.0,107.0,158.82,548.83,6.67,3658.89,203.27,0.1829,5.0,15.0,13.0,0.0,54.49,54.49
710A,27,5.0,30.0,27.0,80.0,35.0,107.0,158.82,548.83,6.67,3658.89,203.27,0.1829,5.0,15.0,13.0,0.0,54.49,54.49
710A,28,5.0,30.0,27.0,80.0,35.0,107.0,158.82,548.83,6.67,3658.89,203.27,0.1829,5.0,15.0,13.0,0.0,54.49,54.49
710A,29,5.0,30.0,27.0,80.0,35.0,107.0,158.82,548.83,6.67,3658.89,203.27,0.1829,5.0,15.0,13.0,0.0,54.49,54.49
710A,30,5.0,30.0,27.0,80.0,35.0,107.0,158.82,548.83,6.67,3658.89,203.27,0.1829,5.0,15.0,13.0,0.0,54.49,54.49
710A,31,5.0,30.0,27.0,80.0,35.0,107.0,158.82,548.83,6.67,3658.89,203.27,0.1829,5.0,15.0,13.0,0.0,54.49,54.49
710A,32,6.0,34.0,53.0,106.0,40.0,159.0,188.48,846.19,9.35,7914.33,439.69,0.2821,9.0,19.0,17.0,0.0,50.4,50.4
712C,1,6.0,27.0,28.0,69.0,33.0,97.0,143.89,489.31,7.67,3751.35,208.41,0.1631,4.0,15.0,13.0,0.0,54.97,54.97
712C,2,6.0,27.0,21.0,55.0,33.0,76.0,143.89,383.37,6.11,2342.84,130.16,0.1278,3.0,14.0,12.0,0.0,56.5,56.5
712C,3,7.0,27.0,22.0,59.0,34.0,81.0,148.03,412.08,7.65,3151.68,175.09,0.1374,3.0,14.0,12.0,0.0,56.28,56.28
712C,4,6.0,27.0,21.0,55.0,33.0,76.0,143.89,383.37,6.11,2342.84,130.16,0.1278,3.0,14.0,12.0,0.0,56.5,56.5
712C,5,6.0,28.0,28.0,69.0,34.0,97.0,150.12,493.48,7.39,3648.26,202.68,0.1645,4.0,15.0,13.0,0.0,54.95,54.95
712C,6,6.0,27.0,21.0,55.0,33.0,76.0,143.89,383.37,6.11,2342.84,130.16,0.1278,3.0,14.0,12.0,0.0,56.5,56.5
712C,7,6.0,27.0,22.0,57.0,33.0,79.0,143.89,398.51,6.33,2523.88,140.22,0.1328,3.0,14.0,12.0,0.0,56.39,56.39
712C,8,6.0,27.0,22.0,57.0,33.0,79.0,143.89,398.51,6.33,2523.88,140.22,0.1328,3.0,14.0,12.0,0.0,56.39,56.39
712C,9,6.0,27.0,28.0,69.0,33.0,97.0,143.89,489.31,7.67,3751.35,208.41,0.1631,4.0,15.0,13.0,0.0,54.97,54.97
712C,10,7.0,28.0,26.0,65.0,35.0,91.0,154.26,466.76,8.12,3792.46,210.69,0.1556,4.0,15.0,13.0,0.0,55.12,55.12
712C,11,7.0,27.0,22.0,63.0,34.0,85.0,148.03,432.43,8.17,3531.55,196.2,0.1441,3.0,17.0,15.0,0.0,54.3,54.3
712C,12,7.0,27.0,22.0,63.0,34.0,85.0,148.03,432.43,8.17,3531.55,196.2,0.1441,3.0,17.0,15.0,0.0,54.3,54.3
712C,13,7.0,27.0,22.0,63.0,34.0,85.0,148.03,432.43,8.17,3531.55,196.2,0.1441,3.0,17.0,15.0,0.0,54.3,54.3
712C,14,7.0,27.0,22.0,63.0,34.0,85.0,148.03,432.43,8.17,3531.55,196.2,0.1441,3.0,17.0,15.0,0.0,54.3,54.3
712C,15,6.0,27.0,21.0,55.0,33.0,76.0,143.89,383.37,6.11,2342.84,130.16,0.1278,3.0,14.0,12.0,0.0,56.5,56.5
712C,16,7.0,27.0,22.0,63.0,34.0,85.0,148.03,432.43,8.17,3531.55,196.2,0.1441,3.0,17.0,15.0,0.0,54.3,54.3
712C,17,6.0,27.0,28.0,69.0,33.0,97.0,143.89,489.31,7.67,3751.35,208.41,0.1631,4.0,15.0,13.0,0.0,54.97,54.97
712C,18,6.0,27.0,28.0,69.0,33.0,97.0,143.89,489.31,7.67,3751.35,208.41,0.1631,4.0,15.0,13.0,0.0,54.97,54.97
712C,19,6.0,27.0,21.0,55.0,33.0,76.0,143.89,383.37,6.11,2342.84,130.16,0.1278,3.0,14.0,12.0,0.0,56.5,56.5
712C,20,7.0,28.0,26.0,65.0,35.0,91.0,154.26,466.76,8.12,3792.46,210.69,0.1556,4.0,15.0,13.0,0.0,55.12,55.12
712C,21,6.0,27.0,21.0,55.0,33.0,76.0,143.89,383.37,6.11,2342.84,130.16,0.1278,3.0,14.0,12.0,0.0,56.5,56.5
712C,22,7.0,28.0,26.0,65.0,35.0,91.0,154.26,466.76,8.12,3792.46,210.69,0.1556,4.0,15.0,13.0,0.0,55.12,55.12
712C,23,7.0,27.0,22.0,63.0,34.0,85.0,148.03,432.43,8.17,3531.55,196.2,0.1441,3.0,17.0,15.0,0.0,54.3,54.3
712C,24,6.0,27.0,28.0,69.0,33.0,97.0,143.89,489.31,7.67,3751.35,208.41,0.1631,4.0,15.0,13.0,0.0,54.97,54.97
712C,25,6.0,27.0,28.0,69.0,33.0,97.0,143.89,489.31,7.67,3751.35,208.41,0.1631,4.0,15.0,13.0,0.0,54.97,54.97
712C,26,7.0,27.0,22.0,63.0,34.0,85.0,148.03,432.43,8.17,3531.55,196.2,0.1441,3.0,17.0,15.0,0.0,54.3,54.3
712C,27,7.0,28.0,26.0,65.0,35.0,91.0,154.26,466.76,8.12,3792.46,210.69,0.1556,4.0,15.0,13.0,0.0,55.12,55.12
712C,28,7.0,28.0,26.0,65.0,35.0,91.0,154.26,466.76,8.12,3792.46,210.69,0.1556,4.0,15.0,13.0,0.0,55.12,55.12
712C,29,7.0,27.0,22.0,63.0,34.0,85.0,148.03,432.43,8.17,3531.55,196.2,0.1441,3.0,17.0,15.0,0.0,54.3,54.3
712C,30,7.0,27.0,22.0,63.0,34.0,85.0,148.03,432.43,8.17,3531.55,196.2,0.1441,3.0,17.0,15.0,0.0,54.3,54.3
712C,31,7.0,28.0,26.0,65.0,35.0,91.0,154.26,466.76,8.12,3792.46,210.69,0.1556,4.0,15.0,13.0,0.0,55.12,55.12
712C,32,7.0,27.0,22.0,59.0,34.0,81.0,148.03,412.08,7.65,3151.68,175.09,0.1374,3.0,14.0,12.0,0.0,56.28,56.28
714C,1,11.0,62.0,84.0,301.0,73.0,385.0,407.21,2383.08,26.7,63632.15,3535.12,0.7944,18.0,55.0,51.0,0.0,35.97,35.97
714C,2,9.0,52.0,96.0,364.0,61.0,460.0,324.95,2728.14,31.5,85936.38,4774.24,0.9094,16.0,64.0,59.0,0.0,34.39,34.39
714C,3,7.0,54.0,67.0,319.0,61.0,386.0,330.42,2289.26,20.68,47332.67,2629.59,0.7631,13.0,55.0,51.0,0.0,36.76,36.76
714C,4,10.0,71.0,84.0,332.0,81.0,416.0,469.85,2637.38,23.38,61662.63,3425.7,0.8791,12.0,55.0,46.0,0.0,36.47,36.47
714C,5,10.0,63.0,71.0,302.0,73.0,373.0,409.79,2308.8,23.97,55338.01,3074.33,0.7696,13.0,60.0,56.0,0.0,35.91,35.91
714C,6,9.0,52.0,82.0,328.0,61.0,410.0,324.95,2431.6,28.38,69020.1,3834.45,0.8105,13.0,57.0,49.0,0.0,36.24,36.24
714C,7,10.0,52.0,91.0,357.0,62.0,448.0,329.64,2667.48,34.33,91566.38,5087.02,0.8892,17.0,69.0,65.0,0.0,33.61,33.61
714C,8,9.0,59.0,92.0,406.0,68.0,498.0,375.61,3031.56,30.97,93875.49,5215.3,1.0105,17.0,79.0,71.0,0.0,31.94,31.94
714C,9,9.0,54.0,71.0,329.0,63.0,400.0,339.29,2390.91,27.42,65550.84,3641.71,0.797,13.0,59.0,55.0,0.0,35.97,35.97
714C,10,11.0,74.0,113.0,496.0,85.0,609.0,497.55,3903.32,36.86,143895.33,7994.19,1.3011,22.0,70.0,61.0,0.0,31.64,31.64
714C,11,10.0,58.0,91.0,329.0,68.0,420.0,372.98,2556.73,28.36,72514.28,4028.57,0.8522,16.0,57.0,52.0,0.0,35.68,35.68
714C,12,10.0,58.0,59.0,280.0,68.0,339.0,372.98,2063.65,24.14,49812.24,2767.35,0.6879,12.0,47.0,43.0,0.0,38.7,38.7
714C,13,10.0,52.0,77.0,303.0,62.0,380.0,329.64,2262.59,29.13,65919.82,3662.21,0.7542,13.0,51.0,43.0,0.0,37.51,37.51
714C,14,12.0,68.0,157.0,587.0,80.0,744.0,456.97,4703.51,51.79,243614.38,13534.13,1.5678,32.0,77.0,65.0,0.0,28.83,28.83
714C,15,9.0,54.0,55.0,220.0,63.0,275.0,339.29,1643.75,18.33,30135.45,1674.19,0.5479,9.0,47.0,43.0,0.0,39.8,39.8
714C,16,9.0,56.0,59.0,319.0,65.0,378.0,353.74,2276.46,25.63,58354.49,3241.92,0.7588,11.0,54.0,50.0,0.0,37.22,37.22
714C,17,7.0,49.0,71.0,300.0,56.0,371.0,294.77,2154.53,21.43,46168.47,2564.92,0.7182,12.0,53.0,49.0,0.0,37.43,37.43
714C,18,10.0,73.0,85.0,431.0,83.0,516.0,485.08,3289.52,29.52,97108.44,5394.91,1.0965,15.0,74.0,59.0,0.0,32.58,32.58
714C,19,9.0,54.0,60.0,293.0,63.0,353.0,339.29,2109.98,24.42,51518.67,2862.15,0.7033,12.0,50.0,46.0,0.0,38.05,38.05
714C,20,9.0,54.0,69.0,311.0,63.0,380.0,339.29,2271.37,25.92,58866.25,3270.35,0.7571,13.0,58.0,54.0,0.0,36.28,36.28
714C,21,11.0,74.0,121.0,580.0,85.0,701.0,497.55,4492.98,43.11,193684.0,10760.22,1.4977,19.0,84.0,75.0,0.0,29.89,29.89
714C,22,10.0,62.0,85.0,318.0,72.0,403.0,402.38,2486.48,25.65,63766.17,3542.57,0.8288,12.0,57.0,49.0,0.0,36.31,36.31
714C,23,11.0,73.0,98.0,435.0,84.0,533.0,489.91,3407.11,32.77,111664.37,6203.58,1.1357,15.0,81.0,71.0,0.0,31.62,31.62
714C,24,10.0,59.0,63.0,278.0,69.0,341.0,380.3,2083.01,23.56,49074.23,2726.35,0.6943,12.0,53.0,49.0,0.0,37.54,37.54
714C,25,7.0,52.0,41.0,200.0,59.0,241.0,316.07,1417.72,13.46,19084.65,1060.26,0.4726,7.0,35.0,31.0,0.0,43.31,43.31
714C,26,9.0,51.0,73.0,301.0,60.0,374.0,317.82,2209.18,26.56,58673.14,3259.62,0.7364,13.0,52.0,47.0,0.0,37.4,37.4
714C,27,10.0,72.0,136.0,403.0,82.0,539.0,477.45,3426.72,27.99,95900.58,5327.81,1.1422,32.0,65.0,61.0,0.0,31.4,31.4
714C,28,10.0,71.0,84.0,332.0,81.0,416.0,469.85,2637.38,23.38,61662.63,3425.7,0.8791,12.0,55.0,46.0,0.0,36.47,36.47
714C,29,9.0,53.0,86.0,309.0,62.0,395.0,332.11,2351.91,26.24,61704.29,3428.02,0.784,14.0,55.0,50.0,0.0,36.55,36.55
714C,30,9.0,56.0,71.0,289.0,65.0,360.0,353.74,2168.05,23.22,50349.15,2797.17,0.7227,15.0,62.0,54.0,0.0,35.52,35.52
714C,31,11.0,73.0,98.0,435.0,84.0,533.0,489.91,3407.11,32.77,111664.37,6203.58,1.1357,15.0,81.0,71.0,0.0,31.62,31.62
714C,32,10.0,59.0,63.0,278.0,69.0,341.0,380.3,2083.01,23.56,49074.23,2726.35,0.6943,12.0,53.0,49.0,0.0,37.54,37.54
715B,1,9.0,76.0,174.0,992.0,85.0,1166.0,503.37,7473.35,58.74,438960.97,24386.72,2.4911,35.0,139.0,129.0,0.0,21.42,21.42
715B,2,8.0,99.0,135.0,649.0,107.0,784.0,680.31,5285.31,26.22,138592.58,7699.59,1.7618,19.0,90.0,77.0,0.04,40.03,28.75
715B,3,8.0,163.0,203.0,1081.0,171.0,1284.0,1221.84,9524.52,26.53,252662.8,14036.82,3.1748,28.0,133.0,102.0,0.16,43.59,22.04
715B,4,8.0,150.0,216.0,1130.0,158.0,1346.0,1108.32,9830.89,30.13,296237.45,16457.64,3.277,29.0,144.0,117.0,0.11,39.67,21.06
715B,5,8.0,75.0,126.0,502.0,83.0,628.0,491.16,4003.52,26.77,107187.7,5954.87,1.3345,24.0,72.0,61.0,0.0,31.03,31.03
715B,6,9.0,185.0,411.0,2216.0,194.0,2627.0,1421.83,19964.97,53.9,1076165.9,59786.99,6.655,59.0,234.0,179.0,0.2,33.34,10.27
715B,7,9.0,223.0,539.0,3233.0,232.0,3772.0,1768.13,29640.3,65.24,1933730.8,107429.49,9.8801,62.0,314.0,225.0,0.25,31.0,5.88
715B,8,8.0,71.0,123.0,601.0,79.0,724.0,460.63,4563.94,33.86,154531.06,8585.06,1.5213,17.0,71.0,61.0,0.0,31.71,31.71
715B,9,8.0,176.0,292.0,1359.0,184.0,1651.0,1336.86,12421.4,30.89,383651.9,21313.99,4.1405,37.0,167.0,130.0,0.17,39.56,17.87
715B,10,10.0,196.0,296.0,1695.0,206.0,1991.0,1525.7,15303.82,43.24,661734.16,36763.01,5.1013,52.0,197.0,157.0,0.15,34.55,13.65
715B,11,9.0,172.0,200.0,1111.0,181.0,1311.0,1305.85,9832.3,29.07,285794.03,15877.45,3.2774,32.0,141.0,109.0,0.16,42.29,20.86
715B,12,9.0,197.0,265.0,1191.0,206.0,1456.0,1530.07,11191.54,27.21,304472.51,16915.14,3.7305,25.0,134.0,87.0,0.29,48.04,21.89
715B,13,10.0,90.0,146.0,708.0,100.0,854.0,617.49,5673.85,39.33,223171.56,12398.42,1.8913,25.0,96.0,85.0,0.0,27.11,27.11
715B,14,9.0,83.0,109.0,488.0,92.0,597.0,557.66,3894.57,26.46,103041.78,5724.54,1.2982,17.0,63.0,50.0,0.02,41.59,33.32
715B,16,9.0,87.0,113.0,495.0,96.0,608.0,589.07,4003.66,25.6,102507.43,5694.86,1.3346,17.0,64.0,50.0,0.04,44.51,33.09
715B,17,7.0,79.0,216.0,834.0,86.0,1050.0,517.65,6747.58,36.95,249318.74,13851.04,2.2492,31.0,120.0,110.0,0.0,23.66,23.66
715B,18,9.0,132.0,225.0,1109.0,141.0,1334.0,958.39,9524.16,37.81,360078.24,20004.35,3.1747,29.0,134.0,114.0,0.07,36.47,21.84
715B,19,9.0,81.0,177.0,840.0,90.0,1017.0,542.06,6602.21,46.67,308103.35,17116.85,2.2007,33.0,122.0,111.0,0.01,28.92,23.3
715B,20,8.0,75.0,99.0,481.0,83.0,580.0,491.16,3697.52,25.65,94853.79,5269.65,1.2325,20.0,67.0,56.0,0.0,32.49,32.49
715B,21,9.0,153.0,333.0,1764.0,162.0,2097.0,1138.91,15391.67,51.88,798555.82,44364.21,5.1306,61.0,250.0,228.0,0.05,23.09,10.17
715B,23,8.0,204.0,283.0,1846.0,212.0,2129.0,1589.17,16452.74,36.2,595524.76,33084.71,5.4842,19.0,140.0,55.0,0.57,50.34,21.11
715B,24,12.0,197.0,406.0,1827.0,209.0,2233.0,1544.56,17210.53,55.64,957674.43,53204.13,5.7368,66.0,228.0,185.0,0.14,30.49,10.03
715B,25,9.0,79.0,157.0,758.0,88.0,915.0,526.53,5910.38,43.18,255193.75,14177.43,1.9701,20.0,101.0,90.0,0.0,27.18,27.18
715B,27,7.0,75.0,105.0,498.0,82.0,603.0,486.81,3833.6,23.24,89092.95,4949.61,1.2779,18.0,69.0,57.0,0.0,32.37,32.37
715B,29,7.0,220.0,288.0,1600.0,227.0,1888.0,1731.55,14776.52,25.45,376129.69,20896.09,4.9255,41.0,179.0,141.0,0.16,37.53,16.15
715B,30,10.0,128.0,222.0,1080.0,138.0,1302.0,929.22,9255.3,42.19,390457.92,21692.11,3.0851,32.0,137.0,115.0,0.08,37.31,21.31
715B,31,10.0,201.0,296.0,1448.0,211.0,1744.0,1571.08,13465.6,36.02,485029.46,26946.08,4.4885,40.0,170.0,119.0,0.25,42.07,17.05
715B,32,9.0,80.0,140.0,610.0,89.0,750.0,534.28,4856.8,34.31,166648.95,9258.28,1.6189,18.0,80.0,69.0,0.0,30.25,30.25
716A,1,5.0,31.0,31.0,92.0,36.0,123.0,165.19,635.9,7.42,4717.97,262.11,0.212,4.0,19.0,16.0,0.0,51.94,51.94
716A,2,5.0,31.0,31.0,92.0,36.0,123.0,165.19,635.9,7.42,4717.97,262.11,0.212,4.0,19.0,16.0,0.0,51.94,51.94
716A,3,5.0,34.0,31.0,102.0,39.0,133.0,184.58,702.96,7.5,5272.19,292.9,0.2343,4.0,23.0,20.0,0.0,49.82,49.82
716A,4,5.0,31.0,31.0,92.0,36.0,123.0,165.19,635.9,7.42,4717.97,262.11,0.212,4.0,19.0,16.0,0.0,51.94,51.94
716A,5,5.0,34.0,31.0,102.0,39.0,133.0,184.58,702.96,7.5,5272.19,292.9,0.2343,4.0,23.0,20.0,0.0,49.82,49.82
716A,6,5.0,31.0,31.0,92.0,36.0,123.0,165.19,635.9,7.42,4717.97,262.11,0.212,4.0,19.0,16.0,0.0,51.94,51.94
716A,7,5.0,34.0,31.0,102.0,39.0,133.0,184.58,702.96,7.5,5272.19,292.9,0.2343,4.0,23.0,20.0,0.0,49.82,49.82
716A,8,5.0,31.0,31.0,92.0,36.0,123.0,165.19,635.9,7.42,4717.97,262.11,0.212,4.0,19.0,16.0,0.0,51.94,51.94
716A,9,5.0,34.0,31.0,102.0,39.0,133.0,184.58,702.96,7.5,5272.19,292.9,0.2343,4.0,23.0,20.0,0.0,49.82,49.82
716A,10,5.0,34.0,31.0,102.0,39.0,133.0,184.58,702.96,7.5,5272.19,292.9,0.2343,4.0,23.0,20.0,0.0,49.82,49.82
716A,11,5.0,34.0,31.0,102.0,39.0,133.0,184.58,702.96,7.5,5272.19,292.9,0.2343,4.0,23.0,20.0,0.0,49.82,49.82
716A,12,5.0,34.0,31.0,102.0,39.0,133.0,184.58,702.96,7.5,5272.19,292.9,0.2343,4.0,23.0,20.0,0.0,49.82,49.82
716A,13,5.0,31.0,31.0,92.0,36.0,123.0,165.19,635.9,7.42,4717.97,262.11,0.212,4.0,19.0,16.0,0.0,51.94,51.94
716A,14,5.0,31.0,31.0,92.0,36.0,123.0,165.19,635.9,7.42,4717.97,262.11,0.212,4.0,19.0,16.0,0.0,51.94,51.94
716A,15,5.0,34.0,31.0,102.0,39.0,133.0,184.58,702.96,7.5,5272.19,292.9,0.2343,4.0,23.0,20.0,0.0,49.82,49.82
716A,16,5.0,34.0,31.0,102.0,39.0,133.0,184.58,702.96,7.5,5272.19,292.9,0.2343,4.0,23.0,20.0,0.0,49.82,49.82
716A,17,5.0,31.0,31.0,92.0,36.0,123.0,165.19,635.9,7.42,4717.97,262.11,0.212,4.0,19.0,16.0,0.0,51.94,51.94
716A,18,5.0,34.0,31.0,102.0,39.0,133.0,184.58,702.96,7.5,5272.19,292.9,0.2343,4.0,23.0,20.0,0.0,49.82,49.82
716A,19,5.0,31.0,31.0,92.0,36.0,123.0,165.19,635.9,7.42,4717.97,262.11,0.212,4.0,19.0,16.0,0.0,51.94,51.94
716A,20,5.0,31.0,31.0,92.0,36.0,123.0,165.19,635.9,7.42,4717.97,262.11,0.212,4.0,19.0,16.0,0.0,51.94,51.94
716A,21,5.0,34.0,31.0,102.0,39.0,133.0,184.58,702.96,7.5,5272.19,292.9,0.2343,4.0,23.0,20.0,0.0,49.82,49.82
716A,22,5.0,34.0,31.0,102.0,39.0,133.0,184.58,702.96,7.5,5272.19,292.9,0.2343,4.0,23.0,20.0,0.0,49.82,49.82
716A,23,5.0,34.0,31.0,102.0,39.0,133.0,184.58,702.96,7.5,5272.19,292.9,0.2343,4.0,23.0,20.0,0.0,49.82,49.82
716A,24,5.0,34.0,31.0,102.0,39.0,133.0,184.58,702.96,7.5,5272.19,292.9,0.2343,4.0,23.0,20.0,0.0,49.82,49.82
716A,25,5.0,34.0,31.0,102.0,39.0,133.0,184.58,702.96,7.5,5272.19,292.9,0.2343,4.0,23.0,20.0,0.0,49.82,49.82
716A,26,5.0,34.0,31.0,102.0,39.0,133.0,184.58,702.96,7.5,5272.19,292.9,0.2343,4.0,23.0,20.0,0.0,49.82,49.82
716A,27,5.0,34.0,31.0,102.0,39.0,133.0,184.58,702.96,7.5,5272.19,292.9,0.2343,4.0,23.0,20.0,0.0,49.82,49.82
716A,28,5.0,31.0,31.0,92.0,36.0,123.0,165.19,635.9,7.42,4717.97,262.11,0.212,4.0,19.0,16.0,0.0,51.94,51.94
716A,29,5.0,31.0,31.0,92.0,36.0,123.0,165.19,635.9,7.42,4717.97,262.11,0.212,4.0,19.0,16.0,0.0,51.94,51.94
716A,30,5.0,34.0,31.0,102.0,39.0,133.0,184.58,702.96,7.5,5272.19,292.9,0.2343,4.0,23.0,20.0,0.0,49.82,49.82
716A,31,5.0,34.0,31.0,102.0,39.0,133.0,184.58,702.96,7.5,5272.19,292.9,0.2343,4.0,23.0,20.0,0.0,49.82,49.82
716A,32,5.0,34.0,31.0,102.0,39.0,133.0,184.58,702.96,7.5,5272.19,292.9,0.2343,4.0,23.0,20.0,0.0,49.82,49.82
717B,2,4.0,38.0,39.0,149.0,42.0,188.0,207.42,1013.76,7.84,7949.98,441.67,0.3379,6.0,31.0,28.0,0.0,45.61,45.61
717B,4,9.0,63.0,56.0,191.0,72.0,247.0,405.1,1523.97,13.64,20791.33,1155.07,0.508,6.0,36.0,28.0,0.15,63.86,42.96
717B,7,4.0,38.0,39.0,145.0,42.0,184.0,207.42,992.19,7.63,7571.95,420.66,0.3307,6.0,28.0,25.0,0.0,46.64,46.64
717B,8,6.0,42.0,36.0,140.0,48.0,176.0,241.99,982.95,10.0,9829.53,546.09,0.3277,4.0,26.0,22.0,0.0,47.64,47.64
717B,9,6.0,38.0,40.0,142.0,44.0,182.0,214.93,993.62,11.21,11138.96,618.83,0.3312,5.0,27.0,21.0,0.09,63.71,47.12
717B,12,4.0,38.0,39.0,149.0,42.0,188.0,207.42,1013.76,7.84,7949.98,441.67,0.3379,6.0,31.0,28.0,0.0,45.61,45.61
717B,14,7.0,66.0,41.0,157.0,73.0,198.0,418.58,1225.59,8.33,10203.93,566.88,0.4085,4.0,29.0,23.0,0.12,64.67,45.94
717B,16,6.0,39.0,35.0,135.0,45.0,170.0,221.64,933.62,10.38,9695.23,538.62,0.3112,4.0,26.0,22.0,0.04,59.9,47.8
717B,17,7.0,97.0,58.0,235.0,104.0,293.0,659.84,1963.23,8.48,16646.97,924.83,0.6544,5.0,33.0,21.0,0.3,69.48,43.15
717B,21,5.0,36.0,33.0,123.0,41.0,156.0,197.73,835.78,8.54,7138.94,396.61,0.2786,4.0,25.0,22.0,0.0,48.51,48.51
717B,24,7.0,87.0,68.0,245.0,94.0,313.0,580.19,2051.59,9.86,20221.09,1123.39,0.6839,9.0,41.0,33.0,0.13,60.18,40.42
717B,25,8.0,130.0,86.0,391.0,138.0,477.0,936.91,3390.77,12.03,40793.53,2266.31,1.1303,5.0,49.0,30.0,0.35,65.07,37.74
717B,26,4.0,34.0,27.0,112.0,38.0,139.0,180.97,729.46,6.59,4805.87,266.99,0.2432,4.0,23.0,20.0,0.0,49.71,49.71
717B,27,9.0,114.0,100.0,381.0,123.0,481.0,807.48,3339.35,15.04,50222.06,2790.11,1.1131,7.0,54.0,35.0,0.3,62.93,36.6
717B,28,7.0,41.0,35.0,142.0,48.0,177.0,239.31,988.54,12.12,11983.01,665.72,0.3295,4.0,27.0,24.0,0.0,47.27,47.27
717B,31,8.0,53.0,51.0,175.0,61.0,226.0,327.58,1340.35,13.21,17702.69,983.48,0.4468,7.0,40.0,35.0,0.05,55.61,42.21
722B,1,9.0,65.0,109.0,333.0,74.0,442.0,419.98,2744.58,23.05,63273.09,3515.17,0.9149,27.0,64.0,57.0,0.02,40.66,32.89
722B,2,8.0,59.0,90.0,296.0,67.0,386.0,371.08,2341.51,20.07,46988.96,2610.5,0.7805,21.0,57.0,51.0,0.0,35.28,35.28
722B,3,8.0,57.0,102.0,321.0,65.0,423.0,356.47,2547.46,22.53,57384.92,3188.05,0.8492,28.0,65.0,59.0,0.0,32.84,32.84
722B,4,8.0,61.0,76.0,279.0,69.0,355.0,385.77,2168.53,18.3,39673.36,2204.08,0.7228,21.0,62.0,56.0,0.0,34.72,34.72
722B,5,7.0,53.0,100.0,298.0,60.0,398.0,323.23,2350.94,19.68,46264.77,2570.27,0.7836,25.0,56.0,50.0,0.0,34.9,34.9
722B,6,8.0,73.0,104.0,322.0,81.0,426.0,475.86,2700.78,17.64,47652.05,2647.34,0.9003,25.0,58.0,50.0,0.04,45.57,34.14
722B,7,8.0,64.0,97.0,364.0,72.0,461.0,408.0,2844.34,22.75,64708.63,3594.92,0.9481,24.0,71.0,65.0,0.0,32.2,32.2
722B,8,7.0,54.0,98.0,302.0,61.0,400.0,330.42,2372.29,19.57,46435.48,2579.75,0.7908,25.0,56.0,50.0,0.0,34.87,34.87
722B,9,8.0,74.0,108.0,338.0,82.0,446.0,483.5,2835.47,18.27,51804.77,2878.04,0.9452,26.0,60.0,51.0,0.06,47.1,33.54
722B,10,8.0,56.0,104.0,304.0,64.0,408.0,349.21,2448.0,21.71,53156.57,2953.14,0.816,25.0,57.0,51.0,0.0,34.61,34.61
722B,11,8.0,56.0,104.0,304.0,64.0,408.0,349.21,2448.0,21.71,53156.57,2953.14,0.816,25.0,57.0,51.0,0.0,34.61,34.61
722B,12,8.0,62.0,104.0,319.0,70.0,423.0,393.16,2592.69,20.58,53359.17,2964.4,0.8642,26.0,60.0,53.0,0.02,41.85,33.81
722B,13,7.0,53.0,100.0,298.0,60.0,398.0,323.23,2350.94,19.68,46264.77,2570.27,0.7836,25.0,56.0,50.0,0.0,34.9,34.9
722B,14,8.0,66.0,98.0,368.0,74.0,466.0,422.93,2893.61,22.3,64536.17,3585.34,0.9645,24.0,72.0,66.0,0.0,32.02,32.02
722B,15,8.0,59.0,90.0,294.0,67.0,384.0,371.08,2329.38,19.93,46429.64,2579.42,0.7765,21.0,55.0,49.0,0.0,35.63,35.63
722B,16,7.0,53.0,100.0,298.0,60.0,398.0,323.23,2350.94,19.68,46264.77,2570.27,0.7836,25.0,56.0,50.0,0.0,34.9,34.9
722B,17,8.0,59.0,90.0,296.0,67.0,386.0,371.08,2341.51,20.07,46988.96,2610.5,0.7805,21.0,57.0,51.0,0.0,35.28,35.28
722B,18,7.0,54.0,101.0,302.0,61.0,403.0,330.42,2390.09,19.57,46783.74,2599.1,0.7967,25.0,57.0,51.0,0.0,34.68,34.68
722B,19,8.0,77.0,108.0,341.0,85.0,449.0,506.54,2877.82,17.71,50978.46,2832.14,0.9593,26.0,60.0,51.0,0.06,47.06,33.49
722B,20,8.0,56.0,102.0,322.0,64.0,424.0,349.21,2544.0,23.0,58512.0,3250.67,0.848,28.0,65.0,59.0,0.0,32.84,32.84
722B,21,8.0,67.0,106.0,327.0,75.0,433.0,430.43,2697.08,19.52,52653.41,2925.19,0.899,26.0,59.0,51.0,0.04,45.17,33.85
722B,22,8.0,56.0,83.0,275.0,64.0,358.0,349.21,2148.0,19.64,42192.86,2344.05,0.716,19.0,53.0,47.0,0.0,36.5,36.5
722B,23,8.0,56.0,102.0,322.0,64.0,424.0,349.21,2544.0,23.0,58512.0,3250.67,0.848,28.0,65.0,59.0,0.0,32.84,32.84
722B,24,8.0,61.0,87.0,301.0,69.0,388.0,385.77,2370.11,19.74,46780.48,2598.92,0.79,21.0,59.0,53.0,0.0,34.92,34.92
722B,25,8.0,59.0,106.0,318.0,67.0,424.0,371.08,2572.02,21.56,55451.05,3080.61,0.8573,26.0,61.0,55.0,0.0,33.68,33.68
722B,26,8.0,71.0,108.0,339.0,79.0,447.0,460.63,2817.79,19.1,53815.82,2989.77,0.9393,26.0,62.0,54.0,0.04,44.28,33.25
722B,27,8.0,69.0,106.0,329.0,77.0,435.0,445.49,2726.05,19.07,51992.53,2888.47,0.9087,26.0,59.0,51.0,0.04,45.14,33.82
722B,28,8.0,59.0,88.0,294.0,67.0,382.0,371.08,2317.25,19.93,46187.82,2565.99,0.7724,21.0,58.0,52.0,0.0,35.15,35.15
722B,29,8.0,54.0,81.0,274.0,62.0,355.0,334.76,2113.74,20.3,42901.09,2383.39,0.7046,19.0,52.0,46.0,0.0,36.73,36.73
722B,30,7.0,53.0,100.0,298.0,60.0,398.0,323.23,2350.94,19.68,46264.77,2570.27,0.7836,25.0,56.0,50.0,0.0,34.9,34.9
722B,31,8.0,77.0,108.0,341.0,85.0,449.0,506.54,2877.82,17.71,50978.46,2832.14,0.9593,26.0,60.0,51.0,0.06,47.06,33.49
722B,32,8.0,76.0,108.0,340.0,84.0,448.0,498.84,2863.76,17.89,51246.2,2847.01,0.9546,26.0,60.0,51.0,0.06,47.07,33.51
723A,1,6.0,26.0,22.0,59.0,32.0,81.0,137.72,405.0,6.81,2757.12,153.17,0.135,1.0,10.0,8.0,0.0,59.79,59.79
723A,2,5.0,25.0,20.0,78.0,30.0,98.0,127.71,480.88,7.8,3750.83,208.38,0.1603,4.0,13.0,11.0,0.0,56.38,56.38
723A,3,6.0,26.0,22.0,59.0,32.0,81.0,137.72,405.0,6.81,2757.12,153.17,0.135,1.0,10.0,8.0,0.0,59.79,59.79
723A,4,6.0,27.0,37.0,86.0,33.0,123.0,143.89,620.46,9.56,5928.84,329.38,0.2068,4.0,16.0,14.0,0.0,53.64,53.64
723A,5,6.0,32.0,29.0,85.0,38.0,114.0,175.51,598.26,7.97,4767.41,264.86,0.1994,3.0,16.0,14.0,0.0,53.89,53.89
723A,6,6.0,27.0,37.0,86.0,33.0,123.0,143.89,620.46,9.56,5928.84,329.38,0.2068,4.0,16.0,14.0,0.0,53.64,53.64
723A,7,6.0,26.0,22.0,59.0,32.0,81.0,137.72,405.0,6.81,2757.12,153.17,0.135,1.0,10.0,8.0,0.0,59.79,59.79
723A,8,6.0,26.0,22.0,59.0,32.0,81.0,137.72,405.0,6.81,2757.12,153.17,0.135,1.0,10.0,8.0,0.0,59.79,59.79
723A,9,6.0,27.0,37.0,86.0,33.0,123.0,143.89,620.46,9.56,5928.84,329.38,0.2068,4.0,16.0,14.0,0.0,53.64,53.64
723A,10,6.0,26.0,22.0,59.0,32.0,81.0,137.72,405.0,6.81,2757.12,153.17,0.135,1.0,10.0,8.0,0.0,59.79,59.79
723A,11,6.0,28.0,28.0,83.0,34.0,111.0,150.12,564.71,8.89,5021.87,278.99,0.1882,2.0,15.0,13.0,0.0,54.81,54.81
723A,12,5.0,25.0,20.0,78.0,30.0,98.0,127.71,480.88,7.8,3750.83,208.38,0.1603,4.0,13.0,11.0,0.0,56.38,56.38
723A,13,6.0,27.0,37.0,86.0,33.0,123.0,143.89,620.46,9.56,5928.84,329.38,0.2068,4.0,16.0,14.0,0.0,53.64,53.64
723A,14,6.0,26.0,22.0,59.0,32.0,81.0,137.72,405.0,6.81,2757.12,153.17,0.135,1.0,10.0,8.0,0.0,59.79,59.79
723A,15,6.0,26.0,22.0,59.0,32.0,81.0,137.72,405.0,6.81,2757.12,153.17,0.135,1.0,10.0,8.0,0.0,59.79,59.79
723A,16,6.0,27.0,37.0,86.0,33.0,123.0,143.89,620.46,9.56,5928.84,329.38,0.2068,4.0,16.0,14.0,0.0,53.64,53.64
723A,17,6.0,27.0,37.0,86.0,33.0,123.0,143.89,620.46,9.56,5928.84,329.38,0.2068,4.0,16.0,14.0,0.0,53.64,53.64
723A,18,6.0,26.0,22.0,59.0,32.0,81.0,137.72,405.0,6.81,2757.12,153.17,0.135,1.0,10.0,8.0,0.0,59.79,59.79
723A,19,6.0,26.0,22.0,59.0,32.0,81.0,137.72,405.0,6.81,2757.12,153.17,0.135,1.0,10.0,8.0,0.0,59.79,59.79
723A,20,6.0,26.0,22.0,59.0,32.0,81.0,137.72,405.0,6.81,2757.12,153.17,0.135,1.0,10.0,8.0,0.0,59.79,59.79
723A,21,5.0,25.0,20.0,78.0,30.0,98.0,127.71,480.88,7.8,3750.83,208.38,0.1603,4.0,13.0,11.0,0.0,56.38,56.38
723A,22,6.0,26.0,22.0,59.0,32.0,81.0,137.72,405.0,6.81,2757.12,153.17,0.135,1.0,10.0,8.0,0.0,59.79,59.79
723A,23,6.0,27.0,37.0,86.0,33.0,123.0,143.89,620.46,9.56,5928.84,329.38,0.2068,4.0,16.0,14.0,0.0,53.64,53.64
723A,24,6.0,26.0,22.0,59.0,32.0,81.0,137.72,405.0,6.81,2757.12,153.17,0.135,1.0,10.0,8.0,0.0,59.79,59.79
723A,25,6.0,32.0,29.0,85.0,38.0,114.0,175.51,598.26,7.97,4767.41,264.86,0.1994,3.0,16.0,14.0,0.0,53.89,53.89
723A,26,6.0,26.0,22.0,59.0,32.0,81.0,137.72,405.0,6.81,2757.12,153.17,0.135,1.0,10.0,8.0,0.0,59.79,59.79
723A,27,6.0,28.0,28.0,83.0,34.0,111.0,150.12,564.71,8.89,5021.87,278.99,0.1882,2.0,15.0,13.0,0.0,54.81,54.81
723A,28,5.0,33.0,35.0,109.0,38.0,144.0,178.07,755.7,8.26,6240.26,346.68,0.2519,4.0,16.0,14.0,0.0,53.04,53.04
723A,29,6.0,26.0,22.0,59.0,32.0,81.0,137.72,405.0,6.81,2757.12,153.17,0.135,1.0,10.0,8.0,0.0,59.79,59.79
723A,30,6.0,27.0,37.0,86.0,33.0,123.0,143.89,620.46,9.56,5928.84,329.38,0.2068,4.0,16.0,14.0,0.0,53.64,53.64
723A,31,6.0,27.0,37.0,86.0,33.0,123.0,143.89,620.46,9.56,5928.84,329.38,0.2068,4.0,16.0,14.0,0.0,53.64,53.64
723A,32,6.0,26.0,22.0,59.0,32.0,81.0,137.72,405.0,6.81,2757.12,153.17,0.135,1.0,10.0,8.0,0.0,59.79,59.79
725A,1,9.0,44.0,56.0,165.0,53.0,221.0,268.74,1265.87,16.88,21361.56,1186.75,0.422,11.0,30.0,28.0,0.0,44.58,44.58
725A,2,9.0,44.0,56.0,165.0,53.0,221.0,268.74,1265.87,16.88,21361.56,1186.75,0.422,11.0,30.0,28.0,0.0,44.58,44.58
725A,3,7.0,47.0,36.0,155.0,54.0,191.0,280.72,1099.18,11.54,12687.38,704.85,0.3664,7.0,30.0,28.0,0.0,45.54,45.54
725A,4,7.0,47.0,36.0,155.0,54.0,191.0,280.72,1099.18,11.54,12687.38,704.85,0.3664,7.0,30.0,28.0,0.0,45.54,45.54
725A,5,9.0,45.0,42.0,140.0,54.0,182.0,275.66,1047.39,14.0,14663.45,814.64,0.3491,8.0,22.0,20.0,0.0,48.49,48.49
725A,6,9.0,47.0,43.0,144.0,56.0,187.0,289.6,1085.98,13.79,14972.6,831.81,0.362,8.0,23.0,21.0,0.0,47.96,47.96
725A,7,9.0,44.0,56.0,165.0,53.0,221.0,268.74,1265.87,16.88,21361.56,1186.75,0.422,11.0,30.0,28.0,0.0,44.58,44.58
725A,8,9.0,47.0,43.0,144.0,56.0,187.0,289.6,1085.98,13.79,14972.6,831.81,0.362,8.0,23.0,21.0,0.0,47.96,47.96
725A,9,7.0,47.0,36.0,155.0,54.0,191.0,280.72,1099.18,11.54,12687.38,704.85,0.3664,7.0,30.0,28.0,0.0,45.54,45.54
725A,10,7.0,47.0,36.0,155.0,54.0,191.0,280.72,1099.18,11.54,12687.38,704.85,0.3664,7.0,30.0,28.0,0.0,45.54,45.54
725A,11,9.0,45.0,42.0,140.0,54.0,182.0,275.66,1047.39,14.0,14663.45,814.64,0.3491,8.0,22.0,20.0,0.0,48.49,48.49
725A,12,7.0,47.0,36.0,155.0,54.0,191.0,280.72,1099.18,11.54,12687.38,704.85,0.3664,7.0,30.0,28.0,0.0,45.54,45.54
725A,13,9.0,44.0,56.0,165.0,53.0,221.0,268.74,1265.87,16.88,21361.56,1186.75,0.422,11.0,30.0,28.0,0.0,44.58,44.58
725A,14,9.0,44.0,56.0,165.0,53.0,221.0,268.74,1265.87,16.88,21361.56,1186.75,0.422,11.0,30.0,28.0,0.0,44.58,44.58
725A,15,9.0,47.0,43.0,144.0,56.0,187.0,289.6,1085.98,13.79,14972.6,831.81,0.362,8.0,23.0,21.0,0.0,47.96,47.96
725A,16,9.0,47.0,43.0,144.0,56.0,187.0,289.6,1085.98,13.79,14972.6,831.81,0.362,8.0,23.0,21.0,0.0,47.96,47.96
725A,17,9.0,47.0,43.0,144.0,56.0,187.0,289.6,1085.98,13.79,14972.6,831.81,0.362,8.0,23.0,21.0,0.0,47.96,47.96
725A,18,9.0,44.0,56.0,165.0,53.0,221.0,268.74,1265.87,16.88,21361.56,1186.75,0.422,11.0,30.0,28.0,0.0,44.58,44.58
725A,19,7.0,46.0,34.0,144.0,53.0,178.0,273.74,1019.57,10.96,11170.94,620.61,0.3399,7.0,24.0,22.0,0.0,47.89,47.89
725A,20,9.0,45.0,42.0,140.0,54.0,182.0,275.66,1047.39,14.0,14663.45,814.64,0.3491,8.0,22.0,20.0,0.0,48.49,48.49
725A,21,9.0,44.0,56.0,165.0,53.0,221.0,268.74,1265.87,16.88,21361.56,1186.75,0.422,11.0,30.0,28.0,0.0,44.58,44.58
725A,22,9.0,45.0,42.0,140.0,54.0,182.0,275.66,1047.39,14.0,14663.45,814.64,0.3491,8.0,22.0,20.0,0.0,48.49,48.49
725A,23,9.0,44.0,56.0,165.0,53.0,221.0,268.74,1265.87,16.88,21361.56,1186.75,0.422,11.0,30.0,28.0,0.0,44.58,44.58
725A,24,9.0,44.0,56.0,165.0,53.0,221.0,268.74,1265.87,16.88,21361.56,1186.75,0.422,11.0,30.0,28.0,0.0,44.58,44.58
725A,25,7.0,46.0,34.0,144.0,53.0,178.0,273.74,1019.57,10.96,11170.94,620.61,0.3399,7.0,24.0,22.0,0.0,47.89,47.89
725A,26,8.0,46.0,60.0,171.0,54.0,231.0,278.08,1329.38,14.87,19767.29,1098.18,0.4431,11.0,30.0,28.0,0.0,44.43,44.43
725A,27,9.0,47.0,43.0,144.0,56.0,187.0,289.6,1085.98,13.79,14972.6,831.81,0.362,8.0,23.0,21.0,0.0,47.96,47.96
725A,28,9.0,47.0,43.0,144.0,56.0,187.0,289.6,1085.98,13.79,14972.6,831.81,0.362,8.0,23.0,21.0,0.0,47.96,47.96
725A,29,9.0,47.0,43.0,144.0,56.0,187.0,289.6,1085.98,13.79,14972.6,831.81,0.362,8.0,23.0,21.0,0.0,47.96,47.96
725A,30,9.0,44.0,56.0,165.0,53.0,221.0,268.74,1265.87,16.88,21361.56,1186.75,0.422,11.0,30.0,28.0,0.0,44.58,44.58
725A,31,9.0,44.0,56.0,165.0,53.0,221.0,268.74,1265.87,16.88,21361.56,1186.75,0.422,11.0,30.0,28.0,0.0,44.58,44.58
725A,32,9.0,47.0,43.0,144.0,56.0,187.0,289.6,1085.98,13.79,14972.6,831.81,0.362,8.0,23.0,21.0,0.0,47.96,47.96
729E,1,8.0,50.0,53.0,184.0,58.0,237.0,306.19,1388.34,14.72,20436.39,1135.35,0.4628,10.0,31.0,29.0,0.0,44.12,44.12
729E,2,7.0,36.0,47.0,135.0,43.0,182.0,205.77,987.58,13.12,12961.99,720.11,0.3292,8.0,21.0,19.0,0.0,49.11,49.11
729E,3,5.0,45.0,63.0,231.0,50.0,294.0,258.74,1659.29,12.83,21294.27,1183.01,0.5531,13.0,41.0,38.0,0.0,40.52,40.52
729E,4,7.0,36.0,47.0,135.0,43.0,182.0,205.77,987.58,13.12,12961.99,720.11,0.3292,8.0,21.0,19.0,0.0,49.11,49.11
729E,5,9.0,51.0,57.0,203.0,60.0,260.0,317.82,1535.79,17.91,27508.74,1528.26,0.5119,11.0,34.0,32.0,0.0,42.8,42.8
729E,6,9.0,42.0,51.0,156.0,51.0,207.0,255.01,1174.19,16.71,19625.78,1090.32,0.3914,9.0,26.0,24.0,0.0,46.43,46.43
729E,7,9.0,43.0,62.0,180.0,52.0,242.0,261.86,1379.51,18.84,25986.05,1443.67,0.4598,11.0,31.0,29.0,0.0,44.0,44.0
729E,8,9.0,43.0,62.0,180.0,52.0,242.0,261.86,1379.51,18.84,25986.05,1443.67,0.4598,11.0,31.0,29.0,0.0,44.0,44.0
729E,9,6.0,38.0,50.0,151.0,44.0,201.0,214.93,1097.35,11.92,13081.52,726.75,0.3658,8.0,29.0,27.0,0.0,45.73,45.73
729E,10,8.0,49.0,52.0,184.0,57.0,236.0,299.12,1376.56,15.02,20676.52,1148.7,0.4589,10.0,31.0,29.0,0.0,44.14,44.14
729E,11,8.0,49.0,52.0,184.0,57.0,236.0,299.12,1376.56,15.02,20676.52,1148.7,0.4589,10.0,31.0,29.0,0.0,44.14,44.14
729E,12,8.0,38.0,53.0,154.0,46.0,207.0,223.42,1143.38,16.21,18534.75,1029.71,0.3811,9.0,26.0,24.0,0.0,46.51,46.51
729E,13,7.0,36.0,47.0,135.0,43.0,182.0,205.77,987.58,13.12,12961.99,720.11,0.3292,8.0,21.0,19.0,0.0,49.11,49.11
729E,14,8.0,49.0,52.0,184.0,57.0,236.0,299.12,1376.56,15.02,20676.52,1148.7,0.4589,10.0,31.0,29.0,0.0,44.14,44.14
729E,15,9.0,70.0,68.0,288.0,79.0,356.0,457.58,2244.15,18.51,41548.76,2308.26,0.748,9.0,48.0,42.0,0.07,53.39,38.65
729E,16,5.0,41.0,46.0,151.0,46.0,197.0,231.27,1088.14,9.21,10018.87,556.6,0.3627,7.0,24.0,21.0,0.0,47.69,47.69
729E,17,7.0,44.0,62.0,196.0,51.0,258.0,259.87,1463.49,15.59,22817.07,1267.62,0.4878,10.0,38.0,35.0,0.0,42.03,42.03
729E,18,9.0,44.0,49.0,151.0,53.0,200.0,268.74,1145.58,15.44,17691.46,982.86,0.3819,8.0,26.0,24.0,0.0,46.64,46.64
729E,19,7.0,44.0,62.0,196.0,51.0,258.0,259.87,1463.49,15.59,22817.07,1267.62,0.4878,10.0,38.0,35.0,0.0,42.03,42.03
729E,20,9.0,43.0,51.0,166.0,52.0,217.0,261.86,1237.0,17.37,21489.2,1193.84,0.4123,9.0,31.0,29.0,0.0,44.6,44.6
729E,21,8.0,45.0,48.0,162.0,53.0,210.0,271.13,1202.86,14.4,17321.23,962.29,0.401,9.0,27.0,25.0,0.0,46.0,46.0
729E,22,6.0,46.0,58.0,217.0,52.0,275.0,269.59,1567.62,14.15,22185.24,1232.51,0.5225,11.0,39.0,36.0,0.0,41.44,41.44
729E,23,8.0,43.0,49.0,154.0,51.0,203.0,257.33,1151.5,14.33,16495.94,916.44,0.3838,8.0,29.0,27.0,0.0,45.59,45.59
729E,24,8.0,45.0,48.0,162.0,53.0,210.0,271.13,1202.86,14.4,17321.23,962.29,0.401,9.0,27.0,25.0,0.0,46.0,46.0
729E,25,8.0,40.0,43.0,141.0,48.0,184.0,236.88,1027.63,14.1,14489.63,804.98,0.3425,8.0,23.0,21.0,0.0,48.13,48.13
729E,26,7.0,35.0,50.0,152.0,42.0,202.0,199.18,1089.25,15.2,16556.57,919.81,0.3631,8.0,24.0,22.0,0.0,47.55,47.55
729E,27,8.0,70.0,79.0,279.0,78.0,358.0,453.05,2250.17,15.94,35874.2,1993.01,0.7501,9.0,43.0,36.0,0.1,57.32,39.68
729E,28,8.0,49.0,54.0,192.0,57.0,246.0,299.12,1434.89,15.67,22489.72,1249.43,0.4783,10.0,33.0,31.0,0.0,43.43,43.43
729E,29,8.0,49.0,52.0,184.0,57.0,236.0,299.12,1376.56,15.02,20676.52,1148.7,0.4589,10.0,31.0,29.0,0.0,44.14,44.14
729E,30,9.0,43.0,52.0,156.0,52.0,208.0,261.86,1185.69,16.33,19357.1,1075.39,0.3952,9.0,26.0,24.0,0.0,46.4,46.4
729E,31,8.0,45.0,48.0,162.0,53.0,210.0,271.13,1202.86,14.4,17321.23,962.29,0.401,9.0,27.0,25.0,0.0,46.0,46.0
729E,32,6.0,39.0,52.0,170.0,45.0,222.0,221.64,1219.19,13.08,15943.27,885.74,0.4064,9.0,22.0,20.0,0.0,47.9,47.9
730I,6,8.0,50.0,98.0,416.0,58.0,514.0,306.19,3011.0,33.28,100206.15,5567.01,1.0037,15.0,45.0,43.0,0.0,37.56,37.56
730I,7,7.0,62.0,114.0,346.0,69.0,460.0,388.81,2809.92,19.53,54884.11,3049.12,0.9366,12.0,43.0,37.0,0.1,56.05,38.61
730I,9,8.0,50.0,98.0,416.0,58.0,514.0,306.19,3011.0,33.28,100206.15,5567.01,1.0037,15.0,45.0,43.0,0.0,37.56,37.56
730I,15,8.0,53.0,94.0,412.0,61.0,506.0,327.58,3000.95,31.09,93312.65,5184.04,1.0003,15.0,43.0,41.0,0.0,38.0,38.0
730I,17,6.0,49.0,101.0,324.0,55.0,425.0,290.63,2457.08,19.84,48740.4,2707.8,0.819,10.0,39.0,37.0,0.0,40.21,40.21
730I,20,7.0,54.0,116.0,338.0,61.0,454.0,330.42,2692.55,21.91,58986.89,3277.05,0.8975,14.0,36.0,33.0,0.03,50.2,40.15
733A,1,7.0,53.0,43.0,203.0,60.0,246.0,323.23,1453.1,13.41,19479.7,1082.21,0.4844,5.0,27.0,23.0,0.0,45.96,45.96
733A,2,7.0,51.0,44.0,194.0,58.0,238.0,308.95,1394.2,13.31,18561.99,1031.22,0.4647,6.0,30.0,26.0,0.0,44.95,44.95
733A,3,7.0,59.0,47.0,213.0,66.0,260.0,366.73,1571.54,12.64,19857.37,1103.19,0.5238,5.0,27.0,23.0,0.0,45.72,45.72
733A,5,7.0,53.0,43.0,203.0,60.0,246.0,323.23,1453.1,13.41,19479.7,1082.21,0.4844,5.0,27.0,23.0,0.0,45.96,45.96
733A,6,7.0,53.0,43.0,203.0,60.0,246.0,323.23,1453.1,13.41,19479.7,1082.21,0.4844,5.0,27.0,23.0,0.0,45.96,45.96
733A,8,6.0,42.0,49.0,145.0,48.0,194.0,241.99,1083.48,10.36,11221.79,623.43,0.3612,9.0,20.0,16.0,0.0,49.16,49.16
733A,11,7.0,51.0,44.0,194.0,58.0,238.0,308.95,1394.2,13.31,18561.99,1031.22,0.4647,6.0,30.0,26.0,0.0,44.95,44.95
733A,15,7.0,60.0,49.0,207.0,67.0,256.0,374.06,1552.92,12.08,18751.49,1041.75,0.5176,6.0,30.0,26.0,0.0,44.63,44.63
733A,16,7.0,53.0,43.0,203.0,60.0,246.0,323.23,1453.1,13.41,19479.7,1082.21,0.4844,5.0,27.0,23.0,0.0,45.96,45.96
733A,17,7.0,52.0,45.0,197.0,59.0,242.0,316.07,1423.6,13.26,18876.38,1048.69,0.4745,6.0,30.0,26.0,0.0,44.89,44.89
733A,21,7.0,59.0,47.0,213.0,66.0,260.0,366.73,1571.54,12.64,19857.37,1103.19,0.5238,5.0,27.0,23.0,0.0,45.72,45.72
733A,23,6.0,44.0,37.0,149.0,50.0,186.0,255.72,1049.76,10.16,10664.58,592.48,0.3499,5.0,26.0,22.0,0.0,47.31,47.31
733A,24,7.0,53.0,43.0,203.0,60.0,246.0,323.23,1453.1,13.41,19479.7,1082.21,0.4844,5.0,27.0,23.0,0.0,45.96,45.96
733A,29,7.0,53.0,43.0,203.0,60.0,246.0,323.23,1453.1,13.41,19479.7,1082.21,0.4844,5.0,27.0,23.0,0.0,45.96,45.96
733A,32,7.0,59.0,49.0,207.0,66.0,256.0,366.73,1547.36,12.28,19001.12,1055.62,0.5158,6.0,30.0,26.0,0.0,44.64,44.64
740B,1,6.0,32.0,41.0,132.0,38.0,173.0,175.51,907.89,12.38,11235.16,624.18,0.3026,5.0,24.0,22.0,0.0,48.51,48.51
740B,2,6.0,32.0,45.0,129.0,38.0,174.0,175.51,913.14,12.09,11043.28,613.52,0.3044,5.0,20.0,18.0,0.0,50.22,50.22
740B,3,6.0,32.0,41.0,126.0,38.0,167.0,175.51,876.4,11.81,10352.52,575.14,0.2921,5.0,18.0,16.0,0.0,51.34,51.34
740B,5,6.0,32.0,41.0,132.0,38.0,173.0,175.51,907.89,12.38,11235.16,624.18,0.3026,5.0,24.0,22.0,0.0,48.51,48.51
740B,6,6.0,32.0,45.0,129.0,38.0,174.0,175.51,913.14,12.09,11043.28,613.52,0.3044,5.0,20.0,18.0,0.0,50.22,50.22
740B,8,6.0,32.0,45.0,129.0,38.0,174.0,175.51,913.14,12.09,11043.28,613.52,0.3044,5.0,20.0,18.0,0.0,50.22,50.22
740B,9,6.0,32.0,41.0,126.0,38.0,167.0,175.51,876.4,11.81,10352.52,575.14,0.2921,5.0,18.0,16.0,0.0,51.34,51.34
740B,10,6.0,32.0,41.0,132.0,38.0,173.0,175.51,907.89,12.38,11235.16,624.18,0.3026,5.0,24.0,22.0,0.0,48.51,48.51
740B,11,6.0,32.0,45.0,129.0,38.0,174.0,175.51,913.14,12.09,11043.28,613.52,0.3044,5.0,20.0,18.0,0.0,50.22,50.22
740B,12,6.0,32.0,41.0,128.0,38.0,169.0,175.51,886.9,12.0,10642.8,591.27,0.2956,5.0,20.0,18.0,0.0,50.31,50.31
740B,15,6.0,32.0,41.0,132.0,38.0,173.0,175.51,907.89,12.38,11235.16,624.18,0.3026,5.0,24.0,22.0,0.0,48.51,48.51
740B,16,6.0,32.0,41.0,132.0,38.0,173.0,175.51,907.89,12.38,11235.16,624.18,0.3026,5.0,24.0,22.0,0.0,48.51,48.51
740B,18,6.0,32.0,41.0,132.0,38.0,173.0,175.51,907.89,12.38,11235.16,624.18,0.3026,5.0,24.0,22.0,0.0,48.51,48.51
740B,19,6.0,32.0,41.0,132.0,38.0,173.0,175.51,907.89,12.38,11235.16,624.18,0.3026,5.0,24.0,22.0,0.0,48.51,48.51
740B,22,6.0,32.0,41.0,132.0,38.0,173.0,175.51,907.89,12.38,11235.16,624.18,0.3026,5.0,24.0,22.0,0.0,48.51,48.51
740B,23,6.0,32.0,41.0,132.0,38.0,173.0,175.51,907.89,12.38,11235.16,624.18,0.3026,5.0,24.0,22.0,0.0,48.51,48.51
740B,24,6.0,32.0,41.0,126.0,38.0,167.0,175.51,876.4,11.81,10352.52,575.14,0.2921,5.0,18.0,16.0,0.0,51.34,51.34
740B,25,6.0,32.0,41.0,126.0,38.0,167.0,175.51,876.4,11.81,10352.52,575.14,0.2921,5.0,18.0,16.0,0.0,51.34,51.34
740B,26,6.0,32.0,41.0,132.0,38.0,173.0,175.51,907.89,12.38,11235.16,624.18,0.3026,5.0,24.0,22.0,0.0,48.51,48.51
740B,27,6.0,32.0,41.0,132.0,38.0,173.0,175.51,907.89,12.38,11235.16,624.18,0.3026,5.0,24.0,22.0,0.0,48.51,48.51
740B,29,6.0,32.0,41.0,128.0,38.0,169.0,175.51,886.9,12.0,10642.8,591.27,0.2956,5.0,20.0,18.0,0.0,50.31,50.31
740B,30,6.0,32.0,41.0,126.0,38.0,167.0,175.51,876.4,11.81,10352.52,575.14,0.2921,5.0,18.0,16.0,0.0,51.34,51.34
740B,31,6.0,32.0,41.0,132.0,38.0,173.0,175.51,907.89,12.38,11235.16,624.18,0.3026,5.0,24.0,22.0,0.0,48.51,48.51
740D,1,9.0,53.0,64.0,263.0,62.0,327.0,332.11,1947.02,22.33,43477.37,2415.41,0.649,10.0,42.0,35.0,0.0,40.21,40.21
740D,2,9.0,65.0,77.0,360.0,74.0,437.0,419.98,2713.53,24.92,67629.54,3757.2,0.9045,13.0,57.0,50.0,0.0,35.91,35.91
740D,3,9.0,57.0,50.0,246.0,66.0,296.0,361.0,1789.14,19.42,34746.99,1930.39,0.5964,8.0,41.0,32.0,0.0,40.97,40.97
740D,4,9.0,54.0,66.0,270.0,63.0,336.0,339.29,2008.37,22.5,45188.24,2510.46,0.6695,10.0,42.0,35.0,0.0,40.12,40.12
740D,5,8.0,54.0,64.0,292.0,62.0,356.0,334.76,2119.69,21.63,45848.19,2547.12,0.7066,10.0,44.0,37.0,0.0,39.51,39.51
740D,6,8.0,53.0,49.0,222.0,61.0,271.0,327.58,1607.23,16.75,26928.68,1496.04,0.5357,7.0,36.0,29.0,0.0,42.66,42.66
740D,7,9.0,58.0,66.0,278.0,67.0,344.0,368.29,2086.73,21.57,45008.71,2500.48,0.6956,10.0,46.0,39.0,0.0,39.14,39.14
740D,8,8.0,53.0,49.0,222.0,61.0,271.0,327.58,1607.23,16.75,26928.68,1496.04,0.5357,7.0,36.0,29.0,0.0,42.66,42.66
740D,9,8.0,51.0,65.0,266.0,59.0,331.0,313.29,1947.15,20.86,40623.0,2256.83,0.6491,10.0,42.0,35.0,0.0,40.21,40.21
740D,10,8.0,55.0,63.0,280.0,63.0,343.0,341.97,2050.21,20.36,41749.67,2319.43,0.6834,10.0,45.0,38.0,0.0,39.4,39.4
740D,11,8.0,51.0,63.0,259.0,59.0,322.0,313.29,1894.21,20.31,38478.48,2137.69,0.6314,10.0,42.0,35.0,0.0,40.3,40.3
740D,12,9.0,57.0,53.0,260.0,66.0,313.0,361.0,1891.9,20.53,38833.64,2157.42,0.6306,8.0,43.0,34.0,0.0,40.35,40.35
740D,13,9.0,60.0,68.0,336.0,69.0,404.0,382.94,2467.84,25.2,62189.67,3454.98,0.8226,11.0,56.0,45.0,0.0,36.63,36.63
740D,14,8.0,48.0,48.0,196.0,56.0,244.0,292.08,1416.99,16.33,23144.25,1285.79,0.4723,7.0,33.0,26.0,0.0,43.87,43.87
740D,15,8.0,52.0,48.0,222.0,60.0,270.0,320.42,1594.86,17.08,27235.31,1513.07,0.5316,7.0,36.0,29.0,0.0,42.68,42.68
740D,16,9.0,56.0,48.0,243.0,65.0,291.0,353.74,1752.51,19.53,34220.87,1901.16,0.5842,8.0,40.0,31.0,0.0,41.26,41.26
740D,17,8.0,53.0,49.0,222.0,61.0,271.0,327.58,1607.23,16.75,26928.68,1496.04,0.5357,7.0,36.0,29.0,0.0,42.66,42.66
740D,18,8.0,53.0,48.0,220.0,61.0,268.0,327.58,1589.44,16.6,26390.66,1466.15,0.5298,7.0,34.0,27.0,0.0,43.24,43.24
740D,19,8.0,51.0,66.0,263.0,59.0,329.0,313.29,1935.39,20.63,39922.15,2217.9,0.6451,9.0,39.0,32.0,0.0,41.07,41.07
740D,20,8.0,58.0,53.0,258.0,66.0,311.0,363.76,1879.81,17.79,33447.59,1858.2,0.6266,8.0,42.0,33.0,0.0,40.59,40.59
740D,21,8.0,58.0,55.0,262.0,66.0,317.0,363.76,1916.07,18.07,34621.46,1923.41,0.6387,8.0,42.0,33.0,0.0,40.53,40.53
740D,22,8.0,58.0,53.0,258.0,66.0,311.0,363.76,1879.81,17.79,33447.59,1858.2,0.6266,8.0,42.0,33.0,0.0,40.59,40.59
740D,23,8.0,50.0,61.0,258.0,58.0,319.0,306.19,1868.7,20.64,38569.88,2142.77,0.6229,10.0,40.0,33.0,0.0,40.8,40.8
740D,24,8.0,51.0,46.0,217.0,59.0,263.0,313.29,1547.14,17.02,26331.63,1462.87,0.5157,7.0,33.0,26.0,0.0,43.6,43.6
740D,25,9.0,55.0,50.0,226.0,64.0,276.0,346.5,1656.0,18.49,30620.95,1701.16,0.552,7.0,36.0,29.0,0.0,42.57,42.57
740D,26,8.0,51.0,65.0,276.0,59.0,341.0,313.29,2005.98,21.65,43423.59,2412.42,0.6687,10.0,41.0,34.0,0.0,40.35,40.35
740D,27,9.0,57.0,51.0,244.0,66.0,295.0,361.0,1783.1,19.26,34348.06,1908.23,0.5944,8.0,41.0,32.0,0.0,40.98,40.98
740D,28,8.0,51.0,65.0,276.0,59.0,341.0,313.29,2005.98,21.65,43423.59,2412.42,0.6687,10.0,41.0,34.0,0.0,40.35,40.35
740D,29,8.0,51.0,46.0,217.0,59.0,263.0,313.29,1547.14,17.02,26331.63,1462.87,0.5157,7.0,33.0,26.0,0.0,43.6,43.6
740D,30,8.0,58.0,51.0,270.0,66.0,321.0,363.76,1940.25,18.62,36128.8,2007.16,0.6468,8.0,43.0,34.0,0.0,40.27,40.27
740D,31,8.0,50.0,61.0,258.0,58.0,319.0,306.19,1868.7,20.64,38569.88,2142.77,0.6229,10.0,40.0,33.0,0.0,40.8,40.8
740D,32,8.0,52.0,48.0,220.0,60.0,268.0,320.42,1583.05,16.92,26790.02,1488.33,0.5277,7.0,34.0,27.0,0.0,43.25,43.25
742C,1,7.0,44.0,96.0,298.0,51.0,394.0,259.87,2234.94,23.7,52978.13,2943.23,0.745,16.0,59.0,56.0,0.0,35.77,35.77
742C,2,6.0,44.0,79.0,271.0,50.0,350.0,255.72,1975.35,18.48,36499.07,2027.73,0.6584,13.0,60.0,55.0,0.0,36.39,36.39
742C,3,8.0,44.0,64.0,211.0,52.0,275.0,264.21,1567.62,19.18,30069.82,1670.55,0.5225,11.0,45.0,43.0,0.0,40.08,40.08
742C,4,8.0,43.0,85.0,261.0,51.0,346.0,257.33,1962.66,24.28,47651.54,2647.31,0.6542,13.0,50.0,48.0,0.0,38.13,38.13
742C,5,9.0,44.0,87.0,263.0,53.0,350.0,268.74,2004.77,26.9,53923.81,2995.77,0.6683,15.0,52.0,50.0,0.0,37.43,37.43
742C,6,9.0,43.0,76.0,226.0,52.0,302.0,261.86,1721.53,23.65,40716.25,2262.01,0.5738,12.0,42.0,40.0,0.0,40.32,40.32
742C,7,10.0,43.0,78.0,228.0,53.0,306.0,266.55,1752.74,26.51,46468.09,2581.56,0.5842,12.0,42.0,40.0,0.0,40.26,40.26
742C,8,7.0,42.0,73.0,231.0,49.0,304.0,246.13,1706.87,19.25,32857.28,1825.4,0.569,10.0,44.0,39.0,0.0,40.17,40.17
742C,9,7.0,41.0,88.0,269.0,48.0,357.0,239.31,1993.83,22.96,45785.18,2543.62,0.6646,14.0,52.0,49.0,0.0,37.58,37.58
742C,10,7.0,46.0,76.0,265.0,53.0,341.0,273.74,1953.22,20.16,39382.88,2187.94,0.6511,13.0,57.0,55.0,0.0,36.91,36.91
742C,11,9.0,44.0,87.0,263.0,53.0,350.0,268.74,2004.77,26.9,53923.81,2995.77,0.6683,15.0,52.0,50.0,0.0,37.43,37.43
742C,12,7.0,40.0,64.0,189.0,47.0,253.0,232.53,1405.31,16.54,23240.33,1291.13,0.4684,10.0,33.0,31.0,0.0,43.49,43.49
742C,13,6.0,42.0,60.0,188.0,48.0,248.0,241.99,1385.07,13.43,18599.52,1033.31,0.4617,9.0,36.0,34.0,0.0,42.84,42.84
742C,14,7.0,42.0,90.0,271.0,49.0,361.0,246.13,2026.91,22.58,45774.39,2543.02,0.6756,15.0,53.0,50.0,0.0,37.21,37.21
742C,15,10.0,42.0,75.0,221.0,52.0,296.0,259.7,1687.33,26.31,44392.85,2466.27,0.5624,12.0,40.0,38.0,0.0,40.84,40.84
742C,16,7.0,43.0,85.0,275.0,50.0,360.0,252.98,2031.79,22.38,45478.98,2526.61,0.6773,15.0,51.0,46.0,0.0,37.57,37.57
742C,17,7.0,41.0,59.0,175.0,48.0,234.0,239.31,1306.88,14.94,19523.53,1084.64,0.4356,9.0,34.0,32.0,0.0,43.56,43.56
742C,18,7.0,41.0,59.0,175.0,48.0,234.0,239.31,1306.88,14.94,19523.53,1084.64,0.4356,9.0,34.0,32.0,0.0,43.56,43.56
742C,19,7.0,41.0,84.0,259.0,48.0,343.0,239.31,1915.64,22.11,42354.38,2353.02,0.6385,13.0,51.0,48.0,0.0,38.02,38.02
742C,20,10.0,42.0,75.0,221.0,52.0,296.0,259.7,1687.33,26.31,44392.85,2466.27,0.5624,12.0,40.0,38.0,0.0,40.84,40.84
742C,21,7.0,43.0,72.0,236.0,50.0,308.0,252.98,1738.31,19.21,33391.68,1855.09,0.5794,10.0,54.0,49.0,0.0,38.18,38.18
742C,22,7.0,41.0,59.0,175.0,48.0,234.0,239.31,1306.88,14.94,19523.53,1084.64,0.4356,9.0,34.0,32.0,0.0,43.56,43.56
742C,23,7.0,41.0,59.0,175.0,48.0,234.0,239.31,1306.88,14.94,19523.53,1084.64,0.4356,9.0,34.0,32.0,0.0,43.56,43.56
742C,24,9.0,45.0,70.0,220.0,54.0,290.0,275.66,1668.92,22.0,36716.18,2039.79,0.5563,11.0,42.0,40.0,0.0,40.55,40.55
742C,25,8.0,43.0,88.0,250.0,51.0,338.0,257.33,1917.28,23.26,44587.9,2477.11,0.6391,13.0,51.0,46.0,0.0,38.02,38.02
742C,26,7.0,40.0,64.0,189.0,47.0,253.0,232.53,1405.31,16.54,23240.33,1291.13,0.4684,10.0,33.0,31.0,0.0,43.49,43.49
742C,27,9.0,44.0,71.0,221.0,53.0,292.0,268.74,1672.55,22.6,37803.49,2100.19,0.5575,12.0,41.0,39.0,0.0,40.63,40.63
742C,28,7.0,46.0,79.0,260.0,53.0,339.0,273.74,1941.77,19.78,38413.18,2134.07,0.6473,13.0,51.0,49.0,0.0,37.98,37.98
742C,29,7.0,40.0,83.0,261.0,47.0,344.0,232.53,1910.78,22.84,43637.41,2424.3,0.6369,13.0,51.0,48.0,0.0,38.03,38.03
742C,30,7.0,46.0,76.0,263.0,53.0,339.0,273.74,1941.77,20.01,38856.41,2158.69,0.6473,12.0,54.0,49.0,0.0,37.57,37.57
742C,31,8.0,48.0,79.0,275.0,56.0,354.0,292.08,2055.8,22.92,47112.17,2617.34,0.6853,15.0,55.0,53.0,0.0,36.82,36.82
742C,32,6.0,43.0,75.0,258.0,49.0,333.0,248.84,1869.7,18.0,33654.57,1869.7,0.6232,13.0,52.0,49.0,0.0,37.91,37.91
742B,1,6.0,34.0,36.0,97.0,40.0,133.0,188.48,707.82,8.56,6058.08,336.56,0.2359,5.0,16.0,14.0,0.0,53.11,53.11
742B,2,6.0,34.0,36.0,97.0,40.0,133.0,188.48,707.82,8.56,6058.08,336.56,0.2359,5.0,16.0,14.0,0.0,53.11,53.11
742B,3,6.0,34.0,36.0,99.0,40.0,135.0,188.48,718.46,8.74,6275.96,348.66,0.2395,5.0,16.0,14.0,0.0,53.06,53.06
742B,4,6.0,34.0,36.0,99.0,40.0,135.0,188.48,718.46,8.74,6275.96,348.66,0.2395,5.0,16.0,14.0,0.0,53.06,53.06
742B,5,6.0,34.0,36.0,97.0,40.0,133.0,188.48,707.82,8.56,6058.08,336.56,0.2359,5.0,16.0,14.0,0.0,53.11,53.11
742B,6,6.0,34.0,36.0,97.0,40.0,133.0,188.48,707.82,8.56,6058.08,336.56,0.2359,5.0,16.0,14.0,0.0,53.11,53.11
742B,7,6.0,34.0,36.0,97.0,40.0,133.0,188.48,707.82,8.56,6058.08,336.56,0.2359,5.0,16.0,14.0,0.0,53.11,53.11
742B,8,6.0,34.0,36.0,97.0,40.0,133.0,188.48,707.82,8.56,6058.08,336.56,0.2359,5.0,16.0,14.0,0.0,53.11,53.11
742B,9,6.0,34.0,36.0,97.0,40.0,133.0,188.48,707.82,8.56,6058.08,336.56,0.2359,5.0,16.0,14.0,0.0,53.11,53.11
742B,10,6.0,34.0,36.0,97.0,40.0,133.0,188.48,707.82,8.56,6058.08,336.56,0.2359,5.0,16.0,14.0,0.0,53.11,53.11
742B,11,6.0,34.0,36.0,97.0,40.0,133.0,188.48,707.82,8.56,6058.08,336.56,0.2359,5.0,16.0,14.0,0.0,53.11,53.11
742B,12,6.0,34.0,36.0,97.0,40.0,133.0,188.48,707.82,8.56,6058.08,336.56,0.2359,5.0,16.0,14.0,0.0,53.11,53.11
742B,13,6.0,34.0,36.0,97.0,40.0,133.0,188.48,707.82,8.56,6058.08,336.56,0.2359,5.0,16.0,14.0,0.0,53.11,53.11
742B,14,6.0,34.0,36.0,97.0,40.0,133.0,188.48,707.82,8.56,6058.08,336.56,0.2359,5.0,16.0,14.0,0.0,53.11,53.11
742B,15,6.0,34.0,36.0,99.0,40.0,135.0,188.48,718.46,8.74,6275.96,348.66,0.2395,5.0,16.0,14.0,0.0,53.06,53.06
742B,16,6.0,34.0,36.0,97.0,40.0,133.0,188.48,707.82,8.56,6058.08,336.56,0.2359,5.0,16.0,14.0,0.0,53.11,53.11
742B,17,6.0,34.0,36.0,97.0,40.0,133.0,188.48,707.82,8.56,6058.08,336.56,0.2359,5.0,16.0,14.0,0.0,53.11,53.11
742B,18,6.0,34.0,36.0,97.0,40.0,133.0,188.48,707.82,8.56,6058.08,336.56,0.2359,5.0,16.0,14.0,0.0,53.11,53.11
742B,19,6.0,34.0,36.0,97.0,40.0,133.0,188.48,707.82,8.56,6058.08,336.56,0.2359,5.0,16.0,14.0,0.0,53.11,53.11
742B,20,6.0,34.0,36.0,97.0,40.0,133.0,188.48,707.82,8.56,6058.08,336.56,0.2359,5.0,16.0,14.0,0.0,53.11,53.11
742B,21,6.0,34.0,36.0,97.0,40.0,133.0,188.48,707.82,8.56,6058.08,336.56,0.2359,5.0,16.0,14.0,0.0,53.11,53.11
742B,22,6.0,34.0,36.0,97.0,40.0,133.0,188.48,707.82,8.56,6058.08,336.56,0.2359,5.0,16.0,14.0,0.0,53.11,53.11
742B,23,6.0,34.0,36.0,99.0,40.0,135.0,188.48,718.46,8.74,6275.96,348.66,0.2395,5.0,16.0,14.0,0.0,53.06,53.06
742B,24,6.0,34.0,36.0,97.0,40.0,133.0,188.48,707.82,8.56,6058.08,336.56,0.2359,5.0,16.0,14.0,0.0,53.11,53.11
742B,25,6.0,34.0,36.0,97.0,40.0,133.0,188.48,707.82,8.56,6058.08,336.56,0.2359,5.0,16.0,14.0,0.0,53.11,53.11
742B,26,6.0,34.0,36.0,97.0,40.0,133.0,188.48,707.82,8.56,6058.08,336.56,0.2359,5.0,16.0,14.0,0.0,53.11,53.11
742B,27,6.0,34.0,36.0,97.0,40.0,133.0,188.48,707.82,8.56,6058.08,336.56,0.2359,5.0,16.0,14.0,0.0,53.11,53.11
742B,28,6.0,34.0,36.0,99.0,40.0,135.0,188.48,718.46,8.74,6275.96,348.66,0.2395,5.0,16.0,14.0,0.0,53.06,53.06
742B,29,6.0,34.0,36.0,97.0,40.0,133.0,188.48,707.82,8.56,6058.08,336.56,0.2359,5.0,16.0,14.0,0.0,53.11,53.11
742B,30,6.0,34.0,36.0,99.0,40.0,135.0,188.48,718.46,8.74,6275.96,348.66,0.2395,5.0,16.0,14.0,0.0,53.06,53.06
742B,31,6.0,34.0,36.0,97.0,40.0,133.0,188.48,707.82,8.56,6058.08,336.56,0.2359,5.0,16.0,14.0,0.0,53.11,53.11
742B,32,6.0,34.0,36.0,97.0,40.0,133.0,188.48,707.82,8.56,6058.08,336.56,0.2359,5.0,16.0,14.0,0.0,53.11,53.11
743C,1,4.0,21.0,19.0,37.0,25.0,56.0,100.24,260.06,3.52,916.39,50.91,0.0867,1.0,8.0,6.0,0.0,63.26,63.26
743C,3,6.0,22.0,26.0,51.0,28.0,77.0,113.62,370.17,6.95,2574.34,143.02,0.1234,2.0,12.0,10.0,0.0,58.21,58.21
743C,6,6.0,22.0,26.0,51.0,28.0,77.0,113.62,370.17,6.95,2574.34,143.02,0.1234,2.0,12.0,10.0,0.0,58.21,58.21
743C,8,4.0,21.0,19.0,37.0,25.0,56.0,100.24,260.06,3.52,916.39,50.91,0.0867,1.0,8.0,6.0,0.0,63.26,63.26
743C,13,6.0,22.0,26.0,51.0,28.0,77.0,113.62,370.17,6.95,2574.34,143.02,0.1234,2.0,12.0,10.0,0.0,58.21,58.21
743C,15,6.0,22.0,26.0,51.0,28.0,77.0,113.62,370.17,6.95,2574.34,143.02,0.1234,2.0,12.0,10.0,0.0,58.21,58.21
743C,16,6.0,22.0,26.0,51.0,28.0,77.0,113.62,370.17,6.95,2574.34,143.02,0.1234,2.0,12.0,10.0,0.0,58.21,58.21
743C,18,6.0,22.0,26.0,51.0,28.0,77.0,113.62,370.17,6.95,2574.34,143.02,0.1234,2.0,12.0,10.0,0.0,58.21,58.21
743C,21,6.0,22.0,26.0,51.0,28.0,77.0,113.62,370.17,6.95,2574.34,143.02,0.1234,2.0,12.0,10.0,0.0,58.21,58.21
743C,22,6.0,22.0,26.0,51.0,28.0,77.0,113.62,370.17,6.95,2574.34,143.02,0.1234,2.0,12.0,10.0,0.0,58.21,58.21
743C,23,6.0,22.0,26.0,51.0,28.0,77.0,113.62,370.17,6.95,2574.34,143.02,0.1234,2.0,12.0,10.0,0.0,58.21,58.21
743C,25,6.0,22.0,26.0,51.0,28.0,77.0,113.62,370.17,6.95,2574.34,143.02,0.1234,2.0,12.0,10.0,0.0,58.21,58.21
743C,26,4.0,21.0,19.0,37.0,25.0,56.0,100.24,260.06,3.52,916.39,50.91,0.0867,1.0,8.0,6.0,0.0,63.26,63.26
743C,27,6.0,22.0,26.0,51.0,28.0,77.0,113.62,370.17,6.95,2574.34,143.02,0.1234,2.0,12.0,10.0,0.0,58.21,58.21
743C,28,6.0,22.0,26.0,51.0,28.0,77.0,113.62,370.17,6.95,2574.34,143.02,0.1234,2.0,12.0,10.0,0.0,58.21,58.21
743C,30,6.0,22.0,26.0,51.0,28.0,77.0,113.62,370.17,6.95,2574.34,143.02,0.1234,2.0,12.0,10.0,0.0,58.21,58.21
743C,32,6.0,22.0,26.0,51.0,28.0,77.0,113.62,370.17,6.95,2574.34,143.02,0.1234,2.0,12.0,10.0,0.0,58.21,58.21
745B,1,12.0,62.0,142.0,421.0,74.0,563.0,412.18,3495.92,40.74,142430.64,7912.81,1.1653,33.0,60.0,52.0,0.0,31.96,31.96
745B,2,12.0,67.0,132.0,424.0,79.0,556.0,449.45,3504.9,37.97,133081.66,7393.43,1.1683,31.0,64.0,58.0,0.0,31.61,31.61
745B,3,12.0,62.0,132.0,438.0,74.0,570.0,412.18,3539.39,42.39,150024.4,8334.69,1.1798,32.0,66.0,60.0,0.0,31.15,31.15
745B,4,12.0,61.0,127.0,411.0,73.0,538.0,404.79,3330.13,40.43,134624.42,7479.13,1.11,29.0,60.0,54.0,0.0,32.65,32.65
745B,5,11.0,66.0,155.0,463.0,77.0,618.0,436.98,3872.87,38.58,149428.39,8301.58,1.291,36.0,75.0,69.0,0.0,29.13,29.13
745B,6,10.0,72.0,211.0,612.0,82.0,823.0,477.45,5232.27,42.5,222371.28,12353.96,1.7441,40.0,100.0,94.0,0.0,24.95,24.95
745B,7,10.0,68.0,151.0,513.0,78.0,664.0,447.17,4173.51,37.72,157427.14,8745.95,1.3912,27.0,82.0,76.0,0.0,29.27,29.27
745B,8,12.0,64.0,123.0,442.0,76.0,565.0,427.02,3530.08,41.44,146277.65,8126.54,1.1767,30.0,65.0,59.0,0.0,31.58,31.58
745B,9,12.0,62.0,142.0,413.0,74.0,555.0,412.18,3446.25,39.97,137738.7,7652.15,1.1487,32.0,57.0,51.0,0.0,32.62,32.62
745B,10,11.0,69.0,205.0,597.0,80.0,802.0,459.54,5070.19,47.59,241274.74,13404.15,1.6901,43.0,95.0,89.0,0.0,25.13,25.13
745B,11,10.0,58.0,112.0,371.0,68.0,483.0,372.98,2940.24,31.98,94037.13,5224.29,0.9801,26.0,56.0,50.0,0.0,34.08,34.08
745B,12,10.0,66.0,157.0,488.0,76.0,645.0,432.15,4029.91,36.97,148984.67,8276.93,1.3433,32.0,70.0,64.0,0.0,30.2,30.2
745B,13,10.0,71.0,181.0,633.0,81.0,814.0,469.85,5160.64,44.58,230048.15,12780.45,1.7202,41.0,102.0,96.0,0.0,24.67,24.67
745B,14,11.0,108.0,151.0,557.0,119.0,708.0,767.58,4881.53,28.37,138468.24,7692.68,1.6272,24.0,79.0,67.0,0.09,46.76,29.55
745B,15,12.0,67.0,140.0,454.0,79.0,594.0,449.45,3744.45,40.66,152236.87,8457.6,1.2481,33.0,66.0,60.0,0.0,30.85,30.85
745B,16,12.0,65.0,130.0,451.0,77.0,581.0,434.47,3641.0,41.63,151577.75,8420.99,1.2137,30.0,64.0,58.0,0.0,31.63,31.63
745B,17,12.0,64.0,152.0,461.0,76.0,613.0,427.02,3829.98,43.22,165526.93,9195.94,1.2767,35.0,70.0,64.0,0.0,29.95,29.95
745B,18,11.0,58.0,88.0,277.0,69.0,365.0,377.82,2229.61,26.27,58565.74,3253.65,0.7432,22.0,41.0,36.0,0.0,38.42,38.42
745B,19,13.0,63.0,153.0,519.0,76.0,672.0,424.67,4198.61,53.55,224825.42,12490.3,1.3995,35.0,75.0,69.0,0.0,29.02,29.02
745B,20,12.0,65.0,138.0,472.0,77.0,610.0,434.47,3822.74,43.57,166553.83,9252.99,1.2742,32.0,67.0,61.0,0.0,30.78,30.78
745B,21,10.0,72.0,189.0,604.0,82.0,793.0,477.45,5041.54,41.94,211464.54,11748.03,1.6805,41.0,101.0,95.0,0.0,24.84,24.84
745B,22,12.0,63.0,128.0,453.0,75.0,581.0,419.59,3618.94,43.14,156131.57,8673.98,1.2063,31.0,65.0,59.0,0.0,31.37,31.37
745B,23,10.0,72.0,209.0,611.0,82.0,820.0,477.45,5213.19,42.43,221198.66,12288.81,1.7377,41.0,98.0,92.0,0.0,25.02,25.02
745B,24,11.0,59.0,127.0,398.0,70.0,525.0,385.13,3217.87,37.1,119388.56,6632.7,1.0726,30.0,57.0,51.0,0.0,33.1,33.1
745B,25,12.0,65.0,123.0,432.0,77.0,555.0,434.47,3478.07,39.88,138694.59,7705.26,1.1594,29.0,66.0,60.0,0.0,31.61,31.61
745B,26,11.0,63.0,170.0,523.0,74.0,693.0,414.62,4303.15,45.66,196476.42,10915.36,1.4344,37.0,83.0,77.0,0.0,27.72,27.72
745B,27,10.0,60.0,164.0,509.0,70.0,673.0,387.63,4125.01,42.42,174969.07,9720.5,1.375,36.0,77.0,71.0,0.0,28.69,28.69
745B,28,10.0,62.0,133.0,445.0,72.0,578.0,402.38,3566.22,35.89,127981.16,7110.06,1.1887,31.0,68.0,62.0,0.0,30.98,30.98
745B,29,12.0,65.0,128.0,444.0,77.0,572.0,434.47,3584.6,40.98,146913.53,8161.86,1.1949,30.0,66.0,58.0,0.0,31.39,31.39
745B,30,10.0,58.0,92.0,357.0,68.0,449.0,372.98,2733.27,30.78,84118.77,4673.26,0.9111,24.0,53.0,47.0,0.0,35.09,35.09
745B,31,10.0,78.0,249.0,786.0,88.0,1035.0,523.48,6685.51,50.38,336846.94,18713.72,2.2285,51.0,127.0,121.0,0.0,20.46,20.46
745B,32,10.0,93.0,209.0,662.0,103.0,871.0,641.36,5823.94,35.59,207282.24,11515.68,1.9413,45.0,93.0,82.0,0.06,38.42,24.64
747C,1,6.0,45.0,54.0,168.0,51.0,222.0,262.64,1259.28,11.2,14103.92,783.55,0.4198,6.0,28.0,26.0,0.0,45.92,45.92
747C,2,6.0,58.0,65.0,240.0,64.0,305.0,355.27,1830.0,12.41,22717.24,1262.07,0.61,7.0,39.0,31.0,0.03,51.86,41.51
747C,3,6.0,59.0,59.0,182.0,65.0,241.0,362.59,1451.39,9.25,13431.51,746.2,0.4838,6.0,32.0,26.0,0.07,59.43,44.22
747C,4,7.0,62.0,68.0,254.0,69.0,322.0,388.81,1966.94,14.34,28203.45,1566.86,0.6556,7.0,41.0,33.0,0.03,50.87,40.81
747C,5,6.0,41.0,54.0,165.0,47.0,219.0,235.17,1216.45,12.07,14686.47,815.91,0.4055,7.0,30.0,28.0,0.0,45.23,45.23
747C,6,6.0,41.0,54.0,165.0,47.0,219.0,235.17,1216.45,12.07,14686.47,815.91,0.4055,7.0,30.0,28.0,0.0,45.23,45.23
747C,7,6.0,41.0,54.0,165.0,47.0,219.0,235.17,1216.45,12.07,14686.47,815.91,0.4055,7.0,30.0,28.0,0.0,45.23,45.23
747C,8,6.0,63.0,67.0,248.0,69.0,315.0,392.08,1924.19,11.81,22723.71,1262.43,0.6414,7.0,39.0,31.0,0.03,51.7,41.35
747C,9,6.0,45.0,58.0,181.0,51.0,239.0,262.64,1355.71,12.07,16358.9,908.83,0.4519,7.0,30.0,28.0,0.0,44.91,44.91
747C,10,6.0,50.0,59.0,182.0,56.0,241.0,297.7,1399.57,10.92,15283.33,849.07,0.4665,6.0,30.0,28.0,0.0,44.94,44.94
747C,11,6.0,63.0,67.0,248.0,69.0,315.0,392.08,1924.19,11.81,22723.71,1262.43,0.6414,7.0,39.0,31.0,0.03,51.7,41.35
747C,12,6.0,46.0,55.0,166.0,52.0,221.0,269.59,1259.8,10.83,13638.67,757.7,0.4199,6.0,30.0,28.0,0.0,45.26,45.26
747C,13,6.0,45.0,58.0,181.0,51.0,239.0,262.64,1355.71,12.07,16358.9,908.83,0.4519,7.0,30.0,28.0,0.0,44.91,44.91
747C,14,7.0,66.0,65.0,206.0,73.0,271.0,418.58,1677.44,10.92,18324.79,1018.04,0.5591,6.0,34.0,30.0,0.0,43.21,43.21
747C,15,6.0,45.0,51.0,160.0,51.0,211.0,262.64,1196.88,10.67,12766.74,709.26,0.399,6.0,30.0,28.0,0.0,45.42,45.42
747C,16,6.0,45.0,51.0,160.0,51.0,211.0,262.64,1196.88,10.67,12766.74,709.26,0.399,6.0,30.0,28.0,0.0,45.42,45.42
747C,17,6.0,44.0,54.0,181.0,50.0,235.0,255.72,1326.31,12.34,16367.82,909.32,0.4421,7.0,30.0,28.0,0.0,44.97,44.97
747C,18,6.0,41.0,54.0,165.0,47.0,219.0,235.17,1216.45,12.07,14686.47,815.91,0.4055,7.0,30.0,28.0,0.0,45.23,45.23
747C,19,7.0,52.0,68.0,275.0,59.0,343.0,316.07,2017.75,18.51,37347.71,2074.87,0.6726,8.0,46.0,37.0,0.0,39.51,39.51
747C,20,6.0,60.0,65.0,244.0,66.0,309.0,369.92,1867.72,12.2,22786.16,1265.9,0.6226,7.0,38.0,31.0,0.0,41.69,41.69
747C,21,8.0,52.0,63.0,224.0,60.0,287.0,320.42,1695.28,17.23,29210.94,1622.83,0.5651,8.0,35.0,33.0,0.0,42.63,42.63
747C,22,7.0,52.0,72.0,288.0,59.0,360.0,316.07,2117.75,19.38,41051.8,2280.66,0.7059,9.0,48.0,39.0,0.0,38.83,38.83
747C,23,6.0,58.0,65.0,238.0,64.0,303.0,355.27,1818.0,12.31,22380.21,1243.34,0.606,7.0,37.0,31.0,0.03,52.38,42.03
747C,24,6.0,58.0,65.0,240.0,64.0,305.0,355.27,1830.0,12.41,22717.24,1262.07,0.61,7.0,39.0,31.0,0.03,51.86,41.51
747C,25,6.0,43.0,54.0,178.0,49.0,232.0,248.84,1302.61,12.42,16176.63,898.7,0.4342,7.0,29.0,27.0,0.0,45.35,45.35
747C,26,7.0,45.0,55.0,172.0,52.0,227.0,266.78,1294.0,13.38,17310.84,961.71,0.4313,7.0,28.0,26.0,0.0,45.7,45.7
747C,27,6.0,58.0,65.0,238.0,64.0,303.0,355.27,1818.0,12.31,22380.21,1243.34,0.606,7.0,37.0,31.0,0.03,52.38,42.03
747C,28,7.0,52.0,72.0,288.0,59.0,360.0,316.07,2117.75,19.38,41051.8,2280.66,0.7059,9.0,48.0,39.0,0.0,38.83,38.83
747C,29,6.0,63.0,67.0,248.0,69.0,315.0,392.08,1924.19,11.81,22723.71,1262.43,0.6414,7.0,39.0,31.0,0.03,51.7,41.35
747C,30,6.0,47.0,70.0,275.0,53.0,345.0,276.58,1976.13,17.55,34687.43,1927.08,0.6587,9.0,46.0,37.0,0.0,39.44,39.44
747C,31,6.0,46.0,55.0,166.0,52.0,221.0,269.59,1259.8,10.83,13638.67,757.7,0.4199,6.0,30.0,28.0,0.0,45.26,45.26
747C,32,7.0,60.0,65.0,249.0,67.0,314.0,374.06,1904.75,14.53,27666.52,1537.03,0.6349,7.0,40.0,33.0,0.0,41.15,41.15
753A,1,5.0,31.0,28.0,81.0,36.0,109.0,165.19,563.52,6.53,3681.07,204.5,0.1878,3.0,21.0,18.0,0.0,51.49,51.49
753A,2,5.0,31.0,28.0,81.0,36.0,109.0,165.19,563.52,6.53,3681.07,204.5,0.1878,3.0,21.0,18.0,0.0,51.49,51.49
753A,3,5.0,31.0,28.0,81.0,36.0,109.0,165.19,563.52,6.53,3681.07,204.5,0.1878,3.0,21.0,18.0,0.0,51.49,51.49
753A,4,5.0,31.0,28.0,81.0,36.0,109.0,165.19,563.52,6.53,3681.07,204.5,0.1878,3.0,21.0,18.0,0.0,51.49,51.49
753A,5,5.0,31.0,28.0,81.0,36.0,109.0,165.19,563.52,6.53,3681.07,204.5,0.1878,3.0,21.0,18.0,0.0,51.49,51.49
753A,6,5.0,31.0,28.0,81.0,36.0,109.0,165.19,563.52,6.53,3681.07,204.5,0.1878,3.0,21.0,18.0,0.0,51.49,51.49
753A,7,5.0,31.0,28.0,81.0,36.0,109.0,165.19,563.52,6.53,3681.07,204.5,0.1878,3.0,21.0,18.0,0.0,51.49,51.49
753A,8,5.0,31.0,28.0,81.0,36.0,109.0,165.19,563.52,6.53,3681.07,204.5,0.1878,3.0,21.0,18.0,0.0,51.49,51.49
753A,9,5.0,31.0,28.0,81.0,36.0,109.0,165.19,563.52,6.53,3681.07,204.5,0.1878,3.0,21.0,18.0,0.0,51.49,51.49
753A,10,5.0,31.0,28.0,81.0,36.0,109.0,165.19,563.52,6.53,3681.07,204.5,0.1878,3.0,21.0,18.0,0.0,51.49,51.49
753A,11,5.0,31.0,28.0,81.0,36.0,109.0,165.19,563.52,6.53,3681.07,204.5,0.1878,3.0,21.0,18.0,0.0,51.49,51.49
753A,12,5.0,31.0,28.0,81.0,36.0,109.0,165.19,563.52,6.53,3681.07,204.5,0.1878,3.0,21.0,18.0,0.0,51.49,51.49
753A,13,5.0,31.0,28.0,81.0,36.0,109.0,165.19,563.52,6.53,3681.07,204.5,0.1878,3.0,21.0,18.0,0.0,51.49,51.49
753A,14,5.0,31.0,28.0,81.0,36.0,109.0,165.19,563.52,6.53,3681.07,204.5,0.1878,3.0,21.0,18.0,0.0,51.49,51.49
753A,15,5.0,31.0,28.0,81.0,36.0,109.0,165.19,563.52,6.53,3681.07,204.5,0.1878,3.0,21.0,18.0,0.0,51.49,51.49
753A,16,5.0,31.0,28.0,81.0,36.0,109.0,165.19,563.52,6.53,3681.07,204.5,0.1878,3.0,21.0,18.0,0.0,51.49,51.49
753A,17,5.0,31.0,28.0,81.0,36.0,109.0,165.19,563.52,6.53,3681.07,204.5,0.1878,3.0,21.0,18.0,0.0,51.49,51.49
753A,18,5.0,31.0,28.0,81.0,36.0,109.0,165.19,563.52,6.53,3681.07,204.5,0.1878,3.0,21.0,18.0,0.0,51.49,51.49
753A,19,5.0,31.0,28.0,81.0,36.0,109.0,165.19,563.52,6.53,3681.07,204.5,0.1878,3.0,21.0,18.0,0.0,51.49,51.49
753A,20,5.0,31.0,28.0,81.0,36.0,109.0,165.19,563.52,6.53,3681.07,204.5,0.1878,3.0,21.0,18.0,0.0,51.49,51.49
753A,21,5.0,31.0,28.0,81.0,36.0,109.0,165.19,563.52,6.53,3681.07,204.5,0.1878,3.0,21.0,18.0,0.0,51.49,51.49
753A,22,5.0,31.0,28.0,81.0,36.0,109.0,165.19,563.52,6.53,3681.07,204.5,0.1878,3.0,21.0,18.0,0.0,51.49,51.49
753A,23,5.0,31.0,28.0,81.0,36.0,109.0,165.19,563.52,6.53,3681.07,204.5,0.1878,3.0,21.0,18.0,0.0,51.49,51.49
753A,24,5.0,31.0,28.0,81.0,36.0,109.0,165.19,563.52,6.53,3681.07,204.5,0.1878,3.0,21.0,18.0,0.0,51.49,51.49
753A,25,5.0,31.0,28.0,81.0,36.0,109.0,165.19,563.52,6.53,3681.07,204.5,0.1878,3.0,21.0,18.0,0.0,51.49,51.49
753A,26,5.0,31.0,28.0,81.0,36.0,109.0,165.19,563.52,6.53,3681.07,204.5,0.1878,3.0,21.0,18.0,0.0,51.49,51.49
753A,27,5.0,31.0,28.0,81.0,36.0,109.0,165.19,563.52,6.53,3681.07,204.5,0.1878,3.0,21.0,18.0,0.0,51.49,51.49
753A,28,5.0,31.0,28.0,81.0,36.0,109.0,165.19,563.52,6.53,3681.07,204.5,0.1878,3.0,21.0,18.0,0.0,51.49,51.49
753A,29,5.0,31.0,28.0,81.0,36.0,109.0,165.19,563.52,6.53,3681.07,204.5,0.1878,3.0,21.0,18.0,0.0,51.49,51.49
753A,30,5.0,31.0,28.0,81.0,36.0,109.0,165.19,563.52,6.53,3681.07,204.5,0.1878,3.0,21.0,18.0,0.0,51.49,51.49
753A,31,5.0,31.0,28.0,81.0,36.0,109.0,165.19,563.52,6.53,3681.07,204.5,0.1878,3.0,21.0,18.0,0.0,51.49,51.49
753A,32,5.0,31.0,28.0,81.0,36.0,109.0,165.19,563.52,6.53,3681.07,204.5,0.1878,3.0,21.0,18.0,0.0,51.49,51.49
756A,4,8.0,124.0,82.0,426.0,132.0,508.0,886.32,3578.55,13.74,49176.23,2732.01,1.1929,10.0,48.0,31.0,0.26,62.42,37.1
756A,8,6.0,39.0,69.0,230.0,45.0,299.0,221.64,1642.06,17.69,29051.9,1613.99,0.5474,11.0,34.0,31.0,0.0,42.6,42.6
756A,10,9.0,106.0,73.0,335.0,115.0,408.0,741.69,2792.96,14.22,39720.63,2206.7,0.931,10.0,42.0,28.0,0.22,63.15,39.12
756A,11,7.0,38.0,66.0,227.0,45.0,293.0,219.07,1609.11,20.91,33643.16,1869.06,0.5364,12.0,37.0,31.0,0.0,41.72,41.72
756A,13,8.0,46.0,50.0,180.0,54.0,230.0,278.08,1323.62,15.65,20717.6,1150.98,0.4412,10.0,30.0,24.0,0.0,44.57,44.57
756A,14,7.0,39.0,57.0,195.0,46.0,252.0,225.78,1391.94,17.5,24358.91,1353.27,0.464,9.0,31.0,25.0,0.0,44.25,44.25
756A,15,7.0,150.0,139.0,704.0,157.0,843.0,1103.97,6149.37,16.43,101013.57,5611.87,2.0498,16.0,81.0,53.0,0.29,55.86,29.69
756A,20,7.0,38.0,64.0,224.0,45.0,288.0,219.07,1581.65,20.63,32632.01,1812.89,0.5272,11.0,35.0,29.0,0.0,42.44,42.44
756A,22,8.0,114.0,84.0,398.0,122.0,482.0,802.95,3340.62,13.96,46651.4,2591.74,1.1135,10.0,48.0,29.0,0.31,63.86,37.31
756A,25,7.0,38.0,55.0,180.0,45.0,235.0,219.07,1290.59,16.58,21396.55,1188.7,0.4302,7.0,22.0,19.0,0.0,47.99,47.99
756A,30,6.0,50.0,63.0,239.0,56.0,302.0,297.7,1753.82,14.34,25149.8,1397.21,0.5846,10.0,36.0,33.0,0.0,41.99,41.99
758C,1,11.0,79.0,161.0,411.0,90.0,572.0,536.05,3713.34,28.61,106253.23,5902.96,1.2378,17.0,75.0,67.0,0.08,48.0,31.82
758C,2,11.0,49.0,145.0,331.0,60.0,476.0,313.17,2811.68,37.15,104462.52,5803.47,0.9372,19.0,68.0,66.0,0.0,33.32,33.32
758C,3,10.0,54.0,127.0,319.0,64.0,446.0,343.98,2676.0,29.54,79041.11,4391.17,0.892,10.0,53.0,48.0,0.04,48.68,37.04
758C,4,11.0,60.0,114.0,283.0,71.0,397.0,392.47,2441.45,25.94,63335.27,3518.63,0.8138,11.0,63.0,54.0,0.11,54.24,35.55
758C,5,10.0,61.0,111.0,250.0,71.0,361.0,394.99,2220.06,20.49,45493.01,2527.39,0.74,10.0,39.0,33.0,0.11,58.74,40.52
758C,6,11.0,49.0,107.0,300.0,60.0,407.0,313.17,2404.1,33.67,80954.54,4497.47,0.8014,11.0,51.0,49.0,0.0,37.6,37.6
758C,7,9.0,76.0,140.0,385.0,85.0,525.0,503.37,3364.93,22.8,76707.13,4261.51,1.1216,11.0,72.0,65.0,0.06,47.14,33.31
758C,8,12.0,60.0,117.0,298.0,72.0,415.0,397.43,2560.52,29.8,76303.46,4239.08,0.8535,15.0,54.0,50.0,0.04,47.75,36.33
758C,9,10.0,53.0,115.0,267.0,63.0,382.0,336.8,2283.32,25.19,57513.84,3195.21,0.7611,12.0,39.0,33.0,0.11,58.39,40.16
758C,10,11.0,42.0,86.0,176.0,53.0,262.0,264.53,1500.72,23.05,34587.91,1921.55,0.5002,9.0,29.0,27.0,0.0,44.65,44.65
758C,11,11.0,64.0,119.0,324.0,75.0,443.0,422.05,2759.37,27.84,76831.12,4268.4,0.9198,16.0,65.0,61.0,0.03,44.64,34.21
758C,12,9.0,70.0,127.0,409.0,79.0,536.0,457.58,3378.83,26.29,88839.0,4935.5,1.1263,19.0,62.0,55.0,0.08,49.92,33.64
758C,13,10.0,60.0,154.0,350.0,70.0,504.0,387.63,3089.16,29.17,90100.46,5005.58,1.0297,14.0,55.0,49.0,0.08,51.3,35.72
758C,14,12.0,44.0,109.0,245.0,56.0,354.0,283.23,2055.8,33.41,68682.53,3815.7,0.6853,16.0,56.0,54.0,0.0,36.52,36.52
758C,15,10.0,70.0,138.0,331.0,80.0,469.0,462.27,2964.98,23.64,70100.7,3894.48,0.9883,15.0,58.0,51.0,0.09,51.99,35.2
758C,16,10.0,51.0,92.0,228.0,61.0,320.0,322.51,1897.84,22.35,42422.22,2356.79,0.6326,9.0,41.0,37.0,0.05,53.73,40.65
758C,17,10.0,67.0,149.0,386.0,77.0,535.0,439.65,3352.73,28.81,96578.66,5365.48,1.1176,16.0,59.0,53.0,0.07,49.62,34.53
758C,18,11.0,64.0,104.0,261.0,75.0,365.0,422.05,2273.52,22.43,50994.32,2833.02,0.7578,12.0,49.0,44.0,0.06,52.47,38.01
758C,19,10.0,67.0,97.0,286.0,77.0,383.0,439.65,2400.18,21.34,51227.71,2845.98,0.8001,9.0,43.0,40.0,0.02,48.68,39.49
758C,20,10.0,55.0,141.0,328.0,65.0,469.0,351.19,2824.49,29.82,84221.17,4678.95,0.9415,15.0,53.0,49.0,0.04,47.73,36.21
758C,21,10.0,75.0,119.0,314.0,85.0,433.0,500.38,2775.27,20.93,58095.57,3227.53,0.9251,11.0,58.0,49.0,0.12,55.3,35.94
758C,22,8.0,60.0,108.0,285.0,68.0,393.0,378.41,2392.37,19.0,45455.09,2525.28,0.7975,7.0,56.0,50.0,0.07,52.72,37.26
758C,23,10.0,63.0,120.0,269.0,73.0,389.0,409.79,2407.84,21.35,51405.51,2855.86,0.8026,12.0,40.0,33.0,0.13,59.53,39.76
758C,24,11.0,61.0,132.0,349.0,72.0,481.0,399.83,2967.73,31.47,93386.32,5188.13,0.9892,15.0,66.0,62.0,0.03,44.33,33.98
758C,25,10.0,44.0,125.0,281.0,54.0,406.0,273.43,2336.48,31.93,74608.19,4144.9,0.7788,16.0,45.0,43.0,0.0,38.2,38.2
758C,26,9.0,47.0,74.0,189.0,56.0,263.0,289.6,1527.33,18.1,27638.25,1535.46,0.5091,7.0,35.0,33.0,0.0,43.08,43.08
758C,27,10.0,69.0,131.0,333.0,79.0,464.0,454.71,2924.95,24.13,70580.42,3921.13,0.975,15.0,64.0,55.0,0.11,52.87,34.31
758C,28,11.0,44.0,123.0,315.0,55.0,438.0,278.27,2532.24,39.38,99706.77,5539.27,0.8441,15.0,64.0,62.0,0.0,34.75,34.75
758C,29,11.0,55.0,132.0,283.0,66.0,415.0,356.03,2508.42,28.3,70988.39,3943.8,0.8361,14.0,41.0,35.0,0.1,56.96,39.13
758C,30,10.0,55.0,99.0,232.0,65.0,331.0,351.19,1993.4,21.09,42042.7,2335.71,0.6645,8.0,39.0,34.0,0.06,54.68,41.11
758C,31,8.0,58.0,101.0,284.0,66.0,385.0,363.76,2327.09,19.59,45578.9,2532.16,0.7757,8.0,62.0,54.0,0.08,52.66,36.25
758C,32,11.0,79.0,169.0,428.0,90.0,597.0,536.05,3875.64,29.8,115484.15,6415.79,1.2919,21.0,82.0,74.0,0.07,45.85,30.3
762C,1,9.0,54.0,69.0,322.0,63.0,391.0,339.29,2337.12,26.83,62712.62,3484.03,0.779,15.0,41.0,39.0,0.0,39.21,39.21
762C,2,9.0,50.0,48.0,214.0,59.0,262.0,310.72,1541.25,19.26,29684.52,1649.14,0.5138,10.0,27.0,25.0,0.0,45.11,45.11
762C,3,9.0,56.0,65.0,319.0,65.0,384.0,353.74,2312.59,25.63,59280.75,3293.37,0.7709,13.0,40.0,38.0,0.0,39.75,39.75
762C,4,7.0,61.0,130.0,541.0,68.0,671.0,381.43,4084.69,31.04,126792.72,7044.04,1.3616,22.0,82.0,80.0,0.0,30.01,30.01
762C,5,9.0,54.0,64.0,294.0,63.0,358.0,339.29,2139.87,24.5,52426.72,2912.6,0.7133,11.0,38.0,36.0,0.0,40.74,40.74
762C,6,6.0,54.0,86.0,353.0,60.0,439.0,326.27,2593.12,19.61,50854.06,2825.23,0.8644,15.0,58.0,56.0,0.0,35.61,35.61
762C,7,8.0,62.0,99.0,410.0,70.0,509.0,393.16,3119.81,26.45,82523.88,4584.66,1.0399,19.0,76.0,74.0,0.0,31.95,31.95
762C,8,9.0,50.0,48.0,214.0,59.0,262.0,310.72,1541.25,19.26,29684.52,1649.14,0.5138,10.0,27.0,25.0,0.0,45.11,45.11
762C,9,9.0,48.0,73.0,270.0,57.0,343.0,296.61,2000.68,25.31,50642.24,2813.46,0.6669,14.0,44.0,42.0,0.0,39.15,39.15
762C,10,10.0,54.0,78.0,279.0,64.0,357.0,343.98,2142.0,25.83,55335.0,3074.17,0.714,16.0,37.0,35.0,0.0,40.32,40.32
762C,11,8.0,57.0,122.0,485.0,65.0,607.0,356.47,3655.58,34.04,124417.89,6912.11,1.2185,20.0,63.0,61.0,0.0,33.11,33.11
762C,12,9.0,54.0,98.0,390.0,63.0,488.0,339.29,2916.91,32.5,94799.66,5266.65,0.9723,18.0,41.0,39.0,0.0,38.14,38.14
762C,13,9.0,50.0,48.0,214.0,59.0,262.0,310.72,1541.25,19.26,29684.52,1649.14,0.5138,10.0,27.0,25.0,0.0,45.11,45.11
762C,14,9.0,60.0,59.0,338.0,69.0,397.0,382.94,2425.08,25.35,61475.88,3415.33,0.8084,14.0,44.0,42.0,0.0,38.57,38.57
762C,15,9.0,60.0,117.0,499.0,69.0,616.0,382.94,3762.85,37.42,140824.7,7823.59,1.2543,20.0,61.0,59.0,0.0,33.33,33.33
762C,16,7.0,56.0,104.0,441.0,63.0,545.0,344.86,3257.62,27.56,89788.08,4988.23,1.0859,17.0,65.0,63.0,0.0,33.57,33.57
762C,17,8.0,54.0,66.0,349.0,62.0,415.0,334.76,2470.99,25.85,63879.71,3548.87,0.8237,15.0,38.0,36.0,0.0,39.76,39.76
762C,18,8.0,60.0,139.0,500.0,68.0,639.0,378.41,3889.89,33.33,129662.96,7203.5,1.2966,27.0,67.0,65.0,0.0,31.4,31.4
762C,19,9.0,50.0,48.0,214.0,59.0,262.0,310.72,1541.25,19.26,29684.52,1649.14,0.5138,10.0,27.0,25.0,0.0,45.11,45.11
762C,20,9.0,58.0,115.0,443.0,67.0,558.0,368.29,3384.88,34.37,116340.58,6463.37,1.1283,21.0,67.0,65.0,0.0,32.63,32.63
762C,21,6.0,54.0,86.0,353.0,60.0,439.0,326.27,2593.12,19.61,50854.06,2825.23,0.8644,15.0,58.0,56.0,0.0,35.61,35.61
762C,22,9.0,56.0,65.0,321.0,65.0,386.0,353.74,2324.63,25.79,59963.1,3331.28,0.7749,13.0,41.0,39.0,0.0,39.5,39.5
762C,23,7.0,58.0,92.0,415.0,65.0,507.0,359.41,3053.34,25.04,76465.12,4248.06,1.0178,20.0,74.0,72.0,0.0,32.13,32.13
762C,24,8.0,52.0,58.0,249.0,60.0,307.0,320.42,1813.42,19.15,34733.88,1929.66,0.6045,13.0,43.0,41.0,0.0,39.8,39.8
762C,25,8.0,60.0,139.0,500.0,68.0,639.0,378.41,3889.89,33.33,129662.96,7203.5,1.2966,27.0,67.0,65.0,0.0,31.4,31.4
762C,26,9.0,54.0,73.0,268.0,63.0,341.0,339.29,2038.25,22.33,45520.97,2528.94,0.6794,13.0,38.0,36.0,0.0,40.62,40.62
762C,27,9.0,56.0,76.0,334.0,65.0,410.0,353.74,2469.17,26.84,66270.78,3681.71,0.8231,16.0,51.0,49.0,0.0,36.84,36.84
762C,28,7.0,57.0,84.0,369.0,64.0,453.0,352.13,2718.0,22.66,61584.16,3421.34,0.906,15.0,57.0,55.0,0.0,35.63,35.63
762C,29,9.0,47.0,73.0,234.0,56.0,307.0,289.6,1782.86,22.4,39943.6,2219.09,0.5943,15.0,37.0,35.0,0.0,41.01,41.01
762C,30,9.0,61.0,60.0,342.0,70.0,402.0,390.3,2463.97,25.23,62164.8,3453.6,0.8213,14.0,44.0,42.0,0.0,38.52,38.52
762C,31,8.0,57.0,59.0,249.0,65.0,308.0,356.47,1854.89,17.47,32411.75,1800.65,0.6183,12.0,39.0,37.0,0.0,40.79,40.79
762C,32,10.0,51.0,140.0,460.0,61.0,600.0,322.51,3558.44,45.1,160478.78,8915.49,1.1861,29.0,64.0,62.0,0.0,31.83,31.83
763C,1,8.0,47.0,55.0,193.0,55.0,248.0,285.07,1433.78,16.43,23550.55,1308.36,0.4779,8.0,29.0,24.0,0.0,44.92,44.92
763C,2,8.0,46.0,52.0,178.0,54.0,230.0,278.08,1323.62,15.48,20487.4,1138.19,0.4412,7.0,28.0,23.0,0.0,45.63,45.63
763C,3,8.0,47.0,55.0,193.0,55.0,248.0,285.07,1433.78,16.43,23550.55,1308.36,0.4779,8.0,29.0,24.0,0.0,44.92,44.92
763C,4,8.0,47.0,55.0,193.0,55.0,248.0,285.07,1433.78,16.43,23550.55,1308.36,0.4779,8.0,29.0,24.0,0.0,44.92,44.92
763C,5,8.0,49.0,74.0,264.0,57.0,338.0,299.12,1971.52,21.55,42488.2,2360.46,0.6572,10.0,38.0,33.0,0.0,41.12,41.12
763C,6,8.0,46.0,60.0,208.0,54.0,268.0,278.08,1542.31,18.09,27895.69,1549.76,0.5141,8.0,32.0,27.0,0.0,43.77,43.77
763C,7,8.0,47.0,55.0,204.0,55.0,259.0,285.07,1497.37,17.36,25996.93,1444.27,0.4991,8.0,30.0,25.0,0.0,44.47,44.47
763C,8,9.0,47.0,75.0,300.0,56.0,375.0,289.6,2177.76,28.72,62552.63,3475.15,0.7259,11.0,43.0,38.0,0.0,39.52,39.52
763C,9,8.0,47.0,66.0,225.0,55.0,291.0,285.07,1682.38,19.15,32215.7,1789.76,0.5608,9.0,33.0,28.0,0.0,43.08,43.08
763C,10,9.0,47.0,73.0,300.0,56.0,373.0,289.6,2166.14,28.72,62219.01,3456.61,0.722,10.0,41.0,36.0,0.0,40.12,40.12
763C,11,8.0,47.0,66.0,227.0,55.0,293.0,285.07,1693.94,19.32,32725.45,1818.08,0.5646,9.0,35.0,30.0,0.0,42.5,42.5
763C,12,8.0,47.0,59.0,220.0,55.0,279.0,285.07,1613.0,18.72,30200.84,1677.82,0.5377,9.0,33.0,28.0,0.0,43.2,43.2
763C,13,9.0,46.0,64.0,243.0,55.0,307.0,282.61,1774.88,23.77,42191.92,2344.0,0.5916,10.0,32.0,27.0,0.0,43.07,43.07
763C,14,8.0,47.0,76.0,256.0,55.0,332.0,285.07,1919.41,21.79,41818.67,2323.26,0.6398,10.0,37.0,32.0,0.0,41.46,41.46
763C,15,8.0,46.0,52.0,178.0,54.0,230.0,278.08,1323.62,15.48,20487.4,1138.19,0.4412,7.0,28.0,23.0,0.0,45.63,45.63
763C,16,8.0,47.0,55.0,193.0,55.0,248.0,285.07,1433.78,16.43,23550.55,1308.36,0.4779,8.0,29.0,24.0,0.0,44.92,44.92
763C,17,8.0,46.0,52.0,178.0,54.0,230.0,278.08,1323.62,15.48,20487.4,1138.19,0.4412,7.0,28.0,23.0,0.0,45.63,45.63
763C,18,8.0,48.0,53.0,189.0,56.0,242.0,292.08,1405.38,15.75,22134.73,1229.71,0.4685,7.0,29.0,24.0,0.0,45.12,45.12
763C,19,8.0,47.0,55.0,193.0,55.0,248.0,285.07,1433.78,16.43,23550.55,1308.36,0.4779,8.0,29.0,24.0,0.0,44.92,44.92
763C,20,8.0,47.0,55.0,193.0,55.0,248.0,285.07,1433.78,16.43,23550.55,1308.36,0.4779,8.0,29.0,24.0,0.0,44.92,44.92
763C,21,8.0,48.0,60.0,206.0,56.0,266.0,292.08,1544.76,17.17,26518.32,1473.24,0.5149,8.0,32.0,27.0,0.0,43.76,43.76
763C,22,8.0,47.0,76.0,256.0,55.0,332.0,285.07,1919.41,21.79,41818.67,2323.26,0.6398,10.0,37.0,32.0,0.0,41.46,41.46
763C,23,8.0,46.0,58.0,204.0,54.0,262.0,278.08,1507.78,17.74,26746.72,1485.93,0.5026,8.0,29.0,24.0,0.0,44.77,44.77
763C,24,8.0,47.0,66.0,225.0,55.0,291.0,285.07,1682.38,19.15,32215.7,1789.76,0.5608,9.0,33.0,28.0,0.0,43.08,43.08
763C,25,8.0,46.0,60.0,208.0,54.0,268.0,278.08,1542.31,18.09,27895.69,1549.76,0.5141,8.0,32.0,27.0,0.0,43.77,43.77
763C,26,8.0,47.0,55.0,201.0,55.0,256.0,285.07,1480.03,17.11,25317.93,1406.55,0.4933,8.0,31.0,26.0,0.0,44.19,44.19
763C,27,8.0,47.0,55.0,193.0,55.0,248.0,285.07,1433.78,16.43,23550.55,1308.36,0.4779,8.0,29.0,24.0,0.0,44.92,44.92
763C,28,8.0,47.0,66.0,227.0,55.0,293.0,285.07,1693.94,19.32,32725.45,1818.08,0.5646,9.0,35.0,30.0,0.0,42.5,42.5
763C,29,8.0,46.0,54.0,182.0,54.0,236.0,278.08,1358.15,15.83,21494.25,1194.13,0.4527,7.0,28.0,23.0,0.0,45.55,45.55
763C,30,8.0,46.0,58.0,204.0,54.0,262.0,278.08,1507.78,17.74,26746.72,1485.93,0.5026,8.0,29.0,24.0,0.0,44.77,44.77
763C,31,8.0,47.0,55.0,193.0,55.0,248.0,285.07,1433.78,16.43,23550.55,1308.36,0.4779,8.0,29.0,24.0,0.0,44.92,44.92
763C,32,8.0,49.0,59.0,235.0,57.0,294.0,299.12,1714.87,19.18,32897.5,1827.64,0.5716,10.0,36.0,31.0,0.0,42.06,42.06
10B,1,9.0,58.0,131.0,321.0,67.0,452.0,368.29,2741.87,24.91,68286.8,3793.71,0.914,18.0,53.0,49.0,0.0,35.89,35.89
10B,2,9.0,63.0,121.0,303.0,72.0,424.0,405.1,2616.05,21.64,56618.76,3145.49,0.872,18.0,54.0,51.0,0.0,35.86,35.86
10B,3,9.0,57.0,123.0,303.0,66.0,426.0,361.0,2574.91,23.92,61594.6,3421.92,0.8583,18.0,52.0,48.0,0.0,36.26,36.26
10B,4,9.0,59.0,126.0,321.0,68.0,447.0,375.61,2721.1,24.48,66620.73,3701.15,0.907,18.0,52.0,50.0,0.0,36.1,36.1
10B,5,9.0,55.0,119.0,283.0,64.0,402.0,346.5,2412.0,23.15,55848.76,3102.71,0.804,16.0,49.0,45.0,0.0,37.29,37.29
10B,6,9.0,57.0,118.0,309.0,66.0,427.0,361.0,2580.96,24.39,62961.75,3497.87,0.8603,14.0,54.0,50.0,0.0,36.44,36.44
10B,7,9.0,60.0,125.0,310.0,69.0,435.0,382.94,2657.21,23.25,61780.09,3432.23,0.8857,18.0,50.0,48.0,0.0,36.54,36.54
10B,8,9.0,55.0,115.0,277.0,64.0,392.0,346.5,2352.0,22.66,53304.87,2961.38,0.784,17.0,47.0,45.0,0.0,37.63,37.63
10B,9,9.0,57.0,134.0,333.0,66.0,467.0,361.0,2822.73,26.29,74208.14,4122.67,0.9409,19.0,59.0,55.0,0.0,34.65,34.65
10B,10,9.0,55.0,113.0,277.0,64.0,390.0,346.5,2340.0,22.66,53032.91,2946.27,0.78,17.0,44.0,42.0,0.0,38.27,38.27
10B,11,9.0,57.0,118.0,309.0,66.0,427.0,361.0,2580.96,24.39,62961.75,3497.87,0.8603,14.0,54.0,50.0,0.0,36.44,36.44
10B,12,9.0,59.0,127.0,324.0,68.0,451.0,375.61,2745.45,24.71,67845.08,3769.17,0.9151,18.0,54.0,52.0,0.0,35.71,35.71
10B,13,10.0,59.0,133.0,350.0,69.0,483.0,380.3,2950.42,29.66,87512.38,4861.8,0.9835,20.0,65.0,61.0,0.0,33.47,33.47
10B,14,9.0,57.0,123.0,310.0,66.0,433.0,361.0,2617.22,24.47,64053.08,3558.5,0.8724,17.0,59.0,55.0,0.0,35.15,35.15
10B,15,9.0,64.0,122.0,398.0,73.0,520.0,412.53,3218.71,27.98,90073.55,5004.09,1.0729,20.0,67.0,55.0,0.0,32.92,32.92
10B,16,9.0,54.0,119.0,314.0,63.0,433.0,339.29,2588.16,26.17,67723.58,3762.42,0.8627,17.0,51.0,49.0,0.0,36.57,36.57
10B,17,9.0,58.0,111.0,302.0,67.0,413.0,368.29,2505.29,23.43,58701.65,3261.2,0.8351,14.0,57.0,53.0,0.0,36.02,36.02
10B,18,9.0,55.0,113.0,277.0,64.0,390.0,346.5,2340.0,22.66,53032.91,2946.27,0.78,17.0,44.0,42.0,0.0,38.27,38.27
10B,19,9.0,63.0,121.0,332.0,72.0,453.0,405.1,2794.98,23.71,66280.86,3682.27,0.9317,15.0,60.0,56.0,0.0,35.06,35.06
10B,20,9.0,60.0,138.0,366.0,69.0,504.0,382.94,3078.7,27.45,84510.21,4695.01,1.0262,22.0,67.0,63.0,0.0,32.78,32.78
10B,21,9.0,62.0,123.0,320.0,71.0,443.0,397.69,2724.34,23.23,63274.95,3515.27,0.9081,16.0,44.0,42.0,0.0,37.94,37.94
10B,22,9.0,56.0,125.0,308.0,65.0,433.0,353.74,2607.69,24.75,64540.21,3585.57,0.8692,17.0,52.0,48.0,0.0,36.36,36.36
10B,23,9.0,59.0,126.0,307.0,68.0,433.0,375.61,2635.87,23.42,61719.6,3428.87,0.8786,17.0,49.0,47.0,0.0,36.89,36.89
10B,24,9.0,61.0,121.0,307.0,70.0,428.0,390.3,2623.33,22.65,59412.04,3300.67,0.8744,18.0,49.0,47.0,0.0,36.77,36.77
10B,25,9.0,56.0,119.0,298.0,65.0,417.0,353.74,2511.33,23.95,60137.32,3340.96,0.8371,16.0,53.0,49.0,0.0,36.43,36.43
10B,26,9.0,55.0,126.0,305.0,64.0,431.0,346.5,2586.0,24.95,64532.45,3585.14,0.862,17.0,47.0,43.0,0.0,37.34,37.34
10B,27,8.0,65.0,130.0,401.0,73.0,531.0,415.45,3286.8,24.68,81108.03,4506.0,1.0956,24.0,70.0,65.0,0.0,31.9,31.9
10B,28,9.0,59.0,126.0,321.0,68.0,447.0,375.61,2721.1,24.48,66620.73,3701.15,0.907,18.0,52.0,50.0,0.0,36.1,36.1
10B,29,9.0,56.0,120.0,284.0,65.0,404.0,353.74,2433.04,22.82,55525.37,3084.74,0.811,16.0,44.0,42.0,0.0,38.29,38.29
10B,30,9.0,59.0,126.0,321.0,68.0,447.0,375.61,2721.1,24.48,66620.73,3701.15,0.907,18.0,52.0,50.0,0.0,36.1,36.1
10B,31,9.0,59.0,126.0,321.0,68.0,447.0,375.61,2721.1,24.48,66620.73,3701.15,0.907,18.0,52.0,50.0,0.0,36.1,36.1
10B,32,11.0,67.0,144.0,420.0,78.0,564.0,444.48,3544.97,34.48,122221.99,6790.11,1.1817,28.0,75.0,68.0,0.0,30.48,30.48
10D,1,7.0,49.0,120.0,447.0,56.0,567.0,294.77,3292.77,31.93,105133.45,5840.75,1.0976,17.0,58.0,54.0,0.0,34.62,34.62
10D,2,7.0,49.0,135.0,537.0,56.0,672.0,294.77,3902.54,38.36,149690.38,8316.13,1.3008,22.0,69.0,65.0,0.0,31.78,31.78
10D,3,8.0,49.0,129.0,483.0,57.0,612.0,299.12,3569.73,39.43,140749.3,7819.41,1.1899,17.0,59.0,57.0,0.0,34.21,34.21
10D,4,7.0,48.0,121.0,464.0,55.0,585.0,287.73,3382.1,33.83,114427.56,6357.09,1.1274,17.0,63.0,59.0,0.0,33.75,33.75
10D,5,8.0,49.0,129.0,483.0,57.0,612.0,299.12,3569.73,39.43,140749.3,7819.41,1.1899,17.0,59.0,57.0,0.0,34.21,34.21
10D,6,9.0,49.0,134.0,528.0,58.0,662.0,303.65,3877.98,48.49,188042.62,10446.81,1.2927,21.0,65.0,63.0,0.0,32.5,32.5
10D,7,8.0,49.0,125.0,473.0,57.0,598.0,299.12,3488.07,38.61,134682.14,7482.34,1.1627,17.0,59.0,57.0,0.0,34.28,34.28
10D,8,7.0,48.0,121.0,464.0,55.0,585.0,287.73,3382.1,33.83,114427.56,6357.09,1.1274,17.0,63.0,59.0,0.0,33.75,33.75
10D,9,8.0,52.0,110.0,395.0,60.0,505.0,320.42,2982.98,30.38,90636.69,5035.37,0.9943,14.0,60.0,58.0,0.0,35.0,35.0
10D,10,7.0,48.0,134.0,501.0,55.0,635.0,287.73,3671.16,36.53,134112.19,7450.68,1.2237,17.0,60.0,58.0,0.0,33.96,33.96
10D,11,7.0,49.0,106.0,443.0,56.0,549.0,294.77,3188.24,31.64,100884.95,5604.72,1.0627,16.0,60.0,56.0,0.0,34.53,34.53
10D,12,8.0,48.0,124.0,448.0,56.0,572.0,292.08,3321.81,37.33,124014.13,6889.67,1.1073,18.0,55.0,53.0,0.0,34.96,34.96
10D,13,8.0,50.0,134.0,513.0,58.0,647.0,306.19,3790.11,41.04,155546.27,8641.46,1.2634,19.0,61.0,59.0,0.0,33.44,33.44
10D,14,7.0,47.0,120.0,454.0,54.0,574.0,280.72,3303.31,33.81,111679.84,6204.44,1.1011,14.0,54.0,52.0,0.0,35.69,35.69
10D,15,9.0,52.0,131.0,513.0,61.0,644.0,324.95,3819.39,44.39,169559.1,9419.95,1.2731,18.0,64.0,62.0,0.0,33.1,33.1
10D,16,7.0,48.0,125.0,478.0,55.0,603.0,287.73,3486.16,34.85,121507.2,6750.4,1.1621,17.0,61.0,59.0,0.0,33.96,33.96
10D,17,7.0,47.0,120.0,454.0,54.0,574.0,280.72,3303.31,33.81,111679.84,6204.44,1.1011,14.0,54.0,52.0,0.0,35.69,35.69
10D,18,8.0,50.0,129.0,493.0,58.0,622.0,306.19,3643.66,39.44,143706.12,7983.67,1.2146,16.0,53.0,51.0,0.0,35.3,35.3
10D,19,8.0,48.0,119.0,448.0,56.0,567.0,292.08,3292.77,37.33,122930.09,6829.45,1.0976,14.0,45.0,43.0,0.0,37.42,37.42
10D,20,7.0,48.0,134.0,501.0,55.0,635.0,287.73,3671.16,36.53,134112.19,7450.68,1.2237,17.0,60.0,58.0,0.0,33.96,33.96
10D,21,7.0,47.0,120.0,456.0,54.0,576.0,280.72,3314.82,33.96,112562.66,6253.48,1.1049,14.0,56.0,54.0,0.0,35.33,35.33
10D,22,7.0,48.0,121.0,464.0,55.0,585.0,287.73,3382.1,33.83,114427.56,6357.09,1.1274,17.0,60.0,56.0,0.0,34.21,34.21
10D,23,8.0,47.0,111.0,388.0,55.0,499.0,285.07,2884.9,33.02,95263.03,5292.39,0.9616,14.0,42.0,40.0,0.0,38.48,38.48
10D,24,8.0,52.0,110.0,395.0,60.0,505.0,320.42,2982.98,30.38,90636.69,5035.37,0.9943,14.0,60.0,58.0,0.0,35.0,35.0
10D,25,7.0,49.0,135.0,553.0,56.0,688.0,294.77,3995.46,39.5,157820.68,8767.82,1.3318,20.0,69.0,65.0,0.0,31.98,31.98
10D,26,7.0,49.0,117.0,440.0,56.0,557.0,294.77,3234.7,31.43,101661.9,5647.88,1.0782,17.0,60.0,56.0,0.0,34.35,34.35
10D,27,7.0,51.0,109.0,381.0,58.0,490.0,308.95,2870.41,26.15,75052.8,4169.6,0.9568,12.0,54.0,52.0,0.0,36.38,36.38
10D,28,7.0,47.0,120.0,454.0,54.0,574.0,280.72,3303.31,33.81,111679.84,6204.44,1.1011,14.0,54.0,52.0,0.0,35.69,35.69
10D,29,8.0,52.0,110.0,395.0,60.0,505.0,320.42,2982.98,30.38,90636.69,5035.37,0.9943,14.0,60.0,58.0,0.0,35.0,35.0
10D,30,6.0,49.0,106.0,439.0,55.0,545.0,290.63,3150.84,26.88,84686.89,4704.83,1.0503,16.0,56.0,52.0,0.0,35.22,35.22
10D,31,7.0,48.0,121.0,464.0,55.0,585.0,287.73,3382.1,33.83,114427.56,6357.09,1.1274,17.0,60.0,56.0,0.0,34.21,34.21
10D,32,7.0,48.0,134.0,501.0,55.0,635.0,287.73,3671.16,36.53,134112.19,7450.68,1.2237,17.0,60.0,58.0,0.0,33.96,33.96
104B,1,6.0,28.0,25.0,81.0,34.0,106.0,150.12,539.27,8.68,4680.1,260.01,0.1798,3.0,16.0,14.0,0.0,54.2,54.2
104B,2,6.0,28.0,25.0,81.0,34.0,106.0,150.12,539.27,8.68,4680.1,260.01,0.1798,3.0,16.0,14.0,0.0,54.2,54.2
104B,3,6.0,28.0,25.0,81.0,34.0,106.0,150.12,539.27,8.68,4680.1,260.01,0.1798,3.0,16.0,14.0,0.0,54.2,54.2
104B,4,6.0,28.0,25.0,81.0,34.0,106.0,150.12,539.27,8.68,4680.1,260.01,0.1798,3.0,16.0,14.0,0.0,54.2,54.2
104B,5,6.0,28.0,25.0,81.0,34.0,106.0,150.12,539.27,8.68,4680.1,260.01,0.1798,3.0,16.0,14.0,0.0,54.2,54.2
104B,6,6.0,28.0,25.0,81.0,34.0,106.0,150.12,539.27,8.68,4680.1,260.01,0.1798,3.0,16.0,14.0,0.0,54.2,54.2
104B,7,6.0,28.0,25.0,81.0,34.0,106.0,150.12,539.27,8.68,4680.1,260.01,0.1798,3.0,16.0,14.0,0.0,54.2,54.2
104B,8,6.0,28.0,25.0,81.0,34.0,106.0,150.12,539.27,8.68,4680.1,260.01,0.1798,3.0,16.0,14.0,0.0,54.2,54.2
104B,9,6.0,28.0,25.0,81.0,34.0,106.0,150.12,539.27,8.68,4680.1,260.01,0.1798,3.0,16.0,14.0,0.0,54.2,54.2
104B,10,6.0,28.0,25.0,81.0,34.0,106.0,150.12,539.27,8.68,4680.1,260.01,0.1798,3.0,16.0,14.0,0.0,54.2,54.2
104B,11,6.0,28.0,25.0,81.0,34.0,106.0,150.12,539.27,8.68,4680.1,260.01,0.1798,3.0,16.0,14.0,0.0,54.2,54.2
104B,12,6.0,28.0,25.0,81.0,34.0,106.0,150.12,539.27,8.68,4680.1,260.01,0.1798,3.0,16.0,14.0,0.0,54.2,54.2
104B,13,6.0,28.0,25.0,81.0,34.0,106.0,150.12,539.27,8.68,4680.1,260.01,0.1798,3.0,16.0,14.0,0.0,54.2,54.2
104B,14,6.0,28.0,25.0,81.0,34.0,106.0,150.12,539.27,8.68,4680.1,260.01,0.1798,3.0,16.0,14.0,0.0,54.2,54.2
104B,15,6.0,28.0,25.0,81.0,34.0,106.0,150.12,539.27,8.68,4680.1,260.01,0.1798,3.0,16.0,14.0,0.0,54.2,54.2
104B,16,6.0,28.0,25.0,81.0,34.0,106.0,150.12,539.27,8.68,4680.1,260.01,0.1798,3.0,16.0,14.0,0.0,54.2,54.2
104B,17,6.0,28.0,25.0,81.0,34.0,106.0,150.12,539.27,8.68,4680.1,260.01,0.1798,3.0,16.0,14.0,0.0,54.2,54.2
104B,18,6.0,28.0,25.0,81.0,34.0,106.0,150.12,539.27,8.68,4680.1,260.01,0.1798,3.0,16.0,14.0,0.0,54.2,54.2
104B,19,6.0,28.0,25.0,81.0,34.0,106.0,150.12,539.27,8.68,4680.1,260.01,0.1798,3.0,16.0,14.0,0.0,54.2,54.2
104B,20,6.0,28.0,25.0,81.0,34.0,106.0,150.12,539.27,8.68,4680.1,260.01,0.1798,3.0,16.0,14.0,0.0,54.2,54.2
104B,21,6.0,28.0,25.0,81.0,34.0,106.0,150.12,539.27,8.68,4680.1,260.01,0.1798,3.0,16.0,14.0,0.0,54.2,54.2
104B,22,6.0,28.0,25.0,81.0,34.0,106.0,150.12,539.27,8.68,4680.1,260.01,0.1798,3.0,16.0,14.0,0.0,54.2,54.2
104B,23,6.0,28.0,25.0,81.0,34.0,106.0,150.12,539.27,8.68,4680.1,260.01,0.1798,3.0,16.0,14.0,0.0,54.2,54.2
104B,24,6.0,28.0,25.0,81.0,34.0,106.0,150.12,539.27,8.68,4680.1,260.01,0.1798,3.0,16.0,14.0,0.0,54.2,54.2
104B,25,6.0,28.0,25.0,81.0,34.0,106.0,150.12,539.27,8.68,4680.1,260.01,0.1798,3.0,16.0,14.0,0.0,54.2,54.2
104B,26,6.0,28.0,25.0,81.0,34.0,106.0,150.12,539.27,8.68,4680.1,260.01,0.1798,3.0,16.0,14.0,0.0,54.2,54.2
104B,27,6.0,28.0,25.0,81.0,34.0,106.0,150.12,539.27,8.68,4680.1,260.01,0.1798,3.0,16.0,14.0,0.0,54.2,54.2
104B,28,6.0,28.0,25.0,81.0,34.0,106.0,150.12,539.27,8.68,4680.1,260.01,0.1798,3.0,16.0,14.0,0.0,54.2,54.2
104B,29,6.0,28.0,25.0,81.0,34.0,106.0,150.12,539.27,8.68,4680.1,260.01,0.1798,3.0,16.0,14.0,0.0,54.2,54.2
104B,30,6.0,28.0,25.0,81.0,34.0,106.0,150.12,539.27,8.68,4680.1,260.01,0.1798,3.0,16.0,14.0,0.0,54.2,54.2
104B,31,6.0,28.0,25.0,81.0,34.0,106.0,150.12,539.27,8.68,4680.1,260.01,0.1798,3.0,16.0,14.0,0.0,54.2,54.2
104B,32,6.0,28.0,25.0,81.0,34.0,106.0,150.12,539.27,8.68,4680.1,260.01,0.1798,3.0,16.0,14.0,0.0,54.2,54.2
105C,2,10.0,183.0,425.0,1664.0,193.0,2089.0,1408.59,15860.64,45.46,721095.89,40060.88,5.2869,49.0,258.0,196.0,0.17,33.22,11.39
105C,3,9.0,86.0,219.0,713.0,95.0,932.0,581.19,6123.11,37.31,228441.67,12691.2,2.041,23.0,110.0,86.0,0.05,39.35,25.86
105C,7,10.0,109.0,228.0,954.0,119.0,1182.0,770.95,8149.67,43.76,356641.72,19813.43,2.7166,31.0,135.0,103.0,0.13,41.47,21.97
105C,8,10.0,152.0,414.0,1334.0,162.0,1748.0,1134.9,12830.06,43.88,563003.19,31277.96,4.2767,54.0,195.0,150.0,0.13,33.56,14.02
105C,9,10.0,125.0,260.0,964.0,135.0,1224.0,903.94,8662.02,38.56,334007.58,18555.98,2.8873,28.0,156.0,120.0,0.11,39.26,20.82
105C,12,8.0,83.0,169.0,820.0,91.0,989.0,553.13,6436.21,39.52,254346.57,14130.36,2.1454,28.0,126.0,102.0,0.0,23.75,23.75
105C,13,8.0,109.0,363.0,1729.0,117.0,2092.0,761.73,14372.8,63.45,911947.76,50663.76,4.7909,51.0,226.0,192.0,0.05,25.54,12.68
105C,14,11.0,140.0,392.0,1401.0,151.0,1793.0,1036.15,12978.46,55.04,714325.15,39684.73,4.3262,60.0,212.0,174.0,0.09,29.15,12.38
105C,15,10.0,131.0,353.0,1485.0,141.0,1838.0,954.6,13122.5,56.68,743775.02,41320.83,4.3742,56.0,205.0,160.0,0.15,33.97,13.2
105C,16,8.0,148.0,239.0,1147.0,156.0,1386.0,1091.0,10097.57,31.0,313024.59,17390.26,3.3659,45.0,168.0,137.0,0.08,33.41,17.37
105C,17,10.0,109.0,338.0,1198.0,119.0,1536.0,770.95,10590.44,54.95,581988.4,32332.69,3.5301,49.0,225.0,186.0,0.08,30.24,13.92
105C,19,8.0,72.0,134.0,625.0,80.0,759.0,468.23,4798.34,34.72,166609.15,9256.06,1.5994,21.0,91.0,72.0,0.0,28.67,28.67
105C,24,8.0,77.0,87.0,446.0,85.0,533.0,506.54,3416.21,23.17,79149.49,4397.19,1.1387,16.0,81.0,53.0,0.09,48.01,31.47
105C,25,9.0,89.0,267.0,877.0,98.0,1144.0,604.87,7567.23,44.34,335551.3,18641.74,2.5224,35.0,131.0,107.0,0.08,37.73,21.95
105C,26,11.0,130.0,503.0,2408.0,141.0,2911.0,950.96,20783.23,101.88,2117331.93,117629.55,6.9277,110.0,258.0,227.0,0.07,17.02,2.37
105C,27,10.0,92.0,322.0,1072.0,102.0,1394.0,633.39,9301.36,58.26,541905.38,30105.85,3.1005,46.0,159.0,134.0,0.06,31.66,18.0
105C,29,10.0,210.0,405.0,1480.0,220.0,1885.0,1653.21,14667.86,35.24,516867.56,28714.86,4.8893,42.0,207.0,143.0,0.22,38.71,14.66
105C,32,11.0,164.0,283.0,950.0,175.0,1233.0,1244.69,9187.34,31.86,292706.52,16261.47,3.0624,35.0,139.0,96.0,0.19,43.4,20.79
108D,1,7.0,51.0,84.0,258.0,58.0,342.0,308.95,2003.43,17.71,35472.49,1970.69,0.6678,8.0,45.0,41.0,0.0,39.74,39.74
108D,2,7.0,44.0,79.0,219.0,51.0,298.0,259.87,1690.38,17.42,29447.24,1635.96,0.5635,7.0,39.0,35.0,0.0,41.75,41.75
108D,3,8.0,49.0,86.0,259.0,57.0,345.0,299.12,2012.35,21.14,42546.77,2363.71,0.6708,11.0,45.0,41.0,0.0,39.32,39.32
108D,4,7.0,66.0,92.0,299.0,73.0,391.0,418.58,2420.22,15.86,38375.18,2131.95,0.8067,11.0,38.0,31.0,0.09,57.07,40.37
108D,5,7.0,46.0,73.0,226.0,53.0,299.0,273.74,1712.65,17.2,29450.1,1636.12,0.5709,9.0,43.0,39.0,0.0,40.51,40.51
108D,6,7.0,74.0,123.0,372.0,81.0,495.0,479.15,3138.23,17.59,55215.81,3067.54,1.0461,12.0,64.0,56.0,0.07,49.24,34.5
108D,7,7.0,44.0,79.0,219.0,51.0,298.0,259.87,1690.38,17.42,29447.24,1635.96,0.5635,7.0,39.0,35.0,0.0,41.75,41.75
108D,8,8.0,46.0,98.0,312.0,54.0,410.0,278.08,2359.5,27.13,64014.37,3556.35,0.7865,15.0,52.0,48.0,0.0,36.93,36.93
108D,9,7.0,40.0,67.0,191.0,47.0,258.0,232.53,1433.08,16.71,23950.42,1330.58,0.4777,7.0,36.0,32.0,0.0,43.01,43.01
108D,10,9.0,65.0,84.0,272.0,74.0,356.0,419.98,2210.57,18.83,41626.65,2312.59,0.7369,11.0,48.0,43.0,0.07,53.02,38.43
108D,11,7.0,59.0,85.0,243.0,66.0,328.0,366.73,1982.56,14.42,28579.12,1587.73,0.6609,7.0,41.0,35.0,0.05,54.18,40.79
108D,12,7.0,40.0,67.0,195.0,47.0,262.0,232.53,1455.3,17.06,24831.1,1379.51,0.4851,7.0,37.0,33.0,0.0,42.7,42.7
108D,13,7.0,76.0,85.0,285.0,83.0,370.0,494.49,2358.76,13.12,30958.79,1719.93,0.7863,10.0,45.0,37.0,0.1,56.42,38.98
108D,14,7.0,43.0,71.0,200.0,50.0,271.0,252.98,1529.49,16.28,24898.59,1383.26,0.5098,7.0,37.0,33.0,0.0,42.55,42.55
108D,15,7.0,41.0,70.0,201.0,48.0,271.0,239.31,1513.52,17.16,25969.87,1442.77,0.5045,7.0,39.0,35.0,0.0,42.08,42.08
108D,16,9.0,57.0,79.0,216.0,66.0,295.0,361.0,1783.1,17.05,30406.48,1689.25,0.5944,9.0,34.0,28.0,0.07,57.36,42.62
108D,17,7.0,43.0,68.0,192.0,50.0,260.0,252.98,1467.4,15.63,22932.43,1274.02,0.4891,7.0,34.0,32.0,0.0,43.48,43.48
108D,18,7.0,47.0,78.0,222.0,54.0,300.0,280.72,1726.47,16.53,28541.79,1585.66,0.5755,7.0,41.0,37.0,0.0,41.21,41.21
108D,19,9.0,68.0,96.0,285.0,77.0,381.0,442.48,2387.65,18.86,45031.7,2501.76,0.7959,9.0,48.0,41.0,0.07,53.36,38.46
108D,20,8.0,62.0,85.0,279.0,70.0,364.0,393.16,2231.06,18.0,40159.06,2231.06,0.7437,11.0,42.0,36.0,0.05,52.89,39.66
108D,21,7.0,45.0,72.0,196.0,52.0,268.0,266.78,1527.72,15.24,23289.21,1293.84,0.5092,8.0,33.0,29.0,0.0,43.5,43.5
108D,22,8.0,59.0,84.0,262.0,67.0,346.0,371.08,2098.87,17.76,37281.57,2071.2,0.6996,11.0,41.0,35.0,0.05,53.47,40.08
108D,23,7.0,40.0,67.0,195.0,47.0,262.0,232.53,1455.3,17.06,24831.1,1379.51,0.4851,7.0,37.0,33.0,0.0,42.7,42.7
108D,24,7.0,43.0,67.0,183.0,50.0,250.0,252.98,1410.96,14.9,21016.8,1167.6,0.4703,7.0,33.0,31.0,0.0,43.88,43.88
108D,25,9.0,60.0,83.0,239.0,69.0,322.0,382.94,1966.94,17.93,35257.49,1958.75,0.6556,9.0,38.0,33.0,0.08,57.55,41.26
108D,26,7.0,45.0,75.0,217.0,52.0,292.0,266.78,1664.53,16.88,28093.54,1560.75,0.5548,7.0,39.0,35.0,0.0,41.8,41.8
108D,27,8.0,57.0,85.0,263.0,65.0,348.0,356.47,2095.78,18.46,38680.08,2148.89,0.6986,11.0,41.0,35.0,0.05,53.48,40.08
108D,28,7.0,46.0,73.0,211.0,53.0,284.0,273.74,1626.73,16.05,26116.08,1450.89,0.5422,9.0,36.0,32.0,0.0,42.35,42.35
108D,29,8.0,68.0,89.0,281.0,76.0,370.0,437.95,2311.73,16.53,38211.59,2122.87,0.7706,11.0,37.0,30.0,0.09,57.68,40.76
108D,30,8.0,45.0,77.0,224.0,53.0,301.0,271.13,1724.1,19.91,34328.83,1907.16,0.5747,9.0,37.0,35.0,0.0,41.92,41.92
108D,31,8.0,60.0,84.0,277.0,68.0,361.0,378.41,2197.57,18.47,40581.87,2254.55,0.7325,11.0,44.0,38.0,0.05,52.19,39.27
108D,32,8.0,57.0,85.0,269.0,65.0,354.0,356.47,2131.92,18.88,40244.63,2235.81,0.7106,11.0,42.0,36.0,0.05,53.03,39.8
116A,1,5.0,27.0,26.0,80.0,32.0,106.0,139.99,530.0,7.41,3925.93,218.11,0.1767,4.0,20.0,18.0,0.0,52.01,52.01
116A,2,5.0,27.0,26.0,80.0,32.0,106.0,139.99,530.0,7.41,3925.93,218.11,0.1767,4.0,20.0,18.0,0.0,52.01,52.01
116A,3,5.0,27.0,26.0,80.0,32.0,106.0,139.99,530.0,7.41,3925.93,218.11,0.1767,4.0,20.0,18.0,0.0,52.01,52.01
116A,4,5.0,28.0,25.0,78.0,33.0,103.0,146.22,519.57,6.96,3618.45,201.03,0.1732,3.0,18.0,16.0,0.0,53.2,53.2
116A,5,5.0,27.0,26.0,80.0,32.0,106.0,139.99,530.0,7.41,3925.93,218.11,0.1767,4.0,20.0,18.0,0.0,52.01,52.01
116A,6,5.0,28.0,25.0,78.0,33.0,103.0,146.22,519.57,6.96,3618.45,201.03,0.1732,3.0,18.0,16.0,0.0,53.2,53.2
116A,7,5.0,28.0,25.0,78.0,33.0,103.0,146.22,519.57,6.96,3618.45,201.03,0.1732,3.0,18.0,16.0,0.0,53.2,53.2
116A,8,5.0,28.0,25.0,78.0,33.0,103.0,146.22,519.57,6.96,3618.45,201.03,0.1732,3.0,18.0,16.0,0.0,53.2,53.2
116A,9,5.0,28.0,25.0,78.0,33.0,103.0,146.22,519.57,6.96,3618.45,201.03,0.1732,3.0,18.0,16.0,0.0,53.2,53.2
116A,10,5.0,27.0,26.0,80.0,32.0,106.0,139.99,530.0,7.41,3925.93,218.11,0.1767,4.0,20.0,18.0,0.0,52.01,52.01
116A,11,5.0,27.0,26.0,80.0,32.0,106.0,139.99,530.0,7.41,3925.93,218.11,0.1767,4.0,20.0,18.0,0.0,52.01,52.01
116A,12,5.0,27.0,26.0,80.0,32.0,106.0,139.99,530.0,7.41,3925.93,218.11,0.1767,4.0,20.0,18.0,0.0,52.01,52.01
116A,13,5.0,27.0,26.0,80.0,32.0,106.0,139.99,530.0,7.41,3925.93,218.11,0.1767,4.0,20.0,18.0,0.0,52.01,52.01
116A,14,5.0,28.0,25.0,78.0,33.0,103.0,146.22,519.57,6.96,3618.45,201.03,0.1732,3.0,18.0,16.0,0.0,53.2,53.2
116A,15,5.0,27.0,26.0,80.0,32.0,106.0,139.99,530.0,7.41,3925.93,218.11,0.1767,4.0,20.0,18.0,0.0,52.01,52.01
116A,16,5.0,27.0,26.0,80.0,32.0,106.0,139.99,530.0,7.41,3925.93,218.11,0.1767,4.0,20.0,18.0,0.0,52.01,52.01
116A,17,5.0,28.0,25.0,78.0,33.0,103.0,146.22,519.57,6.96,3618.45,201.03,0.1732,3.0,18.0,16.0,0.0,53.2,53.2
116A,18,5.0,27.0,26.0,80.0,32.0,106.0,139.99,530.0,7.41,3925.93,218.11,0.1767,4.0,20.0,18.0,0.0,52.01,52.01
116A,19,5.0,27.0,26.0,80.0,32.0,106.0,139.99,530.0,7.41,3925.93,218.11,0.1767,4.0,20.0,18.0,0.0,52.01,52.01
116A,20,5.0,27.0,26.0,80.0,32.0,106.0,139.99,530.0,7.41,3925.93,218.11,0.1767,4.0,20.0,18.0,0.0,52.01,52.01
116A,21,5.0,28.0,25.0,78.0,33.0,103.0,146.22,519.57,6.96,3618.45,201.03,0.1732,3.0,18.0,16.0,0.0,53.2,53.2
116A,22,5.0,28.0,25.0,78.0,33.0,103.0,146.22,519.57,6.96,3618.45,201.03,0.1732,3.0,18.0,16.0,0.0,53.2,53.2
116A,23,5.0,27.0,26.0,80.0,32.0,106.0,139.99,530.0,7.41,3925.93,218.11,0.1767,4.0,20.0,18.0,0.0,52.01,52.01
116A,24,5.0,27.0,26.0,80.0,32.0,106.0,139.99,530.0,7.41,3925.93,218.11,0.1767,4.0,20.0,18.0,0.0,52.01,52.01
116A,25,5.0,28.0,25.0,78.0,33.0,103.0,146.22,519.57,6.96,3618.45,201.03,0.1732,3.0,18.0,16.0,0.0,53.2,53.2
116A,26,5.0,27.0,26.0,80.0,32.0,106.0,139.99,530.0,7.41,3925.93,218.11,0.1767,4.0,20.0,18.0,0.0,52.01,52.01
116A,27,5.0,27.0,26.0,80.0,32.0,106.0,139.99,530.0,7.41,3925.93,218.11,0.1767,4.0,20.0,18.0,0.0,52.01,52.01
116A,28,5.0,28.0,25.0,78.0,33.0,103.0,146.22,519.57,6.96,3618.45,201.03,0.1732,3.0,18.0,16.0,0.0,53.2,53.2
116A,29,5.0,27.0,26.0,80.0,32.0,106.0,139.99,530.0,7.41,3925.93,218.11,0.1767,4.0,20.0,18.0,0.0,52.01,52.01
116A,30,5.0,27.0,26.0,80.0,32.0,106.0,139.99,530.0,7.41,3925.93,218.11,0.1767,4.0,20.0,18.0,0.0,52.01,52.01
116A,31,5.0,27.0,26.0,80.0,32.0,106.0,139.99,530.0,7.41,3925.93,218.11,0.1767,4.0,20.0,18.0,0.0,52.01,52.01
116A,32,5.0,27.0,26.0,80.0,32.0,106.0,139.99,530.0,7.41,3925.93,218.11,0.1767,4.0,20.0,18.0,0.0,52.01,52.01
116B,1,9.0,64.0,84.0,334.0,73.0,418.0,412.53,2587.35,23.48,60762.22,3375.68,0.8624,14.0,44.0,42.0,0.0,38.37,38.37
116B,2,9.0,63.0,92.0,263.0,72.0,355.0,405.1,2190.32,18.79,41146.79,2285.93,0.7301,17.0,39.0,35.0,0.05,53.01,39.62
116B,3,9.0,59.0,79.0,271.0,68.0,350.0,375.61,2130.61,20.67,44038.67,2446.59,0.7102,14.0,38.0,35.0,0.03,50.13,40.35
116B,4,9.0,56.0,80.0,269.0,65.0,349.0,353.74,2101.81,21.62,45432.8,2524.04,0.7006,14.0,38.0,36.0,0.0,40.39,40.39
116B,5,9.0,65.0,86.0,350.0,74.0,436.0,419.98,2707.32,24.23,65600.49,3644.47,0.9024,15.0,44.0,42.0,0.0,38.1,38.1
116B,6,9.0,54.0,77.0,266.0,63.0,343.0,339.29,2050.21,22.17,45446.26,2524.79,0.6834,14.0,37.0,35.0,0.0,40.72,40.72
116B,7,8.0,54.0,85.0,325.0,62.0,410.0,334.76,2441.22,24.07,58770.12,3265.01,0.8137,16.0,43.0,41.0,0.0,38.5,38.5
116B,8,8.0,49.0,77.0,232.0,57.0,309.0,299.12,1802.36,18.94,34134.55,1896.36,0.6008,12.0,31.0,29.0,0.0,43.06,43.06
116B,9,9.0,62.0,127.0,376.0,71.0,503.0,397.69,3093.32,27.29,84417.78,4689.88,1.0311,26.0,45.0,43.0,0.0,36.0,36.0
116B,10,9.0,61.0,93.0,368.0,70.0,461.0,390.3,2825.6,27.15,76708.08,4261.56,0.9419,15.0,45.0,43.0,0.0,37.75,37.75
116B,11,9.0,53.0,76.0,270.0,62.0,346.0,332.11,2060.15,22.92,47228.01,2623.78,0.6867,14.0,35.0,33.0,0.0,41.23,41.23
116B,12,8.0,49.0,77.0,232.0,57.0,309.0,299.12,1802.36,18.94,34134.55,1896.36,0.6008,12.0,31.0,29.0,0.0,43.06,43.06
116B,13,9.0,56.0,80.0,269.0,65.0,349.0,353.74,2101.81,21.62,45432.8,2524.04,0.7006,14.0,38.0,36.0,0.0,40.39,40.39
116B,14,8.0,49.0,77.0,232.0,57.0,309.0,299.12,1802.36,18.94,34134.55,1896.36,0.6008,12.0,31.0,29.0,0.0,43.06,43.06
116B,15,8.0,49.0,77.0,234.0,57.0,311.0,299.12,1814.03,19.1,34651.65,1925.09,0.6047,12.0,32.0,30.0,0.0,42.74,42.74
116B,16,9.0,61.0,84.0,340.0,70.0,424.0,390.3,2598.82,25.08,65183.42,3621.3,0.8663,15.0,46.0,44.0,0.0,37.8,37.8
116B,17,9.0,57.0,86.0,298.0,66.0,384.0,361.0,2321.05,23.53,54605.69,3033.65,0.7737,15.0,41.0,39.0,0.0,39.23,39.23
116B,18,8.0,58.0,79.0,272.0,66.0,351.0,363.76,2121.58,18.76,39797.96,2211.0,0.7072,13.0,38.0,35.0,0.03,50.28,40.5
116B,19,9.0,54.0,77.0,266.0,63.0,343.0,339.29,2050.21,22.17,45446.26,2524.79,0.6834,14.0,37.0,35.0,0.0,40.72,40.72
116B,20,9.0,53.0,78.0,265.0,62.0,343.0,332.11,2042.29,22.5,45951.51,2552.86,0.6808,14.0,33.0,31.0,0.0,41.81,41.81
116B,21,9.0,56.0,80.0,269.0,65.0,349.0,353.74,2101.81,21.62,45432.8,2524.04,0.7006,14.0,38.0,36.0,0.0,40.39,40.39
116B,22,8.0,54.0,84.0,313.0,62.0,397.0,334.76,2363.82,23.19,54805.51,3044.75,0.7879,15.0,41.0,39.0,0.0,39.18,39.18
116B,23,9.0,59.0,79.0,295.0,68.0,374.0,375.61,2276.71,22.5,51226.0,2845.89,0.7589,15.0,40.0,37.0,0.03,49.06,39.53
116B,24,8.0,49.0,77.0,232.0,57.0,309.0,299.12,1802.36,18.94,34134.55,1896.36,0.6008,12.0,31.0,29.0,0.0,43.06,43.06
116B,25,9.0,54.0,78.0,280.0,63.0,358.0,339.29,2139.87,23.33,49930.21,2773.9,0.7133,15.0,41.0,39.0,0.0,39.48,39.48
116B,26,9.0,62.0,127.0,376.0,71.0,503.0,397.69,3093.32,27.29,84417.78,4689.88,1.0311,26.0,45.0,43.0,0.0,36.0,36.0
116B,27,9.0,60.0,82.0,304.0,69.0,386.0,382.94,2357.89,22.8,53759.9,2986.66,0.786,15.0,43.0,40.0,0.02,47.92,38.74
116B,28,9.0,65.0,86.0,350.0,74.0,436.0,419.98,2707.32,24.23,65600.49,3644.47,0.9024,15.0,45.0,43.0,0.0,37.88,37.88
116B,29,9.0,62.0,83.0,322.0,71.0,405.0,397.69,2490.65,23.37,58208.84,3233.82,0.8302,15.0,44.0,42.0,0.0,38.35,38.35
116B,30,9.0,61.0,84.0,323.0,70.0,407.0,390.3,2494.62,23.83,59441.44,3302.3,0.8315,14.0,43.0,41.0,0.0,38.7,38.7
116B,31,9.0,62.0,83.0,322.0,71.0,405.0,397.69,2490.65,23.37,58208.84,3233.82,0.8302,15.0,43.0,41.0,0.0,38.57,38.57
116B,32,9.0,54.0,76.0,280.0,63.0,356.0,339.29,2127.91,23.33,49651.27,2758.4,0.7093,14.0,38.0,36.0,0.0,40.35,40.35
121C,1,10.0,67.0,94.0,293.0,77.0,387.0,439.65,2425.25,21.87,53029.64,2946.09,0.8084,15.0,49.0,43.0,0.09,53.85,37.41
121C,2,10.0,102.0,107.0,393.0,112.0,500.0,713.81,3403.68,19.26,65570.85,3642.82,1.1346,16.0,58.0,48.0,0.14,55.08,34.65
121C,3,10.0,71.0,81.0,243.0,81.0,324.0,469.85,2054.11,17.11,35151.34,1952.85,0.6847,12.0,42.0,36.0,0.1,57.41,39.78
121C,4,10.0,66.0,96.0,273.0,76.0,369.0,432.15,2305.49,20.68,47681.63,2648.98,0.7685,14.0,49.0,44.0,0.06,52.16,37.7
121C,5,10.0,72.0,111.0,326.0,82.0,437.0,477.45,2778.25,22.64,62896.5,3494.25,0.9261,20.0,61.0,55.0,0.07,49.11,34.25
121C,6,10.0,74.0,87.0,268.0,84.0,355.0,492.72,2269.27,18.11,41092.24,2282.9,0.7564,14.0,46.0,40.0,0.09,55.27,38.35
121C,7,10.0,107.0,99.0,358.0,117.0,457.0,754.56,3139.76,16.73,52524.9,2918.05,1.0466,13.0,53.0,41.0,0.2,59.17,36.15
121C,8,10.0,70.0,92.0,270.0,80.0,362.0,462.27,2288.54,19.29,44136.09,2452.0,0.7628,13.0,46.0,40.0,0.09,55.38,38.46
121C,9,10.0,74.0,87.0,268.0,84.0,355.0,492.72,2269.27,18.11,41092.24,2282.9,0.7564,14.0,46.0,40.0,0.09,55.27,38.35
121C,10,11.0,125.0,136.0,554.0,136.0,690.0,908.78,4890.35,24.38,119207.16,6622.62,1.6301,17.0,69.0,51.0,0.24,56.37,31.77
121C,11,10.0,69.0,82.0,234.0,79.0,316.0,454.71,1991.99,16.96,33777.3,1876.52,0.664,12.0,42.0,36.0,0.1,57.51,39.87
121C,12,10.0,122.0,106.0,403.0,132.0,509.0,878.77,3585.6,16.52,59221.12,3290.06,1.1952,14.0,57.0,42.0,0.24,59.45,34.93
121C,13,10.0,73.0,92.0,272.0,83.0,364.0,485.08,2320.51,18.63,43231.5,2401.75,0.7735,13.0,46.0,40.0,0.09,55.33,38.41
121C,14,10.0,70.0,111.0,324.0,80.0,435.0,462.27,2750.04,23.14,63643.75,3535.76,0.9167,18.0,55.0,48.0,0.09,52.73,35.53
121C,15,10.0,66.0,95.0,259.0,76.0,354.0,432.15,2211.77,19.62,43397.54,2410.97,0.7373,14.0,46.0,40.0,0.09,55.35,38.43
121C,16,10.0,69.0,81.0,233.0,79.0,314.0,454.71,1979.39,16.88,33420.09,1856.67,0.6598,12.0,41.0,35.0,0.1,57.94,40.12
121C,17,10.0,77.0,94.0,295.0,87.0,389.0,515.76,2506.31,19.16,48010.39,2667.24,0.8354,16.0,50.0,43.0,0.1,54.93,36.99
121C,18,10.0,75.0,101.0,301.0,85.0,402.0,500.38,2576.58,20.07,51703.27,2872.4,0.8589,14.0,48.0,41.0,0.11,55.82,37.56
121C,19,10.0,69.0,93.0,299.0,79.0,392.0,454.71,2471.08,21.67,53540.11,2974.45,0.8237,15.0,51.0,45.0,0.08,53.12,36.98
121C,20,10.0,80.0,101.0,348.0,90.0,449.0,538.97,2914.84,21.75,63397.81,3522.1,0.9716,15.0,54.0,47.0,0.1,53.27,35.93
121C,21,11.0,125.0,119.0,456.0,136.0,575.0,908.78,4075.29,20.06,81766.64,4542.59,1.3584,15.0,63.0,45.0,0.26,58.79,33.45
121C,22,10.0,67.0,78.0,229.0,77.0,307.0,439.65,1923.9,17.09,32878.65,1826.59,0.6413,12.0,41.0,35.0,0.1,58.03,40.21
121C,23,10.0,78.0,100.0,335.0,88.0,435.0,523.48,2809.85,21.47,60339.79,3352.21,0.9366,15.0,54.0,47.0,0.1,53.38,36.04
121C,24,10.0,78.0,99.0,334.0,88.0,433.0,523.48,2796.93,21.41,59883.07,3326.84,0.9323,15.0,53.0,46.0,0.1,53.72,36.24
121C,25,10.0,81.0,103.0,350.0,91.0,453.0,546.75,2948.03,21.6,63692.03,3538.45,0.9827,15.0,54.0,47.0,0.1,53.23,35.9
121C,26,10.0,77.0,90.0,290.0,87.0,380.0,515.76,2448.32,18.83,46104.7,2561.37,0.8161,14.0,47.0,40.0,0.11,56.35,37.91
121C,27,10.0,76.0,93.0,298.0,86.0,391.0,508.06,2512.67,19.61,49261.55,2736.75,0.8376,15.0,48.0,42.0,0.09,54.1,37.5
121C,28,10.0,74.0,91.0,288.0,84.0,379.0,492.72,2422.69,19.46,47144.2,2619.12,0.8076,14.0,48.0,42.0,0.09,54.34,37.75
121C,29,10.0,74.0,103.0,337.0,84.0,440.0,492.72,2812.62,22.77,64044.11,3558.01,0.9375,18.0,56.0,49.0,0.09,52.35,35.29
121C,30,10.0,86.0,101.0,339.0,96.0,440.0,585.88,2897.38,19.71,57105.41,3172.52,0.9658,17.0,53.0,45.0,0.12,54.74,35.86
121C,31,10.0,70.0,90.0,280.0,80.0,370.0,462.27,2339.11,20.0,46782.27,2599.01,0.7797,15.0,50.0,43.0,0.1,55.27,37.33
121C,32,10.0,112.0,106.0,379.0,122.0,485.0,795.64,3361.41,16.92,56873.82,3159.66,1.1205,15.0,53.0,43.0,0.16,56.87,35.68
125B,1,9.0,45.0,51.0,173.0,54.0,224.0,275.66,1289.09,17.3,22301.34,1238.96,0.4297,7.0,29.0,25.0,0.0,45.38,45.38
125B,2,9.0,40.0,36.0,113.0,49.0,149.0,241.41,836.59,12.71,10635.17,590.84,0.2789,6.0,21.0,18.0,0.0,49.89,49.89
125B,3,9.0,45.0,51.0,173.0,54.0,224.0,275.66,1289.09,17.3,22301.34,1238.96,0.4297,7.0,29.0,25.0,0.0,45.38,45.38
125B,4,9.0,46.0,70.0,183.0,55.0,253.0,282.61,1462.68,17.9,26185.22,1454.73,0.4876,10.0,31.0,27.0,0.0,43.96,43.96
125B,5,9.0,40.0,36.0,113.0,49.0,149.0,241.41,836.59,12.71,10635.17,590.84,0.2789,6.0,21.0,18.0,0.0,49.89,49.89
125B,6,9.0,40.0,36.0,113.0,49.0,149.0,241.41,836.59,12.71,10635.17,590.84,0.2789,6.0,21.0,18.0,0.0,49.89,49.89
125B,7,9.0,46.0,70.0,183.0,55.0,253.0,282.61,1462.68,17.9,26185.22,1454.73,0.4876,10.0,31.0,27.0,0.0,43.96,43.96
125B,8,9.0,42.0,55.0,154.0,51.0,209.0,255.01,1185.54,16.5,19561.36,1086.74,0.3952,6.0,25.0,21.0,0.0,47.17,47.17
125B,9,9.0,42.0,55.0,154.0,51.0,209.0,255.01,1185.54,16.5,19561.36,1086.74,0.3952,6.0,25.0,21.0,0.0,47.17,47.17
125B,10,9.0,46.0,70.0,183.0,55.0,253.0,282.61,1462.68,17.9,26185.22,1454.73,0.4876,10.0,31.0,27.0,0.0,43.96,43.96
125B,11,9.0,43.0,53.0,160.0,52.0,213.0,261.86,1214.19,16.74,20330.68,1129.48,0.4047,5.0,24.0,20.0,0.0,47.62,47.62
125B,12,9.0,42.0,34.0,128.0,51.0,162.0,255.01,918.93,13.71,12602.51,700.14,0.3063,5.0,26.0,22.0,0.0,47.71,47.71
125B,13,8.0,44.0,42.0,143.0,52.0,185.0,264.21,1054.58,13.0,13709.56,761.64,0.3515,6.0,28.0,24.0,0.0,46.46,46.46
125B,14,9.0,38.0,30.0,101.0,47.0,131.0,227.95,727.65,11.96,8703.09,483.51,0.2426,5.0,19.0,16.0,0.0,51.39,51.39
125B,15,9.0,38.0,30.0,101.0,47.0,131.0,227.95,727.65,11.96,8703.09,483.51,0.2426,5.0,19.0,16.0,0.0,51.39,51.39
125B,16,9.0,38.0,30.0,101.0,47.0,131.0,227.95,727.65,11.96,8703.09,483.51,0.2426,5.0,19.0,16.0,0.0,51.39,51.39
125B,17,9.0,43.0,53.0,160.0,52.0,213.0,261.86,1214.19,16.74,20330.68,1129.48,0.4047,5.0,24.0,20.0,0.0,47.62,47.62
125B,18,9.0,40.0,36.0,113.0,49.0,149.0,241.41,836.59,12.71,10635.17,590.84,0.2789,6.0,21.0,18.0,0.0,49.89,49.89
125B,19,9.0,38.0,30.0,101.0,47.0,131.0,227.95,727.65,11.96,8703.09,483.51,0.2426,5.0,19.0,16.0,0.0,51.39,51.39
125B,20,8.0,42.0,39.0,138.0,50.0,177.0,250.48,998.96,13.14,13129.22,729.4,0.333,5.0,26.0,22.0,0.0,47.46,47.46
125B,21,9.0,41.0,36.0,113.0,50.0,149.0,248.19,840.93,12.4,10429.64,579.42,0.2803,6.0,21.0,18.0,0.0,49.87,49.87
125B,22,8.0,49.0,47.0,178.0,57.0,225.0,299.12,1312.4,14.53,19069.98,1059.44,0.4375,9.0,29.0,25.0,0.0,45.06,45.06
125B,23,8.0,42.0,38.0,124.0,50.0,162.0,250.48,914.3,11.81,10797.5,599.86,0.3048,5.0,26.0,22.0,0.0,47.73,47.73
125B,24,9.0,38.0,30.0,101.0,47.0,131.0,227.95,727.65,11.96,8703.09,483.51,0.2426,5.0,19.0,16.0,0.0,51.39,51.39
125B,25,9.0,40.0,35.0,113.0,49.0,148.0,241.41,830.98,12.71,10563.8,586.88,0.277,6.0,21.0,18.0,0.0,49.91,49.91
125B,26,9.0,46.0,70.0,183.0,55.0,253.0,282.61,1462.68,17.9,26185.22,1454.73,0.4876,10.0,31.0,27.0,0.0,43.96,43.96
125B,27,9.0,41.0,34.0,122.0,50.0,156.0,248.19,880.44,13.39,11789.33,654.96,0.2935,5.0,25.0,21.0,0.0,48.21,48.21
125B,28,8.0,43.0,38.0,146.0,51.0,184.0,257.33,1043.73,13.58,14175.26,787.51,0.3479,5.0,25.0,21.0,0.0,47.7,47.7
125B,29,9.0,43.0,39.0,147.0,52.0,186.0,261.86,1060.28,15.38,16311.08,906.17,0.3534,5.0,25.0,21.0,0.0,47.65,47.65
125B,30,9.0,41.0,36.0,113.0,50.0,149.0,248.19,840.93,12.4,10429.64,579.42,0.2803,6.0,21.0,18.0,0.0,49.87,49.87
125B,31,9.0,42.0,55.0,154.0,51.0,209.0,255.01,1185.54,16.5,19561.36,1086.74,0.3952,6.0,25.0,21.0,0.0,47.17,47.17
125B,32,9.0,39.0,37.0,119.0,48.0,156.0,234.66,871.25,13.73,11962.99,664.61,0.2904,6.0,21.0,18.0,0.0,49.76,49.76
128B,1,6.0,58.0,44.0,201.0,64.0,245.0,355.27,1470.0,10.4,15282.93,849.05,0.49,6.0,31.0,29.0,0.0,44.48,44.48
128B,2,7.0,48.0,39.0,160.0,55.0,199.0,287.73,1150.49,11.67,13422.39,745.69,0.3835,7.0,26.0,24.0,0.0,46.76,46.76
128B,3,6.0,58.0,44.0,201.0,64.0,245.0,355.27,1470.0,10.4,15282.93,849.05,0.49,6.0,31.0,29.0,0.0,44.48,44.48
128B,4,6.0,58.0,45.0,201.0,64.0,246.0,355.27,1476.0,10.4,15345.31,852.52,0.492,6.0,30.0,28.0,0.0,44.78,44.78
128B,5,6.0,58.0,44.0,201.0,64.0,245.0,355.27,1470.0,10.4,15282.93,849.05,0.49,6.0,31.0,29.0,0.0,44.48,44.48
128B,6,6.0,58.0,44.0,201.0,64.0,245.0,355.27,1470.0,10.4,15282.93,849.05,0.49,6.0,31.0,29.0,0.0,44.48,44.48
128B,7,6.0,59.0,45.0,205.0,65.0,250.0,362.59,1505.59,10.42,15693.88,871.88,0.5019,6.0,32.0,30.0,0.0,44.11,44.11
128B,8,7.0,48.0,39.0,160.0,55.0,199.0,287.73,1150.49,11.67,13422.39,745.69,0.3835,7.0,26.0,24.0,0.0,46.76,46.76
128B,9,7.0,48.0,39.0,160.0,55.0,199.0,287.73,1150.49,11.67,13422.39,745.69,0.3835,7.0,26.0,24.0,0.0,46.76,46.76
128B,10,6.0,56.0,42.0,196.0,62.0,238.0,340.72,1417.1,10.5,14879.54,826.64,0.4724,6.0,31.0,29.0,0.0,44.59,44.59
128B,11,7.0,52.0,46.0,178.0,59.0,224.0,316.07,1317.71,11.98,15787.2,877.07,0.4392,6.0,28.0,26.0,0.0,45.78,45.78
128B,12,6.0,59.0,45.0,205.0,65.0,250.0,362.59,1505.59,10.42,15693.88,871.88,0.5019,6.0,32.0,30.0,0.0,44.11,44.11
128B,13,6.0,56.0,42.0,196.0,62.0,238.0,340.72,1417.1,10.5,14879.54,826.64,0.4724,6.0,31.0,29.0,0.0,44.59,44.59
128B,14,7.0,48.0,39.0,160.0,55.0,199.0,287.73,1150.49,11.67,13422.39,745.69,0.3835,7.0,26.0,24.0,0.0,46.76,46.76
128B,15,7.0,52.0,41.0,175.0,59.0,216.0,316.07,1270.65,11.78,14966.8,831.49,0.4236,5.0,28.0,26.0,0.0,46.02,46.02
128B,16,7.0,48.0,39.0,160.0,55.0,199.0,287.73,1150.49,11.67,13422.39,745.69,0.3835,7.0,26.0,24.0,0.0,46.76,46.76
128B,17,6.0,58.0,44.0,201.0,64.0,245.0,355.27,1470.0,10.4,15282.93,849.05,0.49,6.0,31.0,29.0,0.0,44.48,44.48
128B,18,7.0,48.0,39.0,160.0,55.0,199.0,287.73,1150.49,11.67,13422.39,745.69,0.3835,7.0,26.0,24.0,0.0,46.76,46.76
128B,19,6.0,58.0,46.0,213.0,64.0,259.0,355.27,1554.0,11.02,17120.79,951.16,0.518,6.0,31.0,29.0,0.0,44.31,44.31
128B,20,6.0,55.0,39.0,193.0,61.0,232.0,333.48,1375.93,10.53,14484.8,804.71,0.4586,6.0,30.0,28.0,0.0,44.99,44.99
128B,21,6.0,55.0,39.0,193.0,61.0,232.0,333.48,1375.93,10.53,14484.8,804.71,0.4586,6.0,30.0,28.0,0.0,44.99,44.99
128B,22,6.0,52.0,40.0,174.0,58.0,214.0,311.93,1253.61,10.04,12584.3,699.13,0.4179,5.0,28.0,26.0,0.0,46.07,46.07
128B,23,7.0,52.0,41.0,175.0,59.0,216.0,316.07,1270.65,11.78,14966.8,831.49,0.4236,5.0,28.0,26.0,0.0,46.02,46.02
128B,24,6.0,59.0,45.0,205.0,65.0,250.0,362.59,1505.59,10.42,15693.88,871.88,0.5019,6.0,32.0,30.0,0.0,44.11,44.11
128B,25,6.0,57.0,41.0,198.0,63.0,239.0,347.98,1428.57,10.42,14887.2,827.07,0.4762,6.0,30.0,28.0,0.0,44.88,44.88
128B,26,6.0,57.0,43.0,210.0,63.0,253.0,347.98,1512.25,11.05,16714.36,928.58,0.5041,6.0,30.0,28.0,0.0,44.71,44.71
128B,27,7.0,48.0,39.0,160.0,55.0,199.0,287.73,1150.49,11.67,13422.39,745.69,0.3835,7.0,26.0,24.0,0.0,46.76,46.76
128B,28,7.0,48.0,39.0,160.0,55.0,199.0,287.73,1150.49,11.67,13422.39,745.69,0.3835,7.0,26.0,24.0,0.0,46.76,46.76
128B,29,6.0,56.0,42.0,196.0,62.0,238.0,340.72,1417.1,10.5,14879.54,826.64,0.4724,6.0,31.0,29.0,0.0,44.59,44.59
128B,30,6.0,52.0,40.0,177.0,58.0,217.0,311.93,1271.18,10.21,12980.72,721.15,0.4237,5.0,28.0,26.0,0.0,46.02,46.02
128B,31,7.0,48.0,39.0,160.0,55.0,199.0,287.73,1150.49,11.67,13422.39,745.69,0.3835,7.0,26.0,24.0,0.0,46.76,46.76
128B,32,7.0,48.0,39.0,160.0,55.0,199.0,287.73,1150.49,11.67,13422.39,745.69,0.3835,7.0,26.0,24.0,0.0,46.76,46.76
128D,1,11.0,49.0,52.0,202.0,60.0,254.0,313.17,1500.35,22.67,34018.14,1889.9,0.5001,8.0,35.0,33.0,0.0,43.0,43.0
128D,2,10.0,80.0,80.0,336.0,90.0,416.0,538.97,2700.61,21.0,56712.83,3150.71,0.9002,16.0,61.0,52.0,0.07,50.08,34.88
128D,3,8.0,65.0,63.0,261.0,73.0,324.0,415.45,2005.5,16.06,32211.47,1789.53,0.6685,11.0,52.0,45.0,0.04,49.95,37.97
128D,4,11.0,49.0,52.0,202.0,60.0,254.0,313.17,1500.35,22.67,34018.14,1889.9,0.5001,8.0,35.0,33.0,0.0,43.0,43.0
128D,5,10.0,80.0,80.0,336.0,90.0,416.0,538.97,2700.61,21.0,56712.83,3150.71,0.9002,16.0,61.0,52.0,0.07,50.08,34.88
128D,6,12.0,94.0,87.0,386.0,106.0,473.0,659.15,3182.31,24.64,78406.61,4355.92,1.0608,11.0,57.0,40.0,0.23,60.03,35.69
128D,7,10.0,80.0,80.0,336.0,90.0,416.0,538.97,2700.61,21.0,56712.83,3150.71,0.9002,16.0,61.0,52.0,0.07,50.08,34.88
128D,8,8.0,50.0,57.0,250.0,58.0,307.0,306.19,1798.4,20.0,35968.0,1998.22,0.5995,10.0,47.0,42.0,0.0,39.39,39.39
128D,9,10.0,45.0,39.0,145.0,55.0,184.0,280.35,1063.77,16.11,17138.52,952.14,0.3546,7.0,29.0,27.0,0.0,45.96,45.96
128D,10,9.0,102.0,83.0,353.0,111.0,436.0,709.12,2962.37,15.57,46134.48,2563.03,0.9875,11.0,53.0,41.0,0.15,57.2,36.6
128D,11,10.0,47.0,47.0,160.0,57.0,207.0,294.28,1207.41,17.02,20551.63,1141.76,0.4025,7.0,29.0,27.0,0.0,45.58,45.58
128D,12,10.0,56.0,52.0,214.0,66.0,266.0,358.43,1607.81,19.11,30720.63,1706.7,0.5359,8.0,38.0,32.0,0.03,52.21,42.01
128D,13,9.0,50.0,53.0,195.0,59.0,248.0,310.72,1458.9,17.55,25603.62,1422.42,0.4863,9.0,33.0,31.0,0.0,43.51,43.51
128D,14,10.0,139.0,110.0,545.0,149.0,655.0,1022.75,4728.56,19.6,92700.1,5150.01,1.5762,17.0,81.0,61.0,0.2,53.42,30.35
128D,15,10.0,77.0,72.0,282.0,87.0,354.0,515.76,2280.8,18.31,41765.34,2320.3,0.7603,13.0,51.0,43.0,0.07,52.09,37.49
128D,16,11.0,51.0,63.0,223.0,62.0,286.0,327.35,1702.9,24.05,40953.08,2275.17,0.5676,13.0,39.0,37.0,0.0,40.92,40.92
128D,17,9.0,66.0,60.0,259.0,75.0,319.0,427.46,1986.99,17.66,35088.49,1949.36,0.6623,10.0,39.0,32.0,0.06,54.78,40.85
128D,18,10.0,48.0,47.0,209.0,58.0,256.0,301.3,1499.64,21.77,32648.48,1813.8,0.4999,9.0,35.0,33.0,0.0,42.87,42.87
128D,19,10.0,45.0,38.0,149.0,55.0,187.0,280.35,1081.11,16.56,17898.45,994.36,0.3604,7.0,29.0,27.0,0.0,45.91,45.91
128D,20,10.0,45.0,39.0,145.0,55.0,184.0,280.35,1063.77,16.11,17138.52,952.14,0.3546,7.0,29.0,27.0,0.0,45.96,45.96
128D,21,10.0,45.0,39.0,145.0,55.0,184.0,280.35,1063.77,16.11,17138.52,952.14,0.3546,7.0,29.0,27.0,0.0,45.96,45.96
128D,22,10.0,46.0,39.0,149.0,56.0,188.0,287.3,1091.78,16.2,17682.13,982.34,0.3639,7.0,29.0,27.0,0.0,45.88,45.88
128D,23,9.0,81.0,79.0,316.0,90.0,395.0,542.06,2564.28,17.56,45017.39,2500.97,0.8548,13.0,59.0,49.0,0.09,52.81,35.75
128D,24,7.0,49.0,49.0,206.0,56.0,255.0,294.77,1480.88,14.71,21790.03,1210.56,0.4936,8.0,41.0,36.0,0.0,41.54,41.54
128D,25,7.0,49.0,49.0,206.0,56.0,255.0,294.77,1480.88,14.71,21790.03,1210.56,0.4936,8.0,41.0,36.0,0.0,41.54,41.54
128D,26,9.0,75.0,84.0,294.0,84.0,378.0,495.69,2416.3,17.64,42623.46,2367.97,0.8054,14.0,57.0,48.0,0.08,51.85,36.13
128D,27,10.0,45.0,39.0,145.0,55.0,184.0,280.35,1063.77,16.11,17138.52,952.14,0.3546,7.0,29.0,27.0,0.0,45.96,45.96
128D,28,9.0,52.0,60.0,225.0,61.0,285.0,324.95,1690.26,19.47,32911.32,1828.41,0.5634,13.0,40.0,38.0,0.0,40.7,40.7
128D,29,10.0,45.0,38.0,149.0,55.0,187.0,280.35,1081.11,16.56,17898.45,994.36,0.3604,7.0,29.0,27.0,0.0,45.91,45.91
128D,30,10.0,45.0,38.0,149.0,55.0,187.0,280.35,1081.11,16.56,17898.45,994.36,0.3604,7.0,29.0,27.0,0.0,45.91,45.91
128D,31,7.0,49.0,62.0,231.0,56.0,293.0,294.77,1701.55,16.5,28075.66,1559.76,0.5672,10.0,44.0,39.0,0.0,40.18,40.18
128D,32,10.0,45.0,38.0,149.0,55.0,187.0,280.35,1081.11,16.56,17898.45,994.36,0.3604,7.0,29.0,27.0,0.0,45.91,45.91
129A,1,6.0,29.0,32.0,107.0,35.0,139.0,156.39,712.97,11.07,7891.84,438.44,0.2377,5.0,22.0,20.0,0.0,50.07,50.07
129A,2,6.0,29.0,32.0,107.0,35.0,139.0,156.39,712.97,11.07,7891.84,438.44,0.2377,5.0,22.0,20.0,0.0,50.07,50.07
129A,4,6.0,29.0,32.0,107.0,35.0,139.0,156.39,712.97,11.07,7891.84,438.44,0.2377,5.0,22.0,20.0,0.0,50.07,50.07
129A,5,6.0,29.0,32.0,107.0,35.0,139.0,156.39,712.97,11.07,7891.84,438.44,0.2377,5.0,22.0,20.0,0.0,50.07,50.07
129A,6,6.0,29.0,32.0,107.0,35.0,139.0,156.39,712.97,11.07,7891.84,438.44,0.2377,5.0,22.0,20.0,0.0,50.07,50.07
129A,9,6.0,29.0,32.0,101.0,35.0,133.0,156.39,682.19,10.45,7127.76,395.99,0.2274,5.0,19.0,17.0,0.0,51.59,51.59
129A,10,6.0,29.0,32.0,101.0,35.0,133.0,156.39,682.19,10.45,7127.76,395.99,0.2274,5.0,19.0,17.0,0.0,51.59,51.59
129A,11,6.0,29.0,32.0,107.0,35.0,139.0,156.39,712.97,11.07,7891.84,438.44,0.2377,5.0,22.0,20.0,0.0,50.07,50.07
129A,12,6.0,29.0,32.0,107.0,35.0,139.0,156.39,712.97,11.07,7891.84,438.44,0.2377,5.0,22.0,20.0,0.0,50.07,50.07
129A,16,6.0,29.0,32.0,107.0,35.0,139.0,156.39,712.97,11.07,7891.84,438.44,0.2377,5.0,22.0,20.0,0.0,50.07,50.07
129A,17,6.0,29.0,32.0,107.0,35.0,139.0,156.39,712.97,11.07,7891.84,438.44,0.2377,5.0,22.0,20.0,0.0,50.07,50.07
129A,20,6.0,29.0,32.0,107.0,35.0,139.0,156.39,712.97,11.07,7891.84,438.44,0.2377,5.0,22.0,20.0,0.0,50.07,50.07
129A,21,6.0,29.0,32.0,107.0,35.0,139.0,156.39,712.97,11.07,7891.84,438.44,0.2377,5.0,22.0,20.0,0.0,50.07,50.07
129A,22,6.0,29.0,32.0,107.0,35.0,139.0,156.39,712.97,11.07,7891.84,438.44,0.2377,5.0,22.0,20.0,0.0,50.07,50.07
129A,23,6.0,29.0,32.0,107.0,35.0,139.0,156.39,712.97,11.07,7891.84,438.44,0.2377,5.0,22.0,20.0,0.0,50.07,50.07
129A,24,6.0,29.0,32.0,107.0,35.0,139.0,156.39,712.97,11.07,7891.84,438.44,0.2377,5.0,22.0,20.0,0.0,50.07,50.07
129A,28,6.0,29.0,32.0,107.0,35.0,139.0,156.39,712.97,11.07,7891.84,438.44,0.2377,5.0,22.0,20.0,0.0,50.07,50.07
129A,29,6.0,29.0,32.0,107.0,35.0,139.0,156.39,712.97,11.07,7891.84,438.44,0.2377,5.0,22.0,20.0,0.0,50.07,50.07
129A,30,6.0,29.0,32.0,107.0,35.0,139.0,156.39,712.97,11.07,7891.84,438.44,0.2377,5.0,22.0,20.0,0.0,50.07,50.07
129A,31,6.0,29.0,32.0,101.0,35.0,133.0,156.39,682.19,10.45,7127.76,395.99,0.2274,5.0,19.0,17.0,0.0,51.59,51.59
129A,32,6.0,29.0,32.0,107.0,35.0,139.0,156.39,712.97,11.07,7891.84,438.44,0.2377,5.0,22.0,20.0,0.0,50.07,50.07
129E,1,7.0,43.0,49.0,193.0,50.0,242.0,252.98,1365.81,15.71,21455.97,1192.0,0.4553,6.0,25.0,21.0,0.0,46.74,46.74
129E,2,7.0,43.0,63.0,232.0,50.0,295.0,252.98,1664.94,18.88,31440.22,1746.68,0.555,8.0,28.0,23.0,0.04,56.66,44.8
129E,3,9.0,48.0,59.0,224.0,57.0,283.0,296.61,1650.71,21.0,34664.87,1925.83,0.5502,8.0,32.0,27.0,0.0,43.56,43.56
129E,4,8.0,46.0,62.0,219.0,54.0,281.0,278.08,1617.12,19.04,30795.65,1710.87,0.539,8.0,28.0,23.0,0.04,56.75,44.89
129E,5,8.0,44.0,71.0,238.0,52.0,309.0,264.21,1761.44,21.64,38111.07,2117.28,0.5871,9.0,28.0,24.0,0.0,44.49,44.49
129E,6,7.0,41.0,65.0,223.0,48.0,288.0,239.31,1608.47,19.04,30619.76,1701.1,0.5362,9.0,27.0,23.0,0.0,45.11,45.11
129E,7,9.0,48.0,58.0,214.0,57.0,272.0,296.61,1586.55,20.06,31830.08,1768.34,0.5288,8.0,31.0,26.0,0.0,43.98,43.98
129E,8,8.0,44.0,71.0,238.0,52.0,309.0,264.21,1761.44,21.64,38111.07,2117.28,0.5871,9.0,28.0,24.0,0.0,44.49,44.49
129E,9,9.0,66.0,82.0,282.0,75.0,364.0,427.46,2267.29,19.23,43593.8,2421.88,0.7558,6.0,34.0,26.0,0.13,62.16,42.29
129E,10,9.0,48.0,58.0,223.0,57.0,281.0,296.61,1639.04,20.91,34266.22,1903.68,0.5463,8.0,32.0,27.0,0.0,43.58,43.58
129E,11,8.0,48.0,73.0,262.0,56.0,335.0,292.08,1945.46,21.83,42475.96,2359.78,0.6485,9.0,38.0,33.0,0.0,41.3,41.3
129E,12,9.0,51.0,102.0,372.0,60.0,474.0,317.82,2799.87,32.82,91901.49,5105.64,0.9333,12.0,41.0,36.0,0.03,48.72,39.07
129E,13,8.0,47.0,85.0,290.0,55.0,375.0,285.07,2168.01,24.68,53508.33,2972.68,0.7227,12.0,35.0,31.0,0.0,41.34,41.34
129E,14,6.0,43.0,48.0,195.0,49.0,243.0,248.84,1364.37,13.6,18561.84,1031.21,0.4548,6.0,24.0,20.0,0.0,47.13,47.13
129E,15,8.0,44.0,89.0,296.0,52.0,385.0,264.21,2194.67,26.91,59056.56,3280.92,0.7316,14.0,36.0,32.0,0.0,40.77,40.77
129E,16,6.0,42.0,48.0,192.0,48.0,240.0,241.99,1340.39,13.71,18382.51,1021.25,0.4468,6.0,23.0,19.0,0.0,47.59,47.59
129E,17,9.0,48.0,79.0,262.0,57.0,341.0,296.61,1989.02,24.56,48855.19,2714.18,0.663,12.0,35.0,31.0,0.0,41.61,41.61
129E,18,9.0,53.0,118.0,333.0,62.0,451.0,332.11,2685.34,28.27,75924.26,4218.01,0.8951,16.0,45.0,40.0,0.02,46.96,37.77
129E,19,8.0,49.0,61.0,218.0,57.0,279.0,299.12,1627.38,17.8,28960.66,1608.93,0.5425,8.0,28.0,23.0,0.04,56.73,44.87
129E,20,9.0,48.0,61.0,226.0,57.0,287.0,296.61,1674.04,21.19,35468.71,1970.48,0.558,8.0,32.0,27.0,0.0,43.52,43.52
129E,21,7.0,43.0,64.0,216.0,50.0,280.0,252.98,1580.28,17.58,27783.52,1543.53,0.5268,9.0,22.0,18.0,0.0,47.11,47.11
129E,22,9.0,52.0,103.0,326.0,61.0,429.0,324.95,2544.29,28.21,71778.23,3987.68,0.8481,12.0,43.0,38.0,0.03,48.32,38.91
129E,23,8.0,47.0,61.0,218.0,55.0,279.0,285.07,1613.0,18.55,29926.29,1662.57,0.5377,8.0,28.0,23.0,0.04,56.76,44.9
129E,24,6.0,42.0,64.0,234.0,48.0,298.0,241.99,1664.32,16.71,27817.9,1545.44,0.5548,9.0,30.0,26.0,0.0,44.01,44.01
129E,25,9.0,59.0,78.0,255.0,68.0,333.0,375.61,2027.13,19.45,39425.87,2190.33,0.6757,6.0,32.0,25.0,0.11,61.36,43.2
129E,26,9.0,48.0,58.0,223.0,57.0,281.0,296.61,1639.04,20.91,34266.22,1903.68,0.5463,8.0,32.0,27.0,0.0,43.58,43.58
129E,27,6.0,45.0,47.0,209.0,51.0,256.0,262.64,1452.14,13.93,20233.16,1124.06,0.484,7.0,26.0,22.0,0.0,46.05,46.05
129E,28,7.0,45.0,63.0,232.0,52.0,295.0,266.78,1681.63,18.04,30344.07,1685.78,0.5605,8.0,28.0,23.0,0.04,56.63,44.77
129E,29,8.0,48.0,73.0,260.0,56.0,333.0,292.08,1933.85,21.67,41900.07,2327.78,0.6446,9.0,38.0,33.0,0.0,41.32,41.32
129E,30,9.0,60.0,80.0,258.0,69.0,338.0,382.94,2064.68,19.35,39951.58,2219.53,0.6882,8.0,32.0,26.0,0.07,58.09,42.88
129E,31,9.0,65.0,82.0,278.0,74.0,360.0,419.98,2235.4,19.25,43022.91,2390.16,0.7451,6.0,32.0,24.0,0.14,63.34,42.91
129E,32,9.0,65.0,82.0,281.0,74.0,363.0,419.98,2254.03,19.45,43849.58,2436.09,0.7513,6.0,34.0,26.0,0.13,62.18,42.31
13A,1,7.0,34.0,39.0,95.0,41.0,134.0,192.63,717.91,9.78,7020.76,390.04,0.2393,3.0,22.0,17.0,0.0,50.31,50.31
13A,2,7.0,34.0,37.0,94.0,41.0,131.0,192.63,701.84,9.68,6791.33,377.3,0.2339,3.0,21.0,17.0,0.0,50.82,50.82
13A,3,7.0,33.0,35.0,91.0,40.0,126.0,186.12,670.56,9.65,6471.95,359.55,0.2235,3.0,20.0,17.0,0.0,51.43,51.43
13A,4,7.0,34.0,39.0,95.0,41.0,134.0,192.63,717.91,9.78,7020.76,390.04,0.2393,3.0,22.0,17.0,0.0,50.31,50.31
13A,5,7.0,33.0,35.0,91.0,40.0,126.0,186.12,670.56,9.65,6471.95,359.55,0.2235,3.0,20.0,17.0,0.0,51.43,51.43
13A,6,7.0,34.0,37.0,94.0,41.0,131.0,192.63,701.84,9.68,6791.33,377.3,0.2339,3.0,21.0,17.0,0.0,50.82,50.82
13A,7,7.0,35.0,39.0,97.0,42.0,136.0,199.18,733.36,9.7,7113.55,395.2,0.2445,3.0,22.0,17.0,0.0,50.25,50.25
13A,8,7.0,34.0,37.0,94.0,41.0,131.0,192.63,701.84,9.68,6791.33,377.3,0.2339,3.0,21.0,17.0,0.0,50.82,50.82
13A,9,7.0,34.0,37.0,94.0,41.0,131.0,192.63,701.84,9.68,6791.33,377.3,0.2339,3.0,21.0,17.0,0.0,50.82,50.82
13A,10,7.0,34.0,39.0,97.0,41.0,136.0,192.63,728.63,9.99,7275.56,404.2,0.2429,3.0,22.0,17.0,0.0,50.27,50.27
13A,11,7.0,33.0,35.0,91.0,40.0,126.0,186.12,670.56,9.65,6471.95,359.55,0.2235,3.0,20.0,17.0,0.0,51.43,51.43
13A,12,7.0,34.0,37.0,94.0,41.0,131.0,192.63,701.84,9.68,6791.33,377.3,0.2339,3.0,21.0,17.0,0.0,50.82,50.82
13A,13,7.0,33.0,35.0,91.0,40.0,126.0,186.12,670.56,9.65,6471.95,359.55,0.2235,3.0,20.0,17.0,0.0,51.43,51.43
13A,14,7.0,35.0,39.0,97.0,42.0,136.0,199.18,733.36,9.7,7113.55,395.2,0.2445,3.0,22.0,17.0,0.0,50.25,50.25
13A,15,7.0,34.0,37.0,94.0,41.0,131.0,192.63,701.84,9.68,6791.33,377.3,0.2339,3.0,21.0,17.0,0.0,50.82,50.82
13A,16,7.0,33.0,37.0,91.0,40.0,128.0,186.12,681.21,9.65,6574.68,365.26,0.2271,3.0,20.0,16.0,0.0,51.38,51.38
13A,17,7.0,34.0,37.0,94.0,41.0,131.0,192.63,701.84,9.68,6791.33,377.3,0.2339,3.0,21.0,17.0,0.0,50.82,50.82
13A,18,7.0,35.0,39.0,97.0,42.0,136.0,199.18,733.36,9.7,7113.55,395.2,0.2445,3.0,22.0,17.0,0.0,50.25,50.25
13A,19,7.0,34.0,39.0,95.0,41.0,134.0,192.63,717.91,9.78,7020.76,390.04,0.2393,3.0,22.0,17.0,0.0,50.31,50.31
13A,20,7.0,34.0,37.0,94.0,41.0,131.0,192.63,701.84,9.68,6791.33,377.3,0.2339,3.0,21.0,17.0,0.0,50.82,50.82
13A,21,7.0,33.0,35.0,91.0,40.0,126.0,186.12,670.56,9.65,6471.95,359.55,0.2235,3.0,20.0,17.0,0.0,51.43,51.43
13A,22,7.0,34.0,37.0,94.0,41.0,131.0,192.63,701.84,9.68,6791.33,377.3,0.2339,3.0,21.0,17.0,0.0,50.82,50.82
13A,23,7.0,34.0,39.0,95.0,41.0,134.0,192.63,717.91,9.78,7020.76,390.04,0.2393,3.0,22.0,17.0,0.0,50.31,50.31
13A,24,7.0,35.0,41.0,100.0,42.0,141.0,199.18,760.32,10.0,7603.17,422.4,0.2534,3.0,23.0,17.0,0.0,49.72,49.72
13A,25,7.0,34.0,37.0,94.0,41.0,131.0,192.63,701.84,9.68,6791.33,377.3,0.2339,3.0,21.0,17.0,0.0,50.82,50.82
13A,26,7.0,43.0,41.0,126.0,50.0,167.0,252.98,942.52,10.26,9666.35,537.02,0.3142,3.0,24.0,19.0,0.0,48.66,48.66
13A,27,7.0,35.0,39.0,97.0,42.0,136.0,199.18,733.36,9.7,7113.55,395.2,0.2445,3.0,22.0,17.0,0.0,50.25,50.25
13A,28,7.0,34.0,37.0,94.0,41.0,131.0,192.63,701.84,9.68,6791.33,377.3,0.2339,3.0,21.0,17.0,0.0,50.82,50.82
13A,29,7.0,35.0,39.0,97.0,42.0,136.0,199.18,733.36,9.7,7113.55,395.2,0.2445,3.0,22.0,17.0,0.0,50.25,50.25
13A,30,7.0,34.0,39.0,97.0,41.0,136.0,192.63,728.63,9.99,7275.56,404.2,0.2429,3.0,22.0,17.0,0.0,50.27,50.27
13A,31,7.0,33.0,37.0,91.0,40.0,128.0,186.12,681.21,9.65,6574.68,365.26,0.2271,3.0,20.0,16.0,0.0,51.38,51.38
13A,32,7.0,35.0,39.0,97.0,42.0,136.0,199.18,733.36,9.7,7113.55,395.2,0.2445,3.0,22.0,17.0,0.0,50.25,50.25
135C,1,9.0,53.0,50.0,256.0,62.0,306.0,332.11,1821.98,21.74,39602.37,2200.13,0.6073,9.0,34.0,29.0,0.06,57.08,42.55
135C,2,9.0,50.0,35.0,183.0,59.0,218.0,310.72,1282.42,16.47,21121.39,1173.41,0.4275,7.0,27.0,24.0,0.0,46.07,46.07
135C,3,10.0,59.0,86.0,354.0,69.0,440.0,380.3,2687.75,30.0,80632.52,4479.58,0.8959,12.0,50.0,48.0,0.0,37.31,37.31
135C,4,12.0,74.0,155.0,658.0,86.0,813.0,502.52,5224.55,53.35,278736.98,15485.39,1.7415,26.0,79.0,75.0,0.03,38.55,29.07
135C,5,10.0,55.0,71.0,301.0,65.0,372.0,351.19,2240.32,27.36,61303.32,3405.74,0.7468,13.0,42.0,40.0,0.0,39.38,39.38
135C,6,9.0,50.0,39.0,203.0,59.0,242.0,310.72,1423.6,18.27,26009.17,1444.95,0.4745,6.0,31.0,26.0,0.07,59.79,44.58
135C,7,10.0,52.0,32.0,188.0,62.0,220.0,329.64,1309.92,18.08,23679.38,1315.52,0.4366,6.0,26.0,22.0,0.0,46.5,46.5
135C,8,11.0,65.0,109.0,420.0,76.0,529.0,429.51,3305.15,35.54,117460.08,6525.56,1.1017,17.0,56.0,50.0,0.06,48.62,34.94
135C,9,9.0,55.0,62.0,292.0,64.0,354.0,346.5,2124.0,23.89,50744.29,2819.13,0.708,11.0,42.0,37.0,0.05,52.89,39.81
135C,10,11.0,73.0,117.0,515.0,84.0,632.0,489.91,4039.94,38.8,156755.39,8708.63,1.3466,26.0,81.0,78.0,0.0,29.62,29.62
135C,11,10.0,55.0,73.0,313.0,65.0,386.0,351.19,2324.63,28.45,66146.4,3674.8,0.7749,14.0,48.0,46.0,0.0,37.87,37.87
135C,12,10.0,63.0,84.0,346.0,73.0,430.0,409.79,2661.62,27.46,73089.06,4060.5,0.8872,17.0,48.0,46.0,0.0,37.06,37.06
135C,13,9.0,56.0,76.0,366.0,65.0,442.0,353.74,2661.89,29.41,78287.99,4349.33,0.8873,11.0,54.0,48.0,0.04,48.38,36.75
135C,14,9.0,50.0,40.0,200.0,59.0,240.0,310.72,1411.83,18.0,25413.02,1411.83,0.4706,6.0,30.0,25.0,0.07,60.37,44.92
135C,15,10.0,61.0,89.0,351.0,71.0,440.0,394.99,2705.89,28.77,77849.75,4324.99,0.902,18.0,59.0,57.0,0.0,34.92,34.92
135C,16,9.0,59.0,75.0,417.0,68.0,492.0,375.61,2995.03,31.81,95257.24,5292.07,0.9983,11.0,67.0,61.0,0.03,44.77,34.34
135C,17,9.0,67.0,117.0,423.0,76.0,540.0,434.96,3373.88,28.41,95853.47,5325.19,1.1246,20.0,64.0,62.0,0.0,33.21,33.21
135C,18,9.0,53.0,51.0,281.0,62.0,332.0,332.11,1976.79,23.86,47163.3,2620.18,0.6589,8.0,40.0,35.0,0.05,54.29,40.9
135C,19,11.0,68.0,177.0,636.0,79.0,813.0,452.0,5124.97,51.44,263634.68,14646.37,1.7083,32.0,69.0,67.0,0.0,29.61,29.61
135C,20,11.0,65.0,81.0,322.0,76.0,403.0,429.51,2517.91,27.25,68603.49,3811.31,0.8393,13.0,45.0,42.0,0.0,38.37,38.37
135C,21,9.0,49.0,39.0,200.0,58.0,239.0,303.65,1400.06,18.37,25715.34,1428.63,0.4667,6.0,30.0,25.0,0.07,60.4,44.94
135C,22,9.0,50.0,40.0,200.0,59.0,240.0,310.72,1411.83,18.0,25413.02,1411.83,0.4706,6.0,30.0,25.0,0.07,60.37,44.92
135C,23,10.0,57.0,72.0,340.0,67.0,412.0,365.69,2499.23,29.82,74538.4,4141.02,0.8331,10.0,53.0,47.0,0.04,49.0,37.25
135C,24,12.0,76.0,117.0,517.0,88.0,634.0,517.86,4095.28,40.82,167152.07,9286.23,1.3651,19.0,81.0,75.0,0.03,39.99,30.52
135C,26,10.0,56.0,56.0,274.0,66.0,330.0,358.43,1994.65,24.46,48797.69,2710.98,0.6649,11.0,40.0,36.0,0.0,40.47,40.47
135C,27,8.0,52.0,63.0,271.0,60.0,334.0,320.42,1972.9,20.85,41127.41,2284.86,0.6576,12.0,40.0,38.0,0.0,40.37,40.37
135C,28,9.0,50.0,34.0,183.0,59.0,217.0,310.72,1276.53,16.47,21024.51,1168.03,0.4255,7.0,27.0,24.0,0.0,46.09,46.09
135C,29,9.0,58.0,77.0,299.0,67.0,376.0,368.29,2280.85,23.2,52911.78,2939.54,0.7603,13.0,45.0,43.0,0.0,38.67,38.67
135C,30,9.0,53.0,51.0,284.0,62.0,335.0,332.11,1994.66,24.11,48097.55,2672.09,0.6649,8.0,41.0,36.0,0.05,53.87,40.64
135C,31,10.0,54.0,50.0,268.0,64.0,318.0,343.98,1908.0,24.81,47346.67,2630.37,0.636,7.0,39.0,35.0,0.0,41.38,41.38
135C,32,10.0,60.0,96.0,350.0,70.0,446.0,387.63,2733.66,29.17,79731.76,4429.54,0.9112,18.0,53.0,51.0,0.0,35.9,35.9
14B,1,7.0,43.0,48.0,149.0,50.0,197.0,252.98,1111.84,12.13,13484.29,749.13,0.3706,7.0,28.0,24.0,0.0,46.16,46.16
14B,2,7.0,43.0,48.0,149.0,50.0,197.0,252.98,1111.84,12.13,13484.29,749.13,0.3706,7.0,28.0,24.0,0.0,46.16,46.16
14B,3,7.0,43.0,48.0,145.0,50.0,193.0,252.98,1089.26,11.8,12855.85,714.21,0.3631,7.0,25.0,21.0,0.0,47.3,47.3
14B,4,7.0,43.0,48.0,149.0,50.0,197.0,252.98,1111.84,12.13,13484.29,749.13,0.3706,7.0,28.0,24.0,0.0,46.16,46.16
14B,5,7.0,43.0,48.0,149.0,50.0,197.0,252.98,1111.84,12.13,13484.29,749.13,0.3706,7.0,28.0,24.0,0.0,46.16,46.16
14B,6,7.0,43.0,48.0,149.0,50.0,197.0,252.98,1111.84,12.13,13484.29,749.13,0.3706,7.0,28.0,24.0,0.0,46.16,46.16
14B,7,7.0,43.0,48.0,149.0,50.0,197.0,252.98,1111.84,12.13,13484.29,749.13,0.3706,7.0,28.0,24.0,0.0,46.16,46.16
14B,8,7.0,43.0,48.0,149.0,50.0,197.0,252.98,1111.84,12.13,13484.29,749.13,0.3706,7.0,28.0,24.0,0.0,46.16,46.16
14B,9,7.0,43.0,48.0,149.0,50.0,197.0,252.98,1111.84,12.13,13484.29,749.13,0.3706,7.0,28.0,24.0,0.0,46.16,46.16
14B,10,7.0,43.0,48.0,149.0,50.0,197.0,252.98,1111.84,12.13,13484.29,749.13,0.3706,7.0,28.0,24.0,0.0,46.16,46.16
14B,11,7.0,43.0,48.0,149.0,50.0,197.0,252.98,1111.84,12.13,13484.29,749.13,0.3706,7.0,28.0,24.0,0.0,46.16,46.16
14B,12,7.0,43.0,48.0,145.0,50.0,193.0,252.98,1089.26,11.8,12855.85,714.21,0.3631,7.0,25.0,21.0,0.0,47.3,47.3
14B,13,7.0,43.0,48.0,149.0,50.0,197.0,252.98,1111.84,12.13,13484.29,749.13,0.3706,7.0,28.0,24.0,0.0,46.16,46.16
14B,14,7.0,43.0,48.0,149.0,50.0,197.0,252.98,1111.84,12.13,13484.29,749.13,0.3706,7.0,28.0,24.0,0.0,46.16,46.16
14B,15,7.0,43.0,48.0,149.0,50.0,197.0,252.98,1111.84,12.13,13484.29,749.13,0.3706,7.0,28.0,24.0,0.0,46.16,46.16
14B,16,7.0,43.0,48.0,149.0,50.0,197.0,252.98,1111.84,12.13,13484.29,749.13,0.3706,7.0,28.0,24.0,0.0,46.16,46.16
14B,17,7.0,43.0,48.0,149.0,50.0,197.0,252.98,1111.84,12.13,13484.29,749.13,0.3706,7.0,28.0,24.0,0.0,46.16,46.16
14B,18,7.0,43.0,48.0,145.0,50.0,193.0,252.98,1089.26,11.8,12855.85,714.21,0.3631,7.0,25.0,21.0,0.0,47.3,47.3
14B,19,7.0,43.0,48.0,149.0,50.0,197.0,252.98,1111.84,12.13,13484.29,749.13,0.3706,7.0,28.0,24.0,0.0,46.16,46.16
14B,20,7.0,43.0,48.0,149.0,50.0,197.0,252.98,1111.84,12.13,13484.29,749.13,0.3706,7.0,28.0,24.0,0.0,46.16,46.16
14B,21,7.0,43.0,48.0,149.0,50.0,197.0,252.98,1111.84,12.13,13484.29,749.13,0.3706,7.0,28.0,24.0,0.0,46.16,46.16
14B,22,7.0,42.0,47.0,147.0,49.0,194.0,246.13,1089.25,12.25,13343.36,741.3,0.3631,7.0,28.0,24.0,0.0,46.22,46.22
14B,23,7.0,43.0,48.0,149.0,50.0,197.0,252.98,1111.84,12.13,13484.29,749.13,0.3706,7.0,28.0,24.0,0.0,46.16,46.16
14B,24,7.0,43.0,48.0,149.0,50.0,197.0,252.98,1111.84,12.13,13484.29,749.13,0.3706,7.0,28.0,24.0,0.0,46.16,46.16
14B,25,7.0,43.0,48.0,149.0,50.0,197.0,252.98,1111.84,12.13,13484.29,749.13,0.3706,7.0,28.0,24.0,0.0,46.16,46.16
14B,26,7.0,43.0,48.0,149.0,50.0,197.0,252.98,1111.84,12.13,13484.29,749.13,0.3706,7.0,28.0,24.0,0.0,46.16,46.16
14B,27,7.0,43.0,48.0,149.0,50.0,197.0,252.98,1111.84,12.13,13484.29,749.13,0.3706,7.0,28.0,24.0,0.0,46.16,46.16
14B,28,7.0,43.0,48.0,149.0,50.0,197.0,252.98,1111.84,12.13,13484.29,749.13,0.3706,7.0,28.0,24.0,0.0,46.16,46.16
14B,29,7.0,43.0,48.0,149.0,50.0,197.0,252.98,1111.84,12.13,13484.29,749.13,0.3706,7.0,28.0,24.0,0.0,46.16,46.16
14B,30,7.0,43.0,48.0,149.0,50.0,197.0,252.98,1111.84,12.13,13484.29,749.13,0.3706,7.0,28.0,24.0,0.0,46.16,46.16
14B,31,7.0,43.0,48.0,149.0,50.0,197.0,252.98,1111.84,12.13,13484.29,749.13,0.3706,7.0,28.0,24.0,0.0,46.16,46.16
14B,32,7.0,43.0,48.0,149.0,50.0,197.0,252.98,1111.84,12.13,13484.29,749.13,0.3706,7.0,28.0,24.0,0.0,46.16,46.16
144A,1,7.0,46.0,56.0,201.0,53.0,257.0,273.74,1472.08,15.29,22513.16,1250.73,0.4907,7.0,38.0,32.0,0.06,56.34,42.42
144A,2,8.0,48.0,65.0,200.0,56.0,265.0,292.08,1538.95,16.67,25649.15,1424.95,0.513,9.0,36.0,30.0,0.06,56.84,42.52
144A,3,8.0,48.0,68.0,203.0,56.0,271.0,292.08,1573.79,16.92,26623.33,1479.07,0.5246,9.0,38.0,32.0,0.06,55.87,41.94
144A,4,7.0,46.0,62.0,216.0,53.0,278.0,273.74,1592.36,16.43,26170.12,1453.9,0.5308,7.0,37.0,31.0,0.06,56.55,42.43
144A,5,7.0,46.0,56.0,201.0,53.0,257.0,273.74,1472.08,15.29,22513.16,1250.73,0.4907,7.0,38.0,32.0,0.06,56.34,42.42
144A,6,8.0,48.0,65.0,200.0,56.0,265.0,292.08,1538.95,16.67,25649.15,1424.95,0.513,9.0,36.0,30.0,0.06,56.84,42.52
144A,7,7.0,46.0,62.0,216.0,53.0,278.0,273.74,1592.36,16.43,26170.12,1453.9,0.5308,7.0,37.0,31.0,0.06,56.55,42.43
144A,8,7.0,45.0,58.0,209.0,52.0,267.0,266.78,1522.02,16.26,24741.24,1374.51,0.5073,7.0,36.0,30.0,0.06,57.14,42.83
144A,9,7.0,45.0,58.0,209.0,52.0,267.0,266.78,1522.02,16.26,24741.24,1374.51,0.5073,7.0,36.0,30.0,0.06,57.14,42.83
144A,10,7.0,46.0,56.0,199.0,53.0,255.0,273.74,1460.62,15.14,22115.69,1228.65,0.4869,7.0,37.0,31.0,0.06,56.81,42.69
144A,11,7.0,46.0,56.0,201.0,53.0,257.0,273.74,1472.08,15.29,22513.16,1250.73,0.4907,7.0,38.0,32.0,0.06,56.34,42.42
144A,12,7.0,46.0,56.0,199.0,53.0,255.0,273.74,1460.62,15.14,22115.69,1228.65,0.4869,7.0,37.0,31.0,0.06,56.81,42.69
144A,13,7.0,45.0,58.0,209.0,52.0,267.0,266.78,1522.02,16.26,24741.24,1374.51,0.5073,7.0,36.0,30.0,0.06,57.14,42.83
144A,14,7.0,46.0,56.0,201.0,53.0,257.0,273.74,1472.08,15.29,22513.16,1250.73,0.4907,7.0,38.0,32.0,0.06,56.34,42.42
144A,15,8.0,48.0,65.0,200.0,56.0,265.0,292.08,1538.95,16.67,25649.15,1424.95,0.513,9.0,36.0,30.0,0.06,56.84,42.52
144A,16,7.0,46.0,62.0,216.0,53.0,278.0,273.74,1592.36,16.43,26170.12,1453.9,0.5308,7.0,37.0,31.0,0.06,56.55,42.43
144A,17,7.0,46.0,56.0,201.0,53.0,257.0,273.74,1472.08,15.29,22513.16,1250.73,0.4907,7.0,38.0,32.0,0.06,56.34,42.42
144A,18,7.0,46.0,56.0,201.0,53.0,257.0,273.74,1472.08,15.29,22513.16,1250.73,0.4907,7.0,38.0,32.0,0.06,56.34,42.42
144A,19,7.0,46.0,56.0,201.0,53.0,257.0,273.74,1472.08,15.29,22513.16,1250.73,0.4907,7.0,38.0,32.0,0.06,56.34,42.42
144A,20,7.0,46.0,62.0,216.0,53.0,278.0,273.74,1592.36,16.43,26170.12,1453.9,0.5308,7.0,37.0,31.0,0.06,56.55,42.43
144A,21,7.0,46.0,62.0,216.0,53.0,278.0,273.74,1592.36,16.43,26170.12,1453.9,0.5308,7.0,37.0,31.0,0.06,56.55,42.43
144A,22,8.0,48.0,68.0,203.0,56.0,271.0,292.08,1573.79,16.92,26623.33,1479.07,0.5246,9.0,38.0,32.0,0.06,55.87,41.94
144A,23,7.0,46.0,56.0,201.0,53.0,257.0,273.74,1472.08,15.29,22513.16,1250.73,0.4907,7.0,38.0,32.0,0.06,56.34,42.42
144A,24,7.0,45.0,58.0,209.0,52.0,267.0,266.78,1522.02,16.26,24741.24,1374.51,0.5073,7.0,36.0,30.0,0.06,57.14,42.83
144A,25,7.0,46.0,56.0,201.0,53.0,257.0,273.74,1472.08,15.29,22513.16,1250.73,0.4907,7.0,38.0,32.0,0.06,56.34,42.42
144A,26,7.0,46.0,56.0,201.0,53.0,257.0,273.74,1472.08,15.29,22513.16,1250.73,0.4907,7.0,38.0,32.0,0.06,56.34,42.42
144A,27,7.0,46.0,56.0,201.0,53.0,257.0,273.74,1472.08,15.29,22513.16,1250.73,0.4907,7.0,38.0,32.0,0.06,56.34,42.42
144A,28,7.0,46.0,56.0,201.0,53.0,257.0,273.74,1472.08,15.29,22513.16,1250.73,0.4907,7.0,38.0,32.0,0.06,56.34,42.42
144A,29,7.0,46.0,56.0,201.0,53.0,257.0,273.74,1472.08,15.29,22513.16,1250.73,0.4907,7.0,38.0,32.0,0.06,56.34,42.42
144A,30,7.0,46.0,56.0,201.0,53.0,257.0,273.74,1472.08,15.29,22513.16,1250.73,0.4907,7.0,38.0,32.0,0.06,56.34,42.42
144A,31,8.0,48.0,65.0,200.0,56.0,265.0,292.08,1538.95,16.67,25649.15,1424.95,0.513,9.0,36.0,30.0,0.06,56.84,42.52
144A,32,7.0,46.0,56.0,201.0,53.0,257.0,273.74,1472.08,15.29,22513.16,1250.73,0.4907,7.0,38.0,32.0,0.06,56.34,42.42
147A,1,8.0,36.0,44.0,134.0,44.0,178.0,210.12,971.78,14.89,14468.71,803.82,0.3239,11.0,32.0,28.0,0.0,44.77,44.77
147A,2,8.0,35.0,42.0,131.0,43.0,173.0,203.52,938.74,14.97,14054.34,780.8,0.3129,11.0,31.0,28.0,0.0,45.17,45.17
147A,3,8.0,37.0,42.0,129.0,45.0,171.0,216.75,939.11,13.95,13096.73,727.6,0.313,11.0,31.0,27.0,0.0,45.17,45.17
147A,4,8.0,36.0,44.0,134.0,44.0,178.0,210.12,971.78,14.89,14468.71,803.82,0.3239,11.0,32.0,28.0,0.0,44.77,44.77
147A,5,8.0,37.0,42.0,129.0,45.0,171.0,216.75,939.11,13.95,13096.73,727.6,0.313,11.0,31.0,27.0,0.0,45.17,45.17
147A,6,8.0,35.0,42.0,131.0,43.0,173.0,203.52,938.74,14.97,14054.34,780.8,0.3129,11.0,31.0,28.0,0.0,45.17,45.17
147A,7,8.0,35.0,42.0,131.0,43.0,173.0,203.52,938.74,14.97,14054.34,780.8,0.3129,11.0,31.0,28.0,0.0,45.17,45.17
147A,8,8.0,36.0,44.0,134.0,44.0,178.0,210.12,971.78,14.89,14468.71,803.82,0.3239,11.0,32.0,28.0,0.0,44.77,44.77
147A,9,8.0,37.0,65.0,180.0,45.0,245.0,216.75,1345.5,19.46,26182.78,1454.6,0.4485,13.0,28.0,25.0,0.0,44.77,44.77
147A,10,8.0,35.0,42.0,131.0,43.0,173.0,203.52,938.74,14.97,14054.34,780.8,0.3129,11.0,31.0,28.0,0.0,45.17,45.17
147A,11,8.0,35.0,42.0,131.0,43.0,173.0,203.52,938.74,14.97,14054.34,780.8,0.3129,11.0,31.0,28.0,0.0,45.17,45.17
147A,12,8.0,37.0,42.0,129.0,45.0,171.0,216.75,939.11,13.95,13096.73,727.6,0.313,11.0,31.0,27.0,0.0,45.17,45.17
147A,13,8.0,37.0,42.0,129.0,45.0,171.0,216.75,939.11,13.95,13096.73,727.6,0.313,11.0,31.0,27.0,0.0,45.17,45.17
147A,14,8.0,36.0,44.0,134.0,44.0,178.0,210.12,971.78,14.89,14468.71,803.82,0.3239,11.0,32.0,28.0,0.0,44.77,44.77
147A,15,8.0,36.0,44.0,134.0,44.0,178.0,210.12,971.78,14.89,14468.71,803.82,0.3239,11.0,32.0,28.0,0.0,44.77,44.77
147A,16,8.0,35.0,42.0,131.0,43.0,173.0,203.52,938.74,14.97,14054.34,780.8,0.3129,11.0,31.0,28.0,0.0,45.17,45.17
147A,17,8.0,36.0,44.0,134.0,44.0,178.0,210.12,971.78,14.89,14468.71,803.82,0.3239,11.0,32.0,28.0,0.0,44.77,44.77
147A,18,8.0,36.0,45.0,134.0,44.0,179.0,210.12,977.24,14.89,14549.99,808.33,0.3257,11.0,32.0,28.0,0.0,44.75,44.75
147A,19,8.0,37.0,42.0,129.0,45.0,171.0,216.75,939.11,13.95,13096.73,727.6,0.313,11.0,31.0,27.0,0.0,45.17,45.17
147A,20,8.0,35.0,40.0,121.0,43.0,161.0,203.52,873.63,13.83,12081.04,671.17,0.2912,10.0,28.0,25.0,0.0,46.49,46.49
147A,21,8.0,35.0,42.0,131.0,43.0,173.0,203.52,938.74,14.97,14054.34,780.8,0.3129,11.0,31.0,28.0,0.0,45.17,45.17
147A,22,8.0,36.0,44.0,134.0,44.0,178.0,210.12,971.78,14.89,14468.71,803.82,0.3239,11.0,32.0,28.0,0.0,44.77,44.77
147A,23,8.0,35.0,42.0,131.0,43.0,173.0,203.52,938.74,14.97,14054.34,780.8,0.3129,11.0,31.0,28.0,0.0,45.17,45.17
147A,24,8.0,37.0,42.0,129.0,45.0,171.0,216.75,939.11,13.95,13096.73,727.6,0.313,11.0,31.0,27.0,0.0,45.17,45.17
147A,25,8.0,37.0,42.0,129.0,45.0,171.0,216.75,939.11,13.95,13096.73,727.6,0.313,11.0,31.0,27.0,0.0,45.17,45.17
147A,26,8.0,37.0,42.0,129.0,45.0,171.0,216.75,939.11,13.95,13096.73,727.6,0.313,11.0,31.0,27.0,0.0,45.17,45.17
147A,27,8.0,37.0,42.0,129.0,45.0,171.0,216.75,939.11,13.95,13096.73,727.6,0.313,11.0,31.0,27.0,0.0,45.17,45.17
147A,28,8.0,37.0,42.0,129.0,45.0,171.0,216.75,939.11,13.95,13096.73,727.6,0.313,11.0,31.0,27.0,0.0,45.17,45.17
147A,29,8.0,37.0,42.0,129.0,45.0,171.0,216.75,939.11,13.95,13096.73,727.6,0.313,11.0,31.0,27.0,0.0,45.17,45.17
147A,30,8.0,35.0,42.0,131.0,43.0,173.0,203.52,938.74,14.97,14054.34,780.8,0.3129,11.0,31.0,28.0,0.0,45.17,45.17
147A,31,8.0,37.0,42.0,129.0,45.0,171.0,216.75,939.11,13.95,13096.73,727.6,0.313,11.0,31.0,27.0,0.0,45.17,45.17
147A,32,8.0,37.0,65.0,180.0,45.0,245.0,216.75,1345.5,19.46,26182.78,1454.6,0.4485,13.0,28.0,25.0,0.0,44.77,44.77
15E,1,8.0,33.0,25.0,66.0,41.0,91.0,190.47,487.54,8.0,3900.3,216.68,0.1625,2.0,14.0,11.0,0.0,55.91,55.91
15E,2,7.0,35.0,32.0,89.0,42.0,121.0,199.18,652.47,8.9,5806.99,322.61,0.2175,3.0,19.0,16.0,0.0,51.99,51.99
15E,3,7.0,41.0,39.0,100.0,48.0,139.0,239.31,776.31,8.54,6627.03,368.17,0.2588,4.0,20.0,17.0,0.0,50.85,50.85
15E,4,8.0,37.0,33.0,113.0,45.0,146.0,216.75,801.81,12.22,9795.09,544.17,0.2673,4.0,21.0,18.0,0.0,50.28,50.28
15E,5,7.0,37.0,32.0,86.0,44.0,118.0,212.4,644.21,8.14,5240.76,291.15,0.2147,3.0,19.0,16.0,0.0,52.03,52.03
15E,6,7.0,37.0,32.0,86.0,44.0,118.0,212.4,644.21,8.14,5240.76,291.15,0.2147,3.0,19.0,16.0,0.0,52.03,52.03
15E,7,8.0,41.0,41.0,149.0,49.0,190.0,243.66,1066.79,14.54,15507.55,861.53,0.3556,6.0,28.0,25.0,0.0,46.42,46.42
15E,8,8.0,33.0,25.0,66.0,41.0,91.0,190.47,487.54,8.0,3900.3,216.68,0.1625,2.0,14.0,11.0,0.0,55.91,55.91
15E,9,8.0,42.0,45.0,168.0,50.0,213.0,250.48,1202.14,16.0,19234.26,1068.57,0.4007,6.0,29.0,26.0,0.0,45.73,45.73
15E,10,8.0,37.0,33.0,113.0,45.0,146.0,216.75,801.81,12.22,9795.09,544.17,0.2673,4.0,22.0,19.0,0.0,49.84,49.84
15E,11,8.0,33.0,25.0,66.0,41.0,91.0,190.47,487.54,8.0,3900.3,216.68,0.1625,2.0,14.0,11.0,0.0,55.91,55.91
15E,12,8.0,41.0,44.0,156.0,49.0,200.0,243.66,1122.94,15.22,17090.63,949.48,0.3743,6.0,29.0,26.0,0.0,45.93,45.93
15E,13,7.0,41.0,41.0,102.0,48.0,143.0,239.31,798.65,8.71,6954.1,386.34,0.2662,4.0,20.0,17.0,0.0,50.76,50.76
15E,14,7.0,41.0,39.0,100.0,48.0,139.0,239.31,776.31,8.54,6627.03,368.17,0.2588,4.0,20.0,17.0,0.0,50.85,50.85
15E,15,8.0,42.0,45.0,165.0,50.0,210.0,250.48,1185.21,15.71,18624.73,1034.71,0.3951,6.0,30.0,27.0,0.0,45.45,45.45
15E,16,8.0,39.0,39.0,152.0,47.0,191.0,230.13,1060.93,15.59,16539.57,918.87,0.3536,5.0,26.0,23.0,0.0,47.28,47.28
15E,17,7.0,41.0,39.0,100.0,48.0,139.0,239.31,776.31,8.54,6627.03,368.17,0.2588,4.0,20.0,17.0,0.0,50.85,50.85
15E,18,8.0,42.0,45.0,168.0,50.0,213.0,250.48,1202.14,16.0,19234.26,1068.57,0.4007,6.0,29.0,26.0,0.0,45.73,45.73
15E,19,8.0,33.0,25.0,66.0,41.0,91.0,190.47,487.54,8.0,3900.3,216.68,0.1625,2.0,14.0,11.0,0.0,55.91,55.91
15E,20,8.0,42.0,45.0,165.0,50.0,210.0,250.48,1185.21,15.71,18624.73,1034.71,0.3951,6.0,30.0,27.0,0.0,45.45,45.45
15E,21,8.0,32.0,28.0,71.0,40.0,99.0,184.0,526.87,8.88,4675.98,259.78,0.1756,2.0,15.0,12.0,0.0,55.02,55.02
15E,22,7.0,37.0,32.0,86.0,44.0,118.0,212.4,644.21,8.14,5240.76,291.15,0.2147,3.0,19.0,16.0,0.0,52.03,52.03
15E,23,8.0,37.0,33.0,112.0,45.0,145.0,216.75,796.32,12.11,9641.91,535.66,0.2654,4.0,21.0,18.0,0.0,50.31,50.31
15E,24,8.0,39.0,39.0,152.0,47.0,191.0,230.13,1060.93,15.59,16539.57,918.87,0.3536,5.0,26.0,23.0,0.0,47.28,47.28
15E,25,7.0,32.0,25.0,66.0,39.0,91.0,179.65,480.97,7.22,3472.01,192.89,0.1603,2.0,14.0,11.0,0.0,55.95,55.95
15E,26,8.0,42.0,45.0,166.0,50.0,211.0,250.48,1190.85,15.81,18826.83,1045.93,0.397,6.0,29.0,26.0,0.0,45.76,45.76
15E,27,7.0,41.0,41.0,102.0,48.0,143.0,239.31,798.65,8.71,6954.1,386.34,0.2662,4.0,20.0,17.0,0.0,50.76,50.76
15E,28,7.0,41.0,41.0,102.0,48.0,143.0,239.31,798.65,8.71,6954.1,386.34,0.2662,4.0,20.0,17.0,0.0,50.76,50.76
15E,29,7.0,32.0,25.0,66.0,39.0,91.0,179.65,480.97,7.22,3472.01,192.89,0.1603,2.0,14.0,11.0,0.0,55.95,55.95
15E,30,8.0,38.0,38.0,142.0,46.0,180.0,223.42,994.24,14.95,14861.29,825.63,0.3314,5.0,26.0,23.0,0.0,47.47,47.47
15E,31,8.0,33.0,25.0,66.0,41.0,91.0,190.47,487.54,8.0,3900.3,216.68,0.1625,2.0,14.0,11.0,0.0,55.91,55.91
15E,32,7.0,41.0,41.0,102.0,48.0,143.0,239.31,798.65,8.71,6954.1,386.34,0.2662,4.0,20.0,17.0,0.0,50.76,50.76
151A,1,5.0,35.0,34.0,90.0,40.0,124.0,191.13,659.92,6.43,4242.34,235.69,0.22,1.0,15.0,13.0,0.0,54.47,54.47
151A,2,5.0,35.0,34.0,90.0,40.0,124.0,191.13,659.92,6.43,4242.34,235.69,0.22,1.0,15.0,13.0,0.0,54.47,54.47
151A,3,5.0,35.0,34.0,90.0,40.0,124.0,191.13,659.92,6.43,4242.34,235.69,0.22,1.0,15.0,13.0,0.0,54.47,54.47
151A,4,5.0,35.0,34.0,90.0,40.0,124.0,191.13,659.92,6.43,4242.34,235.69,0.22,1.0,15.0,13.0,0.0,54.47,54.47
151A,5,5.0,35.0,34.0,90.0,40.0,124.0,191.13,659.92,6.43,4242.34,235.69,0.22,1.0,15.0,13.0,0.0,54.47,54.47
151A,6,5.0,35.0,34.0,90.0,40.0,124.0,191.13,659.92,6.43,4242.34,235.69,0.22,1.0,15.0,13.0,0.0,54.47,54.47
151A,7,5.0,35.0,34.0,90.0,40.0,124.0,191.13,659.92,6.43,4242.34,235.69,0.22,1.0,15.0,13.0,0.0,54.47,54.47
151A,8,5.0,35.0,34.0,90.0,40.0,124.0,191.13,659.92,6.43,4242.34,235.69,0.22,1.0,15.0,13.0,0.0,54.47,54.47
151A,9,5.0,34.0,33.0,86.0,39.0,119.0,184.58,628.96,6.32,3977.27,220.96,0.2097,1.0,14.0,12.0,0.0,55.27,55.27
151A,10,5.0,35.0,34.0,90.0,40.0,124.0,191.13,659.92,6.43,4242.34,235.69,0.22,1.0,15.0,13.0,0.0,54.47,54.47
151A,11,5.0,35.0,34.0,90.0,40.0,124.0,191.13,659.92,6.43,4242.34,235.69,0.22,1.0,15.0,13.0,0.0,54.47,54.47
151A,12,5.0,35.0,34.0,90.0,40.0,124.0,191.13,659.92,6.43,4242.34,235.69,0.22,1.0,15.0,13.0,0.0,54.47,54.47
151A,13,5.0,35.0,34.0,90.0,40.0,124.0,191.13,659.92,6.43,4242.34,235.69,0.22,1.0,15.0,13.0,0.0,54.47,54.47
151A,14,5.0,35.0,34.0,90.0,40.0,124.0,191.13,659.92,6.43,4242.34,235.69,0.22,1.0,15.0,13.0,0.0,54.47,54.47
151A,15,5.0,35.0,34.0,90.0,40.0,124.0,191.13,659.92,6.43,4242.34,235.69,0.22,1.0,15.0,13.0,0.0,54.47,54.47
151A,16,5.0,35.0,34.0,90.0,40.0,124.0,191.13,659.92,6.43,4242.34,235.69,0.22,1.0,15.0,13.0,0.0,54.47,54.47
151A,17,5.0,35.0,34.0,90.0,40.0,124.0,191.13,659.92,6.43,4242.34,235.69,0.22,1.0,15.0,13.0,0.0,54.47,54.47
151A,18,5.0,35.0,34.0,90.0,40.0,124.0,191.13,659.92,6.43,4242.34,235.69,0.22,1.0,15.0,13.0,0.0,54.47,54.47
151A,19,5.0,35.0,34.0,90.0,40.0,124.0,191.13,659.92,6.43,4242.34,235.69,0.22,1.0,15.0,13.0,0.0,54.47,54.47
151A,20,5.0,35.0,34.0,90.0,40.0,124.0,191.13,659.92,6.43,4242.34,235.69,0.22,1.0,15.0,13.0,0.0,54.47,54.47
151A,21,5.0,35.0,34.0,90.0,40.0,124.0,191.13,659.92,6.43,4242.34,235.69,0.22,1.0,15.0,13.0,0.0,54.47,54.47
151A,22,5.0,34.0,33.0,86.0,39.0,119.0,184.58,628.96,6.32,3977.27,220.96,0.2097,1.0,14.0,12.0,0.0,55.27,55.27
151A,23,5.0,35.0,34.0,90.0,40.0,124.0,191.13,659.92,6.43,4242.34,235.69,0.22,1.0,15.0,13.0,0.0,54.47,54.47
151A,24,5.0,35.0,34.0,90.0,40.0,124.0,191.13,659.92,6.43,4242.34,235.69,0.22,1.0,15.0,13.0,0.0,54.47,54.47
151A,25,5.0,35.0,34.0,90.0,40.0,124.0,191.13,659.92,6.43,4242.34,235.69,0.22,1.0,15.0,13.0,0.0,54.47,54.47
151A,26,5.0,35.0,34.0,90.0,40.0,124.0,191.13,659.92,6.43,4242.34,235.69,0.22,1.0,15.0,13.0,0.0,54.47,54.47
151A,27,5.0,35.0,34.0,90.0,40.0,124.0,191.13,659.92,6.43,4242.34,235.69,0.22,1.0,15.0,13.0,0.0,54.47,54.47
151A,28,5.0,34.0,33.0,86.0,39.0,119.0,184.58,628.96,6.32,3977.27,220.96,0.2097,1.0,14.0,12.0,0.0,55.27,55.27
151A,29,5.0,34.0,33.0,86.0,39.0,119.0,184.58,628.96,6.32,3977.27,220.96,0.2097,1.0,14.0,12.0,0.0,55.27,55.27
151A,30,5.0,35.0,34.0,90.0,40.0,124.0,191.13,659.92,6.43,4242.34,235.69,0.22,1.0,15.0,13.0,0.0,54.47,54.47
151A,31,5.0,34.0,33.0,86.0,39.0,119.0,184.58,628.96,6.32,3977.27,220.96,0.2097,1.0,14.0,12.0,0.0,55.27,55.27
151A,32,5.0,35.0,34.0,90.0,40.0,124.0,191.13,659.92,6.43,4242.34,235.69,0.22,1.0,15.0,13.0,0.0,54.47,54.47
166A,1,8.0,43.0,56.0,190.0,51.0,246.0,257.33,1395.42,17.67,24663.18,1370.18,0.4651,7.0,31.0,27.0,0.0,44.51,44.51
166A,2,8.0,43.0,56.0,190.0,51.0,246.0,257.33,1395.42,17.67,24663.18,1370.18,0.4651,7.0,31.0,27.0,0.0,44.51,44.51
166A,3,8.0,43.0,56.0,190.0,51.0,246.0,257.33,1395.42,17.67,24663.18,1370.18,0.4651,7.0,31.0,27.0,0.0,44.51,44.51
166A,4,8.0,43.0,56.0,190.0,51.0,246.0,257.33,1395.42,17.67,24663.18,1370.18,0.4651,7.0,31.0,27.0,0.0,44.51,44.51
166A,5,8.0,43.0,56.0,190.0,51.0,246.0,257.33,1395.42,17.67,24663.18,1370.18,0.4651,7.0,31.0,27.0,0.0,44.51,44.51
166A,6,8.0,43.0,56.0,190.0,51.0,246.0,257.33,1395.42,17.67,24663.18,1370.18,0.4651,7.0,31.0,27.0,0.0,44.51,44.51
166A,7,8.0,43.0,56.0,190.0,51.0,246.0,257.33,1395.42,17.67,24663.18,1370.18,0.4651,7.0,31.0,27.0,0.0,44.51,44.51
166A,8,8.0,43.0,56.0,190.0,51.0,246.0,257.33,1395.42,17.67,24663.18,1370.18,0.4651,7.0,31.0,27.0,0.0,44.51,44.51
166A,9,8.0,43.0,56.0,190.0,51.0,246.0,257.33,1395.42,17.67,24663.18,1370.18,0.4651,7.0,31.0,27.0,0.0,44.51,44.51
166A,10,8.0,43.0,56.0,190.0,51.0,246.0,257.33,1395.42,17.67,24663.18,1370.18,0.4651,7.0,31.0,27.0,0.0,44.51,44.51
166A,11,8.0,43.0,56.0,190.0,51.0,246.0,257.33,1395.42,17.67,24663.18,1370.18,0.4651,7.0,31.0,27.0,0.0,44.51,44.51
166A,12,8.0,43.0,56.0,190.0,51.0,246.0,257.33,1395.42,17.67,24663.18,1370.18,0.4651,7.0,31.0,27.0,0.0,44.51,44.51
166A,13,8.0,43.0,56.0,190.0,51.0,246.0,257.33,1395.42,17.67,24663.18,1370.18,0.4651,7.0,31.0,27.0,0.0,44.51,44.51
166A,14,8.0,43.0,56.0,190.0,51.0,246.0,257.33,1395.42,17.67,24663.18,1370.18,0.4651,7.0,31.0,27.0,0.0,44.51,44.51
166A,15,8.0,43.0,56.0,190.0,51.0,246.0,257.33,1395.42,17.67,24663.18,1370.18,0.4651,7.0,31.0,27.0,0.0,44.51,44.51
166A,16,8.0,43.0,56.0,190.0,51.0,246.0,257.33,1395.42,17.67,24663.18,1370.18,0.4651,7.0,31.0,27.0,0.0,44.51,44.51
166A,17,8.0,43.0,56.0,190.0,51.0,246.0,257.33,1395.42,17.67,24663.18,1370.18,0.4651,7.0,31.0,27.0,0.0,44.51,44.51
166A,18,8.0,43.0,56.0,190.0,51.0,246.0,257.33,1395.42,17.67,24663.18,1370.18,0.4651,7.0,31.0,27.0,0.0,44.51,44.51
166A,19,8.0,43.0,56.0,190.0,51.0,246.0,257.33,1395.42,17.67,24663.18,1370.18,0.4651,7.0,31.0,27.0,0.0,44.51,44.51
166A,20,8.0,43.0,56.0,190.0,51.0,246.0,257.33,1395.42,17.67,24663.18,1370.18,0.4651,7.0,31.0,27.0,0.0,44.51,44.51
166A,21,8.0,43.0,56.0,190.0,51.0,246.0,257.33,1395.42,17.67,24663.18,1370.18,0.4651,7.0,31.0,27.0,0.0,44.51,44.51
166A,22,8.0,43.0,56.0,190.0,51.0,246.0,257.33,1395.42,17.67,24663.18,1370.18,0.4651,7.0,31.0,27.0,0.0,44.51,44.51
166A,23,8.0,43.0,56.0,190.0,51.0,246.0,257.33,1395.42,17.67,24663.18,1370.18,0.4651,7.0,31.0,27.0,0.0,44.51,44.51
166A,24,8.0,43.0,56.0,190.0,51.0,246.0,257.33,1395.42,17.67,24663.18,1370.18,0.4651,7.0,31.0,27.0,0.0,44.51,44.51
166A,25,8.0,43.0,56.0,190.0,51.0,246.0,257.33,1395.42,17.67,24663.18,1370.18,0.4651,7.0,31.0,27.0,0.0,44.51,44.51
166A,26,8.0,43.0,56.0,190.0,51.0,246.0,257.33,1395.42,17.67,24663.18,1370.18,0.4651,7.0,31.0,27.0,0.0,44.51,44.51
166A,27,8.0,43.0,56.0,190.0,51.0,246.0,257.33,1395.42,17.67,24663.18,1370.18,0.4651,7.0,31.0,27.0,0.0,44.51,44.51
166A,28,8.0,43.0,56.0,190.0,51.0,246.0,257.33,1395.42,17.67,24663.18,1370.18,0.4651,7.0,31.0,27.0,0.0,44.51,44.51
166A,29,8.0,43.0,56.0,190.0,51.0,246.0,257.33,1395.42,17.67,24663.18,1370.18,0.4651,7.0,31.0,27.0,0.0,44.51,44.51
166A,30,8.0,43.0,56.0,190.0,51.0,246.0,257.33,1395.42,17.67,24663.18,1370.18,0.4651,7.0,31.0,27.0,0.0,44.51,44.51
166A,31,8.0,43.0,56.0,190.0,51.0,246.0,257.33,1395.42,17.67,24663.18,1370.18,0.4651,7.0,31.0,27.0,0.0,44.51,44.51
166A,32,8.0,43.0,56.0,190.0,51.0,246.0,257.33,1395.42,17.67,24663.18,1370.18,0.4651,7.0,31.0,27.0,0.0,44.51,44.51
168C,1,8.0,52.0,61.0,217.0,60.0,278.0,320.42,1642.12,16.69,27410.7,1522.82,0.5474,8.0,39.0,35.0,0.0,41.7,41.7
168C,2,7.0,49.0,54.0,210.0,56.0,264.0,294.77,1533.14,15.0,22997.13,1277.62,0.511,7.0,39.0,35.0,0.0,42.05,42.05
168C,3,7.0,48.0,55.0,210.0,55.0,265.0,287.73,1532.06,15.31,23459.67,1303.32,0.5107,7.0,39.0,35.0,0.0,42.05,42.05
168C,4,8.0,48.0,57.0,212.0,56.0,269.0,292.08,1562.18,17.67,27598.49,1533.25,0.5207,8.0,39.0,35.0,0.0,41.85,41.85
168C,5,9.0,55.0,65.0,240.0,64.0,305.0,346.5,1830.0,19.64,35934.55,1996.36,0.61,8.0,41.0,37.0,0.0,40.9,40.9
168C,6,8.0,76.0,76.0,253.0,84.0,329.0,498.84,2103.07,13.32,28004.07,1555.78,0.701,7.0,44.0,36.0,0.08,55.66,39.94
168C,7,8.0,75.0,76.0,252.0,83.0,328.0,491.16,2091.01,13.44,28103.21,1561.29,0.697,7.0,42.0,33.0,0.11,58.62,40.4
168C,8,8.0,97.0,90.0,330.0,105.0,420.0,664.19,2819.98,13.61,38375.03,2131.95,0.94,7.0,54.0,42.0,0.14,57.54,37.11
168C,9,8.0,94.0,86.0,329.0,102.0,415.0,640.13,2769.06,14.0,38766.79,2153.71,0.923,8.0,56.0,45.0,0.12,55.57,36.69
168C,10,8.0,53.0,64.0,224.0,61.0,288.0,327.58,1708.05,16.91,28875.75,1604.21,0.5694,8.0,41.0,36.0,0.0,41.11,41.11
168C,11,8.0,73.0,75.0,250.0,81.0,325.0,475.86,2060.45,13.7,28225.36,1568.08,0.6868,7.0,43.0,35.0,0.08,56.12,40.22
168C,12,8.0,53.0,63.0,220.0,61.0,283.0,327.58,1678.4,16.6,27867.75,1548.21,0.5595,8.0,40.0,35.0,0.0,41.4,41.4
168C,13,8.0,48.0,57.0,212.0,56.0,269.0,292.08,1562.18,17.67,27598.49,1533.25,0.5207,8.0,39.0,35.0,0.0,41.85,41.85
168C,14,8.0,52.0,61.0,217.0,60.0,278.0,320.42,1642.12,16.69,27410.7,1522.82,0.5474,8.0,39.0,35.0,0.0,41.7,41.7
168C,15,8.0,53.0,63.0,220.0,61.0,283.0,327.58,1678.4,16.6,27867.75,1548.21,0.5595,8.0,40.0,35.0,0.0,41.4,41.4
168C,16,8.0,68.0,67.0,243.0,76.0,310.0,437.95,1936.86,14.29,27685.67,1538.09,0.6456,6.0,44.0,37.0,0.07,55.87,40.33
168C,17,8.0,49.0,57.0,212.0,57.0,269.0,299.12,1569.05,17.31,27154.13,1508.56,0.523,8.0,39.0,35.0,0.0,41.84,41.84
168C,18,9.0,49.0,63.0,222.0,58.0,285.0,303.65,1669.52,20.39,34037.86,1890.99,0.5565,8.0,39.0,35.0,0.0,41.65,41.65
168C,19,8.0,52.0,61.0,217.0,60.0,278.0,320.42,1642.12,16.69,27410.7,1522.82,0.5474,8.0,39.0,35.0,0.0,41.7,41.7
168C,20,8.0,53.0,63.0,220.0,61.0,283.0,327.58,1678.4,16.6,27867.75,1548.21,0.5595,8.0,40.0,35.0,0.0,41.4,41.4
168C,21,8.0,53.0,63.0,220.0,61.0,283.0,327.58,1678.4,16.6,27867.75,1548.21,0.5595,8.0,40.0,35.0,0.0,41.4,41.4
168C,22,8.0,68.0,71.0,246.0,76.0,317.0,437.95,1980.59,14.47,28660.35,1592.24,0.6602,6.0,44.0,37.0,0.07,55.8,40.26
168C,23,8.0,74.0,75.0,250.0,82.0,325.0,483.5,2066.2,13.51,27921.68,1551.2,0.6887,7.0,43.0,35.0,0.08,56.12,40.21
168C,24,8.0,49.0,57.0,212.0,57.0,269.0,299.12,1569.05,17.31,27154.13,1508.56,0.523,8.0,39.0,35.0,0.0,41.84,41.84
168C,25,8.0,70.0,69.0,223.0,78.0,292.0,453.05,1835.34,12.74,23387.44,1299.3,0.6118,5.0,38.0,30.0,0.09,58.93,42.01
168C,26,8.0,53.0,63.0,220.0,61.0,283.0,327.58,1678.4,16.6,27867.75,1548.21,0.5595,8.0,40.0,35.0,0.0,41.4,41.4
168C,27,8.0,54.0,63.0,221.0,62.0,284.0,334.76,1690.99,16.37,27682.16,1537.9,0.5637,8.0,41.0,36.0,0.0,41.14,41.14
168C,28,8.0,53.0,63.0,220.0,61.0,283.0,327.58,1678.4,16.6,27867.75,1548.21,0.5595,8.0,40.0,35.0,0.0,41.4,41.4
168C,29,8.0,49.0,57.0,210.0,57.0,267.0,299.12,1557.38,17.14,26697.97,1483.22,0.5191,8.0,39.0,35.0,0.0,41.86,41.86
168C,30,8.0,49.0,57.0,210.0,57.0,267.0,299.12,1557.38,17.14,26697.97,1483.22,0.5191,8.0,39.0,35.0,0.0,41.86,41.86
168C,31,8.0,53.0,63.0,220.0,61.0,283.0,327.58,1678.4,16.6,27867.75,1548.21,0.5595,8.0,40.0,35.0,0.0,41.4,41.4
168C,32,8.0,64.0,72.0,221.0,72.0,293.0,408.0,1807.79,13.81,24970.07,1387.23,0.6026,5.0,37.0,29.0,0.09,59.46,42.31
173A,1,7.0,48.0,61.0,154.0,55.0,215.0,287.73,1242.99,11.23,13957.77,775.43,0.4143,9.0,25.0,22.0,0.0,46.63,46.63
173A,2,8.0,49.0,62.0,151.0,57.0,213.0,299.12,1242.41,12.33,15314.55,850.81,0.4141,9.0,23.0,21.0,0.0,47.42,47.42
173A,3,8.0,50.0,62.0,154.0,58.0,216.0,306.19,1265.32,12.32,15588.79,866.04,0.4218,9.0,24.0,22.0,0.0,46.96,46.96
173A,4,11.0,52.0,123.0,298.0,63.0,421.0,334.48,2516.43,31.52,79316.09,4406.45,0.8388,21.0,39.0,37.0,0.0,38.66,38.66
173A,5,8.0,50.0,62.0,156.0,58.0,218.0,306.19,1277.04,12.48,15937.46,885.41,0.4257,9.0,24.0,22.0,0.0,46.93,46.93
173A,6,7.0,48.0,61.0,154.0,55.0,215.0,287.73,1242.99,11.23,13957.77,775.43,0.4143,9.0,25.0,22.0,0.0,46.63,46.63
173A,7,7.0,48.0,61.0,154.0,55.0,215.0,287.73,1242.99,11.23,13957.77,775.43,0.4143,9.0,25.0,22.0,0.0,46.63,46.63
173A,8,8.0,49.0,61.0,149.0,57.0,210.0,299.12,1224.91,12.16,14898.87,827.71,0.4083,9.0,22.0,20.0,0.0,47.88,47.88
173A,9,7.0,48.0,61.0,155.0,55.0,216.0,287.73,1248.77,11.3,14113.74,784.1,0.4163,9.0,26.0,23.0,0.0,46.24,46.24
173A,10,7.0,47.0,60.0,149.0,54.0,209.0,280.72,1202.77,11.1,13345.65,741.42,0.4009,9.0,23.0,20.0,0.0,47.52,47.52
173A,11,8.0,50.0,62.0,154.0,58.0,216.0,306.19,1265.32,12.32,15588.79,866.04,0.4218,9.0,24.0,22.0,0.0,46.96,46.96
173A,12,8.0,49.0,62.0,151.0,57.0,213.0,299.12,1242.41,12.33,15314.55,850.81,0.4141,9.0,23.0,21.0,0.0,47.42,47.42
173A,13,8.0,50.0,62.0,154.0,58.0,216.0,306.19,1265.32,12.32,15588.79,866.04,0.4218,9.0,24.0,22.0,0.0,46.96,46.96
173A,14,7.0,48.0,61.0,154.0,55.0,215.0,287.73,1242.99,11.23,13957.77,775.43,0.4143,9.0,25.0,22.0,0.0,46.63,46.63
173A,15,7.0,48.0,61.0,154.0,55.0,215.0,287.73,1242.99,11.23,13957.77,775.43,0.4143,9.0,25.0,22.0,0.0,46.63,46.63
173A,16,7.0,47.0,60.0,149.0,54.0,209.0,280.72,1202.77,11.1,13345.65,741.42,0.4009,9.0,23.0,20.0,0.0,47.52,47.52
173A,17,7.0,48.0,61.0,154.0,55.0,215.0,287.73,1242.99,11.23,13957.77,775.43,0.4143,9.0,25.0,22.0,0.0,46.63,46.63
173A,18,7.0,47.0,60.0,150.0,54.0,210.0,280.72,1208.53,11.17,13499.5,749.97,0.4028,9.0,24.0,21.0,0.0,47.1,47.1
173A,19,9.0,54.0,109.0,278.0,63.0,387.0,339.29,2313.21,23.17,53589.3,2977.18,0.7711,17.0,40.0,38.0,0.0,39.21,39.21
173A,20,8.0,50.0,62.0,154.0,58.0,216.0,306.19,1265.32,12.32,15588.79,866.04,0.4218,9.0,24.0,22.0,0.0,46.96,46.96
173A,21,8.0,50.0,62.0,154.0,58.0,216.0,306.19,1265.32,12.32,15588.79,866.04,0.4218,9.0,24.0,22.0,0.0,46.96,46.96
173A,22,7.0,48.0,61.0,154.0,55.0,215.0,287.73,1242.99,11.23,13957.77,775.43,0.4143,9.0,25.0,22.0,0.0,46.63,46.63
173A,23,7.0,48.0,61.0,154.0,55.0,215.0,287.73,1242.99,11.23,13957.77,775.43,0.4143,9.0,25.0,22.0,0.0,46.63,46.63
173A,24,8.0,50.0,62.0,154.0,58.0,216.0,306.19,1265.32,12.32,15588.79,866.04,0.4218,9.0,24.0,22.0,0.0,46.96,46.96
173A,25,7.0,47.0,61.0,151.0,54.0,212.0,280.72,1220.04,11.24,13718.92,762.16,0.4067,9.0,24.0,21.0,0.0,47.07,47.07
173A,26,7.0,48.0,61.0,154.0,55.0,215.0,287.73,1242.99,11.23,13957.77,775.43,0.4143,9.0,25.0,22.0,0.0,46.63,46.63
173A,27,8.0,50.0,62.0,156.0,58.0,218.0,306.19,1277.04,12.48,15937.46,885.41,0.4257,9.0,24.0,22.0,0.0,46.93,46.93
173A,28,7.0,47.0,60.0,150.0,54.0,210.0,280.72,1208.53,11.17,13499.5,749.97,0.4028,9.0,24.0,21.0,0.0,47.1,47.1
173A,29,9.0,52.0,105.0,256.0,61.0,361.0,324.95,2141.0,22.15,47431.3,2635.07,0.7137,17.0,38.0,36.0,0.0,39.93,39.93
173A,30,8.0,49.0,62.0,151.0,57.0,213.0,299.12,1242.41,12.33,15314.55,850.81,0.4141,9.0,23.0,21.0,0.0,47.42,47.42
173A,31,7.0,47.0,60.0,149.0,54.0,209.0,280.72,1202.77,11.1,13345.65,741.42,0.4009,9.0,23.0,20.0,0.0,47.52,47.52
173A,32,8.0,50.0,62.0,156.0,58.0,218.0,306.19,1277.04,12.48,15937.46,885.41,0.4257,9.0,24.0,22.0,0.0,46.93,46.93
175C,1,9.0,85.0,88.0,348.0,94.0,436.0,573.33,2857.8,18.42,52650.78,2925.04,0.9526,8.0,58.0,50.0,0.07,51.72,36.26
175C,2,10.0,132.0,132.0,552.0,142.0,684.0,963.08,4890.43,20.91,102254.38,5680.8,1.6301,12.0,81.0,66.0,0.14,51.35,30.92
175C,3,9.0,67.0,74.0,282.0,76.0,356.0,434.96,2224.26,18.94,42128.19,2340.45,0.7414,7.0,44.0,40.0,0.05,52.4,39.77
175C,4,9.0,71.0,79.0,346.0,80.0,425.0,465.16,2686.82,21.93,58920.82,3273.38,0.8956,9.0,52.0,48.0,0.04,48.98,37.35
175C,5,9.0,85.0,88.0,348.0,94.0,436.0,573.33,2857.8,18.42,52650.78,2925.04,0.9526,8.0,58.0,50.0,0.07,51.72,36.26
175C,6,9.0,102.0,93.0,367.0,111.0,460.0,709.12,3125.43,16.19,50604.41,2811.36,1.0418,10.0,62.0,52.0,0.1,52.97,35.08
175C,7,9.0,77.0,83.0,353.0,86.0,436.0,511.07,2801.85,20.63,57801.83,3211.21,0.934,9.0,55.0,48.0,0.06,50.61,36.69
175C,8,10.0,126.0,90.0,422.0,136.0,512.0,912.36,3628.78,16.75,60767.68,3375.98,1.2096,8.0,61.0,46.0,0.19,57.94,35.05
175C,9,10.0,128.0,106.0,457.0,138.0,563.0,929.22,4002.1,17.85,71443.73,3969.1,1.334,8.0,66.0,49.0,0.21,57.57,34.01
175C,10,9.0,67.0,71.0,261.0,76.0,332.0,434.96,2074.31,17.53,36362.38,2020.13,0.6914,7.0,42.0,38.0,0.05,53.34,40.42
175C,11,9.0,70.0,80.0,322.0,79.0,402.0,457.58,2534.12,20.7,52456.28,2914.24,0.8447,9.0,52.0,46.0,0.04,49.39,37.52
175C,12,9.0,77.0,83.0,353.0,86.0,436.0,511.07,2801.85,20.63,57801.83,3211.21,0.934,9.0,55.0,48.0,0.06,50.61,36.69
175C,13,9.0,67.0,79.0,312.0,76.0,391.0,434.96,2442.94,20.96,51192.35,2844.02,0.8143,9.0,51.0,45.0,0.04,49.8,37.82
175C,14,8.0,67.0,80.0,298.0,75.0,378.0,430.43,2354.49,17.79,41888.9,2327.16,0.7848,7.0,43.0,39.0,0.05,52.59,39.82
175C,15,9.0,49.0,71.0,238.0,58.0,309.0,303.65,1810.12,21.86,39563.97,2198.0,0.6034,8.0,43.0,41.0,0.0,40.48,40.48
175C,16,8.0,76.0,92.0,357.0,84.0,449.0,498.84,2870.15,18.79,53928.62,2996.03,0.9567,9.0,57.0,50.0,0.06,49.96,36.27
175C,17,7.0,54.0,70.0,261.0,61.0,331.0,330.42,1963.07,16.92,33208.67,1844.93,0.6544,7.0,46.0,44.0,0.0,39.73,39.73
175C,18,9.0,48.0,71.0,235.0,57.0,306.0,296.61,1784.86,22.03,39322.79,2184.6,0.595,8.0,42.0,40.0,0.0,40.75,40.75
175C,19,9.0,127.0,101.0,435.0,136.0,536.0,916.09,3798.88,15.41,58553.6,3252.98,1.2663,8.0,59.0,45.0,0.18,57.63,35.23
175C,20,9.0,68.0,80.0,319.0,77.0,399.0,442.48,2500.45,21.11,52785.19,2932.51,0.8335,9.0,52.0,46.0,0.04,49.43,37.56
175C,21,10.0,96.0,99.0,357.0,106.0,456.0,665.38,3067.93,18.59,57044.36,3169.13,1.0226,9.0,58.0,48.0,0.11,54.34,35.91
175C,22,9.0,73.0,75.0,299.0,82.0,374.0,480.39,2377.72,18.43,43825.04,2434.72,0.7926,7.0,47.0,41.0,0.05,51.43,38.94
175C,23,9.0,102.0,100.0,410.0,111.0,510.0,709.12,3465.15,18.09,62678.49,3482.14,1.1551,10.0,63.0,50.0,0.15,55.58,34.62
175C,24,9.0,98.0,110.0,418.0,107.0,528.0,676.77,3559.49,19.19,68320.5,3795.58,1.1865,10.0,66.0,56.0,0.1,51.48,34.1
175C,25,9.0,79.0,85.0,318.0,88.0,403.0,526.53,2603.15,18.11,47153.28,2619.63,0.8677,9.0,53.0,46.0,0.06,51.44,37.26
175C,26,9.0,70.0,75.0,291.0,79.0,366.0,457.58,2307.18,18.71,43160.82,2397.82,0.7691,8.0,49.0,43.0,0.04,50.73,38.51
175C,27,10.0,111.0,91.0,399.0,121.0,490.0,787.4,3390.24,17.97,60932.75,3385.15,1.1301,9.0,60.0,50.0,0.11,53.44,35.28
175C,28,9.0,66.0,78.0,283.0,75.0,361.0,427.46,2248.6,19.3,43387.83,2410.43,0.7495,9.0,48.0,45.0,0.02,47.33,38.64
175C,29,9.0,67.0,74.0,279.0,76.0,353.0,434.96,2205.52,18.74,41328.78,2296.04,0.7352,7.0,44.0,40.0,0.05,52.43,39.8
175C,30,9.0,73.0,77.0,329.0,82.0,406.0,480.39,2581.17,20.28,52348.17,2908.23,0.8604,7.0,47.0,43.0,0.04,50.92,38.69
175C,31,10.0,94.0,92.0,328.0,104.0,420.0,649.35,2814.18,17.45,49098.54,2727.7,0.9381,8.0,56.0,47.0,0.1,53.97,36.64
175C,32,9.0,73.0,74.0,278.0,82.0,352.0,480.39,2237.86,17.14,38350.15,2130.56,0.746,6.0,41.0,37.0,0.05,53.63,40.56
177D1,1,7.0,33.0,48.0,139.0,40.0,187.0,186.12,995.2,14.74,14671.67,815.09,0.3317,6.0,19.0,16.0,0.0,50.31,50.31
177D1,2,6.0,32.0,51.0,147.0,38.0,198.0,175.51,1039.09,13.78,14319.95,795.55,0.3464,6.0,19.0,16.0,0.0,50.18,50.18
177D1,3,6.0,32.0,51.0,147.0,38.0,198.0,175.51,1039.09,13.78,14319.95,795.55,0.3464,6.0,19.0,16.0,0.0,50.18,50.18
177D1,4,6.0,32.0,51.0,147.0,38.0,198.0,175.51,1039.09,13.78,14319.95,795.55,0.3464,6.0,19.0,16.0,0.0,50.18,50.18
177D1,5,6.0,32.0,51.0,147.0,38.0,198.0,175.51,1039.09,13.78,14319.95,795.55,0.3464,6.0,19.0,16.0,0.0,50.18,50.18
177D1,6,6.0,32.0,51.0,147.0,38.0,198.0,175.51,1039.09,13.78,14319.95,795.55,0.3464,6.0,19.0,16.0,0.0,50.18,50.18
177D1,7,6.0,32.0,51.0,147.0,38.0,198.0,175.51,1039.09,13.78,14319.95,795.55,0.3464,6.0,19.0,16.0,0.0,50.18,50.18
177D1,8,6.0,32.0,51.0,147.0,38.0,198.0,175.51,1039.09,13.78,14319.95,795.55,0.3464,6.0,19.0,16.0,0.0,50.18,50.18
177D1,9,7.0,33.0,48.0,139.0,40.0,187.0,186.12,995.2,14.74,14671.67,815.09,0.3317,6.0,19.0,16.0,0.0,50.31,50.31
177D1,10,7.0,33.0,48.0,139.0,40.0,187.0,186.12,995.2,14.74,14671.67,815.09,0.3317,6.0,19.0,16.0,0.0,50.31,50.31
177D1,11,6.0,32.0,51.0,147.0,38.0,198.0,175.51,1039.09,13.78,14319.95,795.55,0.3464,6.0,19.0,16.0,0.0,50.18,50.18
177D1,12,6.0,32.0,51.0,147.0,38.0,198.0,175.51,1039.09,13.78,14319.95,795.55,0.3464,6.0,19.0,16.0,0.0,50.18,50.18
177D1,13,6.0,32.0,51.0,147.0,38.0,198.0,175.51,1039.09,13.78,14319.95,795.55,0.3464,6.0,19.0,16.0,0.0,50.18,50.18
177D1,14,7.0,33.0,48.0,139.0,40.0,187.0,186.12,995.2,14.74,14671.67,815.09,0.3317,6.0,19.0,16.0,0.0,50.31,50.31
177D1,15,7.0,33.0,48.0,139.0,40.0,187.0,186.12,995.2,14.74,14671.67,815.09,0.3317,6.0,19.0,16.0,0.0,50.31,50.31
177D1,16,7.0,33.0,48.0,139.0,40.0,187.0,186.12,995.2,14.74,14671.67,815.09,0.3317,6.0,19.0,16.0,0.0,50.31,50.31
177D1,17,7.0,33.0,48.0,139.0,40.0,187.0,186.12,995.2,14.74,14671.67,815.09,0.3317,6.0,19.0,16.0,0.0,50.31,50.31
177D1,18,6.0,32.0,51.0,147.0,38.0,198.0,175.51,1039.09,13.78,14319.95,795.55,0.3464,6.0,19.0,16.0,0.0,50.18,50.18
177D1,19,7.0,33.0,48.0,139.0,40.0,187.0,186.12,995.2,14.74,14671.67,815.09,0.3317,6.0,19.0,16.0,0.0,50.31,50.31
177D1,20,6.0,32.0,51.0,147.0,38.0,198.0,175.51,1039.09,13.78,14319.95,795.55,0.3464,6.0,19.0,16.0,0.0,50.18,50.18
177D1,21,7.0,33.0,48.0,139.0,40.0,187.0,186.12,995.2,14.74,14671.67,815.09,0.3317,6.0,19.0,16.0,0.0,50.31,50.31
177D1,22,7.0,33.0,48.0,139.0,40.0,187.0,186.12,995.2,14.74,14671.67,815.09,0.3317,6.0,19.0,16.0,0.0,50.31,50.31
177D1,23,7.0,33.0,48.0,139.0,40.0,187.0,186.12,995.2,14.74,14671.67,815.09,0.3317,6.0,19.0,16.0,0.0,50.31,50.31
177D1,24,6.0,32.0,51.0,147.0,38.0,198.0,175.51,1039.09,13.78,14319.95,795.55,0.3464,6.0,19.0,16.0,0.0,50.18,50.18
177D1,25,6.0,32.0,51.0,147.0,38.0,198.0,175.51,1039.09,13.78,14319.95,795.55,0.3464,6.0,19.0,16.0,0.0,50.18,50.18
177D1,26,6.0,32.0,51.0,147.0,38.0,198.0,175.51,1039.09,13.78,14319.95,795.55,0.3464,6.0,19.0,16.0,0.0,50.18,50.18
177D1,27,6.0,32.0,51.0,147.0,38.0,198.0,175.51,1039.09,13.78,14319.95,795.55,0.3464,6.0,19.0,16.0,0.0,50.18,50.18
177D1,28,6.0,32.0,51.0,147.0,38.0,198.0,175.51,1039.09,13.78,14319.95,795.55,0.3464,6.0,19.0,16.0,0.0,50.18,50.18
177D1,29,6.0,32.0,51.0,147.0,38.0,198.0,175.51,1039.09,13.78,14319.95,795.55,0.3464,6.0,19.0,16.0,0.0,50.18,50.18
177D1,30,7.0,33.0,48.0,139.0,40.0,187.0,186.12,995.2,14.74,14671.67,815.09,0.3317,6.0,19.0,16.0,0.0,50.31,50.31
177D1,31,7.0,33.0,48.0,139.0,40.0,187.0,186.12,995.2,14.74,14671.67,815.09,0.3317,6.0,19.0,16.0,0.0,50.31,50.31
177D1,32,7.0,33.0,48.0,139.0,40.0,187.0,186.12,995.2,14.74,14671.67,815.09,0.3317,6.0,19.0,16.0,0.0,50.31,50.31
177B1,1,6.0,33.0,27.0,97.0,39.0,124.0,181.97,655.39,8.82,5779.35,321.07,0.2185,5.0,19.0,17.0,0.0,51.71,51.71
177B1,2,6.0,34.0,27.0,100.0,40.0,127.0,188.48,675.88,8.82,5963.69,331.32,0.2253,5.0,20.0,18.0,0.0,51.13,51.13
177B1,3,6.0,33.0,27.0,97.0,39.0,124.0,181.97,655.39,8.82,5779.35,321.07,0.2185,5.0,19.0,17.0,0.0,51.71,51.71
177B1,4,6.0,33.0,27.0,97.0,39.0,124.0,181.97,655.39,8.82,5779.35,321.07,0.2185,5.0,19.0,17.0,0.0,51.71,51.71
177B1,5,6.0,33.0,27.0,97.0,39.0,124.0,181.97,655.39,8.82,5779.35,321.07,0.2185,5.0,19.0,17.0,0.0,51.71,51.71
177B1,6,6.0,34.0,27.0,100.0,40.0,127.0,188.48,675.88,8.82,5963.69,331.32,0.2253,5.0,20.0,18.0,0.0,51.13,51.13
177B1,7,6.0,33.0,27.0,97.0,39.0,124.0,181.97,655.39,8.82,5779.35,321.07,0.2185,5.0,19.0,17.0,0.0,51.71,51.71
177B1,8,6.0,33.0,27.0,97.0,39.0,124.0,181.97,655.39,8.82,5779.35,321.07,0.2185,5.0,19.0,17.0,0.0,51.71,51.71
177B1,9,6.0,32.0,28.0,100.0,38.0,128.0,175.51,671.73,9.38,6297.51,349.86,0.2239,6.0,20.0,18.0,0.0,51.02,51.02
177B1,10,6.0,32.0,28.0,100.0,38.0,128.0,175.51,671.73,9.38,6297.51,349.86,0.2239,6.0,20.0,18.0,0.0,51.02,51.02
177B1,11,6.0,33.0,27.0,97.0,39.0,124.0,181.97,655.39,8.82,5779.35,321.07,0.2185,5.0,19.0,17.0,0.0,51.71,51.71
177B1,12,6.0,33.0,27.0,97.0,39.0,124.0,181.97,655.39,8.82,5779.35,321.07,0.2185,5.0,19.0,17.0,0.0,51.71,51.71
177B1,13,6.0,33.0,26.0,96.0,39.0,122.0,181.97,644.82,8.73,5627.51,312.64,0.2149,5.0,19.0,17.0,0.0,51.76,51.76
177B1,14,6.0,32.0,28.0,100.0,38.0,128.0,175.51,671.73,9.38,6297.51,349.86,0.2239,6.0,20.0,18.0,0.0,51.02,51.02
177B1,15,6.0,33.0,26.0,96.0,39.0,122.0,181.97,644.82,8.73,5627.51,312.64,0.2149,5.0,19.0,17.0,0.0,51.76,51.76
177B1,16,6.0,33.0,26.0,96.0,39.0,122.0,181.97,644.82,8.73,5627.51,312.64,0.2149,5.0,19.0,17.0,0.0,51.76,51.76
177B1,17,6.0,32.0,28.0,100.0,38.0,128.0,175.51,671.73,9.38,6297.51,349.86,0.2239,6.0,20.0,18.0,0.0,51.02,51.02
177B1,18,6.0,33.0,27.0,97.0,39.0,124.0,181.97,655.39,8.82,5779.35,321.07,0.2185,5.0,19.0,17.0,0.0,51.71,51.71
177B1,19,6.0,32.0,28.0,100.0,38.0,128.0,175.51,671.73,9.38,6297.51,349.86,0.2239,6.0,20.0,18.0,0.0,51.02,51.02
177B1,20,6.0,32.0,29.0,101.0,38.0,130.0,175.51,682.23,9.47,6459.87,358.88,0.2274,6.0,20.0,18.0,0.0,50.97,50.97
177B1,21,6.0,33.0,26.0,96.0,39.0,122.0,181.97,644.82,8.73,5627.51,312.64,0.2149,5.0,19.0,17.0,0.0,51.76,51.76
177B1,22,6.0,33.0,27.0,97.0,39.0,124.0,181.97,655.39,8.82,5779.35,321.07,0.2185,5.0,19.0,17.0,0.0,51.71,51.71
177B1,23,7.0,33.0,28.0,98.0,40.0,126.0,186.12,670.56,10.39,6969.79,387.21,0.2235,5.0,20.0,18.0,0.0,51.16,51.16
177B1,24,6.0,32.0,28.0,100.0,38.0,128.0,175.51,671.73,9.38,6297.51,349.86,0.2239,6.0,20.0,18.0,0.0,51.02,51.02
177B1,25,6.0,33.0,26.0,96.0,39.0,122.0,181.97,644.82,8.73,5627.51,312.64,0.2149,5.0,19.0,17.0,0.0,51.76,51.76
177B1,26,6.0,33.0,26.0,96.0,39.0,122.0,181.97,644.82,8.73,5627.51,312.64,0.2149,5.0,19.0,17.0,0.0,51.76,51.76
177B1,27,6.0,33.0,27.0,97.0,39.0,124.0,181.97,655.39,8.82,5779.35,321.07,0.2185,5.0,19.0,17.0,0.0,51.71,51.71
177B1,28,6.0,33.0,27.0,97.0,39.0,124.0,181.97,655.39,8.82,5779.35,321.07,0.2185,5.0,19.0,17.0,0.0,51.71,51.71
177B1,29,6.0,32.0,29.0,101.0,38.0,130.0,175.51,682.23,9.47,6459.87,358.88,0.2274,6.0,20.0,18.0,0.0,50.97,50.97
177B1,30,6.0,32.0,28.0,100.0,38.0,128.0,175.51,671.73,9.38,6297.51,349.86,0.2239,6.0,20.0,18.0,0.0,51.02,51.02
177B1,31,6.0,33.0,27.0,97.0,39.0,124.0,181.97,655.39,8.82,5779.35,321.07,0.2185,5.0,19.0,17.0,0.0,51.71,51.71
177B1,32,6.0,32.0,28.0,100.0,38.0,128.0,175.51,671.73,9.38,6297.51,349.86,0.2239,6.0,20.0,18.0,0.0,51.02,51.02
177B2,1,6.0,33.0,27.0,97.0,39.0,124.0,181.97,655.39,8.82,5779.35,321.07,0.2185,5.0,19.0,17.0,0.0,51.71,51.71
177B2,2,6.0,32.0,29.0,101.0,38.0,130.0,175.51,682.23,9.47,6459.87,358.88,0.2274,6.0,20.0,18.0,0.0,50.97,50.97
177B2,3,6.0,33.0,27.0,97.0,39.0,124.0,181.97,655.39,8.82,5779.35,321.07,0.2185,5.0,19.0,17.0,0.0,51.71,51.71
177B2,4,6.0,32.0,29.0,101.0,38.0,130.0,175.51,682.23,9.47,6459.87,358.88,0.2274,6.0,20.0,18.0,0.0,50.97,50.97
177B2,5,6.0,34.0,27.0,100.0,40.0,127.0,188.48,675.88,8.82,5963.69,331.32,0.2253,5.0,20.0,18.0,0.0,51.13,51.13
177B2,6,6.0,32.0,28.0,100.0,38.0,128.0,175.51,671.73,9.38,6297.51,349.86,0.2239,6.0,20.0,18.0,0.0,51.02,51.02
177B2,7,6.0,32.0,28.0,100.0,38.0,128.0,175.51,671.73,9.38,6297.51,349.86,0.2239,6.0,20.0,18.0,0.0,51.02,51.02
177B2,8,6.0,33.0,27.0,97.0,39.0,124.0,181.97,655.39,8.82,5779.35,321.07,0.2185,5.0,19.0,17.0,0.0,51.71,51.71
177B2,9,6.0,32.0,28.0,100.0,38.0,128.0,175.51,671.73,9.38,6297.51,349.86,0.2239,6.0,20.0,18.0,0.0,51.02,51.02
177B2,10,6.0,34.0,28.0,100.0,40.0,128.0,188.48,681.21,8.82,6010.65,333.92,0.2271,5.0,19.0,17.0,0.0,51.59,51.59
177B2,11,6.0,33.0,26.0,96.0,39.0,122.0,181.97,644.82,8.73,5627.51,312.64,0.2149,5.0,19.0,17.0,0.0,51.76,51.76
177B2,12,6.0,32.0,28.0,100.0,38.0,128.0,175.51,671.73,9.38,6297.51,349.86,0.2239,6.0,20.0,18.0,0.0,51.02,51.02
177B2,13,6.0,33.0,27.0,97.0,39.0,124.0,181.97,655.39,8.82,5779.35,321.07,0.2185,5.0,19.0,17.0,0.0,51.71,51.71
177B2,14,6.0,34.0,27.0,100.0,40.0,127.0,188.48,675.88,8.82,5963.69,331.32,0.2253,5.0,20.0,18.0,0.0,51.13,51.13
177B2,15,6.0,34.0,28.0,100.0,40.0,128.0,188.48,681.21,8.82,6010.65,333.92,0.2271,5.0,19.0,17.0,0.0,51.59,51.59
177B2,16,6.0,33.0,27.0,97.0,39.0,124.0,181.97,655.39,8.82,5779.35,321.07,0.2185,5.0,19.0,17.0,0.0,51.71,51.71
177B2,17,6.0,32.0,28.0,100.0,38.0,128.0,175.51,671.73,9.38,6297.51,349.86,0.2239,6.0,20.0,18.0,0.0,51.02,51.02
177B2,18,6.0,33.0,27.0,97.0,39.0,124.0,181.97,655.39,8.82,5779.35,321.07,0.2185,5.0,19.0,17.0,0.0,51.71,51.71
177B2,19,6.0,32.0,28.0,100.0,38.0,128.0,175.51,671.73,9.38,6297.51,349.86,0.2239,6.0,20.0,18.0,0.0,51.02,51.02
177B2,20,6.0,33.0,27.0,97.0,39.0,124.0,181.97,655.39,8.82,5779.35,321.07,0.2185,5.0,19.0,17.0,0.0,51.71,51.71
177B2,21,6.0,33.0,27.0,97.0,39.0,124.0,181.97,655.39,8.82,5779.35,321.07,0.2185,5.0,19.0,17.0,0.0,51.71,51.71
177B2,22,6.0,32.0,28.0,100.0,38.0,128.0,175.51,671.73,9.38,6297.51,349.86,0.2239,6.0,20.0,18.0,0.0,51.02,51.02
177B2,23,6.0,33.0,27.0,97.0,39.0,124.0,181.97,655.39,8.82,5779.35,321.07,0.2185,5.0,19.0,17.0,0.0,51.71,51.71
177B2,24,6.0,33.0,26.0,96.0,39.0,122.0,181.97,644.82,8.73,5627.51,312.64,0.2149,5.0,19.0,17.0,0.0,51.76,51.76
177B2,25,6.0,32.0,29.0,101.0,38.0,130.0,175.51,682.23,9.47,6459.87,358.88,0.2274,6.0,20.0,18.0,0.0,50.97,50.97
177B2,26,6.0,33.0,26.0,96.0,39.0,122.0,181.97,644.82,8.73,5627.51,312.64,0.2149,5.0,19.0,17.0,0.0,51.76,51.76
177B2,27,6.0,34.0,27.0,100.0,40.0,127.0,188.48,675.88,8.82,5963.69,331.32,0.2253,5.0,20.0,18.0,0.0,51.13,51.13
177B2,28,6.0,33.0,27.0,97.0,39.0,124.0,181.97,655.39,8.82,5779.35,321.07,0.2185,5.0,19.0,17.0,0.0,51.71,51.71
177B2,29,6.0,34.0,28.0,100.0,40.0,128.0,188.48,681.21,8.82,6010.65,333.92,0.2271,5.0,19.0,17.0,0.0,51.59,51.59
177B2,30,6.0,32.0,29.0,101.0,38.0,130.0,175.51,682.23,9.47,6459.87,358.88,0.2274,6.0,20.0,18.0,0.0,50.97,50.97
177B2,31,6.0,33.0,27.0,97.0,39.0,124.0,181.97,655.39,8.82,5779.35,321.07,0.2185,5.0,19.0,17.0,0.0,51.71,51.71
177B2,32,6.0,32.0,28.0,100.0,38.0,128.0,175.51,671.73,9.38,6297.51,349.86,0.2239,6.0,20.0,18.0,0.0,51.02,51.02
183A,1,6.0,47.0,64.0,179.0,53.0,243.0,276.58,1391.88,11.43,15903.02,883.5,0.464,8.0,37.0,34.0,0.0,42.7,42.7
183A,2,7.0,54.0,50.0,216.0,61.0,266.0,330.42,1577.58,14.0,22086.07,1227.0,0.5259,6.0,34.0,31.0,0.0,43.39,43.39
183A,3,7.0,54.0,51.0,202.0,61.0,253.0,330.42,1500.48,13.09,19645.13,1091.4,0.5002,5.0,30.0,27.0,0.0,44.87,44.87
183A,4,7.0,63.0,63.0,236.0,70.0,299.0,396.22,1832.66,13.11,24028.15,1334.9,0.6109,5.0,34.0,31.0,0.0,43.07,43.07
183A,5,7.0,48.0,64.0,234.0,55.0,298.0,287.73,1722.85,17.06,29396.05,1633.11,0.5743,10.0,31.0,28.0,0.0,43.46,43.46
183A,6,8.0,68.0,113.0,513.0,76.0,626.0,437.95,3911.2,30.18,118026.29,6557.02,1.3037,22.0,58.0,55.0,0.0,33.42,33.42
183A,7,7.0,67.0,91.0,445.0,74.0,536.0,426.08,3328.27,23.25,77369.79,4298.32,1.1094,17.0,54.0,51.0,0.0,35.26,35.26
183A,8,6.0,47.0,78.0,277.0,53.0,355.0,276.58,2033.41,17.68,35952.45,1997.36,0.6778,12.0,39.0,36.0,0.0,40.51,40.51
183A,9,6.0,50.0,63.0,212.0,56.0,275.0,297.7,1597.02,12.72,20314.13,1128.56,0.5323,11.0,29.0,26.0,0.0,44.19,44.19
183A,10,7.0,58.0,91.0,284.0,65.0,375.0,359.41,2258.39,17.14,38704.1,2150.23,0.7528,17.0,37.0,34.0,0.0,40.02,40.02
183A,11,6.0,55.0,66.0,274.0,61.0,340.0,333.48,2016.45,14.95,30136.77,1674.27,0.6722,12.0,32.0,29.0,0.0,42.41,42.41
183A,12,9.0,53.0,82.0,265.0,62.0,347.0,332.11,2066.11,22.5,46487.39,2582.63,0.6887,14.0,40.0,37.0,0.0,39.96,39.96
183A,13,6.0,55.0,55.0,210.0,61.0,265.0,333.48,1571.65,11.45,18002.48,1000.14,0.5239,8.0,30.0,27.0,0.0,44.32,44.32
183A,14,9.0,69.0,84.0,362.0,78.0,446.0,450.02,2803.29,23.61,66182.01,3676.78,0.9344,10.0,46.0,43.0,0.0,38.24,38.24
183A,15,6.0,50.0,114.0,402.0,56.0,516.0,297.7,2996.6,24.12,72277.87,4015.44,0.9989,17.0,63.0,60.0,0.0,34.12,34.12
183A,16,8.0,58.0,107.0,489.0,66.0,596.0,363.76,3602.46,33.72,121489.82,6749.43,1.2008,11.0,52.0,49.0,0.0,36.18,36.18
183A,17,7.0,68.0,106.0,490.0,75.0,596.0,433.6,3712.38,25.22,93628.3,5201.57,1.2375,19.0,45.0,42.0,0.0,36.39,36.39
183A,18,9.0,69.0,102.0,352.0,78.0,454.0,450.02,2853.57,22.96,65508.1,3639.34,0.9512,16.0,51.0,48.0,0.0,36.4,36.4
183A,19,7.0,57.0,64.0,258.0,64.0,322.0,352.13,1932.0,15.84,30606.95,1700.39,0.644,9.0,31.0,28.0,0.0,43.25,43.25
183A,20,8.0,64.0,151.0,452.0,72.0,603.0,408.0,3720.46,28.25,105103.13,5839.06,1.2402,27.0,56.0,53.0,0.0,33.23,33.23
183A,21,6.0,52.0,70.0,263.0,58.0,333.0,311.93,1950.71,15.17,29598.24,1644.35,0.6502,12.0,29.0,26.0,0.0,43.45,43.45
183A,22,7.0,56.0,52.0,175.0,63.0,227.0,344.86,1356.84,10.94,14840.47,824.47,0.4523,8.0,28.0,25.0,0.0,45.42,45.42
183A,23,6.0,57.0,67.0,277.0,63.0,344.0,347.98,2056.18,14.58,29977.0,1665.39,0.6854,11.0,34.0,31.0,0.0,41.91,41.91
183A,24,6.0,52.0,69.0,249.0,58.0,318.0,311.93,1862.84,14.37,26760.38,1486.69,0.6209,12.0,31.0,28.0,0.0,42.96,42.96
183A,25,6.0,55.0,66.0,274.0,61.0,340.0,333.48,2016.45,14.95,30136.77,1674.27,0.6722,12.0,32.0,29.0,0.0,42.41,42.41
183A,26,6.0,55.0,66.0,274.0,61.0,340.0,333.48,2016.45,14.95,30136.77,1674.27,0.6722,12.0,32.0,29.0,0.0,42.41,42.41
183A,27,7.0,61.0,54.0,283.0,68.0,337.0,381.43,2051.47,16.24,33311.25,1850.62,0.6838,9.0,33.0,30.0,0.0,42.47,42.47
183A,28,8.0,62.0,57.0,295.0,70.0,352.0,393.16,2157.51,19.03,41062.24,2281.24,0.7192,10.0,33.0,30.0,0.0,42.19,42.19
183A,29,6.0,57.0,57.0,214.0,63.0,271.0,347.98,1619.84,11.26,18244.55,1013.59,0.5399,8.0,31.0,28.0,0.0,43.92,43.92
183A,30,7.0,53.0,57.0,249.0,60.0,306.0,323.23,1807.51,16.44,29721.58,1651.2,0.6025,9.0,30.0,27.0,0.0,43.76,43.76
183A,31,7.0,54.0,51.0,202.0,61.0,253.0,330.42,1500.48,13.09,19645.13,1091.4,0.5002,5.0,30.0,27.0,0.0,44.87,44.87
183A,32,9.0,69.0,102.0,352.0,78.0,454.0,450.02,2853.57,22.96,65508.1,3639.34,0.9512,16.0,51.0,48.0,0.0,36.4,36.4
185A,1,7.0,37.0,35.0,140.0,44.0,175.0,212.4,955.4,13.24,12652.6,702.92,0.3185,5.0,27.0,24.0,0.0,47.24,47.24
185A,2,7.0,40.0,38.0,143.0,47.0,181.0,232.53,1005.38,12.51,12579.82,698.88,0.3351,5.0,27.0,24.0,0.0,47.08,47.08
185A,3,7.0,40.0,38.0,143.0,47.0,181.0,232.53,1005.38,12.51,12579.82,698.88,0.3351,5.0,27.0,24.0,0.0,47.08,47.08
185A,4,7.0,33.0,33.0,121.0,40.0,154.0,186.12,819.58,12.83,10517.9,584.33,0.2732,5.0,25.0,22.0,0.0,48.43,48.43
185A,5,7.0,40.0,38.0,143.0,47.0,181.0,232.53,1005.38,12.51,12579.82,698.88,0.3351,5.0,27.0,24.0,0.0,47.08,47.08
185A,6,8.0,38.0,39.0,144.0,46.0,183.0,223.42,1010.81,15.16,15321.78,851.21,0.3369,5.0,26.0,23.0,0.0,47.42,47.42
185A,7,7.0,40.0,38.0,143.0,47.0,181.0,232.53,1005.38,12.51,12579.82,698.88,0.3351,5.0,27.0,24.0,0.0,47.08,47.08
185A,8,7.0,40.0,38.0,143.0,47.0,181.0,232.53,1005.38,12.51,12579.82,698.88,0.3351,5.0,27.0,24.0,0.0,47.08,47.08
185A,9,8.0,33.0,36.0,132.0,41.0,168.0,190.47,900.07,16.0,14401.1,800.06,0.3,5.0,26.0,23.0,0.0,47.78,47.78
185A,10,7.0,33.0,33.0,121.0,40.0,154.0,186.12,819.58,12.83,10517.9,584.33,0.2732,5.0,24.0,21.0,0.0,48.82,48.82
185A,11,7.0,40.0,38.0,143.0,47.0,181.0,232.53,1005.38,12.51,12579.82,698.88,0.3351,5.0,27.0,24.0,0.0,47.08,47.08
185A,12,7.0,37.0,35.0,140.0,44.0,175.0,212.4,955.4,13.24,12652.6,702.92,0.3185,5.0,27.0,24.0,0.0,47.24,47.24
185A,13,7.0,37.0,30.0,145.0,44.0,175.0,212.4,955.4,13.72,13104.48,728.03,0.3185,6.0,27.0,24.0,0.0,47.1,47.1
185A,14,7.0,40.0,33.0,148.0,47.0,181.0,232.53,1005.38,12.95,13019.68,723.32,0.3351,6.0,27.0,24.0,0.0,46.95,46.95
185A,15,8.0,34.0,36.0,135.0,42.0,171.0,196.97,922.09,15.88,14644.9,813.61,0.3074,5.0,28.0,25.0,0.0,47.0,47.0
185A,16,7.0,37.0,35.0,140.0,44.0,175.0,212.4,955.4,13.24,12652.6,702.92,0.3185,5.0,27.0,24.0,0.0,47.24,47.24
185A,17,8.0,38.0,39.0,144.0,46.0,183.0,223.42,1010.81,15.16,15321.78,851.21,0.3369,5.0,26.0,23.0,0.0,47.42,47.42
185A,18,7.0,37.0,35.0,140.0,44.0,175.0,212.4,955.4,13.24,12652.6,702.92,0.3185,5.0,27.0,24.0,0.0,47.24,47.24
185A,19,7.0,33.0,33.0,121.0,40.0,154.0,186.12,819.58,12.83,10517.9,584.33,0.2732,5.0,25.0,22.0,0.0,48.43,48.43
185A,20,8.0,35.0,36.0,141.0,43.0,177.0,203.52,960.45,16.11,15476.95,859.83,0.3201,5.0,27.0,24.0,0.0,47.22,47.22
185A,21,7.0,40.0,38.0,143.0,47.0,181.0,232.53,1005.38,12.51,12579.82,698.88,0.3351,5.0,27.0,24.0,0.0,47.08,47.08
185A,22,8.0,38.0,34.0,149.0,46.0,183.0,223.42,1010.81,15.68,15853.79,880.77,0.3369,6.0,27.0,24.0,0.0,46.93,46.93
185A,23,7.0,37.0,35.0,140.0,44.0,175.0,212.4,955.4,13.24,12652.6,702.92,0.3185,5.0,27.0,24.0,0.0,47.24,47.24
185A,24,8.0,35.0,36.0,141.0,43.0,177.0,203.52,960.45,16.11,15476.95,859.83,0.3201,5.0,27.0,24.0,0.0,47.22,47.22
185A,25,8.0,33.0,36.0,132.0,41.0,168.0,190.47,900.07,16.0,14401.1,800.06,0.3,5.0,26.0,23.0,0.0,47.78,47.78
185A,26,7.0,37.0,30.0,145.0,44.0,175.0,212.4,955.4,13.72,13104.48,728.03,0.3185,6.0,27.0,24.0,0.0,47.1,47.1
185A,27,7.0,37.0,35.0,140.0,44.0,175.0,212.4,955.4,13.24,12652.6,702.92,0.3185,5.0,27.0,24.0,0.0,47.24,47.24
185A,28,7.0,40.0,33.0,148.0,47.0,181.0,232.53,1005.38,12.95,13019.68,723.32,0.3351,6.0,27.0,24.0,0.0,46.95,46.95
185A,29,7.0,37.0,35.0,140.0,44.0,175.0,212.4,955.4,13.24,12652.6,702.92,0.3185,5.0,27.0,24.0,0.0,47.24,47.24
185A,30,7.0,37.0,30.0,145.0,44.0,175.0,212.4,955.4,13.72,13104.48,728.03,0.3185,6.0,27.0,24.0,0.0,47.1,47.1
185A,31,8.0,33.0,31.0,137.0,41.0,168.0,190.47,900.07,16.61,14946.6,830.37,0.3,6.0,27.0,24.0,0.0,47.28,47.28
185A,32,8.0,33.0,36.0,132.0,41.0,168.0,190.47,900.07,16.0,14401.1,800.06,0.3,5.0,26.0,23.0,0.0,47.78,47.78
193E,1,7.0,35.0,33.0,124.0,42.0,157.0,199.18,846.59,12.4,10497.76,583.21,0.2822,4.0,22.0,19.0,0.0,49.68,49.68
193E,2,7.0,36.0,37.0,122.0,43.0,159.0,205.77,862.78,11.86,10233.48,568.53,0.2876,4.0,27.0,24.0,0.0,47.68,47.68
193E,3,7.0,35.0,33.0,124.0,42.0,157.0,199.18,846.59,12.4,10497.76,583.21,0.2822,4.0,22.0,19.0,0.0,49.68,49.68
193E,4,8.0,64.0,50.0,201.0,72.0,251.0,408.0,1548.65,12.56,19454.93,1080.83,0.5162,4.0,32.0,23.0,0.18,66.54,44.29
193E,5,8.0,77.0,44.0,225.0,85.0,269.0,506.54,1724.13,11.69,20152.12,1119.56,0.5747,4.0,36.0,27.0,0.13,62.46,42.85
193E,6,8.0,76.0,57.0,252.0,84.0,309.0,498.84,1975.23,13.26,26197.74,1455.43,0.6584,7.0,46.0,37.0,0.1,57.16,39.71
193E,7,9.0,62.0,48.0,199.0,71.0,247.0,397.69,1518.99,14.44,21939.57,1218.87,0.5063,6.0,34.0,27.0,0.07,58.48,43.51
193E,8,7.0,37.0,35.0,119.0,44.0,154.0,212.4,840.75,11.26,9464.15,525.79,0.2803,5.0,22.0,19.0,0.0,49.57,49.57
193E,9,7.0,40.0,39.0,141.0,47.0,180.0,232.53,999.83,12.34,12335.35,685.3,0.3333,4.0,31.0,27.0,0.0,45.92,45.92
193E,10,8.0,37.0,37.0,147.0,45.0,184.0,216.75,1010.5,15.89,16058.77,892.15,0.3368,5.0,22.0,19.0,0.0,49.01,49.01
193E,11,7.0,40.0,42.0,200.0,47.0,242.0,232.53,1344.21,17.5,23523.68,1306.87,0.4481,7.0,32.0,27.0,0.0,44.32,44.32
193E,12,8.0,37.0,37.0,147.0,45.0,184.0,216.75,1010.5,15.89,16058.77,892.15,0.3368,5.0,22.0,19.0,0.0,49.01,49.01
193E,13,7.0,40.0,42.0,200.0,47.0,242.0,232.53,1344.21,17.5,23523.68,1306.87,0.4481,7.0,32.0,27.0,0.0,44.32,44.32
193E,14,8.0,76.0,44.0,224.0,84.0,268.0,498.84,1713.14,11.79,20197.03,1122.06,0.571,4.0,36.0,27.0,0.13,62.48,42.87
193E,15,7.0,37.0,35.0,119.0,44.0,154.0,212.4,840.75,11.26,9464.15,525.79,0.2803,5.0,22.0,19.0,0.0,49.57,49.57
193E,16,7.0,36.0,37.0,122.0,43.0,159.0,205.77,862.78,11.86,10233.48,568.53,0.2876,4.0,27.0,24.0,0.0,47.68,47.68
193E,17,9.0,66.0,58.0,199.0,75.0,257.0,427.46,1600.81,13.57,21720.03,1206.67,0.5336,6.0,37.0,29.0,0.12,61.66,42.55
193E,18,7.0,36.0,34.0,129.0,43.0,163.0,205.77,884.48,12.54,11092.87,616.27,0.2948,4.0,23.0,20.0,0.0,49.12,49.12
193E,19,7.0,38.0,33.0,144.0,45.0,177.0,219.07,972.06,13.26,12892.56,716.25,0.324,4.0,23.0,20.0,0.0,48.84,48.84
193E,20,7.0,35.0,33.0,124.0,42.0,157.0,199.18,846.59,12.4,10497.76,583.21,0.2822,4.0,22.0,19.0,0.0,49.68,49.68
193E,21,8.0,58.0,37.0,183.0,66.0,220.0,363.76,1329.77,12.62,16782.57,932.37,0.4433,5.0,35.0,28.0,0.07,58.51,43.77
193E,22,7.0,42.0,39.0,159.0,49.0,198.0,246.13,1111.71,13.25,14730.19,818.34,0.3706,5.0,36.0,31.0,0.0,44.05,44.05
193E,23,8.0,60.0,39.0,191.0,68.0,230.0,378.41,1400.12,12.73,17828.15,990.45,0.4667,6.0,35.0,29.0,0.03,54.15,43.48
193E,24,8.0,76.0,44.0,224.0,84.0,268.0,498.84,1713.14,11.79,20197.03,1122.06,0.571,4.0,36.0,27.0,0.13,62.48,42.87
193E,25,8.0,61.0,47.0,182.0,69.0,229.0,385.77,1398.85,11.93,16694.5,927.47,0.4663,5.0,35.0,28.0,0.07,58.36,43.62
193E,26,7.0,35.0,33.0,124.0,42.0,157.0,199.18,846.59,12.4,10497.76,583.21,0.2822,4.0,22.0,19.0,0.0,49.68,49.68
193E,27,7.0,41.0,45.0,162.0,48.0,207.0,239.31,1156.09,13.83,15987.84,888.21,0.3854,7.0,26.0,22.0,0.0,46.75,46.75
193E,28,7.0,40.0,39.0,143.0,47.0,182.0,232.53,1010.94,12.51,12649.33,702.74,0.337,4.0,31.0,27.0,0.0,45.89,45.89
193E,29,7.0,37.0,32.0,136.0,44.0,168.0,212.4,917.18,12.86,11799.45,655.53,0.3057,4.0,22.0,19.0,0.0,49.44,49.44
193E,30,8.0,47.0,37.0,181.0,55.0,218.0,285.07,1260.34,15.4,19414.54,1078.59,0.4201,6.0,33.0,28.0,0.0,44.36,44.36
193E,31,9.0,67.0,53.0,197.0,76.0,250.0,434.96,1561.98,13.23,20667.12,1148.17,0.5207,6.0,36.0,28.0,0.1,60.27,42.88
193E,32,8.0,61.0,47.0,181.0,69.0,228.0,385.77,1392.74,11.87,16530.27,918.35,0.4642,5.0,35.0,28.0,0.07,58.37,43.63
199A,1,6.0,64.0,75.0,328.0,70.0,403.0,399.51,2470.1,15.38,37977.8,2109.88,0.8234,13.0,54.0,47.0,0.02,45.22,36.71
199A,3,6.0,62.0,70.0,293.0,68.0,363.0,384.67,2209.75,14.18,31328.54,1740.47,0.7366,11.0,50.0,43.0,0.02,46.92,38.04
199A,4,5.0,63.0,86.0,434.0,68.0,520.0,388.18,3165.48,17.22,54516.61,3028.7,1.0552,19.0,63.0,57.0,0.0,33.68,33.68
199A,5,7.0,72.0,70.0,305.0,79.0,375.0,463.89,2363.92,14.83,35048.36,1947.13,0.788,10.0,42.0,33.0,0.11,57.85,39.62
199A,6,6.0,63.0,75.0,327.0,69.0,402.0,392.08,2455.63,15.57,38237.62,2124.31,0.8185,13.0,54.0,47.0,0.02,45.24,36.72
199A,7,6.0,70.0,63.0,319.0,76.0,382.0,444.56,2386.71,13.67,32629.71,1812.76,0.7956,10.0,46.0,39.0,0.03,48.03,38.73
199A,8,6.0,67.0,63.0,316.0,73.0,379.0,421.94,2345.94,14.15,33193.35,1844.07,0.782,10.0,46.0,39.0,0.03,48.08,38.78
199A,9,6.0,68.0,63.0,321.0,74.0,384.0,429.46,2384.43,14.16,33767.74,1875.99,0.7948,11.0,47.0,40.0,0.02,47.58,38.4
199A,10,6.0,62.0,76.0,329.0,68.0,405.0,384.67,2465.42,15.92,39247.93,2180.44,0.8218,12.0,55.0,48.0,0.02,45.1,36.67
199A,11,5.0,55.0,132.0,389.0,60.0,521.0,329.58,3077.49,17.68,54415.62,3023.09,1.0258,15.0,74.0,68.0,0.0,32.78,32.78
199A,12,6.0,64.0,75.0,328.0,70.0,403.0,399.51,2470.1,15.38,37977.8,2109.88,0.8234,13.0,54.0,47.0,0.02,45.22,36.71
199A,13,7.0,67.0,67.0,313.0,74.0,380.0,426.08,2359.59,16.35,38581.09,2143.39,0.7865,10.0,49.0,42.0,0.02,47.15,38.17
199A,14,5.0,62.0,78.0,421.0,67.0,499.0,380.77,3026.98,16.98,51385.4,2854.74,1.009,19.0,60.0,54.0,0.0,34.28,34.28
199A,15,6.0,66.0,84.0,373.0,72.0,457.0,414.44,2819.66,16.95,47805.98,2655.89,0.9399,16.0,60.0,53.0,0.02,42.94,34.9
199A,16,6.0,52.0,57.0,282.0,58.0,339.0,311.93,1985.86,16.27,32308.34,1794.91,0.662,11.0,39.0,36.0,0.0,40.72,40.72
199A,17,6.0,62.0,68.0,301.0,68.0,369.0,384.67,2246.27,14.56,32715.89,1817.55,0.7488,11.0,50.0,43.0,0.02,46.87,37.99
199A,18,6.0,63.0,75.0,327.0,69.0,402.0,392.08,2455.63,15.57,38237.62,2124.31,0.8185,13.0,54.0,47.0,0.02,45.24,36.72
199A,19,6.0,60.0,53.0,256.0,66.0,309.0,369.92,1867.72,12.8,23906.79,1328.15,0.6226,10.0,36.0,32.0,0.03,52.0,41.8
199A,20,5.0,142.0,351.0,1142.0,147.0,1493.0,1026.87,10749.11,20.11,216117.69,12006.54,3.583,59.0,247.0,241.0,0.0,11.64,11.64
199A,21,6.0,63.0,78.0,314.0,69.0,392.0,392.08,2394.54,14.95,35804.1,1989.12,0.7982,12.0,54.0,47.0,0.02,45.45,36.93
199A,22,6.0,63.0,78.0,315.0,69.0,393.0,392.08,2400.65,15.0,36009.75,2000.54,0.8002,13.0,54.0,47.0,0.02,45.3,36.79
199A,23,6.0,59.0,59.0,288.0,65.0,347.0,362.59,2089.76,14.64,30602.61,1700.15,0.6966,12.0,43.0,38.0,0.0,39.51,39.51
199A,24,6.0,63.0,75.0,327.0,69.0,402.0,392.08,2455.63,15.57,38237.62,2124.31,0.8185,13.0,54.0,47.0,0.02,45.24,36.72
199A,25,5.0,63.0,84.0,434.0,68.0,518.0,388.18,3153.31,17.22,54306.93,3017.05,1.0511,19.0,63.0,57.0,0.0,33.7,33.7
199A,26,5.0,61.0,92.0,441.0,66.0,533.0,373.38,3221.66,18.07,58227.58,3234.87,1.0739,20.0,64.0,58.0,0.0,33.35,33.35
199A,27,6.0,65.0,82.0,295.0,71.0,377.0,406.96,2318.45,13.62,31566.65,1753.7,0.7728,12.0,49.0,44.0,0.04,50.06,37.95
199A,28,9.0,69.0,86.0,380.0,78.0,466.0,450.02,2929.0,24.78,72588.2,4032.68,0.9763,14.0,57.0,50.0,0.02,43.81,35.54
199A,29,6.0,52.0,57.0,282.0,58.0,339.0,311.93,1985.86,16.27,32308.34,1794.91,0.662,11.0,39.0,36.0,0.0,40.72,40.72
199A,30,5.0,241.0,651.0,2041.0,246.0,2692.0,1918.62,21381.25,21.17,452688.06,25149.34,7.1271,110.0,446.0,440.0,0.0,0.0,0.0
199A,31,5.0,63.0,84.0,434.0,68.0,518.0,388.18,3153.31,17.22,54306.93,3017.05,1.0511,19.0,63.0,57.0,0.0,33.7,33.7
199A,32,7.0,72.0,70.0,305.0,79.0,375.0,463.89,2363.92,14.83,35048.36,1947.13,0.788,10.0,42.0,33.0,0.11,57.85,39.62
202B,1,11.0,72.0,144.0,512.0,83.0,656.0,482.29,4182.03,39.11,163563.68,9086.87,1.394,22.0,86.0,80.0,0.0,29.48,29.48
202B,2,10.0,83.0,128.0,441.0,93.0,569.0,562.35,3720.78,26.57,98847.26,5491.51,1.2403,19.0,79.0,72.0,0.01,37.99,31.05
202B,3,11.0,88.0,151.0,556.0,99.0,707.0,606.48,4686.96,34.75,162871.69,9048.43,1.5623,25.0,94.0,91.0,0.01,34.08,27.89
202B,4,11.0,63.0,135.0,410.0,74.0,545.0,414.62,3384.15,35.79,121131.16,6729.51,1.1281,19.0,69.0,67.0,0.0,32.62,32.62
202B,7,9.0,83.0,149.0,587.0,92.0,736.0,557.66,4801.34,31.83,152804.14,8489.12,1.6004,24.0,106.0,92.0,0.0,26.82,26.82
202B,8,10.0,75.0,133.0,484.0,85.0,617.0,500.38,3954.59,32.27,127601.57,7088.98,1.3182,23.0,83.0,77.0,0.0,29.86,29.86
202B,9,10.0,82.0,139.0,511.0,92.0,650.0,554.54,4240.32,31.16,132122.02,7340.11,1.4134,23.0,94.0,85.0,0.0,28.47,28.47
202B,10,10.0,72.0,124.0,417.0,82.0,541.0,477.45,3439.44,28.96,99600.32,5533.35,1.1465,18.0,74.0,64.0,0.0,32.04,32.04
202B,11,11.0,74.0,136.0,466.0,85.0,602.0,497.55,3858.45,34.64,133638.05,7424.34,1.2862,22.0,82.0,76.0,0.0,30.18,30.18
202B,12,11.0,107.0,168.0,615.0,118.0,783.0,759.39,5389.11,31.61,170361.34,9464.52,1.7964,26.0,107.0,94.0,0.06,40.16,26.11
202B,13,10.0,85.0,160.0,607.0,95.0,767.0,578.02,5039.08,35.71,179924.77,9995.82,1.6797,27.0,105.0,96.0,0.01,32.39,26.35
202B,14,11.0,75.0,140.0,480.0,86.0,620.0,505.22,3984.28,35.2,140246.8,7791.49,1.3281,21.0,82.0,75.0,0.01,37.02,30.22
202B,15,9.0,102.0,168.0,621.0,111.0,789.0,709.12,5360.79,27.4,146869.99,8159.44,1.7869,30.0,110.0,105.0,0.03,35.1,25.32
202B,16,10.0,83.0,136.0,497.0,93.0,633.0,562.35,4139.29,29.94,123929.27,6884.96,1.3798,22.0,90.0,81.0,0.0,29.09,29.09
202B,19,10.0,85.0,149.0,575.0,95.0,724.0,578.02,4756.58,33.82,160884.17,8938.01,1.5855,26.0,103.0,100.0,0.01,32.76,26.85
202B,20,9.0,76.0,152.0,588.0,85.0,740.0,503.37,4742.95,34.82,165129.52,9173.86,1.581,26.0,98.0,92.0,0.0,27.33,27.33
202B,21,11.0,64.0,135.0,416.0,75.0,551.0,422.05,3432.08,35.75,122696.83,6816.49,1.144,19.0,71.0,69.0,0.0,32.31,32.31
202B,22,10.0,88.0,140.0,539.0,98.0,679.0,601.65,4491.39,30.62,137548.76,7641.6,1.4971,25.0,94.0,91.0,0.01,34.21,28.02
202B,24,10.0,71.0,137.0,477.0,81.0,614.0,469.85,3892.67,33.59,130760.75,7264.49,1.2976,21.0,81.0,75.0,0.0,30.4,30.4
202B,25,11.0,88.0,151.0,556.0,99.0,707.0,606.48,4686.96,34.75,162871.69,9048.43,1.5623,25.0,94.0,91.0,0.01,34.08,27.89
202B,28,10.0,65.0,130.0,406.0,75.0,536.0,424.67,3338.65,31.23,104268.51,5792.69,1.1129,19.0,74.0,72.0,0.0,32.0,32.0
202B,29,10.0,78.0,160.0,558.0,88.0,718.0,523.48,4637.87,35.77,165893.11,9216.28,1.546,25.0,96.0,86.0,0.0,27.72,27.72
202B,30,10.0,72.0,153.0,608.0,82.0,761.0,477.45,4838.1,42.22,204275.21,11348.62,1.6127,22.0,79.0,70.0,0.0,29.85,29.85
202B,31,11.0,84.0,139.0,468.0,95.0,607.0,575.01,3987.9,30.64,122200.72,6788.93,1.3293,20.0,79.0,69.0,0.01,37.78,30.7
202B,32,10.0,67.0,136.0,449.0,77.0,585.0,439.65,3666.07,33.51,122840.71,6824.48,1.222,20.0,78.0,76.0,0.0,31.08,31.08
205C,1,5.0,42.0,36.0,148.0,47.0,184.0,238.09,1022.04,8.81,9003.72,500.21,0.3407,7.0,30.0,26.0,0.0,45.76,45.76
205C,2,6.0,42.0,41.0,150.0,48.0,191.0,241.99,1066.73,10.71,11429.23,634.96,0.3556,6.0,31.0,27.0,0.0,45.46,45.46
205C,3,7.0,40.0,39.0,134.0,47.0,173.0,232.53,960.94,11.72,11267.07,625.95,0.3203,6.0,25.0,23.0,0.0,47.81,47.81
205C,4,6.0,52.0,46.0,222.0,58.0,268.0,311.93,1569.94,12.81,20107.29,1117.07,0.5233,8.0,37.0,33.0,0.0,42.34,42.34
205C,5,6.0,51.0,45.0,206.0,57.0,251.0,304.8,1464.06,12.12,17740.91,985.61,0.488,6.0,34.0,30.0,0.0,43.62,43.62
205C,6,7.0,46.0,42.0,166.0,53.0,208.0,273.74,1191.41,12.63,15047.99,836.0,0.3971,6.0,29.0,27.0,0.0,45.75,45.75
205C,7,7.0,36.0,31.0,97.0,43.0,128.0,205.77,694.56,9.43,6550.1,363.89,0.2315,4.0,21.0,19.0,0.0,50.72,50.72
205C,8,6.0,40.0,32.0,130.0,46.0,162.0,228.39,894.82,9.75,8724.47,484.69,0.2983,6.0,26.0,22.0,0.0,47.66,47.66
205C,9,6.0,49.0,45.0,196.0,55.0,241.0,290.63,1393.31,12.0,16719.69,928.87,0.4644,7.0,35.0,31.0,0.0,43.36,43.36
205C,10,6.0,42.0,45.0,159.0,48.0,204.0,241.99,1139.33,11.36,12939.56,718.86,0.3798,7.0,35.0,31.0,0.0,43.97,43.97
205C,11,6.0,51.0,45.0,206.0,57.0,251.0,304.8,1464.06,12.12,17740.91,985.61,0.488,6.0,34.0,30.0,0.0,43.62,43.62
205C,12,5.0,49.0,40.0,185.0,54.0,225.0,286.73,1294.85,9.44,12221.8,678.99,0.4316,7.0,33.0,29.0,0.0,44.14,44.14
205C,13,6.0,50.0,47.0,194.0,56.0,241.0,297.7,1399.57,11.64,16291.02,905.06,0.4665,7.0,36.0,32.0,0.0,43.08,43.08
205C,14,4.0,46.0,67.0,309.0,50.0,376.0,262.08,2122.09,13.43,28509.82,1583.88,0.7074,14.0,56.0,52.0,0.0,36.69,36.69
205C,15,7.0,35.0,29.0,90.0,42.0,119.0,199.18,641.69,9.0,5775.17,320.84,0.2139,4.0,19.0,17.0,0.0,51.91,51.91
205C,16,7.0,40.0,37.0,130.0,47.0,167.0,232.53,927.62,11.38,10551.64,586.2,0.3092,6.0,25.0,23.0,0.0,47.92,47.92
205C,17,5.0,48.0,41.0,186.0,53.0,227.0,279.69,1300.24,9.69,12596.06,699.78,0.4334,7.0,33.0,29.0,0.0,44.13,44.13
205C,18,7.0,35.0,29.0,89.0,42.0,118.0,199.18,636.29,8.9,5663.01,314.61,0.2121,4.0,19.0,17.0,0.0,51.94,51.94
205C,19,7.0,36.0,32.0,97.0,43.0,129.0,205.77,699.99,9.43,6601.28,366.74,0.2333,4.0,21.0,19.0,0.0,50.7,50.7
205C,20,7.0,44.0,40.0,156.0,51.0,196.0,259.87,1111.8,12.41,13796.37,766.46,0.3706,6.0,27.0,25.0,0.0,46.64,46.64
205C,21,7.0,36.0,32.0,98.0,43.0,130.0,205.77,705.41,9.53,6721.03,373.39,0.2351,4.0,21.0,19.0,0.0,50.67,50.67
205C,22,7.0,35.0,29.0,90.0,42.0,119.0,199.18,641.69,9.0,5775.17,320.84,0.2139,4.0,19.0,17.0,0.0,51.91,51.91
205C,23,6.0,45.0,37.0,160.0,51.0,197.0,262.64,1117.47,10.67,11919.66,662.2,0.3725,6.0,29.0,25.0,0.0,45.95,45.95
205C,24,7.0,51.0,58.0,204.0,58.0,262.0,308.95,1534.79,14.0,21487.07,1193.73,0.5116,10.0,34.0,30.0,0.0,42.94,42.94
205C,25,7.0,35.0,29.0,90.0,42.0,119.0,199.18,641.69,9.0,5775.17,320.84,0.2139,4.0,19.0,17.0,0.0,51.91,51.91
205C,26,7.0,47.0,60.0,196.0,54.0,256.0,280.72,1473.25,14.6,21503.2,1194.62,0.4911,8.0,34.0,30.0,0.0,43.33,43.33
205C,27,7.0,35.0,29.0,89.0,42.0,118.0,199.18,636.29,8.9,5663.01,314.61,0.2121,4.0,19.0,17.0,0.0,51.94,51.94
205C,28,7.0,49.0,43.0,186.0,56.0,229.0,294.77,1329.88,13.29,17668.46,981.58,0.4433,7.0,32.0,28.0,0.0,44.35,44.35
205C,29,7.0,40.0,31.0,105.0,47.0,136.0,232.53,755.42,9.19,6940.46,385.58,0.2518,5.0,21.0,19.0,0.0,50.33,50.33
205C,30,7.0,46.0,42.0,166.0,53.0,208.0,273.74,1191.41,12.63,15047.99,836.0,0.3971,6.0,29.0,27.0,0.0,45.75,45.75
205C,31,7.0,40.0,31.0,105.0,47.0,136.0,232.53,755.42,9.19,6940.46,385.58,0.2518,5.0,21.0,19.0,0.0,50.33,50.33
205C,32,6.0,50.0,48.0,208.0,56.0,256.0,297.7,1486.68,12.48,18553.8,1030.77,0.4956,8.0,36.0,32.0,0.0,42.76,42.76
208D,6,6.0,42.0,89.0,191.0,48.0,280.0,241.99,1563.79,13.64,21334.56,1185.25,0.5213,9.0,37.0,34.0,0.0,42.22,42.22
208D,10,6.0,42.0,89.0,191.0,48.0,280.0,241.99,1563.79,13.64,21334.56,1185.25,0.5213,9.0,37.0,34.0,0.0,42.22,42.22
208D,11,6.0,42.0,89.0,191.0,48.0,280.0,241.99,1563.79,13.64,21334.56,1185.25,0.5213,9.0,37.0,34.0,0.0,42.22,42.22
208D,12,6.0,42.0,89.0,191.0,48.0,280.0,241.99,1563.79,13.64,21334.56,1185.25,0.5213,9.0,36.0,33.0,0.0,42.47,42.47
208D,14,6.0,42.0,89.0,191.0,48.0,280.0,241.99,1563.79,13.64,21334.56,1185.25,0.5213,9.0,37.0,34.0,0.0,42.22,42.22
208D,15,6.0,42.0,89.0,191.0,48.0,280.0,241.99,1563.79,13.64,21334.56,1185.25,0.5213,9.0,37.0,34.0,0.0,42.22,42.22
208D,21,6.0,42.0,89.0,191.0,48.0,280.0,241.99,1563.79,13.64,21334.56,1185.25,0.5213,9.0,37.0,34.0,0.0,42.22,42.22
208D,25,6.0,42.0,89.0,191.0,48.0,280.0,241.99,1563.79,13.64,21334.56,1185.25,0.5213,9.0,37.0,34.0,0.0,42.22,42.22
208D,27,6.0,42.0,89.0,191.0,48.0,280.0,241.99,1563.79,13.64,21334.56,1185.25,0.5213,9.0,37.0,34.0,0.0,42.22,42.22
208D,28,6.0,42.0,89.0,191.0,48.0,280.0,241.99,1563.79,13.64,21334.56,1185.25,0.5213,9.0,37.0,34.0,0.0,42.22,42.22
21C,1,9.0,35.0,55.0,150.0,44.0,205.0,208.05,1119.18,19.29,21584.25,1199.13,0.3731,8.0,31.0,28.0,0.0,45.04,45.04
21C,2,8.0,33.0,48.0,137.0,41.0,185.0,190.47,991.15,16.61,16459.05,914.39,0.3304,6.0,29.0,26.0,0.0,46.31,46.31
21C,3,8.0,33.0,48.0,137.0,41.0,185.0,190.47,991.15,16.61,16459.05,914.39,0.3304,6.0,29.0,26.0,0.0,46.31,46.31
21C,4,9.0,36.0,55.0,146.0,45.0,201.0,214.65,1103.86,18.25,20145.49,1119.19,0.368,8.0,30.0,27.0,0.0,45.4,45.4
21C,5,9.0,35.0,55.0,150.0,44.0,205.0,208.05,1119.18,19.29,21584.25,1199.13,0.3731,8.0,31.0,28.0,0.0,45.04,45.04
21C,6,9.0,35.0,55.0,150.0,44.0,205.0,208.05,1119.18,19.29,21584.25,1199.13,0.3731,8.0,31.0,28.0,0.0,45.04,45.04
21C,7,9.0,35.0,55.0,150.0,44.0,205.0,208.05,1119.18,19.29,21584.25,1199.13,0.3731,8.0,31.0,28.0,0.0,45.04,45.04
21C,8,8.0,33.0,48.0,137.0,41.0,185.0,190.47,991.15,16.61,16459.05,914.39,0.3304,6.0,29.0,26.0,0.0,46.31,46.31
21C,9,8.0,33.0,48.0,137.0,41.0,185.0,190.47,991.15,16.61,16459.05,914.39,0.3304,6.0,29.0,26.0,0.0,46.31,46.31
21C,10,8.0,34.0,48.0,135.0,42.0,183.0,196.97,986.79,15.88,15672.61,870.7,0.3289,6.0,29.0,26.0,0.0,46.33,46.33
21C,11,8.0,34.0,48.0,135.0,42.0,183.0,196.97,986.79,15.88,15672.61,870.7,0.3289,6.0,29.0,26.0,0.0,46.33,46.33
21C,12,9.0,36.0,55.0,146.0,45.0,201.0,214.65,1103.86,18.25,20145.49,1119.19,0.368,8.0,30.0,27.0,0.0,45.4,45.4
21C,13,9.0,35.0,55.0,150.0,44.0,205.0,208.05,1119.18,19.29,21584.25,1199.13,0.3731,8.0,31.0,28.0,0.0,45.04,45.04
21C,14,8.0,33.0,48.0,137.0,41.0,185.0,190.47,991.15,16.61,16459.05,914.39,0.3304,6.0,29.0,26.0,0.0,46.31,46.31
21C,15,9.0,35.0,55.0,150.0,44.0,205.0,208.05,1119.18,19.29,21584.25,1199.13,0.3731,8.0,31.0,28.0,0.0,45.04,45.04
21C,16,9.0,35.0,55.0,150.0,44.0,205.0,208.05,1119.18,19.29,21584.25,1199.13,0.3731,8.0,31.0,28.0,0.0,45.04,45.04
21C,17,8.0,33.0,48.0,137.0,41.0,185.0,190.47,991.15,16.61,16459.05,914.39,0.3304,6.0,29.0,26.0,0.0,46.31,46.31
21C,18,8.0,34.0,48.0,135.0,42.0,183.0,196.97,986.79,15.88,15672.61,870.7,0.3289,6.0,29.0,26.0,0.0,46.33,46.33
21C,19,9.0,35.0,55.0,150.0,44.0,205.0,208.05,1119.18,19.29,21584.25,1199.13,0.3731,8.0,31.0,28.0,0.0,45.04,45.04
21C,20,8.0,33.0,48.0,132.0,41.0,180.0,190.47,964.36,16.0,15429.75,857.21,0.3215,6.0,28.0,25.0,0.0,46.73,46.73
21C,21,9.0,35.0,55.0,150.0,44.0,205.0,208.05,1119.18,19.29,21584.25,1199.13,0.3731,8.0,31.0,28.0,0.0,45.04,45.04
21C,22,9.0,36.0,55.0,148.0,45.0,203.0,214.65,1114.85,18.5,20624.65,1145.81,0.3716,8.0,31.0,28.0,0.0,45.05,45.05
21C,23,9.0,35.0,55.0,150.0,44.0,205.0,208.05,1119.18,19.29,21584.25,1199.13,0.3731,8.0,31.0,28.0,0.0,45.04,45.04
21C,24,8.0,34.0,48.0,135.0,42.0,183.0,196.97,986.79,15.88,15672.61,870.7,0.3289,6.0,29.0,26.0,0.0,46.33,46.33
21C,25,9.0,35.0,55.0,150.0,44.0,205.0,208.05,1119.18,19.29,21584.25,1199.13,0.3731,8.0,31.0,28.0,0.0,45.04,45.04
21C,26,9.0,35.0,55.0,150.0,44.0,205.0,208.05,1119.18,19.29,21584.25,1199.13,0.3731,8.0,31.0,28.0,0.0,45.04,45.04
21C,27,9.0,35.0,55.0,150.0,44.0,205.0,208.05,1119.18,19.29,21584.25,1199.13,0.3731,8.0,31.0,28.0,0.0,45.04,45.04
21C,28,9.0,35.0,55.0,150.0,44.0,205.0,208.05,1119.18,19.29,21584.25,1199.13,0.3731,8.0,31.0,28.0,0.0,45.04,45.04
21C,29,8.0,34.0,48.0,135.0,42.0,183.0,196.97,986.79,15.88,15672.61,870.7,0.3289,6.0,29.0,26.0,0.0,46.33,46.33
21C,30,9.0,35.0,55.0,150.0,44.0,205.0,208.05,1119.18,19.29,21584.25,1199.13,0.3731,8.0,31.0,28.0,0.0,45.04,45.04
21C,31,9.0,35.0,55.0,150.0,44.0,205.0,208.05,1119.18,19.29,21584.25,1199.13,0.3731,8.0,31.0,28.0,0.0,45.04,45.04
21C,32,9.0,36.0,55.0,146.0,45.0,201.0,214.65,1103.86,18.25,20145.49,1119.19,0.368,8.0,30.0,27.0,0.0,45.4,45.4
226A,1,7.0,33.0,39.0,127.0,40.0,166.0,186.12,883.44,13.47,11899.67,661.09,0.2945,5.0,25.0,23.0,0.0,48.2,48.2
226A,2,8.0,32.0,42.0,128.0,40.0,170.0,184.0,904.73,16.0,14475.64,804.2,0.3016,5.0,24.0,22.0,0.0,48.52,48.52
226A,3,8.0,32.0,42.0,128.0,40.0,170.0,184.0,904.73,16.0,14475.64,804.2,0.3016,5.0,24.0,22.0,0.0,48.52,48.52
226A,4,7.0,33.0,39.0,127.0,40.0,166.0,186.12,883.44,13.47,11899.67,661.09,0.2945,5.0,25.0,23.0,0.0,48.2,48.2
226A,5,8.0,32.0,42.0,132.0,40.0,174.0,184.0,926.02,16.5,15279.26,848.85,0.3087,5.0,25.0,23.0,0.0,48.06,48.06
226A,6,8.0,32.0,42.0,128.0,40.0,170.0,184.0,904.73,16.0,14475.64,804.2,0.3016,5.0,24.0,22.0,0.0,48.52,48.52
226A,7,7.0,32.0,39.0,123.0,39.0,162.0,179.65,856.24,13.45,11519.04,639.95,0.2854,5.0,24.0,22.0,0.0,48.69,48.69
226A,8,7.0,32.0,40.0,126.0,39.0,166.0,179.65,877.38,13.78,12091.35,671.74,0.2925,5.0,25.0,23.0,0.0,48.22,48.22
226A,9,8.0,32.0,40.0,128.0,40.0,168.0,184.0,894.08,16.0,14305.34,794.74,0.298,5.0,25.0,23.0,0.0,48.17,48.17
226A,10,8.0,32.0,40.0,128.0,40.0,168.0,184.0,894.08,16.0,14305.34,794.74,0.298,5.0,25.0,23.0,0.0,48.17,48.17
226A,11,7.0,32.0,40.0,126.0,39.0,166.0,179.65,877.38,13.78,12091.35,671.74,0.2925,5.0,25.0,23.0,0.0,48.22,48.22
226A,12,8.0,33.0,37.0,129.0,41.0,166.0,190.47,889.35,15.64,13906.26,772.57,0.2965,6.0,26.0,24.0,0.0,47.68,47.68
226A,13,8.0,33.0,37.0,129.0,41.0,166.0,190.47,889.35,15.64,13906.26,772.57,0.2965,6.0,26.0,24.0,0.0,47.68,47.68
226A,14,8.0,33.0,37.0,129.0,41.0,166.0,190.47,889.35,15.64,13906.26,772.57,0.2965,6.0,26.0,24.0,0.0,47.68,47.68
226A,15,8.0,32.0,42.0,128.0,40.0,170.0,184.0,904.73,16.0,14475.64,804.2,0.3016,5.0,24.0,22.0,0.0,48.52,48.52
226A,16,7.0,32.0,40.0,126.0,39.0,166.0,179.65,877.38,13.78,12091.35,671.74,0.2925,5.0,25.0,23.0,0.0,48.22,48.22
226A,17,8.0,33.0,35.0,122.0,41.0,157.0,190.47,841.14,14.79,12438.61,691.03,0.2804,5.0,24.0,22.0,0.0,48.74,48.74
226A,18,8.0,33.0,35.0,122.0,41.0,157.0,190.47,841.14,14.79,12438.61,691.03,0.2804,5.0,24.0,22.0,0.0,48.74,48.74
226A,19,8.0,32.0,42.0,128.0,40.0,170.0,184.0,904.73,16.0,14475.64,804.2,0.3016,5.0,24.0,22.0,0.0,48.52,48.52
226A,20,8.0,33.0,37.0,129.0,41.0,166.0,190.47,889.35,15.64,13906.26,772.57,0.2965,6.0,26.0,24.0,0.0,47.68,47.68
226A,21,8.0,33.0,35.0,122.0,41.0,157.0,190.47,841.14,14.79,12438.61,691.03,0.2804,5.0,24.0,22.0,0.0,48.74,48.74
226A,22,8.0,32.0,42.0,132.0,40.0,174.0,184.0,926.02,16.5,15279.26,848.85,0.3087,5.0,25.0,23.0,0.0,48.06,48.06
226A,23,8.0,33.0,37.0,129.0,41.0,166.0,190.47,889.35,15.64,13906.26,772.57,0.2965,6.0,25.0,23.0,0.0,48.05,48.05
226A,24,8.0,33.0,35.0,122.0,41.0,157.0,190.47,841.14,14.79,12438.61,691.03,0.2804,5.0,24.0,22.0,0.0,48.74,48.74
226A,25,8.0,32.0,42.0,128.0,40.0,170.0,184.0,904.73,16.0,14475.64,804.2,0.3016,5.0,24.0,22.0,0.0,48.52,48.52
226A,26,8.0,32.0,42.0,128.0,40.0,170.0,184.0,904.73,16.0,14475.64,804.2,0.3016,5.0,24.0,22.0,0.0,48.52,48.52
226A,27,8.0,32.0,42.0,132.0,40.0,174.0,184.0,926.02,16.5,15279.26,848.85,0.3087,5.0,25.0,23.0,0.0,48.06,48.06
226A,28,7.0,33.0,39.0,127.0,40.0,166.0,186.12,883.44,13.47,11899.67,661.09,0.2945,5.0,25.0,23.0,0.0,48.2,48.2
226A,29,8.0,33.0,37.0,129.0,41.0,166.0,190.47,889.35,15.64,13906.26,772.57,0.2965,6.0,25.0,23.0,0.0,48.05,48.05
226A,30,7.0,32.0,39.0,123.0,39.0,162.0,179.65,856.24,13.45,11519.04,639.95,0.2854,5.0,24.0,22.0,0.0,48.69,48.69
226A,31,8.0,33.0,35.0,122.0,41.0,157.0,190.47,841.14,14.79,12438.61,691.03,0.2804,5.0,24.0,22.0,0.0,48.74,48.74
226A,32,8.0,33.0,35.0,122.0,41.0,157.0,190.47,841.14,14.79,12438.61,691.03,0.2804,5.0,24.0,22.0,0.0,48.74,48.74
23E,1,9.0,45.0,48.0,225.0,54.0,273.0,275.66,1571.08,22.5,35349.4,1963.86,0.5237,8.0,33.0,27.0,0.0,43.42,43.42
23E,2,9.0,45.0,52.0,234.0,54.0,286.0,275.66,1645.9,23.4,38514.01,2139.67,0.5486,9.0,35.0,29.0,0.0,42.59,42.59
23E,3,9.0,45.0,48.0,225.0,54.0,273.0,275.66,1571.08,22.5,35349.4,1963.86,0.5237,8.0,33.0,27.0,0.0,43.42,43.42
23E,4,9.0,45.0,52.0,234.0,54.0,286.0,275.66,1645.9,23.4,38514.01,2139.67,0.5486,9.0,35.0,29.0,0.0,42.59,42.59
23E,5,9.0,45.0,48.0,225.0,54.0,273.0,275.66,1571.08,22.5,35349.4,1963.86,0.5237,8.0,33.0,27.0,0.0,43.42,43.42
23E,6,9.0,46.0,54.0,238.0,55.0,292.0,282.61,1688.16,23.28,39304.7,2183.59,0.5627,9.0,36.0,30.0,0.0,42.24,42.24
23E,7,9.0,46.0,54.0,240.0,55.0,294.0,282.61,1699.72,23.48,39906.46,2217.03,0.5666,9.0,36.0,30.0,0.0,42.22,42.22
23E,8,9.0,45.0,48.0,225.0,54.0,273.0,275.66,1571.08,22.5,35349.4,1963.86,0.5237,8.0,33.0,27.0,0.0,43.42,43.42
23E,9,9.0,45.0,52.0,234.0,54.0,286.0,275.66,1645.9,23.4,38514.01,2139.67,0.5486,9.0,35.0,29.0,0.0,42.59,42.59
23E,10,9.0,45.0,59.0,260.0,54.0,319.0,275.66,1835.81,26.0,47731.04,2651.72,0.6119,10.0,38.0,32.0,0.0,41.34,41.34
23E,11,9.0,46.0,53.0,237.0,55.0,290.0,282.61,1676.59,23.18,38871.47,2159.53,0.5589,9.0,36.0,30.0,0.0,42.26,42.26
23E,12,9.0,45.0,52.0,234.0,54.0,286.0,275.66,1645.9,23.4,38514.01,2139.67,0.5486,9.0,35.0,29.0,0.0,42.59,42.59
23E,13,9.0,45.0,48.0,225.0,54.0,273.0,275.66,1571.08,22.5,35349.4,1963.86,0.5237,8.0,33.0,27.0,0.0,43.42,43.42
23E,14,9.0,45.0,52.0,234.0,54.0,286.0,275.66,1645.9,23.4,38514.01,2139.67,0.5486,9.0,35.0,29.0,0.0,42.59,42.59
23E,15,9.0,46.0,54.0,238.0,55.0,292.0,282.61,1688.16,23.28,39304.7,2183.59,0.5627,9.0,36.0,30.0,0.0,42.24,42.24
23E,16,9.0,45.0,48.0,225.0,54.0,273.0,275.66,1571.08,22.5,35349.4,1963.86,0.5237,8.0,33.0,27.0,0.0,43.42,43.42
23E,17,9.0,46.0,54.0,238.0,55.0,292.0,282.61,1688.16,23.28,39304.7,2183.59,0.5627,9.0,36.0,30.0,0.0,42.24,42.24
23E,18,9.0,45.0,59.0,260.0,54.0,319.0,275.66,1835.81,26.0,47731.04,2651.72,0.6119,10.0,38.0,32.0,0.0,41.34,41.34
23E,19,9.0,45.0,52.0,234.0,54.0,286.0,275.66,1645.9,23.4,38514.01,2139.67,0.5486,9.0,35.0,29.0,0.0,42.59,42.59
23E,20,9.0,46.0,54.0,238.0,55.0,292.0,282.61,1688.16,23.28,39304.7,2183.59,0.5627,9.0,36.0,30.0,0.0,42.24,42.24
23E,21,9.0,45.0,52.0,234.0,54.0,286.0,275.66,1645.9,23.4,38514.01,2139.67,0.5486,9.0,35.0,29.0,0.0,42.59,42.59
23E,22,9.0,45.0,52.0,234.0,54.0,286.0,275.66,1645.9,23.4,38514.01,2139.67,0.5486,9.0,35.0,29.0,0.0,42.59,42.59
23E,23,9.0,45.0,65.0,270.0,54.0,335.0,275.66,1927.89,27.0,52052.96,2891.83,0.6426,11.0,40.0,34.0,0.0,40.57,40.57
23E,24,9.0,46.0,54.0,240.0,55.0,294.0,282.61,1699.72,23.48,39906.46,2217.03,0.5666,9.0,36.0,30.0,0.0,42.22,42.22
23E,25,9.0,44.0,59.0,257.0,53.0,316.0,268.74,1810.02,26.28,47574.81,2643.04,0.6033,10.0,37.0,31.0,0.0,41.64,41.64
23E,26,9.0,45.0,52.0,234.0,54.0,286.0,275.66,1645.9,23.4,38514.01,2139.67,0.5486,9.0,35.0,29.0,0.0,42.59,42.59
23E,27,9.0,44.0,59.0,257.0,53.0,316.0,268.74,1810.02,26.28,47574.81,2643.04,0.6033,10.0,37.0,31.0,0.0,41.64,41.64
23E,28,9.0,46.0,49.0,228.0,55.0,277.0,282.61,1601.44,22.3,35719.0,1984.39,0.5338,8.0,34.0,28.0,0.0,43.08,43.08
23E,29,9.0,45.0,52.0,234.0,54.0,286.0,275.66,1645.9,23.4,38514.01,2139.67,0.5486,9.0,35.0,29.0,0.0,42.59,42.59
23E,30,9.0,45.0,48.0,225.0,54.0,273.0,275.66,1571.08,22.5,35349.4,1963.86,0.5237,8.0,33.0,27.0,0.0,43.42,43.42
23E,31,9.0,46.0,49.0,228.0,55.0,277.0,282.61,1601.44,22.3,35719.0,1984.39,0.5338,8.0,34.0,28.0,0.0,43.08,43.08
23E,32,9.0,45.0,52.0,234.0,54.0,286.0,275.66,1645.9,23.4,38514.01,2139.67,0.5486,9.0,35.0,29.0,0.0,42.59,42.59
23B,1,8.0,26.0,19.0,46.0,34.0,65.0,146.21,330.69,7.08,2340.23,130.01,0.1102,3.0,12.0,10.0,0.0,58.41,58.41
23B,2,8.0,26.0,19.0,46.0,34.0,65.0,146.21,330.69,7.08,2340.23,130.01,0.1102,3.0,12.0,10.0,0.0,58.41,58.41
23B,3,7.0,27.0,21.0,53.0,34.0,74.0,148.03,376.47,6.87,2586.5,143.69,0.1255,3.0,12.0,10.0,0.0,58.02,58.02
23B,4,7.0,27.0,21.0,53.0,34.0,74.0,148.03,376.47,6.87,2586.5,143.69,0.1255,3.0,12.0,10.0,0.0,58.02,58.02
23B,5,7.0,32.0,23.0,66.0,39.0,89.0,179.65,470.4,7.22,3395.71,188.65,0.1568,3.0,14.0,12.0,0.0,55.88,55.88
23B,6,7.0,27.0,21.0,53.0,34.0,74.0,148.03,376.47,6.87,2586.5,143.69,0.1255,3.0,12.0,10.0,0.0,58.02,58.02
23B,7,8.0,26.0,19.0,46.0,34.0,65.0,146.21,330.69,7.08,2340.23,130.01,0.1102,3.0,12.0,10.0,0.0,58.41,58.41
23B,8,8.0,26.0,19.0,46.0,34.0,65.0,146.21,330.69,7.08,2340.23,130.01,0.1102,3.0,12.0,10.0,0.0,58.41,58.41
23B,9,8.0,26.0,19.0,46.0,34.0,65.0,146.21,330.69,7.08,2340.23,130.01,0.1102,3.0,12.0,10.0,0.0,58.41,58.41
23B,10,7.0,27.0,21.0,53.0,34.0,74.0,148.03,376.47,6.87,2586.5,143.69,0.1255,3.0,12.0,10.0,0.0,58.02,58.02
23B,11,8.0,26.0,19.0,46.0,34.0,65.0,146.21,330.69,7.08,2340.23,130.01,0.1102,3.0,12.0,10.0,0.0,58.41,58.41
23B,12,7.0,27.0,21.0,53.0,34.0,74.0,148.03,376.47,6.87,2586.5,143.69,0.1255,3.0,12.0,10.0,0.0,58.02,58.02
23B,13,8.0,26.0,19.0,46.0,34.0,65.0,146.21,330.69,7.08,2340.23,130.01,0.1102,3.0,12.0,10.0,0.0,58.41,58.41
23B,14,7.0,27.0,21.0,53.0,34.0,74.0,148.03,376.47,6.87,2586.5,143.69,0.1255,3.0,12.0,10.0,0.0,58.02,58.02
23B,15,7.0,27.0,21.0,53.0,34.0,74.0,148.03,376.47,6.87,2586.5,143.69,0.1255,3.0,12.0,10.0,0.0,58.02,58.02
23B,16,7.0,27.0,21.0,53.0,34.0,74.0,148.03,376.47,6.87,2586.5,143.69,0.1255,3.0,12.0,10.0,0.0,58.02,58.02
23B,17,8.0,26.0,19.0,46.0,34.0,65.0,146.21,330.69,7.08,2340.23,130.01,0.1102,3.0,12.0,10.0,0.0,58.41,58.41
23B,18,7.0,27.0,21.0,53.0,34.0,74.0,148.03,376.47,6.87,2586.5,143.69,0.1255,3.0,12.0,10.0,0.0,58.02,58.02
23B,19,8.0,31.0,21.0,59.0,39.0,80.0,177.58,422.83,7.61,3218.98,178.83,0.1409,3.0,14.0,12.0,0.0,56.21,56.21
23B,20,8.0,26.0,19.0,46.0,34.0,65.0,146.21,330.69,7.08,2340.23,130.01,0.1102,3.0,12.0,10.0,0.0,58.41,58.41
23B,21,7.0,27.0,21.0,53.0,34.0,74.0,148.03,376.47,6.87,2586.5,143.69,0.1255,3.0,12.0,10.0,0.0,58.02,58.02
23B,22,7.0,27.0,21.0,53.0,34.0,74.0,148.03,376.47,6.87,2586.5,143.69,0.1255,3.0,12.0,10.0,0.0,58.02,58.02
23B,23,7.0,32.0,23.0,66.0,39.0,89.0,179.65,470.4,7.22,3395.71,188.65,0.1568,3.0,14.0,12.0,0.0,55.88,55.88
23B,24,7.0,27.0,21.0,53.0,34.0,74.0,148.03,376.47,6.87,2586.5,143.69,0.1255,3.0,12.0,10.0,0.0,58.02,58.02
23B,25,7.0,27.0,21.0,53.0,34.0,74.0,148.03,376.47,6.87,2586.5,143.69,0.1255,3.0,12.0,10.0,0.0,58.02,58.02
23B,26,7.0,27.0,21.0,53.0,34.0,74.0,148.03,376.47,6.87,2586.5,143.69,0.1255,3.0,12.0,10.0,0.0,58.02,58.02
23B,27,8.0,26.0,19.0,46.0,34.0,65.0,146.21,330.69,7.08,2340.23,130.01,0.1102,3.0,12.0,10.0,0.0,58.41,58.41
23B,28,8.0,26.0,19.0,46.0,34.0,65.0,146.21,330.69,7.08,2340.23,130.01,0.1102,3.0,12.0,10.0,0.0,58.41,58.41
23B,29,7.0,27.0,21.0,53.0,34.0,74.0,148.03,376.47,6.87,2586.5,143.69,0.1255,3.0,12.0,10.0,0.0,58.02,58.02
23B,30,8.0,26.0,19.0,46.0,34.0,65.0,146.21,330.69,7.08,2340.23,130.01,0.1102,3.0,12.0,10.0,0.0,58.41,58.41
23B,31,7.0,32.0,23.0,66.0,39.0,89.0,179.65,470.4,7.22,3395.71,188.65,0.1568,3.0,14.0,12.0,0.0,55.88,55.88
23B,32,8.0,26.0,19.0,46.0,34.0,65.0,146.21,330.69,7.08,2340.23,130.01,0.1102,3.0,12.0,10.0,0.0,58.41,58.41
230B,1,9.0,50.0,45.0,177.0,59.0,222.0,310.72,1305.95,15.93,20803.73,1155.76,0.4353,10.0,33.0,29.0,0.0,43.71,43.71
230B,2,7.0,47.0,40.0,155.0,54.0,195.0,280.72,1122.2,11.54,12953.09,719.62,0.3741,8.0,30.0,24.0,0.0,45.35,45.35
230B,3,8.0,52.0,49.0,213.0,60.0,262.0,320.42,1547.61,16.38,25356.92,1408.72,0.5159,10.0,41.0,37.0,0.0,41.14,41.14
230B,4,8.0,52.0,49.0,213.0,60.0,262.0,320.42,1547.61,16.38,25356.92,1408.72,0.5159,10.0,41.0,37.0,0.0,41.14,41.14
230B,5,10.0,59.0,94.0,345.0,69.0,439.0,380.3,2681.64,29.24,78403.95,4355.77,0.8939,21.0,59.0,56.0,0.0,34.54,34.54
230B,6,10.0,59.0,94.0,345.0,69.0,439.0,380.3,2681.64,29.24,78403.95,4355.77,0.8939,21.0,59.0,56.0,0.0,34.54,34.54
230B,7,8.0,48.0,46.0,213.0,56.0,259.0,292.08,1504.1,17.75,26697.86,1483.21,0.5014,14.0,35.0,32.0,0.0,42.19,42.19
230B,8,8.0,53.0,49.0,213.0,61.0,262.0,327.58,1553.85,16.08,24978.92,1387.72,0.518,10.0,41.0,37.0,0.0,41.13,41.13
230B,9,9.0,58.0,69.0,289.0,67.0,358.0,368.29,2171.66,22.42,48693.86,2705.21,0.7239,14.0,57.0,53.0,0.0,36.45,36.45
230B,10,10.0,54.0,66.0,243.0,64.0,309.0,343.98,1854.0,22.5,41715.0,2317.5,0.618,15.0,46.0,42.0,0.0,38.83,38.83
230B,11,7.0,51.0,48.0,216.0,58.0,264.0,308.95,1546.51,14.82,22924.69,1273.59,0.5155,10.0,43.0,39.0,0.0,40.69,40.69
230B,12,8.0,52.0,49.0,214.0,60.0,263.0,320.42,1553.51,16.46,25573.2,1420.73,0.5178,10.0,41.0,37.0,0.0,41.13,41.13
230B,13,5.0,47.0,37.0,162.0,52.0,199.0,272.68,1134.39,8.62,9775.04,543.06,0.3781,7.0,30.0,24.0,0.0,45.45,45.45
230B,14,8.0,48.0,46.0,213.0,56.0,259.0,292.08,1504.1,17.75,26697.86,1483.21,0.5014,14.0,35.0,32.0,0.0,42.19,42.19
230B,15,7.0,48.0,42.0,158.0,55.0,200.0,287.73,1156.27,11.52,13321.22,740.07,0.3854,9.0,30.0,24.0,0.0,45.12,45.12
230B,16,6.0,53.0,39.0,176.0,59.0,215.0,319.09,1264.77,9.96,12599.96,700.0,0.4216,8.0,30.0,24.0,0.0,44.98,44.98
230B,17,8.0,50.0,46.0,206.0,58.0,252.0,306.19,1476.21,16.48,24327.96,1351.55,0.4921,13.0,34.0,31.0,0.0,42.65,42.65
230B,18,5.0,47.0,37.0,162.0,52.0,199.0,272.68,1134.39,8.62,9775.04,543.06,0.3781,7.0,30.0,24.0,0.0,45.45,45.45
230B,19,9.0,54.0,50.0,212.0,63.0,262.0,339.29,1566.05,17.67,27666.84,1537.05,0.522,11.0,37.0,33.0,0.0,41.94,41.94
230B,20,8.0,52.0,49.0,214.0,60.0,263.0,320.42,1553.51,16.46,25573.2,1420.73,0.5178,10.0,41.0,37.0,0.0,41.13,41.13
230B,21,10.0,54.0,66.0,243.0,64.0,309.0,343.98,1854.0,22.5,41715.0,2317.5,0.618,15.0,46.0,42.0,0.0,38.83,38.83
230B,22,8.0,52.0,49.0,213.0,60.0,262.0,320.42,1547.61,16.38,25356.92,1408.72,0.5159,10.0,41.0,37.0,0.0,41.14,41.14
230B,23,7.0,53.0,34.0,159.0,60.0,193.0,323.23,1140.03,10.5,11970.31,665.02,0.38,7.0,32.0,26.0,0.0,44.82,44.82
230B,24,8.0,54.0,74.0,283.0,62.0,357.0,334.76,2125.65,20.96,44559.88,2475.55,0.7085,14.0,57.0,53.0,0.0,36.52,36.52
230B,25,9.0,50.0,56.0,219.0,59.0,275.0,310.72,1617.73,19.71,31885.4,1771.41,0.5392,15.0,39.0,33.0,0.0,40.81,40.81
230B,26,9.0,56.0,71.0,294.0,65.0,365.0,353.74,2198.16,23.62,51931.63,2885.09,0.7327,17.0,51.0,48.0,0.0,37.06,37.06
230B,27,6.0,47.0,41.0,161.0,53.0,202.0,276.58,1157.04,10.28,11890.43,660.58,0.3857,8.0,28.0,22.0,0.0,45.91,45.91
230B,28,9.0,49.0,59.0,231.0,58.0,290.0,303.65,1698.81,21.21,36039.14,2002.17,0.5663,16.0,42.0,39.0,0.0,39.82,39.82
230B,29,5.0,47.0,37.0,162.0,52.0,199.0,272.68,1134.39,8.62,9775.04,543.06,0.3781,7.0,30.0,24.0,0.0,45.45,45.45
230B,30,9.0,72.0,80.0,350.0,81.0,430.0,472.76,2726.14,21.88,59634.21,3313.01,0.9087,17.0,58.0,53.0,0.04,46.31,35.19
230B,31,9.0,56.0,71.0,294.0,65.0,365.0,353.74,2198.16,23.62,51931.63,2885.09,0.7327,17.0,51.0,48.0,0.0,37.06,37.06
230B,32,8.0,49.0,47.0,218.0,57.0,265.0,299.12,1545.72,17.8,27507.43,1528.19,0.5152,14.0,36.0,33.0,0.0,41.84,41.84
230A,1,6.0,42.0,33.0,123.0,48.0,156.0,241.99,871.25,8.79,7654.59,425.26,0.2904,4.0,24.0,20.0,0.0,48.77,48.77
230A,2,6.0,42.0,33.0,123.0,48.0,156.0,241.99,871.25,8.79,7654.59,425.26,0.2904,4.0,24.0,20.0,0.0,48.77,48.77
230A,3,6.0,42.0,33.0,123.0,48.0,156.0,241.99,871.25,8.79,7654.59,425.26,0.2904,4.0,24.0,20.0,0.0,48.77,48.77
230A,4,6.0,42.0,33.0,123.0,48.0,156.0,241.99,871.25,8.79,7654.59,425.26,0.2904,4.0,24.0,20.0,0.0,48.77,48.77
230A,5,6.0,42.0,33.0,123.0,48.0,156.0,241.99,871.25,8.79,7654.59,425.26,0.2904,4.0,24.0,20.0,0.0,48.77,48.77
230A,6,6.0,42.0,33.0,123.0,48.0,156.0,241.99,871.25,8.79,7654.59,425.26,0.2904,4.0,24.0,20.0,0.0,48.77,48.77
230A,7,6.0,42.0,33.0,123.0,48.0,156.0,241.99,871.25,8.79,7654.59,425.26,0.2904,4.0,24.0,20.0,0.0,48.77,48.77
230A,8,6.0,42.0,33.0,123.0,48.0,156.0,241.99,871.25,8.79,7654.59,425.26,0.2904,4.0,24.0,20.0,0.0,48.77,48.77
230A,9,6.0,42.0,33.0,123.0,48.0,156.0,241.99,871.25,8.79,7654.59,425.26,0.2904,4.0,24.0,20.0,0.0,48.77,48.77
230A,10,6.0,42.0,33.0,123.0,48.0,156.0,241.99,871.25,8.79,7654.59,425.26,0.2904,4.0,24.0,20.0,0.0,48.77,48.77
230A,11,6.0,42.0,33.0,123.0,48.0,156.0,241.99,871.25,8.79,7654.59,425.26,0.2904,4.0,24.0,20.0,0.0,48.77,48.77
230A,12,6.0,42.0,33.0,123.0,48.0,156.0,241.99,871.25,8.79,7654.59,425.26,0.2904,4.0,24.0,20.0,0.0,48.77,48.77
230A,13,6.0,42.0,33.0,123.0,48.0,156.0,241.99,871.25,8.79,7654.59,425.26,0.2904,4.0,24.0,20.0,0.0,48.77,48.77
230A,14,6.0,42.0,33.0,123.0,48.0,156.0,241.99,871.25,8.79,7654.59,425.26,0.2904,4.0,24.0,20.0,0.0,48.77,48.77
230A,15,6.0,42.0,33.0,123.0,48.0,156.0,241.99,871.25,8.79,7654.59,425.26,0.2904,4.0,24.0,20.0,0.0,48.77,48.77
230A,16,6.0,42.0,33.0,123.0,48.0,156.0,241.99,871.25,8.79,7654.59,425.26,0.2904,4.0,24.0,20.0,0.0,48.77,48.77
230A,17,6.0,42.0,33.0,123.0,48.0,156.0,241.99,871.25,8.79,7654.59,425.26,0.2904,4.0,24.0,20.0,0.0,48.77,48.77
230A,18,6.0,42.0,33.0,123.0,48.0,156.0,241.99,871.25,8.79,7654.59,425.26,0.2904,4.0,24.0,20.0,0.0,48.77,48.77
230A,19,6.0,42.0,33.0,123.0,48.0,156.0,241.99,871.25,8.79,7654.59,425.26,0.2904,4.0,24.0,20.0,0.0,48.77,48.77
230A,20,6.0,42.0,33.0,123.0,48.0,156.0,241.99,871.25,8.79,7654.59,425.26,0.2904,4.0,24.0,20.0,0.0,48.77,48.77
230A,21,6.0,42.0,33.0,123.0,48.0,156.0,241.99,871.25,8.79,7654.59,425.26,0.2904,4.0,24.0,20.0,0.0,48.77,48.77
230A,22,6.0,42.0,33.0,123.0,48.0,156.0,241.99,871.25,8.79,7654.59,425.26,0.2904,4.0,24.0,20.0,0.0,48.77,48.77
230A,23,6.0,42.0,33.0,123.0,48.0,156.0,241.99,871.25,8.79,7654.59,425.26,0.2904,4.0,24.0,20.0,0.0,48.77,48.77
230A,24,6.0,42.0,33.0,123.0,48.0,156.0,241.99,871.25,8.79,7654.59,425.26,0.2904,4.0,24.0,20.0,0.0,48.77,48.77
230A,25,6.0,42.0,33.0,123.0,48.0,156.0,241.99,871.25,8.79,7654.59,425.26,0.2904,4.0,24.0,20.0,0.0,48.77,48.77
230A,26,6.0,42.0,33.0,123.0,48.0,156.0,241.99,871.25,8.79,7654.59,425.26,0.2904,4.0,24.0,20.0,0.0,48.77,48.77
230A,27,6.0,42.0,33.0,123.0,48.0,156.0,241.99,871.25,8.79,7654.59,425.26,0.2904,4.0,24.0,20.0,0.0,48.77,48.77
230A,28,6.0,42.0,33.0,123.0,48.0,156.0,241.99,871.25,8.79,7654.59,425.26,0.2904,4.0,24.0,20.0,0.0,48.77,48.77
230A,29,6.0,42.0,33.0,123.0,48.0,156.0,241.99,871.25,8.79,7654.59,425.26,0.2904,4.0,24.0,20.0,0.0,48.77,48.77
230A,30,6.0,42.0,33.0,123.0,48.0,156.0,241.99,871.25,8.79,7654.59,425.26,0.2904,4.0,24.0,20.0,0.0,48.77,48.77
230A,31,6.0,42.0,33.0,123.0,48.0,156.0,241.99,871.25,8.79,7654.59,425.26,0.2904,4.0,24.0,20.0,0.0,48.77,48.77
230A,32,6.0,42.0,33.0,123.0,48.0,156.0,241.99,871.25,8.79,7654.59,425.26,0.2904,4.0,24.0,20.0,0.0,48.77,48.77
232A,1,8.0,72.0,88.0,302.0,80.0,390.0,468.23,2465.55,16.78,41366.48,2298.14,0.8219,10.0,39.0,30.0,0.14,60.63,40.2
232A,2,7.0,95.0,97.0,353.0,102.0,450.0,643.79,3002.59,13.01,39049.49,2169.42,1.0009,9.0,47.0,33.0,0.25,62.93,37.96
232A,3,7.0,73.0,104.0,387.0,80.0,491.0,471.51,3104.07,18.55,57595.32,3199.74,1.0347,11.0,51.0,43.0,0.1,54.76,36.82
232A,4,7.0,85.0,64.0,245.0,92.0,309.0,564.45,2015.78,10.09,20335.67,1129.76,0.6719,6.0,28.0,18.0,0.25,69.45,44.49
232A,5,7.0,97.0,90.0,350.0,104.0,440.0,659.84,2948.19,12.63,37232.34,2068.46,0.9827,8.0,43.0,32.0,0.22,62.93,39.0
232A,6,8.0,116.0,123.0,484.0,124.0,607.0,819.53,4221.2,16.69,70450.33,3913.91,1.4071,11.0,54.0,35.0,0.3,61.68,35.34
232A,7,5.0,63.0,91.0,329.0,68.0,420.0,388.18,2556.73,13.06,33379.59,1854.42,0.8522,13.0,41.0,35.0,0.1,57.03,39.21
232A,8,8.0,71.0,92.0,311.0,79.0,403.0,460.63,2540.42,17.52,44511.08,2472.84,0.8468,13.0,53.0,47.0,0.06,50.85,36.8
232A,9,9.0,60.0,98.0,334.0,69.0,432.0,382.94,2638.88,25.05,66104.01,3672.44,0.8796,12.0,53.0,46.0,0.08,52.81,36.82
232A,10,10.0,140.0,125.0,595.0,150.0,720.0,1031.32,5204.75,21.25,110600.93,6144.5,1.7349,10.0,73.0,48.0,0.3,58.42,31.99
232A,11,8.0,56.0,59.0,235.0,64.0,294.0,349.21,1764.0,16.79,29610.0,1645.0,0.588,5.0,33.0,26.0,0.1,61.36,43.47
232A,12,7.0,68.0,97.0,380.0,75.0,477.0,433.6,2971.15,19.56,58112.13,3228.45,0.9904,9.0,50.0,40.0,0.15,58.18,37.41
232A,13,8.0,116.0,123.0,484.0,124.0,607.0,819.53,4221.2,16.69,70450.33,3913.91,1.4071,11.0,54.0,35.0,0.3,61.68,35.34
232A,14,9.0,92.0,98.0,381.0,101.0,479.0,628.7,3189.28,18.64,59435.07,3301.95,1.0631,10.0,47.0,36.0,0.16,59.14,37.65
232A,15,8.0,98.0,139.0,493.0,106.0,632.0,672.24,4252.05,20.12,85561.57,4753.42,1.4173,12.0,63.0,49.0,0.18,56.2,33.73
232A,16,9.0,67.0,106.0,451.0,76.0,557.0,434.96,3480.1,30.29,105415.73,5856.43,1.16,10.0,58.0,50.0,0.09,52.31,35.39
232A,17,8.0,86.0,101.0,376.0,94.0,477.0,576.66,3126.54,17.49,54678.08,3037.67,1.0422,15.0,50.0,41.0,0.13,55.98,36.45
232A,18,8.0,62.0,131.0,429.0,70.0,560.0,393.16,3432.4,27.68,94999.93,5277.77,1.1441,28.0,71.0,63.0,0.06,45.11,31.09
232A,19,8.0,54.0,82.0,282.0,62.0,364.0,334.76,2167.33,20.89,45273.06,2515.17,0.7224,13.0,45.0,39.0,0.07,54.04,38.83
232A,20,7.0,75.0,106.0,361.0,82.0,467.0,486.81,2968.98,16.85,50017.36,2778.74,0.9897,15.0,56.0,50.0,0.07,50.99,35.53
232A,21,8.0,86.0,98.0,368.0,94.0,466.0,576.66,3054.44,17.12,52280.62,2904.48,1.0181,13.0,60.0,49.0,0.12,54.42,35.06
232A,22,10.0,118.0,159.0,589.0,128.0,748.0,845.37,5236.0,24.96,130678.14,7259.9,1.7453,15.0,73.0,52.0,0.26,56.48,31.3
232A,23,7.0,86.0,86.0,333.0,93.0,419.0,572.31,2739.91,13.55,37132.12,2062.9,0.9133,10.0,39.0,31.0,0.14,60.08,39.88
232A,24,9.0,99.0,109.0,401.0,108.0,510.0,684.84,3444.99,18.23,62792.82,3488.49,1.1483,12.0,55.0,42.0,0.18,57.81,35.65
232A,25,9.0,86.0,86.0,344.0,95.0,430.0,581.19,2825.04,18.0,50850.68,2825.04,0.9417,10.0,57.0,47.0,0.13,55.84,36.19
232A,26,8.0,87.0,103.0,390.0,95.0,493.0,584.54,3238.94,17.93,58077.52,3226.53,1.0796,8.0,45.0,34.0,0.21,61.83,38.28
232A,27,7.0,63.0,71.0,259.0,70.0,330.0,396.22,2022.66,14.39,29103.88,1616.88,0.6742,10.0,40.0,34.0,0.08,56.65,40.56
232A,28,7.0,42.0,82.0,309.0,49.0,391.0,246.13,2195.35,25.75,56530.3,3140.57,0.7318,10.0,52.0,50.0,0.0,37.82,37.82
232A,29,10.0,75.0,94.0,416.0,85.0,510.0,500.38,3268.79,27.73,90654.43,5036.36,1.0896,12.0,57.0,48.0,0.11,53.91,35.48
232A,30,7.0,40.0,62.0,208.0,47.0,270.0,232.53,1499.74,18.2,27295.25,1516.4,0.4999,14.0,33.0,30.0,0.0,42.75,42.75
232A,31,5.0,38.0,59.0,203.0,43.0,262.0,211.03,1421.68,13.36,18986.93,1054.83,0.4739,12.0,37.0,34.0,0.0,42.1,42.1
232A,32,7.0,77.0,65.0,250.0,84.0,315.0,502.19,2013.58,11.36,22881.59,1271.2,0.6712,6.0,32.0,23.0,0.21,66.68,43.23
235B,1,5.0,33.0,35.0,99.0,38.0,134.0,178.07,703.22,7.5,5274.17,293.01,0.2344,3.0,19.0,16.0,0.0,51.77,51.77
235B,2,6.0,34.0,42.0,125.0,40.0,167.0,188.48,888.76,11.03,9802.52,544.58,0.2963,3.0,21.0,18.0,0.0,50.11,50.11
235B,3,5.0,34.0,36.0,105.0,39.0,141.0,184.58,745.24,7.72,5753.7,319.65,0.2484,3.0,20.0,17.0,0.0,51.1,51.1
235B,4,6.0,37.0,43.0,136.0,43.0,179.0,208.26,971.3,11.03,10710.57,595.03,0.3238,4.0,24.0,21.0,0.0,48.44,48.44
235B,5,5.0,34.0,36.0,105.0,39.0,141.0,184.58,745.24,7.72,5753.7,319.65,0.2484,3.0,20.0,17.0,0.0,51.1,51.1
235B,6,5.0,32.0,33.0,96.0,37.0,129.0,171.61,672.02,7.5,5040.15,280.01,0.224,3.0,18.0,15.0,0.0,52.42,52.42
235B,7,5.0,33.0,34.0,98.0,38.0,132.0,178.07,692.73,7.42,5142.97,285.72,0.2309,3.0,19.0,16.0,0.0,51.81,51.81
235B,8,5.0,34.0,36.0,105.0,39.0,141.0,184.58,745.24,7.72,5753.7,319.65,0.2484,3.0,20.0,17.0,0.0,51.1,51.1
235B,9,5.0,32.0,33.0,96.0,37.0,129.0,171.61,672.02,7.5,5040.15,280.01,0.224,3.0,18.0,15.0,0.0,52.42,52.42
235B,10,5.0,34.0,36.0,105.0,39.0,141.0,184.58,745.24,7.72,5753.7,319.65,0.2484,3.0,20.0,17.0,0.0,51.1,51.1
235B,11,5.0,34.0,36.0,105.0,39.0,141.0,184.58,745.24,7.72,5753.7,319.65,0.2484,3.0,20.0,17.0,0.0,51.1,51.1
235B,12,6.0,34.0,36.0,109.0,40.0,145.0,188.48,771.68,9.62,7421.74,412.32,0.2572,3.0,20.0,17.0,0.0,51.0,51.0
235B,13,5.0,34.0,36.0,107.0,39.0,143.0,184.58,755.81,7.87,5946.47,330.36,0.2519,3.0,21.0,18.0,0.0,50.6,50.6
235B,14,5.0,34.0,36.0,107.0,39.0,143.0,184.58,755.81,7.87,5946.47,330.36,0.2519,3.0,21.0,18.0,0.0,50.6,50.6
235B,15,5.0,34.0,36.0,107.0,39.0,143.0,184.58,755.81,7.87,5946.47,330.36,0.2519,3.0,21.0,18.0,0.0,50.6,50.6
235B,16,5.0,34.0,36.0,107.0,39.0,143.0,184.58,755.81,7.87,5946.47,330.36,0.2519,3.0,21.0,18.0,0.0,50.6,50.6
235B,17,6.0,34.0,42.0,125.0,40.0,167.0,188.48,888.76,11.03,9802.52,544.58,0.2963,3.0,21.0,18.0,0.0,50.11,50.11
235B,18,5.0,34.0,36.0,107.0,39.0,143.0,184.58,755.81,7.87,5946.47,330.36,0.2519,3.0,21.0,18.0,0.0,50.6,50.6
235B,19,5.0,34.0,36.0,105.0,39.0,141.0,184.58,745.24,7.72,5753.7,319.65,0.2484,3.0,20.0,17.0,0.0,51.1,51.1
235B,20,5.0,34.0,36.0,105.0,39.0,141.0,184.58,745.24,7.72,5753.7,319.65,0.2484,3.0,20.0,17.0,0.0,51.1,51.1
235B,21,5.0,32.0,33.0,96.0,37.0,129.0,171.61,672.02,7.5,5040.15,280.01,0.224,3.0,18.0,15.0,0.0,52.42,52.42
235B,22,6.0,35.0,39.0,109.0,41.0,148.0,195.03,792.92,9.34,7408.12,411.56,0.2643,3.0,19.0,16.0,0.0,51.4,51.4
235B,23,5.0,34.0,36.0,105.0,39.0,141.0,184.58,745.24,7.72,5753.7,319.65,0.2484,3.0,20.0,17.0,0.0,51.1,51.1
235B,24,6.0,37.0,38.0,127.0,43.0,165.0,208.26,895.33,10.3,9219.52,512.2,0.2984,4.0,24.0,21.0,0.0,48.68,48.68
235B,25,5.0,34.0,36.0,107.0,39.0,143.0,184.58,755.81,7.87,5946.47,330.36,0.2519,3.0,21.0,18.0,0.0,50.6,50.6
235B,26,7.0,36.0,48.0,156.0,43.0,204.0,205.77,1106.96,15.17,16788.86,932.71,0.369,4.0,27.0,24.0,0.0,46.92,46.92
235B,27,5.0,33.0,34.0,98.0,38.0,132.0,178.07,692.73,7.42,5142.97,285.72,0.2309,3.0,19.0,16.0,0.0,51.81,51.81
235B,28,6.0,39.0,47.0,147.0,45.0,194.0,221.64,1065.42,11.31,12047.44,669.3,0.3551,5.0,28.0,25.0,0.0,46.56,46.56
235B,29,5.0,34.0,36.0,107.0,39.0,143.0,184.58,755.81,7.87,5946.47,330.36,0.2519,3.0,21.0,18.0,0.0,50.6,50.6
235B,30,5.0,34.0,36.0,107.0,39.0,143.0,184.58,755.81,7.87,5946.47,330.36,0.2519,3.0,21.0,18.0,0.0,50.6,50.6
235B,31,5.0,34.0,36.0,107.0,39.0,143.0,184.58,755.81,7.87,5946.47,330.36,0.2519,3.0,21.0,18.0,0.0,50.6,50.6
235B,32,5.0,34.0,36.0,107.0,39.0,143.0,184.58,755.81,7.87,5946.47,330.36,0.2519,3.0,21.0,18.0,0.0,50.6,50.6
238A,1,8.0,41.0,43.0,171.0,49.0,214.0,243.66,1201.55,16.68,20045.34,1113.63,0.4005,4.0,22.0,19.0,0.0,48.61,48.61
238A,2,9.0,40.0,43.0,154.0,49.0,197.0,241.41,1106.1,17.32,19163.15,1064.62,0.3687,3.0,19.0,16.0,0.0,50.39,50.39
238A,3,8.0,40.0,39.0,145.0,48.0,184.0,236.88,1027.63,14.5,14900.68,827.82,0.3425,3.0,19.0,16.0,0.0,50.61,50.61
238A,4,9.0,40.0,43.0,154.0,49.0,197.0,241.41,1106.1,17.32,19163.15,1064.62,0.3687,3.0,19.0,16.0,0.0,50.39,50.39
238A,5,8.0,42.0,43.0,142.0,50.0,185.0,250.48,1044.11,13.52,14120.39,784.47,0.348,3.0,21.0,18.0,0.0,49.62,49.62
238A,6,8.0,42.0,43.0,142.0,50.0,185.0,250.48,1044.11,13.52,14120.39,784.47,0.348,3.0,21.0,18.0,0.0,49.62,49.62
238A,7,9.0,40.0,43.0,154.0,49.0,197.0,241.41,1106.1,17.32,19163.15,1064.62,0.3687,3.0,19.0,16.0,0.0,50.39,50.39
238A,8,8.0,43.0,47.0,161.0,51.0,208.0,257.33,1179.86,14.98,17670.53,981.7,0.3933,5.0,27.0,24.0,0.0,46.59,46.59
238A,9,8.0,41.0,43.0,171.0,49.0,214.0,243.66,1201.55,16.68,20045.34,1113.63,0.4005,4.0,22.0,19.0,0.0,48.61,48.61
238A,10,8.0,36.0,32.0,98.0,44.0,130.0,210.12,709.73,10.89,7728.13,429.34,0.2366,2.0,15.0,12.0,0.0,54.11,54.11
238A,11,8.0,36.0,32.0,98.0,44.0,130.0,210.12,709.73,10.89,7728.13,429.34,0.2366,2.0,15.0,12.0,0.0,54.11,54.11
238A,12,8.0,47.0,60.0,208.0,55.0,268.0,285.07,1549.4,17.7,27427.75,1523.76,0.5165,7.0,33.0,30.0,0.0,43.6,43.6
238A,13,8.0,41.0,43.0,171.0,49.0,214.0,243.66,1201.55,16.68,20045.34,1113.63,0.4005,4.0,22.0,19.0,0.0,48.61,48.61
238A,14,8.0,41.0,45.0,175.0,49.0,220.0,243.66,1235.24,17.07,21089.4,1171.63,0.4117,4.0,22.0,19.0,0.0,48.53,48.53
238A,15,8.0,41.0,43.0,171.0,49.0,214.0,243.66,1201.55,16.68,20045.34,1113.63,0.4005,4.0,22.0,19.0,0.0,48.61,48.61
238A,16,8.0,42.0,43.0,167.0,50.0,210.0,250.48,1185.21,15.9,18850.48,1047.25,0.3951,4.0,24.0,21.0,0.0,47.83,47.83
238A,17,8.0,40.0,39.0,145.0,48.0,184.0,236.88,1027.63,14.5,14900.68,827.82,0.3425,3.0,19.0,16.0,0.0,50.61,50.61
238A,18,8.0,48.0,61.0,213.0,56.0,274.0,292.08,1591.22,17.75,28244.07,1569.12,0.5304,7.0,34.0,31.0,0.0,43.23,43.23
238A,19,8.0,41.0,43.0,171.0,49.0,214.0,243.66,1201.55,16.68,20045.34,1113.63,0.4005,4.0,22.0,19.0,0.0,48.61,48.61
238A,20,8.0,36.0,32.0,98.0,44.0,130.0,210.12,709.73,10.89,7728.13,429.34,0.2366,2.0,15.0,12.0,0.0,54.11,54.11
238A,21,8.0,46.0,59.0,236.0,54.0,295.0,278.08,1697.69,20.52,34839.59,1935.53,0.5659,7.0,30.0,27.0,0.0,44.22,44.22
238A,22,8.0,40.0,39.0,145.0,48.0,184.0,236.88,1027.63,14.5,14900.68,827.82,0.3425,3.0,19.0,16.0,0.0,50.61,50.61
238A,23,8.0,36.0,32.0,98.0,44.0,130.0,210.12,709.73,10.89,7728.13,429.34,0.2366,2.0,15.0,12.0,0.0,54.11,54.11
238A,24,8.0,41.0,43.0,171.0,49.0,214.0,243.66,1201.55,16.68,20045.34,1113.63,0.4005,4.0,22.0,19.0,0.0,48.61,48.61
238A,25,8.0,36.0,32.0,98.0,44.0,130.0,210.12,709.73,10.89,7728.13,429.34,0.2366,2.0,15.0,12.0,0.0,54.11,54.11
238A,26,8.0,48.0,56.0,209.0,56.0,265.0,292.08,1538.95,17.42,26803.36,1489.08,0.513,7.0,34.0,31.0,0.0,43.33,43.33
238A,27,8.0,48.0,56.0,209.0,56.0,265.0,292.08,1538.95,17.42,26803.36,1489.08,0.513,7.0,34.0,31.0,0.0,43.33,43.33
238A,28,8.0,43.0,47.0,163.0,51.0,210.0,257.33,1191.21,15.16,18062.06,1003.45,0.3971,5.0,26.0,23.0,0.0,46.92,46.92
238A,29,8.0,36.0,32.0,98.0,44.0,130.0,210.12,709.73,10.89,7728.13,429.34,0.2366,2.0,15.0,12.0,0.0,54.11,54.11
238A,30,8.0,42.0,43.0,167.0,50.0,210.0,250.48,1185.21,15.9,18850.48,1047.25,0.3951,4.0,24.0,21.0,0.0,47.83,47.83
238A,31,10.0,42.0,45.0,165.0,52.0,210.0,259.7,1197.09,19.64,23514.31,1306.35,0.399,4.0,24.0,21.0,0.0,47.8,47.8
238A,32,9.0,40.0,43.0,154.0,49.0,197.0,241.41,1106.1,17.32,19163.15,1064.62,0.3687,3.0,19.0,16.0,0.0,50.39,50.39
241A,1,6.0,41.0,62.0,198.0,47.0,260.0,235.17,1444.19,14.49,20923.19,1162.4,0.4814,5.0,35.0,30.0,0.0,43.52,43.52
241A,2,6.0,50.0,55.0,167.0,56.0,222.0,297.7,1289.23,10.02,12918.11,717.67,0.4297,5.0,32.0,26.0,0.1,62.6,44.72
241A,3,6.0,50.0,55.0,167.0,56.0,222.0,297.7,1289.23,10.02,12918.11,717.67,0.4297,5.0,32.0,26.0,0.1,62.6,44.72
241A,4,7.0,53.0,66.0,180.0,60.0,246.0,323.23,1453.1,11.89,17272.64,959.59,0.4844,5.0,33.0,27.0,0.1,61.69,44.06
241A,5,6.0,34.0,49.0,143.0,40.0,192.0,188.48,1021.81,12.62,12892.84,716.27,0.3406,5.0,27.0,24.0,0.0,47.03,47.03
241A,6,7.0,50.0,64.0,176.0,57.0,240.0,301.84,1399.89,12.32,17246.69,958.15,0.4666,5.0,33.0,27.0,0.1,61.8,44.17
241A,7,6.0,49.0,55.0,160.0,55.0,215.0,290.63,1242.99,9.8,12176.25,676.46,0.4143,5.0,31.0,24.0,0.14,65.56,45.13
241A,8,6.0,50.0,57.0,170.0,56.0,227.0,297.7,1318.27,10.2,13446.35,747.02,0.4394,5.0,33.0,27.0,0.1,61.99,44.36
241A,9,8.0,48.0,57.0,172.0,56.0,229.0,292.08,1329.88,14.33,19061.67,1058.98,0.4433,5.0,31.0,24.0,0.14,65.35,44.92
241A,10,6.0,34.0,49.0,143.0,40.0,192.0,188.48,1021.81,12.62,12892.84,716.27,0.3406,5.0,27.0,24.0,0.0,47.03,47.03
241A,11,6.0,49.0,55.0,164.0,55.0,219.0,290.63,1266.12,10.04,12712.86,706.27,0.422,5.0,32.0,26.0,0.1,62.66,44.77
241A,12,7.0,48.0,58.0,173.0,55.0,231.0,287.73,1335.49,12.61,16846.7,935.93,0.4452,5.0,31.0,24.0,0.14,65.34,44.91
241A,13,6.0,40.0,50.0,140.0,46.0,190.0,228.39,1049.48,10.5,11019.51,612.19,0.3498,4.0,26.0,20.0,0.13,67.14,47.44
241A,14,7.0,53.0,66.0,180.0,60.0,246.0,323.23,1453.1,11.89,17272.64,959.59,0.4844,5.0,33.0,27.0,0.1,61.69,44.06
241A,15,5.0,46.0,68.0,223.0,51.0,291.0,265.69,1650.68,12.12,20005.47,1111.42,0.5502,7.0,40.0,35.0,0.0,41.58,41.58
241A,16,7.0,51.0,66.0,179.0,58.0,245.0,308.95,1435.21,12.28,17630.51,979.47,0.4784,5.0,34.0,27.0,0.1,61.45,43.82
241A,17,6.0,50.0,55.0,167.0,56.0,222.0,297.7,1289.23,10.02,12918.11,717.67,0.4297,5.0,32.0,26.0,0.1,62.6,44.72
241A,18,7.0,51.0,62.0,177.0,58.0,239.0,308.95,1400.06,12.15,17006.58,944.81,0.4667,5.0,32.0,25.0,0.14,64.61,44.46
241A,19,6.0,51.0,57.0,170.0,57.0,227.0,304.8,1324.07,10.0,13240.66,735.59,0.4414,5.0,33.0,26.0,0.1,62.23,44.34
241A,20,6.0,51.0,57.0,170.0,57.0,227.0,304.8,1324.07,10.0,13240.66,735.59,0.4414,5.0,33.0,26.0,0.1,62.23,44.34
241A,21,7.0,54.0,64.0,183.0,61.0,247.0,330.42,1464.89,11.86,17375.25,965.29,0.4883,5.0,35.0,28.0,0.1,60.86,43.48
241A,22,6.0,44.0,51.0,155.0,50.0,206.0,255.72,1162.63,10.57,12286.93,682.61,0.3875,5.0,29.0,23.0,0.12,64.69,45.96
241A,23,6.0,50.0,57.0,170.0,56.0,227.0,297.7,1318.27,10.2,13446.35,747.02,0.4394,5.0,33.0,27.0,0.1,61.99,44.36
241A,24,6.0,49.0,55.0,160.0,55.0,215.0,290.63,1242.99,9.8,12176.25,676.46,0.4143,5.0,31.0,24.0,0.14,65.56,45.13
241A,25,6.0,50.0,57.0,170.0,56.0,227.0,297.7,1318.27,10.2,13446.35,747.02,0.4394,5.0,33.0,27.0,0.1,61.99,44.36
241A,26,6.0,51.0,55.0,168.0,57.0,223.0,304.8,1300.73,9.88,12854.32,714.13,0.4336,5.0,32.0,26.0,0.1,62.58,44.69
241A,27,6.0,39.0,48.0,135.0,45.0,183.0,221.64,1005.01,10.38,10436.63,579.81,0.335,4.0,25.0,20.0,0.09,64.87,47.95
241A,28,6.0,47.0,58.0,163.0,53.0,221.0,276.58,1265.87,10.4,13170.44,731.69,0.422,5.0,33.0,27.0,0.1,62.11,44.48
241A,29,6.0,49.0,55.0,164.0,55.0,219.0,290.63,1266.12,10.04,12712.86,706.27,0.422,5.0,32.0,26.0,0.1,62.66,44.77
241A,30,6.0,50.0,57.0,170.0,56.0,227.0,297.7,1318.27,10.2,13446.35,747.02,0.4394,5.0,33.0,27.0,0.1,61.99,44.36
241A,31,6.0,41.0,50.0,139.0,47.0,189.0,235.17,1049.82,10.17,10677.41,593.19,0.3499,4.0,26.0,20.0,0.13,67.14,47.44
241A,32,6.0,49.0,57.0,167.0,55.0,224.0,290.63,1295.02,10.22,13240.97,735.61,0.4317,5.0,33.0,27.0,0.1,62.04,44.41
244A,1,8.0,44.0,62.0,212.0,52.0,274.0,264.21,1561.92,19.27,30102.47,1672.36,0.5206,8.0,31.0,27.0,0.0,44.03,44.03
244A,2,6.0,44.0,60.0,241.0,50.0,301.0,255.72,1698.8,16.43,27914.38,1550.8,0.5663,8.0,34.0,30.0,0.0,42.9,42.9
244A,3,7.0,37.0,55.0,157.0,44.0,212.0,212.4,1157.4,14.85,17188.95,954.94,0.3858,6.0,25.0,23.0,0.0,47.25,47.25
244A,4,6.0,36.0,50.0,137.0,42.0,187.0,201.63,1008.36,11.42,11512.15,639.56,0.3361,6.0,21.0,19.0,0.0,49.32,49.32
244A,5,6.0,42.0,67.0,244.0,48.0,311.0,241.99,1736.92,17.43,30272.09,1681.78,0.579,9.0,37.0,33.0,0.0,41.9,41.9
244A,6,9.0,42.0,63.0,209.0,51.0,272.0,255.01,1542.9,22.39,34549.93,1919.44,0.5143,9.0,34.0,30.0,0.0,43.06,43.06
244A,7,6.0,42.0,67.0,244.0,48.0,311.0,241.99,1736.92,17.43,30272.09,1681.78,0.579,9.0,37.0,33.0,0.0,41.9,41.9
244A,8,8.0,47.0,60.0,233.0,55.0,293.0,285.07,1693.94,19.83,33590.44,1866.14,0.5646,9.0,35.0,31.0,0.0,42.5,42.5
244A,9,8.0,47.0,58.0,195.0,55.0,253.0,285.07,1462.68,16.6,24274.33,1348.57,0.4876,8.0,36.0,31.0,0.0,42.81,42.81
244A,10,7.0,43.0,52.0,221.0,50.0,273.0,252.98,1540.77,17.99,27715.99,1539.78,0.5136,6.0,29.0,25.0,0.0,44.97,44.97
244A,11,9.0,36.0,59.0,151.0,45.0,210.0,214.65,1153.29,18.88,21768.33,1209.35,0.3844,7.0,24.0,22.0,0.0,47.51,47.51
244A,12,8.0,43.0,60.0,207.0,51.0,267.0,257.33,1514.54,19.26,29163.65,1620.2,0.5048,8.0,33.0,29.0,0.0,43.53,43.53
244A,13,8.0,39.0,57.0,156.0,47.0,213.0,230.13,1183.13,16.0,18930.04,1051.67,0.3944,7.0,23.0,21.0,0.0,47.84,47.84
244A,14,8.0,43.0,52.0,184.0,51.0,236.0,257.33,1338.69,17.12,22913.43,1272.97,0.4462,7.0,31.0,27.0,0.0,44.63,44.63
244A,15,10.0,43.0,66.0,208.0,53.0,274.0,266.55,1569.45,24.19,37958.8,2108.82,0.5232,10.0,32.0,30.0,0.0,43.45,43.45
244A,16,7.0,39.0,67.0,225.0,46.0,292.0,225.78,1612.88,20.19,32567.77,1809.32,0.5376,9.0,34.0,30.0,0.0,42.92,42.92
244A,17,7.0,43.0,52.0,221.0,50.0,273.0,252.98,1540.77,17.99,27715.99,1539.78,0.5136,6.0,29.0,25.0,0.0,44.97,44.97
244A,18,8.0,40.0,57.0,159.0,48.0,216.0,236.88,1206.35,15.9,19181.0,1065.61,0.4021,7.0,24.0,22.0,0.0,47.37,47.37
244A,19,8.0,47.0,58.0,201.0,55.0,259.0,285.07,1497.37,17.11,25614.62,1423.03,0.4991,8.0,39.0,34.0,0.0,41.98,41.98
244A,20,8.0,39.0,57.0,156.0,47.0,213.0,230.13,1183.13,16.0,18930.04,1051.67,0.3944,7.0,23.0,21.0,0.0,47.84,47.84
244A,21,8.0,43.0,71.0,242.0,51.0,313.0,257.33,1775.47,22.51,39968.7,2220.48,0.5918,10.0,38.0,34.0,0.0,41.44,41.44
244A,22,7.0,46.0,55.0,196.0,53.0,251.0,273.74,1437.71,14.91,21440.6,1191.14,0.4792,7.0,39.0,34.0,0.0,42.24,42.24
244A,23,8.0,46.0,72.0,242.0,54.0,314.0,278.08,1807.03,21.04,38026.29,2112.57,0.6023,9.0,44.0,39.0,0.0,40.13,40.13
244A,24,8.0,47.0,59.0,195.0,55.0,254.0,285.07,1468.47,16.6,24370.28,1353.9,0.4895,8.0,36.0,31.0,0.0,42.8,42.8
244A,25,7.0,43.0,52.0,221.0,50.0,273.0,252.98,1540.77,17.99,27715.99,1539.78,0.5136,6.0,29.0,25.0,0.0,44.97,44.97
244A,26,8.0,44.0,54.0,193.0,52.0,247.0,264.21,1408.01,17.55,24704.15,1372.45,0.4693,7.0,35.0,30.0,0.0,43.33,43.33
244A,27,8.0,37.0,58.0,148.0,45.0,206.0,216.75,1131.32,16.0,18101.15,1005.62,0.3771,7.0,24.0,22.0,0.0,47.57,47.57
244A,28,9.0,55.0,61.0,235.0,64.0,296.0,346.5,1776.0,19.23,34147.64,1897.09,0.592,8.0,39.0,33.0,0.03,51.52,41.46
244A,29,7.0,48.0,53.0,195.0,55.0,248.0,287.73,1433.78,14.22,20386.52,1132.58,0.4779,8.0,35.0,31.0,0.0,43.14,43.14
244A,30,6.0,40.0,64.0,223.0,46.0,287.0,228.39,1585.26,16.73,26513.51,1472.97,0.5284,8.0,33.0,29.0,0.0,43.39,43.39
244A,31,7.0,43.0,52.0,221.0,50.0,273.0,252.98,1540.77,17.99,27715.99,1539.78,0.5136,6.0,29.0,25.0,0.0,44.97,44.97
244A,32,6.0,40.0,64.0,223.0,46.0,287.0,228.39,1585.26,16.73,26513.51,1472.97,0.5284,8.0,33.0,29.0,0.0,43.39,43.39
245B,1,9.0,71.0,82.0,268.0,80.0,350.0,465.16,2212.67,16.99,37584.31,2088.02,0.7376,9.0,45.0,33.0,0.21,63.05,39.31
245B,2,10.0,62.0,83.0,285.0,72.0,368.0,402.38,2270.53,22.98,52185.62,2899.2,0.7568,12.0,44.0,36.0,0.12,58.2,39.04
245B,3,8.0,64.0,94.0,303.0,72.0,397.0,408.0,2449.46,18.94,46386.65,2577.04,0.8165,6.0,43.0,34.0,0.15,60.66,39.83
245B,4,9.0,71.0,82.0,268.0,80.0,350.0,465.16,2212.67,16.99,37584.31,2088.02,0.7376,9.0,45.0,33.0,0.21,63.05,39.31
245B,5,9.0,66.0,60.0,217.0,75.0,277.0,427.46,1725.38,14.8,25527.82,1418.21,0.5751,7.0,37.0,29.0,0.15,62.85,42.19
245B,6,10.0,63.0,96.0,257.0,73.0,353.0,409.79,2185.01,20.4,44567.23,2475.96,0.7283,13.0,49.0,39.0,0.15,58.94,38.0
245B,7,7.0,40.0,62.0,164.0,47.0,226.0,232.53,1255.34,14.35,18014.09,1000.78,0.4184,4.0,27.0,24.0,0.0,46.54,46.54
245B,8,10.0,62.0,83.0,285.0,72.0,368.0,402.38,2270.53,22.98,52185.62,2899.2,0.7568,12.0,44.0,36.0,0.12,58.2,39.04
245B,9,9.0,47.0,173.0,383.0,56.0,556.0,289.6,3228.89,36.67,118404.06,6578.0,1.0763,23.0,59.0,55.0,0.02,41.6,33.71
245B,10,7.0,60.0,92.0,304.0,67.0,396.0,374.06,2402.17,17.73,42598.5,2366.58,0.8007,7.0,46.0,37.0,0.14,59.36,39.12
245B,11,9.0,71.0,82.0,268.0,80.0,350.0,465.16,2212.67,16.99,37584.31,2088.02,0.7376,9.0,45.0,33.0,0.21,63.05,39.31
245B,12,7.0,40.0,49.0,131.0,47.0,180.0,232.53,999.83,11.46,11460.51,636.69,0.3333,3.0,22.0,19.0,0.0,49.31,49.31
245B,13,9.0,54.0,81.0,212.0,63.0,293.0,339.29,1751.34,17.67,30940.39,1718.91,0.5838,11.0,38.0,30.0,0.14,61.78,41.35
245B,14,8.0,63.0,91.0,294.0,71.0,385.0,400.57,2367.65,18.67,44196.18,2455.34,0.7892,6.0,43.0,34.0,0.15,60.76,39.93
245B,15,9.0,65.0,72.0,242.0,74.0,314.0,419.98,1949.77,16.75,32666.12,1814.78,0.6499,10.0,39.0,31.0,0.14,61.11,40.91
245B,16,8.0,63.0,91.0,294.0,71.0,385.0,400.57,2367.65,18.67,44196.18,2455.34,0.7892,6.0,43.0,34.0,0.15,60.76,39.93
245B,17,8.0,72.0,88.0,318.0,80.0,406.0,468.23,2566.7,17.67,45345.08,2519.17,0.8556,11.0,61.0,51.0,0.12,54.78,35.7
245B,18,9.0,62.0,66.0,269.0,71.0,335.0,397.69,2060.17,19.52,40223.07,2234.61,0.6867,10.0,46.0,40.0,0.07,54.23,39.18
245B,19,8.0,65.0,75.0,264.0,73.0,339.0,415.45,2098.35,16.25,34090.13,1893.9,0.6995,8.0,50.0,41.0,0.13,58.13,38.6
245B,20,9.0,56.0,97.0,270.0,65.0,367.0,353.74,2210.21,21.7,47953.64,2664.09,0.7367,14.0,49.0,41.0,0.11,56.1,37.83
245B,21,8.0,45.0,46.0,180.0,53.0,226.0,271.13,1294.51,16.0,20712.16,1150.68,0.4315,5.0,32.0,26.0,0.1,62.59,44.7
245B,22,8.0,45.0,46.0,180.0,53.0,226.0,271.13,1294.51,16.0,20712.16,1150.68,0.4315,5.0,32.0,26.0,0.1,62.59,44.7
245B,23,6.0,62.0,88.0,266.0,68.0,354.0,384.67,2154.96,12.87,27736.44,1540.91,0.7183,5.0,42.0,34.0,0.13,60.14,40.58
245B,24,9.0,54.0,91.0,242.0,63.0,333.0,339.29,1990.43,20.17,40140.42,2230.02,0.6635,13.0,43.0,35.0,0.12,58.88,39.52
245B,25,8.0,63.0,91.0,294.0,71.0,385.0,400.57,2367.65,18.67,44196.18,2455.34,0.7892,6.0,43.0,34.0,0.15,60.76,39.93
245B,26,9.0,59.0,70.0,190.0,68.0,260.0,375.61,1582.74,14.49,22936.32,1274.24,0.5276,9.0,35.0,27.0,0.16,63.86,42.7
245B,27,8.0,61.0,90.0,275.0,69.0,365.0,385.77,2229.61,18.03,40206.11,2233.67,0.7432,6.0,41.0,32.0,0.16,61.81,40.57
245B,28,9.0,46.0,75.0,242.0,55.0,317.0,282.61,1832.69,23.67,43386.97,2410.39,0.6109,11.0,37.0,33.0,0.03,51.52,41.46
245B,29,8.0,40.0,47.0,139.0,48.0,186.0,236.88,1038.8,13.9,14439.36,802.19,0.3463,6.0,30.0,27.0,0.0,45.85,45.85
245B,30,9.0,55.0,95.0,235.0,64.0,330.0,346.5,1980.0,19.23,38070.0,2115.0,0.66,9.0,41.0,33.0,0.13,60.29,40.52
245B,31,9.0,70.0,75.0,251.0,79.0,326.0,457.58,2055.03,16.14,33159.42,1842.19,0.685,9.0,47.0,37.0,0.16,60.42,39.12
245B,32,8.0,46.0,62.0,177.0,54.0,239.0,278.08,1375.42,15.39,21169.48,1176.08,0.4585,9.0,31.0,28.0,0.0,44.28,44.28
25A,1,6.0,37.0,45.0,126.0,43.0,171.0,208.26,927.89,10.22,9479.54,526.64,0.3093,5.0,30.0,27.0,0.0,46.33,46.33
25A,2,6.0,37.0,45.0,126.0,43.0,171.0,208.26,927.89,10.22,9479.54,526.64,0.3093,5.0,30.0,27.0,0.0,46.33,46.33
25A,3,6.0,36.0,41.0,120.0,42.0,161.0,201.63,868.16,10.0,8681.63,482.31,0.2894,5.0,29.0,26.0,0.0,46.85,46.85
25A,4,6.0,37.0,45.0,126.0,43.0,171.0,208.26,927.89,10.22,9479.54,526.64,0.3093,5.0,30.0,27.0,0.0,46.33,46.33
25A,5,6.0,36.0,41.0,120.0,42.0,161.0,201.63,868.16,10.0,8681.63,482.31,0.2894,5.0,29.0,26.0,0.0,46.85,46.85
25A,6,6.0,37.0,45.0,126.0,43.0,171.0,208.26,927.89,10.22,9479.54,526.64,0.3093,5.0,30.0,27.0,0.0,46.33,46.33
25A,7,6.0,37.0,45.0,126.0,43.0,171.0,208.26,927.89,10.22,9479.54,526.64,0.3093,5.0,30.0,27.0,0.0,46.33,46.33
25A,8,6.0,36.0,41.0,120.0,42.0,161.0,201.63,868.16,10.0,8681.63,482.31,0.2894,5.0,29.0,26.0,0.0,46.85,46.85
25A,9,6.0,37.0,45.0,126.0,43.0,171.0,208.26,927.89,10.22,9479.54,526.64,0.3093,5.0,30.0,27.0,0.0,46.33,46.33
25A,10,6.0,37.0,45.0,126.0,43.0,171.0,208.26,927.89,10.22,9479.54,526.64,0.3093,5.0,30.0,27.0,0.0,46.33,46.33
25A,11,6.0,37.0,45.0,126.0,43.0,171.0,208.26,927.89,10.22,9479.54,526.64,0.3093,5.0,30.0,27.0,0.0,46.33,46.33
25A,12,6.0,37.0,45.0,126.0,43.0,171.0,208.26,927.89,10.22,9479.54,526.64,0.3093,5.0,30.0,27.0,0.0,46.33,46.33
25A,13,6.0,36.0,41.0,120.0,42.0,161.0,201.63,868.16,10.0,8681.63,482.31,0.2894,5.0,29.0,26.0,0.0,46.85,46.85
25A,14,6.0,37.0,45.0,126.0,43.0,171.0,208.26,927.89,10.22,9479.54,526.64,0.3093,5.0,30.0,27.0,0.0,46.33,46.33
25A,15,6.0,34.0,45.0,122.0,40.0,167.0,188.48,888.76,10.76,9567.26,531.51,0.2963,5.0,28.0,25.0,0.0,47.11,47.11
25A,16,6.0,36.0,41.0,120.0,42.0,161.0,201.63,868.16,10.0,8681.63,482.31,0.2894,5.0,29.0,26.0,0.0,46.85,46.85
25A,17,6.0,36.0,41.0,120.0,42.0,161.0,201.63,868.16,10.0,8681.63,482.31,0.2894,5.0,29.0,26.0,0.0,46.85,46.85
25A,18,6.0,34.0,45.0,122.0,40.0,167.0,188.48,888.76,10.76,9567.26,531.51,0.2963,5.0,28.0,25.0,0.0,47.11,47.11
25A,19,6.0,34.0,45.0,122.0,40.0,167.0,188.48,888.76,10.76,9567.26,531.51,0.2963,5.0,28.0,25.0,0.0,47.11,47.11
25A,20,6.0,34.0,45.0,122.0,40.0,167.0,188.48,888.76,10.76,9567.26,531.51,0.2963,5.0,28.0,25.0,0.0,47.11,47.11
25A,21,6.0,36.0,41.0,120.0,42.0,161.0,201.63,868.16,10.0,8681.63,482.31,0.2894,5.0,29.0,26.0,0.0,46.85,46.85
25A,22,6.0,37.0,45.0,126.0,43.0,171.0,208.26,927.89,10.22,9479.54,526.64,0.3093,5.0,30.0,27.0,0.0,46.33,46.33
25A,23,6.0,37.0,45.0,126.0,43.0,171.0,208.26,927.89,10.22,9479.54,526.64,0.3093,5.0,30.0,27.0,0.0,46.33,46.33
25A,24,6.0,37.0,45.0,126.0,43.0,171.0,208.26,927.89,10.22,9479.54,526.64,0.3093,5.0,30.0,27.0,0.0,46.33,46.33
25A,25,6.0,37.0,45.0,126.0,43.0,171.0,208.26,927.89,10.22,9479.54,526.64,0.3093,5.0,30.0,27.0,0.0,46.33,46.33
25A,26,6.0,36.0,41.0,120.0,42.0,161.0,201.63,868.16,10.0,8681.63,482.31,0.2894,5.0,29.0,26.0,0.0,46.85,46.85
25A,27,6.0,37.0,45.0,126.0,43.0,171.0,208.26,927.89,10.22,9479.54,526.64,0.3093,5.0,30.0,27.0,0.0,46.33,46.33
25A,28,6.0,36.0,41.0,120.0,42.0,161.0,201.63,868.16,10.0,8681.63,482.31,0.2894,5.0,29.0,26.0,0.0,46.85,46.85
25A,29,6.0,37.0,45.0,126.0,43.0,171.0,208.26,927.89,10.22,9479.54,526.64,0.3093,5.0,30.0,27.0,0.0,46.33,46.33
25A,30,6.0,36.0,41.0,120.0,42.0,161.0,201.63,868.16,10.0,8681.63,482.31,0.2894,5.0,29.0,26.0,0.0,46.85,46.85
25A,31,6.0,37.0,45.0,126.0,43.0,171.0,208.26,927.89,10.22,9479.54,526.64,0.3093,5.0,30.0,27.0,0.0,46.33,46.33
25A,32,6.0,37.0,45.0,126.0,43.0,171.0,208.26,927.89,10.22,9479.54,526.64,0.3093,5.0,30.0,27.0,0.0,46.33,46.33
252C,1,7.0,37.0,60.0,146.0,44.0,206.0,212.4,1124.64,13.81,15532.23,862.9,0.3749,8.0,23.0,21.0,0.0,47.86,47.86
252C,2,8.0,37.0,45.0,117.0,45.0,162.0,216.75,889.68,12.65,11253.25,625.18,0.2966,5.0,18.0,16.0,0.0,51.29,51.29
252C,3,8.0,37.0,45.0,117.0,45.0,162.0,216.75,889.68,12.65,11253.25,625.18,0.2966,5.0,18.0,16.0,0.0,51.29,51.29
252C,4,8.0,37.0,45.0,118.0,45.0,163.0,216.75,895.17,12.76,11419.49,634.42,0.2984,5.0,18.0,16.0,0.0,51.28,51.28
252C,5,8.0,39.0,48.0,127.0,47.0,175.0,230.13,972.05,13.03,12661.61,703.42,0.324,6.0,21.0,19.0,0.0,49.43,49.43
252C,6,8.0,38.0,48.0,127.0,46.0,175.0,223.42,966.62,13.37,12922.23,717.9,0.3222,6.0,22.0,20.0,0.0,49.01,49.01
252C,7,8.0,41.0,48.0,145.0,49.0,193.0,243.66,1083.64,14.15,15329.53,851.64,0.3612,6.0,24.0,22.0,0.0,47.83,47.83
252C,8,8.0,39.0,48.0,130.0,47.0,178.0,230.13,988.72,13.33,13182.89,732.38,0.3296,6.0,23.0,21.0,0.0,48.52,48.52
252C,9,8.0,40.0,50.0,136.0,48.0,186.0,236.88,1038.8,13.6,14127.72,784.87,0.3463,6.0,22.0,20.0,0.0,48.79,48.79
252C,10,8.0,33.0,48.0,120.0,41.0,168.0,190.47,900.07,14.55,13091.91,727.33,0.3,6.0,21.0,18.0,0.0,49.66,49.66
252C,11,8.0,39.0,48.0,127.0,47.0,175.0,230.13,972.05,13.03,12661.61,703.42,0.324,6.0,21.0,19.0,0.0,49.43,49.43
252C,12,8.0,39.0,48.0,128.0,47.0,176.0,230.13,977.61,13.13,12834.23,713.01,0.3259,6.0,21.0,19.0,0.0,49.41,49.41
252C,13,8.0,39.0,48.0,128.0,47.0,176.0,230.13,977.61,13.13,12834.23,713.01,0.3259,6.0,21.0,19.0,0.0,49.41,49.41
252C,14,8.0,35.0,47.0,130.0,43.0,177.0,203.52,960.45,14.86,14269.53,792.75,0.3201,6.0,24.0,21.0,0.0,48.2,48.2
252C,15,8.0,39.0,48.0,127.0,47.0,175.0,230.13,972.05,13.03,12661.61,703.42,0.324,6.0,21.0,19.0,0.0,49.43,49.43
252C,16,8.0,40.0,50.0,136.0,48.0,186.0,236.88,1038.8,13.6,14127.72,784.87,0.3463,6.0,22.0,20.0,0.0,48.79,48.79
252C,17,8.0,36.0,47.0,128.0,44.0,175.0,210.12,955.4,14.22,13587.92,754.88,0.3185,6.0,22.0,19.0,0.0,49.04,49.04
252C,18,8.0,39.0,48.0,127.0,47.0,175.0,230.13,972.05,13.03,12661.61,703.42,0.324,6.0,21.0,19.0,0.0,49.43,49.43
252C,19,7.0,44.0,46.0,156.0,51.0,202.0,259.87,1145.83,12.41,14218.71,789.93,0.3819,5.0,28.0,26.0,0.0,46.34,46.34
252C,20,8.0,35.0,44.0,124.0,43.0,168.0,203.52,911.61,14.17,12918.85,717.71,0.3039,5.0,23.0,20.0,0.0,48.9,48.9
252C,21,8.0,39.0,48.0,128.0,47.0,176.0,230.13,977.61,13.13,12834.23,713.01,0.3259,6.0,21.0,19.0,0.0,49.41,49.41
252C,22,8.0,38.0,48.0,129.0,46.0,177.0,223.42,977.67,13.58,13275.74,737.54,0.3259,6.0,23.0,21.0,0.0,48.55,48.55
252C,23,7.0,36.0,47.0,129.0,43.0,176.0,205.77,955.02,12.54,11977.58,665.42,0.3183,7.0,23.0,21.0,0.0,48.49,48.49
252C,24,8.0,39.0,49.0,134.0,47.0,183.0,230.13,1016.49,13.74,13970.22,776.12,0.3388,6.0,24.0,22.0,0.0,48.03,48.03
252C,25,8.0,41.0,48.0,145.0,49.0,193.0,243.66,1083.64,14.15,15329.53,851.64,0.3612,6.0,24.0,22.0,0.0,47.83,47.83
252C,26,8.0,41.0,48.0,144.0,49.0,192.0,243.66,1078.02,14.05,15144.93,841.38,0.3593,6.0,24.0,22.0,0.0,47.85,47.85
252C,27,8.0,38.0,48.0,129.0,46.0,177.0,223.42,977.67,13.58,13275.74,737.54,0.3259,6.0,23.0,21.0,0.0,48.55,48.55
252C,28,8.0,41.0,48.0,144.0,49.0,192.0,243.66,1078.02,14.05,15144.93,841.38,0.3593,6.0,24.0,22.0,0.0,47.85,47.85
252C,29,8.0,37.0,45.0,117.0,45.0,162.0,216.75,889.68,12.65,11253.25,625.18,0.2966,5.0,18.0,16.0,0.0,51.29,51.29
252C,30,8.0,38.0,48.0,128.0,46.0,176.0,223.42,972.15,13.47,13098.4,727.69,0.324,6.0,22.0,20.0,0.0,48.99,48.99
252C,31,8.0,35.0,44.0,124.0,43.0,168.0,203.52,911.61,14.17,12918.85,717.71,0.3039,5.0,23.0,20.0,0.0,48.9,48.9
252C,32,8.0,35.0,47.0,118.0,43.0,165.0,203.52,895.33,13.49,12074.21,670.79,0.2984,6.0,21.0,18.0,0.0,49.68,49.68
252D,2,7.0,59.0,118.0,424.0,66.0,542.0,366.73,3276.06,25.15,82401.28,4577.85,1.092,16.0,64.0,59.0,0.0,33.83,33.83
252D,8,9.0,57.0,99.0,376.0,66.0,475.0,361.0,2871.09,29.68,85225.96,4734.78,0.957,13.0,53.0,48.0,0.0,36.42,36.42
252D,9,9.0,72.0,112.0,393.0,81.0,505.0,472.76,3201.62,24.56,78639.9,4368.88,1.0672,13.0,57.0,52.0,0.0,35.4,35.4
252D,11,9.0,65.0,110.0,389.0,74.0,499.0,419.98,3098.52,26.93,83445.45,4635.86,1.0328,13.0,57.0,52.0,0.0,35.5,35.5
252D,12,8.0,72.0,125.0,476.0,80.0,601.0,468.23,3799.48,26.44,100475.11,5581.95,1.2665,16.0,73.0,68.0,0.0,32.14,32.14
252D,16,9.0,75.0,114.0,446.0,84.0,560.0,495.69,3579.7,26.76,95792.71,5321.82,1.1932,17.0,64.0,60.0,0.0,33.43,33.43
252D,17,8.0,77.0,99.0,445.0,85.0,544.0,506.54,3486.71,23.12,80601.84,4477.88,1.1622,16.0,61.0,56.0,0.05,47.12,34.1
252D,18,5.0,64.0,104.0,415.0,69.0,519.0,395.61,3170.32,16.21,51393.93,2855.22,1.0568,15.0,59.0,55.0,0.0,34.84,34.84
252D,19,10.0,84.0,113.0,454.0,94.0,567.0,570.17,3716.45,27.02,100432.69,5579.59,1.2388,17.0,64.0,60.0,0.03,43.82,33.32
252D,20,8.0,72.0,102.0,385.0,80.0,487.0,468.23,3078.78,21.39,65851.66,3658.43,1.0263,12.0,55.0,51.0,0.0,36.0,36.0
252D,22,8.0,86.0,119.0,517.0,94.0,636.0,576.66,4168.72,24.05,100243.14,5569.06,1.3896,20.0,74.0,69.0,0.04,43.05,31.19
252D,23,8.0,121.0,140.0,518.0,129.0,658.0,861.18,4613.39,17.12,78999.5,4388.86,1.5378,17.0,61.0,52.0,0.07,48.32,33.11
252D,25,10.0,69.0,114.0,395.0,79.0,509.0,454.71,3208.62,28.62,91841.06,5102.28,1.0695,13.0,55.0,50.0,0.0,35.74,35.74
252D,27,8.0,63.0,115.0,467.0,71.0,582.0,400.57,3579.15,29.65,106124.72,5895.82,1.1931,19.0,66.0,61.0,0.0,32.87,32.87
252D,29,8.0,83.0,114.0,593.0,91.0,707.0,553.13,4601.01,28.58,131489.13,7304.95,1.5337,24.0,81.0,75.0,0.05,42.49,29.49
252D,31,7.0,72.0,120.0,434.0,79.0,554.0,463.89,3492.29,21.1,73677.71,4093.21,1.1641,14.0,68.0,63.0,0.0,33.33,33.33
252D,32,9.0,68.0,111.0,409.0,77.0,520.0,442.48,3258.73,27.07,88201.33,4900.07,1.0862,13.0,62.0,57.0,0.0,34.55,34.55
257C,1,8.0,54.0,44.0,187.0,62.0,231.0,334.76,1375.42,13.85,19052.11,1058.45,0.4585,5.0,26.0,24.0,0.0,46.49,46.49
257C,2,7.0,49.0,42.0,163.0,56.0,205.0,294.77,1190.51,11.64,13860.91,770.05,0.3968,5.0,30.0,25.0,0.0,45.57,45.57
257C,3,8.0,50.0,44.0,165.0,58.0,209.0,306.19,1224.32,13.2,16161.0,897.83,0.4081,5.0,30.0,24.0,0.0,45.48,45.48
257C,4,9.0,57.0,47.0,209.0,66.0,256.0,361.0,1547.36,16.5,25531.52,1418.42,0.5158,7.0,36.0,31.0,0.0,42.78,42.78
257C,5,7.0,54.0,50.0,196.0,61.0,246.0,330.42,1458.96,12.7,18534.21,1029.68,0.4863,5.0,32.0,26.0,0.0,44.34,44.34
257C,6,9.0,57.0,54.0,192.0,66.0,246.0,361.0,1486.92,15.16,22538.59,1252.14,0.4956,7.0,32.0,26.0,0.0,44.01,44.01
257C,7,7.0,54.0,50.0,196.0,61.0,246.0,330.42,1458.96,12.7,18534.21,1029.68,0.4863,5.0,32.0,26.0,0.0,44.34,44.34
257C,8,8.0,54.0,44.0,187.0,62.0,231.0,334.76,1375.42,13.85,19052.11,1058.45,0.4585,5.0,26.0,24.0,0.0,46.49,46.49
257C,9,8.0,52.0,43.0,182.0,60.0,225.0,320.42,1329.05,14.0,18606.71,1033.71,0.443,5.0,28.0,26.0,0.0,45.89,45.89
257C,10,7.0,54.0,50.0,196.0,61.0,246.0,330.42,1458.96,12.7,18534.21,1029.68,0.4863,5.0,32.0,26.0,0.0,44.34,44.34
257C,11,8.0,49.0,42.0,162.0,57.0,204.0,299.12,1189.91,13.22,15735.95,874.22,0.3966,5.0,29.0,24.0,0.0,45.89,45.89
257C,12,8.0,54.0,46.0,190.0,62.0,236.0,334.76,1405.19,14.07,19776.75,1098.71,0.4684,5.0,27.0,25.0,0.0,46.06,46.06
257C,13,7.0,54.0,50.0,192.0,61.0,242.0,330.42,1435.24,12.44,17860.74,992.26,0.4784,5.0,32.0,26.0,0.0,44.39,44.39
257C,14,8.0,50.0,44.0,165.0,58.0,209.0,306.19,1224.32,13.2,16161.0,897.83,0.4081,5.0,30.0,24.0,0.0,45.48,45.48
257C,15,8.0,53.0,46.0,184.0,61.0,230.0,327.58,1364.07,13.89,18942.55,1052.36,0.4547,5.0,27.0,25.0,0.0,46.15,46.15
257C,16,8.0,54.0,44.0,181.0,62.0,225.0,334.76,1339.69,13.41,17961.83,997.88,0.4466,5.0,26.0,24.0,0.0,46.57,46.57
257C,17,7.0,52.0,42.0,185.0,59.0,227.0,316.07,1335.36,12.45,16627.8,923.77,0.4451,5.0,26.0,24.0,0.0,46.58,46.58
257C,18,7.0,48.0,36.0,138.0,55.0,174.0,287.73,1005.96,10.06,10122.44,562.36,0.3353,4.0,24.0,19.0,0.0,48.33,48.33
257C,19,8.0,50.0,44.0,165.0,58.0,209.0,306.19,1224.32,13.2,16161.0,897.83,0.4081,5.0,30.0,24.0,0.0,45.48,45.48
257C,20,9.0,57.0,54.0,192.0,66.0,246.0,361.0,1486.92,15.16,22538.59,1252.14,0.4956,7.0,32.0,26.0,0.0,44.01,44.01
257C,21,9.0,54.0,47.0,189.0,63.0,236.0,339.29,1410.64,15.75,22217.55,1234.31,0.4702,6.0,33.0,28.0,0.0,44.02,44.02
257C,22,10.0,54.0,50.0,193.0,64.0,243.0,343.98,1458.0,17.87,26055.0,1447.5,0.486,6.0,33.0,27.0,0.0,43.92,43.92
257C,23,10.0,54.0,50.0,193.0,64.0,243.0,343.98,1458.0,17.87,26055.0,1447.5,0.486,6.0,33.0,27.0,0.0,43.92,43.92
257C,24,9.0,54.0,49.0,190.0,63.0,239.0,339.29,1428.57,15.83,22619.02,1256.61,0.4762,6.0,33.0,27.0,0.0,43.98,43.98
257C,25,9.0,58.0,48.0,213.0,67.0,261.0,368.29,1583.25,16.53,26164.56,1453.59,0.5277,7.0,37.0,32.0,0.0,42.45,42.45
257C,26,7.0,52.0,42.0,185.0,59.0,227.0,316.07,1335.36,12.45,16627.8,923.77,0.4451,5.0,26.0,24.0,0.0,46.58,46.58
257C,27,8.0,54.0,44.0,187.0,62.0,231.0,334.76,1375.42,13.85,19052.11,1058.45,0.4585,5.0,26.0,24.0,0.0,46.49,46.49
257C,28,8.0,49.0,42.0,162.0,57.0,204.0,299.12,1189.91,13.22,15735.95,874.22,0.3966,5.0,29.0,24.0,0.0,45.89,45.89
257C,29,7.0,52.0,42.0,185.0,59.0,227.0,316.07,1335.36,12.45,16627.8,923.77,0.4451,5.0,26.0,24.0,0.0,46.58,46.58
257C,30,9.0,52.0,46.0,180.0,61.0,226.0,324.95,1340.35,15.58,20878.48,1159.92,0.4468,6.0,27.0,25.0,0.0,46.07,46.07
257C,31,7.0,54.0,50.0,192.0,61.0,242.0,330.42,1435.24,12.44,17860.74,992.26,0.4784,5.0,32.0,26.0,0.0,44.39,44.39
257C,32,9.0,57.0,54.0,192.0,66.0,246.0,361.0,1486.92,15.16,22538.59,1252.14,0.4956,7.0,32.0,26.0,0.0,44.01,44.01
257A,2,7.0,43.0,50.0,131.0,50.0,181.0,252.98,1021.54,10.66,10892.45,605.14,0.3405,5.0,23.0,19.0,0.0,48.55,48.55
257A,6,6.0,40.0,48.0,132.0,46.0,180.0,228.39,994.24,9.9,9842.99,546.83,0.3314,5.0,24.0,20.0,0.0,48.23,48.23
257A,7,6.0,39.0,48.0,140.0,45.0,188.0,221.64,1032.47,10.77,11118.89,617.72,0.3442,6.0,27.0,23.0,0.0,46.87,46.87
257A,8,7.0,44.0,50.0,134.0,51.0,184.0,259.87,1043.73,10.66,11125.17,618.07,0.3479,5.0,24.0,20.0,0.0,48.08,48.08
257A,10,7.0,44.0,50.0,134.0,51.0,184.0,259.87,1043.73,10.66,11125.17,618.07,0.3479,5.0,24.0,20.0,0.0,48.08,48.08
257A,11,7.0,44.0,50.0,138.0,51.0,188.0,259.87,1066.42,10.98,11706.34,650.35,0.3555,5.0,24.0,20.0,0.0,48.02,48.02
257A,12,6.0,40.0,48.0,132.0,46.0,180.0,228.39,994.24,9.9,9842.99,546.83,0.3314,5.0,24.0,20.0,0.0,48.23,48.23
257A,13,7.0,44.0,50.0,140.0,51.0,190.0,259.87,1077.76,11.14,12002.34,666.8,0.3593,5.0,26.0,22.0,0.0,47.23,47.23
257A,14,7.0,44.0,50.0,138.0,51.0,188.0,259.87,1066.42,10.98,11706.34,650.35,0.3555,5.0,24.0,20.0,0.0,48.02,48.02
257A,16,6.0,40.0,48.0,132.0,46.0,180.0,228.39,994.24,9.9,9842.99,546.83,0.3314,5.0,24.0,20.0,0.0,48.23,48.23
257A,18,7.0,44.0,50.0,134.0,51.0,184.0,259.87,1043.73,10.66,11125.17,618.07,0.3479,5.0,24.0,20.0,0.0,48.08,48.08
257A,19,6.0,39.0,48.0,140.0,45.0,188.0,221.64,1032.47,10.77,11118.89,617.72,0.3442,6.0,27.0,23.0,0.0,46.87,46.87
257A,20,6.0,39.0,47.0,128.0,45.0,175.0,221.64,961.07,9.85,9462.89,525.72,0.3204,5.0,23.0,19.0,0.0,48.74,48.74
257A,21,6.0,40.0,48.0,132.0,46.0,180.0,228.39,994.24,9.9,9842.99,546.83,0.3314,5.0,24.0,20.0,0.0,48.23,48.23
257A,25,6.0,40.0,48.0,128.0,46.0,176.0,228.39,972.15,9.6,9332.61,518.48,0.324,5.0,24.0,20.0,0.0,48.3,48.3
257A,27,7.0,43.0,50.0,131.0,50.0,181.0,252.98,1021.54,10.66,10892.45,605.14,0.3405,5.0,23.0,19.0,0.0,48.55,48.55
257A,29,7.0,44.0,50.0,134.0,51.0,184.0,259.87,1043.73,10.66,11125.17,618.07,0.3479,5.0,24.0,20.0,0.0,48.08,48.08
257A,30,7.0,44.0,50.0,134.0,51.0,184.0,259.87,1043.73,10.66,11125.17,618.07,0.3479,5.0,24.0,20.0,0.0,48.08,48.08
257A,31,6.0,40.0,48.0,132.0,46.0,180.0,228.39,994.24,9.9,9842.99,546.83,0.3314,5.0,24.0,20.0,0.0,48.23,48.23
257A,32,7.0,43.0,50.0,131.0,50.0,181.0,252.98,1021.54,10.66,10892.45,605.14,0.3405,5.0,23.0,19.0,0.0,48.55,48.55
26C,1,11.0,92.0,219.0,596.0,103.0,815.0,638.22,5449.5,35.63,194167.98,10787.11,1.8165,31.0,110.0,92.0,0.13,44.94,25.14
26C,2,11.0,86.0,197.0,521.0,97.0,718.0,590.71,4738.74,33.32,157893.63,8771.87,1.5796,28.0,93.0,77.0,0.13,47.52,27.56
26C,3,10.0,86.0,184.0,509.0,96.0,693.0,585.88,4563.38,29.59,135044.18,7502.45,1.5211,19.0,96.0,80.0,0.13,48.28,28.58
26C,4,10.0,76.0,153.0,457.0,86.0,610.0,508.06,3920.02,30.07,117858.54,6547.7,1.3067,20.0,68.0,59.0,0.08,48.0,32.18
26C,5,7.0,62.0,161.0,565.0,69.0,726.0,388.81,4434.79,31.9,141448.3,7858.24,1.4783,25.0,93.0,82.0,0.08,44.04,28.16
26C,6,8.0,60.0,202.0,711.0,68.0,913.0,378.41,5557.85,47.4,263442.26,14635.68,1.8526,30.0,112.0,102.0,0.06,38.61,25.04
26C,7,7.0,62.0,114.0,427.0,69.0,541.0,388.81,3304.71,24.1,79659.54,4425.53,1.1016,20.0,68.0,61.0,0.05,45.23,32.69
26C,8,7.0,62.0,186.0,663.0,69.0,849.0,388.81,5186.14,37.43,194103.73,10783.54,1.7287,29.0,106.0,95.0,0.07,40.84,25.91
26C,9,10.0,86.0,168.0,480.0,96.0,648.0,585.88,4267.06,27.91,119080.62,6615.59,1.4224,24.0,66.0,55.0,0.11,50.22,31.66
26C,10,7.0,68.0,192.0,693.0,75.0,885.0,433.6,5512.5,35.67,196626.17,10923.68,1.8375,27.0,115.0,101.0,0.09,42.07,25.22
26C,11,10.0,85.0,170.0,463.0,95.0,633.0,578.02,4158.72,27.24,113263.92,6292.44,1.3862,26.0,71.0,61.0,0.09,47.59,30.78
26C,12,7.0,61.0,174.0,650.0,68.0,824.0,381.43,5016.07,37.3,187074.72,10393.04,1.672,26.0,100.0,90.0,0.06,41.28,26.97
26C,13,11.0,86.0,135.0,442.0,97.0,577.0,590.71,3808.15,28.27,107646.65,5980.37,1.2694,16.0,73.0,64.0,0.07,47.44,32.13
26C,14,7.0,62.0,161.0,565.0,69.0,726.0,388.81,4434.79,31.9,141448.3,7858.24,1.4783,25.0,93.0,82.0,0.08,44.04,28.16
26C,15,10.0,86.0,184.0,509.0,96.0,693.0,585.88,4563.38,29.59,135044.18,7502.45,1.5211,19.0,96.0,80.0,0.13,48.28,28.58
26C,16,7.0,68.0,192.0,693.0,75.0,885.0,433.6,5512.5,35.67,196626.17,10923.68,1.8375,27.0,115.0,101.0,0.09,42.07,25.22
26C,17,7.0,67.0,176.0,652.0,74.0,828.0,426.08,5141.43,34.06,175115.48,9728.64,1.7138,29.0,102.0,90.0,0.08,42.44,26.3
26C,18,7.0,71.0,176.0,626.0,78.0,802.0,456.28,5040.89,30.86,155557.69,8642.09,1.6803,29.0,105.0,93.0,0.08,42.01,26.08
26C,19,11.0,99.0,191.0,556.0,110.0,747.0,694.36,5065.68,30.89,156473.09,8692.95,1.6886,23.0,107.0,91.0,0.12,45.5,26.7
26C,20,8.0,50.0,137.0,418.0,58.0,555.0,306.19,3251.18,33.44,108719.44,6039.97,1.0837,25.0,59.0,55.0,0.0,33.42,33.42
26C,21,8.0,68.0,169.0,574.0,76.0,743.0,437.95,4642.21,33.76,156742.86,8707.94,1.5474,27.0,93.0,81.0,0.09,44.59,27.75
26C,22,7.0,56.0,154.0,532.0,63.0,686.0,344.86,4100.41,33.25,136338.77,7574.38,1.3668,24.0,83.0,73.0,0.08,45.24,29.61
26C,23,7.0,75.0,168.0,533.0,82.0,701.0,486.81,4456.64,24.87,110851.59,6158.42,1.4855,31.0,77.0,68.0,0.07,44.05,29.13
26C,24,7.0,62.0,161.0,565.0,69.0,726.0,388.81,4434.79,31.9,141448.3,7858.24,1.4783,25.0,93.0,82.0,0.08,44.04,28.16
26C,25,7.0,72.0,205.0,737.0,79.0,942.0,463.89,5938.16,35.83,212742.88,11819.05,1.9794,31.0,119.0,107.0,0.07,39.16,24.13
26C,26,7.0,73.0,187.0,736.0,80.0,923.0,471.51,5835.14,35.29,205908.49,11439.36,1.945,31.0,108.0,96.0,0.08,40.82,25.1
26C,27,7.0,63.0,193.0,696.0,70.0,889.0,396.22,5448.93,38.67,210692.06,11705.11,1.8163,26.0,112.0,100.0,0.07,41.1,25.64
26C,28,10.0,77.0,167.0,545.0,87.0,712.0,515.76,4587.38,35.39,162345.44,9019.19,1.5291,24.0,82.0,74.0,0.05,42.46,29.39
26C,29,10.0,91.0,165.0,499.0,101.0,664.0,625.43,4421.05,27.42,121214.57,6734.14,1.4737,25.0,73.0,61.0,0.12,49.23,30.46
26C,30,9.0,72.0,142.0,565.0,81.0,707.0,472.76,4482.27,35.31,158280.3,8793.35,1.4941,30.0,89.0,81.0,0.05,40.43,27.87
26C,31,10.0,86.0,198.0,593.0,96.0,791.0,585.88,5208.71,34.48,179579.2,9976.62,1.7362,28.0,84.0,72.0,0.1,45.86,28.23
26C,32,11.0,82.0,130.0,470.0,93.0,600.0,559.37,3923.5,31.52,123685.8,6871.43,1.3078,21.0,75.0,66.0,0.07,46.22,31.11
26D,2,7.0,41.0,62.0,227.0,48.0,289.0,239.31,1614.05,19.38,31277.22,1737.62,0.538,9.0,27.0,23.0,0.0,45.1,45.1
26D,3,7.0,40.0,61.0,223.0,47.0,284.0,232.53,1577.5,19.51,30781.03,1710.06,0.5258,9.0,26.0,22.0,0.0,45.53,45.53
26D,6,8.0,41.0,63.0,250.0,49.0,313.0,243.66,1757.4,24.39,42863.52,2381.31,0.5858,12.0,30.0,28.0,0.0,43.44,43.44
26D,7,5.0,47.0,51.0,219.0,52.0,270.0,272.68,1539.12,11.65,17929.1,996.06,0.513,10.0,31.0,27.0,0.07,58.78,43.81
26D,8,7.0,41.0,62.0,227.0,48.0,289.0,239.31,1614.05,19.38,31277.22,1737.62,0.538,9.0,27.0,23.0,0.0,45.1,45.1
26D,11,7.0,40.0,61.0,223.0,47.0,284.0,232.53,1577.5,19.51,30781.03,1710.06,0.5258,9.0,26.0,22.0,0.0,45.53,45.53
26D,14,7.0,40.0,61.0,223.0,47.0,284.0,232.53,1577.5,19.51,30781.03,1710.06,0.5258,9.0,26.0,22.0,0.0,45.53,45.53
26D,15,7.0,48.0,63.0,239.0,55.0,302.0,287.73,1745.97,17.43,30427.18,1690.4,0.582,12.0,30.0,26.0,0.07,58.67,43.46
26D,16,7.0,41.0,62.0,227.0,48.0,289.0,239.31,1614.05,19.38,31277.22,1737.62,0.538,9.0,27.0,23.0,0.0,45.1,45.1
26D,17,5.0,46.0,50.0,215.0,51.0,265.0,265.69,1503.19,11.68,17564.48,975.8,0.5011,10.0,30.0,26.0,0.07,59.4,44.19
26D,19,7.0,40.0,61.0,223.0,47.0,284.0,232.53,1577.5,19.51,30781.03,1710.06,0.5258,9.0,26.0,22.0,0.0,45.53,45.53
26D,20,7.0,41.0,61.0,226.0,48.0,287.0,239.31,1602.88,19.29,30923.94,1718.0,0.5343,9.0,30.0,26.0,0.0,44.13,44.13
26D,21,7.0,47.0,80.0,296.0,54.0,376.0,280.72,2163.84,22.04,47696.51,2649.81,0.7213,14.0,36.0,32.0,0.06,54.74,40.81
26D,23,7.0,39.0,65.0,263.0,46.0,328.0,225.78,1811.73,23.6,42761.43,2375.64,0.6039,13.0,27.0,25.0,0.0,44.21,44.21
26D,25,8.0,47.0,62.0,248.0,55.0,310.0,285.07,1792.22,21.11,37827.31,2101.52,0.5974,13.0,32.0,28.0,0.07,57.38,42.64
26D,27,7.0,46.0,64.0,235.0,53.0,299.0,273.74,1712.65,17.88,30622.89,1701.27,0.5709,10.0,30.0,26.0,0.07,59.0,43.79
26D,28,7.0,40.0,61.0,223.0,47.0,284.0,232.53,1577.5,19.51,30781.03,1710.06,0.5258,9.0,26.0,22.0,0.0,45.53,45.53
26D,29,5.0,47.0,51.0,219.0,52.0,270.0,272.68,1539.12,11.65,17929.1,996.06,0.513,10.0,31.0,27.0,0.07,58.78,43.81
26D,30,7.0,40.0,61.0,223.0,47.0,284.0,232.53,1577.5,19.51,30781.03,1710.06,0.5258,9.0,26.0,22.0,0.0,45.53,45.53
26D,32,7.0,40.0,61.0,223.0,47.0,284.0,232.53,1577.5,19.51,30781.03,1710.06,0.5258,9.0,26.0,22.0,0.0,45.53,45.53
261A,1,8.0,43.0,71.0,238.0,51.0,309.0,257.33,1752.78,22.14,38805.72,2155.87,0.5843,11.0,47.0,45.0,0.0,39.33,39.33
261A,2,6.0,47.0,56.0,207.0,53.0,263.0,276.58,1506.44,13.21,19904.28,1105.79,0.5021,8.0,38.0,36.0,0.0,42.21,42.21
261A,3,8.0,43.0,74.0,251.0,51.0,325.0,257.33,1843.54,23.35,43044.47,2391.36,0.6145,12.0,46.0,44.0,0.0,39.25,39.25
261A,4,8.0,43.0,71.0,241.0,51.0,312.0,257.33,1769.8,22.42,39676.37,2204.24,0.5899,11.0,47.0,45.0,0.0,39.3,39.3
261A,5,8.0,43.0,71.0,238.0,51.0,309.0,257.33,1752.78,22.14,38805.72,2155.87,0.5843,11.0,47.0,45.0,0.0,39.33,39.33
261A,6,8.0,84.0,94.0,312.0,92.0,406.0,560.95,2648.57,14.86,39350.13,2186.12,0.8829,12.0,53.0,43.0,0.16,57.99,36.8
261A,7,10.0,63.0,74.0,248.0,73.0,322.0,409.79,1993.12,19.68,39229.73,2179.43,0.6644,11.0,48.0,43.0,0.07,53.34,38.74
261A,8,6.0,57.0,78.0,250.0,63.0,328.0,347.98,1960.55,13.16,25796.68,1433.15,0.6535,12.0,44.0,39.0,0.07,54.69,39.48
261A,9,6.0,57.0,74.0,260.0,63.0,334.0,347.98,1996.41,13.68,27319.32,1517.74,0.6655,10.0,47.0,42.0,0.07,53.81,39.07
261A,10,8.0,46.0,73.0,240.0,54.0,313.0,278.08,1801.28,20.87,37591.93,2088.44,0.6004,11.0,47.0,45.0,0.0,39.25,39.25
261A,11,5.0,43.0,67.0,227.0,48.0,294.0,244.94,1641.98,13.2,21670.3,1203.91,0.5473,11.0,38.0,36.0,0.0,41.55,41.55
261A,12,8.0,43.0,71.0,238.0,51.0,309.0,257.33,1752.78,22.14,38805.72,2155.87,0.5843,11.0,47.0,45.0,0.0,39.33,39.33
261A,13,6.0,54.0,64.0,237.0,60.0,301.0,326.27,1777.97,13.17,23409.99,1300.56,0.5927,10.0,43.0,39.0,0.05,53.04,40.27
261A,14,8.0,42.0,61.0,212.0,50.0,273.0,250.48,1540.77,20.19,31108.94,1728.27,0.5136,9.0,36.0,34.0,0.0,42.52,42.52
261A,15,8.0,43.0,71.0,238.0,51.0,309.0,257.33,1752.78,22.14,38805.72,2155.87,0.5843,11.0,47.0,45.0,0.0,39.33,39.33
261A,16,7.0,42.0,50.0,187.0,49.0,237.0,246.13,1330.69,15.58,20736.53,1152.03,0.4436,7.0,32.0,30.0,0.0,44.35,44.35
261A,17,8.0,46.0,73.0,240.0,54.0,313.0,278.08,1801.28,20.87,37591.93,2088.44,0.6004,11.0,47.0,45.0,0.0,39.25,39.25
261A,18,6.0,56.0,67.0,224.0,62.0,291.0,340.72,1732.67,12.0,20792.05,1155.11,0.5776,10.0,41.0,37.0,0.05,53.87,40.8
261A,19,6.0,42.0,55.0,193.0,48.0,248.0,241.99,1385.07,13.79,19094.19,1060.79,0.4617,9.0,35.0,33.0,0.0,43.11,43.11
261A,20,7.0,56.0,65.0,236.0,63.0,301.0,344.86,1799.16,14.75,26537.63,1474.31,0.5997,11.0,46.0,42.0,0.05,51.81,39.46
261A,21,8.0,55.0,68.0,214.0,63.0,282.0,341.97,1685.59,15.56,26233.96,1457.44,0.5619,10.0,40.0,35.0,0.08,57.02,41.11
261A,22,8.0,52.0,77.0,237.0,60.0,314.0,320.42,1854.76,18.23,33813.77,1878.54,0.6183,11.0,45.0,42.0,0.02,48.55,39.57
261A,23,6.0,59.0,80.0,248.0,65.0,328.0,362.59,1975.34,12.61,24909.33,1383.85,0.6584,11.0,43.0,38.0,0.07,55.19,39.81
261A,24,8.0,63.0,73.0,243.0,71.0,316.0,400.57,1943.32,15.43,29982.65,1665.7,0.6478,10.0,47.0,41.0,0.09,55.91,39.15
261A,25,8.0,43.0,71.0,237.0,51.0,308.0,257.33,1747.11,22.05,38517.61,2139.87,0.5824,11.0,47.0,45.0,0.0,39.34,39.34
261A,26,7.0,46.0,72.0,250.0,53.0,322.0,273.74,1844.39,19.02,35083.51,1949.08,0.6148,11.0,48.0,46.0,0.0,38.98,38.98
261A,27,7.0,45.0,73.0,238.0,52.0,311.0,266.78,1772.84,18.51,32817.18,1823.18,0.5909,11.0,43.0,41.0,0.0,40.14,40.14
261A,28,7.0,58.0,80.0,253.0,65.0,333.0,359.41,2005.45,15.27,30617.67,1700.98,0.6685,12.0,44.0,39.0,0.07,54.62,39.41
261A,29,5.0,45.0,63.0,234.0,50.0,297.0,258.74,1676.23,13.0,21790.93,1210.61,0.5587,10.0,46.0,44.0,0.0,39.81,39.81
261A,30,8.0,43.0,71.0,238.0,51.0,309.0,257.33,1752.78,22.14,38805.72,2155.87,0.5843,11.0,47.0,45.0,0.0,39.33,39.33
261A,31,8.0,43.0,71.0,238.0,51.0,309.0,257.33,1752.78,22.14,38805.72,2155.87,0.5843,11.0,47.0,45.0,0.0,39.33,39.33
261A,32,7.0,43.0,71.0,236.0,50.0,307.0,252.98,1732.66,19.21,33283.26,1849.07,0.5776,11.0,43.0,41.0,0.0,40.21,40.21
265A,1,5.0,30.0,17.0,54.0,35.0,71.0,158.82,364.18,4.5,1638.81,91.04,0.1214,3.0,14.0,12.0,0.0,56.66,56.66
265A,2,5.0,30.0,17.0,54.0,35.0,71.0,158.82,364.18,4.5,1638.81,91.04,0.1214,3.0,14.0,12.0,0.0,56.66,56.66
265A,3,5.0,30.0,17.0,54.0,35.0,71.0,158.82,364.18,4.5,1638.81,91.04,0.1214,3.0,14.0,12.0,0.0,56.66,56.66
265A,4,5.0,30.0,17.0,54.0,35.0,71.0,158.82,364.18,4.5,1638.81,91.04,0.1214,3.0,14.0,12.0,0.0,56.66,56.66
265A,5,5.0,30.0,17.0,54.0,35.0,71.0,158.82,364.18,4.5,1638.81,91.04,0.1214,3.0,14.0,12.0,0.0,56.66,56.66
265A,6,5.0,30.0,17.0,54.0,35.0,71.0,158.82,364.18,4.5,1638.81,91.04,0.1214,3.0,14.0,12.0,0.0,56.66,56.66
265A,7,5.0,30.0,17.0,54.0,35.0,71.0,158.82,364.18,4.5,1638.81,91.04,0.1214,3.0,14.0,12.0,0.0,56.66,56.66
265A,8,5.0,30.0,17.0,54.0,35.0,71.0,158.82,364.18,4.5,1638.81,91.04,0.1214,3.0,14.0,12.0,0.0,56.66,56.66
265A,9,5.0,30.0,17.0,54.0,35.0,71.0,158.82,364.18,4.5,1638.81,91.04,0.1214,3.0,14.0,12.0,0.0,56.66,56.66
265A,10,5.0,30.0,17.0,54.0,35.0,71.0,158.82,364.18,4.5,1638.81,91.04,0.1214,3.0,14.0,12.0,0.0,56.66,56.66
265A,11,5.0,30.0,17.0,54.0,35.0,71.0,158.82,364.18,4.5,1638.81,91.04,0.1214,3.0,14.0,12.0,0.0,56.66,56.66
265A,12,5.0,30.0,17.0,54.0,35.0,71.0,158.82,364.18,4.5,1638.81,91.04,0.1214,3.0,14.0,12.0,0.0,56.66,56.66
265A,13,5.0,30.0,17.0,54.0,35.0,71.0,158.82,364.18,4.5,1638.81,91.04,0.1214,3.0,14.0,12.0,0.0,56.66,56.66
265A,14,5.0,30.0,17.0,54.0,35.0,71.0,158.82,364.18,4.5,1638.81,91.04,0.1214,3.0,14.0,12.0,0.0,56.66,56.66
265A,15,5.0,30.0,17.0,54.0,35.0,71.0,158.82,364.18,4.5,1638.81,91.04,0.1214,3.0,14.0,12.0,0.0,56.66,56.66
265A,16,5.0,30.0,17.0,54.0,35.0,71.0,158.82,364.18,4.5,1638.81,91.04,0.1214,3.0,14.0,12.0,0.0,56.66,56.66
265A,17,5.0,30.0,17.0,54.0,35.0,71.0,158.82,364.18,4.5,1638.81,91.04,0.1214,3.0,14.0,12.0,0.0,56.66,56.66
265A,18,5.0,30.0,17.0,54.0,35.0,71.0,158.82,364.18,4.5,1638.81,91.04,0.1214,3.0,14.0,12.0,0.0,56.66,56.66
265A,19,5.0,30.0,17.0,54.0,35.0,71.0,158.82,364.18,4.5,1638.81,91.04,0.1214,3.0,14.0,12.0,0.0,56.66,56.66
265A,20,5.0,30.0,17.0,54.0,35.0,71.0,158.82,364.18,4.5,1638.81,91.04,0.1214,3.0,14.0,12.0,0.0,56.66,56.66
265A,21,5.0,30.0,17.0,54.0,35.0,71.0,158.82,364.18,4.5,1638.81,91.04,0.1214,3.0,14.0,12.0,0.0,56.66,56.66
265A,22,5.0,30.0,17.0,54.0,35.0,71.0,158.82,364.18,4.5,1638.81,91.04,0.1214,3.0,14.0,12.0,0.0,56.66,56.66
265A,23,5.0,30.0,17.0,54.0,35.0,71.0,158.82,364.18,4.5,1638.81,91.04,0.1214,3.0,14.0,12.0,0.0,56.66,56.66
265A,24,5.0,30.0,17.0,54.0,35.0,71.0,158.82,364.18,4.5,1638.81,91.04,0.1214,3.0,14.0,12.0,0.0,56.66,56.66
265A,25,5.0,30.0,17.0,54.0,35.0,71.0,158.82,364.18,4.5,1638.81,91.04,0.1214,3.0,14.0,12.0,0.0,56.66,56.66
265A,26,5.0,30.0,17.0,54.0,35.0,71.0,158.82,364.18,4.5,1638.81,91.04,0.1214,3.0,14.0,12.0,0.0,56.66,56.66
265A,27,5.0,30.0,17.0,54.0,35.0,71.0,158.82,364.18,4.5,1638.81,91.04,0.1214,3.0,14.0,12.0,0.0,56.66,56.66
265A,28,5.0,30.0,17.0,54.0,35.0,71.0,158.82,364.18,4.5,1638.81,91.04,0.1214,3.0,14.0,12.0,0.0,56.66,56.66
265A,29,5.0,30.0,17.0,54.0,35.0,71.0,158.82,364.18,4.5,1638.81,91.04,0.1214,3.0,14.0,12.0,0.0,56.66,56.66
265A,30,5.0,30.0,17.0,54.0,35.0,71.0,158.82,364.18,4.5,1638.81,91.04,0.1214,3.0,14.0,12.0,0.0,56.66,56.66
265A,31,5.0,30.0,17.0,54.0,35.0,71.0,158.82,364.18,4.5,1638.81,91.04,0.1214,3.0,14.0,12.0,0.0,56.66,56.66
265A,32,5.0,30.0,17.0,54.0,35.0,71.0,158.82,364.18,4.5,1638.81,91.04,0.1214,3.0,14.0,12.0,0.0,56.66,56.66
266B,1,6.0,34.0,31.0,99.0,40.0,130.0,188.48,691.85,8.74,6043.52,335.75,0.2306,5.0,18.0,15.0,0.0,52.06,52.06
266B,2,6.0,34.0,35.0,109.0,40.0,144.0,188.48,766.36,9.62,7370.56,409.48,0.2555,5.0,21.0,18.0,0.0,50.29,50.29
266B,3,6.0,34.0,35.0,109.0,40.0,144.0,188.48,766.36,9.62,7370.56,409.48,0.2555,5.0,21.0,18.0,0.0,50.29,50.29
266B,4,6.0,34.0,31.0,99.0,40.0,130.0,188.48,691.85,8.74,6043.52,335.75,0.2306,5.0,18.0,15.0,0.0,52.06,52.06
266B,5,6.0,34.0,35.0,109.0,40.0,144.0,188.48,766.36,9.62,7370.56,409.48,0.2555,5.0,21.0,18.0,0.0,50.29,50.29
266B,6,6.0,34.0,31.0,99.0,40.0,130.0,188.48,691.85,8.74,6043.52,335.75,0.2306,5.0,18.0,15.0,0.0,52.06,52.06
266B,7,6.0,34.0,31.0,99.0,40.0,130.0,188.48,691.85,8.74,6043.52,335.75,0.2306,5.0,18.0,15.0,0.0,52.06,52.06
266B,8,6.0,34.0,35.0,109.0,40.0,144.0,188.48,766.36,9.62,7370.56,409.48,0.2555,5.0,21.0,18.0,0.0,50.29,50.29
266B,9,6.0,34.0,35.0,109.0,40.0,144.0,188.48,766.36,9.62,7370.56,409.48,0.2555,5.0,21.0,18.0,0.0,50.29,50.29
266B,10,6.0,34.0,31.0,99.0,40.0,130.0,188.48,691.85,8.74,6043.52,335.75,0.2306,5.0,18.0,15.0,0.0,52.06,52.06
266B,11,6.0,34.0,31.0,99.0,40.0,130.0,188.48,691.85,8.74,6043.52,335.75,0.2306,5.0,18.0,15.0,0.0,52.06,52.06
266B,12,6.0,34.0,35.0,109.0,40.0,144.0,188.48,766.36,9.62,7370.56,409.48,0.2555,5.0,21.0,18.0,0.0,50.29,50.29
266B,13,6.0,34.0,31.0,99.0,40.0,130.0,188.48,691.85,8.74,6043.52,335.75,0.2306,5.0,18.0,15.0,0.0,52.06,52.06
266B,14,6.0,34.0,35.0,109.0,40.0,144.0,188.48,766.36,9.62,7370.56,409.48,0.2555,5.0,21.0,18.0,0.0,50.29,50.29
266B,15,6.0,34.0,31.0,99.0,40.0,130.0,188.48,691.85,8.74,6043.52,335.75,0.2306,5.0,18.0,15.0,0.0,52.06,52.06
266B,16,6.0,34.0,31.0,99.0,40.0,130.0,188.48,691.85,8.74,6043.52,335.75,0.2306,5.0,18.0,15.0,0.0,52.06,52.06
266B,17,6.0,34.0,31.0,99.0,40.0,130.0,188.48,691.85,8.74,6043.52,335.75,0.2306,5.0,18.0,15.0,0.0,52.06,52.06
266B,18,6.0,34.0,31.0,99.0,40.0,130.0,188.48,691.85,8.74,6043.52,335.75,0.2306,5.0,18.0,15.0,0.0,52.06,52.06
266B,19,6.0,34.0,35.0,109.0,40.0,144.0,188.48,766.36,9.62,7370.56,409.48,0.2555,5.0,21.0,18.0,0.0,50.29,50.29
266B,20,6.0,34.0,35.0,109.0,40.0,144.0,188.48,766.36,9.62,7370.56,409.48,0.2555,5.0,21.0,18.0,0.0,50.29,50.29
266B,21,6.0,34.0,35.0,109.0,40.0,144.0,188.48,766.36,9.62,7370.56,409.48,0.2555,5.0,21.0,18.0,0.0,50.29,50.29
266B,22,6.0,34.0,31.0,99.0,40.0,130.0,188.48,691.85,8.74,6043.52,335.75,0.2306,5.0,18.0,15.0,0.0,52.06,52.06
266B,23,6.0,34.0,35.0,109.0,40.0,144.0,188.48,766.36,9.62,7370.56,409.48,0.2555,5.0,21.0,18.0,0.0,50.29,50.29
266B,24,6.0,34.0,35.0,109.0,40.0,144.0,188.48,766.36,9.62,7370.56,409.48,0.2555,5.0,21.0,18.0,0.0,50.29,50.29
266B,25,6.0,34.0,31.0,99.0,40.0,130.0,188.48,691.85,8.74,6043.52,335.75,0.2306,5.0,18.0,15.0,0.0,52.06,52.06
266B,26,6.0,34.0,35.0,109.0,40.0,144.0,188.48,766.36,9.62,7370.56,409.48,0.2555,5.0,21.0,18.0,0.0,50.29,50.29
266B,27,6.0,34.0,35.0,109.0,40.0,144.0,188.48,766.36,9.62,7370.56,409.48,0.2555,5.0,21.0,18.0,0.0,50.29,50.29
266B,28,6.0,34.0,31.0,99.0,40.0,130.0,188.48,691.85,8.74,6043.52,335.75,0.2306,5.0,18.0,15.0,0.0,52.06,52.06
266B,29,6.0,34.0,35.0,109.0,40.0,144.0,188.48,766.36,9.62,7370.56,409.48,0.2555,5.0,21.0,18.0,0.0,50.29,50.29
266B,30,6.0,34.0,35.0,109.0,40.0,144.0,188.48,766.36,9.62,7370.56,409.48,0.2555,5.0,21.0,18.0,0.0,50.29,50.29
266B,31,6.0,34.0,35.0,109.0,40.0,144.0,188.48,766.36,9.62,7370.56,409.48,0.2555,5.0,21.0,18.0,0.0,50.29,50.29
266B,32,6.0,34.0,31.0,99.0,40.0,130.0,188.48,691.85,8.74,6043.52,335.75,0.2306,5.0,18.0,15.0,0.0,52.06,52.06
269B,1,6.0,43.0,58.0,177.0,49.0,235.0,248.84,1319.46,12.35,16293.76,905.21,0.4398,8.0,31.0,29.0,0.0,44.54,44.54
269B,3,6.0,40.0,44.0,145.0,46.0,189.0,228.39,1043.95,10.88,11352.99,630.72,0.348,5.0,25.0,23.0,0.0,47.7,47.7
269B,4,5.0,39.0,36.0,114.0,44.0,150.0,217.74,818.91,7.31,5984.38,332.47,0.273,4.0,23.0,21.0,0.0,49.36,49.36
269B,5,6.0,40.0,42.0,136.0,46.0,178.0,228.39,983.19,10.2,10028.58,557.14,0.3277,5.0,24.0,22.0,0.0,48.27,48.27
269B,9,6.0,40.0,42.0,136.0,46.0,178.0,228.39,983.19,10.2,10028.58,557.14,0.3277,5.0,24.0,22.0,0.0,48.27,48.27
269B,11,5.0,39.0,36.0,114.0,44.0,150.0,217.74,818.91,7.31,5984.38,332.47,0.273,4.0,23.0,21.0,0.0,49.36,49.36
269B,12,6.0,40.0,42.0,136.0,46.0,178.0,228.39,983.19,10.2,10028.58,557.14,0.3277,5.0,24.0,22.0,0.0,48.27,48.27
269B,14,6.0,40.0,42.0,136.0,46.0,178.0,228.39,983.19,10.2,10028.58,557.14,0.3277,5.0,24.0,22.0,0.0,48.27,48.27
269B,15,6.0,40.0,43.0,134.0,46.0,177.0,228.39,977.67,10.05,9825.59,545.87,0.3259,5.0,23.0,21.0,0.0,48.69,48.69
269B,17,6.0,40.0,44.0,145.0,46.0,189.0,228.39,1043.95,10.88,11352.99,630.72,0.348,5.0,25.0,23.0,0.0,47.7,47.7
269B,18,6.0,40.0,42.0,136.0,46.0,178.0,228.39,983.19,10.2,10028.58,557.14,0.3277,5.0,24.0,22.0,0.0,48.27,48.27
269B,21,6.0,40.0,42.0,136.0,46.0,178.0,228.39,983.19,10.2,10028.58,557.14,0.3277,5.0,24.0,22.0,0.0,48.27,48.27
269B,22,6.0,40.0,42.0,136.0,46.0,178.0,228.39,983.19,10.2,10028.58,557.14,0.3277,5.0,24.0,22.0,0.0,48.27,48.27
269B,23,6.0,40.0,42.0,136.0,46.0,178.0,228.39,983.19,10.2,10028.58,557.14,0.3277,5.0,24.0,22.0,0.0,48.27,48.27
269B,24,6.0,40.0,52.0,172.0,46.0,224.0,228.39,1237.28,12.9,15960.88,886.72,0.4124,6.0,30.0,28.0,0.0,45.32,45.32
269B,26,6.0,40.0,52.0,174.0,46.0,226.0,228.39,1248.33,13.05,16290.64,905.04,0.4161,6.0,30.0,28.0,0.0,45.29,45.29
269B,28,6.0,40.0,42.0,136.0,46.0,178.0,228.39,983.19,10.2,10028.58,557.14,0.3277,5.0,24.0,22.0,0.0,48.27,48.27
269B,29,5.0,39.0,36.0,114.0,44.0,150.0,217.74,818.91,7.31,5984.38,332.47,0.273,4.0,23.0,21.0,0.0,49.36,49.36
269B,30,5.0,39.0,36.0,114.0,44.0,150.0,217.74,818.91,7.31,5984.38,332.47,0.273,4.0,23.0,21.0,0.0,49.36,49.36
269B,31,6.0,40.0,42.0,136.0,46.0,178.0,228.39,983.19,10.2,10028.58,557.14,0.3277,5.0,24.0,22.0,0.0,48.27,48.27
269B,32,8.0,41.0,57.0,168.0,49.0,225.0,243.66,1263.31,16.39,20705.95,1150.33,0.4211,8.0,32.0,30.0,0.0,44.37,44.37
27E,23,6.0,163.0,79.0,510.0,169.0,589.0,1213.35,4359.12,9.39,40916.87,2273.16,1.453,29.0,54.0,46.0,0.12,51.56,32.83
27E,26,5.0,54.0,69.0,276.0,59.0,345.0,322.37,2029.51,12.78,25932.65,1440.7,0.6765,31.0,40.0,38.0,0.0,37.72,37.72
270C,1,7.0,50.0,40.0,145.0,57.0,185.0,301.84,1079.08,10.15,10952.71,608.48,0.3597,4.0,26.0,23.0,0.04,59.22,47.36
270C,2,7.0,41.0,42.0,120.0,48.0,162.0,239.31,904.76,10.24,9268.31,514.91,0.3016,4.0,24.0,22.0,0.0,48.65,48.65
270C,3,7.0,46.0,35.0,145.0,53.0,180.0,273.74,1031.03,11.03,11374.9,631.94,0.3437,4.0,25.0,23.0,0.0,47.87,47.87
270C,4,8.0,45.0,36.0,147.0,53.0,183.0,271.13,1048.21,13.07,13696.6,760.92,0.3494,4.0,25.0,23.0,0.0,47.82,47.82
270C,5,9.0,64.0,54.0,186.0,73.0,240.0,412.53,1485.56,13.08,19428.31,1079.35,0.4952,6.0,33.0,28.0,0.1,61.24,43.86
270C,6,7.0,41.0,36.0,125.0,48.0,161.0,239.31,899.18,10.67,9594.9,533.05,0.2997,5.0,25.0,23.0,0.0,48.15,48.15
270C,7,7.0,45.0,36.0,140.0,52.0,176.0,266.78,1003.28,10.89,10924.58,606.92,0.3344,4.0,25.0,23.0,0.0,47.95,47.95
270C,8,7.0,65.0,48.0,164.0,72.0,212.0,411.11,1308.02,8.83,11550.86,641.71,0.436,5.0,28.0,23.0,0.12,64.67,45.94
270C,9,9.0,43.0,43.0,149.0,52.0,192.0,261.86,1094.48,15.59,17066.32,948.13,0.3648,6.0,33.0,31.0,0.0,44.79,44.79
270C,10,9.0,63.0,53.0,181.0,72.0,234.0,405.1,1443.76,12.93,18665.79,1036.99,0.4813,5.0,31.0,26.0,0.1,62.56,44.67
270C,11,7.0,65.0,42.0,155.0,72.0,197.0,411.11,1215.48,8.35,10144.54,563.59,0.4052,4.0,25.0,20.0,0.13,67.07,47.37
270C,12,7.0,41.0,36.0,125.0,48.0,161.0,239.31,899.18,10.67,9594.9,533.05,0.2997,5.0,25.0,23.0,0.0,48.15,48.15
270C,13,8.0,49.0,41.0,141.0,57.0,182.0,299.12,1061.59,11.51,12219.07,678.84,0.3539,4.0,25.0,22.0,0.04,59.88,47.78
270C,14,8.0,50.0,41.0,141.0,58.0,182.0,306.19,1066.15,11.28,12026.2,668.12,0.3554,4.0,25.0,22.0,0.04,59.87,47.77
270C,15,7.0,64.0,51.0,173.0,71.0,224.0,403.65,1377.54,9.46,13032.85,724.05,0.4592,5.0,30.0,26.0,0.07,60.33,45.13
270C,16,7.0,72.0,64.0,209.0,79.0,273.0,463.89,1720.93,10.16,17484.19,971.34,0.5736,6.0,36.0,30.0,0.12,61.47,42.59
270C,17,7.0,42.0,40.0,127.0,49.0,167.0,246.13,937.66,10.58,9923.53,551.31,0.3126,5.0,26.0,24.0,0.0,47.65,47.65
270C,18,8.0,43.0,37.0,121.0,51.0,158.0,257.33,896.24,11.26,10087.95,560.44,0.2987,5.0,25.0,23.0,0.0,48.16,48.16
270C,19,7.0,42.0,40.0,127.0,49.0,167.0,246.13,937.66,10.58,9923.53,551.31,0.3126,5.0,26.0,24.0,0.0,47.65,47.65
270C,20,8.0,78.0,50.0,196.0,86.0,246.0,514.26,1580.86,10.05,15889.68,882.76,0.527,5.0,33.0,27.0,0.13,63.42,43.8
270C,21,8.0,67.0,46.0,163.0,75.0,209.0,430.43,1301.82,9.73,12668.49,703.8,0.4339,4.0,29.0,23.0,0.15,66.48,45.75
270C,22,8.0,50.0,41.0,141.0,58.0,182.0,306.19,1066.15,11.28,12026.2,668.12,0.3554,4.0,25.0,22.0,0.04,59.87,47.77
270C,23,8.0,41.0,42.0,130.0,49.0,172.0,243.66,965.73,12.68,12248.28,680.46,0.3219,5.0,28.0,26.0,0.0,46.86,46.86
270C,24,8.0,56.0,38.0,141.0,64.0,179.0,349.21,1074.0,10.07,10816.71,600.93,0.358,4.0,26.0,22.0,0.08,63.66,47.37
270C,25,9.0,44.0,40.0,136.0,53.0,176.0,268.74,1008.11,13.91,14021.95,779.0,0.336,5.0,30.0,28.0,0.0,46.08,46.08
270C,26,7.0,43.0,46.0,134.0,50.0,180.0,252.98,1015.89,10.91,11080.33,615.57,0.3386,5.0,29.0,27.0,0.0,46.37,46.37
270C,27,7.0,69.0,51.0,173.0,76.0,224.0,441.14,1399.54,8.78,12281.43,682.3,0.4665,4.0,29.0,23.0,0.15,66.26,45.53
270C,28,8.0,74.0,53.0,196.0,82.0,249.0,483.5,1583.03,10.59,16771.57,931.75,0.5277,5.0,33.0,26.0,0.16,65.22,43.8
270C,29,9.0,41.0,42.0,128.0,50.0,170.0,248.19,959.46,14.05,13479.18,748.84,0.3198,6.0,26.0,24.0,0.0,47.45,47.45
270C,30,8.0,46.0,48.0,183.0,54.0,231.0,278.08,1329.38,15.91,21154.47,1175.25,0.4431,9.0,36.0,34.0,0.0,42.97,42.97
270C,31,8.0,46.0,44.0,151.0,54.0,195.0,278.08,1122.2,13.13,14735.01,818.61,0.3741,4.0,27.0,25.0,0.0,46.88,46.88
270C,32,7.0,41.0,36.0,125.0,48.0,161.0,239.31,899.18,10.67,9594.9,533.05,0.2997,5.0,25.0,23.0,0.0,48.15,48.15
272B,1,10.0,39.0,42.0,124.0,49.0,166.0,239.35,932.04,15.9,14817.08,823.17,0.3107,6.0,27.0,23.0,0.0,47.18,47.18
272B,2,10.0,42.0,41.0,125.0,52.0,166.0,259.7,946.27,14.88,14081.44,782.3,0.3154,6.0,25.0,23.0,0.0,47.86,47.86
272B,3,10.0,41.0,43.0,130.0,51.0,173.0,252.88,981.33,15.85,15557.66,864.31,0.3271,6.0,30.0,26.0,0.0,46.02,46.02
272B,4,10.0,42.0,41.0,123.0,52.0,164.0,259.7,934.87,14.64,13689.2,760.51,0.3116,6.0,25.0,23.0,0.0,47.9,47.9
272B,5,10.0,41.0,43.0,126.0,51.0,169.0,252.88,958.64,15.37,14730.32,818.35,0.3195,6.0,28.0,24.0,0.0,46.75,46.75
272B,6,10.0,41.0,43.0,126.0,51.0,169.0,252.88,958.64,15.37,14730.32,818.35,0.3195,6.0,28.0,24.0,0.0,46.75,46.75
272B,7,10.0,41.0,43.0,130.0,51.0,173.0,252.88,981.33,15.85,15557.66,864.31,0.3271,6.0,30.0,26.0,0.0,46.02,46.02
272B,8,10.0,41.0,43.0,130.0,51.0,173.0,252.88,981.33,15.85,15557.66,864.31,0.3271,6.0,30.0,26.0,0.0,46.02,46.02
272B,9,10.0,42.0,41.0,119.0,52.0,160.0,259.7,912.07,14.17,12921.0,717.83,0.304,6.0,25.0,23.0,0.0,47.97,47.97
272B,10,10.0,42.0,41.0,119.0,52.0,160.0,259.7,912.07,14.17,12921.0,717.83,0.304,6.0,25.0,23.0,0.0,47.97,47.97
272B,11,10.0,42.0,41.0,119.0,52.0,160.0,259.7,912.07,14.17,12921.0,717.83,0.304,6.0,25.0,23.0,0.0,47.97,47.97
272B,12,10.0,41.0,43.0,130.0,51.0,173.0,252.88,981.33,15.85,15557.66,864.31,0.3271,6.0,30.0,26.0,0.0,46.02,46.02
272B,13,10.0,43.0,42.0,124.0,53.0,166.0,266.55,950.83,14.42,13709.71,761.65,0.3169,6.0,26.0,24.0,0.0,47.47,47.47
272B,14,10.0,42.0,41.0,119.0,52.0,160.0,259.7,912.07,14.17,12921.0,717.83,0.304,6.0,25.0,23.0,0.0,47.97,47.97
272B,15,10.0,42.0,41.0,119.0,52.0,160.0,259.7,912.07,14.17,12921.0,717.83,0.304,6.0,25.0,23.0,0.0,47.97,47.97
272B,16,10.0,42.0,41.0,119.0,52.0,160.0,259.7,912.07,14.17,12921.0,717.83,0.304,6.0,25.0,23.0,0.0,47.97,47.97
272B,17,10.0,42.0,41.0,119.0,52.0,160.0,259.7,912.07,14.17,12921.0,717.83,0.304,6.0,25.0,23.0,0.0,47.97,47.97
272B,18,10.0,41.0,43.0,126.0,51.0,169.0,252.88,958.64,15.37,14730.32,818.35,0.3195,6.0,28.0,24.0,0.0,46.75,46.75
272B,19,10.0,42.0,41.0,119.0,52.0,160.0,259.7,912.07,14.17,12921.0,717.83,0.304,6.0,25.0,23.0,0.0,47.97,47.97
272B,20,10.0,43.0,42.0,127.0,53.0,169.0,266.55,968.02,14.77,14295.16,794.18,0.3227,6.0,26.0,24.0,0.0,47.42,47.42
272B,21,10.0,42.0,41.0,119.0,52.0,160.0,259.7,912.07,14.17,12921.0,717.83,0.304,6.0,25.0,23.0,0.0,47.97,47.97
272B,22,10.0,44.0,43.0,129.0,54.0,172.0,273.43,989.84,14.66,14510.16,806.12,0.3299,6.0,27.0,25.0,0.0,46.99,46.99
272B,23,10.0,43.0,42.0,126.0,53.0,168.0,266.55,962.29,14.65,14098.68,783.26,0.3208,6.0,26.0,24.0,0.0,47.44,47.44
272B,24,10.0,42.0,45.0,133.0,52.0,178.0,259.7,1014.68,15.83,16065.74,892.54,0.3382,6.0,26.0,24.0,0.0,47.28,47.28
272B,25,10.0,42.0,45.0,133.0,52.0,178.0,259.7,1014.68,15.83,16065.74,892.54,0.3382,6.0,26.0,24.0,0.0,47.28,47.28
272B,26,10.0,42.0,41.0,119.0,52.0,160.0,259.7,912.07,14.17,12921.0,717.83,0.304,6.0,25.0,23.0,0.0,47.97,47.97
272B,27,10.0,41.0,43.0,126.0,51.0,169.0,252.88,958.64,15.37,14730.32,818.35,0.3195,6.0,28.0,24.0,0.0,46.75,46.75
272B,28,10.0,42.0,41.0,119.0,52.0,160.0,259.7,912.07,14.17,12921.0,717.83,0.304,6.0,25.0,23.0,0.0,47.97,47.97
272B,29,10.0,41.0,43.0,126.0,51.0,169.0,252.88,958.64,15.37,14730.32,818.35,0.3195,6.0,28.0,24.0,0.0,46.75,46.75
272B,30,10.0,42.0,41.0,119.0,52.0,160.0,259.7,912.07,14.17,12921.0,717.83,0.304,6.0,25.0,23.0,0.0,47.97,47.97
272B,31,10.0,42.0,45.0,133.0,52.0,178.0,259.7,1014.68,15.83,16065.74,892.54,0.3382,6.0,26.0,24.0,0.0,47.28,47.28
272B,32,10.0,42.0,41.0,119.0,52.0,160.0,259.7,912.07,14.17,12921.0,717.83,0.304,6.0,25.0,23.0,0.0,47.97,47.97
275A,1,6.0,39.0,32.0,127.0,45.0,159.0,221.64,873.2,9.77,8530.54,473.92,0.2911,6.0,22.0,19.0,0.05,62.23,49.32
275A,2,9.0,37.0,56.0,183.0,46.0,239.0,221.28,1320.13,22.26,29381.84,1632.32,0.44,10.0,27.0,20.0,0.2,68.76,45.58
275A,3,6.0,39.0,32.0,127.0,45.0,159.0,221.64,873.2,9.77,8530.54,473.92,0.2911,6.0,22.0,19.0,0.05,62.23,49.32
275A,4,9.0,37.0,56.0,183.0,46.0,239.0,221.28,1320.13,22.26,29381.84,1632.32,0.44,10.0,27.0,20.0,0.2,68.76,45.58
275A,5,9.0,36.0,50.0,181.0,45.0,231.0,214.65,1268.62,22.62,28702.48,1594.58,0.4229,10.0,25.0,21.0,0.09,63.03,46.43
275A,6,9.0,35.0,50.0,178.0,44.0,228.0,208.05,1244.75,22.89,28487.0,1582.61,0.4149,10.0,24.0,20.0,0.09,63.8,46.88
275A,7,9.0,36.0,50.0,181.0,45.0,231.0,214.65,1268.62,22.62,28702.48,1594.58,0.4229,10.0,25.0,21.0,0.09,63.03,46.43
275A,8,6.0,38.0,31.0,121.0,44.0,152.0,214.93,829.83,9.55,7927.09,440.39,0.2766,6.0,21.0,18.0,0.05,63.14,49.91
275A,9,6.0,38.0,31.0,121.0,44.0,152.0,214.93,829.83,9.55,7927.09,440.39,0.2766,6.0,21.0,18.0,0.05,63.14,49.91
275A,10,9.0,36.0,50.0,181.0,45.0,231.0,214.65,1268.62,22.62,28702.48,1594.58,0.4229,10.0,25.0,21.0,0.09,63.03,46.43
275A,11,6.0,39.0,32.0,127.0,45.0,159.0,221.64,873.2,9.77,8530.54,473.92,0.2911,6.0,22.0,19.0,0.05,62.23,49.32
275A,12,6.0,39.0,32.0,127.0,45.0,159.0,221.64,873.2,9.77,8530.54,473.92,0.2911,6.0,22.0,19.0,0.05,62.23,49.32
275A,13,9.0,36.0,50.0,181.0,45.0,231.0,214.65,1268.62,22.62,28702.48,1594.58,0.4229,10.0,25.0,21.0,0.09,63.03,46.43
275A,14,9.0,41.0,56.0,199.0,50.0,255.0,248.19,1439.18,21.84,31433.87,1746.33,0.4797,11.0,27.0,23.0,0.08,61.18,45.18
275A,15,9.0,37.0,56.0,183.0,46.0,239.0,221.28,1320.13,22.26,29381.84,1632.32,0.44,10.0,27.0,20.0,0.2,68.76,45.58
275A,16,6.0,40.0,32.0,128.0,46.0,160.0,228.39,883.77,9.6,8484.19,471.34,0.2946,6.0,22.0,19.0,0.05,62.2,49.28
275A,17,6.0,39.0,32.0,127.0,45.0,159.0,221.64,873.2,9.77,8530.54,473.92,0.2911,6.0,22.0,19.0,0.05,62.23,49.32
275A,18,6.0,39.0,32.0,127.0,45.0,159.0,221.64,873.2,9.77,8530.54,473.92,0.2911,6.0,22.0,19.0,0.05,62.23,49.32
275A,19,9.0,36.0,50.0,181.0,45.0,231.0,214.65,1268.62,22.62,28702.48,1594.58,0.4229,10.0,25.0,21.0,0.09,63.03,46.43
275A,20,9.0,36.0,50.0,181.0,45.0,231.0,214.65,1268.62,22.62,28702.48,1594.58,0.4229,10.0,25.0,21.0,0.09,63.03,46.43
275A,21,6.0,39.0,32.0,127.0,45.0,159.0,221.64,873.2,9.77,8530.54,473.92,0.2911,6.0,22.0,19.0,0.05,62.23,49.32
275A,22,9.0,36.0,50.0,181.0,45.0,231.0,214.65,1268.62,22.62,28702.48,1594.58,0.4229,10.0,25.0,21.0,0.09,63.03,46.43
275A,23,9.0,35.0,50.0,178.0,44.0,228.0,208.05,1244.75,22.89,28487.0,1582.61,0.4149,10.0,24.0,20.0,0.09,63.8,46.88
275A,24,9.0,38.0,56.0,186.0,47.0,242.0,227.95,1344.21,22.03,29608.01,1644.89,0.4481,10.0,28.0,21.0,0.19,68.04,45.18
275A,25,9.0,35.0,50.0,178.0,44.0,228.0,208.05,1244.75,22.89,28487.0,1582.61,0.4149,10.0,24.0,20.0,0.09,63.8,46.88
275A,26,6.0,39.0,32.0,127.0,45.0,159.0,221.64,873.2,9.77,8530.54,473.92,0.2911,6.0,22.0,19.0,0.05,62.23,49.32
275A,27,6.0,39.0,32.0,127.0,45.0,159.0,221.64,873.2,9.77,8530.54,473.92,0.2911,6.0,22.0,19.0,0.05,62.23,49.32
275A,28,9.0,35.0,50.0,178.0,44.0,228.0,208.05,1244.75,22.89,28487.0,1582.61,0.4149,10.0,24.0,20.0,0.09,63.8,46.88
275A,29,9.0,36.0,50.0,181.0,45.0,231.0,214.65,1268.62,22.62,28702.48,1594.58,0.4229,10.0,25.0,21.0,0.09,63.03,46.43
275A,30,9.0,36.0,50.0,181.0,45.0,231.0,214.65,1268.62,22.62,28702.48,1594.58,0.4229,10.0,25.0,21.0,0.09,63.03,46.43
275A,31,9.0,38.0,56.0,186.0,47.0,242.0,227.95,1344.21,22.03,29608.01,1644.89,0.4481,10.0,28.0,21.0,0.19,68.04,45.18
275A,32,6.0,38.0,31.0,121.0,44.0,152.0,214.93,829.83,9.55,7927.09,440.39,0.2766,6.0,21.0,18.0,0.05,63.14,49.91
279A,1,9.0,41.0,100.0,233.0,50.0,333.0,248.19,1879.4,25.57,48062.32,2670.13,0.6265,19.0,56.0,54.0,0.0,36.38,36.38
279A,2,10.0,38.0,100.0,202.0,48.0,302.0,232.64,1686.66,26.58,44829.61,2490.53,0.5622,17.0,45.0,43.0,0.0,39.05,39.05
279A,3,8.0,38.0,75.0,177.0,46.0,252.0,223.42,1391.94,18.63,25934.0,1440.78,0.464,14.0,40.0,38.0,0.0,41.16,41.16
279A,4,7.0,37.0,112.0,234.0,44.0,346.0,212.4,1888.96,22.14,41812.46,2322.91,0.6297,18.0,53.0,51.0,0.0,37.03,37.03
279A,5,9.0,39.0,84.0,191.0,48.0,275.0,234.66,1535.86,22.04,33848.09,1880.45,0.512,16.0,45.0,43.0,0.0,39.47,39.47
279A,6,7.0,37.0,96.0,222.0,44.0,318.0,212.4,1736.1,21.0,36458.08,2025.45,0.5787,18.0,49.0,47.0,0.0,38.03,38.03
279A,7,10.0,40.0,69.0,157.0,50.0,226.0,246.1,1275.51,19.62,25031.91,1390.66,0.4252,13.0,41.0,39.0,0.0,41.32,41.32
279A,8,10.0,38.0,100.0,202.0,48.0,302.0,232.64,1686.66,26.58,44829.61,2490.53,0.5622,17.0,45.0,43.0,0.0,39.05,39.05
279A,9,7.0,35.0,94.0,205.0,42.0,299.0,199.18,1612.3,20.5,33052.21,1836.23,0.5374,17.0,41.0,39.0,0.0,40.07,40.07
279A,10,9.0,43.0,73.0,162.0,52.0,235.0,261.86,1339.6,16.95,22710.95,1261.72,0.4465,12.0,43.0,39.0,0.05,53.63,40.86
279A,11,7.0,37.0,110.0,229.0,44.0,339.0,212.4,1850.75,21.66,40091.19,2227.29,0.6169,17.0,53.0,51.0,0.0,37.22,37.22
279A,12,10.0,41.0,88.0,207.0,51.0,295.0,252.88,1673.37,25.24,42242.27,2346.79,0.5578,17.0,55.0,53.0,0.0,37.18,37.18
279A,13,7.0,37.0,112.0,237.0,44.0,349.0,212.4,1905.34,22.42,42715.7,2373.09,0.6351,18.0,54.0,52.0,0.0,36.82,36.82
279A,14,8.0,39.0,176.0,312.0,47.0,488.0,230.13,2710.64,32.0,86740.46,4818.91,0.9035,39.0,58.0,56.0,0.0,32.25,32.25
279A,15,8.0,39.0,78.0,182.0,47.0,260.0,230.13,1444.19,18.67,26958.27,1497.68,0.4814,13.0,38.0,36.0,0.0,41.67,41.67
279A,16,7.0,37.0,110.0,229.0,44.0,339.0,212.4,1850.75,21.66,40091.19,2227.29,0.6169,17.0,53.0,51.0,0.0,37.22,37.22
279A,17,8.0,38.0,73.0,169.0,46.0,242.0,223.42,1336.7,17.79,23779.22,1321.07,0.4456,13.0,39.0,37.0,0.0,41.66,41.66
279A,18,9.0,38.0,79.0,177.0,47.0,256.0,227.95,1421.97,20.96,29805.34,1655.85,0.474,15.0,42.0,40.0,0.0,40.5,40.5
279A,19,10.0,41.0,81.0,184.0,51.0,265.0,252.88,1503.19,22.44,33730.18,1873.9,0.5011,16.0,48.0,46.0,0.0,38.93,38.93
279A,22,7.0,37.0,104.0,228.0,44.0,332.0,212.4,1812.53,21.57,39091.89,2171.77,0.6042,18.0,53.0,51.0,0.0,37.15,37.15
279A,23,7.0,37.0,112.0,237.0,44.0,349.0,212.4,1905.34,22.42,42715.7,2373.09,0.6351,19.0,53.0,51.0,0.0,36.86,36.86
279A,24,9.0,40.0,74.0,159.0,49.0,233.0,241.41,1308.23,17.89,23400.92,1300.05,0.4361,12.0,41.0,39.0,0.0,41.38,41.38
279A,25,8.0,40.0,86.0,190.0,48.0,276.0,236.88,1541.45,19.0,29287.54,1627.09,0.5138,16.0,50.0,48.0,0.0,38.46,38.46
279A,26,7.0,37.0,112.0,234.0,44.0,346.0,212.4,1888.96,22.14,41812.46,2322.91,0.6297,18.0,53.0,51.0,0.0,37.03,37.03
279A,27,9.0,40.0,78.0,163.0,49.0,241.0,241.41,1353.15,18.34,24813.3,1378.52,0.451,16.0,37.0,35.0,0.0,41.71,41.71
279A,28,7.0,37.0,104.0,228.0,44.0,332.0,212.4,1812.53,21.57,39091.89,2171.77,0.6042,18.0,53.0,51.0,0.0,37.15,37.15
279A,29,8.0,36.0,106.0,181.0,44.0,287.0,210.12,1566.86,20.11,31511.23,1750.62,0.5223,18.0,39.0,37.0,0.0,40.5,40.5
279A,31,10.0,41.0,75.0,180.0,51.0,255.0,252.88,1446.47,21.95,31751.75,1763.99,0.4822,15.0,49.0,47.0,0.0,38.98,38.98
279A,32,10.0,44.0,69.0,171.0,54.0,240.0,273.43,1381.17,19.43,26838.7,1491.04,0.4604,12.0,35.0,33.0,0.0,42.72,42.72
28A,1,10.0,65.0,134.0,479.0,75.0,613.0,424.67,3818.27,36.85,140688.41,7816.02,1.2728,22.0,68.0,59.0,0.0,31.99,31.99
28A,2,10.0,60.0,109.0,403.0,70.0,512.0,387.63,3138.19,33.58,105390.98,5855.05,1.0461,18.0,55.0,46.0,0.0,35.13,35.13
28A,3,10.0,60.0,117.0,461.0,70.0,578.0,387.63,3542.73,38.42,136099.71,7561.09,1.1809,20.0,57.0,48.0,0.0,34.15,34.15
28A,4,9.0,62.0,77.0,345.0,71.0,422.0,397.69,2595.19,25.04,64984.48,3610.25,0.8651,13.0,49.0,40.0,0.0,37.48,37.48
28A,5,8.0,70.0,113.0,488.0,78.0,601.0,453.05,3777.53,27.89,105339.03,5852.17,1.2592,19.0,77.0,65.0,0.0,31.24,31.24
28A,6,9.0,57.0,90.0,318.0,66.0,408.0,361.0,2466.11,25.11,61912.41,3439.58,0.822,12.0,51.0,44.0,0.0,37.39,37.39
28A,7,9.0,65.0,136.0,534.0,74.0,670.0,419.98,4160.33,36.97,153804.34,8544.69,1.3868,16.0,71.0,62.0,0.0,32.12,32.12
28A,8,10.0,58.0,108.0,436.0,68.0,544.0,372.98,3311.58,37.59,124469.72,6914.98,1.1039,18.0,54.0,45.0,0.0,35.14,35.14
28A,9,9.0,61.0,111.0,441.0,70.0,552.0,390.3,3383.36,32.53,110070.27,6115.01,1.1278,18.0,64.0,55.0,0.0,33.47,33.47
28A,10,9.0,55.0,100.0,371.0,64.0,471.0,346.5,2826.0,30.35,85781.95,4765.66,0.942,15.0,54.0,45.0,0.0,36.03,36.03
28A,11,8.0,64.0,101.0,391.0,72.0,492.0,408.0,3035.6,24.44,74182.55,4121.25,1.0119,11.0,58.0,49.0,0.0,35.67,35.67
28A,12,10.0,70.0,126.0,514.0,80.0,640.0,462.27,4046.03,36.71,148547.25,8252.62,1.3487,19.0,70.0,61.0,0.0,31.94,31.94
28A,13,8.0,59.0,98.0,394.0,67.0,492.0,371.08,2984.52,26.71,79721.98,4429.0,0.9948,13.0,55.0,46.0,0.0,35.96,35.96
28A,14,9.0,58.0,72.0,303.0,67.0,375.0,368.29,2274.78,23.51,53477.02,2970.95,0.7583,11.0,46.0,37.0,0.0,38.74,38.74
28A,15,9.0,58.0,72.0,303.0,67.0,375.0,368.29,2274.78,23.51,53477.02,2970.95,0.7583,11.0,46.0,37.0,0.0,38.74,38.74
28A,16,9.0,59.0,105.0,400.0,68.0,505.0,375.61,3074.17,30.51,93788.2,5210.46,1.0247,15.0,63.0,54.0,0.0,34.31,34.31
28A,17,8.0,55.0,87.0,319.0,63.0,406.0,341.97,2426.78,23.2,56301.2,3127.84,0.8089,11.0,52.0,45.0,0.0,37.39,37.39
28A,18,10.0,64.0,135.0,582.0,74.0,717.0,417.22,4452.18,45.47,202434.97,11246.39,1.4841,30.0,85.0,73.0,0.0,28.33,28.33
28A,19,10.0,65.0,126.0,493.0,75.0,619.0,424.67,3855.64,37.92,146217.69,8123.2,1.2852,21.0,73.0,64.0,0.0,31.42,31.42
28A,20,9.0,62.0,129.0,525.0,71.0,654.0,397.69,4021.93,38.1,153255.17,8514.18,1.3406,19.0,69.0,60.0,0.0,32.09,32.09
28A,21,9.0,64.0,111.0,440.0,73.0,551.0,412.53,3410.59,30.94,105515.23,5861.96,1.1369,15.0,57.0,48.0,0.0,34.94,34.94
28A,22,8.0,63.0,104.0,460.0,71.0,564.0,400.57,3468.46,29.21,101300.98,5627.83,1.1562,17.0,65.0,56.0,0.0,33.38,33.38
28A,23,9.0,52.0,79.0,287.0,61.0,366.0,324.95,2170.65,24.84,53911.43,2995.08,0.7235,10.0,43.0,36.0,0.0,39.66,39.66
28A,24,8.0,62.0,105.0,379.0,70.0,484.0,393.16,2966.57,24.45,72537.49,4029.86,0.9889,12.0,59.0,52.0,0.0,35.44,35.44
28A,25,9.0,58.0,72.0,303.0,67.0,375.0,368.29,2274.78,23.51,53477.02,2970.95,0.7583,11.0,46.0,37.0,0.0,38.74,38.74
28A,26,7.0,63.0,100.0,434.0,70.0,534.0,396.22,3273.04,24.11,78916.56,4384.25,1.091,17.0,65.0,56.0,0.0,33.55,33.55
28A,27,10.0,63.0,119.0,486.0,73.0,605.0,409.79,3744.84,38.57,144443.98,8024.67,1.2483,21.0,66.0,57.0,0.0,32.46,32.46
28A,28,9.0,60.0,114.0,430.0,69.0,544.0,382.94,3323.04,32.25,107167.95,5953.78,1.1077,19.0,58.0,49.0,0.0,34.32,34.32
28A,29,8.0,57.0,91.0,369.0,65.0,460.0,356.47,2770.29,25.89,71735.91,3985.33,0.9234,13.0,54.0,45.0,0.0,36.36,36.36
28A,30,10.0,71.0,173.0,754.0,81.0,927.0,469.85,5877.04,53.1,312062.6,17336.81,1.959,32.0,98.0,86.0,0.0,25.87,25.87
28A,31,10.0,68.0,143.0,548.0,78.0,691.0,447.17,4343.21,40.29,175005.93,9722.55,1.4477,24.0,72.0,60.0,0.0,30.78,30.78
28B,2,9.0,59.0,96.0,373.0,68.0,469.0,375.61,2855.02,28.45,81222.9,4512.38,0.9517,17.0,59.0,53.0,0.0,34.89,34.89
28B,3,8.0,52.0,73.0,290.0,60.0,363.0,320.42,2144.2,22.31,47832.18,2657.34,0.7147,14.0,52.0,50.0,0.0,37.36,37.36
28B,4,8.0,56.0,92.0,362.0,64.0,454.0,349.21,2724.0,25.86,70434.86,3913.05,0.908,17.0,57.0,51.0,0.0,35.36,35.36
28B,6,9.0,58.0,80.0,356.0,67.0,436.0,368.29,2644.81,27.62,73051.61,4058.42,0.8816,17.0,49.0,47.0,0.0,36.88,36.88
28B,7,9.0,58.0,80.0,354.0,67.0,434.0,368.29,2632.68,27.47,72307.99,4017.11,0.8776,17.0,55.0,53.0,0.0,35.8,35.8
28B,8,9.0,54.0,75.0,317.0,63.0,392.0,339.29,2343.09,26.42,61896.73,3438.71,0.781,16.0,44.0,42.0,0.0,38.4,38.4
28B,11,8.0,58.0,80.0,342.0,66.0,422.0,363.76,2550.73,23.59,60162.15,3342.34,0.8502,15.0,58.0,53.0,0.0,35.66,35.66
28B,12,8.0,58.0,80.0,346.0,66.0,426.0,363.76,2574.91,23.86,61442.73,3413.48,0.8583,15.0,55.0,50.0,0.0,36.14,36.14
28B,15,8.0,58.0,80.0,342.0,66.0,422.0,363.76,2550.73,23.59,60162.15,3342.34,0.8502,15.0,58.0,53.0,0.0,35.66,35.66
28B,16,9.0,58.0,91.0,354.0,67.0,445.0,368.29,2699.41,27.47,74140.68,4118.93,0.8998,17.0,56.0,54.0,0.0,35.55,35.55
28B,17,8.0,61.0,79.0,390.0,69.0,469.0,385.77,2864.9,25.57,73266.24,4070.35,0.955,15.0,63.0,57.0,0.0,34.52,34.52
28B,18,9.0,60.0,79.0,356.0,69.0,435.0,382.94,2657.21,26.7,70947.46,3941.53,0.8857,17.0,55.0,53.0,0.0,35.77,35.77
28B,19,9.0,58.0,80.0,356.0,67.0,436.0,368.29,2644.81,27.62,73051.61,4058.42,0.8816,17.0,49.0,47.0,0.0,36.88,36.88
28B,20,8.0,56.0,88.0,347.0,64.0,435.0,349.21,2610.0,24.79,64690.71,3593.93,0.87,16.0,58.0,52.0,0.0,35.46,35.46
28B,21,8.0,57.0,81.0,330.0,65.0,411.0,356.47,2475.19,23.16,57320.26,3184.46,0.8251,15.0,50.0,44.0,0.0,37.16,37.16
28B,22,8.0,52.0,73.0,280.0,60.0,353.0,320.42,2085.13,21.54,44910.54,2495.03,0.695,14.0,43.0,41.0,0.0,39.24,39.24
28B,23,8.0,62.0,79.0,375.0,70.0,454.0,393.16,2782.69,24.19,67323.25,3740.18,0.9276,15.0,63.0,57.0,0.0,34.61,34.61
28B,24,8.0,52.0,73.0,290.0,60.0,363.0,320.42,2144.2,22.31,47832.18,2657.34,0.7147,14.0,52.0,50.0,0.0,37.36,37.36
28B,25,8.0,58.0,80.0,342.0,66.0,422.0,363.76,2550.73,23.59,60162.15,3342.34,0.8502,15.0,58.0,53.0,0.0,35.66,35.66
28B,26,9.0,57.0,76.0,351.0,66.0,427.0,361.0,2580.96,27.71,71519.66,3973.31,0.8603,17.0,53.0,51.0,0.0,36.21,36.21
28B,27,9.0,59.0,96.0,373.0,68.0,469.0,375.61,2855.02,28.45,81222.9,4512.38,0.9517,17.0,59.0,53.0,0.0,34.89,34.89
28B,28,9.0,60.0,79.0,356.0,69.0,435.0,382.94,2657.21,26.7,70947.46,3941.53,0.8857,17.0,55.0,53.0,0.0,35.77,35.77
28B,30,8.0,58.0,80.0,342.0,66.0,422.0,363.76,2550.73,23.59,60162.15,3342.34,0.8502,15.0,58.0,53.0,0.0,35.66,35.66
28B,31,8.0,58.0,80.0,346.0,66.0,426.0,363.76,2574.91,23.86,61442.73,3413.48,0.8583,15.0,55.0,50.0,0.0,36.14,36.14
283A,1,7.0,48.0,49.0,154.0,55.0,203.0,287.73,1173.62,11.23,13178.73,732.15,0.3912,5.0,30.0,28.0,0.0,45.61,45.61
283A,2,7.0,48.0,49.0,154.0,55.0,203.0,287.73,1173.62,11.23,13178.73,732.15,0.3912,5.0,30.0,28.0,0.0,45.61,45.61
283A,3,7.0,48.0,49.0,154.0,55.0,203.0,287.73,1173.62,11.23,13178.73,732.15,0.3912,5.0,30.0,28.0,0.0,45.61,45.61
283A,4,7.0,48.0,49.0,154.0,55.0,203.0,287.73,1173.62,11.23,13178.73,732.15,0.3912,5.0,30.0,28.0,0.0,45.61,45.61
283A,5,7.0,48.0,49.0,154.0,55.0,203.0,287.73,1173.62,11.23,13178.73,732.15,0.3912,5.0,30.0,28.0,0.0,45.61,45.61
283A,6,7.0,47.0,50.0,157.0,54.0,207.0,280.72,1191.26,11.69,13927.62,773.76,0.3971,5.0,32.0,28.0,0.0,44.96,44.96
283A,7,7.0,48.0,49.0,154.0,55.0,203.0,287.73,1173.62,11.23,13178.73,732.15,0.3912,5.0,30.0,28.0,0.0,45.61,45.61
283A,8,7.0,47.0,50.0,157.0,54.0,207.0,280.72,1191.26,11.69,13927.62,773.76,0.3971,5.0,32.0,28.0,0.0,44.96,44.96
283A,9,7.0,48.0,49.0,154.0,55.0,203.0,287.73,1173.62,11.23,13178.73,732.15,0.3912,5.0,30.0,28.0,0.0,45.61,45.61
283A,10,7.0,48.0,49.0,154.0,55.0,203.0,287.73,1173.62,11.23,13178.73,732.15,0.3912,5.0,30.0,28.0,0.0,45.61,45.61
283A,11,7.0,48.0,49.0,154.0,55.0,203.0,287.73,1173.62,11.23,13178.73,732.15,0.3912,5.0,30.0,28.0,0.0,45.61,45.61
283A,12,7.0,48.0,49.0,154.0,55.0,203.0,287.73,1173.62,11.23,13178.73,732.15,0.3912,5.0,30.0,28.0,0.0,45.61,45.61
283A,13,7.0,48.0,49.0,154.0,55.0,203.0,287.73,1173.62,11.23,13178.73,732.15,0.3912,5.0,30.0,28.0,0.0,45.61,45.61
283A,14,7.0,48.0,49.0,154.0,55.0,203.0,287.73,1173.62,11.23,13178.73,732.15,0.3912,5.0,30.0,28.0,0.0,45.61,45.61
283A,15,7.0,48.0,49.0,154.0,55.0,203.0,287.73,1173.62,11.23,13178.73,732.15,0.3912,5.0,30.0,28.0,0.0,45.61,45.61
283A,16,7.0,48.0,49.0,154.0,55.0,203.0,287.73,1173.62,11.23,13178.73,732.15,0.3912,5.0,30.0,28.0,0.0,45.61,45.61
283A,17,7.0,48.0,49.0,154.0,55.0,203.0,287.73,1173.62,11.23,13178.73,732.15,0.3912,5.0,30.0,28.0,0.0,45.61,45.61
283A,18,7.0,47.0,50.0,157.0,54.0,207.0,280.72,1191.26,11.69,13927.62,773.76,0.3971,5.0,32.0,28.0,0.0,44.96,44.96
283A,19,7.0,47.0,50.0,157.0,54.0,207.0,280.72,1191.26,11.69,13927.62,773.76,0.3971,5.0,32.0,28.0,0.0,44.96,44.96
283A,20,7.0,47.0,50.0,157.0,54.0,207.0,280.72,1191.26,11.69,13927.62,773.76,0.3971,5.0,32.0,28.0,0.0,44.96,44.96
283A,21,7.0,48.0,49.0,154.0,55.0,203.0,287.73,1173.62,11.23,13178.73,732.15,0.3912,5.0,30.0,28.0,0.0,45.61,45.61
283A,22,7.0,48.0,49.0,154.0,55.0,203.0,287.73,1173.62,11.23,13178.73,732.15,0.3912,5.0,30.0,28.0,0.0,45.61,45.61
283A,23,7.0,48.0,49.0,154.0,55.0,203.0,287.73,1173.62,11.23,13178.73,732.15,0.3912,5.0,30.0,28.0,0.0,45.61,45.61
283A,24,7.0,48.0,49.0,154.0,55.0,203.0,287.73,1173.62,11.23,13178.73,732.15,0.3912,5.0,30.0,28.0,0.0,45.61,45.61
283A,25,7.0,48.0,49.0,154.0,55.0,203.0,287.73,1173.62,11.23,13178.73,732.15,0.3912,5.0,30.0,28.0,0.0,45.61,45.61
283A,26,7.0,48.0,49.0,154.0,55.0,203.0,287.73,1173.62,11.23,13178.73,732.15,0.3912,5.0,30.0,28.0,0.0,45.61,45.61
283A,27,7.0,48.0,49.0,154.0,55.0,203.0,287.73,1173.62,11.23,13178.73,732.15,0.3912,5.0,30.0,28.0,0.0,45.61,45.61
283A,28,7.0,48.0,49.0,154.0,55.0,203.0,287.73,1173.62,11.23,13178.73,732.15,0.3912,5.0,30.0,28.0,0.0,45.61,45.61
283A,29,7.0,48.0,49.0,154.0,55.0,203.0,287.73,1173.62,11.23,13178.73,732.15,0.3912,5.0,30.0,28.0,0.0,45.61,45.61
283A,30,7.0,48.0,49.0,154.0,55.0,203.0,287.73,1173.62,11.23,13178.73,732.15,0.3912,5.0,30.0,28.0,0.0,45.61,45.61
283A,31,7.0,48.0,49.0,154.0,55.0,203.0,287.73,1173.62,11.23,13178.73,732.15,0.3912,5.0,30.0,28.0,0.0,45.61,45.61
283A,32,7.0,48.0,49.0,154.0,55.0,203.0,287.73,1173.62,11.23,13178.73,732.15,0.3912,5.0,30.0,28.0,0.0,45.61,45.61
284A,1,9.0,42.0,49.0,186.0,51.0,235.0,255.01,1333.02,19.93,26565.18,1475.84,0.4443,12.0,36.0,32.0,0.0,42.56,42.56
284A,2,9.0,42.0,49.0,186.0,51.0,235.0,255.01,1333.02,19.93,26565.18,1475.84,0.4443,12.0,36.0,32.0,0.0,42.56,42.56
284A,3,9.0,42.0,52.0,189.0,51.0,241.0,255.01,1367.05,20.25,27682.85,1537.94,0.4557,13.0,36.0,32.0,0.0,42.35,42.35
284A,4,9.0,42.0,52.0,189.0,51.0,241.0,255.01,1367.05,20.25,27682.85,1537.94,0.4557,13.0,36.0,32.0,0.0,42.35,42.35
284A,5,9.0,42.0,52.0,189.0,51.0,241.0,255.01,1367.05,20.25,27682.85,1537.94,0.4557,13.0,36.0,32.0,0.0,42.35,42.35
284A,6,9.0,42.0,52.0,187.0,51.0,239.0,255.01,1355.71,20.04,27162.61,1509.03,0.4519,13.0,35.0,31.0,0.0,42.64,42.64
284A,7,9.0,42.0,52.0,189.0,51.0,241.0,255.01,1367.05,20.25,27682.85,1537.94,0.4557,13.0,36.0,32.0,0.0,42.35,42.35
284A,8,9.0,42.0,52.0,189.0,51.0,241.0,255.01,1367.05,20.25,27682.85,1537.94,0.4557,13.0,36.0,32.0,0.0,42.35,42.35
284A,9,9.0,42.0,52.0,189.0,51.0,241.0,255.01,1367.05,20.25,27682.85,1537.94,0.4557,13.0,36.0,32.0,0.0,42.35,42.35
284A,10,9.0,42.0,52.0,189.0,51.0,241.0,255.01,1367.05,20.25,27682.85,1537.94,0.4557,13.0,36.0,32.0,0.0,42.35,42.35
284A,11,9.0,42.0,52.0,185.0,51.0,237.0,255.01,1344.36,19.82,26647.23,1480.4,0.4481,13.0,34.0,30.0,0.0,42.94,42.94
284A,12,9.0,42.0,52.0,187.0,51.0,239.0,255.01,1355.71,20.04,27162.61,1509.03,0.4519,13.0,35.0,31.0,0.0,42.64,42.64
284A,13,9.0,42.0,52.0,189.0,51.0,241.0,255.01,1367.05,20.25,27682.85,1537.94,0.4557,13.0,36.0,32.0,0.0,42.35,42.35
284A,14,9.0,42.0,49.0,186.0,51.0,235.0,255.01,1333.02,19.93,26565.18,1475.84,0.4443,12.0,36.0,32.0,0.0,42.56,42.56
284A,15,9.0,42.0,52.0,189.0,51.0,241.0,255.01,1367.05,20.25,27682.85,1537.94,0.4557,13.0,36.0,32.0,0.0,42.35,42.35
284A,16,9.0,42.0,52.0,187.0,51.0,239.0,255.01,1355.71,20.04,27162.61,1509.03,0.4519,13.0,35.0,31.0,0.0,42.64,42.64
284A,17,9.0,42.0,52.0,189.0,51.0,241.0,255.01,1367.05,20.25,27682.85,1537.94,0.4557,13.0,36.0,32.0,0.0,42.35,42.35
284A,18,9.0,42.0,52.0,189.0,51.0,241.0,255.01,1367.05,20.25,27682.85,1537.94,0.4557,13.0,36.0,32.0,0.0,42.35,42.35
284A,19,9.0,42.0,52.0,189.0,51.0,241.0,255.01,1367.05,20.25,27682.85,1537.94,0.4557,13.0,36.0,32.0,0.0,42.35,42.35
284A,20,9.0,42.0,52.0,185.0,51.0,237.0,255.01,1344.36,19.82,26647.23,1480.4,0.4481,13.0,34.0,30.0,0.0,42.94,42.94
284A,21,9.0,42.0,52.0,189.0,51.0,241.0,255.01,1367.05,20.25,27682.85,1537.94,0.4557,13.0,36.0,32.0,0.0,42.35,42.35
284A,22,9.0,42.0,52.0,189.0,51.0,241.0,255.01,1367.05,20.25,27682.85,1537.94,0.4557,13.0,36.0,32.0,0.0,42.35,42.35
284A,23,9.0,42.0,52.0,185.0,51.0,237.0,255.01,1344.36,19.82,26647.23,1480.4,0.4481,13.0,34.0,30.0,0.0,42.94,42.94
284A,24,9.0,42.0,52.0,189.0,51.0,241.0,255.01,1367.05,20.25,27682.85,1537.94,0.4557,13.0,36.0,32.0,0.0,42.35,42.35
284A,25,9.0,42.0,52.0,189.0,51.0,241.0,255.01,1367.05,20.25,27682.85,1537.94,0.4557,13.0,36.0,32.0,0.0,42.35,42.35
284A,26,9.0,42.0,52.0,189.0,51.0,241.0,255.01,1367.05,20.25,27682.85,1537.94,0.4557,13.0,36.0,32.0,0.0,42.35,42.35
284A,27,9.0,42.0,52.0,189.0,51.0,241.0,255.01,1367.05,20.25,27682.85,1537.94,0.4557,13.0,36.0,32.0,0.0,42.35,42.35
284A,28,9.0,42.0,52.0,189.0,51.0,241.0,255.01,1367.05,20.25,27682.85,1537.94,0.4557,13.0,36.0,32.0,0.0,42.35,42.35
284A,29,9.0,42.0,52.0,189.0,51.0,241.0,255.01,1367.05,20.25,27682.85,1537.94,0.4557,13.0,36.0,32.0,0.0,42.35,42.35
284A,30,9.0,42.0,52.0,189.0,51.0,241.0,255.01,1367.05,20.25,27682.85,1537.94,0.4557,13.0,36.0,32.0,0.0,42.35,42.35
284A,31,9.0,42.0,52.0,189.0,51.0,241.0,255.01,1367.05,20.25,27682.85,1537.94,0.4557,13.0,36.0,32.0,0.0,42.35,42.35
284A,32,9.0,42.0,52.0,189.0,51.0,241.0,255.01,1367.05,20.25,27682.85,1537.94,0.4557,13.0,36.0,32.0,0.0,42.35,42.35
285C,1,6.0,36.0,28.0,97.0,42.0,125.0,201.63,674.04,8.08,5448.49,302.69,0.2247,3.0,15.0,13.0,0.0,54.13,54.13
285C,2,6.0,36.0,28.0,97.0,42.0,125.0,201.63,674.04,8.08,5448.49,302.69,0.2247,3.0,15.0,13.0,0.0,54.13,54.13
285C,3,5.0,35.0,29.0,100.0,40.0,129.0,191.13,686.53,7.14,4903.78,272.43,0.2288,3.0,17.0,13.0,0.0,52.89,52.89
285C,4,5.0,35.0,29.0,100.0,40.0,129.0,191.13,686.53,7.14,4903.78,272.43,0.2288,3.0,17.0,13.0,0.0,52.89,52.89
285C,5,5.0,35.0,29.0,100.0,40.0,129.0,191.13,686.53,7.14,4903.78,272.43,0.2288,3.0,17.0,13.0,0.0,52.89,52.89
285C,6,5.0,35.0,29.0,100.0,40.0,129.0,191.13,686.53,7.14,4903.78,272.43,0.2288,3.0,17.0,13.0,0.0,52.89,52.89
285C,7,5.0,35.0,29.0,100.0,40.0,129.0,191.13,686.53,7.14,4903.78,272.43,0.2288,3.0,17.0,13.0,0.0,52.89,52.89
285C,8,5.0,35.0,29.0,100.0,40.0,129.0,191.13,686.53,7.14,4903.78,272.43,0.2288,3.0,17.0,13.0,0.0,52.89,52.89
285C,9,5.0,35.0,29.0,100.0,40.0,129.0,191.13,686.53,7.14,4903.78,272.43,0.2288,3.0,17.0,13.0,0.0,52.89,52.89
285C,10,5.0,35.0,29.0,100.0,40.0,129.0,191.13,686.53,7.14,4903.78,272.43,0.2288,3.0,17.0,13.0,0.0,52.89,52.89
285C,11,5.0,35.0,29.0,100.0,40.0,129.0,191.13,686.53,7.14,4903.78,272.43,0.2288,3.0,17.0,13.0,0.0,52.89,52.89
285C,12,5.0,35.0,29.0,104.0,40.0,133.0,191.13,707.82,7.43,5258.06,292.11,0.2359,3.0,19.0,15.0,0.0,51.75,51.75
285C,13,5.0,35.0,29.0,104.0,40.0,133.0,191.13,707.82,7.43,5258.06,292.11,0.2359,3.0,19.0,15.0,0.0,51.75,51.75
285C,14,5.0,35.0,29.0,100.0,40.0,129.0,191.13,686.53,7.14,4903.78,272.43,0.2288,3.0,17.0,13.0,0.0,52.89,52.89
285C,15,5.0,35.0,29.0,104.0,40.0,133.0,191.13,707.82,7.43,5258.06,292.11,0.2359,3.0,19.0,15.0,0.0,51.75,51.75
285C,16,5.0,35.0,29.0,100.0,40.0,129.0,191.13,686.53,7.14,4903.78,272.43,0.2288,3.0,17.0,13.0,0.0,52.89,52.89
285C,17,5.0,35.0,29.0,100.0,40.0,129.0,191.13,686.53,7.14,4903.78,272.43,0.2288,3.0,17.0,13.0,0.0,52.89,52.89
285C,18,5.0,35.0,29.0,100.0,40.0,129.0,191.13,686.53,7.14,4903.78,272.43,0.2288,3.0,17.0,13.0,0.0,52.89,52.89
285C,19,5.0,35.0,29.0,100.0,40.0,129.0,191.13,686.53,7.14,4903.78,272.43,0.2288,3.0,17.0,13.0,0.0,52.89,52.89
285C,20,6.0,36.0,28.0,97.0,42.0,125.0,201.63,674.04,8.08,5448.49,302.69,0.2247,3.0,15.0,13.0,0.0,54.13,54.13
285C,21,5.0,35.0,29.0,100.0,40.0,129.0,191.13,686.53,7.14,4903.78,272.43,0.2288,3.0,17.0,13.0,0.0,52.89,52.89
285C,22,6.0,36.0,28.0,97.0,42.0,125.0,201.63,674.04,8.08,5448.49,302.69,0.2247,3.0,15.0,13.0,0.0,54.13,54.13
285C,23,6.0,36.0,28.0,97.0,42.0,125.0,201.63,674.04,8.08,5448.49,302.69,0.2247,3.0,15.0,13.0,0.0,54.13,54.13
285C,24,5.0,35.0,29.0,100.0,40.0,129.0,191.13,686.53,7.14,4903.78,272.43,0.2288,3.0,17.0,13.0,0.0,52.89,52.89
285C,25,5.0,35.0,29.0,104.0,40.0,133.0,191.13,707.82,7.43,5258.06,292.11,0.2359,3.0,19.0,15.0,0.0,51.75,51.75
285C,26,5.0,35.0,29.0,104.0,40.0,133.0,191.13,707.82,7.43,5258.06,292.11,0.2359,3.0,19.0,15.0,0.0,51.75,51.75
285C,27,5.0,35.0,29.0,100.0,40.0,129.0,191.13,686.53,7.14,4903.78,272.43,0.2288,3.0,17.0,13.0,0.0,52.89,52.89
285C,28,5.0,35.0,29.0,100.0,40.0,129.0,191.13,686.53,7.14,4903.78,272.43,0.2288,3.0,17.0,13.0,0.0,52.89,52.89
285C,29,6.0,36.0,28.0,97.0,42.0,125.0,201.63,674.04,8.08,5448.49,302.69,0.2247,3.0,15.0,13.0,0.0,54.13,54.13
285C,30,5.0,35.0,29.0,104.0,40.0,133.0,191.13,707.82,7.43,5258.06,292.11,0.2359,3.0,19.0,15.0,0.0,51.75,51.75
285C,31,5.0,35.0,29.0,100.0,40.0,129.0,191.13,686.53,7.14,4903.78,272.43,0.2288,3.0,17.0,13.0,0.0,52.89,52.89
285C,32,5.0,35.0,29.0,100.0,40.0,129.0,191.13,686.53,7.14,4903.78,272.43,0.2288,3.0,17.0,13.0,0.0,52.89,52.89
288A,2,8.0,38.0,50.0,125.0,46.0,175.0,223.42,966.62,13.16,12718.73,706.6,0.3222,8.0,28.0,26.0,0.0,46.45,46.45
288A,3,9.0,41.0,58.0,167.0,50.0,225.0,248.19,1269.87,18.33,23275.74,1293.1,0.4233,9.0,31.0,29.0,0.0,44.52,44.52
288A,4,8.0,39.0,72.0,180.0,47.0,252.0,230.13,1399.76,18.46,25841.66,1435.65,0.4666,11.0,40.0,38.0,0.0,41.54,41.54
288A,5,8.0,38.0,50.0,125.0,46.0,175.0,223.42,966.62,13.16,12718.73,706.6,0.3222,8.0,28.0,26.0,0.0,46.45,46.45
288A,6,9.0,41.0,63.0,194.0,50.0,257.0,248.19,1450.47,21.29,30884.42,1715.8,0.4835,11.0,38.0,36.0,0.0,41.92,41.92
288A,7,10.0,43.0,75.0,202.0,53.0,277.0,266.55,1586.63,23.49,37267.45,2070.41,0.5289,13.0,39.0,37.0,0.0,41.13,41.13
288A,8,8.0,38.0,50.0,125.0,46.0,175.0,223.42,966.62,13.16,12718.73,706.6,0.3222,8.0,28.0,26.0,0.0,46.45,46.45
288A,9,8.0,44.0,75.0,201.0,52.0,276.0,264.21,1573.32,18.27,28748.87,1597.16,0.5244,12.0,45.0,43.0,0.0,39.94,39.94
288A,10,8.0,38.0,52.0,126.0,46.0,178.0,223.42,983.19,13.26,13040.26,724.46,0.3277,8.0,28.0,26.0,0.0,46.4,46.4
288A,11,8.0,38.0,50.0,125.0,46.0,175.0,223.42,966.62,13.16,12718.73,706.6,0.3222,8.0,28.0,26.0,0.0,46.45,46.45
288A,12,9.0,41.0,66.0,198.0,50.0,264.0,248.19,1489.98,21.73,32379.77,1798.88,0.4967,10.0,39.0,37.0,0.0,41.73,41.73
288A,13,10.0,39.0,55.0,122.0,49.0,177.0,239.35,993.8,15.64,15544.11,863.56,0.3313,9.0,25.0,23.0,0.0,47.31,47.31
288A,14,7.0,38.0,53.0,137.0,45.0,190.0,219.07,1043.45,12.62,13166.72,731.48,0.3478,8.0,32.0,30.0,0.0,44.96,44.96
288A,15,6.0,35.0,50.0,123.0,41.0,173.0,195.03,926.86,10.54,9771.72,542.87,0.309,8.0,29.0,26.0,0.0,46.25,46.25
288A,16,9.0,56.0,78.0,253.0,65.0,331.0,353.74,1993.4,20.33,40526.61,2251.48,0.6645,14.0,44.0,40.0,0.05,51.79,39.16
288A,17,7.0,40.0,52.0,150.0,47.0,202.0,232.53,1122.03,13.12,14726.6,818.14,0.374,8.0,31.0,29.0,0.0,45.04,45.04
288A,18,8.0,37.0,65.0,145.0,45.0,210.0,216.75,1153.29,15.68,18078.59,1004.37,0.3844,9.0,29.0,27.0,0.0,45.45,45.45
288A,19,8.0,37.0,48.0,121.0,45.0,169.0,216.75,928.12,13.08,12140.85,674.49,0.3094,9.0,28.0,25.0,0.0,46.44,46.44
288A,20,10.0,70.0,72.0,217.0,80.0,289.0,462.27,1827.04,15.5,28319.08,1573.28,0.609,10.0,38.0,31.0,0.11,60.01,41.35
288A,21,8.0,39.0,58.0,148.0,47.0,206.0,230.13,1144.25,15.18,17369.06,964.95,0.3814,9.0,34.0,32.0,0.0,43.97,43.97
288A,22,9.0,39.0,60.0,139.0,48.0,199.0,234.66,1111.41,16.04,17825.27,990.29,0.3705,10.0,30.0,28.0,0.0,45.11,45.11
288A,23,8.0,38.0,50.0,125.0,46.0,175.0,223.42,966.62,13.16,12718.73,706.6,0.3222,8.0,28.0,26.0,0.0,46.45,46.45
288A,24,9.0,40.0,63.0,142.0,49.0,205.0,241.41,1151.02,15.97,18387.47,1021.53,0.3837,11.0,31.0,29.0,0.0,44.55,44.55
288A,25,9.0,47.0,74.0,176.0,56.0,250.0,289.6,1451.84,16.85,24465.03,1359.17,0.4839,12.0,36.0,33.0,0.03,52.35,42.3
288A,26,9.0,61.0,61.0,178.0,70.0,239.0,390.3,1464.9,13.13,19235.8,1068.66,0.4883,9.0,32.0,27.0,0.07,58.76,43.79
288A,27,7.0,38.0,60.0,164.0,45.0,224.0,219.07,1230.18,15.11,18582.12,1032.34,0.4101,11.0,34.0,31.0,0.0,43.48,43.48
288A,28,9.0,38.0,52.0,116.0,47.0,168.0,227.95,933.17,13.74,12818.82,712.16,0.3111,8.0,23.0,21.0,0.0,48.42,48.42
288A,29,7.0,35.0,49.0,123.0,42.0,172.0,199.18,927.48,12.3,11407.99,633.78,0.3092,8.0,29.0,26.0,0.0,46.25,46.25
288A,30,6.0,35.0,51.0,129.0,41.0,180.0,195.03,964.36,11.06,10663.06,592.39,0.3215,8.0,29.0,26.0,0.0,46.13,46.13
288A,31,8.0,39.0,67.0,157.0,47.0,224.0,230.13,1244.23,16.1,20035.26,1113.07,0.4147,9.0,40.0,38.0,0.0,42.17,42.17
288A,32,9.0,39.0,50.0,119.0,48.0,169.0,234.66,943.86,13.73,12959.91,719.99,0.3146,9.0,22.0,19.0,0.0,48.68,48.68
29C,2,8.0,49.0,45.0,196.0,57.0,241.0,299.12,1405.73,16.0,22491.62,1249.53,0.4686,6.0,35.0,33.0,0.0,43.47,43.47
29C,3,8.0,53.0,62.0,236.0,61.0,298.0,327.58,1767.36,17.81,31479.01,1748.83,0.5891,12.0,41.0,39.0,0.0,40.47,40.47
29C,4,8.0,53.0,62.0,236.0,61.0,298.0,327.58,1767.36,17.81,31479.01,1748.83,0.5891,12.0,41.0,39.0,0.0,40.47,40.47
29C,5,5.0,47.0,47.0,222.0,52.0,269.0,272.68,1533.42,11.81,18107.39,1005.97,0.5111,5.0,34.0,32.0,0.0,43.61,43.61
29C,6,8.0,46.0,55.0,205.0,54.0,260.0,278.08,1496.27,17.83,26672.65,1481.81,0.4988,6.0,38.0,36.0,0.0,42.5,42.5
29C,13,8.0,51.0,50.0,228.0,59.0,278.0,313.29,1635.37,17.88,29244.35,1624.69,0.5451,6.0,38.0,36.0,0.0,42.23,42.23
29C,14,9.0,45.0,52.0,195.0,54.0,247.0,275.66,1421.46,19.5,27718.42,1539.91,0.4738,7.0,37.0,35.0,0.0,42.77,42.77
29C,25,8.0,55.0,78.0,365.0,63.0,443.0,341.97,2647.94,26.55,70290.64,3905.04,0.8826,13.0,58.0,56.0,0.0,35.82,35.82
29C,26,9.0,51.0,52.0,186.0,60.0,238.0,317.82,1405.84,16.41,23072.31,1281.8,0.4686,6.0,37.0,32.0,0.09,59.43,42.94
29C,31,8.0,48.0,51.0,213.0,56.0,264.0,292.08,1533.14,17.75,27213.27,1511.85,0.511,6.0,35.0,33.0,0.0,43.21,43.21
29C,32,8.0,57.0,63.0,288.0,65.0,351.0,356.47,2113.85,20.21,42722.04,2373.45,0.7046,9.0,45.0,43.0,0.0,39.44,39.44
292A,1,8.0,57.0,53.0,156.0,65.0,209.0,356.47,1258.67,10.95,13779.18,765.51,0.4196,4.0,32.0,26.0,0.1,62.81,44.92
292A,2,8.0,63.0,55.0,165.0,71.0,220.0,400.57,1352.94,10.48,14173.7,787.43,0.451,5.0,35.0,28.0,0.12,63.08,43.72
292A,3,6.0,52.0,60.0,180.0,58.0,240.0,311.93,1405.92,10.38,14599.89,811.11,0.4686,7.0,38.0,32.0,0.09,59.05,42.56
292A,4,6.0,60.0,59.0,178.0,66.0,237.0,369.92,1432.52,8.9,12749.44,708.3,0.4775,6.0,33.0,26.0,0.13,63.84,43.97
292A,5,6.0,59.0,59.0,181.0,65.0,240.0,362.59,1445.37,9.2,13302.29,739.02,0.4818,6.0,34.0,27.0,0.13,63.27,43.66
292A,6,6.0,58.0,59.0,178.0,64.0,237.0,355.27,1422.0,9.21,13092.21,727.34,0.474,6.0,33.0,26.0,0.13,63.87,43.99
292A,7,6.0,61.0,58.0,184.0,67.0,242.0,377.28,1467.99,9.05,13284.14,738.01,0.4893,6.0,33.0,26.0,0.13,63.77,43.89
292A,8,8.0,61.0,66.0,214.0,69.0,280.0,385.77,1710.39,14.03,24001.49,1333.42,0.5701,5.0,36.0,28.0,0.15,63.65,42.74
292A,9,6.0,57.0,53.0,165.0,63.0,218.0,347.98,1303.05,8.68,11315.93,628.66,0.4343,5.0,29.0,23.0,0.12,64.35,45.62
292A,10,6.0,59.0,59.0,182.0,65.0,241.0,362.59,1451.39,9.25,13431.51,746.2,0.4838,6.0,34.0,27.0,0.13,63.26,43.65
292A,11,8.0,61.0,66.0,214.0,69.0,280.0,385.77,1710.39,14.03,24001.49,1333.42,0.5701,5.0,36.0,28.0,0.15,63.65,42.74
292A,12,6.0,67.0,62.0,202.0,73.0,264.0,421.94,1634.11,9.04,14780.19,821.12,0.5447,5.0,36.0,27.0,0.18,65.28,42.88
292A,13,8.0,61.0,66.0,213.0,69.0,279.0,385.77,1704.28,13.97,23804.02,1322.45,0.5681,6.0,37.0,29.0,0.15,63.02,42.36
292A,14,6.0,54.0,60.0,181.0,60.0,241.0,326.27,1423.56,10.06,14314.69,795.26,0.4745,7.0,38.0,32.0,0.09,59.01,42.52
292A,15,8.0,63.0,55.0,165.0,71.0,220.0,400.57,1352.94,10.48,14173.7,787.43,0.451,5.0,35.0,28.0,0.12,63.08,43.72
292A,16,8.0,63.0,55.0,165.0,71.0,220.0,400.57,1352.94,10.48,14173.7,787.43,0.451,5.0,35.0,28.0,0.12,63.08,43.72
292A,17,8.0,55.0,51.0,156.0,63.0,207.0,341.97,1237.3,11.35,14037.7,779.87,0.4124,3.0,30.0,24.0,0.11,64.16,45.72
292A,18,6.0,51.0,60.0,177.0,57.0,237.0,304.8,1382.39,10.41,14393.17,799.62,0.4608,7.0,37.0,31.0,0.09,59.56,42.86
292A,19,6.0,60.0,59.0,178.0,66.0,237.0,369.92,1432.52,8.9,12749.44,708.3,0.4775,6.0,33.0,26.0,0.13,63.84,43.97
292A,20,8.0,63.0,55.0,165.0,71.0,220.0,400.57,1352.94,10.48,14173.7,787.43,0.451,5.0,35.0,28.0,0.12,63.08,43.72
292A,21,8.0,60.0,55.0,161.0,68.0,216.0,378.41,1314.89,10.73,14113.17,784.07,0.4383,5.0,35.0,28.0,0.12,63.17,43.81
292A,22,8.0,61.0,66.0,214.0,69.0,280.0,385.77,1710.39,14.03,24001.49,1333.42,0.5701,5.0,36.0,28.0,0.15,63.65,42.74
292A,23,6.0,59.0,59.0,182.0,65.0,241.0,362.59,1451.39,9.25,13431.51,746.2,0.4838,6.0,34.0,27.0,0.13,63.26,43.65
292A,24,6.0,55.0,53.0,165.0,61.0,218.0,333.48,1292.9,9.0,11636.11,646.45,0.431,5.0,29.0,23.0,0.12,64.37,45.64
292A,25,8.0,63.0,55.0,165.0,71.0,220.0,400.57,1352.94,10.48,14173.7,787.43,0.451,5.0,35.0,28.0,0.12,63.08,43.72
292A,26,6.0,64.0,62.0,203.0,70.0,265.0,399.51,1624.26,9.52,15455.85,858.66,0.5414,5.0,36.0,27.0,0.18,65.3,42.9
292A,27,8.0,56.0,51.0,156.0,64.0,207.0,349.21,1242.0,11.14,13839.43,768.86,0.414,4.0,31.0,25.0,0.11,63.42,45.26
292A,28,8.0,63.0,55.0,165.0,71.0,220.0,400.57,1352.94,10.48,14173.7,787.43,0.451,5.0,35.0,28.0,0.12,63.08,43.72
292A,29,6.0,57.0,59.0,178.0,63.0,237.0,347.98,1416.62,9.37,13271.45,737.3,0.4722,5.0,35.0,27.0,0.16,64.74,43.58
292A,30,6.0,51.0,60.0,177.0,57.0,237.0,304.8,1382.39,10.41,14393.17,799.62,0.4608,7.0,37.0,31.0,0.09,59.56,42.86
292A,31,8.0,61.0,59.0,174.0,69.0,233.0,385.77,1423.29,11.41,16239.46,902.19,0.4744,4.0,33.0,24.0,0.2,67.44,44.26
292A,32,8.0,55.0,51.0,155.0,63.0,206.0,341.97,1231.32,11.27,13880.33,771.13,0.4104,4.0,31.0,25.0,0.11,63.45,45.29
296A,1,7.0,38.0,32.0,125.0,45.0,157.0,219.07,862.22,11.51,9926.89,551.49,0.2874,6.0,23.0,21.0,0.0,48.93,48.93
296A,2,7.0,38.0,32.0,125.0,45.0,157.0,219.07,862.22,11.51,9926.89,551.49,0.2874,6.0,23.0,21.0,0.0,48.93,48.93
296A,3,7.0,38.0,32.0,125.0,45.0,157.0,219.07,862.22,11.51,9926.89,551.49,0.2874,6.0,23.0,21.0,0.0,48.93,48.93
296A,4,7.0,38.0,32.0,125.0,45.0,157.0,219.07,862.22,11.51,9926.89,551.49,0.2874,6.0,23.0,21.0,0.0,48.93,48.93
296A,5,7.0,38.0,32.0,125.0,45.0,157.0,219.07,862.22,11.51,9926.89,551.49,0.2874,6.0,23.0,21.0,0.0,48.93,48.93
296A,6,7.0,38.0,32.0,125.0,45.0,157.0,219.07,862.22,11.51,9926.89,551.49,0.2874,6.0,23.0,21.0,0.0,48.93,48.93
296A,7,7.0,38.0,32.0,125.0,45.0,157.0,219.07,862.22,11.51,9926.89,551.49,0.2874,6.0,23.0,21.0,0.0,48.93,48.93
296A,8,7.0,38.0,32.0,125.0,45.0,157.0,219.07,862.22,11.51,9926.89,551.49,0.2874,6.0,23.0,21.0,0.0,48.93,48.93
296A,9,7.0,38.0,32.0,125.0,45.0,157.0,219.07,862.22,11.51,9926.89,551.49,0.2874,6.0,23.0,21.0,0.0,48.93,48.93
296A,10,7.0,38.0,32.0,125.0,45.0,157.0,219.07,862.22,11.51,9926.89,551.49,0.2874,6.0,23.0,21.0,0.0,48.93,48.93
296A,11,7.0,38.0,32.0,125.0,45.0,157.0,219.07,862.22,11.51,9926.89,551.49,0.2874,6.0,23.0,21.0,0.0,48.93,48.93
296A,12,7.0,38.0,32.0,125.0,45.0,157.0,219.07,862.22,11.51,9926.89,551.49,0.2874,6.0,23.0,21.0,0.0,48.93,48.93
296A,13,7.0,38.0,32.0,125.0,45.0,157.0,219.07,862.22,11.51,9926.89,551.49,0.2874,6.0,23.0,21.0,0.0,48.93,48.93
296A,14,7.0,38.0,32.0,125.0,45.0,157.0,219.07,862.22,11.51,9926.89,551.49,0.2874,6.0,23.0,21.0,0.0,48.93,48.93
296A,15,7.0,38.0,32.0,125.0,45.0,157.0,219.07,862.22,11.51,9926.89,551.49,0.2874,6.0,23.0,21.0,0.0,48.93,48.93
296A,16,7.0,38.0,32.0,125.0,45.0,157.0,219.07,862.22,11.51,9926.89,551.49,0.2874,6.0,23.0,21.0,0.0,48.93,48.93
296A,17,7.0,38.0,32.0,125.0,45.0,157.0,219.07,862.22,11.51,9926.89,551.49,0.2874,6.0,23.0,21.0,0.0,48.93,48.93
296A,18,7.0,38.0,32.0,125.0,45.0,157.0,219.07,862.22,11.51,9926.89,551.49,0.2874,6.0,23.0,21.0,0.0,48.93,48.93
296A,19,7.0,38.0,32.0,125.0,45.0,157.0,219.07,862.22,11.51,9926.89,551.49,0.2874,6.0,23.0,21.0,0.0,48.93,48.93
296A,20,7.0,38.0,32.0,125.0,45.0,157.0,219.07,862.22,11.51,9926.89,551.49,0.2874,6.0,23.0,21.0,0.0,48.93,48.93
296A,21,7.0,38.0,32.0,125.0,45.0,157.0,219.07,862.22,11.51,9926.89,551.49,0.2874,6.0,23.0,21.0,0.0,48.93,48.93
296A,22,7.0,38.0,32.0,125.0,45.0,157.0,219.07,862.22,11.51,9926.89,551.49,0.2874,6.0,23.0,21.0,0.0,48.93,48.93
296A,23,7.0,38.0,32.0,125.0,45.0,157.0,219.07,862.22,11.51,9926.89,551.49,0.2874,6.0,23.0,21.0,0.0,48.93,48.93
296A,24,7.0,38.0,32.0,125.0,45.0,157.0,219.07,862.22,11.51,9926.89,551.49,0.2874,6.0,23.0,21.0,0.0,48.93,48.93
296A,25,7.0,38.0,32.0,125.0,45.0,157.0,219.07,862.22,11.51,9926.89,551.49,0.2874,6.0,23.0,21.0,0.0,48.93,48.93
296A,26,7.0,38.0,32.0,125.0,45.0,157.0,219.07,862.22,11.51,9926.89,551.49,0.2874,6.0,23.0,21.0,0.0,48.93,48.93
296A,27,7.0,38.0,32.0,125.0,45.0,157.0,219.07,862.22,11.51,9926.89,551.49,0.2874,6.0,23.0,21.0,0.0,48.93,48.93
296A,28,7.0,38.0,32.0,125.0,45.0,157.0,219.07,862.22,11.51,9926.89,551.49,0.2874,6.0,23.0,21.0,0.0,48.93,48.93
296A,29,7.0,38.0,32.0,125.0,45.0,157.0,219.07,862.22,11.51,9926.89,551.49,0.2874,6.0,23.0,21.0,0.0,48.93,48.93
296A,30,7.0,38.0,32.0,125.0,45.0,157.0,219.07,862.22,11.51,9926.89,551.49,0.2874,6.0,23.0,21.0,0.0,48.93,48.93
296A,31,7.0,38.0,32.0,125.0,45.0,157.0,219.07,862.22,11.51,9926.89,551.49,0.2874,6.0,23.0,21.0,0.0,48.93,48.93
296A,32,7.0,38.0,32.0,125.0,45.0,157.0,219.07,862.22,11.51,9926.89,551.49,0.2874,6.0,23.0,21.0,0.0,48.93,48.93
298A,1,6.0,34.0,34.0,105.0,40.0,139.0,188.48,739.75,9.26,6853.55,380.75,0.2466,5.0,23.0,21.0,0.0,49.53,49.53
298A,2,4.0,35.0,28.0,88.0,39.0,116.0,187.52,613.11,5.03,3083.05,171.28,0.2044,4.0,18.0,16.0,0.0,52.56,52.56
298A,3,4.0,35.0,28.0,88.0,39.0,116.0,187.52,613.11,5.03,3083.05,171.28,0.2044,4.0,18.0,16.0,0.0,52.56,52.56
298A,4,6.0,34.0,34.0,105.0,40.0,139.0,188.48,739.75,9.26,6853.55,380.75,0.2466,5.0,23.0,21.0,0.0,49.53,49.53
298A,5,4.0,35.0,28.0,88.0,39.0,116.0,187.52,613.11,5.03,3083.05,171.28,0.2044,4.0,18.0,16.0,0.0,52.56,52.56
298A,6,4.0,35.0,28.0,88.0,39.0,116.0,187.52,613.11,5.03,3083.05,171.28,0.2044,4.0,18.0,16.0,0.0,52.56,52.56
298A,7,4.0,35.0,28.0,88.0,39.0,116.0,187.52,613.11,5.03,3083.05,171.28,0.2044,4.0,18.0,16.0,0.0,52.56,52.56
298A,8,4.0,35.0,28.0,88.0,39.0,116.0,187.52,613.11,5.03,3083.05,171.28,0.2044,4.0,18.0,16.0,0.0,52.56,52.56
298A,9,4.0,35.0,28.0,88.0,39.0,116.0,187.52,613.11,5.03,3083.05,171.28,0.2044,4.0,18.0,16.0,0.0,52.56,52.56
298A,10,6.0,34.0,34.0,105.0,40.0,139.0,188.48,739.75,9.26,6853.55,380.75,0.2466,5.0,23.0,21.0,0.0,49.53,49.53
298A,11,4.0,35.0,28.0,88.0,39.0,116.0,187.52,613.11,5.03,3083.05,171.28,0.2044,4.0,18.0,16.0,0.0,52.56,52.56
298A,12,4.0,35.0,28.0,88.0,39.0,116.0,187.52,613.11,5.03,3083.05,171.28,0.2044,4.0,18.0,16.0,0.0,52.56,52.56
298A,13,6.0,34.0,34.0,105.0,40.0,139.0,188.48,739.75,9.26,6853.55,380.75,0.2466,5.0,23.0,21.0,0.0,49.53,49.53
298A,14,4.0,35.0,28.0,88.0,39.0,116.0,187.52,613.11,5.03,3083.05,171.28,0.2044,4.0,18.0,16.0,0.0,52.56,52.56
298A,15,4.0,35.0,28.0,88.0,39.0,116.0,187.52,613.11,5.03,3083.05,171.28,0.2044,4.0,18.0,16.0,0.0,52.56,52.56
298A,16,6.0,34.0,34.0,105.0,40.0,139.0,188.48,739.75,9.26,6853.55,380.75,0.2466,5.0,23.0,21.0,0.0,49.53,49.53
298A,17,4.0,35.0,28.0,88.0,39.0,116.0,187.52,613.11,5.03,3083.05,171.28,0.2044,4.0,18.0,16.0,0.0,52.56,52.56
298A,18,4.0,35.0,28.0,88.0,39.0,116.0,187.52,613.11,5.03,3083.05,171.28,0.2044,4.0,18.0,16.0,0.0,52.56,52.56
298A,19,4.0,35.0,28.0,88.0,39.0,116.0,187.52,613.11,5.03,3083.05,171.28,0.2044,4.0,18.0,16.0,0.0,52.56,52.56
298A,20,4.0,35.0,28.0,88.0,39.0,116.0,187.52,613.11,5.03,3083.05,171.28,0.2044,4.0,18.0,16.0,0.0,52.56,52.56
298A,21,4.0,35.0,28.0,88.0,39.0,116.0,187.52,613.11,5.03,3083.05,171.28,0.2044,4.0,18.0,16.0,0.0,52.56,52.56
298A,22,4.0,35.0,28.0,88.0,39.0,116.0,187.52,613.11,5.03,3083.05,171.28,0.2044,4.0,18.0,16.0,0.0,52.56,52.56
298A,23,4.0,35.0,28.0,88.0,39.0,116.0,187.52,613.11,5.03,3083.05,171.28,0.2044,4.0,18.0,16.0,0.0,52.56,52.56
298A,24,4.0,35.0,28.0,88.0,39.0,116.0,187.52,613.11,5.03,3083.05,171.28,0.2044,4.0,18.0,16.0,0.0,52.56,52.56
298A,25,4.0,35.0,28.0,88.0,39.0,116.0,187.52,613.11,5.03,3083.05,171.28,0.2044,4.0,18.0,16.0,0.0,52.56,52.56
298A,26,6.0,34.0,34.0,105.0,40.0,139.0,188.48,739.75,9.26,6853.55,380.75,0.2466,5.0,23.0,21.0,0.0,49.53,49.53
298A,27,6.0,34.0,34.0,105.0,40.0,139.0,188.48,739.75,9.26,6853.55,380.75,0.2466,5.0,23.0,21.0,0.0,49.53,49.53
298A,28,6.0,34.0,34.0,105.0,40.0,139.0,188.48,739.75,9.26,6853.55,380.75,0.2466,5.0,23.0,21.0,0.0,49.53,49.53
298A,29,4.0,35.0,28.0,88.0,39.0,116.0,187.52,613.11,5.03,3083.05,171.28,0.2044,4.0,18.0,16.0,0.0,52.56,52.56
298A,30,4.0,35.0,28.0,88.0,39.0,116.0,187.52,613.11,5.03,3083.05,171.28,0.2044,4.0,18.0,16.0,0.0,52.56,52.56
298A,31,4.0,35.0,28.0,88.0,39.0,116.0,187.52,613.11,5.03,3083.05,171.28,0.2044,4.0,18.0,16.0,0.0,52.56,52.56
298A,32,4.0,35.0,28.0,88.0,39.0,116.0,187.52,613.11,5.03,3083.05,171.28,0.2044,4.0,18.0,16.0,0.0,52.56,52.56
3A,1,6.0,54.0,89.0,293.0,60.0,382.0,326.27,2256.43,16.28,36729.7,2040.54,0.7521,9.0,42.0,40.0,0.0,39.9,39.9
3A,2,7.0,74.0,93.0,399.0,81.0,492.0,479.15,3119.21,18.87,58864.48,3270.25,1.0397,11.0,51.0,37.0,0.0,36.81,36.81
3A,3,9.0,85.0,90.0,398.0,94.0,488.0,573.33,3198.64,21.07,67397.21,3744.29,1.0662,10.0,61.0,43.0,0.02,44.05,35.17
3A,4,7.0,79.0,83.0,424.0,86.0,507.0,517.65,3258.12,18.78,61203.09,3400.17,1.086,13.0,57.0,43.0,0.0,35.35,35.35
3A,5,7.0,73.0,91.0,414.0,80.0,505.0,471.51,3192.57,19.85,63370.4,3520.58,1.0642,11.0,52.0,37.0,0.0,36.55,36.55
3A,6,8.0,77.0,99.0,423.0,85.0,522.0,506.54,3345.7,21.97,73518.54,4084.36,1.1152,14.0,51.0,37.0,0.0,36.19,36.19
3A,7,7.0,50.0,62.0,201.0,57.0,263.0,301.84,1534.05,14.07,21584.08,1199.12,0.5114,11.0,29.0,27.0,0.0,44.31,44.31
3A,8,8.0,75.0,111.0,435.0,83.0,546.0,491.16,3480.77,23.2,80753.9,4486.33,1.1603,13.0,58.0,42.0,0.0,34.99,34.99
3A,9,10.0,49.0,74.0,186.0,59.0,260.0,308.34,1529.49,18.98,29029.04,1612.72,0.5098,12.0,24.0,22.0,0.0,45.98,45.98
3A,10,7.0,73.0,83.0,400.0,80.0,483.0,471.51,3053.49,19.18,58560.11,3253.34,1.0178,11.0,51.0,37.0,0.0,36.87,36.87
3A,11,8.0,50.0,68.0,192.0,58.0,260.0,306.19,1523.08,15.36,23394.43,1299.69,0.5077,11.0,26.0,24.0,0.0,45.37,45.37
3A,12,9.0,69.0,107.0,365.0,78.0,472.0,450.02,2966.71,23.8,70620.59,3923.37,0.9889,18.0,52.0,37.0,0.0,35.83,35.83
3A,13,8.0,73.0,81.0,388.0,81.0,469.0,475.86,2973.39,21.26,63215.08,3511.95,0.9911,11.0,53.0,38.0,0.0,36.59,36.59
3A,14,8.0,71.0,111.0,394.0,79.0,505.0,460.63,3183.41,22.2,70662.72,3925.71,1.0611,20.0,62.0,47.0,0.0,33.68,33.68
3A,15,8.0,85.0,107.0,425.0,93.0,532.0,568.8,3478.83,20.0,69576.65,3865.37,1.1596,10.0,53.0,38.0,0.0,36.24,36.24
3A,16,9.0,64.0,93.0,435.0,73.0,528.0,412.53,3268.23,30.59,99961.8,5553.43,1.0894,21.0,50.0,41.0,0.0,35.51,35.51
3A,17,7.0,76.0,88.0,415.0,83.0,503.0,494.49,3206.64,19.11,61284.89,3404.72,1.0689,11.0,50.0,36.0,0.0,36.91,36.91
3A,18,8.0,72.0,85.0,393.0,80.0,478.0,468.23,3021.88,21.83,65977.75,3665.43,1.0073,11.0,53.0,38.0,0.0,36.54,36.54
3A,19,10.0,49.0,70.0,186.0,59.0,256.0,308.34,1505.96,18.98,28582.44,1587.91,0.502,12.0,22.0,20.0,0.0,46.85,46.85
3A,20,8.0,81.0,106.0,449.0,89.0,555.0,537.53,3594.03,22.17,79689.9,4427.22,1.198,19.0,62.0,48.0,0.0,33.45,33.45
3A,21,8.0,75.0,100.0,431.0,83.0,531.0,491.16,3385.15,22.99,77813.22,4322.96,1.1284,14.0,51.0,37.0,0.0,36.15,36.15
3A,22,10.0,56.0,73.0,194.0,66.0,267.0,358.43,1613.85,17.32,27954.24,1553.01,0.538,12.0,25.0,23.0,0.0,45.43,45.43
3A,23,10.0,49.0,74.0,186.0,59.0,260.0,308.34,1529.49,18.98,29029.04,1612.72,0.5098,12.0,24.0,22.0,0.0,45.98,45.98
3A,24,8.0,72.0,85.0,393.0,80.0,478.0,468.23,3021.88,21.83,65977.75,3665.43,1.0073,11.0,53.0,38.0,0.0,36.54,36.54
3A,25,9.0,86.0,119.0,593.0,95.0,712.0,581.19,4677.74,31.03,145145.83,8063.66,1.5592,18.0,69.0,53.0,0.0,31.77,31.77
3A,26,10.0,55.0,69.0,267.0,65.0,336.0,351.19,2023.52,24.27,49116.24,2728.68,0.6745,13.0,38.0,33.0,0.0,40.64,40.64
3A,27,9.0,92.0,92.0,430.0,101.0,522.0,628.7,3475.59,21.03,73100.65,4061.15,1.1585,11.0,64.0,49.0,0.02,42.67,34.33
3A,28,9.0,64.0,93.0,435.0,73.0,528.0,412.53,3268.23,30.59,99961.8,5553.43,1.0894,21.0,50.0,41.0,0.0,35.51,35.51
3A,29,11.0,64.0,99.0,413.0,75.0,512.0,422.05,3189.16,35.49,113190.09,6288.34,1.0631,21.0,43.0,36.0,0.0,37.01,37.01
3A,30,10.0,49.0,70.0,188.0,59.0,258.0,308.34,1517.72,19.18,29115.48,1617.53,0.5059,12.0,26.0,24.0,0.0,45.25,45.25
3A,31,9.0,78.0,89.0,402.0,87.0,491.0,518.79,3163.49,23.19,73368.52,4076.03,1.0545,12.0,47.0,38.0,0.0,37.4,37.4
3A,32,11.0,63.0,95.0,346.0,74.0,441.0,414.62,2738.37,30.21,82716.13,4595.34,0.9128,22.0,47.0,42.0,0.0,36.5,36.5
3B,1,8.0,67.0,102.0,359.0,75.0,461.0,430.43,2871.49,21.43,61544.08,3419.12,0.9572,11.0,52.0,47.0,0.06,50.93,36.87
3B,2,8.0,68.0,104.0,377.0,76.0,481.0,437.95,3005.25,22.18,66645.91,3702.55,1.0018,12.0,53.0,48.0,0.06,50.35,36.42
3B,3,8.0,67.0,97.0,370.0,75.0,467.0,430.43,2908.86,22.09,64255.38,3569.74,0.9696,11.0,51.0,46.0,0.06,51.2,37.02
3B,4,8.0,69.0,96.0,366.0,77.0,462.0,445.49,2895.26,21.22,61429.77,3412.76,0.9651,11.0,51.0,46.0,0.06,51.22,37.03
3B,5,7.0,74.0,98.0,381.0,81.0,479.0,479.15,3036.79,18.02,54723.74,3040.21,1.0123,10.0,52.0,46.0,0.08,52.83,36.84
3B,6,9.0,57.0,125.0,473.0,66.0,598.0,361.0,3614.55,37.34,134974.82,7498.6,1.2048,17.0,68.0,65.0,0.02,40.11,32.83
3B,7,8.0,57.0,105.0,356.0,65.0,461.0,356.47,2776.31,24.98,69359.08,3853.28,0.9254,12.0,52.0,49.0,0.02,45.19,36.84
3B,8,9.0,57.0,125.0,473.0,66.0,598.0,361.0,3614.55,37.34,134974.82,7498.6,1.2048,17.0,68.0,65.0,0.02,40.11,32.83
3B,9,7.0,67.0,99.0,346.0,74.0,445.0,426.08,2763.21,18.07,49943.93,2774.66,0.9211,10.0,48.0,43.0,0.07,52.48,37.88
3B,10,7.0,71.0,99.0,361.0,78.0,460.0,456.28,2891.29,17.8,51452.66,2858.48,0.9638,11.0,51.0,46.0,0.06,51.22,37.04
3B,11,10.0,59.0,122.0,415.0,69.0,537.0,380.3,3280.28,35.17,115365.7,6409.21,1.0934,17.0,58.0,55.0,0.02,42.53,34.63
3B,12,8.0,66.0,97.0,371.0,74.0,468.0,422.93,2906.02,22.48,65341.51,3630.08,0.9687,11.0,53.0,48.0,0.06,50.58,36.66
3B,13,7.0,68.0,103.0,365.0,75.0,468.0,433.6,2915.09,18.79,54765.06,3042.5,0.9717,11.0,51.0,46.0,0.06,51.19,37.01
3B,14,8.0,70.0,104.0,377.0,78.0,481.0,453.05,3023.28,21.54,65130.06,3618.34,1.0078,12.0,53.0,48.0,0.06,50.33,36.4
3B,15,7.0,67.0,106.0,364.0,74.0,470.0,426.08,2918.44,19.01,55493.98,3083.0,0.9728,11.0,52.0,47.0,0.06,50.88,36.82
3B,16,9.0,57.0,125.0,469.0,66.0,594.0,361.0,3590.37,37.03,132938.18,7385.45,1.1968,17.0,68.0,65.0,0.02,40.13,32.85
3B,17,8.0,67.0,97.0,370.0,75.0,467.0,430.43,2908.86,22.09,64255.38,3569.74,0.9696,11.0,53.0,48.0,0.06,50.58,36.65
3B,18,9.0,57.0,125.0,469.0,66.0,594.0,361.0,3590.37,37.03,132938.18,7385.45,1.1968,17.0,68.0,65.0,0.02,40.13,32.85
3B,19,8.0,68.0,100.0,372.0,76.0,472.0,437.95,2949.02,21.88,64531.54,3585.09,0.983,12.0,54.0,50.0,0.04,47.72,36.3
3B,20,7.0,70.0,92.0,356.0,77.0,448.0,448.7,2807.52,17.8,49973.86,2776.33,0.9358,10.0,50.0,45.0,0.06,51.77,37.45
3B,21,8.0,70.0,81.0,294.0,78.0,375.0,453.05,2357.03,16.8,39598.03,2199.89,0.7857,8.0,44.0,38.0,0.1,56.72,39.46
3B,22,8.0,57.0,103.0,345.0,65.0,448.0,356.47,2698.02,24.21,65320.5,3628.92,0.8993,11.0,52.0,49.0,0.02,45.41,37.06
3B,23,11.0,59.0,117.0,418.0,70.0,535.0,385.13,3279.17,38.97,127776.33,7098.69,1.0931,18.0,58.0,55.0,0.02,42.39,34.49
3B,24,8.0,69.0,94.0,336.0,77.0,430.0,445.49,2694.72,19.48,52488.42,2916.02,0.8982,9.0,49.0,44.0,0.06,52.35,37.9
3B,25,8.0,65.0,95.0,329.0,73.0,424.0,415.45,2624.49,20.25,53135.74,2951.99,0.8748,9.0,47.0,42.0,0.07,53.12,38.37
3B,26,8.0,65.0,94.0,331.0,73.0,425.0,415.45,2630.68,20.37,53584.84,2976.94,0.8769,9.0,48.0,43.0,0.07,52.76,38.17
3B,27,8.0,58.0,98.0,363.0,66.0,461.0,363.76,2786.47,25.03,69757.73,3875.43,0.9288,12.0,54.0,51.0,0.02,44.66,36.47
3B,28,8.0,63.0,91.0,279.0,71.0,370.0,400.57,2275.41,17.71,40307.2,2239.29,0.7585,11.0,41.0,36.0,0.08,55.55,39.83
3B,29,8.0,68.0,104.0,376.0,76.0,480.0,437.95,2999.01,22.12,66330.94,3685.05,0.9997,12.0,53.0,48.0,0.06,50.35,36.43
3B,30,8.0,65.0,104.0,370.0,73.0,474.0,415.45,2933.98,22.77,66804.4,3711.36,0.978,12.0,52.0,47.0,0.06,50.73,36.67
3B,31,9.0,57.0,125.0,474.0,66.0,599.0,361.0,3620.59,37.42,135486.37,7527.02,1.2069,17.0,68.0,65.0,0.02,40.11,32.82
3B,32,8.0,68.0,104.0,376.0,76.0,480.0,437.95,2999.01,22.12,66330.94,3685.05,0.9997,12.0,53.0,48.0,0.06,50.35,36.43
3D,1,6.0,59.0,118.0,459.0,65.0,577.0,362.59,3474.91,23.34,81100.78,4505.6,1.1583,17.0,77.0,74.0,0.0,31.77,31.77
3D,2,10.0,58.0,98.0,368.0,68.0,466.0,372.98,2836.76,31.72,89993.69,4999.65,0.9456,12.0,60.0,57.0,0.0,35.42,35.42
3D,3,8.0,59.0,119.0,426.0,67.0,545.0,371.08,3306.02,28.88,95482.3,5304.57,1.102,17.0,66.0,63.0,0.0,33.38,33.38
3D,4,9.0,60.0,114.0,396.0,69.0,510.0,382.94,3115.35,29.7,92525.82,5140.32,1.0384,14.0,68.0,65.0,0.0,33.68,33.68
3D,5,8.0,56.0,107.0,409.0,64.0,516.0,349.21,3096.0,29.21,90447.43,5024.86,1.032,17.0,69.0,66.0,0.0,33.16,33.16
3D,6,8.0,51.0,105.0,397.0,59.0,502.0,313.29,2953.09,31.14,91951.02,5108.39,0.9844,16.0,63.0,60.0,0.0,34.3,34.3
3D,7,7.0,58.0,115.0,414.0,65.0,529.0,359.41,3185.83,24.98,79590.89,4421.72,1.0619,16.0,59.0,56.0,0.0,34.69,34.69
3D,8,6.0,51.0,103.0,409.0,57.0,512.0,304.8,2986.44,24.06,71850.23,3991.68,0.9955,17.0,75.0,72.0,0.0,32.48,32.48
3D,9,9.0,63.0,140.0,509.0,72.0,649.0,405.1,4004.28,36.36,145584.23,8088.01,1.3348,19.0,88.0,85.0,0.0,29.8,29.8
3D,10,8.0,56.0,107.0,409.0,64.0,516.0,349.21,3096.0,29.21,90447.43,5024.86,1.032,17.0,69.0,66.0,0.0,33.16,33.16
3D,11,7.0,56.0,103.0,367.0,63.0,470.0,344.86,2809.32,22.94,64438.81,3579.93,0.9364,13.0,56.0,53.0,0.0,35.97,35.97
3D,12,10.0,57.0,97.0,370.0,67.0,467.0,365.69,2832.86,32.46,91943.82,5107.99,0.9443,13.0,61.0,58.0,0.0,35.13,35.13
3D,13,10.0,60.0,137.0,470.0,70.0,607.0,387.63,3720.47,39.17,145718.6,8095.48,1.2402,18.0,81.0,78.0,0.0,30.95,30.95
3D,14,9.0,60.0,125.0,485.0,69.0,610.0,382.94,3726.2,36.38,135540.52,7530.03,1.2421,19.0,73.0,70.0,0.0,31.79,31.79
3D,15,6.0,57.0,94.0,361.0,63.0,455.0,347.98,2719.66,19.0,51673.58,2870.75,0.9066,12.0,60.0,57.0,0.0,35.55,35.55
3D,16,10.0,61.0,137.0,493.0,71.0,630.0,394.99,3874.34,40.41,156561.47,8697.86,1.2914,18.0,83.0,80.0,0.0,30.59,30.59
3D,17,7.0,59.0,94.0,372.0,66.0,466.0,366.73,2816.69,22.07,62158.09,3453.23,0.9389,12.0,57.0,54.0,0.0,35.93,35.93
3D,18,7.0,59.0,97.0,376.0,66.0,473.0,366.73,2859.0,22.31,63770.2,3542.79,0.953,13.0,64.0,61.0,0.0,34.65,34.65
3D,19,9.0,60.0,109.0,377.0,69.0,486.0,382.94,2968.74,28.27,83941.21,4663.4,0.9896,14.0,58.0,55.0,0.0,35.33,35.33
3D,20,11.0,56.0,106.0,336.0,67.0,442.0,363.27,2681.21,33.0,88479.98,4915.55,0.8937,16.0,62.0,59.0,0.0,34.74,34.74
3D,21,10.0,64.0,112.0,449.0,74.0,561.0,417.22,3483.5,35.08,122194.77,6788.6,1.1612,15.0,74.0,71.0,0.0,32.41,32.41
3D,22,11.0,65.0,137.0,519.0,76.0,656.0,429.51,4098.64,43.92,179993.37,9999.63,1.3662,18.0,81.0,78.0,0.0,30.65,30.65
3D,23,9.0,58.0,102.0,390.0,67.0,492.0,368.29,2984.52,30.26,90307.33,5017.07,0.9948,13.0,63.0,60.0,0.0,34.67,34.67
3D,24,8.0,55.0,89.0,334.0,63.0,423.0,341.97,2528.39,24.29,61416.88,3412.05,0.8428,13.0,55.0,52.0,0.0,36.46,36.46
3D,25,8.0,55.0,89.0,334.0,63.0,423.0,341.97,2528.39,24.29,61416.88,3412.05,0.8428,13.0,55.0,52.0,0.0,36.46,36.46
3D,26,8.0,58.0,124.0,420.0,66.0,544.0,363.76,3288.15,28.97,95242.98,5291.28,1.0961,16.0,68.0,65.0,0.0,33.25,33.25
3D,27,8.0,61.0,123.0,471.0,69.0,594.0,385.77,3628.46,30.89,112065.99,6225.89,1.2095,15.0,81.0,78.0,0.0,31.43,31.43
3D,28,10.0,58.0,125.0,422.0,68.0,547.0,372.98,3329.84,36.38,121137.36,6729.85,1.1099,17.0,77.0,74.0,0.0,31.9,31.9
3D,29,9.0,59.0,141.0,524.0,68.0,665.0,375.61,4048.16,39.97,161789.29,8988.29,1.3494,22.0,92.0,89.0,0.0,28.94,28.94
3D,30,10.0,55.0,132.0,471.0,65.0,603.0,351.19,3631.49,42.82,155493.7,8638.54,1.2105,22.0,78.0,75.0,0.0,30.84,30.84
3D,31,6.0,56.0,109.0,375.0,62.0,484.0,340.72,2881.83,20.09,57893.93,3216.33,0.9606,14.0,58.0,55.0,0.0,35.42,35.42
3D,32,7.0,54.0,78.0,348.0,61.0,426.0,330.42,2526.49,22.56,56986.48,3165.92,0.8422,12.0,54.0,51.0,0.0,36.77,36.77
31B,1,8.0,54.0,55.0,239.0,62.0,294.0,334.76,1750.53,17.7,30990.93,1721.72,0.5835,12.0,41.0,37.0,0.0,40.5,40.5
31B,2,9.0,55.0,66.0,264.0,64.0,330.0,346.5,1980.0,21.6,42768.0,2376.0,0.66,17.0,50.0,46.0,0.0,37.57,37.57
31B,3,7.0,50.0,56.0,226.0,57.0,282.0,301.84,1644.87,15.82,26021.92,1445.66,0.5483,15.0,52.0,48.0,0.0,38.03,38.03
31B,4,9.0,58.0,69.0,269.0,67.0,338.0,368.29,2050.34,20.87,42791.97,2377.33,0.6834,16.0,53.0,49.0,0.0,37.05,37.05
31B,5,7.0,53.0,57.0,239.0,60.0,296.0,323.23,1748.44,15.78,27595.66,1533.09,0.5828,14.0,48.0,44.0,0.0,38.74,38.74
31B,6,7.0,53.0,57.0,239.0,60.0,296.0,323.23,1748.44,15.78,27595.66,1533.09,0.5828,14.0,48.0,44.0,0.0,38.74,38.74
31B,7,8.0,49.0,48.0,214.0,57.0,262.0,299.12,1528.22,17.47,26697.02,1483.17,0.5094,10.0,35.0,31.0,0.0,42.68,42.68
31B,8,9.0,58.0,77.0,293.0,67.0,370.0,368.29,2244.45,22.73,51022.61,2834.59,0.7482,17.0,55.0,51.0,0.0,36.28,36.28
31B,9,8.0,55.0,56.0,243.0,63.0,299.0,341.97,1787.21,17.67,31584.82,1754.71,0.5957,12.0,42.0,38.0,0.0,40.2,40.2
31B,10,8.0,58.0,66.0,278.0,66.0,344.0,363.76,2079.27,19.17,39864.66,2214.7,0.6931,16.0,56.0,52.0,0.0,36.48,36.48
31B,11,8.0,55.0,56.0,243.0,63.0,299.0,341.97,1787.21,17.67,31584.82,1754.71,0.5957,12.0,42.0,38.0,0.0,40.2,40.2
31B,12,6.0,53.0,64.0,284.0,59.0,348.0,319.09,2047.16,16.08,32909.06,1828.28,0.6824,18.0,61.0,57.0,0.0,35.45,35.45
31B,13,8.0,55.0,69.0,268.0,63.0,337.0,341.97,2014.34,19.49,39261.38,2181.19,0.6714,17.0,56.0,52.0,0.0,36.44,36.44
31B,14,8.0,53.0,53.0,238.0,61.0,291.0,327.58,1725.84,17.96,31000.08,1722.23,0.5753,11.0,42.0,38.0,0.0,40.45,40.45
31B,15,9.0,55.0,69.0,260.0,64.0,329.0,346.5,1974.0,21.27,41992.36,2332.91,0.658,15.0,48.0,44.0,0.0,38.23,38.23
31B,16,8.0,52.0,57.0,235.0,60.0,292.0,320.42,1724.81,18.08,31179.29,1732.18,0.5749,12.0,41.0,37.0,0.0,40.54,40.54
31B,17,8.0,49.0,48.0,214.0,57.0,262.0,299.12,1528.22,17.47,26697.02,1483.17,0.5094,10.0,35.0,31.0,0.0,42.68,42.68
31B,18,8.0,54.0,51.0,229.0,62.0,280.0,334.76,1667.17,16.96,28280.23,1571.12,0.5557,11.0,41.0,37.0,0.0,40.78,40.78
31B,19,8.0,49.0,53.0,238.0,57.0,291.0,299.12,1697.37,19.43,32977.49,1832.08,0.5658,11.0,39.0,35.0,0.0,41.2,41.2
31B,20,10.0,59.0,51.0,243.0,69.0,294.0,380.3,1795.91,20.59,36983.49,2054.64,0.5986,12.0,42.0,37.0,0.03,49.72,40.19
31B,21,8.0,58.0,72.0,310.0,66.0,382.0,363.76,2308.96,21.38,49363.94,2742.44,0.7697,16.0,54.0,50.0,0.0,36.51,36.51
31B,22,9.0,69.0,63.0,293.0,78.0,356.0,450.02,2237.6,19.11,42757.68,2375.43,0.7459,15.0,51.0,46.0,0.02,45.88,37.28
31B,23,8.0,52.0,57.0,235.0,60.0,292.0,320.42,1724.81,18.08,31179.29,1732.18,0.5749,12.0,41.0,37.0,0.0,40.54,40.54
31B,24,8.0,54.0,51.0,224.0,62.0,275.0,334.76,1637.4,16.59,27168.78,1509.38,0.5458,11.0,41.0,37.0,0.0,40.83,40.83
31B,25,8.0,58.0,66.0,278.0,66.0,344.0,363.76,2079.27,19.17,39864.66,2214.7,0.6931,16.0,56.0,52.0,0.0,36.48,36.48
31B,26,7.0,50.0,56.0,226.0,57.0,282.0,301.84,1644.87,15.82,26021.92,1445.66,0.5483,15.0,52.0,48.0,0.0,38.03,38.03
31B,27,10.0,59.0,51.0,243.0,69.0,294.0,380.3,1795.91,20.59,36983.49,2054.64,0.5986,12.0,42.0,37.0,0.03,49.72,40.19
31B,28,8.0,55.0,107.0,375.0,63.0,482.0,341.97,2881.05,27.27,78574.06,4365.23,0.9603,26.0,75.0,71.0,0.0,31.38,31.38
31B,29,8.0,50.0,48.0,214.0,58.0,262.0,306.19,1534.79,17.12,26275.62,1459.76,0.5116,10.0,35.0,31.0,0.0,42.66,42.66
31B,30,9.0,54.0,55.0,236.0,63.0,291.0,339.29,1739.39,19.67,34207.97,1900.44,0.5798,11.0,41.0,37.0,0.0,40.65,40.65
31B,31,8.0,69.0,63.0,291.0,77.0,354.0,445.49,2218.44,16.87,37424.16,2079.12,0.7395,15.0,52.0,47.0,0.02,45.63,37.12
31B,32,9.0,66.0,63.0,291.0,75.0,354.0,427.46,2205.0,19.84,43749.24,2430.51,0.735,15.0,51.0,46.0,0.02,45.92,37.32
31C,1,8.0,57.0,50.0,254.0,65.0,304.0,356.47,1830.8,17.82,32633.2,1812.96,0.6103,8.0,42.0,37.0,0.0,40.67,40.67
31C,2,8.0,48.0,54.0,221.0,56.0,275.0,292.08,1597.02,18.42,29411.83,1633.99,0.5323,8.0,33.0,31.0,0.0,43.37,43.37
31C,3,7.0,50.0,53.0,234.0,57.0,287.0,301.84,1674.04,16.38,27420.77,1523.38,0.558,10.0,32.0,28.0,0.0,43.25,43.25
31C,4,8.0,49.0,53.0,229.0,57.0,282.0,299.12,1644.87,18.69,30749.09,1708.28,0.5483,10.0,38.0,34.0,0.0,41.67,41.67
31C,5,9.0,51.0,65.0,253.0,60.0,318.0,317.82,1878.39,22.32,41932.32,2329.57,0.6261,10.0,37.0,35.0,0.0,41.52,41.52
31C,6,8.0,57.0,50.0,254.0,65.0,304.0,356.47,1830.8,17.82,32633.2,1812.96,0.6103,8.0,42.0,37.0,0.0,40.67,40.67
31C,7,9.0,48.0,58.0,234.0,57.0,292.0,296.61,1703.2,21.94,37364.04,2075.78,0.5677,10.0,33.0,31.0,0.0,42.9,42.9
31C,8,9.0,48.0,58.0,249.0,57.0,307.0,296.61,1790.7,23.34,41801.59,2322.31,0.5969,10.0,38.0,36.0,0.0,41.42,41.42
31C,9,9.0,50.0,58.0,235.0,59.0,293.0,310.72,1723.61,21.15,36454.44,2025.25,0.5745,10.0,32.0,28.0,0.0,43.16,43.16
31C,10,8.0,50.0,48.0,254.0,58.0,302.0,306.19,1769.11,20.32,35948.32,1997.13,0.5897,8.0,37.0,32.0,0.0,41.97,41.97
31C,11,9.0,51.0,65.0,251.0,60.0,316.0,317.82,1866.58,22.15,41339.2,2296.62,0.6222,10.0,35.0,33.0,0.0,42.07,42.07
31C,12,8.0,51.0,48.0,259.0,59.0,307.0,313.29,1805.97,20.31,36686.01,2038.11,0.602,8.0,37.0,32.0,0.0,41.91,41.91
31C,13,8.0,57.0,50.0,254.0,65.0,304.0,356.47,1830.8,17.82,32633.2,1812.96,0.6103,8.0,42.0,37.0,0.0,40.67,40.67
31C,14,9.0,48.0,58.0,249.0,57.0,307.0,296.61,1790.7,23.34,41801.59,2322.31,0.5969,10.0,38.0,36.0,0.0,41.42,41.42
31C,15,9.0,51.0,65.0,253.0,60.0,318.0,317.82,1878.39,22.32,41932.32,2329.57,0.6261,10.0,37.0,35.0,0.0,41.52,41.52
31C,16,8.0,48.0,54.0,221.0,56.0,275.0,292.08,1597.02,18.42,29411.83,1633.99,0.5323,8.0,32.0,30.0,0.0,43.66,43.66
31C,17,7.0,50.0,49.0,221.0,57.0,270.0,301.84,1574.88,15.47,24363.4,1353.52,0.525,8.0,33.0,29.0,0.0,43.41,43.41
31C,18,9.0,51.0,65.0,253.0,60.0,318.0,317.82,1878.39,22.32,41932.32,2329.57,0.6261,10.0,37.0,35.0,0.0,41.52,41.52
31C,19,9.0,51.0,65.0,251.0,60.0,316.0,317.82,1866.58,22.15,41339.2,2296.62,0.6222,10.0,35.0,33.0,0.0,42.07,42.07
31C,20,9.0,51.0,65.0,253.0,60.0,318.0,317.82,1878.39,22.32,41932.32,2329.57,0.6261,10.0,37.0,35.0,0.0,41.52,41.52
31C,21,8.0,50.0,49.0,242.0,58.0,291.0,306.19,1704.67,19.36,33002.46,1833.47,0.5682,8.0,37.0,32.0,0.0,42.09,42.09
31C,22,9.0,48.0,58.0,249.0,57.0,307.0,296.61,1790.7,23.34,41801.59,2322.31,0.5969,10.0,38.0,36.0,0.0,41.42,41.42
31C,23,8.0,51.0,49.0,247.0,59.0,296.0,313.29,1741.26,19.37,33732.69,1874.04,0.5804,8.0,37.0,32.0,0.0,42.02,42.02
31C,24,9.0,51.0,65.0,251.0,60.0,316.0,317.82,1866.58,22.15,41339.2,2296.62,0.6222,10.0,35.0,33.0,0.0,42.07,42.07
31C,25,8.0,48.0,54.0,221.0,56.0,275.0,292.08,1597.02,18.42,29411.83,1633.99,0.5323,8.0,33.0,31.0,0.0,43.37,43.37
31C,26,8.0,51.0,48.0,259.0,59.0,307.0,313.29,1805.97,20.31,36686.01,2038.11,0.602,8.0,37.0,32.0,0.0,41.91,41.91
31C,27,9.0,51.0,65.0,251.0,60.0,316.0,317.82,1866.58,22.15,41339.2,2296.62,0.6222,10.0,35.0,33.0,0.0,42.07,42.07
31C,28,9.0,48.0,58.0,236.0,57.0,294.0,296.61,1714.87,22.12,37941.49,2107.86,0.5716,10.0,35.0,33.0,0.0,42.33,42.33
31C,29,9.0,49.0,59.0,244.0,58.0,303.0,303.65,1774.97,22.41,39773.78,2209.65,0.5917,11.0,39.0,37.0,0.0,41.06,41.06
31C,30,7.0,57.0,55.0,245.0,64.0,300.0,352.13,1800.0,15.04,27078.95,1504.39,0.6,8.0,38.0,33.0,0.0,41.67,41.67
31C,31,8.0,49.0,53.0,240.0,57.0,293.0,299.12,1709.04,19.59,33483.17,1860.18,0.5697,10.0,39.0,35.0,0.0,41.31,41.31
31C,32,9.0,51.0,65.0,251.0,60.0,316.0,317.82,1866.58,22.15,41339.2,2296.62,0.6222,10.0,35.0,33.0,0.0,42.07,42.07
35D,1,5.0,32.0,39.0,117.0,37.0,156.0,171.61,812.67,9.14,7428.35,412.69,0.2709,6.0,25.0,22.0,0.0,48.32,48.32
35D,2,6.0,37.0,47.0,155.0,43.0,202.0,208.26,1096.11,12.57,13775.38,765.3,0.3654,8.0,31.0,28.0,0.0,45.11,45.11
35D,3,6.0,37.0,47.0,155.0,43.0,202.0,208.26,1096.11,12.57,13775.38,765.3,0.3654,8.0,31.0,28.0,0.0,45.11,45.11
35D,4,5.0,31.0,38.0,110.0,36.0,148.0,165.19,765.15,8.87,6787.61,377.09,0.255,5.0,24.0,21.0,0.0,49.03,49.03
35D,5,5.0,31.0,38.0,110.0,36.0,148.0,165.19,765.15,8.87,6787.61,377.09,0.255,5.0,24.0,21.0,0.0,49.03,49.03
35D,6,6.0,37.0,47.0,155.0,43.0,202.0,208.26,1096.11,12.57,13775.38,765.3,0.3654,8.0,31.0,28.0,0.0,45.11,45.11
35D,7,5.0,31.0,38.0,110.0,36.0,148.0,165.19,765.15,8.87,6787.61,377.09,0.255,5.0,24.0,21.0,0.0,49.03,49.03
35D,8,6.0,37.0,47.0,155.0,43.0,202.0,208.26,1096.11,12.57,13775.38,765.3,0.3654,8.0,31.0,28.0,0.0,45.11,45.11
35D,9,6.0,37.0,47.0,155.0,43.0,202.0,208.26,1096.11,12.57,13775.38,765.3,0.3654,8.0,31.0,28.0,0.0,45.11,45.11
35D,10,6.0,37.0,47.0,155.0,43.0,202.0,208.26,1096.11,12.57,13775.38,765.3,0.3654,8.0,31.0,28.0,0.0,45.11,45.11
35D,11,6.0,37.0,47.0,155.0,43.0,202.0,208.26,1096.11,12.57,13775.38,765.3,0.3654,8.0,31.0,28.0,0.0,45.11,45.11
35D,12,6.0,37.0,47.0,155.0,43.0,202.0,208.26,1096.11,12.57,13775.38,765.3,0.3654,8.0,31.0,28.0,0.0,45.11,45.11
35D,13,6.0,37.0,47.0,155.0,43.0,202.0,208.26,1096.11,12.57,13775.38,765.3,0.3654,8.0,31.0,28.0,0.0,45.11,45.11
35D,14,6.0,37.0,47.0,155.0,43.0,202.0,208.26,1096.11,12.57,13775.38,765.3,0.3654,8.0,31.0,28.0,0.0,45.11,45.11
35D,15,6.0,37.0,47.0,155.0,43.0,202.0,208.26,1096.11,12.57,13775.38,765.3,0.3654,8.0,31.0,28.0,0.0,45.11,45.11
35D,16,6.0,37.0,47.0,155.0,43.0,202.0,208.26,1096.11,12.57,13775.38,765.3,0.3654,8.0,31.0,28.0,0.0,45.11,45.11
35D,17,6.0,37.0,47.0,155.0,43.0,202.0,208.26,1096.11,12.57,13775.38,765.3,0.3654,8.0,31.0,28.0,0.0,45.11,45.11
35D,18,6.0,37.0,47.0,155.0,43.0,202.0,208.26,1096.11,12.57,13775.38,765.3,0.3654,8.0,31.0,28.0,0.0,45.11,45.11
35D,19,6.0,37.0,47.0,155.0,43.0,202.0,208.26,1096.11,12.57,13775.38,765.3,0.3654,8.0,31.0,28.0,0.0,45.11,45.11
35D,20,6.0,37.0,47.0,155.0,43.0,202.0,208.26,1096.11,12.57,13775.38,765.3,0.3654,8.0,31.0,28.0,0.0,45.11,45.11
35D,21,5.0,31.0,38.0,110.0,36.0,148.0,165.19,765.15,8.87,6787.61,377.09,0.255,5.0,24.0,21.0,0.0,49.03,49.03
35D,22,5.0,31.0,38.0,110.0,36.0,148.0,165.19,765.15,8.87,6787.61,377.09,0.255,5.0,24.0,21.0,0.0,49.03,49.03
35D,23,6.0,37.0,47.0,155.0,43.0,202.0,208.26,1096.11,12.57,13775.38,765.3,0.3654,8.0,31.0,28.0,0.0,45.11,45.11
35D,24,6.0,37.0,47.0,155.0,43.0,202.0,208.26,1096.11,12.57,13775.38,765.3,0.3654,8.0,31.0,28.0,0.0,45.11,45.11
35D,25,5.0,32.0,39.0,117.0,37.0,156.0,171.61,812.67,9.14,7428.35,412.69,0.2709,6.0,25.0,22.0,0.0,48.32,48.32
35D,26,6.0,37.0,47.0,155.0,43.0,202.0,208.26,1096.11,12.57,13775.38,765.3,0.3654,8.0,31.0,28.0,0.0,45.11,45.11
35D,27,6.0,37.0,47.0,155.0,43.0,202.0,208.26,1096.11,12.57,13775.38,765.3,0.3654,8.0,31.0,28.0,0.0,45.11,45.11
35D,28,6.0,37.0,47.0,155.0,43.0,202.0,208.26,1096.11,12.57,13775.38,765.3,0.3654,8.0,31.0,28.0,0.0,45.11,45.11
35D,29,6.0,37.0,47.0,155.0,43.0,202.0,208.26,1096.11,12.57,13775.38,765.3,0.3654,8.0,31.0,28.0,0.0,45.11,45.11
35D,30,6.0,37.0,47.0,155.0,43.0,202.0,208.26,1096.11,12.57,13775.38,765.3,0.3654,8.0,31.0,28.0,0.0,45.11,45.11
35D,31,5.0,32.0,39.0,117.0,37.0,156.0,171.61,812.67,9.14,7428.35,412.69,0.2709,6.0,25.0,22.0,0.0,48.32,48.32
35D,32,6.0,37.0,47.0,155.0,43.0,202.0,208.26,1096.11,12.57,13775.38,765.3,0.3654,8.0,31.0,28.0,0.0,45.11,45.11
40B,1,8.0,32.0,99.0,164.0,40.0,263.0,184.0,1399.67,20.5,28693.18,1594.07,0.4666,20.0,20.0,18.0,0.0,46.9,46.9
40B,2,7.0,34.0,80.0,153.0,41.0,233.0,192.63,1248.31,15.75,19660.88,1092.27,0.4161,16.0,29.0,27.0,0.0,44.27,44.27
40B,3,8.0,35.0,131.0,204.0,43.0,335.0,203.52,1817.8,23.31,42380.68,2354.48,0.6059,28.0,33.0,31.0,0.0,40.29,40.29
40B,4,8.0,33.0,99.0,159.0,41.0,258.0,190.47,1382.25,19.27,26639.7,1479.98,0.4607,20.0,21.0,19.0,0.0,46.48,46.48
40B,5,6.0,55.0,47.0,147.0,61.0,194.0,333.48,1150.56,8.02,9225.42,512.52,0.3835,5.0,28.0,23.0,0.12,65.06,46.33
40B,6,7.0,35.0,48.0,122.0,42.0,170.0,199.18,916.69,12.2,11183.67,621.31,0.3056,8.0,25.0,23.0,0.0,47.69,47.69
40B,7,8.0,32.0,99.0,156.0,40.0,255.0,184.0,1357.09,19.5,26463.29,1470.18,0.4524,20.0,20.0,18.0,0.0,46.99,46.99
40B,8,8.0,33.0,99.0,159.0,41.0,258.0,190.47,1382.25,19.27,26639.7,1479.98,0.4607,20.0,21.0,19.0,0.0,46.48,46.48
40B,9,8.0,41.0,116.0,204.0,49.0,320.0,243.66,1796.71,19.9,35758.85,1986.6,0.5989,22.0,32.0,30.0,0.0,41.42,41.42
40B,10,8.0,32.0,99.0,156.0,40.0,255.0,184.0,1357.09,19.5,26463.29,1470.18,0.4524,20.0,20.0,18.0,0.0,46.99,46.99
40B,11,8.0,32.0,99.0,164.0,40.0,263.0,184.0,1399.67,20.5,28693.18,1594.07,0.4666,20.0,20.0,18.0,0.0,46.9,46.9
40B,12,8.0,33.0,99.0,159.0,41.0,258.0,190.47,1382.25,19.27,26639.7,1479.98,0.4607,20.0,21.0,19.0,0.0,46.48,46.48
40B,13,7.0,35.0,48.0,122.0,42.0,170.0,199.18,916.69,12.2,11183.67,621.31,0.3056,8.0,25.0,23.0,0.0,47.69,47.69
40B,14,8.0,43.0,121.0,216.0,51.0,337.0,257.33,1911.61,20.09,38409.97,2133.89,0.6372,22.0,33.0,31.0,0.0,40.94,40.94
40B,15,8.0,32.0,99.0,164.0,40.0,263.0,184.0,1399.67,20.5,28693.18,1594.07,0.4666,20.0,20.0,18.0,0.0,46.9,46.9
40B,16,9.0,35.0,349.0,472.0,44.0,821.0,208.05,4482.19,60.69,272005.11,15111.39,1.4941,76.0,73.0,71.0,0.0,23.56,23.56
40B,17,8.0,32.0,105.0,164.0,40.0,269.0,184.0,1431.6,20.5,29347.77,1630.43,0.4772,20.0,20.0,18.0,0.0,46.83,46.83
40B,18,8.0,33.0,99.0,167.0,41.0,266.0,190.47,1425.11,20.24,28847.66,1602.65,0.475,20.0,21.0,19.0,0.0,46.38,46.38
40B,19,8.0,33.0,99.0,167.0,41.0,266.0,190.47,1425.11,20.24,28847.66,1602.65,0.475,20.0,21.0,19.0,0.0,46.38,46.38
40B,20,8.0,35.0,147.0,238.0,43.0,385.0,203.52,2089.11,27.2,56823.84,3156.88,0.6964,32.0,37.0,35.0,0.0,38.24,38.24
40B,21,8.0,32.0,99.0,164.0,40.0,263.0,184.0,1399.67,20.5,28693.18,1594.07,0.4666,20.0,20.0,18.0,0.0,46.9,46.9
40B,22,8.0,32.0,99.0,164.0,40.0,263.0,184.0,1399.67,20.5,28693.18,1594.07,0.4666,20.0,20.0,18.0,0.0,46.9,46.9
40B,23,9.0,42.0,90.0,172.0,51.0,262.0,255.01,1486.18,18.43,27388.09,1521.56,0.4954,18.0,32.0,30.0,0.0,42.53,42.53
40B,24,8.0,41.0,116.0,204.0,49.0,320.0,243.66,1796.71,19.9,35758.85,1986.6,0.5989,22.0,32.0,30.0,0.0,41.42,41.42
40B,25,8.0,33.0,99.0,159.0,41.0,258.0,190.47,1382.25,19.27,26639.7,1479.98,0.4607,20.0,21.0,19.0,0.0,46.48,46.48
40B,26,8.0,33.0,99.0,159.0,41.0,258.0,190.47,1382.25,19.27,26639.7,1479.98,0.4607,20.0,21.0,19.0,0.0,46.48,46.48
40B,27,8.0,35.0,147.0,244.0,43.0,391.0,203.52,2121.67,27.89,59164.27,3286.9,0.7072,32.0,43.0,41.0,0.0,36.77,36.77
40B,28,8.0,43.0,121.0,216.0,51.0,337.0,257.33,1911.61,20.09,38409.97,2133.89,0.6372,22.0,33.0,31.0,0.0,40.94,40.94
40B,29,8.0,33.0,99.0,167.0,41.0,266.0,190.47,1425.11,20.24,28847.66,1602.65,0.475,20.0,21.0,19.0,0.0,46.38,46.38
40B,30,8.0,32.0,99.0,156.0,40.0,255.0,184.0,1357.09,19.5,26463.29,1470.18,0.4524,20.0,20.0,18.0,0.0,46.99,46.99
40B,31,8.0,33.0,99.0,167.0,41.0,266.0,190.47,1425.11,20.24,28847.66,1602.65,0.475,20.0,21.0,19.0,0.0,46.38,46.38
40B,32,8.0,33.0,99.0,167.0,41.0,266.0,190.47,1425.11,20.24,28847.66,1602.65,0.475,20.0,21.0,19.0,0.0,46.38,46.38
42C,2,10.0,51.0,104.0,351.0,61.0,455.0,322.51,2698.49,34.41,92859.65,5158.87,0.8995,19.0,53.0,49.0,0.0,35.81,35.81
42C,3,11.0,53.0,97.0,282.0,64.0,379.0,341.63,2274.0,29.26,66546.68,3697.04,0.758,15.0,41.0,39.0,0.0,39.3,39.3
42C,4,10.0,58.0,93.0,305.0,68.0,398.0,372.98,2422.81,26.29,63703.2,3539.07,0.8076,15.0,55.0,48.0,0.04,47.96,36.32
42C,8,10.0,56.0,98.0,344.0,66.0,442.0,358.43,2671.62,30.71,82056.97,4558.72,0.8905,18.0,58.0,56.0,0.0,35.12,35.12
42C,14,10.0,57.0,94.0,312.0,67.0,406.0,365.69,2462.83,27.37,67403.83,3744.66,0.8209,17.0,57.0,50.0,0.04,47.09,35.66
42C,15,11.0,53.0,96.0,281.0,64.0,377.0,341.63,2262.0,29.16,65960.77,3664.49,0.754,15.0,39.0,37.0,0.0,39.79,39.79
42C,18,11.0,53.0,92.0,278.0,64.0,370.0,341.63,2220.0,28.85,64044.91,3558.05,0.74,15.0,42.0,40.0,0.0,39.14,39.14
42C,19,11.0,60.0,110.0,383.0,71.0,493.0,392.47,3031.83,35.11,106442.33,5913.46,1.0106,22.0,67.0,61.0,0.03,43.26,32.83
42C,25,11.0,52.0,92.0,270.0,63.0,362.0,334.48,2163.78,28.56,61792.43,3432.91,0.7213,15.0,37.0,35.0,0.0,40.42,40.42
42C,28,10.0,50.0,99.0,331.0,60.0,430.0,315.41,2539.96,33.1,84072.77,4670.71,0.8467,18.0,57.0,52.0,0.0,35.44,35.44
43D,1,9.0,85.0,150.0,538.0,94.0,688.0,573.33,4509.56,28.48,128442.8,7135.71,1.5032,22.0,74.0,60.0,0.09,47.6,30.68
43D,4,10.0,57.0,221.0,465.0,67.0,686.0,365.69,4161.34,40.79,169738.75,9429.93,1.3871,19.0,65.0,57.0,0.0,32.56,32.56
43D,5,10.0,50.0,121.0,454.0,60.0,575.0,315.41,3396.46,45.4,154199.38,8566.63,1.1322,19.0,55.0,47.0,0.0,34.76,34.76
43D,10,9.0,79.0,126.0,467.0,88.0,593.0,526.53,3830.44,26.6,101894.63,5660.81,1.2768,14.0,58.0,45.0,0.1,52.19,34.56
43D,11,9.0,48.0,116.0,472.0,57.0,588.0,296.61,3429.74,44.25,151765.97,8431.44,1.1432,17.0,64.0,56.0,0.0,33.56,33.56
43D,12,9.0,52.0,200.0,422.0,61.0,622.0,324.95,3688.92,36.52,134716.47,7484.25,1.2296,16.0,59.0,51.0,0.0,34.24,34.24
43D,15,10.0,59.0,234.0,627.0,69.0,861.0,380.3,5259.44,53.14,279463.44,15525.75,1.7531,24.0,91.0,83.0,0.0,27.98,27.98
43D,16,9.0,63.0,231.0,818.0,72.0,1049.0,405.1,6472.25,58.43,378164.4,21009.13,2.1574,40.0,109.0,101.0,0.0,23.49,23.49
43D,18,9.0,47.0,287.0,507.0,56.0,794.0,289.6,4611.04,48.54,223831.65,12435.09,1.537,19.0,75.0,69.0,0.0,30.89,30.89
43D,20,9.0,53.0,301.0,465.0,62.0,766.0,332.11,4560.91,39.48,180070.06,10003.89,1.5203,16.0,66.0,59.0,0.02,40.17,32.54
43D,22,9.0,46.0,112.0,439.0,55.0,551.0,282.61,3185.53,42.95,136804.63,7600.26,1.0618,17.0,60.0,52.0,0.0,34.4,34.4
43D,23,9.0,66.0,181.0,558.0,75.0,739.0,427.46,4603.1,38.05,175126.92,9729.27,1.5344,19.0,73.0,64.0,0.02,38.49,31.15
43D,24,11.0,69.0,154.0,432.0,80.0,586.0,459.54,3704.65,34.43,127568.81,7087.16,1.2349,16.0,62.0,49.0,0.0,33.76,33.76
43D,25,9.0,55.0,230.0,468.0,64.0,698.0,346.5,4188.0,38.29,160362.33,8909.02,1.396,20.0,66.0,58.0,0.0,32.26,32.26
43D,26,9.0,48.0,157.0,650.0,57.0,807.0,296.61,4707.14,60.94,286841.48,15935.64,1.569,23.0,86.0,78.0,0.0,28.99,28.99
43D,27,9.0,54.0,159.0,629.0,63.0,788.0,339.29,4710.1,52.42,246887.56,13715.98,1.57,31.0,83.0,74.0,0.0,28.25,28.25
43D,28,9.0,61.0,258.0,739.0,70.0,997.0,390.3,6110.9,54.52,333143.97,18508.0,2.037,34.0,107.0,99.0,0.0,24.65,24.65
43D,29,9.0,49.0,111.0,430.0,58.0,541.0,303.65,3169.17,39.49,125149.79,6952.77,1.0564,16.0,59.0,51.0,0.0,34.7,34.7
43D,30,10.0,60.0,174.0,571.0,70.0,745.0,387.63,4566.32,47.58,217280.53,12071.14,1.5221,29.0,74.0,65.0,0.0,29.7,29.7
43D,31,9.0,88.0,101.0,328.0,97.0,429.0,596.96,2831.36,16.77,47489.67,2638.32,0.9438,12.0,43.0,31.0,0.16,60.04,38.58
43D,32,9.0,51.0,239.0,682.0,60.0,921.0,317.82,5440.25,60.18,327374.82,18187.49,1.8134,25.0,78.0,70.0,0.0,29.21,29.21
44B,1,7.0,39.0,80.0,183.0,46.0,263.0,225.78,1452.7,16.42,23857.75,1325.43,0.4842,12.0,25.0,20.0,0.13,65.45,45.75
44B,2,7.0,37.0,66.0,200.0,44.0,266.0,212.4,1452.21,18.92,27474.22,1526.35,0.4841,9.0,22.0,20.0,0.0,47.37,47.37
44B,3,6.0,35.0,58.0,180.0,41.0,238.0,195.03,1275.1,15.43,19672.93,1092.94,0.425,9.0,22.0,20.0,0.0,47.76,47.76
44B,4,6.0,35.0,58.0,180.0,41.0,238.0,195.03,1275.1,15.43,19672.93,1092.94,0.425,9.0,22.0,20.0,0.0,47.76,47.76
44B,5,6.0,35.0,58.0,180.0,41.0,238.0,195.03,1275.1,15.43,19672.93,1092.94,0.425,9.0,22.0,20.0,0.0,47.76,47.76
44B,6,7.0,37.0,66.0,200.0,44.0,266.0,212.4,1452.21,18.92,27474.22,1526.35,0.4841,9.0,22.0,20.0,0.0,47.37,47.37
44B,7,6.0,35.0,58.0,180.0,41.0,238.0,195.03,1275.1,15.43,19672.93,1092.94,0.425,9.0,22.0,20.0,0.0,47.76,47.76
44B,8,7.0,39.0,80.0,183.0,46.0,263.0,225.78,1452.7,16.42,23857.75,1325.43,0.4842,12.0,25.0,20.0,0.13,65.45,45.75
44B,9,7.0,39.0,80.0,183.0,46.0,263.0,225.78,1452.7,16.42,23857.75,1325.43,0.4842,12.0,25.0,20.0,0.13,65.45,45.75
44B,10,7.0,39.0,80.0,183.0,46.0,263.0,225.78,1452.7,16.42,23857.75,1325.43,0.4842,12.0,25.0,20.0,0.13,65.45,45.75
44B,11,7.0,39.0,80.0,183.0,46.0,263.0,225.78,1452.7,16.42,23857.75,1325.43,0.4842,12.0,25.0,20.0,0.13,65.45,45.75
44B,12,6.0,35.0,58.0,180.0,41.0,238.0,195.03,1275.1,15.43,19672.93,1092.94,0.425,9.0,22.0,20.0,0.0,47.76,47.76
44B,13,7.0,39.0,80.0,183.0,46.0,263.0,225.78,1452.7,16.42,23857.75,1325.43,0.4842,12.0,25.0,20.0,0.13,65.45,45.75
44B,14,7.0,37.0,66.0,200.0,44.0,266.0,212.4,1452.21,18.92,27474.22,1526.35,0.4841,9.0,22.0,20.0,0.0,47.37,47.37
44B,15,7.0,39.0,80.0,183.0,46.0,263.0,225.78,1452.7,16.42,23857.75,1325.43,0.4842,12.0,25.0,20.0,0.13,65.45,45.75
44B,16,7.0,39.0,80.0,183.0,46.0,263.0,225.78,1452.7,16.42,23857.75,1325.43,0.4842,12.0,25.0,20.0,0.13,65.45,45.75
44B,17,7.0,39.0,80.0,183.0,46.0,263.0,225.78,1452.7,16.42,23857.75,1325.43,0.4842,12.0,25.0,20.0,0.13,65.45,45.75
44B,18,7.0,39.0,80.0,183.0,46.0,263.0,225.78,1452.7,16.42,23857.75,1325.43,0.4842,12.0,25.0,20.0,0.13,65.45,45.75
44B,19,7.0,39.0,80.0,183.0,46.0,263.0,225.78,1452.7,16.42,23857.75,1325.43,0.4842,12.0,25.0,20.0,0.13,65.45,45.75
44B,20,6.0,35.0,58.0,180.0,41.0,238.0,195.03,1275.1,15.43,19672.93,1092.94,0.425,9.0,22.0,20.0,0.0,47.76,47.76
44B,21,6.0,35.0,58.0,180.0,41.0,238.0,195.03,1275.1,15.43,19672.93,1092.94,0.425,9.0,22.0,20.0,0.0,47.76,47.76
44B,22,6.0,35.0,58.0,180.0,41.0,238.0,195.03,1275.1,15.43,19672.93,1092.94,0.425,9.0,22.0,20.0,0.0,47.76,47.76
44B,23,6.0,35.0,58.0,180.0,41.0,238.0,195.03,1275.1,15.43,19672.93,1092.94,0.425,9.0,22.0,20.0,0.0,47.76,47.76
44B,24,7.0,39.0,80.0,183.0,46.0,263.0,225.78,1452.7,16.42,23857.75,1325.43,0.4842,12.0,25.0,20.0,0.13,65.45,45.75
44B,25,6.0,35.0,58.0,180.0,41.0,238.0,195.03,1275.1,15.43,19672.93,1092.94,0.425,9.0,22.0,20.0,0.0,47.76,47.76
44B,26,6.0,35.0,58.0,180.0,41.0,238.0,195.03,1275.1,15.43,19672.93,1092.94,0.425,9.0,22.0,20.0,0.0,47.76,47.76
44B,27,6.0,35.0,58.0,180.0,41.0,238.0,195.03,1275.1,15.43,19672.93,1092.94,0.425,9.0,22.0,20.0,0.0,47.76,47.76
44B,28,7.0,38.0,80.0,186.0,45.0,266.0,219.07,1460.83,17.13,25026.37,1390.35,0.4869,12.0,25.0,20.0,0.13,65.43,45.73
44B,29,7.0,39.0,80.0,183.0,46.0,263.0,225.78,1452.7,16.42,23857.75,1325.43,0.4842,12.0,25.0,20.0,0.13,65.45,45.75
44B,30,7.0,37.0,66.0,200.0,44.0,266.0,212.4,1452.21,18.92,27474.22,1526.35,0.4841,9.0,22.0,20.0,0.0,47.37,47.37
44B,31,7.0,39.0,80.0,183.0,46.0,263.0,225.78,1452.7,16.42,23857.75,1325.43,0.4842,12.0,25.0,20.0,0.13,65.45,45.75
44B,32,6.0,35.0,58.0,180.0,41.0,238.0,195.03,1275.1,15.43,19672.93,1092.94,0.425,9.0,22.0,20.0,0.0,47.76,47.76
47A,1,7.0,32.0,25.0,73.0,39.0,98.0,179.65,517.97,7.98,4135.66,229.76,0.1727,4.0,15.0,13.0,0.0,54.8,54.8
47A,2,7.0,32.0,25.0,73.0,39.0,98.0,179.65,517.97,7.98,4135.66,229.76,0.1727,4.0,15.0,13.0,0.0,54.8,54.8
47A,3,6.0,32.0,21.0,63.0,38.0,84.0,175.51,440.83,5.91,2603.63,144.65,0.1469,2.0,14.0,11.0,0.0,56.21,56.21
47A,4,6.0,32.0,21.0,63.0,38.0,84.0,175.51,440.83,5.91,2603.63,144.65,0.1469,2.0,14.0,11.0,0.0,56.21,56.21
47A,5,7.0,32.0,25.0,73.0,39.0,98.0,179.65,517.97,7.98,4135.66,229.76,0.1727,4.0,15.0,13.0,0.0,54.8,54.8
47A,6,6.0,32.0,21.0,63.0,38.0,84.0,175.51,440.83,5.91,2603.63,144.65,0.1469,2.0,14.0,11.0,0.0,56.21,56.21
47A,7,6.0,32.0,21.0,63.0,38.0,84.0,175.51,440.83,5.91,2603.63,144.65,0.1469,2.0,14.0,11.0,0.0,56.21,56.21
47A,8,6.0,32.0,21.0,63.0,38.0,84.0,175.51,440.83,5.91,2603.63,144.65,0.1469,2.0,14.0,11.0,0.0,56.21,56.21
47A,9,7.0,32.0,25.0,73.0,39.0,98.0,179.65,517.97,7.98,4135.66,229.76,0.1727,4.0,15.0,13.0,0.0,54.8,54.8
47A,10,6.0,32.0,21.0,63.0,38.0,84.0,175.51,440.83,5.91,2603.63,144.65,0.1469,2.0,14.0,11.0,0.0,56.21,56.21
47A,11,6.0,32.0,21.0,63.0,38.0,84.0,175.51,440.83,5.91,2603.63,144.65,0.1469,2.0,14.0,11.0,0.0,56.21,56.21
47A,12,6.0,32.0,21.0,63.0,38.0,84.0,175.51,440.83,5.91,2603.63,144.65,0.1469,2.0,14.0,11.0,0.0,56.21,56.21
47A,13,7.0,32.0,25.0,73.0,39.0,98.0,179.65,517.97,7.98,4135.66,229.76,0.1727,4.0,15.0,13.0,0.0,54.8,54.8
47A,14,6.0,32.0,21.0,63.0,38.0,84.0,175.51,440.83,5.91,2603.63,144.65,0.1469,2.0,14.0,11.0,0.0,56.21,56.21
47A,15,7.0,32.0,25.0,73.0,39.0,98.0,179.65,517.97,7.98,4135.66,229.76,0.1727,4.0,15.0,13.0,0.0,54.8,54.8
47A,16,6.0,32.0,21.0,63.0,38.0,84.0,175.51,440.83,5.91,2603.63,144.65,0.1469,2.0,14.0,11.0,0.0,56.21,56.21
47A,17,6.0,32.0,21.0,63.0,38.0,84.0,175.51,440.83,5.91,2603.63,144.65,0.1469,2.0,14.0,11.0,0.0,56.21,56.21
47A,18,7.0,32.0,25.0,73.0,39.0,98.0,179.65,517.97,7.98,4135.66,229.76,0.1727,4.0,15.0,13.0,0.0,54.8,54.8
47A,19,6.0,32.0,21.0,63.0,38.0,84.0,175.51,440.83,5.91,2603.63,144.65,0.1469,2.0,14.0,11.0,0.0,56.21,56.21
47A,20,7.0,32.0,25.0,73.0,39.0,98.0,179.65,517.97,7.98,4135.66,229.76,0.1727,4.0,15.0,13.0,0.0,54.8,54.8
47A,21,6.0,32.0,21.0,63.0,38.0,84.0,175.51,440.83,5.91,2603.63,144.65,0.1469,2.0,14.0,11.0,0.0,56.21,56.21
47A,22,7.0,32.0,25.0,73.0,39.0,98.0,179.65,517.97,7.98,4135.66,229.76,0.1727,4.0,15.0,13.0,0.0,54.8,54.8
47A,23,6.0,32.0,21.0,63.0,38.0,84.0,175.51,440.83,5.91,2603.63,144.65,0.1469,2.0,14.0,11.0,0.0,56.21,56.21
47A,24,7.0,32.0,25.0,73.0,39.0,98.0,179.65,517.97,7.98,4135.66,229.76,0.1727,4.0,15.0,13.0,0.0,54.8,54.8
47A,25,6.0,32.0,21.0,63.0,38.0,84.0,175.51,440.83,5.91,2603.63,144.65,0.1469,2.0,14.0,11.0,0.0,56.21,56.21
47A,26,6.0,32.0,21.0,63.0,38.0,84.0,175.51,440.83,5.91,2603.63,144.65,0.1469,2.0,14.0,11.0,0.0,56.21,56.21
47A,27,6.0,32.0,21.0,63.0,38.0,84.0,175.51,440.83,5.91,2603.63,144.65,0.1469,2.0,14.0,11.0,0.0,56.21,56.21
47A,28,6.0,32.0,21.0,63.0,38.0,84.0,175.51,440.83,5.91,2603.63,144.65,0.1469,2.0,14.0,11.0,0.0,56.21,56.21
47A,29,6.0,32.0,21.0,63.0,38.0,84.0,175.51,440.83,5.91,2603.63,144.65,0.1469,2.0,14.0,11.0,0.0,56.21,56.21
47A,30,7.0,32.0,25.0,73.0,39.0,98.0,179.65,517.97,7.98,4135.66,229.76,0.1727,4.0,15.0,13.0,0.0,54.8,54.8
47A,31,6.0,32.0,21.0,63.0,38.0,84.0,175.51,440.83,5.91,2603.63,144.65,0.1469,2.0,14.0,11.0,0.0,56.21,56.21
47A,32,7.0,32.0,25.0,73.0,39.0,98.0,179.65,517.97,7.98,4135.66,229.76,0.1727,4.0,15.0,13.0,0.0,54.8,54.8
47C,1,8.0,80.0,102.0,479.0,88.0,581.0,529.75,3752.93,23.95,89882.67,4993.48,1.251,22.0,74.0,61.0,0.12,50.0,31.24
47C,2,9.0,65.0,130.0,478.0,74.0,608.0,419.98,3775.35,33.09,124934.97,6940.83,1.2584,30.0,74.0,65.0,0.04,42.33,30.14
47C,3,8.0,58.0,138.0,552.0,66.0,690.0,363.76,4170.63,38.07,158771.64,8820.65,1.3902,40.0,70.0,64.0,0.0,29.02,29.02
47C,4,8.0,80.0,102.0,479.0,88.0,581.0,529.75,3752.93,23.95,89882.67,4993.48,1.251,22.0,74.0,61.0,0.12,50.0,31.24
47C,5,7.0,153.0,116.0,633.0,160.0,749.0,1130.03,5484.12,14.48,79412.27,4411.79,1.828,23.0,89.0,70.0,0.14,48.22,28.2
47C,6,9.0,65.0,130.0,478.0,74.0,608.0,419.98,3775.35,33.09,124934.97,6940.83,1.2584,30.0,74.0,65.0,0.04,42.33,30.14
47C,7,8.0,80.0,102.0,479.0,88.0,581.0,529.75,3752.93,23.95,89882.67,4993.48,1.251,22.0,74.0,61.0,0.12,50.0,31.24
47C,8,9.0,89.0,238.0,980.0,98.0,1218.0,604.87,8056.72,49.55,399214.83,22178.6,2.6856,57.0,125.0,119.0,0.0,19.24,19.24
47C,9,10.0,109.0,217.0,748.0,119.0,965.0,770.95,6653.5,34.31,228294.37,12683.02,2.2178,46.0,119.0,96.0,0.15,42.62,21.77
47C,10,8.0,75.0,60.0,300.0,83.0,360.0,491.16,2295.01,16.0,36720.23,2040.01,0.765,18.0,60.0,50.0,0.07,50.72,35.26
47C,11,9.0,105.0,171.0,722.0,114.0,893.0,733.53,6101.77,30.94,188806.22,10489.23,2.0339,38.0,95.0,84.0,0.05,37.6,25.24
47C,12,7.0,70.0,138.0,609.0,77.0,747.0,448.7,4681.29,30.45,142545.27,7919.18,1.5604,32.0,96.0,86.0,0.04,38.98,26.75
47C,13,9.0,75.0,100.0,465.0,84.0,565.0,495.69,3611.66,27.9,100765.3,5598.07,1.2039,24.0,73.0,64.0,0.06,45.14,31.21
47C,14,9.0,80.0,192.0,793.0,89.0,985.0,534.28,6378.6,44.61,284525.31,15806.96,2.1262,48.0,117.0,110.0,0.02,29.69,21.79
47C,15,8.0,96.0,191.0,852.0,104.0,1043.0,656.16,6988.56,35.5,248093.83,13782.99,2.3295,44.0,128.0,112.0,0.07,35.94,21.2
47C,16,7.0,106.0,126.0,609.0,113.0,735.0,732.81,5012.83,20.11,100800.48,5600.03,1.6709,28.0,89.0,72.0,0.12,46.97,27.8
47C,17,9.0,80.0,194.0,725.0,89.0,919.0,534.28,5951.2,40.78,242697.34,13483.19,1.9837,47.0,97.0,88.0,0.01,30.2,23.91
47C,18,8.0,79.0,62.0,328.0,87.0,390.0,522.0,2512.75,16.61,41730.7,2318.37,0.8376,14.0,57.0,47.0,0.08,51.86,36.01
47C,19,9.0,71.0,141.0,749.0,80.0,890.0,465.16,5626.52,47.47,267101.02,14838.95,1.8755,37.0,88.0,81.0,0.0,26.35,26.35
47C,20,9.0,101.0,120.0,626.0,110.0,746.0,701.01,5058.89,27.89,141098.07,7838.78,1.6863,26.0,95.0,81.0,0.07,42.39,27.43
47C,21,7.0,83.0,89.0,419.0,90.0,508.0,548.78,3297.86,17.67,58268.84,3237.16,1.0993,22.0,69.0,59.0,0.06,46.71,32.29
47C,22,10.0,73.0,158.0,634.0,83.0,792.0,485.08,5049.03,43.42,219252.45,12180.69,1.683,31.0,93.0,85.0,0.02,35.89,26.96
47C,23,9.0,137.0,143.0,690.0,146.0,833.0,1000.96,5989.12,22.66,135738.9,7541.05,1.9964,30.0,91.0,76.0,0.08,43.16,26.78
47C,25,6.0,61.0,46.0,236.0,67.0,282.0,377.28,1710.64,11.61,19854.61,1103.03,0.5702,13.0,44.0,38.0,0.03,49.17,39.76
47C,26,8.0,109.0,152.0,817.0,117.0,969.0,761.73,6657.38,29.98,199599.35,11088.85,2.2191,28.0,107.0,84.0,0.14,45.62,25.19
47C,27,9.0,132.0,160.0,735.0,141.0,895.0,958.39,6389.9,25.06,160110.52,8895.03,2.13,30.0,97.0,71.0,0.22,49.92,25.98
47C,28,7.0,77.0,73.0,375.0,84.0,448.0,502.19,2863.76,17.05,48814.06,2711.89,0.9546,17.0,57.0,47.0,0.08,51.06,35.21
47C,29,9.0,82.0,165.0,748.0,91.0,913.0,549.85,5941.62,41.05,243896.11,13549.78,1.9805,35.0,96.0,89.0,0.01,31.89,25.63
47C,30,8.0,75.0,60.0,324.0,83.0,384.0,491.16,2448.02,17.28,42301.7,2350.09,0.816,14.0,57.0,48.0,0.06,50.01,36.09
47C,31,9.0,78.0,153.0,724.0,87.0,877.0,518.79,5650.46,41.77,236015.43,13111.97,1.8835,38.0,109.0,101.0,0.0,24.17,24.17
47C,32,7.0,110.0,85.0,425.0,117.0,510.0,765.6,3503.89,13.52,47382.09,2632.34,1.168,14.0,71.0,55.0,0.15,53.95,32.91
48B,1,7.0,56.0,124.0,354.0,63.0,478.0,344.86,2857.14,22.12,63214.22,3511.9,0.9524,19.0,54.0,48.0,0.08,51.18,35.46
48B,2,7.0,56.0,124.0,354.0,63.0,478.0,344.86,2857.14,22.12,63214.22,3511.9,0.9524,19.0,54.0,48.0,0.08,51.18,35.46
48B,3,8.0,51.0,131.0,334.0,59.0,465.0,313.29,2735.43,26.2,71657.51,3980.97,0.9118,23.0,52.0,46.0,0.06,49.59,35.41
48B,4,7.0,50.0,81.0,224.0,57.0,305.0,301.84,1779.03,15.68,27895.21,1549.73,0.593,11.0,39.0,33.0,0.08,57.34,41.06
48B,5,7.0,51.0,83.0,227.0,58.0,310.0,308.95,1815.97,15.58,28290.03,1571.67,0.6053,12.0,37.0,31.0,0.09,58.06,41.36
48B,6,7.0,48.0,80.0,216.0,55.0,296.0,287.73,1711.28,15.75,26952.7,1497.37,0.5704,12.0,35.0,31.0,0.06,56.18,42.06
48B,7,8.0,55.0,105.0,272.0,63.0,377.0,341.97,2253.43,19.78,44577.03,2476.5,0.7511,15.0,44.0,37.0,0.1,56.1,38.66
48B,8,6.0,51.0,117.0,333.0,57.0,450.0,304.8,2624.8,19.59,51415.21,2856.4,0.8749,17.0,56.0,49.0,0.08,51.23,35.64
48B,9,7.0,45.0,76.0,200.0,52.0,276.0,266.78,1573.32,15.56,24473.89,1359.66,0.5244,10.0,33.0,30.0,0.03,53.65,43.15
48B,10,7.0,48.0,80.0,216.0,55.0,296.0,287.73,1711.28,15.75,26952.7,1497.37,0.5704,12.0,35.0,31.0,0.06,56.18,42.06
48B,11,6.0,45.0,90.0,272.0,51.0,362.0,262.64,2053.42,18.13,37235.31,2068.63,0.6845,15.0,43.0,40.0,0.02,48.34,39.16
48B,12,7.0,45.0,76.0,190.0,52.0,266.0,266.78,1516.32,14.78,22407.8,1244.88,0.5054,10.0,28.0,25.0,0.04,56.24,44.81
48B,13,6.0,53.0,117.0,343.0,59.0,460.0,319.09,2706.02,19.42,52537.55,2918.75,0.902,17.0,56.0,49.0,0.08,51.13,35.55
48B,14,6.0,52.0,115.0,327.0,58.0,442.0,311.93,2589.23,18.87,48846.77,2713.71,0.8631,17.0,55.0,49.0,0.06,49.65,35.85
48B,15,6.0,50.0,75.0,212.0,56.0,287.0,297.7,1666.71,12.72,21200.56,1177.81,0.5556,10.0,36.0,31.0,0.06,56.26,42.15
48B,16,6.0,42.0,91.0,268.0,48.0,359.0,241.99,2005.0,19.14,38381.46,2132.3,0.6683,17.0,42.0,38.0,0.03,48.59,39.18
48B,17,9.0,48.0,82.0,210.0,57.0,292.0,296.61,1703.2,19.69,33531.83,1862.88,0.5677,12.0,32.0,29.0,0.03,53.6,42.93
48B,18,8.0,47.0,81.0,222.0,55.0,303.0,285.07,1751.75,18.89,33096.93,1838.72,0.5839,11.0,36.0,31.0,0.06,55.98,41.86
48B,19,6.0,54.0,118.0,332.0,60.0,450.0,326.27,2658.1,18.44,49027.19,2723.73,0.886,17.0,51.0,45.0,0.08,52.63,36.49
48B,20,9.0,45.0,119.0,315.0,54.0,434.0,275.66,2497.62,31.5,78675.07,4370.84,0.8325,20.0,51.0,46.0,0.04,48.13,36.27
48B,21,6.0,52.0,117.0,333.0,58.0,450.0,311.93,2636.09,19.21,50643.37,2813.52,0.8787,17.0,56.0,49.0,0.08,51.21,35.62
48B,22,6.0,52.0,117.0,333.0,58.0,450.0,311.93,2636.09,19.21,50643.37,2813.52,0.8787,17.0,56.0,49.0,0.08,51.21,35.62
48B,23,6.0,52.0,115.0,322.0,58.0,437.0,311.93,2559.94,18.58,47555.77,2641.99,0.8533,17.0,51.0,45.0,0.06,50.92,36.6
48B,24,7.0,43.0,75.0,198.0,50.0,273.0,252.98,1540.77,16.12,24831.52,1379.53,0.5136,10.0,32.0,28.0,0.03,54.35,43.5
48B,25,7.0,43.0,75.0,199.0,50.0,274.0,252.98,1546.42,16.2,25048.35,1391.58,0.5155,10.0,33.0,29.0,0.03,53.87,43.2
48B,26,7.0,50.0,81.0,225.0,57.0,306.0,301.84,1784.86,15.75,28111.61,1561.76,0.595,11.0,40.0,34.0,0.08,56.9,40.81
48B,27,7.0,50.0,81.0,218.0,57.0,299.0,301.84,1744.03,15.26,26613.96,1478.55,0.5813,11.0,35.0,29.0,0.09,59.29,42.14
48B,28,7.0,52.0,82.0,223.0,59.0,305.0,316.07,1794.21,15.01,26930.34,1496.13,0.5981,11.0,36.0,31.0,0.09,58.49,41.79
48B,29,7.0,43.0,75.0,199.0,50.0,274.0,252.98,1546.42,16.2,25048.35,1391.58,0.5155,10.0,33.0,29.0,0.03,53.87,43.2
48B,30,7.0,43.0,75.0,197.0,50.0,272.0,252.98,1535.13,16.03,24615.61,1367.53,0.5117,10.0,31.0,27.0,0.04,54.84,43.81
48B,31,8.0,45.0,79.0,207.0,53.0,286.0,271.13,1638.19,18.4,30142.61,1674.59,0.5461,11.0,32.0,27.0,0.07,58.15,43.18
48B,32,6.0,51.0,115.0,326.0,57.0,441.0,304.8,2572.3,19.18,49327.72,2740.43,0.8574,17.0,55.0,49.0,0.06,49.67,35.87
5A,1,9.0,50.0,44.0,174.0,59.0,218.0,310.72,1282.42,15.66,20082.64,1115.7,0.4275,6.0,34.0,27.0,0.1,61.65,44.02
5A,2,7.0,43.0,34.0,151.0,50.0,185.0,252.98,1044.11,12.29,12832.88,712.94,0.348,4.0,26.0,22.0,0.0,47.46,47.46
5A,3,7.0,43.0,34.0,151.0,50.0,185.0,252.98,1044.11,12.29,12832.88,712.94,0.348,4.0,26.0,22.0,0.0,47.46,47.46
5A,4,7.0,43.0,34.0,151.0,50.0,185.0,252.98,1044.11,12.29,12832.88,712.94,0.348,4.0,26.0,22.0,0.0,47.46,47.46
5A,5,7.0,43.0,34.0,151.0,50.0,185.0,252.98,1044.11,12.29,12832.88,712.94,0.348,4.0,26.0,22.0,0.0,47.46,47.46
5A,6,8.0,45.0,36.0,159.0,53.0,195.0,271.13,1116.94,14.13,15786.15,877.01,0.3723,5.0,29.0,25.0,0.0,46.08,46.08
5A,7,7.0,43.0,34.0,151.0,50.0,185.0,252.98,1044.11,12.29,12832.88,712.94,0.348,4.0,26.0,22.0,0.0,47.46,47.46
5A,8,7.0,43.0,34.0,151.0,50.0,185.0,252.98,1044.11,12.29,12832.88,712.94,0.348,4.0,26.0,22.0,0.0,47.46,47.46
5A,9,8.0,47.0,40.0,157.0,55.0,197.0,285.07,1138.93,13.36,15218.01,845.45,0.3796,4.0,29.0,22.0,0.12,65.2,46.16
5A,10,8.0,47.0,40.0,157.0,55.0,197.0,285.07,1138.93,13.36,15218.01,845.45,0.3796,4.0,29.0,22.0,0.12,65.2,46.16
5A,11,7.0,43.0,34.0,151.0,50.0,185.0,252.98,1044.11,12.29,12832.88,712.94,0.348,4.0,26.0,22.0,0.0,47.46,47.46
5A,12,7.0,43.0,34.0,151.0,50.0,185.0,252.98,1044.11,12.29,12832.88,712.94,0.348,4.0,26.0,22.0,0.0,47.46,47.46
5A,13,7.0,43.0,34.0,151.0,50.0,185.0,252.98,1044.11,12.29,12832.88,712.94,0.348,4.0,26.0,22.0,0.0,47.46,47.46
5A,14,7.0,43.0,34.0,151.0,50.0,185.0,252.98,1044.11,12.29,12832.88,712.94,0.348,4.0,26.0,22.0,0.0,47.46,47.46
5A,15,7.0,43.0,34.0,151.0,50.0,185.0,252.98,1044.11,12.29,12832.88,712.94,0.348,4.0,26.0,22.0,0.0,47.46,47.46
5A,16,9.0,50.0,44.0,174.0,59.0,218.0,310.72,1282.42,15.66,20082.64,1115.7,0.4275,6.0,34.0,27.0,0.1,61.65,44.02
5A,17,7.0,43.0,34.0,151.0,50.0,185.0,252.98,1044.11,12.29,12832.88,712.94,0.348,4.0,26.0,22.0,0.0,47.46,47.46
5A,18,7.0,43.0,34.0,151.0,50.0,185.0,252.98,1044.11,12.29,12832.88,712.94,0.348,4.0,26.0,22.0,0.0,47.46,47.46
5A,19,7.0,43.0,34.0,151.0,50.0,185.0,252.98,1044.11,12.29,12832.88,712.94,0.348,4.0,26.0,22.0,0.0,47.46,47.46
5A,20,7.0,43.0,34.0,151.0,50.0,185.0,252.98,1044.11,12.29,12832.88,712.94,0.348,4.0,26.0,22.0,0.0,47.46,47.46
5A,21,7.0,43.0,34.0,151.0,50.0,185.0,252.98,1044.11,12.29,12832.88,712.94,0.348,4.0,26.0,22.0,0.0,47.46,47.46
5A,22,7.0,43.0,34.0,151.0,50.0,185.0,252.98,1044.11,12.29,12832.88,712.94,0.348,4.0,26.0,22.0,0.0,47.46,47.46
5A,23,7.0,43.0,34.0,151.0,50.0,185.0,252.98,1044.11,12.29,12832.88,712.94,0.348,4.0,26.0,22.0,0.0,47.46,47.46
5A,24,7.0,43.0,34.0,151.0,50.0,185.0,252.98,1044.11,12.29,12832.88,712.94,0.348,4.0,26.0,22.0,0.0,47.46,47.46
5A,25,7.0,43.0,34.0,151.0,50.0,185.0,252.98,1044.11,12.29,12832.88,712.94,0.348,4.0,26.0,22.0,0.0,47.46,47.46
5A,26,7.0,43.0,34.0,151.0,50.0,185.0,252.98,1044.11,12.29,12832.88,712.94,0.348,4.0,26.0,22.0,0.0,47.46,47.46
5A,27,7.0,43.0,34.0,151.0,50.0,185.0,252.98,1044.11,12.29,12832.88,712.94,0.348,4.0,26.0,22.0,0.0,47.46,47.46
5A,28,8.0,47.0,40.0,157.0,55.0,197.0,285.07,1138.93,13.36,15218.01,845.45,0.3796,4.0,29.0,22.0,0.12,65.2,46.16
5A,29,7.0,43.0,34.0,151.0,50.0,185.0,252.98,1044.11,12.29,12832.88,712.94,0.348,4.0,26.0,22.0,0.0,47.46,47.46
5A,30,7.0,43.0,34.0,151.0,50.0,185.0,252.98,1044.11,12.29,12832.88,712.94,0.348,4.0,26.0,22.0,0.0,47.46,47.46
5A,31,7.0,43.0,34.0,151.0,50.0,185.0,252.98,1044.11,12.29,12832.88,712.94,0.348,4.0,26.0,22.0,0.0,47.46,47.46
5A,32,7.0,43.0,34.0,151.0,50.0,185.0,252.98,1044.11,12.29,12832.88,712.94,0.348,4.0,26.0,22.0,0.0,47.46,47.46
5E,1,8.0,43.0,66.0,240.0,51.0,306.0,257.33,1735.76,22.33,38751.9,2152.88,0.5786,11.0,34.0,31.0,0.0,42.43,42.43
5E,2,8.0,43.0,70.0,262.0,51.0,332.0,257.33,1883.25,24.37,45898.63,2549.92,0.6277,13.0,32.0,29.0,0.0,42.49,42.49
5E,3,8.0,39.0,41.0,156.0,47.0,197.0,230.13,1094.25,16.0,17508.06,972.67,0.3648,7.0,30.0,24.0,0.0,45.56,45.56
5E,4,8.0,39.0,42.0,178.0,47.0,220.0,230.13,1222.01,18.26,22309.51,1239.42,0.4073,8.0,31.0,25.0,0.0,44.78,44.78
5E,5,9.0,47.0,72.0,274.0,56.0,346.0,289.6,2009.34,26.23,52713.24,2928.51,0.6698,13.0,42.0,39.0,0.0,39.71,39.71
5E,6,8.0,54.0,70.0,317.0,62.0,387.0,334.76,2304.27,23.48,54107.77,3005.99,0.7681,14.0,40.0,34.0,0.0,39.63,39.63
5E,7,7.0,65.0,40.0,164.0,72.0,204.0,411.11,1258.66,8.83,11114.98,617.5,0.4196,7.0,27.0,18.0,0.14,66.56,46.13
5E,8,9.0,73.0,65.0,237.0,82.0,302.0,480.39,1919.98,14.61,28050.13,1558.34,0.64,11.0,37.0,25.0,0.19,64.23,41.32
5E,9,8.0,43.0,63.0,224.0,51.0,287.0,257.33,1627.99,20.84,33922.69,1884.59,0.5427,11.0,33.0,30.0,0.0,42.91,42.91
5E,10,8.0,43.0,67.0,262.0,51.0,329.0,257.33,1866.23,24.37,45483.88,2526.88,0.6221,13.0,41.0,38.0,0.0,40.17,40.17
5E,11,7.0,37.0,41.0,135.0,44.0,176.0,212.4,960.86,12.77,12270.44,681.69,0.3203,6.0,26.0,20.0,0.0,47.44,47.44
5E,12,9.0,48.0,72.0,275.0,57.0,347.0,296.61,2024.01,25.78,52181.58,2898.98,0.6747,13.0,34.0,31.0,0.0,41.69,41.69
5E,13,8.0,39.0,41.0,165.0,47.0,206.0,230.13,1144.25,16.92,19364.15,1075.79,0.3814,7.0,29.0,23.0,0.0,45.74,45.74
5E,14,8.0,42.0,70.0,259.0,50.0,329.0,250.48,1856.83,24.67,45801.77,2544.54,0.6189,13.0,31.0,28.0,0.0,42.83,42.83
5E,15,8.0,43.0,67.0,262.0,51.0,329.0,257.33,1866.23,24.37,45483.88,2526.88,0.6221,13.0,32.0,29.0,0.0,42.51,42.51
5E,16,8.0,41.0,46.0,175.0,49.0,221.0,243.66,1240.85,17.07,21185.26,1176.96,0.4136,9.0,31.0,25.0,0.0,44.59,44.59
5E,17,7.0,39.0,50.0,171.0,46.0,221.0,225.78,1220.71,15.35,18733.16,1040.73,0.4069,7.0,31.0,25.0,0.0,44.91,44.91
5E,18,8.0,43.0,67.0,262.0,51.0,329.0,257.33,1866.23,24.37,45483.88,2526.88,0.6221,13.0,32.0,29.0,0.0,42.51,42.51
5E,19,9.0,60.0,93.0,363.0,69.0,456.0,382.94,2785.49,27.22,75834.89,4213.05,0.9285,18.0,54.0,44.0,0.0,35.67,35.67
5E,20,8.0,45.0,70.0,269.0,53.0,339.0,271.13,1941.77,23.91,46429.76,2579.43,0.6473,13.0,42.0,37.0,0.0,39.82,39.82
5E,21,8.0,51.0,63.0,293.0,59.0,356.0,313.29,2094.22,22.98,48126.02,2673.67,0.6981,12.0,43.0,37.0,0.0,39.5,39.5
5E,22,8.0,43.0,70.0,262.0,51.0,332.0,257.33,1883.25,24.37,45898.63,2549.92,0.6277,13.0,32.0,29.0,0.0,42.49,42.49
5E,23,8.0,39.0,41.0,165.0,47.0,206.0,230.13,1144.25,16.92,19364.15,1075.79,0.3814,7.0,29.0,23.0,0.0,45.74,45.74
5E,24,8.0,44.0,70.0,263.0,52.0,333.0,264.21,1898.25,23.91,45385.35,2521.41,0.6327,13.0,32.0,29.0,0.0,42.46,42.46
5E,25,8.0,43.0,66.0,245.0,51.0,311.0,257.33,1764.12,22.79,40205.62,2233.65,0.588,11.0,39.0,34.0,0.0,41.08,41.08
5E,26,8.0,44.0,70.0,265.0,52.0,335.0,264.21,1909.65,24.09,46005.14,2555.84,0.6365,13.0,41.0,38.0,0.0,40.1,40.1
5E,27,8.0,43.0,66.0,240.0,51.0,306.0,257.33,1735.76,22.33,38751.9,2152.88,0.5786,11.0,34.0,31.0,0.0,42.43,42.43
5E,28,8.0,43.0,66.0,240.0,51.0,306.0,257.33,1735.76,22.33,38751.9,2152.88,0.5786,11.0,37.0,34.0,0.0,41.63,41.63
5E,29,8.0,54.0,67.0,337.0,62.0,404.0,334.76,2405.5,24.96,60048.29,3336.02,0.8018,14.0,38.0,32.0,0.0,39.98,39.98
5E,30,8.0,52.0,79.0,310.0,60.0,389.0,320.42,2297.78,23.85,54793.23,3044.07,0.7659,14.0,48.0,38.0,0.0,37.91,37.91
5E,31,9.0,47.0,72.0,274.0,56.0,346.0,289.6,2009.34,26.23,52713.24,2928.51,0.6698,13.0,42.0,39.0,0.0,39.71,39.71
5E,32,8.0,43.0,67.0,262.0,51.0,329.0,257.33,1866.23,24.37,45483.88,2526.88,0.6221,13.0,32.0,29.0,0.0,42.51,42.51
68B,1,8.0,49.0,58.0,185.0,57.0,243.0,299.12,1417.39,15.1,21405.52,1189.2,0.4725,8.0,32.0,28.0,0.0,44.02,44.02
68B,2,8.0,56.0,64.0,216.0,64.0,280.0,349.21,1680.0,15.43,25920.0,1440.0,0.56,8.0,41.0,36.0,0.0,41.16,41.16
68B,3,8.0,54.0,59.0,204.0,62.0,263.0,334.76,1565.95,15.11,23663.3,1314.63,0.522,8.0,38.0,34.0,0.0,42.09,42.09
68B,4,8.0,55.0,61.0,210.0,63.0,271.0,341.97,1619.84,15.27,24739.42,1374.41,0.5399,8.0,40.0,36.0,0.0,41.5,41.5
68B,5,8.0,54.0,66.0,225.0,62.0,291.0,334.76,1732.67,16.67,28877.85,1604.33,0.5776,8.0,41.0,36.0,0.0,41.07,41.07
68B,6,7.0,42.0,39.0,125.0,49.0,164.0,246.13,920.81,10.42,9591.8,532.88,0.3069,4.0,22.0,18.0,0.0,49.42,49.42
68B,7,8.0,51.0,60.0,192.0,59.0,252.0,313.29,1482.43,15.06,22323.59,1240.2,0.4941,8.0,39.0,34.0,0.0,42.01,42.01
68B,8,8.0,51.0,59.0,190.0,59.0,249.0,313.29,1464.78,14.9,21828.07,1212.67,0.4883,8.0,38.0,33.0,0.0,42.3,42.3
68B,9,8.0,50.0,59.0,195.0,58.0,254.0,306.19,1487.93,15.6,23211.66,1289.54,0.496,8.0,38.0,34.0,0.0,42.25,42.25
68B,10,8.0,52.0,64.0,221.0,60.0,285.0,320.42,1683.46,17.0,28618.88,1589.94,0.5612,9.0,40.0,36.0,0.0,41.25,41.25
68B,11,8.0,48.0,57.0,190.0,56.0,247.0,292.08,1434.42,15.83,22711.6,1261.76,0.4781,8.0,37.0,33.0,0.0,42.61,42.61
68B,12,8.0,48.0,57.0,190.0,56.0,247.0,292.08,1434.42,15.83,22711.6,1261.76,0.4781,8.0,37.0,33.0,0.0,42.61,42.61
68B,13,8.0,51.0,60.0,193.0,59.0,253.0,313.29,1488.31,15.14,22528.91,1251.61,0.4961,8.0,38.0,33.0,0.0,42.25,42.25
68B,14,8.0,52.0,61.0,209.0,60.0,270.0,320.42,1594.86,16.08,25640.45,1424.47,0.5316,8.0,38.0,34.0,0.0,42.04,42.04
68B,15,8.0,53.0,63.0,221.0,61.0,284.0,327.58,1684.33,16.68,28093.34,1560.74,0.5614,9.0,41.0,37.0,0.0,41.02,41.02
68B,16,8.0,49.0,59.0,187.0,57.0,246.0,299.12,1434.89,15.27,21904.05,1216.89,0.4783,8.0,33.0,29.0,0.0,43.7,43.7
68B,17,8.0,48.0,60.0,199.0,56.0,259.0,292.08,1504.1,16.58,24943.07,1385.73,0.5014,8.0,37.0,33.0,0.0,42.47,42.47
68B,18,8.0,51.0,59.0,192.0,59.0,251.0,313.29,1476.54,15.06,22235.01,1235.28,0.4922,8.0,38.0,33.0,0.0,42.27,42.27
68B,19,8.0,48.0,57.0,190.0,56.0,247.0,292.08,1434.42,15.83,22711.6,1261.76,0.4781,8.0,37.0,33.0,0.0,42.61,42.61
68B,20,7.0,52.0,67.0,216.0,59.0,283.0,316.07,1664.79,14.54,24203.46,1344.64,0.5549,8.0,39.0,35.0,0.0,41.66,41.66
68B,21,8.0,52.0,60.0,194.0,60.0,254.0,320.42,1500.35,14.92,22389.84,1243.88,0.5001,8.0,39.0,34.0,0.0,41.98,41.98
68B,22,8.0,51.0,59.0,190.0,59.0,249.0,313.29,1464.78,14.9,21828.07,1212.67,0.4883,8.0,38.0,33.0,0.0,42.3,42.3
68B,23,8.0,51.0,61.0,196.0,59.0,257.0,313.29,1511.84,15.37,23240.82,1291.16,0.5039,8.0,39.0,34.0,0.0,41.95,41.95
68B,24,8.0,48.0,60.0,199.0,56.0,259.0,292.08,1504.1,16.58,24943.07,1385.73,0.5014,8.0,37.0,33.0,0.0,42.47,42.47
68B,25,8.0,49.0,58.0,185.0,57.0,243.0,299.12,1417.39,15.1,21405.52,1189.2,0.4725,8.0,32.0,28.0,0.0,44.02,44.02
68B,26,8.0,51.0,59.0,190.0,59.0,249.0,313.29,1464.78,14.9,21828.07,1212.67,0.4883,8.0,38.0,33.0,0.0,42.3,42.3
68B,27,8.0,48.0,57.0,190.0,56.0,247.0,292.08,1434.42,15.83,22711.6,1261.76,0.4781,8.0,37.0,33.0,0.0,42.61,42.61
68B,28,8.0,50.0,59.0,195.0,58.0,254.0,306.19,1487.93,15.6,23211.66,1289.54,0.496,8.0,38.0,34.0,0.0,42.25,42.25
68B,29,8.0,58.0,65.0,224.0,66.0,289.0,363.76,1746.83,15.45,26985.51,1499.2,0.5823,9.0,43.0,38.0,0.0,40.45,40.45
68B,30,8.0,56.0,64.0,216.0,64.0,280.0,349.21,1680.0,15.43,25920.0,1440.0,0.56,8.0,41.0,36.0,0.0,41.16,41.16
68B,31,7.0,41.0,38.0,121.0,48.0,159.0,239.31,888.01,10.33,9172.48,509.58,0.296,4.0,20.0,16.0,0.0,50.44,50.44
68B,32,8.0,51.0,59.0,192.0,59.0,251.0,313.29,1476.54,15.06,22235.01,1235.28,0.4922,8.0,38.0,33.0,0.0,42.27,42.27
74B,1,10.0,57.0,124.0,349.0,67.0,473.0,365.69,2869.26,30.61,87839.63,4879.98,0.9564,20.0,85.0,77.0,0.05,43.86,31.01
74B,2,9.0,84.0,125.0,346.0,93.0,471.0,565.48,3079.94,18.54,57088.96,3171.61,1.0266,18.0,81.0,65.0,0.16,52.66,31.52
74B,3,7.0,129.0,187.0,593.0,136.0,780.0,924.1,5528.22,16.09,88944.36,4941.35,1.8427,20.0,116.0,82.0,0.28,51.92,26.07
74B,4,7.0,122.0,162.0,530.0,129.0,692.0,865.2,4851.77,15.2,73770.75,4098.38,1.6173,18.0,109.0,82.0,0.22,51.24,27.33
74B,5,11.0,85.0,140.0,341.0,96.0,481.0,582.85,3167.37,22.06,69887.02,3882.61,1.0558,18.0,76.0,62.0,0.16,53.5,32.04
74B,6,7.0,82.0,125.0,344.0,89.0,469.0,540.97,3037.12,14.68,44593.8,2477.43,1.0124,16.0,80.0,67.0,0.14,52.27,31.95
74B,7,8.0,157.0,179.0,664.0,165.0,843.0,1169.26,6209.81,16.92,105052.58,5836.25,2.0699,21.0,120.0,88.0,0.24,49.95,25.26
74B,8,12.0,122.0,142.0,399.0,134.0,541.0,888.57,3822.75,19.62,75013.72,4167.43,1.2743,21.0,77.0,58.0,0.23,55.13,30.94
74B,9,10.0,151.0,136.0,480.0,161.0,616.0,1126.22,4515.84,15.89,71775.02,3987.5,1.5053,10.0,67.0,35.0,0.46,62.0,33.23
74B,10,8.0,129.0,178.0,631.0,137.0,809.0,928.45,5742.31,19.57,112353.37,6241.85,1.9141,24.0,121.0,94.0,0.21,48.6,25.02
74B,11,8.0,133.0,144.0,478.0,141.0,622.0,962.35,4440.8,14.38,63840.69,3546.7,1.4803,15.0,94.0,64.0,0.29,55.46,29.4
74B,12,9.0,144.0,164.0,569.0,153.0,733.0,1061.0,5319.67,17.78,94590.3,5255.02,1.7732,15.0,107.0,68.0,0.34,54.8,27.62
74B,13,9.0,125.0,129.0,386.0,134.0,515.0,899.25,3639.04,13.9,50568.04,2809.34,1.213,14.0,86.0,61.0,0.26,56.14,30.98
74B,14,11.0,100.0,121.0,333.0,111.0,454.0,702.44,3084.66,18.32,56495.64,3138.65,1.0282,16.0,71.0,55.0,0.18,55.31,33.03
74B,15,11.0,116.0,150.0,393.0,127.0,543.0,833.58,3794.86,18.63,70711.9,3928.44,1.265,17.0,75.0,54.0,0.26,57.03,31.75
74B,16,11.0,137.0,143.0,395.0,148.0,538.0,1010.48,3878.69,15.86,61506.9,3417.05,1.2929,13.0,70.0,43.0,0.37,60.54,32.87
74B,17,11.0,107.0,129.0,348.0,118.0,477.0,759.39,3283.02,17.89,58726.18,3262.57,1.0943,17.0,67.0,50.0,0.21,56.69,33.26
74B,18,8.0,86.0,107.0,321.0,94.0,428.0,576.66,2805.36,14.93,41884.74,2326.93,0.9351,12.0,75.0,57.0,0.2,56.4,33.34
74B,19,9.0,117.0,124.0,396.0,126.0,520.0,832.36,3628.19,15.23,55260.06,3070.0,1.2094,14.0,87.0,64.0,0.23,55.15,30.88
74B,20,6.0,117.0,129.0,471.0,123.0,600.0,819.34,4165.51,12.08,50306.53,2794.81,1.3885,16.0,97.0,73.0,0.22,52.93,29.16
74B,21,13.0,69.0,122.0,260.0,82.0,382.0,469.59,2428.58,24.49,59482.73,3304.6,0.8095,17.0,55.0,44.0,0.17,57.88,36.04
74B,22,9.0,61.0,141.0,371.0,70.0,512.0,390.3,3138.19,27.37,85888.74,4771.6,1.0461,21.0,88.0,81.0,0.06,44.13,30.27
74B,23,11.0,133.0,175.0,526.0,144.0,701.0,976.41,5026.12,21.75,109327.5,6073.75,1.6754,15.0,89.0,57.0,0.33,56.52,29.54
74B,24,10.0,133.0,181.0,552.0,143.0,733.0,971.57,5248.19,20.75,108909.72,6050.54,1.7494,23.0,109.0,80.0,0.24,51.0,26.41
74B,25,12.0,84.0,150.0,363.0,96.0,513.0,579.97,3378.09,25.93,87588.94,4866.05,1.126,20.0,82.0,66.0,0.15,51.89,30.85
74B,26,10.0,107.0,146.0,430.0,117.0,576.0,754.56,3957.33,20.09,79516.45,4417.58,1.3191,19.0,94.0,72.0,0.2,52.39,29.21
74B,27,10.0,94.0,131.0,346.0,104.0,477.0,649.35,3196.11,18.4,58822.02,3267.89,1.0654,14.0,67.0,53.0,0.18,56.27,33.74
74B,28,12.0,90.0,122.0,327.0,102.0,449.0,627.29,2995.92,21.8,65311.03,3628.39,0.9986,17.0,70.0,55.0,0.19,55.93,33.12
74B,29,8.0,108.0,112.0,390.0,116.0,502.0,753.53,3442.71,14.44,49727.98,2762.67,1.1476,15.0,83.0,62.0,0.22,55.13,31.35
74B,30,7.0,111.0,109.0,363.0,118.0,472.0,773.83,3248.61,11.45,37183.39,2065.74,1.0829,11.0,76.0,52.0,0.28,58.67,32.9
74B,31,8.0,145.0,154.0,517.0,153.0,671.0,1065.09,4869.71,14.26,69452.1,3858.45,1.6232,17.0,99.0,75.0,0.23,52.56,28.36
74B,32,8.0,96.0,134.0,437.0,104.0,571.0,656.16,3825.95,18.21,69664.19,3870.23,1.2753,19.0,94.0,78.0,0.13,49.19,29.32
77A,8,10.0,84.0,248.0,749.0,94.0,997.0,570.17,6534.93,44.58,291348.74,16186.04,2.1783,56.0,93.0,85.0,0.0,22.81,22.81
77A,9,10.0,105.0,178.0,700.0,115.0,878.0,738.22,6010.34,33.33,200344.68,11130.26,2.0034,23.0,99.0,88.0,0.02,35.7,26.91
77A,12,10.0,105.0,178.0,700.0,115.0,878.0,738.22,6010.34,33.33,200344.68,11130.26,2.0034,23.0,99.0,88.0,0.02,35.7,26.91
77A,14,10.0,101.0,283.0,737.0,111.0,1020.0,705.7,6930.3,36.49,252853.18,14047.4,2.3101,67.0,88.0,75.0,0.06,36.0,21.68
77A,23,9.0,86.0,186.0,615.0,95.0,801.0,581.19,5262.45,32.18,169347.0,9408.17,1.7542,37.0,82.0,73.0,0.0,27.22,27.22
77A,25,8.0,89.0,151.0,647.0,97.0,798.0,600.34,5266.73,29.08,153149.42,8508.3,1.7556,28.0,86.0,78.0,0.0,27.98,27.98
77A,30,11.0,108.0,146.0,633.0,119.0,779.0,767.58,5371.06,32.24,173142.18,9619.01,1.7904,23.0,93.0,80.0,0.06,41.77,27.85
78A,1,7.0,49.0,50.0,163.0,56.0,213.0,294.77,1236.97,11.64,14401.83,800.1,0.4123,11.0,29.0,25.0,0.0,44.97,44.97
78A,2,7.0,49.0,50.0,163.0,56.0,213.0,294.77,1236.97,11.64,14401.83,800.1,0.4123,11.0,29.0,25.0,0.0,44.97,44.97
78A,3,7.0,50.0,50.0,163.0,57.0,213.0,301.84,1242.41,11.41,14175.85,787.55,0.4141,11.0,29.0,25.0,0.0,44.95,44.95
78A,4,7.0,50.0,50.0,163.0,57.0,213.0,301.84,1242.41,11.41,14175.85,787.55,0.4141,11.0,30.0,26.0,0.0,44.63,44.63
78A,5,7.0,49.0,50.0,163.0,56.0,213.0,294.77,1236.97,11.64,14401.83,800.1,0.4123,11.0,29.0,25.0,0.0,44.97,44.97
78A,6,7.0,49.0,50.0,163.0,56.0,213.0,294.77,1236.97,11.64,14401.83,800.1,0.4123,11.0,29.0,25.0,0.0,44.97,44.97
78A,7,7.0,49.0,50.0,163.0,56.0,213.0,294.77,1236.97,11.64,14401.83,800.1,0.4123,11.0,29.0,25.0,0.0,44.97,44.97
78A,8,7.0,49.0,50.0,163.0,56.0,213.0,294.77,1236.97,11.64,14401.83,800.1,0.4123,11.0,29.0,25.0,0.0,44.97,44.97
78A,9,7.0,48.0,48.0,145.0,55.0,193.0,287.73,1115.8,10.57,11797.29,655.4,0.3719,11.0,27.0,24.0,0.0,45.96,45.96
78A,10,7.0,49.0,50.0,163.0,56.0,213.0,294.77,1236.97,11.64,14401.83,800.1,0.4123,11.0,29.0,25.0,0.0,44.97,44.97
78A,11,7.0,48.0,46.0,157.0,55.0,203.0,287.73,1173.62,11.45,13435.46,746.41,0.3912,11.0,28.0,24.0,0.0,45.46,45.46
78A,12,7.0,50.0,50.0,163.0,57.0,213.0,301.84,1242.41,11.41,14175.85,787.55,0.4141,11.0,29.0,25.0,0.0,44.95,44.95
78A,13,7.0,49.0,50.0,163.0,56.0,213.0,294.77,1236.97,11.64,14401.83,800.1,0.4123,11.0,29.0,25.0,0.0,44.97,44.97
78A,14,7.0,49.0,50.0,163.0,56.0,213.0,294.77,1236.97,11.64,14401.83,800.1,0.4123,11.0,29.0,25.0,0.0,44.97,44.97
78A,15,7.0,49.0,46.0,157.0,56.0,203.0,294.77,1178.89,11.21,13220.44,734.47,0.393,11.0,28.0,24.0,0.0,45.45,45.45
78A,16,7.0,50.0,50.0,163.0,57.0,213.0,301.84,1242.41,11.41,14175.85,787.55,0.4141,11.0,29.0,25.0,0.0,44.95,44.95
78A,17,7.0,49.0,50.0,163.0,56.0,213.0,294.77,1236.97,11.64,14401.83,800.1,0.4123,11.0,29.0,25.0,0.0,44.97,44.97
78A,18,7.0,49.0,50.0,163.0,56.0,213.0,294.77,1236.97,11.64,14401.83,800.1,0.4123,11.0,29.0,25.0,0.0,44.97,44.97
78A,19,7.0,48.0,48.0,145.0,55.0,193.0,287.73,1115.8,10.57,11797.29,655.4,0.3719,11.0,27.0,24.0,0.0,45.96,45.96
78A,20,7.0,49.0,50.0,163.0,56.0,213.0,294.77,1236.97,11.64,14401.83,800.1,0.4123,11.0,29.0,25.0,0.0,44.97,44.97
78A,21,7.0,49.0,50.0,163.0,56.0,213.0,294.77,1236.97,11.64,14401.83,800.1,0.4123,11.0,29.0,25.0,0.0,44.97,44.97
78A,22,7.0,49.0,50.0,163.0,56.0,213.0,294.77,1236.97,11.64,14401.83,800.1,0.4123,11.0,29.0,25.0,0.0,44.97,44.97
78A,23,7.0,49.0,50.0,163.0,56.0,213.0,294.77,1236.97,11.64,14401.83,800.1,0.4123,11.0,29.0,25.0,0.0,44.97,44.97
78A,24,7.0,48.0,48.0,145.0,55.0,193.0,287.73,1115.8,10.57,11797.29,655.4,0.3719,11.0,27.0,24.0,0.0,45.96,45.96
78A,25,7.0,49.0,50.0,163.0,56.0,213.0,294.77,1236.97,11.64,14401.83,800.1,0.4123,11.0,29.0,25.0,0.0,44.97,44.97
78A,26,7.0,49.0,50.0,163.0,56.0,213.0,294.77,1236.97,11.64,14401.83,800.1,0.4123,11.0,29.0,25.0,0.0,44.97,44.97
78A,27,7.0,49.0,50.0,163.0,56.0,213.0,294.77,1236.97,11.64,14401.83,800.1,0.4123,11.0,29.0,25.0,0.0,44.97,44.97
78A,28,7.0,49.0,50.0,163.0,56.0,213.0,294.77,1236.97,11.64,14401.83,800.1,0.4123,11.0,29.0,25.0,0.0,44.97,44.97
78A,29,7.0,50.0,50.0,163.0,57.0,213.0,301.84,1242.41,11.41,14175.85,787.55,0.4141,11.0,29.0,25.0,0.0,44.95,44.95
78A,30,7.0,48.0,46.0,157.0,55.0,203.0,287.73,1173.62,11.45,13435.46,746.41,0.3912,11.0,28.0,24.0,0.0,45.46,45.46
78A,31,7.0,49.0,50.0,163.0,56.0,213.0,294.77,1236.97,11.64,14401.83,800.1,0.4123,11.0,29.0,25.0,0.0,44.97,44.97
78A,32,7.0,48.0,46.0,157.0,55.0,203.0,287.73,1173.62,11.45,13435.46,746.41,0.3912,11.0,28.0,24.0,0.0,45.46,45.46
79B,1,9.0,54.0,76.0,221.0,63.0,297.0,339.29,1775.25,18.42,32694.23,1816.35,0.5918,12.0,33.0,31.0,0.0,42.51,42.51
79B,2,10.0,61.0,84.0,245.0,71.0,329.0,394.99,2023.27,20.08,40631.18,2257.29,0.6744,10.0,39.0,37.0,0.0,40.8,40.8
79B,3,8.0,54.0,72.0,213.0,62.0,285.0,334.76,1696.95,15.78,26774.04,1487.45,0.5656,12.0,34.0,32.0,0.0,42.36,42.36
79B,4,10.0,66.0,89.0,258.0,76.0,347.0,432.15,2168.03,19.55,42375.15,2354.17,0.7227,13.0,44.0,42.0,0.0,39.04,39.04
79B,5,9.0,54.0,76.0,221.0,63.0,297.0,339.29,1775.25,18.42,32694.23,1816.35,0.5918,12.0,33.0,31.0,0.0,42.51,42.51
79B,6,9.0,59.0,81.0,233.0,68.0,314.0,375.61,1911.46,17.77,33968.97,1887.17,0.6372,10.0,36.0,34.0,0.0,41.73,41.73
79B,7,9.0,58.0,81.0,234.0,67.0,315.0,368.29,1910.82,18.16,34691.23,1927.29,0.6369,10.0,36.0,34.0,0.0,41.73,41.73
79B,8,8.0,60.0,96.0,290.0,68.0,386.0,378.41,2349.76,19.33,45428.71,2523.82,0.7833,15.0,46.0,44.0,0.0,38.11,38.11
79B,9,10.0,61.0,84.0,245.0,71.0,329.0,394.99,2023.27,20.08,40631.18,2257.29,0.6744,10.0,39.0,37.0,0.0,40.8,40.8
79B,10,9.0,54.0,76.0,221.0,63.0,297.0,339.29,1775.25,18.42,32694.23,1816.35,0.5918,12.0,33.0,31.0,0.0,42.51,42.51
79B,11,11.0,59.0,84.0,242.0,70.0,326.0,385.13,1998.15,22.56,45076.83,2504.27,0.666,10.0,38.0,36.0,0.0,41.08,41.08
79B,12,10.0,66.0,89.0,258.0,76.0,347.0,432.15,2168.03,19.55,42375.15,2354.17,0.7227,13.0,44.0,42.0,0.0,39.04,39.04
79B,13,10.0,66.0,89.0,258.0,76.0,347.0,432.15,2168.03,19.55,42375.15,2354.17,0.7227,13.0,44.0,42.0,0.0,39.04,39.04
79B,14,9.0,59.0,81.0,236.0,68.0,317.0,375.61,1929.73,18.0,34735.06,1929.73,0.6432,10.0,37.0,35.0,0.0,41.44,41.44
79B,15,10.0,66.0,89.0,258.0,76.0,347.0,432.15,2168.03,19.55,42375.15,2354.17,0.7227,13.0,44.0,42.0,0.0,39.04,39.04
79B,16,11.0,61.0,90.0,262.0,72.0,352.0,399.83,2171.81,23.62,51304.65,2850.26,0.7239,13.0,41.0,39.0,0.0,39.71,39.71
79B,17,10.0,66.0,89.0,258.0,76.0,347.0,432.15,2168.03,19.55,42375.15,2354.17,0.7227,13.0,44.0,42.0,0.0,39.04,39.04
79B,18,9.0,58.0,81.0,234.0,67.0,315.0,368.29,1910.82,18.16,34691.23,1927.29,0.6369,10.0,36.0,34.0,0.0,41.73,41.73
79B,19,8.0,54.0,72.0,213.0,62.0,285.0,334.76,1696.95,15.78,26774.04,1487.45,0.5656,12.0,34.0,32.0,0.0,42.36,42.36
79B,20,9.0,58.0,81.0,234.0,67.0,315.0,368.29,1910.82,18.16,34691.23,1927.29,0.6369,10.0,36.0,34.0,0.0,41.73,41.73
79B,21,9.0,60.0,82.0,240.0,69.0,322.0,382.94,1966.94,18.0,35405.01,1966.94,0.6556,10.0,38.0,36.0,0.0,41.13,41.13
79B,22,10.0,66.0,89.0,258.0,76.0,347.0,432.15,2168.03,19.55,42375.15,2354.17,0.7227,13.0,44.0,42.0,0.0,39.04,39.04
79B,23,9.0,58.0,81.0,234.0,67.0,315.0,368.29,1910.82,18.16,34691.23,1927.29,0.6369,10.0,36.0,34.0,0.0,41.73,41.73
79B,24,11.0,61.0,90.0,262.0,72.0,352.0,399.83,2171.81,23.62,51304.65,2850.26,0.7239,13.0,41.0,39.0,0.0,39.71,39.71
79B,25,10.0,66.0,89.0,258.0,76.0,347.0,432.15,2168.03,19.55,42375.15,2354.17,0.7227,13.0,44.0,42.0,0.0,39.04,39.04
79B,26,9.0,60.0,82.0,240.0,69.0,322.0,382.94,1966.94,18.0,35405.01,1966.94,0.6556,10.0,38.0,36.0,0.0,41.13,41.13
79B,27,10.0,66.0,89.0,258.0,76.0,347.0,432.15,2168.03,19.55,42375.15,2354.17,0.7227,13.0,44.0,42.0,0.0,39.04,39.04
79B,28,9.0,54.0,76.0,221.0,63.0,297.0,339.29,1775.25,18.42,32694.23,1816.35,0.5918,12.0,33.0,31.0,0.0,42.51,42.51
79B,29,9.0,54.0,76.0,221.0,63.0,297.0,339.29,1775.25,18.42,32694.23,1816.35,0.5918,12.0,33.0,31.0,0.0,42.51,42.51
79B,30,11.0,59.0,84.0,242.0,70.0,326.0,385.13,1998.15,22.56,45076.83,2504.27,0.666,10.0,38.0,36.0,0.0,41.08,41.08
79B,31,9.0,54.0,76.0,221.0,63.0,297.0,339.29,1775.25,18.42,32694.23,1816.35,0.5918,12.0,33.0,31.0,0.0,42.51,42.51
79B,32,10.0,66.0,89.0,258.0,76.0,347.0,432.15,2168.03,19.55,42375.15,2354.17,0.7227,13.0,44.0,42.0,0.0,39.04,39.04
8E,1,9.0,56.0,78.0,379.0,65.0,457.0,353.74,2752.22,30.46,83819.91,4656.66,0.9174,16.0,54.0,52.0,0.0,35.97,35.97
8E,2,10.0,49.0,60.0,244.0,59.0,304.0,308.34,1788.32,24.9,44525.61,2473.64,0.5961,12.0,38.0,36.0,0.0,41.15,41.15
8E,3,9.0,49.0,56.0,237.0,58.0,293.0,303.65,1716.39,21.77,37357.72,2075.43,0.5721,11.0,39.0,37.0,0.0,41.16,41.16
8E,4,10.0,59.0,67.0,354.0,69.0,421.0,380.3,2571.69,30.0,77150.66,4286.15,0.8572,13.0,47.0,45.0,0.0,37.9,37.9
8E,5,10.0,50.0,68.0,288.0,60.0,356.0,315.41,2102.85,28.8,60562.17,3364.56,0.701,14.0,42.0,40.0,0.0,39.44,39.44
8E,6,9.0,73.0,50.0,251.0,82.0,301.0,480.39,1913.62,15.47,29608.73,1644.93,0.6379,7.0,33.0,28.0,0.1,60.34,42.95
8E,7,9.0,48.0,56.0,237.0,57.0,293.0,296.61,1709.04,22.22,37972.66,2109.59,0.5697,11.0,39.0,37.0,0.0,41.18,41.18
8E,8,10.0,69.0,79.0,344.0,79.0,423.0,454.71,2666.5,24.93,66469.26,3692.74,0.8888,15.0,44.0,40.0,0.05,50.77,38.14
8E,9,9.0,56.0,78.0,379.0,65.0,457.0,353.74,2752.22,30.46,83819.91,4656.66,0.9174,16.0,54.0,52.0,0.0,35.97,35.97
8E,10,9.0,56.0,78.0,379.0,65.0,457.0,353.74,2752.22,30.46,83819.91,4656.66,0.9174,16.0,54.0,52.0,0.0,35.97,35.97
8E,11,8.0,49.0,72.0,312.0,57.0,384.0,299.12,2239.83,25.47,57047.09,3169.28,0.7466,14.0,48.0,46.0,0.0,37.98,37.98
8E,12,8.0,57.0,101.0,421.0,65.0,522.0,356.47,3143.68,29.54,92876.32,5159.8,1.0479,18.0,70.0,67.0,0.0,32.84,32.84
8E,13,9.0,60.0,123.0,514.0,69.0,637.0,382.94,3891.13,38.55,150003.06,8333.5,1.297,22.0,83.0,81.0,0.0,30.04,30.04
8E,14,10.0,49.0,68.0,288.0,59.0,356.0,308.34,2094.22,29.39,61544.45,3419.14,0.6981,14.0,42.0,40.0,0.0,39.45,39.45
8E,15,9.0,47.0,55.0,229.0,56.0,284.0,289.6,1649.29,21.93,36161.53,2008.97,0.5498,11.0,35.0,33.0,0.0,42.31,42.31
8E,16,9.0,47.0,41.0,153.0,56.0,194.0,289.6,1126.63,14.65,16503.88,916.88,0.3755,6.0,25.0,23.0,0.0,47.33,47.33
8E,17,8.0,49.0,72.0,312.0,57.0,384.0,299.12,2239.83,25.47,57047.09,3169.28,0.7466,14.0,48.0,46.0,0.0,37.98,37.98
8E,18,10.0,78.0,65.0,283.0,88.0,348.0,523.48,2247.88,18.14,40778.89,2265.49,0.7493,13.0,35.0,31.0,0.06,55.22,41.1
8E,19,9.0,56.0,78.0,379.0,65.0,457.0,353.74,2752.22,30.46,83819.91,4656.66,0.9174,16.0,54.0,52.0,0.0,35.97,35.97
8E,20,6.0,60.0,76.0,417.0,66.0,493.0,369.92,2979.89,20.85,62130.63,3451.7,0.9933,15.0,60.0,58.0,0.0,34.87,34.87
8E,21,9.0,58.0,94.0,438.0,67.0,532.0,368.29,3227.16,33.98,109667.78,6092.65,1.0757,19.0,65.0,63.0,0.0,33.33,33.33
8E,22,9.0,59.0,90.0,443.0,68.0,533.0,375.61,3244.62,33.79,109629.58,6090.53,1.0815,20.0,68.0,66.0,0.0,32.75,32.75
8E,23,9.0,60.0,127.0,614.0,69.0,741.0,382.94,4526.42,46.05,208441.49,11580.08,1.5088,27.0,85.0,83.0,0.0,28.68,28.68
8E,24,9.0,49.0,83.0,368.0,58.0,451.0,303.65,2641.95,33.8,89287.11,4960.39,0.8806,16.0,55.0,53.0,0.0,35.92,35.92
8E,25,10.0,58.0,61.0,279.0,68.0,340.0,372.98,2069.74,24.05,49780.75,2765.6,0.6899,12.0,40.0,38.0,0.0,40.22,40.22
8E,26,10.0,50.0,68.0,288.0,60.0,356.0,315.41,2102.85,28.8,60562.17,3364.56,0.701,14.0,42.0,40.0,0.0,39.44,39.44
8E,27,10.0,51.0,74.0,319.0,61.0,393.0,322.51,2330.78,31.27,72893.99,4049.67,0.7769,15.0,48.0,46.0,0.0,37.73,37.73
8E,28,9.0,54.0,77.0,365.0,63.0,442.0,339.29,2641.96,30.42,80359.55,4464.42,0.8807,16.0,52.0,50.0,0.0,36.45,36.45
8E,29,10.0,50.0,68.0,288.0,60.0,356.0,315.41,2102.85,28.8,60562.17,3364.56,0.701,14.0,42.0,40.0,0.0,39.44,39.44
8E,30,8.0,58.0,63.0,306.0,66.0,369.0,363.76,2230.38,21.1,47068.74,2614.93,0.7435,12.0,43.0,41.0,0.0,39.31,39.31
8E,31,9.0,55.0,96.0,416.0,64.0,512.0,346.5,3072.0,34.04,104559.71,5808.87,1.024,20.0,64.0,62.0,0.0,33.49,33.49
8E,32,9.0,56.0,78.0,379.0,65.0,457.0,353.74,2752.22,30.46,83819.91,4656.66,0.9174,16.0,54.0,52.0,0.0,35.97,35.97
85A,1,7.0,46.0,77.0,250.0,53.0,327.0,273.74,1873.03,19.02,35628.29,1979.35,0.6243,6.0,44.0,41.0,0.0,40.43,40.43
85A,2,8.0,53.0,60.0,249.0,61.0,309.0,327.58,1832.6,18.79,34439.01,1913.28,0.6109,7.0,42.0,36.0,0.05,54.03,40.8
85A,3,7.0,41.0,64.0,154.0,48.0,218.0,239.31,1217.52,13.15,16005.96,889.22,0.4058,5.0,35.0,32.0,0.0,44.04,44.04
85A,4,7.0,39.0,76.0,209.0,46.0,285.0,225.78,1574.22,18.76,29526.63,1640.37,0.5247,5.0,37.0,34.0,0.0,42.73,42.73
85A,5,7.0,52.0,77.0,346.0,59.0,423.0,316.07,2488.36,23.29,57950.03,3219.45,0.8295,6.0,46.0,40.0,0.07,54.19,39.14
85A,6,8.0,63.0,58.0,320.0,71.0,378.0,400.57,2324.6,20.32,47230.06,2623.89,0.7749,10.0,54.0,47.0,0.04,49.04,37.29
85A,7,7.0,41.0,64.0,154.0,48.0,218.0,239.31,1217.52,13.15,16005.96,889.22,0.4058,5.0,35.0,32.0,0.0,44.04,44.04
85A,8,7.0,37.0,64.0,154.0,44.0,218.0,212.4,1190.16,14.57,17337.68,963.2,0.3967,5.0,35.0,32.0,0.0,44.11,44.11
85A,9,6.0,44.0,68.0,198.0,50.0,266.0,255.72,1501.27,13.5,20267.09,1125.95,0.5004,5.0,38.0,35.0,0.0,42.62,42.62
85A,10,6.0,35.0,49.0,119.0,41.0,168.0,195.03,900.07,10.2,9180.7,510.04,0.3,4.0,28.0,25.0,0.0,47.21,47.21
85A,11,7.0,41.0,64.0,154.0,48.0,218.0,239.31,1217.52,13.15,16005.96,889.22,0.4058,5.0,35.0,32.0,0.0,44.04,44.04
85A,12,7.0,39.0,76.0,195.0,46.0,271.0,225.78,1496.89,17.5,26195.49,1455.31,0.499,5.0,37.0,34.0,0.0,42.89,42.89
85A,13,8.0,49.0,57.0,238.0,57.0,295.0,299.12,1720.7,19.43,33430.79,1857.27,0.5736,7.0,42.0,36.0,0.05,54.22,40.99
85A,14,7.0,48.0,71.0,323.0,55.0,394.0,287.73,2277.86,23.55,53648.25,2980.46,0.7593,6.0,43.0,38.0,0.05,52.97,40.05
85A,15,7.0,59.0,79.0,372.0,66.0,451.0,366.73,2726.02,22.07,60157.29,3342.07,0.9087,8.0,52.0,44.0,0.1,55.22,37.44
85A,16,7.0,45.0,67.0,204.0,52.0,271.0,266.78,1544.82,15.87,24511.13,1361.73,0.5149,6.0,41.0,38.0,0.0,41.68,41.68
85A,17,7.0,41.0,69.0,205.0,48.0,274.0,239.31,1530.28,17.5,26779.9,1487.77,0.5101,5.0,38.0,35.0,0.0,42.57,42.57
85A,18,7.0,48.0,71.0,323.0,55.0,394.0,287.73,2277.86,23.55,53648.25,2980.46,0.7593,6.0,43.0,38.0,0.05,52.97,40.05
85A,19,7.0,48.0,78.0,328.0,55.0,406.0,287.73,2347.23,23.92,56137.97,3118.78,0.7824,6.0,45.0,40.0,0.05,52.16,39.53
85A,20,7.0,41.0,69.0,205.0,48.0,274.0,239.31,1530.28,17.5,26779.9,1487.77,0.5101,5.0,38.0,35.0,0.0,42.57,42.57
85A,21,7.0,52.0,71.0,191.0,59.0,262.0,316.07,1541.25,12.86,19813.99,1100.78,0.5138,7.0,42.0,37.0,0.05,54.4,41.33
85A,22,7.0,47.0,75.0,321.0,54.0,396.0,280.72,2278.94,23.9,54476.25,3026.46,0.7596,6.0,43.0,38.0,0.05,52.97,40.05
85A,23,7.0,48.0,71.0,323.0,55.0,394.0,287.73,2277.86,23.55,53648.25,2980.46,0.7593,6.0,43.0,38.0,0.05,52.97,40.05
85A,24,7.0,60.0,99.0,451.0,67.0,550.0,374.06,3336.35,26.31,87773.78,4876.32,1.1121,6.0,55.0,48.0,0.08,52.28,36.56
85A,25,7.0,46.0,77.0,250.0,53.0,327.0,273.74,1873.03,19.02,35628.29,1979.35,0.6243,6.0,44.0,41.0,0.0,40.43,40.43
85A,26,7.0,48.0,93.0,340.0,55.0,433.0,287.73,2503.33,24.79,62061.69,3447.87,0.8344,8.0,52.0,48.0,0.02,46.12,37.69
85A,27,7.0,36.0,64.0,154.0,43.0,218.0,205.77,1182.93,14.97,17711.03,983.95,0.3943,5.0,35.0,32.0,0.0,44.13,44.13
85A,28,7.0,58.0,109.0,430.0,65.0,539.0,359.41,3246.06,25.95,84229.56,4679.42,1.082,10.0,68.0,65.0,0.0,34.09,34.09
85A,29,7.0,40.0,64.0,154.0,47.0,218.0,232.53,1210.9,13.47,16316.88,906.49,0.4036,5.0,35.0,32.0,0.0,44.06,44.06
85A,30,7.0,58.0,109.0,430.0,65.0,539.0,359.41,3246.06,25.95,84229.56,4679.42,1.082,10.0,68.0,65.0,0.0,34.09,34.09
85A,31,7.0,55.0,75.0,341.0,62.0,416.0,337.63,2476.95,21.7,53749.72,2986.1,0.8256,6.0,45.0,38.0,0.1,56.63,39.37
85A,32,7.0,39.0,54.0,122.0,46.0,176.0,225.78,972.15,10.95,10643.76,591.32,0.324,4.0,30.0,26.0,0.04,57.54,46.32
86A,1,8.0,39.0,33.0,148.0,47.0,181.0,230.13,1005.38,15.18,15261.16,847.84,0.3351,7.0,28.0,26.0,0.0,46.47,46.47
86A,2,8.0,37.0,33.0,147.0,45.0,180.0,216.75,988.53,15.89,15709.67,872.76,0.3295,7.0,29.0,25.0,0.0,46.19,46.19
86A,3,8.0,37.0,33.0,145.0,45.0,178.0,216.75,977.55,15.68,15323.75,851.32,0.3258,7.0,29.0,25.0,0.0,46.22,46.22
86A,4,8.0,38.0,33.0,128.0,46.0,161.0,223.42,889.29,13.47,11982.06,665.67,0.2964,6.0,27.0,25.0,0.0,47.32,47.32
86A,5,8.0,36.0,33.0,145.0,44.0,178.0,210.12,971.78,16.11,15656.44,869.8,0.3239,7.0,29.0,25.0,0.0,46.24,46.24
86A,6,8.0,37.0,33.0,145.0,45.0,178.0,216.75,977.55,15.68,15323.75,851.32,0.3258,7.0,29.0,25.0,0.0,46.22,46.22
86A,7,8.0,37.0,33.0,145.0,45.0,178.0,216.75,977.55,15.68,15323.75,851.32,0.3258,7.0,29.0,25.0,0.0,46.22,46.22
86A,8,8.0,38.0,32.0,144.0,46.0,176.0,223.42,972.15,15.16,14735.7,818.65,0.324,7.0,27.0,25.0,0.0,46.91,46.91
86A,9,8.0,38.0,34.0,151.0,46.0,185.0,223.42,1021.86,15.89,16242.18,902.34,0.3406,7.0,30.0,26.0,0.0,45.76,45.76
86A,10,8.0,38.0,33.0,146.0,46.0,179.0,223.42,988.72,15.37,15195.03,844.17,0.3296,7.0,28.0,26.0,0.0,46.52,46.52
86A,11,8.0,37.0,34.0,149.0,45.0,183.0,216.75,1005.01,16.11,16188.8,899.38,0.335,7.0,30.0,26.0,0.0,45.82,45.82
86A,12,8.0,38.0,34.0,151.0,46.0,185.0,223.42,1021.86,15.89,16242.18,902.34,0.3406,7.0,30.0,26.0,0.0,45.76,45.76
86A,13,8.0,37.0,33.0,147.0,45.0,180.0,216.75,988.53,15.89,15709.67,872.76,0.3295,7.0,29.0,25.0,0.0,46.19,46.19
86A,14,8.0,38.0,34.0,149.0,46.0,183.0,223.42,1010.81,15.68,15853.79,880.77,0.3369,7.0,30.0,26.0,0.0,45.8,45.8
86A,15,8.0,36.0,33.0,145.0,44.0,178.0,210.12,971.78,16.11,15656.44,869.8,0.3239,7.0,29.0,25.0,0.0,46.24,46.24
86A,16,8.0,37.0,34.0,149.0,45.0,183.0,216.75,1005.01,16.11,16188.8,899.38,0.335,7.0,30.0,26.0,0.0,45.82,45.82
86A,17,8.0,37.0,34.0,149.0,45.0,183.0,216.75,1005.01,16.11,16188.8,899.38,0.335,7.0,30.0,26.0,0.0,45.82,45.82
86A,18,8.0,37.0,33.0,147.0,45.0,180.0,216.75,988.53,15.89,15709.67,872.76,0.3295,7.0,29.0,25.0,0.0,46.19,46.19
86A,19,8.0,38.0,34.0,151.0,46.0,185.0,223.42,1021.86,15.89,16242.18,902.34,0.3406,7.0,30.0,26.0,0.0,45.76,45.76
86A,20,8.0,36.0,33.0,145.0,44.0,178.0,210.12,971.78,16.11,15656.44,869.8,0.3239,7.0,29.0,25.0,0.0,46.24,46.24
86A,21,8.0,38.0,34.0,151.0,46.0,185.0,223.42,1021.86,15.89,16242.18,902.34,0.3406,7.0,30.0,26.0,0.0,45.76,45.76
86A,22,8.0,38.0,33.0,148.0,46.0,181.0,223.42,999.76,15.58,15575.28,865.29,0.3333,7.0,28.0,26.0,0.0,46.48,46.48
86A,23,8.0,37.0,33.0,147.0,45.0,180.0,216.75,988.53,15.89,15709.67,872.76,0.3295,7.0,29.0,25.0,0.0,46.19,46.19
86A,24,8.0,38.0,34.0,151.0,46.0,185.0,223.42,1021.86,15.89,16242.18,902.34,0.3406,7.0,30.0,26.0,0.0,45.76,45.76
86A,25,8.0,37.0,34.0,149.0,45.0,183.0,216.75,1005.01,16.11,16188.8,899.38,0.335,7.0,30.0,26.0,0.0,45.82,45.82
86A,26,8.0,38.0,33.0,146.0,46.0,179.0,223.42,988.72,15.37,15195.03,844.17,0.3296,7.0,28.0,26.0,0.0,46.52,46.52
86A,27,8.0,36.0,33.0,145.0,44.0,178.0,210.12,971.78,16.11,15656.44,869.8,0.3239,7.0,29.0,25.0,0.0,46.24,46.24
86A,28,8.0,36.0,33.0,145.0,44.0,178.0,210.12,971.78,16.11,15656.44,869.8,0.3239,7.0,29.0,25.0,0.0,46.24,46.24
86A,29,8.0,37.0,32.0,144.0,45.0,176.0,216.75,966.57,15.57,15047.08,835.95,0.3222,7.0,27.0,25.0,0.0,46.93,46.93
86A,30,8.0,38.0,33.0,148.0,46.0,181.0,223.42,999.76,15.58,15575.28,865.29,0.3333,7.0,28.0,26.0,0.0,46.48,46.48
86A,31,8.0,38.0,33.0,146.0,46.0,179.0,223.42,988.72,15.37,15195.03,844.17,0.3296,7.0,28.0,26.0,0.0,46.52,46.52
86A,32,8.0,36.0,33.0,145.0,44.0,178.0,210.12,971.78,16.11,15656.44,869.8,0.3239,7.0,29.0,25.0,0.0,46.24,46.24
90B,1,9.0,46.0,66.0,269.0,55.0,335.0,282.61,1936.76,26.32,50966.14,2831.45,0.6456,14.0,43.0,41.0,0.0,39.47,39.47
90B,2,9.0,49.0,76.0,259.0,58.0,335.0,303.65,1962.42,23.79,46677.65,2593.2,0.6541,14.0,44.0,37.0,0.05,52.28,39.21
90B,3,8.0,45.0,67.0,263.0,53.0,330.0,271.13,1890.21,23.38,44189.0,2454.94,0.6301,14.0,39.0,37.0,0.0,40.47,40.47
90B,4,7.0,50.0,72.0,295.0,57.0,367.0,301.84,2140.67,20.65,44204.85,2455.82,0.7136,11.0,43.0,38.0,0.0,39.57,39.57
90B,5,5.0,44.0,66.0,284.0,49.0,350.0,251.82,1965.15,16.14,31710.35,1761.69,0.655,10.0,39.0,34.0,0.0,40.89,40.89
90B,6,7.0,45.0,60.0,202.0,52.0,262.0,266.78,1493.52,15.71,23464.78,1303.6,0.4978,10.0,35.0,31.0,0.06,56.86,42.75
90B,7,8.0,45.0,67.0,263.0,53.0,330.0,271.13,1890.21,23.38,44189.0,2454.94,0.6301,14.0,39.0,37.0,0.0,40.47,40.47
90B,8,5.0,44.0,66.0,284.0,49.0,350.0,251.82,1965.15,16.14,31710.35,1761.69,0.655,10.0,39.0,34.0,0.0,40.89,40.89
90B,9,8.0,52.0,70.0,259.0,60.0,329.0,320.42,1943.37,19.92,38717.85,2150.99,0.6478,14.0,41.0,38.0,0.03,49.32,39.91
90B,10,8.0,53.0,72.0,266.0,61.0,338.0,327.58,2004.59,20.08,40243.07,2235.73,0.6682,14.0,46.0,42.0,0.05,51.08,38.72
90B,11,6.0,40.0,45.0,189.0,46.0,234.0,228.39,1292.51,14.17,18321.38,1017.85,0.4308,8.0,26.0,24.0,0.0,46.27,46.27
90B,12,7.0,49.0,72.0,294.0,56.0,366.0,294.77,2125.49,21.0,44635.33,2479.74,0.7085,11.0,43.0,38.0,0.0,39.59,39.59
90B,13,5.0,44.0,66.0,284.0,49.0,350.0,251.82,1965.15,16.14,31710.35,1761.69,0.655,10.0,39.0,34.0,0.0,40.89,40.89
90B,14,8.0,45.0,67.0,261.0,53.0,328.0,271.13,1878.76,23.2,43587.18,2421.51,0.6263,14.0,40.0,38.0,0.0,40.25,40.25
90B,15,8.0,46.0,67.0,267.0,54.0,334.0,278.08,1922.13,23.22,44626.9,2479.27,0.6407,14.0,43.0,41.0,0.0,39.49,39.49
90B,16,8.0,45.0,68.0,255.0,53.0,323.0,271.13,1850.12,22.67,41936.01,2329.78,0.6167,14.0,40.0,38.0,0.0,40.29,40.29
90B,17,8.0,51.0,69.0,258.0,59.0,327.0,313.29,1923.62,20.24,38925.1,2162.51,0.6412,14.0,46.0,42.0,0.05,51.21,38.85
90B,18,8.0,46.0,67.0,267.0,54.0,334.0,278.08,1922.13,23.22,44626.9,2479.27,0.6407,14.0,43.0,41.0,0.0,39.49,39.49
90B,19,8.0,53.0,72.0,269.0,61.0,341.0,327.58,2022.38,20.3,41058.16,2281.01,0.6741,14.0,46.0,42.0,0.05,51.06,38.7
90B,20,7.0,65.0,96.0,354.0,72.0,450.0,411.11,2776.47,19.06,52923.72,2940.21,0.9255,13.0,46.0,37.0,0.07,53.41,37.87
90B,21,9.0,46.0,66.0,269.0,55.0,335.0,282.61,1936.76,26.32,50966.14,2831.45,0.6456,14.0,43.0,41.0,0.0,39.47,39.47
90B,22,7.0,63.0,70.0,261.0,70.0,331.0,396.22,2028.79,14.5,29417.49,1634.31,0.6763,9.0,39.0,30.0,0.09,57.84,40.92
90B,23,6.0,43.0,61.0,212.0,49.0,273.0,248.84,1532.82,14.79,22671.41,1259.52,0.5109,10.0,33.0,29.0,0.06,57.75,43.23
90B,24,7.0,50.0,71.0,257.0,57.0,328.0,301.84,1913.19,17.99,34418.25,1912.13,0.6377,12.0,41.0,34.0,0.06,53.79,40.23
90B,25,8.0,53.0,72.0,269.0,61.0,341.0,327.58,2022.38,20.3,41058.16,2281.01,0.6741,14.0,46.0,42.0,0.05,51.06,38.7
90B,26,8.0,59.0,74.0,273.0,67.0,347.0,371.08,2104.93,18.51,38959.1,2164.39,0.7016,14.0,47.0,42.0,0.07,53.11,38.37
90B,27,6.0,47.0,62.0,210.0,53.0,272.0,276.58,1557.99,13.4,20883.75,1160.21,0.5193,10.0,34.0,30.0,0.06,57.21,42.89
90B,28,8.0,46.0,67.0,267.0,54.0,334.0,278.08,1922.13,23.22,44626.9,2479.27,0.6407,14.0,43.0,41.0,0.0,39.49,39.49
90B,29,6.0,43.0,61.0,212.0,49.0,273.0,248.84,1532.82,14.79,22671.41,1259.52,0.5109,10.0,33.0,29.0,0.06,57.75,43.23
90B,30,8.0,51.0,72.0,266.0,59.0,338.0,313.29,1988.33,20.86,41482.09,2304.56,0.6628,14.0,46.0,42.0,0.05,51.11,38.75
90B,31,8.0,45.0,67.0,261.0,53.0,328.0,271.13,1878.76,23.2,43587.18,2421.51,0.6263,14.0,40.0,38.0,0.0,40.25,40.25
90B,32,8.0,46.0,67.0,261.0,54.0,328.0,278.08,1887.6,22.7,42840.38,2380.02,0.6292,14.0,40.0,38.0,0.0,40.23,40.23
93A,2,6.0,30.0,39.0,89.0,36.0,128.0,162.72,661.75,8.9,5889.58,327.2,0.2206,3.0,15.0,13.0,0.0,54.19,54.19
93A,3,6.0,30.0,39.0,89.0,36.0,128.0,162.72,661.75,8.9,5889.58,327.2,0.2206,3.0,15.0,13.0,0.0,54.19,54.19
93A,7,6.0,31.0,31.0,81.0,37.0,112.0,169.09,583.46,7.84,4573.56,254.09,0.1945,2.0,16.0,14.0,0.0,54.1,54.1
93A,9,6.0,33.0,38.0,100.0,39.0,138.0,181.97,729.39,9.09,6630.78,368.38,0.2431,2.0,18.0,16.0,0.0,52.3,52.3
93A,12,6.0,33.0,38.0,100.0,39.0,138.0,181.97,729.39,9.09,6630.78,368.38,0.2431,2.0,18.0,16.0,0.0,52.3,52.3
93A,14,7.0,33.0,45.0,116.0,40.0,161.0,186.12,856.83,12.3,10541.61,585.65,0.2856,2.0,18.0,16.0,0.0,51.81,51.81
93A,18,6.0,31.0,31.0,81.0,37.0,112.0,169.09,583.46,7.84,4573.56,254.09,0.1945,2.0,16.0,14.0,0.0,54.1,54.1
93A,19,6.0,31.0,31.0,81.0,37.0,112.0,169.09,583.46,7.84,4573.56,254.09,0.1945,2.0,16.0,14.0,0.0,54.1,54.1
93A,21,6.0,31.0,31.0,81.0,37.0,112.0,169.09,583.46,7.84,4573.56,254.09,0.1945,2.0,16.0,14.0,0.0,54.1,54.1
93A,22,6.0,31.0,31.0,81.0,37.0,112.0,169.09,583.46,7.84,4573.56,254.09,0.1945,2.0,16.0,14.0,0.0,54.1,54.1
93A,29,6.0,31.0,31.0,81.0,37.0,112.0,169.09,583.46,7.84,4573.56,254.09,0.1945,2.0,16.0,14.0,0.0,54.1,54.1
93A,32,6.0,31.0,31.0,81.0,37.0,112.0,169.09,583.46,7.84,4573.56,254.09,0.1945,2.0,16.0,14.0,0.0,54.1,54.1
94C,5,6.0,31.0,31.0,81.0,37.0,112.0,169.09,583.46,7.84,4573.56,254.09,0.1945,2.0,16.0,14.0,0.0,54.1,54.1
94C,8,6.0,30.0,31.0,79.0,36.0,110.0,162.72,568.69,7.9,4492.66,249.59,0.1896,2.0,15.0,13.0,0.0,54.79,54.79
94C,9,6.0,31.0,31.0,81.0,37.0,112.0,169.09,583.46,7.84,4573.56,254.09,0.1945,2.0,16.0,14.0,0.0,54.1,54.1
94C,10,7.0,31.0,45.0,101.0,38.0,146.0,173.23,766.2,11.4,8737.12,485.4,0.2554,5.0,19.0,17.0,0.0,51.24,51.24
94C,11,6.0,31.0,31.0,81.0,37.0,112.0,169.09,583.46,7.84,4573.56,254.09,0.1945,2.0,16.0,14.0,0.0,54.1,54.1
94C,18,6.0,27.0,24.0,58.0,33.0,82.0,143.89,413.64,6.44,2665.68,148.09,0.1379,1.0,10.0,8.0,0.0,59.73,59.73
94C,19,7.0,37.0,60.0,152.0,44.0,212.0,212.4,1157.4,14.38,16641.53,924.53,0.3858,4.0,29.0,27.0,0.0,46.11,46.11
94C,20,8.0,41.0,66.0,181.0,49.0,247.0,243.66,1386.83,17.66,24489.45,1360.52,0.4623,6.0,37.0,35.0,0.0,42.98,42.98
94C,22,6.0,31.0,31.0,81.0,37.0,112.0,169.09,583.46,7.84,4573.56,254.09,0.1945,2.0,16.0,14.0,0.0,54.1,54.1
94C,28,6.0,27.0,24.0,58.0,33.0,82.0,143.89,413.64,6.44,2665.68,148.09,0.1379,1.0,10.0,8.0,0.0,59.73,59.73
94C,29,6.0,33.0,38.0,100.0,39.0,138.0,181.97,729.39,9.09,6630.78,368.38,0.2431,2.0,18.0,16.0,0.0,52.3,52.3
98B,1,8.0,44.0,54.0,205.0,52.0,259.0,264.21,1476.41,18.64,27514.99,1528.61,0.4921,6.0,38.0,33.0,0.0,42.54,42.54
98B,2,6.0,57.0,58.0,314.0,63.0,372.0,347.98,2223.55,16.53,36747.06,2041.5,0.7412,8.0,48.0,38.0,0.0,38.81,38.81
98B,3,8.0,35.0,50.0,126.0,43.0,176.0,203.52,955.02,14.4,13752.33,764.02,0.3183,3.0,20.0,18.0,0.0,50.35,50.35
98B,4,8.0,56.0,73.0,344.0,64.0,417.0,349.21,2502.0,24.57,61477.71,3415.43,0.834,11.0,50.0,45.0,0.0,37.66,37.66
98B,5,6.0,53.0,56.0,298.0,59.0,354.0,319.09,2082.46,16.87,35126.7,1951.48,0.6942,8.0,48.0,38.0,0.0,39.01,39.01
98B,6,7.0,57.0,61.0,320.0,64.0,381.0,352.13,2286.0,19.65,44917.89,2495.44,0.762,8.0,49.0,39.0,0.0,38.53,38.53
98B,7,10.0,58.0,73.0,369.0,68.0,442.0,372.98,2690.66,31.81,85590.78,4755.04,0.8969,11.0,53.0,48.0,0.0,36.89,36.89
98B,8,7.0,59.0,64.0,386.0,66.0,450.0,366.73,2719.98,22.9,62282.87,3460.16,0.9067,10.0,56.0,46.0,0.0,36.47,36.47
98B,9,8.0,47.0,59.0,184.0,55.0,243.0,285.07,1404.87,15.66,21999.67,1222.2,0.4683,5.0,34.0,28.0,0.0,43.88,43.88
98B,10,6.0,56.0,58.0,306.0,62.0,364.0,340.72,2167.33,16.39,35528.69,1973.82,0.7224,8.0,48.0,38.0,0.0,38.89,38.89
98B,11,9.0,46.0,56.0,183.0,55.0,239.0,282.61,1381.74,17.9,24736.24,1374.24,0.4606,5.0,31.0,26.0,0.0,44.81,44.81
98B,12,6.0,57.0,55.0,326.0,63.0,381.0,347.98,2277.34,17.16,39074.42,2170.8,0.7591,9.0,48.0,38.0,0.0,38.61,38.61
98B,13,9.0,52.0,53.0,226.0,61.0,279.0,324.95,1654.68,19.56,32361.64,1797.87,0.5516,8.0,38.0,33.0,0.0,41.93,41.93
98B,14,8.0,42.0,45.0,139.0,50.0,184.0,250.48,1038.47,13.24,13747.36,763.74,0.3462,5.0,26.0,20.0,0.0,47.34,47.34
98B,15,6.0,54.0,57.0,302.0,60.0,359.0,326.27,2120.57,16.78,35578.51,1976.58,0.7069,8.0,49.0,39.0,0.0,38.76,38.76
98B,16,6.0,44.0,53.0,173.0,50.0,226.0,255.72,1275.51,11.8,15045.24,835.85,0.4252,6.0,36.0,30.0,0.0,43.5,43.5
98B,17,7.0,55.0,57.0,295.0,62.0,352.0,337.63,2095.88,18.77,39345.33,2185.85,0.6986,8.0,46.0,36.0,0.0,39.4,39.4
98B,18,8.0,36.0,55.0,137.0,44.0,192.0,210.12,1048.21,15.22,15956.1,886.45,0.3494,3.0,22.0,20.0,0.0,49.16,49.16
98B,19,6.0,55.0,57.0,301.0,61.0,358.0,333.48,2123.2,16.42,34859.15,1936.62,0.7077,8.0,47.0,37.0,0.0,39.15,39.15
98B,20,7.0,34.0,44.0,113.0,41.0,157.0,192.63,841.14,11.63,9784.39,543.58,0.2804,2.0,19.0,17.0,0.0,51.36,51.36
98B,21,8.0,36.0,55.0,137.0,44.0,192.0,210.12,1048.21,15.22,15956.1,886.45,0.3494,3.0,22.0,20.0,0.0,49.16,49.16
98B,22,8.0,43.0,47.0,178.0,51.0,225.0,257.33,1276.3,16.56,21133.08,1174.06,0.4254,5.0,31.0,26.0,0.0,45.05,45.05
98B,23,6.0,55.0,56.0,311.0,61.0,367.0,333.48,2176.58,16.96,36922.72,2051.26,0.7255,8.0,47.0,38.0,0.0,39.08,39.08
98B,24,7.0,56.0,59.0,328.0,63.0,387.0,344.86,2313.21,20.5,47420.75,2634.49,0.7711,8.0,49.0,40.0,0.0,38.5,38.5
98B,25,7.0,56.0,63.0,221.0,63.0,284.0,344.86,1697.55,13.81,23447.37,1302.63,0.5658,6.0,41.0,35.0,0.0,41.4,41.4
98B,26,7.0,53.0,58.0,312.0,60.0,370.0,323.23,2185.55,20.6,45030.57,2501.7,0.7285,8.0,49.0,39.0,0.0,38.67,38.67
98B,27,7.0,59.0,67.0,401.0,66.0,468.0,366.73,2828.78,23.79,67291.32,3738.41,0.9429,10.0,58.0,48.0,0.0,36.02,36.02
98B,28,8.0,40.0,55.0,159.0,48.0,214.0,236.88,1195.18,15.9,19003.39,1055.74,0.3984,4.0,32.0,30.0,0.0,45.08,45.08
98B,29,8.0,43.0,47.0,178.0,51.0,225.0,257.33,1276.3,16.56,21133.08,1174.06,0.4254,5.0,31.0,26.0,0.0,45.05,45.05
98B,31,6.0,61.0,55.0,317.0,67.0,372.0,377.28,2256.59,15.59,35180.53,1954.47,0.7522,10.0,51.0,41.0,0.0,37.93,37.93
98B,32,8.0,35.0,50.0,126.0,43.0,176.0,203.52,955.02,14.4,13752.33,764.02,0.3183,3.0,20.0,18.0,0.0,50.35,50.35
99C,1,10.0,57.0,62.0,234.0,67.0,296.0,365.69,1795.56,20.53,36856.28,2047.57,0.5985,7.0,32.0,27.0,0.0,43.44,43.44
99C,2,7.0,45.0,30.0,138.0,52.0,168.0,266.78,957.67,10.73,10279.03,571.06,0.3192,6.0,30.0,27.0,0.0,46.1,46.1
99C,3,10.0,57.0,49.0,199.0,67.0,248.0,365.69,1504.39,17.46,26260.85,1458.94,0.5015,7.0,35.0,32.0,0.0,43.13,43.13
99C,4,8.0,35.0,22.0,61.0,43.0,83.0,203.52,450.38,6.97,3139.79,174.43,0.1501,3.0,13.0,10.0,0.0,56.72,56.72
99C,5,9.0,45.0,32.0,126.0,54.0,158.0,275.66,909.27,12.6,11456.83,636.49,0.3031,6.0,25.0,22.0,0.0,47.98,47.98
99C,6,10.0,53.0,69.0,251.0,63.0,320.0,336.8,1912.73,23.68,45291.99,2516.22,0.6376,10.0,33.0,28.0,0.0,42.55,42.55
99C,7,9.0,46.0,31.0,123.0,55.0,154.0,282.61,890.33,12.03,10712.99,595.17,0.2968,6.0,23.0,20.0,0.0,48.84,48.84
99C,8,9.0,46.0,31.0,143.0,55.0,174.0,282.61,1005.96,13.99,14072.46,781.8,0.3353,8.0,27.0,23.0,0.0,46.68,46.68
99C,9,11.0,57.0,58.0,240.0,68.0,298.0,370.53,1814.06,23.16,42009.9,2333.88,0.6047,10.0,34.0,29.0,0.0,42.43,42.43
99C,10,9.0,42.0,28.0,99.0,51.0,127.0,255.01,720.4,10.61,7641.36,424.52,0.2401,5.0,20.0,17.0,0.0,50.94,50.94
99C,11,9.0,47.0,42.0,168.0,56.0,210.0,289.6,1219.54,16.09,19616.5,1089.81,0.4065,8.0,30.0,27.0,0.0,45.09,45.09
99C,12,9.0,49.0,46.0,155.0,58.0,201.0,303.65,1177.45,14.23,16760.7,931.15,0.3925,7.0,34.0,31.0,0.0,44.15,44.15
99C,13,10.0,47.0,42.0,169.0,57.0,211.0,294.28,1230.74,17.98,22127.13,1229.29,0.4102,8.0,31.0,27.0,0.0,44.75,44.75
99C,14,8.0,35.0,22.0,61.0,43.0,83.0,203.52,450.38,6.97,3139.79,174.43,0.1501,3.0,13.0,10.0,0.0,56.72,56.72
99C,15,10.0,106.0,97.0,346.0,116.0,443.0,746.38,3038.09,16.32,49583.85,2754.66,1.0127,6.0,49.0,37.0,0.2,60.94,37.94
99C,16,11.0,212.0,236.0,1068.0,223.0,1304.0,1676.37,10172.37,27.71,281851.52,15658.42,3.3908,12.0,116.0,58.0,0.48,54.2,25.29
99C,17,10.0,57.0,62.0,219.0,67.0,281.0,365.69,1704.57,19.21,32745.71,1819.21,0.5682,7.0,31.0,26.0,0.0,43.9,43.9
99C,18,11.0,55.0,55.0,209.0,66.0,264.0,356.03,1595.72,20.9,33350.55,1852.81,0.5319,10.0,42.0,39.0,0.0,40.82,40.82
99C,19,12.0,216.0,297.0,1535.0,228.0,1832.0,1718.08,14349.85,42.64,611861.85,33992.33,4.7833,4.0,115.0,21.0,0.81,53.55,25.4
99C,20,10.0,126.0,108.0,460.0,136.0,568.0,912.36,4025.68,18.25,73484.61,4082.48,1.3419,12.0,56.0,46.0,0.13,54.81,35.01
99C,21,10.0,52.0,50.0,201.0,62.0,251.0,329.64,1494.5,19.33,28884.15,1604.67,0.4982,7.0,29.0,23.0,0.0,44.93,44.93
99C,22,9.0,56.0,61.0,250.0,65.0,311.0,353.74,1872.96,20.09,37626.36,2090.35,0.6243,9.0,35.0,30.0,0.0,42.19,42.19
99C,23,10.0,115.0,142.0,500.0,125.0,642.0,820.45,4472.03,21.74,97218.12,5401.01,1.4907,15.0,88.0,64.0,0.25,54.88,30.0
99C,24,9.0,39.0,25.0,88.0,48.0,113.0,234.66,631.1,10.15,6408.1,356.01,0.2104,5.0,16.0,13.0,0.0,53.45,53.45
99C,25,10.0,123.0,157.0,606.0,133.0,763.0,887.15,5383.18,24.63,132610.06,7367.23,1.7944,15.0,72.0,51.0,0.26,56.64,31.34
99C,26,9.0,45.0,33.0,128.0,54.0,161.0,275.66,926.54,12.8,11859.67,658.87,0.3088,6.0,26.0,23.0,0.0,47.55,47.55
99C,27,10.0,54.0,67.0,261.0,64.0,328.0,343.98,1968.0,24.17,47560.0,2642.22,0.656,11.0,40.0,35.0,0.0,40.51,40.51
99C,28,10.0,56.0,54.0,236.0,66.0,290.0,358.43,1752.87,21.07,36935.57,2051.98,0.5843,8.0,33.0,28.0,0.0,43.09,43.09
99C,29,10.0,57.0,67.0,277.0,67.0,344.0,365.69,2086.73,24.3,50703.99,2816.89,0.6956,10.0,42.0,37.0,0.0,40.0,40.0
99C,30,10.0,63.0,58.0,250.0,73.0,308.0,409.79,1906.47,19.84,37826.71,2101.48,0.6355,9.0,43.0,39.0,0.0,40.19,40.19
99C,31,9.0,55.0,65.0,227.0,64.0,292.0,346.5,1752.0,18.57,32539.42,1807.75,0.584,11.0,46.0,43.0,0.0,39.54,39.54
99C,32,9.0,53.0,60.0,202.0,62.0,262.0,332.11,1560.0,17.15,26755.46,1486.41,0.52,10.0,40.0,37.0,0.0,41.35,41.35
766C,1,7.0,54.0,71.0,258.0,61.0,329.0,330.42,1951.21,16.72,32628.61,1812.7,0.6504,7.0,44.0,41.0,0.0,40.17,40.17
766C,2,7.0,53.0,75.0,271.0,60.0,346.0,323.23,2043.78,17.9,36576.02,2032.0,0.6813,8.0,45.0,42.0,0.0,39.68,39.68
766C,3,7.0,53.0,71.0,255.0,60.0,326.0,323.23,1925.65,16.84,32427.16,1801.51,0.6419,7.0,43.0,40.0,0.0,40.43,40.43
766C,4,7.0,54.0,71.0,277.0,61.0,348.0,330.42,2063.9,17.95,37054.59,2058.59,0.688,7.0,44.0,41.0,0.0,40.0,40.0
766C,5,8.0,51.0,81.0,282.0,59.0,363.0,313.29,2135.4,22.12,47230.01,2623.89,0.7118,11.0,48.0,45.0,0.0,38.53,38.53
766C,6,7.0,54.0,73.0,300.0,61.0,373.0,330.42,2212.17,19.44,43014.32,2389.68,0.7374,8.0,46.0,43.0,0.0,39.23,39.23
766C,7,7.0,49.0,66.0,247.0,56.0,313.0,294.77,1817.7,17.64,32069.46,1781.64,0.6059,6.0,39.0,36.0,0.0,41.66,41.66
766C,8,7.0,49.0,73.0,262.0,56.0,335.0,294.77,1945.46,18.71,36407.97,2022.66,0.6485,8.0,40.0,37.0,0.0,40.95,40.95
766C,9,7.0,51.0,75.0,272.0,58.0,347.0,308.95,2032.72,18.67,37944.1,2108.01,0.6776,10.0,46.0,43.0,0.0,39.22,39.22
766C,10,7.0,53.0,71.0,277.0,60.0,348.0,323.23,2055.6,18.29,37601.93,2089.0,0.6852,7.0,45.0,42.0,0.0,39.8,39.8
766C,11,7.0,55.0,73.0,269.0,62.0,342.0,337.63,2036.34,17.12,34858.36,1936.58,0.6788,8.0,46.0,43.0,0.0,39.48,39.48
766C,12,7.0,49.0,66.0,247.0,56.0,313.0,294.77,1817.7,17.64,32069.46,1781.64,0.6059,6.0,39.0,36.0,0.0,41.66,41.66
766C,13,7.0,53.0,78.0,277.0,60.0,355.0,323.23,2096.95,18.29,38358.29,2131.02,0.699,8.0,44.0,41.0,0.0,39.82,39.82
766C,14,7.0,61.0,81.0,253.0,68.0,334.0,381.43,2033.21,14.52,29514.91,1639.72,0.6777,6.0,41.0,33.0,0.13,60.62,40.85
766C,15,7.0,65.0,84.0,287.0,72.0,371.0,411.11,2289.04,15.45,35374.51,1965.25,0.763,8.0,45.0,38.0,0.1,56.6,39.34
766C,16,7.0,59.0,117.0,382.0,66.0,499.0,366.73,3016.15,22.66,68349.09,3797.17,1.0054,17.0,73.0,67.0,0.04,44.73,32.7
766C,17,8.0,51.0,77.0,256.0,59.0,333.0,313.29,1958.92,20.08,39332.04,2185.11,0.653,11.0,45.0,42.0,0.0,39.41,39.41
766C,18,7.0,49.0,64.0,241.0,56.0,305.0,294.77,1771.24,17.21,30490.69,1693.93,0.5904,6.0,39.0,36.0,0.0,41.74,41.74
766C,19,8.0,54.0,74.0,269.0,62.0,343.0,334.76,2042.29,19.93,40694.51,2260.81,0.6808,8.0,46.0,43.0,0.0,39.48,39.48
766C,20,7.0,48.0,64.0,238.0,55.0,302.0,287.73,1745.97,17.35,30299.87,1683.33,0.582,6.0,37.0,34.0,0.0,42.28,42.28
766C,21,7.0,49.0,66.0,247.0,56.0,313.0,294.77,1817.7,17.64,32069.46,1781.64,0.6059,6.0,39.0,36.0,0.0,41.66,41.66
766C,22,7.0,62.0,77.0,290.0,69.0,367.0,388.81,2241.83,16.37,36700.9,2038.94,0.7473,8.0,43.0,37.0,0.07,55.37,39.83
766C,23,7.0,54.0,72.0,268.0,61.0,340.0,330.42,2016.45,17.37,35026.5,1945.92,0.6722,8.0,46.0,43.0,0.0,39.51,39.51
766C,24,7.0,50.0,70.0,240.0,57.0,310.0,301.84,1808.2,16.8,30377.69,1687.65,0.6027,8.0,43.0,40.0,0.0,40.48,40.48
766C,25,7.0,49.0,59.0,215.0,56.0,274.0,294.77,1591.22,15.36,24436.52,1357.58,0.5304,6.0,37.0,34.0,0.0,42.57,42.57
766C,26,8.0,51.0,77.0,256.0,59.0,333.0,313.29,1958.92,20.08,39332.04,2185.11,0.653,11.0,45.0,42.0,0.0,39.41,39.41
766C,27,7.0,56.0,76.0,280.0,63.0,356.0,344.86,2127.91,17.5,37238.45,2068.8,0.7093,8.0,50.0,47.0,0.0,38.56,38.56
766C,28,7.0,60.0,112.0,378.0,67.0,490.0,374.06,2972.38,22.05,65541.06,3641.17,0.9908,17.0,72.0,66.0,0.04,44.98,32.88
766C,29,7.0,70.0,87.0,308.0,77.0,395.0,448.7,2475.38,15.4,38120.86,2117.83,0.8251,7.0,45.0,35.0,0.17,60.92,39.23
766C,30,7.0,49.0,65.0,244.0,56.0,309.0,294.77,1794.47,17.43,31275.1,1737.51,0.5982,6.0,38.0,35.0,0.0,41.95,41.95
766C,31,7.0,55.0,81.0,297.0,62.0,378.0,337.63,2250.69,18.9,42537.97,2363.22,0.7502,8.0,49.0,46.0,0.0,38.58,38.58
766C,32,7.0,55.0,66.0,232.0,62.0,298.0,337.63,1774.35,14.76,26195.87,1455.33,0.5915,7.0,41.0,38.0,0.0,41.13,41.13
776A,2,4.0,33.0,42.0,133.0,37.0,175.0,174.47,911.65,8.06,7348.49,408.25,0.3039,4.0,23.0,20.0,0.0,49.03,49.03
776A,10,6.0,44.0,52.0,188.0,50.0,240.0,255.72,1354.53,12.82,17362.55,964.59,0.4515,5.0,33.0,29.0,0.0,44.27,44.27
776A,11,4.0,33.0,42.0,120.0,37.0,162.0,174.47,843.93,7.27,6137.68,340.98,0.2813,4.0,23.0,20.0,0.0,49.27,49.27
776A,14,6.0,44.0,52.0,188.0,50.0,240.0,255.72,1354.53,12.82,17362.55,964.59,0.4515,5.0,33.0,29.0,0.0,44.27,44.27
776A,17,6.0,43.0,51.0,194.0,49.0,245.0,248.84,1375.6,13.53,18618.64,1034.37,0.4585,5.0,31.0,27.0,0.0,44.82,44.82
776A,24,4.0,30.0,41.0,96.0,34.0,137.0,155.21,696.98,6.4,4460.69,247.82,0.2323,4.0,24.0,21.0,0.0,49.45,49.45
776A,30,6.0,43.0,51.0,194.0,49.0,245.0,248.84,1375.6,13.53,18618.64,1034.37,0.4585,5.0,31.0,27.0,0.0,44.82,44.82
777A,1,5.0,28.0,33.0,102.0,33.0,135.0,146.22,680.99,9.11,6201.9,344.55,0.227,7.0,21.0,19.0,0.0,50.38,50.38
777A,2,5.0,28.0,33.0,102.0,33.0,135.0,146.22,680.99,9.11,6201.9,344.55,0.227,7.0,21.0,19.0,0.0,50.38,50.38
777A,3,5.0,28.0,33.0,102.0,33.0,135.0,146.22,680.99,9.11,6201.9,344.55,0.227,7.0,21.0,19.0,0.0,50.38,50.38
777A,4,5.0,28.0,33.0,102.0,33.0,135.0,146.22,680.99,9.11,6201.9,344.55,0.227,7.0,21.0,19.0,0.0,50.38,50.38
777A,5,5.0,28.0,33.0,102.0,33.0,135.0,146.22,680.99,9.11,6201.9,344.55,0.227,7.0,21.0,19.0,0.0,50.38,50.38
777A,6,5.0,28.0,33.0,102.0,33.0,135.0,146.22,680.99,9.11,6201.9,344.55,0.227,7.0,21.0,19.0,0.0,50.38,50.38
777A,7,5.0,28.0,33.0,102.0,33.0,135.0,146.22,680.99,9.11,6201.9,344.55,0.227,7.0,21.0,19.0,0.0,50.38,50.38
777A,8,5.0,28.0,31.0,94.0,33.0,125.0,146.22,630.55,8.39,5292.11,294.01,0.2102,7.0,19.0,17.0,0.0,51.56,51.56
777A,9,5.0,28.0,33.0,102.0,33.0,135.0,146.22,680.99,9.11,6201.9,344.55,0.227,7.0,21.0,19.0,0.0,50.38,50.38
777A,10,5.0,28.0,31.0,94.0,33.0,125.0,146.22,630.55,8.39,5292.11,294.01,0.2102,7.0,19.0,17.0,0.0,51.56,51.56
777A,11,5.0,28.0,33.0,102.0,33.0,135.0,146.22,680.99,9.11,6201.9,344.55,0.227,7.0,21.0,19.0,0.0,50.38,50.38
777A,12,5.0,28.0,31.0,94.0,33.0,125.0,146.22,630.55,8.39,5292.11,294.01,0.2102,7.0,19.0,17.0,0.0,51.56,51.56
777A,13,5.0,28.0,33.0,102.0,33.0,135.0,146.22,680.99,9.11,6201.9,344.55,0.227,7.0,21.0,19.0,0.0,50.38,50.38
777A,14,5.0,28.0,33.0,102.0,33.0,135.0,146.22,680.99,9.11,6201.9,344.55,0.227,7.0,21.0,19.0,0.0,50.38,50.38
777A,15,5.0,28.0,33.0,102.0,33.0,135.0,146.22,680.99,9.11,6201.9,344.55,0.227,7.0,21.0,19.0,0.0,50.38,50.38
777A,16,5.0,28.0,33.0,102.0,33.0,135.0,146.22,680.99,9.11,6201.9,344.55,0.227,7.0,21.0,19.0,0.0,50.38,50.38
777A,17,5.0,28.0,33.0,102.0,33.0,135.0,146.22,680.99,9.11,6201.9,344.55,0.227,7.0,21.0,19.0,0.0,50.38,50.38
777A,18,5.0,28.0,31.0,94.0,33.0,125.0,146.22,630.55,8.39,5292.11,294.01,0.2102,7.0,19.0,17.0,0.0,51.56,51.56
777A,19,5.0,28.0,31.0,94.0,33.0,125.0,146.22,630.55,8.39,5292.11,294.01,0.2102,7.0,19.0,17.0,0.0,51.56,51.56
777A,20,5.0,28.0,33.0,102.0,33.0,135.0,146.22,680.99,9.11,6201.9,344.55,0.227,7.0,21.0,19.0,0.0,50.38,50.38
777A,21,5.0,28.0,33.0,102.0,33.0,135.0,146.22,680.99,9.11,6201.9,344.55,0.227,7.0,21.0,19.0,0.0,50.38,50.38
777A,22,5.0,28.0,33.0,102.0,33.0,135.0,146.22,680.99,9.11,6201.9,344.55,0.227,7.0,21.0,19.0,0.0,50.38,50.38
777A,23,5.0,28.0,33.0,102.0,33.0,135.0,146.22,680.99,9.11,6201.9,344.55,0.227,7.0,21.0,19.0,0.0,50.38,50.38
777A,24,5.0,28.0,33.0,102.0,33.0,135.0,146.22,680.99,9.11,6201.9,344.55,0.227,7.0,21.0,19.0,0.0,50.38,50.38
777A,25,5.0,28.0,33.0,102.0,33.0,135.0,146.22,680.99,9.11,6201.9,344.55,0.227,7.0,21.0,19.0,0.0,50.38,50.38
777A,26,5.0,28.0,33.0,102.0,33.0,135.0,146.22,680.99,9.11,6201.9,344.55,0.227,7.0,21.0,19.0,0.0,50.38,50.38
777A,27,5.0,28.0,33.0,102.0,33.0,135.0,146.22,680.99,9.11,6201.9,344.55,0.227,7.0,21.0,19.0,0.0,50.38,50.38
777A,28,5.0,28.0,33.0,102.0,33.0,135.0,146.22,680.99,9.11,6201.9,344.55,0.227,7.0,21.0,19.0,0.0,50.38,50.38
777A,29,5.0,28.0,33.0,102.0,33.0,135.0,146.22,680.99,9.11,6201.9,344.55,0.227,7.0,21.0,19.0,0.0,50.38,50.38
777A,30,5.0,28.0,33.0,102.0,33.0,135.0,146.22,680.99,9.11,6201.9,344.55,0.227,7.0,21.0,19.0,0.0,50.38,50.38
777A,31,5.0,28.0,33.0,102.0,33.0,135.0,146.22,680.99,9.11,6201.9,344.55,0.227,7.0,21.0,19.0,0.0,50.38,50.38
777A,32,5.0,28.0,33.0,102.0,33.0,135.0,146.22,680.99,9.11,6201.9,344.55,0.227,7.0,21.0,19.0,0.0,50.38,50.38
777E,1,9.0,58.0,52.0,269.0,67.0,321.0,368.29,1947.21,20.87,40639.71,2257.76,0.6491,7.0,32.0,24.0,0.08,58.91,43.19
777E,2,7.0,57.0,54.0,285.0,64.0,339.0,352.13,2034.0,17.5,35595.0,1977.5,0.678,8.0,36.0,28.0,0.07,56.55,41.81
777E,3,7.0,47.0,64.0,272.0,54.0,336.0,280.72,1933.64,20.26,39166.54,2175.92,0.6445,9.0,32.0,29.0,0.0,42.94,42.94
777E,4,8.0,45.0,58.0,209.0,53.0,267.0,271.13,1529.35,18.58,28412.01,1578.45,0.5098,7.0,28.0,26.0,0.0,45.19,45.19
777E,5,8.0,46.0,50.0,169.0,54.0,219.0,278.08,1260.32,14.7,18521.23,1028.96,0.4201,7.0,24.0,22.0,0.0,47.24,47.24
777E,6,8.0,45.0,59.0,220.0,53.0,279.0,271.13,1598.09,19.56,31251.53,1736.2,0.5327,8.0,30.0,28.0,0.0,44.27,44.27
777E,7,6.0,42.0,46.0,202.0,48.0,248.0,241.99,1385.07,14.43,19984.59,1110.26,0.4617,6.0,26.0,24.0,0.0,46.33,46.33
777E,8,5.0,42.0,43.0,190.0,47.0,233.0,238.09,1294.22,11.31,14637.0,813.17,0.4314,5.0,26.0,24.0,0.0,46.67,46.67
777E,9,7.0,47.0,64.0,272.0,54.0,336.0,280.72,1933.64,20.26,39166.54,2175.92,0.6445,9.0,32.0,29.0,0.0,42.94,42.94
777E,10,7.0,47.0,64.0,272.0,54.0,336.0,280.72,1933.64,20.26,39166.54,2175.92,0.6445,9.0,32.0,29.0,0.0,42.94,42.94
777E,11,7.0,62.0,50.0,287.0,69.0,337.0,388.81,2058.57,16.2,33352.2,1852.9,0.6862,7.0,34.0,26.0,0.07,57.66,42.45
777E,12,9.0,58.0,52.0,269.0,67.0,321.0,368.29,1947.21,20.87,40639.71,2257.76,0.6491,7.0,32.0,24.0,0.08,58.91,43.19
777E,13,8.0,45.0,58.0,209.0,53.0,267.0,271.13,1529.35,18.58,28412.01,1578.45,0.5098,7.0,28.0,26.0,0.0,45.19,45.19
777E,14,7.0,47.0,64.0,272.0,54.0,336.0,280.72,1933.64,20.26,39166.54,2175.92,0.6445,9.0,32.0,29.0,0.0,42.94,42.94
777E,15,8.0,46.0,55.0,199.0,54.0,254.0,278.08,1461.74,17.3,25294.48,1405.25,0.4872,7.0,27.0,25.0,0.0,45.67,45.67
777E,16,9.0,58.0,52.0,269.0,67.0,321.0,368.29,1947.21,20.87,40639.71,2257.76,0.6491,7.0,32.0,24.0,0.08,58.91,43.19
777E,17,6.0,42.0,46.0,202.0,48.0,248.0,241.99,1385.07,14.43,19984.59,1110.26,0.4617,6.0,26.0,24.0,0.0,46.33,46.33
777E,18,6.0,42.0,46.0,202.0,48.0,248.0,241.99,1385.07,14.43,19984.59,1110.26,0.4617,6.0,26.0,24.0,0.0,46.33,46.33
777E,19,8.0,46.0,50.0,169.0,54.0,219.0,278.08,1260.32,14.7,18521.23,1028.96,0.4201,7.0,24.0,22.0,0.0,47.24,47.24
777E,20,8.0,58.0,56.0,292.0,66.0,348.0,363.76,2103.45,20.14,42359.11,2353.28,0.7011,8.0,36.0,28.0,0.07,56.45,41.71
777E,21,8.0,44.0,55.0,190.0,52.0,245.0,264.21,1396.61,17.27,24123.22,1340.18,0.4655,7.0,25.0,23.0,0.0,46.54,46.54
777E,22,8.0,45.0,59.0,220.0,53.0,279.0,271.13,1598.09,19.56,31251.53,1736.2,0.5327,8.0,30.0,28.0,0.0,44.27,44.27
777E,23,6.0,42.0,46.0,202.0,48.0,248.0,241.99,1385.07,14.43,19984.59,1110.26,0.4617,6.0,26.0,24.0,0.0,46.33,46.33
777E,24,6.0,42.0,46.0,202.0,48.0,248.0,241.99,1385.07,14.43,19984.59,1110.26,0.4617,6.0,26.0,24.0,0.0,46.33,46.33
777E,25,8.0,46.0,55.0,199.0,54.0,254.0,278.08,1461.74,17.3,25294.48,1405.25,0.4872,7.0,27.0,25.0,0.0,45.67,45.67
777E,26,8.0,47.0,66.0,277.0,55.0,343.0,285.07,1983.01,23.57,46748.32,2597.13,0.661,9.0,32.0,29.0,0.0,42.87,42.87
777E,27,8.0,45.0,56.0,201.0,53.0,257.0,271.13,1472.08,17.87,26301.08,1461.17,0.4907,7.0,27.0,25.0,0.0,45.65,45.65
777E,28,6.0,42.0,46.0,202.0,48.0,248.0,241.99,1385.07,14.43,19984.59,1110.26,0.4617,6.0,26.0,24.0,0.0,46.33,46.33
777E,29,5.0,42.0,43.0,190.0,47.0,233.0,238.09,1294.22,11.31,14637.0,813.17,0.4314,5.0,26.0,24.0,0.0,46.67,46.67
777E,30,8.0,46.0,50.0,169.0,54.0,219.0,278.08,1260.32,14.7,18521.23,1028.96,0.4201,7.0,24.0,22.0,0.0,47.24,47.24
777E,31,6.0,42.0,46.0,202.0,48.0,248.0,241.99,1385.07,14.43,19984.59,1110.26,0.4617,6.0,26.0,24.0,0.0,46.33,46.33
777E,32,8.0,46.0,55.0,199.0,54.0,254.0,278.08,1461.74,17.3,25294.48,1405.25,0.4872,7.0,27.0,25.0,0.0,45.67,45.67
779B,1,5.0,44.0,69.0,209.0,49.0,278.0,251.82,1560.89,11.88,18535.56,1029.75,0.5203,9.0,46.0,42.0,0.0,40.16,40.16
779B,2,7.0,66.0,95.0,330.0,73.0,425.0,418.58,2630.68,17.5,46036.82,2557.6,0.8769,14.0,53.0,44.0,0.1,54.34,36.56
779B,3,5.0,43.0,102.0,316.0,48.0,418.0,244.94,2334.51,18.37,42889.91,2382.77,0.7782,16.0,68.0,64.0,0.0,34.29,34.29
779B,4,7.0,62.0,77.0,262.0,69.0,339.0,388.81,2070.79,14.79,30627.65,1701.54,0.6903,10.0,45.0,36.0,0.12,58.54,39.37
779B,5,7.0,65.0,62.0,221.0,72.0,283.0,411.11,1746.09,11.9,20778.46,1154.36,0.582,8.0,42.0,35.0,0.08,56.72,40.81
779B,6,7.0,71.0,73.0,254.0,78.0,327.0,456.28,2055.33,12.52,25735.0,1429.72,0.6851,8.0,41.0,32.0,0.14,60.53,40.55
779B,7,6.0,57.0,78.0,250.0,63.0,328.0,347.98,1960.55,13.16,25796.68,1433.15,0.6535,11.0,46.0,39.0,0.07,54.4,39.2
779B,8,7.0,39.0,49.0,148.0,46.0,197.0,225.78,1088.14,13.28,14452.75,802.93,0.3627,9.0,31.0,27.0,0.0,44.99,44.99
779B,9,5.0,44.0,69.0,209.0,49.0,278.0,251.82,1560.89,11.88,18535.56,1029.75,0.5203,9.0,46.0,42.0,0.0,40.16,40.16
779B,10,5.0,44.0,78.0,259.0,49.0,337.0,251.82,1892.16,14.72,27844.81,1546.93,0.6307,13.0,57.0,53.0,0.0,37.0,37.0
779B,11,9.0,39.0,57.0,147.0,48.0,204.0,234.66,1139.33,16.96,19324.83,1073.6,0.3798,7.0,31.0,27.0,0.0,45.12,45.12
779B,12,6.0,46.0,115.0,329.0,52.0,444.0,269.59,2531.0,21.46,54306.35,3017.02,0.8437,19.0,72.0,68.0,0.0,33.1,33.1
779B,13,6.0,59.0,60.0,198.0,65.0,258.0,362.59,1553.77,10.07,15643.05,869.06,0.5179,7.0,39.0,32.0,0.09,58.5,42.0
779B,14,7.0,60.0,71.0,225.0,67.0,296.0,374.06,1795.56,13.12,23566.76,1309.26,0.5985,10.0,48.0,41.0,0.07,54.09,39.19
779B,15,5.0,40.0,65.0,226.0,45.0,291.0,224.49,1598.13,14.12,22573.58,1254.09,0.5327,10.0,43.0,39.0,0.0,40.59,40.59
779B,16,7.0,64.0,63.0,224.0,71.0,287.0,403.65,1764.98,12.25,21620.97,1201.17,0.5883,8.0,43.0,36.0,0.08,56.28,40.56
779B,17,7.0,39.0,65.0,178.0,46.0,243.0,225.78,1342.23,15.97,21441.19,1191.18,0.4474,10.0,36.0,32.0,0.0,42.8,42.8
779B,18,5.0,43.0,60.0,189.0,48.0,249.0,244.94,1390.66,10.99,15281.04,848.95,0.4636,9.0,43.0,39.0,0.0,41.15,41.15
779B,19,6.0,46.0,110.0,314.0,52.0,424.0,269.59,2416.99,20.48,49495.68,2749.76,0.8057,17.0,70.0,66.0,0.0,33.77,33.77
779B,20,6.0,57.0,67.0,202.0,63.0,269.0,347.98,1607.89,10.63,17094.39,949.69,0.536,8.0,39.0,32.0,0.09,58.26,41.77
779B,21,7.0,42.0,89.0,293.0,49.0,382.0,246.13,2144.82,24.42,52369.33,2909.41,0.7149,18.0,63.0,59.0,0.0,35.0,35.0
779B,22,7.0,68.0,89.0,311.0,75.0,400.0,433.6,2491.53,16.01,39882.76,2215.71,0.8305,12.0,50.0,41.0,0.11,55.81,37.54
779B,23,7.0,95.0,99.0,365.0,102.0,464.0,643.79,3096.01,13.45,41633.12,2312.95,1.032,12.0,55.0,42.0,0.18,58.13,35.98
779B,24,7.0,41.0,59.0,169.0,48.0,228.0,239.31,1273.37,14.43,18370.71,1020.6,0.4245,8.0,34.0,30.0,0.0,43.78,43.78
779B,25,7.0,40.0,53.0,158.0,47.0,211.0,232.53,1172.02,13.83,16203.15,900.18,0.3907,7.0,32.0,28.0,0.0,44.74,44.74
779B,26,5.0,36.0,57.0,198.0,41.0,255.0,197.73,1366.18,13.75,18784.92,1043.61,0.4554,9.0,40.0,36.0,0.0,41.89,41.89
779B,27,6.0,42.0,77.0,214.0,48.0,291.0,241.99,1625.22,15.29,24842.71,1380.15,0.5417,12.0,46.0,42.0,0.0,39.63,39.63
779B,28,5.0,36.0,57.0,198.0,41.0,255.0,197.73,1366.18,13.75,18784.92,1043.61,0.4554,9.0,40.0,36.0,0.0,41.89,41.89
779B,29,5.0,36.0,57.0,198.0,41.0,255.0,197.73,1366.18,13.75,18784.92,1043.61,0.4554,9.0,40.0,36.0,0.0,41.89,41.89
779B,30,8.0,71.0,87.0,287.0,79.0,374.0,460.63,2357.61,16.17,38120.29,2117.79,0.7859,12.0,55.0,46.0,0.1,54.29,36.81
779B,31,7.0,40.0,64.0,182.0,47.0,246.0,232.53,1366.43,15.92,21760.38,1208.91,0.4555,9.0,37.0,33.0,0.0,42.63,42.63
779B,32,7.0,61.0,66.0,220.0,68.0,286.0,381.43,1741.01,12.62,21976.74,1220.93,0.5803,8.0,44.0,37.0,0.07,55.93,40.38
780C,1,8.0,51.0,57.0,271.0,59.0,328.0,313.29,1929.51,21.25,41011.48,2278.42,0.6432,8.0,44.0,36.0,0.0,40.07,40.07
780C,2,8.0,48.0,55.0,214.0,56.0,269.0,292.08,1562.18,17.83,27858.85,1547.71,0.5207,8.0,38.0,32.0,0.0,42.1,42.1
780C,3,8.0,46.0,46.0,170.0,54.0,216.0,278.08,1243.06,14.78,18375.61,1020.87,0.4144,6.0,31.0,25.0,0.0,44.99,44.99
780C,4,8.0,46.0,44.0,169.0,54.0,213.0,278.08,1225.79,14.7,18013.8,1000.77,0.4086,6.0,31.0,25.0,0.0,45.04,45.04
780C,5,8.0,46.0,44.0,169.0,54.0,213.0,278.08,1225.79,14.7,18013.8,1000.77,0.4086,6.0,31.0,25.0,0.0,45.04,45.04
780C,6,8.0,47.0,46.0,177.0,55.0,223.0,285.07,1289.24,15.06,19420.94,1078.94,0.4297,6.0,31.0,25.0,0.0,44.88,44.88
780C,7,8.0,48.0,56.0,221.0,56.0,277.0,292.08,1608.64,18.42,29625.74,1645.87,0.5362,8.0,39.0,32.0,0.0,41.76,41.76
780C,8,8.0,47.0,45.0,186.0,55.0,231.0,285.07,1335.49,15.83,21140.59,1174.48,0.4452,7.0,36.0,30.0,0.0,43.22,43.22
780C,9,8.0,46.0,44.0,169.0,54.0,213.0,278.08,1225.79,14.7,18013.8,1000.77,0.4086,6.0,31.0,25.0,0.0,45.04,45.04
780C,10,8.0,46.0,44.0,169.0,54.0,213.0,278.08,1225.79,14.7,18013.8,1000.77,0.4086,6.0,31.0,25.0,0.0,45.04,45.04
780C,11,8.0,50.0,67.0,269.0,58.0,336.0,306.19,1968.28,21.52,42357.42,2353.19,0.6561,10.0,48.0,41.0,0.0,38.92,38.92
780C,12,8.0,46.0,46.0,170.0,54.0,216.0,278.08,1243.06,14.78,18375.61,1020.87,0.4144,6.0,31.0,25.0,0.0,44.99,44.99
780C,13,8.0,46.0,46.0,170.0,54.0,216.0,278.08,1243.06,14.78,18375.61,1020.87,0.4144,6.0,31.0,25.0,0.0,44.99,44.99
780C,14,8.0,46.0,49.0,189.0,54.0,238.0,278.08,1369.66,16.43,22510.12,1250.56,0.4566,8.0,34.0,28.0,0.0,43.55,43.55
780C,15,8.0,46.0,46.0,170.0,54.0,216.0,278.08,1243.06,14.78,18375.61,1020.87,0.4144,6.0,31.0,25.0,0.0,44.99,44.99
780C,16,8.0,47.0,47.0,178.0,55.0,225.0,285.07,1300.81,15.15,19705.83,1094.77,0.4336,6.0,34.0,27.0,0.0,43.98,43.98
780C,17,8.0,49.0,46.0,198.0,57.0,244.0,299.12,1423.23,16.16,23003.97,1278.0,0.4744,7.0,35.0,28.0,0.0,43.3,43.3
780C,18,8.0,47.0,46.0,177.0,55.0,223.0,285.07,1289.24,15.06,19420.94,1078.94,0.4297,6.0,31.0,25.0,0.0,44.88,44.88
780C,19,8.0,47.0,46.0,175.0,55.0,221.0,285.07,1277.68,14.89,19029.28,1057.18,0.4259,6.0,33.0,26.0,0.0,44.32,44.32
780C,20,8.0,46.0,44.0,169.0,54.0,213.0,278.08,1225.79,14.7,18013.8,1000.77,0.4086,6.0,31.0,25.0,0.0,45.04,45.04
780C,21,8.0,47.0,46.0,177.0,55.0,223.0,285.07,1289.24,15.06,19420.94,1078.94,0.4297,6.0,31.0,25.0,0.0,44.88,44.88
780C,22,8.0,46.0,44.0,169.0,54.0,213.0,278.08,1225.79,14.7,18013.8,1000.77,0.4086,6.0,31.0,25.0,0.0,45.04,45.04
780C,23,8.0,47.0,46.0,177.0,55.0,223.0,285.07,1289.24,15.06,19420.94,1078.94,0.4297,6.0,31.0,25.0,0.0,44.88,44.88
780C,24,8.0,46.0,46.0,170.0,54.0,216.0,278.08,1243.06,14.78,18375.61,1020.87,0.4144,6.0,31.0,25.0,0.0,44.99,44.99
780C,25,8.0,47.0,46.0,177.0,55.0,223.0,285.07,1289.24,15.06,19420.94,1078.94,0.4297,6.0,31.0,25.0,0.0,44.88,44.88
780C,26,8.0,48.0,54.0,219.0,56.0,273.0,292.08,1585.41,18.25,28933.69,1607.43,0.5285,8.0,39.0,33.0,0.0,41.81,41.81
780C,27,8.0,49.0,60.0,235.0,57.0,295.0,299.12,1720.7,19.18,33009.4,1833.86,0.5736,10.0,42.0,35.0,0.0,40.59,40.59
780C,28,8.0,48.0,58.0,231.0,56.0,289.0,292.08,1678.33,19.25,32307.77,1794.88,0.5594,10.0,41.0,35.0,0.0,40.89,40.89
780C,29,8.0,49.0,60.0,249.0,57.0,309.0,299.12,1802.36,20.33,36635.79,2035.32,0.6008,10.0,44.0,37.0,0.0,40.01,40.01
780C,30,8.0,47.0,45.0,190.0,55.0,235.0,285.07,1358.62,16.17,21969.17,1220.51,0.4529,7.0,35.0,29.0,0.0,43.44,43.44
780C,31,8.0,48.0,55.0,214.0,56.0,269.0,292.08,1562.18,17.83,27858.85,1547.71,0.5207,8.0,38.0,32.0,0.0,42.1,42.1
780C,32,8.0,49.0,61.0,237.0,57.0,298.0,299.12,1738.2,19.35,33628.87,1868.27,0.5794,10.0,43.0,36.0,0.0,40.34,40.34
789C,1,6.0,41.0,37.0,133.0,47.0,170.0,235.17,944.28,9.73,9189.46,510.53,0.3148,5.0,24.0,22.0,0.0,48.39,48.39
789C,2,6.0,39.0,35.0,127.0,45.0,162.0,221.64,889.68,9.77,8691.49,482.86,0.2966,4.0,21.0,19.0,0.0,49.97,49.97
789C,3,6.0,42.0,38.0,141.0,48.0,179.0,241.99,999.71,10.07,10068.49,559.36,0.3332,5.0,23.0,21.0,0.0,48.62,48.62
789C,4,6.0,41.0,37.0,133.0,47.0,170.0,235.17,944.28,9.73,9189.46,510.53,0.3148,5.0,24.0,22.0,0.0,48.39,48.39
789C,5,6.0,40.0,40.0,126.0,46.0,166.0,228.39,916.91,9.45,8664.81,481.38,0.3056,5.0,24.0,22.0,0.0,48.48,48.48
789C,6,6.0,40.0,40.0,122.0,46.0,162.0,228.39,894.82,9.15,8187.58,454.87,0.2983,5.0,22.0,20.0,0.0,49.38,49.38
789C,7,6.0,40.0,38.0,125.0,46.0,163.0,228.39,900.34,9.38,8440.69,468.93,0.3001,5.0,23.0,21.0,0.0,48.94,48.94
789C,8,6.0,41.0,38.0,136.0,47.0,174.0,235.17,966.5,9.95,9617.84,534.32,0.3222,5.0,23.0,21.0,0.0,48.72,48.72
789C,9,6.0,41.0,38.0,136.0,47.0,174.0,235.17,966.5,9.95,9617.84,534.32,0.3222,5.0,23.0,21.0,0.0,48.72,48.72
789C,10,6.0,40.0,40.0,122.0,46.0,162.0,228.39,894.82,9.15,8187.58,454.87,0.2983,5.0,22.0,20.0,0.0,49.38,49.38
789C,11,6.0,42.0,39.0,145.0,48.0,184.0,241.99,1027.63,10.36,10643.34,591.3,0.3425,5.0,24.0,22.0,0.0,48.13,48.13
789C,12,6.0,41.0,37.0,133.0,47.0,170.0,235.17,944.28,9.73,9189.46,510.53,0.3148,5.0,24.0,22.0,0.0,48.39,48.39
789C,13,6.0,42.0,38.0,141.0,48.0,179.0,241.99,999.71,10.07,10068.49,559.36,0.3332,5.0,23.0,21.0,0.0,48.62,48.62
789C,14,6.0,40.0,38.0,125.0,46.0,163.0,228.39,900.34,9.38,8440.69,468.93,0.3001,5.0,23.0,21.0,0.0,48.94,48.94
789C,15,6.0,40.0,38.0,125.0,46.0,163.0,228.39,900.34,9.38,8440.69,468.93,0.3001,5.0,23.0,21.0,0.0,48.94,48.94
789C,16,6.0,41.0,38.0,140.0,47.0,178.0,235.17,988.72,10.24,10128.32,562.68,0.3296,5.0,25.0,23.0,0.0,47.86,47.86
789C,17,6.0,41.0,38.0,136.0,47.0,174.0,235.17,966.5,9.95,9617.84,534.32,0.3222,5.0,23.0,21.0,0.0,48.72,48.72
789C,18,6.0,40.0,40.0,122.0,46.0,162.0,228.39,894.82,9.15,8187.58,454.87,0.2983,5.0,22.0,20.0,0.0,49.38,49.38
789C,19,6.0,42.0,38.0,152.0,48.0,190.0,241.99,1061.14,10.86,11520.98,640.05,0.3537,5.0,25.0,23.0,0.0,47.65,47.65
789C,20,6.0,41.0,37.0,129.0,47.0,166.0,235.17,922.06,9.44,8703.36,483.52,0.3074,5.0,22.0,20.0,0.0,49.28,49.28
789C,21,6.0,41.0,38.0,136.0,47.0,174.0,235.17,966.5,9.95,9617.84,534.32,0.3222,5.0,23.0,21.0,0.0,48.72,48.72
789C,22,7.0,40.0,40.0,135.0,47.0,175.0,232.53,972.05,11.81,11482.38,637.91,0.324,4.0,21.0,19.0,0.0,49.7,49.7
789C,23,6.0,39.0,35.0,125.0,45.0,160.0,221.64,878.7,9.62,8449.0,469.39,0.2929,4.0,20.0,18.0,0.0,50.47,50.47
789C,24,6.0,39.0,35.0,124.0,45.0,159.0,221.64,873.2,9.54,8329.03,462.72,0.2911,4.0,20.0,18.0,0.0,50.49,50.49
789C,25,6.0,41.0,37.0,129.0,47.0,166.0,235.17,922.06,9.44,8703.36,483.52,0.3074,5.0,22.0,20.0,0.0,49.28,49.28
789C,26,6.0,39.0,35.0,125.0,45.0,160.0,221.64,878.7,9.62,8449.0,469.39,0.2929,4.0,20.0,18.0,0.0,50.47,50.47
789C,27,6.0,42.0,38.0,141.0,48.0,179.0,241.99,999.71,10.07,10068.49,559.36,0.3332,5.0,23.0,21.0,0.0,48.62,48.62
789C,28,6.0,39.0,37.0,143.0,45.0,180.0,221.64,988.53,11.0,10873.87,604.1,0.3295,5.0,26.0,24.0,0.0,47.49,47.49
789C,29,6.0,41.0,37.0,129.0,47.0,166.0,235.17,922.06,9.44,8703.36,483.52,0.3074,5.0,22.0,20.0,0.0,49.28,49.28
789C,30,7.0,40.0,40.0,135.0,47.0,175.0,232.53,972.05,11.81,11482.38,637.91,0.324,4.0,21.0,19.0,0.0,49.7,49.7
789C,31,6.0,41.0,37.0,130.0,47.0,167.0,235.17,927.62,9.51,8823.67,490.2,0.3092,5.0,22.0,20.0,0.0,49.27,49.27
789C,32,6.0,42.0,39.0,149.0,48.0,188.0,241.99,1049.97,10.64,11174.71,620.82,0.35,5.0,26.0,24.0,0.0,47.31,47.31
790A,1,6.0,46.0,75.0,257.0,52.0,332.0,269.59,1892.55,16.76,31720.72,1762.26,0.6308,13.0,47.0,43.0,0.0,38.83,38.83
790A,7,6.0,46.0,75.0,257.0,52.0,332.0,269.59,1892.55,16.76,31720.72,1762.26,0.6308,13.0,47.0,43.0,0.0,38.83,38.83
790A,9,7.0,52.0,77.0,290.0,59.0,367.0,316.07,2158.93,19.52,42140.65,2341.15,0.7196,14.0,47.0,45.0,0.0,38.3,38.3
790A,10,8.0,51.0,85.0,296.0,59.0,381.0,313.29,2241.29,23.22,52033.02,2890.72,0.7471,18.0,49.0,47.0,0.0,37.25,37.25
790A,12,7.0,48.0,74.0,254.0,55.0,328.0,287.73,1896.29,18.52,35120.8,1951.16,0.6321,13.0,45.0,43.0,0.0,39.24,39.24
790A,14,7.0,48.0,74.0,254.0,55.0,328.0,287.73,1896.29,18.52,35120.8,1951.16,0.6321,13.0,45.0,43.0,0.0,39.24,39.24
790A,22,7.0,48.0,74.0,254.0,55.0,328.0,287.73,1896.29,18.52,35120.8,1951.16,0.6321,13.0,45.0,43.0,0.0,39.24,39.24
790A,26,6.0,46.0,75.0,257.0,52.0,332.0,269.59,1892.55,16.76,31720.72,1762.26,0.6308,13.0,47.0,43.0,0.0,38.83,38.83
790A,27,6.0,47.0,58.0,201.0,53.0,259.0,276.58,1483.53,12.83,19033.39,1057.41,0.4945,8.0,34.0,30.0,0.0,43.31,43.31
790A,29,7.0,52.0,77.0,290.0,59.0,367.0,316.07,2158.93,19.52,42140.65,2341.15,0.7196,14.0,47.0,45.0,0.0,38.3,38.3
791C,2,9.0,51.0,77.0,256.0,60.0,333.0,317.82,1966.99,22.59,44430.94,2468.39,0.6557,15.0,43.0,41.0,0.0,39.29,39.29
791C,3,6.0,43.0,51.0,173.0,49.0,224.0,248.84,1257.7,12.07,15180.09,843.34,0.4192,8.0,31.0,29.0,0.0,44.69,44.69
791C,6,7.0,48.0,74.0,254.0,55.0,328.0,287.73,1896.29,18.52,35120.8,1951.16,0.6321,13.0,45.0,43.0,0.0,39.24,39.24
791C,7,5.0,44.0,60.0,212.0,49.0,272.0,251.82,1527.2,12.05,18395.83,1021.99,0.5091,9.0,38.0,34.0,0.0,42.03,42.03
791C,15,7.0,48.0,74.0,254.0,55.0,328.0,287.73,1896.29,18.52,35120.8,1951.16,0.6321,13.0,45.0,43.0,0.0,39.24,39.24
791C,16,7.0,48.0,74.0,254.0,55.0,328.0,287.73,1896.29,18.52,35120.8,1951.16,0.6321,13.0,45.0,43.0,0.0,39.24,39.24
791C,19,7.0,48.0,74.0,254.0,55.0,328.0,287.73,1896.29,18.52,35120.8,1951.16,0.6321,13.0,45.0,43.0,0.0,39.24,39.24
791C,20,8.0,82.0,101.0,408.0,90.0,509.0,545.32,3304.35,19.9,65764.69,3653.59,1.1015,19.0,58.0,50.0,0.07,49.79,34.34
791C,21,7.0,50.0,74.0,245.0,57.0,319.0,301.84,1860.69,17.15,31910.87,1772.83,0.6202,14.0,42.0,38.0,0.0,39.81,39.81
791C,22,8.0,60.0,62.0,209.0,68.0,271.0,378.41,1649.7,13.93,22985.85,1276.99,0.5499,9.0,40.0,33.0,0.08,57.6,41.31
791C,26,7.0,50.0,74.0,245.0,57.0,319.0,301.84,1860.69,17.15,31910.87,1772.83,0.6202,14.0,42.0,38.0,0.0,39.81,39.81
791C,27,7.0,48.0,74.0,254.0,55.0,328.0,287.73,1896.29,18.52,35120.8,1951.16,0.6321,13.0,45.0,43.0,0.0,39.24,39.24
791C,28,6.0,46.0,75.0,257.0,52.0,332.0,269.59,1892.55,16.76,31720.72,1762.26,0.6308,13.0,47.0,43.0,0.0,38.83,38.83
791C,29,7.0,48.0,74.0,254.0,55.0,328.0,287.73,1896.29,18.52,35120.8,1951.16,0.6321,13.0,45.0,43.0,0.0,39.24,39.24
791C,31,7.0,48.0,74.0,254.0,55.0,328.0,287.73,1896.29,18.52,35120.8,1951.16,0.6321,13.0,45.0,43.0,0.0,39.24,39.24
791C,32,7.0,48.0,74.0,254.0,55.0,328.0,287.73,1896.29,18.52,35120.8,1951.16,0.6321,13.0,45.0,43.0,0.0,39.24,39.24
798C,1,12.0,88.0,113.0,435.0,100.0,548.0,611.45,3640.83,29.66,107983.8,5999.1,1.2136,19.0,66.0,58.0,0.09,49.96,32.82
798C,2,10.0,58.0,84.0,320.0,68.0,404.0,372.98,2459.33,27.59,67843.72,3769.1,0.8198,16.0,57.0,55.0,0.0,35.8,35.8
798C,3,11.0,58.0,106.0,376.0,69.0,482.0,377.82,2944.31,35.66,104979.84,5832.21,0.9814,21.0,60.0,58.0,0.0,34.1,34.1
798C,4,10.0,83.0,92.0,383.0,93.0,475.0,562.35,3106.1,23.07,71664.85,3981.38,1.0354,18.0,62.0,57.0,0.05,46.95,34.03
798C,5,11.0,53.0,90.0,290.0,64.0,380.0,341.63,2280.0,30.09,68615.09,3811.95,0.76,17.0,52.0,50.0,0.0,36.77,36.77
798C,6,10.0,108.0,118.0,472.0,118.0,590.0,762.75,4060.76,21.85,88735.11,4929.73,1.3536,20.0,74.0,65.0,0.08,47.66,31.27
798C,7,10.0,58.0,88.0,354.0,68.0,442.0,372.98,2690.66,30.52,82111.48,4561.75,0.8969,16.0,52.0,49.0,0.0,36.4,36.4
798C,8,10.0,89.0,111.0,460.0,99.0,571.0,609.56,3785.36,25.84,97823.98,5434.67,1.2618,22.0,74.0,67.0,0.07,46.23,31.21
798C,9,10.0,58.0,84.0,320.0,68.0,404.0,372.98,2459.33,27.59,67843.72,3769.1,0.8198,16.0,57.0,55.0,0.0,35.8,35.8
798C,10,12.0,81.0,113.0,424.0,93.0,537.0,556.55,3511.53,31.41,110288.0,6127.11,1.1705,20.0,64.0,58.0,0.06,47.61,33.08
798C,11,10.0,89.0,100.0,376.0,99.0,476.0,609.56,3155.57,21.12,66657.06,3703.17,1.0519,18.0,60.0,54.0,0.07,49.26,34.29
798C,12,10.0,58.0,80.0,320.0,68.0,400.0,372.98,2434.99,27.59,67172.0,3731.78,0.8117,18.0,62.0,60.0,0.0,34.77,34.77
798C,13,10.0,62.0,81.0,314.0,72.0,395.0,402.38,2437.12,25.32,61714.18,3428.57,0.8124,15.0,55.0,52.0,0.0,36.3,36.3
798C,14,10.0,52.0,88.0,275.0,62.0,363.0,329.64,2161.37,26.44,57151.7,3175.09,0.7205,17.0,48.0,46.0,0.0,37.69,37.69
798C,15,11.0,58.0,95.0,331.0,69.0,426.0,377.82,2602.23,31.39,81678.66,4537.7,0.8674,19.0,59.0,57.0,0.0,34.9,34.9
798C,16,10.0,59.0,89.0,354.0,69.0,443.0,380.3,2706.08,30.0,81182.29,4510.13,0.902,16.0,58.0,55.0,0.0,35.35,35.35
798C,17,11.0,59.0,87.0,313.0,70.0,400.0,385.13,2451.71,29.18,71536.0,3974.22,0.8172,17.0,57.0,55.0,0.0,35.68,35.68
798C,18,10.0,56.0,89.0,312.0,66.0,401.0,358.43,2423.8,27.86,67520.2,3751.12,0.8079,15.0,53.0,50.0,0.0,36.67,36.67
798C,19,10.0,82.0,113.0,442.0,92.0,555.0,554.54,3620.58,26.95,97578.96,5421.05,1.2069,18.0,66.0,60.0,0.06,47.29,32.97
798C,20,11.0,94.0,106.0,393.0,105.0,499.0,654.19,3350.41,22.99,77041.57,4280.09,1.1168,18.0,66.0,58.0,0.09,50.35,33.2
798C,21,11.0,76.0,102.0,406.0,87.0,508.0,512.9,3273.02,29.38,96166.36,5342.58,1.091,17.0,62.0,57.0,0.05,46.92,34.0
798C,22,10.0,74.0,98.0,378.0,84.0,476.0,492.72,3042.74,25.54,77713.3,4317.41,1.0142,18.0,65.0,59.0,0.06,48.06,33.64
798C,23,10.0,89.0,97.0,390.0,99.0,487.0,609.56,3228.5,21.91,70736.72,3929.82,1.0762,18.0,66.0,59.0,0.08,49.15,33.32
798C,24,10.0,55.0,101.0,343.0,65.0,444.0,351.19,2673.93,31.18,83378.04,4632.11,0.8913,19.0,54.0,52.0,0.0,35.66,35.66
798C,25,9.0,53.0,91.0,311.0,62.0,402.0,332.11,2393.59,26.41,63204.24,3511.35,0.7979,20.0,53.0,51.0,0.0,36.04,36.04
798C,26,9.0,138.0,100.0,463.0,147.0,563.0,1009.51,4053.42,15.1,61197.76,3399.88,1.3511,16.0,63.0,46.0,0.25,58.17,33.34
798C,27,10.0,52.0,84.0,299.0,62.0,383.0,329.64,2280.46,28.75,65563.14,3642.4,0.7602,15.0,50.0,48.0,0.0,37.41,37.41
798C,28,10.0,57.0,85.0,333.0,67.0,418.0,365.69,2535.63,29.21,74066.95,4114.83,0.8452,19.0,63.0,61.0,0.0,34.36,34.36
798C,29,10.0,63.0,92.0,378.0,73.0,470.0,409.79,2909.22,30.0,87276.53,4848.7,0.9697,18.0,59.0,56.0,0.0,34.7,34.7
798C,30,11.0,59.0,84.0,296.0,70.0,380.0,385.13,2329.13,27.59,64268.13,3570.45,0.7764,16.0,51.0,49.0,0.0,37.02,37.02
798C,31,9.0,152.0,118.0,553.0,161.0,671.0,1130.21,4919.05,16.37,80533.18,4474.07,1.6397,17.0,73.0,53.0,0.25,56.29,31.22
798C,32,12.0,61.0,112.0,429.0,73.0,541.0,404.79,3348.7,42.2,141303.95,7850.22,1.1162,22.0,65.0,63.0,0.0,32.81,32.81
799D,1,9.0,72.0,102.0,256.0,81.0,358.0,472.76,2269.67,16.0,36314.66,2017.48,0.7566,14.0,38.0,32.0,0.11,58.59,40.16
799D,2,10.0,116.0,142.0,470.0,126.0,612.0,828.75,4270.1,20.26,86506.24,4805.9,1.4234,21.0,66.0,49.0,0.23,56.52,32.06
799D,5,10.0,87.0,174.0,461.0,97.0,635.0,593.76,4190.94,26.49,111035.95,6168.66,1.397,24.0,90.0,79.0,0.1,46.58,28.78
799D,9,11.0,132.0,215.0,637.0,143.0,852.0,967.91,6100.21,26.54,161909.75,8994.99,2.0334,25.0,77.0,53.0,0.29,55.15,28.98
799D,12,10.0,83.0,114.0,307.0,93.0,421.0,562.35,2752.99,18.49,50913.65,2828.54,0.9177,17.0,48.0,39.0,0.15,57.9,36.95
799D,21,10.0,114.0,167.0,510.0,124.0,677.0,812.17,4707.99,22.37,105310.32,5850.57,1.5693,26.0,70.0,57.0,0.16,51.98,30.54
799D,26,10.0,88.0,109.0,400.0,98.0,509.0,601.65,3366.89,22.73,76520.17,4251.12,1.1223,16.0,53.0,46.0,0.1,53.02,35.54
799D,28,10.0,126.0,157.0,458.0,136.0,615.0,912.36,4358.79,18.17,79219.27,4401.07,1.4529,19.0,68.0,48.0,0.27,57.62,31.99
799B,1,9.0,77.0,83.0,356.0,86.0,439.0,511.07,2821.13,20.81,58694.16,3260.79,0.9404,10.0,50.0,45.0,0.02,46.12,37.43
799B,2,9.0,55.0,83.0,351.0,64.0,434.0,346.5,2604.0,28.72,74782.15,4154.56,0.868,11.0,43.0,39.0,0.0,38.97,38.97
799B,3,10.0,83.0,118.0,425.0,93.0,543.0,562.35,3550.76,25.6,90908.09,5050.45,1.1836,18.0,54.0,49.0,0.04,46.46,34.93
799B,4,9.0,77.0,83.0,356.0,86.0,439.0,511.07,2821.13,20.81,58694.16,3260.79,0.9404,10.0,50.0,45.0,0.02,46.12,37.43
799B,5,7.0,58.0,84.0,364.0,65.0,448.0,359.41,2698.02,21.97,59263.42,3292.41,0.8993,11.0,45.0,41.0,0.0,38.43,38.43
799B,6,9.0,82.0,122.0,424.0,91.0,546.0,549.85,3553.26,23.27,82678.2,4593.23,1.1844,19.0,53.0,48.0,0.04,46.61,34.97
799B,7,8.0,58.0,84.0,362.0,66.0,446.0,363.76,2695.8,24.97,67302.04,3739.0,0.8986,11.0,48.0,44.0,0.0,37.82,37.82
799B,8,8.0,55.0,83.0,358.0,63.0,441.0,341.97,2635.98,26.04,68631.35,3812.85,0.8787,11.0,44.0,40.0,0.0,38.72,38.72
799B,9,10.0,82.0,118.0,420.0,92.0,538.0,554.54,3509.68,25.61,89881.95,4993.44,1.1699,18.0,53.0,48.0,0.04,46.78,35.14
799B,10,9.0,55.0,96.0,346.0,64.0,442.0,346.5,2652.0,28.31,75075.71,4170.87,0.884,16.0,39.0,36.0,0.0,39.17,39.17
799B,11,9.0,73.0,79.0,325.0,82.0,404.0,480.39,2568.45,20.03,51456.98,2858.72,0.8562,9.0,45.0,40.0,0.02,48.04,38.85
799B,12,7.0,53.0,79.0,326.0,60.0,405.0,323.23,2392.29,21.53,51501.96,2861.22,0.7974,10.0,37.0,34.0,0.0,40.79,40.79
799B,13,7.0,58.0,84.0,364.0,65.0,448.0,359.41,2698.02,21.97,59263.42,3292.41,0.8993,11.0,45.0,41.0,0.0,38.43,38.43
799B,14,10.0,77.0,92.0,327.0,87.0,419.0,515.76,2699.59,21.23,57322.53,3184.59,0.8999,14.0,41.0,37.0,0.03,48.44,38.91
799B,15,9.0,55.0,83.0,351.0,64.0,434.0,346.5,2604.0,28.72,74782.15,4154.56,0.868,11.0,43.0,39.0,0.0,38.97,38.97
799B,16,8.0,55.0,83.0,358.0,63.0,441.0,341.97,2635.98,26.04,68631.35,3812.85,0.8787,11.0,44.0,40.0,0.0,38.72,38.72
799B,17,7.0,57.0,82.0,359.0,64.0,441.0,352.13,2646.0,22.04,58328.05,3240.45,0.882,11.0,43.0,39.0,0.0,38.92,38.92
799B,18,10.0,81.0,112.0,409.0,91.0,521.0,546.75,3390.56,25.25,85601.2,4755.62,1.1302,17.0,52.0,47.0,0.04,47.31,35.56
799B,19,9.0,77.0,83.0,356.0,86.0,439.0,511.07,2821.13,20.81,58694.16,3260.79,0.9404,10.0,50.0,45.0,0.02,46.12,37.43
799B,20,8.0,56.0,79.0,315.0,64.0,394.0,349.21,2364.0,22.5,53190.0,2955.0,0.788,10.0,44.0,41.0,0.0,39.18,39.18
799B,21,8.0,55.0,82.0,339.0,63.0,421.0,341.97,2516.43,24.65,62041.56,3446.75,0.8388,11.0,44.0,40.0,0.0,38.86,38.86
799B,22,9.0,74.0,98.0,389.0,83.0,487.0,488.03,3104.64,23.66,73441.62,4080.09,1.0349,12.0,55.0,49.0,0.04,47.5,35.97
799B,23,9.0,77.0,83.0,356.0,86.0,439.0,511.07,2821.13,20.81,58694.16,3260.79,0.9404,10.0,50.0,45.0,0.02,46.12,37.43
799B,24,10.0,60.0,141.0,510.0,70.0,651.0,387.63,3990.16,42.5,169581.94,9421.22,1.3301,29.0,67.0,64.0,0.0,31.05,31.05
799B,25,8.0,58.0,79.0,321.0,66.0,400.0,363.76,2417.76,22.14,53524.15,2973.56,0.8059,10.0,41.0,38.0,0.0,39.78,39.78
799B,26,9.0,74.0,98.0,389.0,83.0,487.0,488.03,3104.64,23.66,73441.62,4080.09,1.0349,12.0,55.0,49.0,0.04,47.5,35.97
799B,27,9.0,76.0,81.0,352.0,85.0,433.0,503.37,2775.27,20.84,57842.39,3213.47,0.9251,10.0,49.0,44.0,0.02,46.46,37.68
799B,28,7.0,57.0,84.0,364.0,64.0,448.0,352.13,2688.0,22.35,60079.16,3337.73,0.896,11.0,45.0,41.0,0.0,38.44,38.44
799B,29,10.0,84.0,118.0,425.0,94.0,543.0,570.17,3559.14,25.3,90037.81,5002.1,1.1864,18.0,54.0,49.0,0.04,46.45,34.92
799B,30,9.0,56.0,85.0,356.0,65.0,441.0,353.74,2655.86,28.61,75976.69,4220.93,0.8853,11.0,49.0,45.0,0.0,37.67,37.67
799B,31,10.0,61.0,90.0,321.0,71.0,411.0,394.99,2527.55,26.31,66503.47,3694.64,0.8425,12.0,43.0,39.0,0.0,38.93,38.93
799B,32,9.0,60.0,100.0,355.0,69.0,455.0,382.94,2779.38,26.62,74000.96,4111.16,0.9265,16.0,40.0,36.0,0.03,48.44,38.79
802D,1,9.0,59.0,73.0,261.0,68.0,334.0,375.61,2033.21,19.91,40474.72,2248.6,0.6777,13.0,48.0,43.0,0.0,38.41,38.41
802D,2,9.0,59.0,73.0,261.0,68.0,334.0,375.61,2033.21,19.91,40474.72,2248.6,0.6777,13.0,48.0,43.0,0.0,38.41,38.41
802D,3,9.0,59.0,80.0,299.0,68.0,379.0,375.61,2307.15,22.81,52614.72,2923.04,0.769,15.0,61.0,52.0,0.07,50.7,35.49
802D,4,9.0,59.0,75.0,274.0,68.0,349.0,375.61,2124.52,20.9,44398.96,2466.61,0.7082,13.0,54.0,44.0,0.1,54.95,37.16
802D,5,9.0,63.0,86.0,324.0,72.0,410.0,405.1,2529.67,23.14,58543.77,3252.43,0.8432,17.0,60.0,54.0,0.02,43.06,35.1
802D,6,9.0,57.0,73.0,268.0,66.0,341.0,361.0,2061.14,21.16,43609.35,2422.74,0.687,13.0,53.0,43.0,0.1,55.37,37.43
802D,7,9.0,60.0,70.0,271.0,69.0,341.0,382.94,2083.01,20.32,42337.11,2352.06,0.6943,12.0,51.0,46.0,0.0,37.9,37.9
802D,8,9.0,58.0,68.0,265.0,67.0,333.0,368.29,2020.01,20.56,41532.05,2307.34,0.6733,12.0,50.0,45.0,0.0,38.18,38.18
802D,9,9.0,52.0,62.0,244.0,61.0,306.0,324.95,1814.81,21.12,38320.32,2128.91,0.6049,11.0,46.0,41.0,0.0,39.43,39.43
802D,10,9.0,63.0,80.0,314.0,72.0,394.0,405.1,2430.95,22.43,54522.75,3029.04,0.8103,15.0,62.0,54.0,0.05,48.41,35.18
802D,11,10.0,59.0,76.0,302.0,69.0,378.0,380.3,2309.02,25.59,59095.32,3283.07,0.7697,16.0,57.0,52.0,0.0,35.99,35.99
802D,12,9.0,59.0,80.0,318.0,68.0,398.0,375.61,2422.81,24.25,58763.41,3264.63,0.8076,16.0,62.0,57.0,0.0,35.05,35.05
802D,13,8.0,52.0,63.0,247.0,60.0,310.0,320.42,1831.14,19.0,34791.59,1932.87,0.6104,11.0,45.0,40.0,0.0,39.61,39.61
802D,14,8.0,52.0,64.0,224.0,60.0,288.0,320.42,1701.18,17.23,29312.72,1628.48,0.5671,11.0,45.0,40.0,0.0,39.84,39.84
802D,15,9.0,56.0,68.0,267.0,65.0,335.0,353.74,2017.49,21.46,43286.04,2404.78,0.6725,12.0,52.0,47.0,0.0,37.81,37.81
802D,16,9.0,58.0,70.0,265.0,67.0,335.0,368.29,2032.14,20.56,41781.5,2321.19,0.6774,12.0,52.0,47.0,0.0,37.79,37.79
802D,17,9.0,52.0,69.0,226.0,61.0,295.0,324.95,1749.57,19.56,34217.5,1900.97,0.5832,12.0,45.0,40.0,0.0,39.62,39.62
802D,18,8.0,53.0,66.0,233.0,61.0,299.0,327.58,1773.29,17.58,31183.15,1732.4,0.5911,11.0,46.0,41.0,0.0,39.5,39.5
802D,19,9.0,57.0,70.0,277.0,66.0,347.0,361.0,2097.4,21.87,45866.93,2548.16,0.6991,14.0,54.0,49.0,0.0,37.07,37.07
802D,20,9.0,56.0,75.0,285.0,65.0,360.0,353.74,2168.05,22.9,49652.27,2758.46,0.7227,14.0,56.0,51.0,0.0,36.62,36.62
802D,21,9.0,57.0,73.0,268.0,66.0,341.0,361.0,2061.14,21.16,43609.35,2422.74,0.687,13.0,53.0,43.0,0.1,55.37,37.43
802D,22,9.0,61.0,78.0,305.0,70.0,383.0,390.3,2347.52,22.5,52819.1,2934.39,0.7825,15.0,60.0,52.0,0.05,49.04,35.59
802D,23,9.0,56.0,77.0,282.0,65.0,359.0,353.74,2162.03,22.66,48993.15,2721.84,0.7207,14.0,55.0,50.0,0.0,36.8,36.8
802D,24,9.0,57.0,73.0,268.0,66.0,341.0,361.0,2061.14,21.16,43609.35,2422.74,0.687,13.0,53.0,43.0,0.1,55.37,37.43
802D,25,9.0,66.0,81.0,322.0,75.0,403.0,427.46,2510.21,21.95,55110.61,3061.7,0.8367,14.0,60.0,52.0,0.05,48.97,35.52
802D,26,9.0,60.0,75.0,295.0,69.0,370.0,382.94,2260.15,22.12,50005.91,2778.11,0.7534,14.0,57.0,52.0,0.0,36.33,36.33
802D,27,9.0,59.0,66.0,242.0,68.0,308.0,375.61,1874.94,18.46,34606.92,1922.61,0.625,11.0,46.0,41.0,0.0,39.33,39.33
802D,28,9.0,58.0,70.0,265.0,67.0,335.0,368.29,2032.14,20.56,41781.5,2321.19,0.6774,12.0,52.0,47.0,0.0,37.79,37.79
802D,29,9.0,52.0,69.0,256.0,61.0,325.0,324.95,1927.49,22.15,42701.31,2372.29,0.6425,12.0,48.0,43.0,0.0,38.71,38.71
802D,30,8.0,52.0,64.0,224.0,60.0,288.0,320.42,1701.18,17.23,29312.72,1628.48,0.5671,11.0,45.0,40.0,0.0,39.84,39.84
802D,31,9.0,59.0,66.0,250.0,68.0,316.0,375.61,1923.64,19.07,36679.54,2037.75,0.6412,11.0,49.0,44.0,0.0,38.66,38.66
802D,32,9.0,57.0,78.0,314.0,66.0,392.0,361.0,2369.4,24.79,58736.24,3263.12,0.7898,16.0,62.0,57.0,0.0,35.12,35.12
802E,1,9.0,67.0,82.0,305.0,76.0,387.0,434.96,2417.95,20.49,49531.84,2751.77,0.806,8.0,54.0,40.0,0.05,50.07,37.44
802E,2,6.0,42.0,48.0,181.0,48.0,229.0,241.99,1278.96,12.93,16535.08,918.62,0.4263,8.0,33.0,31.0,0.0,44.04,44.04
802E,3,10.0,55.0,88.0,306.0,65.0,394.0,351.19,2372.81,27.82,66007.34,3667.07,0.7909,14.0,54.0,49.0,0.0,36.69,36.69
802E,4,6.0,43.0,47.0,169.0,49.0,216.0,248.84,1212.78,11.79,14299.49,794.42,0.4043,5.0,31.0,24.0,0.0,45.2,45.2
802E,5,9.0,45.0,80.0,264.0,54.0,344.0,275.66,1979.68,26.4,52263.59,2903.53,0.6599,12.0,49.0,44.0,0.0,38.43,38.43
802E,6,10.0,68.0,66.0,284.0,78.0,350.0,447.17,2199.89,20.88,45938.9,2552.16,0.7333,8.0,55.0,40.0,0.09,54.48,37.56
802E,7,5.0,32.0,28.0,78.0,37.0,106.0,171.61,552.2,6.09,3364.98,186.94,0.1841,3.0,18.0,16.0,0.0,53.01,53.01
802E,8,7.0,52.0,65.0,241.0,59.0,306.0,316.07,1800.09,16.22,29199.52,1622.2,0.6,12.0,43.0,40.0,0.02,49.15,39.96
802E,9,8.0,61.0,64.0,269.0,69.0,333.0,385.77,2034.14,17.64,35880.87,1993.38,0.678,7.0,49.0,36.0,0.0,39.02,39.02
802E,10,6.0,32.0,37.0,90.0,38.0,127.0,175.51,666.49,8.44,5623.48,312.42,0.2222,5.0,20.0,18.0,0.0,51.17,51.17
802E,11,7.0,43.0,54.0,200.0,50.0,254.0,252.98,1433.54,16.28,23336.69,1296.48,0.4778,10.0,36.0,34.0,0.0,42.6,42.6
802E,12,6.0,43.0,47.0,169.0,49.0,216.0,248.84,1212.78,11.79,14299.49,794.42,0.4043,5.0,31.0,24.0,0.0,45.2,45.2
802E,13,7.0,45.0,58.0,213.0,52.0,271.0,266.78,1544.82,16.57,25592.5,1421.81,0.5149,9.0,38.0,36.0,0.0,42.0,42.0
802E,14,6.0,40.0,49.0,172.0,46.0,221.0,228.39,1220.71,12.9,15747.12,874.84,0.4069,8.0,33.0,31.0,0.0,44.19,44.19
802E,15,5.0,32.0,30.0,76.0,37.0,106.0,171.61,552.2,5.94,3278.7,182.15,0.1841,3.0,17.0,15.0,0.0,53.56,53.56
802E,16,7.0,43.0,54.0,200.0,50.0,254.0,252.98,1433.54,16.28,23336.69,1296.48,0.4778,10.0,36.0,34.0,0.0,42.6,42.6
802E,17,9.0,64.0,77.0,272.0,73.0,349.0,412.53,2160.25,19.12,41314.76,2295.26,0.7201,9.0,51.0,35.0,0.0,38.19,38.19
802E,18,9.0,58.0,96.0,350.0,67.0,446.0,368.29,2705.48,27.16,73467.66,4081.54,0.9018,15.0,66.0,57.0,0.0,34.26,34.26
802E,19,9.0,84.0,74.0,317.0,93.0,391.0,565.48,2556.81,16.98,43420.13,2412.23,0.8523,8.0,52.0,37.0,0.05,50.7,37.63
802E,20,7.0,51.0,55.0,227.0,58.0,282.0,308.95,1651.95,15.58,25734.8,1429.71,0.5507,7.0,46.0,35.0,0.0,40.25,40.25
802E,21,10.0,45.0,79.0,232.0,55.0,311.0,280.35,1798.0,25.78,46348.52,2574.92,0.5993,9.0,42.0,35.0,0.0,40.59,40.59
802E,22,6.0,42.0,48.0,184.0,48.0,232.0,241.99,1295.71,13.14,17029.35,946.07,0.4319,8.0,34.0,32.0,0.0,43.72,43.72
802E,23,6.0,42.0,48.0,184.0,48.0,232.0,241.99,1295.71,13.14,17029.35,946.07,0.4319,8.0,34.0,32.0,0.0,43.72,43.72
802E,24,7.0,43.0,54.0,200.0,50.0,254.0,252.98,1433.54,16.28,23336.69,1296.48,0.4778,10.0,36.0,34.0,0.0,42.6,42.6
802E,25,6.0,42.0,48.0,184.0,48.0,232.0,241.99,1295.71,13.14,17029.35,946.07,0.4319,8.0,34.0,32.0,0.0,43.72,43.72
802E,26,9.0,54.0,68.0,281.0,63.0,349.0,339.29,2086.07,23.42,48848.82,2713.82,0.6954,11.0,48.0,39.0,0.0,38.6,38.6
802E,27,5.0,34.0,34.0,91.0,39.0,125.0,184.58,660.68,6.69,4420.69,245.59,0.2202,3.0,19.0,17.0,0.0,51.96,51.96
802E,28,9.0,82.0,119.0,471.0,91.0,590.0,549.85,3839.6,25.85,99244.27,5513.57,1.2799,12.0,89.0,71.0,0.07,45.42,30.76
802E,29,6.0,38.0,49.0,184.0,44.0,233.0,214.93,1272.05,14.53,18478.16,1026.56,0.424,9.0,33.0,31.0,0.0,43.93,43.93
802E,30,6.0,40.0,49.0,172.0,46.0,221.0,228.39,1220.71,12.9,15747.12,874.84,0.4069,8.0,33.0,31.0,0.0,44.19,44.19
802E,31,6.0,42.0,48.0,184.0,48.0,232.0,241.99,1295.71,13.14,17029.35,946.07,0.4319,8.0,34.0,32.0,0.0,43.72,43.72
802E,32,6.0,42.0,48.0,184.0,48.0,232.0,241.99,1295.71,13.14,17029.35,946.07,0.4319,8.0,34.0,32.0,0.0,43.72,43.72
802F,1,10.0,81.0,85.0,320.0,91.0,405.0,546.75,2635.66,19.75,52062.36,2892.35,0.8786,16.0,67.0,60.0,0.03,44.57,34.06
802F,2,8.0,98.0,113.0,466.0,106.0,579.0,672.24,3895.47,19.02,74093.35,4116.3,1.2985,20.0,87.0,73.0,0.05,43.01,29.86
802F,3,7.0,53.0,46.0,161.0,60.0,207.0,323.23,1222.73,10.63,13000.12,722.23,0.4076,6.0,33.0,29.0,0.0,44.45,44.45
802F,4,7.0,53.0,45.0,160.0,60.0,205.0,323.23,1210.91,10.57,12794.55,710.81,0.4036,6.0,33.0,29.0,0.0,44.48,44.48
802F,5,8.0,51.0,52.0,171.0,59.0,223.0,313.29,1311.83,13.41,17593.95,977.44,0.4373,7.0,37.0,35.0,0.0,43.02,43.02
802F,6,8.0,53.0,52.0,171.0,61.0,223.0,327.58,1322.55,12.91,17068.44,948.25,0.4409,7.0,33.0,29.0,0.0,44.08,44.08
802F,7,9.0,71.0,77.0,326.0,80.0,403.0,465.16,2547.74,20.66,52641.27,2924.52,0.8492,12.0,63.0,51.0,0.0,35.29,35.29
802F,8,8.0,51.0,52.0,171.0,59.0,223.0,313.29,1311.83,13.41,17593.95,977.44,0.4373,7.0,37.0,35.0,0.0,43.02,43.02
802F,9,10.0,76.0,90.0,402.0,86.0,492.0,508.06,3161.72,26.45,83619.23,4645.51,1.0539,16.0,66.0,58.0,0.0,33.65,33.65
802F,10,9.0,94.0,89.0,346.0,103.0,435.0,644.66,2908.63,16.56,48178.01,2676.56,0.9695,10.0,59.0,47.0,0.06,49.83,35.77
802F,11,10.0,124.0,140.0,544.0,134.0,684.0,895.54,4833.21,21.94,106018.69,5889.93,1.6111,21.0,92.0,68.0,0.14,48.76,28.54
802F,12,9.0,70.0,87.0,316.0,79.0,403.0,457.58,2540.42,20.31,51606.89,2867.05,0.8468,13.0,61.0,51.0,0.0,35.47,35.47
802F,13,9.0,52.0,63.0,210.0,61.0,273.0,324.95,1619.09,18.17,29423.87,1634.66,0.5397,12.0,43.0,39.0,0.05,53.05,40.28
802F,14,9.0,95.0,124.0,377.0,104.0,501.0,652.67,3356.92,17.86,59947.53,3330.42,1.119,7.0,59.0,39.0,0.22,59.69,35.74
802F,15,7.0,44.0,48.0,148.0,51.0,196.0,259.87,1111.8,11.77,13088.86,727.16,0.3706,7.0,29.0,27.0,0.0,45.83,45.83
802F,16,6.0,50.0,44.0,149.0,56.0,193.0,297.7,1120.82,8.94,10020.13,556.67,0.3736,6.0,31.0,29.0,0.0,45.31,45.31
802F,17,8.0,60.0,57.0,165.0,68.0,222.0,378.41,1351.42,11.0,14865.58,825.87,0.4505,5.0,33.0,28.0,0.1,61.66,44.28
802F,18,9.0,65.0,104.0,360.0,74.0,464.0,419.98,2881.19,24.92,71808.03,3989.33,0.9604,13.0,61.0,52.0,0.0,35.08,35.08
802F,19,7.0,56.0,44.0,158.0,63.0,202.0,344.86,1207.41,9.88,11923.18,662.4,0.4025,6.0,33.0,29.0,0.0,44.49,44.49
802F,20,7.0,44.0,48.0,148.0,51.0,196.0,259.87,1111.8,11.77,13088.86,727.16,0.3706,7.0,29.0,27.0,0.0,45.83,45.83
802F,21,9.0,63.0,65.0,239.0,72.0,304.0,405.1,1875.66,17.07,32020.15,1778.9,0.6252,11.0,47.0,43.0,0.04,51.36,39.13
802F,22,7.0,44.0,45.0,146.0,51.0,191.0,259.87,1083.43,11.61,12582.6,699.03,0.3611,6.0,29.0,27.0,0.0,46.04,46.04
802F,23,9.0,70.0,82.0,290.0,79.0,372.0,457.58,2345.01,18.64,43717.62,2428.76,0.7817,11.0,52.0,40.0,0.0,37.49,37.49
802F,24,6.0,50.0,44.0,149.0,56.0,193.0,297.7,1120.82,8.94,10020.13,556.67,0.3736,6.0,31.0,29.0,0.0,45.31,45.31
802F,25,10.0,83.0,92.0,344.0,93.0,436.0,562.35,2851.07,20.72,59082.48,3282.36,0.9504,14.0,64.0,51.0,0.07,49.86,34.53
802F,26,7.0,44.0,45.0,146.0,51.0,191.0,259.87,1083.43,11.61,12582.6,699.03,0.3611,6.0,29.0,27.0,0.0,46.04,46.04
802F,27,9.0,69.0,63.0,305.0,78.0,368.0,450.02,2313.03,19.89,46009.14,2556.06,0.771,10.0,51.0,42.0,0.0,37.85,37.85
802F,28,10.0,77.0,91.0,360.0,87.0,451.0,515.76,2905.77,23.38,67927.03,3773.72,0.9686,13.0,66.0,55.0,0.04,45.25,34.31
802F,29,10.0,72.0,76.0,311.0,82.0,387.0,477.45,2460.37,21.6,53137.21,2952.07,0.8201,12.0,56.0,43.0,0.0,36.51,36.51
802F,30,8.0,53.0,52.0,171.0,61.0,223.0,327.58,1322.55,12.91,17068.44,948.25,0.4409,7.0,33.0,29.0,0.0,44.08,44.08
802F,31,8.0,64.0,66.0,245.0,72.0,311.0,408.0,1918.85,15.31,29382.34,1632.35,0.6396,7.0,44.0,40.0,0.0,40.22,40.22
802F,32,11.0,95.0,98.0,355.0,106.0,453.0,662.19,3047.75,20.55,62639.24,3479.96,1.0159,11.0,65.0,45.0,0.13,54.53,34.58
803A,1,5.0,34.0,50.0,165.0,39.0,215.0,184.58,1136.36,12.13,13786.74,765.93,0.3788,8.0,31.0,28.0,0.0,45.0,45.0
803A,2,5.0,34.0,50.0,163.0,39.0,213.0,184.58,1125.79,11.99,13492.93,749.61,0.3753,8.0,31.0,28.0,0.0,45.03,45.03
803A,3,5.0,34.0,50.0,165.0,39.0,215.0,184.58,1136.36,12.13,13786.74,765.93,0.3788,8.0,31.0,28.0,0.0,45.0,45.0
803A,4,5.0,34.0,50.0,165.0,39.0,215.0,184.58,1136.36,12.13,13786.74,765.93,0.3788,8.0,31.0,28.0,0.0,45.0,45.0
803A,5,5.0,34.0,50.0,165.0,39.0,215.0,184.58,1136.36,12.13,13786.74,765.93,0.3788,8.0,31.0,28.0,0.0,45.0,45.0
803A,6,5.0,34.0,50.0,165.0,39.0,215.0,184.58,1136.36,12.13,13786.74,765.93,0.3788,8.0,31.0,28.0,0.0,45.0,45.0
803A,7,5.0,34.0,50.0,165.0,39.0,215.0,184.58,1136.36,12.13,13786.74,765.93,0.3788,8.0,31.0,28.0,0.0,45.0,45.0
803A,8,5.0,34.0,50.0,165.0,39.0,215.0,184.58,1136.36,12.13,13786.74,765.93,0.3788,8.0,31.0,28.0,0.0,45.0,45.0
803A,9,5.0,34.0,50.0,165.0,39.0,215.0,184.58,1136.36,12.13,13786.74,765.93,0.3788,8.0,31.0,28.0,0.0,45.0,45.0
803A,10,5.0,34.0,50.0,165.0,39.0,215.0,184.58,1136.36,12.13,13786.74,765.93,0.3788,8.0,31.0,28.0,0.0,45.0,45.0
803A,11,5.0,34.0,50.0,165.0,39.0,215.0,184.58,1136.36,12.13,13786.74,765.93,0.3788,8.0,31.0,28.0,0.0,45.0,45.0
803A,12,5.0,34.0,50.0,165.0,39.0,215.0,184.58,1136.36,12.13,13786.74,765.93,0.3788,8.0,31.0,28.0,0.0,45.0,45.0
803A,13,5.0,33.0,49.0,161.0,38.0,210.0,178.07,1102.06,12.2,13441.85,746.77,0.3674,8.0,30.0,27.0,0.0,45.4,45.4
803A,14,5.0,34.0,50.0,165.0,39.0,215.0,184.58,1136.36,12.13,13786.74,765.93,0.3788,8.0,31.0,28.0,0.0,45.0,45.0
803A,15,5.0,34.0,50.0,163.0,39.0,213.0,184.58,1125.79,11.99,13492.93,749.61,0.3753,8.0,31.0,28.0,0.0,45.03,45.03
803A,16,5.0,34.0,50.0,165.0,39.0,215.0,184.58,1136.36,12.13,13786.74,765.93,0.3788,8.0,31.0,28.0,0.0,45.0,45.0
803A,17,5.0,33.0,49.0,161.0,38.0,210.0,178.07,1102.06,12.2,13441.85,746.77,0.3674,8.0,30.0,27.0,0.0,45.4,45.4
803A,18,5.0,34.0,50.0,165.0,39.0,215.0,184.58,1136.36,12.13,13786.74,765.93,0.3788,8.0,31.0,28.0,0.0,45.0,45.0
803A,19,5.0,34.0,50.0,165.0,39.0,215.0,184.58,1136.36,12.13,13786.74,765.93,0.3788,8.0,31.0,28.0,0.0,45.0,45.0
803A,20,5.0,34.0,50.0,163.0,39.0,213.0,184.58,1125.79,11.99,13492.93,749.61,0.3753,8.0,31.0,28.0,0.0,45.03,45.03
803A,21,5.0,34.0,50.0,165.0,39.0,215.0,184.58,1136.36,12.13,13786.74,765.93,0.3788,8.0,31.0,28.0,0.0,45.0,45.0
803A,22,5.0,34.0,50.0,165.0,39.0,215.0,184.58,1136.36,12.13,13786.74,765.93,0.3788,8.0,31.0,28.0,0.0,45.0,45.0
803A,23,5.0,34.0,50.0,165.0,39.0,215.0,184.58,1136.36,12.13,13786.74,765.93,0.3788,8.0,31.0,28.0,0.0,45.0,45.0
803A,24,5.0,33.0,49.0,161.0,38.0,210.0,178.07,1102.06,12.2,13441.85,746.77,0.3674,8.0,30.0,27.0,0.0,45.4,45.4
803A,25,5.0,34.0,50.0,165.0,39.0,215.0,184.58,1136.36,12.13,13786.74,765.93,0.3788,8.0,31.0,28.0,0.0,45.0,45.0
803A,26,5.0,33.0,49.0,161.0,38.0,210.0,178.07,1102.06,12.2,13441.85,746.77,0.3674,8.0,30.0,27.0,0.0,45.4,45.4
803A,27,5.0,34.0,50.0,165.0,39.0,215.0,184.58,1136.36,12.13,13786.74,765.93,0.3788,8.0,31.0,28.0,0.0,45.0,45.0
803A,28,5.0,34.0,50.0,165.0,39.0,215.0,184.58,1136.36,12.13,13786.74,765.93,0.3788,8.0,31.0,28.0,0.0,45.0,45.0
803A,29,5.0,34.0,50.0,163.0,39.0,213.0,184.58,1125.79,11.99,13492.93,749.61,0.3753,8.0,31.0,28.0,0.0,45.03,45.03
803A,30,5.0,34.0,50.0,165.0,39.0,215.0,184.58,1136.36,12.13,13786.74,765.93,0.3788,8.0,31.0,28.0,0.0,45.0,45.0
803A,31,5.0,34.0,50.0,165.0,39.0,215.0,184.58,1136.36,12.13,13786.74,765.93,0.3788,8.0,31.0,28.0,0.0,45.0,45.0
803A,32,5.0,33.0,49.0,161.0,38.0,210.0,178.07,1102.06,12.2,13441.85,746.77,0.3674,8.0,30.0,27.0,0.0,45.4,45.4
805D,1,7.0,38.0,23.0,90.0,45.0,113.0,219.07,620.58,8.29,5144.28,285.79,0.2069,4.0,21.0,18.0,0.0,51.06,51.06
805D,2,7.0,38.0,23.0,90.0,45.0,113.0,219.07,620.58,8.29,5144.28,285.79,0.2069,4.0,21.0,18.0,0.0,51.06,51.06
805D,3,8.0,38.0,24.0,91.0,46.0,115.0,223.42,635.21,9.58,6084.64,338.04,0.2117,4.0,21.0,18.0,0.0,50.99,50.99
805D,4,7.0,38.0,23.0,90.0,45.0,113.0,219.07,620.58,8.29,5144.28,285.79,0.2069,4.0,21.0,18.0,0.0,51.06,51.06
805D,5,8.0,38.0,24.0,91.0,46.0,115.0,223.42,635.21,9.58,6084.64,338.04,0.2117,4.0,21.0,18.0,0.0,50.99,50.99
805D,6,7.0,38.0,23.0,90.0,45.0,113.0,219.07,620.58,8.29,5144.28,285.79,0.2069,4.0,21.0,18.0,0.0,51.06,51.06
805D,7,8.0,38.0,24.0,91.0,46.0,115.0,223.42,635.21,9.58,6084.64,338.04,0.2117,4.0,21.0,18.0,0.0,50.99,50.99
805D,8,7.0,38.0,24.0,93.0,45.0,117.0,219.07,642.55,8.57,5503.92,305.77,0.2142,4.0,22.0,19.0,0.0,50.52,50.52
805D,9,7.0,37.0,23.0,92.0,44.0,115.0,212.4,627.83,8.7,5463.86,303.55,0.2093,4.0,22.0,19.0,0.0,50.59,50.59
805D,10,7.0,38.0,23.0,90.0,45.0,113.0,219.07,620.58,8.29,5144.28,285.79,0.2069,4.0,21.0,18.0,0.0,51.06,51.06
805D,11,8.0,38.0,25.0,94.0,46.0,119.0,223.42,657.3,9.89,6503.85,361.32,0.2191,4.0,22.0,19.0,0.0,50.45,50.45
805D,12,7.0,38.0,24.0,93.0,45.0,117.0,219.07,642.55,8.57,5503.92,305.77,0.2142,4.0,22.0,19.0,0.0,50.52,50.52
805D,13,8.0,38.0,24.0,91.0,46.0,115.0,223.42,635.21,9.58,6084.64,338.04,0.2117,4.0,21.0,18.0,0.0,50.99,50.99
805D,14,7.0,38.0,23.0,90.0,45.0,113.0,219.07,620.58,8.29,5144.28,285.79,0.2069,4.0,21.0,18.0,0.0,51.06,51.06
805D,15,7.0,38.0,23.0,90.0,45.0,113.0,219.07,620.58,8.29,5144.28,285.79,0.2069,4.0,21.0,18.0,0.0,51.06,51.06
805D,16,8.0,38.0,24.0,91.0,46.0,115.0,223.42,635.21,9.58,6084.64,338.04,0.2117,4.0,21.0,18.0,0.0,50.99,50.99
805D,17,8.0,38.0,24.0,91.0,46.0,115.0,223.42,635.21,9.58,6084.64,338.04,0.2117,4.0,21.0,18.0,0.0,50.99,50.99
805D,18,7.0,38.0,23.0,90.0,45.0,113.0,219.07,620.58,8.29,5144.28,285.79,0.2069,4.0,21.0,18.0,0.0,51.06,51.06
805D,19,7.0,38.0,23.0,90.0,45.0,113.0,219.07,620.58,8.29,5144.28,285.79,0.2069,4.0,21.0,18.0,0.0,51.06,51.06
805D,20,8.0,37.0,24.0,93.0,45.0,117.0,216.75,642.55,10.05,6460.2,358.9,0.2142,4.0,22.0,19.0,0.0,50.52,50.52
805D,21,8.0,38.0,24.0,91.0,46.0,115.0,223.42,635.21,9.58,6084.64,338.04,0.2117,4.0,21.0,18.0,0.0,50.99,50.99
805D,22,7.0,37.0,23.0,92.0,44.0,115.0,212.4,627.83,8.7,5463.86,303.55,0.2093,4.0,22.0,19.0,0.0,50.59,50.59
805D,23,7.0,38.0,23.0,90.0,45.0,113.0,219.07,620.58,8.29,5144.28,285.79,0.2069,4.0,21.0,18.0,0.0,51.06,51.06
805D,24,8.0,38.0,24.0,91.0,46.0,115.0,223.42,635.21,9.58,6084.64,338.04,0.2117,4.0,21.0,18.0,0.0,50.99,50.99
805D,25,7.0,37.0,23.0,92.0,44.0,115.0,212.4,627.83,8.7,5463.86,303.55,0.2093,4.0,22.0,19.0,0.0,50.59,50.59
805D,26,7.0,38.0,23.0,90.0,45.0,113.0,219.07,620.58,8.29,5144.28,285.79,0.2069,4.0,21.0,18.0,0.0,51.06,51.06
805D,27,7.0,38.0,23.0,90.0,45.0,113.0,219.07,620.58,8.29,5144.28,285.79,0.2069,4.0,21.0,18.0,0.0,51.06,51.06
805D,28,8.0,38.0,25.0,94.0,46.0,119.0,223.42,657.3,9.89,6503.85,361.32,0.2191,4.0,22.0,19.0,0.0,50.45,50.45
805D,29,8.0,38.0,24.0,91.0,46.0,115.0,223.42,635.21,9.58,6084.64,338.04,0.2117,4.0,21.0,18.0,0.0,50.99,50.99
805D,30,7.0,38.0,23.0,90.0,45.0,113.0,219.07,620.58,8.29,5144.28,285.79,0.2069,4.0,21.0,18.0,0.0,51.06,51.06
805D,31,8.0,38.0,24.0,91.0,46.0,115.0,223.42,635.21,9.58,6084.64,338.04,0.2117,4.0,21.0,18.0,0.0,50.99,50.99
805D,32,7.0,38.0,24.0,93.0,45.0,117.0,219.07,642.55,8.57,5503.92,305.77,0.2142,4.0,22.0,19.0,0.0,50.52,50.52
808D,1,8.0,67.0,58.0,230.0,75.0,288.0,430.43,1793.9,13.73,24632.65,1368.48,0.598,7.0,37.0,31.0,0.06,56.18,42.07
808D,2,5.0,56.0,41.0,168.0,61.0,209.0,336.82,1239.52,7.5,9296.43,516.47,0.4132,7.0,26.0,23.0,0.04,58.4,46.53
808D,3,8.0,42.0,55.0,189.0,50.0,244.0,250.48,1377.1,18.0,24787.82,1377.1,0.459,9.0,39.0,37.0,0.0,42.1,42.1
808D,4,8.0,76.0,77.0,282.0,84.0,359.0,498.84,2294.84,14.84,34060.29,1892.24,0.7649,8.0,46.0,36.0,0.14,59.55,39.12
808D,5,9.0,72.0,66.0,257.0,81.0,323.0,472.76,2047.77,16.06,32892.33,1827.35,0.6826,10.0,38.0,32.0,0.06,54.93,41.01
808D,6,10.0,68.0,71.0,270.0,78.0,341.0,447.17,2143.32,19.85,42551.25,2363.96,0.7144,14.0,43.0,38.0,0.05,52.08,39.16
808D,7,9.0,77.0,60.0,259.0,86.0,319.0,511.07,2049.98,15.14,31029.22,1723.85,0.6833,10.0,36.0,30.0,0.12,60.4,41.52
808D,8,9.0,51.0,75.0,237.0,60.0,312.0,317.82,1842.95,20.91,38539.33,2141.07,0.6143,11.0,42.0,38.0,0.05,53.17,40.25
808D,9,9.0,75.0,85.0,321.0,84.0,406.0,495.69,2595.28,19.26,49985.11,2776.95,0.8651,16.0,48.0,40.0,0.13,56.97,37.27
808D,10,9.0,77.0,80.0,319.0,86.0,399.0,511.07,2564.08,18.64,47801.77,2655.65,0.8547,14.0,46.0,40.0,0.09,54.9,37.98
808D,11,10.0,80.0,104.0,384.0,90.0,488.0,538.97,3168.02,24.0,76032.58,4224.03,1.056,18.0,56.0,50.0,0.04,46.36,34.93
808D,12,10.0,77.0,72.0,280.0,87.0,352.0,515.76,2267.92,18.18,41234.84,2290.82,0.756,13.0,50.0,43.0,0.09,54.13,37.69
808D,13,9.0,75.0,83.0,275.0,84.0,358.0,495.69,2288.45,16.5,37759.42,2097.75,0.7628,14.0,36.0,30.0,0.12,59.53,40.64
808D,14,10.0,92.0,84.0,353.0,102.0,437.0,633.39,2915.85,19.18,55939.95,3107.77,0.9719,12.0,49.0,39.0,0.13,57.13,37.26
808D,15,8.0,41.0,60.0,208.0,49.0,268.0,243.66,1504.74,20.29,30535.26,1696.4,0.5016,11.0,39.0,37.0,0.0,41.56,41.56
808D,16,8.0,76.0,97.0,336.0,84.0,433.0,498.84,2767.87,17.68,48947.66,2719.31,0.9226,16.0,48.0,42.0,0.09,53.67,37.07
808D,17,8.0,42.0,54.0,194.0,50.0,248.0,250.48,1399.68,18.48,25860.69,1436.7,0.4666,8.0,37.0,34.0,0.03,52.6,42.69
808D,18,8.0,64.0,53.0,212.0,72.0,265.0,408.0,1635.03,13.25,21664.15,1203.56,0.545,6.0,36.0,30.0,0.06,57.06,42.74
808D,19,10.0,77.0,68.0,269.0,87.0,337.0,515.76,2171.27,17.47,37926.76,2107.04,0.7238,11.0,36.0,28.0,0.15,62.11,41.21
808D,20,10.0,76.0,60.0,242.0,86.0,302.0,508.06,1940.73,15.92,30898.5,1716.58,0.6469,11.0,40.0,34.0,0.08,56.64,40.55
808D,21,9.0,89.0,82.0,331.0,98.0,413.0,604.87,2731.88,16.74,45720.54,2540.03,0.9106,12.0,41.0,32.0,0.18,61.44,39.14
808D,22,10.0,97.0,84.0,340.0,107.0,424.0,673.41,2858.38,17.53,50095.35,2783.08,0.9528,11.0,50.0,40.0,0.17,58.95,37.26
808D,23,10.0,68.0,73.0,263.0,78.0,336.0,447.17,2111.9,19.34,40840.33,2268.91,0.704,12.0,38.0,33.0,0.03,50.7,40.65
808D,24,11.0,64.0,90.0,320.0,75.0,410.0,422.05,2553.82,27.5,70229.93,3901.66,0.8513,18.0,48.0,44.0,0.04,49.15,37.05
808D,25,10.0,70.0,63.0,265.0,80.0,328.0,462.27,2073.59,18.93,39250.14,2180.56,0.6912,11.0,38.0,31.0,0.09,57.54,40.84
808D,26,11.0,64.0,90.0,320.0,75.0,410.0,422.05,2553.82,27.5,70229.93,3901.66,0.8513,18.0,48.0,44.0,0.04,49.15,37.05
808D,27,9.0,75.0,83.0,275.0,84.0,358.0,495.69,2288.45,16.5,37759.42,2097.75,0.7628,14.0,36.0,30.0,0.12,59.53,40.64
808D,28,9.0,74.0,63.0,252.0,83.0,315.0,488.03,2008.14,15.32,30773.35,1709.63,0.6694,9.0,42.0,36.0,0.05,53.48,40.25
808D,29,10.0,70.0,59.0,226.0,80.0,285.0,462.27,1801.75,16.14,29085.38,1615.85,0.6006,8.0,32.0,26.0,0.07,58.5,43.29
808D,30,9.0,89.0,129.0,506.0,98.0,635.0,604.87,4200.34,25.58,107462.65,5970.15,1.4001,20.0,66.0,59.0,0.08,48.08,32.25
808D,31,9.0,77.0,92.0,343.0,86.0,435.0,511.07,2795.43,20.05,56035.57,3113.09,0.9318,17.0,50.0,43.0,0.1,54.46,36.52
808D,32,8.0,77.0,69.0,274.0,85.0,343.0,506.54,2198.42,14.23,31291.81,1738.43,0.7328,7.0,37.0,30.0,0.14,61.88,41.45
814A,1,6.0,48.0,60.0,248.0,54.0,308.0,283.59,1772.51,15.5,27473.83,1526.32,0.5908,10.0,33.0,29.0,0.0,42.78,42.78
814A,2,6.0,48.0,60.0,248.0,54.0,308.0,283.59,1772.51,15.5,27473.83,1526.32,0.5908,10.0,33.0,29.0,0.0,42.78,42.78
814A,3,6.0,48.0,60.0,248.0,54.0,308.0,283.59,1772.51,15.5,27473.83,1526.32,0.5908,10.0,33.0,29.0,0.0,42.78,42.78
814A,4,6.0,47.0,58.0,244.0,53.0,302.0,276.58,1729.83,15.57,26941.21,1496.73,0.5766,10.0,31.0,29.0,0.0,43.45,43.45
814A,5,8.0,55.0,69.0,261.0,63.0,330.0,341.97,1972.5,18.98,37441.68,2080.09,0.6575,12.0,37.0,32.0,0.03,51.3,41.11
814A,6,6.0,47.0,61.0,249.0,53.0,310.0,276.58,1775.66,15.89,28221.59,1567.87,0.5919,10.0,33.0,29.0,0.0,42.78,42.78
814A,7,7.0,48.0,60.0,246.0,55.0,306.0,287.73,1769.1,17.94,31733.16,1762.95,0.5897,10.0,31.0,29.0,0.0,43.38,43.38
814A,8,6.0,47.0,58.0,244.0,53.0,302.0,276.58,1729.83,15.57,26941.21,1496.73,0.5766,10.0,31.0,29.0,0.0,43.45,43.45
814A,9,6.0,48.0,60.0,248.0,54.0,308.0,283.59,1772.51,15.5,27473.83,1526.32,0.5908,10.0,33.0,29.0,0.0,42.78,42.78
814A,10,7.0,67.0,72.0,281.0,74.0,353.0,426.08,2191.94,14.68,32175.67,1787.54,0.7306,12.0,42.0,37.0,0.07,55.13,39.58
814A,11,7.0,47.0,60.0,244.0,54.0,304.0,280.72,1749.49,18.17,31788.53,1766.03,0.5832,10.0,31.0,29.0,0.0,43.42,43.42
814A,12,6.0,48.0,58.0,248.0,54.0,306.0,283.59,1761.0,15.5,27295.43,1516.41,0.587,10.0,31.0,29.0,0.0,43.4,43.4
814A,13,6.0,47.0,58.0,244.0,53.0,302.0,276.58,1729.83,15.57,26941.21,1496.73,0.5766,10.0,31.0,29.0,0.0,43.45,43.45
814A,14,6.0,48.0,60.0,248.0,54.0,308.0,283.59,1772.51,15.5,27473.83,1526.32,0.5908,10.0,33.0,29.0,0.0,42.78,42.78
814A,15,7.0,67.0,72.0,277.0,74.0,349.0,426.08,2167.1,14.47,31358.25,1742.12,0.7224,12.0,39.0,34.0,0.08,56.41,40.32
814A,16,6.0,48.0,60.0,248.0,54.0,308.0,283.59,1772.51,15.5,27473.83,1526.32,0.5908,10.0,33.0,29.0,0.0,42.78,42.78
814A,17,6.0,48.0,60.0,248.0,54.0,308.0,283.59,1772.51,15.5,27473.83,1526.32,0.5908,10.0,33.0,29.0,0.0,42.78,42.78
814A,18,8.0,55.0,68.0,265.0,63.0,333.0,341.97,1990.43,19.27,38361.1,2131.17,0.6635,12.0,40.0,35.0,0.03,50.12,40.34
814A,19,6.0,48.0,64.0,262.0,54.0,326.0,283.59,1876.09,16.38,30721.03,1706.72,0.6254,10.0,42.0,38.0,0.0,40.33,40.33
814A,20,6.0,48.0,60.0,248.0,54.0,308.0,283.59,1772.51,15.5,27473.83,1526.32,0.5908,10.0,33.0,29.0,0.0,42.78,42.78
814A,21,7.0,51.0,72.0,302.0,58.0,374.0,308.95,2190.88,20.73,45407.16,2522.62,0.7303,12.0,41.0,37.0,0.0,39.81,39.81
814A,22,6.0,48.0,60.0,248.0,54.0,308.0,283.59,1772.51,15.5,27473.83,1526.32,0.5908,10.0,33.0,29.0,0.0,42.78,42.78
814A,23,6.0,48.0,60.0,248.0,54.0,308.0,283.59,1772.51,15.5,27473.83,1526.32,0.5908,10.0,33.0,29.0,0.0,42.78,42.78
814A,24,7.0,48.0,60.0,248.0,55.0,308.0,287.73,1780.66,18.08,32200.25,1788.9,0.5936,10.0,31.0,29.0,0.0,43.36,43.36
814A,25,6.0,48.0,60.0,256.0,54.0,316.0,283.59,1818.54,16.0,29096.71,1616.48,0.6062,10.0,41.0,37.0,0.0,40.65,40.65
814A,26,7.0,48.0,60.0,246.0,55.0,306.0,287.73,1769.1,17.94,31733.16,1762.95,0.5897,10.0,31.0,29.0,0.0,43.38,43.38
814A,27,7.0,67.0,72.0,281.0,74.0,353.0,426.08,2191.94,14.68,32175.67,1787.54,0.7306,12.0,42.0,37.0,0.07,55.13,39.58
814A,28,8.0,66.0,72.0,280.0,74.0,352.0,422.93,2185.73,16.97,37091.13,2060.62,0.7286,12.0,42.0,35.0,0.08,55.5,39.59
814A,29,6.0,48.0,60.0,256.0,54.0,316.0,283.59,1818.54,16.0,29096.71,1616.48,0.6062,10.0,41.0,37.0,0.0,40.65,40.65
814A,30,6.0,47.0,61.0,249.0,53.0,310.0,276.58,1775.66,15.89,28221.59,1567.87,0.5919,10.0,33.0,29.0,0.0,42.78,42.78
814A,31,6.0,48.0,60.0,248.0,54.0,308.0,283.59,1772.51,15.5,27473.83,1526.32,0.5908,10.0,33.0,29.0,0.0,42.78,42.78
814A,32,7.0,48.0,60.0,248.0,55.0,308.0,287.73,1780.66,18.08,32200.25,1788.9,0.5936,10.0,31.0,29.0,0.0,43.36,43.36
814D,1,11.0,104.0,219.0,872.0,115.0,1091.0,734.9,7468.43,46.12,344409.51,19133.86,2.4895,29.0,124.0,112.0,0.01,28.91,23.31
814D,2,11.0,80.0,151.0,648.0,91.0,799.0,543.81,5199.73,44.55,231647.88,12869.33,1.7332,24.0,90.0,79.0,0.0,28.12,28.12
814D,3,11.0,87.0,142.0,677.0,98.0,819.0,598.59,5417.45,42.8,231860.52,12881.14,1.8058,25.0,100.0,89.0,0.0,26.87,26.87
814D,5,10.0,74.0,136.0,533.0,84.0,669.0,492.72,4276.46,36.01,154010.36,8556.13,1.4255,24.0,69.0,60.0,0.0,31.23,31.23
814D,6,10.0,63.0,111.0,473.0,73.0,584.0,409.79,3614.86,37.54,135700.6,7538.92,1.205,18.0,66.0,60.0,0.0,32.97,32.97
814D,7,11.0,77.0,118.0,455.0,88.0,573.0,520.6,3701.25,32.5,120290.77,6682.82,1.2338,20.0,65.0,59.0,0.0,32.78,32.78
814D,8,11.0,89.0,122.0,562.0,100.0,684.0,614.39,4544.4,34.73,157828.46,8768.25,1.5148,19.0,76.0,70.0,0.0,30.81,30.81
814D,10,11.0,86.0,115.0,445.0,97.0,560.0,590.71,3695.95,28.46,105184.19,5843.57,1.232,14.0,71.0,61.0,0.02,40.27,32.75
814D,11,9.0,74.0,131.0,513.0,83.0,644.0,488.03,4105.53,31.2,128075.75,7115.32,1.3685,23.0,77.0,70.0,0.01,37.49,30.45
814D,12,11.0,86.0,115.0,445.0,97.0,560.0,590.71,3695.95,28.46,105184.19,5843.57,1.232,14.0,71.0,61.0,0.02,40.27,32.75
814D,13,10.0,74.0,101.0,434.0,84.0,535.0,492.72,3419.89,29.32,100285.96,5571.44,1.14,16.0,64.0,59.0,0.0,33.7,33.7
814D,14,10.0,79.0,120.0,502.0,89.0,622.0,531.22,4027.91,31.77,127975.25,7109.74,1.3426,17.0,73.0,63.0,0.0,31.82,31.82
814D,15,10.0,79.0,96.0,412.0,89.0,508.0,531.22,3289.67,26.08,85781.34,4765.63,1.0966,14.0,64.0,54.0,0.0,34.09,34.09
814D,16,9.0,77.0,154.0,661.0,86.0,815.0,511.07,5237.41,38.63,202320.3,11240.02,1.7458,27.0,82.0,72.0,0.0,28.58,28.58
814D,18,10.0,78.0,103.0,478.0,88.0,581.0,523.48,3752.93,30.64,114993.62,6388.53,1.251,15.0,69.0,60.0,0.0,32.84,32.84
814D,19,9.0,74.0,131.0,513.0,83.0,644.0,488.03,4105.53,31.2,128075.75,7115.32,1.3685,23.0,77.0,70.0,0.01,37.49,30.45
814D,21,9.0,66.0,109.0,477.0,75.0,586.0,427.46,3650.09,32.52,118710.81,6595.04,1.2167,20.0,66.0,61.0,0.0,32.68,32.68
814D,22,10.0,63.0,118.0,491.0,73.0,609.0,409.79,3769.6,38.97,146894.85,8160.83,1.2565,16.0,58.0,52.0,0.0,34.34,34.34
814D,23,10.0,77.0,128.0,574.0,87.0,702.0,515.76,4522.95,37.27,168582.55,9365.7,1.5076,21.0,84.0,74.0,0.0,29.6,29.6
814D,25,8.0,67.0,112.0,490.0,75.0,602.0,430.43,3749.75,29.25,109694.15,6094.12,1.2499,18.0,69.0,63.0,0.0,32.44,32.44
814D,26,9.0,81.0,138.0,607.0,90.0,745.0,542.06,4836.43,33.72,163095.19,9060.84,1.6121,22.0,86.0,76.0,0.01,35.8,29.04
814D,28,10.0,180.0,160.0,900.0,190.0,1060.0,1381.75,8024.05,25.0,200601.17,11144.51,2.6747,23.0,101.0,72.0,0.24,50.56,25.85
814D,29,9.0,67.0,108.0,467.0,76.0,575.0,434.96,3592.56,31.37,112683.0,6260.17,1.1975,17.0,67.0,61.0,0.0,32.98,32.98
814D,31,10.0,64.0,101.0,422.0,74.0,523.0,417.22,3247.54,32.97,107067.47,5948.19,1.0825,18.0,65.0,59.0,0.0,33.44,33.44
814D,32,9.0,71.0,107.0,552.0,80.0,659.0,465.16,4166.15,34.99,145756.59,8097.59,1.3887,18.0,64.0,58.0,0.0,32.83,32.83
818B,2,8.0,46.0,61.0,198.0,54.0,259.0,278.08,1490.52,17.22,25662.79,1425.71,0.4968,7.0,36.0,34.0,0.0,42.89,42.89
818B,4,7.0,43.0,66.0,218.0,50.0,284.0,252.98,1602.86,17.74,28441.36,1580.08,0.5343,10.0,41.0,38.0,0.0,41.03,41.03
818B,5,9.0,43.0,72.0,212.0,52.0,284.0,261.86,1618.92,22.19,35917.54,1995.42,0.5396,10.0,35.0,33.0,0.0,42.5,42.5
818B,6,8.0,44.0,72.0,234.0,52.0,306.0,264.21,1744.33,21.27,37106.75,2061.49,0.5814,11.0,38.0,35.0,0.0,41.36,41.36
818B,7,8.0,46.0,77.0,233.0,54.0,310.0,278.08,1784.02,20.26,36145.7,2008.09,0.5947,10.0,45.0,43.0,0.0,39.83,39.83
818B,9,8.0,44.0,72.0,234.0,52.0,306.0,264.21,1744.33,21.27,37106.75,2061.49,0.5814,11.0,38.0,35.0,0.0,41.36,41.36
818B,11,8.0,46.0,80.0,257.0,54.0,337.0,278.08,1939.4,22.35,43341.31,2407.85,0.6465,12.0,47.0,45.0,0.0,38.89,38.89
818B,17,7.0,44.0,62.0,218.0,51.0,280.0,259.87,1588.28,17.34,27542.2,1530.12,0.5294,8.0,41.0,37.0,0.0,41.33,41.33
818B,19,7.0,46.0,63.0,228.0,53.0,291.0,273.74,1666.82,17.35,28915.79,1606.43,0.5556,8.0,42.0,38.0,0.0,40.95,40.95
818B,21,10.0,46.0,69.0,209.0,56.0,278.0,287.3,1614.44,22.72,36675.97,2037.55,0.5381,10.0,34.0,32.0,0.0,42.78,42.78
818B,22,7.0,42.0,73.0,236.0,49.0,309.0,246.13,1734.95,19.67,34120.59,1895.59,0.5783,11.0,43.0,40.0,0.0,40.21,40.21
818B,24,7.0,45.0,73.0,236.0,52.0,309.0,266.78,1761.44,18.36,32332.13,1796.23,0.5871,11.0,42.0,40.0,0.0,40.38,40.38
818B,25,6.0,43.0,64.0,209.0,49.0,273.0,248.84,1532.82,14.58,22350.59,1241.7,0.5109,7.0,38.0,34.0,0.0,42.29,42.29
818B,28,7.0,46.0,60.0,225.0,53.0,285.0,273.74,1632.46,17.12,27946.96,1552.61,0.5442,8.0,44.0,40.0,0.0,40.58,40.58
818B,30,7.0,45.0,67.0,247.0,52.0,314.0,266.78,1789.94,19.21,34386.7,1910.37,0.5966,10.0,44.0,40.0,0.0,40.03,40.03
818B,32,7.0,46.0,67.0,218.0,53.0,285.0,273.74,1632.46,16.59,27077.5,1504.31,0.5442,10.0,40.0,38.0,0.0,41.21,41.21
819E,1,10.0,55.0,111.0,303.0,65.0,414.0,351.19,2493.26,27.55,68677.99,3815.44,0.8311,20.0,52.0,45.0,0.04,48.07,36.09
819E,2,10.0,51.0,122.0,410.0,61.0,532.0,322.51,3155.15,40.2,126824.75,7045.82,1.0517,18.0,62.0,56.0,0.02,41.81,33.98
819E,4,10.0,51.0,111.0,298.0,61.0,409.0,322.51,2425.67,29.22,70867.66,3937.09,0.8086,20.0,52.0,45.0,0.04,48.16,36.18
819E,5,9.0,46.0,114.0,412.0,55.0,526.0,282.61,3041.0,40.3,122565.33,6809.18,1.0137,16.0,63.0,58.0,0.0,34.21,34.21
819E,10,10.0,48.0,109.0,302.0,58.0,411.0,301.3,2407.63,31.46,75740.03,4207.78,0.8025,14.0,50.0,46.0,0.0,37.38,37.38
819E,11,10.0,50.0,85.0,247.0,60.0,332.0,315.41,1961.09,24.7,48438.87,2691.05,0.6537,14.0,44.0,37.0,0.05,52.28,39.21
819E,12,10.0,51.0,113.0,300.0,61.0,413.0,322.51,2449.39,29.41,72041.02,4002.28,0.8165,20.0,52.0,45.0,0.04,48.13,36.15
819E,13,9.0,46.0,68.0,674.0,55.0,742.0,282.61,4289.77,65.93,282844.98,15713.61,1.4299,11.0,69.0,64.0,0.0,32.97,32.97
819E,14,10.0,50.0,85.0,247.0,60.0,332.0,315.41,1961.09,24.7,48438.87,2691.05,0.6537,14.0,44.0,37.0,0.05,52.28,39.21
819E,16,10.0,51.0,113.0,300.0,61.0,413.0,322.51,2449.39,29.41,72041.02,4002.28,0.8165,20.0,52.0,45.0,0.04,48.13,36.15
819E,17,9.0,44.0,51.0,655.0,53.0,706.0,268.74,4043.91,66.99,270896.14,15049.79,1.348,8.0,65.0,60.0,0.0,34.12,34.12
819E,19,10.0,59.0,111.0,310.0,69.0,421.0,380.3,2571.69,26.27,67561.32,3753.41,0.8572,20.0,52.0,45.0,0.04,47.98,36.0
819E,21,9.0,47.0,98.0,821.0,56.0,919.0,289.6,5336.96,78.61,419519.06,23306.61,1.779,15.0,88.0,83.0,0.0,29.47,29.47
819E,22,10.0,71.0,85.0,313.0,81.0,398.0,469.85,2523.26,22.04,55618.34,3089.91,0.8411,13.0,47.0,40.0,0.07,53.0,37.96
819E,24,9.0,46.0,92.0,272.0,55.0,364.0,282.61,2104.41,26.61,55995.74,3110.87,0.7015,12.0,46.0,42.0,0.0,38.85,38.85
819E,26,10.0,50.0,85.0,247.0,60.0,332.0,315.41,1961.09,24.7,48438.87,2691.05,0.6537,14.0,44.0,37.0,0.05,52.28,39.21
819E,30,9.0,47.0,185.0,894.0,56.0,1079.0,289.6,6266.14,85.6,536354.57,29797.48,2.0887,13.0,99.0,94.0,0.0,28.13,28.13
819E,32,9.0,127.0,157.0,506.0,136.0,663.0,916.09,4698.99,17.93,84248.78,4680.49,1.5663,12.0,63.0,39.0,0.33,60.36,33.42
822C,9,8.0,68.0,117.0,455.0,76.0,572.0,437.95,3573.81,26.76,95652.09,5314.01,1.1913,17.0,65.0,62.0,0.0,33.29,33.29
822C,11,9.0,90.0,73.0,267.0,99.0,340.0,612.8,2253.98,13.35,30090.65,1671.7,0.7513,7.0,41.0,34.0,0.11,58.42,40.4
822C,24,9.0,62.0,77.0,320.0,71.0,397.0,397.69,2441.45,23.23,56704.64,3150.26,0.8138,14.0,40.0,37.0,0.0,39.45,39.45
822C,26,6.0,51.0,80.0,308.0,57.0,388.0,304.8,2263.16,18.12,41003.16,2277.95,0.7544,12.0,44.0,41.0,0.0,39.05,39.05
822C,31,8.0,49.0,85.0,289.0,57.0,374.0,299.12,2181.5,23.59,51465.61,2859.2,0.7272,13.0,44.0,41.0,0.0,39.02,39.02
822C,32,10.0,106.0,142.0,615.0,116.0,757.0,746.38,5191.49,29.01,150602.23,8366.79,1.7305,24.0,72.0,61.0,0.12,49.01,30.24
828A,1,5.0,32.0,41.0,125.0,37.0,166.0,171.61,864.77,9.77,8445.01,469.17,0.2883,8.0,24.0,22.0,0.0,48.25,48.25
828A,2,5.0,35.0,48.0,151.0,40.0,199.0,191.13,1059.06,10.79,11422.76,634.6,0.353,8.0,35.0,33.0,0.0,44.06,44.06
828A,3,6.0,35.0,53.0,155.0,41.0,208.0,195.03,1114.37,13.29,14805.21,822.51,0.3715,9.0,36.0,34.0,0.0,43.51,43.51
828A,4,5.0,35.0,46.0,149.0,40.0,195.0,191.13,1037.78,10.64,11044.9,613.61,0.3459,8.0,34.0,32.0,0.0,44.4,44.4
828A,5,6.0,39.0,51.0,153.0,45.0,204.0,221.64,1120.34,11.77,13185.52,732.53,0.3734,8.0,35.0,33.0,0.0,43.89,43.89
828A,6,5.0,35.0,46.0,149.0,40.0,195.0,191.13,1037.78,10.64,11044.9,613.61,0.3459,8.0,34.0,32.0,0.0,44.4,44.4
828A,7,5.0,35.0,46.0,149.0,40.0,195.0,191.13,1037.78,10.64,11044.9,613.61,0.3459,8.0,34.0,32.0,0.0,44.4,44.4
828A,8,6.0,35.0,53.0,155.0,41.0,208.0,195.03,1114.37,13.29,14805.21,822.51,0.3715,9.0,36.0,34.0,0.0,43.51,43.51
828A,9,5.0,32.0,41.0,125.0,37.0,166.0,171.61,864.77,9.77,8445.01,469.17,0.2883,8.0,24.0,22.0,0.0,48.25,48.25
828A,10,5.0,35.0,46.0,149.0,40.0,195.0,191.13,1037.78,10.64,11044.9,613.61,0.3459,8.0,34.0,32.0,0.0,44.4,44.4
828A,11,6.0,39.0,51.0,153.0,45.0,204.0,221.64,1120.34,11.77,13185.52,732.53,0.3734,8.0,34.0,32.0,0.0,44.16,44.16
828A,12,6.0,39.0,51.0,153.0,45.0,204.0,221.64,1120.34,11.77,13185.52,732.53,0.3734,8.0,34.0,32.0,0.0,44.16,44.16
828A,13,6.0,39.0,51.0,153.0,45.0,204.0,221.64,1120.34,11.77,13185.52,732.53,0.3734,8.0,35.0,33.0,0.0,43.89,43.89
828A,14,5.0,35.0,46.0,149.0,40.0,195.0,191.13,1037.78,10.64,11044.9,613.61,0.3459,8.0,34.0,32.0,0.0,44.4,44.4
828A,15,5.0,32.0,41.0,128.0,37.0,169.0,171.61,880.4,10.0,8803.98,489.11,0.2935,7.0,35.0,33.0,0.0,44.76,44.76
828A,16,6.0,35.0,55.0,155.0,41.0,210.0,195.03,1125.09,13.29,14947.57,830.42,0.375,9.0,36.0,34.0,0.0,43.48,43.48
828A,17,5.0,35.0,46.0,149.0,40.0,195.0,191.13,1037.78,10.64,11044.9,613.61,0.3459,8.0,34.0,32.0,0.0,44.4,44.4
828A,18,6.0,38.0,45.0,137.0,44.0,182.0,214.93,993.62,10.82,10746.75,597.04,0.3312,7.0,31.0,29.0,0.0,45.54,45.54
828A,19,5.0,35.0,46.0,149.0,40.0,195.0,191.13,1037.78,10.64,11044.9,613.61,0.3459,8.0,34.0,32.0,0.0,44.4,44.4
828A,20,5.0,35.0,46.0,149.0,40.0,195.0,191.13,1037.78,10.64,11044.9,613.61,0.3459,8.0,34.0,32.0,0.0,44.4,44.4
828A,21,5.0,35.0,50.0,153.0,40.0,203.0,191.13,1080.35,10.93,11806.7,655.93,0.3601,8.0,36.0,34.0,0.0,43.73,43.73
828A,22,5.0,35.0,46.0,149.0,40.0,195.0,191.13,1037.78,10.64,11044.9,613.61,0.3459,8.0,34.0,32.0,0.0,44.4,44.4
828A,23,5.0,35.0,46.0,149.0,40.0,195.0,191.13,1037.78,10.64,11044.9,613.61,0.3459,8.0,34.0,32.0,0.0,44.4,44.4
828A,24,5.0,35.0,46.0,149.0,40.0,195.0,191.13,1037.78,10.64,11044.9,613.61,0.3459,8.0,34.0,32.0,0.0,44.4,44.4
828A,25,6.0,39.0,51.0,153.0,45.0,204.0,221.64,1120.34,11.77,13185.52,732.53,0.3734,8.0,34.0,32.0,0.0,44.16,44.16
828A,26,6.0,39.0,51.0,153.0,45.0,204.0,221.64,1120.34,11.77,13185.52,732.53,0.3734,8.0,35.0,33.0,0.0,43.89,43.89
828A,27,5.0,35.0,46.0,149.0,40.0,195.0,191.13,1037.78,10.64,11044.9,613.61,0.3459,8.0,34.0,32.0,0.0,44.4,44.4
828A,28,5.0,35.0,46.0,149.0,40.0,195.0,191.13,1037.78,10.64,11044.9,613.61,0.3459,8.0,34.0,32.0,0.0,44.4,44.4
828A,29,5.0,32.0,41.0,125.0,37.0,166.0,171.61,864.77,9.77,8445.01,469.17,0.2883,8.0,24.0,22.0,0.0,48.25,48.25
828A,30,5.0,32.0,36.0,113.0,37.0,149.0,171.61,776.21,8.83,6852.47,380.69,0.2587,6.0,30.0,28.0,0.0,46.74,46.74
828A,31,5.0,32.0,41.0,125.0,37.0,166.0,171.61,864.77,9.77,8445.01,469.17,0.2883,8.0,24.0,22.0,0.0,48.25,48.25
828A,32,5.0,35.0,46.0,149.0,40.0,195.0,191.13,1037.78,10.64,11044.9,613.61,0.3459,8.0,34.0,32.0,0.0,44.4,44.4
830B,1,8.0,42.0,55.0,184.0,50.0,239.0,250.48,1348.88,17.52,23637.54,1313.2,0.4496,9.0,38.0,36.0,0.0,42.41,42.41
830B,2,7.0,41.0,65.0,206.0,48.0,271.0,239.31,1513.52,17.59,26615.89,1478.66,0.5045,10.0,43.0,41.0,0.0,40.76,40.76
830B,3,7.0,46.0,58.0,214.0,53.0,272.0,273.74,1557.99,16.28,25368.21,1409.35,0.5193,8.0,41.0,39.0,0.0,41.39,41.39
830B,4,8.0,47.0,53.0,201.0,55.0,254.0,285.07,1468.47,17.11,25120.13,1395.56,0.4895,8.0,37.0,35.0,0.0,42.54,42.54
830B,5,6.0,42.0,61.0,202.0,48.0,263.0,241.99,1468.85,14.43,21193.34,1177.41,0.4896,9.0,37.0,35.0,0.0,42.41,42.41
830B,6,8.0,37.0,53.0,148.0,45.0,201.0,216.75,1103.86,16.0,17661.8,981.21,0.368,6.0,31.0,29.0,0.0,45.35,45.35
830B,7,8.0,37.0,53.0,148.0,45.0,201.0,216.75,1103.86,16.0,17661.8,981.21,0.368,6.0,31.0,29.0,0.0,45.35,45.35
830B,8,6.0,40.0,58.0,187.0,46.0,245.0,228.39,1353.27,14.02,18979.65,1054.42,0.4511,9.0,35.0,33.0,0.0,43.18,43.18
830B,9,8.0,42.0,58.0,187.0,50.0,245.0,250.48,1382.74,17.81,24626.03,1368.11,0.4609,9.0,39.0,37.0,0.0,42.09,42.09
830B,10,8.0,47.0,53.0,201.0,55.0,254.0,285.07,1468.47,17.11,25120.13,1395.56,0.4895,8.0,37.0,35.0,0.0,42.54,42.54
830B,11,6.0,46.0,67.0,242.0,52.0,309.0,269.59,1761.44,15.78,27800.05,1544.45,0.5871,11.0,47.0,45.0,0.0,39.32,39.32
830B,12,8.0,42.0,58.0,187.0,50.0,245.0,250.48,1382.74,17.81,24626.03,1368.11,0.4609,9.0,39.0,37.0,0.0,42.09,42.09
830B,13,8.0,42.0,56.0,183.0,50.0,239.0,250.48,1348.88,17.43,23509.08,1306.06,0.4496,9.0,39.0,37.0,0.0,42.17,42.17
830B,14,7.0,42.0,66.0,218.0,49.0,284.0,246.13,1594.58,18.17,28968.16,1609.34,0.5315,11.0,43.0,41.0,0.0,40.46,40.46
830B,15,8.0,39.0,52.0,151.0,47.0,203.0,230.13,1127.58,15.49,17463.06,970.17,0.3759,8.0,34.0,32.0,0.0,44.15,44.15
830B,16,8.0,54.0,64.0,252.0,62.0,316.0,334.76,1881.53,18.67,35121.82,1951.21,0.6272,11.0,46.0,43.0,0.02,48.2,39.32
830B,17,8.0,41.0,53.0,166.0,49.0,219.0,243.66,1229.62,16.2,19913.87,1106.33,0.4099,6.0,32.0,30.0,0.0,44.73,44.73
830B,18,8.0,47.0,59.0,216.0,55.0,275.0,285.07,1589.87,18.38,29226.62,1623.7,0.53,9.0,42.0,40.0,0.0,40.96,40.96
830B,19,8.0,42.0,56.0,183.0,50.0,239.0,250.48,1348.88,17.43,23509.08,1306.06,0.4496,9.0,39.0,37.0,0.0,42.17,42.17
830B,20,6.0,40.0,73.0,227.0,46.0,300.0,228.39,1657.07,17.02,28211.59,1567.31,0.5524,11.0,44.0,42.0,0.0,40.13,40.13
830B,21,8.0,42.0,58.0,187.0,50.0,245.0,250.48,1382.74,17.81,24626.03,1368.11,0.4609,9.0,39.0,37.0,0.0,42.09,42.09
830B,22,9.0,48.0,63.0,219.0,57.0,282.0,296.61,1644.87,20.53,33771.34,1876.19,0.5483,10.0,36.0,34.0,0.0,42.19,42.19
830B,23,8.0,42.0,58.0,187.0,50.0,245.0,250.48,1382.74,17.81,24626.03,1368.11,0.4609,9.0,39.0,37.0,0.0,42.09,42.09
830B,24,7.0,42.0,65.0,209.0,49.0,274.0,246.13,1538.43,17.42,26794.33,1488.57,0.5128,10.0,44.0,42.0,0.0,40.49,40.49
830B,25,8.0,47.0,56.0,208.0,55.0,264.0,285.07,1526.28,17.7,27018.39,1501.02,0.5088,8.0,38.0,36.0,0.0,42.17,42.17
830B,26,8.0,42.0,58.0,187.0,50.0,245.0,250.48,1382.74,17.81,24626.03,1368.11,0.4609,9.0,39.0,37.0,0.0,42.09,42.09
830B,27,7.0,42.0,65.0,209.0,49.0,274.0,246.13,1538.43,17.42,26794.33,1488.57,0.5128,10.0,44.0,42.0,0.0,40.49,40.49
830B,28,8.0,51.0,55.0,209.0,59.0,264.0,313.29,1553.02,16.39,25457.31,1414.3,0.5177,8.0,38.0,35.0,0.03,51.9,42.12
830B,29,7.0,43.0,71.0,232.0,50.0,303.0,252.98,1710.09,18.88,32292.83,1794.05,0.57,10.0,45.0,43.0,0.0,39.95,39.95
830B,30,8.0,48.0,59.0,230.0,56.0,289.0,292.08,1678.33,19.17,32167.91,1787.11,0.5594,9.0,42.0,40.0,0.0,40.8,40.8
830B,31,8.0,49.0,59.0,229.0,57.0,288.0,299.12,1679.87,18.69,31403.33,1744.63,0.56,10.0,42.0,40.0,0.0,40.66,40.66
830B,32,9.0,46.0,61.0,218.0,55.0,279.0,282.61,1613.0,21.33,34398.96,1911.05,0.5377,7.0,39.0,37.0,0.0,41.89,41.89
834A,1,9.0,52.0,61.0,174.0,61.0,235.0,324.95,1393.72,15.06,20986.26,1165.9,0.4646,8.0,27.0,24.0,0.04,57.32,45.68
834A,3,9.0,57.0,53.0,162.0,66.0,215.0,361.0,1299.54,12.79,16620.49,923.36,0.4332,5.0,27.0,22.0,0.12,65.34,46.3
834A,4,10.0,63.0,61.0,202.0,73.0,263.0,409.79,1627.92,16.03,26098.46,1449.91,0.5426,9.0,26.0,20.0,0.17,67.12,45.44
834A,5,8.0,53.0,47.0,149.0,61.0,196.0,327.58,1162.42,11.25,13071.79,726.21,0.3875,3.0,28.0,23.0,0.12,65.29,46.56
834A,7,8.0,46.0,60.0,167.0,54.0,227.0,278.08,1306.36,14.52,18970.61,1053.92,0.4355,8.0,25.0,23.0,0.0,46.61,46.61
834A,8,8.0,46.0,60.0,167.0,54.0,227.0,278.08,1306.36,14.52,18970.61,1053.92,0.4355,8.0,25.0,23.0,0.0,46.61,46.61
834A,9,9.0,52.0,61.0,174.0,61.0,235.0,324.95,1393.72,15.06,20986.26,1165.9,0.4646,8.0,27.0,24.0,0.04,57.32,45.68
834A,13,9.0,54.0,50.0,162.0,63.0,212.0,339.29,1267.18,13.5,17106.98,950.39,0.4224,6.0,26.0,20.0,0.17,68.29,46.6
834A,14,9.0,52.0,61.0,174.0,61.0,235.0,324.95,1393.72,15.06,20986.26,1165.9,0.4646,8.0,27.0,24.0,0.04,57.32,45.68
834A,19,8.0,46.0,60.0,167.0,54.0,227.0,278.08,1306.36,14.52,18970.61,1053.92,0.4355,8.0,25.0,23.0,0.0,46.61,46.61
834A,20,9.0,52.0,61.0,174.0,61.0,235.0,324.95,1393.72,15.06,20986.26,1165.9,0.4646,8.0,27.0,24.0,0.04,57.32,45.68
834A,24,9.0,52.0,61.0,174.0,61.0,235.0,324.95,1393.72,15.06,20986.26,1165.9,0.4646,8.0,27.0,24.0,0.04,57.32,45.68
834A,27,9.0,49.0,53.0,152.0,58.0,205.0,303.65,1200.89,13.96,16763.39,931.3,0.4003,9.0,22.0,18.0,0.1,65.57,47.94
834A,28,9.0,52.0,61.0,174.0,61.0,235.0,324.95,1393.72,15.06,20986.26,1165.9,0.4646,8.0,27.0,24.0,0.04,57.32,45.68
834A,29,7.0,45.0,46.0,155.0,52.0,201.0,266.78,1145.79,12.06,13813.12,767.4,0.3819,6.0,25.0,23.0,0.0,47.28,47.28
834A,31,10.0,54.0,55.0,176.0,64.0,231.0,343.98,1386.0,16.3,22586.67,1254.81,0.462,9.0,24.0,20.0,0.09,63.6,46.68
834A,32,9.0,49.0,53.0,152.0,58.0,205.0,303.65,1200.89,13.96,16763.39,931.3,0.4003,9.0,22.0,18.0,0.1,65.57,47.94
835A,1,5.0,33.0,28.0,77.0,38.0,105.0,178.07,551.03,5.83,3214.36,178.58,0.1837,3.0,12.0,10.0,0.0,56.86,56.86
835A,2,5.0,33.0,28.0,77.0,38.0,105.0,178.07,551.03,5.83,3214.36,178.58,0.1837,3.0,12.0,10.0,0.0,56.86,56.86
835A,3,5.0,33.0,28.0,77.0,38.0,105.0,178.07,551.03,5.83,3214.36,178.58,0.1837,3.0,12.0,10.0,0.0,56.86,56.86
835A,4,5.0,33.0,28.0,77.0,38.0,105.0,178.07,551.03,5.83,3214.36,178.58,0.1837,3.0,12.0,10.0,0.0,56.86,56.86
835A,5,5.0,33.0,28.0,77.0,38.0,105.0,178.07,551.03,5.83,3214.36,178.58,0.1837,3.0,12.0,10.0,0.0,56.86,56.86
835A,6,5.0,33.0,28.0,77.0,38.0,105.0,178.07,551.03,5.83,3214.36,178.58,0.1837,3.0,12.0,10.0,0.0,56.86,56.86
835A,7,5.0,33.0,28.0,77.0,38.0,105.0,178.07,551.03,5.83,3214.36,178.58,0.1837,3.0,12.0,10.0,0.0,56.86,56.86
835A,8,5.0,33.0,28.0,77.0,38.0,105.0,178.07,551.03,5.83,3214.36,178.58,0.1837,3.0,12.0,10.0,0.0,56.86,56.86
835A,9,5.0,33.0,28.0,77.0,38.0,105.0,178.07,551.03,5.83,3214.36,178.58,0.1837,3.0,12.0,10.0,0.0,56.86,56.86
835A,10,5.0,33.0,28.0,77.0,38.0,105.0,178.07,551.03,5.83,3214.36,178.58,0.1837,3.0,12.0,10.0,0.0,56.86,56.86
835A,11,5.0,33.0,28.0,77.0,38.0,105.0,178.07,551.03,5.83,3214.36,178.58,0.1837,3.0,12.0,10.0,0.0,56.86,56.86
835A,12,5.0,33.0,28.0,77.0,38.0,105.0,178.07,551.03,5.83,3214.36,178.58,0.1837,3.0,12.0,10.0,0.0,56.86,56.86
835A,13,5.0,33.0,28.0,77.0,38.0,105.0,178.07,551.03,5.83,3214.36,178.58,0.1837,3.0,12.0,10.0,0.0,56.86,56.86
835A,14,5.0,33.0,28.0,77.0,38.0,105.0,178.07,551.03,5.83,3214.36,178.58,0.1837,3.0,12.0,10.0,0.0,56.86,56.86
835A,15,5.0,33.0,28.0,77.0,38.0,105.0,178.07,551.03,5.83,3214.36,178.58,0.1837,3.0,12.0,10.0,0.0,56.86,56.86
835A,16,5.0,33.0,28.0,77.0,38.0,105.0,178.07,551.03,5.83,3214.36,178.58,0.1837,3.0,12.0,10.0,0.0,56.86,56.86
835A,17,5.0,33.0,28.0,77.0,38.0,105.0,178.07,551.03,5.83,3214.36,178.58,0.1837,3.0,12.0,10.0,0.0,56.86,56.86
835A,18,5.0,33.0,28.0,77.0,38.0,105.0,178.07,551.03,5.83,3214.36,178.58,0.1837,3.0,12.0,10.0,0.0,56.86,56.86
835A,19,5.0,33.0,28.0,77.0,38.0,105.0,178.07,551.03,5.83,3214.36,178.58,0.1837,3.0,12.0,10.0,0.0,56.86,56.86
835A,20,5.0,33.0,28.0,77.0,38.0,105.0,178.07,551.03,5.83,3214.36,178.58,0.1837,3.0,12.0,10.0,0.0,56.86,56.86
835A,21,5.0,33.0,28.0,77.0,38.0,105.0,178.07,551.03,5.83,3214.36,178.58,0.1837,3.0,12.0,10.0,0.0,56.86,56.86
835A,22,5.0,33.0,28.0,77.0,38.0,105.0,178.07,551.03,5.83,3214.36,178.58,0.1837,3.0,12.0,10.0,0.0,56.86,56.86
835A,23,5.0,33.0,28.0,77.0,38.0,105.0,178.07,551.03,5.83,3214.36,178.58,0.1837,3.0,12.0,10.0,0.0,56.86,56.86
835A,24,5.0,33.0,28.0,77.0,38.0,105.0,178.07,551.03,5.83,3214.36,178.58,0.1837,3.0,12.0,10.0,0.0,56.86,56.86
835A,25,5.0,33.0,28.0,77.0,38.0,105.0,178.07,551.03,5.83,3214.36,178.58,0.1837,3.0,12.0,10.0,0.0,56.86,56.86
835A,26,5.0,33.0,28.0,77.0,38.0,105.0,178.07,551.03,5.83,3214.36,178.58,0.1837,3.0,12.0,10.0,0.0,56.86,56.86
835A,27,5.0,33.0,28.0,77.0,38.0,105.0,178.07,551.03,5.83,3214.36,178.58,0.1837,3.0,12.0,10.0,0.0,56.86,56.86
835A,28,5.0,33.0,28.0,77.0,38.0,105.0,178.07,551.03,5.83,3214.36,178.58,0.1837,3.0,12.0,10.0,0.0,56.86,56.86
835A,29,5.0,33.0,28.0,77.0,38.0,105.0,178.07,551.03,5.83,3214.36,178.58,0.1837,3.0,12.0,10.0,0.0,56.86,56.86
835A,30,5.0,33.0,28.0,77.0,38.0,105.0,178.07,551.03,5.83,3214.36,178.58,0.1837,3.0,12.0,10.0,0.0,56.86,56.86
835A,31,5.0,33.0,28.0,77.0,38.0,105.0,178.07,551.03,5.83,3214.36,178.58,0.1837,3.0,12.0,10.0,0.0,56.86,56.86
835A,32,5.0,33.0,28.0,77.0,38.0,105.0,178.07,551.03,5.83,3214.36,178.58,0.1837,3.0,12.0,10.0,0.0,56.86,56.86
838D,1,9.0,46.0,65.0,240.0,55.0,305.0,282.61,1763.31,23.48,41399.56,2299.98,0.5878,10.0,32.0,29.0,0.0,43.09,43.09
838D,2,8.0,40.0,37.0,136.0,48.0,173.0,236.88,966.2,13.6,13140.3,730.02,0.3221,4.0,24.0,21.0,0.0,48.45,48.45
838D,3,9.0,46.0,47.0,159.0,55.0,206.0,282.61,1190.96,15.55,18524.61,1029.14,0.397,5.0,26.0,23.0,0.0,46.92,46.92
838D,4,9.0,47.0,71.0,241.0,56.0,312.0,289.6,1811.89,23.07,41808.51,2322.69,0.604,10.0,38.0,34.0,0.0,41.38,41.38
838D,5,8.0,41.0,44.0,143.0,49.0,187.0,243.66,1049.95,13.95,14648.09,813.78,0.35,5.0,25.0,22.0,0.0,47.68,47.68
838D,6,8.0,42.0,38.0,124.0,50.0,162.0,250.48,914.3,11.81,10797.5,599.86,0.3048,5.0,23.0,19.0,0.0,48.89,48.89
838D,7,9.0,46.0,61.0,221.0,55.0,282.0,282.61,1630.34,21.62,35247.32,1958.18,0.5434,9.0,36.0,33.0,0.0,42.35,42.35
838D,8,9.0,44.0,64.0,239.0,53.0,303.0,268.74,1735.56,24.44,42422.61,2356.81,0.5785,11.0,39.0,36.0,0.0,41.13,41.13
838D,9,9.0,46.0,65.0,240.0,55.0,305.0,282.61,1763.31,23.48,41399.56,2299.98,0.5878,10.0,32.0,29.0,0.0,43.09,43.09
838D,10,9.0,45.0,64.0,238.0,54.0,302.0,275.66,1737.98,23.8,41363.83,2297.99,0.5793,9.0,37.0,34.0,0.0,41.89,41.89
838D,11,9.0,45.0,61.0,233.0,54.0,294.0,275.66,1691.94,23.3,39422.13,2190.12,0.564,9.0,34.0,31.0,0.0,42.78,42.78
838D,12,9.0,45.0,59.0,223.0,54.0,282.0,275.66,1622.88,22.3,36190.19,2010.57,0.541,9.0,34.0,31.0,0.0,42.9,42.9
838D,13,8.0,40.0,37.0,136.0,48.0,173.0,236.88,966.2,13.6,13140.3,730.02,0.3221,4.0,24.0,21.0,0.0,48.45,48.45
838D,14,9.0,46.0,67.0,245.0,55.0,312.0,282.61,1803.78,23.97,43232.0,2401.78,0.6013,10.0,37.0,34.0,0.0,41.65,41.65
838D,15,8.0,40.0,40.0,131.0,48.0,171.0,236.88,955.03,13.1,12510.87,695.05,0.3183,5.0,24.0,21.0,0.0,48.35,48.35
838D,16,8.0,41.0,42.0,141.0,49.0,183.0,243.66,1027.49,13.76,14134.28,785.24,0.3425,5.0,25.0,22.0,0.0,47.74,47.74
838D,17,8.0,43.0,43.0,138.0,51.0,181.0,257.33,1026.71,12.84,13180.08,732.23,0.3422,5.0,24.0,20.0,0.0,48.13,48.13
838D,18,9.0,48.0,67.0,229.0,57.0,296.0,296.61,1726.54,21.47,37066.56,2059.25,0.5755,10.0,33.0,29.0,0.0,42.86,42.86
838D,19,8.0,43.0,44.0,139.0,51.0,183.0,257.33,1038.05,12.93,13422.28,745.68,0.346,5.0,25.0,21.0,0.0,47.71,47.71
838D,20,8.0,41.0,43.0,149.0,49.0,192.0,243.66,1078.02,14.54,15670.79,870.6,0.3593,5.0,24.0,21.0,0.0,47.99,47.99
838D,21,8.0,41.0,44.0,143.0,49.0,187.0,243.66,1049.95,13.95,14648.09,813.78,0.35,5.0,24.0,21.0,0.0,48.07,48.07
838D,22,9.0,44.0,58.0,208.0,53.0,266.0,268.74,1523.63,21.27,32411.7,1800.65,0.5079,9.0,34.0,31.0,0.0,43.1,43.1
838D,23,8.0,41.0,38.0,141.0,49.0,179.0,243.66,1005.03,13.76,13825.33,768.07,0.335,4.0,24.0,21.0,0.0,48.33,48.33
838D,24,9.0,45.0,63.0,236.0,54.0,299.0,275.66,1720.71,23.6,40608.79,2256.04,0.5736,9.0,37.0,34.0,0.0,41.92,41.92
838D,25,9.0,46.0,65.0,241.0,55.0,306.0,282.61,1769.1,23.58,41708.36,2317.13,0.5897,10.0,32.0,29.0,0.0,43.08,43.08
838D,26,8.0,43.0,41.0,141.0,51.0,182.0,257.33,1032.38,13.12,13541.0,752.28,0.3441,5.0,24.0,20.0,0.0,48.12,48.12
838D,27,9.0,44.0,55.0,190.0,53.0,245.0,268.74,1403.34,19.43,27269.46,1514.97,0.4678,9.0,32.0,28.0,0.0,43.92,43.92
838D,28,9.0,44.0,59.0,210.0,53.0,269.0,268.74,1540.81,21.48,33092.41,1838.47,0.5136,9.0,34.0,31.0,0.0,43.06,43.06
838D,29,9.0,46.0,67.0,245.0,55.0,312.0,282.61,1803.78,23.97,43232.0,2401.78,0.6013,10.0,37.0,34.0,0.0,41.65,41.65
838D,30,8.0,43.0,47.0,168.0,51.0,215.0,257.33,1219.57,15.63,19059.35,1058.85,0.4065,5.0,26.0,23.0,0.0,46.85,46.85
838D,31,8.0,40.0,42.0,134.0,48.0,176.0,236.88,982.95,13.4,13171.58,731.75,0.3277,5.0,23.0,20.0,0.0,48.67,48.67
838D,32,9.0,44.0,58.0,219.0,53.0,277.0,268.74,1586.63,22.4,35536.99,1974.28,0.5289,9.0,33.0,30.0,0.0,43.25,43.25
839C,1,10.0,54.0,50.0,206.0,64.0,256.0,343.98,1536.0,19.07,29297.78,1627.65,0.512,6.0,36.0,30.0,0.0,42.93,42.93
839C,2,7.0,57.0,44.0,235.0,64.0,279.0,352.13,1674.0,14.43,24155.53,1341.97,0.558,6.0,34.0,26.0,0.0,43.21,43.21
839C,3,9.0,65.0,65.0,313.0,74.0,378.0,419.98,2347.17,21.67,50861.44,2825.64,0.7824,8.0,45.0,37.0,0.0,39.26,39.26
839C,4,7.0,57.0,44.0,233.0,64.0,277.0,352.13,1662.0,14.31,23778.26,1321.01,0.554,6.0,34.0,26.0,0.0,43.23,43.23
839C,5,7.0,53.0,46.0,258.0,60.0,304.0,323.23,1795.69,17.04,30594.57,1699.7,0.5986,6.0,37.0,28.0,0.0,42.2,42.2
839C,6,9.0,52.0,45.0,193.0,61.0,238.0,324.95,1411.52,16.7,23575.02,1309.72,0.4705,6.0,33.0,27.0,0.0,44.01,44.01
839C,7,9.0,60.0,54.0,272.0,69.0,326.0,382.94,1991.38,20.4,40624.13,2256.9,0.6638,7.0,39.0,31.0,0.0,41.25,41.25
839C,8,9.0,51.0,55.0,231.0,60.0,286.0,317.82,1689.37,20.38,34433.35,1912.96,0.5631,10.0,41.0,34.0,0.0,40.87,40.87
839C,9,7.0,57.0,44.0,235.0,64.0,279.0,352.13,1674.0,14.43,24155.53,1341.97,0.558,6.0,34.0,26.0,0.0,43.21,43.21
839C,10,9.0,52.0,47.0,240.0,61.0,287.0,324.95,1702.12,20.77,35351.76,1963.99,0.5674,6.0,33.0,24.0,0.0,43.44,43.44
839C,11,9.0,49.0,51.0,210.0,58.0,261.0,303.65,1528.93,19.29,29486.57,1638.14,0.5096,6.0,33.0,27.0,0.0,43.77,43.77
839C,12,7.0,56.0,50.0,260.0,63.0,310.0,344.86,1852.96,16.25,30110.55,1672.81,0.6177,6.0,36.0,26.0,0.0,42.36,42.36
839C,13,9.0,52.0,47.0,240.0,61.0,287.0,324.95,1702.12,20.77,35351.76,1963.99,0.5674,6.0,33.0,24.0,0.0,43.44,43.44
839C,14,8.0,49.0,42.0,157.0,57.0,199.0,299.12,1160.75,12.82,14876.49,826.47,0.3869,5.0,28.0,22.0,0.0,46.3,46.3
839C,15,9.0,53.0,46.0,194.0,62.0,240.0,332.11,1429.01,16.47,23538.17,1307.68,0.4763,6.0,33.0,27.0,0.0,43.98,43.98
839C,16,8.0,59.0,65.0,310.0,67.0,375.0,371.08,2274.78,21.02,47809.01,2656.06,0.7583,8.0,39.0,31.0,0.0,40.71,40.71
839C,17,9.0,56.0,53.0,212.0,65.0,265.0,353.74,1595.93,17.04,27187.76,1510.43,0.532,7.0,35.0,28.0,0.0,42.95,42.95
839C,18,8.0,59.0,65.0,310.0,67.0,375.0,371.08,2274.78,21.02,47809.01,2656.06,0.7583,8.0,39.0,31.0,0.0,40.71,40.71
839C,19,7.0,68.0,67.0,381.0,75.0,448.0,433.6,2790.51,19.61,54722.74,3040.15,0.9302,10.0,57.0,49.0,0.0,36.23,36.23
839C,20,8.0,68.0,73.0,387.0,76.0,460.0,437.95,2874.05,22.76,65426.83,3634.82,0.958,10.0,57.0,49.0,0.0,36.14,36.14
839C,21,9.0,69.0,68.0,354.0,78.0,422.0,450.02,2652.44,23.09,61236.76,3402.04,0.8841,10.0,56.0,48.0,0.0,36.55,36.55
839C,22,9.0,59.0,53.0,225.0,68.0,278.0,375.61,1692.31,17.16,29041.84,1613.44,0.5641,7.0,39.0,32.0,0.0,41.75,41.75
839C,23,8.0,49.0,41.0,153.0,57.0,194.0,299.12,1131.58,12.49,14133.21,785.18,0.3772,5.0,27.0,21.0,0.0,46.72,46.72
839C,24,9.0,50.0,52.0,211.0,59.0,263.0,310.72,1547.14,18.99,29380.1,1632.23,0.5157,6.0,33.0,27.0,0.0,43.74,43.74
839C,25,8.0,57.0,50.0,259.0,65.0,309.0,356.47,1860.91,18.18,33822.89,1879.05,0.6203,7.0,38.0,28.0,0.0,41.7,41.7
839C,26,9.0,50.0,52.0,211.0,59.0,263.0,310.72,1547.14,18.99,29380.1,1632.23,0.5157,6.0,33.0,27.0,0.0,43.74,43.74
839C,27,7.0,58.0,58.0,267.0,65.0,325.0,359.41,1957.27,16.11,31535.66,1751.98,0.6524,6.0,39.0,30.0,0.0,41.44,41.44
839C,28,7.0,55.0,50.0,250.0,62.0,300.0,337.63,1786.26,15.91,28417.76,1578.76,0.5954,6.0,38.0,28.0,0.0,41.96,41.96
839C,29,6.0,54.0,42.0,221.0,60.0,263.0,326.27,1553.51,12.28,19073.68,1059.65,0.5178,5.0,31.0,22.0,0.0,44.45,44.45
839C,30,9.0,50.0,53.0,222.0,59.0,275.0,310.72,1617.73,19.98,32322.18,1795.68,0.5392,6.0,34.0,28.0,0.0,43.32,43.32
839C,31,6.0,54.0,46.0,258.0,60.0,304.0,326.27,1795.69,14.33,25738.29,1429.91,0.5986,6.0,36.0,27.0,0.0,42.46,42.46
839C,32,9.0,51.0,54.0,223.0,60.0,277.0,317.82,1636.21,19.68,32194.81,1788.6,0.5454,6.0,34.0,28.0,0.0,43.28,43.28
104B,mean,6.0,28.0,25.0,81.0,34.0,106.0,150.12,539.27,8.68,4680.1,260.01,0.1798,3.0,16.0,14.0,0.0,54.2,54.2
104B,variance,0.0,0.0,0.0,0.0,0.0,0.0,0.0,0.0,0.0,0.0,0.0,0.0,0.0,0.0,0.0,0.0,0.0,0.0
105C,mean,9.5,122.72222222222223,300.05555555555554,1181.5,132.22222222222223,1481.5555555555557,890.5011111111111,10496.94722222222,46.61555555555556,542928.8261111111,30162.711111111108,3.4989777777777773,43.27777777777778,171.22222222222223,135.44444444444446,0.09722222222222222,33.784444444444446,18.07055555555556
105C,variance,1.2058823529411764,1477.1535947712418,12150.290849673202,220539.4411764706,1523.7124183006536,327104.2614379085,107809.96061045752,19087886.292880066,307.11967320261436,205570682549.29456,634477408.7461516,2.120896118300653,444.2124183006537,2960.653594771242,2247.555555555555,0.003562418300653595,57.037755555555556,50.1233702614379
108D,mean,7.53125,52.6875,80.9375,242.5625,60.21875,323.5,324.7971875,1916.1953125,17.4746875,33743.37468749999,1874.631875,0.63873125,9.0625,40.78125,35.9375,0.029375000000000002,47.253750000000004,40.81999999999999
108D,variance,0.5151209677419355,114.09274193548387,131.09274193548387,1894.7701612903227,121.53125,2975.935483870968,6189.922543447581,157359.77407086696,5.604141834677418,92200067.575187,284566.9547254032,0.01748643254032258,4.254032258064516,38.69254032258065,31.41532258064516,0.0012770161290322584,44.693308064516124,4.168993548387098
10B,mean,9.0625,58.625,123.8125,319.75,67.6875,443.5625,373.28375,2698.6059375,24.6984375,67165.20656250001,3731.399375,0.8995249999999999,17.8125,54.09375,50.625,0.0,35.875625,35.875625
10B,variance,0.18951612903225806,10.370967741935484,51.125,1186.3225806451612,11.254032258064516,1596.8346774193549,588.9593016129033,73402.13351522178,5.982632963709676,188065517.05162975,580449.6731415322,0.00815688516129032,7.770161290322581,60.474798387096776,43.20967741935484,0.0,3.381509274193549,3.381509274193549
10D,mean,7.4375,48.875,122.3125,464.0625,56.3125,586.375,295.843125,3409.21375,35.3340625,121601.23156249999,6755.625,1.1364031249999997,16.40625,58.53125,55.90625,0.0,34.56,34.56
10D,variance,0.4475806451612903,2.306451612903226,83.77016129032258,1866.125,3.7056451612903225,2669.467741935484,153.4542092741934,89714.29256612904,21.966973286290326,665098049.4744716,2052771.7777225806,0.009969118377016131,4.95866935483871,30.96673387096774,27.63608870967742,0.0,1.8835354838709661,1.8835354838709661
116A,mean,5.0,27.34375,25.65625,79.3125,32.34375,104.96875,142.13156250000003,526.4146875000001,7.2553125000000005,3820.23375,212.23874999999998,0.175496875,3.65625,19.3125,17.3125,0.0,52.419062499999995,52.419062499999995
116A,variance,0.0,0.23286290322580644,0.23286290322580644,0.9314516129032258,0.23286290322580644,2.095766129032258,9.038084576612873,25.33196764112879,0.04715473790322584,22015.77877258065,67.93225645161301,2.8525705645161344e-06,0.23286290322580644,0.9314516129032258,0.9314516129032258,0.0,0.3297571572580672,0.3297571572580672
116B,mean,8.75,57.0,84.0625,293.6875,65.75,377.75,360.1840625,2284.1159375,22.4928125,52120.0559375,2895.5571875,0.76136875,14.90625,39.3125,37.125,0.005,41.4153125,39.8009375
116B,variance,0.1935483870967742,25.419354838709676,146.06048387096774,1901.899193548387,28.516129032258064,2776.1935483870966,1440.2431603830644,125504.3413410283,5.997949899193545,184555342.9559023,569617.3367757057,0.0139429041532258,9.894153225806452,22.995967741935484,23.14516129032258,0.00015483870967741934,18.46901280241936,3.7203507056451635
121C,mean,10.0625,81.125,97.46875,316.53125,91.1875,414.0,550.5206249999999,2702.50875,19.7346875,53800.0534375,2988.890625,0.9008375,14.71875,50.90625,43.09375,0.1153125,55.1778125,36.899375
121C,variance,0.06048387096774194,317.5967741935484,139.54737903225808,4654.773185483871,323.31854838709677,6291.935483870968,20497.569135080645,399781.3349919355,4.479599899193548,267479693.04425558,825555.5023350806,0.04441973016129033,3.434475806451613,41.184475806451616,21.119959677419356,0.002483770161290323,5.17557247983871,3.814193145161289
125B,mean,8.84375,41.96875,43.8125,137.53125,50.8125,181.34375,254.2196875,1030.194375,14.3625,15303.61375,850.199375,0.343415625,6.25,24.3125,20.71875,0.0,48.0390625,48.0390625
125B,variance,0.13608870967741934,8.095766129032258,166.28629032258064,844.5796370967741,7.576612903225806,1694.748991935484,362.4870805443552,61195.44448991937,5.027587096774191,36333694.69339194,112139.74714798387,0.0067988910383064505,2.774193548387097,16.092741935483872,12.918346774193548,0.0,5.75905393145161,5.75905393145161
128B,mean,6.40625,53.59375,41.625,184.21875,60.0,225.84375,325.2846875,1335.2953125,10.975,14583.8090625,810.2121875,0.44510625,6.1875,28.90625,26.90625,0.0,45.458437499999995,45.458437499999995
128B,variance,0.24899193548387097,19.152217741935484,6.564516129032258,369.9828629032258,15.483870967741936,456.2006048387097,873.0029482862897,21604.168883770155,0.41587741935483863,1286078.5624216741,3969.3572498991907,0.0024007767338709673,0.4153225806451613,5.248991935483871,5.248991935483871,0.0,1.0961619959677407,1.0961619959677407
128D,mean,9.5625,60.75,58.375,236.0,70.3125,294.375,395.885,1829.0490625,18.3484375,34405.14375,1911.3975,0.6096874999999999,10.0625,42.1875,36.71875,0.03625,47.1928125,41.033437500000005
128D,variance,1.3508064516129032,472.06451612903226,353.14516129032256,8353.741935483871,479.2540322580645,12047.016129032258,28306.96095483871,685902.148079738,7.505742641129035,337382223.40776616,1041302.6410451613,0.07621254048387097,10.44758064516129,181.64112903225808,90.46673387096774,0.003662903225806452,26.972878931451618,19.629023286290316
129A,mean,6.0,29.0,32.0,106.14285714285714,35.0,138.14285714285714,156.38999999999996,708.5728571428571,10.98142857142857,7782.685714285714,432.37571428571425,0.23622857142857145,5.0,21.571428571428573,19.571428571428573,0.0,50.28714285714287,50.28714285714287
129A,variance,0.0,0.0,0.0,4.628571428571428,0.0,4.628571428571428,8.48183245293632e-28,121.80965142857121,0.04942285714285731,75062.34596571428,231.68603571428557,1.3640142857142867e-05,0.0,1.157142857142857,1.157142857142857,0.0,0.2970514285714298,0.2970514285714298
129E,mean,8.03125,48.84375,70.53125,247.5625,56.875,318.09375,298.9103125,1856.2859375,20.488125,39321.363125,2184.5203125,0.61875625,8.6875,31.46875,26.46875,0.026875000000000003,49.123125,43.4640625
129E,variance,1.128024193548387,48.007056451612904,280.1280241935484,1797.8024193548388,58.88709677419355,3432.28125,2796.5370031250004,142604.98620554435,18.292906048387096,269702675.6620544,832415.5068869961,0.015845448346774194,5.963709677419355,30.579637096774192,28.32157258064516,0.0018544354838709678,52.75883508064516,5.694805544354838
135C,mean,9.741935483870968,58.0,74.64516129032258,329.38709677419354,67.74193548387096,404.03225806451616,372.49161290322587,2476.8296774193554,27.369032258064518,76748.37064516125,4263.797741935483,0.8256032258064515,12.903225806451612,47.45161290322581,43.645161290322584,0.02322580645161291,44.553870967741936,38.6751612903226
135C,variance,0.9311827956989247,57.46666666666667,1246.8365591397849,15068.445161290325,70.26451612903226,24682.898924731184,3567.2181006451615,1078256.883036559,82.72968903225807,3994274181.0933204,12328010.2611914,0.11980321298924729,43.756989247311836,256.58924731182793,261.03655913978497,0.0007825806451612902,84.92469118279568,26.010945806451616
13A,mean,7.0,34.28125,37.6875,95.40625,41.28125,133.09375,194.52468750000003,714.605,9.737187500000001,6962.46,386.8046875,0.23819374999999998,3.0,21.3125,17.0,0.0,50.643437500000005,50.643437500000005
13A,variance,0.0,2.9828629032258065,2.7379032258064515,36.636088709677416,2.9828629032258065,52.73286290322581,133.03954183467738,2267.9148903225814,0.018549899193548387,319162.75961290335,985.0897998991929,0.00025240189516129017,0.0,0.9314516129032258,0.1935483870967742,0.0,0.3535652217741939,0.3535652217741939
144A,mean,7.1875,46.25,59.0625,204.21875,53.4375,263.28125,276.30875000000003,1511.115625,15.854375000000001,23987.112500000003,1332.6165624999999,0.503709375,7.375,37.28125,31.28125,0.06,56.5353125,42.4721875
144A,variance,0.15725806451612903,0.8387096774193549,16.383064516129032,34.49899193548387,1.6733870967741935,64.46673387096774,64.54028225806445,2335.1724125000005,0.4208189516129044,2923989.8652064526,9024.738836189517,0.00025944990927419357,0.6290322580645161,0.7247983870967742,0.7247983870967742,0.0,0.1110773185483871,0.03975312499999989
147A,mean,8.0,36.125,43.90625,133.75,44.125,177.65625,210.958125,970.6971875,14.8125,14497.730625,805.4325,0.323540625,11.09375,30.96875,27.34375,0.0,45.085625,45.085625
147A,variance,0.0,0.7580645161290323,31.700604838709676,154.19354838709677,0.7580645161290323,325.0715725806452,33.178002822580595,10051.345569254032,1.7213548387096784,9814605.420012498,30291.79092903225,0.0011172076512096776,0.28125,1.128024193548387,0.813508064516129,0.0,0.10099959677419335,0.10099959677419335
14B,mean,7.0,42.96875,47.96875,148.5625,49.96875,196.53125,252.7659375,1109.0171874999999,12.102812500000002,13420.9696875,745.6115625,0.3696625,7.0,27.71875,23.71875,0.0,46.26875,46.26875
14B,variance,0.0,0.03125,0.03125,1.4798387096774193,0.03125,1.6118951612903225,1.4663281249999975,57.57718215725768,0.010240221774193543,34721.58008054441,107.20603941532234,6.350806451612916e-06,0.0,0.7893145161290323,0.7893145161290323,0.0,0.11367580645161297,0.11367580645161297
151A,mean,5.0,34.84375,33.84375,89.375,39.84375,123.21875,190.1065625,655.0825,6.412812499999999,4200.922812500001,233.3884375,0.21839062499999998,1.0,14.84375,12.84375,0.0,54.595,54.595
151A,variance,0.0,0.13608870967741934,0.13608870967741934,2.1774193548387095,0.13608870967741934,3.402217741935484,5.838545866935454,130.4439677419348,0.0016466733870967574,9561.879195060495,29.5275619959677,1.4437651209677431e-05,0.0,0.13608870967741934,0.13608870967741934,0.0,0.0870967741935493,0.0870967741935493
15E,mean,7.59375,37.90625,35.53125,109.65625,45.5,145.1875,221.2765625,803.326875,10.8990625,9520.7428125,528.9300000000001,0.26776875,3.90625,21.09375,18.09375,0.0,50.720937500000005,50.720937500000005
15E,variance,0.24899193548387097,13.24899193548387,52.837701612903224,1352.2328629032259,13.225806451612904,1870.2217741935483,583.5628361895161,64018.89318346774,11.471518447580644,33427220.965066027,103171.07531612905,0.007114501572580645,2.152217741935484,30.474798387096776,30.474798387096776,0.0,13.594905544354836,13.594905544354836
166A,mean,8.0,43.0,56.0,190.0,51.0,246.0,257.33,1395.42,17.67,24663.18,1370.18,0.4651,7.0,31.0,27.0,0.0,44.51,44.51
166A,variance,0.0,0.0,0.0,0.0,0.0,0.0,0.0,0.0,0.0,0.0,0.0,0.0,0.0,0.0,0.0,0.0,0.0,0.0
168C,mean,8.0,58.9375,65.21875,230.71875,66.9375,295.9375,372.518125,1796.4528125,15.969375000000003,28352.947500000002,1575.1643749999998,0.598821875,7.46875,41.125,35.40625,0.029062500000000005,46.3934375,41.074375
168C,variance,0.12903225806451613,173.60887096774192,74.24092741935483,856.015120967742,174.18951612903226,1391.6733870967741,9835.236047983872,98193.43534344758,3.4231350806451624,12995796.33635484,40110.30564475806,0.010909494667338707,0.7731854838709677,16.43548387096774,7.216733870967742,0.002073286290322581,53.213545866935476,1.599180241935485
173A,mean,7.65625,48.9375,66.03125,164.53125,56.59375,230.5625,297.26656249999996,1344.5909374999999,13.01875,18844.1521875,1046.895,0.44819062499999995,9.875,25.5,23.0,0.0,46.2571875,46.2571875
173A,variance,0.748991935483871,2.7701612903225805,235.19254032258064,1391.8699596774193,5.990927419354839,2768.5120967741937,232.25048780241912,105087.10135070563,18.95096612903226,201114276.04091442,620723.5981935484,0.011678093780241936,7.983870967741935,20.258064516129032,21.548387096774192,0.0,5.372311189516133,5.372311189516133
175C,mean,9.0625,82.65625,85.65625,339.21875,91.71875,424.875,559.5137500000001,2777.1468750000004,18.9303125,52309.871562500004,2906.1031249999996,0.925721875,8.375,53.46875,46.15625,0.0728125,51.1153125,37.2696875
175C,variance,0.38306451612903225,521.6522177419355,187.84576612903226,4737.724798387097,539.4989919354839,6687.532258064516,33424.184779032264,470626.0969383065,2.9912611895161283,170748629.93056846,527002.6280931452,0.05228767273185485,1.467741935483871,79.67641129032258,32.845766129032256,0.002853125,18.535425705645167,5.447377318548387
177B1,mean,6.03125,32.75,27.21875,98.03125,38.78125,125.25,180.48781250000002,660.9253125,9.032812500000002,5971.675000000001,331.7575,0.22031250000000002,5.3125,19.40625,17.40625,0.0,51.4471875,51.4471875
177B1,variance,0.03125,0.3225806451612903,0.6925403225806451,3.063508064516129,0.3699596774193548,6.32258064516129,14.483824092741953,139.88466441532248,0.14251764112903237,113352.59432258058,349.8707741935486,1.5542419354838664e-05,0.2217741935483871,0.24899193548387097,0.24899193548387097,0.0,0.11884022177419283,0.11884022177419283
177B2,mean,6.0,32.8125,27.5,98.71875,38.8125,126.21875,180.768125,666.180625,9.032812500000002,6018.686250000001,334.3690625,0.22206875,5.375,19.46875,17.46875,0.0,51.3840625,51.3840625
177B2,variance,0.0,0.5443548387096774,0.7096774193548387,3.1764112903225805,0.5443548387096774,6.498991935483871,22.86566733870968,157.619889919355,0.08947893145161302,80610.90974032253,248.8182216733873,1.7485443548387058e-05,0.24193548387096775,0.25705645161290325,0.25705645161290325,0.0,0.11805070564516089,0.11805070564516089
177D1,mean,6.4375,32.4375,49.6875,143.5,38.875,193.1875,180.15187500000002,1019.8881250000001,14.2,14473.827500000001,804.09875,0.33996875,6.0,19.0,16.0,0.0,50.236875000000005,50.236875000000005
177D1,variance,0.2540322580645161,0.2540322580645161,2.286290322580645,16.258064516129032,1.0161290322580645,30.737903225806452,28.596944758064588,489.35049314515845,0.2341161290322585,31425.557980645044,96.99246290322657,5.4893830645161226e-05,0.0,0.0,0.0,0.0,0.004293145161290491,0.004293145161290491
183A,mean,7.0,57.40625,75.84375,295.59375,64.40625,371.4375,355.7278125,2239.955,18.008125,44368.4525,2464.915,0.746659375,11.875,38.21875,35.21875,0.0,40.86125,40.86125
183A,variance,1.032258064516129,45.216733870967744,579.039314516129,9090.055443548386,55.28125,13598.70564516129,2724.149436995968,559773.8037548388,35.15226088709678,926090101.2577871,2858300.0669483873,0.06219559797379033,24.951612903225808,102.49899193548387,102.49899193548387,0.0,13.717637096774194,13.717637096774194
185A,mean,7.3125,36.84375,35.15625,139.4375,44.15625,174.59375,212.85250000000002,954.276875,13.8909375,13243.1090625,735.7290624999999,0.31808749999999997,5.21875,26.65625,23.65625,0.0,47.342187499999994,47.342187499999994
185A,variance,0.2217741935483871,6.845766129032258,6.845766129032258,54.189516129032256,5.878024193548387,66.24899193548387,270.8428903225806,3238.7050544354815,2.016595866935484,2009212.3025184483,6201.266111995967,0.00035947983870967756,0.17641129032258066,0.6199596774193549,0.6199596774193549,0.0,0.20955957661290323,0.20955957661290323
193E,mean,7.5625,48.90625,40.625,166.40625,56.46875,207.03125,299.6659375,1209.1568750000001,13.127812500000001,15931.6996875,885.095,0.403053125,4.9375,29.75,24.5625,0.037500000000000006,52.3490625,45.94625
193E,variance,0.4475806451612903,227.11995967741936,50.5,1481.797379032258,243.03125,1962.7409274193549,12180.86702489919,111852.91119637097,2.7179918346774197,23816609.917990223,73507.74032903225,0.012426347086693545,1.157258064516129,42.903225806451616,21.673387096774192,0.003,43.53917651209677,8.649340322580645
199A,mean,5.935483870967742,71.54838709677419,102.48387096774194,418.06451612903226,77.48387096774194,520.5483870967741,464.0258064516129,3392.0364516129034,16.163548387096775,59390.161612903226,3299.4532258064523,1.1306838709677418,17.774193548387096,71.2258064516129,64.83870967741936,0.020322580645161285,41.45903225806451,35.08354838709677
199A,variance,0.6623655913978493,1210.5892473118279,13021.458064516128,114168.8623655914,1198.658064516129,203787.92258064513,87077.49165849462,13467047.51651699,5.837703655913979,6433113122.737293,19855294.602042574,1.496334004064516,370.1139784946236,6132.713978494623,6145.339784946235,0.0007098924731182797,134.92253569892472,68.6635969892473
202B,mean,10.24,79.28,143.72,513.76,89.52,657.48,535.564,4266.0732,33.266400000000004,142115.2816,7895.293200000001,1.422028,22.76,88.32,81.84,0.0068,32.192800000000005,29.186
202B,variance,0.4400000000000001,116.96,142.21,4955.94,115.59333333333332,6617.009999999998,7074.857625,372479.00495599996,12.048082333333333,690042611.9193223,2129761.725622667,0.04138279293333333,9.44,146.97666666666666,128.80666666666664,0.00017266666666666667,12.277662666666666,4.409258333333333
205C,mean,6.40625,43.21875,39.9375,154.59375,49.625,194.53125,252.63375000000002,1102.0231250000002,10.976875,12602.268437499999,700.125625,0.3673375,6.21875,28.75,25.6875,0.0,46.543437499999996,46.543437499999996
205C,variance,0.6360887096774194,34.36995967741935,90.18951612903226,2733.216733870968,30.693548387096776,3733.3538306451615,1507.9053209677418,135800.58833185484,3.0882350806451613,34481953.315994255,106426.44113508065,0.015089792741935485,4.240927419354839,63.61290322580645,52.221774193548384,0.0,14.447326512096772,14.447326512096772
208D,mean,6.0,42.0,89.0,191.0,48.0,280.0,241.98999999999995,1563.7900000000002,13.64,21334.56,1185.25,0.5213,9.0,36.9,33.9,0.0,42.245000000000005,42.245000000000005
208D,variance,0.0,0.0,0.0,0.0,0.0,0.0,3.590193630872516e-27,5.744309809396026e-26,0.0,0.0,0.0,0.0,0.0,0.09999999999999998,0.09999999999999998,0.0,0.006250000000000001,0.006250000000000001
21C,mean,8.625,34.53125,52.375,144.21875,43.15625,196.59375,203.298125,1068.0787500000001,18.029687499999998,19342.381875,1074.5784374999998,0.35605,7.25,30.125,27.125,0.0,45.5665625,45.5665625
21C,variance,0.24193548387096775,0.9667338709677419,11.85483870967742,46.628024193548384,2.0715725806451615,104.37802419354838,71.89989314516137,4100.481495161294,2.099983770161289,6984553.388202823,21557.971439415334,0.0004563967741935476,0.967741935483871,1.0161290322580645,1.0161290322580645,0.0,0.39904264112903287,0.39904264112903287
226A,mean,7.75,32.46875,38.96875,126.84375,40.21875,165.8125,185.9453125,883.6628125,15.1478125,13401.821875,744.5443750000001,0.29457812499999997,5.1875,24.65625,22.65625,0.0,48.314375000000005,48.314375000000005
226A,variance,0.1935483870967742,0.25705645161290325,6.934475806451613,9.42641129032258,0.49899193548387094,26.737903225806452,15.784864415322565,689.4196079637101,1.0989015120967744,1496230.4671447575,4618.07698669355,7.666369959677416e-05,0.15725806451612903,0.4909274193548387,0.4909274193548387,0.0,0.11988346774193594,0.11988346774193594
230A,mean,6.0,42.0,33.0,123.0,48.0,156.0,241.99,871.25,8.79,7654.59,425.26,0.2904,4.0,24.0,20.0,0.0,48.77,48.77
230A,variance,0.0,0.0,0.0,0.0,0.0,0.0,0.0,0.0,0.0,0.0,0.0,0.0,0.0,0.0,0.0,0.0,0.0,0.0
230B,mean,7.96875,52.28125,54.03125,223.9375,60.25,277.96875,322.80375,1650.1065625,17.278125,30806.132187499996,1711.45125,0.5500343750000001,12.15625,40.75,36.4375,0.00125,41.416250000000005,41.06875
230B,variance,2.03125,25.369959677419356,255.51512096774192,3171.2862903225805,35.61290322580645,5164.353830645161,1635.7776241935485,216874.37757812496,30.8935125,337493172.3286176,1041642.3877725808,0.024097422973790323,15.81350806451613,93.80645161290323,107.67338709677419,4.9999999999999996e-05,11.397424193548385,11.750753225806452
232A,mean,7.8125,79.46875,96.5,363.5,87.28125,460.0,529.7950000000001,2976.0096875,18.4440625,56607.58687499999,3144.86625,0.9919968750000001,11.34375,49.65625,39.6875,0.1421875,56.0265625,37.556875000000005
232A,variance,1.4475806451612903,552.1280241935484,551.483870967742,9435.161290322581,582.1441532258065,14258.258064516129,34483.37145806452,859248.812035383,24.712999092741935,748455201.5188931,2310048.410243548,0.09547047321572581,15.587701612903226,133.45866935483872,95.83467741935483,0.007501512096774193,47.97995231854839,11.471680241935484
235B,mean,5.28125,34.15625,37.03125,110.21875,39.4375,147.25,186.74625,781.4340625,8.5665625,6855.504687500001,380.86125000000004,0.26046250000000004,3.15625,20.78125,17.78125,0.0,50.6459375,50.6459375
235B,variance,0.27318548387096775,2.007056451612903,12.934475806451612,199.59576612903226,3.221774193548387,311.2258064516129,115.4972758064515,10765.02803135081,2.9617716733870965,6461341.233799901,19942.083256451617,0.0011965946774193546,0.2006048387096774,4.950604838709677,4.950604838709677,0.0,1.7955797379032266,1.7955797379032266
238A,mean,8.1875,41.125,43.34375,156.9375,49.3125,200.28125,245.5715625,1129.788125,15.459375,18074.7384375,1004.1531249999999,0.37659374999999995,3.875,22.15625,19.15625,0.0,49.13,49.13
238A,variance,0.2217741935483871,12.17741935483871,65.07157258064517,1322.7701612903227,12.221774193548388,1944.0796370967741,565.8353942540319,71362.32186733872,7.18357379032258,45039547.343974896,139010.9356092742,0.007928694153225805,2.564516129032258,33.16834677419355,33.16834677419355,0.0,10.885490322580646,10.885490322580646
23B,mean,7.4375,27.1875,20.375,51.5625,34.625,71.9375,151.1784375,368.1265625,7.01125,2582.0812499999997,143.445625,0.12270000000000002,3.0,12.25,10.25,0.0,57.92125,57.92125
23B,variance,0.2540322580645161,3.318548387096774,1.6612903225806452,35.931451612903224,2.8225806451612905,52.51209677419355,116.0816716733871,1730.1831974798383,0.027417741935483863,101687.24126290322,313.86982540322595,0.00019253290322580638,0.0,0.45161290322580644,0.45161290322580644,0.0,0.6025854838709656,0.6025854838709656
23E,mean,9.0,45.21875,52.625,236.8125,54.21875,289.4375,277.18218750000005,1667.29875,23.572499999999998,39409.55500000001,2189.4209375,0.55575,8.90625,35.1875,29.1875,0.0,42.524375000000006,42.524375000000006
23E,variance,0.0,0.30544354838709675,16.370967741935484,136.6733870967742,0.30544354838709675,246.2540322580645,14.720953124999982,7996.323172580648,1.6234000000000004,18837949.95630322,58140.64752489918,0.0008879199999999985,0.5393145161290323,2.8024193548387095,2.8024193548387095,0.0,0.4854125,0.4854125
241A,mean,6.25,47.5625,57.09375,167.59375,53.8125,224.6875,281.975,1292.05625,11.057500000000001,14341.015625,796.7228124999999,0.430678125,4.96875,31.71875,25.71875,0.09593750000000001,60.911874999999995,44.8590625
241A,variance,0.3225806451612903,26.383064516129032,28.668346774193548,293.08770161290323,28.608870967741936,483.383064516129,1314.9605741935488,21131.848224193553,1.780032258064516,7613318.006522177,23498.01573054436,0.0023486553125,0.2247983870967742,8.982862903225806,8.079637096774194,0.0016055443548387098,41.802951209677424,1.7125248991935489
244A,mean,7.53125,42.75,59.1875,202.96875,50.28125,262.15625,253.90781249999998,1482.1893750000002,17.743125,26616.900625,1478.7156249999998,0.49405625,7.6875,32.03125,28.28125,0.0009375,44.424062500000005,44.1096875
244A,variance,1.03125,16.129032258064516,34.479838709677416,1024.8699596774193,19.111895161290324,1259.555443548387,844.2059660282257,45729.48011572581,6.586660887096774,44313692.200412504,136770.8604705645,0.005081170282258064,1.3830645161290323,32.676411290322584,22.918346774193548,2.8125e-05,6.712450705645163,5.269570866935484
245B,mean,8.46875,58.21875,80.46875,248.96875,66.6875,329.4375,368.7359375,1999.7918750000001,18.210625,37829.96375,2101.6640625,0.666596875,8.84375,41.53125,33.8125,0.11656250000000001,57.6703125,40.689687500000005
245B,variance,0.8377016129032258,96.3054435483871,527.0957661290323,3054.1602822580644,102.54435483870968,5682.189516129032,5220.226605544355,234218.0827512097,19.585199596774196,337348557.14706945,1041198.1984184474,0.02602319644153226,14.716733870967742,68.32157258064517,50.350806451612904,0.00370070564516129,36.8570160282258,9.781835383064518
252C,mean,7.90625,38.15625,47.71875,130.09375,46.0625,177.8125,224.155,982.6700000000001,13.4721875,13245.241875,735.845,0.32755625,5.875,22.0,19.8125,0.0,49.02375,49.02375
252C,variance,0.08770161290322581,5.232862903225806,7.305443548387097,93.44254032258064,5.157258064516129,125.57661290322581,231.4534451612902,4965.394200000002,0.3918047379032259,1477002.8083060484,4558.559677419356,0.0005512780241935486,0.3709677419354839,4.516129032258065,4.544354838709677,0.0,1.2709338709677405,1.2709338709677405
252D,mean,8.235294117647058,74.05882352941177,113.47058823529412,443.29411764705884,82.29411764705883,556.7647058823529,486.915294117647,3541.214117647059,24.908823529411762,87931.59529411765,4885.088823529412,1.1804000000000003,15.764705882352942,63.1764705882353,58.11764705882353,0.01411764705882353,37.579411764705874,33.83882352941176
252D,variance,1.4411764705882353,214.80882352941174,99.63970588235293,3334.5955882352937,219.2205882352941,4051.4411764705883,13432.387488970584,259042.7924632354,16.17621102941176,317135314.8855015,978810.5366860294,0.028786528750000012,9.816176470588236,56.654411764705884,55.485294117647065,0.0005632352941176472,27.090368382352942,3.2937735294117663
257A,mean,6.55,41.9,49.05,133.75,48.45,182.8,243.658,1023.1615000000002,10.4435,10698.3225,594.353,0.34105500000000005,5.1,24.2,20.2,0.0,48.0625,48.0625
257A,variance,0.2605263157894738,4.515789473684211,1.2078947368421054,13.56578947368421,6.892105263157895,17.010526315789477,274.5462378947371,1034.730802894737,0.2205081578947369,639994.5877671055,1975.4140115789469,0.00011519839473684212,0.09473684210526317,1.3263157894736841,1.3263157894736841,0.0,0.2584723684210528,0.2584723684210528
257C,mean,8.0625,53.125,46.25,184.0,61.1875,230.25,328.9125,1367.3087500000001,13.950000000000001,19210.2134375,1067.2340625,0.45575937499999997,5.4375,29.8125,25.40625,0.0,45.217812499999994,45.217812499999994
257C,variance,0.8346774193548387,6.693548387096774,17.741935483870968,230.4516129032258,9.641129032258064,338.1290322580645,428.74229032258074,15233.74711451613,3.1379548387096783,13850071.769429738,42747.105199092744,0.0016926689415322578,0.6411290322580645,10.737903225806452,5.087701612903226,0.0,1.7394950604838695,1.7394950604838695
25A,mean,6.0,36.3125,43.75,123.625,42.3125,167.375,203.715625,904.333125,10.21875,9241.158125,513.395625,0.30145625,5.0,29.4375,26.4375,0.0,46.59,46.59
25A,variance,0.0,0.9959677419354839,3.5483870967741935,7.854838709677419,0.9959677419354839,20.758064516129032,43.34579314516129,775.6036479838715,0.05323709677419351,147708.1770350812,455.9072770161288,8.60425403225809e-05,0.0,0.5120967741935484,0.5120967741935484,0.0,0.09594838709677488,0.09594838709677488
261A,mean,7.25,49.625,70.3125,236.96875,56.875,307.28125,301.5,1790.1146875,17.7034375,31648.083125,1758.2259374999999,0.596715625,10.59375,44.25,41.09375,0.026562500000000003,45.471562500000005,39.966249999999995
261A,variance,1.2258064516129032,86.69354838709677,65.06048387096774,452.67641129032256,89.14516129032258,832.9828629032259,4649.5103548387115,49855.16179344758,14.740694254032261,55221559.436512515,170436.3243345766,0.00554004716733871,1.216733870967742,20.06451612903226,18.410282258064516,0.0016103830645161292,50.356658770161296,2.101062903225808
265A,mean,5.0,30.0,17.0,54.0,35.0,71.0,158.82,364.18,4.5,1638.81,91.04,0.1214,3.0,14.0,12.0,0.0,56.66,56.66
265A,variance,0.0,0.0,0.0,0.0,0.0,0.0,0.0,0.0,0.0,0.0,0.0,0.0,0.0,0.0,0.0,0.0,0.0,0.0
266B,mean,6.0,34.0,33.125,104.3125,40.0,137.4375,188.48,731.4334375000001,9.2075,6748.510000000001,374.9190625,0.243828125,5.0,19.59375,16.59375,0.0,51.1196875,51.1196875
266B,variance,0.0,0.0,4.112903225806452,25.705645161290324,0.0,50.38306451612903,0.0,1427.1106103830639,0.1990645161290318,452685.44980645156,1397.3878926411296,0.0001593775705645162,0.0,2.313508064516129,2.313508064516129,0.0,0.8053321572580673,0.8053321572580673
269B,mean,5.904761904761905,40.0,43.523809523809526,139.57142857142858,45.904761904761905,183.0952380952381,228.06238095238092,1011.4995238095237,10.368571428571427,10762.19619047619,597.8995238095237,0.3371571428571429,5.190476190476191,25.142857142857142,23.142857142857142,0.0,47.79761904761905,47.79761904761905
269B,variance,0.3904761904761905,0.7,39.261904761904766,363.9571428571429,1.6904761904761905,635.5904761904761,55.140569047618996,21247.068114761903,4.605502857142858,14266689.273284763,44032.892714761896,0.002359810571428571,1.161904761904762,8.228571428571428,8.228571428571428,0.0,2.3799190476190497,2.3799190476190497
26C,mean,8.53125,73.5,172.21875,570.03125,82.03125,742.25,483.68125,4700.2084374999995,32.8103125,156128.9015625,8673.8278125,1.566734375,25.65625,91.75,80.375,0.083125,43.969375,28.220625
26C,variance,2.7086693548387095,147.5483870967742,568.8215725806451,8660.095766129032,183.77318548387098,12306.58064516129,9874.52860483871,463971.62264586694,20.348177318548387,1600971421.920343,4941270.153714417,0.05155020232862902,15.716733870967742,284.0,230.56451612903226,0.0008092741935483871,12.902199596774192,6.552206048387098
26D,mean,6.8,42.6,61.15,232.6,49.4,293.75,249.635,1652.6385000000002,18.771499999999996,31292.2165,1738.4575,0.550865,10.15,28.5,24.7,0.024,49.626999999999995,44.415
26D,variance,0.6947368421052633,10.673684210526318,37.818421052631585,368.0421052631579,9.094736842105263,600.0921052631579,455.4397315789475,22314.664918684222,12.134013421052634,59263394.7223187,182913.2191881579,0.0024805434473684205,2.7657894736842104,7.631578947368421,8.010526315789473,0.001130526315789474,41.88242210526316,1.5482157894736845
270C,mean,7.6875,52.09375,43.5,150.5625,59.78125,194.0625,321.541875,1147.348125,11.315312500000001,12929.0075,718.2778125,0.38245,4.84375,27.9375,24.65625,0.045937500000000006,54.463125000000005,46.502812500000005
270C,variance,0.5443548387096774,138.60383064516128,45.87096774193548,612.641129032258,139.72479838709677,949.0927419354839,7310.146583467743,54539.39402862903,3.394561189516129,10109966.219870968,31203.499817641128,0.006060683225806451,1.0393145161290323,12.383064516129032,9.200604838709678,0.0033345766129032257,66.9201125,2.9569369959677414
272B,mean,10.0,41.78125,42.125,124.1875,51.78125,166.3125,258.2171875,946.9884375,14.8709375,14101.6840625,783.4246874999999,0.315640625,6.0,26.40625,23.78125,0.0,47.360625,47.360625
272B,variance,0.0,0.7570564516129032,1.6612903225806452,24.866935483870968,0.7570564516129032,38.41532258064516,35.21467893145164,1222.31550393145,0.5046861895161289,1328722.6522829635,4101.053283770158,0.00013581410282258077,0.0,3.087701612903226,1.0151209677419355,0.0,0.47201249999999817,0.47201249999999817
275A,mean,7.78125,37.40625,43.71875,159.21875,45.1875,202.9375,218.7475,1116.1446875000001,17.3125,20628.3140625,1146.01625,0.37205937499999997,8.40625,24.0,19.9375,0.09,63.678125,47.5175
275A,variance,2.2409274193548385,2.7651209677419355,105.69254032258064,809.4667338709677,1.3830645161290323,1492.4475806451612,60.526509677419256,46442.92227731854,40.924412903225814,106139226.06567651,327589.53475322574,0.00515903410282258,4.119959677419355,4.645161290322581,1.3508064516129032,0.0024903225806451614,4.759228629032268,2.885245161290322
279A,mean,8.344827586206897,38.689655172413794,94.13793103448276,202.82758620689654,47.03448275862069,296.9655172413793,229.78655172413792,1646.4337931034484,21.616206896551727,36311.670344827595,2017.3141379310343,0.5488172413793104,16.82758620689655,46.93103448275862,44.86206896551724,0.001724137931034483,39.33034482758621,38.89000000000001
279A,variance,1.4482758620689657,4.4359605911330044,476.69458128078804,1178.2906403940888,9.605911330049262,3062.2487684729062,343.842637684729,86961.0934100985,10.258838669950737,152141908.03468204,469571.95652512315,0.009660941477832512,22.93349753694582,44.56650246305419,45.266009852216754,8.620689655172416e-05,12.681967733990149,5.261842857142857
27E,mean,5.5,108.5,74.0,393.0,114.0,467.0,767.8599999999999,3194.315,11.085,33424.76,1856.9299999999998,1.06475,30.0,47.0,42.0,0.06,44.64,35.275
27E,variance,0.5,5940.5,50.0,27378.0,6050.0,29768.0,396922.68019999994,2713541.3760499996,5.746049999999996,112263424.50420001,346494.8257999999,0.3014761250000001,2.0,98.0,32.0,0.0072,95.77280000000005,11.956050000000003
283A,mean,7.0,47.84375,49.15625,154.46875,54.84375,203.625,286.6346875,1176.3762499999998,11.301875,13295.744062499998,738.6515625,0.39212187499999995,5.0,30.3125,28.0,0.0,45.5084375,45.5084375
283A,variance,0.0,0.13608870967741934,0.13608870967741934,1.2247983870967742,0.13608870967741934,2.1774193548387095,6.687412802419337,42.346669354839186,0.02879637096774182,76323.47916683494,235.62291683467757,4.737247983870994e-06,0.0,0.5443548387096774,0.0,0.0,0.057497479838709425,0.057497479838709425
284A,mean,9.0,42.0,51.71875,188.15625,51.0,239.875,255.01,1360.669375,20.16,27432.2065625,1524.0134375000002,0.4535625,12.90625,35.71875,31.71875,0.0,42.4521875,42.4521875
284A,variance,0.0,0.0,0.7893145161290323,2.0715725806451615,0.0,4.112903225806452,0.0,132.31038024193543,0.02370967741935485,186023.411752318,574.2831136088721,1.4847580645161317e-05,0.08770161290322581,0.4022177419354839,0.4022177419354839,0.0,0.03531441532258028,0.03531441532258028
285C,mean,5.1875,35.1875,28.8125,100.1875,40.375,129.0,193.09875,688.1800000000001,7.3706249999999995,5072.340625,281.79375,0.22936250000000002,3.0,17.0,13.375,0.0,52.90875,52.90875
285C,variance,0.15725806451612903,0.15725806451612903,0.15725806451612903,4.80241935483871,0.6290322580645161,6.193548387096774,17.337701612903224,115.11178064516194,0.13239314516129044,52391.41668991941,161.67954677419348,1.2683709677419331e-05,0.0,1.5483870967741935,0.6290322580645161,0.0,0.5487725806451624,0.5487725806451624
288A,mean,8.258064516129032,41.25806451612903,59.0,153.29032258064515,49.516129032258064,212.29032258064515,247.53516129032255,1198.097096774194,15.366129032258065,19066.319032258067,1059.2406451612903,0.39937096774193553,9.451612903225806,32.12903225806452,29.580645161290324,0.008387096774193548,46.34032258064517,44.52387096774195
288A,variance,1.064516129032258,58.664516129032265,89.2,1230.8795698924728,68.12473118279571,1907.14623655914,3233.110345806452,82085.90148129033,10.166957849462365,67722972.27170904,209021.48739956986,0.009120174795698925,2.789247311827957,33.98279569892473,32.851612903225806,0.0006073118279569889,19.778636559139784,6.11465784946237
28A,mean,9.03225806451613,61.54838709677419,108.29032258064517,431.93548387096774,70.58064516129032,540.2258064516129,394.78903225806454,3325.4261290322574,31.663548387096775,110516.75580645163,6139.819677419355,1.1084838709677418,16.870967741935484,61.29032258064516,52.16129032258065,0.0,34.32999999999999,34.32999999999999
28A,variance,0.6989247311827955,20.78924731182796,535.4129032258065,9965.462365591398,23.251612903225812,14927.713978494625,1213.4374223655916,640409.9721045161,55.54417698924731,3005985151.4257717,9277729.22609656,0.07115635339784947,28.916129032258066,147.4795698924731,126.47311827956992,0.0,9.827553333333332,9.827553333333332
28B,mean,8.416666666666666,57.375,81.25,344.5833333333333,65.79166666666667,425.8333333333333,361.1745833333334,2573.052916666667,25.2675,65310.55333333332,3628.3633333333332,0.857675,15.791666666666666,54.75,50.833333333333336,0.0,36.12625,36.12625
28B,variance,0.25362318840579706,6.940217391304348,43.32608695652174,729.8188405797099,7.824275362318841,986.7536231884059,391.5244693840579,44638.65569981885,4.578454347826089,95124726.98059708,293595.3478927536,0.004962301086956522,1.3025362318840579,25.76086956521739,16.666666666666664,0.0,1.3326331521739134,1.3326331521739134
292A,mean,7.0,59.0625,57.96875,177.9375,66.0625,235.90625,367.4734375,1425.904375,10.513124999999999,15091.904687499999,838.4403124999999,0.475296875,5.3125,34.25,27.21875,0.128125,63.22593749999999,43.761250000000004
292A,variance,1.032258064516129,15.608870967741936,19.257056451612904,323.9959677419355,19.350806451612904,494.66834677419354,935.3876555443544,20099.79883830645,2.4543899193548384,12444260.781483773,38408.68304183469,0.002232681602822582,0.9314516129032258,5.741935483870968,5.079637096774194,0.0006995967741935484,3.1145216733870957,0.9177919354838697
296A,mean,7.0,38.0,32.0,125.0,45.0,157.0,219.07,862.22,11.51,9926.89,551.49,0.2874,6.0,23.0,21.0,0.0,48.93,48.93
296A,variance,0.0,0.0,0.0,0.0,0.0,0.0,0.0,0.0,0.0,0.0,0.0,0.0,0.0,0.0,0.0,0.0,0.0,0.0
298A,mean,4.5,34.75,29.5,92.25,39.25,121.75,187.76,644.7700000000001,6.0875,4025.675,223.6475,0.21495,4.25,19.25,17.25,0.0,51.8025,51.8025
298A,variance,0.7741935483870968,0.1935483870967742,6.967741935483871,55.935483870967744,0.1935483870967742,102.38709677419355,0.17837419354837952,3104.068954838708,3.4631419354838706,2751613.5967741935,8492.454367741937,0.00034467870967741965,0.1935483870967742,4.838709677419355,4.838709677419355,0.0,1.7769483870967753,1.7769483870967753
29C,mean,7.909090909090909,50.45454545454545,56.09090909090909,233.63636363636363,58.36363636363637,289.72727272727275,309.3027272727273,1702.521818181818,18.14181818181818,31862.79181818182,1770.1554545454544,0.5674909090909092,8.0,39.90909090909091,37.63636363636363,0.00818181818181818,43.03818181818181,41.5390909090909
29C,variance,1.0909090909090906,14.672727272727272,90.0909090909091,2681.454545454545,16.854545454545452,3637.2181818181816,789.668821818182,143085.04259636364,12.503756363636366,202180755.55015633,624016.5180672726,0.01589543090909091,8.8,46.29090909090908,48.85454545454545,0.0007363636363636363,34.84895636363636,5.508749090909091
31B,mean,8.15625,55.34375,60.3125,255.375,63.5,315.6875,345.53375,1891.6028125,18.784375,36042.79,2002.376875,0.630528125,13.9375,47.4375,43.28125,0.00375,40.1934375,38.794375
31B,variance,0.7167338709677419,26.039314516129032,130.22177419354838,1184.3709677419354,30.774193548387096,2035.125,1536.0300241935483,84681.19927247983,6.090670564516129,109609192.03610967,338300.71630604827,0.00940964079637097,10.641129032258064,74.8991935483871,74.98286290322581,8.225806451612904e-05,16.191939415322583,6.10668991935484
31C,mean,8.40625,50.65625,56.53125,244.3125,59.0625,300.84375,312.8046875,1770.265,20.3509375,36145.30500000001,2008.0721875,0.590084375,9.21875,36.40625,33.25,0.0,41.9925,41.9925
31C,variance,0.4425403225806452,7.394153225806452,39.99899193548387,135.70564516129033,6.705645161290323,207.16834677419354,351.0992128024196,9054.386103225808,5.565002318548386,29208892.584845148,90150.04137247983,0.0010063949092741927,1.0796370967741935,7.732862903225806,6.516129032258065,0.0,0.683477419354836,0.683477419354836
35D,mean,5.75,35.59375,44.84375,144.40625,41.34375,189.25,198.094375,1017.8249999999999,11.6703125,12088.506875,671.5849999999999,0.339290625,7.34375,29.34375,26.34375,0.0,46.0234375,46.0234375
35D,variance,0.1935483870967742,6.184475806451613,14.45866935483871,350.5070564516129,8.555443548387096,507.2903225806452,322.5133608870966,19115.289987096767,2.511054737903226,8836829.266196368,27274.077987096767,0.002126360231854839,1.3941532258064515,8.555443548387096,8.555443548387096,0.0,2.6143394153225823,2.6143394153225823
3A,mean,8.53125,68.1875,89.03125,359.15625,76.71875,448.1875,443.5465625,2821.713125,21.989375000000003,64077.0559375,3559.836875,0.940565625,13.6875,46.75,36.5,0.00125,38.713125000000005,38.175
3A,variance,1.6118951612903225,159.2540322580645,206.1602822580645,10816.845766129032,150.59576612903226,13480.737903225807,8615.903165221778,649400.5564028226,23.716418951612905,766462114.0876634,2365625.479467339,0.07215194039314517,15.318548387096774,174.7741935483871,70.06451612903226,2.419354838709677e-05,19.26748024193548,18.569412903225803
3B,mean,8.125,64.59375,104.09375,377.53125,72.71875,481.625,413.345,2973.9184375,24.391875000000002,74592.47125,4144.026250000001,0.9913093749999999,12.21875,53.90625,49.5,0.0503125,48.624375,36.353750000000005
3B,variance,0.7580645161290323,27.668346774193548,134.86189516129033,2412.3215725806454,22.273185483870968,3609.2096774193546,1337.4138193548383,117701.63297489923,51.8352866935484,974911869.3480372,3008985.9366758065,0.013077633135080651,8.047379032258064,48.66834677419355,60.12903225806452,0.0005192540322580645,24.020264112903224,3.4487790322580643
3D,mean,8.40625,57.9375,112.0625,414.375,66.34375,526.4375,365.430625,3188.1571875,30.1290625,98410.595625,5467.2553125,1.062721875,15.625,68.28125,65.28125,0.0,33.4896875,33.4896875
3D,variance,2.184475806451613,10.060483870967742,274.96370967741933,3104.1129032258063,16.361895161290324,5063.866935483871,714.9497479838709,213170.6579821573,46.46446038306452,1239933082.7696187,3826952.4188644155,0.023686172731854842,7.596774193548387,111.04737903225806,111.04737903225806,0.0,4.647351512096775,4.647351512096775
40B,mean,7.90625,35.21875,107.75,181.125,43.125,288.875,205.0240625,1568.245625,20.7725,37093.550312499996,2060.7521875,0.5227468749999999,21.59375,26.40625,24.3125,0.00375,44.919375,44.3340625
40B,variance,0.28125,24.82157258064516,2439.0967741935483,3610.564516129032,23.080645161290324,11845.145161290322,1090.031786189516,360440.439193145,66.21272903225807,1943561897.149055,5998644.665036995,0.040050476764112906,127.6038306451613,111.53931451612904,111.51209677419355,0.00045,36.48203185483871,23.107263608870962
42C,mean,10.5,54.3,97.5,313.7,64.8,411.2,348.68600000000004,2474.732,30.282000000000004,75488.354,4193.798000000001,0.82491,16.9,50.6,46.7,0.011000000000000001,40.333000000000006,36.983000000000004
42C,variance,0.2777777777777778,10.677777777777777,32.94444444444444,1416.4555555555555,10.844444444444443,1826.3999999999999,559.440626666667,72601.19223999995,8.912151111111108,230028665.3165822,709963.3017511113,0.008065214333333329,5.655555555555556,101.82222222222224,74.67777777777778,0.0003211111111111111,20.751401111111118,6.264245555555558
43D,mean,9.285714285714286,59.04761904761905,183.95238095238096,531.4761904761905,68.33333333333333,715.4285714285714,378.95238095238096,4339.839047619047,43.20238095238095,194586.57428571428,10810.365714285714,1.4466047619047617,21.333333333333332,71.76190476190476,62.80952380952381,0.018571428571428572,34.85190476190477,31.471904761904767
43D,variance,0.31428571428571417,150.84761904761905,3706.347619047619,14605.361904761905,152.13333333333335,24783.457142857143,8450.508899047618,906122.4023290476,129.84999904761906,7351779822.016945,22690674.825025715,0.10067957447619047,50.03333333333334,270.8904761904763,295.9619047619048,0.001862857142857143,79.34677619047618,12.918966190476192
44B,mean,6.59375,37.09375,69.3125,184.0,43.6875,253.3125,211.40562500000001,1380.7428125000001,16.3525,22646.245,1258.1246875,0.460221875,10.40625,23.40625,20.0,0.060937500000000006,56.002812500000005,46.7684375
44B,variance,0.24899193548387097,3.507056451612903,110.3508064516129,40.32258064516129,5.512096774193548,166.6733870967742,207.79061895161288,7884.488988608882,1.229019354838711,7560600.44156129,23335.504206350794,0.0008764269254032264,2.313508064516129,2.313508064516129,0.0,0.004344254032258065,81.28180796370971,0.9622071572580627
47A,mean,6.375,32.0,22.5,66.75,38.375,89.25,177.0625,469.7575,6.68625,3178.14125,176.56624999999997,0.15657500000000002,2.75,14.375,11.75,0.0,55.68125,55.68125
47A,variance,0.24193548387096775,0.0,3.870967741935484,24.193548387096776,0.24193548387096775,47.41935483870968,4.146677419354868,1439.6563548387114,1.0366693548387098,567850.6260241934,1752.5109919354834,0.00016104193548387085,0.967741935483871,0.24193548387096775,0.967741935483871,0.0,0.4809919354838735,0.4809919354838735
47C,mean,8.290322580645162,88.19354838709677,130.7741935483871,587.4516129032259,96.48387096774194,718.2258064516129,599.1422580645161,4738.555483870968,28.83129032258064,148107.3835483871,8228.187096774194,1.5795129032258062,29.677419354838708,85.7741935483871,73.87096774193549,0.06999999999999999,41.650000000000006,28.585483870967742
47C,variance,0.9462365591397851,516.294623655914,2296.5139784946236,33651.6559139785,517.8580645161289,52336.913978494624,33722.77745806452,2548301.137972258,118.39409161290322,8261577125.96429,25498700.31204129,0.28314048116129026,127.75913978494624,454.1806451612903,415.1827956989248,0.0030733333333333337,87.33776666666668,24.023405591397843
48B,mean,6.90625,49.0,95.375,262.53125,55.90625,357.90625,294.685625,2081.27,18.276875,39159.2428125,2175.5134375,0.69375,14.0,42.46875,37.28125,0.06125,53.5628125,39.684687499999995
48B,variance,0.7328629032258065,16.774193548387096,388.69354838709677,3564.3860887096776,16.023185483870968,6263.571572580645,801.8032189516132,234927.87301290323,12.916144758064517,242651622.84573704,748924.1286168348,0.026102634193548392,13.935483870967742,93.67641129032258,76.59576612903226,0.0005209677419354839,10.83969828629032,10.920032157258069
586C,mean,8.7,60.63333333333333,80.53333333333333,357.2,69.33333333333333,437.73333333333335,386.89366666666666,2676.5840000000003,25.873,69701.37466666667,3872.298666666667,0.8922,12.866666666666667,56.733333333333334,51.333333333333336,0.024333333333333332,42.05633333333333,36.12066666666666
586C,variance,0.2862068965517242,59.89540229885058,166.32643678160917,1943.5448275862068,60.36781609195402,2867.719540229886,3392.414451609194,135290.16925241376,16.940311379310348,277072746.7401499,855164.7756809195,0.015034402758620688,5.70574712643678,58.960919540229874,58.91954022988505,0.0013357471264367816,35.93817574712644,3.3522547126436835
590B,mean,7.65625,86.46875,104.21875,364.90625,94.125,469.125,583.8784375,3100.0146875,16.275624999999998,53703.93062499999,2983.5521875000004,1.03334375,6.6875,54.15625,44.9375,0.10312500000000001,54.58562499999999,37.5584375
590B,variance,0.4264112903225806,737.2247983870968,1257.015120967742,16875.829637096773,753.3387096774194,27122.5,51208.96931683468,1607348.0886192538,18.23436088709677,1115903840.854677,3444149.816249899,0.1785923483467742,8.15725806451613,337.74899193548384,264.77016129032256,0.003622177419354838,39.7598125,20.62470393145161
595B,mean,7.84375,60.09375,72.8125,226.0,67.9375,298.8125,382.530625,1829.656875,14.9209375,27779.3534375,1543.296875,0.609890625,7.90625,34.75,29.25,0.049375,48.490625,42.695625
595B,variance,1.2973790322580645,401.31350806451616,268.8024193548387,4105.1612903225805,428.31854838709677,6450.2862903225805,24682.476141532254,412156.36980927415,4.071286189516129,164073297.98487487,506400.0380673387,0.045792160877016125,0.8618951612903226,26.193548387096776,10.709677419354838,0.01018024193548387,66.0696189516129,4.04587056451613
5A,mean,7.25,43.875,35.25,153.25,51.125,188.5,260.164375,1070.1696874999998,12.658437499999998,13601.885624999999,755.6625000000001,0.356690625,4.15625,26.875,22.40625,0.017499999999999998,49.966875,47.08
5A,variance,0.3225806451612903,4.048387096774194,8.451612903225806,34.45161290322581,6.629032258064516,74.7741935483871,272.0920705645164,4004.147880544362,0.8125878024193552,3612340.3328318554,11149.036006451615,0.00044547765120967766,0.2651209677419355,4.5,1.7328629032258065,0.00172258064516129,37.02057701612903,0.8393806451612904
5E,mean,8.0625,46.0,62.8125,243.9375,54.0625,306.75,279.265625,1767.90875,21.59,39629.9034375,2201.6609375,0.589303125,11.40625,35.5,30.53125,0.0103125,43.491249999999994,42.136874999999996
5E,variance,0.2540322580645161,63.096774193548384,168.54435483870967,3054.9637096774195,66.06048387096774,4548.580645161291,3322.745251209678,177515.96919838706,20.17583870967742,233280399.21428776,720000.698795867,0.019723246764112905,7.797379032258065,39.67741935483871,38.128024193548384,0.0016869959677419356,39.31397258064518,6.756415725806452
604D,mean,8.125,34.65625,30.84375,86.78125,42.78125,117.625,201.87187500000002,637.6228125,10.149687499999999,6500.693125,361.1484375,0.21254062499999998,3.0,17.4375,14.4375,0.0,52.911562499999995,52.911562499999995
604D,variance,0.1774193548387097,1.716733870967742,4.329637096774194,63.20866935483871,1.595766129032258,97.79032258064517,68.8262931451613,3304.594962802419,0.5432611895161291,978793.4462995969,3020.9375942540323,0.0003673102318548387,0.0,1.4798387096774193,1.4798387096774193,0.0,0.8339297379032267,0.8339297379032267
610D,mean,5.34375,50.5625,50.90625,208.1875,55.90625,259.09375,299.43593749999997,1508.49125,10.960625,17278.5953125,959.925,0.5028218750000001,5.6875,31.3125,27.28125,0.0,44.6034375,44.6034375
610D,variance,0.6844758064516129,18.18951612903226,20.34576612903226,2326.5443548387098,22.28125,2742.28125,1032.1928184475805,112035.55566935484,7.876722177419355,61698028.205412805,190424.42272258064,0.012453859183467742,0.6733870967741935,39.060483870967744,16.46673387096774,0.0,6.709003931451609,6.709003931451609
614A,mean,7.0,41.0,36.4375,124.0625,48.0,160.5,239.31,896.3875,10.5925,9499.934375,527.7706249999999,0.29881874999999997,6.4375,25.4375,22.4375,0.0,47.80125,47.80125
614A,variance,0.0,0.0,0.2540322580645161,12.44758064516129,0.0,16.258064516129032,0.0,507.1252064516118,0.0914516129032257,260253.02766411295,803.2024705645151,5.6397701612902985e-05,0.2540322580645161,0.2540322580645161,0.2540322580645161,0.0,0.11065645161290445,0.11065645161290445
614B,mean,8.5,54.15625,57.4375,236.71875,62.65625,294.15625,339.426875,1770.3671875,18.66,36708.154062500005,2039.3425000000002,0.5901218749999999,11.625,42.28125,39.875,0.009375000000000001,44.11875,40.5634375
614B,variance,2.774193548387097,85.36189516129032,313.28629032258067,5332.273185483871,114.87802419354838,8181.103830645161,5457.6644479838715,384998.4192660282,40.41290967741935,659930209.9154959,2036822.96703871,0.04277749660282258,8.306451612903226,75.3054435483871,70.37096774193549,0.00014153225806451609,13.876191935483876,10.161145866935485
615A,mean,4.0,35.6875,28.875,98.90625,39.6875,127.78125,192.0678125,678.6793749999999,5.540937499999999,3761.8890625000004,208.9971875,0.226203125,4.0,22.34375,19.34375,0.0,50.205937500000005,50.205937500000005
615A,variance,0.0,0.9314516129032258,1.596774193548387,7.248991935483871,0.9314516129032258,15.595766129032258,40.7586692540322,648.5454641129043,0.0003184475806451666,20494.09437006045,63.24373699596786,7.2158377016129e-05,0.0,0.23286290322580644,0.23286290322580644,0.0,0.09907651209677484,0.09907651209677484
621B,mean,9.0,38.03125,44.4375,121.09375,47.03125,165.53125,228.16718749999998,919.6656250000001,14.32625,13186.875937499999,732.6028125,0.3065625,4.0,23.84375,21.53125,0.0,48.685312499999995,48.685312499999995
621B,variance,0.0,0.4183467741935484,1.6088709677419355,19.055443548387096,0.4183467741935484,30.837701612903224,18.78105312499999,1107.4607608870972,0.1738177419354838,689673.7203087705,2128.5534402217727,0.0001231656451612904,0.0,2.910282258064516,1.2893145161290323,0.0,0.5459160282258059,0.5459160282258059
622C,mean,8.71875,94.875,94.8125,344.375,103.59375,439.1875,657.389375,2983.74625,15.419062499999999,49316.98125,2739.8325,0.99458125,9.0,49.125,37.125,0.16593750000000002,56.3984375,38.3875
622C,variance,0.7247983870967742,907.3387096774194,898.5443548387096,19922.822580645163,931.7328629032259,29183.834677419356,58357.57690927419,1748023.3648435483,8.856641028225805,945656617.5708436,2918691.23623871,0.19421616737903225,6.645161290322581,225.33870967741936,89.2741935483871,0.01277328629032258,35.09369747983871,24.57341290322581
625D,mean,7.0,51.3125,39.25,210.375,58.3125,249.625,311.39625,1464.5265625,14.315,21109.2409375,1172.7340625,0.488178125,9.96875,34.875,31.28125,0.0,42.94125,42.94125
625D,variance,1.6129032258064515,4.673387096774194,42.12903225806452,338.88709677419354,7.44758064516129,590.3709677419355,301.3279274193551,22856.425416834678,6.898329032258064,27017363.647763614,83387.01179264113,0.0025394095060483866,1.2570564516129032,21.596774193548388,14.982862903225806,0.0,2.5468564516129004,2.5468564516129004
626A,mean,7.28125,42.5,61.75,195.6875,49.78125,257.4375,250.899375,1450.541875,16.46125,26590.546875,1477.2525,0.483509375,11.0,27.71875,24.875,0.0,45.220312500000006,45.220312500000006
626A,variance,1.1764112903225807,1.8709677419354838,329.80645161290323,4889.189516129032,2.1764112903225805,7676.383064516129,85.56243830645163,242400.57449314516,41.79114032258065,384736746.9159254,1187455.3253935485,0.026929188618951612,7.032258064516129,22.724798387096776,15.85483870967742,0.0,8.081338608870968,8.081338608870968
629B,mean,8.0,51.09375,58.34375,178.6875,59.09375,237.03125,313.96968749999996,1394.86625,13.993437499999999,19518.2328125,1084.3475,0.46497187500000003,10.34375,28.34375,26.34375,0.0,44.9065625,44.9065625
629B,variance,0.0,0.8618951612903226,0.23286290322580644,0.9314516129032258,0.8618951612903226,0.9344758064516129,43.75937086693548,47.65026290322597,0.06661683467741941,114008.9195757054,351.80896129032215,5.234989919354889e-06,0.23286290322580644,0.23286290322580644,0.23286290322580644,0.0,0.028513608870967582,0.028513608870967582
630J,mean,4.0,23.0,10.0,35.0,27.0,45.0,112.04,213.97,3.04,651.21,36.18,0.0713,1.0,9.0,7.0,0.0,62.73,62.73
630J,variance,0.0,0.0,0.0,0.0,0.0,0.0,0.0,0.0,0.0,0.0,0.0,0.0,0.0,0.0,0.0,0.0,0.0,0.0
631D,mean,8.4375,73.03125,94.25,406.40625,81.46875,500.65625,478.73031249999997,3179.3265625000004,23.473437500000003,75168.08125,4176.005,1.059778125,13.34375,67.96875,56.625,0.0340625,42.125625,33.837500000000006
631D,variance,0.6411290322580645,67.7086693548387,162.51612903225808,2608.1844758064517,71.67641129032258,3992.6844758064517,4179.766551512097,197624.79449425408,8.197016834677417,277061390.5966242,855128.0932774195,0.021957209506048386,7.716733870967742,89.06350806451613,74.75806451612904,0.0010119959677419358,48.23458669354839,4.292212903225806
633D,mean,7.125,51.375,55.625,209.125,58.5,264.75,312.33875,1555.6625,14.559999999999999,23074.78125,1281.9325,0.5185375000000001,7.875,36.875,34.875,0.0,42.49875,42.49875
633D,variance,1.2678571428571428,6.553571428571429,57.982142857142854,430.125,11.428571428571429,800.2142857142857,466.16829821428604,35418.95373571427,9.005428571428569,53985877.704183936,166624.42545,0.003937585535714287,3.8392857142857144,21.267857142857142,21.267857142857142,0.0,3.1218410714285705,3.1218410714285705
645B,mean,7.0,29.0,22.0,56.8125,36.0,78.8125,160.53,407.45062499999995,6.8575,2794.38875,155.2409375,0.13582187499999998,1.0,10.0,8.0,0.0,59.777499999999996,59.777499999999996
645B,variance,0.0,0.0,0.0,0.9959677419354839,0.0,0.9959677419354839,0.0,26.62112217741923,0.014341935483870992,7172.182424193532,22.141582963709713,3.0501512096774247e-06,0.0,0.0,0.0,0.0,0.0015935483870969894,0.0015935483870969894
653A,mean,6.0625,42.5625,35.8125,142.5,48.625,178.3125,246.1525,999.2546874999998,10.123125,10162.146562499998,564.563125,0.3330875,6.5,27.03125,23.03125,0.0,46.9165625,46.9165625
653A,variance,0.4475806451612903,0.6411290322580645,6.092741935483871,100.12903225806451,1.9193548387096775,152.86693548387098,59.74407096774185,5174.690490221774,1.1017899193548386,2370736.835023286,7317.092015725806,0.0005750488709677429,0.25806451612903225,2.934475806451613,2.934475806451613,0.0,0.7602748991935484,0.7602748991935484
662D,mean,7.2105263157894735,50.73684210526316,42.36842105263158,179.94736842105263,57.94736842105263,222.31578947368422,308.3015789473684,1303.7447368421053,12.681052631578945,17436.878947368423,968.7152631578947,0.434578947368421,7.473684210526316,33.73684210526316,30.473684210526315,0.0,44.108947368421056,44.108947368421056
662D,variance,1.7309941520467838,12.538011695906434,106.46783625730994,2468.3859649122805,19.608187134502927,3578.33918128655,831.3304251461992,131480.379448538,10.473009941520468,106861709.14287664,329820.2165818714,0.014607900643274857,3.374269005847953,65.53801169590643,67.26315789473685,0.0,6.791698830409354,6.791698830409354
663B,mean,7.125,51.40625,40.40625,171.46875,58.53125,211.875,312.9675,1244.975,11.9296875,15140.7734375,841.1546874999999,0.41499375000000005,7.03125,32.5,28.15625,0.0040625,45.3621875,44.453125
663B,variance,1.8548387096774193,31.152217741935484,17.28125,297.03125,43.99899193548387,422.5,1978.0074322580647,22852.757367741942,6.105641834677419,19389998.65063619,59844.94557409274,0.0025387954435483876,1.063508064516129,6.645161290322581,10.974798387096774,0.0002571572580645162,10.977553125000005,1.2634544354838735
664B,mean,10.0625,79.90625,141.8125,556.40625,89.96875,698.21875,540.890625,4538.571875000001,35.6465625,170145.8259375,9452.5459375,1.51285625,24.125,92.75,85.0,0.033437499999999995,37.2675,28.61
664B,variance,0.9637096774193549,260.79737903225805,1558.8024193548388,23317.53931451613,264.4828629032258,36239.53125,15884.336515725805,1763728.4849770162,96.5642297379032,9566798305.580664,29527157.097663607,0.1959699799596774,44.5,489.61290322580646,438.3225806451613,0.0009329637096774193,32.50444516129032,14.890651612903223
671A,mean,8.64516129032258,78.80645161290323,84.12903225806451,386.7096774193548,87.45161290322581,470.83870967741933,530.2525806451614,3073.802258064515,21.15677419354839,65595.58451612905,3644.1987096774196,1.0246032258064515,7.032258064516129,42.225806451612904,36.16129032258065,0.06258064516129033,49.94741935483871,39.81838709677418
671A,variance,0.5698924731182795,891.6279569892473,536.3827956989247,24144.079569892474,883.8559139784945,31141.80645161291,58441.81901978494,1977712.3516180643,8.712982580645162,1225217407.694059,3781532.315491612,0.21975434098924734,7.032258064516127,181.047311827957,120.00645161290322,0.0037797849462365596,50.09015311827957,17.465580645161292
671B,mean,7.90625,68.125,78.90625,284.1875,76.03125,363.09375,442.16375,2271.785625,16.855000000000004,38852.289375,2158.46,0.7572625,7.5,44.09375,39.84375,0.050625,48.85124999999999,39.9615625
671B,variance,1.0554435483870968,385.2741935483871,223.0554435483871,4373.189516129032,398.3538306451613,6357.958669354839,23607.118256451606,360220.62470927427,13.5952,239818720.33639318,740181.9163032257,0.040021769516129034,6.0,107.44254032258064,95.74899193548387,0.004670564516129032,68.50260483870969,9.692903931451614
675C,mean,6.71875,34.59375,42.125,125.75,41.3125,167.875,195.5925,901.8681250000001,12.2228125,11187.0496875,621.5034375,0.30062187500000004,5.34375,24.25,22.1875,0.0021875,48.9821875,48.5071875
675C,variance,0.2086693548387097,13.92641129032258,43.91935483870968,364.3225806451613,14.028225806451612,656.1774193548387,655.1939161290325,22012.75305443549,3.2124660282258057,9310080.794796674,28734.789229737904,0.002446133377016129,0.6844758064516129,10.516129032258064,9.899193548387096,0.00015312500000000008,7.398940221774195,3.265214415322581
675E,mean,5.5,35.90625,35.09375,119.28125,41.40625,154.375,199.1065625,829.99,9.309375,8190.6449999999995,455.035625,0.276665625,4.5,23.375,20.375,0.0,49.166250000000005,49.166250000000005
675E,variance,0.5806451612903226,0.6038306451612904,28.539314516129032,580.273185483871,1.6038306451612903,851.7903225806451,46.94310070564523,26368.553709677413,9.3402125,21197790.58171613,65425.255857661294,0.0029306520060483872,1.032258064516129,2.370967741935484,2.370967741935484,0.0,1.4954951612903218,1.4954951612903218
676A,mean,6.368421052631579,38.0,67.78947368421052,249.0,44.36842105263158,316.7894736842105,216.6636842105263,1733.128947368421,20.684736842105263,35722.075789473696,1984.561578947368,0.5777315789473684,14.31578947368421,37.26315789473684,33.31578947368421,0.009473684210526315,43.42842105263158,41.14631578947368
676A,variance,0.8011695906432748,8.0,15.508771929824563,762.4444444444445,7.690058479532165,698.1754385964912,344.2806245614033,23740.730532163736,4.113404093567252,14061804.454903508,43400.74052514621,0.002636504502923976,4.56140350877193,4.871345029239766,6.116959064327485,0.0005052631578947368,34.94166959064327,0.6369912280701779
679B,mean,9.28125,56.21875,65.75,271.71875,65.5,337.46875,358.193125,2035.15625,22.651562499999997,46577.00125,2587.610625,0.6783718750000001,9.96875,40.8125,33.625,0.0,40.565625,40.565625
679B,variance,0.6602822580645161,132.3054435483871,171.29032258064515,2472.7893145161293,135.67741935483872,3293.998991935484,7442.843854435482,150220.50724354843,12.958794254032261,193620815.55121127,597593.5021415321,0.01669138208669355,4.35383064516129,60.86693548387097,59.403225806451616,0.0,5.634367338709678,5.634367338709678
687A,mean,8.909090909090908,85.4090909090909,148.45454545454547,558.4090909090909,94.31818181818181,706.8636363636364,579.1431818181819,4651.13409090909,29.387272727272727,140972.01863636365,7831.777727272726,1.5503863636363635,22.454545454545453,76.0,65.72727272727273,0.07136363636363638,45.28818181818182,30.67500000000001
687A,variance,0.7532467532467532,383.30086580086584,2283.1168831168825,18396.06277056277,400.0367965367965,32543.456709956707,24948.22587034632,1805354.6134348484,33.042868398268396,3773064528.4254026,11645257.397142207,0.2006031183766234,54.35497835497836,382.57142857142856,285.4458874458875,0.001221861471861472,19.501977489177495,16.134930952380948
688A,mean,4.0,40.625,38.0,138.0,44.625,176.0,225.11749999999998,964.42875,6.793749999999999,6552.87375,364.04875,0.3214875,6.0,30.0,27.0,0.0,46.0775,46.0775
688A,variance,0.0,0.24193548387096775,0.0,0.0,0.24193548387096775,0.0,11.121387096774198,7.888088709677521,0.006991935483870963,3677.5219596774173,11.352217741935371,8.733870967742053e-07,0.0,0.0,0.0,0.0,9.677419354841734e-05,9.677419354841734e-05
688B,mean,5.53125,32.75,19.84375,77.59375,38.28125,97.4375,179.15374999999997,514.338125,6.5390625,3358.61375,186.5884375,0.17141875,2.0,17.53125,14.0625,0.005625,54.428125,53.735937500000006
688B,variance,0.6441532258064516,28.451612903225808,7.813508064516129,241.08770161290323,24.789314516129032,328.06048387096774,1145.3922112903226,13744.71961572581,1.1809636088709679,1480062.3979209675,4568.090355544356,0.0015280918951612907,0.0,4.063508064516129,2.060483870967742,0.0010125000000000002,12.516951209677424,2.652386189516135
68B,mean,7.90625,50.625,59.0,195.0625,58.53125,254.0625,310.3924999999999,1493.2284375,15.2146875,22929.2134375,1273.8471875,0.49774375000000004,7.84375,37.0,32.59375,0.0,42.6409375,42.6409375
68B,variance,0.08770161290322581,12.435483870967742,36.0,509.60887096774195,13.611895161290322,808.3185483870968,656.5755548387096,33926.12921360887,1.9910321572580643,17044044.318681348,52605.296330544355,0.003770163830645162,1.1038306451612903,23.35483870967742,21.668346774193548,0.0,4.300273286290323,4.300273286290323
698B,mean,7.933333333333334,77.86666666666666,119.26666666666667,410.8666666666667,85.8,530.1333333333333,516.0273333333332,3422.605333333334,20.998,73481.93066666667,4082.3293333333345,1.1408533333333333,18.8,74.93333333333334,61.53333333333333,0.10200000000000002,49.44933333333334,32.239333333333335
698B,variance,0.35238095238095235,355.40952380952376,1072.7809523809524,14502.552380952382,355.6000000000001,23280.123809523804,21345.782606666664,1286314.8450266665,13.299774285714287,1241129385.0928636,3830647.1205923795,0.14292520552380952,54.74285714285713,389.78095238095233,216.69523809523812,0.0018028571428571432,13.480020952380963,16.92109238095238
699A,mean,8.0,40.34375,46.46875,133.15625,48.34375,179.625,239.22375,1004.975625,13.211875000000003,13277.412812499999,737.6343749999999,0.33495937499999995,7.0,25.8125,22.875,0.0,47.2475,47.2475
699A,variance,0.0,1.0070564516129032,0.25705645161290325,2.4586693548387095,1.0070564516129032,3.9838709677419355,45.68114032258063,120.76179314516206,0.15320927419354813,194483.19249183487,600.3283479838722,1.3494102822580623e-05,0.0,0.9959677419354839,0.24193548387096775,0.0,0.15464516129032305,0.15464516129032305
703A,mean,6.0,33.0,31.0,95.0,39.0,126.0,181.97,665.96,8.64,5751.48,319.53,0.222,6.0,17.0,15.0,0.0,52.58,52.58
703A,variance,0.0,0.0,0.0,0.0,0.0,0.0,0.0,0.0,0.0,0.0,0.0,0.0,0.0,0.0,0.0,0.0,0.0,0.0
710A,mean,5.1875,30.75,31.875,84.875,35.9375,116.75,164.38124999999997,604.585,7.172499999999999,4456.785,247.59875,0.2015,5.75,15.75,13.75,0.0,53.723125,53.723125
710A,variance,0.15725806451612903,2.5161290322580645,106.30645161290323,106.30645161290323,3.931451612903226,425.2258064516129,138.34237258064513,13905.225058064518,1.129490322580645,2847750.0570580647,8789.84774032258,0.0015475200000000004,2.5161290322580645,2.5161290322580645,2.5161290322580645,0.0,2.630628629032263,2.630628629032263
710B,mean,5.125,33.59375,21.875,78.75,38.71875,100.625,182.4459375,530.9424999999999,6.0184375,3225.72125,179.20625,0.176984375,2.0625,14.4375,11.375,0.0,55.413125,55.413125
710B,variance,0.24193548387096775,0.6360887096774194,5.080645161290323,22.193548387096776,1.498991935483871,46.435483870967744,47.508347479838804,1600.346529032258,0.650284576612903,559217.4139274195,1725.9392370967737,0.00017819813508064525,0.06048387096774194,2.5120967741935485,0.6290322580645161,0.0,1.5719254032258068,1.5719254032258068
712C,mean,6.53125,27.21875,23.875,62.5625,33.75,86.4375,147.45218749999998,438.8490625,7.508749999999999,3315.7259375000003,184.208125,0.146275,3.40625,15.25,13.25,0.0,55.2665625,55.2665625
712C,variance,0.25705645161290325,0.17641129032258066,7.790322580645161,24.447580645161292,0.5806451612903226,56.38306451612903,15.048907963709697,1498.7916797379032,0.6743532258064512,323192.4412378024,997.4505834677419,0.00016656709677419348,0.24899193548387097,1.4193548387096775,1.4193548387096775,0.0,0.7377910282258084,0.7377910282258084
714C,mean,9.59375,60.125,82.90625,345.78125,69.71875,428.6875,387.52125,2633.57125,27.6603125,77441.38375000001,4302.2993750000005,0.877853125,14.90625,60.125,53.78125,0.0,35.5046875,35.5046875
714C,variance,1.345766129032258,69.66129032258064,570.023185483871,7697.789314516129,84.78931451612904,11946.479838709678,4321.047791935484,547035.6379274194,50.09170635080645,2048485879.9213276,6322485.107515725,0.06078064128024193,28.34576612903226,131.53225806451613,97.2086693548387,0.0,9.344993447580645,9.344993447580645
715B,mean,8.75,133.82142857142858,224.82142857142858,1148.0714285714287,142.57142857142858,1372.892857142857,988.5592857142856,10011.876785714283,37.084999999999994,413896.5885714285,22994.254642857144,3.3372892857142853,32.357142857142854,137.71428571428572,109.60714285714286,0.10428571428571429,35.0575,22.38785714285714
715B,variance,1.1574074074074074,3011.707671957672,11480.596560846561,407986.06878306874,3041.1428571428573,552759.7288359789,219846.14205873013,37339100.95987447,133.81888518518517,154268507950.69687,476137350.6985073,4.148779799510582,225.6455026455026,3966.5820105820103,2473.136243386243,0.016551322751322747,56.10166388888889,60.79052116402116
716A,mean,5.0,32.875,31.0,98.25,37.875,129.25,177.30875,677.8125,7.470000000000001,5064.3575,281.35375,0.2259375,4.0,21.5,18.5,0.0,50.614999999999995,50.614999999999995
716A,variance,0.0,2.1774193548387095,0.0,24.193548387096776,2.1774193548387095,24.193548387096776,90.96099193548402,1087.9944193548408,0.0015483870967741963,74312.85687096756,229.36066935483814,0.0001203120967741937,0.0,3.870967741935484,3.870967741935484,0.0,1.0873548387096745,1.0873548387096745
717B,mean,6.3125,59.625,48.9375,188.25,65.9375,237.1875,378.406875,1457.408125,10.17125,15915.315625,884.183125,0.48580625,5.375,32.875,26.0625,0.09562499999999999,56.025,44.683125
717B,variance,3.029166666666667,954.65,414.0625,7286.066666666667,1032.0625,11093.3625,57963.55519625,694745.3624695833,6.169105,159033047.80858624,490841.8978495833,0.07719648595833334,2.1166666666666667,80.11666666666666,25.795833333333334,0.014812916666666665,72.43318666666667,14.752276249999994
722B,mean,7.84375,61.53125,99.0,314.28125,69.375,413.28125,389.68375000000003,2527.2325,20.154375,50924.791874999995,2829.1559375,0.8424093749999999,24.4375,59.53125,52.84375,0.01375,37.81125,34.2121875
722B,variance,0.2006048387096774,59.86995967741935,77.74193548387096,556.789314516129,63.46774193548387,918.9183467741935,3432.0229661290323,55688.843916129044,2.7030899193548383,39588809.8657383,122186.70770231858,0.006189322812500004,6.44758064516129,20.38608870967742,20.974798387096776,0.0005016129032258065,27.482546774193548,1.2988176411290295
723A,mean,5.875,26.90625,27.25,73.0625,32.78125,100.3125,142.91468749999999,505.73187500000006,7.9240625,4118.3646874999995,228.7965625,0.16856875,2.40625,12.84375,10.84375,0.0,56.8496875,56.8496875
723A,variance,0.11290322580645161,3.7006048387096775,48.193548387096776,203.86693548387098,3.7893145161290325,411.4475806451613,147.4683289314516,11583.329047983872,1.4429990927419363,2086388.467574093,6439.7039910282265,0.0012864093145161291,2.055443548387097,8.071572580645162,8.071572580645162,0.0,8.497293447580642,8.497293447580642
725A,mean,8.53125,45.625,46.21875,153.28125,54.15625,199.5,277.948125,1148.5115625,14.38375,16685.3259375,926.9609375,0.382853125,8.90625,26.65625,24.65625,0.0,46.371562499999996,46.371562499999996
725A,variance,0.7086693548387096,1.8548387096774193,71.8538306451613,112.66028225806451,1.5554435483870968,322.38709677419354,72.56043508064526,9862.269026512085,4.400675806451612,13984673.585592644,43162.106808770164,0.0010968122479838708,2.8618951612903225,13.265120967741936,13.265120967741936,0.0,2.832400705645166,2.832400705645166
729E,mean,7.6875,45.0,53.71875,177.34375,52.6875,231.0625,270.77656249999995,1325.0846875,15.0353125,20180.7309375,1121.1515625,0.441696875,9.3125,30.03125,27.59375,0.0053125,45.941874999999996,44.93000000000001
729E,variance,1.3185483870967742,62.645161290322584,56.337701612903224,1327.3941532258063,70.02822580645162,1867.608870967742,3388.0150426411287,89724.56856764114,4.175038608870969,41054955.56526039,126712.60409747985,0.00996880289314516,1.5766129032258065,44.41834677419355,34.95866935483871,0.00045151209677419364,11.382170564516127,7.3396451612903215
730I,mean,7.333333333333333,53.0,103.5,375.3333333333333,60.333333333333336,478.8333333333333,324.97,2830.4166666666665,26.488333333333333,76056.05833333333,4225.338333333333,0.9434666666666667,13.5,41.833333333333336,39.0,0.021666666666666667,43.26333333333334,38.68166666666667
730I,variance,0.6666666666666666,23.2,84.7,1908.2666666666664,23.06666666666667,1416.1666666666665,1199.33452,50621.979226666655,45.401736666666665,589999380.9942565,1820987.506376667,0.005627634666666671,4.3,12.966666666666669,16.0,0.0016166666666666669,62.73954666666666,1.4955766666666643
733A,mean,6.866666666666666,53.0,44.6,195.8,59.86666666666667,240.4,323.0206666666666,1420.4799999999998,12.7,18148.81866666667,1008.27,0.47349333333333343,5.6,27.466666666666665,23.466666666666665,0.0,45.848666666666674,45.848666666666674
733A,variance,0.12380952380952381,26.285714285714285,10.257142857142856,423.7428571428572,29.26666666666667,469.2571428571428,1419.744406666667,24146.77508571428,1.1841142857142863,8744551.251440952,26989.687028571432,0.002682233523809525,1.114285714285714,6.552380952380951,6.552380952380951,0.0,1.3348695238095216,1.3348695238095216
740B,mean,6.0,32.0,41.69565217391305,129.82608695652175,38.0,171.52173913043478,175.51000000000005,900.1321739130435,12.172608695652173,10958.401739130435,608.8034782608695,0.30002173913043473,5.0,21.652173913043477,19.652173913043477,0.0,49.579130434782606,49.579130434782606
740B,variance,0.0,0.0,2.4031620553359687,6.332015810276678,0.0,7.533596837944662,3.378045825411867e-27,207.51280869565232,0.05729288537549418,135574.14639683784,418.51026916995994,2.3150869565217273e-05,0.0,6.782608695652173,6.782608695652173,0.0,1.4514083003952623,1.4514083003952623
740D,mean,8.3125,54.1875,56.53125,255.0,62.5,311.53125,337.6959375,1859.6375,19.550312499999997,36922.7328125,2051.2628125,0.6198812499999999,8.65625,40.5625,32.9375,0.0,40.972812499999996,40.972812499999996
740D,variance,0.2217741935483871,13.318548387096774,71.3538306451613,1167.032258064516,15.483870967741936,1736.4506048387098,765.7315474798386,71587.22594838713,5.830835383064516,99657842.70624666,307585.9057563508,0.007955686088709677,2.4264112903225805,31.028225806451612,26.963709677419356,0.0,3.343098286290322,3.343098286290322
742B,mean,6.0,34.0,36.0,97.375,40.0,133.375,188.48,709.815,8.59375,6098.932500000001,338.82875,0.236575,5.0,16.0,14.0,0.0,53.100625,53.100625
742B,variance,0.0,0.0,0.0,0.6290322580645161,0.0,0.6290322580645161,0.0,17.803122580645116,0.0050951612903225646,7465.306780645169,23.02415322580654,2.0380645161290235e-06,0.0,0.0,0.0,0.0,0.0003931451612902779,0.0003931451612902779
742C,mean,7.625,42.875,75.46875,235.71875,50.5,311.1875,254.9984375,1761.4809375,20.8921875,37499.89375,2083.3278125,0.5871500000000001,12.125,46.21875,43.46875,0.0,39.521874999999994,39.521874999999994
742C,variance,1.3387096774193548,3.7903225806451615,108.2570564516129,1285.047379032258,5.935483870967742,2079.3830645161293,230.0234329637097,70612.66306038306,15.43133377016129,117594051.60688871,362944.76055312494,0.007848395483870969,4.370967741935484,70.69254032258064,62.32157258064516,0.0,6.269222177419358,6.269222177419358
743C,mean,5.647058823529412,21.823529411764707,24.764705882352942,48.529411764705884,27.470588235294116,73.29411764705883,111.25882352941177,350.7388235294118,6.344705882352941,2281.7605882352937,126.76529411764707,0.11692352941176469,1.8235294117647058,11.294117647058824,9.294117647058824,0.0,59.101176470588236,59.101176470588236
743C,variance,0.6176470588235293,0.15441176470588236,7.566176470588235,30.26470588235294,1.3897058823529411,68.09558823529412,27.643473529411803,1872.1209860294123,1.8166389705882358,424446.7812683825,1310.0683389705885,0.00020797566176470583,0.15441176470588236,2.4705882352941173,2.4705882352941173,0.0,3.93788602941176,3.93788602941176
745B,mean,11.09375,67.125,151.34375,488.78125,78.21875,640.125,446.8878125,4033.2978124999995,40.1975,164592.80625000002,9144.0446875,1.34443125,33.40625,74.0,67.5625,0.0046875,30.784374999999997,29.815937499999997
745B,variance,0.9264112903225806,101.59677419354838,1305.265120967742,10466.047379032258,97.78931451612904,18817.854838709678,5949.073888608872,878584.5043144153,32.46510967741935,2821612318.5609465,8708678.953664415,0.0976206183467742,41.86189516129032,326.3225806451613,321.0282258064516,0.0003547379032258064,23.223515725806454,13.408734576612904
747C,mean,6.28125,51.4375,60.875,210.625,57.71875,271.5,309.9559375,1591.681875,12.932500000000001,21113.911874999998,1172.9940625,0.530559375,7.0,35.0625,30.3125,0.0096875,46.192187499999996,43.138437499999995
747C,variance,0.27318548387096775,64.31854838709677,42.62903225806452,1884.6935483870968,66.53125,2478.3870967741937,3348.073192641129,109029.9516544355,6.878335483870967,67528115.33707379,208421.62256038302,0.012113148296370963,0.7096774193548387,38.125,12.80241935483871,0.00029344758064516125,22.867359576612913,5.264871673387096
74B,mean,9.375,110.34375,141.09375,426.53125,119.71875,567.625,783.7903125,3925.6156250000004,18.3475,70971.405625,3942.8559375,1.3085375,16.96875,86.46875,64.8125,0.2215625,53.848125,30.5553125
74B,variance,3.2096774193548385,682.4264112903226,479.5070564516129,10099.482862903225,662.7247983870968,14319.532258064517,44608.195170866944,949718.8814705646,19.204587096774194,412286065.7372512,1272486.6113474802,0.105523805,11.06350806451613,279.3538306451613,189.18951612903226,0.006826512096774194,16.07825443548387,7.142599899193547
753A,mean,5.0,31.0,28.0,81.0,36.0,109.0,165.19,563.52,6.53,3681.07,204.5,0.1878,3.0,21.0,18.0,0.0,51.49,51.49
753A,variance,0.0,0.0,0.0,0.0,0.0,0.0,0.0,0.0,0.0,0.0,0.0,0.0,0.0,0.0,0.0,0.0,0.0,0.0
756A,mean,7.2727272727272725,71.0909090909091,72.9090909090909,303.45454545454544,78.36363636363636,376.3636363636364,474.1218181818182,2404.935454545455,16.513636363636365,38501.06909090909,2138.947272727273,0.8016545454545454,10.545454545454545,40.36363636363637,30.272727272727273,0.09818181818181819,50.07727272727273,40.798181818181824
756A,variance,0.8181818181818181,1850.490909090909,591.290909090909,24934.07272727273,1890.0545454545452,33038.25454545454,113646.88477636366,2217846.586627273,6.358605454545454,522409238.1268493,1612377.214721818,0.24642777872727267,4.872727272727272,240.25454545454545,72.81818181818183,0.019016363636363637,86.47720181818181,23.812816363636365
758C,mean,10.25,59.53125,121.4375,304.0625,69.78125,425.5,386.72562500000004,2610.680625,26.4503125,69988.1303125,3888.229375,0.8702249999999999,12.96875,54.25,49.03125,0.0575,48.62625,36.8296875
758C,variance,0.9032258064516129,108.57963709677419,470.125,3643.673387096774,106.17641129032258,6406.064516129032,5757.727909274193,309715.65100604837,28.901512802419354,510216928.65719664,1574744.3134318546,0.034414103870967744,13.579637096774194,158.58064516129033,140.6764112903226,0.001696774193548387,48.64944354838709,10.446454737903222
762C,mean,8.40625,55.15625,83.78125,349.46875,63.5625,433.25,345.21562500000005,2600.583125,26.175312499999997,71892.1715625,3994.01,0.8668718750000001,16.21875,49.46875,47.46875,0.0,37.542812500000004,37.542812500000004
762C,variance,1.0231854838709677,16.13608870967742,822.8215725806451,9449.224798387097,14.77016129032258,15415.354838709678,782.607477016129,589926.6378931451,39.79417409274194,1373031867.8061106,4237754.9485935485,0.06554028015120968,24.88608870967742,242.9022177419355,242.9022177419355,0.0,19.994446673387095,19.994446673387095
763C,mean,8.09375,46.90625,60.28125,214.4375,55.0,274.71875,284.845,1588.6437499999997,18.560625,30208.853750000002,1678.2690625,0.529534375,8.46875,31.90625,26.90625,0.0,43.737187500000005,43.737187500000005
763C,variance,0.08770161290322581,0.6038306451612904,57.95060483870968,1044.5766129032259,0.6451612903225806,1557.4344758064517,29.981916129032317,53730.247146774214,11.38797379032258,113933794.67722419,351648.6509313509,0.005969928780241936,1.1602822580645162,15.894153225806452,15.894153225806452,0.0,2.760595060483873,2.760595060483873
766C,mean,7.125,53.90625,75.40625,271.09375,61.03125,346.5,330.6165625,2056.903125,17.9434375,37223.384999999995,2067.966875,0.6856437499999999,8.21875,45.09375,41.3125,0.0171875,42.831562500000004,39.756875
766C,variance,0.11290322580645161,26.603830645161292,145.66834677419354,1256.28125,26.160282258064516,2200.8387096774195,1393.585274899194,94740.30424153227,4.015732963709677,84367063.80136773,260391.40860927416,0.010526342540322583,7.402217741935484,63.24899193548387,57.57661290322581,0.0017563508064516132,38.83422651209678,4.59679637096774
776A,mean,5.142857142857143,38.57142857142857,47.285714285714285,159.0,43.714285714285715,206.28571428571428,216.18142857142857,1130.402857142857,10.632857142857143,12844.177142857143,713.5671428571429,0.37678571428571433,4.571428571428571,28.285714285714285,24.714285714285715,0.0,46.56142857142857,46.56142857142857
776A,variance,1.1428571428571426,38.952380952380956,27.90476190476191,1716.3333333333333,53.23809523809524,2168.571428571429,2076.1605809523808,89747.35225714285,10.366590476190474,42163794.48385714,130135.67229047616,0.00997081142857143,0.2857142857142857,22.238095238095237,17.57142857142857,0.0,6.390080952380955,6.390080952380955
777A,mean,5.0,28.0,32.6875,100.75,33.0,133.4375,146.22,673.10875,8.997499999999999,6059.745312499999,336.653125,0.224375,7.0,20.6875,18.6875,0.0,50.564375,50.564375
777A,variance,0.0,0.0,0.5443548387096774,8.709677419354838,0.0,13.608870967741936,0.0,346.2360241935491,0.07054838709677397,112643.05338054433,347.61024798387126,3.840967741935488e-05,0.0,0.5443548387096774,0.5443548387096774,0.0,0.1894899193548386,0.1894899193548386
777E,mean,7.28125,47.15625,53.3125,224.46875,54.4375,277.78125,283.6240625,1604.0281249999998,17.2534375,28343.892499999998,1574.6628125000002,0.53466875,7.09375,28.65625,25.375,0.014062500000000002,47.7971875,44.926874999999995
777E,variance,1.2409274193548387,34.45866935483871,44.80241935483871,1587.8699596774193,42.899193548387096,1923.3377016129032,1978.7742829637098,83444.90431250002,9.205049092741937,88904855.65376773,274395.90145312506,0.009270957056451612,1.248991935483871,12.361895161290322,5.080645161290323,0.0008894153225806451,26.279730544354834,3.127835080645162
779B,mean,6.34375,51.125,73.09375,233.84375,57.46875,306.9375,309.73125,1793.9728125000001,14.67,26971.7184375,1498.4293750000002,0.5979937500000001,10.53125,46.09375,40.375,0.040625,46.8875,39.853125000000006
779B,variance,1.0715725806451613,197.08064516129033,290.6038306451613,3358.329637096774,209.99899193548387,5481.157258064516,10813.14449516129,247919.93866602823,10.007083870967742,139860274.54689753,431666.68162540323,0.027546569637096775,10.38608870967742,116.99092741935483,117.2741935483871,0.002883467741935484,76.89861290322581,10.387202822580646
77A,mean,9.714285714285714,96.85714285714286,195.71428571428572,683.0,106.57142857142857,878.7142857142857,671.6314285714286,5912.307142857142,34.46142857142858,205789.98285714284,11432.777142857143,1.9707714285714286,36.714285714285715,91.42857142857143,81.0,0.022857142857142857,32.45428571428572,25.908571428571427
77A,variance,0.9047619047619048,103.14285714285715,2590.904761904762,2711.6666666666665,116.61904761904763,9408.57142857143,7131.902147619049,429203.6974571431,24.693380952380952,2459924497.39859,7592357.601357143,0.047679502380952365,321.57142857142856,41.61904761904762,37.333333333333336,0.0007238095238095238,43.47552857142858,6.544580952380955
780C,mean,8.0,47.25,49.53125,194.53125,55.25,244.0625,286.84218749999997,1413.6725,16.41375,23676.636562500003,1315.3696875,0.471228125,7.09375,34.96875,28.65625,0.0,43.43718749999999,43.43718749999999
780C,variance,0.0,1.8064516129032258,41.48286290322581,981.8054435483871,1.8064516129032258,1404.3185483870968,89.14689506048401,51069.72256129032,4.678733870967742,53163006.57808781,164083.0473450605,0.005674333054435484,2.216733870967742,25.579637096774192,22.232862903225808,0.0,3.7336789314516126,3.7336789314516126
789C,mean,6.0625,40.59375,37.8125,132.8125,46.65625,170.625,232.68656249999998,946.0790625000001,9.916875,9404.78375,522.488125,0.31536875,4.8125,22.78125,20.78125,0.0,48.928124999999994,48.928124999999994
789C,variance,0.06048387096774194,0.9586693548387096,2.221774193548387,66.15725806451613,0.9425403225806451,71.79032258064517,42.99155231854847,2600.3831894153236,0.4602673387096775,1135134.3852112899,3503.3655899193545,0.000288573185483871,0.15725806451612903,2.434475806451613,2.434475806451613,0.0,0.651557661290323,0.651557661290323
78A,mean,7.0,48.96875,49.3125,160.5625,55.96875,209.875,294.5546875,1218.70625,11.472500000000002,13994.829375000001,777.4890625,0.4062125,11.0,28.71875,24.8125,0.0,45.110625,45.110625
78A,variance,0.0,0.3538306451612903,1.9637096774193548,29.866935483870968,0.3538306451612903,41.53225806451613,17.606793447580536,1578.4955661290353,0.09982580645161297,629120.3748254029,1941.8317378024205,0.00017532112903225806,0.0,0.46673387096774194,0.2217741935483871,0.0,0.10888346774193576,0.10888346774193576
790A,mean,6.7,48.4,74.4,261.0,55.1,335.4,289.397,1940.92,18.093,35587.227,1977.0690000000002,0.64695,13.2,45.3,42.5,0.0,39.137,39.137
790A,variance,0.4555555555555555,5.822222222222221,44.04444444444445,744.6666666666666,8.766666666666666,1123.6,371.4819122222226,45275.43895555554,7.103956666666664,75098958.27082333,231787.0359433333,0.0050301227777777785,5.7333333333333325,17.344444444444445,21.166666666666668,0.0,2.5211566666666703,2.5211566666666703
791C,mean,7.0,50.625,72.875,252.3125,57.625,325.1875,307.3325,1905.636875,17.485,33954.14125,1886.3437499999998,0.6352125,12.8125,43.8125,40.625,0.009375000000000001,41.610625,39.626875
791C,variance,0.8,83.45,105.85,2279.695833333333,93.18333333333334,3335.8958333333335,4857.463633333335,172907.57202291663,7.514173333333332,124048707.49681167,382866.0037050001,0.019215698499999993,6.5625,29.495833333333334,25.983333333333334,0.0006595833333333333,26.452086249999994,4.280476249999996
798C,mean,10.3125,72.875,96.59375,370.09375,83.1875,466.6875,490.60187499999995,2977.1706249999997,27.3675,80079.07843750001,4448.83875,0.99239375,17.84375,60.1875,55.40625,0.03937500000000001,41.3165625,34.581875
798C,variance,0.6088709677419355,588.1774193548387,134.89415322580646,4188.539314516129,578.8024193548387,5629.770161290323,36736.88280927419,421542.66331572586,25.9844064516129,331215101.53292984,1022268.016017742,0.046836428346774185,3.619959677419355,46.608870967741936,27.152217741935484,0.004193145161290323,53.69305554435484,3.1900092741935464
799B,mean,8.71875,66.125,92.15625,366.53125,74.84375,458.6875,428.4771875,2853.1793749999997,24.49,70620.2675,3923.3478125,0.95106875,12.84375,47.34375,43.03125,0.014375,42.416250000000005,37.633125
799B,variance,0.9828629032258065,123.91935483870968,252.71673387096774,1642.9022177419354,139.10383064516128,3059.641129032258,7513.14878860887,162456.86973508063,17.766058064516123,461319889.3573548,1423826.2318047376,0.018052510604838704,17.297379032258064,37.587701612903224,33.19254032258065,0.0002834677419354839,21.272733870967738,3.8008802419354835
799D,mean,10.0,102.25,147.5,437.375,112.25,584.875,718.96375,4002.1974999999998,21.38125,88466.25125,4914.79125,1.3340750000000001,20.25,63.75,50.375,0.17625,54.67,33.125
799D,variance,0.2857142857142857,499.64285714285717,1490.5714285714287,14066.267857142857,517.0714285714286,24011.839285714286,33528.48839821428,1442877.1044214289,14.913612499999996,1507014993.782841,4651281.951898214,0.16030547357142852,19.928571428571427,279.07142857142856,194.83928571428572,0.005941071428571428,16.22305714285715,16.44554285714285
79B,mean,9.5,59.9375,83.21875,242.09375,69.4375,325.3125,385.099375,1991.0075000000002,19.1965625,38400.7128125,2133.3728125,0.66366875,11.6875,38.65625,36.65625,0.0,40.77437499999999,40.77437499999999
79B,variance,0.7096774193548387,20.512096774193548,37.27318548387097,326.92641129032256,25.673387096774192,582.9959677419355,1276.6765802419343,31209.925425806472,3.2920748991935485,38563933.43715636,119023.42836925405,0.0034681396370967745,2.092741935483871,19.265120967741936,19.265120967741936,0.0,2.0964576612903207,2.0964576612903207
802D,mean,8.90625,57.40625,72.21875,272.375,66.3125,344.59375,363.69343749999996,2086.5859375,21.127187499999998,44460.76875,2470.041875,0.6955218750000001,13.09375,52.71875,46.65625,0.02,41.7203125,37.50437500000001
802D,variance,0.15221774193548387,12.442540322580646,35.337701612903224,843.4032258064516,14.028225806451612,1192.8296370967741,710.8304619959679,53709.30013457662,4.139807963709678,75708162.93797258,233666.4608157258,0.0059664482157258045,3.055443548387097,32.53125,28.103830645161292,0.0012903225806451613,43.05043538306452,2.450644758064516
802E,mean,7.1875,48.3125,59.09375,216.6875,55.5,275.78125,293.31,1618.0084375000001,16.2015625,29679.5203125,1648.86125,0.539334375,8.375,40.0625,34.1875,0.00875,44.396874999999994,42.3196875
802E,variance,2.5443548387096775,174.3508064516129,394.7328629032258,6898.995967741936,209.09677419354838,10464.498991935483,10127.483322580645,484862.88303941523,36.36717489919355,482964200.2192871,1490630.6411919354,0.05387365136088709,8.306451612903226,215.41532258064515,124.54435483870968,0.000514516129032258,26.076596370967742,26.440757963709675
802F,mean,8.40625,66.40625,71.21875,260.3125,74.8125,331.53125,431.6371875,2093.4653125,16.3175,38018.9321875,2112.163125,0.6978249999999999,9.9375,48.53125,40.8125,0.029062499999999998,44.8471875,39.519375
802F,variance,1.6683467741935485,374.3780241935484,678.6280241935484,11833.512096774193,412.09274193548384,17949.353830645163,23188.889678931453,945568.9993934475,24.92313548387097,679877183.0014112,2098386.8422737904,0.10506484322580646,18.06048387096774,308.1280241935484,165.2540322580645,0.002757157258064516,44.60825312499999,27.36113508064516
803A,mean,5.0,33.84375,49.84375,164.125,38.84375,213.96875,183.5628125,1129.6793749999997,12.1234375,13696.1246875,760.8962499999999,0.37658125000000003,8.0,30.84375,27.84375,0.0,45.06625,45.06625
803A,variance,0.0,0.13608870967741934,0.13608870967741934,2.306451612903226,0.13608870967741934,3.4506048387096775,5.767453125000033,158.10211572580596,0.0032748991935483696,21847.951916028152,67.42132741935451,1.746028225806458e-05,0.0,0.13608870967741934,0.13608870967741934,0.0,0.0213919354838708,0.0213919354838708
805D,mean,7.40625,37.875,23.5625,91.125,45.28125,114.6875,220.0034375,630.8728125,8.912812499999998,5627.915,312.6615625,0.2103,4.0,21.28125,18.28125,0.0,50.8884375,50.8884375
805D,variance,0.24899193548387097,0.11290322580645161,0.38306451612903225,1.596774193548387,0.4022177419354839,3.125,10.904429737903188,114.04365312499942,0.4253369959677425,241316.2195806454,744.9201619959675,1.2535483870967727e-05,0.0,0.2086693548387097,0.2086693548387097,0.0,0.05420715725806432,0.05420715725806432
808D,mean,9.0625,71.09375,74.375,281.25,80.15625,355.625,468.1578125,2255.756875,18.1325,42223.450312500005,2345.74625,0.75191875,11.96875,42.3125,36.25,0.0825,54.7603125,39.67937500000001
808D,variance,1.3508064516129032,180.1522177419355,310.30645161290323,4393.419354838709,193.10383064516128,6919.854838709677,10476.828895060484,354337.4598737903,16.448129032258063,354725965.3818741,1094833.8399661288,0.039367970604838695,14.095766129032258,60.28629032258065,53.67741935483871,0.0022193548387096774,28.075035383064513,7.848109274193551
814A,mean,6.46875,50.6875,62.34375,254.96875,57.15625,317.3125,305.07656249999997,1851.62875,16.339374999999997,30292.338437500002,1682.9053125,0.6172031250000001,10.4375,34.84375,31.15625,0.01125,44.744375,42.1484375
814A,variance,0.45060483870967744,41.57661290322581,23.329637096774192,201.96673387096774,47.36189516129032,353.31854838709677,2365.6256232862906,24573.23388870968,2.2464318548387094,17886276.68411038,55204.96930957662,0.0027306783770161295,0.7056451612903226,17.555443548387096,11.555443548387096,0.0006564516129032258,22.033431854838703,1.939258770161292
814D,mean,9.92,80.68,125.84,544.12,90.6,669.96,547.4631999999999,4364.4988,33.842800000000004,149868.4092,8326.0232,1.4548320000000001,19.8,75.92,67.0,0.0128,33.7164,31.068800000000007
814D,variance,0.7433333333333332,516.3933333333333,677.64,15960.359999999999,527.6666666666666,22469.206666666665,35902.292722666665,1398863.2829610005,29.331170999999994,3220525564.580908,9939894.310022669,0.1554275922666667,17.416666666666668,224.49333333333334,160.41666666666666,0.002279333333333333,23.838065666666676,7.774519333333335
818B,mean,7.5625,44.6875,68.625,225.75,52.25,294.375,267.15125,1679.8743749999999,19.0775,32191.914375,1788.44,0.55994375,9.625,40.5,37.625,0.0,41.10125,41.10125
818B,variance,0.9291666666666667,1.9625,34.25,235.53333333333333,3.533333333333333,381.98333333333335,131.40869166666667,12851.613452916672,5.803326666666667,30724915.506586242,94829.7865333333,0.0014284919583333329,2.3833333333333333,14.0,13.316666666666666,0.0,1.256865,1.256865
819E,mean,9.61111111111111,55.0,105.27777777777777,417.27777777777777,64.61111111111111,522.5555555555555,352.8205555555556,3118.8827777777774,38.42388888888889,140395.18555555554,7799.732777777778,1.0396333333333334,15.222222222222221,58.0,51.0,0.042777777777777776,43.75611111111111,35.48277777777778
819E,variance,0.25163398692810457,360.94117647058823,931.0359477124183,42304.80065359477,359.0751633986928,46438.96732026144,21888.579746732023,1619701.764185948,433.79370751633985,20244484918.3166,62482981.84151536,0.17996087294117644,13.477124183006536,230.23529411764707,255.05882352941177,0.005691830065359478,87.66582516339871,10.075585947712423
822C,mean,8.333333333333334,71.0,95.66666666666667,375.6666666666667,79.33333333333333,471.3333333333333,466.4566666666667,2984.2316666666666,22.343333333333334,70919.73,3939.9850000000006,0.9947500000000001,14.5,51.0,46.0,0.03833333333333333,43.04000000000001,36.90833333333334
822C,variance,1.8666666666666667,512.0,764.6666666666666,18114.26666666667,561.8666666666666,26186.266666666663,31889.873226666667,1442358.7745366665,33.00166666666668,2020707388.06268,6236757.236590002,0.16026437899999996,32.3,191.2,151.2,0.003536666666666666,82.44328,17.051336666666675
828A,mean,5.3125,35.28125,46.71875,145.34375,40.59375,192.0625,194.3,1026.6721874999998,10.934375,11303.512812500001,627.9753125,0.34220937500000004,7.96875,32.9375,30.9375,0.0,44.815,44.815
828A,variance,0.2217741935483871,5.047379032258065,18.015120967741936,128.4264112903226,6.829637096774194,231.54435483870967,263.28542580645137,8820.518082157254,1.0583286290322578,3848772.7578079635,11878.805232157256,0.0009789660383064517,0.28931451612903225,13.221774193548388,13.221774193548388,0.0,2.0848967741935502,2.0848967741935502
830B,mean,7.625,43.6875,59.34375,200.84375,51.3125,260.1875,260.708125,1478.8325,17.4128125,25884.709375,1438.0390625,0.492946875,8.90625,39.34375,37.28125,0.0015625,42.4753125,41.8921875
830B,variance,0.6290322580645161,15.254032258064516,29.07157258064516,663.297379032258,17.576612903225808,890.0282258064516,794.2331641129033,34862.14268387097,2.2851176411290326,22632915.1676383,69854.860428125,0.0038728154737903225,1.8941532258064515,16.942540322580644,16.660282258064516,3.941532258064516e-05,6.2667289314516115,2.3184821572580634
834A,mean,8.764705882352942,51.411764705882355,56.705882352941174,167.94117647058823,60.1764705882353,224.64705882352942,319.98,1327.7664705882353,14.339411764705883,19156.098823529413,1064.2258823529412,0.4426058823529412,7.529411764705882,25.705882352941178,22.176470588235293,0.06529411764705884,58.34176470588235,46.39117647058824
834A,variance,0.5661764705882352,20.25735294117647,28.720588235294116,159.55882352941177,26.02941176470588,285.9926470588235,1220.8578625000007,13629.676699264708,1.7530433823529419,10488118.928723525,32369.9788632353,0.0015141918382352941,2.639705882352941,3.095588235294118,4.529411764705882,0.003238970588235294,59.18446544117648,0.6146610294117645
835A,mean,5.0,33.0,28.0,77.0,38.0,105.0,178.07,551.03,5.83,3214.36,178.58,0.1837,3.0,12.0,10.0,0.0,56.86,56.86
835A,variance,0.0,0.0,0.0,0.0,0.0,0.0,0.0,0.0,0.0,0.0,0.0,0.0,0.0,0.0,0.0,0.0,0.0,0.0
838D,mean,8.5625,43.625,53.0,188.15625,52.1875,241.15625,264.26374999999996,1379.3225,18.50625,27088.325937499998,1504.9068750000001,0.45978125000000003,7.3125,29.875,26.65625,0.0,45.107812499999994,45.107812499999994
838D,variance,0.2540322580645161,5.467741935483871,128.1290322580645,2155.0393145161293,7.770161290322581,3315.6844758064517,328.0107338709681,118901.7764193548,22.357804838709676,163410063.0648894,504352.46542862913,0.013212652540322578,6.028225806451613,31.20967741935484,32.03931451612903,0.0,8.212746673387096,8.212746673387096
839C,mean,8.15625,55.71875,52.25,247.84375,63.875,300.09375,348.34875,1804.539375,17.92,33106.985625,1839.2771874999999,0.6015125000000001,6.71875,37.3125,29.65625,0.0,42.2284375,42.2284375
839C,variance,1.1038306451612903,31.305443548387096,71.61290322580645,3083.6199596774195,30.56451612903226,3951.248991935484,1632.664308064516,172589.93536733877,9.06598064516129,149707091.23299962,462059.13382086693,0.01917809532258064,2.1441532258064515,52.931451612903224,49.587701612903224,0.0,6.027265221774195,6.027265221774195
85A,mean,7.03125,46.78125,72.46875,256.46875,53.8125,328.9375,280.17562499999997,1904.206875,18.8190625,38785.909375,2154.7734375,0.634725,6.125,42.75,38.5,0.026562500000000003,47.295,41.012187499999996
85A,variance,0.16028225806451613,57.07963709677419,192.77318548387098,9109.61189516129,59.770161290322584,11375.22177419355,2898.8081737903226,455125.81977056456,23.41430554435484,501353483.64746416,1547387.6149845768,0.05057199290322582,2.5,84.70967741935483,77.09677419354838,0.0010426411290322582,41.02290967741935,9.783566028225803
86A,mean,8.0,37.28125,33.25,146.59375,45.28125,179.84375,218.63468749999998,989.2709375,15.73375,15572.8159375,865.1559375,0.32974375,6.96875,28.9375,25.5,0.0,46.215312499999996,46.215312499999996
86A,variance,0.0,0.6602822580645161,0.3225806451612903,16.63608870967742,0.6602822580645161,19.49092741935484,29.27277409274187,654.8410732862908,0.254140322580645,597932.4668313509,1845.443302318549,7.285673387096779e-05,0.03125,0.8991935483870968,0.25806451612903225,0.0,0.14637409274193577,0.14637409274193577
8E,mean,9.09375,55.46875,75.0,340.71875,64.5625,415.71875,351.03281250000003,2501.01875,27.8275,73114.135625,4061.8950000000004,0.833671875,14.84375,50.0625,47.8125,0.006562500000000001,38.9553125,37.575937499999995
8E,variance,0.7328629032258065,53.86995967741935,344.7741935483871,8375.369959677419,54.83467741935484,11957.757056451614,2932.118853125,461642.9460887097,42.589380645161285,1371853309.59689,4234114.01691613,0.051289982731854845,16.394153225806452,189.6733870967742,194.93145161290323,0.0004748991935483871,43.99552893145162,14.927934576612904
90B,mean,7.375,48.40625,68.15625,261.25,55.78125,329.40625,292.7603125,1911.7909375,19.9784375,38500.1978125,2138.8996875000003,0.6372562500000001,12.5,40.78125,36.875,0.026875000000000003,46.6346875,40.306250000000006
90B,variance,1.2741935483870968,31.92641129032258,56.52318548387097,941.3548387096774,36.11189516129032,1381.0877016129032,1733.9144676411295,62188.07117651208,13.478491028225804,84620292.24409506,261173.18353860886,0.006911470927419354,4.0,22.17641129032258,22.693548387096776,0.0009254032258064517,50.333767641129036,3.048256451612903
93A,mean,6.083333333333333,31.333333333333332,34.666666666666664,88.41666666666667,37.416666666666664,123.08333333333333,171.59416666666664,643.6108333333333,8.59666666666667,5633.104166666667,312.9533333333334,0.2145416666666667,2.1666666666666665,16.333333333333332,14.333333333333334,0.0,53.624166666666675,53.624166666666675
93A,variance,0.08333333333333336,1.1515151515151516,23.6969696969697,128.62878787878788,1.5378787878787883,253.71969696969703,57.06484469696972,7833.041990151515,1.6721151515151527,3097649.1133356052,9560.716533333332,0.0008695935606060606,0.1515151515151515,1.1515151515151516,1.1515151515151514,0.0,0.8202992424242436,0.8202992424242436
94C,mean,6.363636363636363,31.818181818181817,37.45454545454545,95.72727272727273,38.18181818181818,133.1818181818182,176.1927272727273,706.33,9.515454545454547,7692.467272727271,427.36,0.23545454545454547,2.6363636363636362,18.363636363636363,16.363636363636363,0.0,53.025454545454544,53.025454545454544
94C,variance,0.4545454545454545,16.563636363636366,195.07272727272726,1447.818181818182,21.56363636363636,2692.563636363636,837.5195818181821,92132.83647999997,12.648507272727272,46412910.90792181,143248.84867999997,0.010236440727272726,2.654545454545455,63.45454545454545,63.45454545454545,0.0,25.008287272727273,25.008287272727273
98B,mean,7.290322580645161,49.483870967741936,56.45161290322581,248.8709677419355,56.774193548387096,305.3225806451613,300.6170967741935,1792.7190322580645,17.606129032258067,33280.59064516129,1848.9216129032257,0.5975709677419354,6.774193548387097,39.903225806451616,33.16129032258065,0.0,42.04322580645161,42.04322580645161
98B,variance,1.1462365591397854,73.32473118279569,46.3225806451613,7805.982795698924,67.11397849462365,8738.759139784948,3387.992054623656,360631.60418903234,16.601157849462364,319244608.70561963,985322.7896206452,0.04007126479569892,6.44731182795699,137.89032258064518,84.6731182795699,0.0,21.26308258064516,21.26308258064516
99C,mean,9.59375,68.78125,70.5625,288.4375,78.375,359.0,466.520625,2397.86,18.309375,59349.103125,3297.1731250000003,0.7992875,8.15625,40.59375,30.625,0.0665625,47.251875,42.563125
99C,variance,0.9586693548387096,2010.1118951612902,3676.125,88409.09274193548,2066.048387096774,127675.74193548386,138287.5833802419,8193668.001554839,47.438077016129036,12827829390.298292,39592078.20008024,0.9104185101612902,8.974798387096774,618.9586693548387,156.24193548387098,0.03005554435483871,37.27266733870968,55.49717701612903
ALL,mean,7.459514925373134,49.728731343283584,63.55410447761194,225.61940298507463,57.18824626865672,289.1735074626866,307.1318171641791,1739.8482126865667,16.421464552238806,38077.80773880597,2115.433813432836,0.5799484141791045,9.399253731343284,37.090298507462684,32.48973880597015,0.019369402985074627,47.055819029850745,43.7652276119403
ALL,variance,2.641017865050564,419.0598199987189,1720.275855514367,28340.202198561212,455.8195669928952,43022.210232890415,25305.660394196835,2186493.6339232465,71.91815909745567,4896681900.210036,15113215.088218186,0.2429437523654638,50.01112092086683,522.8673811387176,395.67558045051845,0.0024689808886153297,57.32538488607183,55.684474775576305
