problem,pass_num,h1,h2,N1,N2,vocabulary,length,calculated_length,volume,difficulty,effort,time_sec,bugs,cyclomatic,sloc,lloc,comment_rate,mi_std,mi_custom
586C,pass@1,5.0,18.0,17.0,34.0,23.0,51.0,86.67,230.7,4.72,1089.42,60.52,0.0769,8.0,39.0,39.0,0.0,47.54,47.67
586C,pass@2,7.0,17.0,22.0,43.0,24.0,65.0,89.14,298.02,8.85,2638.38,146.58,0.0993,8.0,37.0,37.0,0.0,47.26,47.39
586C,pass@3,8.0,21.0,17.0,33.0,29.0,50.0,116.24,242.9,6.29,1526.79,84.82,0.081,11.0,43.0,43.0,0.0,46.05,46.19
586C,pass@4,6.0,18.0,20.0,38.0,24.0,58.0,90.57,265.93,6.33,1684.21,93.57,0.0886,8.0,37.0,37.0,0.0,47.74,47.74
586C,pass@5,4.0,15.0,15.0,30.0,19.0,45.0,66.6,191.16,4.0,764.63,42.48,0.0637,7.0,26.0,26.0,0.0,52.08,52.22
586C,pass@6,4.0,16.0,11.0,22.0,20.0,33.0,72.0,142.62,2.75,392.21,21.79,0.0475,6.0,31.0,32.0,0.0,51.14,51.28
586C,pass@7,6.0,12.0,12.0,24.0,18.0,36.0,58.53,150.12,6.0,900.7,50.04,0.05,0.0,30.0,30.0,0.0,50.79,52.54
586C,pass@8,4.0,13.0,9.0,18.0,17.0,27.0,56.11,110.36,2.77,305.62,16.98,0.0368,0.0,29.0,29.0,0.0,52.72,53.8
586C,pass@9,3.0,13.0,10.0,20.0,16.0,30.0,52.86,120.0,2.31,276.92,15.38,0.04,7.0,22.0,22.0,0.0,55.08,55.22
586C,pass@10,6.0,27.0,27.0,54.0,33.0,81.0,143.89,408.6,6.0,2451.58,136.2,0.1362,11.0,38.0,44.0,0.0,44.25,44.39
586C,pass@11,7.0,26.0,26.0,49.0,33.0,75.0,141.86,378.33,6.6,2495.52,138.64,0.1261,18.0,52.0,52.0,0.0,42.1,42.1
586C,pass@12,5.0,20.0,15.0,30.0,25.0,45.0,98.05,208.97,3.75,783.65,43.54,0.0697,12.0,40.0,40.0,0.0,47.06,47.19
586C,pass@13,5.0,17.0,15.0,30.0,22.0,45.0,81.1,200.67,4.41,885.33,49.18,0.0669,8.0,32.0,32.0,0.0,49.83,49.97
586C,pass@14,4.0,15.0,9.0,18.0,19.0,27.0,66.6,114.69,2.4,275.27,15.29,0.0382,7.0,25.0,25.0,0.0,54.14,54.14
586C,pass@15,5.0,21.0,20.0,40.0,26.0,60.0,103.85,282.03,4.76,1342.98,74.61,0.094,10.0,38.0,38.0,0.0,47.04,47.04
586C,pass@16,6.0,31.0,31.0,62.0,37.0,93.0,169.09,484.48,6.0,2906.87,161.49,0.1615,14.0,45.0,47.0,0.0,42.71,42.84
586C,pass@17,5.0,18.0,19.0,34.0,23.0,53.0,86.67,239.75,4.72,1132.15,62.9,0.0799,12.0,29.0,29.0,0.0,49.82,49.82
586C,pass@18,4.0,15.0,12.0,24.0,19.0,36.0,66.6,152.93,3.2,489.36,27.19,0.051,10.0,28.0,28.0,0.0,51.66,51.79
586C,pass@19,5.0,24.0,21.0,42.0,29.0,63.0,121.65,306.05,4.38,1338.98,74.39,0.102,9.0,34.0,35.0,0.0,47.57,47.7
586C,pass@20,4.0,6.0,6.0,12.0,10.0,18.0,23.51,59.79,4.0,239.18,13.29,0.0199,5.0,23.0,23.0,0.0,57.05,57.18
586C,pass@22,4.0,14.0,12.0,24.0,18.0,36.0,61.3,150.12,3.43,514.69,28.59,0.05,7.0,29.0,29.0,0.0,51.92,51.92
586C,pass@23,4.0,11.0,8.0,16.0,15.0,24.0,46.05,93.77,2.91,272.77,15.15,0.0313,8.0,21.0,21.0,0.0,56.14,56.27
586C,pass@24,4.0,11.0,14.0,28.0,15.0,42.0,46.05,164.09,5.09,835.36,46.41,0.0547,7.0,22.0,24.0,0.0,53.31,53.44
586C,pass@25,9.0,28.0,30.0,59.0,37.0,89.0,163.14,463.64,9.48,4396.31,244.24,0.1545,14.0,36.0,36.0,0.0,45.5,45.5
586C,pass@26,6.0,15.0,15.0,30.0,21.0,45.0,74.11,197.65,6.0,1185.93,65.88,0.0659,6.0,25.0,25.0,0.0,52.49,52.62
586C,pass@27,5.0,25.0,22.0,44.0,30.0,66.0,127.71,323.85,4.4,1424.96,79.16,0.108,13.0,47.0,48.0,0.0,43.86,44.0
586C,pass@28,6.0,20.0,18.0,36.0,26.0,54.0,101.95,253.82,5.4,1370.65,76.15,0.0846,6.0,24.0,24.0,0.0,52.11,52.25
586C,pass@29,7.0,25.0,21.0,38.0,32.0,59.0,135.75,295.0,5.32,1569.4,87.19,0.0983,12.0,44.0,44.0,0.0,45.11,45.24
586C,pass@30,5.0,15.0,14.0,28.0,20.0,42.0,70.21,181.52,4.67,847.1,47.06,0.0605,5.0,22.0,22.0,0.0,54.09,54.23
586C,pass@32,5.0,13.0,11.0,22.0,18.0,33.0,59.72,137.61,4.23,582.19,32.34,0.0459,8.0,20.0,20.0,0.0,55.43,55.57
590B,pass@1,6.0,53.0,34.0,68.0,59.0,102.0,319.09,600.03,3.85,2309.55,128.31,0.2,3.0,39.0,43.0,10.26,62.52,62.52
590B,pass@2,10.0,66.0,41.0,81.0,76.0,122.0,432.15,762.25,6.14,4677.43,259.86,0.2541,1.0,41.0,40.0,0.0,44.74,44.74
590B,pass@3,9.0,49.0,39.0,76.0,58.0,115.0,303.65,673.67,6.98,4701.93,261.22,0.2246,2.0,35.0,35.0,11.43,65.09,65.09
590B,pass@4,5.0,44.0,32.0,64.0,49.0,96.0,251.82,539.01,3.64,1960.04,108.89,0.1797,3.0,23.0,24.0,0.0,50.5,50.36
590B,pass@5,6.0,35.0,22.0,44.0,41.0,66.0,195.03,353.6,3.77,1333.57,74.09,0.1179,2.0,22.0,22.0,36.36,80.48,80.35
590B,pass@6,9.0,92.0,74.0,146.0,101.0,220.0,628.7,1464.81,7.14,10460.63,581.15,0.4883,8.0,60.0,64.0,0.0,37.63,37.36
590B,pass@7,9.0,50.0,43.0,86.0,59.0,129.0,310.72,758.86,7.74,5873.58,326.31,0.253,2.0,43.0,47.0,4.65,55.72,55.72
590B,pass@8,6.0,31.0,19.0,38.0,37.0,57.0,169.09,296.94,3.68,1091.97,60.66,0.099,1.0,39.0,43.0,0.0,46.78,46.92
590B,pass@9,10.0,54.0,43.0,86.0,64.0,129.0,343.98,774.0,7.96,6163.33,342.41,0.258,2.0,25.0,25.0,0.0,49.01,49.01
590B,pass@10,6.0,52.0,37.0,70.0,58.0,107.0,311.93,626.8,4.04,2531.32,140.63,0.2089,3.0,25.0,23.0,16.0,72.13,71.86
590B,pass@11,6.0,34.0,19.0,38.0,40.0,57.0,188.48,303.35,3.35,1017.11,56.51,0.1011,1.0,23.0,24.0,0.0,52.24,52.38
590B,pass@12,6.0,59.0,41.0,80.0,65.0,121.0,362.59,728.71,4.07,2964.23,164.68,0.2429,1.0,19.0,17.0,0.0,52.98,52.98
590B,pass@13,6.0,32.0,19.0,38.0,38.0,57.0,175.51,299.13,3.56,1065.66,59.2,0.0997,3.0,17.0,18.0,0.0,55.01,54.88
590B,pass@14,9.0,66.0,51.0,100.0,75.0,151.0,427.46,940.55,6.82,6412.85,356.27,0.3135,2.0,23.0,23.0,0.0,48.94,49.21
590B,pass@15,6.0,45.0,26.0,52.0,51.0,78.0,262.64,442.45,3.47,1533.82,85.21,0.1475,4.0,24.0,24.0,12.5,70.52,70.38
590B,pass@16,7.0,34.0,22.0,44.0,41.0,66.0,192.63,353.6,4.53,1601.59,88.98,0.1179,4.0,17.0,18.0,0.0,54.37,54.23
590B,pass@17,7.0,41.0,35.0,70.0,48.0,105.0,239.31,586.42,5.98,3504.22,194.68,0.1955,3.0,26.0,26.0,7.69,65.24,65.24
590B,pass@18,8.0,27.0,22.0,44.0,35.0,66.0,152.38,338.53,6.52,2206.73,122.6,0.1128,2.0,28.0,28.0,0.0,50.45,50.45
590B,pass@19,9.0,25.0,22.0,43.0,34.0,65.0,144.63,330.69,7.74,2559.5,142.19,0.1102,2.0,36.0,40.0,0.0,47.14,47.14
590B,pass@20,6.0,60.0,42.0,84.0,66.0,126.0,369.92,761.59,4.2,3198.69,177.71,0.2539,3.0,33.0,34.0,27.27,71.83,71.83
590B,pass@21,6.0,31.0,18.0,36.0,37.0,54.0,169.09,281.31,3.48,980.05,54.45,0.0938,3.0,23.0,27.0,0.0,51.36,51.22
590B,pass@22,11.0,86.0,70.0,138.0,97.0,208.0,590.71,1372.78,8.83,12115.6,673.09,0.4576,11.0,57.0,61.0,0.0,37.74,37.61
590B,pass@23,8.0,38.0,22.0,44.0,46.0,66.0,223.42,364.56,4.63,1688.47,93.8,0.1215,3.0,25.0,28.0,0.0,49.96,50.09
590B,pass@24,7.0,27.0,16.0,32.0,34.0,48.0,148.03,244.2,4.15,1012.97,56.28,0.0814,1.0,68.0,72.0,0.0,42.5,42.63
590B,pass@25,7.0,67.0,48.0,94.0,74.0,142.0,426.08,881.74,4.91,4329.75,240.54,0.2939,1.0,41.0,41.0,0.0,44.06,44.06
590B,pass@26,8.0,57.0,35.0,70.0,65.0,105.0,356.47,632.35,4.91,3106.27,172.57,0.2108,1.0,34.0,34.0,0.0,46.85,46.85
590B,pass@27,11.0,66.0,54.0,95.0,77.0,149.0,436.98,933.75,7.92,7392.2,410.68,0.3113,8.0,50.0,50.0,2.0,49.78,49.51
590B,pass@28,7.0,75.0,57.0,114.0,82.0,171.0,486.81,1087.14,5.32,5783.59,321.31,0.3624,10.0,29.0,23.0,0.0,47.96,47.69
590B,pass@29,6.0,39.0,25.0,50.0,45.0,75.0,221.64,411.89,3.85,1584.19,88.01,0.1373,4.0,24.0,24.0,0.0,51.05,51.05
590B,pass@30,5.0,39.0,23.0,46.0,44.0,69.0,217.74,376.7,2.95,1110.78,61.71,0.1256,3.0,28.0,29.0,7.14,65.17,65.04
590B,pass@31,6.0,50.0,38.0,76.0,56.0,114.0,297.7,662.04,4.56,3018.9,167.72,0.2207,5.0,25.0,25.0,0.0,49.48,49.08
590B,pass@32,9.0,24.0,16.0,30.0,33.0,46.0,138.57,232.04,5.62,1305.24,72.51,0.0773,9.0,35.0,35.0,0.0,48.68,48.54
595B,pass@1,10.0,30.0,19.0,38.0,40.0,57.0,180.43,303.35,6.33,1921.22,106.73,0.1011,7.0,30.0,30.0,0.0,49.59,49.46
595B,pass@3,8.0,45.0,31.0,62.0,53.0,93.0,271.13,532.7,5.51,2935.75,163.1,0.1776,10.0,32.0,34.0,0.0,46.29,46.16
595B,pass@4,8.0,29.0,23.0,46.0,37.0,69.0,164.88,359.45,6.34,2280.66,126.7,0.1198,13.0,30.0,30.0,0.0,48.13,48.13
595B,pass@5,6.0,27.0,20.0,40.0,33.0,60.0,143.89,302.66,4.44,1345.17,74.73,0.1009,6.0,20.0,22.0,0.0,52.54,52.54
595B,pass@6,8.0,36.0,27.0,54.0,44.0,81.0,210.12,442.21,6.0,2653.28,147.4,0.1474,9.0,29.0,29.0,0.0,48.5,48.36
595B,pass@7,10.0,46.0,34.0,69.0,56.0,103.0,287.3,598.16,7.5,4486.18,249.23,0.1994,3.0,28.0,30.0,0.0,47.93,47.93
595B,pass@8,9.0,32.0,24.0,48.0,41.0,72.0,188.53,385.74,6.75,2603.77,144.65,0.1286,10.0,29.0,29.0,0.0,48.78,48.64
595B,pass@9,8.0,45.0,34.0,68.0,53.0,102.0,271.13,584.25,6.04,3531.45,196.19,0.1947,6.0,41.0,43.0,0.0,44.46,44.19
595B,pass@11,10.0,35.0,27.0,54.0,45.0,81.0,212.74,444.84,7.71,3431.62,190.65,0.1483,9.0,28.0,30.0,0.0,48.16,48.02
595B,pass@13,9.0,35.0,20.0,40.0,44.0,60.0,208.05,327.57,5.14,1684.62,93.59,0.1092,2.0,32.0,34.0,0.0,48.71,48.71
595B,pass@14,11.0,38.0,29.0,58.0,49.0,87.0,237.47,488.48,8.39,4100.66,227.81,0.1628,5.0,32.0,34.0,0.0,47.23,47.09
595B,pass@15,10.0,56.0,45.0,90.0,66.0,135.0,358.43,815.99,8.04,6557.09,364.28,0.272,23.0,37.0,38.0,0.0,42.19,42.06
595B,pass@16,9.0,47.0,43.0,84.0,56.0,127.0,289.6,737.53,8.04,5931.66,329.54,0.2458,16.0,40.0,42.0,0.0,42.49,42.36
595B,pass@17,16.0,80.0,72.0,145.0,96.0,217.0,569.75,1428.94,14.5,20719.58,1151.09,0.4763,27.0,40.0,43.0,0.0,38.64,38.64
595B,pass@18,11.0,42.0,38.0,75.0,53.0,113.0,264.53,647.26,9.82,6356.97,353.16,0.2158,1.0,28.0,30.0,0.0,47.96,47.96
595B,pass@19,12.0,40.0,33.0,66.0,52.0,99.0,255.9,564.34,9.9,5587.0,310.39,0.1881,11.0,32.0,34.0,0.0,45.98,45.85
595B,pass@20,13.0,64.0,62.0,124.0,77.0,186.0,432.11,1165.62,12.59,14679.56,815.53,0.3885,16.0,42.0,44.0,0.0,40.53,40.53
595B,pass@21,13.0,62.0,51.0,100.0,75.0,151.0,417.27,940.55,10.48,9860.62,547.81,0.3135,16.0,42.0,42.0,0.0,41.75,41.62
595B,pass@22,10.0,51.0,37.0,74.0,61.0,111.0,322.51,658.31,7.25,4775.99,265.33,0.2194,8.0,37.0,40.0,0.0,44.38,44.24
595B,pass@23,10.0,44.0,37.0,74.0,54.0,111.0,273.43,638.79,8.41,5371.66,298.43,0.2129,9.0,28.0,30.0,0.0,46.92,46.92
595B,pass@24,11.0,34.0,28.0,56.0,45.0,84.0,211.03,461.32,9.06,4178.98,232.17,0.1538,10.0,24.0,24.0,0.0,49.89,49.89
595B,pass@25,9.0,43.0,34.0,68.0,52.0,102.0,261.86,581.44,7.12,4137.72,229.87,0.1938,13.0,28.0,30.0,0.0,46.67,46.67
595B,pass@26,10.0,33.0,25.0,48.0,43.0,73.0,199.68,396.12,7.27,2880.85,160.05,0.132,10.0,20.0,20.0,0.0,52.08,52.08
595B,pass@27,11.0,46.0,37.0,74.0,57.0,111.0,292.14,647.45,8.85,5728.53,318.25,0.2158,5.0,31.0,31.0,0.0,47.25,47.11
595B,pass@29,8.0,31.0,21.0,42.0,39.0,63.0,177.58,332.98,5.42,1804.54,100.25,0.111,13.0,29.0,31.0,0.0,48.06,48.06
595B,pass@30,12.0,52.0,47.0,93.0,64.0,140.0,339.44,840.0,10.73,9013.85,500.77,0.28,8.0,49.0,51.0,0.0,41.47,41.2
595B,pass@31,14.0,75.0,65.0,129.0,89.0,194.0,520.46,1256.29,12.04,15125.76,840.32,0.4188,16.0,57.0,59.0,0.0,37.92,37.52
595B,pass@32,8.0,56.0,49.0,98.0,64.0,147.0,349.21,882.0,7.0,6174.0,343.0,0.294,14.0,29.0,31.0,0.0,44.96,44.96
604D,pass@1,8.0,16.0,12.0,24.0,24.0,36.0,88.0,165.06,6.0,990.35,55.02,0.055,4.0,15.0,15.0,0.0,58.41,58.28
604D,pass@2,7.0,14.0,10.0,20.0,21.0,30.0,72.95,131.77,5.0,658.85,36.6,0.0439,3.0,11.0,11.0,0.0,62.04,62.04
604D,pass@3,7.0,18.0,12.0,24.0,25.0,36.0,94.71,167.18,4.67,780.17,43.34,0.0557,6.0,22.0,22.0,0.0,54.48,54.34
604D,pass@4,7.0,16.0,12.0,24.0,23.0,36.0,83.65,162.85,5.25,854.95,47.5,0.0543,5.0,18.0,18.0,0.0,56.59,56.46
604D,pass@5,8.0,15.0,12.0,24.0,23.0,36.0,82.6,162.85,6.4,1042.23,57.9,0.0543,4.0,14.0,14.0,0.0,59.11,58.97
604D,pass@6,7.0,14.0,11.0,22.0,21.0,33.0,72.95,144.95,5.5,797.21,44.29,0.0483,4.0,14.0,14.0,0.0,59.46,59.33
604D,pass@7,8.0,18.0,13.0,26.0,26.0,39.0,99.06,183.32,5.78,1059.17,58.84,0.0611,3.0,15.0,15.0,0.0,57.96,58.09
604D,pass@8,9.0,16.0,13.0,26.0,25.0,39.0,92.53,181.11,7.31,1324.37,73.58,0.0604,5.0,16.0,16.0,0.0,57.39,57.25
604D,pass@9,8.0,17.0,12.0,24.0,25.0,36.0,93.49,167.18,5.65,944.07,52.45,0.0557,3.0,11.0,11.0,0.0,61.31,61.31
604D,pass@10,7.0,14.0,11.0,22.0,21.0,33.0,72.95,144.95,5.5,797.21,44.29,0.0483,3.0,12.0,12.0,0.0,60.92,60.92
604D,pass@11,8.0,16.0,13.0,26.0,24.0,39.0,88.0,178.81,6.5,1162.29,64.57,0.0596,4.0,14.0,14.0,0.0,58.82,58.69
604D,pass@12,9.0,17.0,13.0,26.0,26.0,39.0,98.02,183.32,6.88,1261.65,70.09,0.0611,5.0,17.0,17.0,0.0,56.77,56.64
604D,pass@13,9.0,17.0,13.0,26.0,26.0,39.0,98.02,183.32,6.88,1261.65,70.09,0.0611,5.0,17.0,17.0,0.0,56.77,56.64
604D,pass@14,8.0,17.0,13.0,26.0,25.0,39.0,93.49,181.11,6.12,1107.97,61.55,0.0604,4.0,14.0,14.0,0.0,58.78,58.65
604D,pass@15,8.0,18.0,14.0,28.0,26.0,42.0,99.06,197.42,6.22,1228.38,68.24,0.0658,4.0,14.0,14.0,0.0,58.52,58.39
604D,pass@16,8.0,16.0,11.0,22.0,24.0,33.0,88.0,151.3,5.5,832.17,46.23,0.0504,3.0,11.0,11.0,0.0,61.62,61.62
604D,pass@17,7.0,14.0,10.0,20.0,21.0,30.0,72.95,131.77,5.0,658.85,36.6,0.0439,4.0,14.0,14.0,0.0,59.75,59.62
604D,pass@18,8.0,16.0,11.0,22.0,24.0,33.0,88.0,151.3,5.5,832.17,46.23,0.0504,4.0,13.0,13.0,0.0,60.03,59.9
604D,pass@19,7.0,14.0,10.0,20.0,21.0,30.0,72.95,131.77,5.0,658.85,36.6,0.0439,3.0,11.0,11.0,0.0,62.04,62.04
604D,pass@20,8.0,16.0,11.0,22.0,24.0,33.0,88.0,151.3,5.5,832.17,46.23,0.0504,4.0,13.0,13.0,0.0,60.03,59.9
604D,pass@21,8.0,19.0,14.0,28.0,27.0,42.0,104.71,199.71,5.89,1177.21,65.4,0.0666,6.0,18.0,18.0,0.0,55.84,55.7
604D,pass@22,8.0,19.0,13.0,26.0,27.0,39.0,104.71,185.44,5.47,1015.04,56.39,0.0618,5.0,19.0,19.0,0.0,55.69,55.55
604D,pass@23,8.0,16.0,11.0,22.0,24.0,33.0,88.0,151.3,5.5,832.17,46.23,0.0504,3.0,11.0,11.0,0.0,61.62,61.62
604D,pass@24,8.0,18.0,13.0,26.0,26.0,39.0,99.06,183.32,5.78,1059.17,58.84,0.0611,5.0,17.0,17.0,0.0,56.77,56.64
604D,pass@25,7.0,14.0,11.0,22.0,21.0,33.0,72.95,144.95,5.5,797.21,44.29,0.0483,4.0,14.0,14.0,0.0,59.46,59.33
604D,pass@26,8.0,18.0,13.0,26.0,26.0,39.0,99.06,183.32,5.78,1059.17,58.84,0.0611,4.0,14.0,14.0,0.0,58.75,58.61
604D,pass@27,8.0,16.0,11.0,22.0,24.0,33.0,88.0,151.3,5.5,832.17,46.23,0.0504,3.0,11.0,11.0,0.0,61.62,61.62
604D,pass@28,8.0,16.0,11.0,22.0,24.0,33.0,88.0,151.3,5.5,832.17,46.23,0.0504,3.0,11.0,11.0,0.0,61.62,61.62
604D,pass@29,8.0,18.0,13.0,26.0,26.0,39.0,99.06,183.32,5.78,1059.17,58.84,0.0611,5.0,16.0,16.0,0.0,57.35,57.21
604D,pass@30,8.0,18.0,13.0,26.0,26.0,39.0,99.06,183.32,5.78,1059.17,58.84,0.0611,5.0,17.0,17.0,0.0,56.77,56.64
604D,pass@31,8.0,18.0,12.0,24.0,26.0,36.0,99.06,169.22,5.33,902.48,50.14,0.0564,4.0,13.0,13.0,0.0,59.69,59.56
604D,pass@32,8.0,18.0,13.0,26.0,26.0,39.0,99.06,183.32,5.78,1059.17,58.84,0.0611,5.0,20.0,20.0,0.0,55.23,55.1
610D,pass@1,3.0,12.0,10.0,20.0,15.0,30.0,47.77,117.21,2.5,293.02,16.28,0.0391,9.0,35.0,36.0,0.0,50.22,50.35
610D,pass@2,4.0,15.0,10.0,20.0,19.0,30.0,66.6,127.44,2.67,339.83,18.88,0.0425,8.0,22.0,23.0,0.0,54.34,54.48
610D,pass@3,4.0,16.0,11.0,22.0,20.0,33.0,72.0,142.62,2.75,392.21,21.79,0.0475,8.0,21.0,22.0,0.0,54.42,54.56
610D,pass@4,3.0,7.0,6.0,12.0,10.0,18.0,24.41,59.79,2.57,153.76,8.54,0.0199,9.0,24.0,24.0,0.0,56.11,56.24
610D,pass@5,5.0,22.0,14.0,27.0,27.0,41.0,109.72,194.95,3.07,598.14,33.23,0.065,8.0,45.0,46.0,0.0,46.48,46.62
610D,pass@6,2.0,11.0,7.0,14.0,13.0,21.0,40.05,77.71,1.27,98.9,5.49,0.0259,7.0,65.0,66.0,0.0,46.0,46.13
610D,pass@7,2.0,11.0,7.0,14.0,13.0,21.0,40.05,77.71,1.27,98.9,5.49,0.0259,8.0,20.0,21.0,0.0,56.84,56.84
610D,pass@8,2.0,12.0,8.0,16.0,14.0,24.0,45.02,91.38,1.33,121.84,6.77,0.0305,7.0,29.0,30.0,0.0,52.97,53.11
610D,pass@9,2.0,11.0,7.0,14.0,13.0,21.0,40.05,77.71,1.27,98.9,5.49,0.0259,7.0,48.0,49.0,4.17,60.82,60.95
610D,pass@10,2.0,13.0,9.0,18.0,15.0,27.0,50.11,105.49,1.38,146.06,8.11,0.0352,8.0,28.0,29.0,0.0,52.72,52.86
610D,pass@11,2.0,15.0,11.0,22.0,17.0,33.0,60.6,134.89,1.47,197.83,10.99,0.045,8.0,32.0,32.0,0.0,51.04,51.18
610D,pass@12,2.0,10.0,7.0,14.0,12.0,21.0,35.22,75.28,1.4,105.4,5.86,0.0251,7.0,37.0,38.0,0.0,51.32,51.46
610D,pass@14,3.0,13.0,11.0,22.0,16.0,33.0,52.86,132.0,2.54,335.08,18.62,0.044,8.0,28.0,29.0,0.0,52.04,52.17
610D,pass@15,2.0,16.0,11.0,22.0,18.0,33.0,66.0,137.61,1.38,189.21,10.51,0.0459,8.0,29.0,29.0,0.0,51.91,52.05
610D,pass@16,7.0,39.0,29.0,58.0,46.0,87.0,225.78,480.55,5.21,2501.32,138.96,0.1602,11.0,36.0,36.0,5.56,59.38,59.51
610D,pass@17,2.0,13.0,9.0,18.0,15.0,27.0,50.11,105.49,1.38,146.06,8.11,0.0352,6.0,27.0,28.0,0.0,53.32,53.46
610D,pass@18,2.0,13.0,9.0,18.0,15.0,27.0,50.11,105.49,1.38,146.06,8.11,0.0352,7.0,24.0,24.0,0.0,54.65,54.78
610D,pass@19,4.0,19.0,11.0,22.0,23.0,33.0,88.71,149.28,2.32,345.7,19.21,0.0498,4.0,24.0,24.0,0.0,54.0,54.13
610D,pass@20,3.0,17.0,13.0,26.0,20.0,39.0,74.24,168.56,2.29,386.69,21.48,0.0562,6.0,18.0,18.0,0.0,56.08,56.22
610D,pass@21,3.0,10.0,8.0,16.0,13.0,24.0,37.97,88.81,2.4,213.15,11.84,0.0296,9.0,26.0,26.0,0.0,54.15,54.28
610D,pass@22,3.0,12.0,10.0,20.0,15.0,30.0,47.77,117.21,2.5,293.02,16.28,0.0391,9.0,31.0,32.0,0.0,51.33,51.47
610D,pass@23,6.0,12.0,11.0,17.0,18.0,28.0,58.53,116.76,4.25,496.22,27.57,0.0389,6.0,31.0,31.0,0.0,52.05,52.19
610D,pass@26,7.0,27.0,26.0,46.0,34.0,72.0,148.03,366.3,5.96,2184.22,121.35,0.1221,12.0,43.0,44.0,0.0,44.45,44.58
610D,pass@27,2.0,11.0,6.0,12.0,13.0,18.0,40.05,66.61,1.09,72.66,4.04,0.0222,8.0,18.0,18.0,0.0,58.64,58.77
610D,pass@28,2.0,9.0,5.0,10.0,11.0,15.0,30.53,51.89,1.11,57.66,3.2,0.0173,7.0,32.0,32.0,6.25,68.56,68.69
610D,pass@29,4.0,14.0,10.0,20.0,18.0,30.0,61.3,125.1,2.86,357.42,19.86,0.0417,7.0,22.0,23.0,0.0,54.53,54.67
610D,pass@31,2.0,10.0,7.0,14.0,12.0,21.0,35.22,75.28,1.4,105.4,5.86,0.0251,7.0,33.0,34.0,0.0,52.38,52.51
610D,pass@32,2.0,8.0,5.0,10.0,10.0,15.0,26.0,49.83,1.25,62.29,3.46,0.0166,7.0,21.0,21.0,0.0,58.2,58.33
614A,pass@1,5.0,7.0,5.0,9.0,12.0,14.0,31.26,50.19,3.21,161.32,8.96,0.0167,4.0,14.0,14.0,0.0,62.42,62.55
614A,pass@2,6.0,8.0,6.0,10.0,14.0,16.0,39.51,60.92,3.75,228.44,12.69,0.0203,5.0,21.0,21.0,0.0,57.99,57.99
614A,pass@3,6.0,6.0,6.0,11.0,12.0,17.0,31.02,60.94,5.5,335.19,18.62,0.0203,4.0,16.0,16.0,6.25,75.04,75.18
614A,pass@4,6.0,9.0,9.0,15.0,15.0,24.0,44.04,93.77,5.0,468.83,26.05,0.0313,5.0,22.0,22.0,0.0,56.1,56.24
614A,pass@5,5.0,7.0,5.0,9.0,12.0,14.0,31.26,50.19,3.21,161.32,8.96,0.0167,3.0,13.0,13.0,23.08,87.79,87.92
614A,pass@6,5.0,9.0,7.0,13.0,14.0,20.0,40.14,76.15,3.61,274.98,15.28,0.0254,5.0,19.0,19.0,0.0,58.12,58.26
614A,pass@7,6.0,6.0,6.0,11.0,12.0,17.0,31.02,60.94,5.5,335.19,18.62,0.0203,5.0,17.0,17.0,0.0,59.99,59.99
614A,pass@8,6.0,8.0,7.0,11.0,14.0,18.0,39.51,68.53,4.12,282.7,15.71,0.0228,5.0,16.0,16.0,0.0,60.21,60.21
614A,pass@9,5.0,6.0,6.0,10.0,11.0,16.0,27.12,55.35,4.17,230.63,12.81,0.0185,0.0,15.0,15.0,0.0,61.47,62.14
614A,pass@10,6.0,7.0,6.0,12.0,13.0,18.0,35.16,66.61,5.14,342.55,19.03,0.0222,5.0,17.0,17.0,0.0,59.58,59.72
614A,pass@11,3.0,4.0,3.0,6.0,7.0,9.0,12.75,25.27,2.25,56.85,3.16,0.0084,4.0,15.0,15.0,0.0,63.99,63.99
614A,pass@12,4.0,7.0,7.0,12.0,11.0,19.0,27.65,65.73,3.43,225.36,12.52,0.0219,6.0,19.0,19.0,0.0,58.57,58.57
614A,pass@13,7.0,8.0,7.0,13.0,15.0,20.0,43.65,78.14,5.69,444.41,24.69,0.026,5.0,18.0,18.0,0.0,58.56,58.69
614A,pass@14,5.0,8.0,8.0,14.0,13.0,22.0,35.61,81.41,4.38,356.17,19.79,0.0271,5.0,21.0,21.0,0.0,56.97,57.11
614A,pass@15,8.0,12.0,14.0,23.0,20.0,37.0,67.02,159.91,7.67,1225.99,68.11,0.0533,7.0,26.0,26.0,0.0,52.49,52.76
614A,pass@16,5.0,7.0,5.0,9.0,12.0,14.0,31.26,50.19,3.21,161.32,8.96,0.0167,4.0,14.0,14.0,0.0,62.42,62.55
614A,pass@17,5.0,7.0,6.0,11.0,12.0,17.0,31.26,60.94,3.93,239.42,13.3,0.0203,5.0,15.0,15.0,0.0,61.17,61.17
614A,pass@18,8.0,10.0,13.0,20.0,18.0,33.0,57.22,137.61,8.0,1100.86,61.16,0.0459,7.0,25.0,25.0,0.0,53.45,53.59
614A,pass@19,5.0,5.0,5.0,10.0,10.0,15.0,23.22,49.83,5.0,249.14,13.84,0.0166,5.0,19.0,19.0,0.0,59.55,59.55
614A,pass@20,4.0,8.0,5.0,10.0,12.0,15.0,32.0,53.77,2.5,134.44,7.47,0.0179,5.0,25.0,25.0,0.0,56.58,56.72
614A,pass@21,6.0,7.0,8.0,13.0,13.0,21.0,35.16,77.71,5.57,432.95,24.05,0.0259,0.0,15.0,15.0,0.0,60.44,61.11
614A,pass@22,6.0,7.0,6.0,12.0,13.0,18.0,35.16,66.61,5.14,342.55,19.03,0.0222,5.0,17.0,17.0,0.0,59.58,59.72
614A,pass@23,4.0,5.0,5.0,10.0,9.0,15.0,19.61,47.55,4.0,190.2,10.57,0.0158,5.0,18.0,18.0,0.0,60.2,60.2
614A,pass@24,5.0,8.0,5.0,10.0,13.0,15.0,35.61,55.51,3.12,173.46,9.64,0.0185,5.0,18.0,18.0,0.0,59.6,59.73
614A,pass@25,4.0,5.0,4.0,7.0,9.0,11.0,19.61,34.87,2.8,97.63,5.42,0.0116,0.0,13.0,13.0,0.0,64.36,64.9
614A,pass@26,5.0,6.0,5.0,9.0,11.0,14.0,27.12,48.43,3.75,181.62,10.09,0.0161,4.0,18.0,18.0,0.0,60.28,60.28
614A,pass@27,5.0,5.0,5.0,10.0,10.0,15.0,23.22,49.83,5.0,249.14,13.84,0.0166,5.0,17.0,17.0,0.0,60.6,60.6
614A,pass@28,7.0,11.0,8.0,16.0,18.0,24.0,57.71,100.08,5.09,509.49,28.3,0.0334,6.0,23.0,23.0,0.0,55.35,55.48
614A,pass@29,5.0,5.0,5.0,10.0,10.0,15.0,23.22,49.83,5.0,249.14,13.84,0.0166,4.0,16.0,16.0,0.0,61.18,61.31
614A,pass@30,7.0,8.0,7.0,14.0,15.0,21.0,43.65,82.04,6.12,502.52,27.92,0.0273,5.0,18.0,18.0,5.56,72.13,72.26
614A,pass@31,3.0,4.0,3.0,6.0,7.0,9.0,12.75,25.27,2.25,56.85,3.16,0.0084,0.0,12.0,12.0,0.0,66.1,66.64
614A,pass@32,5.0,9.0,7.0,14.0,14.0,21.0,40.14,79.95,3.89,310.93,17.27,0.0267,5.0,22.0,22.0,0.0,56.72,56.72
614B,pass@1,5.0,12.0,6.0,12.0,17.0,18.0,54.63,73.57,2.5,183.94,10.22,0.0245,0.0,13.0,13.0,0.0,61.82,62.63
614B,pass@2,3.0,3.0,3.0,6.0,6.0,9.0,9.51,23.26,3.0,69.79,3.88,0.0078,0.0,8.0,8.0,0.0,70.19,70.73
614B,pass@3,2.0,3.0,3.0,6.0,5.0,9.0,6.75,20.9,2.0,41.79,2.32,0.007,0.0,11.0,11.0,0.0,67.5,68.04
614B,pass@4,2.0,3.0,2.0,4.0,5.0,6.0,6.75,13.93,1.33,18.58,1.03,0.0046,0.0,13.0,13.0,0.0,67.15,67.69
614B,pass@5,3.0,5.0,3.0,6.0,8.0,9.0,16.36,27.0,1.8,48.6,2.7,0.009,0.0,13.0,13.0,0.0,65.01,65.68
614B,pass@6,2.0,3.0,2.0,4.0,5.0,6.0,6.75,13.93,1.33,18.58,1.03,0.0046,0.0,8.0,8.0,0.0,71.89,72.29
614B,pass@7,3.0,5.0,3.0,6.0,8.0,9.0,16.36,27.0,1.8,48.6,2.7,0.009,0.0,8.0,8.0,0.0,69.74,70.28
614B,pass@8,5.0,9.0,6.0,12.0,14.0,18.0,40.14,68.53,3.33,228.44,12.69,0.0228,0.0,16.0,16.0,0.0,60.07,60.88
614B,pass@9,6.0,12.0,8.0,16.0,18.0,24.0,58.53,100.08,4.0,400.31,22.24,0.0334,0.0,13.0,13.0,0.0,60.75,61.69
614B,pass@10,2.0,4.0,3.0,6.0,6.0,9.0,10.0,23.26,1.5,34.9,1.94,0.0078,0.0,15.0,15.0,0.0,64.1,64.78
614B,pass@11,2.0,3.0,2.0,4.0,5.0,6.0,6.75,13.93,1.33,18.58,1.03,0.0046,0.0,7.0,7.0,0.0,73.15,73.55
614B,pass@12,6.0,12.0,10.0,21.0,18.0,31.0,58.53,129.27,5.25,678.66,37.7,0.0431,0.0,14.0,14.0,0.0,59.14,60.21
614B,pass@13,2.0,4.0,2.0,4.0,6.0,6.0,10.0,15.51,1.0,15.51,0.86,0.0052,0.0,6.0,6.0,0.0,74.29,74.69
614B,pass@14,3.0,5.0,3.0,6.0,8.0,9.0,16.36,27.0,1.8,48.6,2.7,0.009,0.0,10.0,10.0,0.0,67.63,68.16
614B,pass@15,2.0,4.0,2.0,4.0,6.0,6.0,10.0,15.51,1.0,15.51,0.86,0.0052,0.0,6.0,6.0,0.0,74.29,74.69
614B,pass@16,2.0,3.0,2.0,4.0,5.0,6.0,6.75,13.93,1.33,18.58,1.03,0.0046,0.0,8.0,8.0,0.0,71.89,72.29
614B,pass@17,4.0,5.0,4.0,8.0,9.0,12.0,19.61,38.04,3.2,121.73,6.76,0.0127,6.0,19.0,20.0,0.0,59.75,59.75
614B,pass@18,2.0,5.0,4.0,8.0,7.0,12.0,13.61,33.69,1.6,53.9,2.99,0.0112,5.0,19.0,20.0,0.0,60.12,60.25
614B,pass@19,6.0,12.0,6.0,12.0,18.0,18.0,58.53,75.06,3.0,225.18,12.51,0.025,0.0,10.0,10.0,0.0,64.38,65.05
614B,pass@20,3.0,4.0,3.0,5.0,7.0,8.0,12.75,22.46,1.88,42.11,2.34,0.0075,0.0,13.0,13.0,0.0,65.57,66.24
614B,pass@21,1.0,2.0,1.0,2.0,3.0,3.0,2.0,4.75,0.5,2.38,0.13,0.0016,0.0,6.0,6.0,0.0,78.02,78.28
614B,pass@22,2.0,5.0,3.0,6.0,7.0,9.0,13.61,25.27,1.2,30.32,1.68,0.0084,3.0,13.0,14.0,0.0,64.64,64.77
614B,pass@23,1.0,2.0,1.0,2.0,3.0,3.0,2.0,4.75,0.5,2.38,0.13,0.0016,0.0,6.0,6.0,0.0,78.02,78.28
614B,pass@24,3.0,6.0,3.0,6.0,9.0,9.0,20.26,28.53,1.5,42.79,2.38,0.0095,3.0,11.0,12.0,0.0,65.73,65.87
614B,pass@25,7.0,13.0,9.0,18.0,20.0,27.0,67.76,116.69,4.85,565.51,31.42,0.0389,0.0,14.0,14.0,0.0,59.72,60.52
614B,pass@26,2.0,4.0,2.0,4.0,6.0,6.0,10.0,15.51,1.0,15.51,0.86,0.0052,2.0,12.0,13.0,0.0,66.96,67.09
614B,pass@27,2.0,5.0,3.0,6.0,7.0,9.0,13.61,25.27,1.2,30.32,1.68,0.0084,5.0,17.0,17.0,0.0,62.67,62.67
614B,pass@28,4.0,7.0,4.0,8.0,11.0,12.0,27.65,41.51,2.29,94.89,5.27,0.0138,0.0,10.0,10.0,0.0,66.32,66.86
614B,pass@29,1.0,2.0,1.0,2.0,3.0,3.0,2.0,4.75,0.5,2.38,0.13,0.0016,0.0,6.0,6.0,0.0,78.02,78.28
614B,pass@30,2.0,6.0,3.0,6.0,8.0,9.0,17.51,27.0,1.0,27.0,1.5,0.009,0.0,13.0,13.0,0.0,65.01,65.68
614B,pass@31,2.0,3.0,2.0,4.0,5.0,6.0,6.75,13.93,1.33,18.58,1.03,0.0046,0.0,8.0,8.0,0.0,71.89,72.29
614B,pass@32,3.0,6.0,3.0,6.0,9.0,9.0,20.26,28.53,1.5,42.79,2.38,0.0095,3.0,13.0,14.0,0.0,64.27,64.4
615A,pass@1,2.0,9.0,7.0,14.0,11.0,21.0,30.53,72.65,1.56,113.01,6.28,0.0242,3.0,17.0,18.0,0.0,59.05,59.18
615A,pass@2,1.0,2.0,1.0,2.0,3.0,3.0,2.0,4.75,0.5,2.38,0.13,0.0016,3.0,9.0,9.0,0.0,74.04,74.04
615A,pass@3,1.0,2.0,1.0,2.0,3.0,3.0,2.0,4.75,0.5,2.38,0.13,0.0016,3.0,8.0,8.0,0.0,75.16,75.16
615A,pass@4,1.0,2.0,1.0,2.0,3.0,3.0,2.0,4.75,0.5,2.38,0.13,0.0016,0.0,9.0,9.0,0.0,74.04,74.44
615A,pass@5,1.0,2.0,1.0,2.0,3.0,3.0,2.0,4.75,0.5,2.38,0.13,0.0016,0.0,11.0,12.0,0.0,71.31,71.72
615A,pass@6,1.0,2.0,1.0,2.0,3.0,3.0,2.0,4.75,0.5,2.38,0.13,0.0016,3.0,8.0,8.0,0.0,75.16,75.16
615A,pass@7,1.0,2.0,1.0,2.0,3.0,3.0,2.0,4.75,0.5,2.38,0.13,0.0016,3.0,8.0,8.0,0.0,75.16,75.16
615A,pass@8,1.0,2.0,1.0,2.0,3.0,3.0,2.0,4.75,0.5,2.38,0.13,0.0016,3.0,8.0,8.0,0.0,75.16,75.16
615A,pass@9,1.0,2.0,1.0,2.0,3.0,3.0,2.0,4.75,0.5,2.38,0.13,0.0016,3.0,8.0,8.0,0.0,75.16,75.16
615A,pass@10,1.0,2.0,1.0,2.0,3.0,3.0,2.0,4.75,0.5,2.38,0.13,0.0016,0.0,9.0,9.0,0.0,74.04,74.44
615A,pass@11,1.0,2.0,1.0,2.0,3.0,3.0,2.0,4.75,0.5,2.38,0.13,0.0016,3.0,13.0,14.0,0.0,69.85,69.85
615A,pass@12,1.0,2.0,1.0,2.0,3.0,3.0,2.0,4.75,0.5,2.38,0.13,0.0016,3.0,8.0,8.0,0.0,75.16,75.16
615A,pass@13,1.0,2.0,1.0,2.0,3.0,3.0,2.0,4.75,0.5,2.38,0.13,0.0016,0.0,9.0,9.0,0.0,74.04,74.44
615A,pass@14,1.0,2.0,1.0,2.0,3.0,3.0,2.0,4.75,0.5,2.38,0.13,0.0016,3.0,8.0,8.0,0.0,75.16,75.16
615A,pass@15,1.0,2.0,1.0,2.0,3.0,3.0,2.0,4.75,0.5,2.38,0.13,0.0016,3.0,8.0,8.0,0.0,75.16,75.16
615A,pass@16,1.0,2.0,1.0,2.0,3.0,3.0,2.0,4.75,0.5,2.38,0.13,0.0016,0.0,10.0,11.0,0.0,72.14,72.54
615A,pass@17,1.0,2.0,1.0,2.0,3.0,3.0,2.0,4.75,0.5,2.38,0.13,0.0016,3.0,9.0,9.0,0.0,73.9,74.04
615A,pass@18,1.0,2.0,1.0,2.0,3.0,3.0,2.0,4.75,0.5,2.38,0.13,0.0016,3.0,8.0,8.0,0.0,75.16,75.16
615A,pass@19,1.0,2.0,1.0,2.0,3.0,3.0,2.0,4.75,0.5,2.38,0.13,0.0016,3.0,8.0,8.0,0.0,75.16,75.16
615A,pass@20,1.0,2.0,1.0,2.0,3.0,3.0,2.0,4.75,0.5,2.38,0.13,0.0016,3.0,8.0,9.0,0.0,73.9,74.04
615A,pass@21,1.0,2.0,1.0,2.0,3.0,3.0,2.0,4.75,0.5,2.38,0.13,0.0016,0.0,9.0,9.0,0.0,74.04,74.44
615A,pass@22,2.0,4.0,2.0,4.0,6.0,6.0,10.0,15.51,1.0,15.51,0.86,0.0052,3.0,15.0,15.0,0.0,65.34,65.6
615A,pass@23,1.0,2.0,1.0,2.0,3.0,3.0,2.0,4.75,0.5,2.38,0.13,0.0016,3.0,8.0,8.0,0.0,75.16,75.16
615A,pass@24,1.0,2.0,1.0,2.0,3.0,3.0,2.0,4.75,0.5,2.38,0.13,0.0016,3.0,8.0,8.0,0.0,75.16,75.16
615A,pass@25,1.0,2.0,1.0,2.0,3.0,3.0,2.0,4.75,0.5,2.38,0.13,0.0016,3.0,8.0,8.0,0.0,75.16,75.16
615A,pass@26,1.0,2.0,1.0,2.0,3.0,3.0,2.0,4.75,0.5,2.38,0.13,0.0016,3.0,8.0,8.0,0.0,75.16,75.16
615A,pass@27,1.0,2.0,1.0,2.0,3.0,3.0,2.0,4.75,0.5,2.38,0.13,0.0016,0.0,6.0,6.0,0.0,77.88,78.28
615A,pass@28,1.0,2.0,1.0,2.0,3.0,3.0,2.0,4.75,0.5,2.38,0.13,0.0016,3.0,8.0,8.0,0.0,75.16,75.16
615A,pass@29,1.0,2.0,1.0,2.0,3.0,3.0,2.0,4.75,0.5,2.38,0.13,0.0016,3.0,9.0,9.0,0.0,73.9,74.04
615A,pass@30,2.0,7.0,6.0,12.0,9.0,18.0,21.65,57.06,1.71,97.81,5.43,0.019,3.0,17.0,19.0,0.0,59.27,59.4
615A,pass@31,1.0,2.0,1.0,2.0,3.0,3.0,2.0,4.75,0.5,2.38,0.13,0.0016,3.0,9.0,9.0,0.0,73.9,74.04
615A,pass@32,1.0,2.0,1.0,2.0,3.0,3.0,2.0,4.75,0.5,2.38,0.13,0.0016,0.0,6.0,6.0,0.0,77.88,78.28
621B,pass@1,4.0,14.0,12.0,24.0,18.0,36.0,61.3,150.12,3.43,514.69,28.59,0.05,4.0,16.0,16.0,0.0,57.82,57.96
621B,pass@2,4.0,18.0,12.0,24.0,22.0,36.0,83.06,160.54,2.67,428.11,23.78,0.0535,3.0,13.0,13.0,0.0,59.72,59.85
621B,pass@3,5.0,19.0,18.0,36.0,24.0,54.0,92.32,247.59,4.74,1172.79,65.15,0.0825,6.0,21.0,21.0,0.0,53.45,53.59
621B,pass@4,4.0,18.0,12.0,24.0,22.0,36.0,83.06,160.54,2.67,428.11,23.78,0.0535,0.0,11.0,11.0,0.0,61.44,61.84
621B,pass@5,4.0,14.0,12.0,24.0,18.0,36.0,61.3,150.12,3.43,514.69,28.59,0.05,4.0,16.0,16.0,0.0,57.82,57.96
621B,pass@6,4.0,17.0,12.0,24.0,21.0,36.0,77.49,158.12,2.82,446.47,24.8,0.0527,4.0,16.0,16.0,0.0,57.66,57.8
621B,pass@7,4.0,17.0,16.0,32.0,21.0,48.0,77.49,210.83,3.76,793.72,44.1,0.0703,0.0,17.0,17.0,0.0,56.21,56.89
621B,pass@8,6.0,23.0,20.0,40.0,29.0,60.0,119.55,291.48,5.22,1520.76,84.49,0.0972,8.0,27.0,27.0,0.0,50.31,50.44
621B,pass@9,4.0,18.0,12.0,24.0,22.0,36.0,83.06,160.54,2.67,428.11,23.78,0.0535,3.0,13.0,13.0,0.0,59.72,59.85
621B,pass@10,6.0,21.0,19.0,38.0,27.0,57.0,107.75,271.03,5.43,1471.3,81.74,0.0903,8.0,23.0,23.0,0.0,52.18,52.18
621B,pass@11,7.0,23.0,21.0,42.0,30.0,63.0,123.69,309.13,6.39,1975.77,109.77,0.103,9.0,30.0,30.0,0.0,49.0,49.13
621B,pass@12,5.0,19.0,17.0,34.0,24.0,51.0,92.32,233.83,4.47,1046.1,58.12,0.0779,4.0,20.0,20.0,0.0,54.36,54.49
621B,pass@13,5.0,24.0,19.0,38.0,29.0,57.0,121.65,276.9,3.96,1096.08,60.89,0.0923,4.0,19.0,19.0,0.0,54.33,54.47
621B,pass@14,4.0,14.0,12.0,24.0,18.0,36.0,61.3,150.12,3.43,514.69,28.59,0.05,4.0,16.0,16.0,0.0,57.82,57.96
621B,pass@15,6.0,28.0,24.0,48.0,34.0,72.0,150.12,366.3,5.14,1883.81,104.66,0.1221,8.0,25.0,25.0,0.0,50.34,50.48
621B,pass@16,5.0,14.0,14.0,28.0,19.0,42.0,64.91,178.41,5.0,892.06,49.56,0.0595,0.0,17.0,17.0,0.0,56.59,57.39
621B,pass@17,5.0,18.0,13.0,26.0,23.0,39.0,86.67,176.42,3.61,637.07,35.39,0.0588,4.0,14.0,14.0,0.0,58.6,58.73
621B,pass@18,5.0,17.0,18.0,36.0,22.0,54.0,81.1,240.81,5.29,1274.87,70.83,0.0803,0.0,19.0,19.0,0.0,54.49,55.43
621B,pass@19,5.0,14.0,14.0,28.0,19.0,42.0,64.91,178.41,5.0,892.06,49.56,0.0595,0.0,17.0,17.0,0.0,56.59,57.39
621B,pass@20,5.0,18.0,13.0,26.0,23.0,39.0,86.67,176.42,3.61,637.07,35.39,0.0588,5.0,18.0,18.0,0.0,56.08,56.21
621B,pass@21,4.0,18.0,12.0,24.0,22.0,36.0,83.06,160.54,2.67,428.11,23.78,0.0535,0.0,11.0,11.0,0.0,61.44,61.84
621B,pass@22,4.0,14.0,12.0,24.0,18.0,36.0,61.3,150.12,3.43,514.69,28.59,0.05,4.0,16.0,16.0,0.0,57.82,57.96
621B,pass@23,5.0,23.0,17.0,34.0,28.0,51.0,115.65,245.18,3.7,906.08,50.34,0.0817,4.0,16.0,16.0,0.0,56.33,56.46
621B,pass@24,5.0,19.0,17.0,34.0,24.0,51.0,92.32,233.83,4.47,1046.1,58.12,0.0779,5.0,20.0,20.0,0.0,54.23,54.36
621B,pass@25,5.0,14.0,14.0,28.0,19.0,42.0,64.91,178.41,5.0,892.06,49.56,0.0595,6.0,18.0,18.0,0.0,55.91,56.05
621B,pass@26,6.0,23.0,20.0,40.0,29.0,60.0,119.55,291.48,5.22,1520.76,84.49,0.0972,8.0,27.0,27.0,0.0,50.31,50.44
621B,pass@27,4.0,11.0,8.0,16.0,15.0,24.0,46.05,93.77,2.91,272.77,15.15,0.0313,0.0,12.0,12.0,0.0,62.25,62.65
621B,pass@29,5.0,14.0,14.0,28.0,19.0,42.0,64.91,178.41,5.0,892.06,49.56,0.0595,6.0,18.0,18.0,0.0,55.91,56.05
621B,pass@30,5.0,19.0,17.0,34.0,24.0,51.0,92.32,233.83,4.47,1046.1,58.12,0.0779,5.0,19.0,19.0,0.0,54.71,54.85
621B,pass@31,6.0,19.0,19.0,38.0,25.0,57.0,96.22,264.7,6.0,1588.2,88.23,0.0882,7.0,22.0,22.0,0.0,52.68,52.81
621B,pass@32,6.0,18.0,16.0,32.0,24.0,48.0,90.57,220.08,5.33,1173.75,65.21,0.0734,8.0,25.0,25.0,0.0,51.89,52.03
622C,pass@1,5.0,6.0,5.0,8.0,11.0,13.0,27.12,44.97,3.33,149.91,8.33,0.015,0.0,15.0,15.0,0.0,61.83,62.77
622C,pass@2,5.0,6.0,5.0,8.0,11.0,13.0,27.12,44.97,3.33,149.91,8.33,0.015,0.0,12.0,12.0,0.0,64.21,64.88
622C,pass@3,5.0,20.0,17.0,32.0,25.0,49.0,98.05,227.55,4.0,910.2,50.57,0.0758,5.0,26.0,27.0,3.85,63.02,63.16
622C,pass@4,4.0,11.0,13.0,25.0,15.0,38.0,46.05,148.46,4.55,674.83,37.49,0.0495,4.0,23.0,24.0,0.0,54.15,54.15
622C,pass@5,5.0,10.0,10.0,18.0,15.0,28.0,44.83,109.39,4.5,492.27,27.35,0.0365,7.0,27.0,28.0,0.0,53.21,53.21
622C,pass@6,6.0,14.0,13.0,24.0,20.0,37.0,68.81,159.91,5.14,822.4,45.69,0.0533,7.0,30.0,31.0,0.0,50.96,51.09
622C,pass@7,6.0,19.0,17.0,32.0,25.0,49.0,96.22,227.55,5.05,1149.72,63.87,0.0758,5.0,20.0,21.0,0.0,53.71,53.98
622C,pass@9,6.0,12.0,13.0,24.0,18.0,37.0,58.53,154.29,6.0,925.72,51.43,0.0514,6.0,28.0,29.0,0.0,51.84,51.97
622C,pass@10,5.0,7.0,7.0,12.0,12.0,19.0,31.26,68.11,4.29,291.92,16.22,0.0227,5.0,20.0,20.0,10.0,75.66,75.93
622C,pass@11,5.0,7.0,7.0,12.0,12.0,19.0,31.26,68.11,4.29,291.92,16.22,0.0227,0.0,14.0,14.0,0.0,61.49,62.16
622C,pass@12,6.0,18.0,17.0,33.0,24.0,50.0,90.57,229.25,5.5,1260.86,70.05,0.0764,5.0,17.0,18.0,0.0,55.28,55.42
622C,pass@13,6.0,19.0,17.0,32.0,25.0,49.0,96.22,227.55,5.05,1149.72,63.87,0.0758,5.0,20.0,21.0,0.0,53.85,53.98
622C,pass@14,5.0,12.0,14.0,26.0,17.0,40.0,54.63,163.5,5.42,885.62,49.2,0.0545,7.0,29.0,30.0,0.0,51.34,51.34
622C,pass@15,5.0,11.0,10.0,18.0,16.0,28.0,49.66,112.0,4.09,458.18,25.45,0.0373,5.0,29.0,30.0,10.34,70.56,70.83
622C,pass@16,5.0,6.0,5.0,8.0,11.0,13.0,27.12,44.97,3.33,149.91,8.33,0.015,0.0,13.0,13.0,0.0,63.45,64.13
622C,pass@17,5.0,6.0,5.0,8.0,11.0,13.0,27.12,44.97,3.33,149.91,8.33,0.015,0.0,15.0,15.0,0.0,61.83,62.77
622C,pass@18,4.0,5.0,4.0,7.0,9.0,11.0,19.61,34.87,2.8,97.63,5.42,0.0116,3.0,13.0,13.0,0.0,64.23,64.5
622C,pass@19,5.0,7.0,7.0,12.0,12.0,19.0,31.26,68.11,4.29,291.92,16.22,0.0227,0.0,17.0,17.0,0.0,59.38,60.32
622C,pass@20,5.0,7.0,7.0,12.0,12.0,19.0,31.26,68.11,4.29,291.92,16.22,0.0227,0.0,14.0,14.0,0.0,61.49,62.16
622C,pass@22,6.0,12.0,15.0,28.0,18.0,43.0,58.53,179.31,7.0,1255.15,69.73,0.0598,6.0,33.0,34.0,0.0,49.87,50.01
622C,pass@23,5.0,6.0,5.0,8.0,11.0,13.0,27.12,44.97,3.33,149.91,8.33,0.015,0.0,12.0,12.0,0.0,64.08,64.88
622C,pass@24,5.0,6.0,5.0,8.0,11.0,13.0,27.12,44.97,3.33,149.91,8.33,0.015,0.0,12.0,12.0,0.0,64.21,64.88
622C,pass@25,5.0,6.0,5.0,8.0,11.0,13.0,27.12,44.97,3.33,149.91,8.33,0.015,0.0,13.0,13.0,0.0,63.32,64.13
622C,pass@26,4.0,5.0,4.0,7.0,9.0,11.0,19.61,34.87,2.8,97.63,5.42,0.0116,0.0,10.0,10.0,0.0,66.71,67.39
622C,pass@27,5.0,7.0,7.0,12.0,12.0,19.0,31.26,68.11,4.29,291.92,16.22,0.0227,0.0,14.0,14.0,0.0,61.36,62.16
622C,pass@28,5.0,6.0,5.0,8.0,11.0,13.0,27.12,44.97,3.33,149.91,8.33,0.015,0.0,15.0,15.0,0.0,61.83,62.77
622C,pass@29,5.0,6.0,5.0,8.0,11.0,13.0,27.12,44.97,3.33,149.91,8.33,0.015,0.0,12.0,12.0,0.0,64.21,64.88
622C,pass@30,6.0,12.0,15.0,28.0,18.0,43.0,58.53,179.31,7.0,1255.15,69.73,0.0598,7.0,33.0,34.0,0.0,49.74,49.87
622C,pass@31,4.0,5.0,4.0,7.0,9.0,11.0,19.61,34.87,2.8,97.63,5.42,0.0116,0.0,10.0,10.0,0.0,66.71,67.39
622C,pass@32,5.0,7.0,5.0,9.0,12.0,14.0,31.26,50.19,3.21,161.32,8.96,0.0167,5.0,22.0,22.0,0.0,58.0,58.14
625D,pass@1,3.0,5.0,3.0,5.0,8.0,8.0,16.36,24.0,1.5,36.0,2.0,0.008,4.0,10.0,11.0,0.0,67.22,67.08
625D,pass@2,3.0,5.0,3.0,5.0,8.0,8.0,16.36,24.0,1.5,36.0,2.0,0.008,4.0,11.0,12.0,0.0,66.39,66.26
625D,pass@3,5.0,34.0,27.0,52.0,39.0,79.0,184.58,417.55,3.82,1596.5,88.69,0.1392,6.0,17.0,17.0,0.0,54.0,54.0
625D,pass@4,5.0,11.0,8.0,15.0,16.0,23.0,49.66,92.0,3.41,313.64,17.42,0.0307,5.0,14.0,15.0,0.0,59.92,59.92
625D,pass@5,4.0,8.0,5.0,9.0,12.0,14.0,32.0,50.19,2.25,112.93,6.27,0.0167,4.0,9.0,10.0,0.0,65.87,65.74
625D,pass@6,4.0,8.0,7.0,12.0,12.0,19.0,32.0,68.11,3.0,204.34,11.35,0.0227,5.0,15.0,18.0,0.0,59.11,59.11
625D,pass@7,4.0,8.0,5.0,9.0,12.0,14.0,32.0,50.19,2.25,112.93,6.27,0.0167,4.0,9.0,10.0,0.0,65.87,65.74
625D,pass@8,3.0,5.0,3.0,5.0,8.0,8.0,16.36,24.0,1.5,36.0,2.0,0.008,4.0,10.0,11.0,0.0,67.22,67.08
625D,pass@9,3.0,5.0,3.0,5.0,8.0,8.0,16.36,24.0,1.5,36.0,2.0,0.008,4.0,11.0,12.0,0.0,66.39,66.26
625D,pass@10,7.0,13.0,9.0,17.0,20.0,26.0,67.76,112.37,4.58,514.31,28.57,0.0375,7.0,17.0,19.0,0.0,56.94,56.81
625D,pass@11,7.0,21.0,15.0,27.0,28.0,42.0,111.89,201.91,4.5,908.59,50.48,0.0673,9.0,20.0,23.0,0.0,52.94,52.94
625D,pass@12,4.0,8.0,5.0,9.0,12.0,14.0,32.0,50.19,2.25,112.93,6.27,0.0167,5.0,13.0,15.0,0.0,61.76,61.76
625D,pass@13,3.0,5.0,3.0,5.0,8.0,8.0,16.36,24.0,1.5,36.0,2.0,0.008,4.0,10.0,11.0,0.0,67.22,67.08
625D,pass@14,3.0,5.0,3.0,5.0,8.0,8.0,16.36,24.0,1.5,36.0,2.0,0.008,4.0,11.0,12.0,0.0,66.39,66.26
625D,pass@15,3.0,5.0,3.0,5.0,8.0,8.0,16.36,24.0,1.5,36.0,2.0,0.008,4.0,11.0,12.0,0.0,66.39,66.26
625D,pass@16,3.0,5.0,3.0,5.0,8.0,8.0,16.36,24.0,1.5,36.0,2.0,0.008,4.0,11.0,12.0,0.0,66.39,66.26
625D,pass@17,6.0,18.0,13.0,22.0,24.0,35.0,90.57,160.47,3.67,588.4,32.69,0.0535,9.0,22.0,26.0,0.0,52.62,52.48
625D,pass@18,4.0,11.0,20.0,32.0,15.0,52.0,46.05,203.16,5.82,1182.01,65.67,0.0677,7.0,24.0,32.0,0.0,50.07,50.07
625D,pass@19,3.0,6.0,4.0,7.0,9.0,11.0,20.26,34.87,1.75,61.02,3.39,0.0116,4.0,10.0,11.0,0.0,66.08,65.94
625D,pass@20,8.0,24.0,17.0,33.0,32.0,50.0,134.04,250.0,5.5,1375.0,76.39,0.0833,8.0,18.0,20.0,0.0,53.89,53.75
625D,pass@21,4.0,10.0,10.0,17.0,14.0,27.0,41.22,102.8,3.4,349.52,19.42,0.0343,8.0,27.0,32.0,0.0,52.0,52.0
625D,pass@22,3.0,5.0,3.0,5.0,8.0,8.0,16.36,24.0,1.5,36.0,2.0,0.008,4.0,10.0,11.0,0.0,67.22,67.08
625D,pass@23,3.0,6.0,4.0,7.0,9.0,11.0,20.26,34.87,1.75,61.02,3.39,0.0116,4.0,10.0,11.0,0.0,66.08,65.94
625D,pass@24,3.0,6.0,4.0,7.0,9.0,11.0,20.26,34.87,1.75,61.02,3.39,0.0116,4.0,10.0,11.0,0.0,66.08,65.94
625D,pass@25,5.0,12.0,7.0,13.0,17.0,20.0,54.63,81.75,2.71,221.4,12.3,0.0272,5.0,13.0,14.0,0.0,60.93,60.93
625D,pass@26,4.0,8.0,5.0,9.0,12.0,14.0,32.0,50.19,2.25,112.93,6.27,0.0167,4.0,10.0,11.0,0.0,64.97,64.84
625D,pass@27,3.0,5.0,3.0,5.0,8.0,8.0,16.36,24.0,1.5,36.0,2.0,0.008,4.0,10.0,11.0,0.0,67.22,67.08
625D,pass@28,5.0,14.0,11.0,19.0,19.0,30.0,64.91,127.44,3.39,432.38,24.02,0.0425,8.0,22.0,25.0,0.0,53.82,53.69
625D,pass@29,4.0,9.0,5.0,9.0,13.0,14.0,36.53,51.81,2.0,103.61,5.76,0.0173,4.0,9.0,10.0,0.0,65.78,65.64
625D,pass@30,3.0,5.0,3.0,5.0,8.0,8.0,16.36,24.0,1.5,36.0,2.0,0.008,4.0,10.0,11.0,0.0,67.22,67.08
625D,pass@31,5.0,9.0,7.0,13.0,14.0,20.0,40.14,76.15,3.61,274.98,15.28,0.0254,5.0,13.0,14.0,0.0,61.15,61.15
625D,pass@32,5.0,9.0,7.0,13.0,14.0,20.0,40.14,76.15,3.61,274.98,15.28,0.0254,5.0,16.0,17.0,0.0,59.45,59.31
626A,pass@1,2.0,8.0,6.0,10.0,10.0,16.0,26.0,53.15,1.25,66.44,3.69,0.0177,2.0,16.0,17.0,0.0,60.81,60.81
626A,pass@2,3.0,11.0,10.0,20.0,14.0,30.0,42.81,114.22,2.73,311.51,17.31,0.0381,6.0,21.0,21.0,0.0,55.94,55.94
626A,pass@3,4.0,15.0,12.0,24.0,19.0,36.0,66.6,152.93,3.2,489.36,27.19,0.051,0.0,17.0,17.0,0.0,56.65,57.86
626A,pass@4,2.0,8.0,6.0,10.0,10.0,16.0,26.0,53.15,1.25,66.44,3.69,0.0177,2.0,16.0,17.0,0.0,60.81,60.81
626A,pass@5,4.0,15.0,14.0,28.0,19.0,42.0,66.6,178.41,3.73,666.08,37.0,0.0595,4.0,18.0,22.0,0.0,54.41,54.41
626A,pass@6,3.0,11.0,10.0,20.0,14.0,30.0,42.81,114.22,2.73,311.51,17.31,0.0381,6.0,21.0,21.0,0.0,55.94,55.94
626A,pass@7,4.0,15.0,12.0,24.0,19.0,36.0,66.6,152.93,3.2,489.36,27.19,0.051,9.0,20.0,20.0,0.0,55.11,55.11
626A,pass@8,3.0,13.0,13.0,25.0,16.0,38.0,52.86,152.0,2.88,438.46,24.36,0.0507,4.0,22.0,22.0,0.0,54.9,54.9
626A,pass@9,4.0,15.0,12.0,24.0,19.0,36.0,66.6,152.93,3.2,489.36,27.19,0.051,9.0,20.0,20.0,0.0,55.11,55.11
626A,pass@10,3.0,8.0,6.0,10.0,11.0,16.0,28.75,55.35,1.88,103.78,5.77,0.0185,4.0,16.0,17.0,0.0,60.42,60.42
626A,pass@11,4.0,13.0,11.0,22.0,17.0,33.0,56.11,134.89,3.38,456.54,25.36,0.045,7.0,22.0,22.0,36.36,82.6,82.6
626A,pass@12,3.0,10.0,7.0,12.0,13.0,19.0,37.97,70.31,1.8,126.56,7.03,0.0234,3.0,15.0,17.0,0.0,59.82,59.82
626A,pass@13,3.0,14.0,12.0,24.0,17.0,36.0,58.06,147.15,2.57,378.38,21.02,0.049,4.0,22.0,22.0,0.0,55.0,55.0
626A,pass@14,3.0,10.0,8.0,14.0,13.0,22.0,37.97,81.41,2.1,170.96,9.5,0.0271,4.0,19.0,21.0,0.0,57.24,57.24
626A,pass@15,4.0,13.0,11.0,22.0,17.0,33.0,56.11,134.89,3.38,456.54,25.36,0.045,7.0,24.0,24.0,20.83,77.75,77.75
626A,pass@16,4.0,12.0,12.0,24.0,16.0,36.0,51.02,144.0,4.0,576.0,32.0,0.048,9.0,20.0,20.0,0.0,55.3,55.3
626A,pass@17,3.0,14.0,10.0,20.0,17.0,30.0,58.06,122.62,2.14,262.77,14.6,0.0409,6.0,21.0,21.0,0.0,55.73,55.73
626A,pass@18,4.0,13.0,11.0,22.0,17.0,33.0,56.11,134.89,3.38,456.54,25.36,0.045,8.0,19.0,19.0,0.0,56.12,56.12
626A,pass@19,3.0,11.0,8.0,14.0,14.0,22.0,42.81,83.76,1.91,159.91,8.88,0.0279,4.0,19.0,21.0,0.0,57.15,57.15
626A,pass@20,4.0,13.0,11.0,22.0,17.0,33.0,56.11,134.89,3.38,456.54,25.36,0.045,7.0,22.0,22.0,0.0,54.86,54.86
626A,pass@21,3.0,10.0,7.0,12.0,13.0,19.0,37.97,70.31,1.8,126.56,7.03,0.0234,3.0,17.0,19.0,0.0,58.77,58.77
626A,pass@22,3.0,10.0,7.0,12.0,13.0,19.0,37.97,70.31,1.8,126.56,7.03,0.0234,3.0,15.0,16.0,0.0,60.4,60.4
626A,pass@23,4.0,13.0,11.0,22.0,17.0,33.0,56.11,134.89,3.38,456.54,25.36,0.045,7.0,22.0,23.0,0.0,54.44,54.44
626A,pass@24,3.0,10.0,7.0,12.0,13.0,19.0,37.97,70.31,1.8,126.56,7.03,0.0234,0.0,14.0,16.0,0.0,60.4,60.8
626A,pass@25,4.0,15.0,12.0,24.0,19.0,36.0,66.6,152.93,3.2,489.36,27.19,0.051,9.0,19.0,19.0,0.0,55.6,55.6
626A,pass@26,3.0,10.0,7.0,12.0,13.0,19.0,37.97,70.31,1.8,126.56,7.03,0.0234,3.0,16.0,18.0,0.0,59.28,59.28
626A,pass@27,3.0,10.0,7.0,12.0,13.0,19.0,37.97,70.31,1.8,126.56,7.03,0.0234,3.0,17.0,18.0,0.0,59.28,59.28
626A,pass@28,2.0,8.0,6.0,10.0,10.0,16.0,26.0,53.15,1.25,66.44,3.69,0.0177,2.0,21.0,17.0,0.0,60.81,60.81
626A,pass@29,4.0,9.0,8.0,14.0,13.0,22.0,36.53,81.41,3.11,253.27,14.07,0.0271,5.0,15.0,17.0,0.0,59.11,59.11
626A,pass@30,4.0,12.0,12.0,24.0,16.0,36.0,51.02,144.0,4.0,576.0,32.0,0.048,9.0,22.0,22.0,0.0,54.39,54.39
626A,pass@31,4.0,16.0,11.0,22.0,20.0,33.0,72.0,142.62,2.75,392.21,21.79,0.0475,7.0,24.0,24.0,29.17,80.17,80.17
626A,pass@32,3.0,13.0,10.0,20.0,16.0,30.0,52.86,120.0,2.31,276.92,15.38,0.04,6.0,21.0,21.0,0.0,55.79,55.79
629B,pass@1,5.0,11.0,16.0,28.0,16.0,44.0,49.66,176.0,6.36,1120.0,62.22,0.0587,8.0,30.0,30.0,0.0,50.71,50.98
629B,pass@2,4.0,14.0,12.0,21.0,18.0,33.0,61.3,137.61,3.0,412.82,22.93,0.0459,5.0,17.0,17.0,0.0,57.38,57.51
629B,pass@3,4.0,12.0,9.0,16.0,16.0,25.0,51.02,100.0,2.67,266.67,14.81,0.0333,0.0,12.0,12.0,0.0,61.24,62.45
629B,pass@4,6.0,11.0,12.0,20.0,17.0,32.0,53.56,130.8,5.45,713.45,39.64,0.0436,6.0,28.0,29.0,0.0,52.2,52.47
629B,pass@5,7.0,21.0,15.0,29.0,28.0,44.0,111.89,211.52,4.83,1022.36,56.8,0.0705,7.0,32.0,32.0,0.0,49.81,49.94
629B,pass@6,6.0,10.0,9.0,16.0,16.0,25.0,48.73,100.0,4.8,480.0,26.67,0.0333,5.0,24.0,24.0,0.0,54.95,55.22
629B,pass@7,5.0,11.0,16.0,28.0,16.0,44.0,49.66,176.0,6.36,1120.0,62.22,0.0587,8.0,28.0,28.0,0.0,51.36,51.63
629B,pass@8,6.0,10.0,9.0,16.0,16.0,25.0,48.73,100.0,4.8,480.0,26.67,0.0333,6.0,18.0,18.0,0.0,57.54,57.81
629B,pass@9,5.0,11.0,16.0,28.0,16.0,44.0,49.66,176.0,6.36,1120.0,62.22,0.0587,8.0,29.0,29.0,0.0,51.17,51.3
629B,pass@10,5.0,11.0,15.0,26.0,16.0,41.0,49.66,164.0,5.91,969.09,53.84,0.0547,8.0,21.0,21.0,0.0,54.44,54.57
629B,pass@11,4.0,9.0,8.0,14.0,13.0,22.0,36.53,81.41,3.11,253.27,14.07,0.0271,5.0,23.0,24.0,0.0,55.71,55.84
629B,pass@12,5.0,11.0,16.0,28.0,16.0,44.0,49.66,176.0,6.36,1120.0,62.22,0.0587,9.0,26.0,26.0,0.0,51.93,52.2
629B,pass@13,6.0,13.0,11.0,20.0,19.0,31.0,63.62,131.69,4.62,607.78,33.77,0.0439,6.0,22.0,22.0,0.0,54.93,55.07
629B,pass@14,4.0,13.0,12.0,21.0,17.0,33.0,56.11,134.89,3.23,435.79,24.21,0.045,4.0,23.0,24.0,0.0,54.31,54.44
629B,pass@15,6.0,15.0,12.0,22.0,21.0,34.0,74.11,149.34,4.4,657.09,36.51,0.0498,4.0,25.0,25.0,0.0,53.61,53.74
629B,pass@16,6.0,12.0,14.0,25.0,18.0,39.0,58.53,162.63,6.25,1016.42,56.47,0.0542,7.0,30.0,30.0,0.0,51.08,51.35
629B,pass@17,6.0,10.0,9.0,16.0,16.0,25.0,48.73,100.0,4.8,480.0,26.67,0.0333,6.0,19.0,19.0,0.0,57.16,57.29
629B,pass@18,4.0,12.0,9.0,16.0,16.0,25.0,51.02,100.0,2.67,266.67,14.81,0.0333,0.0,14.0,14.0,0.0,59.78,60.99
629B,pass@19,5.0,11.0,15.0,26.0,16.0,41.0,49.66,164.0,5.91,969.09,53.84,0.0547,8.0,23.0,24.0,0.0,53.17,53.31
629B,pass@20,5.0,11.0,16.0,28.0,16.0,44.0,49.66,176.0,6.36,1120.0,62.22,0.0587,8.0,28.0,28.0,0.0,51.36,51.63
629B,pass@21,4.0,11.0,7.0,13.0,15.0,20.0,46.05,78.14,2.36,184.69,10.26,0.026,4.0,21.0,22.0,0.0,56.79,56.92
629B,pass@22,5.0,14.0,18.0,32.0,19.0,50.0,64.91,212.4,5.71,1213.69,67.43,0.0708,8.0,28.0,28.0,0.0,50.93,51.06
629B,pass@23,5.0,15.0,18.0,32.0,20.0,50.0,70.21,216.1,5.33,1152.51,64.03,0.072,8.0,35.0,35.0,0.0,48.76,48.89
629B,pass@24,5.0,8.0,8.0,14.0,13.0,22.0,35.61,81.41,4.38,356.17,19.79,0.0271,6.0,25.0,25.0,0.0,55.05,55.32
629B,pass@25,5.0,11.0,16.0,28.0,16.0,44.0,49.66,176.0,6.36,1120.0,62.22,0.0587,8.0,27.0,27.0,0.0,51.71,51.98
629B,pass@26,5.0,10.0,12.0,21.0,15.0,33.0,44.83,128.93,5.25,676.87,37.6,0.043,6.0,29.0,29.0,0.0,52.38,52.52
629B,pass@27,4.0,13.0,12.0,24.0,17.0,36.0,56.11,147.15,3.69,543.32,30.18,0.049,8.0,30.0,30.0,0.0,51.25,51.52
629B,pass@28,6.0,17.0,18.0,33.0,23.0,51.0,85.0,230.7,5.82,1343.5,74.64,0.0769,8.0,29.0,29.0,0.0,50.34,50.48
629B,pass@29,4.0,16.0,14.0,25.0,20.0,39.0,72.0,168.56,3.12,526.73,29.26,0.0562,5.0,17.0,17.0,0.0,56.76,56.89
629B,pass@30,7.0,16.0,17.0,32.0,23.0,49.0,83.65,221.65,7.0,1551.58,86.2,0.0739,6.0,28.0,28.0,0.0,51.07,51.2
629B,pass@31,5.0,11.0,16.0,28.0,16.0,44.0,49.66,176.0,6.36,1120.0,62.22,0.0587,8.0,33.0,33.0,0.0,49.94,50.08
629B,pass@32,4.0,7.0,7.0,12.0,11.0,19.0,27.65,65.73,3.43,225.36,12.52,0.0219,6.0,18.0,18.0,0.0,58.81,59.08
630J,pass@1,2.0,6.0,3.0,6.0,8.0,9.0,17.51,27.0,1.0,27.0,1.5,0.009,1.0,6.0,6.0,0.0,72.87,72.87
630J,pass@2,1.0,2.0,1.0,2.0,3.0,3.0,2.0,4.75,0.5,2.38,0.13,0.0016,1.0,6.0,6.0,0.0,78.15,78.15
630J,pass@3,2.0,6.0,3.0,6.0,8.0,9.0,17.51,27.0,1.0,27.0,1.5,0.009,1.0,8.0,8.0,0.0,70.01,70.14
630J,pass@4,3.0,8.0,4.0,8.0,11.0,12.0,28.75,41.51,1.5,62.27,3.46,0.0138,3.0,12.0,12.0,0.0,64.72,64.72
630J,pass@5,3.0,9.0,5.0,10.0,12.0,15.0,33.28,53.77,1.67,89.62,4.98,0.0179,3.0,11.0,11.0,0.0,64.9,64.76
630J,pass@7,2.0,4.0,2.0,4.0,6.0,6.0,10.0,15.51,1.0,15.51,0.86,0.0052,1.0,7.0,7.0,0.0,72.96,73.09
630J,pass@8,2.0,6.0,3.0,6.0,8.0,9.0,17.51,27.0,1.0,27.0,1.5,0.009,2.0,8.0,8.0,12.5,89.7,89.56
630J,pass@9,2.0,6.0,3.0,6.0,8.0,9.0,17.51,27.0,1.0,27.0,1.5,0.009,1.0,8.0,8.0,0.0,70.01,70.14
630J,pass@10,2.0,4.0,2.0,4.0,6.0,6.0,10.0,15.51,1.0,15.51,0.86,0.0052,1.0,7.0,7.0,0.0,72.96,73.09
630J,pass@11,2.0,6.0,3.0,6.0,8.0,9.0,17.51,27.0,1.0,27.0,1.5,0.009,4.0,14.0,14.0,0.0,64.71,64.44
630J,pass@12,2.0,6.0,3.0,6.0,8.0,9.0,17.51,27.0,1.0,27.0,1.5,0.009,1.0,8.0,8.0,0.0,70.01,70.14
630J,pass@13,2.0,6.0,3.0,6.0,8.0,9.0,17.51,27.0,1.0,27.0,1.5,0.009,1.0,8.0,8.0,0.0,70.01,70.14
630J,pass@14,3.0,8.0,4.0,8.0,11.0,12.0,28.75,41.51,1.5,62.27,3.46,0.0138,4.0,13.0,13.0,0.0,64.1,63.83
630J,pass@15,2.0,6.0,3.0,6.0,8.0,9.0,17.51,27.0,1.0,27.0,1.5,0.009,1.0,8.0,8.0,0.0,70.01,70.14
630J,pass@16,2.0,4.0,2.0,4.0,6.0,6.0,10.0,15.51,1.0,15.51,0.86,0.0052,1.0,6.0,6.0,0.0,74.42,74.55
630J,pass@17,2.0,6.0,3.0,6.0,8.0,9.0,17.51,27.0,1.0,27.0,1.5,0.009,1.0,10.0,10.0,0.0,67.89,68.03
630J,pass@18,2.0,6.0,3.0,6.0,8.0,9.0,17.51,27.0,1.0,27.0,1.5,0.009,1.0,8.0,8.0,0.0,70.01,70.14
630J,pass@19,2.0,6.0,3.0,6.0,8.0,9.0,17.51,27.0,1.0,27.0,1.5,0.009,1.0,8.0,8.0,0.0,70.01,70.14
630J,pass@20,5.0,12.0,6.0,12.0,17.0,18.0,54.63,73.57,2.5,183.94,10.22,0.0245,6.0,18.0,18.0,5.56,72.73,72.46
630J,pass@21,2.0,6.0,3.0,6.0,8.0,9.0,17.51,27.0,1.0,27.0,1.5,0.009,1.0,8.0,8.0,0.0,70.01,70.14
630J,pass@22,2.0,6.0,3.0,6.0,8.0,9.0,17.51,27.0,1.0,27.0,1.5,0.009,1.0,8.0,8.0,0.0,70.01,70.14
630J,pass@23,2.0,6.0,3.0,6.0,8.0,9.0,17.51,27.0,1.0,27.0,1.5,0.009,3.0,12.0,12.0,0.0,66.3,66.03
630J,pass@24,2.0,6.0,3.0,6.0,8.0,9.0,17.51,27.0,1.0,27.0,1.5,0.009,4.0,13.0,13.0,0.0,65.41,65.14
630J,pass@25,2.0,6.0,3.0,6.0,8.0,9.0,17.51,27.0,1.0,27.0,1.5,0.009,1.0,8.0,8.0,0.0,70.01,70.14
630J,pass@26,3.0,8.0,4.0,8.0,11.0,12.0,28.75,41.51,1.5,62.27,3.46,0.0138,3.0,12.0,12.0,0.0,64.72,64.72
630J,pass@27,2.0,6.0,3.0,6.0,8.0,9.0,17.51,27.0,1.0,27.0,1.5,0.009,1.0,8.0,8.0,0.0,70.01,70.14
630J,pass@28,3.0,8.0,4.0,8.0,11.0,12.0,28.75,41.51,1.5,62.27,3.46,0.0138,2.0,10.0,10.0,10.0,84.4,84.4
630J,pass@29,2.0,6.0,3.0,6.0,8.0,9.0,17.51,27.0,1.0,27.0,1.5,0.009,1.0,8.0,8.0,0.0,70.01,70.14
630J,pass@30,3.0,8.0,4.0,8.0,11.0,12.0,28.75,41.51,1.5,62.27,3.46,0.0138,3.0,12.0,12.0,0.0,64.72,64.72
630J,pass@31,2.0,6.0,3.0,6.0,8.0,9.0,17.51,27.0,1.0,27.0,1.5,0.009,2.0,9.0,9.0,0.0,69.03,68.89
630J,pass@32,2.0,6.0,3.0,6.0,8.0,9.0,17.51,27.0,1.0,27.0,1.5,0.009,1.0,8.0,8.0,0.0,70.01,70.14
631D,pass@1,9.0,33.0,37.0,72.0,42.0,109.0,194.99,587.76,9.82,5770.76,320.6,0.1959,18.0,74.0,74.0,0.0,37.41,37.41
631D,pass@2,4.0,28.0,21.0,42.0,32.0,63.0,142.61,315.0,3.0,945.0,52.5,0.105,9.0,32.0,33.0,0.0,47.9,48.17
631D,pass@4,12.0,72.0,58.0,116.0,84.0,174.0,487.25,1112.26,9.67,10751.88,597.33,0.3708,13.0,77.0,78.0,5.19,48.68,48.95
631D,pass@5,4.0,10.0,7.0,14.0,14.0,21.0,41.22,79.95,2.8,223.87,12.44,0.0267,5.0,19.0,19.0,0.0,57.84,58.11
631D,pass@6,9.0,46.0,36.0,71.0,55.0,107.0,282.61,618.61,6.95,4296.62,238.7,0.2062,17.0,50.0,52.0,0.0,40.47,40.74
631D,pass@7,9.0,18.0,17.0,34.0,27.0,51.0,103.59,242.5,8.5,2061.24,114.51,0.0808,10.0,49.0,49.0,14.29,65.45,65.72
631D,pass@8,10.0,37.0,34.0,60.0,47.0,94.0,225.97,522.13,8.11,4233.5,235.19,0.174,1.0,71.0,76.0,0.0,39.81,39.81
631D,pass@9,4.0,10.0,6.0,12.0,14.0,18.0,41.22,68.53,2.4,164.48,9.14,0.0228,5.0,18.0,18.0,0.0,58.96,59.09
631D,pass@10,8.0,27.0,37.0,74.0,35.0,111.0,152.38,569.35,10.96,6241.77,346.76,0.1898,18.0,56.0,57.0,0.0,40.12,39.98
631D,pass@11,10.0,46.0,47.0,92.0,56.0,139.0,287.3,807.22,10.0,8072.22,448.46,0.2691,16.0,47.0,52.0,0.0,40.06,40.06
631D,pass@12,10.0,44.0,38.0,73.0,54.0,111.0,273.43,638.79,8.3,5299.07,294.39,0.2129,22.0,45.0,47.0,6.67,56.1,55.83
631D,pass@13,4.0,31.0,28.0,55.0,35.0,83.0,161.58,425.73,3.55,1510.66,83.93,0.1419,13.0,63.0,65.0,0.0,40.03,40.3
631D,pass@14,9.0,50.0,41.0,82.0,59.0,123.0,310.72,723.57,7.38,5339.91,296.66,0.2412,3.0,70.0,70.0,0.0,39.06,39.33
631D,pass@15,8.0,30.0,21.0,42.0,38.0,63.0,171.21,330.62,5.6,1851.47,102.86,0.1102,3.0,26.0,28.0,0.0,50.12,50.39
631D,pass@16,8.0,32.0,27.0,52.0,40.0,79.0,184.0,420.43,6.5,2732.81,151.82,0.1401,12.0,45.0,47.0,0.0,43.54,43.54
631D,pass@17,8.0,44.0,42.0,84.0,52.0,126.0,264.21,718.26,7.64,5484.86,304.71,0.2394,9.0,39.0,42.0,7.69,59.01,59.27
631D,pass@18,8.0,18.0,15.0,30.0,26.0,45.0,99.06,211.52,6.67,1410.13,78.34,0.0705,13.0,35.0,35.0,0.0,48.56,48.29
631D,pass@19,6.0,15.0,12.0,24.0,21.0,36.0,74.11,158.12,4.8,758.99,42.17,0.0527,12.0,35.0,36.0,8.57,65.44,65.71
631D,pass@20,5.0,24.0,20.0,40.0,29.0,60.0,121.65,291.48,4.17,1214.5,67.47,0.0972,9.0,25.0,25.0,0.0,51.17,51.04
631D,pass@21,10.0,47.0,45.0,90.0,57.0,135.0,294.28,787.44,9.57,7539.32,418.85,0.2625,3.0,116.0,117.0,0.0,34.2,34.2
631D,pass@22,4.0,10.0,7.0,14.0,14.0,21.0,41.22,79.95,2.8,223.87,12.44,0.0267,5.0,21.0,21.0,0.0,56.62,57.16
631D,pass@23,11.0,36.0,26.0,52.0,47.0,78.0,224.17,433.26,7.94,3441.99,191.22,0.1444,8.0,64.0,64.0,0.0,40.52,41.06
631D,pass@24,4.0,22.0,18.0,36.0,26.0,54.0,106.11,253.82,3.27,830.7,46.15,0.0846,5.0,21.0,21.0,0.0,53.51,53.65
631D,pass@25,8.0,34.0,31.0,62.0,42.0,93.0,196.97,501.49,7.29,3657.89,203.22,0.1672,5.0,45.0,45.0,0.0,44.09,44.36
631D,pass@26,4.0,10.0,6.0,12.0,14.0,18.0,41.22,68.53,2.4,164.48,9.14,0.0228,3.0,22.0,22.0,0.0,56.92,57.46
631D,pass@27,4.0,10.0,6.0,12.0,14.0,18.0,41.22,68.53,2.4,164.48,9.14,0.0228,3.0,20.0,22.0,25.0,82.35,82.62
631D,pass@28,7.0,26.0,19.0,38.0,33.0,57.0,141.86,287.53,5.12,1470.83,81.71,0.0958,9.0,55.0,55.0,0.0,43.74,43.61
631D,pass@29,4.0,10.0,7.0,14.0,14.0,21.0,41.22,79.95,2.8,223.87,12.44,0.0267,5.0,22.0,22.0,0.0,56.18,56.72
631D,pass@30,4.0,24.0,19.0,38.0,28.0,57.0,118.04,274.02,3.17,867.73,48.21,0.0913,8.0,20.0,21.0,0.0,53.15,53.01
631D,pass@31,12.0,98.0,92.0,179.0,110.0,271.0,691.26,1837.75,10.96,20140.22,1118.9,0.6126,27.0,83.0,83.0,0.0,31.38,31.65
631D,pass@32,8.0,49.0,36.0,72.0,57.0,108.0,299.12,629.95,5.88,3702.58,205.7,0.21,14.0,31.0,31.0,0.0,46.12,45.98
633D,pass@3,4.0,10.0,6.0,12.0,14.0,18.0,41.22,68.53,2.4,164.48,9.14,0.0228,4.0,18.0,18.0,0.0,59.22,59.22
633D,pass@4,3.0,9.0,6.0,12.0,12.0,18.0,33.28,64.53,2.0,129.06,7.17,0.0215,7.0,22.0,22.0,0.0,57.1,57.1
633D,pass@5,3.0,8.0,4.0,8.0,11.0,12.0,28.75,41.51,1.5,62.27,3.46,0.0138,4.0,22.0,24.0,0.0,58.02,58.02
633D,pass@7,5.0,10.0,7.0,13.0,15.0,20.0,44.83,78.14,3.25,253.95,14.11,0.026,4.0,19.0,19.0,0.0,58.31,58.31
633D,pass@8,3.0,8.0,4.0,8.0,11.0,12.0,28.75,41.51,1.5,62.27,3.46,0.0138,2.0,21.0,21.0,0.0,59.56,59.56
633D,pass@10,4.0,8.0,5.0,10.0,12.0,15.0,32.0,53.77,2.5,134.44,7.47,0.0179,6.0,16.0,16.0,0.0,60.94,60.81
633D,pass@11,4.0,10.0,6.0,12.0,14.0,18.0,41.22,68.53,2.4,164.48,9.14,0.0228,4.0,18.0,18.0,0.0,59.22,59.22
633D,pass@12,4.0,10.0,6.0,12.0,14.0,18.0,41.22,68.53,2.4,164.48,9.14,0.0228,4.0,18.0,18.0,0.0,59.22,59.22
633D,pass@13,4.0,10.0,6.0,12.0,14.0,18.0,41.22,68.53,2.4,164.48,9.14,0.0228,4.0,20.0,21.0,0.0,57.76,57.76
633D,pass@14,2.0,8.0,5.0,10.0,10.0,15.0,26.0,49.83,1.25,62.29,3.46,0.0166,5.0,16.0,16.0,0.0,61.18,61.18
633D,pass@15,9.0,28.0,24.0,45.0,37.0,69.0,163.14,359.45,7.23,2599.61,144.42,0.1198,11.0,30.0,30.0,0.0,48.4,48.4
633D,pass@16,3.0,8.0,4.0,8.0,11.0,12.0,28.75,41.51,1.5,62.27,3.46,0.0138,8.0,20.0,20.0,0.0,59.35,59.21
633D,pass@17,4.0,10.0,6.0,12.0,14.0,18.0,41.22,68.53,2.4,164.48,9.14,0.0228,8.0,18.0,18.0,0.0,58.82,58.69
633D,pass@18,2.0,8.0,5.0,10.0,10.0,15.0,26.0,49.83,1.25,62.29,3.46,0.0166,5.0,22.0,22.0,0.0,58.16,58.16
633D,pass@20,4.0,12.0,10.0,20.0,16.0,30.0,51.02,120.0,3.33,400.0,22.22,0.04,6.0,18.0,18.0,0.0,57.25,57.25
633D,pass@22,3.0,10.0,8.0,16.0,13.0,24.0,37.97,88.81,2.4,213.15,11.84,0.0296,5.0,20.0,20.0,0.0,57.3,57.3
633D,pass@24,3.0,6.0,3.0,6.0,9.0,9.0,20.26,28.53,1.5,42.79,2.38,0.0095,6.0,18.0,18.0,0.0,61.76,61.62
633D,pass@25,6.0,15.0,12.0,24.0,21.0,36.0,74.11,158.12,4.8,758.99,42.17,0.0527,6.0,20.0,20.0,0.0,55.41,55.41
633D,pass@26,3.0,8.0,5.0,10.0,11.0,15.0,28.75,51.89,1.88,97.3,5.41,0.0173,6.0,22.0,22.0,0.0,57.9,57.9
633D,pass@27,3.0,7.0,4.0,8.0,10.0,12.0,24.41,39.86,1.71,68.34,3.8,0.0133,2.0,14.0,14.0,0.0,63.52,63.52
633D,pass@28,4.0,10.0,6.0,12.0,14.0,18.0,41.22,68.53,2.4,164.48,9.14,0.0228,4.0,19.0,19.0,0.0,58.71,58.71
633D,pass@29,1.0,6.0,4.0,8.0,7.0,12.0,15.51,33.69,0.67,22.46,1.25,0.0112,5.0,21.0,21.0,0.0,59.79,59.79
633D,pass@30,4.0,8.0,5.0,10.0,12.0,15.0,32.0,53.77,2.5,134.44,7.47,0.0179,2.0,18.0,19.0,0.0,59.72,59.72
633D,pass@31,8.0,20.0,14.0,25.0,28.0,39.0,110.44,187.49,5.0,937.43,52.08,0.0625,11.0,24.0,24.0,0.0,52.63,52.5
633D,pass@32,4.0,11.0,6.0,12.0,15.0,18.0,46.05,70.32,2.18,153.43,8.52,0.0234,8.0,25.0,25.0,0.0,55.63,55.5
641D,pass@1,4.0,25.0,19.0,38.0,29.0,57.0,124.1,276.9,3.04,841.79,46.77,0.0923,0.0,19.0,23.0,10.53,70.73,71.4
641D,pass@2,6.0,27.0,32.0,64.0,33.0,96.0,143.89,484.26,7.11,3443.64,191.31,0.1614,0.0,22.0,26.0,18.18,71.72,72.93
641D,pass@3,6.0,44.0,47.0,94.0,50.0,141.0,255.72,795.78,6.41,5100.25,283.35,0.2653,12.0,37.0,40.0,13.51,63.17,63.31
641D,pass@4,9.0,45.0,42.0,82.0,54.0,124.0,275.66,713.61,8.2,5851.57,325.09,0.2379,8.0,50.0,54.0,6.0,55.23,55.37
641D,pass@5,4.0,23.0,23.0,46.0,27.0,69.0,112.04,328.09,4.0,1312.35,72.91,0.1094,2.0,32.0,32.0,0.0,49.15,49.28
641D,pass@6,5.0,28.0,23.0,46.0,33.0,69.0,146.22,348.06,4.11,1429.55,79.42,0.116,5.0,30.0,34.0,0.0,47.99,48.12
641D,pass@7,4.0,22.0,23.0,46.0,26.0,69.0,106.11,324.33,4.18,1356.29,75.35,0.1081,0.0,16.0,20.0,25.0,78.52,79.2
641D,pass@8,2.0,9.0,10.0,20.0,11.0,30.0,30.53,103.78,2.22,230.63,12.81,0.0346,0.0,13.0,15.0,0.0,59.96,60.23
641D,pass@10,5.0,13.0,11.0,22.0,18.0,33.0,59.72,137.61,4.23,582.19,32.34,0.0459,0.0,15.0,17.0,0.0,57.51,58.18
641D,pass@11,5.0,22.0,21.0,42.0,27.0,63.0,109.72,299.56,4.77,1429.71,79.43,0.0999,0.0,18.0,22.0,0.0,52.3,53.38
641D,pass@12,3.0,19.0,12.0,24.0,22.0,36.0,85.47,160.54,1.89,304.18,16.9,0.0535,0.0,12.0,14.0,0.0,59.02,59.55
641D,pass@13,5.0,23.0,24.0,48.0,28.0,72.0,115.65,346.13,5.22,1805.89,100.33,0.1154,4.0,23.0,29.0,0.0,49.65,49.78
641D,pass@14,5.0,20.0,23.0,46.0,25.0,69.0,98.05,320.43,5.75,1842.45,102.36,0.1068,9.0,24.0,28.0,0.0,49.41,49.68
641D,pass@15,4.0,33.0,37.0,74.0,37.0,111.0,174.47,578.25,4.48,2593.36,144.08,0.1927,0.0,25.0,29.0,16.0,69.1,70.31
641D,pass@16,4.0,23.0,17.0,34.0,27.0,51.0,112.04,242.5,2.96,716.95,39.83,0.0808,3.0,23.0,25.0,0.0,52.14,52.4
641D,pass@17,4.0,26.0,23.0,46.0,30.0,69.0,130.21,338.58,3.54,1198.04,66.56,0.1129,6.0,26.0,32.0,0.0,48.65,48.65
641D,pass@18,5.0,26.0,32.0,62.0,31.0,94.0,133.82,465.69,5.96,2776.26,154.24,0.1552,5.0,22.0,26.0,0.0,49.64,49.78
641D,pass@19,3.0,9.0,10.0,20.0,12.0,30.0,33.28,107.55,3.33,358.5,19.92,0.0358,0.0,24.0,28.0,33.33,80.75,81.42
641D,pass@20,6.0,43.0,42.0,84.0,49.0,126.0,248.84,707.45,5.86,4146.01,230.33,0.2358,8.0,39.0,41.0,5.13,56.88,57.01
641D,pass@21,4.0,20.0,16.0,32.0,24.0,48.0,94.44,220.08,3.2,704.25,39.13,0.0734,6.0,20.0,22.0,5.0,66.57,66.57
641D,pass@22,5.0,29.0,27.0,54.0,34.0,81.0,152.49,412.08,4.66,1918.32,106.57,0.1374,6.0,26.0,30.0,0.0,48.53,48.66
641D,pass@23,5.0,19.0,12.0,24.0,24.0,36.0,92.32,165.06,3.16,521.24,28.96,0.055,0.0,21.0,21.0,23.81,79.33,80.41
641D,pass@24,5.0,32.0,22.0,42.0,37.0,64.0,171.61,333.41,3.28,1093.99,60.78,0.1111,0.0,18.0,22.0,0.0,52.38,53.05
641D,pass@25,6.0,35.0,36.0,70.0,41.0,106.0,195.03,567.9,6.0,3407.4,189.3,0.1893,4.0,27.0,35.0,18.52,69.11,69.25
641D,pass@26,4.0,44.0,43.0,86.0,48.0,129.0,248.21,720.46,3.91,2816.34,156.46,0.2402,1.0,32.0,36.0,0.0,45.37,45.91
641D,pass@27,4.0,23.0,18.0,36.0,27.0,54.0,112.04,256.76,3.13,803.78,44.65,0.0856,0.0,18.0,22.0,0.0,53.44,53.84
641D,pass@28,5.0,37.0,31.0,62.0,42.0,93.0,204.36,501.49,4.19,2100.82,116.71,0.1672,6.0,28.0,34.0,0.0,46.74,46.88
641D,pass@29,7.0,23.0,26.0,52.0,30.0,78.0,123.69,382.74,7.91,3028.62,168.26,0.1276,7.0,74.0,76.0,0.0,39.81,39.94
641D,pass@30,5.0,30.0,25.0,50.0,35.0,75.0,158.82,384.7,4.17,1602.9,89.05,0.1282,7.0,22.0,28.0,13.64,69.51,69.64
641D,pass@31,4.0,37.0,37.0,74.0,41.0,111.0,200.75,594.69,4.0,2378.75,132.15,0.1982,0.0,20.0,22.0,0.0,50.48,51.29
641D,pass@32,5.0,23.0,22.0,44.0,28.0,66.0,115.65,317.29,4.78,1517.45,84.3,0.1058,3.0,25.0,31.0,0.0,49.41,49.55
643B,pass@1,7.0,11.0,11.0,19.0,18.0,30.0,57.71,125.1,6.05,756.27,42.02,0.0417,0.0,16.0,16.0,0.0,58.51,59.05
643B,pass@2,7.0,17.0,15.0,26.0,24.0,41.0,89.14,187.98,5.35,1006.26,55.9,0.0627,8.0,25.0,25.0,12.0,71.74,71.74
643B,pass@3,7.0,34.0,56.0,93.0,41.0,149.0,192.63,798.28,9.57,7642.31,424.57,0.2661,27.0,53.0,53.0,0.0,38.3,38.43
643B,pass@4,9.0,29.0,21.0,39.0,38.0,60.0,169.41,314.88,6.05,1905.54,105.86,0.105,9.0,21.0,22.0,9.52,69.33,69.46
643B,pass@5,9.0,22.0,23.0,42.0,31.0,65.0,126.64,322.02,8.59,2766.47,153.69,0.1073,14.0,32.0,32.0,9.38,64.92,65.05
643B,pass@6,6.0,14.0,16.0,25.0,20.0,41.0,68.81,177.2,5.36,949.28,52.74,0.0591,0.0,21.0,21.0,0.0,54.61,55.41
643B,pass@7,7.0,26.0,37.0,58.0,33.0,95.0,141.86,479.22,7.81,3741.58,207.87,0.1597,12.0,44.0,44.0,0.0,43.63,43.77
643B,pass@8,6.0,11.0,14.0,21.0,17.0,35.0,53.56,143.06,5.73,819.35,45.52,0.0477,5.0,27.0,27.0,7.41,68.77,68.64
643B,pass@9,6.0,19.0,13.0,22.0,25.0,35.0,96.22,162.53,3.47,564.6,31.37,0.0542,4.0,37.0,37.0,5.41,63.32,63.32
643B,pass@11,6.0,21.0,16.0,29.0,27.0,45.0,107.75,213.97,4.14,886.45,49.25,0.0713,3.0,21.0,21.0,4.76,67.08,67.21
643B,pass@12,7.0,21.0,19.0,31.0,28.0,50.0,111.89,240.37,5.17,1241.9,68.99,0.0801,6.0,26.0,26.0,11.54,70.44,70.58
643B,pass@13,7.0,21.0,25.0,38.0,28.0,63.0,111.89,302.86,6.33,1918.13,106.56,0.101,9.0,34.0,34.0,8.82,64.76,64.89
643B,pass@14,6.0,18.0,14.0,26.0,24.0,40.0,90.57,183.4,4.33,794.73,44.15,0.0611,3.0,17.0,17.0,5.88,70.99,70.99
643B,pass@15,8.0,24.0,21.0,37.0,32.0,58.0,134.04,290.0,6.17,1788.33,99.35,0.0967,7.0,28.0,30.0,21.43,73.53,73.53
643B,pass@16,6.0,16.0,11.0,21.0,22.0,32.0,79.51,142.7,3.94,561.89,31.22,0.0476,5.0,22.0,22.0,0.0,54.96,54.96
643B,pass@17,7.0,18.0,14.0,25.0,25.0,39.0,94.71,181.11,4.86,880.4,48.91,0.0604,0.0,17.0,17.0,11.76,76.02,76.42
643B,pass@18,7.0,35.0,62.0,122.0,42.0,184.0,199.18,992.19,12.2,12104.67,672.48,0.3307,18.0,35.0,35.0,0.0,42.91,42.91
643B,pass@19,7.0,20.0,16.0,27.0,27.0,43.0,106.09,204.46,4.72,966.07,53.67,0.0682,7.0,28.0,28.0,10.71,69.52,69.66
643B,pass@20,9.0,29.0,42.0,65.0,38.0,107.0,169.41,561.53,10.09,5663.69,314.65,0.1872,8.0,35.0,35.0,0.0,45.86,45.99
643B,pass@21,9.0,26.0,24.0,47.0,35.0,71.0,150.74,364.18,8.13,2962.46,164.58,0.1214,1.0,36.0,37.0,0.0,45.84,47.72
643B,pass@22,7.0,12.0,10.0,18.0,19.0,28.0,62.67,118.94,5.25,624.45,34.69,0.0396,0.0,18.0,18.0,0.0,57.55,58.09
643B,pass@23,7.0,19.0,21.0,32.0,26.0,53.0,100.36,249.12,5.89,1468.52,81.58,0.083,7.0,29.0,29.0,0.0,50.24,50.38
643B,pass@24,8.0,15.0,12.0,21.0,23.0,33.0,82.6,149.28,5.6,835.95,46.44,0.0498,4.0,24.0,24.0,16.67,75.89,76.02
643B,pass@25,7.0,13.0,42.0,83.0,20.0,125.0,67.76,540.24,22.35,12072.31,670.68,0.1801,0.0,62.0,62.0,0.0,40.42,41.77
643B,pass@26,10.0,89.0,84.0,171.0,99.0,255.0,609.56,1690.49,9.61,16240.06,902.23,0.5635,46.0,27.0,27.0,0.0,39.85,39.99
643B,pass@27,6.0,16.0,40.0,77.0,22.0,117.0,79.51,521.75,14.44,7532.82,418.49,0.1739,9.0,36.0,36.0,0.0,45.68,45.81
643B,pass@28,10.0,39.0,31.0,62.0,49.0,93.0,239.35,522.17,7.95,4150.57,230.59,0.1741,17.0,17.0,17.0,23.53,76.53,76.53
643B,pass@29,6.0,10.0,14.0,22.0,16.0,36.0,48.73,144.0,6.6,950.4,52.8,0.048,0.0,19.0,20.0,0.0,55.83,56.51
643B,pass@30,7.0,26.0,35.0,55.0,33.0,90.0,141.86,454.0,7.4,3361.31,186.74,0.1513,10.0,36.0,36.0,11.11,64.59,64.73
643B,pass@31,7.0,16.0,19.0,30.0,23.0,49.0,83.65,221.65,6.56,1454.61,80.81,0.0739,0.0,25.0,25.0,12.0,71.24,72.31
643B,pass@32,7.0,15.0,16.0,29.0,22.0,45.0,78.25,200.67,6.77,1357.9,75.44,0.0669,4.0,25.0,25.0,12.0,71.94,72.08
645B,pass@1,3.0,5.0,3.0,6.0,8.0,9.0,16.36,27.0,1.8,48.6,2.7,0.009,1.0,4.0,4.0,0.0,76.71,76.71
645B,pass@2,4.0,7.0,6.0,12.0,11.0,18.0,27.65,62.27,3.43,213.5,11.86,0.0208,2.0,7.0,7.0,0.0,68.73,68.73
645B,pass@3,3.0,5.0,3.0,6.0,8.0,9.0,16.36,27.0,1.8,48.6,2.7,0.009,1.0,4.0,4.0,0.0,76.71,76.71
645B,pass@4,4.0,5.0,4.0,8.0,9.0,12.0,19.61,38.04,3.2,121.73,6.76,0.0127,2.0,7.0,7.0,0.0,70.23,70.23
645B,pass@5,4.0,5.0,4.0,8.0,9.0,12.0,19.61,38.04,3.2,121.73,6.76,0.0127,2.0,10.0,10.0,0.0,66.85,66.85
645B,pass@6,7.0,17.0,17.0,34.0,24.0,51.0,89.14,233.83,7.0,1636.83,90.94,0.0779,4.0,13.0,13.0,0.0,58.58,58.58
645B,pass@7,4.0,5.0,4.0,8.0,9.0,12.0,19.61,38.04,3.2,121.73,6.76,0.0127,2.0,6.0,6.0,0.0,71.69,71.69
645B,pass@8,3.0,7.0,5.0,10.0,10.0,15.0,24.41,49.83,2.14,106.78,5.93,0.0166,1.0,8.0,8.0,0.0,68.28,68.28
645B,pass@9,4.0,7.0,6.0,12.0,11.0,18.0,27.65,62.27,3.43,213.5,11.86,0.0208,2.0,9.0,9.0,0.0,66.35,66.35
645B,pass@10,5.0,12.0,10.0,20.0,17.0,30.0,54.63,122.62,4.17,510.93,28.39,0.0409,3.0,11.0,11.0,0.0,62.26,62.26
645B,pass@11,4.0,7.0,5.0,10.0,11.0,15.0,27.65,51.89,2.86,148.26,8.24,0.0173,2.0,10.0,10.0,0.0,65.77,65.91
645B,pass@12,3.0,5.0,3.0,6.0,8.0,9.0,16.36,27.0,1.8,48.6,2.7,0.009,1.0,7.0,7.0,0.0,71.41,71.41
645B,pass@13,3.0,7.0,5.0,10.0,10.0,15.0,24.41,49.83,2.14,106.78,5.93,0.0166,1.0,4.0,4.0,0.0,74.85,74.85
645B,pass@14,5.0,11.0,11.0,22.0,16.0,33.0,49.66,132.0,5.0,660.0,36.67,0.044,3.0,8.0,8.0,0.0,65.05,65.05
645B,pass@15,4.0,5.0,4.0,8.0,9.0,12.0,19.61,38.04,3.2,121.73,6.76,0.0127,2.0,7.0,7.0,0.0,70.23,70.23
645B,pass@16,4.0,5.0,4.0,8.0,9.0,12.0,19.61,38.04,3.2,121.73,6.76,0.0127,2.0,9.0,9.0,0.0,67.85,67.85
645B,pass@17,5.0,11.0,11.0,22.0,16.0,33.0,49.66,132.0,5.0,660.0,36.67,0.044,3.0,9.0,9.0,0.0,63.93,63.93
645B,pass@18,5.0,14.0,12.0,24.0,19.0,36.0,64.91,152.93,4.29,655.39,36.41,0.051,2.0,7.0,7.0,0.0,66.0,66.0
645B,pass@19,4.0,5.0,4.0,8.0,9.0,12.0,19.61,38.04,3.2,121.73,6.76,0.0127,2.0,6.0,6.0,0.0,71.69,71.69
645B,pass@20,3.0,7.0,5.0,10.0,10.0,15.0,24.41,49.83,2.14,106.78,5.93,0.0166,1.0,5.0,5.0,0.0,72.73,72.73
645B,pass@21,3.0,7.0,5.0,10.0,10.0,15.0,24.41,49.83,2.14,106.78,5.93,0.0166,1.0,4.0,4.0,0.0,74.85,74.85
645B,pass@22,5.0,18.0,16.0,32.0,23.0,48.0,86.67,217.13,4.44,965.03,53.61,0.0724,3.0,12.0,12.0,0.0,59.69,59.69
645B,pass@23,3.0,5.0,3.0,6.0,8.0,9.0,16.36,27.0,1.8,48.6,2.7,0.009,1.0,4.0,4.0,0.0,76.71,76.71
645B,pass@24,7.0,20.0,22.0,44.0,27.0,66.0,106.09,313.82,7.7,2416.43,134.25,0.1046,6.0,22.0,22.0,0.0,52.43,52.43
645B,pass@25,3.0,5.0,3.0,6.0,8.0,9.0,16.36,27.0,1.8,48.6,2.7,0.009,1.0,4.0,4.0,0.0,76.71,76.71
645B,pass@26,4.0,5.0,4.0,8.0,9.0,12.0,19.61,38.04,3.2,121.73,6.76,0.0127,2.0,6.0,6.0,0.0,71.69,71.69
645B,pass@27,4.0,5.0,4.0,8.0,9.0,12.0,19.61,38.04,3.2,121.73,6.76,0.0127,2.0,7.0,7.0,0.0,70.23,70.23
645B,pass@28,5.0,11.0,11.0,22.0,16.0,33.0,49.66,132.0,5.0,660.0,36.67,0.044,3.0,8.0,8.0,0.0,65.05,65.05
645B,pass@29,4.0,7.0,5.0,10.0,11.0,15.0,27.65,51.89,2.86,148.26,8.24,0.0173,1.0,14.0,14.0,35.71,90.36,90.49
645B,pass@30,5.0,11.0,11.0,22.0,16.0,33.0,49.66,132.0,5.0,660.0,36.67,0.044,3.0,12.0,12.0,0.0,61.21,61.21
645B,pass@31,4.0,5.0,4.0,8.0,9.0,12.0,19.61,38.04,3.2,121.73,6.76,0.0127,2.0,7.0,7.0,0.0,70.23,70.23
645B,pass@32,4.0,5.0,4.0,8.0,9.0,12.0,19.61,38.04,3.2,121.73,6.76,0.0127,2.0,10.0,10.0,40.0,95.11,95.11
653A,pass@1,4.0,11.0,7.0,15.0,15.0,22.0,46.05,85.95,2.73,234.41,13.02,0.0287,0.0,10.0,10.0,0.0,63.7,64.64
653A,pass@2,3.0,6.0,4.0,8.0,9.0,12.0,20.26,38.04,2.0,76.08,4.23,0.0127,0.0,8.0,8.0,0.0,68.83,69.24
653A,pass@3,5.0,10.0,7.0,14.0,15.0,21.0,44.83,82.04,3.5,287.16,15.95,0.0273,4.0,9.0,9.0,0.0,65.24,65.24
653A,pass@4,3.0,6.0,4.0,8.0,9.0,12.0,20.26,38.04,2.0,76.08,4.23,0.0127,0.0,8.0,8.0,0.0,68.83,69.24
653A,pass@5,4.0,8.0,4.0,8.0,12.0,12.0,32.0,43.02,2.0,86.04,4.78,0.0143,0.0,9.0,9.0,0.0,67.07,67.75
653A,pass@6,5.0,14.0,10.0,21.0,19.0,31.0,64.91,131.69,3.75,493.82,27.43,0.0439,0.0,8.0,8.0,0.0,64.65,65.46
653A,pass@7,5.0,10.0,7.0,14.0,15.0,21.0,44.83,82.04,3.5,287.16,15.95,0.0273,4.0,9.0,9.0,0.0,65.24,65.24
653A,pass@8,5.0,14.0,10.0,21.0,19.0,31.0,64.91,131.69,3.75,493.82,27.43,0.0439,0.0,9.0,9.0,0.0,63.54,64.34
653A,pass@9,3.0,6.0,4.0,8.0,9.0,12.0,20.26,38.04,2.0,76.08,4.23,0.0127,3.0,9.0,9.0,0.0,67.72,67.72
653A,pass@10,3.0,6.0,4.0,8.0,9.0,12.0,20.26,38.04,2.0,76.08,4.23,0.0127,0.0,8.0,8.0,0.0,68.83,69.24
653A,pass@11,5.0,14.0,10.0,21.0,19.0,31.0,64.91,131.69,3.75,493.82,27.43,0.0439,0.0,9.0,9.0,0.0,63.54,64.34
653A,pass@12,5.0,10.0,7.0,14.0,15.0,21.0,44.83,82.04,3.5,287.16,15.95,0.0273,0.0,8.0,8.0,0.0,66.36,66.9
653A,pass@13,5.0,12.0,9.0,17.0,17.0,26.0,54.63,106.27,3.54,376.39,20.91,0.0354,4.0,9.0,9.0,0.0,64.46,64.46
653A,pass@14,3.0,6.0,4.0,8.0,9.0,12.0,20.26,38.04,2.0,76.08,4.23,0.0127,0.0,9.0,9.0,0.0,67.58,68.12
653A,pass@15,5.0,10.0,7.0,14.0,15.0,21.0,44.83,82.04,3.5,287.16,15.95,0.0273,0.0,9.0,9.0,0.0,65.11,65.78
653A,pass@16,3.0,6.0,4.0,8.0,9.0,12.0,20.26,38.04,2.0,76.08,4.23,0.0127,3.0,9.0,9.0,0.0,67.72,67.72
653A,pass@17,5.0,10.0,7.0,14.0,15.0,21.0,44.83,82.04,3.5,287.16,15.95,0.0273,0.0,9.0,9.0,0.0,65.11,65.78
653A,pass@18,5.0,10.0,7.0,14.0,15.0,21.0,44.83,82.04,3.5,287.16,15.95,0.0273,0.0,9.0,9.0,0.0,65.11,65.78
653A,pass@19,5.0,10.0,7.0,14.0,15.0,21.0,44.83,82.04,3.5,287.16,15.95,0.0273,0.0,9.0,9.0,0.0,65.11,65.78
653A,pass@20,5.0,10.0,7.0,14.0,15.0,21.0,44.83,82.04,3.5,287.16,15.95,0.0273,0.0,9.0,9.0,0.0,65.11,65.78
653A,pass@21,3.0,6.0,4.0,8.0,9.0,12.0,20.26,38.04,2.0,76.08,4.23,0.0127,3.0,9.0,9.0,0.0,67.72,67.72
653A,pass@22,3.0,6.0,4.0,8.0,9.0,12.0,20.26,38.04,2.0,76.08,4.23,0.0127,3.0,9.0,9.0,0.0,67.72,67.72
653A,pass@23,5.0,10.0,7.0,14.0,15.0,21.0,44.83,82.04,3.5,287.16,15.95,0.0273,4.0,9.0,9.0,0.0,65.24,65.24
653A,pass@24,4.0,8.0,6.0,12.0,12.0,18.0,32.0,64.53,3.0,193.59,10.75,0.0215,0.0,10.0,10.0,0.0,64.84,65.51
653A,pass@25,5.0,10.0,7.0,14.0,15.0,21.0,44.83,82.04,3.5,287.16,15.95,0.0273,0.0,9.0,9.0,0.0,65.11,65.78
653A,pass@26,5.0,10.0,7.0,14.0,15.0,21.0,44.83,82.04,3.5,287.16,15.95,0.0273,4.0,9.0,9.0,0.0,65.24,65.24
653A,pass@27,3.0,6.0,4.0,8.0,9.0,12.0,20.26,38.04,2.0,76.08,4.23,0.0127,3.0,9.0,9.0,0.0,67.72,67.72
653A,pass@28,3.0,6.0,4.0,8.0,9.0,12.0,20.26,38.04,2.0,76.08,4.23,0.0127,0.0,9.0,9.0,0.0,67.58,68.12
653A,pass@29,5.0,14.0,10.0,21.0,19.0,31.0,64.91,131.69,3.75,493.82,27.43,0.0439,5.0,9.0,9.0,0.0,63.67,63.67
653A,pass@30,3.0,6.0,4.0,8.0,9.0,12.0,20.26,38.04,2.0,76.08,4.23,0.0127,0.0,8.0,8.0,0.0,68.83,69.24
653A,pass@31,5.0,10.0,7.0,14.0,15.0,21.0,44.83,82.04,3.5,287.16,15.95,0.0273,0.0,9.0,9.0,0.0,65.11,65.78
653A,pass@32,5.0,10.0,7.0,14.0,15.0,21.0,44.83,82.04,3.5,287.16,15.95,0.0273,0.0,9.0,9.0,0.0,65.11,65.78
662D,pass@1,5.0,9.0,5.0,10.0,14.0,15.0,40.14,57.11,2.78,158.64,8.81,0.019,4.0,14.0,15.0,0.0,61.24,61.51
662D,pass@2,5.0,12.0,9.0,15.0,17.0,24.0,54.63,98.1,3.12,306.56,17.03,0.0327,0.0,18.0,18.0,0.0,57.46,58.67
662D,pass@3,8.0,17.0,15.0,27.0,25.0,42.0,93.49,195.04,6.35,1239.09,68.84,0.065,5.0,33.0,36.0,0.0,48.54,49.34
662D,pass@4,4.0,7.0,5.0,9.0,11.0,14.0,27.65,48.43,2.57,124.54,6.92,0.0161,5.0,18.0,20.0,0.0,58.74,59.15
662D,pass@5,6.0,10.0,6.0,12.0,16.0,18.0,48.73,72.0,3.6,259.2,14.4,0.024,4.0,14.0,14.0,0.0,61.19,61.46
662D,pass@6,4.0,7.0,5.0,9.0,11.0,14.0,27.65,48.43,2.57,124.54,6.92,0.0161,5.0,18.0,18.0,0.0,59.88,60.15
662D,pass@7,3.0,6.0,3.0,6.0,9.0,9.0,20.26,28.53,1.5,42.79,2.38,0.0095,6.0,17.0,17.0,0.0,61.89,62.16
662D,pass@8,0.0,0.0,0.0,0.0,0.0,0.0,0.0,0.0,0.0,0.0,0.0,0.0,3.0,9.0,9.0,0.0,100.0,100.0
662D,pass@9,2.0,4.0,2.0,4.0,6.0,6.0,10.0,15.51,1.0,15.51,0.86,0.0052,5.0,15.0,16.0,0.0,64.59,64.72
662D,pass@10,5.0,9.0,5.0,10.0,14.0,15.0,40.14,57.11,2.78,158.64,8.81,0.019,4.0,14.0,15.0,0.0,61.37,61.51
662D,pass@11,4.0,7.0,6.0,12.0,11.0,18.0,27.65,62.27,3.43,213.5,11.86,0.0208,5.0,18.0,18.0,0.0,59.25,59.38
662D,pass@12,6.0,11.0,9.0,14.0,17.0,23.0,53.56,94.01,3.82,358.95,19.94,0.0313,6.0,23.0,24.0,0.0,55.0,55.27
662D,pass@13,4.0,9.0,5.0,10.0,13.0,15.0,36.53,55.51,2.22,123.35,6.85,0.0185,5.0,18.0,20.0,0.0,58.46,58.73
662D,pass@14,4.0,6.0,5.0,8.0,10.0,13.0,23.51,43.19,2.67,115.16,6.4,0.0144,5.0,17.0,17.0,0.0,60.77,61.04
662D,pass@15,5.0,8.0,5.0,10.0,13.0,15.0,35.61,55.51,3.12,173.46,9.64,0.0185,4.0,14.0,14.0,7.14,77.49,77.62
662D,pass@16,5.0,10.0,8.0,13.0,15.0,21.0,44.83,82.04,3.25,266.65,14.81,0.0273,5.0,17.0,18.0,0.0,58.14,58.54
662D,pass@17,3.0,8.0,5.0,9.0,11.0,14.0,28.75,48.43,1.69,81.73,4.54,0.0161,5.0,19.0,19.0,5.26,72.75,73.02
662D,pass@18,5.0,9.0,6.0,10.0,14.0,16.0,40.14,60.92,2.78,169.22,9.4,0.0203,5.0,20.0,21.0,0.0,57.72,57.99
662D,pass@19,4.0,7.0,4.0,8.0,11.0,12.0,27.65,41.51,2.29,94.89,5.27,0.0138,4.0,16.0,17.0,0.0,60.89,61.29
662D,pass@20,4.0,7.0,4.0,7.0,11.0,11.0,27.65,38.05,2.0,76.11,4.23,0.0127,3.0,13.0,14.0,0.0,63.26,63.53
662D,pass@21,6.0,10.0,6.0,10.0,16.0,16.0,48.73,64.0,3.0,192.0,10.67,0.0213,8.0,25.0,26.0,4.0,67.18,67.18
662D,pass@22,4.0,7.0,4.0,7.0,11.0,11.0,27.65,38.05,2.0,76.11,4.23,0.0127,8.0,26.0,27.0,3.85,68.19,68.19
662D,pass@23,5.0,9.0,6.0,10.0,14.0,16.0,40.14,60.92,2.78,169.22,9.4,0.0203,7.0,29.0,32.0,0.0,53.73,53.73
662D,pass@24,4.0,6.0,6.0,10.0,10.0,16.0,23.51,53.15,3.33,177.17,9.84,0.0177,5.0,16.0,17.0,0.0,60.14,60.4
662D,pass@25,2.0,4.0,2.0,4.0,6.0,6.0,10.0,15.51,1.0,15.51,0.86,0.0052,5.0,16.0,16.0,0.0,64.46,64.72
662D,pass@26,4.0,7.0,5.0,9.0,11.0,14.0,27.65,48.43,2.57,124.54,6.92,0.0161,5.0,17.0,18.0,0.0,59.88,60.15
662D,pass@27,5.0,10.0,5.0,11.0,15.0,16.0,44.83,62.51,2.75,171.9,9.55,0.0208,5.0,19.0,20.0,0.0,58.1,58.37
662D,pass@28,4.0,6.0,4.0,7.0,10.0,11.0,23.51,36.54,2.33,85.26,4.74,0.0122,4.0,16.0,17.0,0.0,61.41,61.68
662D,pass@29,3.0,7.0,4.0,7.0,10.0,11.0,24.41,36.54,1.5,54.81,3.05,0.0122,6.0,19.0,20.0,0.0,59.6,59.87
662D,pass@30,4.0,8.0,5.0,9.0,12.0,14.0,32.0,50.19,2.25,112.93,6.27,0.0167,5.0,15.0,18.0,0.0,60.04,60.04
662D,pass@31,4.0,7.0,6.0,9.0,11.0,15.0,27.65,51.89,2.57,133.44,7.41,0.0173,4.0,14.0,15.0,0.0,61.53,61.8
662D,pass@32,4.0,7.0,4.0,8.0,11.0,12.0,27.65,41.51,2.29,94.89,5.27,0.0138,4.0,13.0,14.0,0.0,62.86,63.13
663B,pass@1,5.0,9.0,5.0,9.0,14.0,14.0,40.14,53.3,2.5,133.26,7.4,0.0178,5.0,20.0,21.0,0.0,58.12,58.39
663B,pass@2,7.0,19.0,14.0,28.0,26.0,42.0,100.36,197.42,5.16,1018.26,56.57,0.0658,4.0,25.0,26.0,0.0,51.58,52.52
663B,pass@3,4.0,8.0,4.0,8.0,12.0,12.0,32.0,43.02,2.0,86.04,4.78,0.0143,4.0,14.0,15.0,0.0,62.1,62.37
663B,pass@4,2.0,4.0,2.0,4.0,6.0,6.0,10.0,15.51,1.0,15.51,0.86,0.0052,5.0,18.0,18.0,0.0,63.34,63.61
663B,pass@5,2.0,3.0,2.0,4.0,5.0,6.0,6.75,13.93,1.33,18.58,1.03,0.0046,4.0,12.0,12.0,0.0,67.64,67.91
663B,pass@6,5.0,9.0,8.0,16.0,14.0,24.0,40.14,91.38,4.44,406.12,22.56,0.0305,7.0,16.0,16.0,0.0,58.79,59.06
663B,pass@7,4.0,9.0,5.0,9.0,13.0,14.0,36.53,51.81,2.0,103.61,5.76,0.0173,6.0,21.0,24.0,0.0,57.08,57.08
663B,pass@8,5.0,9.0,5.0,10.0,14.0,15.0,40.14,57.11,2.78,158.64,8.81,0.019,4.0,14.0,15.0,0.0,61.24,61.51
663B,pass@9,4.0,7.0,4.0,7.0,11.0,11.0,27.65,38.05,2.0,76.11,4.23,0.0127,5.0,17.0,18.0,0.0,60.61,60.88
663B,pass@10,3.0,5.0,3.0,6.0,8.0,9.0,16.36,27.0,1.8,48.6,2.7,0.009,3.0,15.0,15.0,0.0,63.78,63.92
663B,pass@11,2.0,4.0,2.0,4.0,6.0,6.0,10.0,15.51,1.0,15.51,0.86,0.0052,5.0,15.0,15.0,0.0,65.07,65.34
663B,pass@12,4.0,7.0,5.0,9.0,11.0,14.0,27.65,48.43,2.57,124.54,6.92,0.0161,5.0,18.0,19.0,0.0,59.5,59.63
663B,pass@13,4.0,7.0,4.0,7.0,11.0,11.0,27.65,38.05,2.0,76.11,4.23,0.0127,4.0,13.0,13.0,0.0,63.83,64.1
663B,pass@14,0.0,0.0,0.0,0.0,0.0,0.0,0.0,0.0,0.0,0.0,0.0,0.0,3.0,9.0,10.0,0.0,100.0,100.0
663B,pass@15,3.0,7.0,5.0,9.0,10.0,14.0,24.41,46.51,1.93,89.69,4.98,0.0155,9.0,24.0,24.0,8.33,73.2,73.47
663B,pass@16,3.0,5.0,3.0,6.0,8.0,9.0,16.36,27.0,1.8,48.6,2.7,0.009,5.0,19.0,19.0,0.0,61.14,61.41
663B,pass@17,3.0,5.0,3.0,5.0,8.0,8.0,16.36,24.0,1.5,36.0,2.0,0.008,3.0,13.0,13.0,0.0,65.23,65.63
663B,pass@18,4.0,11.0,14.0,28.0,15.0,42.0,46.05,164.09,5.09,835.36,46.41,0.0547,8.0,17.0,17.0,0.0,56.3,56.57
663B,pass@19,2.0,3.0,2.0,3.0,5.0,5.0,6.75,11.61,1.0,11.61,0.64,0.0039,3.0,11.0,11.0,0.0,69.02,69.42
663B,pass@20,5.0,9.0,7.0,13.0,14.0,20.0,40.14,76.15,3.61,274.98,15.28,0.0254,7.0,26.0,28.0,0.0,54.31,54.31
663B,pass@21,2.0,3.0,2.0,3.0,5.0,5.0,6.75,11.61,1.0,11.61,0.64,0.0039,3.0,11.0,11.0,0.0,69.02,69.42
663B,pass@22,2.0,4.0,3.0,6.0,6.0,9.0,10.0,23.26,1.5,34.9,1.94,0.0078,2.0,11.0,11.0,0.0,67.18,67.44
663B,pass@23,4.0,9.0,8.0,13.0,13.0,21.0,36.53,77.71,2.89,224.49,12.47,0.0259,0.0,27.0,29.0,0.0,53.52,54.86
663B,pass@24,4.0,7.0,4.0,8.0,11.0,12.0,27.65,41.51,2.29,94.89,5.27,0.0138,4.0,19.0,21.0,0.0,58.89,59.29
663B,pass@25,2.0,5.0,3.0,5.0,7.0,8.0,13.61,22.46,1.0,22.46,1.25,0.0075,6.0,17.0,18.0,0.0,62.35,62.35
663B,pass@26,5.0,9.0,5.0,10.0,14.0,15.0,40.14,57.11,2.78,158.64,8.81,0.019,4.0,14.0,16.0,0.0,60.63,60.89
663B,pass@27,4.0,8.0,7.0,11.0,12.0,18.0,32.0,64.53,2.75,177.46,9.86,0.0215,9.0,24.0,24.0,0.0,55.74,56.01
663B,pass@28,2.0,3.0,2.0,4.0,5.0,6.0,6.75,13.93,1.33,18.58,1.03,0.0046,2.0,16.0,16.0,0.0,65.05,65.45
663B,pass@29,6.0,13.0,8.0,13.0,19.0,21.0,63.62,89.21,3.0,267.62,14.87,0.0297,5.0,16.0,18.0,0.0,57.88,58.29
663B,pass@30,4.0,9.0,7.0,13.0,13.0,20.0,36.53,74.01,2.89,213.8,11.88,0.0247,5.0,14.0,14.0,0.0,61.1,61.24
663B,pass@31,3.0,6.0,3.0,6.0,9.0,9.0,20.26,28.53,1.5,42.79,2.38,0.0095,7.0,25.0,27.0,0.0,57.64,57.64
663B,pass@32,3.0,7.0,5.0,8.0,10.0,13.0,24.41,43.19,1.71,74.03,4.11,0.0144,6.0,25.0,27.0,0.0,56.52,56.52
664B,pass@1,8.0,61.0,67.0,128.0,69.0,195.0,385.77,1191.16,8.39,9997.95,555.44,0.3971,30.0,43.0,46.0,0.0,38.16,38.16
664B,pass@2,7.0,19.0,19.0,32.0,26.0,51.0,100.36,239.72,5.89,1413.1,78.51,0.0799,12.0,27.0,28.0,0.0,50.15,50.15
664B,pass@3,8.0,40.0,40.0,72.0,48.0,112.0,236.88,625.52,7.2,4503.71,250.21,0.2085,15.0,36.0,38.0,0.0,43.94,43.94
664B,pass@4,12.0,31.0,31.0,60.0,43.0,91.0,196.6,493.79,11.61,5734.34,318.57,0.1646,21.0,57.0,57.0,0.0,39.88,40.01
664B,pass@5,8.0,30.0,19.0,37.0,38.0,56.0,171.21,293.88,4.93,1449.83,80.55,0.098,7.0,32.0,32.0,0.0,48.94,48.94
664B,pass@6,11.0,45.0,40.0,77.0,56.0,117.0,285.19,679.46,9.41,6394.48,355.25,0.2265,16.0,35.0,37.0,5.71,57.57,57.71
664B,pass@7,12.0,35.0,33.0,63.0,47.0,96.0,222.54,533.24,10.8,5759.0,319.94,0.1777,13.0,31.0,33.0,0.0,46.03,46.03
664B,pass@8,7.0,19.0,16.0,30.0,26.0,46.0,100.36,216.22,5.53,1194.9,66.38,0.0721,9.0,37.0,38.0,13.51,68.16,68.16
664B,pass@9,6.0,23.0,15.0,30.0,29.0,45.0,119.55,218.61,3.91,855.43,47.52,0.0729,13.0,41.0,41.0,0.0,46.69,46.69
664B,pass@10,6.0,31.0,24.0,44.0,37.0,68.0,169.09,354.24,4.26,1508.39,83.8,0.1181,9.0,29.0,30.0,6.9,63.85,63.85
664B,pass@11,10.0,20.0,18.0,32.0,30.0,50.0,119.66,245.34,8.0,1962.76,109.04,0.0818,11.0,30.0,30.0,0.0,49.57,49.57
664B,pass@12,9.0,26.0,33.0,62.0,35.0,95.0,150.74,487.28,10.73,5228.91,290.49,0.1624,22.0,62.0,64.0,0.0,38.82,38.82
664B,pass@13,9.0,32.0,31.0,58.0,41.0,89.0,188.53,476.82,8.16,3889.08,216.06,0.1589,20.0,51.0,52.0,0.0,40.99,41.12
664B,pass@14,9.0,32.0,24.0,44.0,41.0,68.0,188.53,364.31,6.19,2254.19,125.23,0.1214,16.0,45.0,46.0,0.0,43.64,43.64
664B,pass@15,9.0,28.0,23.0,43.0,37.0,66.0,163.14,343.82,6.91,2376.07,132.0,0.1146,11.0,34.0,35.0,0.0,47.08,47.08
664B,pass@16,9.0,62.0,56.0,102.0,71.0,158.0,397.69,971.66,7.4,7193.42,399.63,0.3239,19.0,43.0,43.0,0.0,40.89,40.89
664B,pass@17,10.0,30.0,23.0,43.0,40.0,66.0,180.43,351.25,7.17,2517.27,139.85,0.1171,10.0,34.0,37.0,0.0,46.62,46.62
664B,pass@18,8.0,45.0,40.0,77.0,53.0,117.0,271.13,670.17,6.84,4586.92,254.83,0.2234,21.0,57.0,59.0,3.51,49.82,49.82
664B,pass@19,10.0,43.0,52.0,97.0,53.0,149.0,266.55,853.46,11.28,9626.24,534.79,0.2845,18.0,52.0,53.0,9.62,56.96,56.96
664B,pass@20,7.0,39.0,39.0,69.0,46.0,108.0,225.78,596.54,6.19,3693.99,205.22,0.1988,11.0,45.0,46.0,0.0,42.68,42.81
664B,pass@21,8.0,34.0,26.0,48.0,42.0,74.0,196.97,399.03,5.65,2253.35,125.19,0.133,11.0,35.0,35.0,0.0,46.63,46.63
664B,pass@22,13.0,23.0,24.0,47.0,36.0,71.0,152.15,367.06,13.28,4875.58,270.87,0.1224,16.0,49.0,50.0,0.0,42.83,42.83
664B,pass@23,10.0,46.0,37.0,65.0,56.0,102.0,287.3,592.35,7.07,4185.08,232.5,0.1975,13.0,33.0,34.0,0.0,45.3,45.43
664B,pass@24,7.0,17.0,17.0,33.0,24.0,50.0,89.14,229.25,6.79,1557.54,86.53,0.0764,10.0,36.0,36.0,0.0,48.18,48.18
664B,pass@25,4.0,22.0,13.0,26.0,26.0,39.0,106.11,183.32,2.36,433.3,24.07,0.0611,6.0,40.0,40.0,0.0,48.4,48.4
664B,pass@26,8.0,36.0,29.0,55.0,44.0,84.0,210.12,458.59,6.11,2802.51,155.69,0.1529,12.0,33.0,33.0,0.0,46.63,46.63
664B,pass@27,9.0,32.0,34.0,64.0,41.0,98.0,188.53,525.04,9.0,4725.36,262.52,0.175,20.0,51.0,54.0,0.0,40.47,40.47
664B,pass@28,8.0,34.0,29.0,57.0,42.0,86.0,196.97,463.74,6.71,3109.78,172.77,0.1546,18.0,49.0,49.0,4.08,53.93,53.93
664B,pass@29,8.0,38.0,33.0,64.0,46.0,97.0,223.42,535.79,6.74,3609.5,200.53,0.1786,13.0,40.0,42.0,0.0,43.73,43.73
664B,pass@30,11.0,53.0,53.0,102.0,64.0,155.0,341.63,930.0,10.58,9843.96,546.89,0.31,0.0,62.0,64.0,0.0,35.65,39.81
664B,pass@31,8.0,30.0,23.0,43.0,38.0,66.0,171.21,346.36,5.73,1985.82,110.32,0.1155,11.0,27.0,29.0,0.0,48.84,48.84
664B,pass@32,9.0,35.0,31.0,62.0,44.0,93.0,208.05,507.73,7.97,4047.31,224.85,0.1692,0.0,26.0,27.0,0.0,47.95,49.83
671A,pass@1,9.0,48.0,29.0,58.0,57.0,87.0,296.61,507.46,5.44,2759.32,153.3,0.1692,9.0,68.0,69.0,0.0,39.73,39.73
671A,pass@2,11.0,79.0,89.0,164.0,90.0,253.0,536.05,1642.44,11.42,18752.91,1041.83,0.5475,16.0,159.0,161.0,0.0,27.19,27.19
671A,pass@3,8.0,36.0,20.0,40.0,44.0,60.0,210.12,327.57,4.44,1455.85,80.88,0.1092,8.0,35.0,37.0,0.0,47.24,47.1
671A,pass@4,8.0,33.0,20.0,40.0,41.0,60.0,190.47,321.45,4.85,1558.56,86.59,0.1072,10.0,37.0,37.0,0.0,46.76,46.89
671A,pass@6,8.0,36.0,31.0,56.0,44.0,87.0,210.12,474.97,6.22,2955.37,164.19,0.1583,9.0,45.0,45.0,0.0,43.98,43.98
671A,pass@7,6.0,23.0,17.0,34.0,29.0,51.0,119.55,247.76,4.43,1098.75,61.04,0.0826,7.0,41.0,43.0,0.0,46.53,46.66
671A,pass@8,11.0,36.0,21.0,41.0,47.0,62.0,224.17,344.38,6.26,2157.19,119.84,0.1148,9.0,62.0,66.0,0.0,41.2,41.33
671A,pass@9,12.0,130.0,151.0,288.0,142.0,439.0,955.93,3138.74,13.29,41721.08,2317.84,1.0462,1.0,300.0,300.0,0.0,21.21,21.35
671A,pass@10,6.0,38.0,23.0,42.0,44.0,65.0,214.93,354.86,3.32,1176.65,65.37,0.1183,2.0,46.0,47.0,0.0,45.27,45.4
671A,pass@11,6.0,31.0,24.0,46.0,37.0,70.0,169.09,364.66,4.45,1623.33,90.19,0.1216,11.0,34.0,35.0,0.0,46.77,46.9
671A,pass@12,9.0,45.0,31.0,62.0,54.0,93.0,275.66,535.2,6.2,3318.27,184.35,0.1784,12.0,54.0,54.0,0.0,41.62,41.49
671A,pass@13,9.0,36.0,25.0,50.0,45.0,75.0,214.65,411.89,6.25,2574.31,143.02,0.1373,11.0,53.0,53.0,0.0,42.46,42.6
671A,pass@14,6.0,19.0,21.0,39.0,25.0,60.0,96.22,278.63,6.16,1715.78,95.32,0.0929,10.0,41.0,43.0,0.0,45.9,45.9
671A,pass@15,8.0,35.0,24.0,47.0,43.0,71.0,203.52,385.26,5.37,2069.42,114.97,0.1284,7.0,35.0,36.0,0.0,47.0,47.0
671A,pass@16,9.0,35.0,19.0,38.0,44.0,57.0,208.05,311.19,4.89,1520.37,84.47,0.1037,15.0,46.0,50.0,0.0,43.6,43.47
671A,pass@17,7.0,48.0,33.0,66.0,55.0,99.0,287.73,572.35,4.81,2754.46,153.03,0.1908,1.0,52.0,52.0,0.0,42.99,43.12
671A,pass@18,10.0,33.0,21.0,41.0,43.0,62.0,199.68,336.43,6.21,2089.93,116.11,0.1121,16.0,45.0,45.0,0.0,44.23,44.09
671A,pass@19,10.0,39.0,34.0,58.0,49.0,92.0,239.35,516.55,7.44,3841.04,213.39,0.1722,12.0,49.0,49.0,0.0,42.38,42.52
671A,pass@20,6.0,25.0,16.0,32.0,31.0,48.0,131.61,237.8,3.84,913.16,50.73,0.0793,5.0,24.0,25.0,0.0,52.19,52.19
671A,pass@21,12.0,44.0,27.0,49.0,56.0,76.0,283.23,441.36,6.68,2949.08,163.84,0.1471,8.0,38.0,39.0,0.0,45.7,45.7
671A,pass@22,7.0,33.0,19.0,38.0,40.0,57.0,186.12,303.35,4.03,1222.59,67.92,0.1011,8.0,51.0,53.0,0.0,44.2,43.93
671A,pass@23,11.0,44.0,30.0,55.0,55.0,85.0,278.27,491.42,6.88,3378.48,187.69,0.1638,15.0,47.0,47.0,0.0,42.66,42.66
671A,pass@24,5.0,46.0,26.0,52.0,51.0,78.0,265.69,442.45,2.83,1250.4,69.47,0.1475,7.0,33.0,33.0,0.0,47.27,47.41
671A,pass@25,6.0,23.0,20.0,32.0,29.0,52.0,119.55,252.62,4.17,1054.39,58.58,0.0842,12.0,42.0,43.0,0.0,45.8,45.93
671A,pass@26,5.0,28.0,16.0,31.0,33.0,47.0,146.22,237.09,2.77,656.22,36.46,0.079,4.0,29.0,33.0,0.0,49.57,49.71
671A,pass@27,8.0,37.0,23.0,46.0,45.0,69.0,216.75,378.94,4.97,1884.45,104.69,0.1263,5.0,65.0,70.0,0.0,41.02,41.02
671A,pass@28,12.0,76.0,66.0,132.0,88.0,198.0,517.86,1278.97,10.42,13328.19,740.45,0.4263,9.0,77.0,77.0,5.19,45.96,49.18
671A,pass@29,6.0,25.0,14.0,28.0,31.0,42.0,131.61,208.08,3.36,699.14,38.84,0.0694,5.0,24.0,24.0,0.0,52.99,52.99
671A,pass@30,5.0,27.0,16.0,32.0,32.0,48.0,139.99,240.0,2.96,711.11,39.51,0.08,6.0,68.0,71.0,0.0,42.01,42.14
671A,pass@31,6.0,42.0,29.0,58.0,48.0,87.0,241.99,485.89,4.14,2012.98,111.83,0.162,8.0,73.0,74.0,0.0,39.34,39.34
671B,pass@1,8.0,22.0,21.0,41.0,30.0,62.0,122.11,304.23,7.45,2267.88,125.99,0.1014,5.0,27.0,28.0,0.0,50.37,50.37
671B,pass@2,7.0,17.0,15.0,26.0,24.0,41.0,89.14,187.98,5.35,1006.26,55.9,0.0627,6.0,20.0,21.0,0.0,54.43,54.43
671B,pass@3,5.0,15.0,12.0,19.0,20.0,31.0,70.21,133.98,3.17,424.27,23.57,0.0447,4.0,19.0,19.0,0.0,56.67,56.67
671B,pass@4,4.0,9.0,9.0,14.0,13.0,23.0,36.53,85.11,3.11,264.79,14.71,0.0284,4.0,19.0,20.0,0.0,57.57,57.57
671B,pass@5,4.0,11.0,12.0,17.0,15.0,29.0,46.05,113.3,3.09,350.2,19.46,0.0378,0.0,16.0,16.0,0.0,58.81,59.35
671B,pass@6,2.0,5.0,4.0,8.0,7.0,12.0,13.61,33.69,1.6,53.9,2.99,0.0112,0.0,9.0,9.0,0.0,68.22,68.49
671B,pass@7,4.0,8.0,9.0,14.0,12.0,23.0,32.0,82.45,3.5,288.59,16.03,0.0275,4.0,22.0,22.0,0.0,56.76,56.76
671B,pass@8,4.0,10.0,11.0,18.0,14.0,29.0,41.22,110.41,3.6,397.49,22.08,0.0368,6.0,21.0,22.0,0.0,55.6,55.6
671B,pass@9,4.0,9.0,8.0,12.0,13.0,20.0,36.53,74.01,2.67,197.36,10.96,0.0247,0.0,19.0,20.0,0.0,57.99,58.53
671B,pass@10,4.0,11.0,10.0,15.0,15.0,25.0,46.05,97.67,2.73,266.38,14.8,0.0326,1.0,24.0,24.0,0.0,55.69,55.83
671B,pass@11,5.0,8.0,9.0,14.0,13.0,23.0,35.61,85.11,4.38,372.36,20.69,0.0284,4.0,27.0,28.0,0.0,54.25,54.38
671B,pass@12,6.0,14.0,15.0,27.0,20.0,42.0,68.81,181.52,5.79,1050.23,58.35,0.0605,5.0,29.0,31.0,0.0,50.84,50.98
671B,pass@13,5.0,9.0,11.0,18.0,14.0,29.0,40.14,110.41,5.0,552.07,30.67,0.0368,5.0,28.0,28.0,0.0,53.45,53.45
671B,pass@14,5.0,18.0,12.0,19.0,23.0,31.0,86.67,140.23,2.64,370.05,20.56,0.0467,5.0,27.0,29.0,22.22,76.49,76.63
671B,pass@15,6.0,17.0,19.0,29.0,23.0,48.0,85.0,217.13,5.12,1111.2,61.73,0.0724,5.0,21.0,22.0,0.0,53.68,53.68
671B,pass@16,6.0,12.0,12.0,20.0,18.0,32.0,58.53,133.44,5.0,667.19,37.07,0.0445,4.0,73.0,74.0,0.0,43.67,43.81
671B,pass@17,5.0,8.0,9.0,14.0,13.0,23.0,35.61,85.11,4.38,372.36,20.69,0.0284,4.0,27.0,29.0,0.0,53.91,54.05
671B,pass@18,5.0,10.0,11.0,17.0,15.0,28.0,44.83,109.39,4.25,464.92,25.83,0.0365,5.0,22.0,22.0,0.0,55.77,55.77
671B,pass@19,4.0,9.0,9.0,14.0,13.0,23.0,36.53,85.11,3.11,264.79,14.71,0.0284,4.0,19.0,20.0,0.0,57.57,57.57
671B,pass@20,5.0,11.0,11.0,18.0,16.0,29.0,49.66,116.0,4.09,474.55,26.36,0.0387,4.0,23.0,25.0,0.0,54.51,54.51
671B,pass@21,9.0,16.0,14.0,27.0,25.0,41.0,92.53,190.4,7.59,1445.84,80.32,0.0635,4.0,21.0,22.0,0.0,54.22,54.22
671B,pass@22,4.0,13.0,15.0,26.0,17.0,41.0,56.11,167.59,4.0,670.34,37.24,0.0559,5.0,19.0,19.0,0.0,55.86,55.86
671B,pass@23,4.0,8.0,9.0,13.0,12.0,22.0,32.0,78.87,3.25,256.32,14.24,0.0263,4.0,21.0,22.0,0.0,56.9,56.9
671B,pass@24,4.0,10.0,9.0,17.0,14.0,26.0,41.22,98.99,3.4,336.57,18.7,0.033,3.0,8.0,8.0,0.0,65.92,65.92
671B,pass@25,4.0,11.0,11.0,17.0,15.0,28.0,46.05,109.39,3.09,338.12,18.78,0.0365,6.0,27.0,28.0,0.0,53.48,53.35
671B,pass@26,5.0,9.0,10.0,16.0,14.0,26.0,40.14,98.99,4.44,439.96,24.44,0.033,4.0,25.0,27.0,0.0,54.13,54.27
671B,pass@27,5.0,11.0,10.0,16.0,16.0,26.0,49.66,104.0,3.64,378.18,21.01,0.0347,4.0,25.0,27.0,0.0,53.98,54.11
671B,pass@28,11.0,29.0,25.0,50.0,40.0,75.0,178.94,399.14,9.48,3784.99,210.28,0.133,9.0,29.0,29.0,0.0,48.68,48.68
671B,pass@29,3.0,8.0,9.0,18.0,11.0,27.0,28.75,93.4,3.38,315.24,17.51,0.0311,2.0,13.0,14.0,0.0,60.93,60.93
671B,pass@30,4.0,7.0,9.0,14.0,11.0,23.0,27.65,79.57,4.0,318.27,17.68,0.0265,4.0,25.0,26.0,0.0,55.29,55.29
671B,pass@31,5.0,14.0,12.0,20.0,19.0,32.0,64.91,135.93,3.57,485.48,26.97,0.0453,4.0,24.0,26.0,0.0,53.52,53.66
671B,pass@32,5.0,10.0,11.0,18.0,15.0,29.0,44.83,113.3,4.5,509.85,28.32,0.0378,4.0,27.0,29.0,0.0,53.04,53.18
675E,pass@2,4.0,6.0,7.0,12.0,10.0,19.0,23.51,63.12,4.0,252.47,14.03,0.021,2.0,11.0,12.0,0.0,63.59,63.59
675E,pass@3,5.0,8.0,8.0,14.0,13.0,22.0,35.61,81.41,4.38,356.17,19.79,0.0271,2.0,12.0,13.0,0.0,61.92,62.05
675E,pass@4,7.0,18.0,19.0,33.0,25.0,52.0,94.71,241.48,6.42,1549.5,86.08,0.0805,6.0,20.0,20.0,0.0,53.99,54.13
675E,pass@8,7.0,14.0,10.0,19.0,21.0,29.0,72.95,127.38,4.75,605.04,33.61,0.0425,5.0,16.0,17.0,0.0,57.75,57.75
675E,pass@9,7.0,22.0,16.0,31.0,29.0,47.0,117.76,228.33,4.93,1126.06,62.56,0.0761,6.0,19.0,20.0,0.0,54.16,54.3
675E,pass@11,5.0,12.0,8.0,15.0,17.0,23.0,54.63,94.01,3.12,293.79,16.32,0.0313,1.0,24.0,24.0,0.0,55.94,55.94
675E,pass@12,6.0,15.0,12.0,23.0,21.0,35.0,74.11,153.73,4.6,707.16,39.29,0.0512,6.0,19.0,20.0,0.0,55.37,55.5
675E,pass@13,6.0,18.0,18.0,34.0,24.0,52.0,90.57,238.42,5.67,1351.04,75.06,0.0795,8.0,26.0,27.0,0.0,51.05,51.05
675E,pass@14,6.0,16.0,14.0,26.0,22.0,40.0,79.51,178.38,4.88,869.59,48.31,0.0595,0.0,14.0,14.0,0.0,58.43,59.23
675E,pass@15,5.0,12.0,13.0,24.0,17.0,37.0,54.63,151.24,5.0,756.18,42.01,0.0504,1.0,20.0,20.0,0.0,56.22,56.22
675E,pass@16,5.0,16.0,15.0,29.0,21.0,44.0,75.61,193.26,4.53,875.72,48.65,0.0644,3.0,13.0,14.0,0.0,58.45,58.59
675E,pass@19,7.0,13.0,10.0,19.0,20.0,29.0,67.76,125.34,5.12,641.14,35.62,0.0418,5.0,19.0,20.0,0.0,56.12,56.26
675E,pass@21,4.0,24.0,20.0,40.0,28.0,60.0,118.04,288.44,3.33,961.47,53.42,0.0961,3.0,18.0,19.0,11.11,72.97,73.1
675E,pass@22,10.0,17.0,14.0,24.0,27.0,38.0,102.71,180.69,7.06,1275.43,70.86,0.0602,6.0,17.0,19.0,0.0,55.36,55.5
675E,pass@23,7.0,26.0,22.0,39.0,33.0,61.0,141.86,307.71,5.25,1615.47,89.75,0.1026,9.0,21.0,22.0,0.0,51.95,52.08
675E,pass@24,7.0,13.0,13.0,25.0,20.0,38.0,67.76,164.23,6.73,1105.42,61.41,0.0547,5.0,19.0,21.0,0.0,54.84,54.97
675E,pass@25,5.0,15.0,14.0,26.0,20.0,40.0,70.21,172.88,4.33,749.13,41.62,0.0576,3.0,15.0,16.0,0.0,57.53,57.66
675E,pass@26,7.0,27.0,23.0,40.0,34.0,63.0,148.03,320.51,5.19,1661.9,92.33,0.1068,8.0,19.0,20.0,0.0,52.86,53.0
675E,pass@27,5.0,11.0,7.0,13.0,16.0,20.0,49.66,80.0,2.95,236.36,13.13,0.0267,4.0,18.0,19.0,0.0,58.24,58.24
675E,pass@28,6.0,11.0,10.0,17.0,17.0,27.0,53.56,110.36,4.64,511.68,28.43,0.0368,0.0,14.0,14.0,0.0,60.02,60.69
675E,pass@29,7.0,13.0,12.0,20.0,20.0,32.0,67.76,138.3,5.38,744.7,41.37,0.0461,6.0,23.0,24.0,0.0,53.96,54.1
675E,pass@30,6.0,9.0,8.0,14.0,15.0,22.0,44.04,85.95,4.67,401.11,22.28,0.0287,5.0,34.0,35.0,0.0,52.1,52.1
675E,pass@31,11.0,23.0,26.0,48.0,34.0,74.0,142.1,376.47,11.48,4321.25,240.07,0.1255,9.0,31.0,32.0,0.0,47.92,47.92
675C,pass@1,2.0,5.0,3.0,6.0,7.0,9.0,13.61,25.27,1.2,30.32,1.68,0.0084,3.0,13.0,14.0,0.0,64.77,64.77
675C,pass@2,2.0,5.0,3.0,6.0,7.0,9.0,13.61,25.27,1.2,30.32,1.68,0.0084,3.0,12.0,12.0,0.0,66.23,66.23
675C,pass@3,2.0,5.0,3.0,6.0,7.0,9.0,13.61,25.27,1.2,30.32,1.68,0.0084,3.0,14.0,15.0,0.0,64.12,64.12
675C,pass@4,2.0,5.0,3.0,6.0,7.0,9.0,13.61,25.27,1.2,30.32,1.68,0.0084,2.0,10.0,10.0,0.0,68.1,68.1
675C,pass@5,3.0,6.0,4.0,8.0,9.0,12.0,20.26,38.04,2.0,76.08,4.23,0.0127,4.0,13.0,13.0,0.0,64.1,64.1
675C,pass@6,3.0,6.0,4.0,8.0,9.0,12.0,20.26,38.04,2.0,76.08,4.23,0.0127,3.0,13.0,14.0,0.0,63.53,63.53
675C,pass@7,3.0,6.0,4.0,8.0,9.0,12.0,20.26,38.04,2.0,76.08,4.23,0.0127,4.0,15.0,16.0,0.0,62.13,62.13
675C,pass@8,3.0,15.0,13.0,26.0,18.0,39.0,63.36,162.63,2.6,422.83,23.49,0.0542,4.0,17.0,18.0,0.0,56.6,56.6
675C,pass@9,2.0,5.0,3.0,6.0,7.0,9.0,13.61,25.27,1.2,30.32,1.68,0.0084,3.0,13.0,14.0,0.0,64.77,64.77
675C,pass@10,3.0,6.0,4.0,8.0,9.0,12.0,20.26,38.04,2.0,76.08,4.23,0.0127,4.0,16.0,17.0,0.0,61.56,61.56
675C,pass@11,3.0,6.0,4.0,8.0,9.0,12.0,20.26,38.04,2.0,76.08,4.23,0.0127,4.0,13.0,13.0,0.0,64.1,64.1
675C,pass@12,2.0,7.0,4.0,8.0,9.0,12.0,21.65,38.04,1.14,43.47,2.42,0.0127,3.0,13.0,14.0,0.0,63.53,63.53
675C,pass@13,2.0,5.0,3.0,6.0,7.0,9.0,13.61,25.27,1.2,30.32,1.68,0.0084,3.0,13.0,14.0,0.0,64.77,64.77
675C,pass@14,2.0,5.0,3.0,6.0,7.0,9.0,13.61,25.27,1.2,30.32,1.68,0.0084,3.0,13.0,14.0,0.0,64.77,64.77
675C,pass@15,3.0,6.0,4.0,8.0,9.0,12.0,20.26,38.04,2.0,76.08,4.23,0.0127,0.0,12.0,12.0,0.0,64.86,65.39
675C,pass@16,2.0,5.0,3.0,6.0,7.0,9.0,13.61,25.27,1.2,30.32,1.68,0.0084,3.0,12.0,12.0,0.0,66.23,66.23
675C,pass@17,3.0,6.0,4.0,8.0,9.0,12.0,20.26,38.04,2.0,76.08,4.23,0.0127,4.0,16.0,17.0,0.0,61.56,61.56
675C,pass@18,4.0,9.0,8.0,15.0,13.0,23.0,36.53,85.11,3.33,283.7,15.76,0.0284,4.0,16.0,17.0,0.0,59.11,59.11
675C,pass@19,3.0,6.0,4.0,8.0,9.0,12.0,20.26,38.04,2.0,76.08,4.23,0.0127,4.0,16.0,17.0,0.0,61.56,61.56
675C,pass@20,2.0,5.0,3.0,6.0,7.0,9.0,13.61,25.27,1.2,30.32,1.68,0.0084,3.0,13.0,14.0,0.0,64.77,64.77
675C,pass@21,3.0,7.0,4.0,8.0,10.0,12.0,24.41,39.86,1.71,68.34,3.8,0.0133,3.0,14.0,15.0,0.0,62.6,62.73
675C,pass@22,2.0,5.0,3.0,6.0,7.0,9.0,13.61,25.27,1.2,30.32,1.68,0.0084,3.0,14.0,15.0,0.0,64.12,64.12
675C,pass@23,3.0,8.0,5.0,10.0,11.0,15.0,28.75,51.89,1.88,97.3,5.41,0.0173,4.0,16.0,17.0,0.0,60.61,60.61
675C,pass@24,3.0,6.0,4.0,8.0,9.0,12.0,20.26,38.04,2.0,76.08,4.23,0.0127,4.0,18.0,19.0,0.0,60.5,60.5
675C,pass@25,4.0,7.0,9.0,18.0,11.0,27.0,27.65,93.4,5.14,480.37,26.69,0.0311,5.0,18.0,19.0,0.0,57.64,57.64
675C,pass@26,2.0,5.0,3.0,6.0,7.0,9.0,13.61,25.27,1.2,30.32,1.68,0.0084,3.0,11.0,11.0,0.0,67.06,67.06
675C,pass@27,2.0,5.0,3.0,6.0,7.0,9.0,13.61,25.27,1.2,30.32,1.68,0.0084,3.0,14.0,15.0,0.0,64.12,64.12
675C,pass@28,3.0,6.0,4.0,8.0,9.0,12.0,20.26,38.04,2.0,76.08,4.23,0.0127,3.0,13.0,14.0,0.0,63.53,63.53
675C,pass@29,5.0,7.0,9.0,17.0,12.0,26.0,31.26,93.21,6.07,565.91,31.44,0.0311,5.0,16.0,16.0,0.0,59.27,59.27
675C,pass@30,2.0,5.0,3.0,6.0,7.0,9.0,13.61,25.27,1.2,30.32,1.68,0.0084,3.0,11.0,11.0,0.0,67.06,67.06
675C,pass@31,5.0,11.0,11.0,20.0,16.0,31.0,49.66,124.0,4.55,563.64,31.31,0.0413,5.0,17.0,18.0,0.0,57.29,57.29
675C,pass@32,3.0,6.0,4.0,8.0,9.0,12.0,20.26,38.04,2.0,76.08,4.23,0.0127,4.0,16.0,17.0,0.0,61.56,61.56
676A,pass@1,4.0,15.0,11.0,22.0,19.0,33.0,66.6,140.18,2.93,411.2,22.84,0.0467,11.0,27.0,27.0,0.0,52.27,52.27
676A,pass@2,3.0,29.0,33.0,66.0,32.0,99.0,145.64,495.0,3.41,1689.83,93.88,0.165,0.0,15.0,12.0,0.0,57.32,57.59
676A,pass@3,2.0,13.0,10.0,20.0,15.0,30.0,50.11,117.21,1.54,180.32,10.02,0.0391,0.0,7.0,7.0,0.0,66.94,67.08
676A,pass@4,2.0,6.0,3.0,6.0,8.0,9.0,17.51,27.0,1.0,27.0,1.5,0.009,3.0,16.0,17.0,0.0,62.73,62.73
676A,pass@5,2.0,8.0,5.0,10.0,10.0,15.0,26.0,49.83,1.25,62.29,3.46,0.0166,5.0,19.0,19.0,10.53,77.76,77.76
676A,pass@6,2.0,6.0,3.0,6.0,8.0,9.0,17.51,27.0,1.0,27.0,1.5,0.009,3.0,19.0,21.0,0.0,60.73,60.73
676A,pass@7,2.0,4.0,3.0,6.0,6.0,9.0,10.0,23.26,1.5,34.9,1.94,0.0078,3.0,17.0,17.0,0.0,63.19,63.19
676A,pass@8,2.0,8.0,6.0,12.0,10.0,18.0,26.0,59.79,1.5,89.69,4.98,0.0199,0.0,25.0,25.0,12.0,75.62,76.3
676A,pass@9,2.0,9.0,7.0,14.0,11.0,21.0,30.53,72.65,1.56,113.01,6.28,0.0242,2.0,12.0,13.0,0.0,62.4,62.4
676A,pass@10,2.0,14.0,12.0,24.0,16.0,36.0,55.3,144.0,1.71,246.86,13.71,0.048,0.0,8.0,8.0,0.0,65.05,65.19
676A,pass@11,3.0,10.0,8.0,16.0,13.0,24.0,37.97,88.81,2.4,213.15,11.84,0.0296,5.0,22.0,23.0,0.0,55.98,55.98
676A,pass@12,2.0,19.0,18.0,36.0,21.0,54.0,82.71,237.19,1.89,449.4,24.97,0.0791,0.0,9.0,9.0,0.0,62.42,62.55
676A,pass@13,2.0,8.0,7.0,14.0,10.0,21.0,26.0,69.76,1.75,122.08,6.78,0.0233,0.0,11.0,8.0,0.0,67.26,67.39
676A,pass@14,4.0,19.0,13.0,26.0,23.0,39.0,88.71,176.42,2.74,482.83,26.82,0.0588,9.0,22.0,23.0,0.0,53.22,53.35
676A,pass@15,2.0,8.0,7.0,14.0,10.0,21.0,26.0,69.76,1.75,122.08,6.78,0.0233,0.0,9.0,7.0,0.0,68.52,68.66
676A,pass@16,2.0,6.0,3.0,6.0,8.0,9.0,17.51,27.0,1.0,27.0,1.5,0.009,3.0,17.0,17.0,0.0,62.73,62.73
676A,pass@17,2.0,12.0,10.0,20.0,14.0,30.0,45.02,114.22,1.67,190.37,10.58,0.0381,0.0,7.0,7.0,0.0,67.02,67.16
676A,pass@18,2.0,13.0,10.0,20.0,15.0,30.0,50.11,117.21,1.54,180.32,10.02,0.0391,0.0,7.0,7.0,0.0,66.94,67.08
676A,pass@19,3.0,19.0,19.0,38.0,22.0,57.0,85.47,254.19,3.0,762.56,42.36,0.0847,0.0,13.0,10.0,0.0,61.08,61.35
676A,pass@20,3.0,24.0,25.0,50.0,27.0,75.0,114.79,356.62,3.12,1114.43,61.91,0.1189,5.0,19.0,15.0,21.05,79.6,79.6
676A,pass@21,2.0,21.0,20.0,40.0,23.0,60.0,94.24,271.41,1.9,516.98,28.72,0.0905,0.0,9.0,9.0,0.0,62.01,62.14
676A,pass@22,2.0,12.0,9.0,18.0,14.0,27.0,45.02,102.8,1.5,154.2,8.57,0.0343,0.0,7.0,7.0,0.0,67.34,67.48
676A,pass@23,4.0,22.0,16.0,32.0,26.0,48.0,106.11,225.62,2.91,656.35,36.46,0.0752,0.0,14.0,14.0,0.0,57.85,58.52
676A,pass@24,4.0,17.0,12.0,24.0,21.0,36.0,77.49,158.12,2.82,446.47,24.8,0.0527,9.0,21.0,22.0,0.0,54.11,54.11
676A,pass@25,1.0,7.0,7.0,14.0,8.0,21.0,19.65,63.0,1.0,63.0,3.5,0.021,1.0,12.0,13.0,0.0,62.97,62.97
676A,pass@26,1.0,7.0,6.0,12.0,8.0,18.0,19.65,54.0,0.86,46.29,2.57,0.018,1.0,9.0,9.0,0.0,66.92,66.92
676A,pass@27,4.0,17.0,11.0,22.0,21.0,33.0,77.49,144.95,2.59,375.16,20.84,0.0483,9.0,21.0,21.0,0.0,54.81,54.81
676A,pass@28,3.0,18.0,14.0,28.0,21.0,42.0,79.81,184.48,2.33,430.45,23.91,0.0615,0.0,15.0,15.0,0.0,57.54,58.48
676A,pass@29,3.0,9.0,7.0,14.0,12.0,21.0,33.28,75.28,2.33,175.66,9.76,0.0251,7.0,22.0,22.0,9.09,73.74,73.74
676A,pass@30,3.0,9.0,8.0,16.0,12.0,24.0,33.28,86.04,2.67,229.44,12.75,0.0287,2.0,12.0,12.0,0.0,62.64,62.64
676A,pass@31,4.0,17.0,12.0,24.0,21.0,36.0,77.49,158.12,2.82,446.47,24.8,0.0527,9.0,19.0,19.0,0.0,55.5,55.5
676A,pass@32,2.0,8.0,5.0,10.0,10.0,15.0,26.0,49.83,1.25,62.29,3.46,0.0166,0.0,17.0,17.0,17.65,82.96,83.63
679B,pass@1,7.0,17.0,16.0,32.0,24.0,48.0,89.14,220.08,6.59,1449.93,80.55,0.0734,3.0,29.0,29.0,0.0,51.29,51.29
679B,pass@2,10.0,18.0,14.0,27.0,28.0,41.0,108.28,197.1,7.5,1478.26,82.13,0.0657,5.0,19.0,19.0,0.0,55.37,55.37
679B,pass@3,9.0,23.0,19.0,38.0,32.0,57.0,132.57,285.0,7.43,2118.91,117.72,0.095,5.0,22.0,22.0,0.0,52.86,52.86
679B,pass@4,10.0,23.0,27.0,54.0,33.0,81.0,137.26,408.6,11.74,4796.56,266.48,0.1362,10.0,24.0,24.0,0.0,50.26,50.26
679B,pass@5,8.0,18.0,15.0,30.0,26.0,45.0,99.06,211.52,6.67,1410.13,78.34,0.0705,4.0,27.0,27.0,0.0,51.96,51.96
679B,pass@6,8.0,20.0,17.0,34.0,28.0,51.0,110.44,245.18,6.8,1667.19,92.62,0.0817,4.0,24.0,24.0,0.0,52.62,52.62
679B,pass@7,10.0,17.0,15.0,29.0,27.0,44.0,102.71,209.22,8.53,1784.48,99.14,0.0697,5.0,26.0,26.0,0.0,52.21,52.21
679B,pass@8,7.0,15.0,12.0,24.0,22.0,36.0,78.25,160.54,5.6,899.02,49.95,0.0535,4.0,25.0,25.0,0.0,53.52,53.52
679B,pass@9,7.0,11.0,12.0,23.0,18.0,35.0,57.71,145.95,7.32,1068.07,59.34,0.0486,7.0,23.0,23.0,0.0,54.2,54.2
679B,pass@10,10.0,22.0,18.0,36.0,32.0,54.0,131.33,270.0,8.18,2209.09,122.73,0.09,5.0,24.0,24.0,0.0,52.2,52.2
679B,pass@11,10.0,21.0,19.0,38.0,31.0,57.0,125.46,282.39,9.05,2554.95,141.94,0.0941,6.0,26.0,26.0,0.0,51.17,51.17
679B,pass@12,7.0,16.0,14.0,28.0,23.0,42.0,83.65,189.99,6.12,1163.69,64.65,0.0633,3.0,32.0,32.0,0.0,50.81,50.81
679B,pass@13,10.0,20.0,19.0,38.0,30.0,57.0,119.66,279.69,9.5,2657.08,147.62,0.0932,4.0,28.0,28.0,0.0,50.76,50.76
679B,pass@14,10.0,26.0,20.0,39.0,36.0,59.0,155.43,305.03,7.5,2287.69,127.09,0.1017,3.0,26.0,26.0,0.0,51.33,51.33
679B,pass@15,9.0,37.0,35.0,70.0,46.0,105.0,221.28,579.97,8.51,4937.62,274.31,0.1933,5.0,38.0,38.0,0.0,45.65,45.52
679B,pass@16,8.0,18.0,17.0,34.0,26.0,51.0,99.06,239.72,7.56,1811.24,100.62,0.0799,4.0,30.0,30.0,0.0,50.58,50.58
679B,pass@17,10.0,19.0,16.0,32.0,29.0,48.0,113.93,233.18,8.42,1963.65,109.09,0.0777,3.0,25.0,25.0,0.0,52.52,52.52
679B,pass@18,10.0,32.0,27.0,54.0,42.0,81.0,193.22,436.78,8.44,3685.31,204.74,0.1456,5.0,26.0,26.0,0.0,49.97,49.97
679B,pass@19,7.0,18.0,16.0,30.0,25.0,46.0,94.71,213.62,5.83,1246.1,69.23,0.0712,4.0,33.0,33.0,0.0,50.03,50.03
679B,pass@20,9.0,17.0,14.0,28.0,26.0,42.0,98.02,197.42,7.41,1463.22,81.29,0.0658,3.0,26.0,26.0,0.0,52.66,52.66
679B,pass@21,11.0,19.0,17.0,33.0,30.0,50.0,118.76,245.34,9.55,2343.69,130.2,0.0818,6.0,19.0,19.0,0.0,54.57,54.57
679B,pass@22,10.0,27.0,22.0,44.0,37.0,66.0,161.6,343.82,8.15,2801.53,155.64,0.1146,5.0,21.0,21.0,0.0,52.73,52.73
679B,pass@23,9.0,18.0,17.0,34.0,27.0,51.0,103.59,242.5,8.5,2061.24,114.51,0.0808,8.0,23.0,23.0,0.0,52.52,52.52
679B,pass@24,9.0,13.0,15.0,30.0,22.0,45.0,76.64,200.67,10.38,2083.93,115.77,0.0669,7.0,30.0,30.0,0.0,50.71,50.71
679B,pass@25,9.0,12.0,14.0,26.0,21.0,40.0,71.55,175.69,9.75,1713.0,95.17,0.0586,6.0,23.0,23.0,0.0,53.77,53.77
679B,pass@26,10.0,28.0,29.0,58.0,38.0,87.0,167.83,456.57,10.36,4728.76,262.71,0.1522,1.0,40.0,40.0,0.0,46.3,46.3
679B,pass@27,10.0,21.0,19.0,38.0,31.0,57.0,125.46,282.39,9.05,2554.95,141.94,0.0941,3.0,25.0,25.0,0.0,51.94,51.94
679B,pass@28,13.0,47.0,41.0,82.0,60.0,123.0,309.17,726.55,11.34,8239.36,457.74,0.2422,11.0,45.0,45.0,0.0,42.56,42.42
679B,pass@29,10.0,21.0,17.0,34.0,31.0,51.0,125.46,252.66,8.1,2045.38,113.63,0.0842,6.0,29.0,29.0,0.0,50.47,50.47
679B,pass@30,9.0,19.0,15.0,30.0,28.0,45.0,109.24,216.33,7.11,1537.09,85.39,0.0721,6.0,20.0,20.0,0.0,54.46,54.46
679B,pass@31,13.0,26.0,30.0,59.0,39.0,89.0,170.32,470.4,14.75,6938.41,385.47,0.1568,8.0,37.0,37.0,0.0,46.0,46.0
679B,pass@32,9.0,18.0,15.0,30.0,27.0,45.0,103.59,213.97,7.5,1604.77,89.15,0.0713,3.0,25.0,25.0,0.0,52.78,52.78
687A,pass@2,9.0,29.0,27.0,47.0,38.0,74.0,169.41,388.35,7.29,2832.25,157.35,0.1294,1.0,57.0,59.0,0.0,43.11,43.11
687A,pass@3,7.0,18.0,13.0,24.0,25.0,37.0,94.71,171.82,4.67,801.84,44.55,0.0573,6.0,29.0,29.0,27.59,77.41,77.54
687A,pass@4,7.0,22.0,23.0,39.0,29.0,62.0,117.76,301.19,6.2,1868.78,103.82,0.1004,10.0,52.0,52.0,0.0,43.87,43.87
687A,pass@6,7.0,21.0,22.0,39.0,28.0,61.0,111.89,293.25,6.5,1906.12,105.9,0.0977,16.0,65.0,65.0,0.0,41.03,41.03
687A,pass@8,6.0,15.0,15.0,27.0,21.0,42.0,74.11,184.48,5.4,996.18,55.34,0.0615,11.0,38.0,38.0,0.0,48.19,48.19
687A,pass@9,9.0,37.0,32.0,55.0,46.0,87.0,221.28,480.55,6.69,3214.49,178.58,0.1602,1.0,70.0,72.0,2.86,50.47,50.61
687A,pass@11,7.0,15.0,14.0,25.0,22.0,39.0,78.25,173.92,5.83,1014.52,56.36,0.058,1.0,27.0,29.0,0.0,52.28,52.28
687A,pass@12,7.0,27.0,25.0,48.0,34.0,73.0,148.03,371.38,6.22,2310.84,128.38,0.1238,17.0,54.0,55.0,0.0,41.62,41.76
687A,pass@13,6.0,14.0,13.0,25.0,20.0,38.0,68.81,164.23,5.36,879.82,48.88,0.0547,6.0,23.0,23.0,0.0,53.84,53.98
687A,pass@14,9.0,32.0,26.0,47.0,41.0,73.0,188.53,391.1,6.61,2584.94,143.61,0.1304,15.0,65.0,71.0,0.0,39.31,39.45
687A,pass@15,6.0,21.0,22.0,37.0,27.0,59.0,107.75,280.54,5.29,1482.85,82.38,0.0935,10.0,47.0,47.0,0.0,45.04,45.04
687A,pass@16,8.0,25.0,19.0,37.0,33.0,56.0,140.1,282.49,5.92,1672.32,92.91,0.0942,12.0,33.0,33.0,0.0,47.96,48.1
687A,pass@17,6.0,22.0,21.0,36.0,28.0,57.0,113.62,274.02,4.91,1345.19,74.73,0.0913,10.0,38.0,38.0,0.0,46.99,47.12
687A,pass@18,6.0,16.0,18.0,33.0,22.0,51.0,79.51,227.43,6.19,1407.23,78.18,0.0758,7.0,29.0,29.0,0.0,50.66,50.66
687A,pass@20,6.0,10.0,10.0,18.0,16.0,28.0,48.73,112.0,5.4,604.8,33.6,0.0373,1.0,20.0,20.0,15.0,78.16,78.16
687A,pass@22,10.0,35.0,28.0,49.0,45.0,77.0,212.74,422.87,7.0,2960.11,164.45,0.141,16.0,37.0,37.0,0.0,45.12,45.25
687A,pass@23,8.0,30.0,26.0,50.0,38.0,76.0,171.21,398.84,6.67,2658.95,147.72,0.1329,18.0,58.0,58.0,0.0,40.77,40.9
687A,pass@24,10.0,32.0,28.0,52.0,42.0,80.0,193.22,431.39,8.12,3505.01,194.72,0.1438,1.0,62.0,62.0,0.0,42.18,42.32
687A,pass@25,5.0,16.0,18.0,35.0,21.0,53.0,75.61,232.79,5.47,1273.09,70.73,0.0776,5.0,23.0,23.0,0.0,52.91,53.05
687A,pass@26,8.0,21.0,18.0,36.0,29.0,54.0,116.24,262.33,6.86,1798.84,99.94,0.0874,17.0,41.0,41.0,4.88,58.51,58.51
687A,pass@27,10.0,32.0,23.0,43.0,42.0,66.0,193.22,355.89,6.72,2391.16,132.84,0.1186,15.0,49.0,49.0,0.0,43.25,43.25
687A,pass@28,8.0,19.0,15.0,26.0,27.0,41.0,104.71,194.95,5.47,1067.1,59.28,0.065,9.0,53.0,53.0,0.0,45.01,45.14
687A,pass@29,7.0,16.0,14.0,27.0,23.0,41.0,83.65,185.47,5.91,1095.41,60.86,0.0618,10.0,27.0,27.0,0.0,51.41,51.55
687A,pass@32,5.0,13.0,14.0,28.0,18.0,42.0,59.72,175.14,5.38,943.04,52.39,0.0584,6.0,39.0,39.0,0.0,48.64,48.78
688A,pass@1,2.0,4.0,2.0,4.0,6.0,6.0,10.0,15.51,1.0,15.51,0.86,0.0052,3.0,13.0,13.0,0.0,66.83,66.96
688A,pass@2,2.0,4.0,2.0,4.0,6.0,6.0,10.0,15.51,1.0,15.51,0.86,0.0052,3.0,13.0,13.0,0.0,66.83,66.96
688A,pass@3,2.0,4.0,2.0,4.0,6.0,6.0,10.0,15.51,1.0,15.51,0.86,0.0052,3.0,13.0,13.0,0.0,66.83,66.96
688A,pass@4,2.0,4.0,2.0,4.0,6.0,6.0,10.0,15.51,1.0,15.51,0.86,0.0052,3.0,13.0,13.0,0.0,66.83,66.96
688A,pass@5,2.0,4.0,2.0,4.0,6.0,6.0,10.0,15.51,1.0,15.51,0.86,0.0052,3.0,14.0,14.0,0.0,66.12,66.26
688A,pass@6,2.0,4.0,2.0,4.0,6.0,6.0,10.0,15.51,1.0,15.51,0.86,0.0052,3.0,13.0,13.0,15.38,88.06,88.19
688A,pass@7,2.0,4.0,2.0,4.0,6.0,6.0,10.0,15.51,1.0,15.51,0.86,0.0052,3.0,13.0,13.0,0.0,66.83,66.96
688A,pass@8,2.0,4.0,2.0,4.0,6.0,6.0,10.0,15.51,1.0,15.51,0.86,0.0052,3.0,13.0,13.0,0.0,66.83,66.96
688A,pass@9,2.0,4.0,2.0,4.0,6.0,6.0,10.0,15.51,1.0,15.51,0.86,0.0052,3.0,13.0,13.0,0.0,66.83,66.96
688A,pass@10,2.0,4.0,2.0,4.0,6.0,6.0,10.0,15.51,1.0,15.51,0.86,0.0052,3.0,13.0,13.0,0.0,66.83,66.96
688A,pass@11,2.0,4.0,2.0,4.0,6.0,6.0,10.0,15.51,1.0,15.51,0.86,0.0052,3.0,13.0,13.0,0.0,66.83,66.96
688A,pass@12,2.0,4.0,2.0,4.0,6.0,6.0,10.0,15.51,1.0,15.51,0.86,0.0052,3.0,13.0,13.0,0.0,66.83,66.96
688A,pass@13,3.0,6.0,3.0,6.0,9.0,9.0,20.26,28.53,1.5,42.79,2.38,0.0095,3.0,17.0,19.0,0.0,61.38,61.51
688A,pass@14,3.0,6.0,3.0,6.0,9.0,9.0,20.26,28.53,1.5,42.79,2.38,0.0095,4.0,14.0,14.0,0.0,64.14,64.27
688A,pass@15,2.0,4.0,2.0,4.0,6.0,6.0,10.0,15.51,1.0,15.51,0.86,0.0052,3.0,16.0,17.0,0.0,64.42,64.42
688A,pass@16,2.0,4.0,2.0,4.0,6.0,6.0,10.0,15.51,1.0,15.51,0.86,0.0052,0.0,11.0,11.0,0.0,68.41,68.95
688A,pass@17,2.0,4.0,2.0,4.0,6.0,6.0,10.0,15.51,1.0,15.51,0.86,0.0052,3.0,13.0,13.0,0.0,66.83,66.96
688A,pass@18,2.0,4.0,2.0,4.0,6.0,6.0,10.0,15.51,1.0,15.51,0.86,0.0052,3.0,14.0,14.0,0.0,66.12,66.26
688A,pass@19,2.0,4.0,2.0,4.0,6.0,6.0,10.0,15.51,1.0,15.51,0.86,0.0052,3.0,14.0,14.0,0.0,66.12,66.26
688A,pass@20,2.0,4.0,2.0,4.0,6.0,6.0,10.0,15.51,1.0,15.51,0.86,0.0052,3.0,13.0,13.0,0.0,66.83,66.96
688A,pass@21,2.0,4.0,2.0,4.0,6.0,6.0,10.0,15.51,1.0,15.51,0.86,0.0052,3.0,13.0,13.0,0.0,66.83,66.96
688A,pass@22,2.0,4.0,2.0,4.0,6.0,6.0,10.0,15.51,1.0,15.51,0.86,0.0052,3.0,13.0,13.0,0.0,66.83,66.96
688A,pass@23,2.0,4.0,2.0,4.0,6.0,6.0,10.0,15.51,1.0,15.51,0.86,0.0052,0.0,11.0,11.0,0.0,68.41,68.95
688A,pass@24,2.0,4.0,2.0,4.0,6.0,6.0,10.0,15.51,1.0,15.51,0.86,0.0052,3.0,14.0,14.0,0.0,66.12,66.26
688A,pass@25,2.0,4.0,2.0,4.0,6.0,6.0,10.0,15.51,1.0,15.51,0.86,0.0052,3.0,14.0,14.0,0.0,66.12,66.26
688A,pass@26,2.0,4.0,2.0,4.0,6.0,6.0,10.0,15.51,1.0,15.51,0.86,0.0052,0.0,11.0,11.0,0.0,68.41,68.95
688A,pass@27,2.0,4.0,2.0,4.0,6.0,6.0,10.0,15.51,1.0,15.51,0.86,0.0052,3.0,13.0,13.0,0.0,66.83,66.96
688A,pass@28,2.0,4.0,2.0,4.0,6.0,6.0,10.0,15.51,1.0,15.51,0.86,0.0052,3.0,13.0,13.0,0.0,66.83,66.96
688A,pass@29,2.0,4.0,2.0,4.0,6.0,6.0,10.0,15.51,1.0,15.51,0.86,0.0052,3.0,14.0,14.0,0.0,66.12,66.26
688A,pass@30,3.0,6.0,3.0,6.0,9.0,9.0,20.26,28.53,1.5,42.79,2.38,0.0095,3.0,16.0,17.0,0.0,62.43,62.57
688A,pass@31,2.0,4.0,2.0,4.0,6.0,6.0,10.0,15.51,1.0,15.51,0.86,0.0052,3.0,13.0,13.0,0.0,66.83,66.96
688A,pass@32,2.0,4.0,2.0,4.0,6.0,6.0,10.0,15.51,1.0,15.51,0.86,0.0052,3.0,13.0,13.0,0.0,66.83,66.96
688B,pass@1,5.0,13.0,8.0,15.0,18.0,23.0,59.72,95.91,2.88,276.66,15.37,0.032,0.0,5.0,6.0,0.0,69.01,69.15
688B,pass@2,2.0,4.0,3.0,5.0,6.0,8.0,10.0,20.68,1.25,25.85,1.44,0.0069,1.0,7.0,8.0,71.43,99.72,99.72
688B,pass@3,2.0,3.0,2.0,3.0,5.0,5.0,6.75,11.61,1.0,11.61,0.64,0.0039,0.0,6.0,7.0,0.0,73.97,74.11
688B,pass@4,2.0,4.0,4.0,6.0,6.0,10.0,10.0,25.85,1.5,38.77,2.15,0.0086,0.0,4.0,6.0,0.0,73.0,73.14
688B,pass@5,3.0,5.0,3.0,5.0,8.0,8.0,16.36,24.0,1.5,36.0,2.0,0.008,1.0,8.0,9.0,0.0,69.25,69.39
688B,pass@6,2.0,4.0,3.0,5.0,6.0,8.0,10.0,20.68,1.25,25.85,1.44,0.0069,1.0,8.0,9.0,62.5,99.01,99.01
688B,pass@7,6.0,12.0,9.0,17.0,18.0,26.0,58.53,108.42,4.25,460.78,25.6,0.0361,2.0,9.0,10.0,0.0,63.67,63.67
688B,pass@8,2.0,5.0,4.0,6.0,7.0,10.0,13.61,28.07,1.2,33.69,1.87,0.0094,1.0,6.0,7.0,0.0,71.29,71.29
688B,pass@9,5.0,10.0,7.0,13.0,15.0,20.0,44.83,78.14,3.25,253.95,14.11,0.026,0.0,4.0,5.0,0.0,71.23,71.5
688B,pass@10,3.0,5.0,4.0,7.0,8.0,11.0,16.36,33.0,2.1,69.3,3.85,0.011,1.0,8.0,9.0,0.0,68.42,68.42
688B,pass@11,4.0,7.0,5.0,9.0,11.0,14.0,27.65,48.43,2.57,124.54,6.92,0.0161,0.0,4.0,5.0,0.0,72.82,72.95
688B,pass@12,5.0,12.0,8.0,15.0,17.0,23.0,54.63,94.01,3.12,293.79,16.32,0.0313,0.0,4.0,5.0,0.0,70.8,70.94
688B,pass@13,5.0,11.0,8.0,14.0,16.0,22.0,49.66,88.0,3.18,280.0,15.56,0.0293,0.0,5.0,6.0,0.0,69.28,69.41
688B,pass@14,5.0,11.0,11.0,21.0,16.0,32.0,49.66,128.0,4.77,610.91,33.94,0.0427,3.0,13.0,14.0,0.0,59.84,59.84
688B,pass@15,2.0,5.0,3.0,5.0,7.0,8.0,13.61,22.46,1.0,22.46,1.25,0.0075,1.0,6.0,7.0,0.0,71.97,71.97
688B,pass@16,2.0,6.0,4.0,6.0,8.0,10.0,17.51,30.0,1.0,30.0,1.67,0.01,1.0,8.0,9.0,0.0,68.71,68.71
688B,pass@17,2.0,3.0,2.0,3.0,5.0,5.0,6.75,11.61,1.0,11.61,0.64,0.0039,0.0,3.0,4.0,0.0,79.28,79.41
688B,pass@19,5.0,9.0,7.0,13.0,14.0,20.0,40.14,76.15,3.61,274.98,15.28,0.0254,2.0,7.0,8.0,0.0,66.86,66.86
688B,pass@20,2.0,3.0,2.0,3.0,5.0,5.0,6.75,11.61,1.0,11.61,0.64,0.0039,1.0,6.0,7.0,0.0,73.97,73.97
688B,pass@21,3.0,6.0,4.0,7.0,9.0,11.0,20.26,34.87,1.75,61.02,3.39,0.0116,1.0,7.0,9.0,0.0,68.25,68.25
688B,pass@22,7.0,16.0,13.0,25.0,23.0,38.0,83.65,171.9,5.47,940.05,52.23,0.0573,0.0,8.0,9.0,0.0,63.26,63.53
688B,pass@23,2.0,5.0,3.0,5.0,7.0,8.0,13.61,22.46,1.0,22.46,1.25,0.0075,0.0,4.0,5.0,0.0,75.16,75.29
688B,pass@24,4.0,7.0,5.0,9.0,11.0,14.0,27.65,48.43,2.57,124.54,6.92,0.0161,1.0,6.0,7.0,0.0,69.63,69.63
688B,pass@25,6.0,9.0,7.0,13.0,15.0,20.0,44.04,78.14,4.33,338.6,18.81,0.026,0.0,7.0,8.0,0.0,66.78,67.05
688B,pass@26,5.0,13.0,8.0,15.0,18.0,23.0,59.72,95.91,2.88,276.66,15.37,0.032,0.0,5.0,6.0,0.0,69.01,69.15
688B,pass@27,3.0,4.0,4.0,7.0,7.0,11.0,12.75,30.88,2.62,81.06,4.5,0.0103,1.0,6.0,7.0,0.0,71.0,71.0
688B,pass@28,5.0,7.0,6.0,11.0,12.0,17.0,31.26,60.94,3.93,239.42,13.3,0.0203,0.0,6.0,7.0,0.0,68.8,69.07
688B,pass@29,4.0,7.0,5.0,9.0,11.0,14.0,27.65,48.43,2.57,124.54,6.92,0.0161,0.0,5.0,6.0,0.0,71.09,71.23
688B,pass@30,5.0,13.0,9.0,17.0,18.0,26.0,59.72,108.42,3.27,354.44,19.69,0.0361,2.0,8.0,9.0,0.0,64.67,64.67
688B,pass@31,5.0,11.0,8.0,15.0,16.0,23.0,49.66,92.0,3.41,313.64,17.42,0.0307,2.0,10.0,11.0,0.0,63.26,63.26
688B,pass@32,6.0,9.0,8.0,15.0,15.0,23.0,44.04,89.86,5.0,449.29,24.96,0.03,0.0,7.0,8.0,0.0,66.35,66.62
698B,pass@1,8.0,17.0,18.0,31.0,25.0,49.0,93.49,227.55,7.29,1659.77,92.21,0.0758,12.0,48.0,49.0,8.33,61.48,61.48
698B,pass@2,9.0,31.0,27.0,52.0,40.0,79.0,182.11,420.43,7.55,3173.59,176.31,0.1401,16.0,45.0,46.0,0.0,43.21,43.21
698B,pass@3,8.0,24.0,21.0,40.0,32.0,61.0,134.04,305.0,6.67,2033.33,112.96,0.1017,12.0,44.0,44.0,0.0,45.14,45.14
698B,pass@4,7.0,16.0,25.0,48.0,23.0,73.0,83.65,330.22,10.5,3467.31,192.63,0.1101,12.0,33.0,33.0,6.06,61.9,61.9
698B,pass@5,7.0,20.0,14.0,27.0,27.0,41.0,106.09,194.95,4.72,921.14,51.17,0.065,6.0,36.0,37.0,0.0,48.68,48.95
698B,pass@6,7.0,33.0,25.0,50.0,40.0,75.0,186.12,399.14,5.3,2116.68,117.59,0.133,17.0,34.0,35.0,29.41,72.18,72.18
698B,pass@7,8.0,18.0,18.0,34.0,26.0,52.0,99.06,244.42,7.56,1846.75,102.6,0.0815,10.0,33.0,34.0,0.0,48.53,48.53
698B,pass@8,8.0,32.0,39.0,73.0,40.0,112.0,184.0,596.06,9.12,5439.01,302.17,0.1987,17.0,58.0,59.0,0.0,39.65,39.65
698B,pass@9,7.0,23.0,23.0,43.0,30.0,66.0,123.69,323.85,6.54,2119.14,117.73,0.108,13.0,46.0,47.0,15.22,65.34,65.34
698B,pass@10,12.0,21.0,19.0,37.0,33.0,56.0,135.26,282.49,10.57,2986.28,165.9,0.0942,13.0,34.0,34.0,0.0,47.82,47.68
698B,pass@11,6.0,20.0,18.0,36.0,26.0,54.0,101.95,253.82,5.4,1370.65,76.15,0.0846,12.0,36.0,37.0,19.44,70.49,70.49
698B,pass@12,9.0,32.0,30.0,55.0,41.0,85.0,188.53,455.39,7.73,3522.17,195.68,0.1518,2.0,47.0,47.0,6.38,59.26,59.26
698B,pass@13,8.0,28.0,46.0,92.0,36.0,138.0,158.61,713.45,13.14,9376.77,520.93,0.2378,23.0,51.0,52.0,3.92,51.16,51.16
698B,pass@14,8.0,20.0,16.0,30.0,28.0,46.0,110.44,221.14,6.0,1326.83,73.71,0.0737,11.0,27.0,28.0,18.52,73.15,73.29
698B,pass@15,8.0,26.0,29.0,58.0,34.0,87.0,146.21,442.61,8.92,3949.44,219.41,0.1475,19.0,53.0,53.0,15.09,62.38,62.38
698B,pass@16,9.0,28.0,26.0,49.0,37.0,75.0,163.14,390.71,7.88,3076.83,170.94,0.1302,7.0,44.0,45.0,0.0,44.85,44.85
698B,pass@17,9.0,33.0,25.0,50.0,42.0,75.0,194.99,404.42,6.82,2757.44,153.19,0.1348,17.0,31.0,32.0,0.0,46.49,46.63
698B,pass@18,8.0,30.0,35.0,69.0,38.0,104.0,171.21,545.78,9.2,5021.22,278.96,0.1819,17.0,40.0,40.0,0.0,43.74,43.6
698B,pass@19,10.0,29.0,39.0,77.0,39.0,116.0,174.1,613.11,13.28,8139.52,452.2,0.2044,17.0,43.0,43.0,0.0,42.43,42.56
698B,pass@20,9.0,29.0,25.0,46.0,38.0,71.0,169.41,372.6,7.14,2659.61,147.76,0.1242,14.0,41.0,41.0,0.0,45.07,44.93
698B,pass@21,6.0,21.0,19.0,37.0,27.0,56.0,107.75,266.27,5.29,1407.45,78.19,0.0888,13.0,36.0,37.0,25.0,72.22,72.22
698B,pass@22,7.0,16.0,16.0,32.0,23.0,48.0,83.65,217.13,7.0,1519.92,84.44,0.0724,13.0,26.0,26.0,0.0,51.02,51.02
698B,pass@23,8.0,18.0,23.0,45.0,26.0,68.0,99.06,319.63,10.0,3196.3,177.57,0.1065,12.0,27.0,28.0,3.7,60.63,60.63
698B,pass@24,6.0,27.0,28.0,56.0,33.0,84.0,143.89,423.73,6.22,2636.54,146.47,0.1412,14.0,37.0,37.0,0.0,45.51,45.51
698B,pass@25,10.0,37.0,35.0,69.0,47.0,104.0,225.97,577.68,9.32,5386.45,299.25,0.1926,11.0,76.0,76.0,0.0,38.16,38.16
698B,pass@26,8.0,24.0,25.0,49.0,32.0,74.0,134.04,370.0,8.17,3021.67,167.87,0.1233,13.0,33.0,34.0,0.0,46.86,46.86
698B,pass@27,8.0,24.0,24.0,47.0,32.0,71.0,134.04,355.0,7.83,2780.83,154.49,0.1183,15.0,45.0,45.0,22.22,68.29,68.29
698B,pass@28,10.0,31.0,27.0,47.0,41.0,74.0,186.8,396.46,7.58,3005.41,166.97,0.1322,1.0,57.0,59.0,0.0,43.04,43.04
698B,pass@29,6.0,20.0,19.0,38.0,26.0,57.0,101.95,267.93,5.7,1527.17,84.84,0.0893,12.0,32.0,33.0,0.0,48.26,48.26
698B,pass@30,6.0,21.0,20.0,37.0,27.0,57.0,107.75,271.03,5.29,1432.58,79.59,0.0903,14.0,37.0,38.0,16.22,68.28,68.28
698B,pass@31,7.0,24.0,25.0,45.0,31.0,70.0,129.69,346.79,6.56,2275.83,126.44,0.1156,13.0,50.0,51.0,12.0,62.58,62.45
698B,pass@32,7.0,13.0,15.0,25.0,20.0,40.0,67.76,172.88,6.73,1163.6,64.64,0.0576,9.0,30.0,31.0,0.0,50.59,50.59
699A,pass@1,6.0,14.0,9.0,17.0,20.0,26.0,68.81,112.37,3.64,409.35,22.74,0.0375,5.0,11.0,11.0,0.0,62.25,62.25
699A,pass@2,5.0,14.0,9.0,17.0,19.0,26.0,64.91,110.45,3.04,335.28,18.63,0.0368,5.0,16.0,17.0,0.0,58.18,58.18
699A,pass@3,7.0,15.0,10.0,19.0,22.0,29.0,78.25,129.32,4.43,573.33,31.85,0.0431,5.0,11.0,11.0,0.0,61.82,61.82
699A,pass@4,7.0,15.0,10.0,19.0,22.0,29.0,78.25,129.32,4.43,573.33,31.85,0.0431,5.0,13.0,14.0,0.0,59.54,59.54
699A,pass@5,6.0,14.0,9.0,17.0,20.0,26.0,68.81,112.37,3.64,409.35,22.74,0.0375,6.0,14.0,15.0,0.0,59.18,59.18
699A,pass@6,6.0,14.0,9.0,17.0,20.0,26.0,68.81,112.37,3.64,409.35,22.74,0.0375,5.0,13.0,14.0,0.0,59.97,59.97
699A,pass@7,7.0,15.0,10.0,19.0,22.0,29.0,78.25,129.32,4.43,573.33,31.85,0.0431,6.0,14.0,15.0,0.0,58.75,58.75
699A,pass@8,6.0,14.0,9.0,17.0,20.0,26.0,68.81,112.37,3.64,409.35,22.74,0.0375,5.0,12.0,13.0,0.0,60.67,60.67
699A,pass@9,7.0,16.0,10.0,19.0,23.0,29.0,83.65,131.18,4.16,545.23,30.29,0.0437,6.0,19.0,20.0,0.0,56.12,55.98
699A,pass@10,7.0,15.0,10.0,19.0,22.0,29.0,78.25,129.32,4.43,573.33,31.85,0.0431,5.0,13.0,14.0,0.0,59.54,59.54
699A,pass@11,7.0,15.0,10.0,19.0,22.0,29.0,78.25,129.32,4.43,573.33,31.85,0.0431,5.0,12.0,12.0,0.0,61.0,61.0
699A,pass@12,7.0,17.0,12.0,22.0,24.0,34.0,89.14,155.89,4.53,706.08,39.23,0.052,6.0,14.0,15.0,0.0,58.18,58.18
699A,pass@13,6.0,13.0,9.0,17.0,19.0,26.0,63.62,110.45,3.92,433.29,24.07,0.0368,5.0,16.0,17.0,0.0,58.18,58.18
699A,pass@14,7.0,15.0,10.0,19.0,22.0,29.0,78.25,129.32,4.43,573.33,31.85,0.0431,5.0,13.0,14.0,0.0,59.54,59.54
699A,pass@15,7.0,15.0,10.0,19.0,22.0,29.0,78.25,129.32,4.43,573.33,31.85,0.0431,5.0,14.0,15.0,0.0,58.89,58.89
699A,pass@16,6.0,13.0,9.0,17.0,19.0,26.0,63.62,110.45,3.92,433.29,24.07,0.0368,5.0,15.0,16.0,0.0,58.75,58.75
699A,pass@17,6.0,14.0,9.0,17.0,20.0,26.0,68.81,112.37,3.64,409.35,22.74,0.0375,5.0,15.0,16.0,0.0,58.7,58.7
699A,pass@18,9.0,19.0,14.0,26.0,28.0,40.0,109.24,192.29,6.16,1184.13,65.78,0.0641,7.0,13.0,13.0,0.0,58.77,58.77
699A,pass@19,7.0,15.0,10.0,19.0,22.0,29.0,78.25,129.32,4.43,573.33,31.85,0.0431,6.0,12.0,12.0,0.0,60.87,60.87
699A,pass@20,7.0,15.0,10.0,19.0,22.0,29.0,78.25,129.32,4.43,573.33,31.85,0.0431,5.0,13.0,14.0,0.0,59.54,59.54
699A,pass@21,7.0,16.0,10.0,19.0,23.0,29.0,83.65,131.18,4.16,545.23,30.29,0.0437,6.0,16.0,17.0,0.0,57.52,57.52
699A,pass@22,7.0,15.0,10.0,19.0,22.0,29.0,78.25,129.32,4.43,573.33,31.85,0.0431,5.0,11.0,11.0,0.0,61.82,61.82
699A,pass@23,7.0,15.0,10.0,19.0,22.0,29.0,78.25,129.32,4.43,573.33,31.85,0.0431,5.0,14.0,15.0,0.0,58.89,58.89
699A,pass@25,5.0,14.0,9.0,17.0,19.0,26.0,64.91,110.45,3.04,335.28,18.63,0.0368,5.0,13.0,13.0,0.0,60.72,60.72
699A,pass@26,5.0,14.0,9.0,17.0,19.0,26.0,64.91,110.45,3.04,335.28,18.63,0.0368,5.0,15.0,15.0,0.0,59.37,59.37
699A,pass@27,6.0,14.0,9.0,17.0,20.0,26.0,68.81,112.37,3.64,409.35,22.74,0.0375,5.0,14.0,15.0,0.0,59.31,59.31
699A,pass@28,7.0,15.0,10.0,19.0,22.0,29.0,78.25,129.32,4.43,573.33,31.85,0.0431,5.0,13.0,14.0,0.0,59.54,59.54
699A,pass@29,7.0,15.0,10.0,19.0,22.0,29.0,78.25,129.32,4.43,573.33,31.85,0.0431,6.0,14.0,15.0,0.0,58.75,58.75
699A,pass@30,5.0,14.0,10.0,18.0,19.0,28.0,64.91,118.94,3.21,382.31,21.24,0.0396,5.0,18.0,19.0,0.0,56.9,56.9
699A,pass@31,6.0,14.0,9.0,17.0,20.0,26.0,68.81,112.37,3.64,409.35,22.74,0.0375,5.0,13.0,14.0,0.0,59.97,59.97
699A,pass@32,6.0,14.0,9.0,17.0,20.0,26.0,68.81,112.37,3.64,409.35,22.74,0.0375,5.0,13.0,14.0,0.0,59.97,59.97
703A,pass@1,2.0,5.0,6.0,12.0,7.0,18.0,13.61,50.53,2.4,121.28,6.74,0.0168,0.0,15.0,15.0,0.0,61.61,62.42
703A,pass@2,2.0,5.0,6.0,12.0,7.0,18.0,13.61,50.53,2.4,121.28,6.74,0.0168,0.0,15.0,15.0,0.0,61.61,62.42
703A,pass@3,2.0,5.0,6.0,12.0,7.0,18.0,13.61,50.53,2.4,121.28,6.74,0.0168,0.0,15.0,15.0,0.0,61.61,62.42
703A,pass@4,2.0,5.0,6.0,12.0,7.0,18.0,13.61,50.53,2.4,121.28,6.74,0.0168,0.0,15.0,15.0,0.0,61.61,62.42
703A,pass@5,2.0,5.0,6.0,12.0,7.0,18.0,13.61,50.53,2.4,121.28,6.74,0.0168,0.0,15.0,15.0,0.0,61.61,62.42
703A,pass@6,2.0,5.0,6.0,12.0,7.0,18.0,13.61,50.53,2.4,121.28,6.74,0.0168,0.0,14.0,14.0,0.0,62.26,63.07
703A,pass@7,2.0,5.0,6.0,12.0,7.0,18.0,13.61,50.53,2.4,121.28,6.74,0.0168,0.0,15.0,15.0,0.0,61.61,62.42
703A,pass@8,2.0,5.0,6.0,12.0,7.0,18.0,13.61,50.53,2.4,121.28,6.74,0.0168,0.0,15.0,15.0,0.0,61.61,62.42
703A,pass@9,2.0,5.0,6.0,12.0,7.0,18.0,13.61,50.53,2.4,121.28,6.74,0.0168,6.0,18.0,18.0,0.0,59.75,59.88
703A,pass@10,2.0,5.0,6.0,12.0,7.0,18.0,13.61,50.53,2.4,121.28,6.74,0.0168,0.0,15.0,15.0,0.0,61.61,62.42
703A,pass@11,2.0,5.0,6.0,12.0,7.0,18.0,13.61,50.53,2.4,121.28,6.74,0.0168,0.0,15.0,15.0,0.0,61.61,62.42
703A,pass@12,2.0,5.0,6.0,12.0,7.0,18.0,13.61,50.53,2.4,121.28,6.74,0.0168,0.0,15.0,15.0,0.0,61.61,62.42
703A,pass@13,2.0,5.0,6.0,12.0,7.0,18.0,13.61,50.53,2.4,121.28,6.74,0.0168,0.0,15.0,15.0,0.0,61.61,62.42
703A,pass@14,2.0,5.0,6.0,12.0,7.0,18.0,13.61,50.53,2.4,121.28,6.74,0.0168,0.0,14.0,14.0,0.0,62.26,63.07
703A,pass@15,2.0,5.0,6.0,12.0,7.0,18.0,13.61,50.53,2.4,121.28,6.74,0.0168,0.0,15.0,15.0,0.0,61.61,62.42
703A,pass@16,2.0,5.0,6.0,12.0,7.0,18.0,13.61,50.53,2.4,121.28,6.74,0.0168,0.0,15.0,15.0,0.0,61.61,62.42
703A,pass@17,2.0,5.0,6.0,12.0,7.0,18.0,13.61,50.53,2.4,121.28,6.74,0.0168,0.0,15.0,15.0,0.0,61.61,62.42
703A,pass@18,2.0,5.0,6.0,12.0,7.0,18.0,13.61,50.53,2.4,121.28,6.74,0.0168,0.0,15.0,15.0,0.0,61.61,62.42
703A,pass@19,2.0,5.0,6.0,12.0,7.0,18.0,13.61,50.53,2.4,121.28,6.74,0.0168,0.0,15.0,15.0,0.0,61.61,62.42
703A,pass@20,2.0,5.0,6.0,12.0,7.0,18.0,13.61,50.53,2.4,121.28,6.74,0.0168,0.0,15.0,15.0,0.0,61.61,62.42
703A,pass@21,2.0,5.0,6.0,12.0,7.0,18.0,13.61,50.53,2.4,121.28,6.74,0.0168,0.0,15.0,15.0,0.0,61.61,62.42
703A,pass@22,2.0,5.0,6.0,12.0,7.0,18.0,13.61,50.53,2.4,121.28,6.74,0.0168,0.0,14.0,14.0,0.0,62.26,63.07
703A,pass@23,2.0,5.0,6.0,12.0,7.0,18.0,13.61,50.53,2.4,121.28,6.74,0.0168,0.0,15.0,15.0,0.0,61.61,62.42
703A,pass@24,2.0,5.0,6.0,12.0,7.0,18.0,13.61,50.53,2.4,121.28,6.74,0.0168,0.0,15.0,15.0,0.0,61.61,62.42
703A,pass@25,2.0,5.0,6.0,12.0,7.0,18.0,13.61,50.53,2.4,121.28,6.74,0.0168,0.0,15.0,15.0,0.0,61.61,62.42
703A,pass@26,2.0,5.0,6.0,12.0,7.0,18.0,13.61,50.53,2.4,121.28,6.74,0.0168,0.0,15.0,15.0,0.0,61.61,62.42
703A,pass@27,2.0,5.0,6.0,12.0,7.0,18.0,13.61,50.53,2.4,121.28,6.74,0.0168,0.0,15.0,15.0,0.0,61.61,62.42
703A,pass@28,2.0,5.0,6.0,12.0,7.0,18.0,13.61,50.53,2.4,121.28,6.74,0.0168,0.0,15.0,15.0,0.0,61.61,62.42
703A,pass@29,2.0,5.0,6.0,12.0,7.0,18.0,13.61,50.53,2.4,121.28,6.74,0.0168,0.0,15.0,15.0,0.0,61.61,62.42
703A,pass@30,2.0,5.0,6.0,12.0,7.0,18.0,13.61,50.53,2.4,121.28,6.74,0.0168,0.0,14.0,14.0,0.0,62.26,63.07
703A,pass@31,3.0,7.0,7.0,14.0,10.0,21.0,24.41,69.76,3.0,209.28,11.63,0.0233,6.0,18.0,18.0,0.0,58.77,58.9
703A,pass@32,2.0,5.0,6.0,12.0,7.0,18.0,13.61,50.53,2.4,121.28,6.74,0.0168,0.0,15.0,15.0,0.0,61.61,62.42
710B,pass@1,2.0,4.0,2.0,4.0,6.0,6.0,10.0,15.51,1.0,15.51,0.86,0.0052,0.0,4.0,4.0,0.0,78.4,78.53
710B,pass@2,2.0,4.0,2.0,4.0,6.0,6.0,10.0,15.51,1.0,15.51,0.86,0.0052,0.0,4.0,4.0,0.0,78.4,78.53
710B,pass@3,1.0,2.0,1.0,2.0,3.0,3.0,2.0,4.75,0.5,2.38,0.13,0.0016,1.0,7.0,7.0,0.0,76.69,76.69
710B,pass@4,2.0,4.0,2.0,4.0,6.0,6.0,10.0,15.51,1.0,15.51,0.86,0.0052,0.0,4.0,4.0,0.0,78.4,78.53
710B,pass@5,2.0,4.0,2.0,4.0,6.0,6.0,10.0,15.51,1.0,15.51,0.86,0.0052,0.0,4.0,4.0,0.0,78.4,78.53
710B,pass@6,2.0,4.0,2.0,4.0,6.0,6.0,10.0,15.51,1.0,15.51,0.86,0.0052,0.0,4.0,4.0,0.0,78.4,78.53
710B,pass@7,2.0,4.0,2.0,4.0,6.0,6.0,10.0,15.51,1.0,15.51,0.86,0.0052,0.0,5.0,5.0,0.0,76.28,76.42
710B,pass@8,4.0,5.0,5.0,10.0,9.0,15.0,19.61,47.55,4.0,190.2,10.57,0.0158,0.0,7.0,7.0,0.0,69.55,69.82
710B,pass@9,1.0,2.0,1.0,2.0,3.0,3.0,2.0,4.75,0.5,2.38,0.13,0.0016,1.0,7.0,7.0,0.0,76.69,76.69
710B,pass@10,2.0,4.0,2.0,4.0,6.0,6.0,10.0,15.51,1.0,15.51,0.86,0.0052,0.0,4.0,4.0,0.0,78.4,78.53
710B,pass@11,2.0,4.0,2.0,4.0,6.0,6.0,10.0,15.51,1.0,15.51,0.86,0.0052,1.0,8.0,9.0,0.0,70.71,70.71
710B,pass@12,2.0,4.0,2.0,4.0,6.0,6.0,10.0,15.51,1.0,15.51,0.86,0.0052,0.0,6.0,7.0,0.0,73.09,73.23
710B,pass@13,2.0,4.0,2.0,4.0,6.0,6.0,10.0,15.51,1.0,15.51,0.86,0.0052,0.0,4.0,4.0,0.0,78.4,78.53
710B,pass@14,1.0,2.0,1.0,2.0,3.0,3.0,2.0,4.75,0.5,2.38,0.13,0.0016,1.0,6.0,6.0,0.0,78.15,78.15
710B,pass@15,2.0,4.0,2.0,4.0,6.0,6.0,10.0,15.51,1.0,15.51,0.86,0.0052,0.0,3.0,3.0,0.0,81.12,81.26
710B,pass@16,2.0,4.0,2.0,4.0,6.0,6.0,10.0,15.51,1.0,15.51,0.86,0.0052,1.0,8.0,9.0,0.0,70.71,70.71
710B,pass@17,2.0,4.0,2.0,4.0,6.0,6.0,10.0,15.51,1.0,15.51,0.86,0.0052,0.0,5.0,5.0,0.0,76.28,76.42
710B,pass@18,2.0,4.0,2.0,4.0,6.0,6.0,10.0,15.51,1.0,15.51,0.86,0.0052,0.0,7.0,8.0,0.0,71.83,71.96
710B,pass@19,2.0,4.0,2.0,4.0,6.0,6.0,10.0,15.51,1.0,15.51,0.86,0.0052,0.0,4.0,4.0,0.0,78.4,78.53
710B,pass@20,2.0,4.0,2.0,4.0,6.0,6.0,10.0,15.51,1.0,15.51,0.86,0.0052,0.0,4.0,4.0,0.0,78.4,78.53
710B,pass@21,3.0,6.0,3.0,6.0,9.0,9.0,20.26,28.53,1.5,42.79,2.38,0.0095,2.0,12.0,13.0,0.0,65.24,65.24
710B,pass@22,2.0,4.0,2.0,4.0,6.0,6.0,10.0,15.51,1.0,15.51,0.86,0.0052,0.0,4.0,4.0,0.0,78.4,78.53
710B,pass@23,2.0,4.0,2.0,4.0,6.0,6.0,10.0,15.51,1.0,15.51,0.86,0.0052,1.0,6.0,6.0,0.0,74.55,74.55
710B,pass@24,3.0,6.0,3.0,6.0,9.0,9.0,20.26,28.53,1.5,42.79,2.38,0.0095,1.0,10.0,11.0,0.0,66.82,66.96
710B,pass@25,3.0,6.0,3.0,6.0,9.0,9.0,20.26,28.53,1.5,42.79,2.38,0.0095,1.0,10.0,11.0,0.0,66.82,66.96
710B,pass@26,2.0,4.0,2.0,4.0,6.0,6.0,10.0,15.51,1.0,15.51,0.86,0.0052,1.0,8.0,9.0,0.0,70.71,70.71
710B,pass@27,4.0,5.0,5.0,10.0,9.0,15.0,19.61,47.55,4.0,190.2,10.57,0.0158,2.0,11.0,12.0,0.0,64.45,64.45
710B,pass@28,2.0,4.0,2.0,4.0,6.0,6.0,10.0,15.51,1.0,15.51,0.86,0.0052,0.0,7.0,8.0,0.0,71.83,71.96
710B,pass@29,2.0,4.0,2.0,4.0,6.0,6.0,10.0,15.51,1.0,15.51,0.86,0.0052,1.0,8.0,9.0,0.0,70.71,70.71
710B,pass@30,2.0,4.0,2.0,4.0,6.0,6.0,10.0,15.51,1.0,15.51,0.86,0.0052,1.0,6.0,6.0,0.0,74.55,74.55
710B,pass@31,4.0,6.0,5.0,10.0,10.0,15.0,23.51,49.83,3.33,166.1,9.23,0.0166,2.0,7.0,7.0,0.0,69.41,69.41
710B,pass@32,4.0,6.0,5.0,10.0,10.0,15.0,23.51,49.83,3.33,166.1,9.23,0.0166,2.0,8.0,9.0,0.0,67.03,67.03
710A,pass@1,6.0,19.0,13.0,25.0,25.0,38.0,96.22,176.47,3.95,696.58,38.7,0.0588,0.0,7.0,7.0,0.0,64.89,65.83
710A,pass@2,7.0,17.0,15.0,26.0,24.0,41.0,89.14,187.98,5.35,1006.26,55.9,0.0627,7.0,11.0,11.0,0.0,60.42,60.42
710A,pass@3,6.0,15.0,16.0,24.0,21.0,40.0,74.11,175.69,4.8,843.32,46.85,0.0586,5.0,13.0,13.0,0.0,59.44,59.31
710A,pass@4,7.0,16.0,14.0,24.0,23.0,38.0,83.65,171.9,5.25,902.45,50.14,0.0573,7.0,15.0,15.0,0.0,57.75,57.75
710A,pass@5,7.0,17.0,15.0,26.0,24.0,41.0,89.14,187.98,5.35,1006.26,55.9,0.0627,7.0,12.0,12.0,0.0,59.59,59.59
710A,pass@6,8.0,18.0,15.0,27.0,26.0,42.0,99.06,197.42,6.0,1184.51,65.81,0.0658,0.0,8.0,8.0,0.0,63.29,64.23
710A,pass@7,8.0,22.0,17.0,35.0,30.0,52.0,122.11,255.16,6.36,1623.73,90.21,0.0851,9.0,10.0,10.0,0.0,60.12,60.12
710A,pass@8,8.0,17.0,15.0,26.0,25.0,41.0,93.49,190.4,6.12,1164.79,64.71,0.0635,7.0,11.0,11.0,0.0,60.38,60.38
710A,pass@9,7.0,17.0,15.0,26.0,24.0,41.0,89.14,187.98,5.35,1006.26,55.9,0.0627,7.0,12.0,12.0,0.0,59.59,59.59
710A,pass@10,6.0,15.0,16.0,24.0,21.0,40.0,74.11,175.69,4.8,843.32,46.85,0.0586,4.0,11.0,11.0,0.0,61.03,61.03
710A,pass@11,6.0,15.0,16.0,24.0,21.0,40.0,74.11,175.69,4.8,843.32,46.85,0.0586,4.0,10.0,10.0,0.0,61.93,61.93
710A,pass@12,8.0,18.0,15.0,27.0,26.0,42.0,99.06,197.42,6.0,1184.51,65.81,0.0658,7.0,10.0,10.0,0.0,61.17,61.17
710A,pass@13,7.0,17.0,15.0,26.0,24.0,41.0,89.14,187.98,5.35,1006.26,55.9,0.0627,7.0,13.0,13.0,0.0,58.84,58.84
710A,pass@14,6.0,15.0,16.0,24.0,21.0,40.0,74.11,175.69,4.8,843.32,46.85,0.0586,4.0,11.0,11.0,0.0,61.03,61.03
710A,pass@15,5.0,16.0,13.0,22.0,21.0,35.0,75.61,153.73,3.44,528.45,29.36,0.0512,7.0,14.0,14.0,0.0,58.75,58.75
710A,pass@16,7.0,17.0,15.0,26.0,24.0,41.0,89.14,187.98,5.35,1006.26,55.9,0.0627,7.0,16.0,16.0,0.0,56.87,56.87
710A,pass@17,7.0,16.0,14.0,24.0,23.0,38.0,83.65,171.9,5.25,902.45,50.14,0.0573,7.0,15.0,15.0,0.0,57.75,57.75
710A,pass@18,7.0,16.0,14.0,24.0,23.0,38.0,83.65,171.9,5.25,902.45,50.14,0.0573,7.0,15.0,15.0,0.0,57.75,57.75
710A,pass@19,7.0,17.0,15.0,26.0,24.0,41.0,89.14,187.98,5.35,1006.26,55.9,0.0627,0.0,11.0,11.0,0.0,60.42,61.36
710A,pass@20,8.0,18.0,15.0,27.0,26.0,42.0,99.06,197.42,6.0,1184.51,65.81,0.0658,7.0,10.0,10.0,0.0,61.17,61.17
710A,pass@21,7.0,17.0,15.0,26.0,24.0,41.0,89.14,187.98,5.35,1006.26,55.9,0.0627,0.0,11.0,11.0,0.0,60.42,61.36
710A,pass@22,8.0,18.0,15.0,27.0,26.0,42.0,99.06,197.42,6.0,1184.51,65.81,0.0658,0.0,8.0,8.0,0.0,63.29,64.23
710A,pass@23,6.0,15.0,16.0,24.0,21.0,40.0,74.11,175.69,4.8,843.32,46.85,0.0586,4.0,14.0,14.0,0.0,58.74,58.74
710A,pass@24,8.0,18.0,15.0,27.0,26.0,42.0,99.06,197.42,6.0,1184.51,65.81,0.0658,7.0,10.0,10.0,0.0,61.17,61.17
710A,pass@25,7.0,16.0,14.0,24.0,23.0,38.0,83.65,171.9,5.25,902.45,50.14,0.0573,7.0,15.0,15.0,0.0,57.75,57.75
710A,pass@26,7.0,17.0,15.0,26.0,24.0,41.0,89.14,187.98,5.35,1006.26,55.9,0.0627,7.0,14.0,14.0,0.0,58.13,58.13
710A,pass@27,6.0,15.0,16.0,24.0,21.0,40.0,74.11,175.69,4.8,843.32,46.85,0.0586,4.0,11.0,11.0,0.0,61.03,61.03
710A,pass@28,6.0,15.0,16.0,24.0,21.0,40.0,74.11,175.69,4.8,843.32,46.85,0.0586,4.0,13.0,13.0,0.0,59.44,59.44
710A,pass@29,6.0,15.0,16.0,24.0,21.0,40.0,74.11,175.69,4.8,843.32,46.85,0.0586,4.0,13.0,13.0,0.0,59.44,59.44
710A,pass@30,6.0,18.0,14.0,26.0,24.0,40.0,90.57,183.4,4.33,794.73,44.15,0.0611,7.0,10.0,10.0,0.0,61.4,61.4
710A,pass@31,8.0,17.0,15.0,26.0,25.0,41.0,93.49,190.4,6.12,1164.79,64.71,0.0635,7.0,12.0,12.0,0.0,59.56,59.56
710A,pass@32,4.0,11.0,8.0,16.0,15.0,24.0,46.05,93.77,2.91,272.77,15.15,0.0313,0.0,9.0,9.0,0.0,64.7,65.38
712C,pass@1,2.0,4.0,2.0,4.0,6.0,6.0,10.0,15.51,1.0,15.51,0.86,0.0052,1.0,4.0,4.0,0.0,78.4,78.4
712C,pass@2,2.0,4.0,2.0,4.0,6.0,6.0,10.0,15.51,1.0,15.51,0.86,0.0052,1.0,4.0,4.0,0.0,78.4,78.4
712C,pass@3,1.0,2.0,1.0,2.0,3.0,3.0,2.0,4.75,0.5,2.38,0.13,0.0016,1.0,4.0,4.0,0.0,81.99,81.99
712C,pass@4,2.0,4.0,2.0,4.0,6.0,6.0,10.0,15.51,1.0,15.51,0.86,0.0052,1.0,4.0,4.0,50.0,100.0,100.0
712C,pass@5,2.0,4.0,2.0,4.0,6.0,6.0,10.0,15.51,1.0,15.51,0.86,0.0052,1.0,4.0,4.0,0.0,78.4,78.4
712C,pass@6,1.0,2.0,1.0,2.0,3.0,3.0,2.0,4.75,0.5,2.38,0.13,0.0016,1.0,4.0,4.0,0.0,81.99,81.99
712C,pass@7,1.0,2.0,1.0,2.0,3.0,3.0,2.0,4.75,0.5,2.38,0.13,0.0016,1.0,5.0,5.0,0.0,79.88,79.88
712C,pass@8,1.0,2.0,1.0,2.0,3.0,3.0,2.0,4.75,0.5,2.38,0.13,0.0016,1.0,7.0,7.0,0.0,76.69,76.69
712C,pass@9,3.0,8.0,5.0,10.0,11.0,15.0,28.75,51.89,1.88,97.3,5.41,0.0173,1.0,4.0,4.0,0.0,74.72,74.72
712C,pass@10,2.0,4.0,2.0,4.0,6.0,6.0,10.0,15.51,1.0,15.51,0.86,0.0052,1.0,4.0,4.0,0.0,78.4,78.4
712C,pass@11,3.0,6.0,3.0,6.0,9.0,9.0,20.26,28.53,1.5,42.79,2.38,0.0095,1.0,4.0,4.0,0.0,76.54,76.54
712C,pass@12,3.0,8.0,5.0,10.0,11.0,15.0,28.75,51.89,1.88,97.3,5.41,0.0173,0.0,2.0,2.0,0.0,81.29,81.42
712C,pass@13,2.0,4.0,2.0,4.0,6.0,6.0,10.0,15.51,1.0,15.51,0.86,0.0052,1.0,5.0,5.0,0.0,76.28,76.28
712C,pass@14,4.0,6.0,4.0,8.0,10.0,12.0,23.51,39.86,2.67,106.3,5.91,0.0133,2.0,4.0,4.0,0.0,75.39,75.39
712C,pass@15,2.0,4.0,2.0,4.0,6.0,6.0,10.0,15.51,1.0,15.51,0.86,0.0052,1.0,4.0,4.0,0.0,78.4,78.4
712C,pass@16,2.0,4.0,2.0,4.0,6.0,6.0,10.0,15.51,1.0,15.51,0.86,0.0052,1.0,4.0,4.0,0.0,78.4,78.4
712C,pass@17,2.0,4.0,2.0,4.0,6.0,6.0,10.0,15.51,1.0,15.51,0.86,0.0052,1.0,5.0,5.0,0.0,76.15,76.28
712C,pass@18,1.0,2.0,1.0,2.0,3.0,3.0,2.0,4.75,0.5,2.38,0.13,0.0016,1.0,4.0,4.0,0.0,81.99,81.99
712C,pass@19,1.0,2.0,1.0,2.0,3.0,3.0,2.0,4.75,0.5,2.38,0.13,0.0016,1.0,4.0,4.0,50.0,100.0,100.0
712C,pass@20,2.0,4.0,2.0,4.0,6.0,6.0,10.0,15.51,1.0,15.51,0.86,0.0052,1.0,4.0,4.0,0.0,78.4,78.4
712C,pass@21,1.0,2.0,1.0,2.0,3.0,3.0,2.0,4.75,0.5,2.38,0.13,0.0016,1.0,4.0,4.0,50.0,100.0,100.0
712C,pass@22,2.0,4.0,2.0,4.0,6.0,6.0,10.0,15.51,1.0,15.51,0.86,0.0052,1.0,4.0,4.0,0.0,78.4,78.4
712C,pass@23,2.0,4.0,2.0,4.0,6.0,6.0,10.0,15.51,1.0,15.51,0.86,0.0052,1.0,4.0,4.0,50.0,100.0,100.0
712C,pass@24,1.0,2.0,1.0,2.0,3.0,3.0,2.0,4.75,0.5,2.38,0.13,0.0016,1.0,4.0,4.0,0.0,81.99,81.99
712C,pass@25,1.0,2.0,1.0,2.0,3.0,3.0,2.0,4.75,0.5,2.38,0.13,0.0016,1.0,4.0,4.0,50.0,100.0,100.0
712C,pass@26,1.0,2.0,1.0,2.0,3.0,3.0,2.0,4.75,0.5,2.38,0.13,0.0016,1.0,4.0,4.0,0.0,81.99,81.99
712C,pass@27,2.0,4.0,2.0,4.0,6.0,6.0,10.0,15.51,1.0,15.51,0.86,0.0052,1.0,4.0,4.0,0.0,78.4,78.4
712C,pass@28,4.0,10.0,8.0,16.0,14.0,24.0,41.22,91.38,3.2,292.4,16.24,0.0305,2.0,4.0,4.0,0.0,72.87,72.87
712C,pass@29,2.0,4.0,2.0,4.0,6.0,6.0,10.0,15.51,1.0,15.51,0.86,0.0052,1.0,8.0,8.0,0.0,71.83,71.83
712C,pass@30,2.0,4.0,2.0,4.0,6.0,6.0,10.0,15.51,1.0,15.51,0.86,0.0052,1.0,4.0,4.0,0.0,78.4,78.4
712C,pass@31,1.0,2.0,1.0,2.0,3.0,3.0,2.0,4.75,0.5,2.38,0.13,0.0016,1.0,4.0,4.0,0.0,81.99,81.99
712C,pass@32,1.0,2.0,1.0,2.0,3.0,3.0,2.0,4.75,0.5,2.38,0.13,0.0016,1.0,4.0,4.0,50.0,100.0,100.0
714C,pass@1,5.0,19.0,12.0,24.0,24.0,36.0,92.32,165.06,3.16,521.24,28.96,0.055,7.0,23.0,24.0,0.0,53.29,53.42
714C,pass@2,8.0,21.0,16.0,30.0,29.0,46.0,116.24,223.47,5.71,1276.96,70.94,0.0745,9.0,48.0,51.0,0.0,45.09,45.09
714C,pass@4,9.0,25.0,22.0,44.0,34.0,66.0,144.63,335.77,7.92,2659.32,147.74,0.1119,14.0,43.0,43.0,0.0,44.8,44.8
714C,pass@5,9.0,44.0,28.0,54.0,53.0,82.0,268.74,469.69,5.52,2593.97,144.11,0.1566,20.0,39.0,42.0,0.0,43.19,43.19
714C,pass@7,8.0,28.0,17.0,34.0,36.0,51.0,158.61,263.67,4.86,1280.66,71.15,0.0879,10.0,32.0,32.0,0.0,48.87,48.87
714C,pass@9,9.0,29.0,18.0,34.0,38.0,52.0,169.41,272.89,5.28,1439.74,79.99,0.091,5.0,29.0,31.0,0.0,48.66,49.74
714C,pass@10,8.0,29.0,17.0,32.0,37.0,49.0,164.88,255.26,4.41,1126.68,62.59,0.0851,8.0,31.0,33.0,0.0,48.14,48.95
714C,pass@14,7.0,27.0,18.0,33.0,34.0,51.0,148.03,259.46,4.28,1109.91,61.66,0.0865,10.0,35.0,40.0,0.0,46.8,46.8
714C,pass@17,5.0,15.0,10.0,18.0,20.0,28.0,70.21,121.01,3.0,363.04,20.17,0.0403,7.0,32.0,34.0,0.0,50.93,51.07
714C,pass@18,7.0,24.0,14.0,28.0,31.0,42.0,129.69,208.08,4.08,849.64,47.2,0.0694,13.0,27.0,29.0,0.0,50.12,50.12
714C,pass@19,11.0,42.0,27.0,53.0,53.0,80.0,264.53,458.23,6.94,3180.36,176.69,0.1527,13.0,36.0,37.0,0.0,44.47,45.41
714C,pass@20,10.0,38.0,26.0,52.0,48.0,78.0,232.64,435.63,6.84,2980.61,165.59,0.1452,17.0,42.0,42.0,0.0,43.82,43.82
714C,pass@21,8.0,29.0,21.0,40.0,37.0,61.0,164.88,317.78,5.52,1753.25,97.4,0.1059,16.0,37.0,39.0,0.0,45.76,45.62
714C,pass@22,7.0,21.0,14.0,26.0,28.0,40.0,111.89,192.29,4.33,833.27,46.29,0.0641,14.0,35.0,37.0,0.0,48.05,47.92
714C,pass@23,5.0,23.0,17.0,31.0,28.0,48.0,115.65,230.75,3.37,777.54,43.2,0.0769,1.0,36.0,37.0,0.0,48.98,49.11
714C,pass@25,6.0,26.0,21.0,42.0,32.0,63.0,137.72,315.0,4.85,1526.54,84.81,0.105,14.0,36.0,38.0,0.0,46.16,46.16
714C,pass@26,9.0,36.0,23.0,44.0,45.0,67.0,214.65,367.95,5.5,2023.75,112.43,0.1227,14.0,29.0,35.0,0.0,46.47,46.47
714C,pass@27,8.0,30.0,19.0,36.0,38.0,55.0,171.21,288.64,4.8,1385.45,76.97,0.0962,18.0,41.0,48.0,0.0,43.95,43.68
714C,pass@28,6.0,24.0,21.0,40.0,30.0,61.0,125.55,299.32,5.0,1496.6,83.14,0.0998,14.0,52.0,54.0,0.0,42.99,42.99
714C,pass@29,8.0,30.0,18.0,34.0,38.0,52.0,171.21,272.89,4.53,1237.11,68.73,0.091,4.0,28.0,30.0,0.0,49.38,50.18
714C,pass@31,11.0,31.0,24.0,47.0,42.0,71.0,191.63,382.85,8.34,3192.51,177.36,0.1276,14.0,49.0,50.0,0.0,42.97,42.97
714C,pass@32,7.0,21.0,14.0,26.0,28.0,40.0,111.89,192.29,4.33,833.27,46.29,0.0641,4.0,30.0,32.0,0.0,49.96,50.64
715B,pass@1,10.0,29.0,22.0,42.0,39.0,64.0,174.1,338.27,7.24,2449.51,136.08,0.1128,19.0,49.0,50.0,10.2,60.64,60.64
715B,pass@2,11.0,58.0,48.0,96.0,69.0,144.0,377.82,879.63,9.1,8007.64,444.87,0.2932,29.0,81.0,81.0,0.0,33.85,33.85
715B,pass@3,7.0,30.0,26.0,52.0,37.0,78.0,166.86,406.34,6.07,2465.11,136.95,0.1354,25.0,69.0,69.0,0.0,38.39,38.26
715B,pass@4,8.0,27.0,22.0,44.0,35.0,66.0,152.38,338.53,6.52,2206.73,122.6,0.1128,17.0,64.0,64.0,0.0,40.6,40.6
715B,pass@5,9.0,31.0,23.0,42.0,40.0,65.0,182.11,345.93,6.1,2109.03,117.17,0.1153,12.0,79.0,80.0,0.0,39.09,39.09
715B,pass@6,8.0,65.0,42.0,84.0,73.0,126.0,415.45,779.92,5.17,4031.58,223.98,0.26,23.0,58.0,58.0,0.0,38.19,38.19
715B,pass@7,10.0,32.0,26.0,52.0,42.0,78.0,193.22,420.6,8.12,3417.38,189.85,0.1402,21.0,73.0,73.0,0.0,38.16,38.16
715B,pass@8,10.0,38.0,29.0,55.0,48.0,84.0,232.64,469.14,7.24,3395.07,188.61,0.1564,23.0,102.0,102.0,0.0,34.66,34.39
715B,pass@9,7.0,38.0,23.0,46.0,45.0,69.0,219.07,378.94,4.24,1605.5,89.19,0.1263,16.0,55.0,55.0,0.0,41.83,41.83
715B,pass@10,10.0,40.0,34.0,68.0,50.0,102.0,246.1,575.67,8.5,4893.22,271.85,0.1919,19.0,66.0,66.0,0.0,38.56,38.43
715B,pass@11,7.0,27.0,17.0,34.0,34.0,51.0,148.03,259.46,4.41,1143.55,63.53,0.0865,20.0,64.0,64.0,0.0,40.87,41.01
715B,pass@12,7.0,27.0,22.0,44.0,34.0,66.0,148.03,335.77,5.7,1915.15,106.4,0.1119,21.0,74.0,74.0,0.0,38.71,38.71
715B,pass@13,6.0,29.0,21.0,43.0,35.0,64.0,156.39,328.27,4.45,1460.25,81.13,0.1094,18.0,68.0,68.0,0.0,39.99,39.99
715B,pass@14,9.0,35.0,26.0,52.0,44.0,78.0,208.05,425.84,6.69,2847.02,158.17,0.1419,28.0,69.0,71.0,0.0,37.44,37.44
715B,pass@15,9.0,27.0,18.0,36.0,36.0,54.0,156.91,279.18,6.0,1675.06,93.06,0.0931,23.0,60.0,60.0,0.0,40.99,40.99
715B,pass@16,8.0,30.0,22.0,44.0,38.0,66.0,171.21,346.36,5.87,2032.0,112.89,0.1155,21.0,55.0,51.0,0.0,42.28,42.14
715B,pass@17,8.0,25.0,15.0,30.0,33.0,45.0,140.1,227.0,4.8,1089.59,60.53,0.0757,18.0,43.0,43.0,0.0,45.45,45.45
715B,pass@18,9.0,25.0,20.0,40.0,34.0,60.0,144.63,305.25,7.2,2197.78,122.1,0.1017,23.0,56.0,56.0,0.0,41.37,41.37
715B,pass@19,8.0,24.0,20.0,40.0,32.0,60.0,134.04,300.0,6.67,2000.0,111.11,0.1,20.0,56.0,58.0,0.0,41.5,41.5
715B,pass@20,11.0,44.0,39.0,76.0,55.0,115.0,278.27,664.86,9.5,6316.14,350.9,0.2216,30.0,97.0,98.0,0.0,32.9,32.76
715B,pass@21,11.0,44.0,35.0,68.0,55.0,103.0,278.27,595.48,8.5,5061.58,281.2,0.1985,38.0,105.0,105.0,0.0,31.37,31.37
715B,pass@22,10.0,38.0,30.0,58.0,48.0,88.0,232.64,491.48,7.63,3750.74,208.37,0.1638,16.0,76.0,76.0,0.0,37.97,37.97
715B,pass@23,9.0,33.0,22.0,44.0,42.0,66.0,194.99,355.89,6.0,2135.36,118.63,0.1186,27.0,69.0,70.0,0.0,38.39,38.26
715B,pass@24,8.0,21.0,16.0,32.0,29.0,48.0,116.24,233.18,6.1,1421.31,78.96,0.0777,19.0,60.0,60.0,0.0,42.21,42.08
715B,pass@25,8.0,22.0,17.0,32.0,30.0,49.0,122.11,240.44,5.82,1398.91,77.72,0.0801,8.0,70.0,70.0,1.43,47.96,49.17
715B,pass@26,10.0,43.0,32.0,61.0,53.0,93.0,266.55,532.7,7.09,3778.43,209.91,0.1776,19.0,87.0,87.0,0.0,36.04,36.04
715B,pass@27,7.0,17.0,14.0,28.0,24.0,42.0,89.14,192.57,5.76,1110.1,61.67,0.0642,21.0,50.0,50.0,6.0,58.46,58.33
715B,pass@28,7.0,23.0,21.0,42.0,30.0,63.0,123.69,309.13,6.39,1975.77,109.77,0.103,17.0,67.0,67.0,0.0,40.58,40.44
715B,pass@29,7.0,26.0,19.0,38.0,33.0,57.0,141.86,287.53,5.12,1470.83,81.71,0.0958,18.0,54.0,54.0,0.0,42.3,42.57
715B,pass@30,10.0,35.0,23.0,46.0,45.0,69.0,212.74,378.94,6.57,2490.16,138.34,0.1263,24.0,61.0,61.0,0.0,39.77,39.77
715B,pass@31,8.0,38.0,28.0,55.0,46.0,83.0,223.42,458.46,5.79,2654.22,147.46,0.1528,29.0,101.0,101.0,0.0,33.88,33.74
715B,pass@32,10.0,29.0,26.0,52.0,39.0,78.0,174.1,412.26,8.97,3696.14,205.34,0.1374,18.0,69.0,69.0,0.0,39.15,39.15
716A,pass@1,4.0,8.0,4.0,8.0,12.0,12.0,32.0,43.02,2.0,86.04,4.78,0.0143,4.0,18.0,19.0,0.0,60.13,60.13
716A,pass@2,4.0,8.0,4.0,8.0,12.0,12.0,32.0,43.02,2.0,86.04,4.78,0.0143,3.0,16.0,17.0,0.0,61.18,61.32
716A,pass@3,4.0,8.0,4.0,8.0,12.0,12.0,32.0,43.02,2.0,86.04,4.78,0.0143,3.0,16.0,17.0,0.0,61.18,61.32
716A,pass@4,4.0,7.0,4.0,7.0,11.0,11.0,27.65,38.05,2.0,76.11,4.23,0.0127,3.0,25.0,26.0,0.0,57.66,57.66
716A,pass@5,4.0,7.0,6.0,11.0,11.0,17.0,27.65,58.81,3.14,184.83,10.27,0.0196,3.0,19.0,20.0,0.0,58.69,58.83
716A,pass@6,3.0,6.0,3.0,6.0,9.0,9.0,20.26,28.53,1.5,42.79,2.38,0.0095,3.0,17.0,18.0,0.0,62.02,62.02
716A,pass@7,5.0,9.0,5.0,9.0,14.0,14.0,40.14,53.3,2.5,133.26,7.4,0.0178,4.0,14.0,15.0,0.0,61.58,61.72
716A,pass@8,4.0,8.0,4.0,8.0,12.0,12.0,32.0,43.02,2.0,86.04,4.78,0.0143,3.0,17.0,18.0,0.0,60.64,60.78
716A,pass@9,4.0,8.0,4.0,8.0,12.0,12.0,32.0,43.02,2.0,86.04,4.78,0.0143,3.0,16.0,17.0,0.0,61.18,61.32
716A,pass@10,5.0,9.0,5.0,9.0,14.0,14.0,40.14,53.3,2.5,133.26,7.4,0.0178,3.0,17.0,18.0,0.0,59.99,60.12
716A,pass@11,5.0,9.0,6.0,11.0,14.0,17.0,40.14,64.73,3.06,197.77,10.99,0.0216,3.0,16.0,17.0,0.0,59.94,60.07
716A,pass@12,4.0,8.0,4.0,8.0,12.0,12.0,32.0,43.02,2.0,86.04,4.78,0.0143,4.0,18.0,19.0,0.0,60.13,60.13
716A,pass@13,3.0,6.0,3.0,6.0,9.0,9.0,20.26,28.53,1.5,42.79,2.38,0.0095,3.0,16.0,17.0,0.0,62.57,62.57
716A,pass@14,4.0,7.0,4.0,7.0,11.0,11.0,27.65,38.05,2.0,76.11,4.23,0.0127,0.0,11.0,11.0,0.0,65.81,66.22
716A,pass@16,4.0,8.0,4.0,8.0,12.0,12.0,32.0,43.02,2.0,86.04,4.78,0.0143,4.0,14.0,14.0,0.0,63.02,63.02
716A,pass@17,4.0,7.0,4.0,7.0,11.0,11.0,27.65,38.05,2.0,76.11,4.23,0.0127,3.0,16.0,17.0,0.0,61.69,61.69
716A,pass@18,4.0,8.0,4.0,8.0,12.0,12.0,32.0,43.02,2.0,86.04,4.78,0.0143,3.0,17.0,18.0,0.0,60.64,60.78
716A,pass@20,3.0,6.0,3.0,6.0,9.0,9.0,20.26,28.53,1.5,42.79,2.38,0.0095,3.0,16.0,17.0,0.0,62.57,62.57
716A,pass@21,4.0,8.0,4.0,8.0,12.0,12.0,32.0,43.02,2.0,86.04,4.78,0.0143,4.0,15.0,15.0,0.0,62.37,62.37
716A,pass@22,4.0,8.0,4.0,8.0,12.0,12.0,32.0,43.02,2.0,86.04,4.78,0.0143,3.0,28.0,29.0,0.0,56.12,56.26
716A,pass@23,4.0,8.0,4.0,8.0,12.0,12.0,32.0,43.02,2.0,86.04,4.78,0.0143,3.0,17.0,18.0,0.0,60.64,60.78
716A,pass@24,4.0,8.0,4.0,8.0,12.0,12.0,32.0,43.02,2.0,86.04,4.78,0.0143,4.0,15.0,15.0,0.0,62.37,62.37
716A,pass@25,4.0,8.0,4.0,8.0,12.0,12.0,32.0,43.02,2.0,86.04,4.78,0.0143,4.0,15.0,15.0,0.0,62.37,62.37
716A,pass@26,4.0,8.0,4.0,8.0,12.0,12.0,32.0,43.02,2.0,86.04,4.78,0.0143,4.0,18.0,19.0,0.0,60.13,60.13
716A,pass@27,4.0,9.0,5.0,10.0,13.0,15.0,36.53,55.51,2.22,123.35,6.85,0.0185,4.0,19.0,20.0,0.0,58.73,58.87
716A,pass@28,5.0,9.0,5.0,9.0,14.0,14.0,40.14,53.3,2.5,133.26,7.4,0.0178,3.0,17.0,18.0,0.0,59.99,60.12
716A,pass@29,4.0,9.0,5.0,10.0,13.0,15.0,36.53,55.51,2.22,123.35,6.85,0.0185,4.0,20.0,21.0,0.0,58.27,58.41
716A,pass@30,5.0,9.0,6.0,11.0,14.0,17.0,40.14,64.73,3.06,197.77,10.99,0.0216,3.0,16.0,17.0,0.0,59.94,60.07
716A,pass@32,4.0,7.0,4.0,7.0,11.0,11.0,27.65,38.05,2.0,76.11,4.23,0.0127,0.0,9.0,9.0,0.0,67.58,68.12
717B,pass@1,6.0,14.0,11.0,22.0,20.0,33.0,68.81,142.62,4.71,672.37,37.35,0.0475,2.0,14.0,14.0,0.0,59.51,59.65
717B,pass@2,5.0,9.0,7.0,14.0,14.0,21.0,40.14,79.95,3.89,310.93,17.27,0.0267,3.0,14.0,14.0,0.0,61.27,61.27
717B,pass@3,6.0,11.0,9.0,18.0,17.0,27.0,53.56,110.36,4.91,541.77,30.1,0.0368,3.0,16.0,16.0,0.0,58.89,59.03
717B,pass@4,4.0,11.0,7.0,14.0,15.0,21.0,46.05,82.04,2.55,208.84,11.6,0.0273,2.0,18.0,18.0,0.0,58.81,58.95
717B,pass@5,6.0,12.0,7.0,14.0,18.0,21.0,58.53,87.57,3.5,306.49,17.03,0.0292,1.0,15.0,15.0,0.0,60.48,60.61
717B,pass@6,4.0,10.0,6.0,12.0,14.0,18.0,41.22,68.53,2.4,164.48,9.14,0.0228,3.0,20.0,20.0,50.0,87.3,87.44
717B,pass@7,6.0,10.0,9.0,18.0,16.0,27.0,48.73,108.0,5.4,583.2,32.4,0.036,5.0,18.0,18.0,0.0,57.57,57.71
717B,pass@8,6.0,20.0,13.0,26.0,26.0,39.0,101.95,183.32,3.9,714.94,39.72,0.0611,2.0,15.0,15.0,0.0,58.09,58.23
717B,pass@9,3.0,12.0,8.0,16.0,15.0,24.0,47.77,93.77,2.0,187.53,10.42,0.0313,2.0,20.0,20.0,5.0,70.48,70.61
717B,pass@10,5.0,19.0,14.0,28.0,24.0,42.0,92.32,192.57,3.68,709.46,39.41,0.0642,3.0,22.0,22.0,0.0,54.18,54.32
717B,pass@11,7.0,26.0,22.0,43.0,33.0,65.0,141.86,327.89,5.79,1897.95,105.44,0.1093,3.0,17.0,17.0,0.0,55.01,55.14
717B,pass@12,8.0,13.0,12.0,24.0,21.0,36.0,72.11,158.12,7.38,1167.68,64.87,0.0527,6.0,18.0,18.0,0.0,56.41,56.41
717B,pass@13,5.0,24.0,21.0,42.0,29.0,63.0,121.65,306.05,4.38,1338.98,74.39,0.102,3.0,15.0,15.0,0.0,56.4,56.54
717B,pass@14,5.0,14.0,13.0,26.0,19.0,39.0,64.91,165.67,4.64,769.18,42.73,0.0552,5.0,23.0,23.0,17.39,76.19,76.32
717B,pass@15,7.0,16.0,13.0,26.0,23.0,39.0,83.65,176.42,5.69,1003.38,55.74,0.0588,3.0,17.0,17.0,0.0,56.89,57.03
717B,pass@16,5.0,9.0,9.0,18.0,14.0,27.0,40.14,102.8,5.0,513.99,28.56,0.0343,4.0,21.0,21.0,4.76,69.17,69.31
717B,pass@17,7.0,21.0,14.0,28.0,28.0,42.0,111.89,201.91,4.67,942.24,52.35,0.0673,5.0,20.0,20.0,0.0,54.81,54.81
717B,pass@18,5.0,15.0,14.0,28.0,20.0,42.0,70.21,181.52,4.67,847.1,47.06,0.0605,2.0,14.0,14.0,0.0,58.78,58.91
717B,pass@19,4.0,12.0,6.0,12.0,16.0,18.0,51.02,72.0,2.0,144.0,8.0,0.024,2.0,14.0,14.0,0.0,61.59,61.72
717B,pass@20,4.0,12.0,6.0,12.0,16.0,18.0,51.02,72.0,2.0,144.0,8.0,0.024,2.0,17.0,17.0,5.88,73.83,73.97
717B,pass@21,6.0,20.0,15.0,30.0,26.0,45.0,101.95,211.52,4.5,951.84,52.88,0.0705,5.0,27.0,27.0,3.7,63.04,63.18
717B,pass@22,4.0,14.0,10.0,20.0,18.0,30.0,61.3,125.1,2.86,357.42,19.86,0.0417,1.0,11.0,11.0,0.0,62.46,62.46
717B,pass@23,6.0,19.0,16.0,32.0,25.0,48.0,96.22,222.91,5.05,1126.26,62.57,0.0743,2.0,14.0,14.0,0.0,58.15,58.29
717B,pass@24,7.0,24.0,19.0,38.0,31.0,57.0,129.69,282.39,5.54,1564.91,86.94,0.0941,4.0,16.0,16.0,0.0,55.9,56.03
717B,pass@25,3.0,12.0,9.0,18.0,15.0,27.0,47.77,105.49,2.25,237.34,13.19,0.0352,3.0,20.0,20.0,0.0,57.05,57.05
717B,pass@26,8.0,26.0,24.0,48.0,34.0,72.0,146.21,366.3,7.38,2704.96,150.28,0.1221,6.0,24.0,24.0,0.0,51.0,51.13
717B,pass@27,6.0,15.0,11.0,22.0,21.0,33.0,74.11,144.95,4.4,637.76,35.43,0.0483,2.0,12.0,12.0,0.0,60.92,61.06
717B,pass@28,3.0,8.0,6.0,12.0,11.0,18.0,28.75,62.27,2.25,140.11,7.78,0.0208,3.0,20.0,20.0,10.0,76.47,76.47
717B,pass@29,7.0,19.0,14.0,28.0,26.0,42.0,100.36,197.42,5.16,1018.26,56.57,0.0658,5.0,26.0,26.0,23.08,76.79,76.92
717B,pass@31,7.0,23.0,17.0,33.0,30.0,50.0,123.69,245.34,5.02,1232.06,68.45,0.0818,2.0,17.0,17.0,0.0,56.02,56.16
717B,pass@32,6.0,18.0,13.0,26.0,24.0,39.0,90.57,178.81,4.33,774.86,43.05,0.0596,2.0,14.0,14.0,0.0,58.82,58.96
722B,pass@1,4.0,7.0,4.0,7.0,11.0,11.0,27.65,38.05,2.0,76.11,4.23,0.0127,8.0,24.0,24.0,0.0,57.75,57.75
722B,pass@2,4.0,7.0,4.0,7.0,11.0,11.0,27.65,38.05,2.0,76.11,4.23,0.0127,8.0,26.0,27.0,0.0,56.77,56.63
722B,pass@3,4.0,7.0,4.0,7.0,11.0,11.0,27.65,38.05,2.0,76.11,4.23,0.0127,8.0,26.0,27.0,0.0,56.77,56.63
722B,pass@4,4.0,9.0,5.0,9.0,13.0,14.0,36.53,51.81,2.0,103.61,5.76,0.0173,8.0,24.0,25.0,0.0,56.56,56.43
722B,pass@5,5.0,11.0,6.0,11.0,16.0,17.0,49.66,68.0,2.5,170.0,9.44,0.0227,8.0,27.0,28.0,0.0,54.52,54.52
722B,pass@6,4.0,7.0,4.0,7.0,11.0,11.0,27.65,38.05,2.0,76.11,4.23,0.0127,8.0,25.0,26.0,0.0,57.13,56.99
722B,pass@7,4.0,7.0,4.0,7.0,11.0,11.0,27.65,38.05,2.0,76.11,4.23,0.0127,8.0,24.0,25.0,0.0,57.5,57.36
722B,pass@8,5.0,9.0,5.0,9.0,14.0,14.0,40.14,53.3,2.5,133.26,7.4,0.0178,8.0,27.0,28.0,0.0,55.26,55.26
722B,pass@9,4.0,7.0,4.0,7.0,11.0,11.0,27.65,38.05,2.0,76.11,4.23,0.0127,8.0,24.0,25.0,0.0,57.5,57.36
722B,pass@10,4.0,7.0,4.0,7.0,11.0,11.0,27.65,38.05,2.0,76.11,4.23,0.0127,8.0,22.0,22.0,0.0,58.57,58.57
722B,pass@11,3.0,6.0,3.0,6.0,9.0,9.0,20.26,28.53,1.5,42.79,2.38,0.0095,3.0,16.0,16.0,0.0,62.6,63.14
722B,pass@12,5.0,9.0,5.0,9.0,14.0,14.0,40.14,53.3,2.5,133.26,7.4,0.0178,8.0,27.0,28.0,0.0,55.26,55.26
722B,pass@13,5.0,9.0,5.0,9.0,14.0,14.0,40.14,53.3,2.5,133.26,7.4,0.0178,8.0,27.0,28.0,0.0,55.26,55.26
722B,pass@14,4.0,7.0,4.0,7.0,11.0,11.0,27.65,38.05,2.0,76.11,4.23,0.0127,8.0,25.0,26.0,0.0,57.13,56.99
722B,pass@15,6.0,11.0,8.0,16.0,17.0,24.0,53.56,98.1,4.36,428.07,23.78,0.0327,10.0,30.0,31.0,0.0,52.18,52.18
722B,pass@16,4.0,7.0,4.0,7.0,11.0,11.0,27.65,38.05,2.0,76.11,4.23,0.0127,8.0,23.0,23.0,0.0,58.15,58.15
722B,pass@17,4.0,7.0,4.0,7.0,11.0,11.0,27.65,38.05,2.0,76.11,4.23,0.0127,8.0,24.0,25.0,0.0,57.5,57.36
722B,pass@18,4.0,7.0,4.0,7.0,11.0,11.0,27.65,38.05,2.0,76.11,4.23,0.0127,4.0,22.0,22.0,0.0,58.57,59.11
722B,pass@19,4.0,7.0,4.0,7.0,11.0,11.0,27.65,38.05,2.0,76.11,4.23,0.0127,8.0,25.0,26.0,0.0,57.13,56.99
722B,pass@20,3.0,6.0,4.0,8.0,9.0,12.0,20.26,38.04,2.0,76.08,4.23,0.0127,9.0,30.0,31.0,0.0,55.19,55.19
722B,pass@21,4.0,7.0,4.0,7.0,11.0,11.0,27.65,38.05,2.0,76.11,4.23,0.0127,8.0,25.0,26.0,0.0,57.13,56.99
722B,pass@22,4.0,8.0,5.0,9.0,12.0,14.0,32.0,50.19,2.25,112.93,6.27,0.0167,8.0,30.0,31.0,0.0,54.62,54.48
722B,pass@23,4.0,7.0,4.0,7.0,11.0,11.0,27.65,38.05,2.0,76.11,4.23,0.0127,8.0,23.0,23.0,0.0,58.15,58.15
722B,pass@24,4.0,7.0,4.0,7.0,11.0,11.0,27.65,38.05,2.0,76.11,4.23,0.0127,8.0,25.0,26.0,0.0,57.13,56.99
722B,pass@25,4.0,7.0,4.0,7.0,11.0,11.0,27.65,38.05,2.0,76.11,4.23,0.0127,8.0,23.0,23.0,0.0,58.15,58.15
722B,pass@26,4.0,7.0,4.0,7.0,11.0,11.0,27.65,38.05,2.0,76.11,4.23,0.0127,8.0,26.0,27.0,0.0,56.77,56.63
722B,pass@27,4.0,7.0,4.0,7.0,11.0,11.0,27.65,38.05,2.0,76.11,4.23,0.0127,8.0,25.0,26.0,0.0,57.13,56.99
722B,pass@28,4.0,7.0,4.0,7.0,11.0,11.0,27.65,38.05,2.0,76.11,4.23,0.0127,8.0,23.0,23.0,0.0,58.15,58.15
722B,pass@29,4.0,7.0,4.0,7.0,11.0,11.0,27.65,38.05,2.0,76.11,4.23,0.0127,8.0,25.0,26.0,0.0,57.13,56.99
722B,pass@30,4.0,7.0,4.0,7.0,11.0,11.0,27.65,38.05,2.0,76.11,4.23,0.0127,8.0,23.0,23.0,0.0,58.15,58.15
722B,pass@31,5.0,9.0,5.0,9.0,14.0,14.0,40.14,53.3,2.5,133.26,7.4,0.0178,9.0,28.0,29.0,0.0,54.93,54.8
722B,pass@32,5.0,9.0,5.0,9.0,14.0,14.0,40.14,53.3,2.5,133.26,7.4,0.0178,8.0,28.0,29.0,0.0,54.93,54.93
723A,pass@1,2.0,5.0,3.0,6.0,7.0,9.0,13.61,25.27,1.2,30.32,1.68,0.0084,1.0,7.0,7.0,71.43,100.0,100.0
723A,pass@2,3.0,11.0,14.0,27.0,14.0,41.0,42.81,156.1,3.68,574.74,31.93,0.052,2.0,8.0,4.0,0.0,71.24,71.24
723A,pass@3,1.0,2.0,1.0,2.0,3.0,3.0,2.0,4.75,0.5,2.38,0.13,0.0016,1.0,5.0,5.0,0.0,79.88,79.88
723A,pass@4,3.0,10.0,6.0,12.0,13.0,18.0,37.97,66.61,1.8,119.89,6.66,0.0222,1.0,7.0,7.0,0.0,68.53,68.66
723A,pass@5,1.0,2.0,1.0,2.0,3.0,3.0,2.0,4.75,0.5,2.38,0.13,0.0016,1.0,5.0,5.0,40.0,100.0,100.0
723A,pass@6,2.0,6.0,3.0,6.0,8.0,9.0,17.51,27.0,1.0,27.0,1.5,0.009,1.0,5.0,5.0,0.0,74.6,74.6
723A,pass@7,2.0,15.0,12.0,24.0,17.0,36.0,60.6,147.15,1.6,235.44,13.08,0.049,1.0,5.0,5.0,0.0,69.44,69.44
723A,pass@8,1.0,2.0,1.0,2.0,3.0,3.0,2.0,4.75,0.5,2.38,0.13,0.0016,1.0,5.0,5.0,40.0,100.0,100.0
723A,pass@9,1.0,2.0,1.0,2.0,3.0,3.0,2.0,4.75,0.5,2.38,0.13,0.0016,1.0,5.0,5.0,0.0,79.88,79.88
723A,pass@10,2.0,5.0,3.0,6.0,7.0,9.0,13.61,25.27,1.2,30.32,1.68,0.0084,1.0,4.0,4.0,0.0,76.91,76.91
723A,pass@11,3.0,9.0,13.0,24.0,12.0,37.0,33.28,132.64,4.0,530.57,29.48,0.0442,3.0,4.0,4.0,0.0,71.6,71.6
723A,pass@12,1.0,2.0,1.0,2.0,3.0,3.0,2.0,4.75,0.5,2.38,0.13,0.0016,1.0,5.0,5.0,0.0,79.88,79.88
723A,pass@13,3.0,17.0,17.0,33.0,20.0,50.0,74.24,216.1,2.91,629.22,34.96,0.072,2.0,5.0,5.0,0.0,68.14,68.14
723A,pass@14,1.0,2.0,1.0,2.0,3.0,3.0,2.0,4.75,0.5,2.38,0.13,0.0016,1.0,5.0,5.0,40.0,100.0,100.0
723A,pass@15,1.0,2.0,1.0,2.0,3.0,3.0,2.0,4.75,0.5,2.38,0.13,0.0016,1.0,5.0,5.0,40.0,100.0,100.0
723A,pass@16,1.0,2.0,1.0,2.0,3.0,3.0,2.0,4.75,0.5,2.38,0.13,0.0016,1.0,5.0,5.0,40.0,100.0,100.0
723A,pass@17,1.0,2.0,1.0,2.0,3.0,3.0,2.0,4.75,0.5,2.38,0.13,0.0016,1.0,5.0,5.0,0.0,79.88,79.88
723A,pass@18,1.0,2.0,1.0,2.0,3.0,3.0,2.0,4.75,0.5,2.38,0.13,0.0016,1.0,6.0,6.0,0.0,78.15,78.15
723A,pass@19,1.0,2.0,1.0,2.0,3.0,3.0,2.0,4.75,0.5,2.38,0.13,0.0016,1.0,5.0,5.0,0.0,79.88,79.88
723A,pass@20,1.0,2.0,1.0,2.0,3.0,3.0,2.0,4.75,0.5,2.38,0.13,0.0016,1.0,5.0,5.0,0.0,79.88,79.88
723A,pass@21,2.0,15.0,12.0,24.0,17.0,36.0,60.6,147.15,1.6,235.44,13.08,0.049,1.0,5.0,5.0,0.0,69.44,69.44
723A,pass@22,1.0,2.0,1.0,2.0,3.0,3.0,2.0,4.75,0.5,2.38,0.13,0.0016,1.0,5.0,5.0,0.0,79.88,79.88
723A,pass@23,1.0,2.0,1.0,2.0,3.0,3.0,2.0,4.75,0.5,2.38,0.13,0.0016,1.0,5.0,5.0,0.0,79.88,79.88
723A,pass@24,4.0,19.0,22.0,40.0,23.0,62.0,88.71,280.46,4.21,1180.89,65.6,0.0935,5.0,7.0,5.0,0.0,66.94,66.94
723A,pass@25,2.0,4.0,2.0,4.0,6.0,6.0,10.0,15.51,1.0,15.51,0.86,0.0052,1.0,7.0,7.0,0.0,72.96,73.09
723A,pass@26,1.0,2.0,1.0,2.0,3.0,3.0,2.0,4.75,0.5,2.38,0.13,0.0016,1.0,5.0,5.0,0.0,79.88,79.88
723A,pass@27,1.0,2.0,1.0,2.0,3.0,3.0,2.0,4.75,0.5,2.38,0.13,0.0016,1.0,5.0,5.0,0.0,79.88,79.88
723A,pass@28,1.0,2.0,1.0,2.0,3.0,3.0,2.0,4.75,0.5,2.38,0.13,0.0016,1.0,5.0,5.0,40.0,100.0,100.0
723A,pass@29,1.0,2.0,1.0,2.0,3.0,3.0,2.0,4.75,0.5,2.38,0.13,0.0016,1.0,5.0,5.0,0.0,79.88,79.88
723A,pass@30,2.0,5.0,3.0,6.0,7.0,9.0,13.61,25.27,1.2,30.32,1.68,0.0084,1.0,6.0,6.0,66.67,100.0,100.0
723A,pass@31,1.0,2.0,1.0,2.0,3.0,3.0,2.0,4.75,0.5,2.38,0.13,0.0016,1.0,5.0,5.0,0.0,79.88,79.88
723A,pass@32,1.0,2.0,1.0,2.0,3.0,3.0,2.0,4.75,0.5,2.38,0.13,0.0016,1.0,4.0,5.0,0.0,79.88,79.88
725A,pass@1,7.0,19.0,22.0,41.0,26.0,63.0,100.36,296.13,7.55,2236.54,124.25,0.0987,11.0,22.0,23.0,13.64,71.76,71.76
725A,pass@2,6.0,18.0,19.0,37.0,24.0,56.0,90.57,256.76,6.17,1583.34,87.96,0.0856,12.0,19.0,19.0,15.79,75.07,75.07
725A,pass@3,7.0,29.0,24.0,48.0,36.0,72.0,160.53,372.23,5.79,2156.39,119.8,0.1241,16.0,21.0,21.0,14.29,71.63,71.63
725A,pass@4,6.0,23.0,25.0,47.0,29.0,72.0,119.55,349.77,6.13,2144.27,119.13,0.1166,13.0,23.0,24.0,0.0,50.33,50.33
725A,pass@5,7.0,28.0,33.0,65.0,35.0,98.0,154.26,502.67,8.12,4084.19,226.9,0.1676,12.0,31.0,31.0,9.68,64.51,64.51
725A,pass@6,6.0,20.0,19.0,37.0,26.0,56.0,101.95,263.22,5.55,1460.9,81.16,0.0877,8.0,24.0,24.0,0.0,51.73,51.87
725A,pass@7,6.0,26.0,29.0,57.0,32.0,86.0,137.72,430.0,6.58,2828.08,157.12,0.1433,10.0,25.0,25.0,0.0,49.72,49.72
725A,pass@8,7.0,20.0,24.0,46.0,27.0,70.0,106.09,332.84,8.05,2679.38,148.85,0.1109,8.0,21.0,21.0,0.0,52.42,52.42
725A,pass@9,6.0,18.0,19.0,37.0,24.0,56.0,90.57,256.76,6.17,1583.34,87.96,0.0856,12.0,21.0,21.0,23.81,77.45,77.45
725A,pass@10,5.0,13.0,15.0,29.0,18.0,44.0,59.72,183.48,5.58,1023.24,56.85,0.0612,9.0,21.0,21.0,0.0,54.1,54.1
725A,pass@11,7.0,23.0,23.0,44.0,30.0,67.0,123.69,328.76,6.7,2201.27,122.29,0.1096,10.0,23.0,23.0,0.0,51.33,51.33
725A,pass@12,7.0,21.0,23.0,44.0,28.0,67.0,111.89,322.09,7.33,2362.01,131.22,0.1074,8.0,21.0,21.0,0.0,52.52,52.52
725A,pass@13,6.0,17.0,15.0,28.0,23.0,43.0,85.0,194.51,4.94,961.12,53.4,0.0648,8.0,27.0,27.0,11.11,70.3,70.3
725A,pass@14,7.0,20.0,23.0,45.0,27.0,68.0,106.09,323.33,7.88,2546.24,141.46,0.1078,8.0,21.0,21.0,0.0,52.51,52.51
725A,pass@15,8.0,20.0,25.0,45.0,28.0,70.0,110.44,336.51,9.0,3028.63,168.26,0.1122,13.0,34.0,34.0,0.0,47.15,47.15
725A,pass@16,7.0,25.0,31.0,57.0,32.0,88.0,135.75,440.0,7.98,3511.2,195.07,0.1467,10.0,27.0,27.0,0.0,48.92,48.92
725A,pass@17,5.0,22.0,23.0,46.0,27.0,69.0,109.72,328.09,5.23,1715.0,95.28,0.1094,8.0,20.0,20.0,0.0,52.93,52.93
725A,pass@18,6.0,19.0,18.0,36.0,25.0,54.0,96.22,250.77,5.68,1425.42,79.19,0.0836,6.0,17.0,17.0,0.0,55.55,55.55
725A,pass@19,6.0,18.0,21.0,41.0,24.0,62.0,90.57,284.27,6.83,1942.5,107.92,0.0948,11.0,23.0,24.0,0.0,51.23,51.23
725A,pass@20,7.0,26.0,27.0,54.0,33.0,81.0,141.86,408.6,7.27,2970.18,165.01,0.1362,10.0,20.0,20.0,0.0,51.99,51.99
725A,pass@21,7.0,23.0,26.0,52.0,30.0,78.0,123.69,382.74,7.91,3028.62,168.26,0.1276,8.0,20.0,20.0,0.0,52.46,52.46
725A,pass@22,7.0,25.0,24.0,48.0,32.0,72.0,135.75,360.0,6.72,2419.2,134.4,0.12,8.0,18.0,18.0,0.0,53.64,53.64
725A,pass@23,6.0,15.0,19.0,37.0,21.0,56.0,74.11,245.97,7.4,1820.18,101.12,0.082,12.0,29.0,29.0,0.0,49.74,49.74
725A,pass@25,8.0,22.0,27.0,53.0,30.0,80.0,122.11,392.55,9.64,3782.77,210.15,0.1309,14.0,35.0,35.0,8.57,62.94,62.94
725A,pass@26,9.0,30.0,33.0,64.0,39.0,97.0,175.74,512.68,9.6,4921.77,273.43,0.1709,13.0,27.0,27.0,0.0,48.05,48.05
725A,pass@27,8.0,22.0,23.0,44.0,30.0,67.0,122.11,328.76,8.0,2630.09,146.12,0.1096,8.0,24.0,24.0,8.33,67.66,67.66
725A,pass@28,6.0,21.0,25.0,49.0,27.0,74.0,107.75,351.86,7.0,2463.03,136.84,0.1173,10.0,27.0,27.0,0.0,49.6,49.6
725A,pass@29,6.0,21.0,23.0,45.0,27.0,68.0,107.75,323.33,6.43,2078.57,115.48,0.1078,8.0,23.0,23.0,0.0,51.65,51.65
725A,pass@30,6.0,22.0,22.0,44.0,28.0,66.0,113.62,317.29,6.0,1903.71,105.76,0.1058,8.0,25.0,25.0,0.0,50.91,50.91
725A,pass@31,7.0,20.0,24.0,46.0,27.0,70.0,106.09,332.84,8.05,2679.38,148.85,0.1109,8.0,24.0,24.0,0.0,51.16,51.16
725A,pass@32,6.0,18.0,18.0,36.0,24.0,54.0,90.57,247.59,6.0,1485.53,82.53,0.0825,6.0,20.0,20.0,0.0,54.05,54.05
729E,pass@1,6.0,22.0,20.0,38.0,28.0,58.0,113.62,278.83,5.18,1444.83,80.27,0.0929,6.0,29.0,30.0,0.0,49.71,49.85
729E,pass@2,5.0,19.0,17.0,34.0,24.0,51.0,92.32,233.83,4.47,1046.1,58.12,0.0779,1.0,36.0,36.0,0.0,49.19,49.33
729E,pass@3,8.0,31.0,27.0,50.0,39.0,77.0,177.58,406.98,6.45,2625.65,145.87,0.1357,7.0,36.0,36.0,0.0,46.84,46.84
729E,pass@4,9.0,27.0,23.0,46.0,36.0,69.0,156.91,356.72,7.67,2734.89,151.94,0.1189,10.0,37.0,38.0,0.0,46.32,46.32
729E,pass@5,7.0,20.0,20.0,37.0,27.0,57.0,106.09,271.03,6.47,1754.91,97.5,0.0903,9.0,27.0,28.0,0.0,50.05,50.19
729E,pass@6,5.0,17.0,16.0,32.0,22.0,48.0,81.1,214.05,4.71,1007.31,55.96,0.0714,8.0,30.0,31.0,20.0,73.45,73.45
729E,pass@7,6.0,21.0,21.0,38.0,27.0,59.0,107.75,280.54,5.43,1522.92,84.61,0.0935,5.0,30.0,31.0,0.0,49.65,49.65
729E,pass@8,7.0,28.0,31.0,56.0,35.0,87.0,154.26,446.25,7.0,3123.73,173.54,0.1487,8.0,45.0,46.0,0.0,43.97,44.1
729E,pass@9,7.0,23.0,22.0,40.0,30.0,62.0,123.69,304.23,6.09,1851.82,102.88,0.1014,13.0,36.0,37.0,11.11,65.15,65.28
729E,pass@10,5.0,14.0,15.0,29.0,19.0,44.0,64.91,186.91,5.18,967.92,53.77,0.0623,7.0,28.0,29.0,17.86,73.71,73.71
729E,pass@11,6.0,17.0,17.0,31.0,23.0,48.0,85.0,217.13,5.47,1187.83,65.99,0.0724,5.0,29.0,30.0,0.0,50.74,50.74
729E,pass@12,7.0,21.0,21.0,38.0,28.0,59.0,111.89,283.63,6.33,1796.35,99.8,0.0945,8.0,40.0,41.0,0.0,46.43,46.57
729E,pass@13,7.0,22.0,22.0,42.0,29.0,64.0,117.76,310.91,6.68,2077.45,115.41,0.1036,7.0,27.0,28.0,0.0,50.04,50.04
729E,pass@14,11.0,29.0,37.0,72.0,40.0,109.0,178.94,580.09,13.66,7921.23,440.07,0.1934,20.0,45.0,46.0,22.22,65.92,65.92
729E,pass@15,4.0,12.0,9.0,18.0,16.0,27.0,51.02,108.0,3.0,324.0,18.0,0.036,7.0,23.0,24.0,21.74,78.77,78.77
729E,pass@17,4.0,18.0,18.0,36.0,22.0,54.0,83.06,240.81,4.0,963.24,53.51,0.0803,6.0,27.0,28.0,3.7,62.3,62.3
729E,pass@18,6.0,18.0,23.0,44.0,24.0,67.0,90.57,307.19,7.33,2252.74,125.15,0.1024,10.0,33.0,34.0,0.0,47.83,47.83
729E,pass@19,6.0,30.0,38.0,68.0,36.0,106.0,162.72,548.01,6.8,3726.48,207.03,0.1827,12.0,47.0,48.0,0.0,42.53,42.53
729E,pass@21,6.0,24.0,24.0,48.0,30.0,72.0,125.55,353.3,6.0,2119.78,117.77,0.1178,12.0,33.0,34.0,9.09,64.1,64.24
729E,pass@22,7.0,22.0,22.0,44.0,29.0,66.0,117.76,320.63,7.0,2244.39,124.69,0.1069,12.0,34.0,35.0,11.76,66.23,66.23
729E,pass@23,6.0,13.0,9.0,16.0,19.0,25.0,63.62,106.2,3.69,392.12,21.78,0.0354,5.0,28.0,29.0,25.0,78.4,78.4
729E,pass@24,8.0,22.0,17.0,33.0,30.0,50.0,122.11,245.34,6.0,1472.07,81.78,0.0818,4.0,25.0,26.0,0.0,51.86,51.86
729E,pass@25,8.0,20.0,23.0,45.0,28.0,68.0,110.44,326.9,9.0,2942.1,163.45,0.109,8.0,32.0,33.0,0.0,48.06,48.19
729E,pass@26,5.0,21.0,17.0,34.0,26.0,51.0,103.85,239.72,4.05,970.31,53.91,0.0799,5.0,29.0,30.0,0.0,50.44,50.44
729E,pass@27,7.0,25.0,31.0,57.0,32.0,88.0,135.75,440.0,7.98,3511.2,195.07,0.1467,20.0,48.0,49.0,16.67,63.82,63.82
729E,pass@28,7.0,20.0,22.0,42.0,27.0,64.0,106.09,304.31,7.35,2236.7,124.26,0.1014,9.0,39.0,40.0,0.0,46.45,46.45
729E,pass@29,7.0,25.0,27.0,54.0,32.0,81.0,135.75,405.0,7.56,3061.8,170.1,0.135,15.0,48.0,49.0,14.58,63.52,63.65
729E,pass@30,7.0,18.0,17.0,34.0,25.0,51.0,94.71,236.84,6.61,1565.75,86.99,0.0789,10.0,28.0,29.0,14.29,70.76,70.76
729E,pass@31,6.0,20.0,22.0,41.0,26.0,63.0,101.95,296.13,6.15,1821.19,101.18,0.0987,8.0,34.0,36.0,20.59,71.29,71.29
729E,pass@32,5.0,16.0,16.0,32.0,21.0,48.0,75.61,210.83,5.0,1054.16,58.56,0.0703,10.0,32.0,33.0,9.38,66.59,66.59
730I,pass@1,2.0,13.0,8.0,16.0,15.0,24.0,50.11,93.77,1.23,115.4,6.41,0.0313,8.0,20.0,25.0,0.0,54.49,54.62
730I,pass@2,4.0,11.0,10.0,17.0,15.0,27.0,46.05,105.49,3.09,326.05,18.11,0.0352,0.0,28.0,28.0,0.0,52.79,54.27
730I,pass@3,4.0,16.0,15.0,30.0,20.0,45.0,72.0,194.49,3.75,729.33,40.52,0.0648,9.0,243.0,247.0,0.0,30.43,30.57
730I,pass@4,4.0,10.0,9.0,17.0,14.0,26.0,41.22,98.99,3.4,336.57,18.7,0.033,0.0,19.0,20.0,0.0,56.57,57.65
730I,pass@5,4.0,16.0,11.0,21.0,20.0,32.0,72.0,138.3,2.62,363.04,20.17,0.0461,0.0,22.0,25.0,0.0,53.57,54.52
730I,pass@6,4.0,8.0,9.0,16.0,12.0,25.0,32.0,89.62,4.0,358.5,19.92,0.0299,8.0,32.0,34.0,0.0,51.85,51.85
730I,pass@7,6.0,19.0,12.0,24.0,25.0,36.0,96.22,167.18,3.79,633.52,35.2,0.0557,11.0,54.0,58.0,3.7,55.84,55.84
730I,pass@8,4.0,13.0,8.0,13.0,17.0,21.0,56.11,85.84,2.0,171.67,9.54,0.0286,0.0,20.0,24.0,0.0,55.14,56.35
730I,pass@9,1.0,8.0,4.0,8.0,9.0,12.0,24.0,38.04,0.5,19.02,1.06,0.0127,0.0,13.0,16.0,0.0,61.86,62.67
730I,pass@10,4.0,10.0,8.0,14.0,14.0,22.0,41.22,83.76,2.8,234.53,13.03,0.0279,0.0,10.0,12.0,0.0,61.92,62.99
730I,pass@11,5.0,26.0,18.0,35.0,31.0,53.0,133.82,262.57,3.37,883.66,49.09,0.0875,16.0,48.0,53.0,0.0,43.16,43.3
730I,pass@12,5.0,17.0,17.0,28.0,22.0,45.0,81.1,200.67,4.12,826.31,45.91,0.0669,11.0,38.0,41.0,0.0,47.08,47.22
730I,pass@13,3.0,11.0,9.0,16.0,14.0,25.0,42.81,95.18,2.18,207.67,11.54,0.0317,6.0,20.0,27.0,0.0,54.12,54.12
730I,pass@14,6.0,21.0,19.0,36.0,27.0,55.0,107.75,261.52,5.14,1344.95,74.72,0.0872,14.0,32.0,35.0,0.0,47.51,47.51
730I,pass@15,7.0,29.0,23.0,41.0,36.0,64.0,160.53,330.88,4.95,1637.26,90.96,0.1103,9.0,27.0,30.0,0.0,48.92,48.92
730I,pass@16,6.0,19.0,13.0,25.0,25.0,38.0,96.22,176.47,3.95,696.58,38.7,0.0588,0.0,35.0,35.0,17.14,70.28,72.71
730I,pass@17,3.0,16.0,12.0,21.0,19.0,33.0,68.75,140.18,1.97,275.98,15.33,0.0467,0.0,19.0,26.0,0.0,53.3,54.1
730I,pass@18,5.0,15.0,13.0,22.0,20.0,35.0,70.21,151.27,3.67,554.65,30.81,0.0504,11.0,29.0,31.0,0.0,50.59,50.73
730I,pass@19,2.0,8.0,7.0,14.0,10.0,21.0,26.0,69.76,1.75,122.08,6.78,0.0233,5.0,21.0,28.0,0.0,54.85,54.85
730I,pass@20,6.0,14.0,14.0,26.0,20.0,40.0,68.81,172.88,5.57,963.17,53.51,0.0576,8.0,30.0,32.0,0.0,50.29,50.42
730I,pass@21,3.0,14.0,9.0,15.0,17.0,24.0,58.06,98.1,1.61,157.66,8.76,0.0327,7.0,28.0,31.0,0.0,52.71,52.58
730I,pass@22,4.0,12.0,9.0,16.0,16.0,25.0,51.02,100.0,2.67,266.67,14.81,0.0333,6.0,22.0,29.0,0.0,53.15,53.29
730I,pass@23,2.0,11.0,8.0,12.0,13.0,20.0,40.05,74.01,1.09,80.74,4.49,0.0247,0.0,13.0,16.0,0.0,59.84,60.64
730I,pass@24,1.0,8.0,4.0,8.0,9.0,12.0,24.0,38.04,0.5,19.02,1.06,0.0127,6.0,17.0,20.0,0.0,59.75,59.75
730I,pass@25,7.0,24.0,31.0,53.0,31.0,84.0,129.69,416.15,7.73,3216.51,178.7,0.1387,0.0,39.0,39.0,25.64,69.88,72.3
730I,pass@26,3.0,9.0,5.0,9.0,12.0,14.0,33.28,50.19,1.5,75.28,4.18,0.0167,0.0,12.0,15.0,0.0,61.36,62.44
730I,pass@27,5.0,26.0,23.0,40.0,31.0,63.0,133.82,312.11,3.85,1200.44,66.69,0.104,0.0,27.0,30.0,0.0,48.56,50.31
730I,pass@28,4.0,12.0,16.0,25.0,16.0,41.0,51.02,164.0,4.17,683.33,37.96,0.0547,8.0,34.0,37.0,0.0,49.21,49.21
730I,pass@29,3.0,11.0,7.0,14.0,14.0,21.0,42.81,79.95,1.91,152.64,8.48,0.0267,7.0,18.0,24.0,0.0,55.63,55.63
730I,pass@30,8.0,33.0,26.0,48.0,41.0,74.0,190.47,396.46,5.82,2306.67,128.15,0.1322,12.0,54.0,57.0,0.0,41.89,41.89
730I,pass@31,5.0,21.0,15.0,29.0,26.0,44.0,103.85,206.82,3.45,714.02,39.67,0.0689,10.0,36.0,37.0,0.0,48.23,48.23
730I,pass@32,2.0,12.0,8.0,16.0,14.0,24.0,45.02,91.38,1.33,121.84,6.77,0.0305,6.0,19.0,24.0,0.0,55.09,55.36
733A,pass@1,4.0,9.0,6.0,10.0,13.0,16.0,36.53,59.21,2.22,131.57,7.31,0.0197,5.0,10.0,10.0,0.0,65.1,65.1
733A,pass@2,4.0,9.0,6.0,10.0,13.0,16.0,36.53,59.21,2.22,131.57,7.31,0.0197,5.0,9.0,9.0,0.0,66.1,66.1
733A,pass@3,4.0,9.0,5.0,9.0,13.0,14.0,36.53,51.81,2.0,103.61,5.76,0.0173,5.0,9.0,9.0,0.0,66.51,66.51
733A,pass@4,4.0,9.0,6.0,10.0,13.0,16.0,36.53,59.21,2.22,131.57,7.31,0.0197,5.0,9.0,9.0,0.0,66.1,66.1
733A,pass@5,4.0,9.0,9.0,15.0,13.0,24.0,36.53,88.81,3.33,296.04,16.45,0.0296,5.0,16.0,16.0,25.0,84.58,84.58
733A,pass@6,4.0,9.0,6.0,10.0,13.0,16.0,36.53,59.21,2.22,131.57,7.31,0.0197,5.0,9.0,9.0,0.0,66.1,66.1
733A,pass@7,6.0,13.0,12.0,21.0,19.0,33.0,63.62,140.18,4.85,679.34,37.74,0.0467,7.0,17.0,17.0,0.0,57.19,57.19
733A,pass@8,4.0,9.0,6.0,11.0,13.0,17.0,36.53,62.91,2.44,153.77,8.54,0.021,4.0,6.0,6.0,0.0,69.89,69.89
733A,pass@9,4.0,11.0,7.0,13.0,15.0,20.0,46.05,78.14,2.36,184.69,10.26,0.026,4.0,6.0,6.0,0.0,69.23,69.23
733A,pass@10,4.0,9.0,6.0,10.0,13.0,16.0,36.53,59.21,2.22,131.57,7.31,0.0197,5.0,12.0,12.0,0.0,63.38,63.38
733A,pass@11,4.0,10.0,6.0,11.0,14.0,17.0,41.22,64.73,2.2,142.4,7.91,0.0216,4.0,6.0,6.0,0.0,69.81,69.81
733A,pass@12,4.0,10.0,8.0,13.0,14.0,21.0,41.22,79.95,2.6,207.88,11.55,0.0267,6.0,13.0,13.0,0.0,61.57,61.57
733A,pass@13,6.0,15.0,11.0,19.0,21.0,30.0,74.11,131.77,3.8,500.72,27.82,0.0439,7.0,13.0,13.0,0.0,59.92,59.92
733A,pass@14,4.0,9.0,6.0,10.0,13.0,16.0,36.53,59.21,2.22,131.57,7.31,0.0197,5.0,9.0,9.0,0.0,66.1,66.1
733A,pass@15,3.0,10.0,5.0,10.0,13.0,15.0,37.97,55.51,1.5,83.26,4.63,0.0185,4.0,6.0,6.0,0.0,70.27,70.27
733A,pass@16,6.0,13.0,11.0,19.0,19.0,30.0,63.62,127.44,4.38,558.77,31.04,0.0425,6.0,16.0,16.0,0.0,58.19,58.19
733A,pass@17,4.0,11.0,7.0,13.0,15.0,20.0,46.05,78.14,2.36,184.69,10.26,0.026,4.0,6.0,6.0,0.0,69.23,69.23
733A,pass@18,6.0,11.0,10.0,18.0,17.0,28.0,53.56,114.45,4.91,561.84,31.21,0.0381,5.0,14.0,14.0,7.14,75.29,75.29
733A,pass@19,4.0,9.0,6.0,10.0,13.0,16.0,36.53,59.21,2.22,131.57,7.31,0.0197,5.0,9.0,9.0,0.0,66.1,66.1
733A,pass@20,3.0,8.0,4.0,8.0,11.0,12.0,28.75,41.51,1.5,62.27,3.46,0.0138,4.0,7.0,8.0,0.0,68.43,68.43
733A,pass@21,8.0,15.0,13.0,23.0,23.0,36.0,82.6,162.85,6.13,998.8,55.49,0.0543,7.0,14.0,14.0,0.0,58.57,58.57
733A,pass@22,5.0,10.0,7.0,12.0,15.0,19.0,44.83,74.23,3.0,222.69,12.37,0.0247,5.0,13.0,13.0,0.0,61.93,61.93
733A,pass@23,3.0,8.0,5.0,10.0,11.0,15.0,28.75,51.89,1.88,97.3,5.41,0.0173,4.0,6.0,6.0,0.0,70.48,70.48
733A,pass@24,5.0,8.0,6.0,10.0,13.0,16.0,35.61,59.21,3.12,185.02,10.28,0.0197,6.0,12.0,12.0,0.0,63.24,63.24
733A,pass@25,6.0,11.0,11.0,19.0,17.0,30.0,53.56,122.62,5.18,635.41,35.3,0.0409,6.0,16.0,16.0,0.0,58.3,58.3
733A,pass@26,4.0,11.0,7.0,13.0,15.0,20.0,46.05,78.14,2.36,184.69,10.26,0.026,4.0,7.0,7.0,0.0,67.77,67.77
733A,pass@27,6.0,8.0,9.0,15.0,14.0,24.0,39.51,91.38,5.62,513.99,28.56,0.0305,5.0,16.0,16.0,6.25,73.81,73.81
733A,pass@28,4.0,11.0,7.0,13.0,15.0,20.0,46.05,78.14,2.36,184.69,10.26,0.026,4.0,7.0,7.0,0.0,67.77,67.77
733A,pass@29,4.0,7.0,5.0,8.0,11.0,13.0,27.65,44.97,2.29,102.79,5.71,0.015,5.0,15.0,15.0,0.0,62.1,62.1
733A,pass@30,4.0,10.0,6.0,11.0,14.0,17.0,41.22,64.73,2.2,142.4,7.91,0.0216,4.0,9.0,9.0,0.0,65.97,65.97
733A,pass@31,4.0,10.0,6.0,11.0,14.0,17.0,41.22,64.73,2.2,142.4,7.91,0.0216,4.0,8.0,8.0,0.0,67.08,67.08
733A,pass@32,5.0,9.0,8.0,13.0,14.0,21.0,40.14,79.95,3.61,288.72,16.04,0.0267,5.0,12.0,12.0,0.0,62.46,62.46
740B,pass@1,7.0,28.0,22.0,44.0,35.0,66.0,154.26,338.53,5.5,1861.93,103.44,0.1128,8.0,24.0,25.0,0.0,50.58,50.72
740B,pass@3,7.0,24.0,23.0,46.0,31.0,69.0,129.69,341.84,6.71,2293.17,127.4,0.1139,10.0,35.0,36.0,0.0,46.83,46.96
740B,pass@5,6.0,15.0,12.0,24.0,21.0,36.0,74.11,158.12,4.8,758.99,42.17,0.0527,7.0,26.0,27.0,0.0,52.3,52.44
740B,pass@6,3.0,17.0,13.0,26.0,20.0,39.0,74.24,168.56,2.29,386.69,21.48,0.0562,6.0,19.0,20.0,0.0,55.09,55.22
740B,pass@7,3.0,6.0,5.0,10.0,9.0,15.0,20.26,47.55,2.5,118.87,6.6,0.0158,4.0,14.0,14.0,0.0,62.58,62.72
740B,pass@8,3.0,7.0,4.0,8.0,10.0,12.0,24.41,39.86,1.71,68.34,3.8,0.0133,4.0,12.0,12.0,0.0,64.58,64.71
740B,pass@9,3.0,7.0,4.0,8.0,10.0,12.0,24.41,39.86,1.71,68.34,3.8,0.0133,4.0,11.0,11.0,0.0,65.4,65.54
740B,pass@10,4.0,14.0,12.0,24.0,18.0,36.0,61.3,150.12,3.43,514.69,28.59,0.05,7.0,26.0,27.0,0.0,52.46,52.6
740B,pass@11,6.0,20.0,18.0,36.0,26.0,54.0,101.95,253.82,5.4,1370.65,76.15,0.0846,9.0,30.0,31.0,0.0,49.29,49.42
740B,pass@13,4.0,12.0,10.0,20.0,16.0,30.0,51.02,120.0,3.33,400.0,22.22,0.04,7.0,29.0,30.0,0.0,52.14,52.28
740B,pass@14,3.0,8.0,5.0,10.0,11.0,15.0,28.75,51.89,1.88,97.3,5.41,0.0173,6.0,16.0,16.0,0.0,60.78,60.92
740B,pass@15,3.0,7.0,4.0,8.0,10.0,12.0,24.41,39.86,1.71,68.34,3.8,0.0133,4.0,10.0,10.0,0.0,66.31,66.44
740B,pass@16,6.0,15.0,13.0,26.0,21.0,39.0,74.11,171.3,5.2,890.76,49.49,0.0571,8.0,19.0,19.0,0.0,55.25,55.39
740B,pass@17,4.0,11.0,6.0,12.0,15.0,18.0,46.05,70.32,2.18,153.43,8.52,0.0234,4.0,19.0,19.0,0.0,58.5,58.63
740B,pass@18,3.0,11.0,8.0,16.0,14.0,24.0,42.81,91.38,2.18,199.37,11.08,0.0305,4.0,17.0,18.0,0.0,58.22,58.35
740B,pass@19,4.0,13.0,11.0,22.0,17.0,33.0,56.11,134.89,3.38,456.54,25.36,0.045,4.0,18.0,19.0,0.0,56.52,56.65
740B,pass@20,3.0,9.0,5.0,10.0,12.0,15.0,33.28,53.77,1.67,89.62,4.98,0.0179,3.0,18.0,18.0,0.0,59.96,60.1
740B,pass@21,4.0,13.0,11.0,22.0,17.0,33.0,56.11,134.89,3.38,456.54,25.36,0.045,5.0,21.0,22.0,0.0,55.0,55.13
740B,pass@22,3.0,10.0,6.0,12.0,13.0,18.0,37.97,66.61,1.8,119.89,6.66,0.0222,6.0,18.0,18.0,0.0,58.91,59.04
740B,pass@23,4.0,10.0,6.0,12.0,14.0,18.0,41.22,68.53,2.4,164.48,9.14,0.0228,7.0,20.0,20.0,0.0,57.69,57.82
740B,pass@25,4.0,12.0,10.0,20.0,16.0,30.0,51.02,120.0,3.33,400.0,22.22,0.04,7.0,26.0,27.0,0.0,53.14,53.28
740B,pass@26,4.0,10.0,6.0,12.0,14.0,18.0,41.22,68.53,2.4,164.48,9.14,0.0228,5.0,11.0,11.0,0.0,63.62,63.76
740B,pass@27,4.0,9.0,5.0,10.0,13.0,15.0,36.53,55.51,2.22,123.35,6.85,0.0185,4.0,12.0,12.0,0.0,63.57,63.71
740B,pass@28,3.0,8.0,5.0,10.0,11.0,15.0,28.75,51.89,1.88,97.3,5.41,0.0173,6.0,16.0,16.0,0.0,60.78,60.92
740B,pass@29,3.0,17.0,14.0,28.0,20.0,42.0,74.24,181.52,2.47,448.46,24.91,0.0605,6.0,19.0,20.0,0.0,54.86,55.0
740B,pass@30,5.0,13.0,9.0,18.0,18.0,27.0,59.72,112.59,3.46,389.73,21.65,0.0375,7.0,18.0,18.0,0.0,57.18,57.31
740B,pass@31,6.0,21.0,16.0,31.0,27.0,47.0,107.75,223.48,4.43,989.7,54.98,0.0745,7.0,17.0,18.0,0.0,55.09,55.23
740B,pass@32,4.0,14.0,8.0,16.0,18.0,24.0,61.3,100.08,2.29,228.75,12.71,0.0334,4.0,26.0,26.0,15.38,75.15,75.82
740D,pass@1,5.0,22.0,17.0,34.0,27.0,51.0,109.72,242.5,3.86,936.93,52.05,0.0808,7.0,33.0,34.0,0.0,48.95,48.95
740D,pass@2,8.0,29.0,30.0,56.0,37.0,86.0,164.88,448.01,7.72,3460.51,192.25,0.1493,12.0,39.0,41.0,2.56,54.3,54.17
740D,pass@3,7.0,20.0,15.0,29.0,27.0,44.0,106.09,209.22,5.08,1061.77,58.99,0.0697,3.0,39.0,39.0,0.0,48.64,48.64
740D,pass@4,8.0,18.0,14.0,28.0,26.0,42.0,99.06,197.42,6.22,1228.38,68.24,0.0658,3.0,36.0,38.0,0.0,49.06,49.06
740D,pass@5,6.0,18.0,16.0,31.0,24.0,47.0,90.57,215.49,5.17,1113.38,61.85,0.0718,2.0,31.0,33.0,0.0,50.13,50.27
740D,pass@6,6.0,11.0,7.0,14.0,17.0,21.0,53.56,85.84,3.82,327.74,18.21,0.0286,6.0,24.0,25.0,0.0,55.16,55.16
740D,pass@7,8.0,41.0,33.0,67.0,49.0,100.0,243.66,561.47,6.54,3670.1,203.89,0.1872,1.0,56.0,58.0,0.0,42.15,42.15
740D,pass@8,7.0,27.0,26.0,51.0,34.0,77.0,148.03,391.73,6.61,2589.8,143.88,0.1306,7.0,40.0,42.0,0.0,45.63,45.49
740D,pass@9,4.0,14.0,13.0,26.0,18.0,39.0,61.3,162.63,3.71,604.04,33.56,0.0542,12.0,30.0,31.0,0.0,50.77,50.37
740D,pass@10,8.0,22.0,17.0,33.0,30.0,50.0,122.11,245.34,6.0,1472.07,81.78,0.0818,4.0,38.0,38.0,0.0,48.27,48.27
740D,pass@12,7.0,25.0,23.0,45.0,32.0,68.0,135.75,340.0,6.3,2142.0,119.0,0.1133,7.0,32.0,33.0,0.0,48.21,48.21
740D,pass@13,5.0,19.0,14.0,28.0,24.0,42.0,92.32,192.57,3.68,709.46,39.41,0.0642,6.0,40.0,41.0,0.0,47.88,48.02
740D,pass@14,5.0,14.0,12.0,24.0,19.0,36.0,64.91,152.93,4.29,655.39,36.41,0.051,3.0,29.0,30.0,0.0,51.94,52.08
740D,pass@15,10.0,40.0,31.0,58.0,50.0,89.0,246.1,502.3,7.25,3641.7,202.32,0.1674,5.0,47.0,48.0,0.0,43.74,43.74
740D,pass@16,4.0,14.0,10.0,20.0,18.0,30.0,61.3,125.1,2.86,357.42,19.86,0.0417,3.0,24.0,26.0,0.0,53.91,54.05
740D,pass@17,4.0,11.0,11.0,22.0,15.0,33.0,46.05,128.93,4.0,515.71,28.65,0.043,4.0,23.0,25.0,0.0,54.19,54.19
740D,pass@18,12.0,53.0,49.0,94.0,65.0,143.0,346.6,861.2,10.64,9164.45,509.14,0.2871,12.0,57.0,58.0,5.26,52.75,52.75
740D,pass@20,6.0,12.0,9.0,17.0,18.0,26.0,58.53,108.42,4.25,460.78,25.6,0.0361,4.0,24.0,24.0,20.83,78.82,78.82
740D,pass@21,7.0,23.0,17.0,32.0,30.0,49.0,123.69,240.44,4.87,1170.83,65.05,0.0801,4.0,33.0,34.0,0.0,49.38,49.38
740D,pass@22,3.0,11.0,11.0,22.0,14.0,33.0,42.81,125.64,3.0,376.93,20.94,0.0419,5.0,30.0,31.0,0.0,52.1,52.1
740D,pass@23,6.0,15.0,12.0,23.0,21.0,35.0,74.11,153.73,4.6,707.16,39.29,0.0512,3.0,32.0,32.0,0.0,51.45,51.45
740D,pass@24,9.0,26.0,24.0,45.0,35.0,69.0,150.74,353.92,7.79,2756.5,153.14,0.118,8.0,37.0,38.0,0.0,46.75,46.62
740D,pass@25,9.0,28.0,21.0,41.0,37.0,62.0,163.14,322.99,6.59,2128.25,118.24,0.1077,4.0,32.0,33.0,0.0,48.77,48.77
740D,pass@27,9.0,28.0,20.0,36.0,37.0,56.0,163.14,291.73,5.79,1687.86,93.77,0.0972,1.0,41.0,41.0,0.0,47.29,47.42
740D,pass@28,8.0,47.0,42.0,81.0,55.0,123.0,285.07,711.11,6.89,4902.1,272.34,0.237,14.0,51.0,53.0,0.0,41.07,40.53
740D,pass@29,8.0,23.0,19.0,38.0,31.0,57.0,128.04,282.39,6.61,1866.22,103.68,0.0941,6.0,40.0,43.0,0.0,46.27,46.4
740D,pass@30,8.0,27.0,18.0,35.0,35.0,53.0,152.38,271.85,5.19,1409.6,78.31,0.0906,4.0,45.0,46.0,0.0,46.15,46.15
740D,pass@31,7.0,20.0,18.0,35.0,27.0,53.0,106.09,252.01,6.12,1543.56,85.75,0.084,7.0,32.0,33.0,0.0,49.12,49.12
740D,pass@32,10.0,25.0,19.0,38.0,35.0,57.0,149.32,292.37,7.6,2222.01,123.44,0.0975,8.0,42.0,43.0,0.0,45.89,46.03
742C,pass@1,6.0,10.0,8.0,15.0,16.0,23.0,48.73,92.0,4.5,414.0,23.0,0.0307,5.0,27.0,28.0,0.0,54.01,54.01
742C,pass@2,8.0,15.0,11.0,20.0,23.0,31.0,82.6,140.23,5.33,747.9,41.55,0.0467,10.0,39.0,40.0,0.0,48.68,48.68
742C,pass@3,8.0,23.0,14.0,27.0,31.0,41.0,128.04,203.12,4.7,953.79,52.99,0.0677,5.0,27.0,27.0,0.0,51.94,51.94
742C,pass@4,5.0,9.0,9.0,15.0,14.0,24.0,40.14,91.38,4.17,380.74,21.15,0.0305,7.0,25.0,25.0,0.0,54.83,54.83
742C,pass@5,7.0,15.0,11.0,19.0,22.0,30.0,78.25,133.78,4.43,593.1,32.95,0.0446,3.0,28.0,29.0,0.0,52.81,52.81
742C,pass@6,5.0,9.0,9.0,17.0,14.0,26.0,40.14,98.99,4.72,467.46,25.97,0.033,7.0,26.0,26.0,0.0,54.22,54.22
742C,pass@7,5.0,7.0,5.0,9.0,12.0,14.0,31.26,50.19,3.21,161.32,8.96,0.0167,7.0,23.0,23.0,0.0,57.45,57.45
742C,pass@8,5.0,7.0,8.0,15.0,12.0,23.0,31.26,82.45,5.36,441.72,24.54,0.0275,5.0,20.0,20.0,0.0,57.53,57.53
742C,pass@9,8.0,16.0,11.0,19.0,24.0,30.0,88.0,137.55,4.75,653.36,36.3,0.0458,6.0,25.0,25.0,0.0,53.72,53.72
742C,pass@10,8.0,18.0,12.0,21.0,26.0,33.0,99.06,155.11,4.67,723.87,40.21,0.0517,8.0,29.0,29.0,0.0,51.82,51.68
742C,pass@11,5.0,9.0,8.0,15.0,14.0,23.0,40.14,87.57,4.17,364.87,20.27,0.0292,3.0,20.0,20.0,0.0,57.62,57.62
742C,pass@12,7.0,12.0,12.0,21.0,19.0,33.0,62.67,140.18,6.12,858.61,47.7,0.0467,6.0,23.0,23.0,0.0,54.46,54.46
742C,pass@13,6.0,16.0,16.0,30.0,22.0,46.0,79.51,205.13,5.62,1153.88,64.1,0.0684,6.0,34.0,34.0,0.0,49.19,49.6
742C,pass@14,7.0,18.0,13.0,21.0,25.0,34.0,94.71,157.89,4.08,644.72,35.82,0.0526,8.0,32.0,33.0,0.0,50.41,50.41
742C,pass@15,8.0,16.0,12.0,22.0,24.0,34.0,88.0,155.89,5.5,857.39,47.63,0.052,8.0,30.0,30.0,0.0,51.35,51.35
742C,pass@16,4.0,8.0,5.0,9.0,12.0,14.0,32.0,50.19,2.25,112.93,6.27,0.0167,3.0,19.0,19.0,0.0,59.79,59.79
742C,pass@17,6.0,11.0,9.0,17.0,17.0,26.0,53.56,106.27,4.64,492.73,27.37,0.0354,5.0,25.0,25.0,0.0,54.64,54.64
742C,pass@18,7.0,13.0,10.0,18.0,20.0,28.0,67.76,121.01,4.85,586.45,32.58,0.0403,7.0,30.0,30.0,0.0,52.25,52.25
742C,pass@19,4.0,8.0,5.0,9.0,12.0,14.0,32.0,50.19,2.25,112.93,6.27,0.0167,3.0,19.0,19.0,0.0,59.79,59.79
742C,pass@20,7.0,14.0,14.0,21.0,21.0,35.0,72.95,153.73,5.25,807.09,44.84,0.0512,4.0,25.0,25.0,0.0,53.66,53.66
742C,pass@21,9.0,19.0,12.0,22.0,28.0,34.0,109.24,163.45,5.21,851.66,47.31,0.0545,6.0,26.0,26.0,0.0,52.83,52.83
742C,pass@22,6.0,10.0,8.0,15.0,16.0,23.0,48.73,92.0,4.5,414.0,23.0,0.0307,4.0,22.0,23.0,0.0,56.01,56.01
742C,pass@23,8.0,13.0,12.0,22.0,21.0,34.0,72.11,149.34,6.77,1010.91,56.16,0.0498,8.0,47.0,48.0,0.0,47.03,47.03
742C,pass@24,5.0,11.0,8.0,15.0,16.0,23.0,49.66,92.0,3.41,313.64,17.42,0.0307,3.0,19.0,19.0,0.0,57.95,57.95
742C,pass@25,8.0,13.0,10.0,19.0,21.0,29.0,72.11,127.38,5.85,744.67,41.37,0.0425,5.0,24.0,25.0,0.0,54.09,54.09
742C,pass@26,4.0,6.0,4.0,7.0,10.0,11.0,23.51,36.54,2.33,85.26,4.74,0.0122,5.0,19.0,19.0,0.0,60.49,60.49
742C,pass@27,6.0,9.0,7.0,13.0,15.0,20.0,44.04,78.14,4.33,338.6,18.81,0.026,3.0,17.0,17.0,0.0,59.5,59.5
742C,pass@28,9.0,19.0,17.0,30.0,28.0,47.0,109.24,225.95,7.11,1605.4,89.19,0.0753,9.0,39.0,40.0,0.0,47.36,47.36
742C,pass@29,6.0,16.0,13.0,23.0,22.0,36.0,79.51,160.54,4.31,692.33,38.46,0.0535,7.0,29.0,29.0,0.0,51.71,51.71
742C,pass@30,5.0,12.0,8.0,15.0,17.0,23.0,54.63,94.01,3.12,293.79,16.32,0.0313,4.0,35.0,36.0,0.0,51.56,51.7
742C,pass@31,7.0,12.0,10.0,19.0,19.0,29.0,62.67,123.19,5.54,682.68,37.93,0.0411,5.0,22.0,23.0,0.0,54.98,54.98
742C,pass@32,4.0,8.0,5.0,9.0,12.0,14.0,32.0,50.19,2.25,112.93,6.27,0.0167,3.0,19.0,19.0,0.0,59.79,59.79
742B,pass@1,2.0,6.0,3.0,6.0,8.0,9.0,17.51,27.0,1.0,27.0,1.5,0.009,2.0,14.0,15.0,0.0,64.05,64.05
742B,pass@3,2.0,6.0,3.0,6.0,8.0,9.0,17.51,27.0,1.0,27.0,1.5,0.009,0.0,14.0,15.0,0.0,64.05,64.32
742B,pass@4,3.0,8.0,4.0,8.0,11.0,12.0,28.75,41.51,1.5,62.27,3.46,0.0138,2.0,15.0,16.0,0.0,62.0,62.13
742B,pass@5,3.0,8.0,4.0,8.0,11.0,12.0,28.75,41.51,1.5,62.27,3.46,0.0138,2.0,15.0,15.0,0.0,62.61,62.75
742B,pass@7,2.0,6.0,3.0,6.0,8.0,9.0,17.51,27.0,1.0,27.0,1.5,0.009,2.0,15.0,16.0,0.0,63.44,63.44
742B,pass@8,2.0,6.0,3.0,6.0,8.0,9.0,17.51,27.0,1.0,27.0,1.5,0.009,0.0,14.0,15.0,0.0,64.05,64.32
742B,pass@9,5.0,9.0,6.0,12.0,14.0,18.0,40.14,68.53,3.33,228.44,12.69,0.0228,3.0,17.0,17.0,0.0,59.77,59.9
742B,pass@10,2.0,6.0,3.0,6.0,8.0,9.0,17.51,27.0,1.0,27.0,1.5,0.009,2.0,11.0,11.0,0.0,66.99,66.99
742B,pass@11,2.0,6.0,3.0,6.0,8.0,9.0,17.51,27.0,1.0,27.0,1.5,0.009,2.0,11.0,11.0,0.0,66.99,66.99
742B,pass@12,4.0,10.0,6.0,11.0,14.0,17.0,41.22,64.73,2.2,142.4,7.91,0.0216,0.0,10.0,10.0,0.0,65.1,65.5
742B,pass@13,2.0,6.0,3.0,6.0,8.0,9.0,17.51,27.0,1.0,27.0,1.5,0.009,2.0,11.0,11.0,0.0,66.99,66.99
742B,pass@14,3.0,8.0,5.0,10.0,11.0,15.0,28.75,51.89,1.88,97.3,5.41,0.0173,4.0,18.0,19.0,0.0,59.56,59.56
742B,pass@15,2.0,6.0,3.0,6.0,8.0,9.0,17.51,27.0,1.0,27.0,1.5,0.009,0.0,11.0,12.0,0.0,66.17,66.44
742B,pass@16,2.0,6.0,3.0,6.0,8.0,9.0,17.51,27.0,1.0,27.0,1.5,0.009,2.0,11.0,11.0,0.0,66.99,66.99
742B,pass@17,3.0,8.0,6.0,12.0,11.0,18.0,28.75,62.27,2.25,140.11,7.78,0.0208,4.0,18.0,19.0,0.0,59.0,59.0
742B,pass@18,3.0,8.0,5.0,10.0,11.0,15.0,28.75,51.89,1.88,97.3,5.41,0.0173,0.0,13.0,13.0,0.0,63.15,63.69
742B,pass@19,3.0,8.0,4.0,8.0,11.0,12.0,28.75,41.51,1.5,62.27,3.46,0.0138,2.0,14.0,14.0,0.0,63.26,63.4
742B,pass@20,7.0,15.0,9.0,18.0,22.0,27.0,78.25,120.4,4.2,505.7,28.09,0.0401,4.0,18.0,18.0,0.0,57.51,57.51
742B,pass@22,7.0,17.0,10.0,20.0,24.0,30.0,89.14,137.55,4.12,566.38,31.47,0.0458,4.0,18.0,18.0,0.0,56.97,57.11
742B,pass@23,3.0,8.0,4.0,8.0,11.0,12.0,28.75,41.51,1.5,62.27,3.46,0.0138,2.0,15.0,17.0,0.0,61.42,61.56
742B,pass@24,3.0,7.0,4.0,8.0,10.0,12.0,24.41,39.86,1.71,68.34,3.8,0.0133,0.0,8.0,8.0,0.0,68.55,69.09
742B,pass@25,5.0,7.0,5.0,10.0,12.0,15.0,31.26,53.77,3.57,192.05,10.67,0.0179,0.0,15.0,16.0,0.0,61.21,61.62
742B,pass@26,2.0,6.0,3.0,6.0,8.0,9.0,17.51,27.0,1.0,27.0,1.5,0.009,2.0,12.0,12.0,0.0,66.17,66.17
742B,pass@27,2.0,6.0,3.0,6.0,8.0,9.0,17.51,27.0,1.0,27.0,1.5,0.009,2.0,15.0,16.0,0.0,63.44,63.44
742B,pass@28,6.0,10.0,7.0,14.0,16.0,21.0,48.73,84.0,4.2,352.8,19.6,0.028,4.0,19.0,20.0,0.0,57.47,57.61
742B,pass@29,2.0,6.0,3.0,6.0,8.0,9.0,17.51,27.0,1.0,27.0,1.5,0.009,2.0,13.0,15.0,0.0,64.05,64.05
742B,pass@30,6.0,8.0,6.0,12.0,14.0,18.0,39.51,68.53,4.5,308.4,17.13,0.0228,0.0,13.0,13.0,0.0,62.31,62.85
742B,pass@31,2.0,6.0,3.0,6.0,8.0,9.0,17.51,27.0,1.0,27.0,1.5,0.009,2.0,11.0,11.0,0.0,66.99,66.99
742B,pass@32,3.0,8.0,4.0,8.0,11.0,12.0,28.75,41.51,1.5,62.27,3.46,0.0138,2.0,32.0,33.0,0.0,55.14,55.28
743C,pass@1,4.0,6.0,8.0,13.0,10.0,21.0,23.51,69.76,4.33,302.3,16.79,0.0233,2.0,13.0,13.0,0.0,62.39,62.52
743C,pass@2,4.0,6.0,8.0,13.0,10.0,21.0,23.51,69.76,4.33,302.3,16.79,0.0233,2.0,10.0,10.0,0.0,64.87,65.01
743C,pass@3,4.0,3.0,5.0,9.0,7.0,14.0,12.75,39.3,6.0,235.82,13.1,0.0131,2.0,6.0,6.0,0.0,71.59,71.59
743C,pass@4,4.0,7.0,7.0,11.0,11.0,18.0,27.65,62.27,3.14,195.7,10.87,0.0208,2.0,13.0,13.0,0.0,62.73,62.87
743C,pass@5,4.0,6.0,8.0,13.0,10.0,21.0,23.51,69.76,4.33,302.3,16.79,0.0233,2.0,13.0,13.0,0.0,62.39,62.52
743C,pass@6,4.0,3.0,5.0,9.0,7.0,14.0,12.75,39.3,6.0,235.82,13.1,0.0131,2.0,9.0,9.0,0.0,67.75,67.75
743C,pass@7,4.0,6.0,8.0,13.0,10.0,21.0,23.51,69.76,4.33,302.3,16.79,0.0233,2.0,13.0,13.0,0.0,62.39,62.52
743C,pass@8,5.0,9.0,8.0,13.0,14.0,21.0,40.14,79.95,3.61,288.72,16.04,0.0267,2.0,13.0,13.0,0.0,61.97,62.11
743C,pass@9,4.0,7.0,7.0,11.0,11.0,18.0,27.65,62.27,3.14,195.7,10.87,0.0208,2.0,13.0,13.0,0.0,62.73,62.87
743C,pass@10,4.0,7.0,7.0,11.0,11.0,18.0,27.65,62.27,3.14,195.7,10.87,0.0208,2.0,13.0,13.0,0.0,62.73,62.87
743C,pass@11,4.0,7.0,7.0,11.0,11.0,18.0,27.65,62.27,3.14,195.7,10.87,0.0208,2.0,13.0,13.0,0.0,62.73,62.87
743C,pass@12,4.0,6.0,8.0,13.0,10.0,21.0,23.51,69.76,4.33,302.3,16.79,0.0233,2.0,13.0,13.0,0.0,62.39,62.52
743C,pass@13,5.0,8.0,7.0,11.0,13.0,18.0,35.61,66.61,3.44,228.96,12.72,0.0222,2.0,14.0,14.0,0.0,61.83,61.96
743C,pass@14,4.0,7.0,7.0,11.0,11.0,18.0,27.65,62.27,3.14,195.7,10.87,0.0208,2.0,13.0,13.0,0.0,62.73,62.87
743C,pass@15,4.0,4.0,4.0,7.0,8.0,11.0,16.0,33.0,3.5,115.5,6.42,0.011,2.0,10.0,10.0,0.0,67.28,67.28
743C,pass@16,4.0,6.0,8.0,13.0,10.0,21.0,23.51,69.76,4.33,302.3,16.79,0.0233,2.0,14.0,14.0,0.0,61.69,61.82
743C,pass@17,4.0,7.0,7.0,11.0,11.0,18.0,27.65,62.27,3.14,195.7,10.87,0.0208,2.0,13.0,13.0,0.0,62.73,62.87
743C,pass@18,4.0,3.0,5.0,9.0,7.0,14.0,12.75,39.3,6.0,235.82,13.1,0.0131,0.0,5.0,5.0,0.0,73.32,73.59
743C,pass@19,4.0,6.0,8.0,13.0,10.0,21.0,23.51,69.76,4.33,302.3,16.79,0.0233,2.0,13.0,13.0,0.0,62.39,62.52
743C,pass@20,4.0,4.0,4.0,7.0,8.0,11.0,16.0,33.0,3.5,115.5,6.42,0.011,2.0,9.0,9.0,0.0,68.28,68.28
743C,pass@21,4.0,11.0,13.0,23.0,15.0,36.0,46.05,140.65,4.18,588.16,32.68,0.0469,2.0,13.0,13.0,0.0,60.26,60.39
743C,pass@22,4.0,7.0,7.0,11.0,11.0,18.0,27.65,62.27,3.14,195.7,10.87,0.0208,2.0,14.0,14.0,0.0,62.03,62.17
743C,pass@23,4.0,6.0,8.0,13.0,10.0,21.0,23.51,69.76,4.33,302.3,16.79,0.0233,2.0,10.0,10.0,0.0,64.87,65.01
743C,pass@24,8.0,16.0,16.0,29.0,24.0,45.0,88.0,206.32,7.25,1495.84,83.1,0.0688,5.0,16.0,16.0,0.0,56.72,56.85
743C,pass@25,4.0,6.0,8.0,13.0,10.0,21.0,23.51,69.76,4.33,302.3,16.79,0.0233,2.0,13.0,13.0,0.0,62.39,62.52
743C,pass@26,4.0,4.0,4.0,7.0,8.0,11.0,16.0,33.0,3.5,115.5,6.42,0.011,0.0,9.0,9.0,0.0,68.28,68.55
743C,pass@27,4.0,6.0,8.0,13.0,10.0,21.0,23.51,69.76,4.33,302.3,16.79,0.0233,2.0,13.0,13.0,0.0,62.39,62.52
743C,pass@28,4.0,5.0,5.0,9.0,9.0,14.0,19.61,44.38,3.6,159.76,8.88,0.0148,2.0,9.0,9.0,0.0,67.38,67.38
743C,pass@29,4.0,5.0,4.0,7.0,9.0,11.0,19.61,34.87,2.8,97.63,5.42,0.0116,2.0,10.0,10.0,0.0,67.12,67.12
743C,pass@30,4.0,10.0,9.0,15.0,14.0,24.0,41.22,91.38,3.0,274.13,15.23,0.0305,2.0,13.0,13.0,0.0,61.57,61.7
743C,pass@31,4.0,4.0,4.0,7.0,8.0,11.0,16.0,33.0,3.5,115.5,6.42,0.011,2.0,9.0,9.0,0.0,68.28,68.28
743C,pass@32,4.0,6.0,8.0,13.0,10.0,21.0,23.51,69.76,4.33,302.3,16.79,0.0233,2.0,13.0,13.0,0.0,62.39,62.52
745B,pass@1,6.0,19.0,14.0,27.0,25.0,41.0,96.22,190.4,4.26,811.7,45.09,0.0635,4.0,23.0,25.0,0.0,52.74,53.01
745B,pass@2,9.0,47.0,42.0,87.0,56.0,129.0,289.6,749.15,8.33,6240.25,346.68,0.2497,4.0,26.0,25.0,0.0,48.71,48.84
745B,pass@3,8.0,37.0,31.0,61.0,45.0,92.0,216.75,505.25,6.59,3331.92,185.11,0.1684,21.0,43.0,44.0,0.0,42.26,42.4
745B,pass@4,11.0,65.0,45.0,87.0,76.0,132.0,429.51,824.73,7.36,6071.26,337.29,0.2749,20.0,44.0,44.0,0.0,40.91,41.04
745B,pass@5,12.0,45.0,31.0,58.0,57.0,89.0,290.15,519.13,7.73,4014.58,223.03,0.173,7.0,38.0,38.0,0.0,45.45,45.58
745B,pass@6,10.0,41.0,27.0,47.0,51.0,74.0,252.88,419.76,5.73,2405.94,133.66,0.1399,6.0,31.0,31.0,0.0,48.16,48.29
745B,pass@7,7.0,33.0,21.0,42.0,40.0,63.0,186.12,335.28,4.45,1493.53,82.97,0.1118,7.0,35.0,36.0,0.0,47.43,47.43
745B,pass@8,14.0,65.0,59.0,116.0,79.0,175.0,444.76,1103.16,12.49,13781.03,765.61,0.3677,36.0,40.0,40.0,17.5,61.06,61.19
745B,pass@9,7.0,35.0,35.0,60.0,42.0,95.0,199.18,512.27,6.0,3073.62,170.76,0.1708,4.0,18.0,18.0,0.0,52.97,53.11
745B,pass@10,9.0,34.0,30.0,56.0,43.0,86.0,201.5,466.66,7.41,3458.76,192.15,0.1556,11.0,32.0,32.0,0.0,46.86,47.0
745B,pass@11,7.0,27.0,18.0,34.0,34.0,52.0,148.03,264.55,4.41,1165.97,64.78,0.0882,6.0,26.0,26.0,0.0,51.23,51.36
745B,pass@12,10.0,60.0,60.0,113.0,70.0,173.0,387.63,1060.37,9.42,9985.11,554.73,0.3535,21.0,35.0,35.0,25.71,67.68,67.68
745B,pass@13,12.0,85.0,54.0,101.0,97.0,155.0,587.82,1022.99,7.13,7293.29,405.18,0.341,6.0,77.0,77.0,0.0,36.83,36.97
745B,pass@14,8.0,23.0,18.0,36.0,31.0,54.0,128.04,267.53,6.26,1674.95,93.05,0.0892,6.0,22.0,22.0,0.0,52.78,52.91
745B,pass@15,12.0,101.0,113.0,204.0,113.0,317.0,715.5,2162.0,12.12,26200.83,1455.6,0.7207,69.0,52.0,52.0,5.77,43.76,43.89
745B,pass@16,8.0,28.0,37.0,60.0,36.0,97.0,158.61,501.48,8.57,4298.42,238.8,0.1672,20.0,43.0,43.0,0.0,42.64,42.77
745B,pass@17,13.0,61.0,54.0,100.0,74.0,154.0,409.88,956.26,10.66,10189.61,566.09,0.3188,8.0,45.0,45.0,0.0,41.86,41.99
745B,pass@18,12.0,42.0,47.0,93.0,54.0,140.0,269.5,805.68,13.29,10704.09,594.67,0.2686,32.0,45.0,45.0,0.0,39.15,39.28
745B,pass@19,10.0,31.0,20.0,39.0,41.0,59.0,186.8,316.1,6.29,1988.34,110.46,0.1054,10.0,31.0,31.0,0.0,48.48,48.62
745B,pass@20,4.0,13.0,10.0,20.0,17.0,30.0,56.11,122.62,3.08,377.3,20.96,0.0409,5.0,48.0,48.0,0.0,47.89,48.03
745B,pass@21,12.0,62.0,49.0,86.0,74.0,135.0,412.18,838.28,8.32,6976.62,387.59,0.2794,24.0,59.0,59.0,0.0,37.54,37.67
745B,pass@22,11.0,51.0,38.0,71.0,62.0,109.0,327.35,649.01,7.66,4969.36,276.08,0.2163,29.0,54.0,54.0,0.0,38.48,38.62
745B,pass@23,7.0,27.0,20.0,40.0,34.0,60.0,148.03,305.25,5.19,1582.77,87.93,0.1017,5.0,39.0,39.0,0.0,47.09,47.22
745B,pass@24,8.0,45.0,29.0,61.0,53.0,90.0,271.13,515.51,5.42,2795.23,155.29,0.1718,8.0,56.0,56.0,0.0,41.66,41.8
745B,pass@25,10.0,35.0,29.0,52.0,45.0,81.0,212.74,444.84,7.43,3304.53,183.58,0.1483,17.0,36.0,36.0,13.89,65.49,65.62
745B,pass@26,4.0,10.0,7.0,14.0,14.0,21.0,41.22,79.95,2.8,223.87,12.44,0.0267,8.0,14.0,14.0,0.0,60.46,60.6
745B,pass@27,5.0,37.0,22.0,45.0,42.0,67.0,204.36,361.29,3.04,1098.5,61.03,0.1204,10.0,71.0,71.0,0.0,40.23,40.36
745B,pass@28,13.0,42.0,30.0,56.0,55.0,86.0,274.58,497.2,8.67,4309.04,239.39,0.1657,19.0,45.0,45.0,0.0,42.37,42.5
745B,pass@29,4.0,10.0,7.0,14.0,14.0,21.0,41.22,79.95,2.8,223.87,12.44,0.0267,6.0,20.0,20.0,0.0,57.35,57.49
745B,pass@30,6.0,35.0,34.0,56.0,41.0,90.0,195.03,482.18,4.8,2314.46,128.58,0.1607,9.0,44.0,44.0,0.0,44.02,44.15
745B,pass@31,10.0,29.0,22.0,41.0,39.0,63.0,174.1,332.98,7.07,2353.83,130.77,0.111,10.0,18.0,18.0,0.0,53.48,53.61
745B,pass@32,9.0,27.0,23.0,46.0,36.0,69.0,156.91,356.72,7.67,2734.89,151.94,0.1189,12.0,34.0,34.0,0.0,46.97,47.11
747C,pass@1,5.0,13.0,10.0,19.0,18.0,29.0,59.72,120.93,3.65,441.85,24.55,0.0403,6.0,31.0,32.0,0.0,51.64,51.78
747C,pass@2,5.0,16.0,13.0,25.0,21.0,38.0,75.61,166.91,3.91,651.98,36.22,0.0556,6.0,22.0,23.0,0.0,53.66,53.93
747C,pass@3,6.0,14.0,10.0,19.0,20.0,29.0,68.81,125.34,4.07,510.3,28.35,0.0418,10.0,35.0,35.0,0.0,50.28,50.28
747C,pass@4,6.0,14.0,12.0,23.0,20.0,35.0,68.81,151.27,4.93,745.53,41.42,0.0504,7.0,29.0,30.0,0.0,51.44,51.57
747C,pass@5,6.0,14.0,10.0,19.0,20.0,29.0,68.81,125.34,4.07,510.3,28.35,0.0418,10.0,33.0,33.0,0.0,50.7,50.84
747C,pass@6,9.0,27.0,26.0,51.0,36.0,77.0,156.91,398.08,8.5,3383.72,187.98,0.1327,15.0,41.0,41.0,0.0,44.46,44.6
747C,pass@7,5.0,16.0,12.0,23.0,21.0,35.0,75.61,153.73,3.59,552.47,30.69,0.0512,7.0,23.0,24.0,0.0,53.37,53.64
747C,pass@8,5.0,8.0,6.0,11.0,13.0,17.0,35.61,62.91,3.44,216.24,12.01,0.021,8.0,15.0,17.0,0.0,59.49,59.49
747C,pass@9,6.0,14.0,10.0,19.0,20.0,29.0,68.81,125.34,4.07,510.3,28.35,0.0418,9.0,35.0,35.0,0.0,50.28,50.42
747C,pass@10,6.0,16.0,13.0,25.0,22.0,38.0,79.51,169.46,4.69,794.34,44.13,0.0565,8.0,28.0,29.0,0.0,51.28,51.42
747C,pass@12,6.0,13.0,9.0,17.0,19.0,26.0,63.62,110.45,3.92,433.29,24.07,0.0368,7.0,19.0,20.0,0.0,56.24,56.37
747C,pass@13,8.0,17.0,14.0,27.0,25.0,41.0,93.49,190.4,6.35,1209.59,67.2,0.0635,10.0,24.0,24.0,12.5,72.01,72.14
747C,pass@14,5.0,12.0,9.0,17.0,17.0,26.0,54.63,106.27,3.54,376.39,20.91,0.0354,9.0,34.0,34.0,0.0,51.19,51.19
747C,pass@15,6.0,10.0,7.0,13.0,16.0,20.0,48.73,80.0,3.9,312.0,17.33,0.0267,10.0,24.0,25.0,20.83,78.55,78.55
747C,pass@16,5.0,12.0,10.0,19.0,17.0,29.0,54.63,118.54,3.96,469.21,26.07,0.0395,8.0,30.0,31.0,0.0,51.87,51.87
747C,pass@17,6.0,14.0,12.0,23.0,20.0,35.0,68.81,151.27,4.93,745.53,41.42,0.0504,9.0,36.0,36.0,8.33,65.91,66.04
747C,pass@18,7.0,21.0,17.0,33.0,28.0,50.0,111.89,240.37,5.5,1322.02,73.45,0.0801,10.0,29.0,29.0,0.0,50.08,50.08
747C,pass@19,6.0,10.0,8.0,15.0,16.0,23.0,48.73,92.0,4.5,414.0,23.0,0.0307,0.0,14.0,15.0,0.0,59.38,60.59
747C,pass@20,6.0,14.0,11.0,20.0,20.0,31.0,68.81,133.98,4.29,574.2,31.9,0.0447,8.0,26.0,28.0,0.0,52.33,52.46
747C,pass@21,7.0,15.0,11.0,21.0,22.0,32.0,78.25,142.7,4.9,699.24,38.85,0.0476,8.0,27.0,28.0,0.0,52.14,52.27
747C,pass@22,5.0,9.0,6.0,11.0,14.0,17.0,40.14,64.73,3.06,197.77,10.99,0.0216,9.0,19.0,19.0,42.11,86.57,86.71
747C,pass@23,5.0,12.0,9.0,17.0,17.0,26.0,54.63,106.27,3.54,376.39,20.91,0.0354,8.0,30.0,30.0,0.0,52.51,52.51
747C,pass@24,6.0,17.0,13.0,25.0,23.0,38.0,85.0,171.9,4.41,758.36,42.13,0.0573,6.0,21.0,22.0,0.0,53.99,54.26
747C,pass@25,6.0,17.0,13.0,25.0,23.0,38.0,85.0,171.9,4.41,758.36,42.13,0.0573,6.0,22.0,23.0,0.0,53.57,53.84
747C,pass@26,6.0,12.0,10.0,19.0,18.0,29.0,58.53,120.93,4.75,574.41,31.91,0.0403,9.0,21.0,22.0,28.57,81.08,81.08
747C,pass@27,5.0,12.0,9.0,17.0,17.0,26.0,54.63,106.27,3.54,376.39,20.91,0.0354,8.0,31.0,33.0,0.0,51.34,51.61
747C,pass@28,7.0,17.0,13.0,25.0,24.0,38.0,89.14,174.23,5.15,896.76,49.82,0.0581,8.0,31.0,33.0,3.23,60.74,60.74
747C,pass@29,6.0,15.0,10.0,19.0,21.0,29.0,74.11,127.38,3.8,484.03,26.89,0.0425,6.0,32.0,32.0,25.0,76.51,76.78
747C,pass@30,6.0,10.0,7.0,13.0,16.0,20.0,48.73,80.0,3.9,312.0,17.33,0.0267,6.0,18.0,19.0,0.0,57.7,57.97
747C,pass@31,7.0,19.0,14.0,27.0,26.0,41.0,100.36,192.72,4.97,958.52,53.25,0.0642,9.0,27.0,27.0,11.11,70.06,70.19
747C,pass@32,6.0,14.0,10.0,19.0,20.0,29.0,68.81,125.34,4.07,510.3,28.35,0.0418,6.0,29.0,30.0,0.0,52.01,52.28
753A,pass@1,3.0,5.0,5.0,10.0,8.0,15.0,16.36,45.0,3.0,135.0,7.5,0.015,3.0,15.0,15.0,0.0,62.37,62.37
753A,pass@2,5.0,8.0,9.0,17.0,13.0,26.0,35.61,96.21,5.31,511.12,28.4,0.0321,0.0,14.0,14.0,0.0,60.71,61.11
753A,pass@3,5.0,8.0,9.0,17.0,13.0,26.0,35.61,96.21,5.31,511.12,28.4,0.0321,3.0,14.0,14.0,0.0,60.71,60.71
753A,pass@4,6.0,12.0,13.0,25.0,18.0,38.0,58.53,158.46,6.25,990.36,55.02,0.0528,0.0,10.0,10.0,0.0,62.51,62.78
753A,pass@5,3.0,6.0,7.0,14.0,9.0,21.0,20.26,66.57,3.5,232.99,12.94,0.0222,0.0,14.0,14.0,0.0,61.83,62.23
753A,pass@6,5.0,6.0,7.0,13.0,11.0,20.0,27.12,69.19,5.42,374.77,20.82,0.0231,0.0,13.0,13.0,0.0,62.41,62.82
753A,pass@7,5.0,7.0,8.0,15.0,12.0,23.0,31.26,82.45,5.36,441.72,24.54,0.0275,3.0,18.0,18.0,0.0,58.8,58.8
753A,pass@8,5.0,5.0,6.0,11.0,10.0,17.0,23.22,56.47,5.5,310.6,17.26,0.0188,3.0,13.0,13.0,0.0,63.03,63.03
753A,pass@9,5.0,6.0,7.0,13.0,11.0,20.0,27.12,69.19,5.42,374.77,20.82,0.0231,3.0,16.0,16.0,0.0,60.45,60.45
753A,pass@10,5.0,6.0,7.0,13.0,11.0,20.0,27.12,69.19,5.42,374.77,20.82,0.0231,0.0,11.0,11.0,0.0,64.0,64.4
753A,pass@11,5.0,8.0,9.0,17.0,13.0,26.0,35.61,96.21,5.31,511.12,28.4,0.0321,3.0,14.0,14.0,0.0,60.71,60.71
753A,pass@12,4.0,6.0,6.0,12.0,10.0,18.0,23.51,59.79,4.0,239.18,13.29,0.0199,3.0,14.0,14.0,0.0,62.15,62.15
753A,pass@13,4.0,8.0,7.0,14.0,12.0,21.0,32.0,75.28,3.5,263.49,14.64,0.0251,3.0,14.0,14.0,0.0,61.45,61.45
753A,pass@14,5.0,8.0,9.0,17.0,13.0,26.0,35.61,96.21,5.31,511.12,28.4,0.0321,3.0,15.0,15.0,0.0,60.05,60.05
753A,pass@15,5.0,5.0,6.0,11.0,10.0,17.0,23.22,56.47,5.5,310.6,17.26,0.0188,3.0,14.0,14.0,0.0,62.33,62.33
753A,pass@16,5.0,5.0,6.0,11.0,10.0,17.0,23.22,56.47,5.5,310.6,17.26,0.0188,3.0,14.0,14.0,0.0,62.33,62.33
753A,pass@17,4.0,6.0,10.0,20.0,10.0,30.0,23.51,99.66,6.67,664.39,36.91,0.0332,3.0,14.0,14.0,0.0,60.6,60.6
753A,pass@18,5.0,5.0,6.0,11.0,10.0,17.0,23.22,56.47,5.5,310.6,17.26,0.0188,3.0,16.0,16.0,0.0,61.06,61.06
753A,pass@19,5.0,7.0,8.0,15.0,12.0,23.0,31.26,82.45,5.36,441.72,24.54,0.0275,3.0,18.0,18.0,0.0,58.8,58.8
753A,pass@20,5.0,6.0,7.0,13.0,11.0,20.0,27.12,69.19,5.42,374.77,20.82,0.0231,3.0,15.0,15.0,0.0,61.06,61.06
753A,pass@21,5.0,5.0,6.0,11.0,10.0,17.0,23.22,56.47,5.5,310.6,17.26,0.0188,3.0,14.0,14.0,0.0,62.33,62.33
753A,pass@22,5.0,6.0,7.0,13.0,11.0,20.0,27.12,69.19,5.42,374.77,20.82,0.0231,3.0,16.0,16.0,0.0,60.45,60.45
753A,pass@23,5.0,5.0,6.0,11.0,10.0,17.0,23.22,56.47,5.5,310.6,17.26,0.0188,3.0,14.0,14.0,0.0,62.33,62.33
753A,pass@24,5.0,8.0,9.0,17.0,13.0,26.0,35.61,96.21,5.31,511.12,28.4,0.0321,3.0,17.0,17.0,0.0,58.87,58.87
753A,pass@25,5.0,6.0,7.0,13.0,11.0,20.0,27.12,69.19,5.42,374.77,20.82,0.0231,3.0,16.0,16.0,0.0,60.45,60.45
753A,pass@26,4.0,8.0,12.0,24.0,12.0,36.0,32.0,129.06,6.0,774.35,43.02,0.043,3.0,17.0,17.0,0.0,57.98,57.98
753A,pass@27,5.0,9.0,9.0,17.0,14.0,26.0,40.14,98.99,4.72,467.46,25.97,0.033,0.0,13.0,13.0,0.0,61.32,61.73
753A,pass@28,5.0,6.0,7.0,13.0,11.0,20.0,27.12,69.19,5.42,374.77,20.82,0.0231,0.0,13.0,13.0,0.0,62.41,62.82
753A,pass@29,5.0,5.0,6.0,11.0,10.0,17.0,23.22,56.47,5.5,310.6,17.26,0.0188,3.0,14.0,14.0,0.0,62.33,62.33
753A,pass@30,5.0,6.0,7.0,13.0,11.0,20.0,27.12,69.19,5.42,374.77,20.82,0.0231,3.0,15.0,15.0,0.0,61.06,61.06
753A,pass@31,6.0,10.0,10.0,19.0,16.0,29.0,48.73,116.0,5.7,661.2,36.73,0.0387,3.0,15.0,15.0,0.0,59.35,59.49
753A,pass@32,5.0,6.0,7.0,13.0,11.0,20.0,27.12,69.19,5.42,374.77,20.82,0.0231,3.0,15.0,15.0,0.0,61.06,61.06
756A,pass@1,4.0,15.0,10.0,18.0,19.0,28.0,66.6,118.94,2.4,285.46,15.86,0.0396,4.0,23.0,25.0,0.0,54.44,54.44
756A,pass@3,7.0,16.0,22.0,44.0,23.0,66.0,83.65,298.56,9.62,2873.59,159.64,0.0995,9.0,45.0,45.0,0.0,45.4,45.4
756A,pass@4,7.0,23.0,22.0,44.0,30.0,66.0,123.69,323.85,6.7,2168.42,120.47,0.108,8.0,31.0,33.0,0.0,48.22,48.22
756A,pass@5,7.0,30.0,22.0,44.0,37.0,66.0,166.86,343.82,5.13,1764.96,98.05,0.1146,7.0,41.0,44.0,4.88,58.37,58.37
756A,pass@8,5.0,13.0,12.0,24.0,18.0,36.0,59.72,150.12,4.62,692.85,38.49,0.05,6.0,21.0,23.0,0.0,54.11,54.25
756A,pass@9,5.0,21.0,21.0,40.0,26.0,61.0,103.85,286.73,4.76,1365.37,75.85,0.0956,1.0,39.0,39.0,0.0,47.82,47.95
756A,pass@10,5.0,9.0,7.0,14.0,14.0,21.0,40.14,79.95,3.89,310.93,17.27,0.0267,5.0,18.0,18.0,0.0,58.62,58.62
756A,pass@11,8.0,17.0,11.0,22.0,25.0,33.0,93.49,153.25,5.18,793.28,44.07,0.0511,5.0,22.0,22.0,0.0,54.74,54.74
756A,pass@12,10.0,18.0,17.0,34.0,28.0,51.0,108.28,245.18,9.44,2315.54,128.64,0.0817,6.0,27.0,29.0,0.0,50.56,50.56
756A,pass@13,7.0,19.0,19.0,38.0,26.0,57.0,100.36,267.93,7.0,1875.48,104.19,0.0893,7.0,34.0,36.0,0.0,48.11,48.11
756A,pass@14,4.0,10.0,6.0,10.0,14.0,16.0,41.22,60.92,2.0,121.84,6.77,0.0203,3.0,30.0,30.0,0.0,54.88,54.88
756A,pass@15,10.0,25.0,29.0,54.0,35.0,83.0,149.32,425.73,10.8,4597.89,255.44,0.1419,10.0,35.0,37.0,0.0,46.04,46.04
756A,pass@16,6.0,15.0,13.0,26.0,21.0,39.0,74.11,171.3,5.2,890.76,49.49,0.0571,5.0,23.0,25.0,0.0,53.19,53.19
756A,pass@17,6.0,28.0,30.0,60.0,34.0,90.0,150.12,457.87,6.43,2943.46,163.53,0.1526,2.0,51.0,53.0,0.0,43.49,43.49
756A,pass@18,10.0,26.0,18.0,35.0,36.0,53.0,155.43,274.01,6.73,1844.27,102.46,0.0913,7.0,48.0,50.0,0.0,44.93,44.93
756A,pass@19,9.0,37.0,28.0,56.0,46.0,84.0,221.28,463.98,6.81,3160.07,175.56,0.1547,18.0,45.0,47.0,6.67,57.34,57.34
756A,pass@20,7.0,22.0,22.0,44.0,29.0,66.0,117.76,320.63,7.0,2244.39,124.69,0.1069,7.0,32.0,34.0,0.0,48.1,48.1
756A,pass@21,6.0,24.0,18.0,32.0,30.0,50.0,125.55,245.34,4.0,981.38,54.52,0.0818,9.0,40.0,43.0,0.0,46.42,46.42
756A,pass@22,8.0,17.0,19.0,38.0,25.0,57.0,93.49,264.7,8.94,2366.73,131.48,0.0882,11.0,35.0,37.0,0.0,47.35,47.35
756A,pass@23,6.0,12.0,9.0,18.0,18.0,27.0,58.53,112.59,4.5,506.65,28.15,0.0375,5.0,21.0,21.0,0.0,56.12,56.12
756A,pass@24,11.0,31.0,31.0,61.0,42.0,92.0,191.63,496.09,10.82,5369.01,298.28,0.1654,11.0,34.0,36.0,0.0,45.7,45.7
756A,pass@26,6.0,16.0,13.0,26.0,22.0,39.0,79.51,173.92,4.88,847.85,47.1,0.058,6.0,23.0,25.0,0.0,53.01,53.01
756A,pass@28,6.0,17.0,13.0,26.0,23.0,39.0,85.0,176.42,4.59,809.45,44.97,0.0588,5.0,22.0,24.0,0.0,53.49,53.49
756A,pass@29,8.0,33.0,39.0,77.0,41.0,116.0,190.47,621.48,9.33,5800.44,322.25,0.2072,12.0,44.0,46.0,0.0,42.56,42.56
756A,pass@30,7.0,16.0,12.0,22.0,23.0,34.0,83.65,153.8,4.81,740.17,41.12,0.0513,1.0,120.0,122.0,0.0,39.04,39.04
756A,pass@31,6.0,15.0,13.0,26.0,21.0,39.0,74.11,171.3,5.2,890.76,49.49,0.0571,7.0,24.0,24.0,0.0,53.31,53.31
756A,pass@32,6.0,20.0,25.0,47.0,26.0,72.0,101.95,338.43,7.05,2385.94,132.55,0.1128,10.0,36.0,38.0,2.78,56.38,56.38
758C,pass@1,14.0,117.0,133.0,266.0,131.0,399.0,857.14,2806.34,15.91,44661.51,2481.2,0.9354,19.0,34.0,34.0,0.0,39.89,39.89
758C,pass@2,10.0,193.0,221.0,444.0,203.0,665.0,1498.56,5097.45,11.5,58633.86,3257.44,1.6991,38.0,51.0,51.0,3.92,43.35,43.35
758C,pass@3,12.0,61.0,72.0,140.0,73.0,212.0,404.79,1312.24,13.77,18070.23,1003.9,0.4374,23.0,43.0,43.0,9.3,56.71,56.71
758C,pass@5,9.0,33.0,43.0,84.0,42.0,127.0,194.99,684.82,11.45,7844.35,435.8,0.2283,17.0,36.0,36.0,0.0,43.91,43.91
758C,pass@6,9.0,50.0,58.0,116.0,59.0,174.0,310.72,1023.58,10.44,10686.17,593.68,0.3412,14.0,26.0,26.0,0.0,46.17,46.17
758C,pass@7,14.0,50.0,62.0,124.0,64.0,186.0,335.5,1116.0,17.36,19373.76,1076.32,0.372,17.0,22.0,20.0,0.0,47.99,47.99
758C,pass@8,9.0,31.0,35.0,70.0,40.0,105.0,182.11,558.8,10.16,5678.15,315.45,0.1863,12.0,23.0,23.0,0.0,49.44,49.44
758C,pass@9,11.0,47.0,52.0,102.0,58.0,154.0,299.12,902.13,11.94,10767.97,598.22,0.3007,15.0,41.0,41.0,0.0,42.11,42.11
758C,pass@10,12.0,50.0,67.0,133.0,62.0,200.0,325.21,1190.84,15.96,19005.79,1055.88,0.3969,13.0,43.0,43.0,0.0,41.08,41.08
758C,pass@11,8.0,41.0,62.0,124.0,49.0,186.0,243.66,1044.34,12.1,12633.92,701.88,0.3481,0.0,37.0,37.0,0.0,42.77,44.65
758C,pass@12,11.0,65.0,82.0,164.0,76.0,246.0,429.51,1536.99,13.88,21328.69,1184.93,0.5123,22.0,59.0,59.0,0.0,36.1,36.1
758C,pass@13,12.0,51.0,48.0,98.0,63.0,146.0,332.31,872.68,11.53,10061.52,558.97,0.2909,9.0,21.0,21.0,0.0,49.35,49.35
758C,pass@14,8.0,45.0,46.0,92.0,53.0,138.0,271.13,790.45,8.18,6464.15,359.12,0.2635,4.0,18.0,18.0,0.0,51.79,51.79
758C,pass@15,9.0,36.0,48.0,96.0,45.0,144.0,214.65,790.83,12.0,9489.92,527.22,0.2636,12.0,35.0,35.0,5.71,58.31,58.31
758C,pass@16,11.0,38.0,39.0,78.0,49.0,117.0,237.47,656.92,11.29,7416.29,412.02,0.219,10.0,24.0,24.0,0.0,48.82,48.82
758C,pass@17,11.0,46.0,63.0,125.0,57.0,188.0,292.14,1096.58,14.95,16389.15,910.51,0.3655,18.0,45.0,45.0,0.0,40.23,40.23
758C,pass@18,11.0,48.0,66.0,131.0,59.0,197.0,306.13,1158.88,15.01,17395.28,966.4,0.3863,12.0,45.0,45.0,0.0,40.87,40.87
758C,pass@19,11.0,29.0,38.0,77.0,40.0,115.0,178.94,612.02,14.6,8937.63,496.53,0.204,12.0,22.0,22.0,0.0,49.59,49.59
758C,pass@20,12.0,68.0,79.0,157.0,80.0,236.0,456.97,1491.98,13.85,20668.24,1148.24,0.4973,18.0,34.0,34.0,0.0,41.95,41.95
758C,pass@21,12.0,48.0,53.0,106.0,60.0,159.0,311.1,939.2,13.25,12444.34,691.35,0.3131,15.0,23.0,23.0,0.0,47.46,47.46
758C,pass@22,9.0,47.0,55.0,110.0,56.0,165.0,289.6,958.21,10.53,10091.82,560.66,0.3194,6.0,29.0,29.0,0.0,46.42,46.42
758C,pass@23,10.0,33.0,38.0,76.0,43.0,114.0,199.68,618.59,11.52,7123.21,395.73,0.2062,11.0,30.0,30.0,6.67,61.66,61.66
758C,pass@24,10.0,39.0,39.0,78.0,49.0,117.0,239.35,656.92,10.0,6569.21,364.96,0.219,6.0,21.0,21.0,0.0,50.62,50.62
758C,pass@25,10.0,59.0,64.0,128.0,69.0,192.0,380.3,1172.84,10.85,12722.3,706.79,0.3909,9.0,23.0,23.0,0.0,47.59,47.59
758C,pass@26,12.0,54.0,62.0,123.0,66.0,185.0,353.78,1118.21,13.67,15282.24,849.01,0.3727,15.0,26.0,26.0,0.0,45.77,45.77
758C,pass@27,10.0,63.0,70.0,140.0,73.0,210.0,409.79,1299.86,11.11,14442.92,802.38,0.4333,19.0,29.0,29.0,0.0,43.74,43.74
758C,pass@28,11.0,98.0,134.0,267.0,109.0,401.0,686.3,2714.04,14.98,40669.09,2259.39,0.9047,31.0,55.0,55.0,0.0,33.82,33.82
758C,pass@29,10.0,32.0,36.0,72.0,42.0,108.0,193.22,582.37,11.25,6551.67,363.98,0.1941,8.0,16.0,16.0,0.0,53.3,53.3
758C,pass@30,10.0,59.0,61.0,124.0,69.0,185.0,380.3,1130.08,10.51,11875.39,659.74,0.3767,20.0,14.0,14.0,0.0,50.93,50.93
758C,pass@31,9.0,116.0,148.0,296.0,125.0,444.0,824.06,3092.81,11.48,35513.97,1973.0,1.0309,25.0,58.0,58.0,0.0,33.73,33.73
758C,pass@32,9.0,32.0,32.0,64.0,41.0,96.0,188.53,514.32,9.0,4628.92,257.16,0.1714,7.0,23.0,23.0,0.0,50.37,50.37
761C,pass@1,6.0,48.0,25.0,51.0,54.0,76.0,283.59,437.37,3.19,1394.12,77.45,0.1458,17.0,38.0,38.0,0.0,44.63,44.76
761C,pass@2,6.0,20.0,10.0,21.0,26.0,31.0,101.95,145.71,3.15,459.0,25.5,0.0486,6.0,23.0,23.0,0.0,54.2,54.34
761C,pass@3,3.0,9.0,4.0,9.0,12.0,13.0,33.28,46.6,1.5,69.91,3.88,0.0155,5.0,21.0,21.0,0.0,58.67,58.8
761C,pass@4,7.0,33.0,23.0,45.0,40.0,68.0,186.12,361.89,4.77,1727.21,95.96,0.1206,6.0,40.0,42.0,0.0,45.73,45.87
761C,pass@5,7.0,28.0,17.0,31.0,35.0,48.0,154.26,246.21,3.88,954.05,53.0,0.0821,14.0,41.0,44.0,0.0,45.39,45.52
761C,pass@6,5.0,35.0,18.0,37.0,40.0,55.0,191.13,292.71,2.64,773.58,42.98,0.0976,1.0,31.0,31.0,0.0,49.93,50.06
761C,pass@7,7.0,31.0,26.0,46.0,38.0,72.0,173.23,377.85,5.19,1962.39,109.02,0.126,8.0,34.0,30.0,0.0,48.52,48.66
761C,pass@8,6.0,12.0,8.0,17.0,18.0,25.0,58.53,104.25,4.25,443.05,24.61,0.0347,6.0,16.0,16.0,0.0,58.66,58.8
761C,pass@9,7.0,16.0,13.0,22.0,23.0,35.0,83.65,158.32,4.81,761.94,42.33,0.0528,8.0,37.0,37.0,0.0,49.18,49.31
761C,pass@10,5.0,30.0,20.0,39.0,35.0,59.0,158.82,302.63,3.25,983.54,54.64,0.1009,11.0,34.0,37.0,0.0,46.81,46.94
761C,pass@11,3.0,11.0,6.0,13.0,14.0,19.0,42.81,72.34,1.77,128.24,7.12,0.0241,5.0,21.0,21.0,0.0,57.33,57.47
761C,pass@13,7.0,17.0,15.0,29.0,24.0,44.0,89.14,201.74,5.97,1204.5,66.92,0.0672,2.0,39.0,39.0,0.0,48.75,48.89
761C,pass@14,7.0,22.0,12.0,24.0,29.0,36.0,117.76,174.89,3.82,667.75,37.1,0.0583,4.0,29.0,29.0,0.0,51.72,51.86
761C,pass@15,5.0,27.0,17.0,34.0,32.0,51.0,139.99,255.0,3.15,802.78,44.6,0.085,18.0,42.0,43.0,0.0,45.1,45.1
761C,pass@16,3.0,9.0,5.0,11.0,12.0,16.0,33.28,57.36,1.83,105.16,5.84,0.0191,5.0,19.0,19.0,10.53,77.19,77.33
761C,pass@17,7.0,32.0,21.0,41.0,39.0,62.0,179.65,327.69,4.48,1469.51,81.64,0.1092,1.0,30.0,30.0,0.0,49.9,50.03
761C,pass@18,5.0,9.0,5.0,10.0,14.0,15.0,40.14,57.11,2.78,158.64,8.81,0.019,5.0,22.0,22.0,4.55,70.11,70.24
761C,pass@19,6.0,25.0,17.0,34.0,31.0,51.0,131.61,252.66,4.08,1030.87,57.27,0.0842,1.0,37.0,37.0,0.0,48.7,48.83
761C,pass@20,4.0,10.0,6.0,13.0,14.0,19.0,41.22,72.34,2.6,188.08,10.45,0.0241,5.0,19.0,19.0,0.0,58.28,58.41
761C,pass@21,6.0,19.0,16.0,33.0,25.0,49.0,96.22,227.55,5.21,1185.65,65.87,0.0758,17.0,28.0,30.0,0.0,48.85,48.99
761C,pass@22,7.0,53.0,30.0,61.0,60.0,91.0,323.23,537.53,4.03,2165.32,120.3,0.1792,13.0,32.0,32.0,0.0,46.17,46.3
761C,pass@23,3.0,9.0,4.0,9.0,12.0,13.0,33.28,46.6,1.5,69.91,3.88,0.0155,5.0,21.0,21.0,0.0,58.67,58.8
761C,pass@24,8.0,41.0,29.0,56.0,49.0,85.0,243.66,477.25,5.46,2607.42,144.86,0.1591,17.0,39.0,42.0,0.0,43.41,43.55
761C,pass@25,7.0,18.0,11.0,22.0,25.0,33.0,94.71,153.25,4.28,655.56,36.42,0.0511,1.0,31.0,31.0,0.0,51.9,52.03
761C,pass@26,3.0,9.0,5.0,11.0,12.0,16.0,33.28,57.36,1.83,105.16,5.84,0.0191,1.0,21.0,21.0,0.0,58.57,58.71
761C,pass@27,4.0,9.0,4.0,9.0,13.0,13.0,36.53,48.11,2.0,96.21,5.35,0.016,5.0,19.0,21.0,0.0,58.71,58.71
761C,pass@28,4.0,17.0,9.0,19.0,21.0,28.0,77.49,122.98,2.24,274.91,15.27,0.041,5.0,21.0,21.0,0.0,55.72,55.85
761C,pass@29,3.0,9.0,4.0,9.0,12.0,13.0,33.28,46.6,1.5,69.91,3.88,0.0155,7.0,27.0,28.0,0.0,55.81,55.81
761C,pass@30,8.0,27.0,15.0,31.0,35.0,46.0,152.38,235.95,4.59,1083.61,60.2,0.0786,1.0,30.0,31.0,0.0,50.72,50.72
761C,pass@31,6.0,21.0,13.0,27.0,27.0,40.0,107.75,190.2,3.86,733.61,40.76,0.0634,1.0,26.0,26.0,0.0,52.91,53.04
761C,pass@32,5.0,25.0,18.0,37.0,30.0,55.0,127.71,269.88,3.7,998.55,55.48,0.09,13.0,41.0,43.0,0.0,45.6,45.6
762C,pass@1,5.0,10.0,7.0,13.0,15.0,20.0,44.83,78.14,3.25,253.95,14.11,0.026,5.0,19.0,19.0,0.0,58.18,58.18
762C,pass@2,6.0,17.0,27.0,54.0,23.0,81.0,85.0,366.41,9.53,3491.66,193.98,0.1221,10.0,28.0,28.0,0.0,49.13,49.13
762C,pass@3,7.0,19.0,28.0,56.0,26.0,84.0,100.36,394.84,10.32,4073.05,226.28,0.1316,10.0,31.0,31.0,0.0,47.81,47.94
762C,pass@4,7.0,17.0,25.0,50.0,24.0,75.0,89.14,343.87,10.29,3539.86,196.66,0.1146,10.0,25.0,25.0,0.0,50.4,50.4
762C,pass@5,4.0,9.0,6.0,12.0,13.0,18.0,36.53,66.61,2.67,177.62,9.87,0.0222,5.0,14.0,14.0,0.0,61.56,61.56
762C,pass@6,7.0,17.0,27.0,54.0,24.0,81.0,89.14,371.38,11.12,4128.89,229.38,0.1238,10.0,27.0,27.0,0.0,49.44,49.44
762C,pass@7,7.0,17.0,29.0,57.0,24.0,86.0,89.14,394.31,11.74,4627.31,257.07,0.1314,11.0,30.0,30.0,0.0,48.12,48.12
762C,pass@8,8.0,17.0,29.0,57.0,25.0,86.0,93.49,399.37,13.41,5356.28,297.57,0.1331,11.0,27.0,27.0,0.0,49.08,49.08
762C,pass@9,6.0,17.0,27.0,54.0,23.0,81.0,85.0,366.41,9.53,3491.66,193.98,0.1221,10.0,26.0,26.0,0.0,49.84,49.84
762C,pass@10,7.0,16.0,16.0,24.0,23.0,40.0,83.65,180.94,5.25,949.95,52.77,0.0603,10.0,25.0,25.0,0.0,52.35,52.35
762C,pass@11,6.0,22.0,31.0,62.0,28.0,93.0,113.62,447.08,8.45,3779.89,209.99,0.149,11.0,27.0,27.0,0.0,48.74,48.74
762C,pass@12,7.0,18.0,28.0,55.0,25.0,83.0,94.71,385.44,10.69,4122.07,229.0,0.1285,10.0,26.0,26.0,0.0,49.68,49.68
762C,pass@13,7.0,11.0,13.0,19.0,18.0,32.0,57.71,133.44,6.05,806.69,44.82,0.0445,9.0,26.0,26.0,0.0,53.04,53.04
762C,pass@14,6.0,22.0,29.0,58.0,28.0,87.0,113.62,418.24,7.91,3307.9,183.77,0.1394,11.0,25.0,25.0,4.0,61.44,61.44
762C,pass@15,7.0,18.0,28.0,55.0,25.0,83.0,94.71,385.44,10.69,4122.07,229.0,0.1285,10.0,26.0,26.0,0.0,49.68,49.68
762C,pass@16,6.0,18.0,26.0,52.0,24.0,78.0,90.57,357.63,8.67,3099.43,172.19,0.1192,10.0,29.0,29.0,0.0,48.88,48.88
762C,pass@17,5.0,8.0,5.0,9.0,13.0,14.0,35.61,51.81,2.81,145.7,8.09,0.0173,5.0,17.0,17.0,0.0,60.48,60.48
762C,pass@18,4.0,7.0,4.0,8.0,11.0,12.0,27.65,41.51,2.29,94.89,5.27,0.0138,5.0,16.0,16.0,0.0,61.73,61.73
762C,pass@19,7.0,11.0,9.0,16.0,18.0,25.0,57.71,104.25,5.09,530.72,29.48,0.0347,8.0,21.0,21.0,4.76,68.73,68.73
762C,pass@20,4.0,9.0,6.0,12.0,13.0,18.0,36.53,66.61,2.67,177.62,9.87,0.0222,5.0,18.0,18.0,0.0,59.18,59.18
762C,pass@21,6.0,19.0,27.0,54.0,25.0,81.0,96.22,376.15,8.53,3207.19,178.18,0.1254,10.0,25.0,25.0,0.0,50.13,50.13
762C,pass@22,9.0,21.0,23.0,41.0,30.0,64.0,120.77,314.04,8.79,2759.07,153.28,0.1047,12.0,31.0,32.0,0.0,48.07,48.07
762C,pass@23,6.0,17.0,27.0,54.0,23.0,81.0,85.0,366.41,9.53,3491.66,193.98,0.1221,10.0,28.0,28.0,0.0,49.13,49.13
762C,pass@24,6.0,17.0,27.0,54.0,23.0,81.0,85.0,366.41,9.53,3491.66,193.98,0.1221,10.0,25.0,25.0,0.0,50.21,50.21
762C,pass@25,4.0,9.0,6.0,12.0,13.0,18.0,36.53,66.61,2.67,177.62,9.87,0.0222,5.0,15.0,15.0,0.0,60.9,60.9
762C,pass@26,6.0,17.0,27.0,54.0,23.0,81.0,85.0,366.41,9.53,3491.66,193.98,0.1221,10.0,26.0,26.0,0.0,49.84,49.84
762C,pass@27,4.0,7.0,4.0,8.0,11.0,12.0,27.65,41.51,2.29,94.89,5.27,0.0138,5.0,12.0,12.0,0.0,64.46,64.46
762C,pass@28,1.0,4.0,2.0,4.0,5.0,6.0,8.0,13.93,0.5,6.97,0.39,0.0046,4.0,9.0,9.0,0.0,70.5,70.64
762C,pass@29,8.0,11.0,14.0,25.0,19.0,39.0,62.05,165.67,9.09,1506.08,83.67,0.0552,7.0,23.0,23.0,0.0,53.81,53.81
762C,pass@30,9.0,28.0,26.0,47.0,37.0,73.0,163.14,380.29,7.55,2872.55,159.59,0.1268,14.0,27.0,27.0,0.0,48.83,48.83
762C,pass@31,5.0,11.0,8.0,16.0,16.0,24.0,49.66,96.0,3.64,349.09,19.39,0.032,6.0,17.0,17.0,0.0,58.34,58.47
762C,pass@32,4.0,9.0,7.0,14.0,13.0,21.0,36.53,77.71,3.11,241.76,13.43,0.0259,5.0,17.0,17.0,0.0,59.25,59.25
763C,pass@1,7.0,17.0,12.0,21.0,24.0,33.0,89.14,151.3,4.32,654.17,36.34,0.0504,7.0,24.0,24.0,0.0,53.55,53.69
763C,pass@2,6.0,13.0,10.0,17.0,19.0,27.0,63.62,114.69,3.92,449.95,25.0,0.0382,6.0,23.0,23.0,0.0,54.93,55.07
763C,pass@3,9.0,21.0,17.0,31.0,30.0,48.0,120.77,235.53,6.64,1564.6,86.92,0.0785,10.0,36.0,37.0,0.0,47.84,47.84
763C,pass@4,7.0,18.0,16.0,26.0,25.0,42.0,94.71,195.04,5.06,986.05,54.78,0.065,6.0,22.0,22.0,0.0,53.74,53.87
763C,pass@5,5.0,12.0,10.0,16.0,17.0,26.0,54.63,106.27,3.33,354.25,19.68,0.0354,4.0,23.0,24.0,0.0,55.03,55.17
763C,pass@6,6.0,15.0,12.0,21.0,21.0,33.0,74.11,144.95,4.2,608.78,33.82,0.0483,6.0,23.0,23.0,0.0,54.22,54.36
763C,pass@7,7.0,18.0,14.0,24.0,25.0,38.0,94.71,176.47,4.67,823.51,45.75,0.0588,6.0,23.0,23.0,0.0,53.62,53.76
763C,pass@8,7.0,16.0,11.0,19.0,23.0,30.0,83.65,135.71,4.16,564.03,31.34,0.0452,6.0,22.0,22.0,0.0,54.84,54.98
763C,pass@9,9.0,22.0,18.0,32.0,31.0,50.0,126.64,247.71,6.55,1621.37,90.08,0.0826,9.0,35.0,36.0,0.0,47.94,48.08
763C,pass@10,7.0,17.0,12.0,21.0,24.0,33.0,89.14,151.3,4.32,654.17,36.34,0.0504,7.0,24.0,24.0,0.0,53.55,53.69
763C,pass@11,8.0,15.0,10.0,18.0,23.0,28.0,82.6,126.66,4.8,607.97,33.78,0.0422,5.0,20.0,21.0,0.0,55.63,55.76
763C,pass@12,8.0,18.0,13.0,22.0,26.0,35.0,99.06,164.52,4.89,804.3,44.68,0.0548,7.0,24.0,24.0,0.0,53.3,53.43
763C,pass@13,6.0,14.0,11.0,19.0,20.0,30.0,68.81,129.66,4.07,527.89,29.33,0.0432,7.0,27.0,28.0,0.0,52.56,52.7
763C,pass@14,8.0,19.0,14.0,24.0,27.0,38.0,104.71,180.69,5.05,912.94,50.72,0.0602,6.0,22.0,22.0,0.0,53.97,54.11
763C,pass@15,7.0,24.0,17.0,31.0,31.0,48.0,129.69,237.8,4.52,1075.06,59.73,0.0793,8.0,29.0,30.0,0.0,49.93,50.06
763C,pass@16,8.0,16.0,13.0,21.0,24.0,34.0,88.0,155.89,5.25,818.42,45.47,0.052,8.0,31.0,32.0,0.0,50.6,50.74
763C,pass@17,7.0,16.0,12.0,21.0,23.0,33.0,83.65,149.28,4.59,685.74,38.1,0.0498,8.0,31.0,31.0,0.0,51.03,51.17
763C,pass@18,5.0,7.0,5.0,9.0,12.0,14.0,31.26,50.19,3.21,161.32,8.96,0.0167,6.0,22.0,22.0,0.0,57.87,58.0
763C,pass@19,4.0,12.0,9.0,15.0,16.0,24.0,51.02,96.0,2.5,240.0,13.33,0.032,4.0,15.0,15.0,0.0,59.79,59.93
763C,pass@20,9.0,19.0,15.0,27.0,28.0,42.0,109.24,201.91,6.39,1291.15,71.73,0.0673,10.0,28.0,29.0,0.0,50.61,50.61
763C,pass@21,6.0,14.0,11.0,18.0,20.0,29.0,68.81,125.34,3.86,483.44,26.86,0.0418,6.0,22.0,22.0,0.0,55.08,55.22
763C,pass@22,7.0,17.0,12.0,21.0,24.0,33.0,89.14,151.3,4.32,654.17,36.34,0.0504,7.0,23.0,23.0,0.0,53.96,54.09
763C,pass@23,7.0,16.0,11.0,19.0,23.0,30.0,83.65,135.71,4.16,564.03,31.34,0.0452,6.0,23.0,23.0,0.0,54.42,54.56
763C,pass@24,11.0,45.0,43.0,77.0,56.0,120.0,285.19,696.88,9.41,6558.44,364.36,0.2323,17.0,46.0,47.0,0.0,41.47,41.33
763C,pass@25,7.0,16.0,11.0,19.0,23.0,30.0,83.65,135.71,4.16,564.03,31.34,0.0452,6.0,25.0,25.0,0.0,53.63,53.77
763C,pass@26,7.0,16.0,11.0,19.0,23.0,30.0,83.65,135.71,4.16,564.03,31.34,0.0452,6.0,24.0,25.0,0.0,53.63,53.77
763C,pass@27,4.0,11.0,8.0,13.0,15.0,21.0,46.05,82.04,2.36,193.92,10.77,0.0273,5.0,24.0,25.0,0.0,55.3,55.43
763C,pass@28,5.0,12.0,9.0,15.0,17.0,24.0,54.63,98.1,3.12,306.56,17.03,0.0327,4.0,19.0,19.0,0.0,57.49,57.62
763C,pass@29,5.0,12.0,10.0,16.0,17.0,26.0,54.63,106.27,3.33,354.25,19.68,0.0354,4.0,19.0,19.0,0.0,57.24,57.38
763C,pass@30,7.0,18.0,13.0,22.0,25.0,35.0,94.71,162.53,4.28,695.29,38.63,0.0542,7.0,28.0,29.0,0.0,51.54,51.68
763C,pass@31,7.0,17.0,12.0,21.0,24.0,33.0,89.14,151.3,4.32,654.17,36.34,0.0504,7.0,27.0,28.0,0.0,52.09,52.23
763C,pass@32,7.0,18.0,13.0,23.0,25.0,36.0,94.71,167.18,4.47,747.66,41.54,0.0557,6.0,25.0,26.0,0.0,52.63,52.76
10B,pass@1,10.0,36.0,37.0,72.0,46.0,109.0,219.34,602.07,10.0,6020.68,334.48,0.2007,13.0,35.0,35.0,0.0,45.11,45.11
10B,pass@2,8.0,20.0,22.0,40.0,28.0,62.0,110.44,298.06,8.0,2384.45,132.47,0.0994,10.0,32.0,33.0,0.0,48.21,48.21
10B,pass@3,9.0,41.0,34.0,65.0,50.0,99.0,248.19,558.74,7.13,3986.15,221.45,0.1862,4.0,30.0,30.0,0.0,48.0,48.0
10B,pass@4,7.0,29.0,22.0,42.0,36.0,64.0,160.53,330.88,5.07,1677.19,93.18,0.1103,9.0,28.0,28.0,0.0,49.44,49.58
10B,pass@6,10.0,35.0,32.0,61.0,45.0,93.0,212.74,510.74,8.71,4450.75,247.26,0.1702,16.0,27.0,28.0,0.0,47.32,47.32
10B,pass@7,11.0,41.0,34.0,67.0,52.0,101.0,257.71,575.74,8.99,5174.68,287.48,0.1919,18.0,39.0,40.0,0.0,43.3,43.3
10B,pass@8,7.0,21.0,18.0,33.0,28.0,51.0,111.89,245.18,5.5,1348.46,74.91,0.0817,13.0,34.0,35.0,0.0,47.84,47.84
10B,pass@9,10.0,45.0,44.0,84.0,55.0,128.0,280.35,740.01,9.33,6906.8,383.71,0.2467,18.0,37.0,37.0,0.0,43.28,43.28
10B,pass@10,7.0,30.0,26.0,48.0,37.0,74.0,166.86,385.5,5.6,2158.8,119.93,0.1285,7.0,37.0,38.0,5.41,60.04,60.04
10B,pass@11,9.0,29.0,27.0,49.0,38.0,76.0,169.41,398.84,7.6,3032.58,168.48,0.1329,9.0,25.0,25.0,8.0,66.26,66.26
10B,pass@12,10.0,47.0,46.0,86.0,57.0,132.0,294.28,769.94,9.15,7044.15,391.34,0.2566,17.0,34.0,34.0,0.0,44.36,44.09
10B,pass@13,9.0,33.0,30.0,58.0,42.0,88.0,194.99,474.52,7.91,3753.05,208.5,0.1582,15.0,30.0,30.0,0.0,47.02,47.02
10B,pass@14,10.0,40.0,31.0,63.0,50.0,94.0,246.1,530.52,7.88,4177.86,232.1,0.1768,13.0,44.0,42.0,4.55,56.26,56.26
10B,pass@15,8.0,33.0,30.0,58.0,41.0,88.0,190.47,471.46,7.03,3314.54,184.14,0.1572,14.0,36.0,37.0,0.0,45.19,45.19
10B,pass@17,10.0,36.0,38.0,72.0,46.0,110.0,219.34,607.59,10.0,6075.92,337.55,0.2025,14.0,36.0,37.0,0.0,44.42,44.42
10B,pass@18,9.0,35.0,35.0,66.0,44.0,101.0,208.05,551.4,8.49,4679.04,259.95,0.1838,16.0,32.0,32.0,3.12,56.29,56.29
10B,pass@19,8.0,34.0,29.0,53.0,42.0,82.0,196.97,442.17,6.24,2757.06,153.17,0.1474,11.0,33.0,34.0,0.0,46.45,46.59
10B,pass@20,6.0,25.0,23.0,44.0,31.0,67.0,131.61,331.93,5.28,1752.6,97.37,0.1106,11.0,28.0,28.0,7.14,64.68,64.68
10B,pass@21,7.0,31.0,26.0,49.0,38.0,75.0,173.23,393.59,5.53,2177.47,120.97,0.1312,10.0,31.0,32.0,0.0,47.65,47.65
10B,pass@22,11.0,48.0,52.0,97.0,59.0,149.0,306.13,876.51,11.11,9742.09,541.23,0.2922,17.0,38.0,38.0,0.0,42.65,42.65
10B,pass@23,10.0,39.0,34.0,66.0,49.0,100.0,239.35,561.47,8.46,4750.91,263.94,0.1872,13.0,40.0,41.0,0.0,43.82,43.82
10B,pass@24,9.0,23.0,25.0,49.0,32.0,74.0,132.57,370.0,9.59,3547.17,197.07,0.1233,14.0,28.0,31.0,0.0,47.6,47.6
10B,pass@25,6.0,25.0,22.0,44.0,31.0,66.0,131.61,326.98,5.28,1726.44,95.91,0.109,11.0,31.0,31.0,0.0,48.25,48.38
10B,pass@26,9.0,29.0,24.0,45.0,38.0,69.0,169.41,362.11,6.98,2528.51,140.47,0.1207,6.0,29.0,29.0,0.0,49.38,49.38
10B,pass@27,10.0,43.0,39.0,75.0,53.0,114.0,266.55,652.98,8.72,5694.62,316.37,0.2177,16.0,31.0,32.0,0.0,45.3,45.3
10B,pass@28,10.0,35.0,26.0,53.0,45.0,79.0,212.74,433.86,7.57,3284.91,182.5,0.1446,15.0,27.0,27.0,7.41,63.92,63.92
10B,pass@29,10.0,35.0,38.0,71.0,45.0,109.0,212.74,598.61,10.14,6071.64,337.31,0.1995,15.0,27.0,28.0,0.0,46.97,46.97
10B,pass@30,8.0,31.0,33.0,61.0,39.0,94.0,177.58,496.83,7.87,3910.52,217.25,0.1656,10.0,30.0,31.0,0.0,47.24,47.24
10B,pass@31,13.0,62.0,52.0,102.0,75.0,154.0,417.27,959.24,10.69,10257.66,569.87,0.3197,26.0,41.0,42.0,0.0,40.21,40.21
10B,pass@32,7.0,16.0,18.0,32.0,23.0,50.0,83.65,226.18,7.0,1583.25,87.96,0.0754,12.0,30.0,30.0,6.67,64.59,64.59
10D,pass@1,9.0,28.0,40.0,74.0,37.0,114.0,163.14,593.88,11.89,7062.9,392.38,0.198,12.0,30.0,31.0,0.0,46.43,46.43
10D,pass@2,9.0,39.0,50.0,99.0,48.0,149.0,234.66,832.16,11.42,9505.82,528.1,0.2774,22.0,55.0,55.0,0.0,38.63,38.63
10D,pass@3,7.0,20.0,31.0,56.0,27.0,87.0,106.09,413.68,9.8,4054.02,225.22,0.1379,15.0,36.0,37.0,0.0,45.45,45.45
10D,pass@4,5.0,16.0,20.0,40.0,21.0,60.0,75.61,263.54,6.25,1647.12,91.51,0.0878,9.0,28.0,28.0,0.0,50.27,50.27
10D,pass@5,10.0,33.0,42.0,84.0,43.0,126.0,199.68,683.71,12.73,8701.76,483.43,0.2279,17.0,33.0,34.0,0.0,44.32,44.46
10D,pass@6,9.0,24.0,41.0,80.0,33.0,121.0,138.57,610.37,15.0,9155.58,508.64,0.2035,12.0,36.0,37.0,0.0,44.67,44.67
10D,pass@7,9.0,32.0,44.0,79.0,41.0,123.0,188.53,658.98,11.11,7320.84,406.71,0.2197,17.0,37.0,38.0,0.0,43.51,43.51
10D,pass@8,9.0,26.0,32.0,63.0,35.0,95.0,150.74,487.28,10.9,5313.25,295.18,0.1624,14.0,34.0,35.0,0.0,45.61,45.61
10D,pass@9,9.0,38.0,50.0,100.0,47.0,150.0,227.95,833.19,11.84,9866.7,548.15,0.2777,18.0,37.0,37.0,0.0,42.92,42.92
10D,pass@10,9.0,40.0,55.0,110.0,49.0,165.0,241.41,926.43,12.38,11464.54,636.92,0.3088,19.0,45.0,45.0,0.0,40.61,40.61
10D,pass@11,12.0,34.0,40.0,76.0,46.0,116.0,215.99,640.73,13.41,8593.36,477.41,0.2136,16.0,38.0,39.0,0.0,43.35,43.49
10D,pass@12,9.0,31.0,37.0,69.0,40.0,106.0,182.11,564.12,10.02,5650.34,313.91,0.188,15.0,37.0,37.0,0.0,44.51,44.51
10D,pass@13,5.0,12.0,7.0,12.0,17.0,19.0,54.63,77.66,2.5,194.15,10.79,0.0259,7.0,29.0,31.0,0.0,53.29,53.29
10D,pass@14,8.0,20.0,27.0,53.0,28.0,80.0,110.44,384.59,10.6,4076.64,226.48,0.1282,13.0,38.0,39.0,0.0,45.44,45.44
10D,pass@15,8.0,28.0,36.0,72.0,36.0,108.0,158.61,558.35,10.29,5743.05,319.06,0.1861,15.0,33.0,33.0,0.0,45.62,45.62
10D,pass@16,10.0,27.0,37.0,67.0,37.0,104.0,161.6,541.78,12.41,6722.12,373.45,0.1806,15.0,36.0,36.0,0.0,44.89,44.89
10D,pass@17,9.0,21.0,38.0,74.0,30.0,112.0,120.77,549.57,15.86,8714.64,484.15,0.1832,14.0,32.0,32.0,0.0,46.1,46.1
10D,pass@18,8.0,24.0,32.0,59.0,32.0,91.0,134.04,455.0,9.83,4474.17,248.56,0.1517,12.0,34.0,34.0,5.88,60.45,60.45
10D,pass@19,9.0,39.0,54.0,109.0,48.0,163.0,234.66,910.35,12.58,11449.39,636.08,0.3034,19.0,39.0,39.0,0.0,42.02,42.02
10D,pass@20,10.0,34.0,52.0,100.0,44.0,152.0,206.19,829.83,14.71,12203.44,677.97,0.2766,14.0,38.0,41.0,0.0,42.5,42.5
10D,pass@21,7.0,23.0,35.0,68.0,30.0,103.0,123.69,505.41,10.35,5229.89,290.55,0.1685,13.0,35.0,35.0,0.0,45.64,45.64
10D,pass@22,7.0,27.0,37.0,74.0,34.0,111.0,148.03,564.71,9.59,5417.02,300.95,0.1882,16.0,44.0,44.0,0.0,42.73,42.73
10D,pass@23,7.0,30.0,35.0,70.0,37.0,105.0,166.86,546.99,8.17,4467.11,248.17,0.1823,16.0,39.0,39.0,0.0,43.97,43.97
10D,pass@24,8.0,26.0,40.0,79.0,34.0,119.0,146.21,605.41,12.15,7358.04,408.78,0.2018,16.0,41.0,41.0,0.0,43.19,43.19
10D,pass@25,9.0,36.0,36.0,70.0,45.0,106.0,214.65,582.14,8.75,5093.69,282.98,0.194,8.0,41.0,42.0,0.0,44.15,44.15
10D,pass@26,8.0,25.0,39.0,68.0,33.0,107.0,140.1,539.75,10.88,5872.48,326.25,0.1799,14.0,36.0,36.0,0.0,45.04,45.04
10D,pass@27,6.0,23.0,37.0,74.0,29.0,111.0,119.55,539.24,9.65,5204.8,289.16,0.1797,12.0,35.0,35.0,0.0,45.58,45.58
10D,pass@28,8.0,33.0,37.0,74.0,41.0,111.0,190.47,594.69,8.97,5334.17,296.34,0.1982,10.0,37.0,37.0,0.0,45.02,45.02
10D,pass@29,9.0,34.0,54.0,108.0,43.0,162.0,201.5,879.05,14.29,12565.31,698.07,0.293,16.0,36.0,37.0,0.0,43.03,43.03
10D,pass@30,6.0,22.0,30.0,60.0,28.0,90.0,113.62,432.66,8.18,3539.96,196.66,0.1442,11.0,33.0,33.0,0.0,46.94,46.94
10D,pass@31,9.0,23.0,31.0,62.0,32.0,93.0,132.57,465.0,12.13,5640.65,313.37,0.155,11.0,35.0,35.0,0.0,46.16,46.16
10D,pass@32,6.0,15.0,8.0,15.0,21.0,23.0,74.11,101.02,3.0,303.07,16.84,0.0337,6.0,28.0,28.0,0.0,53.59,53.59
104B,pass@1,3.0,9.0,6.0,12.0,12.0,18.0,33.28,64.53,2.0,129.06,7.17,0.0215,3.0,13.0,14.0,0.0,61.92,61.92
104B,pass@2,4.0,15.0,9.0,18.0,19.0,27.0,66.6,114.69,2.4,275.27,15.29,0.0382,3.0,14.0,16.0,0.0,58.77,58.91
104B,pass@3,3.0,10.0,7.0,14.0,13.0,21.0,37.97,77.71,2.1,163.19,9.07,0.0259,4.0,13.0,13.0,0.0,61.93,61.93
104B,pass@4,4.0,10.0,6.0,12.0,14.0,18.0,41.22,68.53,2.4,164.48,9.14,0.0228,3.0,11.0,11.0,0.0,64.02,64.02
104B,pass@6,3.0,8.0,5.0,10.0,11.0,15.0,28.75,51.89,1.88,97.3,5.41,0.0173,3.0,13.0,14.0,0.0,62.59,62.59
104B,pass@7,2.0,11.0,6.0,12.0,13.0,18.0,40.05,66.61,1.09,72.66,4.04,0.0222,4.0,19.0,19.0,0.0,58.8,58.8
104B,pass@8,2.0,4.0,2.0,4.0,6.0,6.0,10.0,15.51,1.0,15.51,0.86,0.0052,1.0,7.0,7.0,0.0,73.09,73.09
104B,pass@10,3.0,9.0,5.0,10.0,12.0,15.0,33.28,53.77,1.67,89.62,4.98,0.0179,3.0,11.0,12.0,0.0,63.94,63.94
104B,pass@11,4.0,11.0,8.0,15.0,15.0,23.0,46.05,89.86,2.73,245.07,13.61,0.03,2.0,10.0,11.0,0.0,63.2,63.34
104B,pass@12,4.0,11.0,6.0,12.0,15.0,18.0,46.05,70.32,2.18,153.43,8.52,0.0234,3.0,11.0,12.0,0.0,62.99,63.12
104B,pass@14,3.0,7.0,5.0,10.0,10.0,15.0,24.41,49.83,2.14,106.78,5.93,0.0166,3.0,10.0,10.0,0.0,65.9,65.9
104B,pass@15,3.0,7.0,5.0,10.0,10.0,15.0,24.41,49.83,2.14,106.78,5.93,0.0166,3.0,10.0,10.0,0.0,65.9,65.9
104B,pass@16,4.0,11.0,6.0,12.0,15.0,18.0,46.05,70.32,2.18,153.43,8.52,0.0234,3.0,9.0,9.0,0.0,65.71,65.85
104B,pass@17,3.0,10.0,6.0,12.0,13.0,18.0,37.97,66.61,1.8,119.89,6.66,0.0222,3.0,13.0,14.0,0.0,61.83,61.83
104B,pass@18,3.0,8.0,4.0,8.0,11.0,12.0,28.75,41.51,1.5,62.27,3.46,0.0138,2.0,11.0,12.0,0.0,64.72,64.86
104B,pass@19,3.0,6.0,6.0,12.0,9.0,18.0,20.26,57.06,3.0,171.18,9.51,0.019,3.0,11.0,11.0,0.0,64.58,64.58
104B,pass@20,3.0,10.0,6.0,12.0,13.0,18.0,37.97,66.61,1.8,119.89,6.66,0.0222,3.0,11.0,11.0,0.0,64.11,64.11
104B,pass@21,3.0,7.0,4.0,8.0,10.0,12.0,24.41,39.86,1.71,68.34,3.8,0.0133,3.0,10.0,11.0,0.0,65.67,65.67
104B,pass@22,3.0,9.0,5.0,10.0,12.0,15.0,33.28,53.77,1.67,89.62,4.98,0.0179,3.0,9.0,9.0,0.0,66.53,66.66
104B,pass@23,3.0,12.0,7.0,14.0,15.0,21.0,47.77,82.04,1.75,143.58,7.98,0.0273,3.0,14.0,15.0,0.0,60.4,60.54
104B,pass@24,4.0,12.0,7.0,14.0,16.0,21.0,51.02,84.0,2.33,196.0,10.89,0.028,3.0,11.0,12.0,0.0,62.58,62.58
104B,pass@25,3.0,7.0,5.0,10.0,10.0,15.0,24.41,49.83,2.14,106.78,5.93,0.0166,3.0,10.0,10.0,0.0,65.9,65.9
104B,pass@26,4.0,10.0,6.0,12.0,14.0,18.0,41.22,68.53,2.4,164.48,9.14,0.0228,3.0,11.0,11.0,0.0,64.02,64.02
104B,pass@27,3.0,5.0,3.0,6.0,8.0,9.0,16.36,27.0,1.8,48.6,2.7,0.009,3.0,10.0,10.0,0.0,67.76,67.76
104B,pass@28,3.0,10.0,7.0,14.0,13.0,21.0,37.97,77.71,2.1,163.19,9.07,0.0259,3.0,14.0,15.0,0.0,60.57,60.7
104B,pass@29,4.0,8.0,5.0,10.0,12.0,15.0,32.0,53.77,2.5,134.44,7.47,0.0179,3.0,11.0,11.0,0.0,64.76,64.76
104B,pass@30,4.0,11.0,7.0,14.0,15.0,21.0,46.05,82.04,2.55,208.84,11.6,0.0273,3.0,11.0,11.0,0.0,63.48,63.48
104B,pass@31,4.0,11.0,7.0,14.0,15.0,21.0,46.05,82.04,2.55,208.84,11.6,0.0273,3.0,11.0,11.0,0.0,63.48,63.48
104B,pass@32,3.0,6.0,3.0,6.0,9.0,9.0,20.26,28.53,1.5,42.79,2.38,0.0095,3.0,8.0,8.0,0.0,69.71,69.71
105C,pass@1,11.0,105.0,83.0,157.0,116.0,240.0,743.05,1645.92,8.22,13535.7,751.98,0.5486,53.0,154.0,160.0,0.0,22.4,22.27
105C,pass@2,2.0,18.0,9.0,18.0,20.0,27.0,77.06,116.69,1.0,116.69,6.48,0.0389,21.0,50.0,43.0,0.0,47.61,47.07
105C,pass@3,7.0,64.0,45.0,92.0,71.0,137.0,403.65,842.52,5.03,4238.91,235.49,0.2808,33.0,70.0,75.0,0.0,33.9,34.17
105C,pass@4,6.0,39.0,23.0,47.0,45.0,70.0,221.64,384.43,3.62,1389.86,77.21,0.1281,7.0,55.0,58.0,0.0,40.34,42.49
105C,pass@5,7.0,54.0,32.0,67.0,61.0,99.0,330.42,587.14,4.34,2549.72,141.65,0.1957,38.0,73.0,73.0,0.0,35.39,34.86
105C,pass@6,9.0,89.0,63.0,129.0,98.0,192.0,604.87,1270.02,6.52,8283.7,460.21,0.4233,51.0,133.0,134.0,0.0,25.14,25.01
105C,pass@7,9.0,54.0,36.0,65.0,63.0,101.0,339.29,603.71,5.42,3270.07,181.67,0.2012,25.0,82.0,79.0,4.88,48.96,48.69
105C,pass@8,9.0,49.0,40.0,81.0,58.0,121.0,303.65,708.82,7.44,5272.72,292.93,0.2363,44.0,88.0,92.0,0.0,32.09,31.28
105C,pass@9,6.0,64.0,51.0,92.0,70.0,143.0,399.51,876.49,4.31,3779.85,209.99,0.2922,45.0,154.0,151.0,0.0,25.68,25.81
105C,pass@10,9.0,54.0,34.0,71.0,63.0,105.0,339.29,627.61,5.92,3713.39,206.3,0.2092,46.0,95.0,100.0,0.0,31.54,30.6
105C,pass@11,7.0,50.0,30.0,63.0,57.0,93.0,301.84,542.46,4.41,2392.24,132.9,0.1808,25.0,81.0,73.0,0.0,36.44,36.84
105C,pass@12,7.0,38.0,23.0,46.0,45.0,69.0,219.07,378.94,4.24,1605.5,89.19,0.1263,28.0,79.0,64.0,1.27,46.21,45.53
105C,pass@13,9.0,104.0,75.0,151.0,113.0,226.0,725.38,1541.36,6.53,10070.72,559.48,0.5138,56.0,92.0,97.0,0.0,26.81,26.81
105C,pass@14,8.0,56.0,35.0,69.0,64.0,104.0,349.21,624.0,4.93,3075.43,170.86,0.208,40.0,77.0,82.0,0.0,33.57,33.3
105C,pass@15,10.0,68.0,50.0,102.0,78.0,152.0,447.17,955.38,7.5,7165.36,398.08,0.3185,52.0,88.0,85.0,0.0,30.45,30.05
105C,pass@16,7.0,56.0,39.0,84.0,63.0,123.0,344.86,735.21,5.25,3859.83,214.43,0.2451,19.0,83.0,85.0,0.0,30.71,35.29
105C,pass@17,9.0,71.0,43.0,86.0,80.0,129.0,465.16,815.53,5.45,4445.21,246.96,0.2718,35.0,79.0,80.0,0.0,33.26,33.39
105C,pass@19,9.0,211.0,131.0,264.0,220.0,395.0,1657.68,3073.64,5.63,17305.6,961.42,1.0245,0.0,138.0,139.0,0.0,19.95,28.83
105C,pass@20,5.0,43.0,27.0,56.0,48.0,83.0,244.94,463.55,3.26,1509.24,83.85,0.1545,27.0,86.0,86.0,0.0,35.9,35.5
105C,pass@21,8.0,70.0,51.0,100.0,78.0,151.0,453.05,949.1,5.71,5423.4,301.3,0.3164,32.0,76.0,79.0,0.0,33.32,33.45
105C,pass@22,9.0,66.0,43.0,82.0,75.0,125.0,427.46,778.6,5.59,4353.09,241.84,0.2595,44.0,93.0,96.0,0.0,30.86,30.6
105C,pass@23,5.0,43.0,26.0,53.0,48.0,79.0,244.94,441.21,3.08,1359.55,75.53,0.1471,22.0,63.0,66.0,0.0,38.56,38.83
105C,pass@24,8.0,59.0,40.0,80.0,67.0,120.0,371.08,727.93,5.42,3948.1,219.34,0.2426,23.0,72.0,67.0,0.0,36.9,37.03
105C,pass@25,10.0,36.0,25.0,48.0,46.0,73.0,219.34,403.22,6.67,2688.13,149.34,0.1344,49.0,83.0,83.0,0.0,33.98,33.3
105C,pass@26,5.0,22.0,11.0,22.0,27.0,33.0,109.72,156.91,2.5,392.28,21.79,0.0523,36.0,82.0,76.0,0.0,39.29,38.76
105C,pass@27,4.0,24.0,15.0,30.0,28.0,45.0,118.04,216.33,2.5,540.83,30.05,0.0721,24.0,60.0,58.0,0.0,42.22,41.95
105C,pass@28,4.0,28.0,22.0,41.0,32.0,63.0,142.61,315.0,2.93,922.5,51.25,0.105,17.0,48.0,50.0,0.0,43.16,43.16
105C,pass@29,4.0,15.0,8.0,16.0,19.0,24.0,66.6,101.95,2.13,217.49,12.08,0.034,12.0,32.0,38.0,0.0,49.86,49.86
105C,pass@30,11.0,107.0,84.0,171.0,118.0,255.0,759.39,1755.07,8.79,15426.61,857.03,0.585,70.0,131.0,134.0,0.0,21.2,21.47
105C,pass@31,7.0,27.0,18.0,34.0,34.0,52.0,148.03,264.55,4.41,1165.97,64.78,0.0882,12.0,74.0,75.0,0.0,40.25,40.52
105C,pass@32,11.0,111.0,64.0,126.0,122.0,190.0,792.23,1316.84,6.24,8221.35,456.74,0.4389,60.0,110.0,109.0,0.91,31.52,31.38
106B,pass@1,5.0,10.0,5.0,10.0,15.0,15.0,44.83,58.6,2.5,146.51,8.14,0.0195,0.0,10.0,10.0,0.0,64.6,65.81
106B,pass@2,4.0,7.0,4.0,8.0,11.0,12.0,27.65,41.51,2.29,94.89,5.27,0.0138,0.0,16.0,17.0,0.0,60.75,61.83
106B,pass@3,5.0,14.0,7.0,15.0,19.0,22.0,64.91,93.45,2.68,250.32,13.91,0.0312,0.0,16.0,17.0,0.0,58.15,59.36
106B,pass@4,5.0,8.0,5.0,9.0,13.0,14.0,35.61,51.81,2.81,145.7,8.09,0.0173,7.0,15.0,16.0,0.0,60.65,60.79
106B,pass@5,6.0,16.0,8.0,16.0,22.0,24.0,79.51,107.03,3.0,321.08,17.84,0.0357,9.0,16.0,17.0,0.0,57.74,57.74
106B,pass@6,5.0,14.0,7.0,15.0,19.0,22.0,64.91,93.45,2.68,250.32,13.91,0.0312,0.0,16.0,17.0,0.0,58.15,59.36
106B,pass@7,7.0,16.0,9.0,17.0,23.0,26.0,83.65,117.61,3.72,437.37,24.3,0.0392,9.0,19.0,19.0,0.0,56.26,56.4
106B,pass@8,7.0,20.0,10.0,21.0,27.0,31.0,106.09,147.4,3.67,541.7,30.09,0.0491,10.0,19.0,19.0,0.0,55.44,55.58
106B,pass@9,4.0,13.0,6.0,13.0,17.0,19.0,56.11,77.66,2.0,155.32,8.63,0.0259,0.0,5.0,6.0,0.0,68.71,69.79
106B,pass@10,4.0,12.0,6.0,13.0,16.0,19.0,51.02,76.0,2.17,164.67,9.15,0.0253,0.0,17.0,18.0,0.0,58.24,59.45
106B,pass@11,4.0,7.0,8.0,16.0,11.0,24.0,27.65,83.03,4.57,379.55,21.09,0.0277,6.0,14.0,15.0,0.0,59.96,60.1
106B,pass@12,5.0,13.0,7.0,14.0,18.0,21.0,59.72,87.57,2.69,235.76,13.1,0.0292,0.0,16.0,16.0,0.0,58.92,60.13
106B,pass@13,5.0,13.0,7.0,14.0,18.0,21.0,59.72,87.57,2.69,235.76,13.1,0.0292,0.0,17.0,18.0,0.0,57.81,59.02
106B,pass@14,5.0,14.0,7.0,15.0,19.0,22.0,64.91,93.45,2.68,250.32,13.91,0.0312,0.0,16.0,17.0,0.0,58.15,59.36
106B,pass@15,5.0,9.0,5.0,9.0,14.0,14.0,40.14,53.3,2.5,133.26,7.4,0.0178,0.0,13.0,14.0,0.0,61.83,62.91
106B,pass@16,5.0,14.0,8.0,17.0,19.0,25.0,64.91,106.2,3.04,322.39,17.91,0.0354,0.0,16.0,16.0,0.0,58.34,59.55
106B,pass@17,5.0,13.0,7.0,14.0,18.0,21.0,59.72,87.57,2.69,235.76,13.1,0.0292,0.0,17.0,18.0,0.0,57.81,59.02
106B,pass@18,4.0,12.0,6.0,12.0,16.0,18.0,51.02,72.0,2.0,144.0,8.0,0.024,0.0,18.0,17.0,0.0,59.08,60.15
106B,pass@19,6.0,20.0,10.0,21.0,26.0,31.0,101.95,145.71,3.15,459.0,25.5,0.0486,10.0,17.0,17.0,0.0,56.53,56.67
106B,pass@20,5.0,13.0,7.0,14.0,18.0,21.0,59.72,87.57,2.69,235.76,13.1,0.0292,0.0,19.0,20.0,0.0,56.81,58.02
106B,pass@21,5.0,13.0,7.0,14.0,18.0,21.0,59.72,87.57,2.69,235.76,13.1,0.0292,8.0,19.0,19.0,0.0,57.29,57.43
106B,pass@22,5.0,15.0,8.0,17.0,20.0,25.0,70.21,108.05,2.83,306.14,17.01,0.036,0.0,18.0,18.0,0.0,57.03,58.38
106B,pass@23,5.0,13.0,7.0,14.0,18.0,21.0,59.72,87.57,2.69,235.76,13.1,0.0292,8.0,20.0,21.0,0.0,56.35,56.48
106B,pass@24,5.0,17.0,8.0,18.0,22.0,26.0,81.1,115.95,2.65,306.91,17.05,0.0386,0.0,15.0,15.0,0.0,58.41,59.89
106B,pass@25,5.0,13.0,7.0,14.0,18.0,21.0,59.72,87.57,2.69,235.76,13.1,0.0292,0.0,16.0,16.0,0.0,58.92,60.13
106B,pass@26,5.0,14.0,7.0,15.0,19.0,22.0,64.91,93.45,2.68,250.32,13.91,0.0312,0.0,16.0,17.0,0.0,58.15,59.36
106B,pass@27,5.0,14.0,7.0,15.0,19.0,22.0,64.91,93.45,2.68,250.32,13.91,0.0312,0.0,16.0,17.0,0.0,58.15,59.36
106B,pass@28,5.0,13.0,7.0,14.0,18.0,21.0,59.72,87.57,2.69,235.76,13.1,0.0292,0.0,21.0,19.0,0.0,57.29,58.5
106B,pass@29,7.0,20.0,15.0,29.0,27.0,44.0,106.09,209.22,5.08,1061.77,58.99,0.0697,9.0,22.0,22.0,0.0,53.12,53.26
106B,pass@30,5.0,14.0,7.0,15.0,19.0,22.0,64.91,93.45,2.68,250.32,13.91,0.0312,0.0,16.0,17.0,0.0,58.15,59.36
106B,pass@31,7.0,21.0,11.0,22.0,28.0,33.0,111.89,158.64,3.67,581.69,32.32,0.0529,0.0,15.0,15.0,0.0,57.46,58.94
106B,pass@32,5.0,14.0,7.0,15.0,19.0,22.0,64.91,93.45,2.68,250.32,13.91,0.0312,0.0,17.0,18.0,0.0,57.61,58.82
108D,pass@1,8.0,19.0,20.0,37.0,27.0,57.0,104.71,271.03,7.79,2111.17,117.29,0.0903,4.0,22.0,22.0,0.0,53.01,53.14
108D,pass@2,5.0,10.0,10.0,19.0,15.0,29.0,44.83,113.3,4.75,538.17,29.9,0.0378,2.0,16.0,16.0,0.0,58.95,59.08
108D,pass@3,5.0,13.0,13.0,23.0,18.0,36.0,59.72,150.12,4.42,663.98,36.89,0.05,2.0,23.0,24.0,0.0,54.25,54.38
108D,pass@4,4.0,8.0,9.0,17.0,12.0,26.0,32.0,93.21,4.25,396.14,22.01,0.0311,0.0,13.0,13.0,0.0,61.64,61.91
108D,pass@5,5.0,10.0,10.0,19.0,15.0,29.0,44.83,113.3,4.75,538.17,29.9,0.0378,2.0,15.0,15.0,0.0,59.69,59.69
108D,pass@6,5.0,13.0,12.0,21.0,18.0,33.0,59.72,137.61,4.04,555.72,30.87,0.0459,3.0,21.0,21.0,0.0,55.64,55.78
108D,pass@7,6.0,12.0,13.0,23.0,18.0,36.0,58.53,150.12,5.75,863.17,47.95,0.05,2.0,23.0,24.0,0.0,54.25,54.38
108D,pass@8,5.0,11.0,12.0,21.0,16.0,33.0,49.66,132.0,4.77,630.0,35.0,0.044,2.0,18.0,18.0,0.0,57.37,57.5
108D,pass@9,4.0,11.0,10.0,19.0,15.0,29.0,46.05,113.3,3.45,391.4,21.74,0.0378,0.0,17.0,18.0,0.0,57.96,58.23
108D,pass@10,4.0,8.0,9.0,17.0,12.0,26.0,32.0,93.21,4.25,396.14,22.01,0.0311,2.0,14.0,14.0,35.71,88.58,88.58
108D,pass@11,9.0,17.0,18.0,35.0,26.0,53.0,98.02,249.12,9.26,2308.05,128.23,0.083,7.0,26.0,27.0,11.54,69.98,69.98
108D,pass@12,7.0,16.0,16.0,31.0,23.0,47.0,83.65,212.61,6.78,1441.74,80.1,0.0709,3.0,18.0,18.0,0.0,55.78,55.92
108D,pass@13,5.0,11.0,12.0,21.0,16.0,33.0,49.66,132.0,4.77,630.0,35.0,0.044,2.0,18.0,18.0,0.0,57.37,57.5
108D,pass@14,3.0,8.0,8.0,16.0,11.0,24.0,28.75,83.03,3.0,249.08,13.84,0.0277,2.0,15.0,15.0,0.0,60.64,60.64
108D,pass@15,6.0,16.0,15.0,29.0,22.0,44.0,79.51,196.21,5.44,1066.92,59.27,0.0654,3.0,18.0,18.0,0.0,56.16,56.16
108D,pass@16,5.0,11.0,12.0,21.0,16.0,33.0,49.66,132.0,4.77,630.0,35.0,0.044,2.0,18.0,18.0,0.0,57.37,57.5
108D,pass@17,6.0,12.0,13.0,23.0,18.0,36.0,58.53,150.12,5.75,863.17,47.95,0.05,3.0,18.0,18.0,0.0,56.84,56.97
108D,pass@18,5.0,10.0,10.0,19.0,15.0,29.0,44.83,113.3,4.75,538.17,29.9,0.0378,2.0,20.0,21.0,0.0,56.37,56.5
108D,pass@19,6.0,14.0,16.0,29.0,20.0,45.0,68.81,194.49,6.21,1208.6,67.14,0.0648,3.0,18.0,18.0,0.0,56.05,56.19
108D,pass@20,4.0,8.0,10.0,19.0,12.0,29.0,32.0,103.96,4.75,493.83,27.43,0.0347,2.0,16.0,16.0,0.0,59.34,59.34
108D,pass@21,6.0,11.0,12.0,22.0,17.0,34.0,53.56,138.97,6.0,833.84,46.32,0.0463,3.0,20.0,20.0,0.0,56.08,56.21
108D,pass@22,5.0,9.0,10.0,19.0,14.0,29.0,40.14,110.41,5.28,582.74,32.37,0.0368,0.0,13.0,13.0,0.0,60.99,61.4
108D,pass@23,5.0,11.0,13.0,23.0,16.0,36.0,49.66,144.0,5.23,752.73,41.82,0.048,2.0,23.0,24.0,0.0,54.38,54.51
108D,pass@24,4.0,8.0,9.0,17.0,12.0,26.0,32.0,93.21,4.25,396.14,22.01,0.0311,2.0,14.0,14.0,0.0,60.94,60.94
108D,pass@25,5.0,11.0,13.0,23.0,16.0,36.0,49.66,144.0,5.23,752.73,41.82,0.048,2.0,23.0,24.0,0.0,54.38,54.51
108D,pass@26,4.0,8.0,9.0,17.0,12.0,26.0,32.0,93.21,4.25,396.14,22.01,0.0311,2.0,16.0,18.0,12.5,78.11,78.11
108D,pass@27,6.0,13.0,12.0,23.0,19.0,35.0,63.62,148.68,5.31,789.13,43.84,0.0496,0.0,13.0,13.0,0.0,60.09,60.49
108D,pass@28,5.0,11.0,12.0,21.0,16.0,33.0,49.66,132.0,4.77,630.0,35.0,0.044,2.0,17.0,17.0,0.0,57.91,58.04
108D,pass@29,5.0,10.0,10.0,19.0,15.0,29.0,44.83,113.3,4.75,538.17,29.9,0.0378,2.0,16.0,16.0,0.0,58.95,59.08
108D,pass@30,8.0,17.0,18.0,33.0,25.0,51.0,93.49,236.84,7.76,1838.97,102.16,0.0789,5.0,23.0,23.0,0.0,52.86,53.0
108D,pass@31,5.0,10.0,10.0,19.0,15.0,29.0,44.83,113.3,4.75,538.17,29.9,0.0378,2.0,16.0,16.0,0.0,58.95,59.08
108D,pass@32,4.0,8.0,9.0,17.0,12.0,26.0,32.0,93.21,4.25,396.14,22.01,0.0311,0.0,13.0,13.0,0.0,61.64,61.91
116A,pass@1,2.0,3.0,2.0,4.0,5.0,6.0,6.75,13.93,1.33,18.58,1.03,0.0046,0.0,9.0,9.0,0.0,70.9,71.17
116A,pass@2,2.0,3.0,2.0,4.0,5.0,6.0,6.75,13.93,1.33,18.58,1.03,0.0046,0.0,9.0,9.0,0.0,70.9,71.17
116A,pass@3,3.0,5.0,3.0,6.0,8.0,9.0,16.36,27.0,1.8,48.6,2.7,0.009,2.0,12.0,12.0,0.0,66.03,66.17
116A,pass@4,2.0,3.0,2.0,4.0,5.0,6.0,6.75,13.93,1.33,18.58,1.03,0.0046,0.0,9.0,9.0,0.0,70.9,71.17
116A,pass@5,6.0,18.0,16.0,30.0,24.0,46.0,90.57,210.91,5.0,1054.54,58.59,0.0703,4.0,19.0,19.0,0.0,55.16,55.29
116A,pass@6,2.0,3.0,2.0,4.0,5.0,6.0,6.75,13.93,1.33,18.58,1.03,0.0046,0.0,9.0,9.0,0.0,70.9,71.17
116A,pass@7,3.0,5.0,3.0,6.0,8.0,9.0,16.36,27.0,1.8,48.6,2.7,0.009,2.0,12.0,12.0,0.0,66.03,66.17
116A,pass@8,3.0,5.0,3.0,6.0,8.0,9.0,16.36,27.0,1.8,48.6,2.7,0.009,2.0,12.0,12.0,0.0,66.03,66.17
116A,pass@9,2.0,3.0,2.0,4.0,5.0,6.0,6.75,13.93,1.33,18.58,1.03,0.0046,0.0,9.0,9.0,0.0,70.9,71.17
116A,pass@10,3.0,5.0,3.0,6.0,8.0,9.0,16.36,27.0,1.8,48.6,2.7,0.009,2.0,12.0,12.0,0.0,66.03,66.17
116A,pass@11,2.0,3.0,2.0,4.0,5.0,6.0,6.75,13.93,1.33,18.58,1.03,0.0046,2.0,11.0,11.0,0.0,68.87,69.0
116A,pass@12,2.0,3.0,2.0,4.0,5.0,6.0,6.75,13.93,1.33,18.58,1.03,0.0046,0.0,9.0,9.0,0.0,70.9,71.17
116A,pass@13,2.0,4.0,2.0,4.0,6.0,6.0,10.0,15.51,1.0,15.51,0.86,0.0052,0.0,8.0,8.0,0.0,71.69,71.96
116A,pass@14,2.0,6.0,4.0,8.0,8.0,12.0,17.51,36.0,1.33,48.0,2.67,0.012,2.0,16.0,16.0,0.0,62.57,62.57
116A,pass@15,2.0,3.0,2.0,4.0,5.0,6.0,6.75,13.93,1.33,18.58,1.03,0.0046,0.0,9.0,9.0,0.0,70.9,71.17
116A,pass@16,2.0,3.0,2.0,4.0,5.0,6.0,6.75,13.93,1.33,18.58,1.03,0.0046,0.0,9.0,9.0,0.0,70.9,71.17
116A,pass@17,3.0,8.0,5.0,10.0,11.0,15.0,28.75,51.89,1.88,97.3,5.41,0.0173,2.0,17.0,17.0,0.0,60.75,60.88
116A,pass@18,2.0,3.0,2.0,4.0,5.0,6.0,6.75,13.93,1.33,18.58,1.03,0.0046,0.0,9.0,9.0,0.0,70.9,71.17
116A,pass@19,2.0,3.0,2.0,4.0,5.0,6.0,6.75,13.93,1.33,18.58,1.03,0.0046,0.0,9.0,9.0,0.0,70.9,71.17
116A,pass@20,3.0,5.0,3.0,6.0,8.0,9.0,16.36,27.0,1.8,48.6,2.7,0.009,2.0,12.0,12.0,0.0,66.03,66.17
116A,pass@21,2.0,3.0,2.0,4.0,5.0,6.0,6.75,13.93,1.33,18.58,1.03,0.0046,0.0,9.0,9.0,0.0,70.9,71.17
116A,pass@22,2.0,3.0,2.0,4.0,5.0,6.0,6.75,13.93,1.33,18.58,1.03,0.0046,0.0,9.0,9.0,0.0,70.9,71.17
116A,pass@23,2.0,3.0,2.0,4.0,5.0,6.0,6.75,13.93,1.33,18.58,1.03,0.0046,0.0,9.0,9.0,0.0,70.9,71.17
116A,pass@24,3.0,8.0,5.0,10.0,11.0,15.0,28.75,51.89,1.88,97.3,5.41,0.0173,2.0,17.0,17.0,0.0,60.75,60.88
116A,pass@25,2.0,3.0,2.0,4.0,5.0,6.0,6.75,13.93,1.33,18.58,1.03,0.0046,0.0,9.0,9.0,0.0,70.9,71.17
116A,pass@26,2.0,3.0,2.0,4.0,5.0,6.0,6.75,13.93,1.33,18.58,1.03,0.0046,0.0,9.0,9.0,0.0,70.9,71.17
116A,pass@27,2.0,4.0,2.0,4.0,6.0,6.0,10.0,15.51,1.0,15.51,0.86,0.0052,0.0,8.0,8.0,0.0,71.69,71.96
116A,pass@28,2.0,3.0,2.0,4.0,5.0,6.0,6.75,13.93,1.33,18.58,1.03,0.0046,0.0,9.0,9.0,0.0,70.9,71.17
116A,pass@29,2.0,3.0,2.0,4.0,5.0,6.0,6.75,13.93,1.33,18.58,1.03,0.0046,0.0,9.0,9.0,0.0,70.9,71.17
116A,pass@30,4.0,6.0,4.0,8.0,10.0,12.0,23.51,39.86,2.67,106.3,5.91,0.0133,3.0,13.0,13.0,0.0,63.96,64.09
116A,pass@31,2.0,3.0,2.0,4.0,5.0,6.0,6.75,13.93,1.33,18.58,1.03,0.0046,2.0,11.0,11.0,0.0,68.87,69.0
116A,pass@32,2.0,4.0,2.0,4.0,6.0,6.0,10.0,15.51,1.0,15.51,0.86,0.0052,0.0,8.0,8.0,0.0,71.69,71.96
116B,pass@1,6.0,19.0,12.0,21.0,25.0,33.0,96.22,153.25,3.32,508.14,28.23,0.0511,6.0,21.0,21.0,0.0,54.91,55.05
116B,pass@2,7.0,18.0,12.0,24.0,25.0,36.0,94.71,167.18,4.67,780.17,43.34,0.0557,9.0,15.0,15.0,0.0,57.43,57.57
116B,pass@3,6.0,15.0,9.0,16.0,21.0,25.0,74.11,109.81,3.2,351.39,19.52,0.0366,9.0,21.0,21.0,0.0,55.52,55.66
116B,pass@4,7.0,18.0,12.0,24.0,25.0,36.0,94.71,167.18,4.67,780.17,43.34,0.0557,9.0,13.0,13.0,0.0,58.79,58.92
116B,pass@5,4.0,12.0,8.0,14.0,16.0,22.0,51.02,88.0,2.33,205.33,11.41,0.0293,8.0,21.0,21.0,0.0,56.33,56.47
116B,pass@6,6.0,18.0,12.0,21.0,24.0,33.0,90.57,151.3,3.5,529.56,29.42,0.0504,8.0,17.0,17.0,23.53,81.24,81.5
116B,pass@7,6.0,18.0,12.0,21.0,24.0,33.0,90.57,151.3,3.5,529.56,29.42,0.0504,8.0,16.0,16.0,6.25,71.74,71.87
116B,pass@8,8.0,24.0,16.0,28.0,32.0,44.0,134.04,220.0,4.67,1026.67,57.04,0.0733,11.0,17.0,17.0,0.0,55.14,55.28
116B,pass@9,8.0,23.0,14.0,25.0,31.0,39.0,128.04,193.21,4.35,840.06,46.67,0.0644,6.0,22.0,22.0,0.0,53.77,53.9
116B,pass@10,6.0,18.0,12.0,21.0,24.0,33.0,90.57,151.3,3.5,529.56,29.42,0.0504,8.0,15.0,15.0,26.67,83.52,83.65
116B,pass@11,6.0,14.0,10.0,20.0,20.0,30.0,68.81,129.66,4.29,555.68,30.87,0.0432,9.0,24.0,24.0,0.0,53.75,53.89
116B,pass@12,8.0,27.0,17.0,29.0,35.0,46.0,152.38,235.95,4.3,1013.7,56.32,0.0786,6.0,34.0,34.0,0.0,49.04,49.17
116B,pass@13,8.0,21.0,14.0,25.0,29.0,39.0,116.24,189.46,4.76,902.2,50.12,0.0632,10.0,16.0,16.0,6.25,70.78,70.92
116B,pass@14,8.0,22.0,15.0,26.0,30.0,41.0,122.11,201.18,4.73,951.04,52.84,0.0671,10.0,18.0,18.0,0.0,55.01,55.14
116B,pass@15,6.0,17.0,11.0,19.0,23.0,30.0,85.0,135.71,3.35,455.02,25.28,0.0452,8.0,14.0,14.0,0.0,58.86,58.99
116B,pass@16,6.0,18.0,12.0,21.0,24.0,33.0,90.57,151.3,3.5,529.56,29.42,0.0504,8.0,16.0,16.0,0.0,57.26,57.39
116B,pass@17,4.0,12.0,8.0,14.0,16.0,22.0,51.02,88.0,2.33,205.33,11.41,0.0293,8.0,22.0,22.0,0.0,55.89,56.03
116B,pass@18,6.0,24.0,20.0,40.0,30.0,60.0,125.55,294.41,5.0,1472.07,81.78,0.0981,13.0,20.0,20.0,30.0,78.95,79.09
116B,pass@19,8.0,22.0,15.0,26.0,30.0,41.0,122.11,201.18,4.73,951.04,52.84,0.0671,10.0,17.0,17.0,0.0,55.55,55.68
116B,pass@20,7.0,20.0,13.0,23.0,27.0,36.0,106.09,171.18,4.03,688.98,38.28,0.0571,10.0,22.0,22.0,0.0,53.6,53.73
116B,pass@21,6.0,18.0,12.0,21.0,24.0,33.0,90.57,151.3,3.5,529.56,29.42,0.0504,8.0,16.0,16.0,18.75,80.11,80.25
116B,pass@22,3.0,14.0,7.0,14.0,17.0,21.0,58.06,85.84,1.5,128.76,7.15,0.0286,8.0,22.0,22.0,0.0,55.97,56.1
116B,pass@23,8.0,24.0,16.0,28.0,32.0,44.0,134.04,220.0,4.67,1026.67,57.04,0.0733,11.0,17.0,17.0,0.0,55.14,55.28
116B,pass@24,8.0,27.0,17.0,29.0,35.0,46.0,152.38,235.95,4.3,1013.7,56.32,0.0786,6.0,23.0,23.0,0.0,52.74,52.87
116B,pass@25,8.0,24.0,16.0,28.0,32.0,44.0,134.04,220.0,4.67,1026.67,57.04,0.0733,11.0,17.0,17.0,0.0,55.14,55.28
116B,pass@26,4.0,12.0,8.0,14.0,16.0,22.0,51.02,88.0,2.33,205.33,11.41,0.0293,9.0,25.0,25.0,0.0,54.55,54.68
116B,pass@27,6.0,27.0,17.0,30.0,33.0,47.0,143.89,237.09,3.33,790.29,43.9,0.079,7.0,24.0,24.0,0.0,52.19,52.32
116B,pass@28,4.0,12.0,8.0,14.0,16.0,22.0,51.02,88.0,2.33,205.33,11.41,0.0293,8.0,21.0,21.0,0.0,56.33,56.47
116B,pass@29,8.0,22.0,15.0,26.0,30.0,41.0,122.11,201.18,4.73,951.04,52.84,0.0671,10.0,17.0,17.0,0.0,55.55,55.68
116B,pass@30,8.0,25.0,15.0,27.0,33.0,42.0,140.1,211.86,4.32,915.25,50.85,0.0706,7.0,19.0,19.0,0.0,54.74,54.88
116B,pass@31,7.0,20.0,12.0,22.0,27.0,34.0,106.09,161.67,3.85,622.41,34.58,0.0539,9.0,14.0,14.0,0.0,58.19,58.32
116B,pass@32,3.0,14.0,7.0,14.0,17.0,21.0,58.06,85.84,1.5,128.76,7.15,0.0286,8.0,22.0,22.0,0.0,55.97,56.1
119B,pass@1,8.0,26.0,28.0,54.0,34.0,82.0,146.21,417.17,8.31,3465.74,192.54,0.1391,8.0,27.0,33.0,0.0,47.32,47.45
119B,pass@2,6.0,31.0,28.0,56.0,37.0,84.0,169.09,437.59,5.42,2371.48,131.75,0.1459,10.0,43.0,47.0,0.0,43.55,43.69
119B,pass@3,8.0,19.0,20.0,39.0,27.0,59.0,104.71,280.54,8.21,2303.37,127.96,0.0935,10.0,33.0,36.0,0.0,47.43,47.56
119B,pass@4,8.0,36.0,29.0,57.0,44.0,86.0,210.12,469.51,6.33,2973.57,165.2,0.1565,10.0,39.0,41.0,0.0,44.63,44.77
119B,pass@5,3.0,17.0,16.0,32.0,20.0,48.0,74.24,207.45,2.82,585.75,32.54,0.0692,6.0,30.0,32.0,0.0,50.14,50.14
119B,pass@6,7.0,21.0,19.0,38.0,28.0,57.0,111.89,274.02,6.33,1735.46,96.41,0.0913,12.0,31.0,33.0,0.0,48.06,48.19
119B,pass@7,6.0,21.0,17.0,34.0,27.0,51.0,107.75,242.5,4.86,1177.85,65.44,0.0808,12.0,40.0,43.0,0.0,45.92,46.06
119B,pass@8,7.0,18.0,15.0,30.0,25.0,45.0,94.71,208.97,5.83,1219.01,67.72,0.0697,8.0,26.0,27.0,0.0,51.32,51.45
119B,pass@9,5.0,50.0,55.0,110.0,55.0,165.0,293.8,953.92,5.5,5246.58,291.48,0.318,11.0,44.0,52.0,6.82,55.15,55.28
119B,pass@10,3.0,15.0,14.0,28.0,18.0,42.0,63.36,175.14,2.8,490.38,27.24,0.0584,9.0,54.0,56.0,0.0,44.95,44.95
119B,pass@11,6.0,19.0,16.0,32.0,25.0,48.0,96.22,222.91,5.05,1126.26,62.57,0.0743,12.0,31.0,33.0,0.0,48.69,48.82
119B,pass@12,5.0,17.0,15.0,28.0,22.0,43.0,81.1,191.76,4.12,789.58,43.87,0.0639,6.0,201.0,203.0,0.0,32.74,32.87
119B,pass@13,6.0,21.0,20.0,38.0,27.0,58.0,107.75,275.78,5.43,1497.11,83.17,0.0919,9.0,51.0,55.0,0.0,43.74,43.74
119B,pass@14,5.0,25.0,23.0,46.0,30.0,69.0,127.71,338.58,4.6,1557.45,86.52,0.1129,9.0,25.0,26.0,0.0,50.08,50.21
119B,pass@15,6.0,15.0,11.0,21.0,21.0,32.0,74.11,140.55,4.2,590.33,32.8,0.0469,12.0,132.0,132.0,0.0,37.09,37.09
119B,pass@16,6.0,25.0,22.0,44.0,31.0,66.0,131.61,326.98,5.28,1726.44,95.91,0.109,19.0,43.0,47.0,0.0,43.23,43.36
119B,pass@17,5.0,25.0,21.0,42.0,30.0,63.0,127.71,309.13,4.2,1298.36,72.13,0.103,5.0,20.0,24.0,0.0,51.65,51.78
119B,pass@19,5.0,11.0,8.0,16.0,16.0,24.0,49.66,96.0,3.64,349.09,19.39,0.032,9.0,24.0,24.0,0.0,54.67,54.8
119B,pass@20,5.0,12.0,9.0,17.0,17.0,26.0,54.63,106.27,3.54,376.39,20.91,0.0354,11.0,28.0,28.0,21.43,76.57,76.7
119B,pass@21,8.0,25.0,31.0,62.0,33.0,93.0,140.1,469.13,9.92,4653.76,258.54,0.1564,12.0,53.0,55.0,0.0,41.58,41.72
119B,pass@22,6.0,43.0,40.0,80.0,49.0,120.0,248.84,673.77,5.58,3760.55,208.92,0.2246,9.0,28.0,30.0,0.0,46.63,46.76
119B,pass@23,4.0,13.0,9.0,18.0,17.0,27.0,56.11,110.36,2.77,305.62,16.98,0.0368,6.0,21.0,21.0,0.0,55.91,56.05
119B,pass@24,10.0,34.0,32.0,63.0,44.0,95.0,206.19,518.65,9.26,4805.1,266.95,0.1729,13.0,42.0,46.0,0.0,42.84,42.97
119B,pass@25,6.0,20.0,17.0,34.0,26.0,51.0,101.95,239.72,5.1,1222.58,67.92,0.0799,12.0,32.0,34.0,0.0,48.18,48.32
119B,pass@26,4.0,18.0,14.0,28.0,22.0,42.0,83.06,187.3,3.11,582.7,32.37,0.0624,6.0,29.0,32.0,0.0,50.31,50.45
119B,pass@27,6.0,25.0,20.0,39.0,31.0,59.0,131.61,292.3,4.68,1367.95,76.0,0.0974,15.0,34.0,34.0,0.0,47.17,47.31
119B,pass@28,7.0,17.0,15.0,30.0,24.0,45.0,89.14,206.32,6.18,1274.35,70.8,0.0688,12.0,29.0,30.0,0.0,49.82,49.96
119B,pass@29,5.0,17.0,16.0,31.0,22.0,47.0,81.1,209.59,4.56,955.5,53.08,0.0699,7.0,37.0,39.0,0.0,47.96,48.1
119B,pass@30,8.0,26.0,22.0,43.0,34.0,65.0,146.21,330.69,6.62,2187.61,121.53,0.1102,16.0,28.0,28.0,0.0,48.5,48.64
119B,pass@31,5.0,18.0,14.0,28.0,23.0,42.0,86.67,189.99,3.89,738.85,41.05,0.0633,4.0,36.0,39.0,0.0,48.66,48.8
119B,pass@32,4.0,7.0,5.0,10.0,11.0,15.0,27.65,51.89,2.86,148.26,8.24,0.0173,7.0,23.0,23.0,0.0,57.21,57.34
121C,pass@1,12.0,37.0,30.0,56.0,49.0,86.0,235.77,482.87,9.08,4384.94,243.61,0.161,15.0,42.0,42.0,0.0,44.32,43.78
121C,pass@2,11.0,21.0,19.0,37.0,32.0,56.0,130.29,280.0,9.69,2713.33,150.74,0.0933,13.0,33.0,33.0,0.0,48.26,47.99
121C,pass@3,11.0,25.0,27.0,52.0,36.0,79.0,154.15,408.42,11.44,4672.37,259.58,0.1361,14.0,30.0,30.0,0.0,47.75,47.61
121C,pass@4,12.0,27.0,27.0,48.0,39.0,75.0,171.4,396.41,10.67,4228.32,234.91,0.1321,15.0,36.0,36.0,0.0,45.98,45.84
121C,pass@5,9.0,18.0,21.0,40.0,27.0,61.0,103.59,290.05,10.0,2900.48,161.14,0.0967,10.0,27.0,27.0,0.0,50.32,50.19
121C,pass@6,11.0,20.0,18.0,33.0,31.0,51.0,124.49,252.66,9.07,2292.93,127.38,0.0842,9.0,33.0,33.0,0.0,48.84,48.84
121C,pass@7,12.0,26.0,25.0,47.0,38.0,72.0,165.23,377.85,10.85,4098.23,227.68,0.126,13.0,39.0,39.0,0.0,45.63,45.5
121C,pass@8,11.0,24.0,24.0,45.0,35.0,69.0,148.09,353.92,10.31,3649.81,202.77,0.118,14.0,30.0,30.0,0.0,48.18,48.05
121C,pass@9,9.0,18.0,19.0,35.0,27.0,54.0,103.59,256.76,8.75,2246.68,124.82,0.0856,11.0,28.0,28.0,0.0,50.22,50.08
121C,pass@10,12.0,36.0,28.0,53.0,48.0,81.0,229.14,452.38,8.83,3996.04,222.0,0.1508,15.0,41.0,41.0,0.0,44.75,44.21
121C,pass@11,10.0,23.0,25.0,48.0,33.0,73.0,137.26,368.24,10.43,3842.51,213.47,0.1227,13.0,34.0,34.0,0.0,47.01,46.88
121C,pass@12,12.0,32.0,29.0,54.0,44.0,83.0,203.02,453.13,10.12,4587.97,254.89,0.151,15.0,35.0,35.0,0.0,45.84,45.7
121C,pass@13,11.0,26.0,27.0,48.0,37.0,75.0,160.27,390.71,10.15,3967.2,220.4,0.1302,16.0,42.0,42.0,0.0,44.56,44.29
121C,pass@14,10.0,24.0,22.0,43.0,34.0,65.0,143.26,330.69,8.96,2962.39,164.58,0.1102,12.0,34.0,34.0,0.0,47.47,47.34
121C,pass@15,12.0,44.0,29.0,55.0,56.0,84.0,283.23,487.82,7.5,3658.63,203.26,0.1626,19.0,47.0,47.0,0.0,42.95,42.15
121C,pass@16,11.0,28.0,29.0,51.0,39.0,80.0,172.66,422.83,10.02,4235.87,235.33,0.1409,15.0,39.0,39.0,0.0,45.02,44.89
121C,pass@17,11.0,22.0,23.0,43.0,33.0,66.0,136.16,332.93,10.75,3579.0,198.83,0.111,14.0,32.0,32.0,0.0,47.76,47.62
121C,pass@18,11.0,34.0,31.0,57.0,45.0,88.0,211.03,483.28,9.22,4456.15,247.56,0.1611,15.0,46.0,46.0,0.0,43.05,42.92
121C,pass@19,12.0,26.0,20.0,38.0,38.0,58.0,165.23,304.38,8.77,2669.18,148.29,0.1015,16.0,39.0,39.0,0.0,46.16,45.75
121C,pass@20,11.0,34.0,27.0,52.0,45.0,79.0,211.03,433.86,8.41,3649.5,202.75,0.1446,17.0,45.0,45.0,0.0,43.59,43.18
121C,pass@21,13.0,31.0,25.0,47.0,44.0,72.0,201.69,393.08,9.85,3873.73,215.21,0.131,5.0,44.0,44.0,0.0,45.31,45.31
121C,pass@22,11.0,24.0,26.0,48.0,35.0,74.0,148.09,379.57,11.0,4175.24,231.96,0.1265,13.0,35.0,35.0,0.0,46.64,46.51
121C,pass@23,12.0,31.0,30.0,55.0,43.0,85.0,196.6,461.23,10.65,4909.89,272.77,0.1537,17.0,44.0,44.0,0.0,43.48,43.21
121C,pass@24,9.0,19.0,20.0,37.0,28.0,57.0,109.24,274.02,8.76,2401.27,133.4,0.0913,9.0,32.0,32.0,0.0,49.02,48.89
121C,pass@25,9.0,21.0,19.0,34.0,30.0,53.0,120.77,260.07,7.29,1894.76,105.26,0.0867,11.0,32.0,32.0,0.0,48.91,48.78
121C,pass@26,11.0,20.0,20.0,38.0,31.0,58.0,124.49,287.34,10.45,3002.74,166.82,0.0958,13.0,31.0,31.0,0.0,48.64,48.51
121C,pass@27,12.0,24.0,23.0,43.0,36.0,66.0,153.06,341.22,10.75,3668.06,203.78,0.1137,14.0,38.0,38.0,0.0,46.05,45.92
121C,pass@28,9.0,27.0,21.0,41.0,36.0,62.0,156.91,320.54,6.83,2190.32,121.68,0.1068,9.0,35.0,35.0,0.0,47.7,47.56
121C,pass@29,10.0,23.0,20.0,36.0,33.0,56.0,137.26,282.49,7.83,2210.76,122.82,0.0942,11.0,34.0,34.0,0.0,48.09,47.95
121C,pass@30,12.0,24.0,27.0,51.0,36.0,78.0,153.06,403.25,12.75,5141.49,285.64,0.1344,17.0,35.0,35.0,0.0,45.92,45.79
121C,pass@31,10.0,29.0,23.0,43.0,39.0,66.0,174.1,348.84,7.41,2586.2,143.68,0.1163,13.0,39.0,39.0,0.0,46.01,45.74
121C,pass@32,10.0,20.0,17.0,32.0,30.0,49.0,119.66,240.44,8.0,1923.5,106.86,0.0801,5.0,34.0,34.0,0.0,49.25,49.25
125B,pass@1,7.0,20.0,18.0,36.0,27.0,54.0,106.09,256.76,6.3,1617.61,89.87,0.0856,6.0,23.0,25.0,0.0,51.83,51.83
125B,pass@2,7.0,26.0,26.0,52.0,33.0,78.0,141.86,393.46,7.0,2754.24,153.01,0.1312,8.0,27.0,29.0,0.0,48.85,48.85
125B,pass@3,7.0,21.0,18.0,36.0,28.0,54.0,111.89,259.6,6.0,1557.58,86.53,0.0865,6.0,22.0,24.0,0.0,52.18,52.18
125B,pass@4,7.0,21.0,23.0,46.0,28.0,69.0,111.89,331.71,7.67,2543.09,141.28,0.1106,8.0,27.0,29.0,0.0,49.37,49.37
125B,pass@5,7.0,20.0,18.0,36.0,27.0,54.0,106.09,256.76,6.3,1617.61,89.87,0.0856,6.0,21.0,23.0,0.0,52.62,52.62
125B,pass@6,7.0,22.0,25.0,50.0,29.0,75.0,117.76,364.35,7.95,2898.23,161.01,0.1214,9.0,28.0,30.0,0.0,48.63,48.63
125B,pass@7,7.0,21.0,20.0,40.0,28.0,60.0,111.89,288.44,6.67,1922.94,106.83,0.0961,6.0,19.0,21.0,0.0,53.12,53.12
125B,pass@8,7.0,21.0,19.0,38.0,28.0,57.0,111.89,274.02,6.33,1735.46,96.41,0.0913,6.0,23.0,24.0,0.0,52.02,52.02
125B,pass@9,7.0,23.0,19.0,38.0,30.0,57.0,123.69,279.69,5.78,1617.35,89.85,0.0932,6.0,15.0,17.0,0.0,55.22,55.22
125B,pass@10,6.0,14.0,13.0,26.0,20.0,39.0,68.81,168.56,5.57,939.09,52.17,0.0562,5.0,15.0,16.0,0.0,57.47,57.47
125B,pass@11,6.0,17.0,13.0,25.0,23.0,38.0,85.0,171.9,4.41,758.36,42.13,0.0573,4.0,16.0,19.0,0.0,55.92,55.92
125B,pass@12,7.0,20.0,18.0,36.0,27.0,54.0,106.09,256.76,6.3,1617.61,89.87,0.0856,6.0,23.0,25.0,0.0,51.83,51.83
125B,pass@13,7.0,19.0,20.0,40.0,26.0,60.0,100.36,282.03,7.37,2078.09,115.45,0.094,6.0,24.0,26.0,0.0,51.17,51.17
125B,pass@14,7.0,22.0,21.0,42.0,29.0,63.0,117.76,306.05,6.68,2044.99,113.61,0.102,6.0,24.0,26.0,0.0,50.92,50.92
125B,pass@15,7.0,20.0,18.0,36.0,27.0,54.0,106.09,256.76,6.3,1617.61,89.87,0.0856,6.0,23.0,25.0,0.0,51.83,51.83
125B,pass@16,6.0,19.0,19.0,38.0,25.0,57.0,96.22,264.7,6.0,1588.2,88.23,0.0882,6.0,19.0,22.0,0.0,52.95,52.95
125B,pass@17,7.0,26.0,23.0,46.0,33.0,69.0,141.86,348.06,6.19,2155.31,119.74,0.116,6.0,24.0,26.0,0.0,50.53,50.53
125B,pass@18,7.0,19.0,19.0,38.0,26.0,57.0,100.36,267.93,7.0,1875.48,104.19,0.0893,6.0,21.0,23.0,0.0,52.49,52.49
125B,pass@19,4.0,14.0,14.0,28.0,18.0,42.0,61.3,175.14,4.0,700.55,38.92,0.0584,4.0,20.0,23.0,10.0,71.87,71.87
125B,pass@20,6.0,18.0,18.0,36.0,24.0,54.0,90.57,247.59,6.0,1485.53,82.53,0.0825,5.0,25.0,28.0,0.0,51.0,51.0
125B,pass@21,7.0,29.0,23.0,46.0,36.0,69.0,160.53,356.72,5.55,1980.44,110.02,0.1189,6.0,17.0,19.0,0.0,53.43,53.43
125B,pass@22,7.0,20.0,18.0,36.0,27.0,54.0,106.09,256.76,6.3,1617.61,89.87,0.0856,6.0,23.0,25.0,0.0,51.83,51.83
125B,pass@23,7.0,22.0,25.0,50.0,29.0,75.0,117.76,364.35,7.95,2898.23,161.01,0.1214,8.0,28.0,30.0,0.0,48.77,48.77
125B,pass@24,7.0,19.0,19.0,38.0,26.0,57.0,100.36,267.93,7.0,1875.48,104.19,0.0893,6.0,24.0,26.0,0.0,51.33,51.33
125B,pass@25,6.0,13.0,12.0,24.0,19.0,36.0,63.62,152.93,5.54,846.97,47.05,0.051,4.0,20.0,21.0,0.0,55.32,55.32
125B,pass@26,7.0,19.0,19.0,38.0,26.0,57.0,100.36,267.93,7.0,1875.48,104.19,0.0893,6.0,21.0,23.0,0.0,52.49,52.49
125B,pass@27,7.0,22.0,20.0,40.0,29.0,60.0,117.76,291.48,6.36,1854.87,103.05,0.0972,6.0,24.0,26.0,0.0,51.07,51.07
125B,pass@28,6.0,12.0,10.0,20.0,18.0,30.0,58.53,125.1,5.0,625.49,34.75,0.0417,4.0,19.0,20.0,0.0,56.4,56.4
125B,pass@29,8.0,22.0,23.0,45.0,30.0,68.0,122.11,333.67,8.18,2730.02,151.67,0.1112,8.0,29.0,32.0,0.0,48.42,48.42
125B,pass@30,7.0,24.0,18.0,36.0,31.0,54.0,129.69,267.53,5.25,1404.51,78.03,0.0892,6.0,13.0,15.0,0.0,56.54,56.54
125B,pass@31,5.0,18.0,16.0,32.0,23.0,48.0,86.67,217.13,4.44,965.03,53.61,0.0724,4.0,20.0,23.0,0.0,53.4,53.4
125B,pass@32,7.0,26.0,19.0,38.0,33.0,57.0,141.86,287.53,5.12,1470.83,81.71,0.0958,6.0,18.0,20.0,0.0,53.6,53.6
128B,pass@1,3.0,5.0,4.0,8.0,8.0,12.0,16.36,36.0,2.4,86.4,4.8,0.012,4.0,14.0,15.0,0.0,62.91,62.91
128B,pass@2,3.0,5.0,4.0,8.0,8.0,12.0,16.36,36.0,2.4,86.4,4.8,0.012,4.0,16.0,17.0,0.0,61.72,61.72
128B,pass@3,3.0,5.0,4.0,8.0,8.0,12.0,16.36,36.0,2.4,86.4,4.8,0.012,4.0,16.0,17.0,0.0,61.72,61.72
128B,pass@4,9.0,45.0,34.0,68.0,54.0,102.0,275.66,587.0,6.8,3991.59,221.75,0.1957,16.0,50.0,53.0,0.0,41.25,40.85
128B,pass@5,11.0,55.0,50.0,99.0,66.0,149.0,356.03,900.61,9.9,8916.09,495.34,0.3002,17.0,54.0,55.0,0.0,39.06,39.06
128B,pass@6,7.0,35.0,28.0,57.0,42.0,85.0,199.18,458.35,5.7,2612.58,145.14,0.1528,10.0,29.0,32.0,0.0,46.65,47.19
128B,pass@7,9.0,37.0,28.0,57.0,46.0,85.0,221.28,469.5,6.93,3254.8,180.82,0.1565,13.0,37.0,39.0,0.0,44.7,44.84
128B,pass@8,4.0,6.0,4.0,8.0,10.0,12.0,23.51,39.86,2.67,106.3,5.91,0.0133,5.0,21.0,23.0,0.0,58.28,58.42
128B,pass@9,7.0,19.0,21.0,42.0,26.0,63.0,100.36,296.13,7.74,2291.09,127.28,0.0987,8.0,24.0,25.0,0.0,51.26,51.12
128B,pass@10,4.0,7.0,5.0,10.0,11.0,15.0,27.65,51.89,2.86,148.26,8.24,0.0173,4.0,16.0,17.0,0.0,60.48,60.61
128B,pass@11,3.0,5.0,4.0,8.0,8.0,12.0,16.36,36.0,2.4,86.4,4.8,0.012,4.0,16.0,17.0,0.0,61.72,61.72
128B,pass@12,9.0,40.0,31.0,63.0,49.0,94.0,241.41,527.78,7.09,3740.66,207.81,0.1759,4.0,45.0,47.0,0.0,43.79,43.92
128B,pass@13,3.0,7.0,5.0,10.0,10.0,15.0,24.41,49.83,2.14,106.78,5.93,0.0166,4.0,16.0,17.0,0.0,60.74,60.74
128B,pass@14,11.0,55.0,47.0,92.0,66.0,139.0,356.03,840.17,9.2,7729.57,429.42,0.2801,9.0,54.0,57.0,0.0,39.88,40.01
128B,pass@15,5.0,12.0,8.0,16.0,17.0,24.0,54.63,98.1,3.33,327.0,18.17,0.0327,7.0,21.0,23.0,0.0,55.41,55.41
128B,pass@16,2.0,4.0,3.0,6.0,6.0,9.0,10.0,23.26,1.5,34.9,1.94,0.0078,0.0,7.0,8.0,0.0,70.33,70.73
128B,pass@17,3.0,5.0,4.0,8.0,8.0,12.0,16.36,36.0,2.4,86.4,4.8,0.012,0.0,12.0,13.0,0.0,64.27,64.8
128B,pass@18,11.0,50.0,41.0,81.0,61.0,122.0,320.25,723.55,8.91,6446.83,358.16,0.2412,17.0,57.0,59.0,0.0,39.2,39.06
128B,pass@19,5.0,11.0,8.0,16.0,16.0,24.0,49.66,96.0,3.64,349.09,19.39,0.032,5.0,20.0,21.0,0.0,56.47,56.6
128B,pass@20,4.0,7.0,5.0,10.0,11.0,15.0,27.65,51.89,2.86,148.26,8.24,0.0173,5.0,20.0,21.0,0.0,58.34,58.48
128B,pass@21,3.0,5.0,4.0,8.0,8.0,12.0,16.36,36.0,2.4,86.4,4.8,0.012,4.0,14.0,15.0,0.0,62.91,62.91
128B,pass@22,3.0,5.0,4.0,8.0,8.0,12.0,16.36,36.0,2.4,86.4,4.8,0.012,4.0,16.0,17.0,0.0,61.72,61.72
128B,pass@23,2.0,4.0,2.0,4.0,6.0,6.0,10.0,15.51,1.0,15.51,0.86,0.0052,4.0,19.0,20.0,0.0,62.74,62.74
128B,pass@24,3.0,5.0,4.0,8.0,8.0,12.0,16.36,36.0,2.4,86.4,4.8,0.012,0.0,11.0,12.0,0.0,65.02,65.56
128B,pass@25,3.0,5.0,4.0,8.0,8.0,12.0,16.36,36.0,2.4,86.4,4.8,0.012,4.0,14.0,15.0,0.0,62.91,62.91
128B,pass@26,3.0,5.0,4.0,8.0,8.0,12.0,16.36,36.0,2.4,86.4,4.8,0.012,0.0,7.0,8.0,0.0,68.86,69.4
128B,pass@27,3.0,13.0,10.0,20.0,16.0,30.0,52.86,120.0,2.31,276.92,15.38,0.04,4.0,20.0,22.0,25.0,80.64,80.78
128B,pass@28,5.0,8.0,7.0,14.0,13.0,21.0,35.61,77.71,4.38,339.98,18.89,0.0259,0.0,12.0,13.0,0.0,61.93,62.46
128B,pass@29,3.0,5.0,4.0,8.0,8.0,12.0,16.36,36.0,2.4,86.4,4.8,0.012,4.0,16.0,17.0,0.0,61.72,61.72
128B,pass@30,9.0,40.0,32.0,65.0,49.0,97.0,241.41,544.63,7.31,3982.58,221.25,0.1815,15.0,46.0,48.0,0.0,42.28,42.15
128B,pass@31,4.0,6.0,4.0,8.0,10.0,12.0,23.51,39.86,2.67,106.3,5.91,0.0133,5.0,19.0,21.0,0.0,59.14,59.28
128B,pass@32,10.0,45.0,37.0,75.0,55.0,112.0,280.35,647.51,8.33,5395.94,299.77,0.2158,12.0,40.0,42.0,0.0,43.16,43.29
128D,pass@1,3.0,5.0,3.0,6.0,8.0,9.0,16.36,27.0,1.8,48.6,2.7,0.009,4.0,10.0,11.0,0.0,66.72,66.72
128D,pass@2,8.0,23.0,15.0,31.0,31.0,46.0,128.04,227.89,5.39,1228.64,68.26,0.076,10.0,18.0,19.0,0.0,54.25,54.25
128D,pass@3,3.0,6.0,3.0,6.0,9.0,9.0,20.26,28.53,1.5,42.79,2.38,0.0095,2.0,10.0,10.0,0.0,67.73,67.73
128D,pass@4,4.0,7.0,5.0,10.0,11.0,15.0,27.65,51.89,2.86,148.26,8.24,0.0173,5.0,8.0,8.0,0.0,67.62,67.62
128D,pass@5,4.0,7.0,5.0,10.0,11.0,15.0,27.65,51.89,2.86,148.26,8.24,0.0173,5.0,8.0,8.0,0.0,67.62,67.62
128D,pass@6,6.0,14.0,10.0,20.0,20.0,30.0,68.81,129.66,4.29,555.68,30.87,0.0432,6.0,16.0,17.0,0.0,57.56,57.56
128D,pass@7,4.0,7.0,5.0,10.0,11.0,15.0,27.65,51.89,2.86,148.26,8.24,0.0173,4.0,8.0,8.0,0.0,67.62,67.75
128D,pass@8,4.0,7.0,5.0,10.0,11.0,15.0,27.65,51.89,2.86,148.26,8.24,0.0173,5.0,8.0,8.0,0.0,67.62,67.62
128D,pass@9,3.0,5.0,3.0,6.0,8.0,9.0,16.36,27.0,1.8,48.6,2.7,0.009,4.0,8.0,8.0,0.0,69.74,69.74
128D,pass@10,6.0,11.0,8.0,16.0,17.0,24.0,53.56,98.1,4.36,428.07,23.78,0.0327,6.0,16.0,16.0,0.0,58.85,58.98
128D,pass@11,4.0,7.0,5.0,10.0,11.0,15.0,27.65,51.89,2.86,148.26,8.24,0.0173,5.0,8.0,8.0,0.0,67.62,67.62
128D,pass@12,4.0,7.0,5.0,10.0,11.0,15.0,27.65,51.89,2.86,148.26,8.24,0.0173,5.0,8.0,8.0,0.0,67.62,67.62
128D,pass@13,4.0,7.0,5.0,10.0,11.0,15.0,27.65,51.89,2.86,148.26,8.24,0.0173,5.0,8.0,8.0,0.0,67.62,67.62
128D,pass@14,3.0,7.0,5.0,10.0,10.0,15.0,24.41,49.83,2.14,106.78,5.93,0.0166,7.0,11.0,11.0,0.0,64.46,64.46
128D,pass@15,4.0,7.0,5.0,10.0,11.0,15.0,27.65,51.89,2.86,148.26,8.24,0.0173,5.0,8.0,8.0,0.0,67.62,67.62
128D,pass@16,2.0,19.0,12.0,26.0,21.0,38.0,82.71,166.91,1.37,228.4,12.69,0.0556,10.0,17.0,17.0,0.0,56.25,56.25
128D,pass@17,7.0,15.0,10.0,21.0,22.0,31.0,78.25,138.24,4.9,677.39,37.63,0.0461,6.0,17.0,18.0,0.0,56.82,56.82
128D,pass@18,3.0,10.0,6.0,12.0,13.0,18.0,37.97,66.61,1.8,119.89,6.66,0.0222,4.0,15.0,16.0,0.0,60.43,60.43
128D,pass@19,4.0,7.0,5.0,10.0,11.0,15.0,27.65,51.89,2.86,148.26,8.24,0.0173,5.0,8.0,8.0,0.0,67.62,67.62
128D,pass@20,4.0,7.0,5.0,10.0,11.0,15.0,27.65,51.89,2.86,148.26,8.24,0.0173,5.0,8.0,8.0,0.0,67.62,67.62
128D,pass@21,3.0,5.0,3.0,6.0,8.0,9.0,16.36,27.0,1.8,48.6,2.7,0.009,4.0,8.0,8.0,0.0,69.74,69.74
128D,pass@22,4.0,7.0,5.0,10.0,11.0,15.0,27.65,51.89,2.86,148.26,8.24,0.0173,5.0,11.0,12.0,0.0,63.78,63.78
128D,pass@23,4.0,10.0,6.0,12.0,14.0,18.0,41.22,68.53,2.4,164.48,9.14,0.0228,6.0,16.0,17.0,0.0,59.5,59.5
128D,pass@24,4.0,13.0,8.0,16.0,17.0,24.0,56.11,98.1,2.46,241.47,13.42,0.0327,6.0,8.0,9.0,0.0,64.43,64.43
128D,pass@25,5.0,9.0,7.0,14.0,14.0,21.0,40.14,79.95,3.89,310.93,17.27,0.0267,6.0,14.0,14.0,0.0,60.87,60.87
128D,pass@26,6.0,16.0,9.0,18.0,22.0,27.0,79.51,120.4,3.38,406.37,22.58,0.0401,6.0,14.0,15.0,0.0,58.97,58.97
128D,pass@27,3.0,5.0,3.0,6.0,8.0,9.0,16.36,27.0,1.8,48.6,2.7,0.009,4.0,8.0,8.0,0.0,69.74,69.74
128D,pass@28,4.0,7.0,5.0,10.0,11.0,15.0,27.65,51.89,2.86,148.26,8.24,0.0173,5.0,8.0,8.0,0.0,67.62,67.62
128D,pass@29,4.0,12.0,7.0,14.0,16.0,21.0,51.02,84.0,2.33,196.0,10.89,0.028,4.0,13.0,13.0,0.0,61.69,61.69
128D,pass@30,4.0,7.0,5.0,10.0,11.0,15.0,27.65,51.89,2.86,148.26,8.24,0.0173,5.0,8.0,8.0,0.0,67.62,67.62
128D,pass@31,3.0,5.0,3.0,6.0,8.0,9.0,16.36,27.0,1.8,48.6,2.7,0.009,4.0,10.0,11.0,0.0,66.72,66.72
128D,pass@32,3.0,5.0,3.0,6.0,8.0,9.0,16.36,27.0,1.8,48.6,2.7,0.009,4.0,8.0,8.0,0.0,69.74,69.74
129A,pass@1,4.0,7.0,5.0,10.0,11.0,15.0,27.65,51.89,2.86,148.26,8.24,0.0173,0.0,7.0,7.0,0.0,69.02,69.56
129A,pass@2,4.0,8.0,5.0,10.0,12.0,15.0,32.0,53.77,2.5,134.44,7.47,0.0179,0.0,8.0,8.0,0.0,67.64,68.18
129A,pass@3,4.0,8.0,4.0,8.0,12.0,12.0,32.0,43.02,2.0,86.04,4.78,0.0143,0.0,8.0,8.0,0.0,68.46,68.86
129A,pass@4,4.0,8.0,4.0,8.0,12.0,12.0,32.0,43.02,2.0,86.04,4.78,0.0143,3.0,10.0,10.0,0.0,66.34,66.34
129A,pass@5,3.0,8.0,5.0,10.0,11.0,15.0,28.75,51.89,1.88,97.3,5.41,0.0173,0.0,6.0,6.0,0.0,70.48,71.02
129A,pass@6,4.0,8.0,4.0,8.0,12.0,12.0,32.0,43.02,2.0,86.04,4.78,0.0143,0.0,8.0,8.0,0.0,68.46,68.86
129A,pass@7,4.0,8.0,4.0,8.0,12.0,12.0,32.0,43.02,2.0,86.04,4.78,0.0143,0.0,8.0,8.0,0.0,68.46,68.86
129A,pass@8,3.0,7.0,6.0,12.0,10.0,18.0,24.41,59.79,2.57,153.76,8.54,0.0199,0.0,9.0,9.0,0.0,65.94,66.74
129A,pass@9,4.0,8.0,5.0,10.0,12.0,15.0,32.0,53.77,2.5,134.44,7.47,0.0179,0.0,6.0,6.0,0.0,70.37,70.91
129A,pass@10,4.0,8.0,4.0,8.0,12.0,12.0,32.0,43.02,2.0,86.04,4.78,0.0143,3.0,10.0,10.0,0.0,66.34,66.34
129A,pass@11,3.0,7.0,6.0,12.0,10.0,18.0,24.41,59.79,2.57,153.76,8.54,0.0199,0.0,9.0,9.0,0.0,65.94,66.74
129A,pass@12,2.0,5.0,3.0,6.0,7.0,9.0,13.61,25.27,1.2,30.32,1.68,0.0084,0.0,5.0,5.0,0.0,74.53,74.93
129A,pass@13,4.0,8.0,4.0,8.0,12.0,12.0,32.0,43.02,2.0,86.04,4.78,0.0143,0.0,8.0,8.0,0.0,68.46,68.86
129A,pass@14,4.0,8.0,5.0,10.0,12.0,15.0,32.0,53.77,2.5,134.44,7.47,0.0179,0.0,6.0,6.0,0.0,70.37,70.91
129A,pass@15,4.0,8.0,5.0,10.0,12.0,15.0,32.0,53.77,2.5,134.44,7.47,0.0179,0.0,8.0,8.0,0.0,67.64,68.18
129A,pass@16,4.0,8.0,4.0,8.0,12.0,12.0,32.0,43.02,2.0,86.04,4.78,0.0143,0.0,8.0,8.0,0.0,68.46,68.86
129A,pass@17,4.0,8.0,4.0,8.0,12.0,12.0,32.0,43.02,2.0,86.04,4.78,0.0143,0.0,8.0,8.0,0.0,68.46,68.86
129A,pass@18,4.0,8.0,4.0,8.0,12.0,12.0,32.0,43.02,2.0,86.04,4.78,0.0143,0.0,8.0,8.0,0.0,68.46,68.86
129A,pass@19,3.0,7.0,6.0,12.0,10.0,18.0,24.41,59.79,2.57,153.76,8.54,0.0199,0.0,7.0,7.0,0.0,68.32,69.12
129A,pass@20,4.0,7.0,5.0,10.0,11.0,15.0,27.65,51.89,2.86,148.26,8.24,0.0173,0.0,7.0,7.0,0.0,69.02,69.56
129A,pass@21,4.0,8.0,5.0,10.0,12.0,15.0,32.0,53.77,2.5,134.44,7.47,0.0179,0.0,9.0,9.0,0.0,66.53,67.07
129A,pass@22,4.0,8.0,5.0,10.0,12.0,15.0,32.0,53.77,2.5,134.44,7.47,0.0179,4.0,13.0,14.0,0.0,62.34,62.34
129A,pass@23,3.0,9.0,5.0,10.0,12.0,15.0,33.28,53.77,1.67,89.62,4.98,0.0179,0.0,8.0,8.0,0.0,67.64,68.18
129A,pass@24,4.0,10.0,5.0,10.0,14.0,15.0,41.22,57.11,2.0,114.22,6.35,0.019,3.0,13.0,14.0,0.0,62.16,62.29
129A,pass@25,4.0,8.0,4.0,8.0,12.0,12.0,32.0,43.02,2.0,86.04,4.78,0.0143,0.0,8.0,8.0,0.0,68.46,68.86
129A,pass@26,4.0,8.0,4.0,8.0,12.0,12.0,32.0,43.02,2.0,86.04,4.78,0.0143,3.0,10.0,10.0,0.0,66.34,66.34
129A,pass@27,3.0,7.0,6.0,12.0,10.0,18.0,24.41,59.79,2.57,153.76,8.54,0.0199,0.0,7.0,7.0,0.0,68.32,69.12
129A,pass@28,3.0,9.0,8.0,16.0,12.0,24.0,33.28,86.04,2.67,229.44,12.75,0.0287,0.0,8.0,8.0,0.0,65.68,66.75
129A,pass@29,4.0,8.0,5.0,10.0,12.0,15.0,32.0,53.77,2.5,134.44,7.47,0.0179,0.0,9.0,9.0,0.0,66.53,67.07
129A,pass@30,4.0,7.0,5.0,10.0,11.0,15.0,27.65,51.89,2.86,148.26,8.24,0.0173,0.0,8.0,8.0,0.0,67.75,68.29
129A,pass@31,3.0,6.0,3.0,6.0,9.0,9.0,20.26,28.53,1.5,42.79,2.38,0.0095,0.0,5.0,5.0,0.0,74.16,74.56
129A,pass@32,4.0,8.0,4.0,8.0,12.0,12.0,32.0,43.02,2.0,86.04,4.78,0.0143,0.0,8.0,8.0,0.0,68.46,68.86
129E,pass@1,3.0,16.0,17.0,34.0,19.0,51.0,68.75,216.64,3.19,690.55,38.36,0.0722,12.0,17.0,17.0,0.0,55.19,55.19
129E,pass@2,5.0,20.0,19.0,38.0,25.0,57.0,98.05,264.7,4.75,1257.32,69.85,0.0882,11.0,17.0,17.0,0.0,54.72,54.72
129E,pass@3,9.0,40.0,32.0,64.0,49.0,96.0,241.41,539.01,7.2,3880.89,215.6,0.1797,11.0,29.0,29.0,0.0,47.49,47.49
129E,pass@4,7.0,23.0,22.0,44.0,30.0,66.0,123.69,323.85,6.7,2168.42,120.47,0.108,13.0,21.0,21.0,0.0,51.83,51.83
129E,pass@5,8.0,44.0,45.0,90.0,52.0,135.0,264.21,769.56,8.18,6296.39,349.8,0.2565,17.0,26.0,26.0,0.0,46.64,46.64
129E,pass@6,4.0,24.0,24.0,48.0,28.0,72.0,118.04,346.13,4.0,1384.52,76.92,0.1154,10.0,17.0,17.0,0.0,54.03,54.03
129E,pass@7,8.0,19.0,13.0,26.0,27.0,39.0,104.71,185.44,5.47,1015.04,56.39,0.0618,6.0,14.0,14.0,0.0,58.31,58.31
129E,pass@8,6.0,24.0,23.0,46.0,30.0,69.0,125.55,338.58,5.75,1946.81,108.16,0.1129,13.0,27.0,27.0,0.0,49.32,49.32
129E,pass@9,5.0,25.0,33.0,66.0,30.0,99.0,127.71,485.78,6.6,3206.16,178.12,0.1619,17.0,30.0,30.0,0.0,46.68,46.68
129E,pass@10,5.0,20.0,19.0,38.0,25.0,57.0,98.05,264.7,4.75,1257.32,69.85,0.0882,11.0,17.0,17.0,0.0,54.72,54.72
129E,pass@11,3.0,19.0,22.0,44.0,22.0,66.0,85.47,294.32,3.47,1022.38,56.8,0.0981,12.0,25.0,25.0,0.0,50.6,50.6
129E,pass@12,6.0,22.0,22.0,44.0,28.0,66.0,113.62,317.29,6.0,1903.71,105.76,0.1058,12.0,17.0,17.0,0.0,54.03,54.03
129E,pass@13,8.0,50.0,45.0,90.0,58.0,135.0,306.19,790.83,7.2,5693.96,316.33,0.2636,18.0,34.0,34.0,0.0,44.01,43.88
129E,pass@14,8.0,43.0,43.0,86.0,51.0,129.0,257.33,731.74,8.0,5853.94,325.22,0.2439,13.0,22.0,22.0,0.0,48.91,48.91
129E,pass@15,9.0,19.0,16.0,30.0,28.0,46.0,109.24,221.14,7.11,1571.25,87.29,0.0737,11.0,17.0,17.0,0.0,55.26,55.26
129E,pass@16,6.0,28.0,24.0,48.0,34.0,72.0,150.12,366.3,5.14,1883.81,104.66,0.1221,13.0,23.0,23.0,0.0,50.59,50.59
129E,pass@17,5.0,24.0,26.0,52.0,29.0,78.0,121.65,378.92,5.42,2052.5,114.03,0.1263,11.0,18.0,18.0,0.0,53.08,53.08
129E,pass@18,8.0,27.0,21.0,40.0,35.0,61.0,152.38,312.89,5.93,1854.14,103.01,0.1043,12.0,21.0,21.0,0.0,52.07,52.07
129E,pass@19,6.0,23.0,21.0,42.0,29.0,63.0,119.55,306.05,5.48,1676.64,93.15,0.102,11.0,20.0,20.0,0.0,52.73,52.73
129E,pass@20,5.0,30.0,29.0,58.0,35.0,87.0,158.82,446.25,4.83,2156.86,119.83,0.1487,13.0,21.0,21.0,0.0,50.86,50.86
129E,pass@21,6.0,24.0,21.0,42.0,30.0,63.0,125.55,309.13,5.25,1622.95,90.16,0.103,11.0,17.0,17.0,0.0,54.24,54.24
129E,pass@22,8.0,27.0,24.0,47.0,35.0,71.0,152.38,364.18,6.96,2535.77,140.88,0.1214,9.0,19.0,19.0,0.0,52.96,52.96
129E,pass@23,5.0,30.0,31.0,62.0,35.0,93.0,158.82,477.02,5.17,2464.62,136.92,0.159,13.0,21.0,21.0,0.0,50.65,50.65
129E,pass@24,6.0,29.0,19.0,38.0,35.0,57.0,156.39,292.37,3.93,1149.31,63.85,0.0975,7.0,17.0,17.0,0.0,54.82,54.95
129E,pass@25,6.0,38.0,30.0,60.0,44.0,90.0,214.93,491.35,4.74,2327.44,129.3,0.1638,9.0,15.0,15.0,0.0,54.29,54.29
129E,pass@26,8.0,26.0,22.0,42.0,34.0,64.0,146.21,325.6,6.46,2103.86,116.88,0.1085,13.0,21.0,21.0,0.0,51.81,51.81
129E,pass@27,5.0,22.0,20.0,40.0,27.0,60.0,109.72,285.29,4.55,1296.79,72.04,0.0951,11.0,19.0,19.0,0.0,53.43,53.43
129E,pass@28,5.0,20.0,18.0,36.0,25.0,54.0,98.05,250.77,4.5,1128.46,62.69,0.0836,12.0,18.0,18.0,0.0,54.2,54.2
129E,pass@29,7.0,46.0,44.0,88.0,53.0,132.0,273.74,756.09,6.7,5062.49,281.25,0.252,11.0,20.0,20.0,0.0,49.98,49.98
129E,pass@30,4.0,10.0,10.0,20.0,14.0,30.0,41.22,114.22,4.0,456.88,25.38,0.0381,10.0,16.0,16.0,0.0,57.98,57.98
129E,pass@31,5.0,26.0,25.0,50.0,31.0,75.0,133.82,371.56,4.81,1786.37,99.24,0.1239,13.0,23.0,23.0,0.0,50.55,50.55
129E,pass@32,6.0,16.0,26.0,52.0,22.0,78.0,79.51,347.84,9.75,3391.4,188.41,0.1159,6.0,20.0,20.0,0.0,53.02,53.02
13A,pass@4,5.0,9.0,6.0,12.0,14.0,18.0,40.14,68.53,3.33,228.44,12.69,0.0228,4.0,14.0,14.0,0.0,61.74,61.61
13A,pass@9,4.0,10.0,8.0,16.0,14.0,24.0,41.22,91.38,3.2,292.4,16.24,0.0305,4.0,17.0,17.0,0.0,59.03,58.89
13A,pass@11,5.0,9.0,6.0,12.0,14.0,18.0,40.14,68.53,3.33,228.44,12.69,0.0228,4.0,14.0,14.0,0.0,61.74,61.61
13A,pass@17,2.0,4.0,2.0,4.0,6.0,6.0,10.0,15.51,1.0,15.51,0.86,0.0052,5.0,11.0,11.0,0.0,68.41,68.27
13A,pass@18,4.0,10.0,8.0,16.0,14.0,24.0,41.22,91.38,3.2,292.4,16.24,0.0305,4.0,17.0,17.0,0.0,59.03,58.89
13A,pass@21,5.0,9.0,6.0,12.0,14.0,18.0,40.14,68.53,3.33,228.44,12.69,0.0228,2.0,13.0,13.0,0.0,62.44,62.58
13A,pass@22,5.0,9.0,6.0,12.0,14.0,18.0,40.14,68.53,3.33,228.44,12.69,0.0228,5.0,16.0,16.0,0.0,60.34,60.21
13A,pass@23,5.0,9.0,6.0,12.0,14.0,18.0,40.14,68.53,3.33,228.44,12.69,0.0228,4.0,15.0,15.0,0.0,61.09,60.95
13A,pass@26,5.0,9.0,6.0,12.0,14.0,18.0,40.14,68.53,3.33,228.44,12.69,0.0228,4.0,16.0,16.0,0.0,60.47,60.34
13A,pass@27,5.0,9.0,6.0,12.0,14.0,18.0,40.14,68.53,3.33,228.44,12.69,0.0228,4.0,15.0,15.0,0.0,61.09,60.95
13A,pass@28,5.0,9.0,6.0,12.0,14.0,18.0,40.14,68.53,3.33,228.44,12.69,0.0228,4.0,14.0,14.0,0.0,61.74,61.61
13A,pass@31,5.0,9.0,6.0,12.0,14.0,18.0,40.14,68.53,3.33,228.44,12.69,0.0228,4.0,14.0,14.0,0.0,61.74,61.61
135C,pass@1,4.0,13.0,8.0,16.0,17.0,24.0,56.11,98.1,2.46,241.47,13.42,0.0327,4.0,33.0,39.0,6.06,65.09,65.09
135C,pass@2,3.0,9.0,7.0,12.0,12.0,19.0,33.28,68.11,2.0,136.23,7.57,0.0227,7.0,28.0,30.0,17.86,76.32,76.45
135C,pass@3,7.0,18.0,13.0,26.0,25.0,39.0,94.71,181.11,5.06,915.61,50.87,0.0604,5.0,36.0,36.0,5.56,63.15,63.29
135C,pass@4,3.0,29.0,21.0,42.0,32.0,63.0,145.64,315.0,2.17,684.31,38.02,0.105,1.0,39.0,43.0,5.13,59.96,59.96
135C,pass@5,4.0,24.0,20.0,36.0,28.0,56.0,118.04,269.21,3.0,807.64,44.87,0.0897,5.0,35.0,39.0,0.0,47.6,47.6
135C,pass@6,3.0,10.0,5.0,10.0,13.0,15.0,37.97,55.51,1.5,83.26,4.63,0.0185,7.0,26.0,26.0,0.0,55.84,55.98
135C,pass@7,8.0,24.0,27.0,54.0,32.0,81.0,134.04,405.0,9.0,3645.0,202.5,0.135,4.0,47.0,47.0,0.0,44.59,44.73
135C,pass@8,3.0,8.0,4.0,8.0,11.0,12.0,28.75,41.51,1.5,62.27,3.46,0.0138,7.0,21.0,21.0,0.0,59.02,58.89
135C,pass@9,5.0,19.0,14.0,28.0,24.0,42.0,92.32,192.57,3.68,709.46,39.41,0.0642,1.0,23.0,25.0,0.0,53.37,53.37
135C,pass@10,4.0,12.0,13.0,21.0,16.0,34.0,51.02,136.0,3.5,476.0,26.44,0.0453,2.0,28.0,29.0,0.0,52.89,52.89
135C,pass@11,5.0,14.0,8.0,16.0,19.0,24.0,64.91,101.95,2.86,291.29,16.18,0.034,4.0,23.0,23.0,0.0,55.69,55.69
135C,pass@12,3.0,9.0,5.0,10.0,12.0,15.0,33.28,53.77,1.67,89.62,4.98,0.0179,5.0,23.0,23.0,0.0,57.51,57.51
135C,pass@14,5.0,20.0,14.0,28.0,25.0,42.0,98.05,195.04,3.5,682.65,37.92,0.065,2.0,29.0,31.0,0.0,51.16,51.16
135C,pass@15,5.0,28.0,27.0,54.0,33.0,81.0,146.22,408.6,4.82,1970.02,109.45,0.1362,2.0,34.0,34.0,0.0,48.04,48.04
135C,pass@16,2.0,11.0,9.0,18.0,13.0,27.0,40.05,99.91,1.64,163.49,9.08,0.0333,2.0,19.0,19.0,0.0,57.83,57.83
135C,pass@17,2.0,5.0,3.0,6.0,7.0,9.0,13.61,25.27,1.2,30.32,1.68,0.0084,10.0,22.0,22.0,13.64,79.8,79.8
135C,pass@18,4.0,20.0,15.0,27.0,24.0,42.0,94.44,192.57,2.7,519.93,28.89,0.0642,1.0,35.0,40.0,5.71,62.82,62.82
135C,pass@20,3.0,8.0,4.0,8.0,11.0,12.0,28.75,41.51,1.5,62.27,3.46,0.0138,7.0,23.0,23.0,0.0,58.16,58.02
135C,pass@22,5.0,37.0,32.0,64.0,42.0,96.0,204.36,517.66,4.32,2238.54,124.36,0.1726,6.0,35.0,41.0,0.0,45.01,45.01
135C,pass@23,5.0,20.0,17.0,32.0,25.0,49.0,98.05,227.55,4.0,910.2,50.57,0.0758,1.0,36.0,38.0,0.0,48.77,48.9
135C,pass@24,2.0,4.0,2.0,4.0,6.0,6.0,10.0,15.51,1.0,15.51,0.86,0.0052,2.0,18.0,18.0,0.0,64.01,64.01
135C,pass@25,3.0,14.0,8.0,16.0,17.0,24.0,58.06,98.1,1.71,168.17,9.34,0.0327,4.0,28.0,29.0,7.14,68.86,68.99
135C,pass@26,2.0,25.0,18.0,36.0,27.0,54.0,118.1,256.76,1.44,369.74,20.54,0.0856,2.0,42.0,46.0,4.76,59.23,59.36
135C,pass@27,3.0,6.0,4.0,8.0,9.0,12.0,20.26,38.04,2.0,76.08,4.23,0.0127,4.0,24.0,24.0,8.33,74.75,74.75
135C,pass@28,4.0,17.0,11.0,21.0,21.0,32.0,77.49,140.55,2.47,347.25,19.29,0.0469,3.0,41.0,43.0,0.0,48.92,48.92
135C,pass@29,6.0,24.0,23.0,46.0,30.0,69.0,125.55,338.58,5.75,1946.81,108.16,0.1129,2.0,41.0,42.0,0.0,46.61,46.61
135C,pass@30,4.0,16.0,10.0,20.0,20.0,30.0,72.0,129.66,2.5,324.14,18.01,0.0432,5.0,36.0,38.0,5.56,63.79,63.79
135C,pass@31,3.0,17.0,11.0,22.0,20.0,33.0,74.24,142.62,1.94,276.86,15.38,0.0475,2.0,28.0,30.0,7.14,67.67,67.8
135C,pass@32,2.0,18.0,13.0,26.0,20.0,39.0,77.06,168.56,1.44,243.47,13.53,0.0562,2.0,27.0,29.0,7.41,67.87,67.87
14B,pass@1,6.0,10.0,8.0,15.0,16.0,23.0,48.73,92.0,4.5,414.0,23.0,0.0307,6.0,15.0,15.0,0.0,59.65,59.79
14B,pass@2,6.0,12.0,13.0,25.0,18.0,38.0,58.53,158.46,6.25,990.36,55.02,0.0528,9.0,21.0,21.0,0.0,54.41,54.54
14B,pass@3,6.0,11.0,9.0,17.0,17.0,26.0,53.56,106.27,4.64,492.73,27.37,0.0354,5.0,23.0,23.0,0.0,55.03,55.43
14B,pass@4,8.0,19.0,16.0,31.0,27.0,47.0,104.71,223.48,6.53,1458.5,81.03,0.0745,10.0,19.0,19.0,0.0,54.18,54.31
14B,pass@5,5.0,13.0,12.0,24.0,18.0,36.0,59.72,150.12,4.62,692.85,38.49,0.05,9.0,20.0,20.0,0.0,55.03,55.17
14B,pass@6,5.0,11.0,12.0,24.0,16.0,36.0,49.66,144.0,5.45,785.45,43.64,0.048,9.0,22.0,22.0,0.0,54.26,54.39
14B,pass@8,8.0,15.0,13.0,24.0,23.0,37.0,82.6,167.37,6.4,1071.18,59.51,0.0558,8.0,28.0,28.0,0.0,51.65,51.79
14B,pass@9,5.0,4.0,7.0,12.0,9.0,19.0,19.61,60.23,7.5,451.71,25.1,0.0201,6.0,14.0,14.0,0.0,61.59,61.73
14B,pass@10,6.0,11.0,9.0,17.0,17.0,26.0,53.56,106.27,4.64,492.73,27.37,0.0354,4.0,20.0,20.0,0.0,56.76,56.89
14B,pass@11,8.0,20.0,21.0,33.0,28.0,54.0,110.44,259.6,6.6,1713.34,95.19,0.0865,1.0,18.0,18.0,0.0,54.37,55.58
14B,pass@12,5.0,10.0,9.0,15.0,15.0,24.0,44.83,93.77,3.75,351.62,19.53,0.0313,0.0,8.0,8.0,0.0,65.68,66.49
14B,pass@13,5.0,4.0,7.0,12.0,9.0,19.0,19.61,60.23,7.5,451.71,25.1,0.0201,5.0,17.0,17.0,0.0,59.89,60.02
14B,pass@14,10.0,17.0,16.0,31.0,27.0,47.0,102.71,223.48,9.12,2037.61,113.2,0.0745,10.0,16.0,16.0,0.0,55.8,55.94
14B,pass@15,10.0,20.0,16.0,30.0,30.0,46.0,119.66,225.72,7.5,1692.88,94.05,0.0752,5.0,22.0,22.0,0.0,52.62,53.56
14B,pass@16,4.0,4.0,6.0,10.0,8.0,16.0,16.0,48.0,5.0,240.0,13.33,0.016,5.0,10.0,10.0,0.0,65.61,65.74
14B,pass@17,3.0,5.0,5.0,10.0,8.0,15.0,16.36,45.0,3.0,135.0,7.5,0.015,5.0,19.0,19.0,0.0,59.72,59.86
14B,pass@19,8.0,12.0,11.0,22.0,20.0,33.0,67.02,142.62,7.33,1045.91,58.11,0.0475,9.0,19.0,19.0,0.0,55.81,55.81
14B,pass@20,5.0,11.0,11.0,22.0,16.0,33.0,49.66,132.0,5.0,660.0,36.67,0.044,8.0,20.0,20.0,0.0,55.56,55.7
14B,pass@21,3.0,4.0,8.0,14.0,7.0,22.0,12.75,61.76,5.25,324.25,18.01,0.0206,0.0,12.0,12.0,0.0,63.11,63.92
14B,pass@23,5.0,12.0,10.0,17.0,17.0,27.0,54.63,110.36,3.54,390.86,21.71,0.0368,7.0,9.0,9.0,0.0,63.8,63.94
14B,pass@24,6.0,11.0,12.0,22.0,17.0,34.0,53.56,138.97,6.0,833.84,46.32,0.0463,6.0,24.0,24.0,8.33,70.41,70.55
14B,pass@25,8.0,11.0,15.0,27.0,19.0,42.0,62.05,178.41,9.82,1751.69,97.32,0.0595,8.0,13.0,13.0,0.0,58.73,58.86
14B,pass@27,7.0,16.0,14.0,27.0,23.0,41.0,83.65,185.47,5.91,1095.41,60.86,0.0618,11.0,22.0,22.0,0.0,53.22,53.35
14B,pass@28,6.0,12.0,10.0,19.0,18.0,29.0,58.53,120.93,4.75,574.41,31.91,0.0403,8.0,21.0,21.0,0.0,55.36,55.5
14B,pass@29,6.0,10.0,13.0,25.0,16.0,38.0,48.73,152.0,7.5,1140.0,63.33,0.0507,9.0,20.0,20.0,0.0,55.0,55.13
14B,pass@30,4.0,3.0,8.0,15.0,7.0,23.0,12.75,64.57,10.0,645.69,35.87,0.0215,5.0,17.0,17.0,0.0,59.68,59.81
14B,pass@32,5.0,8.0,10.0,17.0,13.0,27.0,35.61,99.91,5.31,530.78,29.49,0.0333,0.0,9.0,9.0,0.0,63.84,65.18
144A,pass@1,4.0,4.0,5.0,9.0,8.0,14.0,16.0,42.0,4.5,189.0,10.5,0.014,0.0,10.0,11.0,0.0,65.65,65.92
144A,pass@2,4.0,8.0,6.0,11.0,12.0,17.0,32.0,60.94,2.75,167.6,9.31,0.0203,0.0,8.0,9.0,0.0,66.55,66.69
144A,pass@3,4.0,8.0,8.0,15.0,12.0,23.0,32.0,82.45,3.75,309.2,17.18,0.0275,2.0,13.0,14.0,0.0,61.31,61.31
144A,pass@4,4.0,8.0,6.0,11.0,12.0,17.0,32.0,60.94,2.75,167.6,9.31,0.0203,0.0,8.0,9.0,0.0,66.55,66.69
144A,pass@5,4.0,9.0,7.0,14.0,13.0,21.0,36.53,77.71,3.11,241.76,13.43,0.0259,0.0,12.0,12.0,0.0,62.82,63.22
144A,pass@6,4.0,8.0,8.0,15.0,12.0,23.0,32.0,82.45,3.75,309.2,17.18,0.0275,2.0,13.0,14.0,0.0,61.31,61.31
144A,pass@7,4.0,9.0,8.0,15.0,13.0,23.0,36.53,85.11,3.33,283.7,15.76,0.0284,0.0,11.0,12.0,0.0,62.68,62.95
144A,pass@8,4.0,8.0,6.0,11.0,12.0,17.0,32.0,60.94,2.75,167.6,9.31,0.0203,0.0,8.0,9.0,0.0,66.42,66.69
144A,pass@9,5.0,10.0,9.0,17.0,15.0,26.0,44.83,101.58,4.25,431.71,23.98,0.0339,2.0,14.0,15.0,0.0,59.89,60.02
144A,pass@10,4.0,7.0,6.0,11.0,11.0,17.0,27.65,58.81,3.14,184.83,10.27,0.0196,0.0,10.0,11.0,0.0,64.62,64.89
144A,pass@11,4.0,4.0,5.0,9.0,8.0,14.0,16.0,42.0,4.5,189.0,10.5,0.014,2.0,12.0,13.0,0.0,64.07,64.07
144A,pass@12,4.0,4.0,5.0,9.0,8.0,14.0,16.0,42.0,4.5,189.0,10.5,0.014,0.0,10.0,11.0,0.0,65.65,65.92
144A,pass@13,4.0,7.0,6.0,11.0,11.0,17.0,27.65,58.81,3.14,184.83,10.27,0.0196,0.0,10.0,11.0,0.0,64.62,64.89
144A,pass@14,4.0,4.0,5.0,9.0,8.0,14.0,16.0,42.0,4.5,189.0,10.5,0.014,0.0,10.0,11.0,0.0,65.65,65.92
144A,pass@15,4.0,4.0,5.0,9.0,8.0,14.0,16.0,42.0,4.5,189.0,10.5,0.014,0.0,10.0,11.0,0.0,65.65,65.92
144A,pass@16,4.0,9.0,8.0,15.0,13.0,23.0,36.53,85.11,3.33,283.7,15.76,0.0284,0.0,10.0,11.0,0.0,63.5,63.77
144A,pass@17,4.0,11.0,11.0,21.0,15.0,32.0,46.05,125.02,3.82,477.35,26.52,0.0417,0.0,11.0,12.0,0.0,61.51,61.78
144A,pass@18,4.0,4.0,4.0,7.0,8.0,11.0,16.0,33.0,3.5,115.5,6.42,0.011,0.0,10.0,11.0,0.0,66.38,66.65
144A,pass@19,4.0,9.0,8.0,15.0,13.0,23.0,36.53,85.11,3.33,283.7,15.76,0.0284,0.0,10.0,11.0,0.0,63.5,63.77
144A,pass@20,5.0,9.0,7.0,13.0,14.0,20.0,40.14,76.15,3.61,274.98,15.28,0.0254,2.0,15.0,17.0,0.0,59.58,59.71
144A,pass@21,4.0,4.0,4.0,7.0,8.0,11.0,16.0,33.0,3.5,115.5,6.42,0.011,0.0,10.0,11.0,0.0,66.38,66.65
144A,pass@22,4.0,8.0,8.0,15.0,12.0,23.0,32.0,82.45,3.75,309.2,17.18,0.0275,2.0,13.0,14.0,0.0,61.31,61.31
144A,pass@23,4.0,4.0,5.0,9.0,8.0,14.0,16.0,42.0,4.5,189.0,10.5,0.014,0.0,10.0,11.0,0.0,65.65,65.92
144A,pass@24,4.0,4.0,5.0,9.0,8.0,14.0,16.0,42.0,4.5,189.0,10.5,0.014,0.0,10.0,11.0,0.0,65.65,65.92
144A,pass@25,5.0,6.0,5.0,9.0,11.0,14.0,27.12,48.43,3.75,181.62,10.09,0.0161,2.0,11.0,12.0,0.0,64.26,64.39
144A,pass@26,5.0,9.0,7.0,13.0,14.0,20.0,40.14,76.15,3.61,274.98,15.28,0.0254,2.0,15.0,17.0,0.0,59.58,59.71
144A,pass@27,4.0,8.0,8.0,15.0,12.0,23.0,32.0,82.45,3.75,309.2,17.18,0.0275,2.0,13.0,14.0,0.0,61.31,61.31
144A,pass@28,4.0,10.0,11.0,21.0,14.0,32.0,41.22,121.84,4.2,511.71,28.43,0.0406,0.0,11.0,12.0,0.0,61.59,61.85
144A,pass@29,4.0,4.0,5.0,9.0,8.0,14.0,16.0,42.0,4.5,189.0,10.5,0.014,0.0,10.0,11.0,0.0,65.65,65.92
144A,pass@30,2.0,3.0,2.0,3.0,5.0,5.0,6.75,11.61,1.0,11.61,0.64,0.0039,1.0,9.0,10.0,0.0,70.6,70.6
144A,pass@31,4.0,8.0,8.0,15.0,12.0,23.0,32.0,82.45,3.75,309.2,17.18,0.0275,2.0,13.0,14.0,0.0,61.31,61.31
144A,pass@32,4.0,8.0,8.0,15.0,12.0,23.0,32.0,82.45,3.75,309.2,17.18,0.0275,2.0,13.0,14.0,0.0,61.31,61.31
147A,pass@1,0.0,0.0,0.0,0.0,0.0,0.0,0.0,0.0,0.0,0.0,0.0,0.0,0.0,5.0,5.0,0.0,100.0,100.0
147A,pass@2,0.0,0.0,0.0,0.0,0.0,0.0,0.0,0.0,0.0,0.0,0.0,0.0,1.0,7.0,7.0,28.57,100.0,100.0
147A,pass@3,0.0,0.0,0.0,0.0,0.0,0.0,0.0,0.0,0.0,0.0,0.0,0.0,0.0,5.0,5.0,0.0,100.0,100.0
147A,pass@4,0.0,0.0,0.0,0.0,0.0,0.0,0.0,0.0,0.0,0.0,0.0,0.0,0.0,5.0,5.0,0.0,100.0,100.0
147A,pass@5,0.0,0.0,0.0,0.0,0.0,0.0,0.0,0.0,0.0,0.0,0.0,0.0,1.0,7.0,7.0,28.57,100.0,100.0
147A,pass@7,0.0,0.0,0.0,0.0,0.0,0.0,0.0,0.0,0.0,0.0,0.0,0.0,0.0,5.0,5.0,0.0,100.0,100.0
147A,pass@8,0.0,0.0,0.0,0.0,0.0,0.0,0.0,0.0,0.0,0.0,0.0,0.0,0.0,7.0,7.0,0.0,100.0,100.0
147A,pass@9,0.0,0.0,0.0,0.0,0.0,0.0,0.0,0.0,0.0,0.0,0.0,0.0,0.0,4.0,4.0,0.0,100.0,100.0
147A,pass@10,0.0,0.0,0.0,0.0,0.0,0.0,0.0,0.0,0.0,0.0,0.0,0.0,0.0,5.0,5.0,0.0,100.0,100.0
147A,pass@11,0.0,0.0,0.0,0.0,0.0,0.0,0.0,0.0,0.0,0.0,0.0,0.0,0.0,6.0,6.0,0.0,100.0,100.0
147A,pass@12,0.0,0.0,0.0,0.0,0.0,0.0,0.0,0.0,0.0,0.0,0.0,0.0,1.0,9.0,9.0,22.22,100.0,100.0
147A,pass@13,0.0,0.0,0.0,0.0,0.0,0.0,0.0,0.0,0.0,0.0,0.0,0.0,0.0,5.0,5.0,0.0,100.0,100.0
147A,pass@14,0.0,0.0,0.0,0.0,0.0,0.0,0.0,0.0,0.0,0.0,0.0,0.0,0.0,5.0,5.0,0.0,100.0,100.0
147A,pass@15,0.0,0.0,0.0,0.0,0.0,0.0,0.0,0.0,0.0,0.0,0.0,0.0,1.0,7.0,7.0,28.57,100.0,100.0
147A,pass@16,0.0,0.0,0.0,0.0,0.0,0.0,0.0,0.0,0.0,0.0,0.0,0.0,0.0,5.0,5.0,0.0,100.0,100.0
147A,pass@17,0.0,0.0,0.0,0.0,0.0,0.0,0.0,0.0,0.0,0.0,0.0,0.0,0.0,5.0,5.0,0.0,100.0,100.0
147A,pass@18,0.0,0.0,0.0,0.0,0.0,0.0,0.0,0.0,0.0,0.0,0.0,0.0,0.0,6.0,6.0,0.0,100.0,100.0
147A,pass@19,0.0,0.0,0.0,0.0,0.0,0.0,0.0,0.0,0.0,0.0,0.0,0.0,1.0,8.0,8.0,37.5,100.0,100.0
147A,pass@20,0.0,0.0,0.0,0.0,0.0,0.0,0.0,0.0,0.0,0.0,0.0,0.0,0.0,5.0,5.0,0.0,100.0,100.0
147A,pass@21,0.0,0.0,0.0,0.0,0.0,0.0,0.0,0.0,0.0,0.0,0.0,0.0,0.0,6.0,6.0,0.0,100.0,100.0
147A,pass@22,0.0,0.0,0.0,0.0,0.0,0.0,0.0,0.0,0.0,0.0,0.0,0.0,1.0,8.0,8.0,25.0,100.0,100.0
147A,pass@23,0.0,0.0,0.0,0.0,0.0,0.0,0.0,0.0,0.0,0.0,0.0,0.0,0.0,5.0,5.0,0.0,100.0,100.0
147A,pass@24,0.0,0.0,0.0,0.0,0.0,0.0,0.0,0.0,0.0,0.0,0.0,0.0,0.0,5.0,5.0,0.0,100.0,100.0
147A,pass@25,0.0,0.0,0.0,0.0,0.0,0.0,0.0,0.0,0.0,0.0,0.0,0.0,0.0,6.0,6.0,0.0,100.0,100.0
147A,pass@26,0.0,0.0,0.0,0.0,0.0,0.0,0.0,0.0,0.0,0.0,0.0,0.0,0.0,5.0,5.0,0.0,100.0,100.0
147A,pass@27,0.0,0.0,0.0,0.0,0.0,0.0,0.0,0.0,0.0,0.0,0.0,0.0,0.0,6.0,6.0,0.0,100.0,100.0
147A,pass@28,0.0,0.0,0.0,0.0,0.0,0.0,0.0,0.0,0.0,0.0,0.0,0.0,1.0,9.0,9.0,33.33,100.0,100.0
147A,pass@29,0.0,0.0,0.0,0.0,0.0,0.0,0.0,0.0,0.0,0.0,0.0,0.0,0.0,7.0,7.0,0.0,100.0,100.0
147A,pass@30,0.0,0.0,0.0,0.0,0.0,0.0,0.0,0.0,0.0,0.0,0.0,0.0,0.0,5.0,5.0,0.0,100.0,100.0
147A,pass@31,0.0,0.0,0.0,0.0,0.0,0.0,0.0,0.0,0.0,0.0,0.0,0.0,0.0,5.0,5.0,0.0,100.0,100.0
147A,pass@32,0.0,0.0,0.0,0.0,0.0,0.0,0.0,0.0,0.0,0.0,0.0,0.0,1.0,8.0,8.0,37.5,100.0,100.0
15E,pass@1,6.0,11.0,7.0,14.0,17.0,21.0,53.56,85.84,3.82,327.74,18.21,0.0286,3.0,13.0,13.0,0.0,61.76,61.76
15E,pass@2,5.0,10.0,6.0,12.0,15.0,18.0,44.83,70.32,3.0,210.97,11.72,0.0234,3.0,10.0,10.0,0.0,64.85,64.85
15E,pass@3,6.0,12.0,7.0,14.0,18.0,21.0,58.53,87.57,3.5,306.49,17.03,0.0292,3.0,10.0,10.0,0.0,64.18,64.18
15E,pass@4,5.0,10.0,6.0,12.0,15.0,18.0,44.83,70.32,3.0,210.97,11.72,0.0234,3.0,10.0,10.0,0.0,64.85,64.85
15E,pass@5,6.0,12.0,7.0,14.0,18.0,21.0,58.53,87.57,3.5,306.49,17.03,0.0292,3.0,10.0,10.0,0.0,64.18,64.18
15E,pass@6,6.0,15.0,12.0,24.0,21.0,36.0,74.11,158.12,4.8,758.99,42.17,0.0527,3.0,11.0,12.0,18.18,83.26,83.26
15E,pass@7,5.0,12.0,7.0,14.0,17.0,21.0,54.63,85.84,2.92,250.36,13.91,0.0286,3.0,10.0,10.0,0.0,64.24,64.24
15E,pass@8,5.0,12.0,7.0,14.0,17.0,21.0,54.63,85.84,2.92,250.36,13.91,0.0286,3.0,10.0,10.0,0.0,64.24,64.24
15E,pass@9,6.0,12.0,7.0,14.0,18.0,21.0,58.53,87.57,3.5,306.49,17.03,0.0292,3.0,10.0,10.0,0.0,64.18,64.18
15E,pass@10,6.0,13.0,9.0,18.0,19.0,27.0,63.62,114.69,4.15,476.42,26.47,0.0382,3.0,10.0,10.0,0.0,63.36,63.36
15E,pass@11,4.0,9.0,5.0,10.0,13.0,15.0,36.53,55.51,2.22,123.35,6.85,0.0185,3.0,12.0,12.0,0.0,63.84,63.84
15E,pass@12,6.0,13.0,8.0,16.0,19.0,24.0,63.62,101.95,3.69,376.43,20.91,0.034,4.0,12.0,12.0,0.0,61.86,61.86
15E,pass@13,6.0,15.0,14.0,28.0,21.0,42.0,74.11,184.48,5.6,1033.07,57.39,0.0615,4.0,14.0,14.0,0.0,58.59,58.59
15E,pass@14,5.0,10.0,6.0,12.0,15.0,18.0,44.83,70.32,3.0,210.97,11.72,0.0234,3.0,10.0,10.0,0.0,64.85,64.85
15E,pass@15,5.0,12.0,7.0,14.0,17.0,21.0,54.63,85.84,2.92,250.36,13.91,0.0286,3.0,10.0,10.0,0.0,64.24,64.24
15E,pass@16,5.0,12.0,9.0,18.0,17.0,27.0,54.63,110.36,3.75,413.86,22.99,0.0368,3.0,12.0,12.0,0.0,61.75,61.75
15E,pass@17,6.0,12.0,7.0,14.0,18.0,21.0,58.53,87.57,3.5,306.49,17.03,0.0292,3.0,10.0,10.0,0.0,64.18,64.18
15E,pass@18,4.0,10.0,6.0,12.0,14.0,18.0,41.22,68.53,2.4,164.48,9.14,0.0228,3.0,10.0,10.0,0.0,64.93,64.93
15E,pass@19,4.0,11.0,7.0,14.0,15.0,21.0,46.05,82.04,2.55,208.84,11.6,0.0273,3.0,10.0,10.0,0.0,64.38,64.38
15E,pass@20,5.0,13.0,8.0,16.0,18.0,24.0,59.72,100.08,3.08,307.93,17.11,0.0334,3.0,10.0,10.0,0.0,63.78,63.78
15E,pass@21,6.0,15.0,13.0,26.0,21.0,39.0,74.11,171.3,5.2,890.76,49.49,0.0571,3.0,12.0,12.0,0.0,60.41,60.41
15E,pass@22,5.0,11.0,6.0,12.0,16.0,18.0,49.66,72.0,2.73,196.36,10.91,0.024,3.0,10.0,10.0,0.0,64.78,64.78
15E,pass@23,5.0,11.0,6.0,12.0,16.0,18.0,49.66,72.0,2.73,196.36,10.91,0.024,3.0,10.0,10.0,0.0,64.78,64.78
15E,pass@24,5.0,11.0,6.0,12.0,16.0,18.0,49.66,72.0,2.73,196.36,10.91,0.024,3.0,10.0,10.0,0.0,64.78,64.78
15E,pass@25,6.0,11.0,7.0,14.0,17.0,21.0,53.56,85.84,3.82,327.74,18.21,0.0286,3.0,10.0,10.0,0.0,64.24,64.24
15E,pass@26,6.0,16.0,11.0,22.0,22.0,33.0,79.51,147.16,4.12,607.04,33.72,0.0491,3.0,14.0,14.0,0.0,59.42,59.42
15E,pass@27,5.0,11.0,6.0,12.0,16.0,18.0,49.66,72.0,2.73,196.36,10.91,0.024,3.0,10.0,10.0,0.0,64.78,64.78
15E,pass@28,6.0,15.0,13.0,26.0,21.0,39.0,74.11,171.3,5.2,890.76,49.49,0.0571,3.0,12.0,12.0,0.0,60.41,60.41
15E,pass@29,6.0,12.0,7.0,14.0,18.0,21.0,58.53,87.57,3.5,306.49,17.03,0.0292,3.0,10.0,10.0,0.0,64.18,64.18
15E,pass@30,6.0,12.0,7.0,14.0,18.0,21.0,58.53,87.57,3.5,306.49,17.03,0.0292,3.0,10.0,10.0,0.0,64.18,64.18
15E,pass@31,6.0,11.0,7.0,14.0,17.0,21.0,53.56,85.84,3.82,327.74,18.21,0.0286,3.0,10.0,10.0,0.0,64.24,64.24
15E,pass@32,6.0,13.0,10.0,20.0,19.0,30.0,63.62,127.44,4.62,588.17,32.68,0.0425,4.0,13.0,13.0,0.0,60.42,60.42
151A,pass@1,3.0,12.0,6.0,12.0,15.0,18.0,47.77,70.32,1.5,105.49,5.86,0.0234,1.0,12.0,12.0,0.0,63.26,63.39
151A,pass@2,2.0,12.0,7.0,14.0,14.0,21.0,45.02,79.95,1.17,93.28,5.18,0.0267,0.0,8.0,8.0,0.0,66.84,66.98
151A,pass@3,3.0,14.0,8.0,16.0,17.0,24.0,58.06,98.1,1.71,168.17,9.34,0.0327,1.0,11.0,11.0,0.0,63.07,63.2
151A,pass@4,2.0,12.0,7.0,14.0,14.0,21.0,45.02,79.95,1.17,93.28,5.18,0.0267,1.0,12.0,12.0,0.0,63.0,63.0
151A,pass@5,3.0,14.0,8.0,16.0,17.0,24.0,58.06,98.1,1.71,168.17,9.34,0.0327,1.0,14.0,14.0,0.0,60.78,60.92
151A,pass@6,2.0,12.0,7.0,14.0,14.0,21.0,45.02,79.95,1.17,93.28,5.18,0.0267,1.0,12.0,12.0,0.0,63.0,63.0
151A,pass@7,2.0,12.0,7.0,14.0,14.0,21.0,45.02,79.95,1.17,93.28,5.18,0.0267,0.0,9.0,9.0,0.0,65.73,65.86
151A,pass@8,3.0,14.0,8.0,16.0,17.0,24.0,58.06,98.1,1.71,168.17,9.34,0.0327,1.0,20.0,20.0,0.0,57.4,57.54
151A,pass@9,3.0,14.0,8.0,16.0,17.0,24.0,58.06,98.1,1.71,168.17,9.34,0.0327,1.0,20.0,20.0,0.0,57.4,57.54
151A,pass@10,3.0,14.0,8.0,16.0,17.0,24.0,58.06,98.1,1.71,168.17,9.34,0.0327,1.0,11.0,11.0,0.0,63.07,63.2
151A,pass@11,3.0,14.0,7.0,14.0,17.0,21.0,58.06,85.84,1.5,128.76,7.15,0.0286,1.0,12.0,12.0,0.0,62.65,62.78
151A,pass@12,3.0,14.0,8.0,16.0,17.0,24.0,58.06,98.1,1.71,168.17,9.34,0.0327,1.0,11.0,11.0,0.0,63.07,63.2
151A,pass@13,3.0,14.0,8.0,16.0,17.0,24.0,58.06,98.1,1.71,168.17,9.34,0.0327,1.0,19.0,19.0,0.0,57.89,58.03
151A,pass@14,2.0,10.0,5.0,10.0,12.0,15.0,35.22,53.77,1.0,53.77,2.99,0.0179,0.0,6.0,6.0,0.0,70.77,70.91
151A,pass@15,2.0,12.0,7.0,14.0,14.0,21.0,45.02,79.95,1.17,93.28,5.18,0.0267,1.0,12.0,12.0,0.0,63.0,63.0
151A,pass@16,3.0,14.0,8.0,16.0,17.0,24.0,58.06,98.1,1.71,168.17,9.34,0.0327,1.0,20.0,20.0,0.0,57.4,57.54
151A,pass@17,3.0,14.0,8.0,16.0,17.0,24.0,58.06,98.1,1.71,168.17,9.34,0.0327,1.0,14.0,14.0,0.0,60.78,60.92
151A,pass@18,3.0,14.0,8.0,16.0,17.0,24.0,58.06,98.1,1.71,168.17,9.34,0.0327,1.0,13.0,13.0,0.0,61.49,61.62
151A,pass@19,3.0,12.0,6.0,12.0,15.0,18.0,47.77,70.32,1.5,105.49,5.86,0.0234,1.0,10.0,10.0,0.0,64.98,65.12
151A,pass@20,3.0,16.0,9.0,18.0,19.0,27.0,68.75,114.69,1.69,193.55,10.75,0.0382,1.0,12.0,12.0,0.0,61.77,61.9
151A,pass@21,2.0,12.0,7.0,14.0,14.0,21.0,45.02,79.95,1.17,93.28,5.18,0.0267,0.0,8.0,8.0,0.0,66.84,66.98
151A,pass@22,3.0,14.0,8.0,16.0,17.0,24.0,58.06,98.1,1.71,168.17,9.34,0.0327,1.0,19.0,19.0,0.0,57.89,58.03
151A,pass@23,3.0,14.0,8.0,16.0,17.0,24.0,58.06,98.1,1.71,168.17,9.34,0.0327,1.0,19.0,19.0,0.0,57.89,58.03
151A,pass@24,2.0,12.0,6.0,12.0,14.0,18.0,45.02,68.53,1.0,68.53,3.81,0.0228,0.0,7.0,7.0,0.0,68.58,68.71
151A,pass@25,3.0,14.0,8.0,16.0,17.0,24.0,58.06,98.1,1.71,168.17,9.34,0.0327,1.0,10.0,10.0,0.0,63.97,64.11
151A,pass@26,3.0,14.0,8.0,16.0,17.0,24.0,58.06,98.1,1.71,168.17,9.34,0.0327,1.0,21.0,21.0,0.0,56.94,57.08
151A,pass@27,3.0,14.0,8.0,16.0,17.0,24.0,58.06,98.1,1.71,168.17,9.34,0.0327,1.0,11.0,11.0,0.0,63.07,63.2
151A,pass@28,3.0,14.0,8.0,16.0,17.0,24.0,58.06,98.1,1.71,168.17,9.34,0.0327,1.0,14.0,14.0,0.0,60.78,60.92
151A,pass@29,2.0,12.0,7.0,14.0,14.0,21.0,45.02,79.95,1.17,93.28,5.18,0.0267,1.0,11.0,11.0,0.0,63.82,63.82
151A,pass@30,3.0,14.0,8.0,16.0,17.0,24.0,58.06,98.1,1.71,168.17,9.34,0.0327,1.0,13.0,13.0,0.0,61.49,61.62
151A,pass@31,2.0,12.0,7.0,14.0,14.0,21.0,45.02,79.95,1.17,93.28,5.18,0.0267,1.0,12.0,12.0,0.0,63.0,63.0
151A,pass@32,3.0,14.0,8.0,16.0,17.0,24.0,58.06,98.1,1.71,168.17,9.34,0.0327,1.0,11.0,11.0,0.0,63.07,63.2
166A,pass@1,6.0,8.0,8.0,15.0,14.0,23.0,39.51,87.57,5.62,492.58,27.37,0.0292,0.0,16.0,16.0,0.0,59.33,60.13
166A,pass@2,7.0,16.0,16.0,29.0,23.0,45.0,83.65,203.56,6.34,1291.34,71.74,0.0679,6.0,27.0,27.0,0.0,51.67,51.8
166A,pass@3,5.0,12.0,13.0,23.0,17.0,36.0,54.63,147.15,4.79,705.09,39.17,0.049,0.0,17.0,18.0,0.0,56.63,57.44
166A,pass@4,8.0,11.0,10.0,18.0,19.0,28.0,62.05,118.94,6.55,778.53,43.25,0.0396,0.0,16.0,17.0,0.0,57.82,58.63
166A,pass@5,5.0,8.0,7.0,13.0,13.0,20.0,35.61,74.01,4.06,300.66,16.7,0.0247,0.0,16.0,16.0,0.0,59.84,60.64
166A,pass@6,6.0,10.0,11.0,19.0,16.0,30.0,48.73,120.0,5.7,684.0,38.0,0.04,5.0,19.0,20.0,0.0,56.25,56.39
166A,pass@7,5.0,11.0,11.0,21.0,16.0,32.0,49.66,128.0,4.77,610.91,33.94,0.0427,0.0,17.0,17.0,0.0,57.6,58.4
166A,pass@8,5.0,12.0,9.0,17.0,17.0,26.0,54.63,106.27,3.54,376.39,20.91,0.0354,0.0,17.0,18.0,0.0,57.62,58.43
166A,pass@9,5.0,9.0,8.0,15.0,14.0,23.0,40.14,87.57,4.17,364.87,20.27,0.0292,0.0,16.0,17.0,0.0,58.62,59.56
166A,pass@10,6.0,18.0,18.0,33.0,24.0,51.0,90.57,233.83,5.5,1286.08,71.45,0.0779,6.0,26.0,26.0,0.0,51.61,51.74
166A,pass@11,7.0,10.0,7.0,13.0,17.0,20.0,52.87,81.75,4.55,371.96,20.66,0.0272,0.0,15.0,16.0,0.0,59.4,60.34
166A,pass@12,3.0,7.0,6.0,11.0,10.0,17.0,24.41,56.47,2.36,133.11,7.4,0.0188,5.0,20.0,21.0,0.0,58.08,58.22
166A,pass@13,5.0,12.0,13.0,23.0,17.0,36.0,54.63,147.15,4.79,705.09,39.17,0.049,0.0,16.0,17.0,0.0,57.17,57.98
166A,pass@14,6.0,9.0,8.0,14.0,15.0,22.0,44.04,85.95,4.67,401.11,22.28,0.0287,0.0,16.0,17.0,0.0,58.81,59.62
166A,pass@15,6.0,15.0,12.0,22.0,21.0,34.0,74.11,149.34,4.4,657.09,36.51,0.0498,5.0,26.0,26.0,0.0,53.1,53.24
166A,pass@16,6.0,9.0,8.0,14.0,15.0,22.0,44.04,85.95,4.67,401.11,22.28,0.0287,0.0,14.0,15.0,0.0,60.13,60.8
166A,pass@17,5.0,8.0,7.0,13.0,13.0,20.0,35.61,74.01,4.06,300.66,16.7,0.0247,0.0,16.0,16.0,0.0,59.84,60.64
166A,pass@18,7.0,20.0,18.0,35.0,27.0,53.0,106.09,252.01,6.12,1543.56,85.75,0.084,8.0,20.0,21.0,0.0,53.13,53.27
166A,pass@19,6.0,12.0,10.0,19.0,18.0,29.0,58.53,120.93,4.75,574.41,31.91,0.0403,0.0,14.0,14.0,0.0,59.61,60.42
166A,pass@20,7.0,12.0,9.0,17.0,19.0,26.0,62.67,110.45,4.96,547.63,30.42,0.0368,0.0,14.0,15.0,0.0,59.1,60.04
166A,pass@21,6.0,9.0,8.0,14.0,15.0,22.0,44.04,85.95,4.67,401.11,22.28,0.0287,0.0,16.0,17.0,0.0,58.81,59.62
166A,pass@22,6.0,9.0,8.0,14.0,15.0,22.0,44.04,85.95,4.67,401.11,22.28,0.0287,0.0,16.0,17.0,0.0,58.81,59.62
166A,pass@23,5.0,8.0,7.0,13.0,13.0,20.0,35.61,74.01,4.06,300.66,16.7,0.0247,0.0,14.0,14.0,0.0,61.24,61.91
166A,pass@24,5.0,12.0,10.0,19.0,17.0,29.0,54.63,118.54,3.96,469.21,26.07,0.0395,6.0,18.0,19.0,0.0,56.64,56.78
166A,pass@25,4.0,8.0,7.0,13.0,12.0,20.0,32.0,71.7,3.25,233.02,12.95,0.0239,5.0,19.0,20.0,0.0,57.82,57.95
166A,pass@26,4.0,6.0,4.0,7.0,10.0,11.0,23.51,36.54,2.33,85.26,4.74,0.0122,0.0,11.0,12.0,27.27,90.8,91.33
166A,pass@27,6.0,15.0,15.0,28.0,21.0,43.0,74.11,188.87,5.6,1057.67,58.76,0.063,6.0,22.0,22.0,0.0,53.84,53.97
166A,pass@28,5.0,10.0,9.0,16.0,15.0,25.0,44.83,97.67,4.0,390.69,21.7,0.0326,0.0,17.0,18.0,0.0,57.88,58.69
166A,pass@29,7.0,15.0,15.0,27.0,22.0,42.0,78.25,187.3,6.3,1179.97,65.55,0.0624,5.0,22.0,23.0,0.0,53.58,53.71
166A,pass@30,5.0,13.0,11.0,21.0,18.0,32.0,59.72,133.44,4.04,538.88,29.94,0.0445,5.0,21.0,22.0,0.0,55.03,55.16
166A,pass@31,6.0,18.0,13.0,24.0,24.0,37.0,90.57,169.64,4.0,678.57,37.7,0.0565,6.0,24.0,25.0,0.0,52.95,53.09
166A,pass@32,5.0,13.0,11.0,21.0,18.0,32.0,59.72,133.44,4.04,538.88,29.94,0.0445,5.0,19.0,20.0,0.0,55.93,56.07
168C,pass@1,10.0,41.0,38.0,74.0,51.0,112.0,252.88,635.31,9.02,5733.3,318.52,0.2118,3.0,155.0,155.0,0.0,32.06,32.19
168C,pass@2,6.0,65.0,52.0,104.0,71.0,156.0,406.96,959.36,4.8,4604.93,255.83,0.3198,4.0,40.0,40.0,0.0,43.5,43.63
168C,pass@3,7.0,46.0,33.0,66.0,53.0,99.0,273.74,567.06,5.02,2847.65,158.2,0.189,4.0,34.0,34.0,0.0,46.1,46.77
168C,pass@4,9.0,39.0,26.0,52.0,48.0,78.0,234.66,435.63,6.0,2613.76,145.21,0.1452,7.0,38.0,38.0,0.0,45.98,46.12
168C,pass@6,9.0,25.0,18.0,36.0,34.0,54.0,144.63,274.72,6.48,1780.2,98.9,0.0916,4.0,50.0,50.0,2.0,53.64,53.77
168C,pass@7,11.0,47.0,35.0,70.0,58.0,105.0,299.12,615.09,8.19,5038.49,279.92,0.205,4.0,44.0,44.0,0.0,43.95,44.08
168C,pass@8,10.0,55.0,41.0,80.0,65.0,121.0,351.19,728.71,7.27,5299.68,294.43,0.2429,7.0,51.0,51.0,0.0,41.63,41.77
168C,pass@9,8.0,34.0,30.0,60.0,42.0,90.0,196.97,485.31,7.06,3425.71,190.32,0.1618,6.0,30.0,30.0,0.0,48.16,48.16
168C,pass@10,7.0,36.0,32.0,64.0,43.0,96.0,205.77,520.92,6.22,3241.29,180.07,0.1736,9.0,37.0,37.0,0.0,45.56,45.56
168C,pass@11,8.0,50.0,43.0,86.0,58.0,129.0,306.19,755.68,6.88,5199.08,288.84,0.2519,9.0,53.0,53.0,0.0,40.89,41.02
168C,pass@13,8.0,25.0,23.0,45.0,33.0,68.0,140.1,343.02,7.2,2469.74,137.21,0.1143,4.0,53.0,53.0,0.0,44.1,44.1
168C,pass@15,9.0,59.0,56.0,110.0,68.0,166.0,375.61,1010.52,8.39,8478.08,471.0,0.3368,7.0,38.0,38.0,0.0,43.29,43.56
168C,pass@16,7.0,36.0,43.0,86.0,43.0,129.0,205.77,699.99,8.36,5852.68,325.15,0.2333,3.0,40.0,40.0,0.0,44.59,44.73
168C,pass@17,7.0,30.0,26.0,51.0,37.0,77.0,166.86,401.13,5.95,2386.71,132.6,0.1337,6.0,52.0,52.0,1.92,51.82,51.82
168C,pass@18,9.0,114.0,119.0,238.0,123.0,357.0,807.48,2478.48,9.39,23284.65,1293.59,0.8262,12.0,62.0,63.0,0.0,35.5,35.37
168C,pass@19,8.0,57.0,44.0,88.0,65.0,132.0,356.47,794.95,6.18,4909.18,272.73,0.265,5.0,33.0,33.0,0.0,45.76,45.89
168C,pass@20,8.0,51.0,37.0,74.0,59.0,111.0,313.29,652.97,5.8,3789.81,210.54,0.2177,11.0,39.0,39.0,0.0,43.97,44.1
168C,pass@21,10.0,33.0,29.0,57.0,43.0,86.0,199.68,466.66,8.64,4030.23,223.9,0.1556,4.0,38.0,38.0,0.0,46.18,46.31
168C,pass@22,11.0,54.0,47.0,93.0,65.0,140.0,348.82,843.13,9.47,7986.33,443.68,0.281,10.0,55.0,55.0,0.0,40.07,40.2
168C,pass@23,11.0,82.0,103.0,204.0,93.0,307.0,559.37,2007.52,13.68,27468.77,1526.04,0.6692,18.0,93.0,93.0,0.0,31.38,31.51
168C,pass@24,9.0,44.0,37.0,73.0,53.0,110.0,268.74,630.07,7.47,4704.05,261.34,0.21,6.0,41.0,41.0,0.0,44.28,44.41
168C,pass@25,12.0,60.0,57.0,111.0,72.0,168.0,397.43,1036.55,11.1,11505.68,639.2,0.3455,10.0,42.0,42.0,11.9,61.16,61.3
168C,pass@26,13.0,195.0,177.0,352.0,208.0,529.0,1531.54,4073.53,11.73,47796.12,2655.34,1.3578,16.0,116.0,116.0,0.0,27.4,27.54
168C,pass@27,7.0,28.0,24.0,48.0,35.0,72.0,154.26,369.31,6.0,2215.85,123.1,0.1231,4.0,29.0,29.0,0.0,49.45,49.58
168C,pass@28,6.0,20.0,16.0,32.0,26.0,48.0,101.95,225.62,4.8,1082.98,60.17,0.0752,3.0,25.0,25.0,8.0,68.66,68.8
168C,pass@29,8.0,43.0,31.0,62.0,51.0,93.0,257.33,527.54,5.77,3042.53,169.03,0.1758,7.0,46.0,46.0,15.22,64.74,64.87
168C,pass@30,11.0,74.0,59.0,114.0,85.0,173.0,497.55,1108.82,8.47,9395.04,521.95,0.3696,4.0,76.0,76.0,0.0,36.98,37.11
168C,pass@31,9.0,36.0,26.0,52.0,45.0,78.0,214.65,428.36,6.5,2784.37,154.69,0.1428,10.0,42.0,42.0,0.0,45.09,44.82
168C,pass@32,7.0,49.0,42.0,84.0,56.0,126.0,294.77,731.73,6.0,4390.36,243.91,0.2439,4.0,29.0,31.0,0.0,46.74,46.87
173A,pass@1,3.0,10.0,6.0,12.0,13.0,18.0,37.97,66.61,1.8,119.89,6.66,0.0222,4.0,15.0,16.0,0.0,60.43,60.43
173A,pass@2,3.0,9.0,6.0,12.0,12.0,18.0,33.28,64.53,2.0,129.06,7.17,0.0215,4.0,17.0,18.0,0.0,59.41,59.41
173A,pass@3,3.0,11.0,17.0,34.0,14.0,51.0,42.81,194.18,4.64,900.27,50.01,0.0647,11.0,27.0,27.0,0.0,51.27,51.27
173A,pass@4,5.0,29.0,24.0,50.0,34.0,74.0,152.49,376.47,4.31,1622.73,90.15,0.1255,14.0,14.0,14.0,0.0,55.08,55.08
173A,pass@5,3.0,10.0,6.0,12.0,13.0,18.0,37.97,66.61,1.8,119.89,6.66,0.0222,4.0,17.0,18.0,0.0,59.31,59.31
173A,pass@6,5.0,20.0,15.0,31.0,25.0,46.0,98.05,213.62,3.88,827.77,45.99,0.0712,9.0,20.0,20.0,0.0,54.1,54.1
173A,pass@7,3.0,10.0,6.0,12.0,13.0,18.0,37.97,66.61,1.8,119.89,6.66,0.0222,4.0,24.0,21.0,0.0,57.85,57.85
173A,pass@8,7.0,29.0,26.0,53.0,36.0,79.0,160.53,408.42,6.4,2612.51,145.14,0.1361,14.0,20.0,20.0,0.0,51.45,51.45
173A,pass@9,5.0,29.0,24.0,50.0,34.0,74.0,152.49,376.47,4.31,1622.73,90.15,0.1255,14.0,17.0,17.0,0.0,53.24,53.24
173A,pass@10,4.0,23.0,26.0,52.0,27.0,78.0,112.04,370.88,4.52,1677.03,93.17,0.1236,14.0,26.0,26.0,0.0,49.26,49.26
173A,pass@11,4.0,26.0,22.0,44.0,30.0,66.0,130.21,323.85,3.38,1096.12,60.9,0.108,10.0,27.0,27.0,3.7,61.21,61.21
173A,pass@12,7.0,41.0,26.0,53.0,48.0,79.0,239.31,441.21,4.52,1996.22,110.9,0.1471,6.0,24.0,24.0,0.0,50.57,50.57
173A,pass@13,8.0,68.0,55.0,113.0,76.0,168.0,437.95,1049.65,6.65,6977.1,387.62,0.3499,27.0,43.0,43.0,0.0,39.58,39.58
173A,pass@14,6.0,23.0,19.0,37.0,29.0,56.0,119.55,272.05,4.83,1312.92,72.94,0.0907,12.0,25.0,25.0,0.0,50.98,50.84
173A,pass@15,3.0,11.0,17.0,34.0,14.0,51.0,42.81,194.18,4.64,900.27,50.01,0.0647,11.0,28.0,28.0,0.0,50.93,50.93
173A,pass@16,5.0,20.0,15.0,31.0,25.0,46.0,98.05,213.62,3.88,827.77,45.99,0.0712,9.0,17.0,17.0,0.0,55.64,55.64
173A,pass@17,3.0,11.0,17.0,34.0,14.0,51.0,42.81,194.18,4.64,900.27,50.01,0.0647,11.0,22.0,28.0,0.0,50.93,50.93
173A,pass@18,3.0,11.0,17.0,34.0,14.0,51.0,42.81,194.18,4.64,900.27,50.01,0.0647,11.0,19.0,25.0,0.0,52.0,52.0
173A,pass@19,5.0,31.0,25.0,52.0,36.0,77.0,165.19,398.08,4.19,1669.39,92.74,0.1327,14.0,20.0,20.0,0.0,51.4,51.53
173A,pass@20,3.0,10.0,6.0,12.0,13.0,18.0,37.97,66.61,1.8,119.89,6.66,0.0222,4.0,20.0,17.0,10.0,77.67,77.67
173A,pass@21,5.0,20.0,15.0,31.0,25.0,46.0,98.05,213.62,3.88,827.77,45.99,0.0712,9.0,19.0,19.0,0.0,54.58,54.58
173A,pass@22,3.0,10.0,6.0,12.0,13.0,18.0,37.97,66.61,1.8,119.89,6.66,0.0222,4.0,21.0,23.0,0.0,56.99,56.99
173A,pass@23,3.0,10.0,6.0,12.0,13.0,18.0,37.97,66.61,1.8,119.89,6.66,0.0222,4.0,16.0,17.0,0.0,59.85,59.85
173A,pass@24,3.0,10.0,6.0,12.0,13.0,18.0,37.97,66.61,1.8,119.89,6.66,0.0222,4.0,16.0,17.0,0.0,59.85,59.85
173A,pass@25,3.0,10.0,6.0,12.0,13.0,18.0,37.97,66.61,1.8,119.89,6.66,0.0222,4.0,19.0,20.0,0.0,58.31,58.31
173A,pass@26,6.0,23.0,19.0,37.0,29.0,56.0,119.55,272.05,4.83,1312.92,72.94,0.0907,4.0,22.0,22.0,0.0,53.13,53.13
173A,pass@27,4.0,8.0,10.0,16.0,12.0,26.0,32.0,93.21,4.0,372.84,20.71,0.0311,4.0,18.0,19.0,0.0,57.78,57.78
173A,pass@28,5.0,24.0,16.0,33.0,29.0,49.0,121.65,238.04,3.44,818.27,45.46,0.0793,2.0,26.0,26.0,0.0,52.09,52.22
173A,pass@29,5.0,21.0,16.0,33.0,26.0,49.0,103.85,230.32,3.93,904.83,50.27,0.0768,9.0,21.0,21.0,0.0,53.41,53.41
173A,pass@30,3.0,11.0,17.0,34.0,14.0,51.0,42.81,194.18,4.64,900.27,50.01,0.0647,11.0,27.0,27.0,0.0,51.27,51.27
173A,pass@31,3.0,10.0,6.0,12.0,13.0,18.0,37.97,66.61,1.8,119.89,6.66,0.0222,4.0,16.0,17.0,0.0,59.85,59.85
173A,pass@32,3.0,11.0,17.0,34.0,14.0,51.0,42.81,194.18,4.64,900.27,50.01,0.0647,11.0,25.0,25.0,0.0,52.0,52.0
175C,pass@1,6.0,18.0,17.0,34.0,24.0,51.0,90.57,233.83,5.67,1325.05,73.61,0.0779,5.0,27.0,29.0,0.0,50.71,50.84
175C,pass@2,7.0,18.0,18.0,34.0,25.0,52.0,94.71,241.48,6.61,1596.45,88.69,0.0805,5.0,34.0,35.0,0.0,48.83,48.96
175C,pass@3,8.0,21.0,20.0,39.0,29.0,59.0,116.24,286.62,7.43,2129.18,118.29,0.0955,0.0,31.0,33.0,0.0,48.46,49.67
175C,pass@4,8.0,13.0,13.0,25.0,21.0,38.0,72.11,166.91,7.69,1283.91,71.33,0.0556,6.0,21.0,22.0,0.0,54.21,54.35
175C,pass@5,7.0,22.0,17.0,32.0,29.0,49.0,117.76,238.04,5.09,1211.85,67.32,0.0793,8.0,33.0,33.0,0.0,49.02,49.16
175C,pass@6,5.0,21.0,16.0,32.0,26.0,48.0,103.85,225.62,3.81,859.51,47.75,0.0752,4.0,28.0,30.0,0.0,50.63,50.76
175C,pass@7,6.0,24.0,20.0,40.0,30.0,60.0,125.55,294.41,5.0,1472.07,81.78,0.0981,4.0,30.0,32.0,0.0,49.21,49.34
175C,pass@8,7.0,20.0,17.0,33.0,27.0,50.0,106.09,237.74,5.78,1372.97,76.28,0.0792,5.0,24.0,25.0,0.0,52.06,52.2
175C,pass@9,8.0,20.0,17.0,33.0,28.0,50.0,110.44,240.37,6.6,1586.43,88.13,0.0801,5.0,25.0,26.0,8.0,67.83,67.96
175C,pass@10,7.0,29.0,31.0,61.0,36.0,92.0,160.53,475.63,7.36,3501.64,194.54,0.1585,8.0,32.0,34.0,0.0,46.64,46.77
175C,pass@11,7.0,23.0,20.0,40.0,30.0,60.0,123.69,294.41,6.09,1792.08,99.56,0.0981,10.0,43.0,44.0,0.0,45.52,45.52
175C,pass@12,7.0,14.0,14.0,28.0,21.0,42.0,72.95,184.48,7.0,1291.34,71.74,0.0615,6.0,25.0,27.0,0.0,52.1,52.1
175C,pass@13,8.0,33.0,32.0,63.0,41.0,95.0,190.47,508.97,7.64,3886.66,215.93,0.1697,6.0,23.0,25.0,0.0,49.61,49.75
175C,pass@14,9.0,23.0,24.0,45.0,32.0,69.0,132.57,345.0,8.8,3037.5,168.75,0.115,10.0,41.0,42.0,0.0,45.34,45.48
175C,pass@15,8.0,29.0,31.0,60.0,37.0,91.0,164.88,474.06,8.28,3923.26,217.96,0.158,8.0,40.0,41.0,0.0,44.87,45.01
175C,pass@16,7.0,16.0,13.0,26.0,23.0,39.0,83.65,176.42,5.69,1003.38,55.74,0.0588,6.0,25.0,26.0,4.0,64.24,64.37
175C,pass@17,7.0,24.0,23.0,44.0,31.0,67.0,129.69,331.93,6.42,2129.89,118.33,0.1106,6.0,33.0,35.0,0.0,47.72,47.86
175C,pass@18,8.0,16.0,15.0,29.0,24.0,44.0,88.0,201.74,7.25,1462.6,81.26,0.0672,6.0,20.0,21.0,0.0,54.08,54.21
175C,pass@19,4.0,14.0,11.0,22.0,18.0,33.0,61.3,137.61,3.14,432.48,24.03,0.0459,3.0,21.0,22.0,0.0,55.2,55.34
175C,pass@20,5.0,15.0,12.0,24.0,20.0,36.0,70.21,155.59,4.0,622.36,34.58,0.0519,5.0,28.0,30.0,0.0,51.62,51.76
175C,pass@21,7.0,22.0,19.0,38.0,29.0,57.0,117.76,276.9,6.05,1674.02,93.0,0.0923,6.0,36.0,38.0,0.0,47.5,47.63
175C,pass@22,6.0,17.0,15.0,30.0,23.0,45.0,85.0,203.56,5.29,1077.67,59.87,0.0679,7.0,33.0,35.0,0.0,49.08,49.21
175C,pass@23,8.0,16.0,17.0,30.0,24.0,47.0,88.0,215.49,7.5,1616.2,89.79,0.0718,8.0,31.0,32.0,0.0,49.48,49.75
175C,pass@24,6.0,15.0,14.0,27.0,21.0,41.0,74.11,180.09,5.4,972.46,54.03,0.06,5.0,27.0,28.0,0.0,51.83,51.97
175C,pass@25,7.0,25.0,30.0,59.0,32.0,89.0,135.75,445.0,8.26,3675.7,204.21,0.1483,7.0,33.0,35.0,0.0,46.83,46.83
175C,pass@26,5.0,13.0,14.0,26.0,18.0,40.0,59.72,166.8,5.0,833.99,46.33,0.0556,6.0,32.0,33.0,0.0,50.51,50.51
175C,pass@27,6.0,24.0,20.0,40.0,30.0,60.0,125.55,294.41,5.0,1472.07,81.78,0.0981,5.0,25.0,27.0,0.0,50.68,50.82
175C,pass@28,7.0,22.0,26.0,51.0,29.0,77.0,117.76,374.06,8.11,3035.02,168.61,0.1247,7.0,34.0,36.0,17.65,69.32,69.45
175C,pass@29,7.0,20.0,20.0,38.0,27.0,58.0,106.09,275.78,6.65,1833.96,101.89,0.0919,6.0,36.0,37.0,0.0,47.9,47.9
175C,pass@30,8.0,30.0,34.0,63.0,38.0,97.0,171.21,509.05,8.4,4276.01,237.56,0.1697,8.0,36.0,38.0,2.78,55.27,55.41
175C,pass@31,6.0,17.0,16.0,31.0,23.0,47.0,85.0,212.61,5.47,1163.09,64.62,0.0709,6.0,32.0,33.0,0.0,49.77,49.77
175C,pass@32,3.0,13.0,10.0,20.0,16.0,30.0,52.86,120.0,2.31,276.92,15.38,0.04,5.0,27.0,28.0,0.0,53.07,53.2
177D1,pass@1,3.0,14.0,10.0,20.0,17.0,30.0,58.06,122.62,2.14,262.77,14.6,0.0409,3.0,14.0,16.0,0.0,58.71,58.71
177D1,pass@2,3.0,10.0,6.0,12.0,13.0,18.0,37.97,66.61,1.8,119.89,6.66,0.0222,0.0,7.0,7.0,0.0,68.39,68.8
177D1,pass@3,3.0,12.0,8.0,16.0,15.0,24.0,47.77,93.77,2.0,187.53,10.42,0.0313,3.0,12.0,15.0,0.0,60.13,60.13
177D1,pass@4,3.0,14.0,10.0,20.0,17.0,30.0,58.06,122.62,2.14,262.77,14.6,0.0409,3.0,16.0,19.0,0.0,57.08,57.08
177D1,pass@5,3.0,12.0,8.0,16.0,15.0,24.0,47.77,93.77,2.0,187.53,10.42,0.0313,3.0,12.0,15.0,0.0,60.13,60.13
177D1,pass@6,4.0,16.0,13.0,26.0,20.0,39.0,72.0,168.56,3.25,547.8,30.43,0.0562,4.0,22.0,24.0,0.0,53.76,53.76
177D1,pass@7,3.0,10.0,6.0,12.0,13.0,18.0,37.97,66.61,1.8,119.89,6.66,0.0222,0.0,7.0,7.0,0.0,68.39,68.8
177D1,pass@8,3.0,14.0,10.0,20.0,17.0,30.0,58.06,122.62,2.14,262.77,14.6,0.0409,3.0,14.0,16.0,0.0,58.71,58.71
177D1,pass@9,3.0,12.0,8.0,16.0,15.0,24.0,47.77,93.77,2.0,187.53,10.42,0.0313,3.0,12.0,15.0,0.0,60.13,60.13
177D1,pass@10,3.0,10.0,6.0,12.0,13.0,18.0,37.97,66.61,1.8,119.89,6.66,0.0222,3.0,10.0,10.0,30.0,91.52,91.52
177D1,pass@11,3.0,12.0,8.0,16.0,15.0,24.0,47.77,93.77,2.0,187.53,10.42,0.0313,3.0,12.0,15.0,0.0,60.13,60.13
177D1,pass@12,3.0,10.0,6.0,12.0,13.0,18.0,37.97,66.61,1.8,119.89,6.66,0.0222,3.0,11.0,12.0,0.0,63.29,63.29
177D1,pass@13,3.0,10.0,6.0,12.0,13.0,18.0,37.97,66.61,1.8,119.89,6.66,0.0222,0.0,7.0,7.0,0.0,68.39,68.8
177D1,pass@14,4.0,16.0,13.0,26.0,20.0,39.0,72.0,168.56,3.25,547.8,30.43,0.0562,4.0,23.0,26.0,0.0,53.0,53.0
177D1,pass@15,3.0,10.0,6.0,12.0,13.0,18.0,37.97,66.61,1.8,119.89,6.66,0.0222,0.0,7.0,7.0,0.0,68.39,68.8
177D1,pass@16,3.0,10.0,6.0,12.0,13.0,18.0,37.97,66.61,1.8,119.89,6.66,0.0222,3.0,10.0,10.0,0.0,65.01,65.01
177D1,pass@17,3.0,14.0,10.0,20.0,17.0,30.0,58.06,122.62,2.14,262.77,14.6,0.0409,3.0,12.0,15.0,0.0,59.32,59.32
177D1,pass@18,3.0,14.0,10.0,20.0,17.0,30.0,58.06,122.62,2.14,262.77,14.6,0.0409,3.0,14.0,16.0,0.0,58.71,58.71
177D1,pass@19,3.0,10.0,6.0,12.0,13.0,18.0,37.97,66.61,1.8,119.89,6.66,0.0222,3.0,10.0,10.0,0.0,65.01,65.01
177D1,pass@20,4.0,16.0,11.0,22.0,20.0,33.0,72.0,142.62,2.75,392.21,21.79,0.0475,4.0,17.0,19.0,0.0,56.48,56.48
177D1,pass@21,4.0,17.0,13.0,26.0,21.0,39.0,77.49,171.3,3.06,523.98,29.11,0.0571,3.0,15.0,17.0,20.0,80.5,80.5
177D1,pass@22,3.0,14.0,10.0,20.0,17.0,30.0,58.06,122.62,2.14,262.77,14.6,0.0409,3.0,14.0,16.0,0.0,58.71,58.71
177D1,pass@23,3.0,14.0,10.0,20.0,17.0,30.0,58.06,122.62,2.14,262.77,14.6,0.0409,3.0,12.0,15.0,0.0,59.32,59.32
177D1,pass@24,3.0,14.0,10.0,20.0,17.0,30.0,58.06,122.62,2.14,262.77,14.6,0.0409,3.0,14.0,16.0,0.0,58.71,58.71
177D1,pass@25,3.0,10.0,6.0,12.0,13.0,18.0,37.97,66.61,1.8,119.89,6.66,0.0222,3.0,11.0,12.0,27.27,89.1,89.1
177D1,pass@26,4.0,35.0,27.0,54.0,39.0,81.0,187.52,428.12,3.09,1321.05,73.39,0.1427,5.0,21.0,23.0,0.0,51.2,51.2
177D1,pass@27,3.0,10.0,6.0,12.0,13.0,18.0,37.97,66.61,1.8,119.89,6.66,0.0222,3.0,11.0,12.0,0.0,63.29,63.29
177D1,pass@28,3.0,14.0,10.0,20.0,17.0,30.0,58.06,122.62,2.14,262.77,14.6,0.0409,3.0,15.0,17.0,0.0,58.13,58.13
177D1,pass@29,3.0,10.0,6.0,12.0,13.0,18.0,37.97,66.61,1.8,119.89,6.66,0.0222,0.0,7.0,7.0,0.0,68.39,68.8
177D1,pass@30,3.0,14.0,10.0,20.0,17.0,30.0,58.06,122.62,2.14,262.77,14.6,0.0409,3.0,14.0,16.0,0.0,58.71,58.71
177D1,pass@31,3.0,10.0,6.0,12.0,13.0,18.0,37.97,66.61,1.8,119.89,6.66,0.0222,3.0,10.0,10.0,0.0,65.01,65.01
177D1,pass@32,4.0,13.0,11.0,22.0,17.0,33.0,56.11,134.89,3.38,456.54,25.36,0.045,2.0,15.0,18.0,0.0,57.3,57.43
177B1,pass@1,6.0,11.0,9.0,18.0,17.0,27.0,53.56,110.36,4.91,541.77,30.1,0.0368,1.0,12.0,12.0,0.0,62.02,62.02
177B1,pass@3,6.0,8.0,8.0,16.0,14.0,24.0,39.51,91.38,6.0,548.26,30.46,0.0305,4.0,13.0,13.0,0.0,61.43,61.43
177B1,pass@4,6.0,8.0,8.0,16.0,14.0,24.0,39.51,91.38,6.0,548.26,30.46,0.0305,2.0,24.0,24.0,0.0,55.89,55.89
177B1,pass@5,5.0,8.0,6.0,12.0,13.0,18.0,35.61,66.61,3.75,249.78,13.88,0.0222,4.0,13.0,13.0,0.0,62.39,62.39
177B1,pass@6,6.0,7.0,7.0,13.0,13.0,20.0,35.16,74.01,5.57,412.33,22.91,0.0247,4.0,10.0,10.0,0.0,64.56,64.56
177B1,pass@7,6.0,10.0,8.0,16.0,16.0,24.0,48.73,96.0,4.8,460.8,25.6,0.032,5.0,14.0,14.0,0.0,60.45,60.45
177B1,pass@8,6.0,9.0,7.0,13.0,15.0,20.0,44.04,78.14,4.33,338.6,18.81,0.026,2.0,15.0,15.0,0.0,60.82,60.82
177B1,pass@9,6.0,10.0,10.0,20.0,16.0,30.0,48.73,120.0,6.0,720.0,40.0,0.04,6.0,18.0,18.0,0.0,57.25,57.25
177B1,pass@10,7.0,17.0,14.0,28.0,24.0,42.0,89.14,192.57,5.76,1110.1,61.67,0.0642,1.0,19.0,19.0,0.0,55.97,55.97
177B1,pass@11,6.0,8.0,8.0,16.0,14.0,24.0,39.51,91.38,6.0,548.26,30.46,0.0305,4.0,13.0,13.0,0.0,61.43,61.43
177B1,pass@12,6.0,10.0,10.0,20.0,16.0,30.0,48.73,120.0,6.0,720.0,40.0,0.04,5.0,17.0,17.0,0.0,57.93,57.93
177B1,pass@13,6.0,10.0,7.0,14.0,16.0,21.0,48.73,84.0,4.2,352.8,19.6,0.028,2.0,13.0,13.0,0.0,61.96,61.96
177B1,pass@14,5.0,8.0,6.0,12.0,13.0,18.0,35.61,66.61,3.75,249.78,13.88,0.0222,4.0,13.0,13.0,0.0,62.39,62.39
177B1,pass@15,6.0,10.0,8.0,16.0,16.0,24.0,48.73,96.0,4.8,460.8,25.6,0.032,2.0,14.0,14.0,0.0,60.85,60.85
177B1,pass@16,5.0,9.0,7.0,14.0,14.0,21.0,40.14,79.95,3.89,310.93,17.27,0.0267,4.0,10.0,10.0,0.0,64.32,64.32
177B1,pass@17,6.0,10.0,8.0,16.0,16.0,24.0,48.73,96.0,4.8,460.8,25.6,0.032,2.0,14.0,14.0,0.0,60.85,60.85
177B1,pass@18,6.0,10.0,7.0,14.0,16.0,21.0,48.73,84.0,4.2,352.8,19.6,0.028,2.0,13.0,13.0,0.0,61.96,61.96
177B1,pass@19,5.0,11.0,9.0,18.0,16.0,27.0,49.66,108.0,4.09,441.82,24.55,0.036,1.0,14.0,14.0,0.0,60.63,60.63
177B1,pass@21,4.0,8.0,6.0,12.0,12.0,18.0,32.0,64.53,3.0,193.59,10.75,0.0215,1.0,12.0,12.0,0.0,63.65,63.65
177B1,pass@22,5.0,7.0,5.0,9.0,12.0,14.0,31.26,50.19,3.21,161.32,8.96,0.0167,5.0,12.0,12.0,0.0,63.88,63.88
177B1,pass@23,6.0,9.0,6.0,11.0,15.0,17.0,44.04,66.42,3.67,243.53,13.53,0.0221,2.0,12.0,12.0,0.0,63.43,63.43
177B1,pass@24,5.0,8.0,7.0,14.0,13.0,21.0,35.61,77.71,4.38,339.98,18.89,0.0259,1.0,12.0,12.0,0.0,63.09,63.09
177B1,pass@25,5.0,8.0,6.0,12.0,13.0,18.0,35.61,66.61,3.75,249.78,13.88,0.0222,4.0,12.0,12.0,0.0,63.15,63.15
177B1,pass@26,6.0,10.0,10.0,20.0,16.0,30.0,48.73,120.0,6.0,720.0,40.0,0.04,1.0,14.0,14.0,0.0,60.31,60.31
177B1,pass@27,6.0,9.0,7.0,13.0,15.0,20.0,44.04,78.14,4.33,338.6,18.81,0.026,2.0,14.0,14.0,0.0,61.48,61.48
177B1,pass@28,6.0,9.0,8.0,16.0,15.0,24.0,44.04,93.77,5.33,500.08,27.78,0.0313,1.0,12.0,12.0,0.0,62.52,62.52
177B1,pass@29,4.0,6.0,5.0,10.0,10.0,15.0,23.51,49.83,3.33,166.1,9.23,0.0166,4.0,11.0,11.0,0.0,64.86,64.86
177B1,pass@30,6.0,9.0,7.0,13.0,15.0,20.0,44.04,78.14,4.33,338.6,18.81,0.026,2.0,14.0,14.0,0.0,61.48,61.48
177B1,pass@31,6.0,9.0,7.0,13.0,15.0,20.0,44.04,78.14,4.33,338.6,18.81,0.026,2.0,13.0,13.0,0.0,62.18,62.18
177B1,pass@32,5.0,7.0,7.0,14.0,12.0,21.0,31.26,75.28,5.0,376.42,20.91,0.0251,4.0,14.0,14.0,0.0,61.32,61.32
177B2,pass@1,6.0,9.0,6.0,11.0,15.0,17.0,44.04,66.42,3.67,243.53,13.53,0.0221,2.0,13.0,13.0,0.0,62.67,62.67
177B2,pass@2,6.0,9.0,6.0,11.0,15.0,17.0,44.04,66.42,3.67,243.53,13.53,0.0221,2.0,13.0,13.0,0.0,62.67,62.67
177B2,pass@3,7.0,13.0,10.0,20.0,20.0,30.0,67.76,129.66,5.38,698.16,38.79,0.0432,1.0,22.0,22.0,0.0,55.79,55.79
177B2,pass@4,7.0,9.0,8.0,15.0,16.0,23.0,48.18,92.0,5.83,536.67,29.81,0.0307,2.0,14.0,14.0,0.0,60.98,60.98
177B2,pass@5,6.0,9.0,6.0,11.0,15.0,17.0,44.04,66.42,3.67,243.53,13.53,0.0221,2.0,14.0,14.0,0.0,61.97,61.97
177B2,pass@6,6.0,8.0,7.0,14.0,14.0,21.0,39.51,79.95,5.25,419.76,23.32,0.0267,4.0,12.0,12.0,0.0,62.6,62.6
177B2,pass@7,6.0,10.0,8.0,16.0,16.0,24.0,48.73,96.0,4.8,460.8,25.6,0.032,2.0,14.0,14.0,0.0,60.85,60.85
177B2,pass@8,6.0,9.0,7.0,13.0,15.0,20.0,44.04,78.14,4.33,338.6,18.81,0.026,2.0,14.0,14.0,0.0,61.48,61.48
177B2,pass@9,6.0,11.0,9.0,18.0,17.0,27.0,53.56,110.36,4.91,541.77,30.1,0.0368,6.0,19.0,19.0,0.0,56.99,56.99
177B2,pass@10,4.0,8.0,6.0,12.0,12.0,18.0,32.0,64.53,3.0,193.59,10.75,0.0215,4.0,10.0,10.0,0.0,64.98,64.98
177B2,pass@11,4.0,6.0,5.0,10.0,10.0,15.0,23.51,49.83,3.33,166.1,9.23,0.0166,4.0,12.0,12.0,0.0,64.03,64.03
177B2,pass@12,5.0,8.0,7.0,14.0,13.0,21.0,35.61,77.71,4.38,339.98,18.89,0.0259,4.0,14.0,14.0,0.0,61.22,61.22
177B2,pass@13,5.0,9.0,7.0,14.0,14.0,21.0,40.14,79.95,3.89,310.93,17.27,0.0267,6.0,12.0,12.0,0.0,62.33,62.33
177B2,pass@14,6.0,10.0,8.0,16.0,16.0,24.0,48.73,96.0,4.8,460.8,25.6,0.032,2.0,14.0,14.0,0.0,60.85,60.85
177B2,pass@15,5.0,8.0,7.0,14.0,13.0,21.0,35.61,77.71,4.38,339.98,18.89,0.0259,4.0,14.0,14.0,0.0,61.22,61.22
177B2,pass@16,6.0,10.0,8.0,16.0,16.0,24.0,48.73,96.0,4.8,460.8,25.6,0.032,2.0,14.0,14.0,0.0,60.85,60.85
177B2,pass@17,4.0,6.0,4.0,8.0,10.0,12.0,23.51,39.86,2.67,106.3,5.91,0.0133,4.0,8.0,8.0,0.0,68.55,68.55
177B2,pass@18,5.0,10.0,8.0,16.0,15.0,24.0,44.83,93.77,4.0,375.06,20.84,0.0313,1.0,12.0,12.0,0.0,62.52,62.52
177B2,pass@19,8.0,12.0,17.0,34.0,20.0,51.0,67.02,220.42,11.33,2498.07,138.78,0.0735,7.0,17.0,17.0,0.0,55.81,55.81
177B2,pass@20,8.0,12.0,11.0,21.0,20.0,32.0,67.02,138.3,7.0,968.11,53.78,0.0461,2.0,20.0,20.0,0.0,56.36,56.36
177B2,pass@21,5.0,9.0,7.0,14.0,14.0,21.0,40.14,79.95,3.89,310.93,17.27,0.0267,4.0,10.0,10.0,0.0,64.32,64.32
177B2,pass@22,6.0,9.0,7.0,13.0,15.0,20.0,44.04,78.14,4.33,338.6,18.81,0.026,2.0,14.0,14.0,0.0,61.48,61.48
177B2,pass@23,6.0,10.0,8.0,16.0,16.0,24.0,48.73,96.0,4.8,460.8,25.6,0.032,2.0,14.0,14.0,0.0,60.85,60.85
177B2,pass@24,6.0,9.0,9.0,18.0,15.0,27.0,44.04,105.49,6.0,632.92,35.16,0.0352,5.0,15.0,15.0,0.0,59.51,59.51
177B2,pass@25,6.0,12.0,10.0,20.0,18.0,30.0,58.53,125.1,5.0,625.49,34.75,0.0417,1.0,14.0,14.0,0.0,60.18,60.18
177B2,pass@26,7.0,9.0,8.0,16.0,16.0,24.0,48.18,96.0,6.22,597.33,33.19,0.032,1.0,16.0,16.0,0.0,59.72,59.72
177B2,pass@27,4.0,9.0,7.0,14.0,13.0,21.0,36.53,77.71,3.11,241.76,13.43,0.0259,1.0,11.0,11.0,0.0,63.91,63.91
177B2,pass@28,6.0,10.0,8.0,16.0,16.0,24.0,48.73,96.0,4.8,460.8,25.6,0.032,4.0,13.0,13.0,0.0,61.28,61.28
177B2,pass@29,7.0,10.0,10.0,20.0,17.0,30.0,52.87,122.62,7.0,858.37,47.69,0.0409,4.0,12.0,12.0,0.0,61.3,61.3
177B2,pass@30,6.0,14.0,12.0,24.0,20.0,36.0,68.81,155.59,5.14,800.17,44.45,0.0519,1.0,21.0,21.0,0.0,55.67,55.67
177B2,pass@31,6.0,10.0,8.0,16.0,16.0,24.0,48.73,96.0,4.8,460.8,25.6,0.032,1.0,17.0,17.0,0.0,59.14,59.14
177B2,pass@32,6.0,10.0,8.0,16.0,16.0,24.0,48.73,96.0,4.8,460.8,25.6,0.032,2.0,14.0,14.0,0.0,60.85,60.85
183A,pass@1,3.0,7.0,7.0,12.0,10.0,19.0,24.41,63.12,2.57,162.3,9.02,0.021,6.0,28.0,25.0,0.0,56.09,56.09
183A,pass@2,6.0,30.0,38.0,72.0,36.0,110.0,162.72,568.69,7.2,4094.58,227.48,0.1896,15.0,48.0,49.0,0.0,41.69,41.82
183A,pass@3,3.0,8.0,8.0,16.0,11.0,24.0,28.75,83.03,3.0,249.08,13.84,0.0277,7.0,18.0,18.0,0.0,58.1,58.24
183A,pass@4,4.0,26.0,17.0,34.0,30.0,51.0,130.21,250.25,2.62,654.5,36.36,0.0834,6.0,23.0,24.0,0.0,52.29,52.29
183A,pass@5,3.0,8.0,8.0,16.0,11.0,24.0,28.75,83.03,3.0,249.08,13.84,0.0277,7.0,20.0,21.0,0.0,56.78,56.78
183A,pass@6,5.0,18.0,14.0,28.0,23.0,42.0,86.67,189.99,3.89,738.85,41.05,0.0633,7.0,25.0,25.0,0.0,52.47,52.61
183A,pass@7,2.0,7.0,5.0,8.0,9.0,13.0,21.65,41.21,1.14,47.1,2.62,0.0137,4.0,21.0,17.0,0.0,61.18,61.31
183A,pass@8,4.0,10.0,9.0,18.0,14.0,27.0,41.22,102.8,3.6,370.07,20.56,0.0343,10.0,20.0,20.0,0.0,56.05,56.19
183A,pass@9,2.0,5.0,4.0,6.0,7.0,10.0,13.61,28.07,1.2,33.69,1.87,0.0094,4.0,26.0,23.0,0.0,59.62,59.62
183A,pass@10,4.0,13.0,15.0,26.0,17.0,41.0,56.11,167.59,4.0,670.34,37.24,0.0559,0.0,21.0,21.0,0.0,54.24,55.58
183A,pass@11,3.0,7.0,7.0,12.0,10.0,19.0,24.41,63.12,2.57,162.3,9.02,0.021,8.0,31.0,27.0,0.0,54.96,55.1
183A,pass@12,7.0,14.0,14.0,26.0,21.0,40.0,72.95,175.69,6.5,1142.0,63.44,0.0586,15.0,17.0,17.0,0.0,55.29,55.42
183A,pass@13,5.0,18.0,15.0,28.0,23.0,43.0,86.67,194.51,3.89,756.44,42.02,0.0648,6.0,24.0,20.0,0.0,54.65,54.79
183A,pass@14,3.0,13.0,12.0,24.0,16.0,36.0,52.86,144.0,2.77,398.77,22.15,0.048,7.0,20.0,20.0,25.0,80.59,80.72
183A,pass@15,5.0,16.0,14.0,28.0,21.0,42.0,75.61,184.48,4.38,807.09,44.84,0.0615,6.0,22.0,23.0,0.0,53.49,53.62
183A,pass@16,3.0,10.0,17.0,34.0,13.0,51.0,37.97,188.72,5.1,962.48,53.47,0.0629,0.0,24.0,24.0,0.0,52.07,53.96
183A,pass@17,3.0,8.0,8.0,16.0,11.0,24.0,28.75,83.03,3.0,249.08,13.84,0.0277,7.0,19.0,19.0,0.0,57.59,57.73
183A,pass@18,4.0,10.0,9.0,18.0,14.0,27.0,41.22,102.8,3.6,370.07,20.56,0.0343,9.0,25.0,26.0,0.0,53.7,53.84
183A,pass@19,4.0,9.0,8.0,14.0,13.0,22.0,36.53,81.41,3.11,253.27,14.07,0.0271,9.0,16.0,18.0,0.0,58.03,58.03
183A,pass@20,4.0,8.0,10.0,18.0,12.0,28.0,32.0,100.38,4.5,451.71,25.09,0.0335,8.0,23.0,24.0,0.0,54.8,54.8
183A,pass@21,5.0,19.0,17.0,34.0,24.0,51.0,92.32,233.83,4.47,1046.1,58.12,0.0779,12.0,19.0,19.0,0.0,53.77,53.9
183A,pass@22,2.0,5.0,4.0,6.0,7.0,10.0,13.61,28.07,1.2,33.69,1.87,0.0094,5.0,14.0,15.0,0.0,63.4,63.53
183A,pass@23,3.0,8.0,8.0,16.0,11.0,24.0,28.75,83.03,3.0,249.08,13.84,0.0277,7.0,24.0,25.0,0.0,55.13,55.13
183A,pass@24,3.0,11.0,8.0,14.0,14.0,22.0,42.81,83.76,1.91,159.91,8.88,0.0279,8.0,30.0,32.0,10.0,70.31,70.44
183A,pass@25,6.0,22.0,20.0,40.0,28.0,60.0,113.62,288.44,5.45,1573.32,87.41,0.0961,13.0,37.0,37.0,0.0,46.68,46.82
183A,pass@26,4.0,10.0,9.0,18.0,14.0,27.0,41.22,102.8,3.6,370.07,20.56,0.0343,7.0,26.0,27.0,0.0,53.61,53.75
183A,pass@27,4.0,11.0,7.0,12.0,15.0,19.0,46.05,74.23,2.18,161.96,9.0,0.0247,7.0,31.0,28.0,0.0,54.26,54.39
183A,pass@28,5.0,27.0,21.0,36.0,32.0,57.0,139.99,285.0,3.33,950.0,52.78,0.095,13.0,24.0,24.0,0.0,50.82,50.95
183A,pass@29,4.0,14.0,13.0,26.0,18.0,39.0,61.3,162.63,3.71,604.04,33.56,0.0542,6.0,15.0,15.0,0.0,57.92,58.05
183A,pass@30,4.0,9.0,13.0,26.0,13.0,39.0,36.53,144.32,5.78,833.83,46.32,0.0481,9.0,26.0,27.0,0.0,52.45,52.45
183A,pass@31,5.0,20.0,14.0,28.0,25.0,42.0,98.05,195.04,3.5,682.65,37.92,0.065,6.0,22.0,23.0,0.0,53.32,53.45
183A,pass@32,3.0,9.0,15.0,19.0,12.0,34.0,33.28,121.89,3.17,385.98,21.44,0.0406,1.0,36.0,32.0,0.0,52.29,52.43
185A,pass@1,6.0,18.0,13.0,26.0,24.0,39.0,90.57,178.81,4.33,774.86,43.05,0.0596,5.0,18.0,18.0,0.0,56.31,56.17
185A,pass@2,8.0,16.0,14.0,28.0,24.0,42.0,88.0,192.57,7.0,1347.98,74.89,0.0642,5.0,18.0,18.0,0.0,56.08,55.95
185A,pass@3,7.0,19.0,13.0,25.0,26.0,38.0,100.36,178.62,4.61,822.58,45.7,0.0595,5.0,17.0,17.0,0.0,56.85,56.72
185A,pass@4,6.0,21.0,20.0,40.0,27.0,60.0,107.75,285.29,5.71,1630.25,90.57,0.0951,4.0,18.0,18.0,0.0,54.89,54.89
185A,pass@5,6.0,42.0,24.0,48.0,48.0,72.0,241.99,402.12,3.43,1378.69,76.59,0.134,6.0,21.0,20.0,9.52,70.29,70.03
185A,pass@6,7.0,20.0,13.0,26.0,27.0,39.0,106.09,185.44,4.55,843.75,46.88,0.0618,5.0,17.0,17.0,0.0,56.74,56.6
185A,pass@7,7.0,20.0,14.0,28.0,27.0,42.0,106.09,199.71,4.9,978.56,54.36,0.0666,5.0,18.0,18.0,0.0,55.97,55.84
185A,pass@8,8.0,30.0,21.0,42.0,38.0,63.0,171.21,330.62,5.6,1851.47,102.86,0.1102,5.0,17.0,17.0,0.0,54.98,54.85
185A,pass@9,7.0,20.0,15.0,30.0,27.0,45.0,106.09,213.97,5.25,1123.34,62.41,0.0713,5.0,16.0,16.0,0.0,56.88,56.74
185A,pass@10,6.0,36.0,21.0,42.0,42.0,63.0,201.63,339.72,3.5,1189.01,66.06,0.1132,6.0,21.0,20.0,4.76,66.13,65.86
185A,pass@11,6.0,22.0,17.0,34.0,28.0,51.0,113.62,245.18,4.64,1136.72,63.15,0.0817,5.0,18.0,18.0,0.0,55.35,55.21
185A,pass@12,7.0,19.0,18.0,36.0,26.0,54.0,100.36,253.82,6.63,1683.25,93.51,0.0846,4.0,16.0,16.0,0.0,56.36,56.36
185A,pass@13,7.0,73.0,42.0,84.0,80.0,126.0,471.51,796.56,4.03,3208.08,178.23,0.2655,5.0,23.0,17.0,0.0,52.31,52.17
185A,pass@14,6.0,19.0,13.0,26.0,25.0,39.0,96.22,181.11,4.11,743.51,41.31,0.0604,5.0,15.0,15.0,0.0,58.0,57.86
185A,pass@15,5.0,12.0,10.0,20.0,17.0,30.0,54.63,122.62,4.17,510.93,28.39,0.0409,4.0,14.0,14.0,0.0,59.97,59.84
185A,pass@16,7.0,19.0,15.0,28.0,26.0,43.0,100.36,202.12,5.16,1042.51,57.92,0.0674,5.0,20.0,20.0,10.0,72.75,72.62
185A,pass@17,7.0,43.0,26.0,52.0,50.0,78.0,252.98,440.22,4.23,1863.26,103.51,0.1467,6.0,21.0,20.0,0.0,52.57,52.3
185A,pass@18,7.0,43.0,25.0,50.0,50.0,75.0,252.98,423.29,4.07,1722.69,95.7,0.1411,6.0,21.0,20.0,0.0,52.69,52.42
185A,pass@19,3.0,6.0,3.0,6.0,9.0,9.0,20.26,28.53,1.5,42.79,2.38,0.0095,2.0,8.0,8.0,0.0,69.84,69.84
185A,pass@20,7.0,26.0,20.0,40.0,33.0,60.0,141.86,302.66,5.38,1629.73,90.54,0.1009,5.0,19.0,19.0,0.0,54.2,54.06
185A,pass@21,8.0,15.0,12.0,24.0,23.0,36.0,82.6,162.85,6.4,1042.23,57.9,0.0543,5.0,19.0,19.0,0.0,56.08,55.95
185A,pass@22,7.0,17.0,13.0,26.0,24.0,39.0,89.14,178.81,5.35,957.18,53.18,0.0596,5.0,18.0,18.0,0.0,56.31,56.17
185A,pass@23,7.0,23.0,19.0,38.0,30.0,57.0,123.69,279.69,5.78,1617.35,89.85,0.0932,6.0,19.0,19.0,0.0,54.3,54.17
185A,pass@24,7.0,25.0,20.0,40.0,32.0,60.0,135.75,300.0,5.6,1680.0,93.33,0.1,6.0,22.0,22.0,0.0,52.7,52.56
185A,pass@25,6.0,36.0,21.0,42.0,42.0,63.0,201.63,339.72,3.5,1189.01,66.06,0.1132,6.0,20.0,19.0,5.0,66.91,66.64
185A,pass@26,8.0,24.0,23.0,46.0,32.0,69.0,134.04,345.0,7.67,2645.0,146.94,0.115,6.0,21.0,21.0,0.0,52.71,52.58
185A,pass@27,8.0,22.0,18.0,36.0,30.0,54.0,122.11,264.97,6.55,1734.36,96.35,0.0883,5.0,18.0,18.0,0.0,55.11,54.98
185A,pass@28,6.0,36.0,21.0,42.0,42.0,63.0,201.63,339.72,3.5,1189.01,66.06,0.1132,6.0,20.0,19.0,0.0,53.84,53.58
185A,pass@29,7.0,15.0,12.0,24.0,22.0,36.0,78.25,160.54,5.6,899.02,49.95,0.0535,5.0,16.0,16.0,0.0,57.75,57.62
185A,pass@30,6.0,23.0,18.0,36.0,29.0,54.0,119.55,262.33,4.7,1231.82,68.43,0.0874,5.0,17.0,17.0,0.0,55.68,55.55
185A,pass@31,6.0,39.0,22.0,44.0,45.0,66.0,221.64,362.46,3.38,1226.8,68.16,0.1208,6.0,20.0,19.0,0.0,53.65,53.38
185A,pass@32,5.0,35.0,20.0,40.0,40.0,60.0,191.13,319.32,2.86,912.33,50.69,0.1064,6.0,20.0,19.0,5.0,67.1,66.83
193C,pass@1,7.0,55.0,49.0,97.0,62.0,146.0,337.63,869.31,6.17,5366.03,298.11,0.2898,12.0,20.0,20.0,0.0,49.43,49.43
193C,pass@2,6.0,28.0,16.0,34.0,34.0,50.0,150.12,254.37,3.64,926.65,51.48,0.0848,12.0,29.0,25.0,0.0,51.05,51.05
193C,pass@3,5.0,29.0,23.0,44.0,34.0,67.0,152.49,340.86,3.79,1292.92,71.83,0.1136,25.0,49.0,52.0,0.0,41.47,41.47
193C,pass@4,6.0,27.0,17.0,31.0,33.0,48.0,143.89,242.13,3.44,834.01,46.33,0.0807,12.0,33.0,33.0,0.0,48.43,48.57
193C,pass@5,6.0,27.0,18.0,39.0,33.0,57.0,143.89,287.53,4.33,1245.97,69.22,0.0958,4.0,25.0,20.0,0.0,53.87,53.87
193C,pass@6,6.0,28.0,17.0,36.0,34.0,53.0,150.12,269.64,3.86,1040.02,57.78,0.0899,9.0,30.0,26.0,0.0,50.77,50.9
193C,pass@7,7.0,29.0,18.0,32.0,36.0,50.0,160.53,258.5,3.86,998.33,55.46,0.0862,13.0,36.0,36.0,0.0,47.14,47.41
193C,pass@8,4.0,22.0,15.0,30.0,26.0,45.0,106.11,211.52,2.73,576.87,32.05,0.0705,18.0,22.0,22.0,0.0,51.88,52.01
193C,pass@9,4.0,24.0,12.0,25.0,28.0,37.0,118.04,177.87,2.08,370.57,20.59,0.0593,12.0,28.0,23.0,0.0,52.93,52.93
193C,pass@10,4.0,23.0,13.0,24.0,27.0,37.0,112.04,175.93,2.09,367.16,20.4,0.0586,14.0,31.0,31.0,3.23,60.49,60.49
193C,pass@11,6.0,36.0,18.0,36.0,42.0,54.0,201.63,291.19,3.0,873.56,48.53,0.0971,6.0,36.0,36.0,2.78,57.89,57.89
193C,pass@12,5.0,25.0,13.0,27.0,30.0,40.0,127.71,196.28,2.7,529.94,29.44,0.0654,4.0,30.0,25.0,0.0,52.78,52.91
193C,pass@13,12.0,53.0,47.0,93.0,65.0,140.0,346.6,843.13,10.53,8876.74,493.15,0.281,21.0,36.0,31.0,0.0,43.75,44.16
193C,pass@14,6.0,37.0,28.0,55.0,43.0,83.0,208.26,450.38,4.46,2008.45,111.58,0.1501,7.0,35.0,35.0,0.0,46.8,46.8
193C,pass@15,8.0,76.0,88.0,175.0,84.0,263.0,498.84,1681.18,9.21,15484.55,860.25,0.5604,11.0,65.0,65.0,0.0,36.25,36.39
193C,pass@16,9.0,30.0,24.0,45.0,39.0,69.0,175.74,364.69,6.75,2461.68,136.76,0.1216,25.0,51.0,54.0,0.0,41.04,40.91
193C,pass@17,5.0,29.0,19.0,39.0,34.0,58.0,152.49,295.07,3.36,992.06,55.11,0.0984,15.0,25.0,20.0,0.0,52.17,52.31
193C,pass@18,6.0,25.0,15.0,28.0,31.0,43.0,131.61,213.03,3.36,715.78,39.77,0.071,13.0,36.0,34.0,0.0,48.41,48.54
193C,pass@19,5.0,26.0,13.0,27.0,31.0,40.0,133.82,198.17,2.6,514.47,28.58,0.0661,5.0,28.0,27.0,0.0,51.75,52.02
193C,pass@20,4.0,26.0,17.0,35.0,30.0,52.0,130.21,255.16,2.69,686.96,38.16,0.0851,5.0,25.0,20.0,4.0,65.6,65.87
193C,pass@21,9.0,40.0,34.0,68.0,49.0,102.0,241.41,572.7,7.65,4381.16,243.4,0.1909,20.0,34.0,29.0,8.82,62.85,62.98
193C,pass@22,4.0,23.0,13.0,24.0,27.0,37.0,112.04,175.93,2.09,367.16,20.4,0.0586,12.0,28.0,26.0,0.0,51.53,51.8
193C,pass@23,10.0,67.0,54.0,108.0,77.0,162.0,439.65,1015.22,8.06,8182.37,454.58,0.3384,26.0,41.0,40.0,7.32,55.51,56.05
193C,pass@24,4.0,23.0,18.0,34.0,27.0,52.0,112.04,247.25,2.96,731.01,40.61,0.0824,3.0,41.0,38.0,2.44,57.54,57.68
193C,pass@25,10.0,48.0,39.0,79.0,58.0,118.0,301.3,691.24,8.23,5688.34,316.02,0.2304,10.0,27.0,26.0,0.0,47.77,47.91
193C,pass@26,9.0,47.0,45.0,95.0,56.0,140.0,289.6,813.03,9.1,7395.11,410.84,0.271,20.0,41.0,41.0,0.0,41.62,41.75
193C,pass@27,7.0,29.0,24.0,49.0,36.0,73.0,160.53,377.4,5.91,2231.89,123.99,0.1258,15.0,29.0,25.0,0.0,49.31,49.45
193C,pass@28,6.0,30.0,17.0,32.0,36.0,49.0,162.72,253.33,3.2,810.64,45.04,0.0844,14.0,35.0,33.0,0.0,47.89,48.16
193C,pass@29,6.0,29.0,17.0,35.0,35.0,52.0,156.39,266.72,3.62,965.72,53.65,0.0889,5.0,29.0,25.0,0.0,51.58,51.85
193C,pass@30,4.0,24.0,12.0,25.0,28.0,37.0,118.04,177.87,2.08,370.57,20.59,0.0593,12.0,27.0,22.0,25.93,78.78,78.78
193C,pass@31,10.0,56.0,48.0,97.0,66.0,145.0,358.43,876.44,8.66,7590.57,421.7,0.2921,17.0,34.0,29.0,0.0,45.07,45.21
193E,pass@1,6.0,10.0,8.0,15.0,16.0,23.0,48.73,92.0,4.5,414.0,23.0,0.0307,5.0,14.0,14.0,0.0,60.58,60.58
193E,pass@2,5.0,9.0,7.0,13.0,14.0,20.0,40.14,76.15,3.61,274.98,15.28,0.0254,5.0,14.0,14.0,0.0,61.15,61.15
193E,pass@3,6.0,12.0,11.0,21.0,18.0,32.0,58.53,133.44,5.25,700.55,38.92,0.0445,7.0,17.0,17.0,0.0,57.34,57.34
193E,pass@4,6.0,10.0,7.0,13.0,16.0,20.0,48.73,80.0,3.9,312.0,17.33,0.0267,0.0,15.0,16.0,20.0,83.25,83.79
193E,pass@5,6.0,12.0,9.0,17.0,18.0,26.0,58.53,108.42,4.25,460.78,25.6,0.0361,6.0,19.0,20.0,0.0,56.56,56.56
193E,pass@6,6.0,10.0,8.0,15.0,16.0,23.0,48.73,92.0,4.5,414.0,23.0,0.0307,5.0,14.0,14.0,0.0,60.58,60.58
193E,pass@7,6.0,12.0,11.0,21.0,18.0,32.0,58.53,133.44,5.25,700.55,38.92,0.0445,7.0,17.0,17.0,0.0,57.34,57.34
193E,pass@8,6.0,9.0,8.0,15.0,15.0,23.0,44.04,89.86,5.0,449.29,24.96,0.03,5.0,14.0,14.0,0.0,60.65,60.65
193E,pass@9,6.0,10.0,8.0,15.0,16.0,23.0,48.73,92.0,4.5,414.0,23.0,0.0307,5.0,14.0,14.0,0.0,60.58,60.58
193E,pass@10,6.0,12.0,11.0,21.0,18.0,32.0,58.53,133.44,5.25,700.55,38.92,0.0445,7.0,17.0,17.0,5.88,71.42,71.42
193E,pass@11,6.0,12.0,11.0,21.0,18.0,32.0,58.53,133.44,5.25,700.55,38.92,0.0445,7.0,17.0,17.0,5.88,71.42,71.42
193E,pass@12,6.0,12.0,11.0,21.0,18.0,32.0,58.53,133.44,5.25,700.55,38.92,0.0445,7.0,17.0,17.0,0.0,57.34,57.34
193E,pass@13,6.0,9.0,8.0,15.0,15.0,23.0,44.04,89.86,5.0,449.29,24.96,0.03,5.0,14.0,14.0,0.0,60.65,60.65
193E,pass@14,6.0,12.0,11.0,21.0,18.0,32.0,58.53,133.44,5.25,700.55,38.92,0.0445,7.0,17.0,17.0,0.0,57.34,57.34
193E,pass@15,6.0,9.0,8.0,15.0,15.0,23.0,44.04,89.86,5.0,449.29,24.96,0.03,5.0,14.0,14.0,7.14,76.02,76.02
193E,pass@16,6.0,16.0,15.0,23.0,22.0,38.0,79.51,169.46,4.31,730.79,40.6,0.0565,6.0,19.0,20.0,0.0,55.34,55.2
193E,pass@17,6.0,10.0,8.0,15.0,16.0,23.0,48.73,92.0,4.5,414.0,23.0,0.0307,5.0,14.0,14.0,0.0,60.58,60.58
193E,pass@18,7.0,23.0,19.0,36.0,30.0,55.0,123.69,269.88,5.48,1478.47,82.14,0.09,12.0,27.0,27.0,0.0,50.27,50.14
193E,pass@19,6.0,10.0,8.0,15.0,16.0,23.0,48.73,92.0,4.5,414.0,23.0,0.0307,5.0,14.0,14.0,0.0,60.58,60.58
193E,pass@20,6.0,10.0,8.0,15.0,16.0,23.0,48.73,92.0,4.5,414.0,23.0,0.0307,5.0,14.0,14.0,0.0,60.58,60.58
193E,pass@21,6.0,12.0,11.0,21.0,18.0,32.0,58.53,133.44,5.25,700.55,38.92,0.0445,7.0,17.0,17.0,5.88,71.42,71.42
193E,pass@22,4.0,10.0,7.0,14.0,14.0,21.0,41.22,79.95,2.8,223.87,12.44,0.0267,5.0,16.0,16.0,0.0,59.74,59.74
193E,pass@23,6.0,15.0,13.0,21.0,21.0,34.0,74.11,149.34,4.2,627.22,34.85,0.0498,8.0,20.0,20.0,0.0,55.45,55.32
193E,pass@24,6.0,12.0,11.0,21.0,18.0,32.0,58.53,133.44,5.25,700.55,38.92,0.0445,7.0,17.0,17.0,0.0,57.34,57.34
193E,pass@25,6.0,10.0,8.0,15.0,16.0,23.0,48.73,92.0,4.5,414.0,23.0,0.0307,5.0,14.0,14.0,7.14,75.95,75.95
193E,pass@26,7.0,11.0,10.0,18.0,18.0,28.0,57.71,116.76,5.73,668.7,37.15,0.0389,0.0,19.0,19.0,0.0,56.82,57.63
193E,pass@27,6.0,9.0,8.0,15.0,15.0,23.0,44.04,89.86,5.0,449.29,24.96,0.03,5.0,14.0,14.0,0.0,60.65,60.65
193E,pass@28,6.0,12.0,11.0,21.0,18.0,32.0,58.53,133.44,5.25,700.55,38.92,0.0445,7.0,17.0,17.0,0.0,57.34,57.34
193E,pass@29,6.0,12.0,11.0,21.0,18.0,32.0,58.53,133.44,5.25,700.55,38.92,0.0445,7.0,17.0,17.0,0.0,57.34,57.34
193E,pass@30,6.0,10.0,8.0,15.0,16.0,23.0,48.73,92.0,4.5,414.0,23.0,0.0307,5.0,14.0,14.0,0.0,60.58,60.58
193E,pass@31,5.0,7.0,7.0,13.0,12.0,20.0,31.26,71.7,4.64,332.89,18.49,0.0239,5.0,14.0,14.0,0.0,61.33,61.33
193E,pass@32,6.0,12.0,9.0,17.0,18.0,26.0,58.53,108.42,4.25,460.78,25.6,0.0361,6.0,20.0,21.0,0.0,56.1,56.1
199A,pass@1,3.0,14.0,10.0,20.0,17.0,30.0,58.06,122.62,2.14,262.77,14.6,0.0409,11.0,29.0,29.0,0.0,52.0,52.0
199A,pass@2,5.0,11.0,8.0,13.0,16.0,21.0,49.66,84.0,2.95,248.18,13.79,0.028,5.0,16.0,16.0,0.0,59.45,59.59
199A,pass@3,6.0,13.0,8.0,14.0,19.0,22.0,63.62,93.45,3.23,301.93,16.77,0.0312,8.0,24.0,24.0,0.0,55.02,55.02
199A,pass@4,4.0,11.0,7.0,12.0,15.0,19.0,46.05,74.23,2.18,161.96,9.0,0.0247,7.0,19.0,19.0,0.0,57.93,58.07
199A,pass@5,5.0,12.0,8.0,13.0,17.0,21.0,54.63,85.84,2.71,232.47,12.92,0.0286,6.0,19.0,19.0,0.0,57.76,57.76
199A,pass@6,7.0,19.0,11.0,20.0,26.0,31.0,100.36,145.71,3.68,536.84,29.82,0.0486,8.0,25.0,25.0,0.0,53.28,53.28
199A,pass@7,5.0,15.0,11.0,20.0,20.0,31.0,70.21,133.98,3.33,446.6,24.81,0.0447,11.0,28.0,28.0,0.0,52.06,52.06
199A,pass@8,6.0,13.0,9.0,15.0,19.0,24.0,63.62,101.95,3.46,352.9,19.61,0.034,7.0,17.0,17.0,0.0,58.29,58.15
199A,pass@9,5.0,18.0,12.0,22.0,23.0,34.0,86.67,153.8,3.06,469.95,26.11,0.0513,8.0,20.0,20.0,0.0,55.23,55.23
199A,pass@10,4.0,15.0,9.0,16.0,19.0,25.0,66.6,106.2,2.13,226.56,12.59,0.0354,11.0,27.0,27.0,0.0,53.24,53.11
199A,pass@11,9.0,26.0,18.0,31.0,35.0,49.0,150.74,251.33,5.37,1348.51,74.92,0.0838,12.0,25.0,25.0,0.0,51.35,51.08
199A,pass@12,6.0,12.0,10.0,17.0,18.0,27.0,58.53,112.59,4.25,478.5,26.58,0.0375,7.0,20.0,20.0,0.0,56.18,56.31
199A,pass@13,4.0,13.0,9.0,15.0,17.0,24.0,56.11,98.1,2.31,226.38,12.58,0.0327,8.0,21.0,21.0,0.0,56.14,56.14
199A,pass@14,4.0,12.0,8.0,14.0,16.0,22.0,51.02,88.0,2.33,205.33,11.41,0.0293,8.0,17.0,17.0,0.0,58.47,58.47
199A,pass@15,5.0,16.0,15.0,24.0,21.0,39.0,75.61,171.3,3.75,642.38,35.69,0.0571,9.0,18.0,18.0,0.0,55.77,55.77
199A,pass@16,6.0,12.0,9.0,15.0,18.0,24.0,58.53,100.08,3.75,375.29,20.85,0.0334,6.0,18.0,18.0,0.0,57.67,57.8
199A,pass@17,6.0,13.0,11.0,19.0,19.0,30.0,63.62,127.44,4.38,558.77,31.04,0.0425,7.0,20.0,20.0,0.0,55.8,55.94
199A,pass@18,6.0,13.0,9.0,15.0,19.0,24.0,63.62,101.95,3.46,352.9,19.61,0.034,7.0,21.0,21.0,0.0,56.15,56.15
199A,pass@19,4.0,12.0,8.0,16.0,16.0,24.0,51.02,96.0,2.67,256.0,14.22,0.032,10.0,27.0,27.0,0.0,53.55,53.55
199A,pass@20,8.0,15.0,11.0,19.0,23.0,30.0,82.6,135.71,5.07,687.58,38.2,0.0452,7.0,14.0,14.0,0.0,59.12,59.12
199A,pass@21,4.0,15.0,11.0,19.0,19.0,30.0,66.6,127.44,2.53,322.84,17.94,0.0425,9.0,23.0,23.0,0.0,54.34,54.34
199A,pass@22,7.0,17.0,13.0,23.0,24.0,36.0,89.14,165.06,4.74,781.6,43.42,0.055,8.0,20.0,20.0,0.0,54.88,55.02
199A,pass@23,10.0,25.0,20.0,35.0,35.0,55.0,149.32,282.11,7.0,1974.77,109.71,0.094,5.0,30.0,30.0,0.0,49.81,49.95
199A,pass@24,6.0,12.0,9.0,16.0,18.0,25.0,58.53,104.25,4.0,416.99,23.17,0.0347,8.0,23.0,23.0,0.0,54.95,55.09
199A,pass@25,6.0,15.0,10.0,17.0,21.0,27.0,74.11,118.59,3.4,403.21,22.4,0.0395,9.0,24.0,24.0,0.0,54.29,54.16
199A,pass@26,4.0,12.0,7.0,12.0,16.0,19.0,51.02,76.0,2.0,152.0,8.44,0.0253,8.0,22.0,22.0,0.0,56.47,56.47
199A,pass@27,4.0,14.0,10.0,20.0,18.0,30.0,61.3,125.1,2.86,357.42,19.86,0.0417,11.0,26.0,26.0,0.0,53.1,52.97
199A,pass@28,7.0,20.0,13.0,24.0,27.0,37.0,106.09,175.93,4.2,738.91,41.05,0.0586,8.0,17.0,17.0,0.0,56.36,56.36
199A,pass@29,4.0,12.0,10.0,17.0,16.0,27.0,51.02,108.0,2.83,306.0,17.0,0.036,8.0,20.0,20.0,0.0,56.17,56.31
199A,pass@30,4.0,12.0,10.0,17.0,16.0,27.0,51.02,108.0,2.83,306.0,17.0,0.036,8.0,16.0,16.0,0.0,58.42,58.42
199A,pass@31,6.0,22.0,18.0,36.0,28.0,54.0,113.62,259.6,4.91,1274.39,70.8,0.0865,16.0,37.0,37.0,2.7,56.77,56.5
199A,pass@32,4.0,12.0,10.0,17.0,16.0,27.0,51.02,108.0,2.83,306.0,17.0,0.036,8.0,20.0,20.0,0.0,56.17,56.31
202B,pass@1,11.0,37.0,32.0,60.0,48.0,92.0,230.8,513.82,8.92,4582.69,254.59,0.1713,21.0,53.0,54.0,0.0,40.54,40.4
202B,pass@2,12.0,57.0,54.0,106.0,69.0,160.0,375.49,977.36,11.16,10905.32,605.85,0.3258,22.0,70.0,75.0,0.0,35.47,35.2
202B,pass@3,9.0,34.0,30.0,56.0,43.0,86.0,201.5,466.66,7.41,3458.76,192.15,0.1556,11.0,51.0,52.0,0.0,42.67,42.4
202B,pass@4,7.0,18.0,13.0,23.0,25.0,36.0,94.71,167.18,4.47,747.66,41.54,0.0557,15.0,38.0,39.0,0.0,47.98,47.71
202B,pass@5,9.0,30.0,18.0,34.0,39.0,52.0,175.74,274.84,5.1,1401.69,77.87,0.0916,13.0,41.0,42.0,0.0,45.23,45.76
202B,pass@6,7.0,15.0,10.0,18.0,22.0,28.0,78.25,124.86,4.2,524.43,29.13,0.0416,10.0,32.0,33.0,0.0,50.45,50.85
202B,pass@7,8.0,24.0,15.0,28.0,32.0,43.0,134.04,215.0,4.67,1003.33,55.74,0.0717,22.0,47.0,49.0,0.0,43.97,43.84
202B,pass@9,6.0,12.0,9.0,18.0,18.0,27.0,58.53,112.59,4.5,506.65,28.15,0.0375,7.0,34.0,35.0,2.94,60.51,61.18
202B,pass@10,7.0,27.0,21.0,40.0,34.0,61.0,148.03,310.34,5.19,1609.15,89.4,0.1034,11.0,37.0,40.0,0.0,46.13,46.13
202B,pass@11,9.0,26.0,20.0,35.0,35.0,55.0,150.74,282.11,6.06,1708.94,94.94,0.094,7.0,53.0,54.0,0.0,43.44,44.11
202B,pass@12,9.0,42.0,53.0,102.0,51.0,155.0,255.01,879.23,10.93,9608.68,533.82,0.2931,20.0,60.0,62.0,0.0,37.73,37.6
202B,pass@13,8.0,30.0,22.0,41.0,38.0,63.0,171.21,330.62,5.47,1807.39,100.41,0.1102,12.0,46.0,50.0,0.0,43.68,43.68
202B,pass@14,10.0,41.0,41.0,75.0,51.0,116.0,252.88,658.0,9.15,6018.3,334.35,0.2193,20.0,51.0,52.0,0.0,40.28,40.14
202B,pass@15,9.0,43.0,51.0,94.0,52.0,145.0,261.86,826.56,9.84,8131.08,451.73,0.2755,24.0,53.0,54.0,0.0,38.82,38.55
202B,pass@16,9.0,44.0,48.0,94.0,53.0,142.0,268.74,813.36,9.61,7819.39,434.41,0.2711,23.0,64.0,65.0,0.0,37.25,36.98
202B,pass@17,10.0,36.0,21.0,42.0,46.0,63.0,219.34,347.98,5.83,2029.91,112.77,0.116,16.0,53.0,59.0,0.0,41.69,41.42
202B,pass@18,9.0,34.0,38.0,74.0,43.0,112.0,201.5,607.74,9.79,5952.29,330.68,0.2026,9.0,46.0,47.0,0.0,42.28,42.82
202B,pass@19,10.0,47.0,50.0,98.0,57.0,148.0,294.28,863.27,10.43,9000.03,500.0,0.2878,23.0,77.0,80.0,0.0,34.83,34.83
202B,pass@20,7.0,21.0,17.0,32.0,28.0,49.0,111.89,235.56,5.33,1256.32,69.8,0.0785,15.0,48.0,50.0,0.0,44.72,44.31
202B,pass@21,8.0,36.0,24.0,46.0,44.0,70.0,210.12,382.16,5.11,1953.26,108.51,0.1274,12.0,39.0,44.0,0.0,44.45,44.45
202B,pass@22,9.0,35.0,43.0,84.0,44.0,127.0,208.05,693.35,10.8,7488.16,416.01,0.2311,20.0,58.0,60.0,0.0,38.63,38.63
202B,pass@23,9.0,35.0,40.0,77.0,44.0,117.0,208.05,638.75,9.9,6323.66,351.31,0.2129,22.0,59.0,61.0,0.0,38.59,38.45
202B,pass@24,8.0,24.0,20.0,40.0,32.0,60.0,134.04,300.0,6.67,2000.0,111.11,0.1,13.0,39.0,41.0,0.0,45.86,45.73
202B,pass@25,11.0,54.0,52.0,100.0,65.0,152.0,348.82,915.4,10.19,9323.52,517.97,0.3051,28.0,68.0,70.0,0.0,35.38,35.25
202B,pass@26,6.0,21.0,12.0,22.0,27.0,34.0,107.75,161.67,3.14,508.09,28.23,0.0539,16.0,44.0,46.0,0.0,46.52,46.11
202B,pass@27,7.0,23.0,19.0,36.0,30.0,55.0,123.69,269.88,5.48,1478.47,82.14,0.09,12.0,42.0,44.0,0.0,45.65,45.51
202B,pass@29,10.0,37.0,22.0,42.0,47.0,64.0,225.97,355.49,5.68,2017.67,112.09,0.1185,18.0,60.0,66.0,0.0,40.43,40.03
202B,pass@30,8.0,16.0,12.0,22.0,24.0,34.0,88.0,155.89,5.5,857.39,47.63,0.052,12.0,35.0,36.0,0.0,49.08,49.08
202B,pass@31,7.0,18.0,12.0,22.0,25.0,34.0,94.71,157.89,4.28,675.42,37.52,0.0526,12.0,32.0,33.0,0.0,49.87,49.87
202B,pass@32,8.0,36.0,37.0,67.0,44.0,104.0,210.12,567.78,7.44,4226.81,234.82,0.1893,12.0,53.0,55.0,0.0,41.27,41.14
205C,pass@1,7.0,28.0,25.0,48.0,35.0,73.0,154.26,374.44,6.0,2246.63,124.81,0.1248,1.0,23.0,24.0,0.0,51.74,51.74
205C,pass@2,8.0,28.0,23.0,43.0,36.0,66.0,158.61,341.22,6.14,2096.04,116.45,0.1137,1.0,23.0,25.0,13.04,71.53,71.53
205C,pass@3,6.0,18.0,14.0,27.0,24.0,41.0,90.57,187.98,4.5,845.93,47.0,0.0627,1.0,16.0,16.0,0.0,57.68,57.68
205C,pass@4,8.0,28.0,25.0,49.0,36.0,74.0,158.61,382.57,7.0,2678.02,148.78,0.1275,1.0,23.0,23.0,0.0,52.08,52.08
205C,pass@5,10.0,27.0,28.0,55.0,37.0,83.0,161.6,432.38,10.19,4403.92,244.66,0.1441,1.0,23.0,25.0,17.39,73.15,73.15
205C,pass@6,7.0,26.0,23.0,43.0,33.0,66.0,141.86,332.93,5.79,1927.15,107.06,0.111,1.0,23.0,24.0,0.0,52.1,52.1
205C,pass@7,8.0,32.0,25.0,49.0,40.0,74.0,184.0,393.82,6.12,2412.16,134.01,0.1313,1.0,21.0,21.0,0.0,52.85,52.85
205C,pass@8,6.0,29.0,25.0,50.0,35.0,75.0,156.39,384.7,5.17,1989.81,110.54,0.1282,1.0,22.0,23.0,0.0,52.06,52.06
205C,pass@9,10.0,35.0,31.0,62.0,45.0,93.0,212.74,510.74,8.86,4523.72,251.32,0.1702,1.0,19.0,20.0,0.0,52.52,52.52
205C,pass@10,7.0,26.0,24.0,48.0,33.0,72.0,141.86,363.2,6.46,2346.81,130.38,0.1211,1.0,20.0,21.0,0.0,53.1,53.1
205C,pass@11,8.0,20.0,13.0,26.0,28.0,39.0,110.44,187.49,5.2,974.93,54.16,0.0625,1.0,16.0,17.0,0.0,57.11,57.11
205C,pass@12,7.0,32.0,22.0,43.0,39.0,65.0,179.65,343.55,4.7,1615.76,89.76,0.1145,1.0,19.0,20.0,0.0,53.73,53.73
205C,pass@13,8.0,19.0,16.0,31.0,27.0,47.0,104.71,223.48,6.53,1458.5,81.03,0.0745,1.0,20.0,20.0,0.0,55.04,55.04
205C,pass@14,7.0,23.0,17.0,32.0,30.0,49.0,123.69,240.44,4.87,1170.83,65.05,0.0801,1.0,16.0,17.0,0.0,56.35,56.35
205C,pass@15,7.0,21.0,16.0,30.0,28.0,46.0,111.89,221.14,5.0,1105.69,61.43,0.0737,1.0,13.0,13.0,0.0,59.15,59.15
205C,pass@16,6.0,25.0,19.0,37.0,31.0,56.0,131.61,277.43,4.44,1231.81,68.43,0.0925,1.0,17.0,17.0,0.0,55.92,55.92
205C,pass@17,9.0,35.0,33.0,64.0,44.0,97.0,208.05,529.56,8.23,4357.56,242.09,0.1765,1.0,28.0,30.0,0.0,48.57,48.57
205C,pass@18,11.0,42.0,39.0,77.0,53.0,116.0,264.53,664.44,10.08,6699.76,372.21,0.2215,1.0,27.0,28.0,18.52,71.29,71.29
205C,pass@19,8.0,32.0,23.0,45.0,40.0,68.0,184.0,361.89,5.62,2035.64,113.09,0.1206,1.0,19.0,20.0,0.0,53.57,53.57
205C,pass@20,7.0,23.0,18.0,34.0,30.0,52.0,123.69,255.16,5.17,1320.17,73.34,0.0851,1.0,19.0,20.0,0.0,54.63,54.63
205C,pass@21,6.0,32.0,22.0,42.0,38.0,64.0,175.51,335.87,3.94,1322.48,73.47,0.112,1.0,17.0,17.0,0.0,55.34,55.34
205C,pass@22,6.0,21.0,16.0,32.0,27.0,48.0,107.75,228.23,4.57,1043.36,57.96,0.0761,1.0,25.0,26.0,0.0,52.49,52.49
205C,pass@23,6.0,22.0,17.0,33.0,28.0,50.0,113.62,240.37,4.5,1081.65,60.09,0.0801,1.0,17.0,17.0,0.0,56.35,56.35
205C,pass@24,8.0,31.0,22.0,42.0,39.0,64.0,177.58,338.27,5.42,1833.18,101.84,0.1128,1.0,16.0,17.0,0.0,55.31,55.31
205C,pass@25,6.0,27.0,19.0,38.0,33.0,57.0,143.89,287.53,4.22,1214.02,67.45,0.0958,1.0,18.0,19.0,0.0,54.76,54.76
205C,pass@26,7.0,24.0,20.0,38.0,31.0,58.0,129.69,287.34,5.54,1592.36,88.46,0.0958,1.0,21.0,22.0,0.0,53.37,53.37
205C,pass@27,7.0,23.0,18.0,34.0,30.0,52.0,123.69,255.16,5.17,1320.17,73.34,0.0851,1.0,18.0,20.0,0.0,54.63,54.63
205C,pass@28,7.0,24.0,17.0,33.0,31.0,50.0,129.69,247.71,4.81,1192.1,66.23,0.0826,1.0,15.0,16.0,0.0,56.84,56.84
205C,pass@29,7.0,18.0,15.0,28.0,25.0,43.0,94.71,199.69,5.44,1087.18,60.4,0.0666,1.0,21.0,22.0,0.0,54.47,54.47
205C,pass@30,7.0,37.0,29.0,53.0,44.0,82.0,212.4,447.67,5.01,2244.42,124.69,0.1492,1.0,19.0,22.0,0.0,52.02,52.02
205C,pass@31,6.0,19.0,15.0,30.0,25.0,45.0,96.22,208.97,4.74,989.87,54.99,0.0697,1.0,21.0,21.0,0.0,54.78,54.78
205C,pass@32,8.0,30.0,27.0,53.0,38.0,80.0,171.21,419.83,7.07,2966.83,164.82,0.1399,1.0,23.0,23.0,0.0,51.79,51.79
208D,pass@1,4.0,20.0,17.0,34.0,24.0,51.0,94.44,233.83,3.4,795.03,44.17,0.0779,7.0,27.0,27.0,0.0,51.25,51.25
208D,pass@2,4.0,15.0,17.0,34.0,19.0,51.0,66.6,216.64,4.53,982.12,54.56,0.0722,0.0,24.0,24.0,0.0,52.6,53.54
208D,pass@3,6.0,13.0,13.0,23.0,19.0,36.0,63.62,152.93,5.31,811.68,45.09,0.051,5.0,20.0,22.0,0.0,54.61,54.75
208D,pass@4,8.0,14.0,13.0,23.0,22.0,36.0,77.3,160.54,6.57,1054.97,58.61,0.0535,6.0,25.0,27.0,0.0,52.39,52.53
208D,pass@5,5.0,18.0,20.0,40.0,23.0,60.0,86.67,271.41,5.56,1507.85,83.77,0.0905,6.0,27.0,29.0,0.0,50.12,50.25
208D,pass@6,5.0,23.0,20.0,40.0,28.0,60.0,115.65,288.44,4.35,1254.09,69.67,0.0961,6.0,27.0,29.0,0.0,49.93,50.07
208D,pass@7,4.0,15.0,17.0,34.0,19.0,51.0,66.6,216.64,4.53,982.12,54.56,0.0722,0.0,24.0,24.0,0.0,52.6,53.54
208D,pass@8,5.0,18.0,20.0,40.0,23.0,60.0,86.67,271.41,5.56,1507.85,83.77,0.0905,7.0,30.0,32.0,0.0,49.05,49.18
208D,pass@9,6.0,24.0,21.0,42.0,30.0,63.0,125.55,309.13,5.25,1622.95,90.16,0.103,7.0,30.0,32.0,0.0,48.65,48.79
208D,pass@10,6.0,18.0,19.0,38.0,24.0,57.0,90.57,261.34,6.33,1655.17,91.95,0.0871,8.0,30.0,30.0,0.0,49.64,49.78
208D,pass@11,4.0,16.0,19.0,38.0,20.0,57.0,72.0,246.35,4.75,1170.16,65.01,0.0821,6.0,26.0,28.0,0.0,50.88,50.88
208D,pass@12,6.0,13.0,13.0,23.0,19.0,36.0,63.62,152.93,5.31,811.68,45.09,0.051,5.0,20.0,22.0,0.0,54.61,54.75
208D,pass@13,4.0,15.0,17.0,34.0,19.0,51.0,66.6,216.64,4.53,982.12,54.56,0.0722,0.0,24.0,24.0,0.0,52.6,53.54
208D,pass@14,5.0,7.0,6.0,11.0,12.0,17.0,31.26,60.94,3.93,239.42,13.3,0.0203,3.0,15.0,16.0,0.0,60.83,60.83
208D,pass@15,3.0,15.0,19.0,38.0,18.0,57.0,63.36,237.69,3.8,903.21,50.18,0.0792,7.0,28.0,30.0,0.0,50.2,50.2
208D,pass@16,5.0,17.0,18.0,36.0,22.0,54.0,81.1,240.81,5.29,1274.87,70.83,0.0803,7.0,27.0,27.0,0.0,51.02,51.16
208D,pass@17,6.0,13.0,12.0,22.0,19.0,34.0,63.62,144.43,5.08,733.26,40.74,0.0481,5.0,21.0,23.0,0.0,54.37,54.5
208D,pass@18,4.0,15.0,17.0,34.0,19.0,51.0,66.6,216.64,4.53,982.12,54.56,0.0722,0.0,24.0,24.0,0.0,52.6,53.54
208D,pass@19,4.0,15.0,17.0,34.0,19.0,51.0,66.6,216.64,4.53,982.12,54.56,0.0722,7.0,28.0,28.0,0.0,51.14,51.14
208D,pass@20,5.0,18.0,20.0,40.0,23.0,60.0,86.67,271.41,5.56,1507.85,83.77,0.0905,6.0,28.0,30.0,0.0,49.8,49.93
208D,pass@21,5.0,18.0,20.0,40.0,23.0,60.0,86.67,271.41,5.56,1507.85,83.77,0.0905,6.0,28.0,30.0,0.0,49.8,49.93
208D,pass@22,4.0,21.0,19.0,38.0,25.0,57.0,100.24,264.7,3.62,957.96,53.22,0.0882,7.0,29.0,31.0,0.0,49.56,49.56
208D,pass@23,5.0,10.0,10.0,17.0,15.0,27.0,44.83,105.49,4.25,448.32,24.91,0.0352,5.0,18.0,18.0,0.0,57.78,57.78
208D,pass@24,6.0,24.0,21.0,42.0,30.0,63.0,125.55,309.13,5.25,1622.95,90.16,0.103,7.0,30.0,32.0,0.0,48.65,48.79
208D,pass@25,6.0,12.0,10.0,19.0,18.0,29.0,58.53,120.93,4.75,574.41,31.91,0.0403,4.0,19.0,21.0,0.0,55.9,56.04
208D,pass@26,4.0,15.0,17.0,34.0,19.0,51.0,66.6,216.64,4.53,982.12,54.56,0.0722,7.0,28.0,28.0,0.0,51.14,51.14
208D,pass@27,3.0,12.0,15.0,30.0,15.0,45.0,47.77,175.81,3.75,659.29,36.63,0.0586,6.0,25.0,25.0,0.0,52.98,52.98
208D,pass@28,5.0,19.0,21.0,42.0,24.0,63.0,92.32,288.85,5.53,1596.29,88.68,0.0963,7.0,29.0,31.0,0.0,49.16,49.3
208D,pass@29,5.0,18.0,20.0,40.0,23.0,60.0,86.67,271.41,5.56,1507.85,83.77,0.0905,6.0,28.0,30.0,0.0,49.8,49.93
208D,pass@30,4.0,15.0,17.0,34.0,19.0,51.0,66.6,216.64,4.53,982.12,54.56,0.0722,0.0,24.0,24.0,0.0,52.6,53.54
208D,pass@31,5.0,24.0,21.0,42.0,29.0,63.0,121.65,306.05,4.38,1338.98,74.39,0.102,7.0,29.0,31.0,0.0,48.99,49.12
208D,pass@32,5.0,10.0,8.0,16.0,15.0,24.0,44.83,93.77,4.0,375.06,20.84,0.0313,3.0,18.0,20.0,0.0,57.27,57.41
21C,pass@1,7.0,13.0,10.0,20.0,20.0,30.0,67.76,129.66,5.38,698.16,38.79,0.0432,5.0,18.0,18.0,0.0,57.15,57.15
21C,pass@2,6.0,17.0,13.0,26.0,23.0,39.0,85.0,176.42,4.59,809.45,44.97,0.0588,5.0,23.0,24.0,0.0,53.49,53.49
21C,pass@3,6.0,15.0,12.0,24.0,21.0,36.0,74.11,158.12,4.8,758.99,42.17,0.0527,6.0,22.0,22.0,0.0,54.51,54.51
21C,pass@4,6.0,12.0,9.0,18.0,18.0,27.0,58.53,112.59,4.5,506.65,28.15,0.0375,5.0,19.0,19.0,0.0,57.07,57.07
21C,pass@5,6.0,12.0,9.0,18.0,18.0,27.0,58.53,112.59,4.5,506.65,28.15,0.0375,5.0,18.0,18.0,0.0,57.58,57.58
21C,pass@6,7.0,16.0,11.0,22.0,23.0,33.0,83.65,149.28,4.81,718.4,39.91,0.0498,4.0,19.0,20.0,0.0,55.86,55.86
21C,pass@7,6.0,16.0,11.0,22.0,22.0,33.0,79.51,147.16,4.12,607.04,33.72,0.0491,5.0,18.0,18.0,0.0,56.77,56.77
21C,pass@8,7.0,13.0,10.0,20.0,20.0,30.0,67.76,129.66,5.38,698.16,38.79,0.0432,5.0,18.0,18.0,0.0,57.15,57.15
21C,pass@9,7.0,13.0,10.0,20.0,20.0,30.0,67.76,129.66,5.38,698.16,38.79,0.0432,5.0,18.0,18.0,0.0,57.15,57.15
21C,pass@10,7.0,13.0,10.0,20.0,20.0,30.0,67.76,129.66,5.38,698.16,38.79,0.0432,5.0,18.0,18.0,0.0,57.15,57.15
21C,pass@11,8.0,19.0,15.0,29.0,27.0,44.0,104.71,209.22,6.11,1277.31,70.96,0.0697,0.0,20.0,20.0,0.0,54.56,55.37
21C,pass@12,6.0,18.0,12.0,24.0,24.0,36.0,90.57,165.06,4.0,660.23,36.68,0.055,4.0,17.0,17.0,0.0,57.09,57.09
21C,pass@13,8.0,16.0,18.0,35.0,24.0,53.0,88.0,243.0,8.75,2126.28,118.13,0.081,8.0,25.0,25.0,0.0,51.73,51.73
21C,pass@14,7.0,16.0,11.0,22.0,23.0,33.0,83.65,149.28,4.81,718.4,39.91,0.0498,4.0,19.0,20.0,0.0,55.86,55.86
21C,pass@15,7.0,12.0,10.0,19.0,19.0,29.0,62.67,123.19,5.54,682.68,37.93,0.0411,5.0,18.0,18.0,0.0,57.31,57.31
21C,pass@16,7.0,13.0,10.0,20.0,20.0,30.0,67.76,129.66,5.38,698.16,38.79,0.0432,5.0,21.0,22.0,0.0,55.25,55.25
21C,pass@17,7.0,17.0,13.0,26.0,24.0,39.0,89.14,178.81,5.35,957.18,53.18,0.0596,6.0,23.0,24.0,0.0,53.31,53.31
21C,pass@18,7.0,16.0,12.0,24.0,23.0,36.0,83.65,162.85,5.25,854.95,47.5,0.0543,5.0,18.0,18.0,0.0,56.46,56.46
21C,pass@19,7.0,13.0,10.0,20.0,20.0,30.0,67.76,129.66,5.38,698.16,38.79,0.0432,5.0,18.0,18.0,0.0,57.15,57.15
21C,pass@20,7.0,13.0,10.0,20.0,20.0,30.0,67.76,129.66,5.38,698.16,38.79,0.0432,5.0,18.0,18.0,0.0,57.15,57.15
21C,pass@21,6.0,16.0,11.0,22.0,22.0,33.0,79.51,147.16,4.12,607.04,33.72,0.0491,5.0,21.0,22.0,0.0,54.87,54.87
21C,pass@22,7.0,13.0,10.0,20.0,20.0,30.0,67.76,129.66,5.38,698.16,38.79,0.0432,5.0,20.0,21.0,0.0,55.69,55.69
21C,pass@23,6.0,12.0,9.0,18.0,18.0,27.0,58.53,112.59,4.5,506.65,28.15,0.0375,5.0,19.0,19.0,0.0,57.07,57.07
21C,pass@24,7.0,13.0,10.0,20.0,20.0,30.0,67.76,129.66,5.38,698.16,38.79,0.0432,5.0,18.0,18.0,0.0,57.15,57.15
21C,pass@25,7.0,13.0,10.0,20.0,20.0,30.0,67.76,129.66,5.38,698.16,38.79,0.0432,5.0,21.0,22.0,0.0,55.25,55.25
21C,pass@26,7.0,13.0,10.0,20.0,20.0,30.0,67.76,129.66,5.38,698.16,38.79,0.0432,5.0,18.0,18.0,0.0,57.15,57.15
21C,pass@27,7.0,13.0,10.0,20.0,20.0,30.0,67.76,129.66,5.38,698.16,38.79,0.0432,5.0,18.0,18.0,0.0,57.15,57.15
21C,pass@28,8.0,15.0,14.0,27.0,23.0,41.0,82.6,185.47,7.2,1335.36,74.19,0.0618,7.0,27.0,28.0,0.0,51.61,51.61
21C,pass@29,7.0,13.0,10.0,20.0,20.0,30.0,67.76,129.66,5.38,698.16,38.79,0.0432,5.0,20.0,21.0,0.0,55.69,55.69
21C,pass@30,7.0,13.0,10.0,20.0,20.0,30.0,67.76,129.66,5.38,698.16,38.79,0.0432,5.0,21.0,22.0,0.0,55.25,55.25
21C,pass@31,7.0,13.0,10.0,20.0,20.0,30.0,67.76,129.66,5.38,698.16,38.79,0.0432,5.0,18.0,18.0,0.0,57.15,57.15
21C,pass@32,7.0,13.0,10.0,20.0,20.0,30.0,67.76,129.66,5.38,698.16,38.79,0.0432,5.0,18.0,18.0,0.0,57.15,57.15
226A,pass@1,5.0,8.0,7.0,14.0,13.0,21.0,35.61,77.71,4.38,339.98,18.89,0.0259,2.0,8.0,8.0,0.0,66.79,66.79
226A,pass@2,4.0,8.0,6.0,12.0,12.0,18.0,32.0,64.53,3.0,193.59,10.75,0.0215,2.0,11.0,11.0,0.0,64.21,64.34
226A,pass@3,4.0,8.0,4.0,8.0,12.0,12.0,32.0,43.02,2.0,86.04,4.78,0.0143,1.0,9.0,9.0,0.0,67.48,67.61
226A,pass@4,5.0,8.0,7.0,14.0,13.0,21.0,35.61,77.71,4.38,339.98,18.89,0.0259,2.0,8.0,8.0,0.0,66.79,66.79
226A,pass@5,4.0,9.0,6.0,12.0,13.0,18.0,36.53,66.61,2.67,177.62,9.87,0.0222,2.0,8.0,8.0,0.0,67.13,67.26
226A,pass@6,4.0,6.0,5.0,10.0,10.0,15.0,23.51,49.83,3.33,166.1,9.23,0.0166,2.0,7.0,7.0,0.0,69.41,69.41
226A,pass@7,5.0,7.0,6.0,12.0,12.0,18.0,31.26,64.53,4.29,276.55,15.36,0.0215,2.0,11.0,11.0,27.27,90.16,90.16
226A,pass@8,6.0,10.0,9.0,18.0,16.0,27.0,48.73,108.0,5.4,583.2,32.4,0.036,2.0,12.0,12.0,16.67,83.84,83.84
226A,pass@9,4.0,8.0,6.0,12.0,12.0,18.0,32.0,64.53,3.0,193.59,10.75,0.0215,2.0,9.0,9.0,0.0,66.11,66.24
226A,pass@10,4.0,6.0,5.0,10.0,10.0,15.0,23.51,49.83,3.33,166.1,9.23,0.0166,2.0,6.0,6.0,0.0,70.87,70.87
226A,pass@11,5.0,12.0,10.0,20.0,17.0,30.0,54.63,122.62,4.17,510.93,28.39,0.0409,2.0,9.0,9.0,0.0,64.16,64.29
226A,pass@12,7.0,15.0,12.0,24.0,22.0,36.0,78.25,160.54,5.6,899.02,49.95,0.0535,1.0,18.0,18.0,0.0,56.91,57.04
226A,pass@13,4.0,10.0,6.0,12.0,14.0,18.0,41.22,68.53,2.4,164.48,9.14,0.0228,2.0,11.0,11.0,0.0,64.02,64.16
226A,pass@14,5.0,9.0,7.0,14.0,14.0,21.0,40.14,79.95,3.89,310.93,17.27,0.0267,2.0,14.0,14.0,7.14,76.65,76.78
226A,pass@15,4.0,7.0,4.0,8.0,11.0,12.0,27.65,41.51,2.29,94.89,5.27,0.0138,1.0,8.0,8.0,0.0,68.7,68.83
226A,pass@16,4.0,7.0,4.0,8.0,11.0,12.0,27.65,41.51,2.29,94.89,5.27,0.0138,1.0,9.0,9.0,0.0,67.58,67.72
226A,pass@17,3.0,5.0,3.0,6.0,8.0,9.0,16.36,27.0,1.8,48.6,2.7,0.009,1.0,4.0,4.0,0.0,76.71,76.71
226A,pass@18,4.0,8.0,6.0,12.0,12.0,18.0,32.0,64.53,3.0,193.59,10.75,0.0215,2.0,8.0,8.0,0.0,67.22,67.36
226A,pass@19,4.0,6.0,5.0,10.0,10.0,15.0,23.51,49.83,3.33,166.1,9.23,0.0166,2.0,11.0,11.0,27.27,90.95,90.95
226A,pass@20,4.0,7.0,4.0,8.0,11.0,12.0,27.65,41.51,2.29,94.89,5.27,0.0138,1.0,4.0,4.0,0.0,75.4,75.4
226A,pass@21,5.0,9.0,7.0,14.0,14.0,21.0,40.14,79.95,3.89,310.93,17.27,0.0267,2.0,13.0,13.0,15.38,83.21,83.34
226A,pass@22,4.0,7.0,5.0,10.0,11.0,15.0,27.65,51.89,2.86,148.26,8.24,0.0173,2.0,6.0,6.0,16.67,92.64,92.64
226A,pass@23,4.0,9.0,7.0,14.0,13.0,21.0,36.53,77.71,3.11,241.76,13.43,0.0259,2.0,13.0,13.0,7.69,77.95,78.09
226A,pass@24,4.0,7.0,4.0,8.0,11.0,12.0,27.65,41.51,2.29,94.89,5.27,0.0138,1.0,9.0,9.0,0.0,67.58,67.72
226A,pass@25,4.0,8.0,6.0,12.0,12.0,18.0,32.0,64.53,3.0,193.59,10.75,0.0215,2.0,9.0,9.0,11.11,84.74,84.87
226A,pass@26,4.0,8.0,6.0,12.0,12.0,18.0,32.0,64.53,3.0,193.59,10.75,0.0215,2.0,8.0,8.0,0.0,67.22,67.36
226A,pass@27,4.0,6.0,5.0,10.0,10.0,15.0,23.51,49.83,3.33,166.1,9.23,0.0166,2.0,7.0,7.0,0.0,69.41,69.41
226A,pass@28,4.0,8.0,6.0,12.0,12.0,18.0,32.0,64.53,3.0,193.59,10.75,0.0215,2.0,20.0,20.0,0.0,58.54,58.68
226A,pass@29,4.0,8.0,6.0,12.0,12.0,18.0,32.0,64.53,3.0,193.59,10.75,0.0215,2.0,8.0,8.0,0.0,67.22,67.36
226A,pass@30,5.0,12.0,10.0,20.0,17.0,30.0,54.63,122.62,4.17,510.93,28.39,0.0409,2.0,8.0,8.0,0.0,65.27,65.41
226A,pass@31,5.0,7.0,6.0,12.0,12.0,18.0,31.26,64.53,4.29,276.55,15.36,0.0215,2.0,11.0,11.0,0.0,64.34,64.34
226A,pass@32,6.0,13.0,10.0,20.0,19.0,30.0,63.62,127.44,4.62,588.17,32.68,0.0425,2.0,32.0,32.0,0.0,52.16,52.16
23E,pass@1,5.0,19.0,13.0,23.0,24.0,36.0,92.32,165.06,3.03,499.52,27.75,0.055,1.0,41.0,41.0,0.0,49.02,49.16
23E,pass@2,7.0,20.0,15.0,29.0,27.0,44.0,106.09,209.22,5.08,1061.77,58.99,0.0697,10.0,40.0,40.0,0.0,47.59,47.46
23E,pass@3,10.0,21.0,15.0,29.0,31.0,44.0,125.46,217.98,6.9,1505.13,83.62,0.0727,5.0,30.0,30.0,0.0,50.6,50.73
23E,pass@4,6.0,23.0,16.0,31.0,29.0,47.0,119.55,228.33,4.04,923.23,51.29,0.0761,8.0,34.0,35.0,0.0,48.73,48.73
23E,pass@5,6.0,16.0,11.0,21.0,22.0,32.0,79.51,142.7,3.94,561.89,31.22,0.0476,4.0,32.0,32.0,0.0,51.41,51.54
23E,pass@6,5.0,14.0,10.0,20.0,19.0,30.0,64.91,127.44,3.57,455.14,25.29,0.0425,4.0,27.0,27.0,18.52,76.11,76.25
23E,pass@7,5.0,15.0,10.0,20.0,20.0,30.0,70.21,129.66,3.33,432.19,24.01,0.0432,4.0,26.0,26.0,0.0,53.67,53.8
23E,pass@8,6.0,15.0,11.0,21.0,21.0,32.0,74.11,140.55,4.2,590.33,32.8,0.0469,4.0,29.0,29.0,0.0,52.39,52.52
23E,pass@9,6.0,21.0,14.0,27.0,27.0,41.0,107.75,194.95,3.86,751.95,41.78,0.065,10.0,40.0,40.0,0.0,47.81,47.67
23E,pass@10,6.0,13.0,13.0,24.0,19.0,37.0,63.62,157.17,5.54,870.5,48.36,0.0524,4.0,27.0,27.0,0.0,52.72,52.86
23E,pass@11,5.0,10.0,6.0,11.0,15.0,17.0,44.83,66.42,2.75,182.65,10.15,0.0221,3.0,24.0,24.0,0.0,56.59,56.73
23E,pass@12,9.0,29.0,21.0,40.0,38.0,61.0,169.41,320.12,6.21,1986.97,110.39,0.1067,15.0,50.0,50.0,0.0,43.51,43.38
23E,pass@13,7.0,28.0,21.0,40.0,35.0,61.0,154.26,312.89,5.0,1564.43,86.91,0.1043,2.0,37.0,37.0,0.0,47.92,48.05
23E,pass@14,7.0,24.0,16.0,31.0,31.0,47.0,129.69,232.85,4.52,1052.66,58.48,0.0776,3.0,44.0,44.0,0.0,47.04,47.17
23E,pass@15,7.0,14.0,12.0,23.0,21.0,35.0,72.95,153.73,5.75,883.95,49.11,0.0512,5.0,27.0,27.0,0.0,52.66,52.79
23E,pass@16,9.0,25.0,21.0,41.0,34.0,62.0,144.63,315.42,7.38,2327.82,129.32,0.1051,12.0,45.0,45.0,0.0,45.09,44.83
23E,pass@18,8.0,20.0,18.0,35.0,28.0,53.0,110.44,254.79,7.0,1783.53,99.08,0.0849,9.0,30.0,30.0,0.0,49.72,49.72
23E,pass@19,7.0,12.0,8.0,15.0,19.0,23.0,62.67,97.7,4.38,427.45,23.75,0.0326,7.0,28.0,28.0,0.0,53.56,53.56
23E,pass@20,7.0,25.0,19.0,37.0,32.0,56.0,135.75,280.0,5.18,1450.4,80.58,0.0933,8.0,39.0,39.0,0.0,46.95,47.08
23E,pass@21,6.0,14.0,10.0,19.0,20.0,29.0,68.81,125.34,4.07,510.3,28.35,0.0418,6.0,29.0,29.0,0.0,52.47,52.6
23E,pass@22,5.0,13.0,9.0,17.0,18.0,26.0,59.72,108.42,3.27,354.44,19.69,0.0361,3.0,24.0,24.0,0.0,54.84,55.24
23E,pass@23,6.0,22.0,15.0,29.0,28.0,44.0,113.62,211.52,3.95,836.48,46.47,0.0705,5.0,30.0,30.0,16.67,72.58,72.71
23E,pass@24,6.0,15.0,9.0,17.0,21.0,26.0,74.11,114.2,3.4,388.28,21.57,0.0381,4.0,28.0,28.0,0.0,53.35,53.49
23E,pass@25,7.0,24.0,21.0,36.0,31.0,57.0,129.69,282.39,5.25,1482.54,82.36,0.0941,7.0,45.0,45.0,0.0,45.97,45.83
23E,pass@26,6.0,22.0,18.0,35.0,28.0,53.0,113.62,254.79,4.77,1216.04,67.56,0.0849,2.0,37.0,38.0,0.0,48.29,48.42
23E,pass@27,5.0,16.0,12.0,22.0,21.0,34.0,75.61,149.34,3.44,513.35,28.52,0.0498,11.0,28.0,28.0,0.0,51.73,51.73
23E,pass@28,8.0,21.0,14.0,27.0,29.0,41.0,116.24,199.18,5.14,1024.34,56.91,0.0664,6.0,36.0,36.0,0.0,49.01,49.14
23E,pass@29,6.0,16.0,12.0,23.0,22.0,35.0,79.51,156.08,4.31,673.1,37.39,0.052,5.0,28.0,28.0,0.0,52.27,52.4
23E,pass@30,5.0,13.0,9.0,18.0,18.0,27.0,59.72,112.59,3.46,389.73,21.65,0.0375,5.0,28.0,28.0,0.0,53.26,53.39
23E,pass@31,8.0,21.0,17.0,33.0,29.0,50.0,116.24,242.9,6.29,1526.79,84.82,0.081,6.0,39.0,39.0,0.0,47.65,47.78
23E,pass@32,6.0,12.0,7.0,13.0,18.0,20.0,58.53,83.4,3.25,271.05,15.06,0.0278,4.0,26.0,26.0,23.08,79.54,79.68
23B,pass@1,1.0,2.0,1.0,2.0,3.0,3.0,2.0,4.75,0.5,2.38,0.13,0.0016,0.0,4.0,4.0,0.0,81.72,82.13
23B,pass@2,1.0,4.0,2.0,4.0,5.0,6.0,8.0,13.93,0.5,6.97,0.39,0.0046,1.0,18.0,18.0,0.0,64.34,64.47
23B,pass@3,1.0,2.0,1.0,2.0,3.0,3.0,2.0,4.75,0.5,2.38,0.13,0.0016,0.0,4.0,4.0,0.0,81.72,82.13
23B,pass@4,2.0,5.0,3.0,6.0,7.0,9.0,13.61,25.27,1.2,30.32,1.68,0.0084,4.0,16.0,16.0,0.0,63.24,63.37
23B,pass@5,2.0,5.0,3.0,6.0,7.0,9.0,13.61,25.27,1.2,30.32,1.68,0.0084,3.0,15.0,15.0,0.0,63.99,64.12
23B,pass@6,1.0,2.0,1.0,2.0,3.0,3.0,2.0,4.75,0.5,2.38,0.13,0.0016,0.0,7.0,7.0,0.0,76.42,76.82
23B,pass@7,2.0,5.0,3.0,6.0,7.0,9.0,13.61,25.27,1.2,30.32,1.68,0.0084,3.0,14.0,14.0,0.0,64.64,64.77
23B,pass@8,2.0,5.0,3.0,6.0,7.0,9.0,13.61,25.27,1.2,30.32,1.68,0.0084,4.0,16.0,16.0,0.0,63.24,63.37
23B,pass@9,1.0,2.0,1.0,2.0,3.0,3.0,2.0,4.75,0.5,2.38,0.13,0.0016,0.0,4.0,4.0,0.0,81.72,82.13
23B,pass@10,2.0,5.0,3.0,6.0,7.0,9.0,13.61,25.27,1.2,30.32,1.68,0.0084,3.0,15.0,15.0,0.0,63.99,64.12
23B,pass@11,1.0,2.0,1.0,2.0,3.0,3.0,2.0,4.75,0.5,2.38,0.13,0.0016,0.0,4.0,4.0,0.0,81.72,82.13
23B,pass@12,1.0,2.0,1.0,2.0,3.0,3.0,2.0,4.75,0.5,2.38,0.13,0.0016,0.0,4.0,4.0,0.0,81.72,82.13
23B,pass@13,1.0,2.0,1.0,2.0,3.0,3.0,2.0,4.75,0.5,2.38,0.13,0.0016,0.0,7.0,7.0,0.0,76.42,76.82
23B,pass@17,2.0,5.0,3.0,6.0,7.0,9.0,13.61,25.27,1.2,30.32,1.68,0.0084,3.0,14.0,14.0,0.0,64.64,64.77
23B,pass@18,3.0,5.0,3.0,6.0,8.0,9.0,16.36,27.0,1.8,48.6,2.7,0.009,2.0,12.0,12.0,0.0,66.03,66.17
23B,pass@20,0.0,0.0,0.0,0.0,0.0,0.0,0.0,0.0,0.0,0.0,0.0,0.0,0.0,4.0,4.0,0.0,100.0,100.0
23B,pass@21,3.0,6.0,4.0,8.0,9.0,12.0,20.26,38.04,2.0,76.08,4.23,0.0127,3.0,15.0,15.0,0.0,62.74,62.88
23B,pass@22,2.0,5.0,3.0,6.0,7.0,9.0,13.61,25.27,1.2,30.32,1.68,0.0084,3.0,13.0,13.0,0.0,65.34,65.48
23B,pass@24,3.0,5.0,3.0,6.0,8.0,9.0,16.36,27.0,1.8,48.6,2.7,0.009,4.0,12.0,12.0,0.0,65.76,65.9
23B,pass@26,3.0,5.0,3.0,6.0,8.0,9.0,16.36,27.0,1.8,48.6,2.7,0.009,4.0,12.0,12.0,0.0,65.76,65.9
23B,pass@28,1.0,2.0,1.0,2.0,3.0,3.0,2.0,4.75,0.5,2.38,0.13,0.0016,0.0,4.0,4.0,0.0,81.72,82.13
23B,pass@29,2.0,3.0,2.0,4.0,5.0,6.0,6.75,13.93,1.33,18.58,1.03,0.0046,0.0,11.0,11.0,0.0,68.87,69.27
23B,pass@30,1.0,2.0,1.0,2.0,3.0,3.0,2.0,4.75,0.5,2.38,0.13,0.0016,2.0,7.0,7.0,0.0,76.42,76.55
23B,pass@31,1.0,2.0,1.0,2.0,3.0,3.0,2.0,4.75,0.5,2.38,0.13,0.0016,0.0,4.0,4.0,0.0,81.72,82.13
230B,pass@1,6.0,12.0,7.0,14.0,18.0,21.0,58.53,87.57,3.5,306.49,17.03,0.0292,6.0,15.0,15.0,0.0,59.8,59.94
230B,pass@2,6.0,9.0,6.0,12.0,15.0,18.0,44.04,70.32,4.0,281.3,15.63,0.0234,5.0,15.0,15.0,0.0,60.47,60.74
230B,pass@3,6.0,9.0,6.0,12.0,15.0,18.0,44.04,70.32,4.0,281.3,15.63,0.0234,5.0,15.0,15.0,0.0,60.47,60.74
230B,pass@4,5.0,7.0,5.0,10.0,12.0,15.0,31.26,53.77,3.57,192.05,10.67,0.0179,5.0,15.0,15.0,0.0,61.29,61.55
230B,pass@5,8.0,12.0,9.0,18.0,20.0,27.0,67.02,116.69,6.0,700.15,38.9,0.0389,4.0,12.0,13.0,0.0,60.29,60.69
230B,pass@6,6.0,9.0,6.0,12.0,15.0,18.0,44.04,70.32,4.0,281.3,15.63,0.0234,5.0,15.0,15.0,0.0,60.47,60.74
230B,pass@7,6.0,9.0,6.0,12.0,15.0,18.0,44.04,70.32,4.0,281.3,15.63,0.0234,5.0,15.0,15.0,0.0,60.47,60.74
230B,pass@8,6.0,9.0,6.0,12.0,15.0,18.0,44.04,70.32,4.0,281.3,15.63,0.0234,5.0,15.0,15.0,0.0,60.47,60.74
230B,pass@9,6.0,9.0,6.0,12.0,15.0,18.0,44.04,70.32,4.0,281.3,15.63,0.0234,5.0,15.0,15.0,0.0,60.47,60.74
230B,pass@10,6.0,9.0,6.0,12.0,15.0,18.0,44.04,70.32,4.0,281.3,15.63,0.0234,5.0,15.0,15.0,0.0,60.47,60.74
230B,pass@11,6.0,9.0,6.0,12.0,15.0,18.0,44.04,70.32,4.0,281.3,15.63,0.0234,5.0,20.0,20.0,0.0,57.74,58.01
230B,pass@12,6.0,9.0,6.0,12.0,15.0,18.0,44.04,70.32,4.0,281.3,15.63,0.0234,5.0,15.0,15.0,0.0,60.47,60.74
230B,pass@13,6.0,11.0,7.0,14.0,17.0,21.0,53.56,85.84,3.82,327.74,18.21,0.0286,9.0,18.0,18.0,0.0,57.87,57.87
230B,pass@14,6.0,9.0,6.0,12.0,15.0,18.0,44.04,70.32,4.0,281.3,15.63,0.0234,5.0,17.0,17.0,0.0,59.28,59.55
230B,pass@15,6.0,9.0,6.0,12.0,15.0,18.0,44.04,70.32,4.0,281.3,15.63,0.0234,5.0,17.0,17.0,0.0,59.28,59.55
230B,pass@16,6.0,9.0,6.0,12.0,15.0,18.0,44.04,70.32,4.0,281.3,15.63,0.0234,5.0,15.0,15.0,0.0,60.47,60.74
230B,pass@17,6.0,9.0,6.0,12.0,15.0,18.0,44.04,70.32,4.0,281.3,15.63,0.0234,5.0,16.0,16.0,0.0,59.86,60.13
230B,pass@18,6.0,11.0,7.0,14.0,17.0,21.0,53.56,85.84,3.82,327.74,18.21,0.0286,8.0,20.0,21.0,0.0,56.54,56.54
230B,pass@19,6.0,9.0,6.0,12.0,15.0,18.0,44.04,70.32,4.0,281.3,15.63,0.0234,5.0,17.0,17.0,0.0,59.28,59.55
230B,pass@20,6.0,9.0,6.0,12.0,15.0,18.0,44.04,70.32,4.0,281.3,15.63,0.0234,5.0,15.0,15.0,0.0,60.47,60.74
230B,pass@21,5.0,8.0,6.0,12.0,13.0,18.0,35.61,66.61,3.75,249.78,13.88,0.0222,5.0,16.0,16.0,0.0,60.02,60.29
230B,pass@22,6.0,9.0,6.0,12.0,15.0,18.0,44.04,70.32,4.0,281.3,15.63,0.0234,5.0,15.0,15.0,0.0,60.47,60.74
230B,pass@23,6.0,10.0,11.0,22.0,16.0,33.0,48.73,132.0,6.6,871.2,48.4,0.044,6.0,23.0,23.0,0.0,54.37,54.64
230B,pass@24,5.0,7.0,5.0,10.0,12.0,15.0,31.26,53.77,3.57,192.05,10.67,0.0179,5.0,16.0,16.0,0.0,60.67,60.94
230B,pass@25,6.0,9.0,6.0,12.0,15.0,18.0,44.04,70.32,4.0,281.3,15.63,0.0234,5.0,15.0,15.0,0.0,60.47,60.74
230B,pass@26,6.0,9.0,6.0,12.0,15.0,18.0,44.04,70.32,4.0,281.3,15.63,0.0234,5.0,15.0,15.0,0.0,60.47,60.74
230B,pass@27,7.0,10.0,8.0,16.0,17.0,24.0,52.87,98.1,5.6,549.36,30.52,0.0327,5.0,14.0,14.0,0.0,60.11,60.38
230B,pass@28,6.0,9.0,6.0,12.0,15.0,18.0,44.04,70.32,4.0,281.3,15.63,0.0234,5.0,15.0,15.0,0.0,60.47,60.74
230B,pass@29,6.0,9.0,6.0,12.0,15.0,18.0,44.04,70.32,4.0,281.3,15.63,0.0234,5.0,16.0,16.0,0.0,59.72,60.13
230B,pass@30,6.0,9.0,6.0,12.0,15.0,18.0,44.04,70.32,4.0,281.3,15.63,0.0234,5.0,15.0,15.0,0.0,60.47,60.74
230B,pass@31,6.0,9.0,6.0,12.0,15.0,18.0,44.04,70.32,4.0,281.3,15.63,0.0234,5.0,15.0,15.0,0.0,60.47,60.74
230B,pass@32,6.0,9.0,6.0,12.0,15.0,18.0,44.04,70.32,4.0,281.3,15.63,0.0234,5.0,15.0,15.0,0.0,60.47,60.74
230A,pass@1,2.0,3.0,2.0,4.0,5.0,6.0,6.75,13.93,1.33,18.58,1.03,0.0046,3.0,11.0,11.0,0.0,68.73,68.87
230A,pass@2,2.0,3.0,2.0,4.0,5.0,6.0,6.75,13.93,1.33,18.58,1.03,0.0046,0.0,11.0,11.0,0.0,68.6,69.27
230A,pass@3,2.0,3.0,2.0,4.0,5.0,6.0,6.75,13.93,1.33,18.58,1.03,0.0046,3.0,11.0,11.0,0.0,68.73,68.87
230A,pass@4,3.0,8.0,6.0,12.0,11.0,18.0,28.75,62.27,2.25,140.11,7.78,0.0208,3.0,14.0,15.0,0.0,61.24,61.38
230A,pass@5,3.0,8.0,6.0,12.0,11.0,18.0,28.75,62.27,2.25,140.11,7.78,0.0208,3.0,13.0,14.0,0.0,61.9,62.03
230A,pass@6,3.0,8.0,6.0,12.0,11.0,18.0,28.75,62.27,2.25,140.11,7.78,0.0208,3.0,14.0,14.0,0.0,61.9,62.03
230A,pass@7,2.0,3.0,2.0,4.0,5.0,6.0,6.75,13.93,1.33,18.58,1.03,0.0046,0.0,13.0,13.0,0.0,67.02,67.69
230A,pass@8,2.0,3.0,2.0,4.0,5.0,6.0,6.75,13.93,1.33,18.58,1.03,0.0046,3.0,11.0,11.0,0.0,68.73,68.87
230A,pass@9,2.0,3.0,2.0,4.0,5.0,6.0,6.75,13.93,1.33,18.58,1.03,0.0046,0.0,11.0,11.0,0.0,68.6,69.27
230A,pass@10,2.0,3.0,2.0,4.0,5.0,6.0,6.75,13.93,1.33,18.58,1.03,0.0046,3.0,11.0,12.0,0.0,67.91,68.04
230A,pass@11,2.0,3.0,2.0,4.0,5.0,6.0,6.75,13.93,1.33,18.58,1.03,0.0046,0.0,11.0,11.0,0.0,68.6,69.27
230A,pass@12,2.0,3.0,2.0,4.0,5.0,6.0,6.75,13.93,1.33,18.58,1.03,0.0046,0.0,11.0,11.0,0.0,68.6,69.27
230A,pass@13,2.0,3.0,2.0,4.0,5.0,6.0,6.75,13.93,1.33,18.58,1.03,0.0046,3.0,11.0,11.0,0.0,68.73,68.87
230A,pass@14,2.0,3.0,2.0,4.0,5.0,6.0,6.75,13.93,1.33,18.58,1.03,0.0046,0.0,10.0,10.0,0.0,69.5,70.18
230A,pass@15,2.0,3.0,2.0,4.0,5.0,6.0,6.75,13.93,1.33,18.58,1.03,0.0046,3.0,10.0,10.0,0.0,69.64,69.77
230A,pass@16,3.0,8.0,6.0,12.0,11.0,18.0,28.75,62.27,2.25,140.11,7.78,0.0208,3.0,14.0,14.0,0.0,61.9,62.03
230A,pass@17,2.0,3.0,2.0,4.0,5.0,6.0,6.75,13.93,1.33,18.58,1.03,0.0046,0.0,11.0,11.0,0.0,68.6,69.27
230A,pass@18,2.0,3.0,2.0,4.0,5.0,6.0,6.75,13.93,1.33,18.58,1.03,0.0046,0.0,11.0,12.0,0.0,67.78,68.45
230A,pass@19,3.0,8.0,6.0,12.0,11.0,18.0,28.75,62.27,2.25,140.11,7.78,0.0208,4.0,15.0,15.0,0.0,61.24,61.24
230A,pass@20,2.0,3.0,2.0,4.0,5.0,6.0,6.75,13.93,1.33,18.58,1.03,0.0046,0.0,11.0,11.0,0.0,68.6,69.27
230A,pass@21,2.0,3.0,2.0,4.0,5.0,6.0,6.75,13.93,1.33,18.58,1.03,0.0046,3.0,10.0,10.0,0.0,69.64,69.77
230A,pass@22,3.0,8.0,6.0,12.0,11.0,18.0,28.75,62.27,2.25,140.11,7.78,0.0208,3.0,14.0,15.0,0.0,61.24,61.38
230A,pass@23,2.0,3.0,2.0,4.0,5.0,6.0,6.75,13.93,1.33,18.58,1.03,0.0046,3.0,10.0,10.0,0.0,69.64,69.77
230A,pass@24,3.0,8.0,6.0,12.0,11.0,18.0,28.75,62.27,2.25,140.11,7.78,0.0208,3.0,14.0,14.0,0.0,61.9,62.03
230A,pass@25,3.0,4.0,3.0,5.0,7.0,8.0,12.75,22.46,1.88,42.11,2.34,0.0075,0.0,11.0,12.0,0.0,66.32,67.0
230A,pass@26,2.0,3.0,2.0,4.0,5.0,6.0,6.75,13.93,1.33,18.58,1.03,0.0046,0.0,10.0,10.0,0.0,69.5,70.18
230A,pass@27,3.0,7.0,5.0,9.0,10.0,14.0,24.41,46.51,1.93,89.69,4.98,0.0155,3.0,21.0,22.0,0.0,58.5,58.64
230A,pass@28,2.0,3.0,2.0,4.0,5.0,6.0,6.75,13.93,1.33,18.58,1.03,0.0046,0.0,10.0,10.0,0.0,69.5,70.18
230A,pass@29,2.0,3.0,2.0,4.0,5.0,6.0,6.75,13.93,1.33,18.58,1.03,0.0046,0.0,11.0,11.0,0.0,68.6,69.27
230A,pass@30,2.0,3.0,2.0,4.0,5.0,6.0,6.75,13.93,1.33,18.58,1.03,0.0046,0.0,11.0,11.0,0.0,68.6,69.27
230A,pass@31,2.0,3.0,2.0,4.0,5.0,6.0,6.75,13.93,1.33,18.58,1.03,0.0046,0.0,11.0,11.0,0.0,68.6,69.27
230A,pass@32,2.0,3.0,2.0,4.0,5.0,6.0,6.75,13.93,1.33,18.58,1.03,0.0046,0.0,10.0,10.0,0.0,69.5,70.18
232A,pass@1,9.0,16.0,24.0,48.0,25.0,72.0,92.53,334.36,13.5,4513.83,250.77,0.1115,16.0,41.0,41.0,2.44,54.16,54.29
232A,pass@2,4.0,14.0,11.0,22.0,18.0,33.0,61.3,137.61,3.14,432.48,24.03,0.0459,5.0,20.0,20.0,0.0,55.84,55.97
232A,pass@3,6.0,13.0,12.0,24.0,19.0,36.0,63.62,152.93,5.54,846.97,47.05,0.051,9.0,26.0,26.0,0.0,52.49,52.63
232A,pass@4,6.0,18.0,24.0,48.0,24.0,72.0,90.57,330.12,8.0,2640.94,146.72,0.11,8.0,28.0,28.0,10.71,68.07,68.07
232A,pass@5,4.0,7.0,9.0,18.0,11.0,27.0,27.65,93.4,5.14,480.37,26.69,0.0311,6.0,18.0,18.0,0.0,58.01,58.01
232A,pass@6,2.0,11.0,11.0,22.0,13.0,33.0,40.05,122.11,2.0,244.23,13.57,0.0407,8.0,19.0,19.0,0.0,56.55,56.42
232A,pass@7,5.0,14.0,18.0,36.0,19.0,54.0,64.91,229.39,6.43,1474.64,81.92,0.0765,8.0,25.0,25.0,0.0,51.9,51.9
232A,pass@8,4.0,9.0,15.0,30.0,13.0,45.0,36.53,166.52,6.67,1110.13,61.67,0.0555,6.0,18.0,18.0,0.0,56.12,56.26
232A,pass@9,4.0,13.0,9.0,19.0,17.0,28.0,56.11,114.45,2.92,334.54,18.59,0.0381,9.0,20.0,20.0,0.0,55.99,55.99
232A,pass@10,7.0,31.0,30.0,60.0,38.0,90.0,173.23,472.31,6.77,3199.54,177.75,0.1574,35.0,81.0,68.0,0.0,36.59,36.59
232A,pass@11,3.0,12.0,10.0,20.0,15.0,30.0,47.77,117.21,2.5,293.02,16.28,0.0391,4.0,18.0,18.0,0.0,57.46,57.59
232A,pass@12,8.0,24.0,23.0,46.0,32.0,69.0,134.04,345.0,7.67,2645.0,146.94,0.115,6.0,25.0,25.0,0.0,50.79,50.93
232A,pass@13,4.0,12.0,10.0,20.0,16.0,30.0,51.02,120.0,3.33,400.0,22.22,0.04,10.0,25.0,25.0,0.0,53.74,53.6
232A,pass@14,9.0,13.0,22.0,43.0,22.0,65.0,76.64,289.86,14.88,4314.5,239.69,0.0966,8.0,29.0,29.0,3.45,60.76,60.76
232A,pass@15,5.0,17.0,16.0,32.0,22.0,48.0,81.1,214.05,4.71,1007.31,55.96,0.0714,7.0,16.0,16.0,0.0,56.47,56.47
232A,pass@16,6.0,17.0,16.0,32.0,23.0,48.0,85.0,217.13,5.65,1226.15,68.12,0.0724,5.0,16.0,16.0,0.0,56.7,56.7
232A,pass@17,6.0,15.0,16.0,32.0,21.0,48.0,74.11,210.83,6.4,1349.32,74.96,0.0703,12.0,38.0,38.0,0.0,47.52,47.65
232A,pass@18,6.0,11.0,20.0,40.0,17.0,60.0,53.56,245.25,10.91,2675.43,148.64,0.0817,14.0,40.0,40.0,0.0,46.57,46.44
232A,pass@19,7.0,16.0,16.0,32.0,23.0,48.0,83.65,217.13,7.0,1519.92,84.44,0.0724,11.0,28.0,28.0,0.0,50.46,50.59
232A,pass@20,3.0,9.0,14.0,28.0,12.0,42.0,33.28,150.57,4.67,702.65,39.04,0.0502,5.0,15.0,15.0,0.0,58.42,58.42
232A,pass@21,5.0,8.0,8.0,16.0,13.0,24.0,35.61,88.81,5.0,444.05,24.67,0.0296,8.0,23.0,23.0,0.0,55.44,55.58
232A,pass@22,5.0,12.0,17.0,34.0,17.0,51.0,54.63,208.46,7.08,1476.6,82.03,0.0695,12.0,53.0,38.0,0.0,47.69,47.69
232A,pass@23,6.0,8.0,9.0,18.0,14.0,27.0,39.51,102.8,6.75,693.89,38.55,0.0343,12.0,40.0,34.0,0.0,50.76,50.89
232A,pass@24,6.0,17.0,13.0,26.0,23.0,39.0,85.0,176.42,4.59,809.45,44.97,0.0588,7.0,25.0,25.0,0.0,52.83,52.83
232A,pass@25,7.0,13.0,40.0,80.0,20.0,120.0,67.76,518.63,21.54,11170.52,620.58,0.1729,10.0,30.0,30.0,0.0,47.29,47.42
232A,pass@26,8.0,25.0,28.0,56.0,33.0,84.0,140.1,423.73,8.96,3796.61,210.92,0.1412,12.0,30.0,30.0,0.0,47.77,47.77
232A,pass@28,4.0,11.0,10.0,20.0,15.0,30.0,46.05,117.21,3.64,426.21,23.68,0.0391,5.0,18.0,18.0,0.0,57.59,57.46
232A,pass@29,6.0,15.0,14.0,30.0,21.0,44.0,74.11,193.26,6.0,1159.57,64.42,0.0644,15.0,28.0,28.0,0.0,50.41,50.41
232A,pass@30,6.0,15.0,15.0,30.0,21.0,45.0,74.11,197.65,6.0,1185.93,65.88,0.0659,9.0,26.0,26.0,0.0,51.71,51.85
232A,pass@31,7.0,20.0,17.0,34.0,27.0,51.0,106.09,242.5,5.95,1442.87,80.16,0.0808,10.0,37.0,36.0,0.0,47.87,48.01
232A,pass@32,5.0,11.0,13.0,26.0,16.0,39.0,49.66,156.0,5.91,921.82,51.21,0.052,7.0,20.0,20.0,0.0,55.32,55.32
235B,pass@1,3.0,6.0,6.0,12.0,9.0,18.0,20.26,57.06,3.0,171.18,9.51,0.019,0.0,12.0,12.0,0.0,63.76,64.16
235B,pass@2,4.0,40.0,25.0,50.0,44.0,75.0,220.88,409.46,2.5,1023.64,56.87,0.1365,4.0,22.0,23.0,0.0,51.47,51.47
235B,pass@3,6.0,12.0,12.0,24.0,18.0,36.0,58.53,150.12,6.0,900.7,50.04,0.05,5.0,20.0,21.0,0.0,55.25,55.25
235B,pass@4,4.0,15.0,11.0,22.0,19.0,33.0,66.6,140.18,2.93,411.2,22.84,0.0467,3.0,15.0,15.0,0.0,58.91,58.91
235B,pass@5,3.0,15.0,13.0,26.0,18.0,39.0,63.36,162.63,2.6,422.83,23.49,0.0542,2.0,10.0,11.0,0.0,61.53,61.53
235B,pass@6,6.0,15.0,14.0,28.0,21.0,42.0,74.11,184.48,5.6,1033.07,57.39,0.0615,4.0,17.0,17.0,0.0,56.75,56.75
235B,pass@7,6.0,16.0,15.0,30.0,22.0,45.0,79.51,200.67,5.62,1128.79,62.71,0.0669,0.0,13.0,13.0,0.0,59.04,59.58
235B,pass@8,3.0,9.0,7.0,14.0,12.0,21.0,33.28,75.28,2.33,175.66,9.76,0.0251,3.0,14.0,14.0,0.0,61.45,61.45
235B,pass@9,6.0,22.0,19.0,38.0,28.0,57.0,113.62,274.02,5.18,1419.92,78.88,0.0913,5.0,19.0,19.0,0.0,54.36,54.36
235B,pass@10,6.0,14.0,14.0,28.0,20.0,42.0,68.81,181.52,6.0,1089.13,60.51,0.0605,5.0,16.0,16.0,0.0,57.24,57.24
235B,pass@11,4.0,10.0,8.0,16.0,14.0,24.0,41.22,91.38,3.2,292.4,16.24,0.0305,3.0,15.0,16.0,0.0,59.6,59.6
235B,pass@12,2.0,5.0,4.0,8.0,7.0,12.0,13.61,33.69,1.6,53.9,2.99,0.0112,2.0,10.0,10.0,0.0,67.22,67.22
235B,pass@13,4.0,13.0,13.0,26.0,17.0,39.0,56.11,159.41,4.0,637.64,35.42,0.0531,5.0,16.0,16.0,0.0,57.64,57.64
235B,pass@14,4.0,19.0,16.0,32.0,23.0,48.0,88.71,217.13,3.37,731.39,40.63,0.0724,3.0,15.0,15.0,0.0,57.58,57.58
235B,pass@15,6.0,22.0,22.0,44.0,28.0,66.0,113.62,317.29,6.0,1903.71,105.76,0.1058,5.0,17.0,17.0,0.0,54.97,54.97
235B,pass@16,5.0,9.0,7.0,14.0,14.0,21.0,40.14,79.95,3.89,310.93,17.27,0.0267,3.0,13.0,13.0,0.0,61.97,61.97
235B,pass@17,4.0,37.0,30.0,60.0,41.0,90.0,200.75,482.18,3.24,1563.83,86.88,0.1607,1.0,23.0,24.0,0.0,50.97,50.97
235B,pass@18,6.0,27.0,24.0,48.0,33.0,72.0,143.89,363.2,5.33,1937.05,107.61,0.1211,0.0,16.0,17.0,0.0,54.69,55.23
235B,pass@19,5.0,17.0,14.0,28.0,22.0,42.0,81.1,187.3,4.12,771.22,42.85,0.0624,0.0,14.0,14.0,0.0,58.55,59.09
235B,pass@20,3.0,6.0,6.0,12.0,9.0,18.0,20.26,57.06,3.0,171.18,9.51,0.019,3.0,14.0,14.0,0.0,62.3,62.3
235B,pass@22,7.0,19.0,17.0,34.0,26.0,51.0,100.36,239.72,6.26,1501.42,83.41,0.0799,6.0,23.0,24.0,0.0,52.42,52.42
235B,pass@23,8.0,49.0,44.0,87.0,57.0,131.0,299.12,764.11,7.1,5426.73,301.49,0.2547,7.0,39.0,39.0,0.0,43.63,44.16
235B,pass@24,5.0,23.0,21.0,42.0,28.0,63.0,115.65,302.86,4.57,1382.64,76.81,0.101,5.0,19.0,19.0,0.0,54.06,54.06
235B,pass@25,7.0,43.0,42.0,84.0,50.0,126.0,252.98,711.13,6.84,4862.12,270.12,0.237,6.0,25.0,26.0,0.0,48.36,48.36
235B,pass@26,4.0,14.0,9.0,18.0,18.0,27.0,61.3,112.59,2.57,289.51,16.08,0.0375,3.0,12.0,12.0,0.0,61.69,61.69
235B,pass@27,7.0,22.0,18.0,36.0,29.0,54.0,117.76,262.33,5.73,1502.44,83.47,0.0874,6.0,16.0,16.0,0.0,55.99,55.99
235B,pass@28,5.0,23.0,21.0,42.0,28.0,63.0,115.65,302.86,4.57,1382.64,76.81,0.101,3.0,15.0,15.0,0.0,56.57,56.57
235B,pass@29,6.0,20.0,21.0,42.0,26.0,63.0,101.95,296.13,6.3,1865.6,103.64,0.0987,0.0,15.0,15.0,0.0,56.5,57.04
235B,pass@30,8.0,20.0,16.0,32.0,28.0,48.0,110.44,230.75,6.4,1476.82,82.05,0.0769,6.0,17.0,17.0,0.0,55.81,55.81
235B,pass@31,5.0,16.0,14.0,28.0,21.0,42.0,75.61,184.48,4.38,807.09,44.84,0.0615,3.0,16.0,17.0,0.0,56.89,56.89
235B,pass@32,7.0,30.0,25.0,50.0,37.0,75.0,166.86,390.71,5.83,2279.14,126.62,0.1302,2.0,51.0,52.0,0.0,43.75,44.15
238A,pass@1,9.0,17.0,14.0,28.0,26.0,42.0,98.02,197.42,7.41,1463.22,81.29,0.0658,4.0,18.0,18.0,0.0,56.01,56.01
238A,pass@2,8.0,17.0,13.0,26.0,25.0,39.0,93.49,181.11,6.12,1107.97,61.55,0.0604,4.0,18.0,18.0,0.0,56.4,56.27
238A,pass@3,8.0,17.0,12.0,24.0,25.0,36.0,93.49,167.18,5.65,944.07,52.45,0.0557,4.0,15.0,15.0,0.0,58.37,58.24
238A,pass@4,7.0,16.0,13.0,26.0,23.0,39.0,83.65,176.42,5.69,1003.38,55.74,0.0588,4.0,17.0,17.0,0.0,57.03,56.89
238A,pass@5,5.0,16.0,13.0,26.0,21.0,39.0,75.61,171.3,4.06,695.91,38.66,0.0571,2.0,11.0,11.0,0.0,61.37,61.37
238A,pass@6,9.0,18.0,16.0,32.0,27.0,48.0,103.59,228.23,8.0,1825.88,101.44,0.0761,5.0,19.0,19.0,0.0,55.05,54.92
238A,pass@7,9.0,18.0,15.0,30.0,27.0,45.0,103.59,213.97,7.5,1604.77,89.15,0.0713,4.0,20.0,20.0,0.0,54.9,54.76
238A,pass@8,8.0,21.0,15.0,30.0,29.0,45.0,116.24,218.61,5.71,1249.2,69.4,0.0729,4.0,17.0,17.0,0.0,56.24,56.24
238A,pass@9,8.0,22.0,17.0,34.0,30.0,51.0,122.11,250.25,6.18,1547.01,85.94,0.0834,4.0,21.0,21.0,0.0,53.83,53.83
238A,pass@10,8.0,19.0,15.0,30.0,27.0,45.0,104.71,213.97,6.32,1351.39,75.08,0.0713,4.0,16.0,16.0,0.0,57.01,56.88
238A,pass@11,5.0,14.0,12.0,24.0,19.0,36.0,64.91,152.93,4.29,655.39,36.41,0.051,2.0,10.0,10.0,0.0,62.62,62.62
238A,pass@12,8.0,24.0,20.0,40.0,32.0,60.0,134.04,300.0,6.67,2000.0,111.11,0.1,4.0,21.0,21.0,0.0,53.27,53.27
238A,pass@13,8.0,21.0,18.0,36.0,29.0,54.0,116.24,262.33,6.86,1798.84,99.94,0.0874,5.0,20.0,20.0,0.0,54.14,54.01
238A,pass@14,7.0,17.0,12.0,24.0,24.0,36.0,89.14,165.06,4.94,815.58,45.31,0.055,4.0,15.0,15.0,0.0,58.41,58.28
238A,pass@15,8.0,19.0,14.0,28.0,27.0,42.0,104.71,199.71,5.89,1177.21,65.4,0.0666,5.0,24.0,24.0,0.0,53.11,53.11
238A,pass@16,7.0,20.0,16.0,32.0,27.0,48.0,106.09,228.23,5.6,1278.11,71.01,0.0761,4.0,16.0,16.0,0.0,56.82,56.68
238A,pass@17,9.0,26.0,24.0,47.0,35.0,71.0,150.74,364.18,8.13,2962.46,164.58,0.1214,4.0,20.0,20.0,0.0,53.15,53.15
238A,pass@18,7.0,20.0,15.0,30.0,27.0,45.0,106.09,213.97,5.25,1123.34,62.41,0.0713,4.0,19.0,19.0,0.0,55.25,55.25
238A,pass@19,8.0,26.0,22.0,44.0,34.0,66.0,146.21,335.77,6.77,2272.92,126.27,0.1119,5.0,21.0,21.0,9.52,70.25,70.25
238A,pass@20,7.0,17.0,12.0,24.0,24.0,36.0,89.14,165.06,4.94,815.58,45.31,0.055,4.0,17.0,17.0,0.0,57.09,57.09
238A,pass@21,8.0,26.0,23.0,46.0,34.0,69.0,146.21,351.03,7.08,2484.25,138.01,0.117,5.0,18.0,18.0,0.0,54.26,54.12
238A,pass@22,7.0,20.0,15.0,30.0,27.0,45.0,106.09,213.97,5.25,1123.34,62.41,0.0713,4.0,18.0,18.0,0.0,55.76,55.76
238A,pass@23,8.0,23.0,17.0,34.0,31.0,51.0,128.04,252.66,5.91,1494.01,83.0,0.0842,5.0,19.0,19.0,0.0,54.61,54.61
238A,pass@24,10.0,32.0,33.0,66.0,42.0,99.0,193.22,533.84,10.31,5505.22,305.85,0.1779,10.0,32.0,32.0,0.0,46.86,46.72
238A,pass@25,7.0,18.0,13.0,26.0,25.0,39.0,94.71,181.11,5.06,915.61,50.87,0.0604,4.0,16.0,16.0,0.0,57.52,57.39
238A,pass@26,8.0,21.0,15.0,30.0,29.0,45.0,116.24,218.61,5.71,1249.2,69.4,0.0729,4.0,15.0,15.0,0.0,57.56,57.42
238A,pass@27,8.0,20.0,17.0,34.0,28.0,51.0,110.44,245.18,6.8,1667.19,92.62,0.0817,5.0,19.0,19.0,0.0,54.84,54.7
238A,pass@28,7.0,24.0,19.0,38.0,31.0,57.0,129.69,282.39,5.54,1564.91,86.94,0.0941,4.0,22.0,22.0,0.0,53.02,53.02
238A,pass@29,9.0,17.0,14.0,28.0,26.0,42.0,98.02,197.42,7.41,1463.22,81.29,0.0658,5.0,18.0,18.0,0.0,56.01,55.87
238A,pass@30,7.0,18.0,14.0,28.0,25.0,42.0,94.71,195.04,5.44,1061.9,58.99,0.065,4.0,16.0,16.0,0.0,57.29,57.16
238A,pass@31,7.0,19.0,14.0,28.0,26.0,42.0,100.36,197.42,5.16,1018.26,56.57,0.0658,4.0,19.0,19.0,0.0,55.49,55.49
238A,pass@32,8.0,17.0,13.0,26.0,25.0,39.0,93.49,181.11,6.12,1107.97,61.55,0.0604,4.0,19.0,19.0,0.0,55.76,55.76
241A,pass@1,8.0,54.0,51.0,102.0,62.0,153.0,334.76,910.99,7.56,6883.05,382.39,0.3037,7.0,34.0,36.0,0.0,44.39,44.39
241A,pass@2,3.0,11.0,8.0,16.0,14.0,24.0,42.81,91.38,2.18,199.37,11.08,0.0305,3.0,15.0,15.0,0.0,60.21,60.21
241A,pass@3,6.0,18.0,14.0,28.0,24.0,42.0,90.57,192.57,4.67,898.65,49.93,0.0642,4.0,15.0,15.0,0.0,57.81,57.81
241A,pass@4,7.0,26.0,29.0,58.0,33.0,87.0,141.86,438.86,7.81,3426.5,190.36,0.1463,4.0,25.0,27.0,0.0,49.74,49.74
241A,pass@5,3.0,12.0,9.0,18.0,15.0,27.0,47.77,105.49,2.25,237.34,13.19,0.0352,4.0,16.0,16.0,0.0,59.03,59.03
241A,pass@6,3.0,12.0,9.0,18.0,15.0,27.0,47.77,105.49,2.25,237.34,13.19,0.0352,4.0,16.0,16.0,0.0,59.03,59.03
241A,pass@7,5.0,15.0,15.0,30.0,20.0,45.0,70.21,194.49,5.0,972.43,54.02,0.0648,4.0,21.0,23.0,0.0,53.73,53.73
241A,pass@8,6.0,35.0,38.0,72.0,41.0,110.0,195.03,589.33,6.17,3637.01,202.06,0.1964,4.0,24.0,26.0,0.0,49.2,49.2
241A,pass@9,3.0,11.0,8.0,16.0,14.0,24.0,42.81,91.38,2.18,199.37,11.08,0.0305,3.0,15.0,15.0,0.0,60.21,60.21
241A,pass@10,5.0,21.0,19.0,38.0,26.0,57.0,103.85,267.93,4.52,1212.04,67.34,0.0893,4.0,21.0,23.0,28.57,78.91,78.91
241A,pass@11,3.0,12.0,9.0,18.0,15.0,27.0,47.77,105.49,2.25,237.34,13.19,0.0352,4.0,15.0,15.0,0.0,59.64,59.64
241A,pass@12,5.0,23.0,25.0,50.0,28.0,75.0,115.65,360.55,5.43,1959.52,108.86,0.1202,7.0,66.0,66.0,0.0,41.33,41.46
241A,pass@13,5.0,17.0,19.0,35.0,22.0,54.0,81.1,240.81,5.15,1239.46,68.86,0.0803,4.0,22.0,24.0,4.55,65.18,65.18
241A,pass@14,5.0,17.0,13.0,26.0,22.0,39.0,81.1,173.92,3.82,664.98,36.94,0.058,3.0,16.0,16.0,25.0,82.8,82.8
241A,pass@15,5.0,21.0,17.0,34.0,26.0,51.0,103.85,239.72,4.05,970.31,53.91,0.0799,4.0,17.0,17.0,17.65,78.32,78.32
241A,pass@16,5.0,18.0,17.0,34.0,23.0,51.0,86.67,230.7,4.72,1089.42,60.52,0.0769,4.0,19.0,21.0,0.0,54.07,54.07
241A,pass@17,3.0,12.0,9.0,18.0,15.0,27.0,47.77,105.49,2.25,237.34,13.19,0.0352,4.0,16.0,16.0,0.0,59.03,59.03
241A,pass@18,3.0,12.0,9.0,18.0,15.0,27.0,47.77,105.49,2.25,237.34,13.19,0.0352,4.0,16.0,16.0,0.0,59.03,59.03
241A,pass@19,3.0,8.0,6.0,12.0,11.0,18.0,28.75,62.27,2.25,140.11,7.78,0.0208,3.0,14.0,14.0,0.0,62.03,62.03
241A,pass@20,3.0,12.0,9.0,18.0,15.0,27.0,47.77,105.49,2.25,237.34,13.19,0.0352,4.0,15.0,15.0,0.0,59.64,59.64
241A,pass@21,3.0,10.0,9.0,18.0,13.0,27.0,37.97,99.91,2.7,269.76,14.99,0.0333,4.0,17.0,17.0,0.0,58.62,58.62
241A,pass@22,4.0,14.0,15.0,27.0,18.0,42.0,61.3,175.14,3.86,675.53,37.53,0.0584,4.0,19.0,19.0,0.0,55.86,55.86
241A,pass@23,3.0,9.0,6.0,12.0,12.0,18.0,33.28,64.53,2.0,129.06,7.17,0.0215,3.0,14.0,14.0,0.0,61.92,61.92
241A,pass@24,3.0,12.0,9.0,18.0,15.0,27.0,47.77,105.49,2.25,237.34,13.19,0.0352,4.0,16.0,16.0,0.0,59.03,59.03
241A,pass@25,6.0,23.0,18.0,36.0,29.0,54.0,119.55,262.33,4.7,1231.82,68.43,0.0874,4.0,19.0,21.0,0.0,53.68,53.68
241A,pass@26,5.0,10.0,7.0,14.0,15.0,21.0,44.83,82.04,3.5,287.16,15.95,0.0273,4.0,15.0,15.0,13.33,80.48,80.48
241A,pass@27,4.0,12.0,9.0,18.0,16.0,27.0,51.02,108.0,3.0,324.0,18.0,0.036,4.0,15.0,15.0,0.0,59.57,59.57
241A,pass@28,5.0,8.0,7.0,14.0,13.0,21.0,35.61,77.71,4.38,339.98,18.89,0.0259,4.0,18.0,18.0,27.78,84.8,84.8
241A,pass@29,5.0,12.0,11.0,22.0,17.0,33.0,54.63,134.89,4.58,618.23,34.35,0.045,3.0,19.0,19.0,5.26,70.17,70.17
241A,pass@30,5.0,18.0,14.0,28.0,23.0,42.0,86.67,189.99,3.89,738.85,41.05,0.0633,3.0,16.0,16.0,0.0,57.37,57.37
241A,pass@31,3.0,11.0,8.0,16.0,14.0,24.0,42.81,91.38,2.18,199.37,11.08,0.0305,3.0,15.0,15.0,0.0,60.21,60.21
241A,pass@32,4.0,11.0,11.0,22.0,15.0,33.0,46.05,128.93,4.0,515.71,28.65,0.043,3.0,17.0,19.0,0.0,56.93,56.93
244A,pass@1,3.0,5.0,3.0,6.0,8.0,9.0,16.36,27.0,1.8,48.6,2.7,0.009,6.0,20.0,21.0,0.0,60.33,60.33
244A,pass@2,3.0,10.0,7.0,14.0,13.0,21.0,37.97,77.71,2.1,163.19,9.07,0.0259,2.0,13.0,14.0,0.0,61.49,61.49
244A,pass@3,5.0,9.0,5.0,10.0,14.0,15.0,40.14,57.11,2.78,158.64,8.81,0.019,0.0,16.0,16.0,0.0,60.36,61.43
244A,pass@4,4.0,8.0,8.0,16.0,12.0,24.0,32.0,86.04,4.0,344.16,19.12,0.0287,0.0,17.0,17.0,0.0,58.81,59.61
244A,pass@5,6.0,10.0,8.0,16.0,16.0,24.0,48.73,96.0,4.8,460.8,25.6,0.032,8.0,19.0,19.0,0.0,57.15,57.15
244A,pass@6,6.0,12.0,9.0,18.0,18.0,27.0,58.53,112.59,4.5,506.65,28.15,0.0375,9.0,19.0,19.0,0.0,56.53,56.53
244A,pass@7,5.0,17.0,14.0,28.0,22.0,42.0,81.1,187.3,4.12,771.22,42.85,0.0624,0.0,14.0,15.0,0.0,57.63,58.43
244A,pass@8,4.0,6.0,4.0,8.0,10.0,12.0,23.51,39.86,2.67,106.3,5.91,0.0133,0.0,13.0,13.0,0.0,63.55,64.49
244A,pass@9,5.0,12.0,9.0,18.0,17.0,27.0,54.63,110.36,3.75,413.86,22.99,0.0368,6.0,15.0,15.0,0.0,59.23,59.23
244A,pass@10,5.0,8.0,5.0,10.0,13.0,15.0,35.61,55.51,3.12,173.46,9.64,0.0185,5.0,14.0,14.0,0.0,62.11,62.11
244A,pass@11,4.0,11.0,10.0,20.0,15.0,30.0,46.05,117.21,3.64,426.21,23.68,0.0391,7.0,23.0,23.0,0.0,54.87,54.87
244A,pass@12,3.0,6.0,4.0,8.0,9.0,12.0,20.26,38.04,2.0,76.08,4.23,0.0127,3.0,13.0,13.0,0.0,64.23,64.23
244A,pass@13,4.0,7.0,4.0,8.0,11.0,12.0,27.65,41.51,2.29,94.89,5.27,0.0138,0.0,13.0,13.0,0.0,63.56,64.37
244A,pass@14,4.0,9.0,6.0,11.0,13.0,17.0,36.53,62.91,2.44,153.77,8.54,0.021,7.0,22.0,23.0,0.0,56.76,56.76
244A,pass@15,3.0,7.0,6.0,12.0,10.0,18.0,24.41,59.79,2.57,153.76,8.54,0.0199,2.0,14.0,17.0,0.0,60.45,60.45
244A,pass@16,4.0,11.0,8.0,16.0,15.0,24.0,46.05,93.77,2.91,272.77,15.15,0.0313,0.0,11.0,11.0,0.0,62.94,63.47
244A,pass@17,4.0,9.0,5.0,10.0,13.0,15.0,36.53,55.51,2.22,123.35,6.85,0.0185,7.0,15.0,16.0,0.0,60.58,60.58
244A,pass@18,3.0,5.0,3.0,6.0,8.0,9.0,16.36,27.0,1.8,48.6,2.7,0.009,7.0,21.0,22.0,0.0,59.75,59.75
244A,pass@19,4.0,7.0,5.0,10.0,11.0,15.0,27.65,51.89,2.86,148.26,8.24,0.0173,0.0,14.0,14.0,0.0,62.05,62.99
244A,pass@20,4.0,7.0,4.0,8.0,11.0,12.0,27.65,41.51,2.29,94.89,5.27,0.0138,0.0,11.0,11.0,0.0,65.15,65.95
244A,pass@21,4.0,7.0,4.0,8.0,11.0,12.0,27.65,41.51,2.29,94.89,5.27,0.0138,0.0,11.0,11.0,0.0,65.15,65.95
244A,pass@22,2.0,4.0,2.0,4.0,6.0,6.0,10.0,15.51,1.0,15.51,0.86,0.0052,0.0,13.0,13.0,0.0,66.42,67.36
244A,pass@23,4.0,6.0,4.0,8.0,10.0,12.0,23.51,39.86,2.67,106.3,5.91,0.0133,8.0,16.0,16.0,31.25,88.24,88.24
244A,pass@24,3.0,5.0,3.0,6.0,8.0,9.0,16.36,27.0,1.8,48.6,2.7,0.009,6.0,14.0,14.0,0.0,64.17,64.17
244A,pass@25,3.0,8.0,6.0,12.0,11.0,18.0,28.75,62.27,2.25,140.11,7.78,0.0208,7.0,23.0,24.0,0.0,56.39,56.39
244A,pass@26,4.0,7.0,5.0,10.0,11.0,15.0,27.65,51.89,2.86,148.26,8.24,0.0173,7.0,22.0,23.0,0.0,57.34,57.34
244A,pass@27,2.0,5.0,3.0,6.0,7.0,9.0,13.61,25.27,1.2,30.32,1.68,0.0084,2.0,10.0,10.0,0.0,68.1,68.1
244A,pass@28,4.0,14.0,18.0,35.0,18.0,53.0,61.3,221.01,5.0,1105.03,61.39,0.0737,7.0,26.0,26.0,23.08,76.31,76.31
244A,pass@29,4.0,7.0,4.0,8.0,11.0,12.0,27.65,41.51,2.29,94.89,5.27,0.0138,0.0,11.0,11.0,0.0,65.15,65.95
244A,pass@30,4.0,8.0,6.0,12.0,12.0,18.0,32.0,64.53,3.0,193.59,10.75,0.0215,4.0,17.0,17.0,0.0,59.95,59.95
244A,pass@31,3.0,4.0,4.0,8.0,7.0,12.0,12.75,33.69,3.0,101.06,5.61,0.0112,3.0,15.0,17.0,0.0,62.06,62.06
244A,pass@32,5.0,11.0,8.0,16.0,16.0,24.0,49.66,96.0,3.64,349.09,19.39,0.032,0.0,16.0,16.0,0.0,58.37,59.85
245B,pass@1,0.0,0.0,0.0,0.0,0.0,0.0,0.0,0.0,0.0,0.0,0.0,0.0,4.0,13.0,13.0,0.0,100.0,100.0
245B,pass@2,3.0,12.0,7.0,14.0,15.0,21.0,47.77,82.04,1.75,143.58,7.98,0.0273,9.0,22.0,27.0,0.0,54.16,54.16
245B,pass@3,2.0,8.0,5.0,10.0,10.0,15.0,26.0,49.83,1.25,62.29,3.46,0.0166,7.0,16.0,17.0,0.0,60.33,60.33
245B,pass@4,3.0,5.0,4.0,7.0,8.0,11.0,16.36,33.0,2.1,69.3,3.85,0.011,5.0,10.0,10.0,0.0,66.88,66.88
245B,pass@5,4.0,12.0,7.0,15.0,16.0,22.0,51.02,88.0,2.5,220.0,12.22,0.0293,8.0,14.0,17.0,0.0,58.47,58.47
245B,pass@6,5.0,32.0,23.0,46.0,37.0,69.0,171.61,359.45,3.59,1291.78,71.77,0.1198,9.0,30.0,36.0,0.0,46.0,46.95
245B,pass@7,5.0,10.0,13.0,24.0,15.0,37.0,44.83,144.55,6.0,867.33,48.18,0.0482,9.0,25.0,30.0,0.0,51.44,51.44
245B,pass@8,1.0,6.0,4.0,8.0,7.0,12.0,15.51,33.69,0.67,22.46,1.25,0.0112,4.0,17.0,17.0,0.0,61.93,61.93
245B,pass@9,0.0,0.0,0.0,0.0,0.0,0.0,0.0,0.0,0.0,0.0,0.0,0.0,5.0,15.0,15.0,13.33,100.0,100.0
245B,pass@10,1.0,2.0,1.0,2.0,3.0,3.0,2.0,4.75,0.5,2.38,0.13,0.0016,3.0,12.0,12.0,0.0,71.31,71.31
245B,pass@11,3.0,15.0,9.0,18.0,18.0,27.0,63.36,112.59,1.8,202.66,11.26,0.0375,8.0,20.0,24.0,0.0,54.45,54.45
245B,pass@12,5.0,13.0,8.0,17.0,18.0,25.0,59.72,104.25,3.27,340.81,18.93,0.0347,9.0,13.0,16.0,0.0,58.39,58.39
245B,pass@13,7.0,26.0,16.0,34.0,33.0,50.0,141.86,252.22,4.58,1154.39,64.13,0.0841,13.0,16.0,22.0,0.0,52.15,52.15
245B,pass@14,6.0,16.0,10.0,20.0,22.0,30.0,79.51,133.78,3.75,501.69,27.87,0.0446,0.0,21.0,14.0,0.0,58.36,60.11
245B,pass@15,0.0,0.0,0.0,0.0,0.0,0.0,0.0,0.0,0.0,0.0,0.0,0.0,3.0,13.0,10.0,0.0,100.0,100.0
245B,pass@16,5.0,11.0,8.0,16.0,16.0,24.0,49.66,96.0,3.64,349.09,19.39,0.032,8.0,13.0,16.0,0.0,58.78,58.78
245B,pass@17,5.0,14.0,8.0,16.0,19.0,24.0,64.91,101.95,2.86,291.29,16.18,0.034,9.0,19.0,23.0,0.0,55.02,55.02
245B,pass@18,2.0,4.0,2.0,4.0,6.0,6.0,10.0,15.51,1.0,15.51,0.86,0.0052,4.0,17.0,17.0,0.0,64.15,64.28
245B,pass@19,5.0,24.0,14.0,28.0,29.0,42.0,121.65,204.04,2.92,595.1,33.06,0.068,8.0,17.0,20.0,0.0,54.37,54.37
245B,pass@20,3.0,10.0,5.0,10.0,13.0,15.0,37.97,55.51,1.5,83.26,4.63,0.0185,8.0,14.0,16.0,0.0,60.44,60.44
245B,pass@21,3.0,13.0,7.0,15.0,16.0,22.0,52.86,88.0,1.73,152.31,8.46,0.0293,9.0,15.0,18.0,0.0,57.79,57.79
245B,pass@22,2.0,9.0,5.0,10.0,11.0,15.0,30.53,51.89,1.11,57.66,3.2,0.0173,0.0,13.0,14.0,0.0,62.32,62.99
245B,pass@23,4.0,7.0,4.0,8.0,11.0,12.0,27.65,41.51,2.29,94.89,5.27,0.0138,7.0,13.0,15.0,0.0,62.07,62.07
245B,pass@24,4.0,17.0,12.0,24.0,21.0,36.0,77.49,158.12,2.82,446.47,24.8,0.0527,10.0,19.0,23.0,0.0,53.55,53.55
245B,pass@25,5.0,12.0,8.0,15.0,17.0,23.0,54.63,94.01,3.12,293.79,16.32,0.0313,8.0,16.0,20.0,0.0,56.59,56.73
245B,pass@26,0.0,0.0,0.0,0.0,0.0,0.0,0.0,0.0,0.0,0.0,0.0,0.0,5.0,21.0,22.0,0.0,100.0,100.0
245B,pass@27,3.0,6.0,4.0,8.0,9.0,12.0,20.26,38.04,2.0,76.08,4.23,0.0127,5.0,21.0,25.0,0.0,57.77,57.77
245B,pass@28,5.0,14.0,8.0,17.0,19.0,25.0,64.91,106.2,3.04,322.39,17.91,0.0354,9.0,13.0,16.0,0.0,58.34,58.34
245B,pass@29,3.0,15.0,10.0,21.0,18.0,31.0,63.36,129.27,2.1,271.46,15.08,0.0431,10.0,16.0,19.0,0.0,55.98,55.98
245B,pass@30,1.0,4.0,2.0,4.0,5.0,6.0,8.0,13.93,0.5,6.97,0.39,0.0046,3.0,10.0,12.0,0.0,68.04,68.04
245B,pass@32,0.0,0.0,0.0,0.0,0.0,0.0,0.0,0.0,0.0,0.0,0.0,0.0,4.0,15.0,15.0,0.0,100.0,100.0
25A,pass@1,5.0,10.0,10.0,20.0,15.0,30.0,44.83,117.21,5.0,586.03,32.56,0.0391,0.0,14.0,14.0,0.0,59.44,60.51
25A,pass@2,5.0,15.0,12.0,24.0,20.0,36.0,70.21,155.59,4.0,622.36,34.58,0.0519,0.0,10.0,10.0,0.0,61.76,62.84
25A,pass@3,5.0,11.0,10.0,20.0,16.0,30.0,49.66,120.0,4.55,545.45,30.3,0.04,0.0,9.0,9.0,0.0,63.55,64.63
25A,pass@4,6.0,11.0,10.0,20.0,17.0,30.0,53.56,122.62,5.45,668.86,37.16,0.0409,8.0,16.0,17.0,0.0,57.46,57.46
25A,pass@5,4.0,8.0,9.0,16.0,12.0,25.0,32.0,89.62,4.0,358.5,19.92,0.0299,4.0,19.0,19.0,0.0,57.9,57.9
25A,pass@6,6.0,15.0,12.0,24.0,21.0,36.0,74.11,158.12,4.8,758.99,42.17,0.0527,0.0,7.0,7.0,0.0,65.09,66.17
25A,pass@7,4.0,9.0,9.0,18.0,13.0,27.0,36.53,99.91,4.0,399.65,22.2,0.0333,8.0,13.0,13.0,0.0,60.62,60.62
25A,pass@8,5.0,10.0,7.0,14.0,15.0,21.0,44.83,82.04,3.5,287.16,15.95,0.0273,6.0,13.0,13.0,0.0,61.49,61.49
25A,pass@9,6.0,15.0,12.0,24.0,21.0,36.0,74.11,158.12,4.8,758.99,42.17,0.0527,0.0,10.0,10.0,0.0,61.71,62.79
25A,pass@10,5.0,15.0,12.0,24.0,20.0,36.0,70.21,155.59,4.0,622.36,34.58,0.0519,0.0,10.0,10.0,0.0,61.76,62.84
25A,pass@11,5.0,15.0,12.0,24.0,20.0,36.0,70.21,155.59,4.0,622.36,34.58,0.0519,0.0,10.0,10.0,0.0,61.76,62.84
25A,pass@12,5.0,10.0,10.0,20.0,15.0,30.0,44.83,117.21,5.0,586.03,32.56,0.0391,0.0,12.0,12.0,0.0,60.9,61.97
25A,pass@13,7.0,15.0,12.0,24.0,22.0,36.0,78.25,160.54,5.6,899.02,49.95,0.0535,0.0,10.0,10.0,0.0,61.67,62.74
25A,pass@14,5.0,13.0,12.0,24.0,18.0,36.0,59.72,150.12,4.62,692.85,38.49,0.05,0.0,10.0,10.0,0.0,61.87,62.95
25A,pass@15,5.0,12.0,10.0,20.0,17.0,30.0,54.63,122.62,4.17,510.93,28.39,0.0409,0.0,12.0,12.0,0.0,60.76,61.83
25A,pass@16,7.0,17.0,12.0,24.0,24.0,36.0,89.14,165.06,4.94,815.58,45.31,0.055,0.0,7.0,7.0,0.0,64.96,66.04
25A,pass@17,6.0,13.0,10.0,20.0,19.0,30.0,63.62,127.44,4.62,588.17,32.68,0.0425,0.0,14.0,14.0,0.0,59.18,60.26
25A,pass@18,6.0,11.0,10.0,20.0,17.0,30.0,53.56,122.62,5.45,668.86,37.16,0.0409,8.0,14.0,14.0,0.0,59.3,59.3
25A,pass@19,7.0,16.0,12.0,24.0,23.0,36.0,83.65,162.85,5.25,854.95,47.5,0.0543,0.0,10.0,10.0,0.0,61.62,62.7
25A,pass@20,5.0,15.0,12.0,24.0,20.0,36.0,70.21,155.59,4.0,622.36,34.58,0.0519,0.0,10.0,10.0,0.0,61.76,62.84
25A,pass@21,4.0,9.0,9.0,18.0,13.0,27.0,36.53,99.91,4.0,399.65,22.2,0.0333,8.0,13.0,13.0,0.0,60.62,60.62
25A,pass@22,5.0,15.0,12.0,24.0,20.0,36.0,70.21,155.59,4.0,622.36,34.58,0.0519,0.0,10.0,10.0,0.0,61.76,62.84
25A,pass@23,3.0,6.0,4.0,8.0,9.0,12.0,20.26,38.04,2.0,76.08,4.23,0.0127,0.0,7.0,7.0,0.0,70.1,70.5
25A,pass@24,6.0,11.0,10.0,20.0,17.0,30.0,53.56,122.62,5.45,668.86,37.16,0.0409,0.0,9.0,9.0,0.0,63.48,64.56
25A,pass@25,4.0,10.0,7.0,14.0,14.0,21.0,41.22,79.95,2.8,223.87,12.44,0.0267,6.0,10.0,10.0,0.0,64.06,64.06
25A,pass@26,4.0,9.0,9.0,18.0,13.0,27.0,36.53,99.91,4.0,399.65,22.2,0.0333,8.0,13.0,13.0,0.0,60.62,60.62
25A,pass@27,7.0,15.0,12.0,24.0,22.0,36.0,78.25,160.54,5.6,899.02,49.95,0.0535,0.0,7.0,7.0,0.0,65.05,66.12
25A,pass@28,5.0,11.0,7.0,14.0,16.0,21.0,49.66,84.0,3.18,267.27,14.85,0.028,6.0,14.0,14.0,0.0,60.72,60.72
25A,pass@29,5.0,9.0,9.0,18.0,14.0,27.0,40.14,102.8,5.0,513.99,28.56,0.0343,8.0,13.0,13.0,0.0,60.54,60.54
25A,pass@30,5.0,11.0,7.0,14.0,16.0,21.0,49.66,84.0,3.18,267.27,14.85,0.028,0.0,12.0,12.0,16.67,84.07,84.87
25A,pass@31,7.0,15.0,12.0,24.0,22.0,36.0,78.25,160.54,5.6,899.02,49.95,0.0535,0.0,10.0,10.0,0.0,61.67,62.74
25A,pass@32,7.0,14.0,12.0,24.0,21.0,36.0,72.95,158.12,6.0,948.74,52.71,0.0527,0.0,10.0,10.0,0.0,61.71,62.79
252C,pass@1,5.0,20.0,15.0,30.0,25.0,45.0,98.05,208.97,3.75,783.65,43.54,0.0697,7.0,21.0,22.0,0.0,53.66,53.53
252C,pass@2,4.0,11.0,9.0,18.0,15.0,27.0,46.05,105.49,3.27,345.23,19.18,0.0352,4.0,18.0,19.0,0.0,57.4,57.4
252C,pass@3,5.0,16.0,14.0,28.0,21.0,42.0,75.61,184.48,4.38,807.09,44.84,0.0615,5.0,17.0,17.0,0.0,56.62,56.62
252C,pass@4,4.0,11.0,9.0,18.0,15.0,27.0,46.05,105.49,3.27,345.23,19.18,0.0352,4.0,15.0,15.0,0.0,59.64,59.64
252C,pass@5,5.0,19.0,14.0,28.0,24.0,42.0,92.32,192.57,3.68,709.46,39.41,0.0642,5.0,20.0,21.0,0.0,54.49,54.49
252C,pass@6,3.0,10.0,6.0,12.0,13.0,18.0,37.97,66.61,1.8,119.89,6.66,0.0222,3.0,11.0,11.0,0.0,64.11,64.11
252C,pass@7,4.0,11.0,7.0,14.0,15.0,21.0,46.05,82.04,2.55,208.84,11.6,0.0273,6.0,18.0,19.0,0.0,57.9,57.9
252C,pass@8,5.0,16.0,12.0,24.0,21.0,36.0,75.61,158.12,3.75,592.96,32.94,0.0527,4.0,16.0,16.0,0.0,57.8,57.8
252C,pass@9,5.0,17.0,13.0,26.0,22.0,39.0,81.1,173.92,3.82,664.98,36.94,0.058,6.0,14.0,14.0,0.0,58.5,58.5
252C,pass@10,4.0,11.0,9.0,18.0,15.0,27.0,46.05,105.49,3.27,345.23,19.18,0.0352,4.0,19.0,20.0,0.0,56.91,56.91
252C,pass@11,5.0,14.0,10.0,20.0,19.0,30.0,64.91,127.44,3.57,455.14,25.29,0.0425,5.0,20.0,21.0,0.0,55.74,55.74
252C,pass@12,5.0,19.0,15.0,30.0,24.0,45.0,92.32,206.32,3.95,814.43,45.25,0.0688,6.0,14.0,14.0,0.0,57.98,57.98
252C,pass@13,5.0,14.0,10.0,20.0,19.0,30.0,64.91,127.44,3.57,455.14,25.29,0.0425,4.0,13.0,13.0,0.0,60.42,60.42
252C,pass@14,6.0,17.0,14.0,28.0,23.0,42.0,85.0,189.99,4.94,938.77,52.15,0.0633,5.0,21.0,22.0,0.0,54.09,54.09
252C,pass@15,3.0,11.0,7.0,14.0,14.0,21.0,42.81,79.95,1.91,152.64,8.48,0.0267,6.0,14.0,14.0,0.0,60.87,60.87
252C,pass@16,5.0,18.0,14.0,28.0,23.0,42.0,86.67,189.99,3.89,738.85,41.05,0.0633,6.0,15.0,15.0,0.0,57.58,57.58
252C,pass@17,5.0,15.0,11.0,22.0,20.0,33.0,70.21,142.62,3.67,522.95,29.05,0.0475,5.0,21.0,21.0,0.0,55.4,55.4
252C,pass@18,5.0,19.0,13.0,26.0,24.0,39.0,92.32,178.81,3.42,611.73,33.99,0.0596,6.0,14.0,14.0,0.0,58.42,58.42
252C,pass@19,6.0,16.0,13.0,26.0,22.0,39.0,79.51,173.92,4.88,847.85,47.1,0.058,6.0,15.0,15.0,0.0,57.85,57.85
252C,pass@20,6.0,16.0,13.0,26.0,22.0,39.0,79.51,173.92,4.88,847.85,47.1,0.058,6.0,15.0,15.0,0.0,57.85,57.85
252C,pass@21,5.0,19.0,14.0,28.0,24.0,42.0,92.32,192.57,3.68,709.46,39.41,0.0642,5.0,21.0,22.0,0.0,54.05,54.05
252C,pass@22,4.0,15.0,12.0,24.0,19.0,36.0,66.6,152.93,3.2,489.36,27.19,0.051,4.0,16.0,16.0,0.0,57.9,57.9
252C,pass@23,5.0,19.0,14.0,28.0,24.0,42.0,92.32,192.57,3.68,709.46,39.41,0.0642,5.0,17.0,17.0,0.0,56.49,56.49
252C,pass@24,5.0,19.0,14.0,28.0,24.0,42.0,92.32,192.57,3.68,709.46,39.41,0.0642,6.0,14.0,14.0,0.0,58.19,58.19
252C,pass@25,7.0,21.0,17.0,34.0,28.0,51.0,111.89,245.18,5.67,1389.33,77.18,0.0817,6.0,14.0,14.0,0.0,57.46,57.46
252C,pass@26,4.0,11.0,9.0,18.0,15.0,27.0,46.05,105.49,3.27,345.23,19.18,0.0352,4.0,15.0,15.0,0.0,59.64,59.64
252C,pass@27,5.0,17.0,13.0,26.0,22.0,39.0,81.1,173.92,3.82,664.98,36.94,0.058,6.0,14.0,14.0,0.0,58.5,58.5
252C,pass@28,5.0,16.0,14.0,28.0,21.0,42.0,75.61,184.48,4.38,807.09,44.84,0.0615,5.0,17.0,17.0,0.0,56.62,56.62
252C,pass@29,4.0,11.0,9.0,18.0,15.0,27.0,46.05,105.49,3.27,345.23,19.18,0.0352,4.0,18.0,19.0,0.0,57.4,57.4
252C,pass@30,5.0,19.0,14.0,28.0,24.0,42.0,92.32,192.57,3.68,709.46,39.41,0.0642,5.0,17.0,17.0,0.0,56.49,56.49
252C,pass@31,4.0,12.0,8.0,16.0,16.0,24.0,51.02,96.0,2.67,256.0,14.22,0.032,4.0,12.0,12.0,0.0,62.04,62.04
252C,pass@32,5.0,17.0,13.0,26.0,22.0,39.0,81.1,173.92,3.82,664.98,36.94,0.058,6.0,14.0,14.0,0.0,58.5,58.5
252D,pass@1,6.0,15.0,15.0,30.0,21.0,45.0,74.11,197.65,6.0,1185.93,65.88,0.0659,9.0,29.0,31.0,10.34,68.12,68.26
252D,pass@2,5.0,18.0,14.0,28.0,23.0,42.0,86.67,189.99,3.89,738.85,41.05,0.0633,9.0,30.0,32.0,0.0,50.13,50.0
252D,pass@3,8.0,17.0,11.0,21.0,25.0,32.0,93.49,148.6,4.94,734.28,40.79,0.0495,10.0,33.0,33.0,0.0,50.59,50.32
252D,pass@4,5.0,14.0,8.0,16.0,19.0,24.0,64.91,101.95,2.86,291.29,16.18,0.034,8.0,30.0,31.0,0.0,52.46,52.33
252D,pass@5,5.0,23.0,18.0,36.0,28.0,54.0,115.65,259.6,3.91,1015.81,56.43,0.0865,11.0,45.0,47.0,0.0,45.27,45.14
252D,pass@6,5.0,14.0,10.0,20.0,19.0,30.0,64.91,127.44,3.57,455.14,25.29,0.0425,8.0,24.0,24.0,0.0,54.07,54.07
252D,pass@7,5.0,16.0,12.0,24.0,21.0,36.0,75.61,158.12,3.75,592.96,32.94,0.0527,8.0,35.0,35.0,0.0,49.84,49.84
252D,pass@8,6.0,24.0,18.0,36.0,30.0,54.0,125.55,264.97,4.5,1192.37,66.24,0.0883,12.0,37.0,39.0,0.0,46.85,46.71
252D,pass@9,6.0,15.0,14.0,28.0,21.0,42.0,74.11,184.48,5.6,1033.07,57.39,0.0615,10.0,21.0,23.0,0.0,53.22,53.08
252D,pass@10,7.0,21.0,12.0,24.0,28.0,36.0,111.89,173.06,4.0,692.26,38.46,0.0577,9.0,35.0,38.0,0.0,48.79,48.66
252D,pass@11,5.0,14.0,10.0,20.0,19.0,30.0,64.91,127.44,3.57,455.14,25.29,0.0425,8.0,23.0,23.0,0.0,54.48,54.48
252D,pass@12,5.0,15.0,10.0,20.0,20.0,30.0,70.21,129.66,3.33,432.19,24.01,0.0432,8.0,22.0,22.0,0.0,54.85,54.85
252D,pass@13,7.0,22.0,15.0,30.0,29.0,45.0,117.76,218.61,4.77,1043.36,57.96,0.0729,4.0,28.0,28.0,0.0,51.51,51.51
252D,pass@14,8.0,24.0,18.0,36.0,32.0,54.0,134.04,270.0,6.0,1620.0,90.0,0.09,11.0,37.0,37.0,0.0,47.42,47.29
252D,pass@15,6.0,21.0,14.0,28.0,27.0,42.0,107.75,199.71,4.0,798.82,44.38,0.0666,11.0,32.0,34.0,0.0,49.27,49.01
252D,pass@16,6.0,26.0,15.0,30.0,32.0,45.0,137.72,225.0,3.46,778.85,43.27,0.075,13.0,42.0,42.0,0.0,46.51,46.37
252D,pass@19,5.0,20.0,15.0,30.0,25.0,45.0,98.05,208.97,3.75,783.65,43.54,0.0697,5.0,29.0,31.0,0.0,50.68,50.55
252D,pass@20,4.0,14.0,10.0,20.0,18.0,30.0,61.3,125.1,2.86,357.42,19.86,0.0417,9.0,28.0,28.0,0.0,52.67,52.54
252D,pass@21,6.0,17.0,16.0,32.0,23.0,48.0,85.0,217.13,5.65,1226.15,68.12,0.0724,12.0,39.0,41.0,0.0,47.11,46.84
252D,pass@22,6.0,16.0,13.0,26.0,22.0,39.0,79.51,173.92,4.88,847.85,47.1,0.058,10.0,35.0,35.0,0.0,49.29,49.29
252D,pass@23,8.0,25.0,16.0,32.0,33.0,48.0,140.1,242.13,5.12,1239.71,68.87,0.0807,11.0,32.0,34.0,3.12,59.03,58.89
252D,pass@24,5.0,17.0,10.0,20.0,22.0,30.0,81.1,133.78,2.94,393.48,21.86,0.0446,9.0,24.0,24.0,0.0,53.93,53.79
252D,pass@25,7.0,20.0,15.0,30.0,27.0,45.0,106.09,213.97,5.25,1123.34,62.41,0.0713,10.0,21.0,21.0,0.0,53.63,53.49
252D,pass@26,4.0,17.0,12.0,24.0,21.0,36.0,77.49,158.12,2.82,446.47,24.8,0.0527,9.0,30.0,33.0,0.0,50.4,50.27
252D,pass@27,7.0,20.0,14.0,28.0,27.0,42.0,106.09,199.71,4.9,978.56,54.36,0.0666,8.0,39.0,39.0,0.0,47.3,48.11
252D,pass@28,4.0,14.0,11.0,22.0,18.0,33.0,61.3,137.61,3.14,432.48,24.03,0.0459,4.0,23.0,23.0,0.0,54.92,54.78
252D,pass@29,5.0,19.0,14.0,28.0,24.0,42.0,92.32,192.57,3.68,709.46,39.41,0.0642,10.0,28.0,30.0,0.0,50.57,50.44
252D,pass@30,4.0,16.0,10.0,20.0,20.0,30.0,72.0,129.66,2.5,324.14,18.01,0.0432,5.0,32.0,34.0,0.0,50.99,51.13
252D,pass@31,6.0,20.0,13.0,26.0,26.0,39.0,101.95,183.32,3.9,714.94,39.72,0.0611,5.0,25.0,27.0,0.0,52.26,52.26
252D,pass@32,7.0,19.0,11.0,22.0,26.0,33.0,100.36,155.11,4.05,628.62,34.92,0.0517,10.0,30.0,30.0,0.0,51.36,51.09
257C,pass@1,7.0,19.0,16.0,31.0,26.0,47.0,100.36,220.92,5.71,1261.57,70.09,0.0736,5.0,27.0,27.0,7.41,67.18,67.32
257C,pass@2,4.0,9.0,5.0,10.0,13.0,15.0,36.53,55.51,2.22,123.35,6.85,0.0185,0.0,16.0,16.0,0.0,60.85,61.52
257C,pass@3,7.0,20.0,13.0,26.0,27.0,39.0,106.09,185.44,4.55,843.75,46.88,0.0618,5.0,20.0,20.0,0.0,54.93,55.06
257C,pass@4,5.0,15.0,12.0,24.0,20.0,36.0,70.21,155.59,4.0,622.36,34.58,0.0519,5.0,22.0,22.0,0.0,54.56,54.7
257C,pass@5,5.0,15.0,14.0,28.0,20.0,42.0,70.21,181.52,4.67,847.1,47.06,0.0605,0.0,22.0,22.0,0.0,54.23,54.9
257C,pass@6,6.0,19.0,13.0,25.0,25.0,38.0,96.22,176.47,3.95,696.58,38.7,0.0588,4.0,22.0,22.0,0.0,54.31,54.45
257C,pass@7,7.0,16.0,10.0,20.0,23.0,30.0,83.65,135.71,4.38,593.72,32.98,0.0452,4.0,21.0,21.0,0.0,55.55,55.69
257C,pass@8,6.0,18.0,16.0,31.0,24.0,47.0,90.57,215.49,5.17,1113.38,61.85,0.0718,4.0,23.0,23.0,0.0,53.28,53.42
257C,pass@9,5.0,12.0,8.0,16.0,17.0,24.0,54.63,98.1,3.33,327.0,18.17,0.0327,3.0,19.0,19.0,0.0,57.62,57.76
257C,pass@11,6.0,17.0,11.0,22.0,23.0,33.0,85.0,149.28,3.88,579.55,32.2,0.0498,3.0,19.0,19.0,0.0,56.34,56.48
257C,pass@12,5.0,12.0,8.0,16.0,17.0,24.0,54.63,98.1,3.33,327.0,18.17,0.0327,3.0,18.0,18.0,0.0,58.13,58.27
257C,pass@13,5.0,16.0,13.0,26.0,21.0,39.0,75.61,171.3,4.06,695.91,38.66,0.0571,4.0,21.0,21.0,0.0,54.84,54.98
257C,pass@14,4.0,10.0,6.0,12.0,14.0,18.0,41.22,68.53,2.4,164.48,9.14,0.0228,5.0,21.0,21.0,0.0,57.63,57.63
257C,pass@15,5.0,14.0,10.0,20.0,19.0,30.0,64.91,127.44,3.57,455.14,25.29,0.0425,4.0,23.0,23.0,4.35,67.13,67.26
257C,pass@16,7.0,17.0,10.0,20.0,24.0,30.0,89.14,137.55,4.12,566.38,31.47,0.0458,4.0,19.0,19.0,0.0,56.46,56.59
257C,pass@17,3.0,9.0,5.0,10.0,12.0,15.0,33.28,53.77,1.67,89.62,4.98,0.0179,3.0,15.0,15.0,0.0,61.69,61.82
257C,pass@18,6.0,13.0,8.0,16.0,19.0,24.0,63.62,101.95,3.69,376.43,20.91,0.034,4.0,19.0,19.0,0.0,57.37,57.5
257C,pass@19,5.0,12.0,8.0,16.0,17.0,24.0,54.63,98.1,3.33,327.0,18.17,0.0327,3.0,19.0,19.0,0.0,57.62,57.76
257C,pass@20,5.0,15.0,12.0,24.0,20.0,36.0,70.21,155.59,4.0,622.36,34.58,0.0519,6.0,22.0,22.0,0.0,54.7,54.56
257C,pass@21,5.0,13.0,8.0,16.0,18.0,24.0,59.72,100.08,3.08,307.93,17.11,0.0334,5.0,15.0,15.0,0.0,59.67,59.67
257C,pass@22,4.0,10.0,6.0,12.0,14.0,18.0,41.22,68.53,2.4,164.48,9.14,0.0228,4.0,15.0,15.0,0.0,60.95,60.95
257C,pass@24,6.0,16.0,10.0,20.0,22.0,30.0,79.51,133.78,3.75,501.69,27.87,0.0446,3.0,19.0,19.0,0.0,56.68,56.81
257C,pass@25,5.0,15.0,9.0,18.0,20.0,27.0,70.21,116.69,3.0,350.08,19.45,0.0389,2.0,18.0,18.0,0.0,57.61,57.88
257C,pass@26,4.0,15.0,9.0,18.0,19.0,27.0,66.6,114.69,2.4,275.27,15.29,0.0382,7.0,21.0,21.0,0.0,56.06,55.79
257C,pass@27,4.0,10.0,6.0,11.0,14.0,17.0,41.22,64.73,2.2,142.4,7.91,0.0216,3.0,19.0,19.0,0.0,58.89,59.02
257C,pass@28,4.0,10.0,6.0,12.0,14.0,18.0,41.22,68.53,2.4,164.48,9.14,0.0228,4.0,17.0,17.0,0.0,59.63,59.77
257C,pass@29,5.0,12.0,7.0,14.0,17.0,21.0,54.63,85.84,2.92,250.36,13.91,0.0286,4.0,18.0,18.0,0.0,58.41,58.54
257C,pass@30,7.0,16.0,9.0,18.0,23.0,27.0,83.65,122.14,3.94,480.91,26.72,0.0407,4.0,19.0,19.0,0.0,56.82,56.96
257C,pass@31,6.0,18.0,16.0,31.0,24.0,47.0,90.57,215.49,5.17,1113.38,61.85,0.0718,4.0,73.0,73.0,0.0,42.34,42.48
257C,pass@32,4.0,10.0,5.0,10.0,14.0,15.0,41.22,57.11,2.0,114.22,6.35,0.019,3.0,17.0,17.0,0.0,60.32,60.45
257A,pass@1,5.0,7.0,6.0,10.0,12.0,16.0,31.26,57.36,3.57,204.86,11.38,0.0191,4.0,20.0,21.0,5.0,71.37,71.37
257A,pass@2,9.0,19.0,16.0,29.0,28.0,45.0,109.24,216.33,6.87,1485.85,82.55,0.0721,3.0,29.0,30.0,0.0,51.02,51.02
257A,pass@3,8.0,15.0,11.0,20.0,23.0,31.0,82.6,140.23,5.33,747.9,41.55,0.0467,2.0,24.0,25.0,4.17,66.21,66.21
257A,pass@4,4.0,8.0,5.0,9.0,12.0,14.0,32.0,50.19,2.25,112.93,6.27,0.0167,4.0,15.0,16.0,0.0,61.29,61.29
257A,pass@5,4.0,9.0,6.0,11.0,13.0,17.0,36.53,62.91,2.44,153.77,8.54,0.021,4.0,15.0,15.0,0.0,61.21,61.21
257A,pass@6,5.0,11.0,9.0,17.0,16.0,26.0,49.66,104.0,3.86,401.82,22.32,0.0347,4.0,21.0,21.0,0.0,56.5,56.5
257A,pass@7,4.0,8.0,5.0,9.0,12.0,14.0,32.0,50.19,2.25,112.93,6.27,0.0167,3.0,10.0,11.0,40.0,93.23,93.23
257A,pass@8,4.0,8.0,5.0,9.0,12.0,14.0,32.0,50.19,2.25,112.93,6.27,0.0167,4.0,13.0,13.0,0.0,63.25,63.25
257A,pass@9,4.0,8.0,5.0,9.0,12.0,14.0,32.0,50.19,2.25,112.93,6.27,0.0167,4.0,15.0,16.0,0.0,61.29,61.29
257A,pass@10,4.0,7.0,5.0,9.0,11.0,14.0,27.65,48.43,2.57,124.54,6.92,0.0161,4.0,15.0,15.0,0.0,62.01,62.01
257A,pass@11,7.0,11.0,9.0,16.0,18.0,25.0,57.71,104.25,5.09,530.72,29.48,0.0347,3.0,23.0,25.0,0.0,54.97,54.97
257A,pass@12,4.0,6.0,6.0,11.0,10.0,17.0,23.51,56.47,3.67,207.07,11.5,0.0188,4.0,16.0,16.0,0.0,60.93,60.93
257A,pass@13,4.0,8.0,5.0,9.0,12.0,14.0,32.0,50.19,2.25,112.93,6.27,0.0167,4.0,12.0,12.0,0.0,64.01,64.01
257A,pass@14,4.0,7.0,5.0,9.0,11.0,14.0,27.65,48.43,2.57,124.54,6.92,0.0161,3.0,15.0,15.0,0.0,62.14,62.14
257A,pass@15,6.0,7.0,7.0,13.0,13.0,20.0,35.16,74.01,5.57,412.33,22.91,0.0247,5.0,23.0,24.0,0.0,56.13,56.13
257A,pass@16,6.0,9.0,10.0,19.0,15.0,29.0,44.04,113.3,6.33,717.57,39.86,0.0378,6.0,19.0,19.0,0.0,56.91,56.91
257A,pass@17,5.0,8.0,8.0,14.0,13.0,22.0,35.61,81.41,4.38,356.17,19.79,0.0271,3.0,21.0,22.0,0.0,56.93,56.93
257A,pass@18,7.0,16.0,12.0,22.0,23.0,34.0,83.65,153.8,4.81,740.17,41.12,0.0513,5.0,16.0,16.0,0.0,57.75,57.75
257A,pass@19,4.0,8.0,5.0,9.0,12.0,14.0,32.0,50.19,2.25,112.93,6.27,0.0167,4.0,15.0,16.0,0.0,61.29,61.29
257A,pass@20,5.0,6.0,6.0,11.0,11.0,17.0,27.12,58.81,4.58,269.55,14.97,0.0196,4.0,20.0,21.0,0.0,58.23,58.23
257A,pass@21,5.0,6.0,6.0,11.0,11.0,17.0,27.12,58.81,4.58,269.55,14.97,0.0196,4.0,17.0,18.0,0.0,59.69,59.69
257A,pass@22,6.0,7.0,7.0,13.0,13.0,20.0,35.16,74.01,5.57,412.33,22.91,0.0247,5.0,17.0,17.0,0.0,59.4,59.4
257A,pass@23,4.0,6.0,6.0,11.0,10.0,17.0,23.51,56.47,3.67,207.07,11.5,0.0188,4.0,13.0,13.0,0.0,62.9,62.9
257A,pass@24,6.0,6.0,7.0,13.0,12.0,20.0,31.02,71.7,6.5,466.05,25.89,0.0239,5.0,23.0,24.0,0.0,56.23,56.23
257A,pass@25,4.0,6.0,6.0,11.0,10.0,17.0,23.51,56.47,3.67,207.07,11.5,0.0188,4.0,13.0,13.0,0.0,62.9,62.9
257A,pass@26,4.0,8.0,5.0,9.0,12.0,14.0,32.0,50.19,2.25,112.93,6.27,0.0167,4.0,11.0,11.0,0.0,64.84,64.84
257A,pass@27,6.0,14.0,12.0,23.0,20.0,35.0,68.81,151.27,4.93,745.53,41.42,0.0504,3.0,24.0,25.0,0.0,53.84,53.84
257A,pass@28,7.0,17.0,13.0,24.0,24.0,37.0,89.14,169.64,4.94,838.24,46.57,0.0565,3.0,21.0,22.0,0.0,54.7,54.7
257A,pass@29,5.0,6.0,7.0,13.0,11.0,20.0,27.12,69.19,5.42,374.77,20.82,0.0231,4.0,17.0,17.0,0.0,59.74,59.74
257A,pass@30,6.0,7.0,7.0,13.0,13.0,20.0,35.16,74.01,5.57,412.33,22.91,0.0247,5.0,20.0,21.0,0.0,57.4,57.4
257A,pass@31,7.0,12.0,8.0,14.0,19.0,22.0,62.67,93.45,4.08,381.61,21.2,0.0312,2.0,22.0,23.0,0.0,56.23,56.23
257A,pass@32,6.0,7.0,7.0,13.0,13.0,20.0,35.16,74.01,5.57,412.33,22.91,0.0247,5.0,22.0,23.0,0.0,56.53,56.53
26C,pass@1,9.0,30.0,37.0,74.0,39.0,111.0,175.74,586.68,11.1,6512.14,361.79,0.1956,20.0,39.0,39.0,5.13,56.44,56.44
26C,pass@2,8.0,48.0,48.0,105.0,56.0,153.0,292.08,888.53,8.75,7774.6,431.92,0.2962,25.0,48.0,48.0,0.0,39.32,39.32
26C,pass@3,11.0,40.0,59.0,118.0,51.0,177.0,250.93,1004.02,16.23,16290.21,905.01,0.3347,23.0,41.0,41.0,0.0,40.71,40.71
26C,pass@4,12.0,76.0,66.0,137.0,88.0,203.0,517.86,1311.26,10.82,14182.36,787.91,0.4371,31.0,61.0,61.0,0.0,35.06,35.06
26C,pass@5,9.0,38.0,67.0,135.0,47.0,202.0,227.95,1122.03,15.99,17937.67,996.54,0.374,26.0,58.0,58.0,0.0,36.68,36.68
26C,pass@6,8.0,23.0,25.0,50.0,31.0,75.0,128.04,371.56,8.7,3231.0,179.5,0.1239,19.0,39.0,39.0,0.0,44.74,44.74
26C,pass@7,10.0,48.0,37.0,76.0,58.0,113.0,301.3,661.95,7.92,5240.45,291.14,0.2207,20.0,54.0,55.0,0.0,39.59,39.59
26C,pass@8,9.0,24.0,31.0,62.0,33.0,93.0,138.57,469.13,11.62,5453.62,302.98,0.1564,17.0,35.0,35.0,0.0,45.33,45.33
26C,pass@9,8.0,28.0,35.0,71.0,36.0,106.0,158.61,548.01,10.14,5558.41,308.8,0.1827,14.0,37.0,40.0,0.0,43.99,43.99
26C,pass@10,14.0,78.0,103.0,206.0,92.0,309.0,543.56,2015.78,18.49,37266.1,2070.34,0.6719,34.0,79.0,79.0,0.0,30.89,30.89
26C,pass@11,8.0,27.0,37.0,75.0,35.0,112.0,152.38,574.48,11.11,6383.11,354.62,0.1915,13.0,32.0,32.0,0.0,46.1,46.1
26C,pass@12,9.0,28.0,35.0,70.0,37.0,105.0,163.14,546.99,11.25,6153.67,341.87,0.1823,19.0,42.0,42.0,0.0,42.86,42.86
26C,pass@13,11.0,52.0,61.0,132.0,63.0,193.0,334.48,1153.62,13.96,16106.24,894.79,0.3845,0.0,30.0,30.0,0.0,43.11,46.34
26C,pass@14,9.0,25.0,33.0,68.0,34.0,101.0,144.63,513.83,12.24,6289.33,349.41,0.1713,22.0,41.0,41.0,12.2,62.24,62.24
26C,pass@15,7.0,50.0,75.0,150.0,57.0,225.0,301.84,1312.4,10.5,13780.2,765.57,0.4375,33.0,65.0,65.0,0.0,34.18,34.18
26C,pass@16,9.0,24.0,29.0,59.0,33.0,88.0,138.57,443.91,11.06,4910.72,272.82,0.148,17.0,43.0,43.0,0.0,43.54,43.54
26C,pass@17,9.0,44.0,57.0,120.0,53.0,177.0,268.74,1013.84,12.27,12442.61,691.26,0.3379,27.0,44.0,44.0,6.82,54.53,54.53
26C,pass@18,11.0,33.0,35.0,71.0,44.0,106.0,204.52,578.7,11.83,6847.95,380.44,0.1929,12.0,38.0,39.0,0.0,44.2,44.34
26C,pass@19,9.0,27.0,29.0,59.0,36.0,88.0,156.91,454.95,9.83,4473.71,248.54,0.1517,22.0,41.0,41.0,0.0,43.25,43.25
26C,pass@20,8.0,34.0,34.0,69.0,42.0,103.0,196.97,555.41,8.12,4508.61,250.48,0.1851,14.0,43.0,43.0,0.0,43.27,43.27
26C,pass@21,10.0,50.0,51.0,104.0,60.0,155.0,315.41,915.57,10.4,9521.91,528.99,0.3052,34.0,55.0,56.0,10.91,55.04,55.04
26C,pass@22,9.0,56.0,50.0,94.0,65.0,144.0,353.74,867.22,7.55,6550.62,363.92,0.2891,20.0,43.0,43.0,0.0,41.1,41.1
26C,pass@23,8.0,27.0,29.0,60.0,35.0,89.0,152.38,456.51,8.89,4057.83,225.44,0.1522,18.0,34.0,34.0,0.0,45.55,45.55
26C,pass@24,10.0,27.0,34.0,70.0,37.0,104.0,161.6,541.78,12.96,7023.11,390.17,0.1806,18.0,30.0,30.0,10.0,64.03,64.03
26C,pass@25,8.0,29.0,33.0,67.0,37.0,100.0,164.88,520.95,9.24,4814.25,267.46,0.1736,14.0,49.0,49.0,0.0,42.22,42.22
26C,pass@26,8.0,43.0,44.0,89.0,51.0,133.0,257.33,754.43,8.28,6246.0,347.0,0.2515,25.0,44.0,44.0,0.0,40.64,40.64
26C,pass@27,9.0,37.0,48.0,97.0,46.0,145.0,221.28,800.92,11.8,9448.65,524.92,0.267,23.0,50.0,51.0,0.0,39.33,39.33
26C,pass@28,11.0,57.0,64.0,127.0,68.0,191.0,370.53,1162.71,12.25,14248.24,791.57,0.3876,20.0,43.0,43.0,0.0,40.21,40.21
26C,pass@29,9.0,29.0,37.0,74.0,38.0,111.0,169.41,582.52,11.48,6688.94,371.61,0.1942,19.0,45.0,45.0,0.0,42.02,42.02
26C,pass@30,9.0,25.0,29.0,60.0,34.0,89.0,144.63,452.78,10.8,4890.07,271.67,0.1509,18.0,34.0,34.0,5.88,59.66,59.66
26C,pass@31,10.0,37.0,50.0,102.0,47.0,152.0,225.97,844.3,13.78,11637.61,646.53,0.2814,19.0,50.0,50.0,0.0,39.89,39.89
26C,pass@32,12.0,107.0,118.0,237.0,119.0,355.0,764.36,2447.66,13.29,32528.72,1807.15,0.8159,28.0,70.0,70.0,0.0,32.39,32.26
26D,pass@1,10.0,17.0,18.0,36.0,27.0,54.0,102.71,256.76,10.59,2718.68,151.04,0.0856,10.0,19.0,19.0,0.0,53.89,53.89
26D,pass@2,6.0,11.0,8.0,16.0,17.0,24.0,53.56,98.1,4.36,428.07,23.78,0.0327,4.0,11.0,11.0,0.0,62.8,62.8
26D,pass@3,5.0,13.0,10.0,20.0,18.0,30.0,59.72,125.1,3.85,481.15,26.73,0.0417,3.0,11.0,11.0,0.0,62.19,62.19
26D,pass@4,7.0,16.0,14.0,28.0,23.0,42.0,83.65,189.99,6.12,1163.69,64.65,0.0633,5.0,12.0,12.0,0.0,59.83,59.83
26D,pass@5,5.0,11.0,10.0,20.0,16.0,30.0,49.66,120.0,4.55,545.45,30.3,0.04,3.0,9.0,9.0,0.0,64.22,64.22
26D,pass@6,5.0,13.0,14.0,28.0,18.0,42.0,59.72,175.14,5.38,943.04,52.39,0.0584,3.0,9.0,9.0,0.0,63.07,63.07
26D,pass@7,6.0,14.0,11.0,22.0,20.0,33.0,68.81,142.62,4.71,672.37,37.35,0.0475,4.0,13.0,13.0,0.0,60.08,60.08
26D,pass@8,5.0,10.0,8.0,16.0,15.0,24.0,44.83,93.77,4.0,375.06,20.84,0.0313,3.0,11.0,11.0,0.0,63.07,63.07
26D,pass@9,6.0,14.0,10.0,20.0,20.0,30.0,68.81,129.66,4.29,555.68,30.87,0.0432,4.0,16.0,16.0,0.0,58.4,58.4
26D,pass@10,7.0,16.0,14.0,28.0,23.0,42.0,83.65,189.99,6.12,1163.69,64.65,0.0633,5.0,13.0,13.0,0.0,59.07,59.07
26D,pass@11,6.0,11.0,10.0,20.0,17.0,30.0,53.56,122.62,5.45,668.86,37.16,0.0409,5.0,12.0,12.0,0.0,61.16,61.16
26D,pass@13,4.0,7.0,6.0,12.0,11.0,18.0,27.65,62.27,3.43,213.5,11.86,0.0208,3.0,9.0,9.0,0.0,66.22,66.22
26D,pass@14,4.0,14.0,12.0,24.0,18.0,36.0,61.3,150.12,3.43,514.69,28.59,0.05,4.0,11.0,11.0,0.0,61.51,61.51
26D,pass@15,6.0,12.0,9.0,18.0,18.0,27.0,58.53,112.59,4.5,506.65,28.15,0.0375,5.0,13.0,13.0,0.0,60.66,60.66
26D,pass@16,5.0,12.0,11.0,22.0,17.0,33.0,54.63,134.89,4.58,618.23,34.35,0.045,3.0,11.0,11.0,0.0,61.97,61.97
26D,pass@17,6.0,14.0,11.0,22.0,20.0,33.0,68.81,142.62,4.71,672.37,37.35,0.0475,6.0,18.0,18.0,0.0,56.86,56.73
26D,pass@18,7.0,34.0,38.0,76.0,41.0,114.0,192.63,610.76,7.82,4778.31,265.46,0.2036,10.0,26.0,26.0,0.0,48.28,48.28
26D,pass@19,5.0,13.0,11.0,22.0,18.0,33.0,59.72,137.61,4.23,582.19,32.34,0.0459,4.0,13.0,13.0,0.0,60.19,60.19
26D,pass@20,6.0,15.0,15.0,30.0,21.0,45.0,74.11,197.65,6.0,1185.93,65.88,0.0659,4.0,9.0,9.0,0.0,62.57,62.57
26D,pass@21,5.0,12.0,9.0,18.0,17.0,27.0,54.63,110.36,3.75,413.86,22.99,0.0368,4.0,12.0,12.0,0.0,61.62,61.62
26D,pass@22,6.0,18.0,17.0,34.0,24.0,51.0,90.57,233.83,5.67,1325.05,73.61,0.0779,5.0,15.0,15.0,0.0,57.09,57.09
26D,pass@23,5.0,11.0,8.0,16.0,16.0,24.0,49.66,96.0,3.64,349.09,19.39,0.032,3.0,11.0,11.0,0.0,63.0,63.0
26D,pass@24,5.0,13.0,8.0,16.0,18.0,24.0,59.72,100.08,3.08,307.93,17.11,0.0334,3.0,11.0,11.0,0.0,62.87,62.87
26D,pass@25,7.0,13.0,16.0,32.0,20.0,48.0,67.76,207.45,8.62,1787.28,99.29,0.0692,5.0,13.0,13.0,0.0,58.8,58.8
26D,pass@26,7.0,15.0,10.0,20.0,22.0,30.0,78.25,133.78,4.67,624.32,34.68,0.0446,4.0,16.0,16.0,0.0,58.04,58.31
26D,pass@27,5.0,11.0,8.0,16.0,16.0,24.0,49.66,96.0,3.64,349.09,19.39,0.032,3.0,11.0,11.0,0.0,63.0,63.0
26D,pass@28,4.0,11.0,9.0,18.0,15.0,27.0,46.05,105.49,3.27,345.23,19.18,0.0352,2.0,9.0,9.0,0.0,64.75,64.75
26D,pass@29,5.0,13.0,10.0,20.0,18.0,30.0,59.72,125.1,3.85,481.15,26.73,0.0417,3.0,11.0,11.0,0.0,62.19,62.19
26D,pass@30,7.0,16.0,12.0,24.0,23.0,36.0,83.65,162.85,5.25,854.95,47.5,0.0543,5.0,12.0,12.0,0.0,60.3,60.3
26D,pass@31,5.0,13.0,9.0,18.0,18.0,27.0,59.72,112.59,3.46,389.73,21.65,0.0375,4.0,10.0,10.0,0.0,63.28,63.28
26D,pass@32,5.0,12.0,10.0,20.0,17.0,30.0,54.63,122.62,4.17,510.93,28.39,0.0409,3.0,11.0,11.0,0.0,62.26,62.26
261A,pass@2,7.0,18.0,14.0,26.0,25.0,40.0,94.71,185.75,5.06,939.09,52.17,0.0619,9.0,31.0,33.0,0.0,49.78,49.78
261A,pass@3,5.0,13.0,15.0,30.0,18.0,45.0,59.72,187.65,5.77,1082.58,60.14,0.0625,0.0,22.0,26.0,0.0,52.54,53.22
261A,pass@4,6.0,16.0,15.0,29.0,22.0,44.0,79.51,196.21,5.44,1066.92,59.27,0.0654,8.0,31.0,33.0,0.0,49.61,49.75
261A,pass@5,6.0,13.0,14.0,26.0,19.0,40.0,63.62,169.92,6.0,1019.5,56.64,0.0566,0.0,23.0,25.0,0.0,52.81,53.89
261A,pass@7,2.0,5.0,5.0,9.0,7.0,14.0,13.61,39.3,1.8,70.75,3.93,0.0131,0.0,20.0,22.0,0.0,58.75,59.55
261A,pass@8,6.0,17.0,17.0,30.0,23.0,47.0,85.0,212.61,5.29,1125.57,62.53,0.0709,0.0,18.0,20.0,0.0,54.25,55.32
261A,pass@9,3.0,10.0,7.0,14.0,13.0,21.0,37.97,77.71,2.1,163.19,9.07,0.0259,0.0,18.0,20.0,0.0,57.58,58.38
261A,pass@10,6.0,21.0,20.0,40.0,27.0,60.0,107.75,285.29,5.71,1630.25,90.57,0.0951,3.0,23.0,27.0,0.0,51.05,51.18
261A,pass@11,4.0,13.0,12.0,24.0,17.0,36.0,56.11,147.15,3.69,543.32,30.18,0.049,0.0,23.0,25.0,0.0,53.65,54.33
261A,pass@12,4.0,9.0,7.0,14.0,13.0,21.0,36.53,77.71,3.11,241.76,13.43,0.0259,4.0,21.0,24.0,0.0,55.98,56.12
261A,pass@13,8.0,29.0,26.0,52.0,37.0,78.0,164.88,406.34,7.17,2914.42,161.91,0.1354,6.0,44.0,46.0,0.0,44.52,44.65
261A,pass@14,4.0,13.0,13.0,25.0,17.0,38.0,56.11,155.32,3.85,597.4,33.19,0.0518,0.0,21.0,25.0,0.0,53.62,54.16
261A,pass@15,6.0,15.0,14.0,25.0,21.0,39.0,74.11,171.3,5.0,856.5,47.58,0.0571,4.0,27.0,31.0,0.0,51.15,51.29
261A,pass@16,5.0,11.0,11.0,19.0,16.0,30.0,49.66,120.0,4.32,518.18,28.79,0.04,0.0,15.0,17.0,0.0,58.2,58.6
261A,pass@17,3.0,14.0,12.0,24.0,17.0,36.0,58.06,147.15,2.57,378.38,21.02,0.049,4.0,27.0,31.0,0.0,51.62,51.75
261A,pass@18,4.0,17.0,14.0,26.0,21.0,40.0,77.49,175.69,3.06,537.41,29.86,0.0586,5.0,40.0,43.0,0.0,47.84,47.98
261A,pass@19,8.0,20.0,19.0,37.0,28.0,56.0,110.44,269.21,7.4,1992.17,110.68,0.0897,9.0,115.0,116.0,0.0,36.61,36.74
261A,pass@20,3.0,10.0,11.0,22.0,13.0,33.0,37.97,122.11,3.3,402.98,22.39,0.0407,0.0,19.0,23.0,0.0,55.01,55.68
261A,pass@21,7.0,21.0,19.0,37.0,28.0,56.0,111.89,269.21,6.17,1660.14,92.23,0.0897,11.0,40.0,42.0,0.0,45.96,46.1
261A,pass@22,8.0,25.0,19.0,36.0,33.0,55.0,140.1,277.44,5.76,1598.06,88.78,0.0925,7.0,25.0,27.0,0.0,50.59,50.73
261A,pass@23,5.0,12.0,10.0,18.0,17.0,28.0,54.63,114.45,3.75,429.18,23.84,0.0381,0.0,18.0,20.0,0.0,56.67,57.2
261A,pass@24,8.0,35.0,34.0,70.0,43.0,104.0,203.52,564.33,8.0,4514.65,250.81,0.1881,2.0,32.0,35.0,0.0,46.78,46.78
261A,pass@25,7.0,18.0,24.0,46.0,25.0,70.0,94.71,325.07,8.94,2907.57,161.53,0.1084,9.0,36.0,38.0,19.44,69.76,69.89
261A,pass@26,6.0,20.0,18.0,32.0,26.0,50.0,101.95,235.02,4.8,1128.11,62.67,0.0783,5.0,30.0,35.0,0.0,48.91,49.04
261A,pass@27,9.0,22.0,17.0,33.0,31.0,50.0,126.64,247.71,6.75,1672.04,92.89,0.0826,8.0,30.0,32.0,0.0,49.19,49.33
261A,pass@28,3.0,12.0,10.0,20.0,15.0,30.0,47.77,117.21,2.5,293.02,16.28,0.0391,0.0,22.0,24.0,0.0,54.46,55.41
261A,pass@29,7.0,20.0,19.0,38.0,27.0,57.0,106.09,271.03,6.65,1802.34,100.13,0.0903,5.0,25.0,28.0,0.0,50.59,50.72
261A,pass@30,4.0,13.0,10.0,19.0,17.0,29.0,56.11,118.54,2.92,346.49,19.25,0.0395,6.0,22.0,24.0,0.0,54.43,54.56
261A,pass@31,3.0,14.0,11.0,22.0,17.0,33.0,58.06,134.89,2.36,317.95,17.66,0.045,4.0,23.0,25.0,0.0,53.92,54.05
261A,pass@32,6.0,13.0,11.0,22.0,19.0,33.0,63.62,140.18,5.08,711.69,39.54,0.0467,1.0,26.0,29.0,0.0,52.8,52.93
265A,pass@1,4.0,7.0,5.0,10.0,11.0,15.0,27.65,51.89,2.86,148.26,8.24,0.0173,4.0,9.0,9.0,0.0,66.64,66.64
265A,pass@2,4.0,7.0,5.0,10.0,11.0,15.0,27.65,51.89,2.86,148.26,8.24,0.0173,4.0,9.0,9.0,0.0,66.64,66.64
265A,pass@3,4.0,7.0,5.0,10.0,11.0,15.0,27.65,51.89,2.86,148.26,8.24,0.0173,0.0,7.0,7.0,0.0,69.02,69.56
265A,pass@4,4.0,7.0,5.0,10.0,11.0,15.0,27.65,51.89,2.86,148.26,8.24,0.0173,4.0,9.0,9.0,0.0,66.64,66.64
265A,pass@5,4.0,7.0,5.0,10.0,11.0,15.0,27.65,51.89,2.86,148.26,8.24,0.0173,4.0,9.0,9.0,0.0,66.64,66.64
265A,pass@6,4.0,7.0,5.0,10.0,11.0,15.0,27.65,51.89,2.86,148.26,8.24,0.0173,4.0,9.0,9.0,0.0,66.64,66.64
265A,pass@7,4.0,7.0,5.0,10.0,11.0,15.0,27.65,51.89,2.86,148.26,8.24,0.0173,4.0,9.0,9.0,0.0,66.64,66.64
265A,pass@8,4.0,7.0,5.0,10.0,11.0,15.0,27.65,51.89,2.86,148.26,8.24,0.0173,4.0,9.0,9.0,0.0,66.64,66.64
265A,pass@9,4.0,7.0,5.0,10.0,11.0,15.0,27.65,51.89,2.86,148.26,8.24,0.0173,4.0,9.0,9.0,0.0,66.64,66.64
265A,pass@10,4.0,7.0,5.0,10.0,11.0,15.0,27.65,51.89,2.86,148.26,8.24,0.0173,4.0,9.0,9.0,0.0,66.64,66.64
265A,pass@11,4.0,7.0,5.0,10.0,11.0,15.0,27.65,51.89,2.86,148.26,8.24,0.0173,4.0,9.0,9.0,0.0,66.64,66.64
265A,pass@12,4.0,7.0,5.0,10.0,11.0,15.0,27.65,51.89,2.86,148.26,8.24,0.0173,4.0,9.0,9.0,0.0,66.64,66.64
265A,pass@13,4.0,7.0,5.0,10.0,11.0,15.0,27.65,51.89,2.86,148.26,8.24,0.0173,0.0,7.0,7.0,0.0,69.02,69.56
265A,pass@14,4.0,7.0,5.0,10.0,11.0,15.0,27.65,51.89,2.86,148.26,8.24,0.0173,4.0,9.0,9.0,0.0,66.64,66.64
265A,pass@15,4.0,7.0,5.0,10.0,11.0,15.0,27.65,51.89,2.86,148.26,8.24,0.0173,4.0,9.0,9.0,0.0,66.64,66.64
265A,pass@16,4.0,9.0,6.0,12.0,13.0,18.0,36.53,66.61,2.67,177.62,9.87,0.0222,4.0,10.0,10.0,0.0,64.75,64.88
265A,pass@17,4.0,7.0,5.0,10.0,11.0,15.0,27.65,51.89,2.86,148.26,8.24,0.0173,4.0,9.0,9.0,0.0,66.64,66.64
265A,pass@18,4.0,7.0,5.0,10.0,11.0,15.0,27.65,51.89,2.86,148.26,8.24,0.0173,4.0,9.0,9.0,0.0,66.64,66.64
265A,pass@19,4.0,7.0,5.0,10.0,11.0,15.0,27.65,51.89,2.86,148.26,8.24,0.0173,4.0,9.0,9.0,0.0,66.64,66.64
265A,pass@20,4.0,7.0,5.0,10.0,11.0,15.0,27.65,51.89,2.86,148.26,8.24,0.0173,4.0,9.0,9.0,0.0,66.64,66.64
265A,pass@21,4.0,7.0,5.0,10.0,11.0,15.0,27.65,51.89,2.86,148.26,8.24,0.0173,4.0,9.0,9.0,0.0,66.64,66.64
265A,pass@22,4.0,7.0,5.0,10.0,11.0,15.0,27.65,51.89,2.86,148.26,8.24,0.0173,4.0,9.0,9.0,0.0,66.64,66.64
265A,pass@23,4.0,7.0,5.0,10.0,11.0,15.0,27.65,51.89,2.86,148.26,8.24,0.0173,4.0,9.0,9.0,0.0,66.64,66.64
265A,pass@24,4.0,7.0,5.0,10.0,11.0,15.0,27.65,51.89,2.86,148.26,8.24,0.0173,4.0,9.0,9.0,0.0,66.64,66.64
265A,pass@25,4.0,7.0,5.0,10.0,11.0,15.0,27.65,51.89,2.86,148.26,8.24,0.0173,4.0,9.0,9.0,0.0,66.64,66.64
265A,pass@26,4.0,7.0,5.0,10.0,11.0,15.0,27.65,51.89,2.86,148.26,8.24,0.0173,4.0,9.0,9.0,0.0,66.64,66.64
265A,pass@27,4.0,7.0,5.0,10.0,11.0,15.0,27.65,51.89,2.86,148.26,8.24,0.0173,4.0,9.0,9.0,0.0,66.64,66.64
265A,pass@28,4.0,7.0,5.0,10.0,11.0,15.0,27.65,51.89,2.86,148.26,8.24,0.0173,4.0,9.0,9.0,0.0,66.64,66.64
265A,pass@29,4.0,7.0,5.0,10.0,11.0,15.0,27.65,51.89,2.86,148.26,8.24,0.0173,4.0,9.0,9.0,0.0,66.64,66.64
265A,pass@30,4.0,7.0,5.0,10.0,11.0,15.0,27.65,51.89,2.86,148.26,8.24,0.0173,4.0,9.0,9.0,0.0,66.64,66.64
265A,pass@31,4.0,7.0,5.0,10.0,11.0,15.0,27.65,51.89,2.86,148.26,8.24,0.0173,4.0,9.0,9.0,0.0,66.64,66.64
265A,pass@32,4.0,7.0,5.0,10.0,11.0,15.0,27.65,51.89,2.86,148.26,8.24,0.0173,4.0,9.0,9.0,0.0,66.64,66.64
266B,pass@1,5.0,10.0,10.0,20.0,15.0,30.0,44.83,117.21,5.0,586.03,32.56,0.0391,0.0,10.0,10.0,0.0,63.03,63.7
266B,pass@2,5.0,11.0,10.0,20.0,16.0,30.0,49.66,120.0,4.55,545.45,30.3,0.04,0.0,11.0,11.0,0.0,62.05,62.72
266B,pass@3,0.0,0.0,0.0,0.0,0.0,0.0,0.0,0.0,0.0,0.0,0.0,0.0,2.0,7.0,7.0,0.0,100.0,100.0
266B,pass@4,5.0,10.0,10.0,20.0,15.0,30.0,44.83,117.21,5.0,586.03,32.56,0.0391,0.0,10.0,10.0,0.0,63.03,63.7
266B,pass@5,0.0,0.0,0.0,0.0,0.0,0.0,0.0,0.0,0.0,0.0,0.0,0.0,2.0,7.0,7.0,0.0,100.0,100.0
266B,pass@6,5.0,10.0,10.0,20.0,15.0,30.0,44.83,117.21,5.0,586.03,32.56,0.0391,0.0,10.0,10.0,0.0,63.03,63.7
266B,pass@7,5.0,10.0,10.0,20.0,15.0,30.0,44.83,117.21,5.0,586.03,32.56,0.0391,5.0,13.0,13.0,0.0,60.54,60.54
266B,pass@8,5.0,15.0,11.0,22.0,20.0,33.0,70.21,142.62,3.67,522.95,29.05,0.0475,5.0,13.0,14.0,0.0,59.24,59.24
266B,pass@9,5.0,10.0,10.0,20.0,15.0,30.0,44.83,117.21,5.0,586.03,32.56,0.0391,0.0,10.0,10.0,0.0,63.03,63.7
266B,pass@10,5.0,10.0,10.0,20.0,15.0,30.0,44.83,117.21,5.0,586.03,32.56,0.0391,0.0,10.0,10.0,0.0,63.03,63.7
266B,pass@11,5.0,10.0,10.0,20.0,15.0,30.0,44.83,117.21,5.0,586.03,32.56,0.0391,0.0,10.0,10.0,0.0,63.03,63.7
266B,pass@12,5.0,10.0,10.0,20.0,15.0,30.0,44.83,117.21,5.0,586.03,32.56,0.0391,0.0,10.0,10.0,0.0,63.03,63.7
266B,pass@13,0.0,0.0,0.0,0.0,0.0,0.0,0.0,0.0,0.0,0.0,0.0,0.0,2.0,7.0,7.0,0.0,100.0,100.0
266B,pass@14,5.0,10.0,10.0,20.0,15.0,30.0,44.83,117.21,5.0,586.03,32.56,0.0391,0.0,10.0,10.0,0.0,63.03,63.7
266B,pass@15,5.0,12.0,11.0,22.0,17.0,33.0,54.63,134.89,4.58,618.23,34.35,0.045,5.0,13.0,13.0,0.0,59.98,60.11
266B,pass@16,5.0,10.0,10.0,20.0,15.0,30.0,44.83,117.21,5.0,586.03,32.56,0.0391,0.0,10.0,10.0,0.0,63.03,63.7
266B,pass@17,5.0,11.0,10.0,20.0,16.0,30.0,49.66,120.0,4.55,545.45,30.3,0.04,0.0,11.0,11.0,0.0,62.05,62.72
266B,pass@18,5.0,10.0,10.0,20.0,15.0,30.0,44.83,117.21,5.0,586.03,32.56,0.0391,5.0,14.0,14.0,0.0,59.84,59.84
266B,pass@19,0.0,0.0,0.0,0.0,0.0,0.0,0.0,0.0,0.0,0.0,0.0,0.0,2.0,7.0,7.0,0.0,100.0,100.0
266B,pass@20,5.0,10.0,10.0,20.0,15.0,30.0,44.83,117.21,5.0,586.03,32.56,0.0391,0.0,10.0,10.0,0.0,63.03,63.7
266B,pass@21,5.0,11.0,10.0,20.0,16.0,30.0,49.66,120.0,4.55,545.45,30.3,0.04,0.0,11.0,11.0,0.0,62.05,62.72
266B,pass@22,5.0,10.0,10.0,20.0,15.0,30.0,44.83,117.21,5.0,586.03,32.56,0.0391,5.0,13.0,13.0,0.0,60.54,60.54
266B,pass@23,5.0,10.0,10.0,20.0,15.0,30.0,44.83,117.21,5.0,586.03,32.56,0.0391,0.0,10.0,10.0,0.0,63.03,63.7
266B,pass@24,5.0,10.0,10.0,20.0,15.0,30.0,44.83,117.21,5.0,586.03,32.56,0.0391,0.0,10.0,10.0,0.0,63.03,63.7
266B,pass@25,5.0,10.0,10.0,20.0,15.0,30.0,44.83,117.21,5.0,586.03,32.56,0.0391,0.0,10.0,10.0,0.0,63.03,63.7
266B,pass@26,5.0,10.0,10.0,20.0,15.0,30.0,44.83,117.21,5.0,586.03,32.56,0.0391,0.0,10.0,10.0,0.0,63.03,63.7
266B,pass@27,5.0,11.0,10.0,20.0,16.0,30.0,49.66,120.0,4.55,545.45,30.3,0.04,5.0,14.0,14.0,0.0,59.77,59.77
266B,pass@28,5.0,11.0,10.0,20.0,16.0,30.0,49.66,120.0,4.55,545.45,30.3,0.04,5.0,14.0,14.0,0.0,59.77,59.77
266B,pass@29,0.0,0.0,0.0,0.0,0.0,0.0,0.0,0.0,0.0,0.0,0.0,0.0,2.0,7.0,7.0,0.0,100.0,100.0
266B,pass@30,0.0,0.0,0.0,0.0,0.0,0.0,0.0,0.0,0.0,0.0,0.0,0.0,2.0,7.0,7.0,0.0,100.0,100.0
266B,pass@31,5.0,10.0,10.0,20.0,15.0,30.0,44.83,117.21,5.0,586.03,32.56,0.0391,0.0,10.0,10.0,0.0,63.03,63.7
266B,pass@32,5.0,11.0,10.0,20.0,16.0,30.0,49.66,120.0,4.55,545.45,30.3,0.04,0.0,11.0,11.0,0.0,62.05,62.72
268A,pass@1,4.0,8.0,4.0,8.0,12.0,12.0,32.0,43.02,2.0,86.04,4.78,0.0143,0.0,8.0,8.0,0.0,68.05,68.86
268A,pass@2,3.0,6.0,3.0,6.0,9.0,9.0,20.26,28.53,1.5,42.79,2.38,0.0095,0.0,9.0,9.0,0.0,68.19,68.99
268A,pass@3,3.0,6.0,3.0,6.0,9.0,9.0,20.26,28.53,1.5,42.79,2.38,0.0095,0.0,9.0,9.0,0.0,68.19,68.99
268A,pass@4,3.0,6.0,3.0,6.0,9.0,9.0,20.26,28.53,1.5,42.79,2.38,0.0095,0.0,11.0,11.0,0.0,66.29,67.09
268A,pass@5,4.0,8.0,4.0,8.0,12.0,12.0,32.0,43.02,2.0,86.04,4.78,0.0143,0.0,8.0,8.0,0.0,68.05,68.86
268A,pass@6,4.0,8.0,4.0,8.0,12.0,12.0,32.0,43.02,2.0,86.04,4.78,0.0143,0.0,8.0,8.0,0.0,68.05,68.86
268A,pass@7,4.0,8.0,4.0,8.0,12.0,12.0,32.0,43.02,2.0,86.04,4.78,0.0143,0.0,8.0,8.0,0.0,68.05,68.86
268A,pass@8,4.0,8.0,4.0,8.0,12.0,12.0,32.0,43.02,2.0,86.04,4.78,0.0143,0.0,8.0,8.0,0.0,68.05,68.86
268A,pass@9,3.0,6.0,3.0,6.0,9.0,9.0,20.26,28.53,1.5,42.79,2.38,0.0095,0.0,11.0,11.0,0.0,66.29,67.09
268A,pass@10,4.0,8.0,4.0,8.0,12.0,12.0,32.0,43.02,2.0,86.04,4.78,0.0143,0.0,8.0,8.0,0.0,68.05,68.86
268A,pass@11,3.0,6.0,3.0,6.0,9.0,9.0,20.26,28.53,1.5,42.79,2.38,0.0095,0.0,9.0,9.0,0.0,68.19,68.99
268A,pass@12,3.0,6.0,3.0,6.0,9.0,9.0,20.26,28.53,1.5,42.79,2.38,0.0095,0.0,9.0,9.0,0.0,68.19,68.99
268A,pass@13,3.0,6.0,3.0,6.0,9.0,9.0,20.26,28.53,1.5,42.79,2.38,0.0095,0.0,9.0,9.0,0.0,68.19,68.99
268A,pass@14,3.0,6.0,3.0,6.0,9.0,9.0,20.26,28.53,1.5,42.79,2.38,0.0095,0.0,9.0,9.0,0.0,68.19,68.99
268A,pass@15,3.0,6.0,3.0,6.0,9.0,9.0,20.26,28.53,1.5,42.79,2.38,0.0095,0.0,9.0,9.0,0.0,68.19,68.99
268A,pass@16,4.0,8.0,4.0,8.0,12.0,12.0,32.0,43.02,2.0,86.04,4.78,0.0143,0.0,8.0,8.0,0.0,68.05,68.86
268A,pass@17,3.0,6.0,3.0,6.0,9.0,9.0,20.26,28.53,1.5,42.79,2.38,0.0095,0.0,9.0,9.0,0.0,68.19,68.99
268A,pass@18,3.0,6.0,3.0,6.0,9.0,9.0,20.26,28.53,1.5,42.79,2.38,0.0095,0.0,9.0,9.0,0.0,68.19,68.99
268A,pass@19,4.0,11.0,7.0,14.0,15.0,21.0,46.05,82.04,2.55,208.84,11.6,0.0273,5.0,15.0,15.0,0.0,60.14,60.27
268A,pass@20,3.0,6.0,3.0,6.0,9.0,9.0,20.26,28.53,1.5,42.79,2.38,0.0095,0.0,9.0,9.0,0.0,68.19,68.99
268A,pass@21,4.0,8.0,4.0,8.0,12.0,12.0,32.0,43.02,2.0,86.04,4.78,0.0143,0.0,8.0,8.0,0.0,68.05,68.86
268A,pass@22,3.0,6.0,3.0,6.0,9.0,9.0,20.26,28.53,1.5,42.79,2.38,0.0095,0.0,9.0,9.0,0.0,68.19,68.99
268A,pass@23,3.0,6.0,3.0,6.0,9.0,9.0,20.26,28.53,1.5,42.79,2.38,0.0095,0.0,9.0,9.0,0.0,68.19,68.99
268A,pass@24,4.0,8.0,4.0,8.0,12.0,12.0,32.0,43.02,2.0,86.04,4.78,0.0143,0.0,8.0,8.0,0.0,68.05,68.86
268A,pass@25,3.0,6.0,3.0,6.0,9.0,9.0,20.26,28.53,1.5,42.79,2.38,0.0095,0.0,9.0,9.0,0.0,68.19,68.99
268A,pass@26,4.0,8.0,4.0,8.0,12.0,12.0,32.0,43.02,2.0,86.04,4.78,0.0143,0.0,8.0,8.0,0.0,68.05,68.86
268A,pass@27,3.0,6.0,3.0,6.0,9.0,9.0,20.26,28.53,1.5,42.79,2.38,0.0095,0.0,9.0,9.0,0.0,68.19,68.99
268A,pass@28,3.0,6.0,3.0,6.0,9.0,9.0,20.26,28.53,1.5,42.79,2.38,0.0095,0.0,9.0,9.0,0.0,68.19,68.99
268A,pass@29,4.0,8.0,4.0,8.0,12.0,12.0,32.0,43.02,2.0,86.04,4.78,0.0143,0.0,8.0,8.0,0.0,68.05,68.86
268A,pass@30,4.0,8.0,4.0,8.0,12.0,12.0,32.0,43.02,2.0,86.04,4.78,0.0143,0.0,8.0,8.0,0.0,68.05,68.86
268A,pass@31,4.0,8.0,4.0,8.0,12.0,12.0,32.0,43.02,2.0,86.04,4.78,0.0143,0.0,8.0,8.0,0.0,68.05,68.86
268A,pass@32,4.0,8.0,4.0,8.0,12.0,12.0,32.0,43.02,2.0,86.04,4.78,0.0143,0.0,8.0,8.0,0.0,68.05,68.86
269B,pass@1,4.0,15.0,14.0,28.0,19.0,42.0,66.6,178.41,3.73,666.08,37.0,0.0595,6.0,38.0,40.0,0.0,48.48,48.48
269B,pass@2,5.0,23.0,24.0,48.0,28.0,72.0,115.65,346.13,5.22,1805.89,100.33,0.1154,6.0,19.0,19.0,0.0,53.38,53.52
269B,pass@3,4.0,16.0,17.0,34.0,20.0,51.0,72.0,220.42,4.25,936.78,52.04,0.0735,8.0,40.0,40.0,0.0,47.57,47.57
269B,pass@4,4.0,14.0,13.0,26.0,18.0,39.0,61.3,162.63,3.71,604.04,33.56,0.0542,9.0,29.0,29.0,24.14,76.16,76.29
269B,pass@5,5.0,16.0,12.0,24.0,21.0,36.0,75.61,158.12,3.75,592.96,32.94,0.0527,5.0,21.0,21.0,0.0,54.95,55.09
269B,pass@6,5.0,15.0,13.0,25.0,20.0,38.0,70.21,164.23,4.17,684.31,38.02,0.0547,5.0,21.0,22.0,0.0,54.4,54.53
269B,pass@7,8.0,21.0,17.0,34.0,29.0,51.0,116.24,247.76,6.48,1604.52,89.14,0.0826,7.0,29.0,29.0,0.0,50.26,50.39
269B,pass@8,9.0,22.0,16.0,30.0,31.0,46.0,126.64,227.89,6.14,1398.43,77.69,0.076,3.0,32.0,32.0,0.0,50.12,50.25
269B,pass@10,4.0,11.0,10.0,19.0,15.0,29.0,46.05,113.3,3.45,391.4,21.74,0.0378,7.0,29.0,29.0,0.0,52.64,52.77
269B,pass@11,6.0,10.0,7.0,12.0,16.0,19.0,48.73,76.0,3.6,273.6,15.2,0.0253,6.0,21.0,24.0,0.0,55.92,55.92
269B,pass@12,3.0,11.0,7.0,14.0,14.0,21.0,42.81,79.95,1.91,152.64,8.48,0.0267,5.0,15.0,15.0,0.0,60.21,60.35
269B,pass@13,7.0,15.0,15.0,29.0,22.0,44.0,78.25,196.21,6.77,1327.72,73.76,0.0654,9.0,31.0,31.0,0.0,50.07,50.2
269B,pass@14,5.0,13.0,14.0,28.0,18.0,42.0,59.72,175.14,5.38,943.04,52.39,0.0584,6.0,23.0,23.0,0.0,53.65,53.78
269B,pass@15,10.0,17.0,17.0,30.0,27.0,47.0,102.71,223.48,8.82,1971.88,109.55,0.0745,13.0,39.0,39.0,0.0,46.96,47.09
269B,pass@16,3.0,12.0,13.0,26.0,15.0,39.0,47.77,152.37,3.25,495.2,27.51,0.0508,5.0,27.0,27.0,0.0,52.68,52.82
269B,pass@17,5.0,16.0,12.0,24.0,21.0,36.0,75.61,158.12,3.75,592.96,32.94,0.0527,5.0,20.0,20.0,0.0,55.41,55.55
269B,pass@18,5.0,18.0,15.0,30.0,23.0,45.0,86.67,203.56,4.17,848.17,47.12,0.0679,6.0,23.0,23.0,0.0,53.19,53.32
269B,pass@19,7.0,35.0,33.0,66.0,42.0,99.0,199.18,533.84,6.6,3523.34,195.74,0.1779,13.0,49.0,49.0,0.0,42.15,42.28
269B,pass@20,3.0,25.0,28.0,56.0,28.0,84.0,120.85,403.82,3.36,1356.83,75.38,0.1346,7.0,19.0,19.0,0.0,52.78,52.92
269B,pass@21,4.0,26.0,22.0,44.0,30.0,66.0,130.21,323.85,3.38,1096.12,60.9,0.108,6.0,27.0,27.0,0.0,50.26,50.39
269B,pass@22,5.0,15.0,12.0,22.0,20.0,34.0,70.21,146.95,3.67,538.8,29.93,0.049,5.0,20.0,21.0,0.0,55.18,55.31
269B,pass@23,5.0,13.0,7.0,14.0,18.0,21.0,59.72,87.57,2.69,235.76,13.1,0.0292,4.0,15.0,15.0,0.0,60.07,60.21
269B,pass@24,8.0,20.0,20.0,38.0,28.0,58.0,110.44,278.83,7.6,2119.08,117.73,0.0929,9.0,41.0,41.0,0.0,46.49,46.49
269B,pass@25,6.0,18.0,14.0,28.0,24.0,42.0,90.57,192.57,4.67,898.65,49.93,0.0642,0.0,24.0,24.0,0.0,52.95,53.9
269B,pass@26,8.0,20.0,20.0,40.0,28.0,60.0,110.44,288.44,8.0,2307.53,128.2,0.0961,8.0,27.0,27.0,0.0,50.34,50.47
269B,pass@27,5.0,14.0,12.0,23.0,19.0,35.0,64.91,148.68,4.11,610.64,33.92,0.0496,5.0,21.0,21.0,0.0,55.14,55.27
269B,pass@28,4.0,17.0,14.0,28.0,21.0,42.0,77.49,184.48,3.29,607.69,33.76,0.0615,5.0,22.0,22.0,0.0,54.04,54.18
269B,pass@29,5.0,12.0,10.0,19.0,17.0,29.0,54.63,118.54,3.96,469.21,26.07,0.0395,5.0,20.0,21.0,40.0,84.08,84.22
269B,pass@30,5.0,23.0,19.0,38.0,28.0,57.0,115.65,274.02,4.13,1131.82,62.88,0.0913,7.0,27.0,27.0,0.0,50.63,50.77
269B,pass@31,5.0,20.0,20.0,40.0,25.0,60.0,98.05,278.63,5.0,1393.16,77.4,0.0929,6.0,24.0,23.0,0.0,52.23,52.37
269B,pass@32,5.0,9.0,6.0,12.0,14.0,18.0,40.14,68.53,3.33,228.44,12.69,0.0228,6.0,22.0,24.0,0.0,56.1,56.23
27E,pass@1,9.0,24.0,21.0,42.0,33.0,63.0,138.57,317.8,7.88,2502.65,139.04,0.1059,6.0,38.0,38.0,0.0,47.21,47.21
27E,pass@2,12.0,36.0,26.0,51.0,48.0,77.0,229.14,430.04,8.5,3655.36,203.08,0.1433,4.0,37.0,38.0,0.0,46.56,46.56
27E,pass@3,9.0,23.0,19.0,38.0,32.0,57.0,132.57,285.0,7.43,2118.91,117.72,0.095,5.0,32.0,33.0,0.0,49.01,49.01
27E,pass@4,8.0,18.0,20.0,40.0,26.0,60.0,99.06,282.03,8.89,2506.9,139.27,0.094,1.0,25.0,25.0,0.0,52.21,52.21
27E,pass@5,9.0,14.0,16.0,32.0,23.0,48.0,81.83,217.13,10.29,2233.35,124.07,0.0724,7.0,24.0,24.0,0.0,52.59,52.59
27E,pass@6,8.0,33.0,25.0,50.0,41.0,75.0,190.47,401.82,6.06,2435.25,135.29,0.1339,6.0,42.0,42.0,2.38,54.74,54.74
27E,pass@7,10.0,25.0,21.0,42.0,35.0,63.0,149.32,323.14,8.4,2714.42,150.8,0.1077,3.0,44.0,44.0,0.0,46.18,46.18
27E,pass@8,11.0,33.0,26.0,52.0,44.0,78.0,204.52,425.84,8.67,3690.58,205.03,0.1419,4.0,46.0,46.0,0.0,44.78,44.78
27E,pass@9,8.0,29.0,26.0,52.0,37.0,78.0,164.88,406.34,7.17,2914.42,161.91,0.1354,17.0,50.0,50.0,0.0,42.38,42.38
27E,pass@10,6.0,18.0,19.0,38.0,24.0,57.0,90.57,261.34,6.33,1655.17,91.95,0.0871,4.0,27.0,27.0,0.0,51.31,51.31
27E,pass@11,10.0,23.0,19.0,38.0,33.0,57.0,137.26,287.53,8.26,2375.25,131.96,0.0958,4.0,40.0,40.0,0.0,47.3,47.3
27E,pass@12,9.0,15.0,13.0,26.0,24.0,39.0,87.13,178.81,7.8,1394.75,77.49,0.0596,2.0,28.0,28.0,0.0,52.39,52.39
27E,pass@13,12.0,37.0,35.0,70.0,49.0,105.0,235.77,589.54,11.35,6692.13,371.78,0.1965,1.0,55.0,55.0,0.0,42.5,42.5
27E,pass@14,11.0,15.0,14.0,28.0,26.0,42.0,96.66,197.42,10.27,2026.83,112.6,0.0658,1.0,26.0,26.0,0.0,52.93,52.93
27E,pass@15,9.0,20.0,21.0,42.0,29.0,63.0,114.97,306.05,9.45,2892.2,160.68,0.102,6.0,27.0,27.0,0.0,50.56,50.56
27E,pass@16,11.0,34.0,28.0,56.0,45.0,84.0,211.03,461.32,9.06,4178.98,232.17,0.1538,1.0,40.0,40.0,0.0,46.26,46.26
27E,pass@17,10.0,31.0,28.0,55.0,41.0,83.0,186.8,444.68,8.87,3944.71,219.15,0.1482,8.0,45.0,45.0,0.0,44.32,44.32
27E,pass@18,7.0,26.0,20.0,39.0,33.0,59.0,141.86,297.62,5.25,1562.5,86.81,0.0992,6.0,52.0,52.0,0.0,44.44,44.44
27E,pass@19,11.0,22.0,19.0,36.0,33.0,55.0,136.16,277.44,9.0,2496.98,138.72,0.0925,2.0,41.0,41.0,0.0,47.44,47.44
27E,pass@20,8.0,19.0,15.0,30.0,27.0,45.0,104.71,213.97,6.32,1351.39,75.08,0.0713,2.0,36.0,36.0,0.0,49.46,49.46
27E,pass@21,9.0,35.0,29.0,58.0,44.0,87.0,208.05,474.97,7.46,3541.92,196.77,0.1583,6.0,46.0,46.0,0.0,44.18,44.18
27E,pass@22,9.0,26.0,21.0,41.0,35.0,62.0,150.74,318.02,7.1,2256.69,125.37,0.106,1.0,36.0,36.0,0.0,48.39,48.39
27E,pass@23,8.0,42.0,40.0,80.0,50.0,120.0,250.48,677.26,7.62,5160.1,286.67,0.2258,11.0,64.0,64.0,0.0,39.3,39.3
27E,pass@24,10.0,43.0,33.0,62.0,53.0,95.0,266.55,544.15,7.21,3922.96,217.94,0.1814,6.0,50.0,52.0,0.0,42.6,42.6
27E,pass@25,8.0,31.0,23.0,46.0,39.0,69.0,177.58,364.69,5.94,2164.63,120.26,0.1216,10.0,39.0,39.0,0.0,46.01,46.01
27E,pass@26,8.0,29.0,27.0,54.0,37.0,81.0,164.88,421.97,7.45,3142.92,174.61,0.1407,4.0,39.0,39.0,0.0,46.37,46.37
27E,pass@27,9.0,17.0,18.0,34.0,26.0,52.0,98.02,244.42,9.0,2199.81,122.21,0.0815,5.0,31.0,32.0,0.0,49.77,49.77
27E,pass@28,10.0,28.0,32.0,63.0,38.0,95.0,167.83,498.55,11.25,5608.72,311.6,0.1662,1.0,41.0,41.0,0.0,45.79,45.79
27E,pass@29,7.0,28.0,23.0,46.0,35.0,69.0,154.26,353.92,5.75,2035.04,113.06,0.118,4.0,34.0,34.0,0.0,48.21,48.21
27E,pass@30,9.0,26.0,18.0,35.0,35.0,53.0,150.74,271.85,6.06,1646.8,91.49,0.0906,7.0,37.0,37.0,0.0,47.8,47.8
27E,pass@31,11.0,21.0,21.0,42.0,32.0,63.0,130.29,315.0,11.0,3465.0,192.5,0.105,1.0,34.0,34.0,0.0,48.96,48.96
27E,pass@32,6.0,27.0,20.0,40.0,33.0,60.0,143.89,302.66,4.44,1345.17,74.73,0.1009,1.0,36.0,36.0,2.78,58.44,58.44
270C,pass@1,6.0,9.0,8.0,16.0,15.0,24.0,44.04,93.77,5.33,500.08,27.78,0.0313,5.0,22.0,22.0,0.0,56.1,56.24
270C,pass@2,5.0,10.0,8.0,16.0,15.0,24.0,44.83,93.77,4.0,375.06,20.84,0.0313,3.0,18.0,18.0,0.0,58.27,58.41
270C,pass@3,6.0,13.0,10.0,20.0,19.0,30.0,63.62,127.44,4.62,588.17,32.68,0.0425,5.0,18.0,18.0,0.0,57.07,57.2
270C,pass@4,4.0,10.0,7.0,14.0,14.0,21.0,41.22,79.95,2.8,223.87,12.44,0.0267,3.0,10.0,10.0,0.0,64.32,64.46
270C,pass@5,6.0,18.0,15.0,30.0,24.0,45.0,90.57,206.32,5.0,1031.62,57.31,0.0688,5.0,22.0,22.0,0.0,53.7,53.84
270C,pass@6,6.0,16.0,13.0,26.0,22.0,39.0,79.51,173.92,4.88,847.85,47.1,0.058,5.0,21.0,21.0,0.0,54.66,54.8
270C,pass@8,4.0,16.0,12.0,24.0,20.0,36.0,72.0,155.59,3.0,466.77,25.93,0.0519,3.0,14.0,15.0,0.0,58.46,58.59
270C,pass@9,5.0,13.0,9.0,18.0,18.0,27.0,59.72,112.59,3.46,389.73,21.65,0.0375,4.0,17.0,17.0,0.0,58.12,58.26
270C,pass@10,7.0,18.0,18.0,35.0,25.0,53.0,94.71,246.12,6.81,1675.01,93.06,0.082,5.0,26.0,27.0,0.0,51.23,51.36
270C,pass@11,4.0,9.0,7.0,13.0,13.0,20.0,36.53,74.01,2.89,213.8,11.88,0.0247,3.0,15.0,16.0,0.0,60.11,60.24
270C,pass@12,6.0,12.0,10.0,20.0,18.0,30.0,58.53,125.1,5.0,625.49,34.75,0.0417,7.0,23.0,23.0,0.0,54.53,54.67
270C,pass@13,8.0,18.0,15.0,28.0,26.0,43.0,99.06,202.12,6.22,1257.63,69.87,0.0674,4.0,22.0,22.0,0.0,53.9,54.03
270C,pass@14,7.0,12.0,10.0,18.0,19.0,28.0,62.67,118.94,5.25,624.45,34.69,0.0396,4.0,20.0,20.0,0.0,56.42,56.55
270C,pass@15,11.0,22.0,28.0,55.0,33.0,83.0,136.16,418.68,13.75,5756.91,319.83,0.1396,18.0,41.0,41.0,0.0,43.9,44.04
270C,pass@16,6.0,19.0,13.0,26.0,25.0,39.0,96.22,181.11,4.11,743.51,41.31,0.0604,5.0,19.0,19.0,0.0,55.49,55.62
270C,pass@17,2.0,4.0,2.0,4.0,6.0,6.0,10.0,15.51,1.0,15.51,0.86,0.0052,0.0,10.0,10.0,0.0,69.45,69.85
270C,pass@18,4.0,13.0,9.0,18.0,17.0,27.0,56.11,110.36,2.77,305.62,16.98,0.0368,3.0,18.0,18.0,0.0,57.78,57.91
270C,pass@19,5.0,15.0,10.0,20.0,20.0,30.0,70.21,129.66,3.33,432.19,24.01,0.0432,3.0,19.0,19.0,0.0,56.77,56.91
270C,pass@20,5.0,9.0,7.0,14.0,14.0,21.0,40.14,79.95,3.89,310.93,17.27,0.0267,4.0,16.0,17.0,0.0,59.16,59.3
270C,pass@21,4.0,14.0,9.0,18.0,18.0,27.0,61.3,112.59,2.57,289.51,16.08,0.0375,4.0,21.0,21.0,0.0,56.12,56.25
270C,pass@22,5.0,15.0,11.0,22.0,20.0,33.0,70.21,142.62,3.67,522.95,29.05,0.0475,4.0,16.0,16.0,0.0,57.98,58.11
270C,pass@23,4.0,14.0,10.0,20.0,18.0,30.0,61.3,125.1,2.86,357.42,19.86,0.0417,3.0,18.0,19.0,0.0,56.88,57.02
270C,pass@24,5.0,12.0,10.0,20.0,17.0,30.0,54.63,122.62,4.17,510.93,28.39,0.0409,0.0,16.0,16.0,0.0,58.57,59.11
270C,pass@25,2.0,3.0,3.0,4.0,5.0,7.0,6.75,16.25,1.33,21.67,1.2,0.0054,0.0,15.0,15.0,0.0,65.46,65.87
270C,pass@26,6.0,12.0,7.0,14.0,18.0,21.0,58.53,87.57,3.5,306.49,17.03,0.0292,4.0,18.0,18.0,0.0,58.34,58.48
270C,pass@27,5.0,18.0,16.0,32.0,23.0,48.0,86.67,217.13,4.44,965.03,53.61,0.0724,5.0,26.0,26.0,0.0,51.97,52.1
270C,pass@28,4.0,9.0,7.0,11.0,13.0,18.0,36.53,66.61,2.44,162.82,9.05,0.0222,3.0,17.0,17.0,0.0,59.85,59.99
270C,pass@29,3.0,8.0,4.0,8.0,11.0,12.0,28.75,41.51,1.5,62.27,3.46,0.0138,3.0,21.0,21.0,0.0,59.29,59.42
270C,pass@30,7.0,17.0,17.0,34.0,24.0,51.0,89.14,233.83,7.0,1636.83,90.94,0.0779,7.0,28.0,28.0,0.0,50.77,50.9
270C,pass@31,4.0,12.0,7.0,14.0,16.0,21.0,51.02,84.0,2.33,196.0,10.89,0.028,3.0,20.0,20.0,0.0,57.61,57.74
270C,pass@32,6.0,19.0,18.0,36.0,25.0,54.0,96.22,250.77,5.68,1425.42,79.19,0.0836,5.0,26.0,26.0,0.0,51.53,51.66
272B,pass@1,7.0,16.0,11.0,22.0,23.0,33.0,83.65,149.28,4.81,718.4,39.91,0.0498,3.0,16.0,16.0,6.25,72.32,72.59
272B,pass@2,5.0,12.0,7.0,14.0,17.0,21.0,54.63,85.84,2.92,250.36,13.91,0.0286,4.0,18.0,19.0,5.56,71.75,71.75
272B,pass@3,5.0,9.0,5.0,10.0,14.0,15.0,40.14,57.11,2.78,158.64,8.81,0.019,4.0,16.0,17.0,0.0,60.32,60.32
272B,pass@4,7.0,15.0,10.0,20.0,22.0,30.0,78.25,133.78,4.67,624.32,34.68,0.0446,6.0,21.0,21.0,0.0,55.6,55.46
272B,pass@6,6.0,15.0,12.0,24.0,21.0,36.0,74.11,158.12,4.8,758.99,42.17,0.0527,4.0,19.0,21.0,0.0,55.22,55.22
272B,pass@7,3.0,5.0,3.0,6.0,8.0,9.0,16.36,27.0,1.8,48.6,2.7,0.009,3.0,13.0,14.0,0.0,64.57,64.57
272B,pass@8,7.0,16.0,11.0,22.0,23.0,33.0,83.65,149.28,4.81,718.4,39.91,0.0498,3.0,16.0,16.0,6.25,72.32,72.59
272B,pass@9,6.0,15.0,11.0,22.0,21.0,33.0,74.11,144.95,4.4,637.76,35.43,0.0483,6.0,21.0,22.0,0.0,54.91,54.78
272B,pass@10,5.0,10.0,7.0,14.0,15.0,21.0,44.83,82.04,3.5,287.16,15.95,0.0273,1.0,12.0,12.0,0.0,62.52,62.92
272B,pass@11,7.0,13.0,10.0,20.0,20.0,30.0,67.76,129.66,5.38,698.16,38.79,0.0432,3.0,17.0,17.0,0.0,57.56,57.96
272B,pass@12,6.0,15.0,10.0,20.0,21.0,30.0,74.11,131.77,4.0,527.08,29.28,0.0439,2.0,15.0,15.0,6.67,73.87,74.14
272B,pass@13,6.0,15.0,10.0,20.0,21.0,30.0,74.11,131.77,4.0,527.08,29.28,0.0439,5.0,17.0,17.0,0.0,57.78,57.64
272B,pass@14,4.0,10.0,6.0,12.0,14.0,18.0,41.22,68.53,2.4,164.48,9.14,0.0228,1.0,11.0,11.0,0.0,64.02,64.29
272B,pass@15,7.0,15.0,11.0,22.0,22.0,33.0,78.25,147.16,5.13,755.43,41.97,0.0491,2.0,20.0,20.0,0.0,55.63,56.17
272B,pass@16,6.0,10.0,7.0,14.0,16.0,21.0,48.73,84.0,4.2,352.8,19.6,0.028,5.0,39.0,39.0,0.0,51.15,51.15
272B,pass@17,6.0,15.0,11.0,22.0,21.0,33.0,74.11,144.95,4.4,637.76,35.43,0.0483,2.0,16.0,16.0,0.0,57.93,58.33
272B,pass@18,6.0,13.0,9.0,18.0,19.0,27.0,63.62,114.69,4.15,476.42,26.47,0.0382,3.0,21.0,22.0,0.0,55.89,55.89
272B,pass@19,8.0,15.0,10.0,20.0,23.0,30.0,82.6,135.71,5.33,723.77,40.21,0.0452,5.0,24.0,25.0,0.0,53.9,53.9
272B,pass@20,7.0,15.0,10.0,20.0,22.0,30.0,78.25,133.78,4.67,624.32,34.68,0.0446,2.0,18.0,18.0,0.0,57.06,57.46
272B,pass@21,8.0,15.0,10.0,20.0,23.0,30.0,82.6,135.71,5.33,723.77,40.21,0.0452,5.0,23.0,24.0,0.0,54.29,54.29
272B,pass@23,8.0,16.0,12.0,24.0,24.0,36.0,88.0,165.06,6.0,990.35,55.02,0.055,7.0,22.0,22.0,0.0,54.25,54.25
272B,pass@24,7.0,15.0,11.0,22.0,22.0,33.0,78.25,147.16,5.13,755.43,41.97,0.0491,7.0,57.0,58.0,0.0,45.41,45.41
272B,pass@25,7.0,14.0,10.0,20.0,21.0,30.0,72.95,131.77,5.0,658.85,36.6,0.0439,3.0,19.0,19.0,0.0,56.86,56.86
272B,pass@26,7.0,16.0,11.0,22.0,23.0,33.0,83.65,149.28,4.81,718.4,39.91,0.0498,6.0,33.0,33.0,0.0,50.85,50.85
272B,pass@27,8.0,16.0,11.0,22.0,24.0,33.0,88.0,151.3,5.5,832.17,46.23,0.0504,6.0,22.0,23.0,0.0,54.22,54.22
272B,pass@28,6.0,14.0,9.0,18.0,20.0,27.0,68.81,116.69,3.86,450.1,25.01,0.0389,2.0,15.0,15.0,0.0,59.33,59.6
272B,pass@29,7.0,19.0,14.0,28.0,26.0,42.0,100.36,197.42,5.16,1018.26,56.57,0.0658,7.0,23.0,24.0,0.0,52.88,52.88
272B,pass@30,6.0,12.0,8.0,16.0,18.0,24.0,58.53,100.08,4.0,400.31,22.24,0.0334,2.0,17.0,18.0,0.0,58.07,58.34
272B,pass@31,6.0,12.0,8.0,16.0,18.0,24.0,58.53,100.08,4.0,400.31,22.24,0.0334,2.0,18.0,19.0,0.0,57.56,57.83
272B,pass@32,7.0,15.0,11.0,22.0,22.0,33.0,78.25,147.16,5.13,755.43,41.97,0.0491,4.0,21.0,21.0,0.0,55.31,55.44
275A,pass@1,8.0,15.0,12.0,20.0,23.0,32.0,82.6,144.75,5.33,772.02,42.89,0.0483,9.0,14.0,14.0,0.0,58.52,58.66
275A,pass@2,7.0,16.0,12.0,20.0,23.0,32.0,83.65,144.75,4.38,633.3,35.18,0.0483,0.0,12.0,12.0,0.0,59.98,61.33
275A,pass@3,7.0,13.0,11.0,18.0,20.0,29.0,67.76,125.34,4.85,607.4,33.74,0.0418,0.0,10.0,10.0,0.0,62.15,63.5
275A,pass@4,7.0,19.0,16.0,32.0,26.0,48.0,100.36,225.62,5.89,1329.98,73.89,0.0752,0.0,11.0,15.0,0.0,56.25,57.87
275A,pass@5,7.0,19.0,16.0,32.0,26.0,48.0,100.36,225.62,5.89,1329.98,73.89,0.0752,0.0,11.0,15.0,0.0,56.39,57.87
275A,pass@6,4.0,10.0,7.0,14.0,14.0,21.0,41.22,79.95,2.8,223.87,12.44,0.0267,0.0,9.0,9.0,0.0,64.65,65.86
275A,pass@7,8.0,16.0,13.0,24.0,24.0,37.0,88.0,169.64,6.0,1017.86,56.55,0.0565,4.0,12.0,12.0,0.0,59.64,60.31
275A,pass@8,8.0,14.0,12.0,22.0,22.0,34.0,77.3,151.62,6.29,953.04,52.95,0.0505,10.0,14.0,14.0,0.0,58.52,58.38
275A,pass@9,7.0,14.0,11.0,18.0,21.0,29.0,72.95,127.38,4.5,573.2,31.84,0.0425,12.0,15.0,15.0,0.0,58.13,57.99
275A,pass@10,6.0,12.0,14.0,28.0,18.0,42.0,58.53,175.14,7.0,1225.96,68.11,0.0584,0.0,11.0,15.0,18.18,79.76,81.24
275A,pass@11,7.0,18.0,19.0,38.0,25.0,57.0,94.71,264.7,7.39,1955.84,108.66,0.0882,0.0,12.0,16.0,0.0,54.62,56.77
275A,pass@12,7.0,19.0,16.0,32.0,26.0,48.0,100.36,225.62,5.89,1329.98,73.89,0.0752,0.0,15.0,15.0,0.0,56.39,57.87
275A,pass@13,7.0,13.0,15.0,30.0,20.0,45.0,67.76,194.49,8.08,1570.85,87.27,0.0648,0.0,16.0,16.0,0.0,56.5,57.71
275A,pass@14,7.0,16.0,19.0,38.0,23.0,57.0,83.65,257.84,8.31,2143.32,119.07,0.0859,2.0,18.0,18.0,0.0,54.25,55.46
275A,pass@15,7.0,14.0,15.0,30.0,21.0,45.0,72.95,197.65,7.5,1482.41,82.36,0.0659,0.0,16.0,16.0,0.0,55.91,57.66
275A,pass@16,8.0,14.0,12.0,22.0,22.0,34.0,77.3,151.62,6.29,953.04,52.95,0.0505,8.0,17.0,17.0,0.0,56.68,56.81
275A,pass@17,6.0,18.0,15.0,30.0,24.0,45.0,90.57,206.32,5.0,1031.62,57.31,0.0688,0.0,13.0,17.0,0.0,55.47,56.95
275A,pass@18,6.0,12.0,15.0,30.0,18.0,45.0,58.53,187.65,7.5,1407.35,78.19,0.0625,0.0,10.0,14.0,0.0,57.74,59.08
275A,pass@19,5.0,8.0,6.0,11.0,13.0,17.0,35.61,62.91,3.44,216.24,12.01,0.021,0.0,3.0,4.0,0.0,73.33,74.27
275A,pass@20,6.0,11.0,8.0,16.0,17.0,24.0,53.56,98.1,4.36,428.07,23.78,0.0327,3.0,12.0,12.0,0.0,61.3,62.11
275A,pass@21,7.0,14.0,11.0,18.0,21.0,29.0,72.95,127.38,4.5,573.2,31.84,0.0425,4.0,11.0,11.0,0.0,61.33,62.01
275A,pass@22,7.0,13.0,11.0,18.0,20.0,29.0,67.76,125.34,4.85,607.4,33.74,0.0418,9.0,15.0,15.0,0.0,58.17,58.44
275A,pass@23,7.0,13.0,11.0,18.0,20.0,29.0,67.76,125.34,4.85,607.4,33.74,0.0418,0.0,10.0,10.0,0.0,62.28,63.5
275A,pass@24,7.0,14.0,11.0,18.0,21.0,29.0,72.95,127.38,4.5,573.2,31.84,0.0425,13.0,15.0,15.0,0.0,57.99,57.86
275A,pass@25,7.0,14.0,11.0,18.0,21.0,29.0,72.95,127.38,4.5,573.2,31.84,0.0425,4.0,13.0,13.0,0.0,59.48,60.42
275A,pass@26,7.0,16.0,12.0,20.0,23.0,32.0,83.65,144.75,4.38,633.3,35.18,0.0483,0.0,12.0,12.0,0.0,59.85,61.33
275A,pass@27,8.0,15.0,12.0,20.0,23.0,32.0,82.6,144.75,5.33,772.02,42.89,0.0483,11.0,18.0,18.0,0.0,56.01,56.01
275A,pass@28,6.0,18.0,15.0,30.0,24.0,45.0,90.57,206.32,5.0,1031.62,57.31,0.0688,0.0,13.0,17.0,0.0,55.47,56.95
275A,pass@29,7.0,14.0,15.0,30.0,21.0,45.0,72.95,197.65,7.5,1482.41,82.36,0.0659,0.0,16.0,16.0,0.0,55.91,57.66
275A,pass@30,7.0,13.0,16.0,32.0,20.0,48.0,67.76,207.45,8.62,1787.28,99.29,0.0692,2.0,18.0,18.0,0.0,54.91,56.13
275A,pass@31,6.0,12.0,11.0,20.0,18.0,31.0,58.53,129.27,5.0,646.34,35.91,0.0431,6.0,15.0,15.0,0.0,58.62,58.75
275A,pass@32,7.0,14.0,15.0,30.0,21.0,45.0,72.95,197.65,7.5,1482.41,82.36,0.0659,0.0,11.0,15.0,0.0,56.79,58.27
279A,pass@1,7.0,22.0,20.0,37.0,29.0,57.0,117.76,276.9,5.89,1629.96,90.55,0.0923,7.0,26.0,26.0,3.85,62.65,62.65
279A,pass@2,6.0,31.0,34.0,64.0,37.0,98.0,169.09,510.53,6.19,3161.97,175.67,0.1702,15.0,20.0,20.0,0.0,50.64,50.64
279A,pass@3,6.0,20.0,18.0,33.0,26.0,51.0,101.95,239.72,4.95,1186.63,65.92,0.0799,9.0,22.0,22.0,0.0,52.84,52.84
279A,pass@4,8.0,23.0,29.0,56.0,31.0,85.0,128.04,421.11,9.74,4101.21,227.85,0.1404,15.0,34.0,34.0,2.94,56.37,56.37
279A,pass@5,6.0,21.0,30.0,60.0,27.0,90.0,107.75,427.94,8.57,3668.06,203.78,0.1426,16.0,37.0,37.0,2.7,54.98,54.98
279A,pass@6,9.0,30.0,20.0,38.0,39.0,58.0,175.74,306.55,5.7,1747.35,97.08,0.1022,8.0,19.0,17.0,0.0,54.67,54.67
279A,pass@7,11.0,38.0,34.0,66.0,49.0,100.0,237.47,561.47,9.55,5363.53,297.97,0.1872,13.0,25.0,25.0,0.0,48.51,48.51
279A,pass@8,8.0,22.0,27.0,51.0,30.0,78.0,122.11,382.74,9.27,3549.02,197.17,0.1276,10.0,20.0,20.0,15.0,73.22,73.22
279A,pass@9,9.0,26.0,32.0,62.0,35.0,94.0,150.74,482.15,10.73,5173.87,287.44,0.1607,15.0,25.0,25.0,20.0,72.08,72.08
279A,pass@10,6.0,22.0,19.0,36.0,28.0,55.0,113.62,264.4,4.91,1297.99,72.11,0.0881,8.0,28.0,28.0,0.0,50.39,50.39
279A,pass@11,8.0,33.0,45.0,90.0,41.0,135.0,190.47,723.27,10.91,7890.21,438.35,0.2411,28.0,53.0,53.0,0.0,38.73,38.6
279A,pass@12,7.0,27.0,27.0,54.0,34.0,81.0,148.03,412.08,7.0,2884.59,160.26,0.1374,18.0,38.0,38.0,2.63,54.45,54.45
279A,pass@13,6.0,21.0,27.0,54.0,27.0,81.0,107.75,385.15,7.71,2971.13,165.06,0.1284,18.0,34.0,34.0,0.0,46.07,46.07
279A,pass@14,6.0,21.0,22.0,44.0,27.0,66.0,107.75,313.82,6.29,1972.6,109.59,0.1046,16.0,33.0,33.0,0.0,47.24,47.24
279A,pass@15,7.0,29.0,33.0,62.0,36.0,95.0,160.53,491.14,7.48,3675.1,204.17,0.1637,14.0,26.0,26.0,0.0,48.41,48.41
279A,pass@16,9.0,61.0,63.0,121.0,70.0,184.0,390.3,1127.79,8.93,10066.9,559.27,0.3759,29.0,38.0,38.0,2.63,49.91,49.91
279A,pass@17,8.0,33.0,25.0,49.0,41.0,74.0,190.47,396.46,5.94,2354.73,130.82,0.1322,13.0,16.0,15.0,0.0,54.4,54.4
279A,pass@18,8.0,36.0,49.0,92.0,44.0,141.0,210.12,769.78,10.22,7868.86,437.16,0.2566,24.0,41.0,41.0,2.44,50.68,50.68
279A,pass@19,7.0,19.0,37.0,68.0,26.0,105.0,100.36,493.55,12.53,6182.32,343.46,0.1645,16.0,39.0,39.0,0.0,44.28,44.28
279A,pass@20,8.0,28.0,21.0,39.0,36.0,60.0,158.61,310.2,5.57,1728.23,96.01,0.1034,9.0,18.0,18.0,0.0,53.96,53.96
279A,pass@21,8.0,24.0,39.0,78.0,32.0,117.0,134.04,585.0,13.0,7605.0,422.5,0.195,19.0,37.0,37.0,2.7,53.63,53.63
279A,pass@22,7.0,36.0,46.0,92.0,43.0,138.0,205.77,748.82,8.94,6697.82,372.1,0.2496,25.0,52.0,52.0,0.0,39.08,39.08
279A,pass@23,10.0,50.0,71.0,137.0,60.0,208.0,315.41,1228.63,13.7,16832.28,935.13,0.4095,17.0,46.0,46.0,0.0,39.81,39.81
279A,pass@24,7.0,20.0,24.0,48.0,27.0,72.0,106.09,342.35,8.4,2875.76,159.76,0.1141,17.0,32.0,32.0,0.0,47.13,47.13
279A,pass@25,6.0,23.0,22.0,40.0,29.0,62.0,119.55,301.19,5.22,1571.45,87.3,0.1004,8.0,23.0,23.0,0.0,51.86,51.86
279A,pass@26,6.0,36.0,39.0,72.0,42.0,111.0,201.63,598.55,6.0,3591.28,199.52,0.1995,15.0,20.0,20.0,0.0,50.16,50.16
279A,pass@27,8.0,27.0,22.0,42.0,35.0,64.0,152.38,328.27,6.22,2042.59,113.48,0.1094,12.0,30.0,30.0,16.67,70.43,70.43
279A,pass@28,6.0,14.0,17.0,32.0,20.0,49.0,68.81,211.77,6.86,1452.17,80.68,0.0706,11.0,17.0,17.0,0.0,55.39,55.39
279A,pass@29,6.0,19.0,17.0,34.0,25.0,51.0,96.22,236.84,5.37,1271.44,70.64,0.0789,11.0,25.0,25.0,4.0,63.17,63.17
279A,pass@30,10.0,30.0,23.0,44.0,40.0,67.0,180.43,356.57,7.33,2614.84,145.27,0.1189,9.0,29.0,29.0,0.0,49.02,49.02
279A,pass@31,6.0,18.0,19.0,38.0,24.0,57.0,90.57,261.34,6.33,1655.17,91.95,0.0871,12.0,25.0,25.0,4.0,62.74,62.74
279A,pass@32,7.0,23.0,28.0,52.0,30.0,80.0,123.69,392.55,7.91,3106.28,172.57,0.1309,16.0,34.0,34.0,11.76,65.35,65.35
28A,pass@1,10.0,37.0,30.0,58.0,47.0,88.0,225.97,488.8,7.84,3831.17,212.84,0.1629,13.0,36.0,36.0,0.0,45.47,45.47
28A,pass@2,9.0,40.0,35.0,69.0,49.0,104.0,241.41,583.93,7.76,4532.76,251.82,0.1946,11.0,27.0,28.0,0.0,47.31,47.58
28A,pass@3,8.0,51.0,44.0,91.0,59.0,135.0,313.29,794.16,7.14,5668.1,314.89,0.2647,17.0,37.0,38.0,0.0,42.68,42.95
28A,pass@4,10.0,31.0,26.0,50.0,41.0,76.0,186.8,407.17,8.06,3283.66,182.43,0.1357,12.0,41.0,43.0,0.0,44.35,44.48
28A,pass@5,8.0,35.0,29.0,51.0,43.0,80.0,203.52,434.1,5.83,2530.19,140.57,0.1447,14.0,43.0,43.0,0.0,43.88,44.02
28A,pass@6,12.0,80.0,91.0,180.0,92.0,271.0,548.77,1767.89,13.5,23866.45,1325.91,0.5893,23.0,85.0,86.0,0.0,31.83,31.97
28A,pass@7,7.0,25.0,19.0,37.0,32.0,56.0,135.75,280.0,5.18,1450.4,80.58,0.0933,4.0,20.0,21.0,0.0,53.35,53.48
28A,pass@8,10.0,38.0,28.0,51.0,48.0,79.0,232.64,441.21,6.71,2960.76,164.49,0.1471,10.0,46.0,47.0,0.0,43.66,43.66
28A,pass@9,8.0,74.0,87.0,166.0,82.0,253.0,483.5,1608.46,8.97,14432.67,801.82,0.5362,5.0,83.0,88.0,0.0,34.32,34.46
28A,pass@10,12.0,55.0,44.0,83.0,67.0,127.0,360.99,770.39,9.05,6975.56,387.53,0.2568,14.0,52.0,52.0,0.0,40.34,40.47
28A,pass@11,10.0,78.0,72.0,141.0,88.0,213.0,523.48,1375.86,9.04,12435.65,690.87,0.4586,15.0,54.0,56.0,0.0,37.87,37.87
28A,pass@12,7.0,30.0,24.0,45.0,37.0,69.0,166.86,359.45,5.25,1887.12,104.84,0.1198,3.0,35.0,36.0,0.0,47.62,47.75
28A,pass@13,9.0,37.0,32.0,60.0,46.0,92.0,221.28,508.17,7.3,3708.25,206.01,0.1694,2.0,31.0,32.0,0.0,47.82,47.95
28A,pass@14,5.0,17.0,15.0,29.0,22.0,44.0,81.1,196.21,4.26,836.8,46.49,0.0654,5.0,35.0,36.0,0.0,49.19,49.32
28A,pass@15,9.0,27.0,24.0,46.0,36.0,70.0,156.91,361.89,7.67,2774.53,154.14,0.1206,9.0,32.0,33.0,0.0,47.61,47.75
28A,pass@16,9.0,56.0,39.0,75.0,65.0,114.0,353.74,686.55,6.03,4137.69,229.87,0.2288,2.0,39.0,39.0,0.0,45.03,45.16
28A,pass@17,8.0,63.0,68.0,131.0,71.0,199.0,400.57,1223.8,8.32,10178.91,565.49,0.4079,10.0,71.0,72.0,5.63,50.19,50.33
28A,pass@18,6.0,22.0,19.0,35.0,28.0,54.0,113.62,259.6,4.77,1238.99,68.83,0.0865,3.0,39.0,40.0,0.0,47.74,47.74
28A,pass@19,9.0,66.0,53.0,103.0,75.0,156.0,427.46,971.7,7.02,6823.95,379.11,0.3239,6.0,34.0,34.0,0.0,44.73,44.87
28A,pass@20,9.0,40.0,59.0,108.0,49.0,167.0,241.41,937.66,12.15,11392.53,632.92,0.3126,2.0,67.0,67.0,0.0,38.95,39.09
28A,pass@21,9.0,39.0,39.0,71.0,48.0,110.0,234.66,614.35,8.19,5032.91,279.61,0.2048,2.0,47.0,48.0,4.26,55.52,55.65
28A,pass@22,11.0,70.0,58.0,102.0,81.0,160.0,467.1,1014.38,8.01,8129.5,451.64,0.3381,3.0,56.0,56.0,1.79,48.27,48.41
28A,pass@23,9.0,28.0,36.0,71.0,37.0,107.0,163.14,557.41,11.41,6360.46,353.36,0.1858,2.0,33.0,33.0,6.06,61.52,61.65
28A,pass@24,11.0,52.0,49.0,89.0,63.0,138.0,334.48,824.86,9.41,7764.83,431.38,0.275,9.0,40.0,43.0,0.0,42.6,42.74
28A,pass@25,8.0,37.0,31.0,60.0,45.0,91.0,216.75,499.76,6.49,3241.68,180.09,0.1666,17.0,46.0,47.0,0.0,42.34,42.34
28A,pass@26,5.0,21.0,15.0,28.0,26.0,43.0,103.85,202.12,3.33,673.73,37.43,0.0674,2.0,39.0,40.0,0.0,48.37,48.64
28A,pass@27,9.0,43.0,37.0,74.0,52.0,111.0,261.86,632.75,7.74,4900.12,272.23,0.2109,20.0,49.0,50.0,14.29,61.13,61.26
28A,pass@28,8.0,25.0,22.0,41.0,33.0,63.0,140.1,317.8,6.56,2084.75,115.82,0.1059,8.0,28.0,28.0,0.0,49.57,49.84
28A,pass@29,7.0,26.0,21.0,40.0,33.0,61.0,141.86,307.71,5.38,1656.89,92.05,0.1026,2.0,33.0,33.0,0.0,49.05,49.18
28A,pass@30,8.0,37.0,38.0,70.0,45.0,108.0,216.75,593.12,7.57,4488.48,249.36,0.1977,16.0,34.0,34.0,0.0,44.75,45.02
28A,pass@31,9.0,44.0,41.0,74.0,53.0,115.0,268.74,658.71,7.57,4985.24,276.96,0.2196,12.0,39.0,40.0,0.0,43.57,43.7
28A,pass@32,9.0,74.0,48.0,92.0,83.0,140.0,488.03,892.51,5.59,4993.21,277.4,0.2975,8.0,39.0,40.0,0.0,43.18,43.32
28B,pass@1,7.0,20.0,18.0,32.0,27.0,50.0,106.09,237.74,5.6,1331.37,73.96,0.0792,5.0,25.0,28.0,0.0,51.12,51.12
28B,pass@2,5.0,12.0,7.0,12.0,17.0,19.0,54.63,77.66,2.5,194.15,10.79,0.0259,7.0,19.0,19.0,0.0,57.93,57.93
28B,pass@3,6.0,15.0,10.0,16.0,21.0,26.0,74.11,114.2,3.2,365.44,20.3,0.0381,10.0,34.0,34.0,0.0,50.84,50.84
28B,pass@4,7.0,21.0,18.0,35.0,28.0,53.0,111.89,254.79,5.83,1486.27,82.57,0.0849,6.0,25.0,28.0,0.0,50.78,50.78
28B,pass@5,6.0,18.0,13.0,24.0,24.0,37.0,90.57,169.64,4.0,678.57,37.7,0.0565,5.0,24.0,27.0,0.0,52.49,52.49
28B,pass@6,7.0,13.0,10.0,18.0,20.0,28.0,67.76,121.01,4.85,586.45,32.58,0.0403,10.0,31.0,34.0,6.45,65.35,65.35
28B,pass@7,4.0,10.0,9.0,18.0,14.0,27.0,41.22,102.8,3.6,370.07,20.56,0.0343,10.0,27.0,30.0,14.81,73.27,73.27
28B,pass@8,4.0,10.0,6.0,10.0,14.0,16.0,41.22,60.92,2.0,121.84,6.77,0.0203,7.0,29.0,30.0,0.0,54.34,54.34
28B,pass@9,8.0,17.0,12.0,20.0,25.0,32.0,93.49,148.6,4.71,699.31,38.85,0.0495,8.0,26.0,29.0,0.0,51.81,51.81
28B,pass@10,7.0,10.0,9.0,15.0,17.0,24.0,52.87,98.1,5.25,515.02,28.61,0.0327,10.0,30.0,31.0,10.0,69.99,69.99
28B,pass@11,7.0,13.0,13.0,24.0,20.0,37.0,67.76,159.91,6.46,1033.27,57.4,0.0533,11.0,34.0,36.0,0.0,49.14,49.14
28B,pass@12,7.0,17.0,17.0,32.0,24.0,49.0,89.14,224.66,6.59,1480.13,82.23,0.0749,11.0,32.0,34.0,12.5,68.2,68.2
28B,pass@13,6.0,13.0,9.0,16.0,19.0,25.0,63.62,106.2,3.69,392.12,21.78,0.0354,7.0,23.0,25.0,0.0,54.38,54.38
28B,pass@14,5.0,8.0,5.0,9.0,13.0,14.0,35.61,51.81,2.81,145.7,8.09,0.0173,4.0,19.0,20.0,0.0,58.94,59.08
28B,pass@15,6.0,17.0,20.0,38.0,23.0,58.0,85.0,262.37,6.71,1759.4,97.74,0.0875,10.0,28.0,31.0,17.86,71.64,71.64
28B,pass@16,6.0,14.0,9.0,16.0,20.0,25.0,68.81,108.05,3.43,370.45,20.58,0.036,15.0,35.0,36.0,25.71,75.17,75.17
28B,pass@17,9.0,38.0,33.0,58.0,47.0,91.0,227.95,505.47,6.87,3471.76,192.88,0.1685,15.0,39.0,39.0,0.0,44.21,44.34
28B,pass@18,7.0,14.0,14.0,24.0,21.0,38.0,72.95,166.91,6.0,1001.45,55.64,0.0556,10.0,34.0,36.0,0.0,49.14,49.14
28B,pass@19,5.0,12.0,8.0,13.0,17.0,21.0,54.63,85.84,2.71,232.47,12.92,0.0286,7.0,22.0,22.0,0.0,56.24,56.24
28B,pass@20,9.0,20.0,16.0,27.0,29.0,43.0,114.97,208.89,6.08,1269.03,70.5,0.0696,5.0,22.0,23.0,0.0,53.38,53.38
28B,pass@21,6.0,15.0,12.0,20.0,21.0,32.0,74.11,140.55,4.0,562.22,31.23,0.0469,8.0,42.0,42.0,0.0,48.48,48.48
28B,pass@22,2.0,6.0,3.0,6.0,8.0,9.0,17.51,27.0,1.0,27.0,1.5,0.009,6.0,15.0,16.0,0.0,62.9,62.9
28B,pass@23,3.0,7.0,8.0,16.0,10.0,24.0,24.41,79.73,3.43,273.35,15.19,0.0266,4.0,14.0,15.0,0.0,60.36,60.49
28B,pass@24,5.0,14.0,11.0,19.0,19.0,30.0,64.91,127.44,3.39,432.38,24.02,0.0425,8.0,29.0,32.0,17.24,73.52,73.52
28B,pass@25,6.0,16.0,10.0,16.0,22.0,26.0,79.51,115.95,3.0,347.84,19.32,0.0386,9.0,33.0,33.0,21.21,75.07,75.07
28B,pass@26,7.0,21.0,16.0,29.0,28.0,45.0,111.89,216.33,4.83,1045.6,58.09,0.0721,11.0,37.0,40.0,13.51,67.4,67.4
28B,pass@27,9.0,32.0,28.0,53.0,41.0,81.0,188.53,433.96,7.45,3234.37,179.69,0.1447,9.0,34.0,34.0,0.0,46.91,46.91
28B,pass@28,6.0,10.0,6.0,10.0,16.0,16.0,48.73,64.0,3.0,192.0,10.67,0.0213,9.0,31.0,32.0,22.58,77.67,77.67
28B,pass@29,3.0,6.0,5.0,10.0,9.0,15.0,20.26,47.55,2.5,118.87,6.6,0.0158,6.0,18.0,20.0,38.89,87.18,87.18
28B,pass@30,5.0,12.0,8.0,14.0,17.0,22.0,54.63,89.92,2.92,262.28,14.57,0.03,4.0,20.0,20.0,0.0,57.4,57.4
28B,pass@31,8.0,16.0,14.0,24.0,24.0,38.0,88.0,174.23,6.0,1045.37,58.08,0.0581,11.0,35.0,38.0,8.57,65.04,65.04
28B,pass@32,8.0,20.0,15.0,25.0,28.0,40.0,110.44,192.29,5.0,961.47,53.42,0.0641,4.0,32.0,34.0,3.12,60.53,60.53
282B,pass@1,10.0,32.0,32.0,63.0,42.0,95.0,193.22,512.27,9.84,5042.66,280.15,0.1708,0.0,29.0,29.0,0.0,47.51,49.13
282B,pass@2,9.0,23.0,22.0,42.0,32.0,64.0,132.57,320.0,8.22,2629.57,146.09,0.1067,0.0,27.0,27.0,0.0,49.35,51.24
282B,pass@3,6.0,17.0,13.0,26.0,23.0,39.0,85.0,176.42,4.59,809.45,44.97,0.0588,6.0,19.0,19.0,0.0,55.57,55.57
282B,pass@4,4.0,8.0,6.0,12.0,12.0,18.0,32.0,64.53,3.0,193.59,10.75,0.0215,0.0,16.0,17.0,25.0,84.97,85.64
282B,pass@5,5.0,12.0,11.0,22.0,17.0,33.0,54.63,134.89,4.58,618.23,34.35,0.045,5.0,20.0,20.0,0.0,55.9,56.03
282B,pass@6,6.0,20.0,25.0,49.0,26.0,74.0,101.95,347.83,7.35,2556.57,142.03,0.1159,0.0,30.0,30.0,0.0,47.97,49.98
282B,pass@7,10.0,40.0,34.0,66.0,50.0,100.0,246.1,564.39,8.25,4656.18,258.68,0.1881,0.0,48.0,48.0,0.0,40.56,44.06
282B,pass@8,9.0,20.0,12.0,24.0,29.0,36.0,114.97,174.89,5.4,944.39,52.47,0.0583,0.0,18.0,18.0,0.0,55.43,56.91
282B,pass@9,8.0,19.0,17.0,34.0,27.0,51.0,104.71,242.5,7.16,1735.78,96.43,0.0808,11.0,21.0,21.0,0.0,52.98,52.98
282B,pass@10,8.0,15.0,11.0,21.0,23.0,32.0,82.6,144.75,5.6,810.62,45.03,0.0483,0.0,16.0,16.0,0.0,57.39,58.6
282B,pass@11,5.0,11.0,9.0,17.0,16.0,26.0,49.66,104.0,3.86,401.82,22.32,0.0347,0.0,17.0,18.0,23.53,82.51,83.18
282B,pass@12,6.0,17.0,15.0,29.0,23.0,44.0,85.0,199.04,5.12,1018.6,56.59,0.0663,10.0,31.0,31.0,0.0,50.03,50.03
282B,pass@13,9.0,16.0,13.0,25.0,25.0,38.0,92.53,176.47,7.03,1240.78,68.93,0.0588,0.0,16.0,16.0,6.25,71.4,72.48
282B,pass@14,10.0,20.0,19.0,34.0,30.0,53.0,119.66,260.07,8.5,2210.55,122.81,0.0867,0.0,26.0,26.0,0.0,50.47,52.22
282B,pass@15,4.0,12.0,12.0,24.0,16.0,36.0,51.02,144.0,4.0,576.0,32.0,0.048,6.0,24.0,24.0,0.0,53.97,53.97
282B,pass@16,5.0,22.0,17.0,34.0,27.0,51.0,109.72,242.5,3.86,936.93,52.05,0.0808,10.0,25.0,25.0,0.0,51.46,51.46
282B,pass@17,7.0,13.0,12.0,21.0,20.0,33.0,67.76,142.62,5.65,806.37,44.8,0.0475,0.0,22.0,22.0,0.0,54.42,55.63
282B,pass@18,6.0,19.0,16.0,32.0,25.0,48.0,96.22,222.91,5.05,1126.26,62.57,0.0743,5.0,19.0,19.0,0.0,54.86,54.99
282B,pass@19,11.0,30.0,28.0,51.0,41.0,79.0,185.26,423.25,9.35,3957.36,219.85,0.1411,0.0,38.0,39.0,0.0,44.88,46.9
282B,pass@20,8.0,26.0,26.0,52.0,34.0,78.0,146.21,396.82,8.0,3174.58,176.37,0.1323,13.0,31.0,32.0,0.0,47.09,47.22
282B,pass@21,4.0,10.0,10.0,20.0,14.0,30.0,41.22,114.22,4.0,456.88,25.38,0.0381,5.0,22.0,22.0,0.0,55.5,55.64
282B,pass@22,9.0,29.0,35.0,66.0,38.0,101.0,169.41,530.04,10.24,5428.35,301.57,0.1767,0.0,29.0,29.0,10.34,65.49,67.1
282B,pass@23,5.0,11.0,9.0,18.0,16.0,27.0,49.66,108.0,4.09,441.82,24.55,0.036,5.0,21.0,21.0,0.0,56.25,56.25
282B,pass@24,6.0,18.0,14.0,28.0,24.0,42.0,90.57,192.57,4.67,898.65,49.93,0.0642,7.0,24.0,24.0,0.0,52.82,52.95
282B,pass@25,6.0,22.0,20.0,40.0,28.0,60.0,113.62,288.44,5.45,1573.32,87.41,0.0961,0.0,34.0,34.0,0.0,47.89,49.37
282B,pass@26,4.0,23.0,24.0,48.0,27.0,72.0,112.04,342.35,4.17,1428.95,79.39,0.1141,6.0,20.0,20.0,15.0,73.96,74.09
282B,pass@27,8.0,20.0,21.0,40.0,28.0,61.0,110.44,293.25,8.0,2345.99,130.33,0.0977,11.0,30.0,31.0,0.0,48.58,48.71
282B,pass@28,4.0,22.0,16.0,32.0,26.0,48.0,106.11,225.62,2.91,656.35,36.46,0.0752,0.0,20.0,20.0,0.0,53.93,55.14
282B,pass@29,5.0,13.0,16.0,32.0,18.0,48.0,59.72,200.16,6.15,1231.73,68.43,0.0667,9.0,36.0,36.0,0.0,48.59,48.73
282B,pass@30,10.0,26.0,23.0,45.0,36.0,68.0,155.43,351.55,8.65,3042.3,169.02,0.1172,0.0,20.0,21.0,25.0,76.87,78.49
282B,pass@31,6.0,12.0,9.0,18.0,18.0,27.0,58.53,112.59,4.5,506.65,28.15,0.0375,0.0,16.0,16.0,0.0,58.56,59.37
282B,pass@32,8.0,22.0,21.0,39.0,30.0,60.0,122.11,294.41,7.09,2087.66,115.98,0.0981,11.0,30.0,30.0,0.0,48.88,49.01
283A,pass@1,5.0,12.0,9.0,18.0,17.0,27.0,54.63,110.36,3.75,413.86,22.99,0.0368,0.0,20.0,20.0,0.0,56.51,57.32
283A,pass@3,7.0,13.0,11.0,21.0,20.0,32.0,67.76,138.3,5.65,781.94,43.44,0.0461,0.0,22.0,22.0,0.0,54.78,55.73
283A,pass@4,4.0,10.0,8.0,16.0,14.0,24.0,41.22,91.38,3.2,292.4,16.24,0.0305,0.0,19.0,19.0,0.0,57.57,58.38
283A,pass@5,5.0,12.0,9.0,18.0,17.0,27.0,54.63,110.36,3.75,413.86,22.99,0.0368,0.0,21.0,21.0,0.0,56.05,56.85
283A,pass@6,5.0,14.0,9.0,18.0,19.0,27.0,64.91,114.69,3.21,368.66,20.48,0.0382,0.0,19.0,20.0,0.0,56.39,57.2
283A,pass@7,6.0,14.0,16.0,31.0,20.0,47.0,68.81,203.13,6.64,1349.37,74.96,0.0677,5.0,32.0,32.0,0.0,50.2,50.34
283A,pass@8,5.0,12.0,9.0,18.0,17.0,27.0,54.63,110.36,3.75,413.86,22.99,0.0368,0.0,20.0,20.0,0.0,56.51,57.32
283A,pass@9,5.0,14.0,9.0,18.0,19.0,27.0,64.91,114.69,3.21,368.66,20.48,0.0382,0.0,18.0,19.0,0.0,56.88,57.68
283A,pass@10,6.0,11.0,10.0,19.0,17.0,29.0,53.56,118.54,5.18,614.23,34.12,0.0395,0.0,21.0,21.0,0.0,55.69,56.64
283A,pass@11,4.0,10.0,8.0,16.0,14.0,24.0,41.22,91.38,3.2,292.4,16.24,0.0305,0.0,19.0,19.0,0.0,57.57,58.38
283A,pass@14,5.0,14.0,15.0,30.0,19.0,45.0,64.91,191.16,5.36,1024.05,56.89,0.0637,6.0,30.0,31.0,0.0,50.55,50.69
283A,pass@15,5.0,12.0,9.0,18.0,17.0,27.0,54.63,110.36,3.75,413.86,22.99,0.0368,0.0,19.0,19.0,0.0,56.99,57.8
283A,pass@16,5.0,14.0,9.0,18.0,19.0,27.0,64.91,114.69,3.21,368.66,20.48,0.0382,0.0,19.0,19.0,0.0,56.88,57.68
283A,pass@17,4.0,10.0,8.0,16.0,14.0,24.0,41.22,91.38,3.2,292.4,16.24,0.0305,0.0,21.0,21.0,0.0,56.62,57.43
283A,pass@18,8.0,19.0,18.0,35.0,27.0,53.0,104.71,252.01,7.37,1856.91,103.16,0.084,8.0,48.0,48.0,0.0,45.57,45.43
283A,pass@19,4.0,10.0,8.0,16.0,14.0,24.0,41.22,91.38,3.2,292.4,16.24,0.0305,6.0,22.0,22.0,0.0,56.05,56.18
283A,pass@20,5.0,13.0,14.0,28.0,18.0,42.0,59.72,175.14,5.38,943.04,52.39,0.0584,7.0,30.0,31.0,0.0,50.68,50.82
283A,pass@21,5.0,12.0,8.0,16.0,17.0,24.0,54.63,98.1,3.33,327.0,18.17,0.0327,0.0,18.0,19.0,0.0,57.49,58.16
283A,pass@22,5.0,13.0,14.0,28.0,18.0,42.0,59.72,175.14,5.38,943.04,52.39,0.0584,6.0,52.0,52.0,0.0,46.05,46.05
283A,pass@23,6.0,12.0,10.0,19.0,18.0,29.0,58.53,120.93,4.75,574.41,31.91,0.0403,0.0,21.0,21.0,0.0,55.77,56.58
283A,pass@24,5.0,12.0,9.0,18.0,17.0,27.0,54.63,110.36,3.75,413.86,22.99,0.0368,0.0,21.0,21.0,0.0,56.05,56.85
283A,pass@25,3.0,10.0,5.0,10.0,13.0,15.0,37.97,55.51,1.5,83.26,4.63,0.0185,6.0,19.0,19.0,0.0,58.95,59.08
283A,pass@26,6.0,24.0,19.0,37.0,30.0,56.0,125.55,274.79,4.62,1270.88,70.6,0.0916,6.0,35.0,35.0,0.0,47.89,48.43
283A,pass@27,5.0,13.0,9.0,18.0,18.0,27.0,59.72,112.59,3.46,389.73,21.65,0.0375,5.0,34.0,34.0,0.0,51.42,51.56
283A,pass@28,5.0,12.0,9.0,18.0,17.0,27.0,54.63,110.36,3.75,413.86,22.99,0.0368,0.0,20.0,20.0,0.0,56.51,57.32
283A,pass@29,5.0,12.0,9.0,18.0,17.0,27.0,54.63,110.36,3.75,413.86,22.99,0.0368,0.0,19.0,19.0,0.0,56.99,57.8
283A,pass@30,5.0,12.0,9.0,18.0,17.0,27.0,54.63,110.36,3.75,413.86,22.99,0.0368,0.0,21.0,21.0,0.0,56.05,56.85
283A,pass@31,6.0,15.0,17.0,33.0,21.0,50.0,74.11,219.62,6.6,1449.46,80.53,0.0732,6.0,32.0,32.0,0.0,49.83,49.96
283A,pass@32,6.0,12.0,12.0,23.0,18.0,35.0,58.53,145.95,5.75,839.2,46.62,0.0486,0.0,23.0,23.0,0.0,54.33,55.14
284A,pass@1,3.0,5.0,3.0,6.0,8.0,9.0,16.36,27.0,1.8,48.6,2.7,0.009,6.0,13.0,13.0,0.0,65.01,64.87
284A,pass@2,3.0,5.0,3.0,6.0,8.0,9.0,16.36,27.0,1.8,48.6,2.7,0.009,6.0,16.0,16.0,0.0,63.04,62.9
284A,pass@3,5.0,8.0,5.0,10.0,13.0,15.0,35.61,55.51,3.12,173.46,9.64,0.0185,6.0,17.0,17.0,0.0,60.27,60.14
284A,pass@4,4.0,6.0,5.0,10.0,10.0,15.0,23.51,49.83,3.33,166.1,9.23,0.0166,7.0,15.0,15.0,0.0,61.65,61.52
284A,pass@5,4.0,8.0,4.0,8.0,12.0,12.0,32.0,43.02,2.0,86.04,4.78,0.0143,3.0,16.0,16.0,0.0,61.89,61.89
284A,pass@6,5.0,8.0,5.0,10.0,13.0,15.0,35.61,55.51,3.12,173.46,9.64,0.0185,6.0,17.0,17.0,0.0,60.27,60.14
284A,pass@7,1.0,2.0,1.0,2.0,3.0,3.0,2.0,4.75,0.5,2.38,0.13,0.0016,4.0,7.0,7.0,0.0,76.42,76.29
284A,pass@8,4.0,8.0,5.0,10.0,12.0,15.0,32.0,53.77,2.5,134.44,7.47,0.0179,7.0,18.0,18.0,0.0,59.69,59.56
284A,pass@9,7.0,18.0,13.0,26.0,25.0,39.0,94.71,181.11,5.06,915.61,50.87,0.0604,11.0,29.0,29.0,0.0,50.94,50.81
284A,pass@10,6.0,10.0,9.0,18.0,16.0,27.0,48.73,108.0,5.4,583.2,32.4,0.036,9.0,23.0,23.0,0.0,54.98,54.85
284A,pass@11,8.0,22.0,25.0,50.0,30.0,75.0,122.11,368.02,9.09,3345.61,185.87,0.1227,15.0,37.0,37.0,0.0,46.08,45.81
284A,pass@12,2.0,4.0,2.0,4.0,6.0,6.0,10.0,15.51,1.0,15.51,0.86,0.0052,6.0,16.0,16.0,0.0,64.72,64.59
284A,pass@13,7.0,13.0,10.0,20.0,20.0,30.0,67.76,129.66,5.38,698.16,38.79,0.0432,9.0,22.0,22.0,0.0,54.85,54.71
284A,pass@14,9.0,16.0,14.0,28.0,25.0,42.0,92.53,195.04,7.88,1535.96,85.33,0.065,11.0,27.0,27.0,0.0,51.53,51.26
284A,pass@15,4.0,8.0,4.0,8.0,12.0,12.0,32.0,43.02,2.0,86.04,4.78,0.0143,3.0,16.0,16.0,0.0,61.89,61.89
284A,pass@16,3.0,5.0,3.0,6.0,8.0,9.0,16.36,27.0,1.8,48.6,2.7,0.009,7.0,18.0,18.0,0.0,61.79,61.65
284A,pass@17,6.0,11.0,8.0,16.0,17.0,24.0,53.56,98.1,4.36,428.07,23.78,0.0327,3.0,15.0,15.0,0.0,60.0,60.0
284A,pass@18,3.0,7.0,4.0,8.0,10.0,12.0,24.41,39.86,1.71,68.34,3.8,0.0133,6.0,16.0,16.0,0.0,61.85,61.72
284A,pass@19,5.0,9.0,5.0,10.0,14.0,15.0,40.14,57.11,2.78,158.64,8.81,0.019,5.0,15.0,15.0,0.0,61.51,61.37
284A,pass@20,9.0,19.0,18.0,36.0,28.0,54.0,109.24,259.6,8.53,2213.41,122.97,0.0865,11.0,23.0,23.0,0.0,52.05,51.91
284A,pass@21,8.0,22.0,23.0,46.0,30.0,69.0,122.11,338.58,8.36,2831.72,157.32,0.1129,13.0,35.0,35.0,0.0,47.13,46.86
284A,pass@22,9.0,12.0,10.0,19.0,21.0,29.0,71.55,127.38,7.12,907.56,50.42,0.0425,7.0,17.0,17.0,0.0,57.61,57.48
284A,pass@23,8.0,16.0,16.0,32.0,24.0,48.0,88.0,220.08,8.0,1760.63,97.81,0.0734,10.0,24.0,24.0,0.0,52.41,52.14
284A,pass@24,2.0,4.0,2.0,4.0,6.0,6.0,10.0,15.51,1.0,15.51,0.86,0.0052,6.0,16.0,16.0,0.0,64.72,64.59
284A,pass@25,8.0,12.0,14.0,28.0,20.0,42.0,67.02,181.52,9.33,1694.2,94.12,0.0605,6.0,17.0,17.0,0.0,56.67,56.53
284A,pass@26,7.0,13.0,10.0,20.0,20.0,30.0,67.76,129.66,5.38,698.16,38.79,0.0432,9.0,22.0,22.0,0.0,54.85,54.71
284A,pass@27,3.0,7.0,4.0,8.0,10.0,12.0,24.41,39.86,1.71,68.34,3.8,0.0133,6.0,17.0,17.0,0.0,61.28,61.14
284A,pass@28,2.0,4.0,2.0,4.0,6.0,6.0,10.0,15.51,1.0,15.51,0.86,0.0052,4.0,7.0,7.0,0.0,72.82,72.69
284A,pass@29,2.0,4.0,2.0,4.0,6.0,6.0,10.0,15.51,1.0,15.51,0.86,0.0052,6.0,16.0,16.0,0.0,64.72,64.59
284A,pass@30,3.0,6.0,3.0,6.0,9.0,9.0,20.26,28.53,1.5,42.79,2.38,0.0095,5.0,11.0,11.0,0.0,66.56,66.42
284A,pass@31,7.0,14.0,12.0,24.0,21.0,36.0,72.95,158.12,6.0,948.74,52.71,0.0527,10.0,23.0,23.0,0.0,53.69,53.55
284A,pass@32,2.0,4.0,2.0,4.0,6.0,6.0,10.0,15.51,1.0,15.51,0.86,0.0052,5.0,11.0,11.0,0.0,68.41,68.27
285C,pass@1,2.0,8.0,5.0,10.0,10.0,15.0,26.0,49.83,1.25,62.29,3.46,0.0166,3.0,15.0,15.0,0.0,62.06,62.06
285C,pass@2,2.0,4.0,2.0,4.0,6.0,6.0,10.0,15.51,1.0,15.51,0.86,0.0052,2.0,10.0,11.0,0.0,68.68,68.68
285C,pass@3,3.0,8.0,4.0,8.0,11.0,12.0,28.75,41.51,1.5,62.27,3.46,0.0138,2.0,15.0,16.0,0.0,62.0,62.13
285C,pass@4,3.0,8.0,4.0,8.0,11.0,12.0,28.75,41.51,1.5,62.27,3.46,0.0138,2.0,13.0,14.0,0.0,63.26,63.4
285C,pass@5,5.0,8.0,8.0,16.0,13.0,24.0,35.61,88.81,5.0,444.05,24.67,0.0296,5.0,21.0,21.0,4.76,69.48,69.62
285C,pass@6,11.0,37.0,47.0,83.0,48.0,130.0,230.8,726.05,12.34,8957.83,497.66,0.242,21.0,58.0,58.0,0.0,38.54,38.68
285C,pass@7,2.0,4.0,2.0,4.0,6.0,6.0,10.0,15.51,1.0,15.51,0.86,0.0052,2.0,11.0,12.0,0.0,67.85,67.85
285C,pass@8,2.0,4.0,2.0,4.0,6.0,6.0,10.0,15.51,1.0,15.51,0.86,0.0052,2.0,9.0,10.0,0.0,69.58,69.58
285C,pass@9,2.0,4.0,2.0,4.0,6.0,6.0,10.0,15.51,1.0,15.51,0.86,0.0052,2.0,11.0,12.0,0.0,67.85,67.85
285C,pass@10,2.0,4.0,2.0,4.0,6.0,6.0,10.0,15.51,1.0,15.51,0.86,0.0052,2.0,10.0,10.0,0.0,69.58,69.58
285C,pass@11,2.0,4.0,2.0,4.0,6.0,6.0,10.0,15.51,1.0,15.51,0.86,0.0052,2.0,10.0,11.0,0.0,68.68,68.68
285C,pass@12,2.0,6.0,3.0,6.0,8.0,9.0,17.51,27.0,1.0,27.0,1.5,0.009,2.0,10.0,10.0,0.0,67.89,67.89
285C,pass@13,10.0,20.0,25.0,45.0,30.0,70.0,119.66,343.48,11.25,3864.18,214.68,0.1145,16.0,40.0,41.0,0.0,44.78,44.91
285C,pass@14,3.0,8.0,4.0,8.0,11.0,12.0,28.75,41.51,1.5,62.27,3.46,0.0138,2.0,103.0,103.0,0.0,44.36,44.49
285C,pass@15,2.0,6.0,3.0,6.0,8.0,9.0,17.51,27.0,1.0,27.0,1.5,0.009,1.0,24.0,24.0,4.17,71.74,71.74
285C,pass@16,5.0,20.0,17.0,32.0,25.0,49.0,98.05,227.55,4.0,910.2,50.57,0.0758,3.0,22.0,23.0,0.0,53.25,53.39
285C,pass@17,10.0,21.0,17.0,33.0,31.0,50.0,125.46,247.71,7.86,1946.29,108.13,0.0826,7.0,81.0,81.0,0.0,40.8,40.66
285C,pass@18,3.0,8.0,4.0,8.0,11.0,12.0,28.75,41.51,1.5,62.27,3.46,0.0138,2.0,13.0,14.0,0.0,63.26,63.4
285C,pass@19,3.0,8.0,4.0,8.0,11.0,12.0,28.75,41.51,1.5,62.27,3.46,0.0138,2.0,40.0,41.0,0.0,53.08,53.22
285C,pass@20,3.0,8.0,4.0,8.0,11.0,12.0,28.75,41.51,1.5,62.27,3.46,0.0138,2.0,13.0,14.0,0.0,63.26,63.4
285C,pass@21,2.0,4.0,2.0,4.0,6.0,6.0,10.0,15.51,1.0,15.51,0.86,0.0052,2.0,8.0,8.0,0.0,71.69,71.69
285C,pass@22,3.0,8.0,4.0,8.0,11.0,12.0,28.75,41.51,1.5,62.27,3.46,0.0138,2.0,15.0,15.0,0.0,62.61,62.75
285C,pass@23,3.0,8.0,4.0,8.0,11.0,12.0,28.75,41.51,1.5,62.27,3.46,0.0138,2.0,13.0,14.0,0.0,63.26,63.4
285C,pass@24,2.0,4.0,2.0,4.0,6.0,6.0,10.0,15.51,1.0,15.51,0.86,0.0052,2.0,11.0,12.0,0.0,67.85,67.85
285C,pass@25,2.0,6.0,3.0,6.0,8.0,9.0,17.51,27.0,1.0,27.0,1.5,0.009,0.0,9.0,10.0,0.0,67.89,68.16
285C,pass@26,8.0,23.0,21.0,40.0,31.0,61.0,128.04,302.21,6.96,2102.3,116.79,0.1007,15.0,27.0,27.0,0.0,49.39,49.39
285C,pass@27,8.0,19.0,15.0,29.0,27.0,44.0,104.71,209.22,6.11,1277.31,70.96,0.0697,7.0,27.0,28.0,0.0,51.11,51.24
285C,pass@28,3.0,8.0,4.0,8.0,11.0,12.0,28.75,41.51,1.5,62.27,3.46,0.0138,2.0,14.0,15.0,0.0,62.61,62.75
285C,pass@29,3.0,8.0,4.0,8.0,11.0,12.0,28.75,41.51,1.5,62.27,3.46,0.0138,2.0,17.0,18.0,0.0,60.88,61.02
285C,pass@30,6.0,18.0,28.0,50.0,24.0,78.0,90.57,357.63,8.33,2980.23,165.57,0.1192,15.0,55.0,55.0,0.0,42.0,42.14
285C,pass@31,3.0,6.0,4.0,8.0,9.0,12.0,20.26,38.04,2.0,76.08,4.23,0.0127,4.0,16.0,17.0,0.0,61.56,61.56
285C,pass@32,2.0,6.0,3.0,6.0,8.0,9.0,17.51,27.0,1.0,27.0,1.5,0.009,2.0,11.0,12.0,0.0,66.17,66.17
288A,pass@1,8.0,18.0,16.0,32.0,26.0,48.0,99.06,225.62,7.11,1604.42,89.13,0.0752,10.0,15.0,15.0,0.0,56.52,56.52
288A,pass@2,9.0,18.0,21.0,38.0,27.0,59.0,103.59,280.54,9.5,2665.11,148.06,0.0935,9.0,19.0,19.0,5.26,67.14,67.14
288A,pass@3,9.0,16.0,12.0,23.0,25.0,35.0,92.53,162.53,6.47,1051.4,58.41,0.0542,8.0,17.0,17.0,0.0,56.6,56.6
288A,pass@4,9.0,18.0,15.0,28.0,27.0,43.0,103.59,204.46,7.0,1431.22,79.51,0.0682,8.0,16.0,16.0,0.0,56.48,56.48
288A,pass@6,10.0,18.0,16.0,31.0,28.0,47.0,108.28,225.95,8.61,1945.64,108.09,0.0753,7.0,16.0,17.0,0.0,55.73,55.73
288A,pass@7,9.0,18.0,19.0,35.0,27.0,54.0,103.59,256.76,8.75,2246.68,124.82,0.0856,8.0,17.0,17.0,0.0,55.21,55.21
288A,pass@8,8.0,17.0,13.0,25.0,25.0,38.0,93.49,176.47,5.88,1038.04,57.67,0.0588,7.0,19.0,19.0,0.0,55.43,55.43
288A,pass@9,7.0,15.0,15.0,30.0,22.0,45.0,78.25,200.67,7.0,1404.72,78.04,0.0669,10.0,18.0,18.0,0.0,55.15,55.15
288A,pass@10,6.0,17.0,14.0,28.0,23.0,42.0,85.0,189.99,4.94,938.77,52.15,0.0633,7.0,14.0,14.0,0.0,58.1,58.1
288A,pass@11,6.0,11.0,10.0,20.0,17.0,30.0,53.56,122.62,5.45,668.86,37.16,0.0409,8.0,16.0,16.0,0.0,58.03,58.03
288A,pass@12,5.0,10.0,9.0,18.0,15.0,27.0,44.83,105.49,4.5,474.69,26.37,0.0352,6.0,17.0,17.0,0.0,58.19,58.19
288A,pass@13,8.0,17.0,13.0,25.0,25.0,38.0,93.49,176.47,5.88,1038.04,57.67,0.0588,7.0,14.0,14.0,0.0,58.33,58.33
288A,pass@14,6.0,11.0,9.0,17.0,17.0,26.0,53.56,106.27,4.64,492.73,27.37,0.0354,5.0,13.0,14.0,0.0,60.14,60.14
288A,pass@15,6.0,10.0,10.0,20.0,16.0,30.0,48.73,120.0,6.0,720.0,40.0,0.04,8.0,21.0,21.0,0.0,55.52,55.52
288A,pass@16,11.0,24.0,19.0,38.0,35.0,57.0,148.09,292.37,8.71,2546.05,141.45,0.0975,10.0,23.0,25.0,0.0,50.89,50.89
288A,pass@17,7.0,14.0,12.0,24.0,21.0,36.0,72.95,158.12,6.0,948.74,52.71,0.0527,7.0,18.0,18.0,0.0,56.28,56.28
288A,pass@18,8.0,17.0,14.0,27.0,25.0,41.0,93.49,190.4,6.35,1209.59,67.2,0.0635,6.0,14.0,15.0,0.0,57.58,57.58
288A,pass@19,8.0,18.0,16.0,32.0,26.0,48.0,99.06,225.62,7.11,1604.42,89.13,0.0752,9.0,17.0,18.0,0.0,54.93,54.93
288A,pass@20,7.0,11.0,9.0,17.0,18.0,26.0,57.71,108.42,5.41,586.44,32.58,0.0361,6.0,18.0,18.0,0.0,57.56,57.56
288A,pass@21,6.0,14.0,13.0,25.0,20.0,38.0,68.81,164.23,5.36,879.82,48.88,0.0547,6.0,16.0,16.0,0.0,57.41,57.41
288A,pass@22,9.0,16.0,13.0,26.0,25.0,39.0,92.53,181.11,7.31,1324.37,73.58,0.0604,7.0,14.0,14.0,0.0,58.25,58.25
288A,pass@23,7.0,10.0,10.0,19.0,17.0,29.0,52.87,118.54,6.65,788.27,43.79,0.0395,6.0,16.0,16.0,0.0,58.41,58.41
288A,pass@24,9.0,14.0,15.0,30.0,23.0,45.0,81.83,203.56,9.64,1962.9,109.05,0.0679,9.0,18.0,18.0,0.0,55.24,55.24
288A,pass@25,5.0,11.0,7.0,14.0,16.0,21.0,49.66,84.0,3.18,267.27,14.85,0.028,7.0,14.0,15.0,28.57,86.09,86.09
288A,pass@26,8.0,25.0,23.0,46.0,33.0,69.0,140.1,348.06,7.36,2561.75,142.32,0.116,14.0,27.0,27.0,0.0,49.1,49.1
288A,pass@27,5.0,9.0,6.0,11.0,14.0,17.0,40.14,64.73,3.06,197.77,10.99,0.0216,7.0,15.0,15.0,0.0,60.72,60.72
288A,pass@28,8.0,18.0,13.0,25.0,26.0,38.0,99.06,178.62,5.56,992.32,55.13,0.0595,9.0,18.0,18.0,0.0,55.64,55.64
288A,pass@29,5.0,9.0,6.0,11.0,14.0,17.0,40.14,64.73,3.06,197.77,10.99,0.0216,5.0,13.0,15.0,30.77,87.67,87.67
288A,pass@30,7.0,18.0,14.0,28.0,25.0,42.0,94.71,195.04,5.44,1061.9,58.99,0.065,5.0,15.0,15.0,0.0,57.64,57.64
288A,pass@31,6.0,11.0,8.0,16.0,17.0,24.0,53.56,98.1,4.36,428.07,23.78,0.0327,6.0,11.0,11.0,0.0,62.53,62.53
288A,pass@32,8.0,15.0,16.0,30.0,23.0,46.0,82.6,208.08,8.0,1664.67,92.48,0.0694,10.0,20.0,21.0,0.0,53.58,53.58
29C,pass@1,3.0,6.0,4.0,8.0,9.0,12.0,20.26,38.04,2.0,76.08,4.23,0.0127,7.0,29.0,29.0,0.0,55.96,56.09
29C,pass@2,4.0,13.0,9.0,18.0,17.0,27.0,56.11,110.36,2.77,305.62,16.98,0.0368,8.0,33.0,33.0,0.0,51.23,51.5
29C,pass@3,4.0,7.0,5.0,10.0,11.0,15.0,27.65,51.89,2.86,148.26,8.24,0.0173,9.0,34.0,34.0,0.0,53.37,53.37
29C,pass@4,3.0,5.0,3.0,6.0,8.0,9.0,16.36,27.0,1.8,48.6,2.7,0.009,8.0,27.0,27.0,14.81,78.47,78.6
29C,pass@5,1.0,3.0,2.0,4.0,4.0,6.0,4.75,12.0,0.67,8.0,0.44,0.004,2.0,25.0,25.0,0.0,61.55,61.68
29C,pass@6,3.0,6.0,4.0,8.0,9.0,12.0,20.26,38.04,2.0,76.08,4.23,0.0127,4.0,29.0,29.0,0.0,56.36,56.5
29C,pass@7,3.0,6.0,3.0,6.0,9.0,9.0,20.26,28.53,1.5,42.79,2.38,0.0095,7.0,28.0,28.0,0.0,57.17,57.3
29C,pass@8,4.0,7.0,5.0,10.0,11.0,15.0,27.65,51.89,2.86,148.26,8.24,0.0173,8.0,30.0,30.0,0.0,54.56,54.69
29C,pass@9,3.0,6.0,4.0,8.0,9.0,12.0,20.26,38.04,2.0,76.08,4.23,0.0127,4.0,24.0,24.0,0.0,58.15,58.29
29C,pass@10,3.0,6.0,4.0,8.0,9.0,12.0,20.26,38.04,2.0,76.08,4.23,0.0127,7.0,30.0,30.0,0.0,55.64,55.77
29C,pass@11,3.0,5.0,3.0,6.0,8.0,9.0,16.36,27.0,1.8,48.6,2.7,0.009,8.0,28.0,28.0,0.0,57.2,57.33
29C,pass@12,3.0,9.0,5.0,10.0,12.0,15.0,33.28,53.77,1.67,89.62,4.98,0.0179,5.0,27.0,27.0,0.0,55.85,55.99
29C,pass@13,2.0,4.0,2.0,4.0,6.0,6.0,10.0,15.51,1.0,15.51,0.86,0.0052,4.0,26.0,26.0,0.0,60.12,60.26
29C,pass@14,4.0,7.0,5.0,10.0,11.0,15.0,27.65,51.89,2.86,148.26,8.24,0.0173,8.0,30.0,30.0,0.0,54.56,54.69
29C,pass@15,4.0,9.0,6.0,12.0,13.0,18.0,36.53,66.61,2.67,177.62,9.87,0.0222,7.0,29.0,29.0,0.0,54.25,54.39
29C,pass@16,2.0,4.0,2.0,4.0,6.0,6.0,10.0,15.51,1.0,15.51,0.86,0.0052,4.0,25.0,25.0,0.0,60.5,60.63
29C,pass@17,4.0,7.0,5.0,10.0,11.0,15.0,27.65,51.89,2.86,148.26,8.24,0.0173,8.0,31.0,31.0,0.0,54.25,54.38
29C,pass@18,2.0,4.0,2.0,4.0,6.0,6.0,10.0,15.51,1.0,15.51,0.86,0.0052,6.0,27.0,28.0,0.0,59.15,59.29
29C,pass@19,2.0,3.0,2.0,4.0,5.0,6.0,6.75,13.93,1.33,18.58,1.03,0.0046,6.0,25.0,25.0,0.0,60.55,60.69
29C,pass@20,3.0,7.0,5.0,10.0,10.0,15.0,24.41,49.83,2.14,106.78,5.93,0.0166,8.0,26.0,26.0,0.0,56.04,56.17
29C,pass@21,2.0,4.0,2.0,4.0,6.0,6.0,10.0,15.51,1.0,15.51,0.86,0.0052,4.0,21.0,21.0,0.0,62.15,62.28
29C,pass@22,4.0,13.0,9.0,18.0,17.0,27.0,56.11,110.36,2.77,305.62,16.98,0.0368,7.0,33.0,33.0,0.0,51.36,51.63
29C,pass@23,4.0,15.0,12.0,24.0,19.0,36.0,66.6,152.93,3.2,489.36,27.19,0.051,8.0,38.0,38.0,0.0,49.03,49.17
29C,pass@24,5.0,7.0,6.0,11.0,12.0,17.0,31.26,60.94,3.93,239.42,13.3,0.0203,8.0,32.0,32.0,0.0,53.46,53.59
29C,pass@25,4.0,10.0,7.0,14.0,14.0,21.0,41.22,79.95,2.8,223.87,12.44,0.0267,10.0,36.0,36.0,0.0,51.25,51.38
29C,pass@26,3.0,6.0,5.0,10.0,9.0,15.0,20.26,47.55,2.5,118.87,6.6,0.0158,7.0,28.0,28.0,0.0,55.61,55.75
29C,pass@27,1.0,3.0,2.0,4.0,4.0,6.0,4.75,12.0,0.67,8.0,0.44,0.004,2.0,25.0,25.0,0.0,61.55,61.68
29C,pass@28,3.0,6.0,4.0,8.0,9.0,12.0,20.26,38.04,2.0,76.08,4.23,0.0127,4.0,26.0,26.0,0.0,57.4,57.53
29C,pass@29,2.0,3.0,2.0,4.0,5.0,6.0,6.75,13.93,1.33,18.58,1.03,0.0046,6.0,24.0,24.0,0.0,60.94,61.07
29C,pass@30,3.0,6.0,5.0,10.0,9.0,15.0,20.26,47.55,2.5,118.87,6.6,0.0158,7.0,27.0,27.0,0.0,55.96,56.09
29C,pass@31,3.0,6.0,4.0,8.0,9.0,12.0,20.26,38.04,2.0,76.08,4.23,0.0127,7.0,24.0,24.0,0.0,57.75,57.89
29C,pass@32,4.0,7.0,5.0,10.0,11.0,15.0,27.65,51.89,2.86,148.26,8.24,0.0173,8.0,27.0,27.0,0.0,55.56,55.69
292A,pass@1,6.0,13.0,14.0,28.0,19.0,42.0,63.62,178.41,6.46,1152.82,64.05,0.0595,6.0,27.0,27.0,0.0,52.07,52.2
292A,pass@2,6.0,13.0,14.0,28.0,19.0,42.0,63.62,178.41,6.46,1152.82,64.05,0.0595,6.0,25.0,25.0,0.0,52.8,52.93
292A,pass@3,4.0,12.0,10.0,20.0,16.0,30.0,51.02,120.0,3.33,400.0,22.22,0.04,6.0,27.0,27.0,0.0,53.28,53.41
292A,pass@4,8.0,11.0,10.0,19.0,19.0,29.0,62.05,123.19,6.91,851.13,47.29,0.0411,0.0,16.0,16.0,0.0,58.15,59.1
292A,pass@5,4.0,5.0,6.0,11.0,9.0,17.0,19.61,53.89,4.4,237.11,13.17,0.018,6.0,20.0,20.0,0.0,58.55,58.69
292A,pass@6,6.0,13.0,11.0,21.0,19.0,32.0,63.62,135.93,4.85,658.76,36.6,0.0453,0.0,18.0,18.0,0.0,56.33,57.68
292A,pass@7,3.0,5.0,4.0,8.0,8.0,12.0,16.36,36.0,2.4,86.4,4.8,0.012,0.0,20.0,20.0,0.0,59.65,60.72
292A,pass@8,5.0,15.0,11.0,22.0,20.0,33.0,70.21,142.62,3.67,522.95,29.05,0.0475,8.0,28.0,28.0,0.0,52.14,52.27
292A,pass@10,6.0,14.0,15.0,30.0,20.0,45.0,68.81,194.49,6.43,1250.27,69.46,0.0648,8.0,24.0,24.0,0.0,52.79,52.79
292A,pass@11,4.0,7.0,5.0,10.0,11.0,15.0,27.65,51.89,2.86,148.26,8.24,0.0173,6.0,24.0,24.0,0.0,56.94,57.08
292A,pass@12,8.0,15.0,13.0,23.0,23.0,36.0,82.6,162.85,6.13,998.8,55.49,0.0543,0.0,17.0,17.0,0.0,56.6,57.67
292A,pass@13,7.0,11.0,9.0,17.0,18.0,26.0,57.71,108.42,5.41,586.44,32.58,0.0361,0.0,19.0,19.0,0.0,56.78,57.86
292A,pass@14,4.0,7.0,5.0,10.0,11.0,15.0,27.65,51.89,2.86,148.26,8.24,0.0173,0.0,16.0,16.0,0.0,60.92,61.72
292A,pass@15,4.0,6.0,4.0,8.0,10.0,12.0,23.51,39.86,2.67,106.3,5.91,0.0133,7.0,22.0,22.0,0.0,58.43,58.57
292A,pass@16,5.0,13.0,11.0,22.0,18.0,33.0,59.72,137.61,4.23,582.19,32.34,0.0459,7.0,27.0,27.0,0.0,52.73,52.86
292A,pass@17,7.0,16.0,14.0,28.0,23.0,42.0,83.65,189.99,6.12,1163.69,64.65,0.0633,9.0,21.0,21.0,0.0,53.99,53.99
292A,pass@18,5.0,10.0,7.0,14.0,15.0,21.0,44.83,82.04,3.5,287.16,15.95,0.0273,7.0,21.0,21.0,0.0,56.68,56.81
292A,pass@19,5.0,7.0,7.0,14.0,12.0,21.0,31.26,75.28,5.0,376.42,20.91,0.0251,0.0,18.0,18.0,0.0,58.54,59.48
292A,pass@20,5.0,10.0,9.0,18.0,15.0,27.0,44.83,105.49,4.5,474.69,26.37,0.0352,8.0,24.0,24.0,0.0,54.52,54.65
292A,pass@21,4.0,7.0,7.0,14.0,11.0,21.0,27.65,72.65,4.0,290.59,16.14,0.0242,6.0,22.0,22.0,31.82,83.65,83.79
292A,pass@22,4.0,7.0,5.0,10.0,11.0,15.0,27.65,51.89,2.86,148.26,8.24,0.0173,0.0,17.0,17.0,0.0,60.34,61.15
292A,pass@23,3.0,8.0,6.0,12.0,11.0,18.0,28.75,62.27,2.25,140.11,7.78,0.0208,0.0,20.0,20.0,0.0,57.98,59.06
292A,pass@24,5.0,12.0,8.0,16.0,17.0,24.0,54.63,98.1,3.33,327.0,18.17,0.0327,8.0,22.0,22.0,0.0,55.56,55.69
292A,pass@25,4.0,10.0,7.0,14.0,14.0,21.0,41.22,79.95,2.8,223.87,12.44,0.0267,6.0,19.0,19.0,0.0,57.84,57.97
292A,pass@26,5.0,7.0,8.0,16.0,12.0,24.0,31.26,86.04,5.71,491.65,27.31,0.0287,0.0,22.0,22.0,0.0,56.09,57.17
292A,pass@27,10.0,19.0,17.0,31.0,29.0,48.0,113.93,233.18,8.16,1902.28,105.68,0.0777,7.0,26.0,26.0,0.0,51.48,51.61
292A,pass@28,7.0,14.0,18.0,36.0,21.0,54.0,72.95,237.19,9.0,2134.67,118.59,0.0791,9.0,33.0,33.0,12.12,68.21,68.35
292A,pass@29,7.0,14.0,13.0,26.0,21.0,39.0,72.95,171.3,6.5,1113.45,61.86,0.0571,5.0,22.0,22.0,18.18,76.87,77.01
292A,pass@30,6.0,11.0,9.0,18.0,17.0,27.0,53.56,110.36,4.91,541.77,30.1,0.0368,6.0,21.0,21.0,0.0,55.91,56.05
292A,pass@31,4.0,8.0,6.0,12.0,12.0,18.0,32.0,64.53,3.0,193.59,10.75,0.0215,7.0,20.0,20.0,0.0,57.87,58.01
292A,pass@32,4.0,7.0,6.0,12.0,11.0,18.0,27.65,62.27,3.43,213.5,11.86,0.0208,6.0,23.0,23.0,0.0,56.79,56.92
296A,pass@1,3.0,6.0,3.0,6.0,9.0,9.0,20.26,28.53,1.5,42.79,2.38,0.0095,2.0,10.0,10.0,0.0,67.73,67.73
296A,pass@2,4.0,6.0,4.0,8.0,10.0,12.0,23.51,39.86,2.67,106.3,5.91,0.0133,0.0,11.0,11.0,0.0,65.67,66.08
296A,pass@3,4.0,6.0,4.0,8.0,10.0,12.0,23.51,39.86,2.67,106.3,5.91,0.0133,0.0,11.0,11.0,0.0,65.67,66.08
296A,pass@4,3.0,6.0,3.0,6.0,9.0,9.0,20.26,28.53,1.5,42.79,2.38,0.0095,2.0,8.0,8.0,0.0,69.84,69.84
296A,pass@5,3.0,6.0,3.0,6.0,9.0,9.0,20.26,28.53,1.5,42.79,2.38,0.0095,2.0,8.0,8.0,0.0,69.84,69.84
296A,pass@6,3.0,6.0,3.0,6.0,9.0,9.0,20.26,28.53,1.5,42.79,2.38,0.0095,2.0,8.0,8.0,0.0,69.84,69.84
296A,pass@7,3.0,5.0,3.0,6.0,8.0,9.0,16.36,27.0,1.8,48.6,2.7,0.009,4.0,10.0,10.0,0.0,67.63,67.63
296A,pass@8,3.0,6.0,3.0,6.0,9.0,9.0,20.26,28.53,1.5,42.79,2.38,0.0095,2.0,8.0,8.0,0.0,69.84,69.84
296A,pass@9,4.0,6.0,4.0,8.0,10.0,12.0,23.51,39.86,2.67,106.3,5.91,0.0133,0.0,12.0,12.0,0.0,64.85,65.25
296A,pass@10,5.0,9.0,6.0,12.0,14.0,18.0,40.14,68.53,3.33,228.44,12.69,0.0228,5.0,17.0,17.0,0.0,59.63,59.63
296A,pass@11,3.0,6.0,3.0,6.0,9.0,9.0,20.26,28.53,1.5,42.79,2.38,0.0095,2.0,10.0,10.0,0.0,67.73,67.73
296A,pass@12,4.0,6.0,4.0,8.0,10.0,12.0,23.51,39.86,2.67,106.3,5.91,0.0133,0.0,11.0,11.0,0.0,65.67,66.08
296A,pass@13,3.0,6.0,3.0,6.0,9.0,9.0,20.26,28.53,1.5,42.79,2.38,0.0095,2.0,8.0,8.0,0.0,69.84,69.84
296A,pass@14,7.0,19.0,22.0,44.0,26.0,66.0,100.36,310.23,8.11,2514.49,139.69,0.1034,0.0,16.0,16.0,0.0,55.08,56.29
296A,pass@15,6.0,13.0,10.0,20.0,19.0,30.0,63.62,127.44,4.62,588.17,32.68,0.0425,9.0,16.0,16.0,0.0,57.78,57.78
296A,pass@16,4.0,6.0,4.0,8.0,10.0,12.0,23.51,39.86,2.67,106.3,5.91,0.0133,0.0,11.0,11.0,0.0,65.67,66.08
296A,pass@17,5.0,9.0,6.0,12.0,14.0,18.0,40.14,68.53,3.33,228.44,12.69,0.0228,0.0,16.0,16.0,0.0,59.94,60.88
296A,pass@18,5.0,10.0,7.0,13.0,15.0,20.0,44.83,78.14,3.25,253.95,14.11,0.026,0.0,9.0,9.0,0.0,65.26,65.93
296A,pass@19,5.0,9.0,6.0,12.0,14.0,18.0,40.14,68.53,3.33,228.44,12.69,0.0228,5.0,20.0,21.0,0.0,57.63,57.63
296A,pass@20,3.0,6.0,3.0,6.0,9.0,9.0,20.26,28.53,1.5,42.79,2.38,0.0095,0.0,8.0,8.0,0.0,69.84,70.11
296A,pass@21,4.0,6.0,4.0,8.0,10.0,12.0,23.51,39.86,2.67,106.3,5.91,0.0133,0.0,10.0,10.0,0.0,66.44,66.98
296A,pass@22,4.0,6.0,4.0,8.0,10.0,12.0,23.51,39.86,2.67,106.3,5.91,0.0133,0.0,10.0,10.0,0.0,66.44,66.98
296A,pass@23,3.0,6.0,3.0,6.0,9.0,9.0,20.26,28.53,1.5,42.79,2.38,0.0095,1.0,8.0,8.0,0.0,69.84,69.98
296A,pass@24,3.0,6.0,3.0,6.0,9.0,9.0,20.26,28.53,1.5,42.79,2.38,0.0095,2.0,8.0,8.0,0.0,69.84,69.84
296A,pass@25,3.0,5.0,3.0,6.0,8.0,9.0,16.36,27.0,1.8,48.6,2.7,0.009,0.0,6.0,6.0,0.0,72.6,73.0
296A,pass@26,2.0,4.0,2.0,4.0,6.0,6.0,10.0,15.51,1.0,15.51,0.86,0.0052,0.0,6.0,6.0,0.0,74.42,74.69
296A,pass@27,4.0,6.0,4.0,8.0,10.0,12.0,23.51,39.86,2.67,106.3,5.91,0.0133,0.0,12.0,12.0,0.0,64.85,65.25
296A,pass@28,3.0,6.0,3.0,6.0,9.0,9.0,20.26,28.53,1.5,42.79,2.38,0.0095,2.0,8.0,8.0,0.0,69.84,69.84
296A,pass@29,3.0,6.0,3.0,6.0,9.0,9.0,20.26,28.53,1.5,42.79,2.38,0.0095,2.0,7.0,7.0,0.0,71.11,71.11
296A,pass@30,3.0,6.0,3.0,6.0,9.0,9.0,20.26,28.53,1.5,42.79,2.38,0.0095,2.0,10.0,10.0,0.0,67.73,67.73
296A,pass@31,3.0,6.0,3.0,6.0,9.0,9.0,20.26,28.53,1.5,42.79,2.38,0.0095,2.0,11.0,11.0,0.0,66.82,66.82
296A,pass@32,3.0,6.0,3.0,6.0,9.0,9.0,20.26,28.53,1.5,42.79,2.38,0.0095,0.0,8.0,8.0,0.0,69.84,70.11
298A,pass@1,3.0,11.0,9.0,18.0,14.0,27.0,42.81,102.8,2.45,252.32,14.02,0.0343,7.0,20.0,20.0,0.0,56.59,56.59
298A,pass@2,4.0,10.0,7.0,14.0,14.0,21.0,41.22,79.95,2.8,223.87,12.44,0.0267,6.0,15.0,15.0,0.0,60.21,60.21
298A,pass@3,5.0,11.0,12.0,21.0,16.0,33.0,49.66,132.0,4.77,630.0,35.0,0.044,0.0,16.0,16.0,0.0,57.94,58.89
298A,pass@4,5.0,12.0,16.0,30.0,17.0,46.0,54.63,188.02,6.25,1175.15,65.29,0.0627,8.0,25.0,25.0,0.0,52.51,52.51
298A,pass@5,4.0,7.0,9.0,14.0,11.0,23.0,27.65,79.57,4.0,318.27,17.68,0.0265,5.0,18.0,18.0,0.0,58.64,58.64
298A,pass@6,2.0,6.0,4.0,8.0,8.0,12.0,17.51,36.0,1.33,48.0,2.67,0.012,3.0,8.0,8.0,0.0,69.0,69.0
298A,pass@7,2.0,6.0,4.0,8.0,8.0,12.0,17.51,36.0,1.33,48.0,2.67,0.012,0.0,10.0,10.0,0.0,66.75,67.29
298A,pass@8,5.0,12.0,12.0,22.0,17.0,34.0,54.63,138.97,4.58,636.96,35.39,0.0463,0.0,18.0,18.0,0.0,56.54,57.61
298A,pass@9,4.0,6.0,9.0,14.0,10.0,23.0,23.51,76.4,4.67,356.55,19.81,0.0255,5.0,16.0,16.0,0.0,59.88,59.88
298A,pass@10,4.0,7.0,9.0,18.0,11.0,27.0,27.65,93.4,5.14,480.37,26.69,0.0311,6.0,14.0,14.0,0.0,60.39,60.39
298A,pass@11,6.0,10.0,9.0,18.0,16.0,27.0,48.73,108.0,5.4,583.2,32.4,0.036,8.0,18.0,18.0,0.0,57.3,57.3
298A,pass@12,6.0,18.0,13.0,26.0,24.0,39.0,90.57,178.81,4.33,774.86,43.05,0.0596,8.0,17.0,17.0,0.0,56.31,56.31
298A,pass@13,4.0,9.0,8.0,16.0,13.0,24.0,36.53,88.81,3.56,315.77,17.54,0.0296,0.0,11.0,11.0,0.0,62.97,63.64
298A,pass@14,2.0,6.0,4.0,8.0,8.0,12.0,17.51,36.0,1.33,48.0,2.67,0.012,0.0,10.0,10.0,0.0,66.75,67.29
298A,pass@15,4.0,11.0,8.0,16.0,15.0,24.0,46.05,93.77,2.91,272.77,15.15,0.0313,6.0,15.0,15.0,0.0,59.73,59.73
298A,pass@16,5.0,8.0,9.0,16.0,13.0,25.0,35.61,92.51,5.0,462.55,25.7,0.0308,6.0,17.0,17.0,0.0,58.58,58.58
298A,pass@17,4.0,9.0,6.0,12.0,13.0,18.0,36.53,66.61,2.67,177.62,9.87,0.0222,0.0,14.0,14.0,0.0,61.42,62.23
298A,pass@18,5.0,15.0,10.0,20.0,20.0,30.0,70.21,129.66,3.33,432.19,24.01,0.0432,6.0,13.0,13.0,0.0,60.1,60.1
298A,pass@19,5.0,11.0,11.0,20.0,16.0,31.0,49.66,124.0,4.55,563.64,31.31,0.0413,8.0,20.0,20.0,0.0,55.89,55.89
298A,pass@20,5.0,14.0,13.0,24.0,19.0,37.0,64.91,157.17,4.29,673.6,37.42,0.0524,8.0,20.0,20.0,0.0,55.16,55.16
298A,pass@21,4.0,8.0,6.0,11.0,12.0,17.0,32.0,60.94,2.75,167.6,9.31,0.0203,0.0,11.0,11.0,0.0,64.11,64.78
298A,pass@22,2.0,6.0,4.0,8.0,8.0,12.0,17.51,36.0,1.33,48.0,2.67,0.012,4.0,12.0,12.0,0.0,65.02,65.02
298A,pass@23,4.0,10.0,12.0,20.0,14.0,32.0,41.22,121.84,4.0,487.34,27.07,0.0406,6.0,21.0,21.0,0.0,55.75,55.75
298A,pass@24,4.0,9.0,7.0,14.0,13.0,21.0,36.53,77.71,3.11,241.76,13.43,0.0259,0.0,10.0,10.0,0.0,64.28,64.95
298A,pass@25,4.0,11.0,9.0,16.0,15.0,25.0,46.05,97.67,2.91,284.14,15.79,0.0326,8.0,21.0,21.0,0.0,56.15,56.15
298A,pass@26,4.0,8.0,6.0,11.0,12.0,17.0,32.0,60.94,2.75,167.6,9.31,0.0203,5.0,14.0,14.0,0.0,61.83,61.83
298A,pass@27,4.0,11.0,9.0,18.0,15.0,27.0,46.05,105.49,3.27,345.23,19.18,0.0352,8.0,20.0,20.0,0.0,56.38,56.38
298A,pass@28,6.0,11.0,10.0,19.0,17.0,29.0,53.56,118.54,5.18,614.23,34.12,0.0395,6.0,17.0,17.0,0.0,57.83,57.83
298A,pass@29,6.0,14.0,13.0,26.0,20.0,39.0,68.81,168.56,5.57,939.09,52.17,0.0562,0.0,16.0,16.0,0.0,57.07,58.14
298A,pass@30,4.0,10.0,8.0,16.0,14.0,24.0,41.22,91.38,3.2,292.4,16.24,0.0305,5.0,13.0,13.0,0.0,61.3,61.3
298A,pass@31,5.0,12.0,12.0,22.0,17.0,34.0,54.63,138.97,4.58,636.96,35.39,0.0463,8.0,20.0,20.0,0.0,55.54,55.54
298A,pass@32,4.0,10.0,7.0,14.0,14.0,21.0,41.22,79.95,2.8,223.87,12.44,0.0267,6.0,17.0,17.0,0.0,59.03,59.03
3A,pass@1,7.0,21.0,23.0,44.0,28.0,67.0,111.89,322.09,7.33,2362.01,131.22,0.1074,12.0,19.0,19.0,0.0,52.93,52.93
3A,pass@2,6.0,18.0,21.0,34.0,24.0,55.0,90.57,252.17,5.67,1428.98,79.39,0.0841,7.0,23.0,20.0,0.0,53.86,53.86
3A,pass@3,6.0,16.0,29.0,58.0,22.0,87.0,79.51,387.97,10.88,4219.18,234.4,0.1293,11.0,43.0,43.0,0.0,44.76,44.76
3A,pass@4,10.0,59.0,57.0,112.0,69.0,169.0,380.3,1032.34,9.49,9798.49,544.36,0.3441,31.0,71.0,71.0,0.0,34.21,34.34
3A,pass@5,8.0,42.0,45.0,84.0,50.0,129.0,250.48,728.06,8.0,5824.46,323.58,0.2427,5.0,27.0,35.0,0.0,45.6,45.6
3A,pass@6,6.0,13.0,26.0,52.0,19.0,78.0,63.62,331.34,12.0,3976.06,220.89,0.1104,10.0,43.0,45.0,0.0,44.81,44.94
3A,pass@7,5.0,30.0,24.0,38.0,35.0,62.0,158.82,318.02,3.17,1007.05,55.95,0.106,6.0,32.0,23.0,0.0,51.97,51.97
3A,pass@8,8.0,26.0,28.0,48.0,34.0,76.0,146.21,386.65,7.38,2855.24,158.62,0.1289,9.0,27.0,30.0,0.0,48.32,48.45
3A,pass@9,8.0,33.0,37.0,66.0,41.0,103.0,190.47,551.83,8.0,4414.62,245.26,0.1839,18.0,36.0,38.0,0.0,43.92,43.92
3A,pass@10,5.0,22.0,25.0,40.0,27.0,65.0,109.72,309.07,4.55,1404.85,78.05,0.103,9.0,27.0,25.0,0.0,50.86,50.86
3A,pass@11,6.0,15.0,17.0,34.0,21.0,51.0,74.11,224.01,6.8,1523.26,84.63,0.0747,7.0,24.0,24.0,0.0,52.49,52.49
3A,pass@12,6.0,15.0,17.0,34.0,21.0,51.0,74.11,224.01,6.8,1523.26,84.63,0.0747,8.0,26.0,26.0,0.0,51.6,51.6
3A,pass@13,6.0,21.0,21.0,42.0,27.0,63.0,107.75,299.56,6.0,1797.35,99.85,0.0999,7.0,26.0,26.0,0.0,50.85,50.85
3A,pass@14,8.0,24.0,28.0,52.0,32.0,80.0,134.04,400.0,8.67,3466.67,192.59,0.1333,10.0,41.0,39.0,0.0,45.59,45.73
3A,pass@15,5.0,15.0,19.0,30.0,20.0,49.0,70.21,211.77,5.0,1058.87,58.83,0.0706,3.0,20.0,18.0,0.0,55.93,55.93
3A,pass@16,7.0,19.0,17.0,32.0,26.0,49.0,100.36,230.32,5.89,1357.68,75.43,0.0768,7.0,27.0,27.0,0.0,51.16,51.29
3A,pass@17,9.0,33.0,30.0,55.0,42.0,85.0,194.99,458.35,7.5,3437.6,190.98,0.1528,8.0,22.0,21.0,0.0,51.31,51.45
3A,pass@18,6.0,15.0,17.0,34.0,21.0,51.0,74.11,224.01,6.8,1523.26,84.63,0.0747,8.0,25.0,25.0,0.0,51.97,51.97
3A,pass@19,6.0,14.0,16.0,32.0,20.0,48.0,68.81,207.45,6.86,1422.53,79.03,0.0692,10.0,23.0,23.0,0.0,52.73,52.73
3A,pass@20,7.0,16.0,25.0,50.0,23.0,75.0,83.65,339.27,10.94,3710.73,206.15,0.1131,15.0,25.0,25.0,0.0,49.63,49.77
3A,pass@21,6.0,26.0,23.0,46.0,32.0,69.0,137.72,345.0,5.31,1831.15,101.73,0.115,6.0,33.0,33.0,0.0,48.3,48.3
3A,pass@22,6.0,20.0,15.0,30.0,26.0,45.0,101.95,211.52,4.5,951.84,52.88,0.0705,8.0,27.0,29.0,0.0,50.74,50.74
3A,pass@23,5.0,17.0,17.0,26.0,22.0,43.0,81.1,191.76,3.82,733.18,40.73,0.0639,4.0,22.0,20.0,0.0,55.1,55.1
3A,pass@24,8.0,19.0,22.0,38.0,27.0,60.0,104.71,285.29,8.0,2282.35,126.8,0.0951,9.0,29.0,30.0,0.0,49.38,49.38
3A,pass@25,5.0,19.0,17.0,34.0,24.0,51.0,92.32,233.83,4.47,1046.1,58.12,0.0779,7.0,29.0,29.0,0.0,50.57,50.57
3A,pass@26,5.0,18.0,17.0,34.0,23.0,51.0,86.67,230.7,4.72,1089.42,60.52,0.0769,7.0,25.0,25.0,0.0,52.02,52.02
3A,pass@27,11.0,42.0,40.0,74.0,53.0,114.0,264.53,652.98,9.69,6327.72,351.54,0.2177,14.0,33.0,24.0,0.0,48.3,48.3
3A,pass@28,7.0,18.0,21.0,42.0,25.0,63.0,94.71,292.56,8.17,2389.26,132.74,0.0975,10.0,41.0,35.0,0.0,47.7,47.7
3A,pass@29,5.0,20.0,25.0,50.0,25.0,75.0,98.05,348.29,6.25,2176.81,120.93,0.1161,10.0,37.0,39.0,0.0,46.15,46.15
3A,pass@30,5.0,16.0,23.0,46.0,21.0,69.0,75.61,303.07,7.19,2178.31,121.02,0.101,11.0,40.0,40.0,0.0,46.2,46.2
3A,pass@31,7.0,27.0,26.0,46.0,34.0,72.0,148.03,366.3,5.96,2184.22,121.35,0.1221,9.0,24.0,24.0,0.0,50.73,50.73
3A,pass@32,7.0,23.0,43.0,86.0,30.0,129.0,123.69,632.99,13.09,8283.9,460.22,0.211,20.0,54.0,54.0,0.0,39.77,39.9
3B,pass@1,5.0,16.0,16.0,31.0,21.0,47.0,75.61,206.44,4.84,999.94,55.55,0.0688,7.0,28.0,29.0,0.0,50.95,50.95
3B,pass@2,10.0,31.0,37.0,72.0,41.0,109.0,186.8,583.97,11.61,6781.62,376.76,0.1947,17.0,63.0,63.0,0.0,38.96,39.09
3B,pass@3,5.0,18.0,17.0,33.0,23.0,50.0,86.67,226.18,4.58,1036.65,57.59,0.0754,7.0,30.0,31.0,0.0,49.91,50.04
3B,pass@4,7.0,18.0,24.0,47.0,25.0,71.0,94.71,329.71,9.14,3013.22,167.4,0.1099,10.0,35.0,37.0,0.0,46.81,46.81
3B,pass@5,10.0,26.0,24.0,44.0,36.0,68.0,155.43,351.55,8.46,2974.7,165.26,0.1172,10.0,38.0,38.0,0.0,46.23,46.37
3B,pass@6,7.0,16.0,15.0,30.0,23.0,45.0,83.65,203.56,6.56,1335.86,74.21,0.0679,9.0,33.0,33.0,0.0,49.5,49.5
3B,pass@7,7.0,22.0,20.0,40.0,29.0,60.0,117.76,291.48,6.36,1854.87,103.05,0.0972,11.0,41.0,44.0,0.0,45.28,45.41
3B,pass@8,7.0,20.0,19.0,37.0,27.0,56.0,106.09,266.27,6.47,1724.12,95.78,0.0888,7.0,27.0,28.0,0.0,50.37,50.51
3B,pass@9,9.0,27.0,31.0,58.0,36.0,89.0,156.91,460.12,9.67,4447.86,247.1,0.1534,16.0,43.0,43.0,0.0,43.44,43.57
3B,pass@10,9.0,32.0,32.0,59.0,41.0,91.0,188.53,487.54,8.3,4045.04,224.72,0.1625,5.0,40.0,41.0,0.0,45.19,45.32
3B,pass@11,6.0,12.0,9.0,16.0,18.0,25.0,58.53,104.25,4.0,416.99,23.17,0.0347,4.0,24.0,25.0,0.0,54.7,54.84
3B,pass@12,8.0,24.0,25.0,48.0,32.0,73.0,134.04,365.0,8.0,2920.0,162.22,0.1217,0.0,22.0,23.0,0.0,51.28,52.35
3B,pass@13,8.0,27.0,34.0,64.0,35.0,98.0,152.38,502.67,9.48,4766.05,264.78,0.1676,10.0,34.0,35.0,0.0,45.92,46.06
3B,pass@14,9.0,29.0,30.0,58.0,38.0,88.0,169.41,461.82,9.0,4156.36,230.91,0.1539,0.0,52.0,54.0,9.62,58.65,61.07
3B,pass@15,8.0,17.0,17.0,33.0,25.0,50.0,93.49,232.19,7.76,1802.91,100.16,0.0774,7.0,26.0,27.0,0.0,51.13,51.27
3B,pass@16,7.0,20.0,19.0,36.0,27.0,55.0,106.09,261.52,6.3,1647.57,91.53,0.0872,7.0,28.0,29.0,0.0,50.1,50.23
3B,pass@17,6.0,20.0,22.0,42.0,26.0,64.0,101.95,300.83,6.3,1895.22,105.29,0.1003,9.0,40.0,40.0,0.0,46.35,46.49
3B,pass@18,9.0,28.0,21.0,39.0,37.0,60.0,163.14,312.57,6.27,1959.13,108.84,0.1042,6.0,41.0,41.0,0.0,46.41,46.54
3B,pass@19,9.0,21.0,21.0,40.0,30.0,61.0,120.77,299.32,8.57,2565.6,142.53,0.0998,9.0,28.0,28.0,0.0,49.75,49.88
3B,pass@20,10.0,45.0,48.0,90.0,55.0,138.0,280.35,797.83,10.0,7978.28,443.24,0.2659,26.0,47.0,51.0,0.0,38.8,38.93
3B,pass@21,7.0,24.0,29.0,57.0,31.0,86.0,129.69,426.06,8.31,3541.63,196.76,0.142,14.0,59.0,60.0,0.0,40.78,40.92
3B,pass@22,6.0,14.0,17.0,32.0,20.0,49.0,68.81,211.77,6.86,1452.17,80.68,0.0706,9.0,37.0,37.0,0.0,48.29,48.29
3B,pass@23,6.0,18.0,18.0,35.0,24.0,53.0,90.57,243.0,5.83,1417.52,78.75,0.081,7.0,26.0,27.0,0.0,51.13,51.13
3B,pass@24,8.0,29.0,30.0,60.0,37.0,90.0,164.88,468.85,8.28,3880.14,215.56,0.1563,12.0,43.0,43.0,0.0,43.92,44.05
3B,pass@25,5.0,17.0,15.0,30.0,22.0,45.0,81.1,200.67,4.41,885.33,49.18,0.0669,6.0,25.0,25.0,0.0,52.44,52.58
3B,pass@26,6.0,17.0,13.0,26.0,23.0,39.0,85.0,176.42,4.59,809.45,44.97,0.0588,9.0,35.0,37.0,0.0,48.72,48.85
3B,pass@27,5.0,10.0,6.0,11.0,15.0,17.0,44.83,66.42,2.75,182.65,10.15,0.0221,0.0,12.0,13.0,0.0,62.4,62.94
3B,pass@28,7.0,18.0,17.0,34.0,25.0,51.0,94.71,236.84,6.61,1565.75,86.99,0.0789,12.0,37.0,37.0,0.0,47.55,47.55
3B,pass@29,2.0,9.0,5.0,10.0,11.0,15.0,30.53,51.89,1.11,57.66,3.2,0.0173,0.0,13.0,14.0,7.69,78.35,78.88
3B,pass@30,9.0,26.0,24.0,45.0,35.0,69.0,150.74,353.92,7.79,2756.5,153.14,0.118,0.0,31.0,32.0,0.0,48.11,49.32
3B,pass@31,5.0,12.0,9.0,17.0,17.0,26.0,54.63,106.27,3.54,376.39,20.91,0.0354,3.0,19.0,20.0,5.26,70.27,70.41
3B,pass@32,7.0,15.0,22.0,40.0,22.0,62.0,78.25,276.48,9.33,2580.52,143.36,0.0922,9.0,41.0,41.0,0.0,46.38,46.51
3D,pass@1,7.0,36.0,39.0,73.0,43.0,112.0,205.77,607.74,7.1,4313.28,239.63,0.2026,15.0,53.0,53.0,0.0,40.61,40.88
3D,pass@2,10.0,32.0,33.0,62.0,42.0,95.0,193.22,512.27,9.69,4962.62,275.7,0.1708,14.0,58.0,58.0,0.0,40.41,40.68
3D,pass@4,6.0,15.0,23.0,43.0,21.0,66.0,74.11,289.89,8.6,2493.08,138.5,0.0966,9.0,46.0,46.0,0.0,45.01,45.28
3D,pass@5,7.0,22.0,30.0,55.0,29.0,85.0,117.76,412.93,8.75,3613.12,200.73,0.1376,15.0,60.0,60.0,0.0,40.61,40.88
3D,pass@6,10.0,23.0,26.0,45.0,33.0,71.0,137.26,358.15,9.78,3503.66,194.65,0.1194,12.0,49.0,49.0,4.08,55.25,55.52
3D,pass@7,7.0,25.0,27.0,49.0,32.0,76.0,135.75,380.0,6.86,2606.8,144.82,0.1267,18.0,65.0,67.0,0.0,39.41,39.68
3D,pass@8,6.0,16.0,18.0,33.0,22.0,51.0,79.51,227.43,6.19,1407.23,78.18,0.0758,9.0,44.0,44.0,0.0,46.17,46.44
3D,pass@9,7.0,17.0,24.0,45.0,24.0,69.0,89.14,316.36,9.26,2931.0,162.83,0.1055,11.0,44.0,44.0,0.0,44.89,45.16
3D,pass@10,8.0,22.0,31.0,57.0,30.0,88.0,122.11,431.81,10.36,4475.08,248.62,0.1439,15.0,63.0,63.0,3.17,50.56,50.83
3D,pass@11,8.0,28.0,54.0,102.0,36.0,156.0,158.61,806.51,14.57,11751.98,652.89,0.2688,18.0,61.0,62.0,0.0,37.86,38.13
3D,pass@12,8.0,21.0,30.0,56.0,29.0,86.0,116.24,417.79,10.67,4456.39,247.58,0.1393,18.0,68.0,68.0,0.0,39.12,39.25
3D,pass@13,9.0,20.0,31.0,59.0,29.0,90.0,114.97,437.22,13.28,5804.07,322.45,0.1457,14.0,64.0,65.0,0.0,40.08,40.08
3D,pass@14,11.0,35.0,52.0,95.0,46.0,147.0,217.58,811.96,14.93,12121.46,673.41,0.2707,21.0,62.0,63.0,0.0,37.15,37.55
3D,pass@15,4.0,16.0,12.0,22.0,20.0,34.0,72.0,146.95,2.75,404.1,22.45,0.049,9.0,51.0,52.0,1.96,54.41,54.55
3D,pass@16,7.0,23.0,28.0,56.0,30.0,84.0,123.69,412.18,8.52,3512.48,195.14,0.1374,15.0,52.0,52.0,0.0,42.1,42.24
3D,pass@17,10.0,33.0,32.0,62.0,43.0,94.0,199.68,510.07,9.39,4791.56,266.2,0.17,16.0,43.0,43.0,0.0,42.99,43.26
3D,pass@18,5.0,18.0,25.0,47.0,23.0,72.0,86.67,325.7,6.53,2126.07,118.12,0.1086,15.0,57.0,57.0,0.0,42.22,42.09
3D,pass@19,12.0,32.0,52.0,96.0,44.0,148.0,203.02,808.0,18.0,14543.93,808.0,0.2693,35.0,96.0,97.0,0.0,31.19,31.6
3D,pass@20,11.0,22.0,29.0,58.0,33.0,87.0,136.16,438.86,14.5,6363.5,353.53,0.1463,14.0,45.0,45.0,2.22,52.31,52.44
3D,pass@21,9.0,21.0,20.0,39.0,30.0,59.0,120.77,289.51,8.36,2419.45,134.41,0.0965,14.0,51.0,52.0,0.0,43.31,43.45
3D,pass@22,10.0,42.0,36.0,67.0,52.0,103.0,259.7,587.15,7.98,4683.18,260.18,0.1957,14.0,49.0,49.0,0.0,41.59,41.86
3D,pass@23,10.0,30.0,44.0,78.0,40.0,122.0,180.43,649.28,13.0,8440.58,468.92,0.2164,20.0,71.0,71.0,0.0,36.96,37.23
3D,pass@24,7.0,26.0,29.0,52.0,33.0,81.0,141.86,408.6,7.0,2860.17,158.9,0.1362,14.0,57.0,57.0,0.0,41.26,41.53
3D,pass@25,12.0,39.0,46.0,88.0,51.0,134.0,249.15,760.1,13.54,10290.65,571.7,0.2534,22.0,73.0,73.0,0.0,36.22,36.22
3D,pass@26,7.0,17.0,20.0,35.0,24.0,55.0,89.14,252.17,7.21,1817.13,100.95,0.0841,14.0,47.0,47.0,0.0,44.56,44.83
3D,pass@27,6.0,13.0,22.0,43.0,19.0,65.0,63.62,276.12,9.92,2739.91,152.22,0.092,18.0,71.0,71.0,0.0,40.1,40.1
3D,pass@28,7.0,19.0,28.0,55.0,26.0,83.0,100.36,390.14,10.13,3952.7,219.59,0.13,17.0,50.0,51.0,0.0,42.19,42.32
3D,pass@29,10.0,42.0,59.0,114.0,52.0,173.0,259.7,986.18,13.57,13383.82,743.55,0.3287,18.0,58.0,59.0,0.0,37.72,37.99
3D,pass@30,8.0,26.0,34.0,61.0,34.0,95.0,146.21,483.31,9.38,4535.67,251.98,0.1611,13.0,52.0,53.0,0.0,41.57,41.84
3D,pass@31,8.0,25.0,31.0,59.0,33.0,90.0,140.1,454.0,9.44,4285.72,238.1,0.1513,11.0,38.0,38.0,0.0,45.45,45.45
3D,pass@32,9.0,23.0,30.0,56.0,32.0,86.0,132.57,430.0,10.96,4711.3,261.74,0.1433,10.0,47.0,47.0,0.0,43.47,43.74
31B,pass@1,8.0,21.0,12.0,23.0,29.0,35.0,116.24,170.03,4.38,744.89,41.38,0.0567,4.0,20.0,21.0,0.0,55.0,55.0
31B,pass@2,8.0,18.0,10.0,20.0,26.0,30.0,99.06,141.01,4.44,626.73,34.82,0.047,2.0,17.0,18.0,0.0,57.3,57.3
31B,pass@3,7.0,23.0,13.0,27.0,30.0,40.0,123.69,196.28,4.11,806.44,44.8,0.0654,8.0,22.0,24.0,0.0,52.76,52.76
31B,pass@4,5.0,17.0,10.0,21.0,22.0,31.0,81.1,138.24,3.09,426.92,23.72,0.0461,9.0,25.0,27.0,0.0,52.17,52.58
31B,pass@5,6.0,12.0,7.0,14.0,18.0,21.0,58.53,87.57,3.5,306.49,17.03,0.0292,2.0,21.0,22.0,0.0,56.85,56.85
31B,pass@6,4.0,19.0,8.0,20.0,23.0,28.0,88.71,126.66,2.11,266.65,14.81,0.0422,17.0,26.0,33.0,0.0,50.0,49.87
31B,pass@7,7.0,17.0,9.0,19.0,24.0,28.0,89.14,128.38,3.91,502.19,27.9,0.0428,2.0,20.0,21.0,0.0,56.12,56.12
31B,pass@8,9.0,21.0,12.0,23.0,30.0,35.0,120.77,171.74,4.93,846.44,47.02,0.0572,2.0,22.0,24.0,0.0,53.97,53.97
31B,pass@9,7.0,17.0,11.0,22.0,24.0,33.0,89.14,151.3,4.53,685.32,38.07,0.0504,2.0,17.0,17.0,0.0,57.63,57.63
31B,pass@10,8.0,22.0,12.0,25.0,30.0,37.0,122.11,181.55,4.55,825.25,45.85,0.0605,3.0,19.0,20.0,0.0,55.4,55.4
31B,pass@11,5.0,23.0,15.0,29.0,28.0,44.0,115.65,211.52,3.15,666.76,37.04,0.0705,8.0,22.0,22.0,0.0,53.49,53.36
31B,pass@12,8.0,16.0,10.0,19.0,24.0,29.0,88.0,132.96,4.75,631.58,35.09,0.0443,9.0,20.0,21.0,0.0,55.35,55.08
31B,pass@13,6.0,17.0,9.0,19.0,23.0,28.0,85.0,126.66,3.35,424.68,23.59,0.0422,1.0,17.0,18.0,0.0,57.76,57.76
31B,pass@14,4.0,10.0,6.0,12.0,14.0,18.0,41.22,68.53,2.4,164.48,9.14,0.0228,2.0,22.0,23.0,0.0,57.17,57.17
31B,pass@15,8.0,20.0,11.0,23.0,28.0,34.0,110.44,163.45,4.6,751.87,41.77,0.0545,2.0,20.0,21.0,0.0,55.39,55.39
31B,pass@16,7.0,21.0,12.0,25.0,28.0,37.0,111.89,177.87,4.17,741.13,41.17,0.0593,2.0,17.0,17.0,0.0,57.13,57.13
31B,pass@18,8.0,20.0,11.0,23.0,28.0,34.0,110.44,163.45,4.6,751.87,41.77,0.0545,2.0,18.0,19.0,0.0,56.34,56.34
31B,pass@19,4.0,12.0,7.0,14.0,16.0,21.0,51.02,84.0,2.33,196.0,10.89,0.028,2.0,18.0,19.0,0.0,58.36,58.36
31B,pass@20,8.0,28.0,16.0,32.0,36.0,48.0,158.61,248.16,4.57,1134.43,63.02,0.0827,11.0,30.0,35.0,0.0,47.67,48.07
31B,pass@21,5.0,14.0,9.0,18.0,19.0,27.0,64.91,114.69,3.21,368.66,20.48,0.0382,2.0,20.0,21.0,0.0,56.47,56.47
31B,pass@22,6.0,17.0,9.0,19.0,23.0,28.0,85.0,126.66,3.35,424.68,23.59,0.0422,3.0,22.0,23.0,0.0,55.3,55.17
31B,pass@23,6.0,16.0,8.0,17.0,22.0,25.0,79.51,111.49,3.19,355.36,19.74,0.0372,5.0,22.0,23.0,0.0,55.42,55.29
31B,pass@24,5.0,15.0,8.0,17.0,20.0,25.0,70.21,108.05,2.83,306.14,17.01,0.036,2.0,17.0,18.0,0.0,58.11,58.11
31B,pass@25,5.0,15.0,8.0,17.0,20.0,25.0,70.21,108.05,2.83,306.14,17.01,0.036,2.0,17.0,18.0,0.0,58.11,58.11
31B,pass@26,3.0,11.0,6.0,13.0,14.0,19.0,42.81,72.34,1.77,128.24,7.12,0.0241,2.0,20.0,21.0,0.0,57.87,57.87
31B,pass@27,4.0,12.0,6.0,14.0,16.0,20.0,51.02,80.0,2.33,186.67,10.37,0.0267,2.0,20.0,21.0,0.0,57.56,57.56
31B,pass@28,4.0,14.0,7.0,16.0,18.0,23.0,61.3,95.91,2.29,219.22,12.18,0.032,2.0,20.0,21.0,0.0,57.01,57.01
31B,pass@29,4.0,12.0,8.0,18.0,16.0,26.0,51.02,104.0,3.0,312.0,17.33,0.0347,2.0,20.0,21.0,0.0,56.76,56.76
31B,pass@30,4.0,10.0,6.0,12.0,14.0,18.0,41.22,68.53,2.4,164.48,9.14,0.0228,2.0,22.0,23.0,0.0,57.17,57.17
31B,pass@31,5.0,12.0,7.0,14.0,17.0,21.0,54.63,85.84,2.92,250.36,13.91,0.0286,2.0,17.0,18.0,0.0,58.81,58.81
31B,pass@32,6.0,16.0,10.0,21.0,22.0,31.0,79.51,138.24,3.94,544.33,30.24,0.0461,2.0,20.0,21.0,0.0,55.9,55.9
31C,pass@1,5.0,13.0,9.0,17.0,18.0,26.0,59.72,108.42,3.27,354.44,19.69,0.0361,4.0,21.0,21.0,0.0,56.23,56.37
31C,pass@2,4.0,11.0,7.0,14.0,15.0,21.0,46.05,82.04,2.55,208.84,11.6,0.0273,4.0,24.0,25.0,0.0,55.43,55.57
31C,pass@3,11.0,18.0,17.0,31.0,29.0,48.0,113.11,233.18,9.47,2208.76,122.71,0.0777,9.0,26.0,26.0,0.0,51.21,51.34
31C,pass@4,5.0,13.0,8.0,16.0,18.0,24.0,59.72,100.08,3.08,307.93,17.11,0.0334,3.0,25.0,25.0,0.0,54.96,55.1
31C,pass@5,3.0,7.0,4.0,8.0,10.0,12.0,24.41,39.86,1.71,68.34,3.8,0.0133,6.0,25.0,26.0,0.0,56.99,57.12
31C,pass@6,4.0,10.0,6.0,11.0,14.0,17.0,41.22,64.73,2.2,142.4,7.91,0.0216,4.0,21.0,23.0,0.0,56.94,57.08
31C,pass@7,8.0,22.0,19.0,38.0,30.0,57.0,122.11,279.69,6.91,1932.42,107.36,0.0932,15.0,25.0,26.0,0.0,49.98,49.98
31C,pass@8,5.0,15.0,11.0,22.0,20.0,33.0,70.21,142.62,3.67,522.95,29.05,0.0475,6.0,24.0,24.0,0.0,53.73,54.0
31C,pass@9,4.0,11.0,7.0,14.0,15.0,21.0,46.05,82.04,2.55,208.84,11.6,0.0273,3.0,23.0,23.0,0.0,56.36,56.49
31C,pass@10,5.0,12.0,8.0,15.0,17.0,23.0,54.63,94.01,3.12,293.79,16.32,0.0313,8.0,24.0,24.0,4.17,67.0,67.0
31C,pass@11,8.0,17.0,15.0,30.0,25.0,45.0,93.49,208.97,7.06,1475.11,81.95,0.0697,13.0,36.0,36.0,0.0,47.92,48.06
31C,pass@12,6.0,14.0,9.0,17.0,20.0,26.0,68.81,112.37,3.64,409.35,22.74,0.0375,3.0,24.0,24.0,0.0,54.86,55.13
31C,pass@13,5.0,13.0,9.0,18.0,18.0,27.0,59.72,112.59,3.46,389.73,21.65,0.0375,4.0,28.0,29.0,0.0,52.93,53.2
31C,pass@14,2.0,6.0,4.0,8.0,8.0,12.0,17.51,36.0,1.33,48.0,2.67,0.012,4.0,21.0,23.0,0.0,58.73,58.86
31C,pass@15,6.0,17.0,11.0,22.0,23.0,33.0,85.0,149.28,3.88,579.55,32.2,0.0498,4.0,24.0,25.0,0.0,53.61,53.75
31C,pass@16,2.0,8.0,4.0,8.0,10.0,12.0,26.0,39.86,1.0,39.86,2.21,0.0133,4.0,22.0,24.0,0.0,58.01,58.15
31C,pass@17,5.0,13.0,8.0,16.0,18.0,24.0,59.72,100.08,3.08,307.93,17.11,0.0334,3.0,25.0,25.0,0.0,54.83,55.1
31C,pass@18,4.0,9.0,5.0,10.0,13.0,15.0,36.53,55.51,2.22,123.35,6.85,0.0185,6.0,30.0,30.0,0.0,54.89,54.76
31C,pass@19,9.0,17.0,13.0,23.0,26.0,36.0,98.02,169.22,6.09,1030.23,57.23,0.0564,3.0,24.0,25.0,0.0,53.36,53.5
31C,pass@20,4.0,13.0,9.0,17.0,17.0,26.0,56.11,106.27,2.62,277.95,15.44,0.0354,3.0,22.0,23.0,0.0,55.57,55.7
31C,pass@21,6.0,19.0,17.0,34.0,25.0,51.0,96.22,236.84,5.37,1271.44,70.64,0.0789,9.0,31.0,31.0,0.0,49.63,49.63
31C,pass@22,4.0,11.0,7.0,14.0,15.0,21.0,46.05,82.04,2.55,208.84,11.6,0.0273,3.0,23.0,23.0,0.0,56.36,56.49
31C,pass@23,7.0,15.0,10.0,18.0,22.0,28.0,78.25,124.86,4.2,524.43,29.13,0.0416,4.0,26.0,27.0,0.0,53.42,53.56
31C,pass@24,5.0,8.0,6.0,10.0,13.0,16.0,35.61,59.21,3.12,185.02,10.28,0.0197,5.0,22.0,22.0,0.0,57.23,57.63
31C,pass@25,6.0,14.0,10.0,19.0,20.0,29.0,68.81,125.34,4.07,510.3,28.35,0.0418,11.0,31.0,31.0,0.0,51.43,51.3
31C,pass@26,4.0,13.0,8.0,16.0,17.0,24.0,56.11,98.1,2.46,241.47,13.42,0.0327,6.0,27.0,27.0,0.0,53.89,54.02
31C,pass@27,3.0,8.0,5.0,9.0,11.0,14.0,28.75,48.43,1.69,81.73,4.54,0.0161,3.0,14.0,15.0,0.0,61.74,62.14
31C,pass@28,4.0,11.0,7.0,14.0,15.0,21.0,46.05,82.04,2.55,208.84,11.6,0.0273,7.0,24.0,24.0,0.0,55.55,55.55
31C,pass@29,6.0,15.0,11.0,21.0,21.0,32.0,74.11,140.55,4.2,590.33,32.8,0.0469,6.0,22.0,24.0,0.0,53.78,54.05
31C,pass@30,5.0,13.0,9.0,18.0,18.0,27.0,59.72,112.59,3.46,389.73,21.65,0.0375,4.0,25.0,25.0,0.0,54.47,54.6
31C,pass@31,4.0,8.0,4.0,8.0,12.0,12.0,32.0,43.02,2.0,86.04,4.78,0.0143,4.0,21.0,22.0,0.0,58.6,58.74
31C,pass@32,7.0,15.0,16.0,29.0,22.0,45.0,78.25,200.67,6.77,1357.9,75.44,0.0669,8.0,33.0,35.0,0.0,48.99,49.12
35D,pass@1,4.0,11.0,6.0,12.0,15.0,18.0,46.05,70.32,2.18,153.43,8.52,0.0234,3.0,17.0,18.0,0.0,59.28,59.28
35D,pass@2,4.0,11.0,6.0,12.0,15.0,18.0,46.05,70.32,2.18,153.43,8.52,0.0234,3.0,17.0,17.0,17.65,82.18,82.18
35D,pass@3,4.0,11.0,7.0,14.0,15.0,21.0,46.05,82.04,2.55,208.84,11.6,0.0273,3.0,15.0,15.0,13.33,80.61,80.61
35D,pass@4,4.0,9.0,5.0,10.0,13.0,15.0,36.53,55.51,2.22,123.35,6.85,0.0185,3.0,17.0,17.0,17.65,82.9,82.9
35D,pass@5,4.0,9.0,5.0,10.0,13.0,15.0,36.53,55.51,2.22,123.35,6.85,0.0185,3.0,20.0,21.0,0.0,58.41,58.54
35D,pass@6,4.0,9.0,5.0,10.0,13.0,15.0,36.53,55.51,2.22,123.35,6.85,0.0185,3.0,17.0,17.0,17.65,82.9,82.9
35D,pass@7,5.0,10.0,6.0,12.0,15.0,18.0,44.83,70.32,3.0,210.97,11.72,0.0234,5.0,22.0,23.0,0.0,56.69,56.69
35D,pass@8,7.0,20.0,25.0,50.0,27.0,75.0,106.09,356.62,8.75,3120.39,173.36,0.1189,11.0,15.0,15.0,0.0,54.99,54.99
35D,pass@9,4.0,9.0,5.0,10.0,13.0,15.0,36.53,55.51,2.22,123.35,6.85,0.0185,3.0,14.0,14.0,0.0,62.38,62.38
35D,pass@10,4.0,11.0,6.0,12.0,15.0,18.0,46.05,70.32,2.18,153.43,8.52,0.0234,3.0,19.0,20.0,0.0,58.28,58.28
35D,pass@11,4.0,11.0,6.0,12.0,15.0,18.0,46.05,70.32,2.18,153.43,8.52,0.0234,3.0,15.0,15.0,0.0,61.01,61.01
35D,pass@12,6.0,13.0,8.0,16.0,19.0,24.0,63.62,101.95,3.69,376.43,20.91,0.034,3.0,18.0,18.0,0.0,58.15,58.15
35D,pass@13,4.0,11.0,7.0,14.0,15.0,21.0,46.05,82.04,2.55,208.84,11.6,0.0273,3.0,11.0,11.0,0.0,63.48,63.48
35D,pass@14,4.0,11.0,6.0,12.0,15.0,18.0,46.05,70.32,2.18,153.43,8.52,0.0234,3.0,14.0,14.0,0.0,61.66,61.66
35D,pass@15,4.0,10.0,6.0,12.0,14.0,18.0,41.22,68.53,2.4,164.48,9.14,0.0228,3.0,17.0,17.0,11.76,78.98,78.98
35D,pass@16,4.0,11.0,6.0,12.0,15.0,18.0,46.05,70.32,2.18,153.43,8.52,0.0234,3.0,14.0,14.0,14.29,82.29,82.29
35D,pass@17,7.0,16.0,20.0,38.0,23.0,58.0,83.65,262.37,8.31,2180.92,121.16,0.0875,8.0,16.0,17.0,0.0,55.15,55.15
35D,pass@18,6.0,16.0,10.0,20.0,22.0,30.0,79.51,133.78,3.75,501.69,27.87,0.0446,4.0,12.0,12.0,0.0,61.03,61.03
35D,pass@19,6.0,14.0,9.0,18.0,20.0,27.0,68.81,116.69,3.86,450.1,25.01,0.0389,3.0,17.0,17.0,0.0,58.28,58.28
35D,pass@20,4.0,11.0,6.0,12.0,15.0,18.0,46.05,70.32,2.18,153.43,8.52,0.0234,3.0,18.0,19.0,11.11,77.4,77.4
35D,pass@21,5.0,13.0,16.0,32.0,18.0,48.0,59.72,200.16,6.15,1231.73,68.43,0.0667,7.0,18.0,19.0,0.0,55.05,55.05
35D,pass@22,3.0,7.0,4.0,8.0,10.0,12.0,24.41,39.86,1.71,68.34,3.8,0.0133,3.0,15.0,16.0,0.0,62.12,62.12
35D,pass@23,6.0,13.0,8.0,16.0,19.0,24.0,63.62,101.95,3.69,376.43,20.91,0.034,3.0,21.0,22.0,0.0,56.25,56.25
35D,pass@24,4.0,7.0,4.0,8.0,11.0,12.0,27.65,41.51,2.29,94.89,5.27,0.0138,5.0,14.0,14.0,14.29,83.62,83.62
35D,pass@25,4.0,10.0,6.0,12.0,14.0,18.0,41.22,68.53,2.4,164.48,9.14,0.0228,4.0,18.0,19.0,0.0,58.71,58.71
35D,pass@26,4.0,11.0,6.0,12.0,15.0,18.0,46.05,70.32,2.18,153.43,8.52,0.0234,3.0,18.0,19.0,0.0,58.77,58.77
35D,pass@27,4.0,8.0,5.0,10.0,12.0,15.0,32.0,53.77,2.5,134.44,7.47,0.0179,3.0,15.0,15.0,0.0,61.82,61.82
35D,pass@28,4.0,11.0,6.0,12.0,15.0,18.0,46.05,70.32,2.18,153.43,8.52,0.0234,3.0,14.0,14.0,0.0,61.66,61.66
35D,pass@29,3.0,7.0,6.0,12.0,10.0,18.0,24.41,59.79,2.57,153.76,8.54,0.0199,3.0,14.0,14.0,0.0,62.15,62.15
35D,pass@30,4.0,11.0,6.0,12.0,15.0,18.0,46.05,70.32,2.18,153.43,8.52,0.0234,3.0,16.0,16.0,12.5,79.95,79.95
35D,pass@31,5.0,12.0,9.0,18.0,17.0,27.0,54.63,110.36,3.75,413.86,22.99,0.0368,5.0,19.0,19.0,0.0,57.13,57.13
35D,pass@32,4.0,6.0,5.0,10.0,10.0,15.0,23.51,49.83,3.33,166.1,9.23,0.0166,3.0,17.0,18.0,11.76,79.4,79.4
40B,pass@1,5.0,12.0,12.0,24.0,17.0,36.0,54.63,147.15,5.0,735.74,40.87,0.049,6.0,11.0,11.0,0.0,61.3,61.3
40B,pass@2,6.0,11.0,12.0,24.0,17.0,36.0,53.56,147.15,6.55,963.15,53.51,0.049,6.0,11.0,11.0,0.0,61.3,61.3
40B,pass@3,5.0,14.0,15.0,30.0,19.0,45.0,64.91,191.16,5.36,1024.05,56.89,0.0637,10.0,11.0,11.0,0.0,59.96,59.96
40B,pass@4,5.0,16.0,14.0,28.0,21.0,42.0,75.61,184.48,4.38,807.09,44.84,0.0615,6.0,15.0,15.0,0.0,57.67,57.67
40B,pass@5,5.0,15.0,17.0,34.0,20.0,51.0,70.21,220.42,5.67,1249.04,69.39,0.0735,10.0,11.0,11.0,0.0,59.53,59.53
40B,pass@6,6.0,16.0,16.0,32.0,22.0,48.0,79.51,214.05,6.0,1284.32,71.35,0.0714,8.0,13.0,13.0,0.0,58.31,58.31
40B,pass@7,6.0,12.0,12.0,24.0,18.0,36.0,58.53,150.12,6.0,900.7,50.04,0.05,8.0,15.0,15.0,0.0,58.03,58.03
40B,pass@8,5.0,11.0,10.0,20.0,16.0,30.0,49.66,120.0,4.55,545.45,30.3,0.04,6.0,12.0,12.0,0.0,61.09,61.09
40B,pass@9,5.0,21.0,20.0,40.0,26.0,60.0,103.85,282.03,4.76,1342.98,74.61,0.094,3.0,10.0,10.0,0.0,60.63,60.63
40B,pass@10,4.0,15.0,16.0,32.0,19.0,48.0,66.6,203.9,4.27,869.98,48.33,0.068,6.0,12.0,12.0,0.0,59.48,59.48
40B,pass@11,6.0,16.0,17.0,34.0,22.0,51.0,79.51,227.43,6.38,1449.87,80.55,0.0758,9.0,16.0,16.0,0.0,56.02,56.02
40B,pass@12,5.0,16.0,16.0,32.0,21.0,48.0,75.61,210.83,5.0,1054.16,58.56,0.0703,6.0,12.0,12.0,0.0,59.38,59.38
40B,pass@13,4.0,14.0,12.0,24.0,18.0,36.0,61.3,150.12,3.43,514.69,28.59,0.05,4.0,14.0,14.0,0.0,59.22,59.22
40B,pass@14,6.0,17.0,17.0,34.0,23.0,51.0,85.0,230.7,6.0,1384.21,76.9,0.0769,8.0,18.0,18.0,0.0,55.0,55.0
40B,pass@15,5.0,11.0,10.0,20.0,16.0,30.0,49.66,120.0,4.55,545.45,30.3,0.04,7.0,13.0,13.0,0.0,60.2,60.2
40B,pass@16,5.0,20.0,20.0,40.0,25.0,60.0,98.05,278.63,5.0,1393.16,77.4,0.0929,6.0,11.0,11.0,0.0,59.36,59.36
40B,pass@17,6.0,11.0,18.0,36.0,17.0,54.0,53.56,220.72,9.82,2167.1,120.39,0.0736,12.0,23.0,23.0,0.0,52.27,52.27
40B,pass@18,6.0,11.0,10.0,20.0,17.0,30.0,53.56,122.62,5.45,668.86,37.16,0.0409,7.0,13.0,13.0,0.0,60.13,60.13
40B,pass@19,6.0,13.0,13.0,26.0,19.0,39.0,63.62,165.67,6.0,994.02,55.22,0.0552,6.0,11.0,11.0,0.0,60.94,60.94
40B,pass@20,7.0,35.0,39.0,78.0,42.0,117.0,199.18,630.9,7.8,4921.03,273.39,0.2103,22.0,18.0,18.0,0.0,50.05,50.05
40B,pass@21,5.0,12.0,12.0,24.0,17.0,36.0,54.63,147.15,5.0,735.74,40.87,0.049,6.0,11.0,11.0,0.0,61.3,61.3
40B,pass@22,7.0,13.0,15.0,30.0,20.0,45.0,67.76,194.49,8.08,1570.85,87.27,0.0648,8.0,13.0,13.0,0.0,58.6,58.6
40B,pass@23,5.0,14.0,13.0,26.0,19.0,39.0,64.91,165.67,4.64,769.18,42.73,0.0552,6.0,17.0,17.0,0.0,56.81,56.81
40B,pass@24,5.0,15.0,18.0,36.0,20.0,54.0,70.21,233.38,6.0,1400.3,77.79,0.0778,9.0,12.0,12.0,0.0,58.67,58.67
40B,pass@25,5.0,11.0,12.0,24.0,16.0,36.0,49.66,144.0,5.45,785.45,43.64,0.048,6.0,11.0,11.0,0.0,61.36,61.36
40B,pass@26,5.0,14.0,13.0,26.0,19.0,39.0,64.91,165.67,4.64,769.18,42.73,0.0552,6.0,15.0,15.0,0.0,58.0,58.0
40B,pass@27,4.0,20.0,25.0,50.0,24.0,75.0,94.44,343.87,5.0,1719.36,95.52,0.1146,13.0,20.0,17.0,0.0,53.65,53.65
40B,pass@28,4.0,23.0,21.0,42.0,27.0,63.0,112.04,299.56,3.65,1094.04,60.78,0.0999,3.0,10.0,10.0,0.0,60.44,60.44
40B,pass@29,5.0,17.0,15.0,30.0,22.0,45.0,81.1,200.67,4.41,885.33,49.18,0.0669,5.0,9.0,9.0,0.0,62.39,62.39
40B,pass@30,6.0,20.0,20.0,40.0,26.0,60.0,101.95,282.03,6.0,1692.16,94.01,0.094,8.0,11.0,11.0,0.0,59.05,59.05
40B,pass@31,6.0,15.0,17.0,34.0,21.0,51.0,74.11,224.01,6.8,1523.26,84.63,0.0747,8.0,13.0,13.0,0.0,58.17,58.17
40B,pass@32,8.0,25.0,29.0,58.0,33.0,87.0,140.1,438.86,9.28,4072.64,226.26,0.1463,15.0,16.0,16.0,0.0,53.21,53.21
42C,pass@1,7.0,63.0,79.0,154.0,70.0,233.0,396.22,1428.12,8.56,12218.39,678.8,0.476,26.0,67.0,67.0,0.0,34.44,34.58
42C,pass@2,7.0,40.0,76.0,146.0,47.0,222.0,232.53,1233.12,12.78,15753.09,875.17,0.411,27.0,45.0,45.0,0.0,38.66,38.66
42C,pass@3,8.0,48.0,59.0,119.0,56.0,178.0,292.08,1033.71,9.92,10250.95,569.5,0.3446,22.0,63.0,63.0,0.0,36.68,36.68
42C,pass@4,9.0,32.0,47.0,93.0,41.0,140.0,188.53,750.06,13.08,9809.34,544.96,0.25,2.0,37.0,37.0,0.0,45.39,45.39
42C,pass@5,7.0,50.0,52.0,108.0,57.0,160.0,301.84,933.26,7.56,7055.46,391.97,0.3111,24.0,32.0,32.0,0.0,43.14,43.14
42C,pass@6,8.0,38.0,35.0,70.0,46.0,105.0,223.42,579.97,7.37,4273.49,237.42,0.1933,1.0,30.0,30.0,0.0,48.16,48.29
42C,pass@7,8.0,44.0,57.0,112.0,52.0,169.0,264.21,963.37,10.18,9808.9,544.94,0.3211,18.0,57.0,57.0,0.0,38.38,38.38
42C,pass@9,6.0,23.0,44.0,85.0,29.0,129.0,119.55,626.68,11.09,6947.97,386.0,0.2089,16.0,39.0,39.0,0.0,43.56,43.56
42C,pass@10,6.0,48.0,75.0,146.0,54.0,221.0,283.59,1271.83,9.12,11605.45,644.75,0.4239,26.0,59.0,59.0,0.0,36.0,36.14
42C,pass@11,12.0,57.0,69.0,147.0,69.0,216.0,375.49,1319.44,15.47,20416.62,1134.26,0.4398,2.0,37.0,37.0,0.0,43.67,43.67
42C,pass@12,8.0,30.0,32.0,64.0,38.0,96.0,171.21,503.8,8.53,4299.1,238.84,0.1679,12.0,25.0,25.0,0.0,48.97,48.97
42C,pass@13,9.0,91.0,64.0,135.0,100.0,199.0,620.74,1322.13,6.68,8826.29,490.35,0.4407,24.0,55.0,55.0,0.0,36.95,36.95
42C,pass@14,6.0,28.0,22.0,44.0,34.0,66.0,150.12,335.77,4.71,1582.93,87.94,0.1119,6.0,31.0,31.0,0.0,48.97,48.97
42C,pass@15,7.0,27.0,23.0,46.0,34.0,69.0,148.03,351.03,5.96,2093.21,116.29,0.117,11.0,28.0,28.0,0.0,49.13,49.13
42C,pass@16,7.0,40.0,50.0,93.0,47.0,143.0,232.53,794.31,8.14,6463.67,359.09,0.2648,25.0,61.0,61.0,0.0,37.39,37.39
42C,pass@17,10.0,29.0,49.0,95.0,39.0,144.0,174.1,761.1,16.38,12466.26,692.57,0.2537,16.0,45.0,45.0,0.0,41.34,41.61
42C,pass@18,8.0,19.0,18.0,34.0,27.0,52.0,104.71,247.25,7.16,1769.82,98.32,0.0824,3.0,31.0,31.0,0.0,50.31,50.31
42C,pass@19,5.0,39.0,60.0,117.0,44.0,177.0,217.74,966.32,7.5,7247.4,402.63,0.3221,19.0,42.0,42.0,0.0,41.13,41.13
42C,pass@20,8.0,72.0,76.0,154.0,80.0,230.0,468.23,1454.04,8.56,12440.15,691.12,0.4847,22.0,71.0,71.0,0.0,34.51,34.51
42C,pass@21,5.0,27.0,46.0,89.0,32.0,135.0,139.99,675.0,8.24,5562.5,309.03,0.225,17.0,47.0,47.0,0.0,41.29,41.43
42C,pass@22,10.0,32.0,69.0,139.0,42.0,208.0,193.22,1121.6,21.72,24359.79,1353.32,0.3739,27.0,59.0,59.0,0.0,36.38,36.38
42C,pass@23,8.0,39.0,60.0,118.0,47.0,178.0,230.13,988.72,12.1,11966.01,664.78,0.3296,20.0,49.0,49.0,0.0,39.33,39.47
42C,pass@24,8.0,43.0,44.0,90.0,51.0,134.0,257.33,760.1,8.37,6363.67,353.54,0.2534,17.0,42.0,47.0,0.0,40.93,41.07
42C,pass@25,8.0,48.0,64.0,127.0,56.0,191.0,292.08,1109.2,10.58,11739.08,652.17,0.3697,24.0,63.0,63.0,0.0,36.2,36.2
42C,pass@26,7.0,35.0,51.0,98.0,42.0,149.0,199.18,803.46,9.8,7873.86,437.44,0.2678,15.0,34.0,29.0,0.0,45.74,45.74
42C,pass@27,7.0,45.0,54.0,104.0,52.0,158.0,266.78,900.67,8.09,7285.42,404.75,0.3002,15.0,57.0,57.0,0.0,38.99,38.99
42C,pass@28,7.0,27.0,19.0,40.0,34.0,59.0,148.03,300.16,5.19,1556.39,86.47,0.1001,8.0,39.0,39.0,0.0,46.74,46.87
42C,pass@29,8.0,55.0,57.0,115.0,63.0,172.0,341.97,1028.09,8.36,8598.59,477.7,0.3427,14.0,70.0,70.0,0.0,36.51,36.78
42C,pass@30,9.0,32.0,72.0,144.0,41.0,216.0,188.53,1157.23,20.25,23433.93,1301.89,0.3857,28.0,70.0,70.0,0.0,34.53,34.53
42C,pass@31,7.0,29.0,47.0,90.0,36.0,137.0,160.53,708.28,10.86,7693.38,427.41,0.2361,15.0,46.0,46.0,0.0,41.62,41.75
42C,pass@32,6.0,23.0,40.0,77.0,29.0,117.0,119.55,568.38,10.04,5708.55,317.14,0.1895,15.0,35.0,35.0,0.0,44.88,45.01
43D,pass@1,9.0,20.0,26.0,52.0,29.0,78.0,114.97,378.92,11.7,4433.39,246.3,0.1263,14.0,33.0,33.0,0.0,46.67,46.94
43D,pass@2,6.0,14.0,14.0,25.0,20.0,39.0,68.81,168.56,5.36,902.97,50.17,0.0562,9.0,29.0,29.0,10.34,69.37,69.37
43D,pass@3,6.0,8.0,14.0,27.0,14.0,41.0,39.51,156.1,10.12,1580.53,87.81,0.052,9.0,29.0,29.0,13.79,71.61,71.88
43D,pass@4,7.0,17.0,18.0,35.0,24.0,53.0,89.14,243.0,7.21,1751.05,97.28,0.081,10.0,29.0,29.0,0.0,49.78,50.05
43D,pass@5,4.0,14.0,18.0,36.0,18.0,54.0,61.3,225.18,5.14,1158.05,64.34,0.0751,10.0,35.0,35.0,0.0,48.5,48.5
43D,pass@6,7.0,15.0,31.0,62.0,22.0,93.0,78.25,414.73,14.47,5999.72,333.32,0.1382,0.0,45.0,45.0,0.0,43.05,45.61
43D,pass@7,5.0,18.0,14.0,28.0,23.0,42.0,86.67,189.99,3.89,738.85,41.05,0.0633,8.0,21.0,21.0,33.33,81.34,81.34
43D,pass@8,7.0,23.0,26.0,50.0,30.0,76.0,123.69,372.92,7.61,2837.46,157.64,0.1243,14.0,35.0,35.0,0.0,46.16,46.43
43D,pass@9,6.0,10.0,9.0,17.0,16.0,26.0,48.73,104.0,5.1,530.4,29.47,0.0347,8.0,25.0,25.0,12.0,73.27,73.54
43D,pass@10,7.0,11.0,12.0,20.0,18.0,32.0,57.71,133.44,6.36,849.15,47.17,0.0445,3.0,25.0,25.0,0.0,52.74,54.22
43D,pass@11,5.0,13.0,21.0,39.0,18.0,60.0,59.72,250.2,7.5,1876.47,104.25,0.0834,19.0,46.0,46.0,0.0,44.51,44.38
43D,pass@12,4.0,11.0,8.0,16.0,15.0,24.0,46.05,93.77,2.91,272.77,15.15,0.0313,5.0,18.0,18.0,0.0,57.87,58.14
43D,pass@13,7.0,13.0,15.0,30.0,20.0,45.0,67.76,194.49,8.08,1570.85,87.27,0.0648,13.0,37.0,37.0,0.0,48.15,48.02
43D,pass@14,4.0,6.0,6.0,10.0,10.0,16.0,23.51,53.15,3.33,177.17,9.84,0.0177,10.0,21.0,21.0,0.0,57.86,57.73
43D,pass@15,7.0,38.0,59.0,115.0,45.0,174.0,219.07,955.58,10.59,10121.63,562.31,0.3185,25.0,49.0,49.0,0.0,38.9,38.9
43D,pass@16,8.0,17.0,36.0,68.0,25.0,104.0,93.49,482.96,16.0,7727.38,429.3,0.161,23.0,58.0,58.0,0.0,39.38,39.65
43D,pass@17,4.0,19.0,26.0,52.0,23.0,78.0,88.71,352.84,5.47,1931.32,107.3,0.1176,18.0,37.0,37.0,0.0,45.53,45.53
43D,pass@18,5.0,19.0,16.0,32.0,24.0,48.0,92.32,220.08,4.21,926.65,51.48,0.0734,9.0,23.0,23.0,0.0,52.55,52.68
43D,pass@19,6.0,10.0,13.0,24.0,16.0,37.0,48.73,148.0,7.2,1065.6,59.2,0.0493,12.0,31.0,31.0,0.0,50.66,50.66
43D,pass@20,11.0,36.0,39.0,70.0,47.0,109.0,224.17,605.45,10.69,6474.95,359.72,0.2018,15.0,54.0,54.0,0.0,40.44,40.71
43D,pass@21,8.0,10.0,18.0,31.0,18.0,49.0,57.22,204.33,12.4,2533.65,140.76,0.0681,14.0,35.0,35.0,0.0,47.99,48.26
43D,pass@22,7.0,15.0,22.0,38.0,22.0,60.0,78.25,267.57,8.87,2372.42,131.8,0.0892,11.0,29.0,29.0,0.0,49.62,49.62
43D,pass@23,4.0,7.0,7.0,14.0,11.0,21.0,27.65,72.65,4.0,290.59,16.14,0.0242,12.0,34.0,34.0,0.0,52.08,51.95
43D,pass@24,5.0,15.0,17.0,32.0,20.0,49.0,70.21,211.77,5.33,1129.46,62.75,0.0706,11.0,30.0,30.0,0.0,49.74,50.01
43D,pass@25,5.0,22.0,22.0,41.0,27.0,63.0,109.72,299.56,4.66,1395.67,77.54,0.0999,21.0,54.0,54.0,0.0,42.45,42.04
43D,pass@26,6.0,13.0,20.0,36.0,19.0,56.0,63.62,237.88,8.31,1976.27,109.79,0.0793,17.0,38.0,38.0,0.0,46.61,46.61
43D,pass@27,5.0,11.0,20.0,36.0,16.0,56.0,49.66,224.0,8.18,1832.73,101.82,0.0747,12.0,37.0,37.0,0.0,47.45,47.72
43D,pass@28,7.0,25.0,32.0,63.0,32.0,95.0,135.75,475.0,8.82,4189.5,232.75,0.1583,14.0,33.0,33.0,0.0,45.98,46.25
43D,pass@29,7.0,15.0,26.0,50.0,22.0,76.0,78.25,338.92,11.67,3954.03,219.67,0.113,13.0,41.0,41.0,0.0,45.09,45.35
43D,pass@30,9.0,11.0,16.0,31.0,20.0,47.0,66.58,203.13,12.68,2576.07,143.11,0.0677,12.0,30.0,31.0,0.0,49.83,49.69
43D,pass@31,11.0,16.0,22.0,43.0,27.0,65.0,102.05,309.07,14.78,4568.41,253.8,0.103,17.0,43.0,43.0,0.0,44.78,44.65
43D,pass@32,6.0,17.0,19.0,34.0,23.0,53.0,85.0,239.75,6.0,1438.49,79.92,0.0799,10.0,25.0,25.0,0.0,51.23,51.5
44B,pass@1,4.0,16.0,12.0,24.0,20.0,36.0,72.0,155.59,3.0,466.77,25.93,0.0519,5.0,10.0,10.0,0.0,62.17,62.17
44B,pass@2,4.0,15.0,11.0,22.0,19.0,33.0,66.6,140.18,2.93,411.2,22.84,0.0467,5.0,10.0,10.0,0.0,62.48,62.48
44B,pass@3,6.0,17.0,11.0,21.0,23.0,32.0,85.0,144.75,3.71,536.44,29.8,0.0483,5.0,10.0,10.0,0.0,62.38,62.38
44B,pass@4,8.0,19.0,12.0,25.0,27.0,37.0,104.71,175.93,5.26,925.95,51.44,0.0586,6.0,16.0,16.0,0.0,57.2,57.2
44B,pass@5,4.0,15.0,11.0,22.0,19.0,33.0,66.6,140.18,2.93,411.2,22.84,0.0467,5.0,10.0,10.0,0.0,62.48,62.48
44B,pass@6,4.0,19.0,16.0,32.0,23.0,48.0,88.71,217.13,3.37,731.39,40.63,0.0724,5.0,10.0,10.0,0.0,61.15,61.15
44B,pass@7,4.0,14.0,11.0,21.0,18.0,32.0,61.3,133.44,3.0,400.31,22.24,0.0445,4.0,10.0,10.0,0.0,62.77,62.77
44B,pass@8,7.0,17.0,13.0,25.0,24.0,38.0,89.14,174.23,5.15,896.76,49.82,0.0581,5.0,10.0,10.0,0.0,61.82,61.82
44B,pass@9,5.0,23.0,20.0,40.0,28.0,60.0,115.65,288.44,4.35,1254.09,69.67,0.0961,5.0,10.0,10.0,0.0,60.29,60.29
44B,pass@10,7.0,22.0,17.0,33.0,29.0,50.0,117.76,242.9,5.25,1275.22,70.85,0.081,5.0,10.0,10.0,0.0,60.81,60.81
44B,pass@11,6.0,15.0,11.0,22.0,21.0,33.0,74.11,144.95,4.4,637.76,35.43,0.0483,5.0,10.0,10.0,0.0,62.38,62.38
44B,pass@12,7.0,16.0,12.0,24.0,23.0,36.0,83.65,162.85,5.25,854.95,47.5,0.0543,5.0,10.0,10.0,0.0,62.03,62.03
44B,pass@13,4.0,15.0,11.0,22.0,19.0,33.0,66.6,140.18,2.93,411.2,22.84,0.0467,5.0,10.0,10.0,0.0,62.48,62.48
44B,pass@14,4.0,15.0,11.0,22.0,19.0,33.0,66.6,140.18,2.93,411.2,22.84,0.0467,5.0,10.0,10.0,0.0,62.48,62.48
44B,pass@15,4.0,16.0,12.0,24.0,20.0,36.0,72.0,155.59,3.0,466.77,25.93,0.0519,5.0,10.0,10.0,0.0,62.17,62.17
44B,pass@16,4.0,15.0,11.0,22.0,19.0,33.0,66.6,140.18,2.93,411.2,22.84,0.0467,5.0,10.0,10.0,0.0,62.48,62.48
44B,pass@17,6.0,17.0,11.0,21.0,23.0,32.0,85.0,144.75,3.71,536.44,29.8,0.0483,5.0,10.0,10.0,0.0,62.38,62.38
44B,pass@18,4.0,15.0,11.0,22.0,19.0,33.0,66.6,140.18,2.93,411.2,22.84,0.0467,5.0,10.0,10.0,0.0,62.48,62.48
44B,pass@19,4.0,17.0,13.0,26.0,21.0,39.0,77.49,171.3,3.06,523.98,29.11,0.0571,5.0,10.0,10.0,0.0,61.87,61.87
44B,pass@20,7.0,17.0,14.0,27.0,24.0,41.0,89.14,187.98,5.56,1044.97,58.05,0.0627,5.0,10.0,10.0,0.0,61.59,61.59
44B,pass@21,6.0,19.0,16.0,31.0,25.0,47.0,96.22,218.26,4.89,1068.33,59.35,0.0728,5.0,10.0,10.0,0.0,61.14,61.14
44B,pass@22,7.0,19.0,15.0,30.0,26.0,45.0,100.36,211.52,5.53,1168.93,64.94,0.0705,5.0,10.0,10.0,0.0,61.23,61.23
44B,pass@23,6.0,18.0,13.0,25.0,24.0,38.0,90.57,174.23,4.17,725.95,40.33,0.0581,5.0,15.0,15.0,0.0,57.98,57.98
44B,pass@24,8.0,19.0,15.0,30.0,27.0,45.0,104.71,213.97,6.32,1351.39,75.08,0.0713,7.0,17.0,17.0,0.0,55.9,55.9
44B,pass@25,4.0,15.0,12.0,24.0,19.0,36.0,66.6,152.93,3.2,489.36,27.19,0.051,5.0,10.0,10.0,0.0,62.22,62.22
44B,pass@26,7.0,19.0,15.0,30.0,26.0,45.0,100.36,211.52,5.53,1168.93,64.94,0.0705,5.0,10.0,10.0,0.0,61.23,61.23
44B,pass@27,4.0,15.0,11.0,22.0,19.0,33.0,66.6,140.18,2.93,411.2,22.84,0.0467,5.0,10.0,10.0,0.0,62.48,62.48
44B,pass@28,8.0,20.0,15.0,30.0,28.0,45.0,110.44,216.33,6.0,1297.99,72.11,0.0721,5.0,10.0,10.0,0.0,61.16,61.16
44B,pass@29,6.0,17.0,11.0,21.0,23.0,32.0,85.0,144.75,3.71,536.44,29.8,0.0483,5.0,10.0,10.0,0.0,62.38,62.38
44B,pass@30,4.0,15.0,11.0,22.0,19.0,33.0,66.6,140.18,2.93,411.2,22.84,0.0467,5.0,10.0,10.0,0.0,62.48,62.48
44B,pass@31,3.0,15.0,9.0,18.0,18.0,27.0,63.36,112.59,1.8,202.66,11.26,0.0375,5.0,10.0,10.0,0.0,63.15,63.15
44B,pass@32,4.0,15.0,11.0,22.0,19.0,33.0,66.6,140.18,2.93,411.2,22.84,0.0467,5.0,10.0,10.0,0.0,62.48,62.48
47A,pass@1,5.0,7.0,5.0,10.0,12.0,15.0,31.26,53.77,3.57,192.05,10.67,0.0179,2.0,8.0,8.0,0.0,67.78,67.91
47A,pass@2,5.0,8.0,5.0,10.0,13.0,15.0,35.61,55.51,3.12,173.46,9.64,0.0185,2.0,8.0,8.0,0.0,67.68,67.82
47A,pass@3,5.0,4.0,5.0,10.0,9.0,15.0,19.61,47.55,6.25,297.18,16.51,0.0158,3.0,10.0,10.0,0.0,65.9,66.04
47A,pass@4,4.0,7.0,4.0,8.0,11.0,12.0,27.65,41.51,2.29,94.89,5.27,0.0138,1.0,6.0,6.0,0.0,71.43,71.56
47A,pass@5,5.0,7.0,5.0,10.0,12.0,15.0,31.26,53.77,3.57,192.05,10.67,0.0179,2.0,11.0,11.0,0.0,64.76,64.9
47A,pass@6,5.0,10.0,9.0,18.0,15.0,27.0,44.83,105.49,4.5,474.69,26.37,0.0352,2.0,7.0,7.0,0.0,67.0,67.13
47A,pass@7,4.0,7.0,4.0,8.0,11.0,12.0,27.65,41.51,2.29,94.89,5.27,0.0138,1.0,6.0,6.0,0.0,71.43,71.56
47A,pass@8,5.0,7.0,5.0,10.0,12.0,15.0,31.26,53.77,3.57,192.05,10.67,0.0179,2.0,11.0,11.0,0.0,64.76,64.9
47A,pass@9,4.0,7.0,5.0,10.0,11.0,15.0,27.65,51.89,2.86,148.26,8.24,0.0173,2.0,8.0,8.0,0.0,67.89,68.02
47A,pass@10,4.0,4.0,4.0,8.0,8.0,12.0,16.0,36.0,4.0,144.0,8.0,0.012,2.0,8.0,8.0,0.0,69.0,69.13
47A,pass@11,3.0,7.0,5.0,10.0,10.0,15.0,24.41,49.83,2.14,106.78,5.93,0.0166,1.0,6.0,6.0,0.0,70.87,71.01
47A,pass@12,5.0,8.0,5.0,10.0,13.0,15.0,35.61,55.51,3.12,173.46,9.64,0.0185,0.0,10.0,10.0,0.0,65.57,65.97
47A,pass@13,5.0,11.0,8.0,16.0,16.0,24.0,49.66,96.0,3.64,349.09,19.39,0.032,2.0,8.0,8.0,0.0,66.02,66.15
47A,pass@14,4.0,7.0,4.0,8.0,11.0,12.0,27.65,41.51,2.29,94.89,5.27,0.0138,1.0,6.0,6.0,0.0,71.43,71.56
47A,pass@15,5.0,10.0,9.0,18.0,15.0,27.0,44.83,105.49,4.5,474.69,26.37,0.0352,3.0,9.0,9.0,0.0,64.61,64.61
47A,pass@16,4.0,7.0,4.0,8.0,11.0,12.0,27.65,41.51,2.29,94.89,5.27,0.0138,0.0,7.0,7.0,0.0,69.97,70.23
47A,pass@17,5.0,10.0,9.0,18.0,15.0,27.0,44.83,105.49,4.5,474.69,26.37,0.0352,3.0,9.0,9.0,0.0,64.61,64.61
47A,pass@18,4.0,7.0,4.0,8.0,11.0,12.0,27.65,41.51,2.29,94.89,5.27,0.0138,1.0,6.0,6.0,0.0,71.43,71.56
47A,pass@19,5.0,4.0,5.0,10.0,9.0,15.0,19.61,47.55,6.25,297.18,16.51,0.0158,3.0,10.0,10.0,0.0,65.9,66.04
47A,pass@20,6.0,11.0,8.0,16.0,17.0,24.0,53.56,98.1,4.36,428.07,23.78,0.0327,2.0,8.0,8.0,0.0,65.95,66.09
47A,pass@21,5.0,4.0,5.0,10.0,9.0,15.0,19.61,47.55,6.25,297.18,16.51,0.0158,3.0,13.0,13.0,0.0,63.42,63.55
47A,pass@22,5.0,10.0,9.0,18.0,15.0,27.0,44.83,105.49,4.5,474.69,26.37,0.0352,0.0,5.0,5.0,0.0,70.18,70.59
47A,pass@23,5.0,7.0,5.0,10.0,12.0,15.0,31.26,53.77,3.57,192.05,10.67,0.0179,2.0,8.0,8.0,0.0,67.78,67.91
47A,pass@24,5.0,7.0,5.0,10.0,12.0,15.0,31.26,53.77,3.57,192.05,10.67,0.0179,2.0,8.0,8.0,0.0,67.78,67.91
47A,pass@25,4.0,7.0,4.0,8.0,11.0,12.0,27.65,41.51,2.29,94.89,5.27,0.0138,1.0,6.0,6.0,0.0,71.43,71.56
47A,pass@26,5.0,8.0,5.0,10.0,13.0,15.0,35.61,55.51,3.12,173.46,9.64,0.0185,2.0,11.0,11.0,0.0,64.67,64.8
47A,pass@27,6.0,10.0,10.0,20.0,16.0,30.0,48.73,120.0,6.0,720.0,40.0,0.04,4.0,11.0,11.0,0.0,62.05,62.19
47A,pass@28,5.0,7.0,5.0,10.0,12.0,15.0,31.26,53.77,3.57,192.05,10.67,0.0179,3.0,8.0,8.0,0.0,67.78,67.78
47A,pass@29,5.0,10.0,9.0,18.0,15.0,27.0,44.83,105.49,4.5,474.69,26.37,0.0352,3.0,9.0,9.0,0.0,64.61,64.61
47A,pass@30,4.0,7.0,4.0,8.0,11.0,12.0,27.65,41.51,2.29,94.89,5.27,0.0138,1.0,6.0,6.0,0.0,71.43,71.56
47A,pass@31,5.0,7.0,5.0,10.0,12.0,15.0,31.26,53.77,3.57,192.05,10.67,0.0179,2.0,8.0,8.0,0.0,67.78,67.91
47A,pass@32,5.0,10.0,9.0,18.0,15.0,27.0,44.83,105.49,4.5,474.69,26.37,0.0352,0.0,8.0,8.0,0.0,65.73,66.13
47C,pass@2,10.0,78.0,59.0,116.0,88.0,175.0,523.48,1130.4,7.44,8405.54,466.97,0.3768,17.0,45.0,50.0,0.0,39.41,39.27
47C,pass@3,7.0,40.0,42.0,81.0,47.0,123.0,232.53,683.21,7.09,4842.28,269.02,0.2277,17.0,48.0,48.0,0.0,40.92,41.19
47C,pass@4,9.0,48.0,49.0,100.0,57.0,149.0,296.61,869.1,9.38,8147.82,452.66,0.2897,33.0,47.0,47.0,0.0,38.37,38.51
47C,pass@5,3.0,13.0,10.0,20.0,16.0,30.0,52.86,120.0,2.31,276.92,15.38,0.04,5.0,27.0,27.0,0.0,53.41,53.55
47C,pass@6,6.0,18.0,15.0,25.0,24.0,40.0,90.57,183.4,4.17,764.16,42.45,0.0611,7.0,52.0,52.0,0.0,45.78,45.78
47C,pass@7,9.0,44.0,50.0,91.0,53.0,141.0,268.74,807.64,9.31,7516.53,417.58,0.2692,12.0,38.0,38.0,0.0,43.43,43.57
47C,pass@8,5.0,13.0,9.0,18.0,18.0,27.0,59.72,112.59,3.46,389.73,21.65,0.0375,3.0,32.0,32.0,0.0,52.26,52.4
47C,pass@9,3.0,15.0,11.0,24.0,18.0,35.0,63.36,145.95,2.4,350.27,19.46,0.0486,16.0,30.0,30.0,0.0,50.34,50.47
47C,pass@10,12.0,65.0,55.0,97.0,77.0,152.0,434.47,952.55,8.95,8529.0,473.83,0.3175,37.0,75.0,77.0,0.0,32.88,33.01
47C,pass@11,10.0,85.0,56.0,111.0,95.0,167.0,578.02,1097.17,6.53,7163.85,397.99,0.3657,9.0,58.0,67.0,0.0,37.53,37.67
47C,pass@12,13.0,66.0,44.0,88.0,79.0,132.0,447.04,832.1,8.67,7211.53,400.64,0.2774,12.0,74.0,69.0,0.0,37.69,37.83
47C,pass@13,5.0,31.0,25.0,52.0,36.0,77.0,165.19,398.08,4.19,1669.39,92.74,0.1327,31.0,54.0,54.0,0.0,39.83,39.83
47C,pass@14,7.0,55.0,56.0,108.0,62.0,164.0,337.63,976.49,6.87,6711.14,372.84,0.3255,49.0,76.0,76.0,0.0,31.45,31.45
47C,pass@16,7.0,25.0,26.0,52.0,32.0,78.0,135.75,390.0,7.28,2839.2,157.73,0.13,16.0,29.0,29.0,13.79,68.15,68.15
47C,pass@17,5.0,22.0,58.0,69.0,27.0,127.0,109.72,603.87,7.84,4734.9,263.05,0.2013,20.0,57.0,37.0,0.0,43.76,43.63
47C,pass@18,6.0,76.0,63.0,128.0,82.0,191.0,490.35,1214.29,5.05,6135.37,340.85,0.4048,9.0,30.0,40.0,0.0,42.11,42.25
47C,pass@19,8.0,43.0,49.0,97.0,51.0,146.0,257.33,828.17,9.02,7472.83,415.16,0.2761,7.0,57.0,57.0,10.53,58.4,58.53
47C,pass@20,9.0,44.0,35.0,69.0,53.0,104.0,268.74,595.7,7.06,4203.77,233.54,0.1986,37.0,55.0,55.0,0.0,37.63,37.63
47C,pass@21,5.0,70.0,61.0,123.0,75.0,184.0,440.66,1146.1,4.39,5034.67,279.7,0.382,31.0,44.0,44.0,6.82,53.62,53.62
47C,pass@22,9.0,44.0,46.0,85.0,53.0,131.0,268.74,750.36,8.69,6522.99,362.39,0.2501,27.0,58.0,64.0,0.0,36.7,36.84
47C,pass@23,6.0,74.0,51.0,101.0,80.0,152.0,475.01,960.93,4.09,3934.63,218.59,0.3203,24.0,59.0,59.0,0.0,36.85,37.26
47C,pass@24,7.0,53.0,51.0,102.0,60.0,153.0,323.23,903.75,6.74,6087.55,338.2,0.3013,59.0,115.0,115.0,5.22,39.07,39.74
47C,pass@25,9.0,84.0,56.0,111.0,93.0,167.0,565.48,1092.04,5.95,6493.74,360.76,0.364,17.0,44.0,48.0,0.0,39.5,39.77
47C,pass@26,5.0,46.0,33.0,66.0,51.0,99.0,265.69,561.57,3.59,2014.33,111.91,0.1872,3.0,35.0,39.0,0.0,45.64,45.64
47C,pass@27,5.0,17.0,17.0,34.0,22.0,51.0,81.1,227.43,5.0,1137.16,63.18,0.0758,17.0,46.0,46.0,2.17,53.73,53.73
47C,pass@28,7.0,33.0,37.0,73.0,40.0,110.0,186.12,585.41,7.74,4532.51,251.81,0.1951,8.0,43.0,45.0,0.0,43.35,43.48
47C,pass@29,5.0,62.0,65.0,137.0,67.0,202.0,380.77,1225.35,5.52,6769.07,376.06,0.4085,26.0,32.0,29.0,3.12,53.32,53.45
47C,pass@30,6.0,23.0,22.0,45.0,29.0,67.0,119.55,325.48,5.87,1910.45,106.14,0.1085,2.0,45.0,45.0,0.0,45.94,46.08
47C,pass@31,6.0,62.0,45.0,91.0,68.0,136.0,384.67,827.89,4.4,3645.41,202.52,0.276,21.0,32.0,32.0,0.0,43.51,43.91
47C,pass@32,2.0,6.0,3.0,6.0,8.0,9.0,17.51,27.0,1.0,27.0,1.5,0.009,17.0,39.0,39.0,15.38,74.22,74.22
48B,pass@1,4.0,18.0,21.0,42.0,22.0,63.0,83.06,280.94,4.67,1311.07,72.84,0.0936,9.0,26.0,27.0,7.69,66.18,66.31
48B,pass@2,4.0,17.0,16.0,32.0,21.0,48.0,77.49,210.83,3.76,793.72,44.1,0.0703,9.0,17.0,17.0,0.0,55.54,55.68
48B,pass@3,2.0,11.0,12.0,24.0,13.0,36.0,40.05,133.22,2.18,290.65,16.15,0.0444,5.0,17.0,17.0,23.53,82.16,82.3
48B,pass@4,2.0,13.0,14.0,28.0,15.0,42.0,50.11,164.09,2.15,353.42,19.63,0.0547,5.0,17.0,20.0,0.0,55.3,55.44
48B,pass@5,4.0,15.0,18.0,36.0,19.0,54.0,66.6,229.39,4.8,1101.06,61.17,0.0765,9.0,17.0,17.0,0.0,55.29,55.42
48B,pass@6,4.0,15.0,18.0,36.0,19.0,54.0,66.6,229.39,4.8,1101.06,61.17,0.0765,9.0,17.0,18.0,0.0,54.74,54.88
48B,pass@7,2.0,13.0,10.0,20.0,15.0,30.0,50.11,117.21,1.54,180.32,10.02,0.0391,5.0,15.0,15.0,26.67,84.7,84.83
48B,pass@8,4.0,15.0,18.0,36.0,19.0,54.0,66.6,229.39,4.8,1101.06,61.17,0.0765,9.0,17.0,17.0,0.0,55.29,55.42
48B,pass@9,4.0,17.0,16.0,32.0,21.0,48.0,77.49,210.83,3.76,793.72,44.1,0.0703,9.0,17.0,17.0,0.0,55.54,55.68
48B,pass@10,2.0,15.0,11.0,22.0,17.0,33.0,60.6,134.89,1.47,197.83,10.99,0.045,5.0,19.0,19.0,0.0,56.38,56.52
48B,pass@11,4.0,19.0,17.0,34.0,23.0,51.0,88.71,230.7,3.58,825.67,45.87,0.0769,9.0,23.0,23.0,17.39,74.64,74.78
48B,pass@12,4.0,20.0,15.0,28.0,24.0,43.0,94.44,197.15,2.8,552.03,30.67,0.0657,5.0,17.0,17.0,11.76,75.22,75.49
48B,pass@13,6.0,26.0,22.0,42.0,32.0,64.0,137.72,320.0,4.85,1550.77,86.15,0.1067,9.0,23.0,23.0,0.0,51.27,51.54
48B,pass@14,5.0,18.0,13.0,25.0,23.0,38.0,86.67,171.9,3.47,596.86,33.16,0.0573,6.0,25.0,28.0,8.0,68.01,68.15
48B,pass@15,5.0,20.0,16.0,30.0,25.0,46.0,98.05,213.62,3.75,801.07,44.5,0.0712,6.0,19.0,19.0,0.0,54.72,54.99
48B,pass@16,6.0,26.0,23.0,45.0,32.0,68.0,137.72,340.0,5.19,1765.38,98.08,0.1133,9.0,25.0,28.0,8.0,65.53,65.67
48B,pass@17,4.0,17.0,16.0,32.0,21.0,48.0,77.49,210.83,3.76,793.72,44.1,0.0703,9.0,17.0,17.0,0.0,55.54,55.68
48B,pass@18,5.0,28.0,25.0,50.0,33.0,75.0,146.22,378.33,4.46,1688.97,93.83,0.1261,9.0,20.0,22.0,10.0,69.14,69.27
48B,pass@19,3.0,13.0,14.0,28.0,16.0,42.0,52.86,168.0,3.23,542.77,30.15,0.056,5.0,19.0,19.0,10.53,73.93,74.06
48B,pass@20,3.0,9.0,7.0,14.0,12.0,21.0,33.28,75.28,2.33,175.66,9.76,0.0251,1.0,13.0,13.0,0.0,62.29,62.43
48B,pass@21,6.0,22.0,23.0,44.0,28.0,67.0,113.62,322.09,6.0,1932.56,107.36,0.1074,9.0,19.0,19.0,0.0,53.06,53.33
48B,pass@22,3.0,13.0,11.0,22.0,16.0,33.0,52.86,132.0,2.54,335.08,18.62,0.044,6.0,16.0,16.0,0.0,57.94,58.08
48B,pass@23,2.0,10.0,6.0,12.0,12.0,18.0,35.22,64.53,1.2,77.44,4.3,0.0215,1.0,15.0,16.0,0.0,60.79,60.93
48B,pass@24,5.0,22.0,24.0,48.0,27.0,72.0,109.72,342.35,5.45,1867.37,103.74,0.1141,12.0,30.0,30.0,0.0,48.42,48.42
48B,pass@25,4.0,16.0,13.0,24.0,20.0,37.0,72.0,159.91,3.0,479.73,26.65,0.0533,1.0,18.0,20.0,0.0,55.92,56.05
48B,pass@26,4.0,15.0,10.0,20.0,19.0,30.0,66.6,127.44,2.67,339.83,18.88,0.0425,6.0,19.0,19.0,0.0,56.42,56.56
48B,pass@27,4.0,38.0,38.0,76.0,42.0,114.0,207.42,614.72,4.0,2458.9,136.61,0.2049,6.0,29.0,23.0,0.0,49.83,49.96
48B,pass@28,5.0,27.0,26.0,52.0,32.0,78.0,139.99,390.0,4.81,1877.78,104.32,0.13,9.0,23.0,23.0,0.0,50.67,50.94
48B,pass@29,3.0,38.0,43.0,86.0,41.0,129.0,204.18,691.12,3.39,2346.18,130.34,0.2304,8.0,21.0,22.0,0.0,49.49,49.76
48B,pass@30,4.0,17.0,19.0,38.0,21.0,57.0,77.49,250.36,4.47,1119.27,62.18,0.0835,9.0,21.0,21.0,9.52,70.47,70.6
48B,pass@31,4.0,30.0,34.0,68.0,34.0,102.0,155.21,518.92,4.53,2352.44,130.69,0.173,9.0,20.0,20.0,0.0,51.26,51.4
48B,pass@32,4.0,15.0,18.0,36.0,19.0,54.0,66.6,229.39,4.8,1101.06,61.17,0.0765,9.0,19.0,19.0,0.0,54.23,54.37
5A,pass@1,2.0,4.0,2.0,4.0,6.0,6.0,10.0,15.51,1.0,15.51,0.86,0.0052,0.0,11.0,13.0,0.0,66.83,67.36
5A,pass@2,2.0,4.0,2.0,4.0,6.0,6.0,10.0,15.51,1.0,15.51,0.86,0.0052,0.0,11.0,13.0,0.0,66.83,67.36
5A,pass@3,2.0,4.0,2.0,4.0,6.0,6.0,10.0,15.51,1.0,15.51,0.86,0.0052,0.0,15.0,17.0,0.0,64.15,64.82
5A,pass@4,2.0,4.0,2.0,4.0,6.0,6.0,10.0,15.51,1.0,15.51,0.86,0.0052,4.0,15.0,17.0,0.0,64.28,64.28
5A,pass@5,3.0,6.0,3.0,6.0,9.0,9.0,20.26,28.53,1.5,42.79,2.38,0.0095,0.0,12.0,14.0,0.0,64.14,64.81
5A,pass@6,2.0,4.0,2.0,4.0,6.0,6.0,10.0,15.51,1.0,15.51,0.86,0.0052,0.0,11.0,13.0,0.0,66.83,67.36
5A,pass@7,2.0,4.0,2.0,4.0,6.0,6.0,10.0,15.51,1.0,15.51,0.86,0.0052,0.0,15.0,17.0,0.0,64.15,64.82
5A,pass@8,2.0,4.0,2.0,4.0,6.0,6.0,10.0,15.51,1.0,15.51,0.86,0.0052,0.0,11.0,13.0,0.0,66.83,67.36
5A,pass@9,2.0,4.0,2.0,4.0,6.0,6.0,10.0,15.51,1.0,15.51,0.86,0.0052,0.0,15.0,17.0,0.0,64.15,64.82
5A,pass@10,2.0,4.0,2.0,4.0,6.0,6.0,10.0,15.51,1.0,15.51,0.86,0.0052,4.0,16.0,18.0,0.0,63.61,63.74
5A,pass@11,3.0,6.0,3.0,6.0,9.0,9.0,20.26,28.53,1.5,42.79,2.38,0.0095,4.0,16.0,18.0,0.0,61.76,61.89
5A,pass@12,2.0,4.0,2.0,4.0,6.0,6.0,10.0,15.51,1.0,15.51,0.86,0.0052,0.0,11.0,13.0,0.0,66.83,67.36
5A,pass@13,3.0,6.0,3.0,6.0,9.0,9.0,20.26,28.53,1.5,42.79,2.38,0.0095,5.0,16.0,18.0,0.0,61.76,61.76
5A,pass@14,4.0,8.0,4.0,8.0,12.0,12.0,32.0,43.02,2.0,86.04,4.78,0.0143,5.0,17.0,19.0,0.0,59.86,59.99
5A,pass@15,3.0,6.0,3.0,6.0,9.0,9.0,20.26,28.53,1.5,42.79,2.38,0.0095,5.0,16.0,18.0,0.0,61.76,61.76
5A,pass@16,2.0,6.0,3.0,6.0,8.0,9.0,17.51,27.0,1.0,27.0,1.5,0.009,0.0,13.0,17.0,0.0,62.6,63.14
5A,pass@17,2.0,4.0,2.0,4.0,6.0,6.0,10.0,15.51,1.0,15.51,0.86,0.0052,0.0,19.0,21.0,0.0,61.88,62.82
5A,pass@18,3.0,5.0,3.0,5.0,8.0,8.0,16.36,24.0,1.5,36.0,2.0,0.008,0.0,17.0,19.0,0.0,61.63,62.44
5A,pass@19,3.0,5.0,3.0,5.0,8.0,8.0,16.36,24.0,1.5,36.0,2.0,0.008,0.0,17.0,19.0,0.0,61.63,62.44
5A,pass@20,3.0,6.0,3.0,6.0,9.0,9.0,20.26,28.53,1.5,42.79,2.38,0.0095,4.0,17.0,19.0,0.0,61.24,61.38
5A,pass@21,2.0,4.0,2.0,4.0,6.0,6.0,10.0,15.51,1.0,15.51,0.86,0.0052,0.0,11.0,13.0,0.0,66.83,67.36
5A,pass@22,3.0,6.0,3.0,6.0,9.0,9.0,20.26,28.53,1.5,42.79,2.38,0.0095,5.0,16.0,18.0,0.0,61.76,61.76
5A,pass@23,3.0,8.0,4.0,8.0,11.0,12.0,28.75,41.51,1.5,62.27,3.46,0.0138,0.0,11.0,13.0,0.0,63.83,64.37
5A,pass@24,3.0,8.0,4.0,8.0,11.0,12.0,28.75,41.51,1.5,62.27,3.46,0.0138,0.0,13.0,15.0,0.0,62.34,63.01
5A,pass@25,3.0,10.0,5.0,10.0,13.0,15.0,37.97,55.51,1.5,83.26,4.63,0.0185,4.0,18.0,20.0,0.0,58.73,58.87
5A,pass@26,2.0,4.0,2.0,4.0,6.0,6.0,10.0,15.51,1.0,15.51,0.86,0.0052,0.0,15.0,17.0,0.0,64.15,64.82
5A,pass@27,3.0,6.0,3.0,6.0,9.0,9.0,20.26,28.53,1.5,42.79,2.38,0.0095,5.0,18.0,20.0,0.0,60.62,60.76
5A,pass@28,4.0,7.0,4.0,7.0,11.0,11.0,27.65,38.05,2.0,76.11,4.23,0.0127,0.0,18.0,20.0,0.0,59.61,60.55
5A,pass@29,2.0,4.0,2.0,4.0,6.0,6.0,10.0,15.51,1.0,15.51,0.86,0.0052,0.0,11.0,13.0,0.0,66.83,67.36
5A,pass@30,2.0,4.0,2.0,4.0,6.0,6.0,10.0,15.51,1.0,15.51,0.86,0.0052,4.0,15.0,17.0,0.0,64.28,64.28
5A,pass@31,4.0,10.0,5.0,10.0,14.0,15.0,41.22,57.11,2.0,114.22,6.35,0.019,6.0,18.0,20.0,0.0,58.38,58.51
5A,pass@32,3.0,6.0,3.0,6.0,9.0,9.0,20.26,28.53,1.5,42.79,2.38,0.0095,4.0,16.0,18.0,0.0,61.76,61.89
5E,pass@1,7.0,19.0,21.0,36.0,26.0,57.0,100.36,267.93,6.63,1776.77,98.71,0.0893,14.0,32.0,33.0,0.0,47.99,47.99
5E,pass@2,10.0,18.0,17.0,31.0,28.0,48.0,108.28,230.75,8.61,1987.04,110.39,0.0769,6.0,14.0,14.0,0.0,57.64,57.64
5E,pass@3,6.0,9.0,6.0,10.0,15.0,16.0,44.04,62.51,3.33,208.37,11.58,0.0208,2.0,27.0,27.0,0.0,55.93,55.93
5E,pass@4,7.0,15.0,13.0,24.0,22.0,37.0,78.25,165.0,5.6,923.99,51.33,0.055,5.0,17.0,18.0,0.0,56.42,56.42
5E,pass@5,8.0,24.0,21.0,39.0,32.0,60.0,134.04,300.0,6.5,1950.0,108.33,0.1,12.0,31.0,32.0,0.0,48.34,48.21
5E,pass@6,8.0,11.0,8.0,15.0,19.0,23.0,62.05,97.7,5.45,532.92,29.61,0.0326,6.0,24.0,25.0,0.0,54.77,54.77
5E,pass@7,6.0,16.0,15.0,26.0,22.0,41.0,79.51,182.84,4.88,891.33,49.52,0.0609,7.0,21.0,22.0,0.0,53.94,53.94
5E,pass@8,7.0,14.0,13.0,23.0,21.0,36.0,72.95,158.12,5.75,909.21,50.51,0.0527,8.0,21.0,22.0,0.0,54.24,54.24
5E,pass@9,5.0,20.0,20.0,34.0,25.0,54.0,98.05,250.77,4.25,1065.76,59.21,0.0836,9.0,21.0,21.0,0.0,53.15,53.15
5E,pass@10,8.0,16.0,14.0,26.0,24.0,40.0,88.0,183.4,6.5,1192.09,66.23,0.0611,7.0,20.0,21.0,0.0,54.5,54.37
5E,pass@11,6.0,14.0,11.0,20.0,20.0,31.0,68.81,133.98,4.29,574.2,31.9,0.0447,8.0,23.0,24.0,8.7,70.7,70.7
5E,pass@12,6.0,18.0,12.0,21.0,24.0,33.0,90.57,151.3,3.5,529.56,29.42,0.0504,1.0,19.0,22.0,0.0,55.32,55.32
5E,pass@13,8.0,20.0,18.0,33.0,28.0,51.0,110.44,245.18,6.6,1618.16,89.9,0.0817,6.0,17.0,18.0,0.0,55.08,55.08
5E,pass@14,8.0,20.0,20.0,36.0,28.0,56.0,110.44,269.21,7.2,1938.33,107.68,0.0897,12.0,22.0,23.0,0.0,51.8,51.67
5E,pass@15,7.0,21.0,21.0,35.0,28.0,56.0,111.89,269.21,5.83,1570.4,87.24,0.0897,10.0,30.0,33.0,0.0,48.38,48.51
5E,pass@16,6.0,16.0,11.0,20.0,22.0,31.0,79.51,138.24,3.75,518.41,28.8,0.0461,2.0,21.0,22.0,0.0,55.46,55.46
5E,pass@17,7.0,16.0,13.0,22.0,23.0,35.0,83.65,158.32,4.81,761.94,42.33,0.0528,5.0,29.0,30.0,0.0,51.7,51.7
5E,pass@18,7.0,13.0,12.0,22.0,20.0,34.0,67.76,146.95,5.92,870.37,48.35,0.049,4.0,15.0,16.0,0.0,58.02,58.02
5E,pass@19,6.0,14.0,11.0,20.0,20.0,31.0,68.81,133.98,4.29,574.2,31.9,0.0447,5.0,14.0,14.0,0.0,59.43,59.43
5E,pass@20,8.0,11.0,11.0,20.0,19.0,31.0,62.05,131.69,7.27,957.71,53.21,0.0439,6.0,15.0,15.0,0.0,58.7,58.7
5E,pass@21,4.0,10.0,6.0,10.0,14.0,16.0,41.22,60.92,2.0,121.84,6.77,0.0203,1.0,18.0,20.0,0.0,58.99,58.99
5E,pass@22,7.0,10.0,8.0,15.0,17.0,23.0,52.87,94.01,5.25,493.56,27.42,0.0313,5.0,13.0,13.0,0.0,61.21,61.21
5E,pass@23,4.0,10.0,6.0,10.0,14.0,16.0,41.22,60.92,2.0,121.84,6.77,0.0203,1.0,16.0,17.0,0.0,60.53,60.53
5E,pass@24,6.0,20.0,18.0,33.0,26.0,51.0,101.95,239.72,4.95,1186.63,65.92,0.0799,8.0,24.0,25.0,0.0,51.77,51.77
5E,pass@25,5.0,16.0,13.0,22.0,21.0,35.0,75.61,153.73,3.44,528.45,29.36,0.0512,7.0,15.0,15.0,0.0,58.09,58.09
5E,pass@26,7.0,16.0,10.0,18.0,23.0,28.0,83.65,126.66,3.94,498.72,27.71,0.0422,1.0,18.0,20.0,0.0,56.76,56.76
5E,pass@27,8.0,18.0,14.0,26.0,26.0,40.0,99.06,188.02,5.78,1086.32,60.35,0.0627,9.0,20.0,20.0,0.0,54.48,54.48
5E,pass@28,8.0,27.0,22.0,39.0,35.0,61.0,152.38,312.89,5.78,1807.79,100.43,0.1043,10.0,25.0,26.0,0.0,50.32,50.32
5E,pass@29,7.0,13.0,10.0,19.0,20.0,29.0,67.76,125.34,5.12,641.14,35.62,0.0418,7.0,18.0,18.0,0.0,56.99,56.99
5E,pass@30,8.0,15.0,15.0,27.0,23.0,42.0,82.6,189.99,7.2,1367.93,76.0,0.0633,5.0,15.0,15.0,0.0,57.72,57.72
5E,pass@31,7.0,17.0,18.0,30.0,24.0,48.0,89.14,220.08,6.18,1359.31,75.52,0.0734,12.0,30.0,31.0,0.0,49.45,49.45
5E,pass@32,5.0,11.0,11.0,18.0,16.0,29.0,49.66,116.0,4.09,474.55,26.36,0.0387,9.0,20.0,20.0,0.0,55.95,55.95
56B,pass@1,7.0,19.0,22.0,38.0,26.0,60.0,100.36,282.03,7.0,1974.18,109.68,0.094,9.0,21.0,22.0,0.0,52.35,52.35
56B,pass@2,6.0,19.0,21.0,37.0,25.0,58.0,96.22,269.34,5.84,1573.53,87.42,0.0898,9.0,21.0,22.0,0.0,52.49,52.49
56B,pass@3,7.0,18.0,19.0,37.0,25.0,56.0,94.71,260.06,7.19,1870.96,103.94,0.0867,7.0,18.0,19.0,0.0,54.25,54.25
56B,pass@4,6.0,18.0,21.0,35.0,24.0,56.0,90.57,256.76,5.83,1497.75,83.21,0.0856,8.0,23.0,24.0,0.0,51.94,51.94
56B,pass@5,5.0,13.0,17.0,28.0,18.0,45.0,59.72,187.65,5.38,1010.4,56.13,0.0625,7.0,19.0,20.0,0.0,54.76,54.76
56B,pass@6,2.0,7.0,8.0,16.0,9.0,24.0,21.65,76.08,2.29,173.89,9.66,0.0254,5.0,15.0,17.0,0.0,59.31,59.31
56B,pass@7,7.0,20.0,24.0,42.0,27.0,66.0,106.09,313.82,7.35,2306.6,128.14,0.1046,9.0,26.0,28.0,0.0,49.74,49.74
56B,pass@8,4.0,10.0,14.0,23.0,14.0,37.0,41.22,140.87,4.6,648.01,36.0,0.047,6.0,20.0,22.0,0.0,54.86,54.86
56B,pass@9,5.0,17.0,18.0,31.0,22.0,49.0,81.1,218.51,4.56,996.16,55.34,0.0728,7.0,22.0,23.0,0.0,52.97,52.97
56B,pass@10,4.0,14.0,15.0,26.0,18.0,41.0,61.3,170.97,3.71,635.02,35.28,0.057,6.0,21.0,22.0,0.0,54.27,54.27
56B,pass@11,3.0,6.0,8.0,15.0,9.0,23.0,20.26,72.91,3.75,273.41,15.19,0.0243,4.0,12.0,14.0,0.0,61.42,61.42
56B,pass@12,7.0,17.0,18.0,35.0,24.0,53.0,89.14,243.0,7.21,1751.05,97.28,0.081,7.0,18.0,19.0,0.0,54.46,54.46
56B,pass@13,5.0,11.0,9.0,17.0,16.0,26.0,49.66,104.0,3.86,401.82,22.32,0.0347,5.0,16.0,16.0,0.0,58.94,58.94
56B,pass@14,4.0,16.0,18.0,31.0,20.0,49.0,72.0,211.77,3.88,820.63,45.59,0.0706,8.0,25.0,26.0,12.0,71.0,71.0
56B,pass@15,5.0,15.0,18.0,30.0,20.0,48.0,70.21,207.45,5.0,1037.26,57.63,0.0692,7.0,15.0,16.0,20.0,79.95,79.95
56B,pass@16,4.0,14.0,16.0,27.0,18.0,43.0,61.3,179.31,3.86,691.61,38.42,0.0598,6.0,20.0,21.0,0.0,54.57,54.57
56B,pass@17,5.0,16.0,12.0,24.0,21.0,36.0,75.61,158.12,3.75,592.96,32.94,0.0527,6.0,13.0,13.0,0.0,59.5,59.5
56B,pass@18,6.0,16.0,17.0,33.0,22.0,50.0,79.51,222.97,6.19,1379.64,76.65,0.0743,6.0,18.0,19.0,0.0,54.86,54.86
56B,pass@19,7.0,15.0,18.0,32.0,22.0,50.0,78.25,222.97,7.47,1664.85,92.49,0.0743,9.0,22.0,23.0,0.0,52.64,52.64
56B,pass@20,7.0,19.0,19.0,37.0,26.0,56.0,100.36,263.22,6.82,1794.08,99.67,0.0877,7.0,18.0,19.0,0.0,54.22,54.22
56B,pass@21,6.0,19.0,22.0,37.0,25.0,59.0,96.22,273.99,5.84,1600.66,88.93,0.0913,9.0,23.0,23.0,0.0,52.02,52.02
56B,pass@22,5.0,12.0,8.0,15.0,17.0,23.0,54.63,94.01,3.12,293.79,16.32,0.0313,5.0,17.0,17.0,0.0,58.67,58.67
56B,pass@23,5.0,18.0,11.0,22.0,23.0,33.0,86.67,149.28,3.06,456.13,25.34,0.0498,7.0,12.0,12.0,0.0,60.29,60.29
56B,pass@24,6.0,19.0,22.0,38.0,25.0,60.0,96.22,278.63,6.0,1671.79,92.88,0.0929,9.0,22.0,24.0,0.0,51.56,51.56
56B,pass@25,5.0,15.0,18.0,31.0,20.0,49.0,70.21,211.77,5.17,1094.17,60.79,0.0706,7.0,22.0,23.0,0.0,53.07,53.07
56B,pass@26,5.0,15.0,17.0,29.0,20.0,46.0,70.21,198.81,4.83,960.91,53.38,0.0663,7.0,23.0,24.0,0.0,52.86,52.86
56B,pass@27,5.0,14.0,18.0,31.0,19.0,49.0,64.91,208.15,5.54,1152.25,64.01,0.0694,9.0,25.0,27.0,0.0,51.33,51.33
56B,pass@28,6.0,20.0,14.0,27.0,26.0,41.0,101.95,192.72,4.05,780.51,43.36,0.0642,7.0,17.0,18.0,0.0,55.68,55.68
56B,pass@29,7.0,21.0,20.0,39.0,28.0,59.0,111.89,283.63,6.5,1843.62,102.42,0.0945,8.0,18.0,19.0,0.0,53.86,53.86
56B,pass@30,6.0,16.0,20.0,35.0,22.0,55.0,79.51,245.27,6.56,1609.58,89.42,0.0818,7.0,23.0,26.0,0.0,51.46,51.46
56B,pass@31,6.0,18.0,16.0,28.0,24.0,44.0,90.57,201.74,4.67,941.45,52.3,0.0672,8.0,15.0,15.0,0.0,57.13,57.13
56B,pass@32,7.0,17.0,17.0,33.0,24.0,50.0,89.14,229.25,6.79,1557.54,86.53,0.0764,7.0,18.0,19.0,0.0,54.64,54.64
65B,pass@1,10.0,27.0,17.0,31.0,37.0,48.0,161.6,250.05,5.74,1435.49,79.75,0.0834,13.0,34.0,36.0,0.0,47.65,47.51
65B,pass@2,9.0,22.0,22.0,39.0,31.0,61.0,126.64,302.21,7.98,2410.78,133.93,0.1007,11.0,35.0,38.0,0.0,46.56,46.69
65B,pass@3,7.0,19.0,11.0,21.0,26.0,32.0,100.36,150.41,3.87,581.86,32.33,0.0501,8.0,32.0,32.0,0.0,50.58,50.85
65B,pass@4,10.0,22.0,13.0,25.0,32.0,38.0,131.33,190.0,5.68,1079.55,59.97,0.0633,8.0,29.0,30.0,0.0,50.75,50.75
65B,pass@5,5.0,9.0,5.0,9.0,14.0,14.0,40.14,53.3,2.5,133.26,7.4,0.0178,8.0,20.0,20.0,0.0,58.32,58.45
65B,pass@6,10.0,27.0,21.0,41.0,37.0,62.0,161.6,322.99,7.59,2452.3,136.24,0.1077,14.0,36.0,36.0,0.0,46.33,46.6
65B,pass@7,10.0,22.0,17.0,31.0,32.0,48.0,131.33,240.0,7.05,1690.91,93.94,0.08,3.0,22.0,23.0,0.0,53.09,53.23
65B,pass@8,12.0,38.0,35.0,65.0,50.0,100.0,242.44,564.39,10.26,5792.38,321.8,0.1881,24.0,41.0,41.0,0.0,42.19,42.32
65B,pass@9,8.0,26.0,15.0,30.0,34.0,45.0,146.21,228.94,4.62,1056.63,58.7,0.0763,9.0,24.0,27.0,0.0,50.5,51.04
65B,pass@10,8.0,34.0,25.0,48.0,42.0,73.0,196.97,393.64,5.65,2222.9,123.49,0.1312,10.0,39.0,43.0,0.0,44.85,44.85
65B,pass@11,4.0,7.0,5.0,8.0,11.0,13.0,27.65,44.97,2.29,102.79,5.71,0.015,9.0,25.0,25.0,0.0,56.59,56.72
65B,pass@12,7.0,13.0,13.0,21.0,20.0,34.0,67.76,146.95,5.65,830.81,46.16,0.049,11.0,37.0,37.0,0.0,49.0,49.14
65B,pass@13,7.0,18.0,15.0,29.0,25.0,44.0,94.71,204.33,5.64,1152.19,64.01,0.0681,6.0,33.0,36.0,0.0,49.07,49.07
65B,pass@14,6.0,19.0,12.0,20.0,25.0,32.0,96.22,148.6,3.16,469.27,26.07,0.0495,9.0,23.0,24.0,0.0,53.47,53.47
65B,pass@15,6.0,29.0,21.0,38.0,35.0,59.0,156.39,302.63,3.93,1189.64,66.09,0.1009,18.0,51.0,51.0,0.0,42.69,42.96
65B,pass@16,7.0,21.0,14.0,27.0,28.0,41.0,111.89,197.1,4.5,886.96,49.28,0.0657,20.0,46.0,46.0,0.0,44.84,44.97
65B,pass@17,11.0,29.0,21.0,38.0,40.0,59.0,178.94,313.99,7.21,2262.92,125.72,0.1047,4.0,24.0,24.0,0.0,51.74,51.87
65B,pass@18,11.0,31.0,24.0,42.0,42.0,66.0,191.63,355.89,7.45,2651.98,147.33,0.1186,12.0,34.0,35.0,0.0,46.7,46.84
65B,pass@19,7.0,29.0,23.0,43.0,36.0,66.0,160.53,341.22,5.19,1770.79,98.38,0.1137,14.0,44.0,47.0,0.0,43.23,43.91
65B,pass@20,10.0,30.0,20.0,34.0,40.0,54.0,180.43,287.38,5.67,1628.51,90.47,0.0958,3.0,30.0,30.0,0.0,50.03,50.16
65B,pass@21,6.0,15.0,9.0,17.0,21.0,26.0,74.11,114.2,3.4,388.28,21.57,0.0381,10.0,27.0,29.0,0.0,52.48,52.35
65B,pass@22,12.0,35.0,28.0,54.0,47.0,82.0,222.54,455.48,9.26,4216.41,234.24,0.1518,11.0,27.0,27.0,0.0,48.55,48.68
65B,pass@23,5.0,16.0,11.0,21.0,21.0,32.0,75.61,140.55,3.28,461.19,25.62,0.0469,13.0,41.0,42.0,0.0,47.8,47.8
65B,pass@24,7.0,18.0,9.0,18.0,25.0,27.0,94.71,125.38,3.5,438.84,24.38,0.0418,4.0,26.0,28.0,0.0,53.2,53.2
65B,pass@25,9.0,28.0,20.0,37.0,37.0,57.0,163.14,296.94,5.95,1765.73,98.1,0.099,14.0,33.0,35.0,0.0,47.26,47.12
65B,pass@26,7.0,16.0,11.0,20.0,23.0,31.0,83.65,140.23,4.38,613.51,34.08,0.0467,3.0,27.0,27.0,0.0,53.21,53.34
65B,pass@27,11.0,43.0,27.0,51.0,54.0,78.0,271.38,448.88,6.52,2928.17,162.68,0.1496,14.0,40.0,42.0,0.0,44.14,44.14
65B,pass@28,6.0,17.0,9.0,17.0,23.0,26.0,85.0,117.61,3.0,352.84,19.6,0.0392,11.0,24.0,25.0,0.0,53.66,53.53
65B,pass@29,9.0,24.0,20.0,39.0,33.0,59.0,138.57,297.62,7.31,2176.34,120.91,0.0992,16.0,41.0,43.0,0.0,45.03,44.89
65B,pass@30,7.0,19.0,12.0,23.0,26.0,35.0,100.36,164.52,4.24,697.03,38.72,0.0548,11.0,27.0,29.0,0.0,51.24,51.1
65B,pass@31,10.0,18.0,12.0,23.0,28.0,35.0,108.28,168.26,6.39,1074.98,59.72,0.0561,7.0,26.0,26.0,0.0,51.93,52.61
65B,pass@32,8.0,23.0,15.0,30.0,31.0,45.0,128.04,222.94,5.22,1163.16,64.62,0.0743,15.0,37.0,38.0,0.0,47.21,47.08
68B,pass@1,6.0,18.0,13.0,26.0,24.0,39.0,90.57,178.81,4.33,774.86,43.05,0.0596,5.0,19.0,19.0,0.0,55.66,55.66
68B,pass@2,7.0,21.0,15.0,30.0,28.0,45.0,111.89,216.33,5.0,1081.65,60.09,0.0721,7.0,30.0,30.0,0.0,50.76,50.49
68B,pass@3,6.0,18.0,13.0,26.0,24.0,39.0,90.57,178.81,4.33,774.86,43.05,0.0596,3.0,24.0,25.0,0.0,53.33,53.33
68B,pass@4,5.0,17.0,13.0,26.0,22.0,39.0,81.1,173.92,3.82,664.98,36.94,0.058,6.0,24.0,24.0,0.0,53.53,53.4
68B,pass@5,7.0,20.0,14.0,28.0,27.0,42.0,106.09,199.71,4.9,978.56,54.36,0.0666,6.0,29.0,30.0,0.0,50.86,50.86
68B,pass@6,6.0,18.0,13.0,26.0,24.0,39.0,90.57,178.81,4.33,774.86,43.05,0.0596,5.0,22.0,22.0,0.0,54.27,54.27
68B,pass@7,6.0,17.0,13.0,26.0,23.0,39.0,85.0,176.42,4.59,809.45,44.97,0.0588,3.0,22.0,22.0,0.0,54.58,54.58
68B,pass@9,6.0,17.0,15.0,30.0,23.0,45.0,85.0,203.56,5.29,1077.67,59.87,0.0679,3.0,29.0,30.0,0.0,51.21,51.21
68B,pass@10,6.0,18.0,13.0,26.0,24.0,39.0,90.57,178.81,4.33,774.86,43.05,0.0596,3.0,20.0,20.0,0.0,55.44,55.44
68B,pass@11,6.0,18.0,13.0,26.0,24.0,39.0,90.57,178.81,4.33,774.86,43.05,0.0596,5.0,22.0,23.0,0.0,53.85,53.85
68B,pass@12,7.0,20.0,14.0,28.0,27.0,42.0,106.09,199.71,4.9,978.56,54.36,0.0666,7.0,29.0,29.0,0.0,51.32,51.05
68B,pass@13,6.0,17.0,13.0,26.0,23.0,39.0,85.0,176.42,4.59,809.45,44.97,0.0588,3.0,33.0,34.0,0.0,50.46,50.46
68B,pass@14,7.0,17.0,13.0,26.0,24.0,39.0,89.14,178.81,5.35,957.18,53.18,0.0596,3.0,20.0,20.0,0.0,55.44,55.44
68B,pass@15,6.0,17.0,13.0,26.0,23.0,39.0,85.0,176.42,4.59,809.45,44.97,0.0588,6.0,24.0,25.0,0.0,53.1,52.97
68B,pass@16,6.0,18.0,13.0,26.0,24.0,39.0,90.57,178.81,4.33,774.86,43.05,0.0596,5.0,21.0,22.0,0.0,54.27,54.27
68B,pass@17,6.0,20.0,15.0,30.0,26.0,45.0,101.95,211.52,4.5,951.84,52.88,0.0705,3.0,24.0,25.0,0.0,52.82,52.82
68B,pass@18,6.0,19.0,14.0,28.0,25.0,42.0,96.22,195.04,4.42,862.29,47.91,0.065,3.0,27.0,28.0,0.0,51.99,51.99
68B,pass@19,7.0,20.0,14.0,28.0,27.0,42.0,106.09,199.71,4.9,978.56,54.36,0.0666,6.0,38.0,38.0,0.0,48.62,48.62
68B,pass@20,6.0,18.0,13.0,26.0,24.0,39.0,90.57,178.81,4.33,774.86,43.05,0.0596,3.0,24.0,25.0,0.0,53.33,53.33
68B,pass@21,5.0,18.0,13.0,26.0,23.0,39.0,86.67,176.42,3.61,637.07,35.39,0.0588,3.0,23.0,24.0,0.0,53.76,53.76
68B,pass@22,7.0,20.0,16.0,32.0,27.0,48.0,106.09,228.23,5.6,1278.11,71.01,0.0761,3.0,25.0,26.0,0.0,52.22,52.22
68B,pass@23,6.0,18.0,13.0,26.0,24.0,39.0,90.57,178.81,4.33,774.86,43.05,0.0596,3.0,24.0,25.0,0.0,53.33,53.33
68B,pass@24,6.0,18.0,13.0,26.0,24.0,39.0,90.57,178.81,4.33,774.86,43.05,0.0596,3.0,23.0,23.0,0.0,54.12,54.12
68B,pass@25,6.0,18.0,13.0,26.0,24.0,39.0,90.57,178.81,4.33,774.86,43.05,0.0596,5.0,21.0,22.0,0.0,54.27,54.27
68B,pass@26,6.0,17.0,13.0,26.0,23.0,39.0,85.0,176.42,4.59,809.45,44.97,0.0588,3.0,26.0,27.0,0.0,52.64,52.64
68B,pass@27,7.0,17.0,13.0,26.0,24.0,39.0,89.14,178.81,5.35,957.18,53.18,0.0596,5.0,25.0,26.0,0.0,52.69,52.69
68B,pass@28,7.0,18.0,14.0,28.0,25.0,42.0,94.71,195.04,5.44,1061.9,58.99,0.065,3.0,20.0,20.0,0.0,55.18,55.18
68B,pass@29,6.0,21.0,16.0,32.0,27.0,48.0,107.75,228.23,4.57,1043.36,57.96,0.0761,3.0,23.0,24.0,0.0,52.98,52.98
68B,pass@30,6.0,22.0,17.0,34.0,28.0,51.0,113.62,245.18,4.64,1136.72,63.15,0.0817,3.0,24.0,24.0,0.0,52.76,52.76
68B,pass@31,7.0,18.0,14.0,28.0,25.0,42.0,94.71,195.04,5.44,1061.9,58.99,0.065,3.0,23.0,23.0,0.0,53.86,53.86
68B,pass@32,6.0,18.0,13.0,26.0,24.0,39.0,90.57,178.81,4.33,774.86,43.05,0.0596,6.0,24.0,25.0,0.0,53.06,52.93
74B,pass@1,7.0,10.0,17.0,32.0,17.0,49.0,52.87,200.29,11.2,2243.2,124.62,0.0668,11.0,32.0,32.0,0.0,49.44,49.57
74B,pass@2,6.0,16.0,33.0,63.0,22.0,96.0,79.51,428.11,11.81,5057.0,280.94,0.1427,18.0,44.0,44.0,22.73,67.71,67.71
74B,pass@3,9.0,21.0,28.0,51.0,30.0,79.0,120.77,387.64,10.93,4236.4,235.36,0.1292,15.0,34.0,36.0,29.41,72.28,72.28
74B,pass@4,9.0,19.0,25.0,46.0,28.0,71.0,109.24,341.32,10.89,3718.62,206.59,0.1138,14.0,29.0,29.0,6.9,63.48,63.62
74B,pass@5,10.0,18.0,24.0,45.0,28.0,69.0,108.28,331.71,12.5,4146.34,230.35,0.1106,15.0,28.0,28.0,35.71,76.4,76.4
74B,pass@6,6.0,23.0,36.0,67.0,29.0,103.0,119.55,500.37,8.74,4372.82,242.93,0.1668,20.0,36.0,36.0,5.56,58.18,58.18
74B,pass@7,8.0,18.0,25.0,47.0,26.0,72.0,99.06,338.43,10.44,3534.73,196.37,0.1128,14.0,38.0,38.0,21.05,69.74,69.74
74B,pass@8,6.0,21.0,24.0,48.0,27.0,72.0,107.75,342.35,6.86,2347.56,130.42,0.1141,13.0,57.0,57.0,14.04,62.55,62.69
74B,pass@9,10.0,25.0,30.0,57.0,35.0,87.0,149.32,446.25,11.4,5087.22,282.62,0.1487,14.0,31.0,31.0,0.0,47.03,47.03
74B,pass@10,8.0,20.0,32.0,60.0,28.0,92.0,110.44,442.28,12.0,5307.32,294.85,0.1474,19.0,49.0,49.0,12.24,61.31,61.44
74B,pass@11,8.0,20.0,25.0,47.0,28.0,72.0,110.44,346.13,9.4,3253.62,180.76,0.1154,13.0,36.0,36.0,11.11,65.02,65.15
74B,pass@12,8.0,19.0,27.0,51.0,27.0,78.0,104.71,370.88,10.74,3982.09,221.23,0.1236,15.0,36.0,36.0,19.44,69.19,69.19
74B,pass@13,7.0,14.0,20.0,37.0,21.0,57.0,72.95,250.36,9.25,2315.85,128.66,0.0835,12.0,34.0,35.0,5.88,61.99,61.99
74B,pass@14,10.0,43.0,36.0,69.0,53.0,105.0,266.55,601.43,8.02,4825.44,268.08,0.2005,16.0,37.0,38.0,24.32,68.87,68.87
74B,pass@15,9.0,22.0,27.0,51.0,31.0,78.0,126.64,386.43,10.43,4031.14,223.95,0.1288,14.0,29.0,29.0,10.34,66.04,66.18
74B,pass@16,7.0,20.0,30.0,58.0,27.0,88.0,106.09,418.43,10.15,4247.07,235.95,0.1395,19.0,44.0,44.0,13.64,63.49,63.49
74B,pass@17,6.0,23.0,30.0,60.0,29.0,90.0,119.55,437.22,7.83,3421.71,190.09,0.1457,16.0,50.0,50.0,10.0,60.11,60.11
74B,pass@18,7.0,18.0,24.0,46.0,25.0,70.0,94.71,325.07,8.94,2907.57,161.53,0.1084,14.0,54.0,54.0,0.0,42.74,42.74
74B,pass@19,7.0,23.0,33.0,60.0,30.0,93.0,123.69,456.34,9.13,4166.59,231.48,0.1521,17.0,36.0,36.0,11.11,63.64,63.77
74B,pass@20,10.0,17.0,33.0,64.0,27.0,97.0,102.71,461.22,18.82,8681.87,482.33,0.1537,17.0,41.0,43.0,12.2,62.79,62.79
74B,pass@21,8.0,18.0,27.0,50.0,26.0,77.0,99.06,361.93,11.11,4021.49,223.42,0.1206,13.0,34.0,36.0,29.41,72.75,72.75
74B,pass@22,8.0,17.0,30.0,56.0,25.0,86.0,93.49,399.37,13.18,5262.31,292.35,0.1331,14.0,31.0,33.0,6.45,61.47,61.47
74B,pass@23,11.0,19.0,26.0,48.0,30.0,74.0,118.76,363.11,13.89,5045.32,280.3,0.121,15.0,35.0,35.0,14.29,67.0,67.0
74B,pass@24,11.0,41.0,57.0,106.0,52.0,163.0,257.71,929.17,14.22,13212.37,734.02,0.3097,27.0,55.0,56.0,9.09,54.55,54.55
74B,pass@25,10.0,22.0,30.0,57.0,32.0,87.0,131.33,435.0,12.95,5635.23,313.07,0.145,15.0,38.0,38.0,23.68,69.78,69.78
74B,pass@26,7.0,17.0,27.0,50.0,24.0,77.0,89.14,353.04,10.29,3634.26,201.9,0.1177,14.0,32.0,32.0,12.5,67.0,67.0
74B,pass@27,5.0,11.0,13.0,26.0,16.0,39.0,49.66,156.0,5.91,921.82,51.21,0.052,7.0,33.0,33.0,30.3,77.15,77.15
74B,pass@28,8.0,24.0,31.0,57.0,32.0,88.0,134.04,440.0,9.5,4180.0,232.22,0.1467,15.0,32.0,32.0,6.25,61.12,61.12
74B,pass@29,6.0,22.0,26.0,47.0,28.0,73.0,113.62,350.94,6.41,2249.19,124.95,0.117,14.0,27.0,27.0,11.11,67.7,67.7
74B,pass@30,10.0,25.0,36.0,71.0,35.0,107.0,149.32,548.83,14.2,7793.43,432.97,0.1829,19.0,33.0,33.0,0.0,45.14,45.14
74B,pass@31,8.0,14.0,27.0,49.0,22.0,76.0,77.3,338.92,14.0,4744.84,263.6,0.113,14.0,45.0,46.0,0.0,44.13,44.13
74B,pass@32,8.0,18.0,28.0,52.0,26.0,80.0,99.06,376.04,11.56,4345.3,241.41,0.1253,0.0,27.0,27.0,7.41,64.36,66.37
77A,pass@1,9.0,51.0,28.0,56.0,60.0,84.0,317.82,496.18,4.94,2451.71,136.21,0.1654,17.0,51.0,51.0,0.0,41.86,41.59
77A,pass@2,9.0,170.0,126.0,252.0,179.0,378.0,1288.13,2828.88,6.67,18870.31,1048.35,0.943,5.0,197.0,198.0,0.0,17.66,25.06
77A,pass@3,10.0,36.0,22.0,43.0,46.0,65.0,219.34,359.03,5.97,2144.22,119.12,0.1197,3.0,43.0,44.0,0.0,44.91,45.86
77A,pass@4,13.0,34.0,20.0,38.0,47.0,58.0,221.08,322.17,7.26,2340.44,130.02,0.1074,9.0,42.0,43.0,0.0,45.33,45.6
77A,pass@5,10.0,46.0,30.0,58.0,56.0,88.0,287.3,511.05,6.3,3221.82,178.99,0.1703,15.0,44.0,44.0,0.0,42.23,43.17
77A,pass@6,11.0,42.0,25.0,47.0,53.0,72.0,264.53,412.41,6.15,2538.29,141.02,0.1375,21.0,58.0,60.0,0.0,40.48,40.07
77A,pass@7,11.0,30.0,18.0,34.0,41.0,52.0,185.26,278.59,6.23,1736.56,96.48,0.0929,13.0,42.0,42.0,0.0,45.86,45.72
77A,pass@8,10.0,37.0,21.0,42.0,47.0,63.0,225.97,349.94,5.68,1986.14,110.34,0.1166,24.0,49.0,43.0,0.0,43.33,43.33
77A,pass@9,10.0,34.0,19.0,38.0,44.0,57.0,206.19,311.19,5.59,1738.99,96.61,0.1037,21.0,44.0,42.0,0.0,44.71,44.31
77A,pass@10,11.0,31.0,17.0,33.0,42.0,50.0,191.63,269.62,5.85,1578.56,87.7,0.0899,6.0,40.0,41.0,0.0,46.05,46.99
77A,pass@11,9.0,25.0,14.0,28.0,34.0,42.0,144.63,213.67,5.04,1076.91,59.83,0.0712,0.0,30.0,31.0,0.0,49.54,51.15
77A,pass@12,11.0,40.0,23.0,46.0,51.0,69.0,250.93,391.4,6.33,2475.59,137.53,0.1305,6.0,40.0,41.0,0.0,44.92,45.86
77A,pass@13,12.0,77.0,56.0,111.0,89.0,167.0,525.56,1081.45,8.65,9353.82,519.66,0.3605,32.0,50.0,50.0,0.0,37.26,37.39
77A,pass@14,11.0,27.0,15.0,29.0,38.0,44.0,166.44,230.91,5.91,1364.07,75.78,0.077,10.0,53.0,53.0,0.0,44.63,44.49
77A,pass@15,13.0,35.0,22.0,42.0,48.0,64.0,227.63,357.44,7.8,2788.01,154.89,0.1191,13.0,42.0,43.0,0.0,44.61,44.74
77A,pass@16,9.0,31.0,21.0,40.0,40.0,61.0,182.11,324.64,5.81,1884.99,104.72,0.1082,25.0,71.0,72.0,0.0,38.94,38.54
77A,pass@17,10.0,36.0,23.0,44.0,46.0,67.0,219.34,370.08,6.11,2261.59,125.64,0.1234,17.0,38.0,40.0,0.0,44.65,44.78
77A,pass@18,11.0,38.0,22.0,42.0,49.0,64.0,237.47,359.34,6.08,2184.42,121.36,0.1198,3.0,38.0,39.0,0.0,45.52,47.0
77A,pass@19,10.0,173.0,121.0,232.0,183.0,353.0,1319.41,2653.04,6.71,17789.18,988.29,0.8843,4.0,138.0,139.0,0.0,22.29,28.74
77A,pass@20,10.0,32.0,17.0,34.0,42.0,51.0,193.22,275.01,5.31,1460.98,81.17,0.0917,14.0,55.0,55.0,0.0,42.67,43.07
77A,pass@21,11.0,24.0,16.0,30.0,35.0,46.0,148.09,235.95,6.88,1622.14,90.12,0.0786,14.0,43.0,43.0,0.0,45.74,45.87
77A,pass@22,11.0,27.0,19.0,37.0,38.0,56.0,166.44,293.88,7.54,2215.01,123.06,0.098,13.0,39.0,40.0,0.0,46.02,46.02
77A,pass@23,9.0,40.0,25.0,48.0,49.0,73.0,241.41,409.87,5.4,2213.32,122.96,0.1366,12.0,36.0,34.0,0.0,46.55,46.68
77A,pass@24,11.0,33.0,18.0,35.0,44.0,53.0,204.52,289.35,5.83,1687.87,93.77,0.0964,12.0,51.0,51.0,0.0,43.77,43.9
77A,pass@25,9.0,26.0,16.0,32.0,35.0,48.0,150.74,246.21,5.54,1363.6,75.76,0.0821,12.0,43.0,45.0,0.0,45.44,45.58
77A,pass@26,10.0,25.0,15.0,28.0,35.0,43.0,149.32,220.56,5.6,1235.13,68.62,0.0735,12.0,43.0,42.0,0.0,46.7,46.57
77A,pass@27,10.0,24.0,14.0,27.0,34.0,41.0,143.26,208.59,5.62,1173.3,65.18,0.0695,14.0,41.0,41.0,0.0,46.83,46.7
77A,pass@28,10.0,24.0,16.0,31.0,34.0,47.0,143.26,239.11,6.46,1544.26,85.79,0.0797,12.0,27.0,28.0,0.0,50.03,50.16
77A,pass@29,10.0,23.0,14.0,26.0,33.0,40.0,137.26,201.78,5.65,1140.47,63.36,0.0673,13.0,43.0,42.0,0.0,46.7,46.7
77A,pass@30,10.0,31.0,17.0,31.0,41.0,48.0,186.8,257.16,5.0,1285.81,71.43,0.0857,25.0,65.0,65.0,0.0,40.62,40.21
77A,pass@31,10.0,26.0,15.0,29.0,36.0,44.0,155.43,227.48,5.58,1268.62,70.48,0.0758,8.0,31.0,30.0,0.0,49.53,50.2
77A,pass@32,10.0,23.0,14.0,26.0,33.0,40.0,137.26,201.78,5.65,1140.47,63.36,0.0673,17.0,43.0,45.0,0.0,45.92,45.51
78A,pass@1,2.0,4.0,2.0,4.0,6.0,6.0,10.0,15.51,1.0,15.51,0.86,0.0052,5.0,8.0,8.0,0.0,71.16,71.29
78A,pass@2,2.0,4.0,2.0,4.0,6.0,6.0,10.0,15.51,1.0,15.51,0.86,0.0052,3.0,9.0,9.0,0.0,70.04,70.44
78A,pass@3,2.0,4.0,2.0,4.0,6.0,6.0,10.0,15.51,1.0,15.51,0.86,0.0052,3.0,9.0,9.0,0.0,70.04,70.44
78A,pass@4,2.0,4.0,2.0,4.0,6.0,6.0,10.0,15.51,1.0,15.51,0.86,0.0052,3.0,9.0,9.0,0.0,70.04,70.44
78A,pass@5,2.0,4.0,2.0,4.0,6.0,6.0,10.0,15.51,1.0,15.51,0.86,0.0052,3.0,9.0,9.0,0.0,70.04,70.44
78A,pass@6,2.0,4.0,2.0,4.0,6.0,6.0,10.0,15.51,1.0,15.51,0.86,0.0052,5.0,8.0,8.0,0.0,71.16,71.29
78A,pass@7,2.0,4.0,2.0,4.0,6.0,6.0,10.0,15.51,1.0,15.51,0.86,0.0052,3.0,9.0,9.0,0.0,70.04,70.44
78A,pass@8,2.0,4.0,2.0,4.0,6.0,6.0,10.0,15.51,1.0,15.51,0.86,0.0052,3.0,9.0,9.0,0.0,70.04,70.44
78A,pass@9,2.0,4.0,2.0,4.0,6.0,6.0,10.0,15.51,1.0,15.51,0.86,0.0052,3.0,9.0,9.0,0.0,70.04,70.44
78A,pass@10,2.0,4.0,2.0,4.0,6.0,6.0,10.0,15.51,1.0,15.51,0.86,0.0052,3.0,9.0,9.0,0.0,70.04,70.44
78A,pass@11,2.0,4.0,2.0,4.0,6.0,6.0,10.0,15.51,1.0,15.51,0.86,0.0052,3.0,9.0,9.0,0.0,70.04,70.44
78A,pass@12,2.0,4.0,2.0,4.0,6.0,6.0,10.0,15.51,1.0,15.51,0.86,0.0052,3.0,9.0,9.0,0.0,70.04,70.44
78A,pass@13,2.0,4.0,2.0,4.0,6.0,6.0,10.0,15.51,1.0,15.51,0.86,0.0052,3.0,9.0,9.0,0.0,70.04,70.44
78A,pass@14,2.0,4.0,2.0,4.0,6.0,6.0,10.0,15.51,1.0,15.51,0.86,0.0052,3.0,9.0,9.0,0.0,70.04,70.44
78A,pass@15,2.0,4.0,2.0,4.0,6.0,6.0,10.0,15.51,1.0,15.51,0.86,0.0052,3.0,9.0,9.0,0.0,70.04,70.44
78A,pass@16,2.0,4.0,2.0,4.0,6.0,6.0,10.0,15.51,1.0,15.51,0.86,0.0052,3.0,9.0,9.0,0.0,70.04,70.44
78A,pass@17,2.0,4.0,2.0,4.0,6.0,6.0,10.0,15.51,1.0,15.51,0.86,0.0052,3.0,9.0,9.0,0.0,70.04,70.44
78A,pass@18,2.0,4.0,2.0,4.0,6.0,6.0,10.0,15.51,1.0,15.51,0.86,0.0052,3.0,9.0,9.0,0.0,70.04,70.44
78A,pass@19,2.0,4.0,2.0,4.0,6.0,6.0,10.0,15.51,1.0,15.51,0.86,0.0052,3.0,9.0,9.0,0.0,70.04,70.44
78A,pass@20,2.0,4.0,2.0,4.0,6.0,6.0,10.0,15.51,1.0,15.51,0.86,0.0052,5.0,8.0,8.0,0.0,71.16,71.29
78A,pass@21,2.0,4.0,2.0,4.0,6.0,6.0,10.0,15.51,1.0,15.51,0.86,0.0052,7.0,11.0,11.0,0.0,68.14,68.0
78A,pass@22,2.0,4.0,2.0,4.0,6.0,6.0,10.0,15.51,1.0,15.51,0.86,0.0052,5.0,8.0,8.0,0.0,71.16,71.29
78A,pass@23,2.0,4.0,2.0,4.0,6.0,6.0,10.0,15.51,1.0,15.51,0.86,0.0052,3.0,9.0,9.0,0.0,70.04,70.44
78A,pass@24,2.0,4.0,2.0,4.0,6.0,6.0,10.0,15.51,1.0,15.51,0.86,0.0052,3.0,9.0,9.0,0.0,70.04,70.44
78A,pass@25,2.0,4.0,2.0,4.0,6.0,6.0,10.0,15.51,1.0,15.51,0.86,0.0052,3.0,9.0,9.0,0.0,70.04,70.44
78A,pass@26,2.0,4.0,2.0,4.0,6.0,6.0,10.0,15.51,1.0,15.51,0.86,0.0052,3.0,9.0,9.0,0.0,70.04,70.44
78A,pass@27,2.0,4.0,2.0,4.0,6.0,6.0,10.0,15.51,1.0,15.51,0.86,0.0052,3.0,9.0,9.0,0.0,70.04,70.44
78A,pass@28,2.0,4.0,2.0,4.0,6.0,6.0,10.0,15.51,1.0,15.51,0.86,0.0052,3.0,9.0,9.0,0.0,70.04,70.44
78A,pass@29,2.0,4.0,2.0,4.0,6.0,6.0,10.0,15.51,1.0,15.51,0.86,0.0052,7.0,11.0,11.0,0.0,68.14,68.0
78A,pass@30,3.0,10.0,5.0,11.0,13.0,16.0,37.97,59.21,1.65,97.69,5.43,0.0197,6.0,9.0,9.0,0.0,65.97,65.97
78A,pass@31,3.0,10.0,5.0,11.0,13.0,16.0,37.97,59.21,1.65,97.69,5.43,0.0197,6.0,12.0,12.0,0.0,63.24,63.24
78A,pass@32,2.0,4.0,2.0,4.0,6.0,6.0,10.0,15.51,1.0,15.51,0.86,0.0052,5.0,9.0,9.0,0.0,70.04,70.18
79B,pass@1,7.0,27.0,21.0,42.0,34.0,63.0,148.03,320.51,5.44,1745.0,96.94,0.1068,8.0,34.0,34.0,2.94,57.87,58.14
79B,pass@3,5.0,14.0,12.0,24.0,19.0,36.0,64.91,152.93,4.29,655.39,36.41,0.051,4.0,48.0,48.0,0.0,47.36,47.49
79B,pass@5,5.0,17.0,11.0,22.0,22.0,33.0,81.1,147.16,3.24,476.11,26.45,0.0491,0.0,17.0,17.0,0.0,57.44,57.98
79B,pass@6,4.0,9.0,7.0,14.0,13.0,21.0,36.53,77.71,3.11,241.76,13.43,0.0259,4.0,19.0,19.0,0.0,58.33,58.33
79B,pass@8,8.0,19.0,16.0,32.0,27.0,48.0,104.71,228.23,6.74,1537.58,85.42,0.0761,6.0,29.0,29.0,0.0,50.64,50.78
79B,pass@9,5.0,14.0,12.0,24.0,19.0,36.0,64.91,152.93,4.29,655.39,36.41,0.051,4.0,29.0,29.0,0.0,52.13,52.27
79B,pass@10,4.0,6.0,4.0,8.0,10.0,12.0,23.51,39.86,2.67,106.3,5.91,0.0133,0.0,16.0,16.0,0.0,61.99,62.53
79B,pass@11,5.0,13.0,12.0,24.0,18.0,36.0,59.72,150.12,4.62,692.85,38.49,0.05,4.0,29.0,29.0,0.0,52.19,52.32
79B,pass@12,5.0,13.0,12.0,24.0,18.0,36.0,59.72,150.12,4.62,692.85,38.49,0.05,4.0,26.0,29.0,0.0,52.19,52.32
79B,pass@13,6.0,17.0,19.0,38.0,23.0,57.0,85.0,257.84,6.71,1729.07,96.06,0.0859,7.0,37.0,37.0,0.0,47.7,47.97
79B,pass@14,5.0,14.0,12.0,24.0,19.0,36.0,64.91,152.93,4.29,655.39,36.41,0.051,4.0,40.0,40.0,0.0,49.08,49.22
79B,pass@15,4.0,13.0,16.0,32.0,17.0,48.0,56.11,196.2,4.92,965.9,53.66,0.0654,4.0,30.0,30.0,0.0,51.19,51.19
79B,pass@16,4.0,6.0,4.0,8.0,10.0,12.0,23.51,39.86,2.67,106.3,5.91,0.0133,0.0,19.0,19.0,0.0,60.23,60.9
79B,pass@17,9.0,26.0,22.0,43.0,35.0,65.0,150.74,333.4,7.44,2481.29,137.85,0.1111,10.0,27.0,28.0,0.0,49.29,49.42
79B,pass@18,6.0,23.0,19.0,38.0,29.0,57.0,119.55,276.9,4.96,1372.49,76.25,0.0923,9.0,22.0,24.0,0.0,51.45,51.58
79B,pass@19,9.0,23.0,20.0,40.0,32.0,60.0,132.57,300.0,7.83,2347.83,130.43,0.1,8.0,30.0,30.0,0.0,49.36,49.36
79B,pass@21,8.0,25.0,24.0,48.0,33.0,72.0,140.1,363.2,7.68,2789.35,154.96,0.1211,12.0,32.0,32.0,0.0,47.63,47.63
79B,pass@22,5.0,13.0,10.0,20.0,18.0,30.0,59.72,125.1,3.85,481.15,26.73,0.0417,5.0,25.0,28.0,0.0,53.07,53.07
79B,pass@23,3.0,6.0,3.0,6.0,9.0,9.0,20.26,28.53,1.5,42.79,2.38,0.0095,0.0,14.0,14.0,0.0,64.27,64.81
79B,pass@24,7.0,17.0,13.0,26.0,24.0,39.0,89.14,178.81,5.35,957.18,53.18,0.0596,11.0,25.0,26.0,0.0,51.61,51.88
79B,pass@25,5.0,22.0,20.0,40.0,27.0,60.0,109.72,285.29,4.55,1296.79,72.04,0.0951,6.0,25.0,26.0,0.0,50.87,51.13
79B,pass@26,6.0,21.0,16.0,32.0,27.0,48.0,107.75,228.23,4.57,1043.36,57.96,0.0761,5.0,23.0,23.0,0.0,53.11,53.11
79B,pass@27,3.0,6.0,3.0,6.0,9.0,9.0,20.26,28.53,1.5,42.79,2.38,0.0095,0.0,16.0,16.0,0.0,63.01,63.54
79B,pass@28,4.0,22.0,18.0,36.0,26.0,54.0,106.11,253.82,3.27,830.7,46.15,0.0846,6.0,30.0,30.0,0.0,50.0,50.13
79B,pass@30,5.0,15.0,16.0,32.0,20.0,48.0,70.21,207.45,5.33,1106.41,61.47,0.0692,4.0,30.0,30.0,0.0,50.88,51.02
79B,pass@31,3.0,8.0,7.0,14.0,11.0,21.0,28.75,72.65,2.62,190.7,10.59,0.0242,4.0,21.0,21.0,0.0,57.59,57.59
8E,pass@1,5.0,9.0,7.0,14.0,14.0,21.0,40.14,79.95,3.89,310.93,17.27,0.0267,5.0,22.0,21.0,0.0,57.3,57.16
8E,pass@2,5.0,7.0,8.0,13.0,12.0,21.0,31.26,75.28,4.64,349.53,19.42,0.0251,8.0,16.0,17.0,0.0,59.08,58.94
8E,pass@3,3.0,4.0,5.0,7.0,7.0,12.0,12.75,33.69,2.62,88.43,4.91,0.0112,7.0,22.0,24.0,0.0,58.66,58.26
8E,pass@4,4.0,6.0,6.0,9.0,10.0,15.0,23.51,49.83,3.0,149.49,8.3,0.0166,3.0,25.0,27.0,0.0,56.49,56.49
8E,pass@5,5.0,10.0,8.0,13.0,15.0,21.0,44.83,82.04,3.25,266.65,14.81,0.0273,7.0,23.0,25.0,0.0,55.3,55.16
8E,pass@6,5.0,8.0,7.0,11.0,13.0,18.0,35.61,66.61,3.44,228.96,12.72,0.0222,5.0,23.0,25.0,0.0,56.2,56.06
8E,pass@7,4.0,6.0,8.0,13.0,10.0,21.0,23.51,69.76,4.33,302.3,16.79,0.0233,7.0,14.0,16.0,0.0,60.02,59.88
8E,pass@8,3.0,5.0,7.0,11.0,8.0,18.0,16.36,54.0,3.3,178.2,9.9,0.018,6.0,20.0,16.0,0.0,60.93,60.8
8E,pass@9,3.0,4.0,5.0,7.0,7.0,12.0,12.75,33.69,2.62,88.43,4.91,0.0112,4.0,17.0,18.0,0.0,61.52,61.38
8E,pass@10,4.0,6.0,6.0,10.0,10.0,16.0,23.51,53.15,3.33,177.17,9.84,0.0177,3.0,14.0,15.0,0.0,61.86,61.86
8E,pass@11,7.0,10.0,9.0,16.0,17.0,25.0,52.87,102.19,5.6,572.24,31.79,0.0341,10.0,17.0,18.0,0.0,57.34,57.2
8E,pass@12,5.0,9.0,8.0,13.0,14.0,21.0,40.14,79.95,3.61,288.72,16.04,0.0267,4.0,22.0,25.0,0.0,55.64,55.64
8E,pass@13,5.0,7.0,7.0,11.0,12.0,18.0,31.26,64.53,3.93,253.51,14.08,0.0215,3.0,17.0,19.0,0.0,59.03,59.03
8E,pass@14,4.0,6.0,6.0,9.0,10.0,15.0,23.51,49.83,3.0,149.49,8.3,0.0166,5.0,17.0,19.0,0.0,59.82,59.55
8E,pass@15,3.0,4.0,5.0,7.0,7.0,12.0,12.75,33.69,2.62,88.43,4.91,0.0112,6.0,21.0,23.0,0.0,59.06,58.79
8E,pass@16,4.0,8.0,7.0,11.0,12.0,18.0,32.0,64.53,2.75,177.46,9.86,0.0215,7.0,18.0,20.0,22.22,82.24,82.24
8E,pass@17,5.0,8.0,6.0,10.0,13.0,16.0,35.61,59.21,3.12,185.02,10.28,0.0197,8.0,18.0,19.0,0.0,58.89,58.62
8E,pass@18,3.0,4.0,4.0,6.0,7.0,10.0,12.75,28.07,2.25,63.17,3.51,0.0094,3.0,17.0,18.0,0.0,62.07,62.07
8E,pass@19,3.0,4.0,5.0,7.0,7.0,12.0,12.75,33.69,2.62,88.43,4.91,0.0112,3.0,14.0,14.0,21.43,87.84,87.84
8E,pass@20,3.0,5.0,6.0,9.0,8.0,15.0,16.36,45.0,2.7,121.5,6.75,0.015,3.0,13.0,14.0,0.0,63.02,63.02
8E,pass@21,4.0,6.0,5.0,8.0,10.0,13.0,23.51,43.19,2.67,115.16,6.4,0.0144,3.0,13.0,14.0,0.0,63.14,63.14
8E,pass@22,5.0,8.0,7.0,11.0,13.0,18.0,35.61,66.61,3.44,228.96,12.72,0.0222,3.0,15.0,17.0,0.0,59.99,59.99
8E,pass@23,3.0,4.0,5.0,7.0,7.0,12.0,12.75,33.69,2.62,88.43,4.91,0.0112,5.0,14.0,15.0,0.0,63.11,62.98
8E,pass@24,3.0,4.0,5.0,7.0,7.0,12.0,12.75,33.69,2.62,88.43,4.91,0.0112,4.0,16.0,17.0,0.0,62.06,61.93
8E,pass@25,5.0,8.0,8.0,14.0,13.0,22.0,35.61,81.41,4.38,356.17,19.79,0.0271,4.0,16.0,17.0,0.0,59.24,59.24
8E,pass@26,6.0,10.0,12.0,20.0,16.0,32.0,48.73,128.0,6.0,768.0,42.67,0.0427,4.0,19.0,15.0,0.0,59.05,59.05
8E,pass@27,6.0,11.0,9.0,15.0,17.0,24.0,53.56,98.1,4.09,401.31,22.3,0.0327,6.0,16.0,18.0,0.0,58.0,57.86
8E,pass@28,4.0,6.0,5.0,8.0,10.0,13.0,23.51,43.19,2.67,115.16,6.4,0.0144,7.0,19.0,21.0,0.0,59.03,58.77
8E,pass@29,4.0,5.0,6.0,9.0,9.0,15.0,19.61,47.55,3.6,171.18,9.51,0.0158,4.0,16.0,18.0,0.0,60.47,60.34
8E,pass@30,3.0,4.0,5.0,7.0,7.0,12.0,12.75,33.69,2.62,88.43,4.91,0.0112,4.0,14.0,15.0,0.0,63.25,63.11
8E,pass@31,4.0,6.0,6.0,9.0,10.0,15.0,23.51,49.83,3.0,149.49,8.3,0.0166,4.0,15.0,17.0,0.0,60.87,60.74
8E,pass@32,5.0,8.0,8.0,12.0,13.0,20.0,35.61,74.01,3.75,277.53,15.42,0.0247,9.0,20.0,22.0,0.0,56.69,56.42
85A,pass@1,3.0,13.0,11.0,22.0,16.0,33.0,52.86,132.0,2.54,335.08,18.62,0.044,7.0,26.0,26.0,0.0,53.34,53.34
85A,pass@2,4.0,10.0,8.0,16.0,14.0,24.0,41.22,91.38,3.2,292.4,16.24,0.0305,0.0,16.0,16.0,0.0,59.2,60.0
85A,pass@3,3.0,6.0,6.0,12.0,9.0,18.0,20.26,57.06,3.0,171.18,9.51,0.019,5.0,15.0,15.0,0.0,61.37,61.37
85A,pass@4,5.0,39.0,37.0,74.0,44.0,111.0,217.74,606.0,4.74,2874.6,159.7,0.202,6.0,24.0,24.0,16.67,71.49,71.49
85A,pass@5,4.0,18.0,17.0,34.0,22.0,51.0,83.06,227.43,3.78,859.18,47.73,0.0758,4.0,17.0,17.0,0.0,56.12,56.12
85A,pass@6,4.0,37.0,36.0,72.0,41.0,108.0,200.75,578.62,3.89,2251.91,125.11,0.1929,6.0,37.0,38.0,0.0,45.39,45.39
85A,pass@7,5.0,45.0,43.0,86.0,50.0,129.0,258.74,728.06,4.78,3478.5,193.25,0.2427,4.0,28.0,28.0,0.0,47.85,47.85
85A,pass@8,4.0,12.0,16.0,32.0,16.0,48.0,51.02,192.0,5.33,1024.0,56.89,0.064,6.0,19.0,19.0,0.0,55.31,55.31
85A,pass@9,5.0,34.0,31.0,60.0,39.0,91.0,184.58,480.97,4.41,2121.93,117.89,0.1603,5.0,22.0,23.0,0.0,50.57,50.84
85A,pass@10,5.0,23.0,22.0,44.0,28.0,66.0,115.65,317.29,4.78,1517.45,84.3,0.1058,4.0,24.0,24.0,0.0,51.84,51.84
85A,pass@11,6.0,9.0,9.0,18.0,15.0,27.0,44.04,105.49,6.0,632.92,35.16,0.0352,6.0,16.0,16.0,0.0,58.76,58.76
85A,pass@12,4.0,20.0,12.0,24.0,24.0,36.0,94.44,165.06,2.4,396.14,22.01,0.055,4.0,20.0,20.0,0.0,55.55,55.55
85A,pass@13,4.0,32.0,20.0,40.0,36.0,60.0,168.0,310.2,2.5,775.49,43.08,0.1034,5.0,23.0,23.0,17.39,74.41,74.41
85A,pass@14,3.0,19.0,29.0,58.0,22.0,87.0,85.47,387.97,4.58,1776.5,98.69,0.1293,4.0,33.0,34.0,0.0,47.93,47.93
85A,pass@15,4.0,42.0,32.0,64.0,46.0,96.0,234.48,530.26,3.05,1616.04,89.78,0.1768,4.0,24.0,24.0,0.0,50.28,50.28
85A,pass@16,3.0,11.0,28.0,56.0,14.0,84.0,42.81,319.82,7.64,2442.25,135.68,0.1066,7.0,50.0,50.0,0.0,44.46,44.46
85A,pass@17,4.0,21.0,20.0,40.0,25.0,60.0,100.24,278.63,3.81,1061.45,58.97,0.0929,5.0,15.0,16.0,0.0,55.94,55.94
85A,pass@18,4.0,31.0,27.0,54.0,35.0,81.0,161.58,415.47,3.48,1447.45,80.41,0.1385,6.0,21.0,21.0,0.0,52.02,52.02
85A,pass@19,4.0,15.0,13.0,26.0,19.0,39.0,66.6,165.67,3.47,574.32,31.91,0.0552,5.0,16.0,16.0,0.0,57.52,57.52
85A,pass@20,5.0,20.0,18.0,34.0,25.0,52.0,98.05,241.48,4.25,1026.29,57.02,0.0805,5.0,16.0,16.0,0.0,56.24,56.38
85A,pass@21,3.0,58.0,39.0,78.0,61.0,117.0,344.52,693.9,2.02,1399.76,77.76,0.2313,8.0,35.0,39.0,0.0,44.32,44.32
85A,pass@22,6.0,31.0,37.0,76.0,37.0,113.0,169.09,588.67,7.35,4329.56,240.53,0.1962,0.0,45.0,45.0,0.0,42.39,44.54
85A,pass@23,3.0,10.0,11.0,22.0,13.0,33.0,37.97,122.11,3.3,402.98,22.39,0.0407,8.0,20.0,20.0,0.0,55.93,55.93
85A,pass@24,4.0,32.0,48.0,96.0,36.0,144.0,168.0,744.47,6.0,4466.82,248.16,0.2482,12.0,64.0,65.0,0.0,38.73,38.73
85A,pass@25,6.0,13.0,28.0,56.0,19.0,84.0,63.62,356.83,12.92,4611.29,256.18,0.1189,6.0,29.0,29.0,0.0,49.42,49.42
85A,pass@26,4.0,21.0,15.0,30.0,25.0,45.0,100.24,208.97,2.86,597.07,33.17,0.0697,5.0,15.0,15.0,0.0,57.43,57.43
85A,pass@27,5.0,13.0,12.0,23.0,18.0,35.0,59.72,145.95,4.42,645.54,35.86,0.0486,6.0,18.0,18.0,0.0,56.66,56.66
85A,pass@28,3.0,7.0,9.0,18.0,10.0,27.0,24.41,89.69,3.86,345.96,19.22,0.0299,5.0,17.0,17.0,0.0,58.81,58.81
85A,pass@29,7.0,25.0,24.0,48.0,32.0,72.0,135.75,360.0,6.72,2419.2,134.4,0.12,6.0,33.0,33.0,0.0,48.17,48.17
85A,pass@30,4.0,41.0,28.0,56.0,45.0,84.0,227.66,461.32,2.73,1260.18,70.01,0.1538,8.0,17.0,18.0,0.0,52.89,52.89
85A,pass@31,7.0,13.0,26.0,43.0,20.0,69.0,67.76,298.21,11.58,3452.39,191.8,0.0994,7.0,23.0,23.0,0.0,52.03,52.03
85A,pass@32,6.0,18.0,15.0,30.0,24.0,45.0,90.57,206.32,5.0,1031.62,57.31,0.0688,0.0,17.0,20.0,0.0,54.61,55.41
86A,pass@1,4.0,8.0,4.0,8.0,12.0,12.0,32.0,43.02,2.0,86.04,4.78,0.0143,5.0,12.0,12.0,0.0,64.48,64.35
86A,pass@2,3.0,6.0,3.0,6.0,9.0,9.0,20.26,28.53,1.5,42.79,2.38,0.0095,4.0,9.0,9.0,0.0,68.59,68.46
86A,pass@3,4.0,8.0,4.0,8.0,12.0,12.0,32.0,43.02,2.0,86.04,4.78,0.0143,5.0,12.0,12.0,0.0,64.48,64.35
86A,pass@4,4.0,8.0,4.0,8.0,12.0,12.0,32.0,43.02,2.0,86.04,4.78,0.0143,5.0,11.0,11.0,0.0,65.31,65.17
86A,pass@5,4.0,8.0,4.0,8.0,12.0,12.0,32.0,43.02,2.0,86.04,4.78,0.0143,5.0,11.0,11.0,0.0,65.31,65.17
86A,pass@6,3.0,6.0,3.0,6.0,9.0,9.0,20.26,28.53,1.5,42.79,2.38,0.0095,4.0,9.0,9.0,0.0,68.59,68.46
86A,pass@7,4.0,8.0,4.0,8.0,12.0,12.0,32.0,43.02,2.0,86.04,4.78,0.0143,5.0,11.0,11.0,0.0,65.31,65.17
86A,pass@8,4.0,8.0,4.0,8.0,12.0,12.0,32.0,43.02,2.0,86.04,4.78,0.0143,5.0,11.0,11.0,0.0,65.31,65.17
86A,pass@9,4.0,8.0,4.0,8.0,12.0,12.0,32.0,43.02,2.0,86.04,4.78,0.0143,5.0,12.0,12.0,16.67,86.37,86.24
86A,pass@10,4.0,8.0,4.0,8.0,12.0,12.0,32.0,43.02,2.0,86.04,4.78,0.0143,5.0,12.0,12.0,0.0,64.48,64.35
86A,pass@11,4.0,8.0,4.0,8.0,12.0,12.0,32.0,43.02,2.0,86.04,4.78,0.0143,5.0,11.0,11.0,0.0,65.31,65.17
86A,pass@12,4.0,8.0,4.0,8.0,12.0,12.0,32.0,43.02,2.0,86.04,4.78,0.0143,5.0,12.0,12.0,0.0,64.48,64.35
86A,pass@13,4.0,8.0,4.0,8.0,12.0,12.0,32.0,43.02,2.0,86.04,4.78,0.0143,5.0,12.0,12.0,0.0,64.48,64.35
86A,pass@14,4.0,8.0,4.0,8.0,12.0,12.0,32.0,43.02,2.0,86.04,4.78,0.0143,5.0,12.0,12.0,0.0,64.48,64.35
86A,pass@15,4.0,8.0,4.0,8.0,12.0,12.0,32.0,43.02,2.0,86.04,4.78,0.0143,5.0,11.0,11.0,0.0,65.31,65.17
86A,pass@16,4.0,8.0,4.0,8.0,12.0,12.0,32.0,43.02,2.0,86.04,4.78,0.0143,5.0,12.0,12.0,0.0,64.48,64.35
86A,pass@17,4.0,8.0,4.0,8.0,12.0,12.0,32.0,43.02,2.0,86.04,4.78,0.0143,5.0,12.0,12.0,0.0,64.48,64.35
86A,pass@18,4.0,8.0,4.0,8.0,12.0,12.0,32.0,43.02,2.0,86.04,4.78,0.0143,5.0,12.0,12.0,0.0,64.48,64.35
86A,pass@19,4.0,8.0,4.0,8.0,12.0,12.0,32.0,43.02,2.0,86.04,4.78,0.0143,5.0,11.0,11.0,0.0,65.31,65.17
86A,pass@20,4.0,8.0,4.0,8.0,12.0,12.0,32.0,43.02,2.0,86.04,4.78,0.0143,5.0,12.0,12.0,0.0,64.48,64.35
86A,pass@21,4.0,8.0,4.0,8.0,12.0,12.0,32.0,43.02,2.0,86.04,4.78,0.0143,5.0,12.0,12.0,0.0,64.48,64.35
86A,pass@22,4.0,8.0,4.0,8.0,12.0,12.0,32.0,43.02,2.0,86.04,4.78,0.0143,5.0,11.0,11.0,0.0,65.31,65.17
86A,pass@23,4.0,8.0,4.0,8.0,12.0,12.0,32.0,43.02,2.0,86.04,4.78,0.0143,5.0,12.0,12.0,0.0,64.48,64.35
86A,pass@24,4.0,8.0,4.0,8.0,12.0,12.0,32.0,43.02,2.0,86.04,4.78,0.0143,5.0,12.0,12.0,0.0,64.48,64.35
86A,pass@25,4.0,8.0,4.0,8.0,12.0,12.0,32.0,43.02,2.0,86.04,4.78,0.0143,5.0,12.0,12.0,0.0,64.48,64.35
86A,pass@26,4.0,8.0,4.0,8.0,12.0,12.0,32.0,43.02,2.0,86.04,4.78,0.0143,5.0,13.0,13.0,0.0,63.72,63.59
86A,pass@27,4.0,8.0,4.0,8.0,12.0,12.0,32.0,43.02,2.0,86.04,4.78,0.0143,5.0,12.0,12.0,0.0,64.48,64.35
86A,pass@28,4.0,8.0,4.0,8.0,12.0,12.0,32.0,43.02,2.0,86.04,4.78,0.0143,5.0,12.0,12.0,0.0,64.48,64.35
86A,pass@29,4.0,8.0,4.0,8.0,12.0,12.0,32.0,43.02,2.0,86.04,4.78,0.0143,5.0,12.0,12.0,0.0,64.48,64.35
86A,pass@30,4.0,8.0,4.0,8.0,12.0,12.0,32.0,43.02,2.0,86.04,4.78,0.0143,5.0,11.0,11.0,0.0,65.31,65.17
86A,pass@31,4.0,8.0,4.0,8.0,12.0,12.0,32.0,43.02,2.0,86.04,4.78,0.0143,5.0,12.0,12.0,0.0,64.48,64.35
86A,pass@32,4.0,8.0,4.0,8.0,12.0,12.0,32.0,43.02,2.0,86.04,4.78,0.0143,5.0,13.0,13.0,0.0,63.72,63.59
90B,pass@1,3.0,9.0,5.0,10.0,12.0,15.0,33.28,53.77,1.67,89.62,4.98,0.0179,0.0,16.0,16.0,0.0,60.0,61.62
90B,pass@2,4.0,11.0,8.0,16.0,15.0,24.0,46.05,93.77,2.91,272.77,15.15,0.0313,9.0,20.0,21.0,0.0,56.0,56.14
90B,pass@3,3.0,9.0,6.0,12.0,12.0,18.0,33.28,64.53,2.0,129.06,7.17,0.0215,9.0,20.0,21.0,0.0,57.27,57.27
90B,pass@4,4.0,10.0,7.0,14.0,14.0,21.0,41.22,79.95,2.8,223.87,12.44,0.0267,12.0,24.0,24.0,0.0,54.95,54.95
90B,pass@5,3.0,7.0,5.0,10.0,10.0,15.0,24.41,49.83,2.14,106.78,5.93,0.0166,9.0,18.0,18.0,0.0,59.39,59.52
90B,pass@6,3.0,7.0,5.0,10.0,10.0,15.0,24.41,49.83,2.14,106.78,5.93,0.0166,0.0,16.0,16.0,12.5,80.06,81.4
90B,pass@7,3.0,7.0,5.0,10.0,10.0,15.0,24.41,49.83,2.14,106.78,5.93,0.0166,9.0,18.0,18.0,0.0,59.39,59.52
90B,pass@8,2.0,5.0,3.0,6.0,7.0,9.0,13.61,25.27,1.2,30.32,1.68,0.0084,8.0,16.0,17.0,18.75,85.12,85.12
90B,pass@9,3.0,7.0,5.0,10.0,10.0,15.0,24.41,49.83,2.14,106.78,5.93,0.0166,13.0,26.0,28.0,0.0,54.8,54.8
90B,pass@10,3.0,7.0,5.0,10.0,10.0,15.0,24.41,49.83,2.14,106.78,5.93,0.0166,9.0,18.0,18.0,0.0,59.39,59.52
90B,pass@11,3.0,7.0,5.0,10.0,10.0,15.0,24.41,49.83,2.14,106.78,5.93,0.0166,7.0,19.0,22.0,0.0,57.89,57.89
90B,pass@12,3.0,7.0,5.0,10.0,10.0,15.0,24.41,49.83,2.14,106.78,5.93,0.0166,9.0,18.0,18.0,0.0,59.39,59.52
90B,pass@13,3.0,7.0,5.0,10.0,10.0,15.0,24.41,49.83,2.14,106.78,5.93,0.0166,0.0,16.0,16.0,0.0,60.5,61.85
90B,pass@14,3.0,7.0,5.0,10.0,10.0,15.0,24.41,49.83,2.14,106.78,5.93,0.0166,0.0,16.0,16.0,0.0,60.5,61.85
90B,pass@15,3.0,7.0,5.0,10.0,10.0,15.0,24.41,49.83,2.14,106.78,5.93,0.0166,9.0,18.0,18.0,0.0,59.39,59.52
90B,pass@16,3.0,7.0,5.0,10.0,10.0,15.0,24.41,49.83,2.14,106.78,5.93,0.0166,0.0,16.0,16.0,0.0,60.5,61.85
90B,pass@17,3.0,7.0,5.0,10.0,10.0,15.0,24.41,49.83,2.14,106.78,5.93,0.0166,9.0,18.0,18.0,0.0,59.39,59.52
90B,pass@18,3.0,7.0,5.0,10.0,10.0,15.0,24.41,49.83,2.14,106.78,5.93,0.0166,0.0,16.0,16.0,0.0,60.5,61.85
90B,pass@19,3.0,7.0,5.0,10.0,10.0,15.0,24.41,49.83,2.14,106.78,5.93,0.0166,0.0,16.0,16.0,12.5,80.06,81.4
90B,pass@20,2.0,5.0,3.0,6.0,7.0,9.0,13.61,25.27,1.2,30.32,1.68,0.0084,8.0,14.0,14.0,21.43,87.91,88.04
90B,pass@21,3.0,7.0,5.0,10.0,10.0,15.0,24.41,49.83,2.14,106.78,5.93,0.0166,9.0,20.0,21.0,0.0,58.06,58.06
90B,pass@22,3.0,7.0,5.0,10.0,10.0,15.0,24.41,49.83,2.14,106.78,5.93,0.0166,0.0,16.0,16.0,0.0,60.5,61.85
90B,pass@23,3.0,7.0,5.0,10.0,10.0,15.0,24.41,49.83,2.14,106.78,5.93,0.0166,0.0,16.0,16.0,12.5,80.06,81.4
90B,pass@24,3.0,9.0,5.0,10.0,12.0,15.0,33.28,53.77,1.67,89.62,4.98,0.0179,11.0,22.0,24.0,0.0,56.3,56.3
90B,pass@25,3.0,7.0,5.0,10.0,10.0,15.0,24.41,49.83,2.14,106.78,5.93,0.0166,0.0,16.0,16.0,0.0,60.5,61.85
90B,pass@26,3.0,7.0,5.0,10.0,10.0,15.0,24.41,49.83,2.14,106.78,5.93,0.0166,0.0,16.0,16.0,0.0,60.5,61.85
90B,pass@27,3.0,9.0,6.0,12.0,12.0,18.0,33.28,64.53,2.0,129.06,7.17,0.0215,10.0,21.0,22.0,0.0,56.56,56.7
90B,pass@28,3.0,7.0,5.0,10.0,10.0,15.0,24.41,49.83,2.14,106.78,5.93,0.0166,0.0,16.0,16.0,0.0,60.5,61.85
90B,pass@29,3.0,11.0,7.0,14.0,14.0,21.0,42.81,79.95,1.91,152.64,8.48,0.0267,10.0,24.0,24.0,0.0,55.09,55.22
90B,pass@30,3.0,7.0,5.0,10.0,10.0,15.0,24.41,49.83,2.14,106.78,5.93,0.0166,9.0,18.0,18.0,0.0,59.39,59.52
90B,pass@31,2.0,7.0,4.0,8.0,9.0,12.0,21.65,38.04,1.14,43.47,2.42,0.0127,7.0,17.0,18.0,0.0,60.48,60.61
90B,pass@32,3.0,7.0,5.0,10.0,10.0,15.0,24.41,49.83,2.14,106.78,5.93,0.0166,0.0,16.0,16.0,0.0,60.5,61.85
93A,pass@1,5.0,17.0,11.0,22.0,22.0,33.0,81.1,147.16,3.24,476.11,26.45,0.0491,2.0,11.0,11.0,0.0,61.84,61.84
93A,pass@2,6.0,16.0,16.0,32.0,22.0,48.0,79.51,214.05,6.0,1284.32,71.35,0.0714,6.0,21.0,21.0,0.0,54.03,54.03
93A,pass@3,5.0,17.0,13.0,26.0,22.0,39.0,81.1,173.92,3.82,664.98,36.94,0.058,2.0,13.0,13.0,23.08,84.28,84.28
93A,pass@4,7.0,22.0,22.0,44.0,29.0,66.0,117.76,320.63,7.0,2244.39,124.69,0.1069,6.0,18.0,18.0,0.0,54.26,54.26
93A,pass@5,6.0,25.0,22.0,44.0,31.0,66.0,131.61,326.98,5.28,1726.44,95.91,0.109,6.0,21.0,21.0,0.0,52.74,52.74
93A,pass@6,8.0,24.0,19.0,38.0,32.0,57.0,134.04,285.0,6.33,1805.0,100.28,0.095,5.0,16.0,16.0,0.0,55.87,55.87
93A,pass@7,6.0,18.0,13.0,26.0,24.0,39.0,90.57,178.81,4.33,774.86,43.05,0.0596,3.0,15.0,15.0,0.0,58.17,58.17
93A,pass@8,6.0,16.0,13.0,26.0,22.0,39.0,79.51,173.92,4.88,847.85,47.1,0.058,4.0,20.0,20.0,0.0,55.39,55.39
93A,pass@9,8.0,27.0,23.0,46.0,35.0,69.0,152.38,353.92,6.81,2411.9,133.99,0.118,6.0,17.0,17.0,0.0,54.5,54.5
93A,pass@10,3.0,9.0,6.0,12.0,12.0,18.0,33.28,64.53,2.0,129.06,7.17,0.0215,1.0,7.0,7.0,0.0,68.76,68.76
93A,pass@11,3.0,9.0,6.0,12.0,12.0,18.0,33.28,64.53,2.0,129.06,7.17,0.0215,1.0,6.0,6.0,0.0,70.22,70.22
93A,pass@12,4.0,10.0,7.0,14.0,14.0,21.0,41.22,79.95,2.8,223.87,12.44,0.0267,2.0,13.0,13.0,23.08,86.64,86.64
93A,pass@13,5.0,15.0,15.0,30.0,20.0,45.0,70.21,194.49,5.0,972.43,54.02,0.0648,1.0,18.0,18.0,0.0,56.46,56.46
93A,pass@14,4.0,10.0,6.0,12.0,14.0,18.0,41.22,68.53,2.4,164.48,9.14,0.0228,2.0,11.0,11.0,0.0,64.16,64.16
93A,pass@15,6.0,15.0,14.0,28.0,21.0,42.0,74.11,184.48,5.6,1033.07,57.39,0.0615,4.0,15.0,15.0,0.0,57.94,57.94
93A,pass@16,7.0,15.0,12.0,24.0,22.0,36.0,78.25,160.54,5.6,899.02,49.95,0.0535,1.0,7.0,7.0,0.0,65.99,65.99
93A,pass@17,6.0,18.0,14.0,28.0,24.0,42.0,90.57,192.57,4.67,898.65,49.93,0.0642,4.0,21.0,21.0,0.0,54.62,54.62
93A,pass@18,6.0,15.0,10.0,20.0,21.0,30.0,74.11,131.77,4.0,527.08,29.28,0.0439,4.0,15.0,15.0,20.0,82.34,82.34
93A,pass@19,5.0,15.0,11.0,22.0,20.0,33.0,70.21,142.62,3.67,522.95,29.05,0.0475,4.0,16.0,16.0,0.0,58.11,58.11
93A,pass@20,3.0,9.0,6.0,12.0,12.0,18.0,33.28,64.53,2.0,129.06,7.17,0.0215,1.0,7.0,7.0,0.0,68.76,68.76
93A,pass@21,7.0,20.0,16.0,32.0,27.0,48.0,106.09,228.23,5.6,1278.11,71.01,0.0761,4.0,17.0,17.0,0.0,56.11,56.11
93A,pass@22,6.0,19.0,14.0,28.0,25.0,42.0,96.22,195.04,4.42,862.29,47.91,0.065,4.0,17.0,17.0,0.0,56.59,56.59
93A,pass@23,5.0,10.0,8.0,16.0,15.0,24.0,44.83,93.77,4.0,375.06,20.84,0.0313,2.0,6.0,6.0,0.0,68.95,68.95
93A,pass@24,6.0,25.0,22.0,44.0,31.0,66.0,131.61,326.98,5.28,1726.44,95.91,0.109,6.0,21.0,21.0,0.0,52.74,52.74
93A,pass@25,8.0,23.0,22.0,44.0,31.0,66.0,128.04,326.98,7.65,2502.08,139.0,0.109,7.0,17.0,17.0,0.0,54.48,54.61
93A,pass@26,3.0,9.0,6.0,12.0,12.0,18.0,33.28,64.53,2.0,129.06,7.17,0.0215,1.0,7.0,7.0,0.0,68.76,68.76
93A,pass@27,6.0,19.0,13.0,26.0,25.0,39.0,96.22,181.11,4.11,743.51,41.31,0.0604,4.0,19.0,19.0,0.0,55.76,55.76
93A,pass@28,8.0,19.0,13.0,26.0,27.0,39.0,104.71,185.44,5.47,1015.04,56.39,0.0618,4.0,18.0,18.0,0.0,56.2,56.2
93A,pass@29,5.0,14.0,12.0,24.0,19.0,36.0,64.91,152.93,4.29,655.39,36.41,0.051,3.0,14.0,14.0,0.0,59.3,59.3
93A,pass@30,4.0,10.0,6.0,12.0,14.0,18.0,41.22,68.53,2.4,164.48,9.14,0.0228,2.0,12.0,12.0,0.0,63.33,63.33
93A,pass@31,5.0,14.0,9.0,18.0,19.0,27.0,64.91,114.69,3.21,368.66,20.48,0.0382,4.0,15.0,15.0,0.0,59.39,59.39
93A,pass@32,9.0,23.0,18.0,36.0,32.0,54.0,132.57,270.0,7.04,1901.74,105.65,0.09,6.0,21.0,21.0,0.0,53.33,53.33
94C,pass@1,6.0,18.0,16.0,32.0,24.0,48.0,90.57,220.08,5.33,1173.75,65.21,0.0734,3.0,14.0,14.0,0.0,58.19,58.19
94C,pass@2,3.0,9.0,6.0,12.0,12.0,18.0,33.28,64.53,2.0,129.06,7.17,0.0215,1.0,7.0,7.0,0.0,68.76,68.76
94C,pass@3,6.0,17.0,12.0,24.0,23.0,36.0,85.0,162.85,4.24,689.71,38.32,0.0543,4.0,19.0,19.0,15.79,77.53,77.53
94C,pass@4,3.0,9.0,6.0,12.0,12.0,18.0,33.28,64.53,2.0,129.06,7.17,0.0215,1.0,7.0,7.0,0.0,68.76,68.76
94C,pass@5,8.0,23.0,17.0,34.0,31.0,51.0,128.04,252.66,5.91,1494.01,83.0,0.0842,3.0,14.0,14.0,21.43,81.71,81.71
94C,pass@6,5.0,13.0,12.0,24.0,18.0,36.0,59.72,150.12,4.62,692.85,38.49,0.05,2.0,17.0,17.0,0.0,57.65,57.65
94C,pass@7,6.0,18.0,16.0,32.0,24.0,48.0,90.57,220.08,5.33,1173.75,65.21,0.0734,1.0,16.0,16.0,0.0,57.2,57.2
94C,pass@8,4.0,9.0,8.0,16.0,13.0,24.0,36.53,88.81,3.56,315.77,17.54,0.0296,2.0,11.0,11.0,0.0,63.37,63.37
94C,pass@9,6.0,13.0,8.0,16.0,19.0,24.0,63.62,101.95,3.69,376.43,20.91,0.034,3.0,13.0,13.0,0.0,61.23,61.23
94C,pass@10,6.0,15.0,14.0,28.0,21.0,42.0,74.11,184.48,5.6,1033.07,57.39,0.0615,4.0,15.0,15.0,0.0,57.94,57.94
94C,pass@11,7.0,24.0,18.0,36.0,31.0,54.0,129.69,267.53,5.25,1404.51,78.03,0.0892,6.0,21.0,21.0,0.0,53.35,53.35
94C,pass@12,6.0,15.0,10.0,20.0,21.0,30.0,74.11,131.77,4.0,527.08,29.28,0.0439,4.0,15.0,15.0,0.0,58.96,58.96
94C,pass@13,5.0,17.0,13.0,26.0,22.0,39.0,81.1,173.92,3.82,664.98,36.94,0.058,7.0,19.0,19.0,0.0,55.34,55.48
94C,pass@14,5.0,18.0,18.0,36.0,23.0,54.0,86.67,244.27,5.0,1221.36,67.85,0.0814,4.0,17.0,17.0,0.0,55.9,55.9
94C,pass@15,6.0,10.0,9.0,18.0,16.0,27.0,48.73,108.0,5.4,583.2,32.4,0.036,3.0,14.0,14.0,0.0,60.22,60.36
94C,pass@16,6.0,15.0,15.0,30.0,21.0,45.0,74.11,197.65,6.0,1185.93,65.88,0.0659,5.0,21.0,21.0,0.0,54.41,54.41
94C,pass@17,7.0,13.0,13.0,26.0,20.0,39.0,67.76,168.56,7.0,1179.89,65.55,0.0562,4.0,16.0,16.0,0.0,57.6,57.6
94C,pass@18,7.0,19.0,13.0,26.0,26.0,39.0,100.36,183.32,4.79,877.99,48.78,0.0611,4.0,19.0,19.0,0.0,55.72,55.72
94C,pass@19,3.0,9.0,6.0,12.0,12.0,18.0,33.28,64.53,2.0,129.06,7.17,0.0215,1.0,7.0,7.0,0.0,68.76,68.76
94C,pass@20,6.0,15.0,13.0,26.0,21.0,39.0,74.11,171.3,5.2,890.76,49.49,0.0571,3.0,17.0,17.0,0.0,57.11,57.11
94C,pass@21,6.0,17.0,16.0,32.0,23.0,48.0,85.0,217.13,5.65,1226.15,68.12,0.0724,4.0,15.0,15.0,0.0,57.45,57.45
94C,pass@22,5.0,17.0,14.0,28.0,22.0,42.0,81.1,187.3,4.12,771.22,42.85,0.0624,4.0,17.0,17.0,0.0,56.71,56.71
94C,pass@23,3.0,9.0,6.0,12.0,12.0,18.0,33.28,64.53,2.0,129.06,7.17,0.0215,1.0,8.0,8.0,0.0,67.49,67.49
94C,pass@24,6.0,17.0,10.0,20.0,23.0,30.0,85.0,135.71,3.53,478.97,26.61,0.0452,4.0,17.0,17.0,0.0,57.69,57.69
94C,pass@25,7.0,13.0,18.0,36.0,20.0,54.0,67.76,233.38,9.69,2262.03,125.67,0.0778,1.0,30.0,30.0,0.0,51.06,51.06
94C,pass@26,5.0,13.0,12.0,24.0,18.0,36.0,59.72,150.12,4.62,692.85,38.49,0.05,1.0,14.0,14.0,14.29,80.25,80.25
94C,pass@27,7.0,19.0,16.0,32.0,26.0,48.0,100.36,225.62,5.89,1329.98,73.89,0.0752,1.0,13.0,13.0,0.0,59.09,59.09
94C,pass@28,7.0,20.0,13.0,26.0,27.0,39.0,106.09,185.44,4.55,843.75,46.88,0.0618,4.0,19.0,19.0,5.26,69.07,69.07
94C,pass@29,6.0,17.0,16.0,32.0,23.0,48.0,85.0,217.13,5.65,1226.15,68.12,0.0724,4.0,16.0,16.0,0.0,56.83,56.83
94C,pass@30,7.0,19.0,15.0,30.0,26.0,45.0,100.36,211.52,5.53,1168.93,64.94,0.0705,4.0,17.0,17.0,0.0,56.34,56.34
94C,pass@31,7.0,22.0,22.0,44.0,29.0,66.0,117.76,320.63,7.0,2244.39,124.69,0.1069,7.0,31.0,31.0,0.0,48.84,48.98
94C,pass@32,4.0,11.0,9.0,18.0,15.0,27.0,46.05,105.49,3.27,345.23,19.18,0.0352,1.0,16.0,16.0,18.75,82.29,82.29
98B,pass@1,6.0,11.0,13.0,26.0,17.0,39.0,53.56,159.41,7.09,1130.37,62.8,0.0531,5.0,17.0,17.0,0.0,57.06,57.06
98B,pass@2,7.0,14.0,14.0,28.0,21.0,42.0,72.95,184.48,7.0,1291.34,71.74,0.0615,6.0,19.0,19.0,0.0,55.43,55.43
98B,pass@6,6.0,19.0,22.0,44.0,25.0,66.0,96.22,306.49,6.95,2129.33,118.3,0.1022,5.0,15.0,15.0,0.0,56.26,56.26
98B,pass@7,4.0,8.0,5.0,10.0,12.0,15.0,32.0,53.77,2.5,134.44,7.47,0.0179,2.0,8.0,8.0,0.0,67.91,67.91
98B,pass@8,6.0,12.0,11.0,22.0,18.0,33.0,58.53,137.61,5.5,756.84,42.05,0.0459,3.0,12.0,12.0,0.0,61.08,61.08
98B,pass@9,6.0,17.0,14.0,28.0,23.0,42.0,85.0,189.99,4.94,938.77,52.15,0.0633,3.0,15.0,15.0,0.0,57.99,57.99
98B,pass@10,4.0,10.0,7.0,14.0,14.0,21.0,41.22,79.95,2.8,223.87,12.44,0.0267,3.0,13.0,13.0,0.0,62.11,61.97
98B,pass@12,4.0,9.0,5.0,10.0,13.0,15.0,36.53,55.51,2.22,123.35,6.85,0.0185,3.0,11.0,11.0,0.0,64.8,64.67
98B,pass@13,8.0,16.0,13.0,26.0,24.0,39.0,88.0,178.81,6.5,1162.29,64.57,0.0596,4.0,17.0,17.0,0.0,56.85,56.85
98B,pass@14,6.0,10.0,8.0,16.0,16.0,24.0,48.73,96.0,4.8,460.8,25.6,0.032,4.0,14.0,14.0,0.0,60.72,60.58
98B,pass@17,6.0,9.0,10.0,20.0,15.0,30.0,44.04,117.21,6.67,781.38,43.41,0.0391,4.0,15.0,16.0,0.0,58.71,58.71
98B,pass@18,6.0,15.0,18.0,36.0,21.0,54.0,74.11,237.19,7.2,1707.73,94.87,0.0791,3.0,14.0,14.0,0.0,57.96,57.96
98B,pass@20,6.0,8.0,7.0,14.0,14.0,21.0,39.51,79.95,5.25,419.76,23.32,0.0267,4.0,14.0,14.0,0.0,61.14,61.14
98B,pass@22,5.0,9.0,7.0,14.0,14.0,21.0,40.14,79.95,3.89,310.93,17.27,0.0267,3.0,12.0,12.0,0.0,62.73,62.73
98B,pass@23,6.0,13.0,14.0,28.0,19.0,42.0,63.62,178.41,6.46,1152.82,64.05,0.0595,3.0,17.0,17.0,0.0,56.99,56.99
98B,pass@24,6.0,9.0,8.0,16.0,15.0,24.0,44.04,93.77,5.33,500.08,27.78,0.0313,3.0,12.0,12.0,0.0,62.25,62.25
98B,pass@25,7.0,17.0,14.0,28.0,24.0,42.0,89.14,192.57,5.76,1110.1,61.67,0.0642,2.0,14.0,14.0,0.0,58.73,58.73
98B,pass@26,7.0,18.0,19.0,38.0,25.0,57.0,94.71,264.7,7.39,1955.84,108.66,0.0882,6.0,18.0,18.0,0.0,54.98,54.85
98B,pass@31,6.0,11.0,8.0,15.0,17.0,23.0,53.56,94.01,4.09,384.59,21.37,0.0313,3.0,10.0,10.0,0.0,63.97,63.97
98B,pass@32,6.0,10.0,11.0,22.0,16.0,33.0,48.73,132.0,6.6,871.2,48.4,0.044,3.0,13.0,13.0,0.0,60.45,60.45
99C,pass@1,1.0,2.0,1.0,2.0,3.0,3.0,2.0,4.75,0.5,2.38,0.13,0.0016,1.0,6.0,6.0,0.0,78.15,78.15
99C,pass@2,6.0,30.0,30.0,60.0,36.0,90.0,162.72,465.29,6.0,2791.76,155.1,0.1551,16.0,42.0,42.0,2.38,53.08,52.95
99C,pass@3,3.0,19.0,10.0,20.0,22.0,30.0,85.47,133.78,1.58,211.24,11.74,0.0446,5.0,22.0,22.0,0.0,55.42,55.15
99C,pass@4,1.0,3.0,2.0,4.0,4.0,6.0,4.75,12.0,0.67,8.0,0.44,0.004,2.0,11.0,11.0,0.0,69.46,69.46
99C,pass@5,3.0,7.0,4.0,8.0,10.0,12.0,24.41,39.86,1.71,68.34,3.8,0.0133,4.0,18.0,14.0,22.22,87.48,87.48
99C,pass@6,2.0,14.0,7.0,14.0,16.0,21.0,55.3,84.0,1.0,84.0,4.67,0.028,1.0,10.0,8.0,0.0,66.69,66.69
99C,pass@7,5.0,35.0,33.0,66.0,40.0,99.0,191.13,526.87,4.71,2483.82,137.99,0.1756,18.0,43.0,43.0,0.0,43.02,42.89
99C,pass@8,4.0,12.0,7.0,14.0,16.0,21.0,51.02,84.0,2.33,196.0,10.89,0.028,5.0,17.0,17.0,0.0,59.15,59.01
99C,pass@10,3.0,25.0,21.0,41.0,28.0,62.0,120.85,298.06,2.46,733.22,40.73,0.0994,18.0,37.0,37.0,0.0,46.31,46.05
99C,pass@11,1.0,3.0,2.0,4.0,4.0,6.0,4.75,12.0,0.67,8.0,0.44,0.004,2.0,10.0,10.0,0.0,70.36,70.36
99C,pass@13,1.0,3.0,2.0,4.0,4.0,6.0,4.75,12.0,0.67,8.0,0.44,0.004,2.0,10.0,10.0,20.0,93.74,93.74
99C,pass@14,2.0,14.0,7.0,14.0,16.0,21.0,55.3,84.0,1.0,84.0,4.67,0.028,1.0,9.0,9.0,0.0,65.58,65.58
99C,pass@15,1.0,3.0,2.0,4.0,4.0,6.0,4.75,12.0,0.67,8.0,0.44,0.004,2.0,10.0,10.0,10.0,88.18,88.18
99C,pass@17,6.0,21.0,15.0,30.0,27.0,45.0,107.75,213.97,4.29,917.01,50.95,0.0713,13.0,33.0,33.0,3.03,59.26,59.13
99C,pass@18,3.0,17.0,13.0,26.0,20.0,39.0,74.24,168.56,2.29,386.69,21.48,0.0562,12.0,31.0,31.0,0.0,50.26,50.26
99C,pass@19,7.0,39.0,28.0,56.0,46.0,84.0,225.78,463.98,5.03,2331.79,129.54,0.1547,21.0,40.0,40.0,0.0,43.83,43.56
99C,pass@20,3.0,7.0,4.0,8.0,10.0,12.0,24.41,39.86,1.71,68.34,3.8,0.0133,3.0,16.0,16.0,0.0,62.12,62.12
99C,pass@21,4.0,9.0,7.0,14.0,13.0,21.0,36.53,77.71,3.11,241.76,13.43,0.0259,4.0,15.0,15.0,0.0,60.7,60.57
99C,pass@22,3.0,9.0,5.0,10.0,12.0,15.0,33.28,53.77,1.67,89.62,4.98,0.0179,3.0,12.0,12.0,0.0,64.07,63.94
99C,pass@23,2.0,25.0,21.0,31.0,27.0,52.0,118.1,247.25,1.24,306.6,17.03,0.0824,2.0,12.0,10.0,0.0,61.16,61.16
99C,pass@24,3.0,14.0,8.0,16.0,17.0,24.0,58.06,98.1,1.71,168.17,9.34,0.0327,9.0,24.0,24.0,4.17,66.74,66.74
99C,pass@25,5.0,29.0,28.0,56.0,34.0,84.0,152.49,427.35,4.83,2063.05,114.61,0.1424,16.0,44.0,44.0,0.0,43.85,43.58
99C,pass@26,2.0,5.0,3.0,6.0,7.0,9.0,13.61,25.27,1.2,30.32,1.68,0.0084,2.0,11.0,11.0,0.0,67.19,67.19
99C,pass@27,1.0,3.0,2.0,4.0,4.0,6.0,4.75,12.0,0.67,8.0,0.44,0.004,2.0,10.0,10.0,10.0,88.18,88.18
99C,pass@28,1.0,3.0,2.0,4.0,4.0,6.0,4.75,12.0,0.67,8.0,0.44,0.004,2.0,11.0,11.0,0.0,69.46,69.46
99C,pass@29,2.0,6.0,3.0,6.0,8.0,9.0,17.51,27.0,1.0,27.0,1.5,0.009,4.0,13.0,13.0,0.0,65.27,65.14
99C,pass@30,2.0,5.0,3.0,6.0,7.0,9.0,13.61,25.27,1.2,30.32,1.68,0.0084,2.0,11.0,11.0,0.0,67.19,67.19
99C,pass@31,5.0,11.0,8.0,16.0,16.0,24.0,49.66,96.0,3.64,349.09,19.39,0.032,7.0,21.0,21.0,0.0,56.6,56.34
99C,pass@32,3.0,27.0,14.0,28.0,30.0,42.0,133.14,206.09,1.56,320.58,17.81,0.0687,9.0,25.0,25.0,0.0,52.09,52.09
766C,pass@1,9.0,28.0,19.0,38.0,37.0,57.0,163.14,296.94,6.11,1813.45,100.75,0.099,6.0,29.0,30.0,0.0,49.52,49.66
766C,pass@2,6.0,26.0,17.0,34.0,32.0,51.0,137.72,255.0,3.92,1000.38,55.58,0.085,4.0,22.0,22.0,0.0,53.33,53.33
766C,pass@3,8.0,23.0,19.0,36.0,31.0,55.0,128.04,272.48,6.26,1705.97,94.78,0.0908,11.0,25.0,25.0,24.0,75.81,75.81
766C,pass@4,7.0,27.0,22.0,44.0,34.0,66.0,148.03,335.77,5.7,1915.15,106.4,0.1119,5.0,25.0,25.0,12.0,70.38,70.38
766C,pass@5,8.0,32.0,28.0,53.0,40.0,81.0,184.0,431.08,6.62,2855.88,158.66,0.1437,12.0,28.0,28.0,10.71,66.72,66.72
766C,pass@6,7.0,25.0,21.0,42.0,32.0,63.0,135.75,315.0,5.88,1852.2,102.9,0.105,5.0,25.0,25.0,0.0,51.34,51.34
766C,pass@7,7.0,29.0,20.0,38.0,36.0,58.0,160.53,299.86,4.59,1375.2,76.4,0.1,10.0,38.0,38.0,0.0,47.12,46.85
766C,pass@8,9.0,25.0,17.0,34.0,34.0,51.0,144.63,259.46,6.12,1587.9,88.22,0.0865,7.0,26.0,27.0,0.0,50.93,50.93
766C,pass@9,7.0,25.0,21.0,40.0,32.0,61.0,135.75,305.0,5.6,1708.0,94.89,0.1017,4.0,22.0,22.0,0.0,52.78,52.78
766C,pass@10,12.0,39.0,36.0,68.0,51.0,104.0,249.15,589.93,10.46,6171.6,342.87,0.1966,12.0,40.0,41.0,0.0,43.67,43.8
766C,pass@11,10.0,27.0,23.0,46.0,37.0,69.0,161.6,359.45,8.52,3062.0,170.11,0.1198,11.0,28.0,29.0,17.86,71.18,71.18
766C,pass@12,9.0,24.0,19.0,38.0,33.0,57.0,138.57,287.53,7.12,2048.65,113.81,0.0958,6.0,29.0,29.0,0.0,50.08,50.08
766C,pass@13,8.0,40.0,30.0,60.0,48.0,90.0,236.88,502.65,6.0,3015.88,167.55,0.1675,5.0,43.0,44.0,2.33,53.51,53.65
766C,pass@14,8.0,22.0,18.0,35.0,30.0,53.0,122.11,260.07,6.36,1654.96,91.94,0.0867,6.0,26.0,26.0,3.85,62.97,62.97
766C,pass@15,10.0,24.0,20.0,39.0,34.0,59.0,143.26,300.16,8.12,2438.8,135.49,0.1001,7.0,22.0,23.0,0.0,52.01,52.01
766C,pass@16,11.0,35.0,27.0,52.0,46.0,79.0,217.58,436.36,8.17,3565.7,198.09,0.1455,11.0,47.0,48.0,0.0,43.23,43.36
766C,pass@17,7.0,29.0,28.0,54.0,36.0,82.0,160.53,423.93,6.52,2762.88,153.49,0.1413,6.0,26.0,26.0,11.54,68.85,68.85
766C,pass@18,8.0,23.0,18.0,36.0,31.0,54.0,128.04,267.53,6.26,1674.95,93.05,0.0892,5.0,31.0,32.0,0.0,49.36,49.5
766C,pass@19,6.0,21.0,14.0,28.0,27.0,42.0,107.75,199.71,4.0,798.82,44.38,0.0666,5.0,28.0,28.0,0.0,51.65,51.65
766C,pass@20,8.0,24.0,20.0,38.0,32.0,58.0,134.04,290.0,6.33,1836.67,102.04,0.0967,7.0,29.0,29.0,0.0,49.92,49.92
766C,pass@21,8.0,30.0,30.0,56.0,38.0,86.0,171.21,451.32,7.47,3369.87,187.21,0.1504,12.0,35.0,35.0,8.57,62.79,62.79
766C,pass@22,5.0,23.0,19.0,38.0,28.0,57.0,115.65,274.02,4.13,1131.82,62.88,0.0913,3.0,20.0,20.0,15.0,75.17,75.17
766C,pass@23,7.0,27.0,22.0,44.0,34.0,66.0,148.03,335.77,5.7,1915.15,106.4,0.1119,8.0,32.0,32.0,0.0,48.4,48.4
766C,pass@24,8.0,31.0,23.0,46.0,39.0,69.0,177.58,364.69,5.94,2164.63,120.26,0.1216,7.0,30.0,31.0,3.33,59.25,59.39
766C,pass@25,7.0,25.0,20.0,38.0,32.0,58.0,135.75,290.0,5.32,1542.8,85.71,0.0967,5.0,22.0,22.0,0.0,52.67,52.8
766C,pass@26,8.0,22.0,18.0,34.0,30.0,52.0,122.11,255.16,6.18,1577.34,87.63,0.0851,8.0,29.0,29.0,20.69,73.69,73.83
766C,pass@27,10.0,43.0,37.0,71.0,53.0,108.0,266.55,618.62,8.26,5107.17,283.73,0.2062,9.0,28.0,28.0,0.0,47.68,47.68
766C,pass@28,10.0,48.0,46.0,88.0,58.0,134.0,301.3,784.97,9.17,7195.55,399.75,0.2617,10.0,51.0,52.0,0.0,39.74,40.95
766C,pass@29,9.0,31.0,27.0,53.0,40.0,80.0,182.11,425.75,7.69,3275.56,181.98,0.1419,8.0,25.0,25.0,4.0,61.79,61.79
766C,pass@30,11.0,30.0,22.0,44.0,41.0,66.0,185.26,353.6,8.07,2852.36,158.46,0.1179,7.0,29.0,30.0,0.0,48.86,48.99
766C,pass@31,8.0,40.0,34.0,67.0,48.0,101.0,236.88,564.08,6.7,3779.34,209.96,0.188,12.0,31.0,31.0,0.0,46.72,46.59
766C,pass@32,6.0,24.0,17.0,34.0,30.0,51.0,125.55,250.25,4.25,1063.57,59.09,0.0834,7.0,26.0,26.0,0.0,51.4,51.4
776A,pass@1,0.0,0.0,0.0,0.0,0.0,0.0,0.0,0.0,0.0,0.0,0.0,0.0,0.0,8.0,8.0,0.0,100.0,100.0
776A,pass@2,0.0,0.0,0.0,0.0,0.0,0.0,0.0,0.0,0.0,0.0,0.0,0.0,0.0,13.0,13.0,0.0,100.0,100.0
776A,pass@3,0.0,0.0,0.0,0.0,0.0,0.0,0.0,0.0,0.0,0.0,0.0,0.0,0.0,8.0,9.0,0.0,100.0,100.0
776A,pass@4,0.0,0.0,0.0,0.0,0.0,0.0,0.0,0.0,0.0,0.0,0.0,0.0,0.0,9.0,9.0,0.0,100.0,100.0
776A,pass@5,5.0,11.0,7.0,13.0,16.0,20.0,49.66,80.0,2.95,236.36,13.13,0.0267,0.0,13.0,14.0,0.0,61.27,61.67
776A,pass@6,0.0,0.0,0.0,0.0,0.0,0.0,0.0,0.0,0.0,0.0,0.0,0.0,0.0,9.0,9.0,0.0,100.0,100.0
776A,pass@7,0.0,0.0,0.0,0.0,0.0,0.0,0.0,0.0,0.0,0.0,0.0,0.0,0.0,8.0,8.0,0.0,100.0,100.0
776A,pass@8,0.0,0.0,0.0,0.0,0.0,0.0,0.0,0.0,0.0,0.0,0.0,0.0,0.0,8.0,8.0,0.0,100.0,100.0
776A,pass@9,0.0,0.0,0.0,0.0,0.0,0.0,0.0,0.0,0.0,0.0,0.0,0.0,2.0,10.0,11.0,0.0,100.0,100.0
776A,pass@10,0.0,0.0,0.0,0.0,0.0,0.0,0.0,0.0,0.0,0.0,0.0,0.0,0.0,9.0,10.0,0.0,100.0,100.0
776A,pass@11,2.0,7.0,4.0,8.0,9.0,12.0,21.65,38.04,1.14,43.47,2.42,0.0127,3.0,18.0,18.0,0.0,61.01,61.15
776A,pass@12,0.0,0.0,0.0,0.0,0.0,0.0,0.0,0.0,0.0,0.0,0.0,0.0,0.0,8.0,8.0,0.0,100.0,100.0
776A,pass@13,0.0,0.0,0.0,0.0,0.0,0.0,0.0,0.0,0.0,0.0,0.0,0.0,0.0,9.0,10.0,0.0,100.0,100.0
776A,pass@14,0.0,0.0,0.0,0.0,0.0,0.0,0.0,0.0,0.0,0.0,0.0,0.0,0.0,9.0,9.0,0.0,100.0,100.0
776A,pass@15,0.0,0.0,0.0,0.0,0.0,0.0,0.0,0.0,0.0,0.0,0.0,0.0,0.0,9.0,9.0,0.0,100.0,100.0
776A,pass@16,0.0,0.0,0.0,0.0,0.0,0.0,0.0,0.0,0.0,0.0,0.0,0.0,0.0,9.0,9.0,0.0,100.0,100.0
776A,pass@17,0.0,0.0,0.0,0.0,0.0,0.0,0.0,0.0,0.0,0.0,0.0,0.0,0.0,8.0,9.0,0.0,100.0,100.0
776A,pass@18,0.0,0.0,0.0,0.0,0.0,0.0,0.0,0.0,0.0,0.0,0.0,0.0,0.0,9.0,9.0,0.0,100.0,100.0
776A,pass@19,0.0,0.0,0.0,0.0,0.0,0.0,0.0,0.0,0.0,0.0,0.0,0.0,0.0,9.0,10.0,0.0,100.0,100.0
776A,pass@20,1.0,2.0,1.0,2.0,3.0,3.0,2.0,4.75,0.5,2.38,0.13,0.0016,0.0,13.0,13.0,0.0,70.42,70.96
776A,pass@21,0.0,0.0,0.0,0.0,0.0,0.0,0.0,0.0,0.0,0.0,0.0,0.0,0.0,9.0,9.0,0.0,100.0,100.0
776A,pass@22,0.0,0.0,0.0,0.0,0.0,0.0,0.0,0.0,0.0,0.0,0.0,0.0,0.0,9.0,9.0,0.0,100.0,100.0
776A,pass@23,0.0,0.0,0.0,0.0,0.0,0.0,0.0,0.0,0.0,0.0,0.0,0.0,0.0,9.0,9.0,0.0,100.0,100.0
776A,pass@24,0.0,0.0,0.0,0.0,0.0,0.0,0.0,0.0,0.0,0.0,0.0,0.0,2.0,11.0,11.0,0.0,100.0,100.0
776A,pass@25,0.0,0.0,0.0,0.0,0.0,0.0,0.0,0.0,0.0,0.0,0.0,0.0,0.0,9.0,9.0,0.0,100.0,100.0
776A,pass@26,0.0,0.0,0.0,0.0,0.0,0.0,0.0,0.0,0.0,0.0,0.0,0.0,0.0,9.0,9.0,0.0,100.0,100.0
776A,pass@27,0.0,0.0,0.0,0.0,0.0,0.0,0.0,0.0,0.0,0.0,0.0,0.0,0.0,9.0,9.0,0.0,100.0,100.0
776A,pass@28,0.0,0.0,0.0,0.0,0.0,0.0,0.0,0.0,0.0,0.0,0.0,0.0,0.0,9.0,10.0,0.0,100.0,100.0
776A,pass@29,2.0,3.0,2.0,3.0,5.0,5.0,6.75,11.61,1.0,11.61,0.64,0.0039,0.0,13.0,13.0,0.0,67.71,68.24
776A,pass@30,2.0,3.0,2.0,3.0,5.0,5.0,6.75,11.61,1.0,11.61,0.64,0.0039,0.0,13.0,14.0,0.0,67.0,67.54
776A,pass@31,0.0,0.0,0.0,0.0,0.0,0.0,0.0,0.0,0.0,0.0,0.0,0.0,0.0,9.0,9.0,0.0,100.0,100.0
776A,pass@32,0.0,0.0,0.0,0.0,0.0,0.0,0.0,0.0,0.0,0.0,0.0,0.0,0.0,9.0,9.0,0.0,100.0,100.0
777A,pass@1,2.0,6.0,6.0,12.0,8.0,18.0,17.51,54.0,2.0,108.0,6.0,0.018,0.0,16.0,16.0,0.0,60.8,61.6
777A,pass@2,2.0,6.0,4.0,8.0,8.0,12.0,17.51,36.0,1.33,48.0,2.67,0.012,4.0,13.0,13.0,0.0,64.27,64.27
777A,pass@3,2.0,6.0,4.0,8.0,8.0,12.0,17.51,36.0,1.33,48.0,2.67,0.012,4.0,13.0,13.0,0.0,64.27,64.27
777A,pass@4,2.0,6.0,4.0,8.0,8.0,12.0,17.51,36.0,1.33,48.0,2.67,0.012,0.0,10.0,10.0,0.0,66.75,67.29
777A,pass@5,2.0,6.0,6.0,12.0,8.0,18.0,17.51,54.0,2.0,108.0,6.0,0.018,6.0,18.0,18.0,0.0,59.68,59.68
777A,pass@6,2.0,6.0,4.0,8.0,8.0,12.0,17.51,36.0,1.33,48.0,2.67,0.012,4.0,13.0,13.0,0.0,64.27,64.27
777A,pass@7,2.0,6.0,4.0,8.0,8.0,12.0,17.51,36.0,1.33,48.0,2.67,0.012,0.0,11.0,11.0,0.0,65.85,66.39
777A,pass@8,2.0,6.0,4.0,8.0,8.0,12.0,17.51,36.0,1.33,48.0,2.67,0.012,4.0,13.0,13.0,0.0,64.27,64.27
777A,pass@9,2.0,6.0,4.0,8.0,8.0,12.0,17.51,36.0,1.33,48.0,2.67,0.012,4.0,13.0,13.0,0.0,64.27,64.27
777A,pass@10,2.0,6.0,4.0,8.0,8.0,12.0,17.51,36.0,1.33,48.0,2.67,0.012,4.0,13.0,13.0,0.0,64.27,64.27
777A,pass@11,2.0,6.0,4.0,8.0,8.0,12.0,17.51,36.0,1.33,48.0,2.67,0.012,4.0,13.0,13.0,0.0,64.27,64.27
777A,pass@12,2.0,5.0,6.0,12.0,7.0,18.0,13.61,50.53,2.4,121.28,6.74,0.0168,6.0,18.0,18.0,0.0,59.88,59.88
777A,pass@13,2.0,6.0,4.0,8.0,8.0,12.0,17.51,36.0,1.33,48.0,2.67,0.012,4.0,13.0,13.0,0.0,64.27,64.27
777A,pass@14,2.0,6.0,4.0,8.0,8.0,12.0,17.51,36.0,1.33,48.0,2.67,0.012,4.0,13.0,13.0,0.0,64.27,64.27
777A,pass@15,2.0,6.0,6.0,12.0,8.0,18.0,17.51,54.0,2.0,108.0,6.0,0.018,6.0,18.0,18.0,0.0,59.68,59.68
777A,pass@16,2.0,6.0,6.0,12.0,8.0,18.0,17.51,54.0,2.0,108.0,6.0,0.018,0.0,16.0,16.0,0.0,60.8,61.6
777A,pass@17,2.0,6.0,6.0,12.0,8.0,18.0,17.51,54.0,2.0,108.0,6.0,0.018,6.0,18.0,18.0,0.0,59.68,59.68
777A,pass@18,2.0,6.0,8.0,16.0,8.0,24.0,17.51,72.0,2.67,192.0,10.67,0.024,8.0,18.0,18.0,0.0,58.54,58.54
777A,pass@19,2.0,6.0,4.0,8.0,8.0,12.0,17.51,36.0,1.33,48.0,2.67,0.012,4.0,13.0,13.0,0.0,64.27,64.27
777A,pass@20,2.0,6.0,4.0,8.0,8.0,12.0,17.51,36.0,1.33,48.0,2.67,0.012,4.0,15.0,15.0,0.0,62.91,62.91
777A,pass@21,2.0,6.0,6.0,12.0,8.0,18.0,17.51,54.0,2.0,108.0,6.0,0.018,6.0,18.0,18.0,0.0,59.68,59.68
777A,pass@22,2.0,6.0,4.0,8.0,8.0,12.0,17.51,36.0,1.33,48.0,2.67,0.012,4.0,13.0,13.0,0.0,64.27,64.27
777A,pass@23,2.0,6.0,4.0,8.0,8.0,12.0,17.51,36.0,1.33,48.0,2.67,0.012,4.0,13.0,13.0,0.0,64.27,64.27
777A,pass@24,2.0,6.0,6.0,12.0,8.0,18.0,17.51,54.0,2.0,108.0,6.0,0.018,0.0,16.0,16.0,0.0,60.8,61.6
777A,pass@25,2.0,4.0,2.0,4.0,6.0,6.0,10.0,15.51,1.0,15.51,0.86,0.0052,2.0,8.0,10.0,0.0,69.58,69.58
777A,pass@26,2.0,6.0,6.0,12.0,8.0,18.0,17.51,54.0,2.0,108.0,6.0,0.018,6.0,18.0,18.0,0.0,59.68,59.68
777A,pass@27,2.0,6.0,6.0,12.0,8.0,18.0,17.51,54.0,2.0,108.0,6.0,0.018,6.0,18.0,18.0,0.0,59.68,59.68
777A,pass@28,2.0,6.0,6.0,12.0,8.0,18.0,17.51,54.0,2.0,108.0,6.0,0.018,0.0,6.0,6.0,0.0,70.09,70.9
777A,pass@29,2.0,8.0,8.0,16.0,10.0,24.0,26.0,79.73,2.0,159.45,8.86,0.0266,0.0,19.0,19.0,0.0,57.85,58.79
777A,pass@30,2.0,8.0,6.0,12.0,10.0,18.0,26.0,59.79,1.5,89.69,4.98,0.0199,5.0,14.0,14.0,0.0,61.75,61.89
777A,pass@31,2.0,6.0,4.0,8.0,8.0,12.0,17.51,36.0,1.33,48.0,2.67,0.012,4.0,13.0,13.0,0.0,64.27,64.27
777A,pass@32,2.0,6.0,6.0,12.0,8.0,18.0,17.51,54.0,2.0,108.0,6.0,0.018,6.0,18.0,18.0,0.0,59.68,59.68
777E,pass@1,4.0,11.0,8.0,15.0,15.0,23.0,46.05,89.86,2.73,245.07,13.61,0.03,4.0,26.0,27.0,0.0,54.42,54.56
777E,pass@2,7.0,21.0,17.0,34.0,28.0,51.0,111.89,245.18,5.67,1389.33,77.18,0.0817,9.0,24.0,24.0,0.0,51.82,51.95
777E,pass@3,7.0,20.0,19.0,35.0,27.0,54.0,106.09,256.76,6.12,1572.68,87.37,0.0856,7.0,24.0,24.0,0.0,51.94,52.08
777E,pass@4,8.0,19.0,15.0,27.0,27.0,42.0,104.71,199.71,5.68,1135.17,63.06,0.0666,9.0,32.0,34.0,0.0,49.14,49.27
777E,pass@5,8.0,19.0,16.0,27.0,27.0,43.0,104.71,204.46,5.68,1162.19,64.57,0.0682,7.0,20.0,21.0,0.0,53.9,54.04
777E,pass@6,5.0,14.0,10.0,18.0,19.0,28.0,64.91,118.94,3.21,382.31,21.24,0.0396,4.0,25.0,26.0,0.0,53.93,54.06
777E,pass@7,5.0,19.0,17.0,33.0,24.0,50.0,92.32,229.25,4.34,995.42,55.3,0.0764,0.0,25.0,26.0,0.0,51.93,52.61
777E,pass@8,7.0,21.0,16.0,31.0,28.0,47.0,111.89,225.95,5.17,1167.39,64.85,0.0753,4.0,16.0,17.0,0.0,56.0,56.14
777E,pass@9,6.0,19.0,18.0,36.0,25.0,54.0,96.22,250.77,5.68,1425.42,79.19,0.0836,7.0,33.0,33.0,0.0,49.0,49.13
777E,pass@10,5.0,15.0,14.0,26.0,20.0,40.0,70.21,172.88,4.33,749.13,41.62,0.0576,6.0,25.0,25.0,0.0,52.9,53.03
777E,pass@11,7.0,17.0,13.0,23.0,24.0,36.0,89.14,165.06,4.74,781.6,43.42,0.055,6.0,28.0,30.0,0.0,51.31,51.44
777E,pass@12,5.0,13.0,9.0,18.0,18.0,27.0,59.72,112.59,3.46,389.73,21.65,0.0375,4.0,24.0,24.0,0.0,54.86,54.99
777E,pass@13,6.0,21.0,18.0,35.0,27.0,53.0,107.75,252.01,5.0,1260.05,70.0,0.084,4.0,19.0,20.0,0.0,54.13,54.27
777E,pass@14,6.0,16.0,15.0,28.0,22.0,43.0,79.51,191.76,5.25,1006.72,55.93,0.0639,6.0,29.0,29.0,0.0,51.17,51.31
777E,pass@15,6.0,14.0,10.0,18.0,20.0,28.0,68.81,121.01,3.86,466.77,25.93,0.0403,8.0,27.0,27.0,0.0,52.98,53.12
777E,pass@16,9.0,21.0,17.0,29.0,30.0,46.0,120.77,225.72,6.21,1402.67,77.93,0.0752,8.0,33.0,34.0,18.18,71.5,71.64
777E,pass@17,6.0,14.0,10.0,19.0,20.0,29.0,68.81,125.34,4.07,510.3,28.35,0.0418,4.0,29.0,30.0,6.9,67.55,67.69
777E,pass@18,10.0,33.0,28.0,52.0,43.0,80.0,199.68,434.1,7.88,3420.19,190.01,0.1447,14.0,48.0,48.0,0.0,42.84,42.97
777E,pass@19,6.0,18.0,13.0,26.0,24.0,39.0,90.57,178.81,4.33,774.86,43.05,0.0596,4.0,32.0,32.0,0.0,50.72,50.86
777E,pass@20,8.0,20.0,18.0,32.0,28.0,50.0,110.44,240.37,6.4,1538.35,85.46,0.0801,7.0,26.0,28.0,0.0,50.68,50.82
777E,pass@21,5.0,9.0,6.0,11.0,14.0,17.0,40.14,64.73,3.06,197.77,10.99,0.0216,0.0,19.0,20.0,0.0,58.4,58.94
777E,pass@22,9.0,23.0,22.0,38.0,32.0,60.0,132.57,300.0,7.43,2230.43,123.91,0.1,0.0,26.0,26.0,0.0,50.31,51.79
777E,pass@23,4.0,16.0,11.0,21.0,20.0,32.0,72.0,138.3,2.62,363.04,20.17,0.0461,4.0,28.0,29.0,0.0,52.57,52.57
777E,pass@24,7.0,21.0,16.0,31.0,28.0,47.0,111.89,225.95,5.17,1167.39,64.85,0.0753,6.0,24.0,25.0,0.0,52.08,52.22
777E,pass@25,6.0,19.0,18.0,36.0,25.0,54.0,96.22,250.77,5.68,1425.42,79.19,0.0836,0.0,23.0,23.0,0.0,52.82,53.5
777E,pass@26,5.0,14.0,10.0,19.0,19.0,29.0,64.91,123.19,3.39,417.97,23.22,0.0411,0.0,13.0,14.0,0.0,59.69,60.36
777E,pass@27,7.0,16.0,13.0,22.0,23.0,35.0,83.65,158.32,4.81,761.94,42.33,0.0528,7.0,32.0,33.0,0.0,50.4,50.53
777E,pass@28,6.0,22.0,18.0,36.0,28.0,54.0,113.62,259.6,4.91,1274.39,70.8,0.0865,5.0,29.0,29.0,3.45,61.36,61.5
777E,pass@29,5.0,14.0,13.0,20.0,19.0,33.0,64.91,140.18,3.57,500.65,27.81,0.0467,6.0,24.0,24.0,0.0,53.92,54.05
777E,pass@30,6.0,16.0,10.0,19.0,22.0,29.0,79.51,129.32,3.56,460.72,25.6,0.0431,5.0,25.0,26.0,4.0,65.31,65.45
777E,pass@31,7.0,15.0,9.0,17.0,22.0,26.0,78.25,115.95,3.97,459.92,25.55,0.0386,5.0,25.0,27.0,0.0,53.52,53.65
777E,pass@32,6.0,13.0,12.0,21.0,19.0,33.0,63.62,140.18,4.85,679.34,37.74,0.0467,0.0,29.0,29.0,0.0,52.26,53.07
779B,pass@1,1.0,2.0,1.0,2.0,3.0,3.0,2.0,4.75,0.5,2.38,0.13,0.0016,3.0,10.0,10.0,0.0,73.04,73.04
779B,pass@2,5.0,7.0,8.0,13.0,12.0,21.0,31.26,75.28,4.64,349.53,19.42,0.0251,4.0,13.0,14.0,0.0,61.32,61.32
779B,pass@3,6.0,16.0,9.0,18.0,22.0,27.0,79.51,120.4,3.38,406.37,22.58,0.0401,4.0,9.0,10.0,0.0,63.08,63.08
779B,pass@4,4.0,10.0,8.0,14.0,14.0,22.0,41.22,83.76,2.8,234.53,13.03,0.0279,4.0,14.0,14.0,0.0,61.0,61.0
779B,pass@5,3.0,5.0,4.0,6.0,8.0,10.0,16.36,30.0,1.8,54.0,3.0,0.01,3.0,10.0,11.0,0.0,66.54,66.54
779B,pass@6,3.0,5.0,3.0,6.0,8.0,9.0,16.36,27.0,1.8,48.6,2.7,0.009,3.0,12.0,14.0,0.0,64.57,64.57
779B,pass@7,3.0,5.0,3.0,6.0,8.0,9.0,16.36,27.0,1.8,48.6,2.7,0.009,3.0,11.0,12.0,0.0,66.03,66.03
779B,pass@8,3.0,12.0,7.0,14.0,15.0,21.0,47.77,82.04,1.75,143.58,7.98,0.0273,5.0,14.0,14.0,0.0,60.92,60.92
779B,pass@9,3.0,5.0,3.0,6.0,8.0,9.0,16.36,27.0,1.8,48.6,2.7,0.009,3.0,11.0,11.0,0.0,66.86,66.86
779B,pass@10,1.0,2.0,1.0,2.0,3.0,3.0,2.0,4.75,0.5,2.38,0.13,0.0016,3.0,13.0,14.0,0.0,69.85,69.85
779B,pass@11,3.0,8.0,5.0,10.0,11.0,15.0,28.75,51.89,1.88,97.3,5.41,0.0173,3.0,11.0,13.0,0.0,63.29,63.29
779B,pass@12,4.0,7.0,4.0,8.0,11.0,12.0,27.65,41.51,2.29,94.89,5.27,0.0138,3.0,10.0,10.0,0.0,66.45,66.45
779B,pass@13,5.0,12.0,8.0,15.0,17.0,23.0,54.63,94.01,3.12,293.79,16.32,0.0313,4.0,13.0,14.0,0.0,60.64,60.64
779B,pass@14,5.0,13.0,10.0,19.0,18.0,29.0,59.72,120.93,3.65,441.85,24.55,0.0403,3.0,14.0,14.0,0.0,60.01,60.01
779B,pass@15,1.0,2.0,1.0,2.0,3.0,3.0,2.0,4.75,0.5,2.38,0.13,0.0016,3.0,12.0,13.0,0.0,70.56,70.56
779B,pass@16,5.0,9.0,6.0,11.0,14.0,17.0,40.14,64.73,3.06,197.77,10.99,0.0216,3.0,12.0,13.0,0.0,62.62,62.62
779B,pass@17,6.0,12.0,7.0,14.0,18.0,21.0,58.53,87.57,3.5,306.49,17.03,0.0292,4.0,9.0,9.0,0.0,65.05,65.05
779B,pass@18,5.0,11.0,6.0,12.0,16.0,18.0,49.66,72.0,2.73,196.36,10.91,0.024,5.0,14.0,16.0,0.0,60.06,60.06
779B,pass@19,3.0,5.0,3.0,6.0,8.0,9.0,16.36,27.0,1.8,48.6,2.7,0.009,3.0,12.0,13.0,0.0,65.27,65.27
779B,pass@20,3.0,7.0,4.0,8.0,10.0,12.0,24.41,39.86,1.71,68.34,3.8,0.0133,3.0,11.0,12.0,0.0,64.85,64.85
779B,pass@21,4.0,11.0,7.0,14.0,15.0,21.0,46.05,82.04,2.55,208.84,11.6,0.0273,4.0,11.0,13.0,0.0,61.76,61.76
779B,pass@22,2.0,4.0,2.0,4.0,6.0,6.0,10.0,15.51,1.0,15.51,0.86,0.0052,3.0,12.0,13.0,0.0,66.96,66.96
779B,pass@23,3.0,9.0,5.0,10.0,12.0,15.0,33.28,53.77,1.67,89.62,4.98,0.0179,3.0,11.0,12.0,0.0,63.94,63.94
779B,pass@24,3.0,5.0,3.0,6.0,8.0,9.0,16.36,27.0,1.8,48.6,2.7,0.009,3.0,13.0,14.0,0.0,64.57,64.57
779B,pass@25,4.0,6.0,5.0,8.0,10.0,13.0,23.51,43.19,2.67,115.16,6.4,0.0144,3.0,10.0,11.0,0.0,65.43,65.43
779B,pass@26,3.0,7.0,4.0,8.0,10.0,12.0,24.41,39.86,1.71,68.34,3.8,0.0133,3.0,10.0,11.0,0.0,65.67,65.67
779B,pass@27,1.0,2.0,1.0,2.0,3.0,3.0,2.0,4.75,0.5,2.38,0.13,0.0016,3.0,12.0,13.0,0.0,70.56,70.56
779B,pass@28,3.0,7.0,4.0,8.0,10.0,12.0,24.41,39.86,1.71,68.34,3.8,0.0133,3.0,11.0,13.0,0.0,64.09,64.09
779B,pass@29,8.0,27.0,24.0,45.0,35.0,69.0,152.38,353.92,6.67,2359.47,131.08,0.118,10.0,22.0,25.0,0.0,50.31,50.31
779B,pass@30,3.0,6.0,4.0,8.0,9.0,12.0,20.26,38.04,2.0,76.08,4.23,0.0127,4.0,17.0,17.0,5.88,75.64,75.64
779B,pass@31,7.0,14.0,8.0,16.0,21.0,24.0,72.95,105.42,4.0,421.66,23.43,0.0351,4.0,10.0,11.0,0.0,62.58,62.58
779B,pass@32,3.0,5.0,3.0,6.0,8.0,9.0,16.36,27.0,1.8,48.6,2.7,0.009,3.0,12.0,13.0,0.0,65.27,65.27
780C,pass@1,6.0,18.0,16.0,31.0,24.0,47.0,90.57,215.49,5.17,1113.38,61.85,0.0718,1.0,49.0,49.0,0.0,46.52,46.66
780C,pass@2,8.0,16.0,13.0,25.0,24.0,38.0,88.0,174.23,6.25,1088.93,60.5,0.0581,1.0,32.0,32.0,0.0,51.21,51.34
780C,pass@3,7.0,15.0,14.0,25.0,22.0,39.0,78.25,173.92,5.83,1014.52,56.36,0.058,5.0,33.0,34.0,0.0,50.1,50.23
780C,pass@4,7.0,17.0,16.0,30.0,24.0,46.0,89.14,210.91,6.18,1302.67,72.37,0.0703,4.0,26.0,26.0,0.0,52.19,52.32
780C,pass@7,7.0,18.0,15.0,29.0,25.0,44.0,94.71,204.33,5.64,1152.19,64.01,0.0681,4.0,32.0,33.0,0.0,50.03,50.16
780C,pass@8,6.0,15.0,12.0,24.0,21.0,36.0,74.11,158.12,4.8,758.99,42.17,0.0527,12.0,36.0,36.0,0.0,48.9,49.04
780C,pass@9,5.0,21.0,19.0,38.0,26.0,57.0,103.85,267.93,4.52,1212.04,67.34,0.0893,11.0,37.0,38.0,0.0,46.92,47.06
780C,pass@10,6.0,16.0,12.0,24.0,22.0,36.0,79.51,160.54,4.5,722.43,40.13,0.0535,7.0,29.0,30.0,0.0,51.39,51.39
780C,pass@11,7.0,29.0,19.0,37.0,36.0,56.0,160.53,289.52,4.47,1292.84,71.82,0.0965,15.0,67.0,67.0,0.0,40.78,40.91
780C,pass@12,7.0,19.0,16.0,31.0,26.0,47.0,100.36,220.92,5.71,1261.57,70.09,0.0736,3.0,26.0,27.0,0.0,51.82,51.96
780C,pass@14,5.0,22.0,16.0,29.0,27.0,45.0,109.72,213.97,3.3,705.13,39.17,0.0713,6.0,53.0,53.0,0.0,45.13,45.26
780C,pass@16,7.0,15.0,13.0,23.0,22.0,36.0,78.25,160.54,5.37,861.56,47.86,0.0535,2.0,44.0,46.0,0.0,48.02,48.02
780C,pass@17,5.0,12.0,9.0,18.0,17.0,27.0,54.63,110.36,3.75,413.86,22.99,0.0368,7.0,35.0,35.0,0.0,50.94,51.07
780C,pass@18,6.0,14.0,10.0,20.0,20.0,30.0,68.81,129.66,4.29,555.68,30.87,0.0432,2.0,37.0,38.0,0.0,50.34,50.48
780C,pass@19,6.0,14.0,14.0,26.0,20.0,40.0,68.81,172.88,5.57,963.17,53.51,0.0576,3.0,30.0,31.0,0.0,51.26,51.4
780C,pass@20,7.0,12.0,8.0,15.0,19.0,23.0,62.67,97.7,4.38,427.45,23.75,0.0326,1.0,25.0,27.0,0.0,54.57,54.71
780C,pass@21,5.0,17.0,13.0,24.0,22.0,37.0,81.1,165.0,3.53,582.35,32.35,0.055,4.0,47.0,47.0,0.0,47.33,47.46
780C,pass@22,6.0,16.0,13.0,26.0,22.0,39.0,79.51,173.92,4.88,847.85,47.1,0.058,10.0,34.0,34.0,0.0,49.43,49.56
780C,pass@23,6.0,15.0,13.0,25.0,21.0,38.0,74.11,166.91,5.0,834.54,46.36,0.0556,2.0,30.0,31.0,0.0,51.5,51.64
780C,pass@26,12.0,21.0,19.0,37.0,33.0,56.0,135.26,282.49,10.57,2986.28,165.9,0.0942,2.0,31.0,31.0,0.0,50.04,50.04
780C,pass@27,4.0,11.0,6.0,12.0,15.0,18.0,46.05,70.32,2.18,153.43,8.52,0.0234,2.0,30.0,31.0,0.0,54.13,54.27
780C,pass@28,6.0,17.0,15.0,28.0,23.0,43.0,85.0,194.51,4.94,961.12,53.4,0.0648,2.0,48.0,49.0,0.0,46.83,46.83
780C,pass@29,6.0,10.0,6.0,12.0,16.0,18.0,48.73,72.0,3.6,259.2,14.4,0.024,1.0,37.0,38.0,0.0,52.26,52.4
780C,pass@31,8.0,18.0,16.0,30.0,26.0,46.0,99.06,216.22,6.67,1441.47,80.08,0.0721,4.0,32.0,32.0,0.0,50.28,50.28
780C,pass@32,8.0,19.0,15.0,28.0,27.0,43.0,104.71,204.46,5.89,1205.24,66.96,0.0682,1.0,32.0,32.0,0.0,50.72,50.85
789C,pass@1,3.0,6.0,4.0,8.0,9.0,12.0,20.26,38.04,2.0,76.08,4.23,0.0127,2.0,16.0,17.0,0.0,61.69,61.83
789C,pass@2,2.0,6.0,3.0,6.0,8.0,9.0,17.51,27.0,1.0,27.0,1.5,0.009,2.0,35.0,36.0,0.0,55.62,55.76
789C,pass@4,2.0,4.0,3.0,6.0,6.0,9.0,10.0,23.26,1.5,34.9,1.94,0.0078,2.0,14.0,14.0,0.0,65.16,65.16
789C,pass@6,4.0,8.0,12.0,20.0,12.0,32.0,32.0,114.72,5.0,573.59,31.87,0.0382,4.0,16.0,16.0,0.0,58.77,58.77
789C,pass@7,4.0,8.0,11.0,19.0,12.0,30.0,32.0,107.55,4.75,510.86,28.38,0.0358,4.0,16.0,17.0,0.0,58.4,58.4
789C,pass@8,6.0,34.0,29.0,58.0,40.0,87.0,188.48,463.01,5.12,2369.51,131.64,0.1543,15.0,24.0,25.0,0.0,48.69,48.82
789C,pass@9,1.0,6.0,4.0,8.0,7.0,12.0,15.51,33.69,0.67,22.46,1.25,0.0112,2.0,16.0,17.0,0.0,62.19,62.19
789C,pass@10,5.0,11.0,6.0,11.0,16.0,17.0,49.66,68.0,2.5,170.0,9.44,0.0227,2.0,15.0,16.0,0.0,60.5,60.63
789C,pass@12,2.0,5.0,3.0,6.0,7.0,9.0,13.61,25.27,1.2,30.32,1.68,0.0084,2.0,15.0,16.0,0.0,63.51,63.64
789C,pass@13,3.0,11.0,6.0,12.0,14.0,18.0,42.81,68.53,1.64,112.14,6.23,0.0228,2.0,16.0,16.0,0.0,60.47,60.61
789C,pass@14,5.0,8.0,6.0,11.0,13.0,17.0,35.61,62.91,3.44,216.24,12.01,0.021,3.0,17.0,17.0,0.0,60.03,60.16
789C,pass@15,3.0,9.0,5.0,10.0,12.0,15.0,33.28,53.77,1.67,89.62,4.98,0.0179,3.0,18.0,19.0,0.0,59.45,59.58
789C,pass@16,5.0,13.0,9.0,15.0,18.0,24.0,59.72,100.08,2.88,288.69,16.04,0.0334,1.0,30.0,30.0,0.0,53.5,53.64
789C,pass@17,4.0,15.0,13.0,26.0,19.0,39.0,66.6,165.67,3.47,574.32,31.91,0.0552,4.0,19.0,20.0,0.0,55.41,55.54
789C,pass@18,1.0,3.0,2.0,4.0,4.0,6.0,4.75,12.0,0.67,8.0,0.44,0.004,2.0,12.0,12.0,0.0,68.63,68.63
789C,pass@19,3.0,5.0,5.0,10.0,8.0,15.0,16.36,45.0,3.0,135.0,7.5,0.015,3.0,21.0,22.0,0.0,58.6,58.74
789C,pass@20,2.0,6.0,3.0,6.0,8.0,9.0,17.51,27.0,1.0,27.0,1.5,0.009,3.0,15.0,16.0,0.0,63.31,63.31
789C,pass@21,2.0,6.0,3.0,6.0,8.0,9.0,17.51,27.0,1.0,27.0,1.5,0.009,3.0,13.0,13.0,0.0,65.27,65.27
789C,pass@22,2.0,8.0,6.0,11.0,10.0,17.0,26.0,56.47,1.38,77.65,4.31,0.0188,2.0,12.0,12.0,0.0,63.92,63.92
789C,pass@23,4.0,9.0,11.0,16.0,13.0,27.0,36.53,99.91,3.56,355.24,19.74,0.0333,4.0,16.0,16.0,0.0,59.06,59.19
789C,pass@24,3.0,11.0,9.0,14.0,14.0,23.0,42.81,87.57,1.91,167.18,9.29,0.0292,3.0,19.0,20.0,0.0,57.48,57.62
789C,pass@25,3.0,8.0,12.0,17.0,11.0,29.0,28.75,100.32,3.19,319.78,17.77,0.0334,4.0,19.0,20.0,0.0,57.07,57.07
789C,pass@26,2.0,4.0,2.0,4.0,6.0,6.0,10.0,15.51,1.0,15.51,0.86,0.0052,2.0,14.0,15.0,0.0,65.6,65.74
789C,pass@27,1.0,2.0,1.0,2.0,3.0,3.0,2.0,4.75,0.5,2.38,0.13,0.0016,2.0,11.0,11.0,0.0,72.27,72.27
789C,pass@28,5.0,10.0,13.0,24.0,15.0,37.0,44.83,144.55,6.0,867.33,48.18,0.0482,4.0,20.0,21.0,0.0,55.36,55.49
789C,pass@29,2.0,6.0,3.0,6.0,8.0,9.0,17.51,27.0,1.0,27.0,1.5,0.009,3.0,64.0,65.0,0.0,50.03,50.03
789C,pass@30,5.0,11.0,14.0,26.0,16.0,40.0,49.66,160.0,5.91,945.45,52.53,0.0533,4.0,17.0,18.0,0.0,56.51,56.65
789C,pass@31,2.0,5.0,3.0,6.0,7.0,9.0,13.61,25.27,1.2,30.32,1.68,0.0084,2.0,15.0,15.0,0.0,64.12,64.26
789C,pass@32,2.0,6.0,3.0,6.0,8.0,9.0,17.51,27.0,1.0,27.0,1.5,0.009,2.0,16.0,17.0,0.0,62.73,62.87
790A,pass@1,5.0,15.0,10.0,20.0,20.0,30.0,70.21,129.66,3.33,432.19,24.01,0.0432,5.0,11.0,11.0,0.0,61.82,61.82
790A,pass@2,5.0,9.0,9.0,18.0,14.0,27.0,40.14,102.8,5.0,513.99,28.56,0.0343,0.0,11.0,11.0,0.0,62.66,63.2
790A,pass@3,7.0,39.0,37.0,74.0,46.0,111.0,225.78,613.12,6.64,4071.71,226.21,0.2044,0.0,22.0,23.0,27.27,75.11,76.59
790A,pass@4,5.0,17.0,17.0,32.0,22.0,49.0,81.1,218.51,4.71,1028.29,57.13,0.0728,0.0,16.0,18.0,0.0,55.03,56.24
790A,pass@5,5.0,11.0,10.0,20.0,16.0,30.0,49.66,120.0,4.55,545.45,30.3,0.04,4.0,15.0,15.0,0.0,59.25,59.25
790A,pass@6,5.0,23.0,17.0,34.0,28.0,51.0,115.65,245.18,3.7,906.08,50.34,0.0817,6.0,14.0,15.0,0.0,56.81,56.81
790A,pass@7,5.0,12.0,8.0,16.0,17.0,24.0,54.63,98.1,3.33,327.0,18.17,0.0327,3.0,12.0,14.0,0.0,60.65,60.65
790A,pass@8,4.0,14.0,9.0,18.0,18.0,27.0,61.3,112.59,2.57,289.51,16.08,0.0375,0.0,16.0,18.0,0.0,57.58,58.25
790A,pass@9,8.0,20.0,18.0,36.0,28.0,54.0,110.44,259.6,7.2,1869.1,103.84,0.0865,10.0,29.0,30.0,0.0,49.53,49.53
790A,pass@10,7.0,18.0,18.0,35.0,25.0,53.0,94.71,246.12,6.81,1675.01,93.06,0.082,7.0,27.0,27.0,0.0,51.09,51.09
790A,pass@11,6.0,23.0,21.0,40.0,29.0,61.0,119.55,296.34,5.22,1546.11,85.89,0.0988,5.0,31.0,31.0,0.0,49.49,49.49
790A,pass@12,4.0,9.0,6.0,12.0,13.0,18.0,36.53,66.61,2.67,177.62,9.87,0.0222,0.0,7.0,7.0,0.0,68.39,68.8
790A,pass@13,4.0,30.0,26.0,52.0,34.0,78.0,155.21,396.82,3.47,1375.65,76.42,0.1323,10.0,31.0,31.0,0.0,47.93,47.93
790A,pass@14,7.0,25.0,24.0,46.0,32.0,70.0,135.75,350.0,6.44,2254.0,125.22,0.1167,9.0,25.0,26.0,0.0,50.11,50.11
790A,pass@15,5.0,11.0,10.0,20.0,16.0,30.0,49.66,120.0,4.55,545.45,30.3,0.04,0.0,22.0,22.0,18.18,77.95,78.76
790A,pass@16,6.0,22.0,20.0,38.0,28.0,58.0,113.62,278.83,5.18,1444.83,80.27,0.0929,14.0,35.0,35.0,0.0,47.45,47.31
790A,pass@17,5.0,29.0,22.0,44.0,34.0,66.0,152.49,335.77,3.79,1273.62,70.76,0.1119,0.0,12.0,12.0,0.0,57.96,58.77
790A,pass@18,7.0,21.0,18.0,33.0,28.0,51.0,111.89,245.18,5.5,1348.46,74.91,0.0817,8.0,27.0,28.0,0.0,50.62,50.62
790A,pass@19,6.0,21.0,19.0,38.0,27.0,57.0,107.75,271.03,5.43,1471.3,81.74,0.0903,0.0,17.0,17.0,0.0,55.32,56.12
790A,pass@20,5.0,16.0,16.0,32.0,21.0,48.0,75.61,210.83,5.0,1054.16,58.56,0.0703,20.0,59.0,60.0,0.0,42.25,42.25
790A,pass@21,6.0,31.0,36.0,72.0,37.0,108.0,169.09,562.62,6.97,3920.2,217.79,0.1875,10.0,31.0,31.0,0.0,46.87,46.87
790A,pass@22,7.0,22.0,17.0,34.0,29.0,51.0,117.76,247.76,5.41,1340.14,74.45,0.0826,0.0,20.0,20.0,0.0,53.51,54.86
790A,pass@23,4.0,16.0,19.0,38.0,20.0,57.0,72.0,246.35,4.75,1170.16,65.01,0.0821,0.0,17.0,17.0,0.0,55.34,56.41
790A,pass@24,9.0,24.0,27.0,52.0,33.0,79.0,138.57,398.51,9.75,3885.44,215.86,0.1328,13.0,21.0,22.0,0.0,50.76,50.76
790A,pass@25,5.0,25.0,16.0,32.0,30.0,48.0,127.71,235.53,3.2,753.7,41.87,0.0785,0.0,12.0,12.0,0.0,59.04,59.85
790A,pass@26,7.0,24.0,17.0,34.0,31.0,51.0,129.69,252.66,4.96,1252.79,69.6,0.0842,10.0,25.0,25.0,0.0,51.34,51.34
790A,pass@27,4.0,18.0,12.0,24.0,22.0,36.0,83.06,160.54,2.67,428.11,23.78,0.0535,6.0,13.0,13.0,0.0,59.45,59.45
790A,pass@28,5.0,15.0,12.0,24.0,20.0,36.0,70.21,155.59,4.0,622.36,34.58,0.0519,4.0,20.0,22.0,0.0,54.83,54.83
790A,pass@29,5.0,23.0,20.0,40.0,28.0,60.0,115.65,288.44,4.35,1254.09,69.67,0.0961,11.0,26.0,28.0,3.85,61.28,61.28
790A,pass@30,4.0,13.0,10.0,20.0,17.0,30.0,56.11,122.62,3.08,377.3,20.96,0.0409,3.0,9.0,9.0,0.0,64.16,64.16
790A,pass@31,5.0,11.0,10.0,20.0,16.0,30.0,49.66,120.0,4.55,545.45,30.3,0.04,5.0,22.0,22.0,0.0,55.49,55.49
790A,pass@32,6.0,23.0,17.0,34.0,29.0,51.0,119.55,247.76,4.43,1098.75,61.04,0.0826,10.0,25.0,27.0,0.0,50.67,50.67
791C,pass@1,5.0,11.0,11.0,22.0,16.0,33.0,49.66,132.0,5.0,660.0,36.67,0.044,4.0,14.0,14.0,0.0,59.61,59.61
791C,pass@2,6.0,19.0,20.0,40.0,25.0,60.0,96.22,278.63,6.32,1759.78,97.77,0.0929,13.0,32.0,32.0,0.0,48.3,48.3
791C,pass@3,6.0,24.0,19.0,38.0,30.0,57.0,125.55,279.69,4.75,1328.54,73.81,0.0932,11.0,29.0,29.0,0.0,49.35,49.49
791C,pass@4,5.0,10.0,8.0,14.0,15.0,22.0,44.83,85.95,3.5,300.83,16.71,0.0287,6.0,20.0,21.0,0.0,56.94,56.81
791C,pass@5,5.0,9.0,7.0,14.0,14.0,21.0,40.14,79.95,3.89,310.93,17.27,0.0267,6.0,24.0,24.0,0.0,55.76,55.76
791C,pass@6,8.0,17.0,15.0,27.0,25.0,42.0,93.49,195.04,6.35,1239.09,68.84,0.065,5.0,17.0,18.0,0.0,55.91,55.91
791C,pass@7,4.0,8.0,9.0,18.0,12.0,27.0,32.0,96.79,4.5,435.57,24.2,0.0323,4.0,16.0,17.0,0.0,58.72,58.72
791C,pass@8,5.0,15.0,12.0,24.0,20.0,36.0,70.21,155.59,4.0,622.36,34.58,0.0519,3.0,12.0,12.0,0.0,60.71,60.71
791C,pass@9,11.0,27.0,37.0,74.0,38.0,111.0,166.44,582.52,15.07,8780.95,487.83,0.1942,15.0,47.0,49.0,0.0,41.75,41.75
791C,pass@10,5.0,14.0,8.0,16.0,19.0,24.0,64.91,101.95,2.86,291.29,16.18,0.034,5.0,21.0,22.0,0.0,55.98,55.98
791C,pass@11,5.0,9.0,8.0,16.0,14.0,24.0,40.14,91.38,4.44,406.12,22.56,0.0305,4.0,13.0,13.0,0.0,61.43,61.43
791C,pass@12,6.0,29.0,28.0,55.0,35.0,83.0,156.39,425.73,5.69,2422.26,134.57,0.1419,15.0,33.0,34.0,0.0,46.17,46.17
791C,pass@13,4.0,9.0,6.0,12.0,13.0,18.0,36.53,66.61,2.67,177.62,9.87,0.0222,0.0,7.0,7.0,0.0,68.39,68.8
791C,pass@14,3.0,6.0,3.0,6.0,9.0,9.0,20.26,28.53,1.5,42.79,2.38,0.0095,4.0,30.0,31.0,13.33,76.81,76.81
791C,pass@15,5.0,26.0,19.0,38.0,31.0,57.0,133.82,282.39,3.65,1031.81,57.32,0.0941,8.0,19.0,20.0,0.0,53.38,53.38
791C,pass@16,5.0,18.0,14.0,27.0,23.0,41.0,86.67,185.47,3.75,695.5,38.64,0.0618,7.0,24.0,25.0,0.0,52.68,52.68
791C,pass@17,3.0,10.0,6.0,12.0,13.0,18.0,37.97,66.61,1.8,119.89,6.66,0.0222,4.0,9.0,9.0,0.0,65.88,65.88
791C,pass@18,6.0,12.0,13.0,25.0,18.0,38.0,58.53,158.46,6.25,990.36,55.02,0.0528,0.0,15.0,15.0,0.0,58.27,58.94
791C,pass@19,5.0,21.0,16.0,32.0,26.0,48.0,103.85,225.62,3.81,859.51,47.75,0.0752,0.0,14.0,14.0,0.0,57.58,58.52
791C,pass@20,7.0,21.0,20.0,40.0,28.0,60.0,111.89,288.44,6.67,1922.94,106.83,0.0961,11.0,22.0,22.0,0.0,52.01,52.01
791C,pass@21,5.0,20.0,14.0,28.0,25.0,42.0,98.05,195.04,3.5,682.65,37.92,0.065,0.0,13.0,13.0,0.0,58.72,59.66
791C,pass@22,4.0,19.0,22.0,44.0,23.0,66.0,88.71,298.56,4.63,1382.78,76.82,0.0995,8.0,24.0,25.0,0.0,51.1,51.1
791C,pass@23,6.0,12.0,8.0,16.0,18.0,24.0,58.53,100.08,4.0,400.31,22.24,0.0334,4.0,14.0,16.0,0.0,59.19,59.19
791C,pass@24,6.0,16.0,17.0,34.0,22.0,51.0,79.51,227.43,6.38,1449.87,80.55,0.0758,6.0,30.0,30.0,0.0,50.47,50.47
791C,pass@25,4.0,14.0,8.0,15.0,18.0,23.0,61.3,95.91,2.14,205.52,11.42,0.032,4.0,16.0,18.0,0.0,58.2,58.2
791C,pass@26,5.0,22.0,22.0,37.0,27.0,59.0,109.72,280.54,4.2,1179.54,65.53,0.0935,6.0,22.0,25.0,4.55,64.06,64.06
791C,pass@27,5.0,25.0,18.0,36.0,30.0,54.0,127.71,264.97,3.6,953.9,52.99,0.0883,0.0,10.0,10.0,0.0,60.55,61.22
791C,pass@28,7.0,26.0,23.0,46.0,33.0,69.0,141.86,348.06,6.19,2155.31,119.74,0.116,9.0,22.0,23.0,0.0,51.29,51.29
791C,pass@29,6.0,14.0,12.0,22.0,20.0,34.0,68.81,146.95,4.71,692.74,38.49,0.049,5.0,12.0,12.0,0.0,60.61,60.61
791C,pass@30,5.0,22.0,23.0,46.0,27.0,69.0,109.72,328.09,5.23,1715.0,95.28,0.1094,8.0,22.0,22.0,0.0,52.02,52.02
791C,pass@31,11.0,24.0,24.0,48.0,35.0,72.0,148.09,369.31,11.0,4062.39,225.69,0.1231,8.0,40.0,42.0,0.0,45.54,45.54
791C,pass@32,5.0,21.0,17.0,34.0,26.0,51.0,103.85,239.72,4.05,970.31,53.91,0.0799,8.0,13.0,13.0,0.0,57.96,57.96
798C,pass@1,6.0,11.0,11.0,22.0,17.0,33.0,53.56,134.89,6.0,809.32,44.96,0.045,12.0,48.0,49.0,0.0,46.47,46.6
798C,pass@2,6.0,14.0,14.0,28.0,20.0,42.0,68.81,181.52,6.0,1089.13,60.51,0.0605,9.0,31.0,32.0,0.0,50.14,50.14
798C,pass@3,5.0,9.0,6.0,12.0,14.0,18.0,40.14,68.53,3.33,228.44,12.69,0.0228,5.0,30.0,31.0,0.0,53.81,53.94
798C,pass@4,5.0,18.0,19.0,38.0,23.0,57.0,86.67,257.84,5.28,1360.84,75.6,0.0859,3.0,34.0,36.0,0.0,48.09,48.76
798C,pass@5,7.0,23.0,17.0,34.0,30.0,51.0,123.69,250.25,5.17,1294.78,71.93,0.0834,13.0,43.0,44.0,0.0,45.61,45.61
798C,pass@6,4.0,10.0,12.0,24.0,14.0,36.0,41.22,137.06,4.8,657.91,36.55,0.0457,8.0,34.0,36.0,0.0,49.88,50.01
798C,pass@7,5.0,9.0,7.0,14.0,14.0,21.0,40.14,79.95,3.89,310.93,17.27,0.0267,6.0,29.0,29.0,0.0,53.83,53.97
798C,pass@8,5.0,11.0,10.0,20.0,16.0,30.0,49.66,120.0,4.55,545.45,30.3,0.04,2.0,27.0,28.0,0.0,52.93,53.6
798C,pass@9,7.0,26.0,26.0,52.0,33.0,78.0,141.86,393.46,7.0,2754.24,153.01,0.1312,17.0,51.0,51.0,0.0,42.16,42.3
798C,pass@10,7.0,24.0,24.0,46.0,31.0,70.0,129.69,346.79,6.71,2326.41,129.24,0.1156,5.0,44.0,46.0,0.0,45.14,45.27
798C,pass@11,4.0,7.0,5.0,10.0,11.0,15.0,27.65,51.89,2.86,148.26,8.24,0.0173,6.0,18.0,18.0,0.0,59.94,59.8
798C,pass@12,9.0,27.0,29.0,58.0,36.0,87.0,156.91,449.78,9.67,4347.91,241.55,0.1499,11.0,35.0,36.0,0.0,45.86,45.99
798C,pass@13,7.0,12.0,11.0,20.0,19.0,31.0,62.67,131.69,5.83,768.17,42.68,0.0439,5.0,26.0,28.0,0.0,52.78,52.92
798C,pass@14,5.0,10.0,7.0,14.0,15.0,21.0,44.83,82.04,3.5,287.16,15.95,0.0273,7.0,30.0,30.0,0.0,53.43,53.43
798C,pass@15,6.0,12.0,12.0,24.0,18.0,36.0,58.53,150.12,6.0,900.7,50.04,0.05,10.0,34.0,34.0,0.0,50.14,50.01
798C,pass@16,6.0,18.0,13.0,25.0,24.0,38.0,90.57,174.23,4.17,725.95,40.33,0.0581,7.0,23.0,24.0,0.0,53.39,53.26
798C,pass@17,6.0,16.0,14.0,28.0,22.0,42.0,79.51,187.3,5.25,983.3,54.63,0.0624,12.0,32.0,33.0,0.0,49.35,49.35
798C,pass@18,7.0,17.0,20.0,40.0,24.0,60.0,89.14,275.1,8.24,2265.51,125.86,0.0917,11.0,42.0,43.0,0.0,45.67,45.81
798C,pass@19,4.0,7.0,5.0,10.0,11.0,15.0,27.65,51.89,2.86,148.26,8.24,0.0173,5.0,22.0,23.0,0.0,57.48,57.61
798C,pass@21,5.0,9.0,8.0,16.0,14.0,24.0,40.14,91.38,4.44,406.12,22.56,0.0305,7.0,26.0,26.0,0.0,54.6,54.46
798C,pass@22,5.0,10.0,7.0,14.0,15.0,21.0,44.83,82.04,3.5,287.16,15.95,0.0273,7.0,23.0,23.0,0.0,55.95,55.95
798C,pass@23,5.0,29.0,27.0,54.0,34.0,81.0,152.49,412.08,4.66,1918.32,106.57,0.1374,9.0,42.0,45.0,0.0,44.28,44.42
798C,pass@24,6.0,13.0,13.0,26.0,19.0,39.0,63.62,165.67,6.0,994.02,55.22,0.0552,9.0,37.0,38.0,0.0,48.65,48.79
798C,pass@25,4.0,11.0,11.0,22.0,15.0,33.0,46.05,128.93,4.0,515.71,28.65,0.043,9.0,31.0,31.0,0.0,51.35,51.48
798C,pass@26,9.0,31.0,31.0,60.0,40.0,91.0,182.11,484.3,8.71,4218.06,234.34,0.1614,8.0,53.0,54.0,0.0,42.2,42.33
798C,pass@27,5.0,12.0,10.0,20.0,17.0,30.0,54.63,122.62,4.17,510.93,28.39,0.0409,8.0,32.0,32.0,0.0,51.47,51.47
798C,pass@28,6.0,12.0,11.0,20.0,18.0,31.0,58.53,129.27,5.0,646.34,35.91,0.0431,10.0,25.0,25.0,0.0,53.38,53.38
798C,pass@29,7.0,18.0,19.0,38.0,25.0,57.0,94.71,264.7,7.39,1955.84,108.66,0.0882,11.0,34.0,34.0,0.0,48.28,48.15
798C,pass@30,4.0,12.0,10.0,20.0,16.0,30.0,51.02,120.0,3.33,400.0,22.22,0.04,8.0,35.0,36.0,0.0,50.28,50.42
798C,pass@31,5.0,14.0,14.0,28.0,19.0,42.0,64.91,178.41,5.0,892.06,49.56,0.0595,8.0,33.0,33.0,0.0,50.03,50.03
798C,pass@32,7.0,12.0,13.0,26.0,19.0,39.0,62.67,165.67,7.58,1256.32,69.8,0.0552,10.0,32.0,32.0,0.0,50.42,50.28
799D,pass@1,9.0,30.0,37.0,73.0,39.0,110.0,175.74,581.39,10.95,6366.27,353.68,0.1938,20.0,34.0,36.0,0.0,43.87,44.0
799D,pass@2,11.0,25.0,31.0,59.0,36.0,90.0,154.15,465.29,12.98,6039.51,335.53,0.1551,13.0,39.0,41.0,0.0,44.26,44.39
799D,pass@3,8.0,38.0,50.0,92.0,46.0,142.0,223.42,784.35,9.68,7595.77,421.99,0.2614,23.0,38.0,40.0,0.0,41.69,41.69
799D,pass@4,10.0,27.0,25.0,45.0,37.0,70.0,161.6,364.66,8.33,3038.85,168.82,0.1216,11.0,27.0,27.0,0.0,49.36,49.36
799D,pass@5,9.0,36.0,31.0,60.0,45.0,91.0,214.65,499.76,7.5,3748.19,208.23,0.1666,12.0,29.0,34.0,0.0,45.68,46.08
799D,pass@6,9.0,33.0,25.0,49.0,42.0,74.0,194.99,399.03,6.68,2666.26,148.13,0.133,8.0,27.0,28.0,0.0,49.14,49.14
799D,pass@7,9.0,31.0,35.0,67.0,40.0,102.0,182.11,542.84,9.73,5279.52,293.31,0.1809,21.0,50.0,52.0,0.0,40.59,40.59
799D,pass@8,6.0,39.0,45.0,89.0,45.0,134.0,221.64,735.91,6.85,5038.14,279.9,0.2453,22.0,25.0,27.0,0.0,45.74,45.74
799D,pass@9,9.0,40.0,44.0,82.0,49.0,126.0,241.41,707.45,9.22,6526.26,362.57,0.2358,17.0,33.0,34.0,0.0,44.35,44.35
799D,pass@10,7.0,147.0,140.0,279.0,154.0,419.0,1078.0,3044.78,6.64,20226.06,1123.67,1.0149,64.0,71.0,72.0,0.0,26.48,26.48
799D,pass@11,7.0,30.0,22.0,43.0,37.0,65.0,166.86,338.61,5.02,1698.72,94.37,0.1129,7.0,20.0,19.0,0.0,53.45,53.45
799D,pass@12,11.0,38.0,34.0,67.0,49.0,101.0,237.47,567.09,9.7,5499.24,305.51,0.189,15.0,27.0,28.0,0.0,47.13,47.13
799D,pass@13,8.0,33.0,45.0,89.0,41.0,134.0,190.47,717.91,10.79,7744.75,430.26,0.2393,21.0,26.0,30.0,0.0,44.96,44.96
799D,pass@14,7.0,22.0,15.0,29.0,29.0,44.0,117.76,213.75,4.61,986.17,54.79,0.0713,16.0,21.0,23.0,0.0,51.96,51.83
799D,pass@15,7.0,37.0,33.0,65.0,44.0,98.0,212.4,535.02,6.15,3289.68,182.76,0.1783,11.0,23.0,22.0,0.0,50.13,50.13
799D,pass@16,11.0,54.0,56.0,109.0,65.0,165.0,348.82,993.69,11.1,11031.81,612.88,0.3312,27.0,32.0,32.0,0.0,42.55,42.55
799D,pass@17,7.0,36.0,37.0,73.0,43.0,110.0,205.77,596.89,7.1,4236.25,235.35,0.199,19.0,21.0,23.0,0.0,48.3,48.3
799D,pass@18,8.0,35.0,41.0,81.0,43.0,122.0,203.52,662.0,9.26,6128.27,340.46,0.2207,21.0,33.0,35.0,0.0,43.74,43.74
799D,pass@19,8.0,29.0,22.0,42.0,37.0,64.0,164.88,333.41,5.79,1931.45,107.3,0.1111,6.0,23.0,27.0,0.0,50.3,50.3
799D,pass@20,9.0,57.0,57.0,113.0,66.0,170.0,361.0,1027.55,8.92,9166.8,509.27,0.3425,31.0,43.0,45.0,0.0,38.54,38.68
799D,pass@21,9.0,24.0,25.0,49.0,33.0,74.0,138.57,373.29,9.19,3429.56,190.53,0.1244,14.0,29.0,28.0,0.0,48.54,48.54
799D,pass@22,7.0,20.0,14.0,27.0,27.0,41.0,106.09,194.95,4.72,921.14,51.17,0.065,10.0,25.0,26.0,0.0,51.89,51.75
799D,pass@23,9.0,21.0,28.0,50.0,30.0,78.0,120.77,382.74,10.71,4100.76,227.82,0.1276,15.0,28.0,28.0,0.0,48.33,48.33
799D,pass@24,9.0,26.0,25.0,49.0,35.0,74.0,150.74,379.57,8.48,3219.02,178.83,0.1265,15.0,29.0,29.0,0.0,48.02,48.02
799D,pass@25,8.0,49.0,60.0,117.0,57.0,177.0,299.12,1032.42,9.55,9860.68,547.82,0.3441,26.0,35.0,35.0,0.0,41.72,41.72
799D,pass@26,8.0,37.0,34.0,67.0,45.0,101.0,216.75,554.68,7.24,4017.66,223.2,0.1849,19.0,30.0,31.0,0.0,45.7,45.7
799D,pass@27,7.0,41.0,20.0,47.0,48.0,67.0,239.31,374.19,4.01,1501.33,83.41,0.1247,24.0,35.0,36.0,0.0,44.94,44.81
799D,pass@28,8.0,36.0,35.0,67.0,44.0,102.0,210.12,556.86,7.44,4145.53,230.31,0.1856,18.0,30.0,32.0,0.0,45.39,45.52
799D,pass@29,9.0,32.0,37.0,73.0,41.0,110.0,188.53,589.33,10.27,6049.85,336.1,0.1964,17.0,32.0,34.0,0.0,44.77,44.91
799D,pass@30,9.0,43.0,43.0,84.0,52.0,127.0,261.86,723.96,8.79,6364.08,353.56,0.2413,20.0,46.0,47.0,0.0,40.68,40.81
799D,pass@31,8.0,35.0,37.0,67.0,43.0,104.0,203.52,564.33,7.66,4321.17,240.06,0.1881,16.0,33.0,34.0,6.06,59.32,59.45
799D,pass@32,8.0,31.0,29.0,57.0,39.0,86.0,177.58,454.54,7.35,3343.1,185.73,0.1515,18.0,28.0,29.0,0.0,47.07,47.07
799B,pass@1,5.0,9.0,6.0,10.0,14.0,16.0,40.14,60.92,2.78,169.22,9.4,0.0203,0.0,25.0,25.0,0.0,56.07,57.01
799B,pass@2,5.0,20.0,21.0,41.0,25.0,62.0,98.05,287.92,5.12,1475.59,81.98,0.096,9.0,37.0,42.0,0.0,46.03,46.16
799B,pass@3,3.0,6.0,4.0,7.0,9.0,11.0,20.26,34.87,1.75,61.02,3.39,0.0116,0.0,24.0,25.0,0.0,57.76,58.71
799B,pass@4,5.0,18.0,21.0,41.0,23.0,62.0,86.67,280.46,5.69,1597.07,88.73,0.0935,0.0,26.0,30.0,0.0,49.83,50.64
799B,pass@5,4.0,16.0,18.0,35.0,20.0,53.0,72.0,229.06,4.38,1002.15,55.67,0.0764,6.0,28.0,33.0,0.0,49.41,49.54
799B,pass@6,6.0,16.0,18.0,33.0,22.0,51.0,79.51,227.43,6.19,1407.23,78.18,0.0758,0.0,26.0,30.0,3.85,61.76,62.83
799B,pass@7,3.0,5.0,3.0,5.0,8.0,8.0,16.36,24.0,1.5,36.0,2.0,0.008,6.0,27.0,28.0,3.7,69.18,69.31
799B,pass@8,3.0,4.0,3.0,4.0,7.0,7.0,12.75,19.65,1.5,29.48,1.64,0.0066,6.0,35.0,35.0,0.0,56.32,56.45
799B,pass@9,4.0,14.0,17.0,33.0,18.0,50.0,61.3,208.5,4.71,982.91,54.61,0.0695,5.0,26.0,31.0,0.0,50.42,50.56
799B,pass@10,5.0,18.0,20.0,37.0,23.0,57.0,86.67,257.84,5.14,1325.03,73.61,0.0859,7.0,35.0,40.0,0.0,47.09,47.23
799B,pass@11,6.0,17.0,19.0,36.0,23.0,55.0,85.0,248.8,6.35,1580.59,87.81,0.0829,6.0,30.0,35.0,0.0,48.6,48.74
799B,pass@12,5.0,18.0,21.0,39.0,23.0,60.0,86.67,271.41,5.42,1470.16,81.68,0.0905,8.0,28.0,32.0,0.0,48.92,49.05
799B,pass@13,5.0,16.0,18.0,35.0,21.0,53.0,75.61,232.79,5.47,1273.09,70.73,0.0776,7.0,27.0,31.0,0.0,49.82,49.95
799B,pass@14,6.0,20.0,22.0,43.0,26.0,65.0,101.95,305.53,6.45,1970.66,109.48,0.1018,14.0,29.0,34.0,0.0,47.31,47.31
799B,pass@15,5.0,18.0,19.0,37.0,23.0,56.0,86.67,253.32,5.14,1301.78,72.32,0.0844,7.0,30.0,35.0,0.0,48.41,48.55
799B,pass@16,6.0,18.0,19.0,37.0,24.0,56.0,90.57,256.76,6.17,1583.34,87.96,0.0856,7.0,28.0,32.0,0.0,49.22,49.35
799B,pass@17,1.0,1.0,1.0,1.0,2.0,2.0,0.0,2.0,0.5,1.0,0.06,0.0007,0.0,19.0,20.0,0.0,68.84,69.51
799B,pass@18,6.0,19.0,20.0,39.0,25.0,59.0,96.22,273.99,6.16,1687.19,93.73,0.0913,8.0,32.0,36.0,0.0,47.77,47.91
799B,pass@19,5.0,15.0,16.0,31.0,20.0,47.0,70.21,203.13,5.17,1049.51,58.31,0.0677,6.0,26.0,31.0,0.0,50.37,50.5
799B,pass@20,5.0,16.0,18.0,35.0,21.0,53.0,75.61,232.79,5.47,1273.09,70.73,0.0776,5.0,28.0,33.0,0.0,49.49,49.63
799B,pass@21,4.0,14.0,17.0,33.0,18.0,50.0,61.3,208.5,4.71,982.91,54.61,0.0695,5.0,26.0,31.0,0.0,50.42,50.56
799B,pass@22,9.0,30.0,30.0,57.0,39.0,87.0,175.74,459.83,8.55,3931.55,218.42,0.1533,12.0,30.0,35.0,0.0,45.93,46.06
799B,pass@23,6.0,19.0,20.0,39.0,25.0,59.0,96.22,273.99,6.16,1687.19,93.73,0.0913,0.0,27.0,32.0,0.0,48.89,50.1
799B,pass@24,5.0,16.0,19.0,36.0,21.0,55.0,75.61,241.58,5.62,1358.87,75.49,0.0805,7.0,30.0,35.0,0.0,48.56,48.69
799B,pass@25,5.0,20.0,20.0,39.0,25.0,59.0,98.05,273.99,4.88,1335.69,74.2,0.0913,9.0,33.0,38.0,0.0,47.12,47.26
799B,pass@26,6.0,14.0,8.0,15.0,20.0,23.0,68.81,99.4,3.21,319.51,17.75,0.0331,0.0,27.0,28.0,0.0,53.24,54.45
799B,pass@27,4.0,11.0,14.0,27.0,15.0,41.0,46.05,160.18,4.91,786.35,43.69,0.0534,0.0,23.0,27.0,0.0,52.67,53.34
799B,pass@28,2.0,3.0,2.0,3.0,5.0,5.0,6.75,11.61,1.0,11.61,0.64,0.0039,0.0,27.0,27.0,0.0,60.11,61.32
799B,pass@29,5.0,17.0,18.0,35.0,22.0,53.0,81.1,236.35,5.15,1216.51,67.58,0.0788,3.0,27.0,32.0,0.0,49.61,50.14
799B,pass@30,4.0,14.0,17.0,33.0,18.0,50.0,61.3,208.5,4.71,982.91,54.61,0.0695,0.0,22.0,27.0,9.09,68.7,69.64
799B,pass@31,5.0,16.0,18.0,35.0,21.0,53.0,75.61,232.79,5.47,1273.09,70.73,0.0776,5.0,27.0,32.0,0.0,49.79,49.92
799B,pass@32,5.0,11.0,15.0,28.0,16.0,43.0,49.66,172.0,6.36,1094.55,60.81,0.0573,9.0,44.0,49.0,0.0,46.13,46.27
802D,pass@1,7.0,17.0,11.0,21.0,24.0,32.0,89.14,146.72,4.32,634.34,35.24,0.0489,5.0,27.0,28.0,0.0,52.59,52.59
802D,pass@2,4.0,12.0,6.0,12.0,16.0,18.0,51.02,72.0,2.0,144.0,8.0,0.024,6.0,21.0,21.0,0.0,57.61,57.35
802D,pass@3,7.0,19.0,11.0,23.0,26.0,34.0,100.36,159.81,4.24,677.11,37.62,0.0533,6.0,21.0,22.0,0.0,54.48,54.48
802D,pass@4,7.0,24.0,16.0,31.0,31.0,47.0,129.69,232.85,4.52,1052.66,58.48,0.0776,6.0,20.0,20.0,0.0,53.97,54.24
802D,pass@5,9.0,39.0,24.0,47.0,48.0,71.0,234.66,396.53,5.42,2150.43,119.47,0.1322,14.0,28.0,28.0,7.14,64.0,63.73
802D,pass@6,10.0,29.0,16.0,31.0,39.0,47.0,174.1,248.41,5.34,1327.73,73.76,0.0828,7.0,23.0,23.0,0.0,52.58,52.58
802D,pass@7,4.0,11.0,6.0,12.0,15.0,18.0,46.05,70.32,2.18,153.43,8.52,0.0234,2.0,13.0,13.0,0.0,62.23,62.5
802D,pass@8,10.0,31.0,21.0,41.0,41.0,62.0,186.8,332.17,6.61,2196.6,122.03,0.1107,12.0,28.0,30.0,7.14,64.02,63.89
802D,pass@9,8.0,29.0,20.0,37.0,37.0,57.0,164.88,296.94,5.1,1515.41,84.19,0.099,11.0,35.0,36.0,0.0,47.39,47.26
802D,pass@10,10.0,30.0,19.0,37.0,40.0,56.0,180.43,298.03,6.17,1837.84,102.1,0.0993,10.0,33.0,35.0,0.0,47.78,47.65
802D,pass@11,9.0,44.0,34.0,67.0,53.0,101.0,268.74,578.52,6.85,3964.18,220.23,0.1928,10.0,31.0,32.0,0.0,46.48,46.48
802D,pass@12,8.0,30.0,19.0,37.0,38.0,56.0,171.21,293.88,4.93,1449.83,80.55,0.098,9.0,30.0,31.0,0.0,49.11,48.97
802D,pass@13,9.0,42.0,27.0,53.0,51.0,80.0,255.01,453.79,5.68,2576.9,143.16,0.1513,15.0,36.0,39.0,5.56,58.53,58.39
802D,pass@14,2.0,4.0,2.0,4.0,6.0,6.0,10.0,15.51,1.0,15.51,0.86,0.0052,3.0,15.0,16.0,0.0,64.99,64.99
802D,pass@16,7.0,16.0,9.0,18.0,23.0,27.0,83.65,122.14,3.94,480.91,26.72,0.0407,7.0,27.0,28.0,0.0,52.88,52.88
802D,pass@17,5.0,10.0,6.0,12.0,15.0,18.0,44.83,70.32,3.0,210.97,11.72,0.0234,5.0,24.0,25.0,0.0,55.9,55.9
802D,pass@18,9.0,26.0,14.0,27.0,35.0,41.0,150.74,210.3,4.67,982.75,54.6,0.0701,11.0,25.0,25.0,4.0,63.67,63.53
802D,pass@19,7.0,17.0,11.0,20.0,24.0,31.0,89.14,142.13,4.12,585.26,32.51,0.0474,8.0,30.0,31.0,0.0,51.32,51.32
802D,pass@20,4.0,9.0,6.0,12.0,13.0,18.0,36.53,66.61,2.67,177.62,9.87,0.0222,3.0,20.0,21.0,0.0,57.85,57.99
802D,pass@21,11.0,34.0,23.0,45.0,45.0,68.0,211.03,373.45,7.28,2718.47,151.03,0.1245,8.0,35.0,36.0,2.86,57.0,57.0
802D,pass@22,5.0,19.0,15.0,29.0,24.0,44.0,92.32,201.74,3.82,769.79,42.77,0.0672,6.0,22.0,22.0,4.55,66.0,66.27
802D,pass@23,6.0,13.0,8.0,16.0,19.0,24.0,63.62,101.95,3.69,376.43,20.91,0.034,6.0,26.0,27.0,0.0,53.91,53.91
802D,pass@24,5.0,11.0,6.0,12.0,16.0,18.0,49.66,72.0,2.73,196.36,10.91,0.024,3.0,13.0,13.0,0.0,62.02,62.29
802D,pass@25,6.0,15.0,11.0,22.0,21.0,33.0,74.11,144.95,4.4,637.76,35.43,0.0483,3.0,20.0,21.0,0.0,55.49,55.62
802D,pass@26,6.0,13.0,8.0,16.0,19.0,24.0,63.62,101.95,3.69,376.43,20.91,0.034,6.0,27.0,28.0,0.0,53.56,53.56
802D,pass@27,4.0,13.0,8.0,16.0,17.0,24.0,56.11,98.1,2.46,241.47,13.42,0.0327,4.0,21.0,23.0,0.0,55.81,55.81
802D,pass@28,11.0,25.0,17.0,33.0,36.0,50.0,154.15,258.5,7.26,1876.68,104.26,0.0862,11.0,28.0,29.0,10.71,68.07,68.07
802D,pass@29,6.0,15.0,9.0,17.0,21.0,26.0,74.11,114.2,3.4,388.28,21.57,0.0381,3.0,23.0,23.0,0.0,55.48,55.48
802D,pass@30,9.0,39.0,31.0,60.0,48.0,91.0,234.66,508.23,6.92,3518.53,195.47,0.1694,7.0,32.0,34.0,0.0,46.7,46.7
802D,pass@31,8.0,24.0,14.0,27.0,32.0,41.0,134.04,205.0,4.5,922.5,51.25,0.0683,8.0,24.0,25.0,4.17,64.51,64.24
802D,pass@32,8.0,19.0,12.0,24.0,27.0,36.0,104.71,171.18,5.05,864.89,48.05,0.0571,7.0,28.0,29.0,0.0,51.38,51.52
802E,pass@1,7.0,33.0,23.0,43.0,40.0,66.0,186.12,351.25,4.56,1601.9,88.99,0.1171,11.0,43.0,45.0,4.65,57.67,57.27
802E,pass@2,5.0,9.0,6.0,10.0,14.0,16.0,40.14,60.92,2.78,169.22,9.4,0.0203,5.0,29.0,29.0,0.0,55.06,54.93
802E,pass@3,5.0,15.0,10.0,18.0,20.0,28.0,70.21,121.01,3.0,363.04,20.17,0.0403,6.0,34.0,36.0,5.88,65.01,64.74
802E,pass@4,4.0,16.0,13.0,26.0,20.0,39.0,72.0,168.56,3.25,547.8,30.43,0.0562,6.0,27.0,28.0,7.41,67.66,67.66
802E,pass@5,8.0,34.0,18.0,36.0,42.0,54.0,196.97,291.19,4.24,1233.25,68.51,0.0971,9.0,40.0,43.0,12.5,65.46,65.46
802E,pass@7,4.0,10.0,9.0,18.0,14.0,27.0,41.22,102.8,3.6,370.07,20.56,0.0343,3.0,17.0,18.0,11.76,77.07,77.2
802E,pass@8,6.0,15.0,13.0,26.0,21.0,39.0,74.11,171.3,5.2,890.76,49.49,0.0571,5.0,25.0,26.0,0.0,52.82,52.82
802E,pass@9,5.0,13.0,11.0,22.0,18.0,33.0,59.72,137.61,4.23,582.19,32.34,0.0459,7.0,26.0,27.0,0.0,52.86,52.86
802E,pass@10,7.0,17.0,12.0,24.0,24.0,36.0,89.14,165.06,4.94,815.58,45.31,0.055,11.0,37.0,38.0,0.0,48.53,48.53
802E,pass@11,9.0,20.0,16.0,30.0,29.0,46.0,114.97,223.47,6.75,1508.4,83.8,0.0745,8.0,32.0,33.0,12.5,68.91,68.91
802E,pass@12,7.0,19.0,14.0,27.0,26.0,41.0,100.36,192.72,4.97,958.52,53.25,0.0642,4.0,16.0,17.0,0.0,56.62,56.62
802E,pass@13,4.0,10.0,7.0,14.0,14.0,21.0,41.22,79.95,2.8,223.87,12.44,0.0267,6.0,28.0,29.0,7.14,69.35,69.35
802E,pass@14,4.0,8.0,4.0,8.0,12.0,12.0,32.0,43.02,2.0,86.04,4.78,0.0143,4.0,21.0,21.0,9.52,76.49,76.63
802E,pass@15,5.0,18.0,14.0,28.0,23.0,42.0,86.67,189.99,3.89,738.85,41.05,0.0633,6.0,22.0,22.0,0.0,53.82,53.95
802E,pass@17,8.0,34.0,22.0,41.0,42.0,63.0,196.97,339.72,4.82,1638.63,91.04,0.1132,13.0,35.0,36.0,0.0,46.85,46.58
802E,pass@18,6.0,19.0,15.0,30.0,25.0,45.0,96.22,208.97,4.74,989.87,54.99,0.0697,7.0,24.0,25.0,0.0,52.32,52.32
802E,pass@19,7.0,23.0,18.0,33.0,30.0,51.0,123.69,250.25,5.02,1256.7,69.82,0.0834,11.0,30.0,31.0,0.0,49.73,49.19
802E,pass@20,7.0,22.0,15.0,29.0,29.0,44.0,117.76,213.75,4.61,986.17,54.79,0.0713,7.0,31.0,32.0,0.0,49.91,49.91
802E,pass@21,3.0,10.0,5.0,10.0,13.0,15.0,37.97,55.51,1.5,83.26,4.63,0.0185,4.0,19.0,19.0,10.53,77.56,77.56
802E,pass@22,4.0,12.0,9.0,18.0,16.0,27.0,51.02,108.0,3.0,324.0,18.0,0.036,6.0,21.0,22.0,0.0,55.67,55.67
802E,pass@23,6.0,28.0,18.0,36.0,34.0,54.0,150.12,274.72,3.86,1059.65,58.87,0.0916,11.0,39.0,40.0,0.0,46.77,46.5
802E,pass@24,6.0,23.0,19.0,38.0,29.0,57.0,119.55,276.9,4.96,1372.49,76.25,0.0923,7.0,32.0,33.0,0.0,48.83,48.83
802E,pass@25,7.0,23.0,19.0,38.0,30.0,57.0,123.69,279.69,5.78,1617.35,89.85,0.0932,8.0,33.0,34.0,0.0,48.38,48.38
802E,pass@26,4.0,12.0,9.0,18.0,16.0,27.0,51.02,108.0,3.0,324.0,18.0,0.036,3.0,19.0,20.0,10.53,75.05,75.19
802E,pass@28,5.0,16.0,11.0,22.0,21.0,33.0,75.61,144.95,3.44,498.25,27.68,0.0483,4.0,19.0,20.0,10.53,74.16,74.16
802E,pass@29,8.0,44.0,30.0,60.0,52.0,90.0,264.21,513.04,5.45,2798.4,155.47,0.171,7.0,30.0,30.0,6.67,62.77,62.77
802E,pass@30,7.0,22.0,18.0,36.0,29.0,54.0,117.76,262.33,5.73,1502.44,83.47,0.0874,11.0,35.0,35.0,0.0,48.04,47.9
802E,pass@31,6.0,24.0,14.0,27.0,30.0,41.0,125.55,201.18,3.38,678.99,37.72,0.0671,9.0,42.0,42.0,2.38,56.58,56.44
802F,pass@1,9.0,29.0,18.0,35.0,38.0,53.0,169.41,278.14,5.43,1510.59,83.92,0.0927,12.0,34.0,34.0,0.0,48.0,47.86
802F,pass@2,9.0,37.0,24.0,47.0,46.0,71.0,221.28,392.17,5.72,2241.75,124.54,0.1307,15.0,33.0,33.0,6.06,60.98,60.98
802F,pass@3,9.0,46.0,30.0,57.0,55.0,87.0,282.61,502.98,5.58,2804.65,155.81,0.1677,15.0,41.0,42.0,4.88,56.71,56.58
802F,pass@4,9.0,38.0,25.0,47.0,47.0,72.0,227.95,399.93,5.57,2225.93,123.66,0.1333,19.0,58.0,58.0,0.0,41.03,40.76
802F,pass@6,9.0,43.0,28.0,55.0,52.0,83.0,261.86,473.14,5.76,2723.29,151.29,0.1577,13.0,41.0,41.0,4.88,57.39,57.26
802F,pass@8,10.0,40.0,24.0,47.0,50.0,71.0,246.1,400.71,5.88,2354.19,130.79,0.1336,17.0,43.0,46.0,2.33,52.57,52.3
802F,pass@9,11.0,44.0,34.0,67.0,55.0,101.0,278.27,583.92,8.38,4890.31,271.68,0.1946,12.0,35.0,37.0,0.0,44.94,44.81
802F,pass@10,9.0,36.0,26.0,51.0,45.0,77.0,214.65,422.87,6.38,2695.81,149.77,0.141,12.0,44.0,48.0,2.27,52.31,52.31
802F,pass@11,10.0,38.0,26.0,51.0,48.0,77.0,232.64,430.04,6.71,2885.81,160.32,0.1433,15.0,44.0,45.0,6.82,58.81,58.54
802F,pass@12,9.0,42.0,28.0,55.0,51.0,83.0,255.01,470.81,5.89,2774.42,154.13,0.1569,10.0,41.0,43.0,2.44,53.47,53.61
802F,pass@13,7.0,18.0,10.0,19.0,25.0,29.0,94.71,134.67,3.69,497.54,27.64,0.0449,13.0,36.0,37.0,2.78,59.57,59.03
802F,pass@14,7.0,42.0,26.0,51.0,49.0,77.0,246.13,432.33,4.25,1837.41,102.08,0.1441,5.0,35.0,36.0,0.0,46.38,46.92
802F,pass@16,10.0,40.0,23.0,45.0,50.0,68.0,246.1,383.78,5.62,2158.77,119.93,0.1279,17.0,43.0,44.0,2.33,53.26,52.86
802F,pass@17,8.0,43.0,29.0,57.0,51.0,86.0,257.33,487.83,5.3,2586.63,143.7,0.1626,16.0,45.0,45.0,0.0,43.1,42.96
802F,pass@18,10.0,56.0,37.0,71.0,66.0,108.0,358.43,652.79,6.34,4138.25,229.9,0.2176,18.0,44.0,46.0,4.55,54.37,54.1
802F,pass@19,12.0,50.0,36.0,68.0,62.0,104.0,325.21,619.24,8.16,5052.97,280.72,0.2064,22.0,58.0,60.0,3.45,49.68,49.68
802F,pass@20,10.0,43.0,29.0,57.0,53.0,86.0,266.55,492.6,6.63,3264.91,181.38,0.1642,14.0,44.0,48.0,6.82,57.78,57.65
802F,pass@21,10.0,60.0,43.0,85.0,70.0,128.0,387.63,784.55,7.08,5557.22,308.73,0.2615,15.0,38.0,39.0,0.0,43.14,43.01
802F,pass@22,9.0,39.0,26.0,51.0,48.0,77.0,234.66,430.04,5.88,2530.63,140.59,0.1433,15.0,39.0,41.0,0.0,44.36,44.36
802F,pass@23,8.0,36.0,20.0,39.0,44.0,59.0,210.12,322.11,4.33,1395.79,77.54,0.1074,13.0,33.0,34.0,9.09,64.65,64.39
802F,pass@24,10.0,59.0,42.0,82.0,69.0,124.0,380.3,757.46,6.95,5263.68,292.43,0.2525,11.0,36.0,36.0,0.0,44.54,44.41
802F,pass@25,8.0,54.0,38.0,75.0,62.0,113.0,334.76,672.82,5.56,3737.91,207.66,0.2243,15.0,43.0,44.0,4.65,55.1,54.97
802F,pass@26,8.0,42.0,24.0,47.0,50.0,71.0,250.48,400.71,4.48,1793.67,99.65,0.1336,11.0,38.0,39.0,0.0,45.86,45.59
802F,pass@27,8.0,31.0,21.0,41.0,39.0,62.0,177.58,327.69,5.29,1733.61,96.31,0.1092,8.0,25.0,27.0,8.0,66.39,66.26
802F,pass@28,11.0,46.0,28.0,53.0,57.0,81.0,292.14,472.46,6.34,2993.98,166.33,0.1575,16.0,41.0,41.0,2.44,53.51,53.24
802F,pass@29,10.0,50.0,36.0,72.0,60.0,108.0,315.41,637.94,7.2,4593.2,255.18,0.2126,15.0,43.0,44.0,2.33,51.71,51.58
802F,pass@30,11.0,37.0,28.0,55.0,48.0,83.0,230.8,463.55,8.18,3789.85,210.55,0.1545,19.0,59.0,61.0,1.69,47.89,47.62
802F,pass@31,13.0,49.0,37.0,73.0,62.0,110.0,323.23,654.96,9.68,6342.43,352.36,0.2183,18.0,54.0,54.0,5.56,53.92,53.79
802F,pass@32,10.0,41.0,28.0,54.0,51.0,82.0,252.88,465.14,6.59,3063.11,170.17,0.155,19.0,43.0,47.0,0.0,42.56,42.29
803A,pass@1,6.0,9.0,9.0,16.0,15.0,25.0,44.04,97.67,5.33,520.92,28.94,0.0326,9.0,19.0,19.0,0.0,56.96,56.96
803A,pass@2,7.0,10.0,9.0,17.0,17.0,26.0,52.87,106.27,5.95,632.33,35.13,0.0354,0.0,15.0,15.0,0.0,59.21,60.16
803A,pass@3,6.0,9.0,9.0,16.0,15.0,25.0,44.04,97.67,5.33,520.92,28.94,0.0326,9.0,19.0,19.0,0.0,56.96,56.96
803A,pass@4,8.0,16.0,20.0,38.0,24.0,58.0,88.0,265.93,9.5,2526.31,140.35,0.0886,9.0,21.0,21.0,0.0,52.97,52.97
803A,pass@5,10.0,21.0,23.0,44.0,31.0,67.0,125.46,331.93,10.48,3477.37,193.19,0.1106,10.0,26.0,26.0,0.0,50.0,50.14
803A,pass@6,9.0,16.0,18.0,33.0,25.0,51.0,92.53,236.84,9.28,2198.14,122.12,0.0789,9.0,30.0,30.0,0.0,49.81,49.94
803A,pass@7,9.0,12.0,14.0,27.0,21.0,41.0,71.55,180.09,10.12,1823.36,101.3,0.06,0.0,20.0,20.0,0.0,54.62,55.83
803A,pass@8,9.0,14.0,14.0,27.0,23.0,41.0,81.83,185.47,8.68,1609.58,89.42,0.0618,0.0,16.0,16.0,0.0,56.64,57.85
803A,pass@9,8.0,13.0,10.0,19.0,21.0,29.0,72.11,127.38,5.85,744.67,41.37,0.0425,0.0,15.0,15.0,0.0,58.53,59.6
803A,pass@10,6.0,10.0,8.0,15.0,16.0,23.0,48.73,92.0,4.5,414.0,23.0,0.0307,0.0,14.0,14.0,0.0,60.31,61.25
803A,pass@11,7.0,11.0,12.0,23.0,18.0,35.0,57.71,145.95,7.32,1068.07,59.34,0.0486,8.0,20.0,20.0,0.0,55.39,55.39
803A,pass@12,9.0,21.0,27.0,52.0,30.0,79.0,120.77,387.64,11.14,4319.47,239.97,0.1292,12.0,27.0,27.0,0.0,49.04,49.04
803A,pass@13,6.0,9.0,10.0,19.0,15.0,29.0,44.04,113.3,6.33,717.57,39.86,0.0378,0.0,17.0,17.0,0.0,57.7,58.78
803A,pass@14,9.0,15.0,15.0,29.0,24.0,44.0,87.13,201.74,8.7,1755.12,97.51,0.0672,0.0,17.0,17.0,0.0,55.94,57.02
803A,pass@15,6.0,9.0,8.0,15.0,15.0,23.0,44.04,89.86,5.0,449.29,24.96,0.03,0.0,14.0,14.0,0.0,60.38,61.32
803A,pass@16,9.0,13.0,16.0,31.0,22.0,47.0,76.64,209.59,10.73,2249.1,124.95,0.0699,10.0,24.0,24.0,0.0,52.29,52.29
803A,pass@17,8.0,13.0,16.0,30.0,21.0,46.0,72.11,202.05,9.23,1865.05,103.61,0.0673,9.0,26.0,26.0,0.0,51.78,51.78
803A,pass@18,6.0,9.0,9.0,16.0,15.0,25.0,44.04,97.67,5.33,520.92,28.94,0.0326,9.0,21.0,21.0,0.0,56.01,56.01
803A,pass@19,10.0,15.0,23.0,43.0,25.0,66.0,91.82,306.49,14.33,4393.09,244.06,0.1022,11.0,42.0,42.0,0.0,45.57,45.7
803A,pass@20,7.0,12.0,12.0,20.0,19.0,32.0,62.67,135.93,5.83,792.95,44.05,0.0453,9.0,23.0,23.0,0.0,54.01,54.15
803A,pass@21,6.0,9.0,7.0,13.0,15.0,20.0,44.04,78.14,4.33,338.6,18.81,0.026,8.0,17.0,17.0,0.0,58.83,58.83
803A,pass@22,8.0,11.0,12.0,23.0,19.0,35.0,62.05,148.68,8.36,1243.48,69.08,0.0496,0.0,16.0,16.0,0.0,57.45,58.52
803A,pass@23,9.0,11.0,14.0,27.0,20.0,41.0,66.58,177.2,11.05,1957.24,108.74,0.0591,0.0,19.0,19.0,0.0,55.15,56.36
803A,pass@24,10.0,14.0,17.0,33.0,24.0,50.0,86.52,229.25,11.79,2701.85,150.1,0.0764,0.0,22.0,22.0,0.0,52.98,54.19
803A,pass@25,12.0,18.0,22.0,42.0,30.0,64.0,118.08,314.04,14.0,4396.57,244.25,0.1047,12.0,29.0,29.0,0.0,49.0,49.0
803A,pass@26,6.0,7.0,9.0,17.0,13.0,26.0,35.16,96.21,7.29,700.97,38.94,0.0321,9.0,18.0,18.0,0.0,57.52,57.52
803A,pass@27,11.0,15.0,16.0,31.0,26.0,47.0,96.66,220.92,11.37,2511.13,139.51,0.0736,11.0,21.0,21.0,0.0,53.26,53.26
803A,pass@28,7.0,11.0,12.0,23.0,18.0,35.0,57.71,145.95,7.32,1068.07,59.34,0.0486,0.0,17.0,17.0,0.0,56.93,58.01
803A,pass@29,8.0,10.0,11.0,21.0,18.0,32.0,57.22,133.44,8.4,1120.88,62.27,0.0445,0.0,20.0,20.0,0.0,55.39,56.74
803A,pass@30,10.0,16.0,19.0,36.0,26.0,55.0,97.22,258.52,11.25,2908.4,161.58,0.0862,9.0,24.0,24.0,0.0,51.79,51.79
803A,pass@31,9.0,16.0,19.0,37.0,25.0,56.0,92.53,260.06,10.41,2706.21,150.34,0.0867,0.0,22.0,22.0,0.0,52.33,53.81
803A,pass@32,7.0,12.0,9.0,17.0,19.0,26.0,62.67,110.45,4.96,547.63,30.42,0.0368,0.0,14.0,14.0,0.0,59.75,60.69
805D,pass@1,6.0,15.0,9.0,18.0,21.0,27.0,74.11,118.59,3.6,426.93,23.72,0.0395,5.0,12.0,12.0,0.0,61.26,61.26
805D,pass@2,4.0,11.0,6.0,12.0,15.0,18.0,46.05,70.32,2.18,153.43,8.52,0.0234,3.0,12.0,12.0,0.0,63.12,63.12
805D,pass@3,6.0,15.0,9.0,18.0,21.0,27.0,74.11,118.59,3.6,426.93,23.72,0.0395,5.0,13.0,13.0,0.0,60.51,60.51
805D,pass@4,7.0,15.0,10.0,20.0,22.0,30.0,78.25,133.78,4.67,624.32,34.68,0.0446,5.0,13.0,13.0,0.0,60.14,60.14
805D,pass@5,4.0,12.0,7.0,14.0,16.0,21.0,51.02,84.0,2.33,196.0,10.89,0.028,4.0,13.0,13.0,0.0,61.69,61.69
805D,pass@6,6.0,15.0,9.0,18.0,21.0,27.0,74.11,118.59,3.6,426.93,23.72,0.0395,5.0,12.0,12.0,0.0,61.26,61.26
805D,pass@7,4.0,11.0,6.0,12.0,15.0,18.0,46.05,70.32,2.18,153.43,8.52,0.0234,3.0,12.0,12.0,0.0,63.12,63.12
805D,pass@8,6.0,15.0,9.0,18.0,21.0,27.0,74.11,118.59,3.6,426.93,23.72,0.0395,5.0,12.0,12.0,0.0,61.26,61.26
805D,pass@9,7.0,15.0,10.0,20.0,22.0,30.0,78.25,133.78,4.67,624.32,34.68,0.0446,5.0,13.0,13.0,0.0,60.14,60.14
805D,pass@10,4.0,12.0,7.0,14.0,16.0,21.0,51.02,84.0,2.33,196.0,10.89,0.028,4.0,12.0,12.0,0.0,62.45,62.45
805D,pass@11,7.0,15.0,10.0,20.0,22.0,30.0,78.25,133.78,4.67,624.32,34.68,0.0446,5.0,14.0,14.0,0.0,59.44,59.44
805D,pass@12,4.0,12.0,7.0,14.0,16.0,21.0,51.02,84.0,2.33,196.0,10.89,0.028,4.0,12.0,12.0,0.0,62.45,62.45
805D,pass@13,4.0,11.0,6.0,12.0,15.0,18.0,46.05,70.32,2.18,153.43,8.52,0.0234,3.0,12.0,12.0,0.0,63.12,63.12
805D,pass@14,4.0,11.0,6.0,12.0,15.0,18.0,46.05,70.32,2.18,153.43,8.52,0.0234,3.0,13.0,13.0,0.0,62.36,62.36
805D,pass@15,6.0,13.0,8.0,15.0,19.0,23.0,63.62,97.7,3.46,338.2,18.79,0.0326,5.0,16.0,16.0,0.0,59.13,59.13
805D,pass@16,6.0,15.0,9.0,18.0,21.0,27.0,74.11,118.59,3.6,426.93,23.72,0.0395,5.0,12.0,12.0,0.0,61.26,61.26
805D,pass@17,4.0,11.0,6.0,12.0,15.0,18.0,46.05,70.32,2.18,153.43,8.52,0.0234,3.0,12.0,12.0,0.0,63.12,63.12
805D,pass@18,4.0,11.0,6.0,12.0,15.0,18.0,46.05,70.32,2.18,153.43,8.52,0.0234,3.0,12.0,12.0,0.0,63.12,63.12
805D,pass@19,6.0,15.0,9.0,18.0,21.0,27.0,74.11,118.59,3.6,426.93,23.72,0.0395,5.0,12.0,12.0,0.0,61.26,61.26
805D,pass@20,6.0,16.0,8.0,16.0,22.0,24.0,79.51,107.03,3.0,321.08,17.84,0.0357,5.0,13.0,13.0,0.0,60.82,60.82
805D,pass@21,7.0,13.0,8.0,16.0,20.0,24.0,67.76,103.73,4.31,446.82,24.82,0.0346,4.0,14.0,14.0,0.0,60.35,60.35
805D,pass@22,6.0,15.0,9.0,18.0,21.0,27.0,74.11,118.59,3.6,426.93,23.72,0.0395,5.0,12.0,12.0,0.0,61.26,61.26
805D,pass@23,4.0,12.0,7.0,14.0,16.0,21.0,51.02,84.0,2.33,196.0,10.89,0.028,4.0,12.0,12.0,0.0,62.45,62.45
805D,pass@24,6.0,15.0,9.0,18.0,21.0,27.0,74.11,118.59,3.6,426.93,23.72,0.0395,5.0,13.0,13.0,0.0,60.51,60.51
805D,pass@25,6.0,15.0,9.0,18.0,21.0,27.0,74.11,118.59,3.6,426.93,23.72,0.0395,5.0,12.0,12.0,0.0,61.26,61.26
805D,pass@26,4.0,11.0,6.0,12.0,15.0,18.0,46.05,70.32,2.18,153.43,8.52,0.0234,3.0,12.0,12.0,0.0,63.12,63.12
805D,pass@27,4.0,12.0,7.0,14.0,16.0,21.0,51.02,84.0,2.33,196.0,10.89,0.028,4.0,12.0,12.0,0.0,62.45,62.45
805D,pass@28,7.0,15.0,10.0,20.0,22.0,30.0,78.25,133.78,4.67,624.32,34.68,0.0446,5.0,13.0,13.0,0.0,60.14,60.14
805D,pass@29,4.0,11.0,6.0,12.0,15.0,18.0,46.05,70.32,2.18,153.43,8.52,0.0234,3.0,12.0,12.0,0.0,63.12,63.12
805D,pass@30,4.0,12.0,7.0,14.0,16.0,21.0,51.02,84.0,2.33,196.0,10.89,0.028,4.0,13.0,13.0,0.0,61.69,61.69
805D,pass@31,7.0,14.0,10.0,20.0,21.0,30.0,72.95,131.77,5.0,658.85,36.6,0.0439,5.0,14.0,14.0,0.0,59.48,59.48
805D,pass@32,6.0,15.0,9.0,18.0,21.0,27.0,74.11,118.59,3.6,426.93,23.72,0.0395,5.0,12.0,12.0,0.0,61.26,61.26
808D,pass@1,5.0,12.0,8.0,16.0,17.0,24.0,54.63,98.1,3.33,327.0,18.17,0.0327,4.0,13.0,14.0,0.0,60.51,60.51
808D,pass@2,8.0,15.0,12.0,23.0,23.0,35.0,82.6,158.32,6.13,971.06,53.95,0.0528,6.0,21.0,22.0,0.0,54.51,54.51
808D,pass@3,7.0,30.0,25.0,48.0,37.0,73.0,166.86,380.29,5.6,2129.62,118.31,0.1268,11.0,33.0,34.0,6.06,61.32,61.32
808D,pass@4,7.0,19.0,14.0,28.0,26.0,42.0,100.36,197.42,5.16,1018.26,56.57,0.0658,9.0,24.0,25.0,0.0,52.22,52.22
808D,pass@5,4.0,18.0,14.0,28.0,22.0,42.0,83.06,187.3,3.11,582.7,32.37,0.0624,8.0,22.0,23.0,4.55,65.81,65.81
808D,pass@6,6.0,16.0,12.0,24.0,22.0,36.0,79.51,160.54,4.5,722.43,40.13,0.0535,7.0,20.0,21.0,0.0,54.77,54.77
808D,pass@7,10.0,29.0,26.0,52.0,39.0,78.0,174.1,412.26,8.97,3696.14,205.34,0.1374,10.0,20.0,20.0,0.0,51.96,51.96
808D,pass@8,6.0,12.0,9.0,18.0,18.0,27.0,58.53,112.59,4.5,506.65,28.15,0.0375,7.0,19.0,20.0,0.0,56.31,56.31
808D,pass@9,4.0,32.0,21.0,42.0,36.0,63.0,168.0,325.71,2.62,854.98,47.5,0.1086,7.0,21.0,22.0,0.0,52.18,52.18
808D,pass@10,3.0,14.0,9.0,18.0,17.0,27.0,58.06,110.36,1.93,212.84,11.82,0.0368,7.0,25.0,25.0,12.0,73.63,73.49
808D,pass@11,5.0,21.0,19.0,38.0,26.0,57.0,103.85,267.93,4.52,1212.04,67.34,0.0893,9.0,25.0,27.0,0.0,50.56,50.56
808D,pass@12,11.0,45.0,36.0,70.0,56.0,106.0,285.19,615.58,8.56,5266.63,292.59,0.2052,13.0,34.0,35.0,0.0,45.04,45.04
808D,pass@13,4.0,14.0,11.0,22.0,18.0,33.0,61.3,137.61,3.14,432.48,24.03,0.0459,6.0,21.0,23.0,0.0,54.51,54.51
808D,pass@14,3.0,14.0,9.0,18.0,17.0,27.0,58.06,110.36,1.93,212.84,11.82,0.0368,5.0,19.0,20.0,0.0,56.64,56.64
808D,pass@15,4.0,12.0,10.0,20.0,16.0,30.0,51.02,120.0,3.33,400.0,22.22,0.04,8.0,23.0,24.0,0.0,54.26,54.26
808D,pass@16,3.0,14.0,8.0,16.0,17.0,24.0,58.06,98.1,1.71,168.17,9.34,0.0327,5.0,20.0,21.0,0.0,56.54,56.54
808D,pass@17,6.0,28.0,17.0,34.0,34.0,51.0,150.12,259.46,3.64,945.18,52.51,0.0865,9.0,20.0,20.0,0.0,53.51,53.51
808D,pass@18,9.0,20.0,17.0,33.0,29.0,50.0,114.97,242.9,7.42,1803.53,100.2,0.081,7.0,23.0,24.0,0.0,52.25,52.25
808D,pass@19,5.0,14.0,9.0,18.0,19.0,27.0,64.91,114.69,3.21,368.66,20.48,0.0382,4.0,11.0,11.0,0.0,62.32,62.32
808D,pass@20,4.0,7.0,5.0,10.0,11.0,15.0,27.65,51.89,2.86,148.26,8.24,0.0173,3.0,16.0,17.0,0.0,60.75,60.75
808D,pass@21,10.0,58.0,39.0,76.0,68.0,115.0,372.98,700.06,6.55,4586.59,254.81,0.2334,13.0,34.0,35.0,0.0,44.65,44.65
808D,pass@22,3.0,14.0,9.0,18.0,17.0,27.0,58.06,110.36,1.93,212.84,11.82,0.0368,6.0,23.0,24.0,0.0,54.78,54.78
808D,pass@23,5.0,12.0,19.0,38.0,17.0,57.0,54.63,232.99,7.92,1844.47,102.47,0.0777,0.0,32.0,32.0,6.25,63.99,65.07
808D,pass@24,7.0,13.0,10.0,20.0,20.0,30.0,67.76,129.66,5.38,698.16,38.79,0.0432,5.0,19.0,20.0,47.37,85.09,85.09
808D,pass@25,5.0,10.0,8.0,16.0,15.0,24.0,44.83,93.77,4.0,375.06,20.84,0.0313,7.0,20.0,21.0,0.0,56.41,56.41
808D,pass@26,6.0,13.0,9.0,18.0,19.0,27.0,63.62,114.69,4.15,476.42,26.47,0.0382,4.0,12.0,12.0,0.0,61.5,61.5
808D,pass@27,6.0,16.0,11.0,22.0,22.0,33.0,79.51,147.16,4.12,607.04,33.72,0.0491,7.0,23.0,24.0,0.0,53.77,53.77
808D,pass@28,4.0,16.0,11.0,22.0,20.0,33.0,72.0,142.62,2.75,392.21,21.79,0.0475,6.0,24.0,25.0,0.0,53.61,53.61
808D,pass@29,5.0,26.0,22.0,44.0,31.0,66.0,133.82,326.98,4.23,1383.36,76.85,0.109,7.0,20.0,21.0,0.0,52.61,52.61
808D,pass@30,7.0,21.0,16.0,32.0,28.0,48.0,111.89,230.75,5.33,1230.68,68.37,0.0769,6.0,23.0,25.0,8.7,68.93,68.93
808D,pass@31,7.0,19.0,14.0,28.0,26.0,42.0,100.36,197.42,5.16,1018.26,56.57,0.0658,5.0,16.0,16.0,0.0,56.99,56.99
808D,pass@32,9.0,22.0,19.0,36.0,31.0,55.0,126.64,272.48,7.36,2006.45,111.47,0.0908,11.0,31.0,32.0,0.0,48.63,48.63
809B,pass@1,5.0,14.0,15.0,30.0,19.0,45.0,64.91,191.16,5.36,1024.05,56.89,0.0637,2.0,34.0,34.0,14.71,70.41,71.21
809B,pass@2,3.0,9.0,7.0,14.0,12.0,21.0,33.28,75.28,2.33,175.66,9.76,0.0251,9.0,30.0,30.0,20.0,76.81,76.81
809B,pass@3,4.0,17.0,19.0,38.0,21.0,57.0,77.49,250.36,4.47,1119.27,62.18,0.0835,9.0,35.0,35.0,0.0,48.31,48.31
809B,pass@4,8.0,26.0,31.0,63.0,34.0,94.0,146.21,478.22,9.69,4635.07,257.5,0.1594,29.0,70.0,70.0,11.43,55.94,55.94
809B,pass@5,2.0,7.0,6.0,12.0,9.0,18.0,21.65,57.06,1.71,97.81,5.43,0.019,2.0,29.0,29.0,17.24,76.76,77.7
809B,pass@6,4.0,14.0,13.0,26.0,18.0,39.0,61.3,162.63,3.71,604.04,33.56,0.0542,13.0,29.0,29.0,0.0,50.87,50.87
809B,pass@7,5.0,15.0,13.0,26.0,20.0,39.0,70.21,168.56,4.33,730.41,40.58,0.0562,8.0,33.0,33.0,0.0,50.21,50.21
809B,pass@8,5.0,10.0,18.0,35.0,15.0,53.0,44.83,207.07,8.75,1811.82,100.66,0.069,2.0,51.0,51.0,9.8,62.18,63.93
809B,pass@9,6.0,15.0,13.0,25.0,21.0,38.0,74.11,166.91,5.0,834.54,46.36,0.0556,2.0,27.0,27.0,11.11,70.77,71.57
809B,pass@10,6.0,17.0,16.0,30.0,23.0,46.0,85.0,208.08,5.29,1101.62,61.2,0.0694,7.0,28.0,28.0,7.14,66.64,66.64
809B,pass@11,7.0,16.0,17.0,33.0,23.0,50.0,83.65,226.18,7.22,1632.72,90.71,0.0754,16.0,49.0,49.0,0.0,44.63,44.49
809B,pass@12,7.0,21.0,20.0,40.0,28.0,60.0,111.89,288.44,6.67,1922.94,106.83,0.0961,1.0,32.0,32.0,0.0,48.6,49.81
809B,pass@13,7.0,12.0,16.0,30.0,19.0,46.0,62.67,195.4,8.75,1709.79,94.99,0.0651,9.0,31.0,31.0,6.45,64.9,64.9
809B,pass@14,6.0,24.0,33.0,66.0,30.0,99.0,125.55,485.78,8.25,4007.7,222.65,0.1619,0.0,59.0,59.0,0.0,40.81,42.56
809B,pass@15,5.0,13.0,11.0,22.0,18.0,33.0,59.72,137.61,4.23,582.19,32.34,0.0459,6.0,28.0,28.0,0.0,52.65,52.65
809B,pass@16,6.0,16.0,16.0,32.0,22.0,48.0,79.51,214.05,6.0,1284.32,71.35,0.0714,8.0,29.0,29.0,6.9,65.98,65.84
809B,pass@17,3.0,11.0,8.0,16.0,14.0,24.0,42.81,91.38,2.18,199.37,11.08,0.0305,13.0,39.0,40.0,0.0,49.71,49.57
809B,pass@18,7.0,24.0,29.0,58.0,31.0,87.0,129.69,431.02,8.46,3645.67,202.54,0.1437,26.0,51.0,51.0,15.69,62.33,62.2
809B,pass@19,8.0,37.0,36.0,72.0,45.0,108.0,216.75,593.12,7.78,4616.72,256.48,0.1977,20.0,53.0,53.0,0.0,40.55,40.28
809B,pass@20,5.0,18.0,14.0,28.0,23.0,42.0,86.67,189.99,3.89,738.85,41.05,0.0633,12.0,42.0,42.0,0.0,47.16,47.02
809B,pass@21,3.0,13.0,14.0,28.0,16.0,42.0,52.86,168.0,3.23,542.77,30.15,0.056,14.0,35.0,35.0,0.0,48.85,48.85
809B,pass@22,6.0,15.0,15.0,30.0,21.0,45.0,74.11,197.65,6.0,1185.93,65.88,0.0659,16.0,43.0,43.0,2.33,55.23,55.23
809B,pass@23,4.0,13.0,13.0,26.0,17.0,39.0,56.11,159.41,4.0,637.64,35.42,0.0531,9.0,37.0,37.0,5.41,62.84,62.71
809B,pass@24,7.0,30.0,26.0,51.0,37.0,77.0,166.86,401.13,5.95,2386.71,132.6,0.1337,3.0,55.0,55.0,0.0,41.39,43.4
809B,pass@25,7.0,44.0,50.0,100.0,51.0,150.0,259.87,850.86,7.95,6768.23,376.01,0.2836,1.0,52.0,52.0,0.0,38.56,41.92
809B,pass@26,7.0,19.0,25.0,41.0,26.0,66.0,100.36,310.23,7.55,2343.05,130.17,0.1034,1.0,39.0,39.0,0.0,45.96,47.71
809B,pass@27,3.0,11.0,7.0,14.0,14.0,21.0,42.81,79.95,1.91,152.64,8.48,0.0267,9.0,29.0,29.0,0.0,53.57,53.57
809B,pass@28,5.0,16.0,14.0,28.0,21.0,42.0,75.61,184.48,4.38,807.09,44.84,0.0615,7.0,27.0,27.0,0.0,51.97,51.97
809B,pass@29,8.0,21.0,30.0,59.0,29.0,89.0,116.24,432.36,11.24,4858.91,269.94,0.1441,30.0,58.0,59.0,0.0,38.88,38.88
809B,pass@30,6.0,14.0,14.0,27.0,20.0,41.0,68.81,177.2,5.79,1025.22,56.96,0.0591,13.0,38.0,38.0,0.0,48.05,48.05
809B,pass@31,5.0,11.0,7.0,14.0,16.0,21.0,49.66,84.0,3.18,267.27,14.85,0.028,5.0,21.0,21.0,0.0,57.01,57.01
809B,pass@32,8.0,24.0,19.0,38.0,32.0,57.0,134.04,285.0,6.33,1805.0,100.28,0.095,6.0,33.0,33.0,0.0,48.74,48.88
810D,pass@1,4.0,16.0,14.0,28.0,20.0,42.0,72.0,181.52,3.5,635.32,35.3,0.0605,9.0,33.0,33.0,0.0,49.85,49.85
810D,pass@2,5.0,17.0,10.0,20.0,22.0,30.0,81.1,133.78,2.94,393.48,21.86,0.0446,8.0,44.0,45.0,0.0,48.11,47.97
810D,pass@3,6.0,14.0,14.0,26.0,20.0,40.0,68.81,172.88,5.57,963.17,53.51,0.0576,7.0,26.0,26.0,11.54,71.45,71.45
810D,pass@4,3.0,13.0,11.0,22.0,16.0,33.0,52.86,132.0,2.54,335.08,18.62,0.044,12.0,32.0,32.0,0.0,50.7,50.7
810D,pass@5,6.0,15.0,19.0,38.0,21.0,57.0,74.11,250.36,7.6,1902.75,105.71,0.0835,8.0,29.0,29.0,0.0,50.23,50.23
810D,pass@7,6.0,11.0,8.0,16.0,17.0,24.0,53.56,98.1,4.36,428.07,23.78,0.0327,1.0,24.0,24.0,0.0,55.14,55.81
810D,pass@10,7.0,20.0,23.0,46.0,27.0,69.0,106.09,328.09,8.05,2641.1,146.73,0.1094,16.0,52.0,52.0,7.69,58.69,58.69
810D,pass@11,10.0,29.0,26.0,52.0,39.0,78.0,174.1,412.26,8.97,3696.14,205.34,0.1374,19.0,44.0,44.0,0.0,43.42,43.28
810D,pass@12,3.0,9.0,15.0,30.0,12.0,45.0,33.28,161.32,5.0,806.62,44.81,0.0538,16.0,54.0,54.0,0.0,44.87,44.6
810D,pass@13,8.0,22.0,16.0,32.0,30.0,48.0,122.11,235.53,5.82,1370.36,76.13,0.0785,13.0,30.0,30.0,0.0,49.55,49.42
810D,pass@14,5.0,16.0,16.0,32.0,21.0,48.0,75.61,210.83,5.0,1054.16,58.56,0.0703,14.0,38.0,38.0,0.0,47.38,47.38
810D,pass@15,8.0,24.0,23.0,46.0,32.0,69.0,134.04,345.0,7.67,2645.0,146.94,0.115,15.0,44.0,45.0,4.55,56.79,56.65
810D,pass@16,4.0,14.0,11.0,22.0,18.0,33.0,61.3,137.61,3.14,432.48,24.03,0.0459,2.0,31.0,31.0,12.9,70.82,72.03
810D,pass@17,5.0,12.0,13.0,26.0,17.0,39.0,54.63,159.41,5.42,863.48,47.97,0.0531,6.0,28.0,28.0,0.0,52.34,52.2
810D,pass@18,4.0,11.0,9.0,18.0,15.0,27.0,46.05,105.49,3.27,345.23,19.18,0.0352,5.0,27.0,27.0,0.0,53.94,53.94
810D,pass@19,5.0,16.0,15.0,30.0,21.0,45.0,75.61,197.65,4.69,926.5,51.47,0.0659,2.0,28.0,28.0,0.0,51.55,52.09
810D,pass@21,5.0,10.0,7.0,14.0,15.0,21.0,44.83,82.04,3.5,287.16,15.95,0.0273,5.0,22.0,22.0,0.0,56.64,56.64
810D,pass@22,7.0,15.0,17.0,34.0,22.0,51.0,78.25,227.43,7.93,1804.29,100.24,0.0758,1.0,41.0,41.0,0.0,45.9,48.18
810D,pass@23,7.0,15.0,11.0,21.0,22.0,32.0,78.25,142.7,4.9,699.24,38.85,0.0476,5.0,25.0,25.0,0.0,53.34,53.75
810D,pass@24,9.0,36.0,41.0,83.0,45.0,124.0,214.65,680.99,10.38,7065.27,392.51,0.227,27.0,63.0,63.0,6.35,52.0,51.86
810D,pass@25,5.0,14.0,13.0,26.0,19.0,39.0,64.91,165.67,4.64,769.18,42.73,0.0552,7.0,30.0,30.0,6.67,66.21,66.21
810D,pass@26,6.0,22.0,24.0,48.0,28.0,72.0,113.62,346.13,6.55,2265.58,125.87,0.1154,13.0,55.0,55.0,0.0,42.64,42.51
810D,pass@27,7.0,17.0,19.0,38.0,24.0,57.0,89.14,261.34,7.82,2044.62,113.59,0.0871,2.0,37.0,37.0,8.11,63.25,64.87
810D,pass@28,3.0,8.0,7.0,14.0,11.0,21.0,28.75,72.65,2.62,190.7,10.59,0.0242,6.0,18.0,19.0,0.0,58.4,58.27
810D,pass@30,8.0,25.0,35.0,60.0,33.0,95.0,140.1,479.22,9.6,4600.49,255.58,0.1597,17.0,46.0,46.0,0.0,42.54,42.67
810D,pass@31,7.0,16.0,15.0,30.0,23.0,45.0,83.65,203.56,6.56,1335.86,74.21,0.0679,11.0,27.0,27.0,0.0,51.4,51.13
810D,pass@32,7.0,18.0,16.0,32.0,25.0,48.0,94.71,222.91,6.22,1386.97,77.05,0.0743,9.0,25.0,25.0,0.0,51.85,51.85
814A,pass@1,5.0,10.0,6.0,12.0,15.0,18.0,44.83,70.32,3.0,210.97,11.72,0.0234,0.0,15.0,15.0,20.0,83.99,84.79
814A,pass@2,4.0,8.0,5.0,10.0,12.0,15.0,32.0,53.77,2.5,134.44,7.47,0.0179,6.0,18.0,20.0,0.0,58.69,58.69
814A,pass@3,5.0,9.0,6.0,12.0,14.0,18.0,40.14,68.53,3.33,228.44,12.69,0.0228,8.0,20.0,20.0,0.0,57.69,57.69
814A,pass@5,4.0,8.0,5.0,10.0,12.0,15.0,32.0,53.77,2.5,134.44,7.47,0.0179,9.0,18.0,18.0,0.0,59.29,59.29
814A,pass@6,4.0,9.0,6.0,12.0,13.0,18.0,36.53,66.61,2.67,177.62,9.87,0.0222,11.0,23.0,25.0,17.39,77.49,77.49
814A,pass@7,5.0,12.0,8.0,16.0,17.0,24.0,54.63,98.1,3.33,327.0,18.17,0.0327,8.0,25.0,27.0,0.0,53.75,53.75
814A,pass@8,7.0,12.0,9.0,18.0,19.0,27.0,62.67,114.69,5.25,602.14,33.45,0.0382,8.0,18.0,18.0,0.0,57.12,57.12
814A,pass@9,6.0,12.0,9.0,18.0,18.0,27.0,58.53,112.59,4.5,506.65,28.15,0.0375,9.0,23.0,23.0,0.0,54.72,54.72
814A,pass@10,9.0,17.0,13.0,26.0,26.0,39.0,98.02,183.32,6.88,1261.65,70.09,0.0611,12.0,23.0,23.0,0.0,52.83,52.83
814A,pass@11,7.0,13.0,8.0,15.0,20.0,23.0,67.76,99.4,4.04,401.44,22.3,0.0331,11.0,29.0,29.0,0.0,52.63,52.63
814A,pass@12,3.0,6.0,3.0,6.0,9.0,9.0,20.26,28.53,1.5,42.79,2.38,0.0095,6.0,14.0,15.0,0.0,63.35,63.35
814A,pass@13,8.0,17.0,13.0,26.0,25.0,39.0,93.49,181.11,6.12,1107.97,61.55,0.0604,13.0,27.0,29.0,0.0,50.54,50.54
814A,pass@14,5.0,10.0,6.0,12.0,15.0,18.0,44.83,70.32,3.0,210.97,11.72,0.0234,8.0,19.0,19.0,0.0,58.1,58.1
814A,pass@15,4.0,6.0,4.0,8.0,10.0,12.0,23.51,39.86,2.67,106.3,5.91,0.0133,8.0,14.0,14.0,0.0,62.72,62.72
814A,pass@16,4.0,8.0,5.0,10.0,12.0,15.0,32.0,53.77,2.5,134.44,7.47,0.0179,6.0,20.0,23.0,0.0,57.37,57.37
814A,pass@17,10.0,25.0,22.0,39.0,35.0,61.0,149.32,312.89,7.8,2440.51,135.58,0.1043,15.0,30.0,30.0,0.0,48.29,48.29
814A,pass@18,4.0,9.0,5.0,10.0,13.0,15.0,36.53,55.51,2.22,123.35,6.85,0.0185,4.0,23.0,23.0,0.0,57.54,57.54
814A,pass@19,8.0,13.0,10.0,19.0,21.0,29.0,72.11,127.38,5.85,744.67,41.37,0.0425,11.0,23.0,23.0,0.0,54.08,54.08
814A,pass@20,5.0,12.0,9.0,18.0,17.0,27.0,54.63,110.36,3.75,413.86,22.99,0.0368,7.0,25.0,27.0,0.0,53.53,53.53
814A,pass@21,10.0,38.0,29.0,59.0,48.0,88.0,232.64,491.48,7.76,3815.41,211.97,0.1638,19.0,22.0,22.0,0.0,49.31,49.31
814A,pass@22,5.0,16.0,14.0,26.0,21.0,40.0,75.61,175.69,4.06,713.75,39.65,0.0586,6.0,22.0,25.0,0.0,52.98,52.98
814A,pass@23,4.0,7.0,5.0,10.0,11.0,15.0,27.65,51.89,2.86,148.26,8.24,0.0173,3.0,20.0,21.0,0.0,57.67,58.74
814A,pass@24,4.0,7.0,4.0,8.0,11.0,12.0,27.65,41.51,2.29,94.89,5.27,0.0138,6.0,15.0,15.0,0.0,62.21,62.21
814A,pass@25,4.0,7.0,4.0,8.0,11.0,12.0,27.65,41.51,2.29,94.89,5.27,0.0138,6.0,16.0,16.0,0.0,61.6,61.6
814A,pass@26,4.0,7.0,4.0,8.0,11.0,12.0,27.65,41.51,2.29,94.89,5.27,0.0138,5.0,16.0,16.0,0.0,61.73,61.73
814A,pass@27,5.0,9.0,6.0,12.0,14.0,18.0,40.14,68.53,3.33,228.44,12.69,0.0228,9.0,21.0,21.0,0.0,57.09,57.09
814A,pass@28,4.0,7.0,4.0,8.0,11.0,12.0,27.65,41.51,2.29,94.89,5.27,0.0138,6.0,17.0,18.0,0.0,60.48,60.48
814A,pass@29,6.0,11.0,8.0,16.0,17.0,24.0,53.56,98.1,4.36,428.07,23.78,0.0327,9.0,18.0,19.0,0.0,56.95,56.95
814A,pass@30,5.0,9.0,6.0,12.0,14.0,18.0,40.14,68.53,3.33,228.44,12.69,0.0228,8.0,22.0,22.0,0.0,56.79,56.79
814A,pass@31,8.0,14.0,12.0,22.0,22.0,34.0,77.3,151.62,6.29,953.04,52.95,0.0505,8.0,21.0,21.0,0.0,54.81,54.81
814A,pass@32,7.0,16.0,12.0,23.0,23.0,35.0,83.65,158.32,5.03,796.57,44.25,0.0528,9.0,25.0,27.0,0.0,52.16,52.16
814D,pass@1,8.0,61.0,55.0,110.0,69.0,165.0,385.77,1007.91,7.21,7270.15,403.9,0.336,14.0,40.0,40.0,0.0,42.14,42.14
814D,pass@2,12.0,77.0,66.0,132.0,89.0,198.0,525.56,1282.2,10.29,13188.29,732.68,0.4274,16.0,62.0,62.0,0.0,37.26,36.99
814D,pass@3,15.0,107.0,86.0,170.0,122.0,256.0,779.94,1774.27,11.92,21141.99,1174.55,0.5914,5.0,83.0,82.0,0.0,34.7,34.83
814D,pass@4,11.0,64.0,49.0,98.0,75.0,147.0,422.05,915.64,8.42,7711.37,428.41,0.3052,14.0,38.0,38.0,0.0,43.05,42.92
814D,pass@5,10.0,129.0,86.0,172.0,139.0,258.0,937.67,1836.69,6.67,12244.58,680.25,0.6122,9.0,46.0,46.0,0.0,39.8,39.66
814D,pass@6,11.0,75.0,61.0,122.0,86.0,183.0,505.22,1176.01,8.95,10521.34,584.52,0.392,18.0,73.0,75.0,6.85,50.81,50.27
814D,pass@7,12.0,68.0,59.0,114.0,80.0,173.0,456.97,1093.69,10.06,11001.27,611.18,0.3646,9.0,58.0,58.0,0.0,38.91,39.04
814D,pass@10,13.0,71.0,58.0,116.0,84.0,174.0,484.74,1112.26,10.62,11811.92,656.22,0.3708,19.0,59.0,59.0,8.47,54.21,54.07
814D,pass@11,11.0,40.0,26.0,52.0,51.0,78.0,250.93,442.45,7.15,3163.51,175.75,0.1475,11.0,44.0,44.0,0.0,44.41,44.14
814D,pass@12,9.0,35.0,27.0,54.0,44.0,81.0,208.05,442.21,6.94,3070.23,170.57,0.1474,12.0,43.0,42.0,0.0,44.45,44.45
814D,pass@13,12.0,106.0,87.0,174.0,118.0,261.0,756.18,1796.37,9.85,17692.55,982.92,0.5988,19.0,70.0,74.0,0.0,33.88,33.88
814D,pass@15,12.0,105.0,95.0,185.0,117.0,280.0,748.02,1923.7,10.57,20336.28,1129.79,0.6412,7.0,105.0,105.0,0.0,31.84,31.97
814D,pass@16,12.0,152.0,113.0,226.0,164.0,339.0,1144.7,2494.21,8.92,22250.98,1236.17,0.8314,16.0,52.0,52.0,0.0,36.63,36.63
814D,pass@17,11.0,76.0,62.0,123.0,87.0,185.0,512.9,1191.94,8.9,10609.87,589.44,0.3973,16.0,57.0,52.0,0.0,39.01,38.88
814D,pass@18,12.0,46.0,45.0,85.0,58.0,130.0,297.1,761.54,11.09,8443.13,469.06,0.2538,21.0,56.0,56.0,0.0,38.86,38.86
814D,pass@19,10.0,72.0,63.0,125.0,82.0,188.0,477.45,1195.22,8.68,10375.17,576.4,0.3984,19.0,58.0,58.0,0.0,37.43,37.43
814D,pass@20,15.0,54.0,38.0,73.0,69.0,111.0,369.37,678.05,10.14,6874.64,381.92,0.226,7.0,58.0,59.0,8.62,57.18,57.32
814D,pass@21,6.0,24.0,17.0,34.0,30.0,51.0,125.55,250.25,4.25,1063.57,59.09,0.0834,9.0,28.0,28.0,0.0,50.43,50.43
814D,pass@23,12.0,74.0,62.0,123.0,86.0,185.0,502.52,1188.86,9.97,11856.46,658.69,0.3963,10.0,55.0,55.0,0.0,39.16,39.16
814D,pass@24,14.0,71.0,64.0,124.0,85.0,188.0,489.94,1204.97,12.23,14731.13,818.4,0.4017,25.0,69.0,69.0,0.0,35.36,34.95
814D,pass@25,16.0,119.0,81.0,160.0,135.0,241.0,884.48,1705.51,10.76,18345.01,1019.17,0.5685,27.0,67.0,67.0,0.0,34.71,33.91
814D,pass@26,10.0,24.0,17.0,33.0,34.0,50.0,143.26,254.37,6.88,1748.82,97.16,0.0848,8.0,30.0,30.0,0.0,49.72,49.86
814D,pass@27,10.0,68.0,53.0,106.0,78.0,159.0,447.17,999.38,7.79,7789.28,432.74,0.3331,13.0,40.0,40.0,0.0,42.3,42.3
814D,pass@28,15.0,101.0,90.0,180.0,116.0,270.0,731.08,1851.65,13.37,24749.84,1374.99,0.6172,22.0,64.0,64.0,0.0,34.9,34.76
814D,pass@29,9.0,34.0,26.0,50.0,43.0,76.0,201.5,412.4,6.62,2729.09,151.62,0.1375,13.0,27.0,28.0,0.0,48.37,48.37
814D,pass@30,11.0,67.0,57.0,114.0,78.0,171.0,444.48,1074.8,9.36,10058.24,558.79,0.3583,13.0,46.0,46.0,0.0,41.02,40.75
814D,pass@32,11.0,68.0,51.0,101.0,79.0,152.0,452.0,958.17,8.17,7827.44,434.86,0.3194,9.0,31.0,30.0,0.0,45.69,45.69
818B,pass@1,9.0,36.0,36.0,68.0,45.0,104.0,214.65,571.15,8.5,4854.8,269.71,0.1904,15.0,48.0,49.0,0.0,41.81,41.81
818B,pass@2,11.0,42.0,40.0,76.0,53.0,116.0,264.53,664.44,9.95,6612.75,367.37,0.2215,14.0,36.0,36.0,0.0,44.27,44.4
818B,pass@3,8.0,26.0,28.0,49.0,34.0,77.0,146.21,391.73,7.54,2953.08,164.06,0.1306,9.0,27.0,27.0,0.0,49.28,49.41
818B,pass@4,10.0,27.0,27.0,46.0,37.0,73.0,161.6,380.29,8.52,3239.51,179.97,0.1268,11.0,25.0,25.0,0.0,49.83,49.96
818B,pass@5,7.0,16.0,15.0,29.0,23.0,44.0,83.65,199.04,6.34,1262.64,70.15,0.0663,0.0,22.0,22.0,36.36,81.29,82.36
818B,pass@6,7.0,15.0,11.0,21.0,22.0,32.0,78.25,142.7,4.9,699.24,38.85,0.0476,7.0,20.0,20.0,0.0,55.59,55.59
818B,pass@7,10.0,37.0,36.0,67.0,47.0,103.0,225.97,572.12,9.05,5180.03,287.78,0.1907,14.0,23.0,24.0,0.0,48.7,48.7
818B,pass@8,7.0,27.0,26.0,49.0,34.0,75.0,148.03,381.56,6.35,2423.61,134.65,0.1272,13.0,40.0,40.0,0.0,45.23,45.23
818B,pass@9,9.0,32.0,36.0,65.0,41.0,101.0,188.53,541.11,9.14,4946.11,274.78,0.1804,13.0,47.0,48.0,0.0,42.44,42.44
818B,pass@10,6.0,13.0,10.0,17.0,19.0,27.0,63.62,114.69,3.92,449.95,25.0,0.0382,3.0,20.0,20.0,0.0,56.66,56.79
818B,pass@11,9.0,26.0,27.0,49.0,35.0,76.0,150.74,389.83,8.48,3306.02,183.67,0.1299,9.0,32.0,34.0,0.0,47.11,47.24
818B,pass@13,7.0,21.0,19.0,32.0,28.0,51.0,111.89,245.18,5.33,1307.6,72.64,0.0817,9.0,47.0,48.0,0.0,45.38,45.38
818B,pass@14,9.0,24.0,25.0,43.0,33.0,68.0,138.57,343.02,8.06,2765.59,153.64,0.1143,8.0,22.0,22.0,0.0,51.89,51.89
818B,pass@15,8.0,32.0,35.0,63.0,40.0,98.0,184.0,521.55,7.88,4107.2,228.18,0.1738,10.0,26.0,26.0,0.0,48.76,48.76
818B,pass@16,7.0,23.0,26.0,44.0,30.0,70.0,123.69,343.48,6.7,2299.84,127.77,0.1145,10.0,28.0,28.0,0.0,49.2,49.33
818B,pass@17,8.0,42.0,39.0,69.0,50.0,108.0,250.48,609.54,6.57,4005.53,222.53,0.2032,9.0,24.0,24.0,0.0,49.05,49.18
818B,pass@18,8.0,20.0,17.0,28.0,28.0,45.0,110.44,216.33,5.6,1211.45,67.3,0.0721,6.0,21.0,21.0,0.0,53.87,54.0
818B,pass@19,9.0,26.0,29.0,50.0,35.0,79.0,150.74,405.21,8.65,3506.65,194.81,0.1351,11.0,37.0,37.0,5.41,59.47,59.6
818B,pass@20,8.0,26.0,25.0,43.0,34.0,68.0,146.21,345.95,6.62,2288.58,127.14,0.1153,9.0,25.0,26.0,0.0,50.01,50.15
818B,pass@21,12.0,31.0,35.0,64.0,43.0,99.0,196.6,537.2,12.39,6654.35,369.69,0.1791,15.0,36.0,38.0,0.0,44.27,44.4
818B,pass@22,11.0,28.0,30.0,53.0,39.0,83.0,172.66,438.69,10.41,4567.06,253.73,0.1462,10.0,29.0,29.0,0.0,48.25,48.25
818B,pass@23,11.0,22.0,22.0,41.0,33.0,63.0,136.16,317.8,10.25,3257.42,180.97,0.1059,10.0,25.0,25.0,0.0,50.64,50.64
818B,pass@24,9.0,18.0,19.0,30.0,27.0,49.0,103.59,232.99,7.5,1747.42,97.08,0.0777,9.0,27.0,27.0,0.0,50.99,50.99
818B,pass@25,8.0,26.0,26.0,44.0,34.0,70.0,146.21,356.12,6.77,2410.67,133.93,0.1187,8.0,25.0,25.0,0.0,50.43,50.56
818B,pass@26,11.0,41.0,48.0,84.0,52.0,132.0,257.71,752.46,11.27,8478.92,471.05,0.2508,28.0,73.0,75.0,0.0,35.19,35.19
818B,pass@27,10.0,23.0,30.0,53.0,33.0,83.0,137.26,418.68,11.52,4823.98,268.0,0.1396,15.0,44.0,45.0,0.0,43.43,43.56
818B,pass@28,8.0,36.0,37.0,64.0,44.0,101.0,210.12,551.4,7.11,3921.09,217.84,0.1838,14.0,38.0,38.0,0.0,44.33,44.46
818B,pass@29,9.0,45.0,45.0,77.0,54.0,122.0,275.66,702.1,7.7,5406.14,300.34,0.234,15.0,33.0,33.0,0.0,44.79,44.93
818B,pass@30,9.0,29.0,26.0,46.0,38.0,72.0,169.41,377.85,7.14,2697.07,149.84,0.126,11.0,35.0,36.0,0.0,46.39,46.52
818B,pass@31,10.0,21.0,20.0,35.0,31.0,55.0,125.46,272.48,8.33,2270.67,126.15,0.0908,8.0,18.0,18.0,0.0,54.49,54.49
818B,pass@32,8.0,32.0,30.0,54.0,40.0,84.0,184.0,447.04,6.75,3017.53,167.64,0.149,9.0,22.0,22.0,0.0,50.95,50.95
819E,pass@1,8.0,24.0,36.0,71.0,32.0,107.0,134.04,535.0,11.83,6330.83,351.71,0.1783,0.0,19.0,19.0,0.0,51.39,53.0
819E,pass@2,7.0,19.0,26.0,52.0,26.0,78.0,100.36,366.63,9.58,3511.97,195.11,0.1222,10.0,20.0,20.0,0.0,52.32,52.32
819E,pass@3,6.0,19.0,43.0,87.0,25.0,130.0,96.22,603.7,13.74,8292.95,460.72,0.2012,17.0,54.0,54.0,7.41,56.08,56.08
819E,pass@4,8.0,13.0,17.0,33.0,21.0,50.0,72.11,219.62,10.15,2229.95,123.89,0.0732,7.0,15.0,15.0,20.0,80.39,80.39
819E,pass@5,5.0,6.0,10.0,19.0,11.0,29.0,27.12,100.32,7.92,794.23,44.12,0.0334,0.0,16.0,16.0,0.0,58.91,59.72
819E,pass@6,5.0,5.0,21.0,41.0,10.0,62.0,23.22,205.96,20.5,4222.17,234.57,0.0687,8.0,24.0,24.0,0.0,52.61,52.61
819E,pass@7,4.0,7.0,10.0,20.0,11.0,30.0,27.65,103.78,5.71,593.05,32.95,0.0346,5.0,14.0,14.0,0.0,60.21,60.21
819E,pass@8,6.0,20.0,36.0,68.0,26.0,104.0,101.95,488.85,10.2,4986.23,277.01,0.1629,13.0,41.0,41.0,4.88,56.89,57.16
819E,pass@9,6.0,10.0,9.0,17.0,16.0,26.0,48.73,104.0,5.1,530.4,29.47,0.0347,5.0,18.0,19.0,5.56,71.03,71.03
819E,pass@10,4.0,8.0,9.0,18.0,12.0,27.0,32.0,96.79,4.5,435.57,24.2,0.0323,6.0,15.0,15.0,20.0,83.01,83.01
819E,pass@11,4.0,11.0,11.0,22.0,15.0,33.0,46.05,128.93,4.0,515.71,28.65,0.043,7.0,15.0,15.0,0.0,58.63,58.63
819E,pass@12,7.0,18.0,80.0,160.0,25.0,240.0,94.71,1114.53,31.11,34674.13,1926.34,0.3715,9.0,47.0,29.0,0.0,45.55,45.55
819E,pass@13,6.0,8.0,19.0,37.0,14.0,56.0,39.51,213.21,13.88,2958.31,164.35,0.0711,13.0,30.0,30.0,26.67,75.37,75.37
819E,pass@14,7.0,10.0,23.0,45.0,17.0,68.0,52.87,277.95,15.75,4377.67,243.2,0.0926,6.0,24.0,24.0,0.0,51.97,51.97
819E,pass@15,8.0,15.0,18.0,33.0,23.0,51.0,82.6,230.7,8.8,2030.17,112.79,0.0769,9.0,25.0,25.0,12.0,71.11,70.98
819E,pass@16,8.0,26.0,31.0,56.0,34.0,87.0,146.21,442.61,8.62,3813.25,211.85,0.1475,9.0,26.0,26.0,0.0,49.13,49.4
819E,pass@17,8.0,20.0,26.0,51.0,28.0,77.0,110.44,370.17,10.2,3775.7,209.76,0.1234,8.0,24.0,24.0,0.0,50.83,50.83
819E,pass@18,5.0,18.0,30.0,57.0,23.0,87.0,86.67,393.55,7.92,3115.6,173.09,0.1312,8.0,28.0,28.0,0.0,49.19,49.19
819E,pass@19,4.0,19.0,22.0,41.0,23.0,63.0,88.71,284.98,4.32,1229.93,68.33,0.095,4.0,19.0,19.0,10.53,72.32,72.59
819E,pass@20,5.0,6.0,23.0,45.0,11.0,68.0,27.12,235.24,18.75,4410.78,245.04,0.0784,9.0,22.0,22.0,0.0,52.9,52.9
819E,pass@21,5.0,10.0,15.0,29.0,15.0,44.0,44.83,171.9,7.25,1246.3,69.24,0.0573,8.0,19.0,19.0,0.0,55.38,55.38
819E,pass@22,6.0,7.0,18.0,35.0,13.0,53.0,35.16,196.12,15.0,2941.85,163.44,0.0654,6.0,20.0,20.0,0.0,54.76,54.76
819E,pass@23,6.0,14.0,37.0,71.0,20.0,108.0,68.81,466.77,15.21,7101.55,394.53,0.1556,10.0,32.0,32.0,0.0,47.13,47.13
819E,pass@24,4.0,8.0,9.0,15.0,12.0,24.0,32.0,86.04,3.75,322.65,17.92,0.0287,5.0,20.0,20.0,0.0,57.4,57.4
819E,pass@25,5.0,9.0,11.0,19.0,14.0,30.0,40.14,114.22,5.28,602.83,33.49,0.0381,5.0,17.0,17.0,0.0,57.81,58.08
819E,pass@26,5.0,10.0,9.0,15.0,15.0,24.0,44.83,93.77,3.75,351.62,19.53,0.0313,3.0,18.0,18.0,0.0,58.14,58.41
819E,pass@27,6.0,10.0,20.0,37.0,16.0,57.0,48.73,228.0,11.1,2530.8,140.6,0.076,4.0,23.0,23.0,0.0,52.98,53.25
819E,pass@28,5.0,17.0,30.0,60.0,22.0,90.0,81.1,401.35,8.82,3541.31,196.74,0.1338,8.0,27.0,27.0,0.0,49.47,49.47
819E,pass@29,4.0,8.0,10.0,20.0,12.0,30.0,32.0,107.55,5.0,537.74,29.87,0.0358,8.0,18.0,18.0,0.0,57.32,57.32
819E,pass@30,5.0,7.0,12.0,23.0,12.0,35.0,31.26,125.47,8.21,1030.68,57.26,0.0418,4.0,15.0,15.0,0.0,59.11,59.11
819E,pass@31,5.0,8.0,14.0,25.0,13.0,39.0,35.61,144.32,7.81,1127.48,62.64,0.0481,3.0,19.0,19.0,0.0,56.31,56.58
819E,pass@32,6.0,8.0,20.0,39.0,14.0,59.0,39.51,224.63,14.62,3285.27,182.52,0.0749,8.0,23.0,23.0,0.0,52.75,52.75
822C,pass@1,11.0,33.0,21.0,41.0,44.0,62.0,204.52,338.48,6.83,2312.98,128.5,0.1128,11.0,29.0,31.0,0.0,48.14,48.28
822C,pass@2,8.0,24.0,20.0,39.0,32.0,59.0,134.04,295.0,6.5,1917.5,106.53,0.0983,10.0,40.0,42.0,0.0,45.82,45.95
822C,pass@3,7.0,23.0,20.0,38.0,30.0,58.0,123.69,284.6,5.78,1645.73,91.43,0.0949,7.0,29.0,30.0,0.0,49.52,49.65
822C,pass@5,11.0,35.0,25.0,50.0,46.0,75.0,217.58,414.27,7.86,3254.96,180.83,0.1381,11.0,33.0,36.0,0.0,46.11,46.25
822C,pass@7,7.0,26.0,20.0,39.0,33.0,59.0,141.86,297.62,5.25,1562.5,86.81,0.0992,7.0,27.0,27.0,0.0,50.38,50.51
822C,pass@8,8.0,26.0,27.0,51.0,34.0,78.0,146.21,396.82,7.85,3113.53,172.97,0.1323,10.0,48.0,50.0,0.0,43.26,43.4
822C,pass@9,7.0,22.0,21.0,39.0,29.0,60.0,117.76,291.48,6.2,1808.49,100.47,0.0972,7.0,35.0,37.0,0.0,47.46,47.59
822C,pass@10,9.0,28.0,21.0,40.0,37.0,61.0,163.14,317.78,6.43,2042.85,113.49,0.1059,13.0,40.0,41.0,0.0,45.42,45.55
822C,pass@11,6.0,19.0,15.0,29.0,25.0,44.0,96.22,204.33,4.58,935.61,51.98,0.0681,7.0,33.0,34.0,0.0,49.34,49.47
822C,pass@12,7.0,25.0,19.0,37.0,32.0,56.0,135.75,280.0,5.18,1450.4,80.58,0.0933,9.0,37.0,38.0,0.0,47.06,47.19
822C,pass@13,8.0,33.0,24.0,47.0,41.0,71.0,190.47,380.39,5.7,2167.05,120.39,0.1268,9.0,34.0,35.0,0.0,46.91,47.04
822C,pass@14,9.0,35.0,32.0,62.0,44.0,94.0,208.05,513.19,7.97,4090.83,227.27,0.1711,11.0,40.0,41.0,0.0,44.23,44.36
822C,pass@15,5.0,17.0,13.0,25.0,22.0,38.0,81.1,169.46,3.68,623.01,34.61,0.0565,6.0,35.0,36.0,0.0,49.5,49.64
822C,pass@16,7.0,25.0,17.0,33.0,32.0,50.0,135.75,250.0,4.62,1155.0,64.17,0.0833,13.0,34.0,34.0,0.0,47.92,48.05
822C,pass@17,8.0,25.0,21.0,41.0,33.0,62.0,140.1,312.75,6.56,2051.66,113.98,0.1043,8.0,34.0,35.0,0.0,47.64,47.77
822C,pass@18,8.0,18.0,14.0,27.0,26.0,41.0,99.06,192.72,6.0,1156.31,64.24,0.0642,9.0,29.0,31.0,0.0,50.12,50.26
822C,pass@19,8.0,23.0,14.0,27.0,31.0,41.0,128.04,203.12,4.7,953.79,52.99,0.0677,11.0,35.0,36.0,0.0,48.28,48.41
822C,pass@20,9.0,38.0,37.0,69.0,47.0,106.0,227.95,588.79,8.17,4811.0,267.28,0.1963,0.0,39.0,40.0,0.0,44.18,45.66
822C,pass@21,7.0,20.0,19.0,35.0,27.0,54.0,106.09,256.76,6.12,1572.68,87.37,0.0856,9.0,38.0,40.0,0.0,46.84,46.97
822C,pass@22,5.0,17.0,14.0,27.0,22.0,41.0,81.1,182.84,3.97,725.97,40.33,0.0609,4.0,23.0,25.0,0.0,52.99,53.13
822C,pass@23,11.0,36.0,31.0,61.0,47.0,92.0,224.17,511.02,9.32,4762.44,264.58,0.1703,10.0,38.0,41.0,0.0,44.37,44.51
822C,pass@24,9.0,42.0,37.0,73.0,51.0,110.0,255.01,623.97,7.82,4880.31,271.13,0.208,16.0,49.0,49.0,0.0,41.27,41.41
822C,pass@25,6.0,19.0,15.0,29.0,25.0,44.0,96.22,204.33,4.58,935.61,51.98,0.0681,9.0,40.0,43.0,0.0,46.85,46.98
822C,pass@26,9.0,47.0,31.0,59.0,56.0,90.0,289.6,522.66,5.65,2952.48,164.03,0.1742,16.0,41.0,42.0,0.0,43.27,43.41
822C,pass@27,8.0,20.0,15.0,29.0,28.0,44.0,110.44,211.52,5.8,1226.84,68.16,0.0705,0.0,29.0,30.0,0.0,50.42,51.5
822C,pass@28,7.0,18.0,13.0,25.0,25.0,38.0,94.71,176.47,4.86,857.82,47.66,0.0588,8.0,34.0,34.0,0.0,49.65,49.79
822C,pass@29,10.0,20.0,15.0,29.0,30.0,44.0,119.66,215.9,7.25,1565.3,86.96,0.072,0.0,32.0,33.0,0.0,49.32,50.53
822C,pass@30,10.0,25.0,21.0,41.0,35.0,62.0,149.32,318.02,8.2,2607.73,144.87,0.106,12.0,33.0,34.0,0.0,47.32,47.46
822C,pass@31,8.0,25.0,19.0,37.0,33.0,56.0,140.1,282.49,5.92,1672.32,92.91,0.0942,12.0,43.0,44.0,0.0,45.24,45.37
828A,pass@1,4.0,9.0,11.0,22.0,13.0,33.0,36.53,122.11,4.89,597.0,33.17,0.0407,7.0,26.0,27.0,0.0,53.09,53.22
828A,pass@2,4.0,9.0,11.0,22.0,13.0,33.0,36.53,122.11,4.89,597.0,33.17,0.0407,7.0,26.0,27.0,0.0,53.09,53.22
828A,pass@3,7.0,11.0,17.0,34.0,18.0,51.0,57.71,212.67,10.82,2300.66,127.81,0.0709,9.0,27.0,27.0,0.0,51.27,51.27
828A,pass@4,4.0,8.0,13.0,26.0,12.0,39.0,32.0,139.81,6.5,908.79,50.49,0.0466,8.0,25.0,25.0,0.0,53.41,53.41
828A,pass@6,5.0,8.0,13.0,26.0,13.0,39.0,35.61,144.32,8.12,1172.58,65.14,0.0481,8.0,24.0,24.0,0.0,53.7,53.7
828A,pass@7,5.0,10.0,16.0,32.0,15.0,48.0,44.83,187.53,8.0,1500.25,83.35,0.0625,9.0,29.0,30.0,0.0,50.52,50.65
828A,pass@8,5.0,13.0,17.0,34.0,18.0,51.0,59.72,212.67,6.54,1390.51,77.25,0.0709,12.0,29.0,30.0,0.0,49.73,49.87
828A,pass@9,4.0,10.0,13.0,26.0,14.0,39.0,41.22,148.49,5.2,772.13,42.9,0.0495,8.0,28.0,29.0,0.0,51.68,51.82
828A,pass@10,4.0,7.0,11.0,22.0,11.0,33.0,27.65,114.16,6.29,717.58,39.87,0.0381,8.0,21.0,21.0,0.0,55.67,55.67
828A,pass@11,4.0,8.0,14.0,28.0,12.0,42.0,32.0,150.57,7.0,1053.98,58.55,0.0502,8.0,26.0,26.0,0.0,52.81,52.81
828A,pass@12,4.0,10.0,13.0,26.0,14.0,39.0,41.22,148.49,5.2,772.13,42.9,0.0495,8.0,26.0,27.0,0.0,52.36,52.49
828A,pass@13,4.0,8.0,12.0,24.0,12.0,36.0,32.0,129.06,6.0,774.35,43.02,0.043,8.0,24.0,24.0,0.0,54.04,54.04
828A,pass@14,5.0,16.0,29.0,58.0,21.0,87.0,75.61,382.13,9.06,3463.07,192.39,0.1274,8.0,49.0,50.0,8.16,59.02,60.1
828A,pass@15,4.0,10.0,14.0,28.0,14.0,42.0,41.22,159.91,5.6,895.49,49.75,0.0533,8.0,28.0,30.0,0.0,51.14,51.27
828A,pass@16,4.0,8.0,13.0,26.0,12.0,39.0,32.0,139.81,6.5,908.79,50.49,0.0466,8.0,27.0,29.0,0.0,52.0,52.0
828A,pass@17,5.0,10.0,14.0,28.0,15.0,42.0,44.83,164.09,7.0,1148.63,63.81,0.0547,10.0,23.0,23.0,0.0,53.44,53.44
828A,pass@18,5.0,10.0,16.0,32.0,15.0,48.0,44.83,187.53,8.0,1500.25,83.35,0.0625,8.0,27.0,27.0,3.7,63.0,63.14
828A,pass@19,5.0,8.0,14.0,28.0,13.0,42.0,35.61,155.42,8.75,1359.91,75.55,0.0518,9.0,26.0,26.0,0.0,52.58,52.58
828A,pass@20,5.0,8.0,13.0,26.0,13.0,39.0,35.61,144.32,8.12,1172.58,65.14,0.0481,8.0,24.0,24.0,0.0,53.7,53.7
828A,pass@21,5.0,9.0,14.0,28.0,14.0,42.0,40.14,159.91,7.78,1243.74,69.1,0.0533,8.0,24.0,24.0,0.0,53.38,53.38
828A,pass@22,6.0,10.0,18.0,36.0,16.0,54.0,48.73,216.0,10.8,2332.8,129.6,0.072,9.0,32.0,33.0,0.0,49.18,49.32
828A,pass@23,4.0,8.0,12.0,24.0,12.0,36.0,32.0,129.06,6.0,774.35,43.02,0.043,8.0,24.0,24.0,0.0,54.04,54.04
828A,pass@24,4.0,9.0,11.0,22.0,13.0,33.0,36.53,122.11,4.89,597.0,33.17,0.0407,7.0,24.0,25.0,0.0,53.82,53.95
828A,pass@25,4.0,8.0,13.0,26.0,12.0,39.0,32.0,139.81,6.5,908.79,50.49,0.0466,8.0,25.0,25.0,0.0,53.41,53.41
828A,pass@26,4.0,10.0,12.0,24.0,14.0,36.0,41.22,137.06,4.8,657.91,36.55,0.0457,7.0,25.0,26.0,0.0,53.1,53.23
828A,pass@27,4.0,7.0,11.0,22.0,11.0,33.0,27.65,114.16,6.29,717.58,39.87,0.0381,8.0,25.0,26.0,8.0,69.82,69.82
828A,pass@28,4.0,9.0,12.0,24.0,13.0,36.0,36.53,133.22,5.33,710.48,39.47,0.0444,7.0,25.0,26.0,0.0,53.18,53.32
828A,pass@29,4.0,8.0,14.0,28.0,12.0,42.0,32.0,150.57,7.0,1053.98,58.55,0.0502,8.0,26.0,26.0,0.0,52.81,52.81
828A,pass@30,5.0,11.0,15.0,30.0,16.0,45.0,49.66,180.0,6.82,1227.27,68.18,0.06,8.0,24.0,24.0,0.0,53.02,53.02
828A,pass@31,6.0,11.0,24.0,48.0,17.0,72.0,53.56,294.3,13.09,3852.62,214.03,0.0981,12.0,35.0,37.0,0.0,46.89,46.89
828A,pass@32,4.0,8.0,13.0,26.0,12.0,39.0,32.0,139.81,6.5,908.79,50.49,0.0466,8.0,25.0,25.0,0.0,53.41,53.41
830B,pass@1,3.0,6.0,3.0,6.0,9.0,9.0,20.26,28.53,1.5,42.79,2.38,0.0095,3.0,14.0,15.0,0.0,63.62,63.75
830B,pass@2,2.0,4.0,2.0,4.0,6.0,6.0,10.0,15.51,1.0,15.51,0.86,0.0052,0.0,11.0,11.0,0.0,68.41,68.95
830B,pass@3,6.0,12.0,9.0,17.0,18.0,26.0,58.53,108.42,4.25,460.78,25.6,0.0361,7.0,29.0,29.0,0.0,52.77,52.91
830B,pass@4,4.0,9.0,8.0,16.0,13.0,24.0,36.53,88.81,3.56,315.77,17.54,0.0296,6.0,23.0,24.0,0.0,55.31,55.44
830B,pass@5,2.0,6.0,3.0,6.0,8.0,9.0,17.51,27.0,1.0,27.0,1.5,0.009,3.0,16.0,17.0,0.0,62.6,62.73
830B,pass@6,6.0,13.0,11.0,20.0,19.0,31.0,63.62,131.69,4.62,607.78,33.77,0.0439,7.0,25.0,25.0,0.0,53.59,53.72
830B,pass@7,4.0,8.0,6.0,12.0,12.0,18.0,32.0,64.53,3.0,193.59,10.75,0.0215,6.0,17.0,18.0,0.0,59.14,59.14
830B,pass@8,5.0,13.0,12.0,24.0,18.0,36.0,59.72,150.12,4.62,692.85,38.49,0.05,8.0,26.0,27.0,0.0,52.33,52.46
830B,pass@9,2.0,4.0,2.0,4.0,6.0,6.0,10.0,15.51,1.0,15.51,0.86,0.0052,0.0,9.0,9.0,0.0,70.44,70.85
830B,pass@10,4.0,7.0,6.0,12.0,11.0,18.0,27.65,62.27,3.43,213.5,11.86,0.0208,0.0,15.0,16.0,0.0,60.5,61.17
830B,pass@11,2.0,4.0,2.0,4.0,6.0,6.0,10.0,15.51,1.0,15.51,0.86,0.0052,0.0,9.0,10.0,0.0,69.45,69.85
830B,pass@12,2.0,6.0,3.0,6.0,8.0,9.0,17.51,27.0,1.0,27.0,1.5,0.009,3.0,17.0,18.0,0.0,62.06,62.19
830B,pass@13,3.0,8.0,4.0,8.0,11.0,12.0,28.75,41.51,1.5,62.27,3.46,0.0138,7.0,25.0,25.0,0.0,57.1,57.23
830B,pass@14,2.0,4.0,2.0,4.0,6.0,6.0,10.0,15.51,1.0,15.51,0.86,0.0052,4.0,15.0,15.0,0.0,65.47,65.47
830B,pass@15,3.0,6.0,3.0,6.0,9.0,9.0,20.26,28.53,1.5,42.79,2.38,0.0095,0.0,9.0,10.0,0.0,67.46,68.0
830B,pass@16,2.0,6.0,3.0,6.0,8.0,9.0,17.51,27.0,1.0,27.0,1.5,0.009,4.0,20.0,21.0,0.0,60.46,60.6
830B,pass@17,3.0,5.0,4.0,8.0,8.0,12.0,16.36,36.0,2.4,86.4,4.8,0.012,0.0,13.0,13.0,0.0,64.27,64.8
830B,pass@18,2.0,4.0,2.0,4.0,6.0,6.0,10.0,15.51,1.0,15.51,0.86,0.0052,3.0,13.0,14.0,0.0,66.26,66.26
830B,pass@20,3.0,9.0,5.0,10.0,12.0,15.0,33.28,53.77,1.67,89.62,4.98,0.0179,5.0,20.0,21.0,0.0,58.23,58.37
830B,pass@21,6.0,15.0,12.0,22.0,21.0,34.0,74.11,149.34,4.4,657.09,36.51,0.0498,10.0,35.0,37.0,0.0,49.09,49.22
830B,pass@22,3.0,6.0,4.0,8.0,9.0,12.0,20.26,38.04,2.0,76.08,4.23,0.0127,3.0,13.0,14.0,0.0,63.53,63.53
830B,pass@23,3.0,6.0,3.0,6.0,9.0,9.0,20.26,28.53,1.5,42.79,2.38,0.0095,3.0,15.0,16.0,0.0,63.01,63.14
830B,pass@24,3.0,6.0,3.0,6.0,9.0,9.0,20.26,28.53,1.5,42.79,2.38,0.0095,4.0,18.0,19.0,0.0,61.38,61.38
830B,pass@25,4.0,6.0,6.0,12.0,10.0,18.0,23.51,59.79,4.0,239.18,13.29,0.0199,0.0,13.0,13.0,0.0,62.72,63.26
830B,pass@26,4.0,7.0,4.0,8.0,11.0,12.0,27.65,41.51,2.29,94.89,5.27,0.0138,4.0,17.0,18.0,0.0,60.61,60.75
830B,pass@27,4.0,7.0,6.0,12.0,11.0,18.0,27.65,62.27,3.43,213.5,11.86,0.0208,0.0,13.0,13.0,0.0,62.6,63.14
830B,pass@28,3.0,8.0,4.0,8.0,11.0,12.0,28.75,41.51,1.5,62.27,3.46,0.0138,4.0,17.0,18.0,0.0,60.61,60.75
830B,pass@29,2.0,6.0,3.0,6.0,8.0,9.0,17.51,27.0,1.0,27.0,1.5,0.009,3.0,13.0,14.0,0.0,64.57,64.57
830B,pass@30,3.0,9.0,6.0,12.0,12.0,18.0,33.28,64.53,2.0,129.06,7.17,0.0215,3.0,30.0,30.0,0.0,54.57,54.7
830B,pass@31,3.0,6.0,3.0,6.0,9.0,9.0,20.26,28.53,1.5,42.79,2.38,0.0095,3.0,14.0,15.0,0.0,63.62,63.75
830B,pass@32,2.0,4.0,2.0,4.0,6.0,6.0,10.0,15.51,1.0,15.51,0.86,0.0052,0.0,9.0,9.0,0.0,70.44,70.85
834A,pass@1,3.0,10.0,8.0,16.0,13.0,24.0,37.97,88.81,2.4,213.15,11.84,0.0296,3.0,15.0,15.0,0.0,60.3,60.3
834A,pass@2,4.0,10.0,8.0,16.0,14.0,24.0,41.22,91.38,3.2,292.4,16.24,0.0305,5.0,19.0,19.0,0.0,57.7,57.7
834A,pass@3,4.0,11.0,11.0,20.0,15.0,31.0,46.05,121.11,3.64,440.41,24.47,0.0404,4.0,18.0,19.0,0.0,56.98,56.98
834A,pass@4,4.0,8.0,6.0,12.0,12.0,18.0,32.0,64.53,3.0,193.59,10.75,0.0215,3.0,15.0,15.0,0.0,61.27,61.27
834A,pass@5,3.0,11.0,10.0,19.0,14.0,29.0,42.81,110.41,2.59,286.07,15.89,0.0368,4.0,17.0,17.0,0.0,58.32,58.32
834A,pass@6,4.0,8.0,6.0,12.0,12.0,18.0,32.0,64.53,3.0,193.59,10.75,0.0215,0.0,11.0,11.0,0.0,64.21,64.61
834A,pass@7,4.0,13.0,11.0,22.0,17.0,33.0,56.11,134.89,3.38,456.54,25.36,0.045,5.0,17.0,17.0,0.0,57.57,57.57
834A,pass@8,5.0,11.0,8.0,16.0,16.0,24.0,49.66,96.0,3.64,349.09,19.39,0.032,0.0,14.0,14.0,0.0,60.45,61.12
834A,pass@9,3.0,10.0,8.0,16.0,13.0,24.0,37.97,88.81,2.4,213.15,11.84,0.0296,3.0,15.0,16.0,0.0,59.69,59.69
834A,pass@10,4.0,8.0,6.0,12.0,12.0,18.0,32.0,64.53,3.0,193.59,10.75,0.0215,3.0,15.0,15.0,0.0,61.27,61.27
834A,pass@11,4.0,8.0,6.0,12.0,12.0,18.0,32.0,64.53,3.0,193.59,10.75,0.0215,0.0,11.0,11.0,0.0,64.21,64.61
834A,pass@12,4.0,8.0,6.0,12.0,12.0,18.0,32.0,64.53,3.0,193.59,10.75,0.0215,3.0,15.0,15.0,0.0,61.27,61.27
834A,pass@13,4.0,8.0,6.0,12.0,12.0,18.0,32.0,64.53,3.0,193.59,10.75,0.0215,3.0,15.0,15.0,0.0,61.27,61.27
834A,pass@14,5.0,10.0,9.0,18.0,15.0,27.0,44.83,105.49,4.5,474.69,26.37,0.0352,5.0,15.0,15.0,0.0,59.51,59.51
834A,pass@15,5.0,19.0,17.0,34.0,24.0,51.0,92.32,233.83,4.47,1046.1,58.12,0.0779,5.0,17.0,17.0,0.0,55.9,55.9
834A,pass@16,4.0,8.0,6.0,12.0,12.0,18.0,32.0,64.53,3.0,193.59,10.75,0.0215,0.0,11.0,11.0,0.0,64.21,64.61
834A,pass@17,4.0,8.0,6.0,12.0,12.0,18.0,32.0,64.53,3.0,193.59,10.75,0.0215,0.0,11.0,11.0,0.0,64.21,64.61
834A,pass@18,4.0,8.0,6.0,12.0,12.0,18.0,32.0,64.53,3.0,193.59,10.75,0.0215,0.0,11.0,11.0,0.0,64.21,64.61
834A,pass@19,4.0,8.0,6.0,12.0,12.0,18.0,32.0,64.53,3.0,193.59,10.75,0.0215,0.0,11.0,11.0,0.0,64.21,64.61
834A,pass@20,4.0,8.0,6.0,12.0,12.0,18.0,32.0,64.53,3.0,193.59,10.75,0.0215,0.0,11.0,11.0,0.0,64.21,64.61
834A,pass@21,3.0,10.0,8.0,16.0,13.0,24.0,37.97,88.81,2.4,213.15,11.84,0.0296,3.0,15.0,15.0,0.0,60.3,60.3
834A,pass@22,4.0,9.0,6.0,12.0,13.0,18.0,36.53,66.61,2.67,177.62,9.87,0.0222,0.0,9.0,9.0,0.0,66.01,66.42
834A,pass@23,5.0,10.0,7.0,14.0,15.0,21.0,44.83,82.04,3.5,287.16,15.95,0.0273,4.0,17.0,17.0,0.0,59.22,59.22
834A,pass@24,4.0,8.0,7.0,14.0,12.0,21.0,32.0,75.28,3.5,263.49,14.64,0.0251,3.0,16.0,16.0,0.0,60.19,60.19
834A,pass@25,4.0,13.0,11.0,22.0,17.0,33.0,56.11,134.89,3.38,456.54,25.36,0.045,5.0,17.0,17.0,0.0,57.57,57.57
834A,pass@26,3.0,11.0,10.0,19.0,14.0,29.0,42.81,110.41,2.59,286.07,15.89,0.0368,4.0,17.0,17.0,0.0,58.32,58.32
834A,pass@27,4.0,8.0,6.0,12.0,12.0,18.0,32.0,64.53,3.0,193.59,10.75,0.0215,3.0,13.0,13.0,0.0,62.63,62.63
834A,pass@28,5.0,16.0,14.0,28.0,21.0,42.0,75.61,184.48,4.38,807.09,44.84,0.0615,8.0,20.0,20.0,0.0,54.68,54.68
834A,pass@29,4.0,13.0,11.0,22.0,17.0,33.0,56.11,134.89,3.38,456.54,25.36,0.045,5.0,20.0,20.0,0.0,56.03,56.03
834A,pass@30,3.0,10.0,8.0,16.0,13.0,24.0,37.97,88.81,2.4,213.15,11.84,0.0296,3.0,15.0,15.0,0.0,60.3,60.3
834A,pass@31,4.0,8.0,6.0,12.0,12.0,18.0,32.0,64.53,3.0,193.59,10.75,0.0215,3.0,15.0,15.0,0.0,61.27,61.27
834A,pass@32,4.0,8.0,6.0,12.0,12.0,18.0,32.0,64.53,3.0,193.59,10.75,0.0215,3.0,15.0,15.0,0.0,61.27,61.27
835A,pass@1,3.0,11.0,8.0,16.0,14.0,24.0,42.81,91.38,2.18,199.37,11.08,0.0305,3.0,11.0,11.0,0.0,63.15,63.15
835A,pass@2,4.0,11.0,8.0,16.0,15.0,24.0,46.05,93.77,2.91,272.77,15.15,0.0313,0.0,9.0,9.0,0.0,64.97,65.38
835A,pass@3,3.0,11.0,8.0,16.0,14.0,24.0,42.81,91.38,2.18,199.37,11.08,0.0305,3.0,11.0,11.0,9.09,80.25,80.25
835A,pass@4,3.0,11.0,8.0,16.0,14.0,24.0,42.81,91.38,2.18,199.37,11.08,0.0305,3.0,13.0,13.0,0.0,61.57,61.57
835A,pass@5,4.0,11.0,8.0,16.0,15.0,24.0,46.05,93.77,2.91,272.77,15.15,0.0313,3.0,11.0,11.0,0.0,63.07,63.07
835A,pass@6,3.0,11.0,8.0,16.0,14.0,24.0,42.81,91.38,2.18,199.37,11.08,0.0305,3.0,11.0,11.0,18.18,85.75,85.75
835A,pass@7,4.0,11.0,8.0,16.0,15.0,24.0,46.05,93.77,2.91,272.77,15.15,0.0313,0.0,9.0,9.0,0.0,64.97,65.38
835A,pass@8,4.0,11.0,8.0,16.0,15.0,24.0,46.05,93.77,2.91,272.77,15.15,0.0313,0.0,9.0,9.0,0.0,64.97,65.38
835A,pass@9,3.0,11.0,8.0,16.0,14.0,24.0,42.81,91.38,2.18,199.37,11.08,0.0305,3.0,17.0,17.0,0.0,59.03,59.03
835A,pass@10,3.0,11.0,8.0,16.0,14.0,24.0,42.81,91.38,2.18,199.37,11.08,0.0305,3.0,11.0,11.0,0.0,63.15,63.15
835A,pass@11,3.0,11.0,8.0,16.0,14.0,24.0,42.81,91.38,2.18,199.37,11.08,0.0305,0.0,9.0,9.0,0.0,65.05,65.45
835A,pass@12,4.0,11.0,8.0,16.0,15.0,24.0,46.05,93.77,2.91,272.77,15.15,0.0313,3.0,17.0,17.0,0.0,58.95,58.95
835A,pass@13,3.0,11.0,8.0,16.0,14.0,24.0,42.81,91.38,2.18,199.37,11.08,0.0305,0.0,9.0,9.0,0.0,65.05,65.45
835A,pass@14,4.0,12.0,8.0,16.0,16.0,24.0,51.02,96.0,2.67,256.0,14.22,0.032,0.0,9.0,9.0,0.0,64.9,65.3
835A,pass@15,4.0,11.0,8.0,16.0,15.0,24.0,46.05,93.77,2.91,272.77,15.15,0.0313,3.0,11.0,11.0,0.0,63.07,63.07
835A,pass@16,4.0,11.0,8.0,16.0,15.0,24.0,46.05,93.77,2.91,272.77,15.15,0.0313,0.0,9.0,9.0,0.0,64.97,65.38
835A,pass@17,3.0,11.0,8.0,16.0,14.0,24.0,42.81,91.38,2.18,199.37,11.08,0.0305,0.0,9.0,9.0,0.0,65.05,65.45
835A,pass@18,4.0,11.0,8.0,16.0,15.0,24.0,46.05,93.77,2.91,272.77,15.15,0.0313,0.0,9.0,9.0,0.0,64.97,65.38
835A,pass@19,3.0,11.0,8.0,16.0,14.0,24.0,42.81,91.38,2.18,199.37,11.08,0.0305,3.0,11.0,11.0,0.0,63.15,63.15
835A,pass@20,3.0,11.0,8.0,16.0,14.0,24.0,42.81,91.38,2.18,199.37,11.08,0.0305,3.0,17.0,17.0,0.0,59.03,59.03
835A,pass@21,4.0,11.0,8.0,16.0,15.0,24.0,46.05,93.77,2.91,272.77,15.15,0.0313,0.0,9.0,9.0,0.0,64.97,65.38
835A,pass@22,3.0,11.0,8.0,16.0,14.0,24.0,42.81,91.38,2.18,199.37,11.08,0.0305,0.0,9.0,9.0,0.0,65.05,65.45
835A,pass@23,4.0,11.0,8.0,16.0,15.0,24.0,46.05,93.77,2.91,272.77,15.15,0.0313,3.0,11.0,11.0,18.18,85.67,85.67
835A,pass@24,4.0,11.0,8.0,16.0,15.0,24.0,46.05,93.77,2.91,272.77,15.15,0.0313,3.0,17.0,17.0,0.0,58.95,58.95
835A,pass@25,4.0,11.0,8.0,16.0,15.0,24.0,46.05,93.77,2.91,272.77,15.15,0.0313,0.0,9.0,9.0,0.0,64.97,65.38
835A,pass@26,3.0,11.0,8.0,16.0,14.0,24.0,42.81,91.38,2.18,199.37,11.08,0.0305,3.0,12.0,12.0,25.0,87.48,87.48
835A,pass@27,4.0,11.0,8.0,16.0,15.0,24.0,46.05,93.77,2.91,272.77,15.15,0.0313,3.0,11.0,11.0,0.0,63.07,63.07
835A,pass@28,3.0,11.0,8.0,16.0,14.0,24.0,42.81,91.38,2.18,199.37,11.08,0.0305,0.0,9.0,9.0,0.0,65.05,65.45
835A,pass@29,4.0,11.0,8.0,16.0,15.0,24.0,46.05,93.77,2.91,272.77,15.15,0.0313,3.0,11.0,11.0,0.0,63.07,63.07
835A,pass@30,4.0,11.0,8.0,16.0,15.0,24.0,46.05,93.77,2.91,272.77,15.15,0.0313,0.0,9.0,9.0,0.0,64.97,65.38
835A,pass@31,4.0,11.0,8.0,16.0,15.0,24.0,46.05,93.77,2.91,272.77,15.15,0.0313,0.0,9.0,9.0,0.0,64.97,65.38
835A,pass@32,3.0,11.0,8.0,16.0,14.0,24.0,42.81,91.38,2.18,199.37,11.08,0.0305,3.0,11.0,11.0,18.18,85.75,85.75
835E,pass@1,8.0,27.0,25.0,50.0,35.0,75.0,152.38,384.7,7.41,2849.6,158.31,0.1282,20.0,47.0,47.0,0.0,42.73,42.73
835E,pass@2,6.0,26.0,23.0,46.0,32.0,69.0,137.72,345.0,5.31,1831.15,101.73,0.115,12.0,36.0,36.0,0.0,46.8,46.67
835E,pass@3,7.0,23.0,20.0,40.0,30.0,60.0,123.69,294.41,6.09,1792.08,99.56,0.0981,11.0,30.0,30.0,0.0,49.01,49.01
835E,pass@5,3.0,12.0,17.0,34.0,15.0,51.0,47.77,199.25,4.25,846.82,47.05,0.0664,1.0,28.0,28.0,0.0,50.85,52.2
835E,pass@6,5.0,18.0,18.0,36.0,23.0,54.0,86.67,244.27,5.0,1221.36,67.85,0.0814,14.0,23.0,23.0,0.0,51.69,51.69
835E,pass@7,10.0,31.0,35.0,70.0,41.0,105.0,186.8,562.54,11.29,6351.29,352.85,0.1875,1.0,50.0,52.0,0.0,40.35,43.18
835E,pass@9,4.0,22.0,28.0,56.0,26.0,84.0,106.11,394.84,5.09,2010.08,111.67,0.1316,7.0,30.0,31.0,0.0,48.35,48.35
835E,pass@10,5.0,15.0,11.0,22.0,20.0,33.0,70.21,142.62,3.67,522.95,29.05,0.0475,1.0,22.0,22.0,27.27,80.51,81.32
835E,pass@11,6.0,16.0,12.0,24.0,22.0,36.0,79.51,160.54,4.5,722.43,40.13,0.0535,9.0,29.0,29.0,0.0,51.45,51.45
835E,pass@12,3.0,10.0,9.0,18.0,13.0,27.0,37.97,99.91,2.7,269.76,14.99,0.0333,11.0,36.0,36.0,0.0,50.7,50.57
835E,pass@13,3.0,13.0,17.0,34.0,16.0,51.0,52.86,204.0,3.92,800.31,44.46,0.068,11.0,31.0,31.0,19.35,72.93,72.93
835E,pass@14,4.0,15.0,12.0,24.0,19.0,36.0,66.6,152.93,3.2,489.36,27.19,0.051,8.0,30.0,30.0,0.0,51.41,51.41
835E,pass@15,4.0,12.0,9.0,18.0,16.0,27.0,51.02,108.0,3.0,324.0,18.0,0.036,6.0,25.0,25.0,0.0,54.59,54.46
835E,pass@16,3.0,10.0,11.0,21.0,13.0,32.0,37.97,118.41,3.15,373.0,20.72,0.0395,2.0,27.0,27.0,0.0,53.18,53.99
835E,pass@17,5.0,18.0,22.0,42.0,23.0,64.0,86.67,289.51,5.83,1688.8,93.82,0.0965,1.0,29.0,31.0,13.79,69.37,70.44
835E,pass@18,6.0,15.0,22.0,43.0,21.0,65.0,74.11,285.5,8.6,2455.31,136.41,0.0952,1.0,40.0,42.0,12.5,65.34,66.82
835E,pass@19,5.0,13.0,13.0,25.0,18.0,38.0,59.72,158.46,4.81,761.81,42.32,0.0528,1.0,34.0,34.0,0.0,49.57,51.05
835E,pass@20,6.0,29.0,38.0,69.0,35.0,107.0,156.39,548.83,7.14,3917.53,217.64,0.1829,22.0,52.0,52.0,0.0,40.56,40.43
835E,pass@21,6.0,18.0,16.0,29.0,24.0,45.0,90.57,206.32,4.83,997.23,55.4,0.0688,10.0,37.0,38.0,0.0,47.99,47.99
835E,pass@23,5.0,14.0,11.0,22.0,19.0,33.0,64.91,140.18,3.93,550.71,30.6,0.0467,1.0,33.0,33.0,0.0,50.63,51.71
835E,pass@24,5.0,14.0,13.0,26.0,19.0,39.0,64.91,165.67,4.64,769.18,42.73,0.0552,10.0,33.0,33.0,21.21,73.85,73.85
835E,pass@25,4.0,9.0,9.0,18.0,13.0,27.0,36.53,99.91,4.0,399.65,22.2,0.0333,9.0,20.0,20.0,0.0,56.54,56.41
835E,pass@26,6.0,13.0,12.0,24.0,19.0,36.0,63.62,152.93,5.54,846.97,47.05,0.051,1.0,29.0,29.0,20.69,75.25,76.32
835E,pass@27,7.0,12.0,12.0,24.0,19.0,36.0,62.67,152.93,7.0,1070.48,59.47,0.051,1.0,29.0,29.0,0.0,51.32,52.67
835E,pass@28,4.0,13.0,10.0,20.0,17.0,30.0,56.11,122.62,3.08,377.3,20.96,0.0409,1.0,25.0,25.0,0.0,53.81,54.75
835E,pass@29,6.0,16.0,22.0,44.0,22.0,66.0,79.51,294.32,8.25,2428.16,134.9,0.0981,16.0,40.0,40.0,0.0,45.75,45.61
835E,pass@30,7.0,11.0,10.0,18.0,18.0,28.0,57.71,116.76,5.73,668.7,37.15,0.0389,1.0,21.0,21.0,9.52,73.19,74.0
835E,pass@31,3.0,9.0,8.0,16.0,12.0,24.0,33.28,86.04,2.67,229.44,12.75,0.0287,9.0,21.0,21.0,42.86,85.11,84.97
835E,pass@32,6.0,22.0,27.0,54.0,28.0,81.0,113.62,389.4,7.36,2867.37,159.3,0.1298,2.0,45.0,45.0,11.11,62.95,64.16
838D,pass@1,7.0,30.0,19.0,38.0,37.0,57.0,166.86,296.94,4.43,1316.43,73.13,0.099,7.0,19.0,19.0,0.0,54.12,53.85
838D,pass@2,7.0,12.0,10.0,20.0,19.0,30.0,62.67,127.44,5.83,743.39,41.3,0.0425,4.0,14.0,14.0,0.0,59.85,59.72
838D,pass@3,7.0,16.0,11.0,22.0,23.0,33.0,83.65,149.28,4.81,718.4,39.91,0.0498,4.0,22.0,22.0,0.0,54.96,54.96
838D,pass@4,4.0,13.0,11.0,22.0,17.0,33.0,56.11,134.89,3.38,456.54,25.36,0.045,5.0,11.0,11.0,0.0,61.7,61.7
838D,pass@5,7.0,14.0,11.0,22.0,21.0,33.0,72.95,144.95,5.5,797.21,44.29,0.0483,3.0,12.0,12.0,0.0,60.92,60.92
838D,pass@6,7.0,16.0,12.0,24.0,23.0,36.0,83.65,162.85,5.25,854.95,47.5,0.0543,4.0,14.0,14.0,0.0,59.11,58.97
838D,pass@7,9.0,45.0,38.0,76.0,54.0,114.0,275.66,656.06,7.6,4986.03,277.0,0.2187,8.0,26.0,26.0,0.0,48.47,48.33
838D,pass@8,7.0,16.0,12.0,24.0,23.0,36.0,83.65,162.85,5.25,854.95,47.5,0.0543,4.0,14.0,14.0,0.0,59.11,58.97
838D,pass@9,7.0,12.0,10.0,20.0,19.0,30.0,62.67,127.44,5.83,743.39,41.3,0.0425,4.0,14.0,14.0,0.0,59.85,59.72
838D,pass@10,7.0,14.0,10.0,20.0,21.0,30.0,72.95,131.77,5.0,658.85,36.6,0.0439,4.0,14.0,14.0,0.0,59.75,59.62
838D,pass@11,5.0,18.0,12.0,24.0,23.0,36.0,86.67,162.85,3.33,542.83,30.16,0.0543,2.0,9.0,9.0,0.0,63.43,63.43
838D,pass@12,7.0,14.0,10.0,20.0,21.0,30.0,72.95,131.77,5.0,658.85,36.6,0.0439,4.0,13.0,13.0,0.0,60.45,60.32
838D,pass@13,8.0,14.0,11.0,22.0,22.0,33.0,77.3,147.16,6.29,925.01,51.39,0.0491,4.0,18.0,18.0,0.0,56.9,56.9
838D,pass@14,8.0,13.0,11.0,22.0,21.0,33.0,72.11,144.95,6.77,981.18,54.51,0.0483,4.0,18.0,18.0,0.0,57.08,56.95
838D,pass@15,7.0,16.0,12.0,24.0,23.0,36.0,83.65,162.85,5.25,854.95,47.5,0.0543,4.0,14.0,14.0,0.0,59.11,58.97
838D,pass@16,7.0,16.0,12.0,24.0,23.0,36.0,83.65,162.85,5.25,854.95,47.5,0.0543,4.0,14.0,14.0,0.0,59.11,58.97
838D,pass@17,8.0,18.0,12.0,24.0,26.0,36.0,99.06,169.22,5.33,902.48,50.14,0.0564,4.0,16.0,16.0,0.0,57.59,57.59
838D,pass@18,6.0,20.0,14.0,28.0,26.0,42.0,101.95,197.42,4.2,829.16,46.06,0.0658,4.0,16.0,16.0,0.0,57.12,57.12
838D,pass@19,8.0,22.0,15.0,30.0,30.0,45.0,122.11,220.81,5.45,1204.42,66.91,0.0736,4.0,19.0,19.0,0.0,55.15,55.15
838D,pass@20,8.0,20.0,13.0,26.0,28.0,39.0,110.44,187.49,5.2,974.93,54.16,0.0625,4.0,13.0,13.0,0.0,59.38,59.25
838D,pass@21,7.0,12.0,10.0,20.0,19.0,30.0,62.67,127.44,5.83,743.39,41.3,0.0425,4.0,14.0,14.0,0.0,59.85,59.72
838D,pass@22,3.0,6.0,3.0,6.0,9.0,9.0,20.26,28.53,1.5,42.79,2.38,0.0095,1.0,5.0,5.0,0.0,74.43,74.43
838D,pass@23,7.0,14.0,11.0,22.0,21.0,33.0,72.95,144.95,5.5,797.21,44.29,0.0483,4.0,14.0,14.0,0.0,59.46,59.33
838D,pass@24,8.0,20.0,14.0,28.0,28.0,42.0,110.44,201.91,5.6,1130.69,62.82,0.0673,4.0,14.0,14.0,0.0,58.45,58.32
838D,pass@25,6.0,19.0,14.0,28.0,25.0,42.0,96.22,195.04,4.42,862.29,47.91,0.065,4.0,14.0,14.0,0.0,58.56,58.42
838D,pass@26,7.0,12.0,9.0,18.0,19.0,27.0,62.67,114.69,5.25,602.14,33.45,0.0382,4.0,13.0,13.0,0.0,60.88,60.74
838D,pass@27,9.0,51.0,45.0,89.0,60.0,134.0,317.82,791.52,7.85,6215.79,345.32,0.2638,7.0,23.0,23.0,0.0,49.19,49.06
838D,pass@28,7.0,14.0,10.0,20.0,21.0,30.0,72.95,131.77,5.0,658.85,36.6,0.0439,3.0,11.0,11.0,0.0,62.04,62.04
838D,pass@29,7.0,12.0,10.0,20.0,19.0,30.0,62.67,127.44,5.83,743.39,41.3,0.0425,4.0,14.0,14.0,0.0,59.85,59.72
838D,pass@30,7.0,24.0,19.0,38.0,31.0,57.0,129.69,282.39,5.54,1564.91,86.94,0.0941,4.0,13.0,13.0,0.0,58.0,58.0
838D,pass@31,7.0,12.0,10.0,20.0,19.0,30.0,62.67,127.44,5.83,743.39,41.3,0.0425,4.0,14.0,14.0,0.0,59.85,59.72
838D,pass@32,6.0,19.0,16.0,32.0,25.0,48.0,96.22,222.91,5.05,1126.26,62.57,0.0743,5.0,13.0,13.0,0.0,58.59,58.59
839C,pass@1,9.0,20.0,14.0,26.0,29.0,40.0,114.97,194.32,5.85,1136.77,63.15,0.0648,2.0,28.0,28.0,0.0,52.14,52.14
839C,pass@2,6.0,13.0,12.0,22.0,19.0,34.0,63.62,144.43,5.08,733.26,40.74,0.0481,7.0,32.0,32.0,0.0,50.97,51.1
839C,pass@3,8.0,26.0,19.0,37.0,34.0,56.0,146.21,284.9,5.69,1621.73,90.1,0.095,9.0,27.0,27.0,0.0,50.38,50.38
839C,pass@4,8.0,21.0,18.0,35.0,29.0,53.0,116.24,257.47,6.67,1716.49,95.36,0.0858,10.0,32.0,32.0,0.0,49.08,48.94
839C,pass@5,8.0,21.0,19.0,37.0,29.0,56.0,116.24,272.05,7.05,1917.28,106.52,0.0907,10.0,26.0,27.0,0.0,50.38,50.38
839C,pass@8,9.0,20.0,22.0,42.0,29.0,64.0,114.97,310.91,9.45,2938.11,163.23,0.1036,4.0,48.0,48.0,0.0,45.2,45.33
839C,pass@9,5.0,11.0,10.0,18.0,16.0,28.0,49.66,112.0,4.09,458.18,25.45,0.0373,9.0,97.0,98.0,0.0,40.87,41.0
839C,pass@11,9.0,19.0,14.0,26.0,28.0,40.0,109.24,192.29,6.16,1184.13,65.78,0.0641,3.0,26.0,26.0,15.38,73.84,73.97
839C,pass@12,7.0,21.0,14.0,27.0,28.0,41.0,111.89,197.1,4.5,886.96,49.28,0.0657,2.0,34.0,34.0,0.0,50.12,50.26
839C,pass@13,7.0,12.0,13.0,25.0,19.0,38.0,62.67,161.42,7.29,1177.03,65.39,0.0538,3.0,24.0,24.0,0.0,54.03,54.03
839C,pass@14,7.0,19.0,14.0,27.0,26.0,41.0,100.36,192.72,4.97,958.52,53.25,0.0642,3.0,33.0,33.0,0.0,50.47,50.47
839C,pass@15,8.0,24.0,19.0,37.0,32.0,56.0,134.04,280.0,6.17,1726.67,95.93,0.0933,5.0,34.0,34.0,0.0,48.65,48.78
839C,pass@17,7.0,16.0,11.0,21.0,23.0,32.0,83.65,144.75,4.59,664.96,36.94,0.0483,3.0,28.0,29.0,0.0,52.43,52.57
839C,pass@18,7.0,21.0,18.0,35.0,28.0,53.0,111.89,254.79,5.83,1486.27,82.57,0.0849,9.0,37.0,37.0,0.0,47.6,47.73
839C,pass@20,10.0,29.0,24.0,45.0,39.0,69.0,174.1,364.69,7.76,2829.51,157.2,0.1216,14.0,41.0,41.0,0.0,44.86,45.0
839C,pass@22,7.0,20.0,17.0,32.0,27.0,49.0,106.09,232.99,5.6,1304.74,72.49,0.0777,3.0,39.0,39.0,0.0,48.18,48.31
839C,pass@24,7.0,22.0,15.0,29.0,29.0,44.0,117.76,213.75,4.61,986.17,54.79,0.0713,3.0,60.0,60.0,0.0,44.36,44.49
839C,pass@25,7.0,20.0,13.0,25.0,27.0,38.0,106.09,180.69,4.38,790.5,43.92,0.0602,3.0,34.0,34.0,0.0,50.25,50.39
839C,pass@26,7.0,14.0,10.0,18.0,21.0,28.0,72.95,122.98,4.5,553.43,30.75,0.041,3.0,28.0,28.0,0.0,53.26,53.4
839C,pass@27,7.0,18.0,15.0,29.0,25.0,44.0,94.71,204.33,5.64,1152.19,64.01,0.0681,2.0,71.0,71.0,0.0,43.17,43.17
839C,pass@28,7.0,17.0,13.0,25.0,24.0,38.0,89.14,174.23,5.15,896.76,49.82,0.0581,1.0,45.0,45.0,0.0,48.11,48.11
839C,pass@29,6.0,18.0,14.0,26.0,24.0,40.0,90.57,183.4,4.33,794.73,44.15,0.0611,2.0,32.0,32.0,0.0,50.91,51.05
839C,pass@30,9.0,22.0,20.0,38.0,31.0,58.0,126.64,287.34,7.77,2233.44,124.08,0.0958,11.0,33.0,33.0,0.0,48.32,48.18
839C,pass@31,7.0,20.0,15.0,28.0,27.0,43.0,106.09,204.46,4.9,1001.85,55.66,0.0682,4.0,38.0,39.0,0.0,48.44,48.58
104B,mean,3.2758620689655173,9.137931034482758,5.655172413793103,11.275862068965518,12.413793103448276,16.93103448275862,35.30586206896551,62.21758620689655,2.0348275862068963,131.7693103448276,7.320689655172413,0.020724137931034482,2.9310344827586206,11.275862068965518,11.724137931034482,0.0,64.09862068965518,64.13620689655173
104B,var,0.5811137774604386,2.359487640628414,1.4919522519161337,2.9348859077176845,2.7230464858482253,4.425093293251946,11.913210724824708,20.525897293196326,0.4515156138870822,59.82440137205199,3.3226909856988973,0.00683528649715697,0.5206782369152242,2.2267426608224743,2.4760445615194815,0.0,2.948546952650701,2.9331875256522717
105C,mean,7.483870967741935,61.12903225806452,41.16129032258065,82.03225806451613,68.61290322580645,123.19354838709677,399.03967741935486,781.2945161290323,4.999677419354839,4588.356129032259,254.90806451612903,0.2604225806451613,33.74193548387097,86.48387096774194,86.6774193548387,0.22774193548387098,34.75709677419355,35.1
105C,var,2.270014462678604,37.59267424815627,25.657919326038876,51.313384955061245,39.055524923564285,76.9324879378808,302.25630921650964,598.0342164061416,1.8001675260231143,4327.025445141402,240.38982396769967,0.1993357140842285,16.390334960728225,28.887848732130394,29.615152068661544,0.8916737059703141,7.697645301271236,7.270711461837165
106B,mean,5.15625,13.71875,7.40625,15.15625,18.875,22.5625,64.73625,96.3884375,2.8728125,291.88343749999996,16.2171875,0.032140625,2.375,16.34375,16.8125,0.0,58.495625000000004,59.404687499999994
106B,var,0.8332682266233364,3.374855320973034,1.982097610487435,3.9930359299034612,4.0600954422279285,5.9526123466928365,20.27537911945175,32.27093856217377,0.6393367382246621,176.65095072291177,9.814278894286822,0.010751594631001254,3.8547859862773186,3.037364966134297,2.877037321620976,0.0,2.6754800241031504,2.850926367401262
108D,mean,5.28125,11.40625,12.03125,22.25,16.6875,34.28125,53.46625,140.4740625,5.1728125,779.9537500000001,43.330625,0.04683125,2.1875,17.9375,18.21875,1.8671875,59.45375,59.5828125
108D,var,1.2804875780342424,2.935338300349723,2.9313432820978167,5.408326913195984,4.126420210061016,8.315025462228002,19.636036824866164,47.159640905875165,1.2610096014082326,490.1274301186249,27.229395528718133,0.015699690233807163,1.4017288432503627,3.508360550171547,3.764425379457003,6.738558003374591,7.094119814148899,7.0653742975757305
10B,mean,8.933333333333334,34.233333333333334,31.566666666666666,60.166666666666664,43.166666666666664,91.73333333333333,204.73666666666662,502.78833333333336,7.8950000000000005,4198.998333333334,233.27733333333333,0.16759000000000004,13.1,32.666666666666664,33.166666666666664,1.41,49.701666666666675,49.70633333333333
10B,var,1.590248058916875,9.315518712819426,8.830565604132552,17.090120602916244,10.655462866008632,25.890710474780118,67.64898305879319,173.39008624261717,1.6925675761989534,2240.2658718287335,124.4592417335446,0.05779496142975325,4.205948168962618,4.692784058767484,4.619403520898438,2.6735656590653116,7.178615968431675,7.18244966722512
10D,mean,8.21875,27.59375,37.0,71.8125,35.8125,108.8125,158.64937500000002,567.8521875,10.67625,6498.125625,361.006875,0.189278125,13.875,36.40625,36.875,0.18375,45.488437499999996,45.4971875
10D,var,1.5152222403000821,7.158296650565692,11.036870027322058,22.223913781105253,8.27057094462045,33.20056240111001,48.89038657659985,197.39040697837837,2.9207091925592317,3082.200631656035,171.23306767454227,0.06579183428803588,3.524468044967921,5.159090126902224,5.115845482420281,1.0230767016700166,3.995244133165551,3.991765143998799
116A,mean,2.40625,4.375,2.90625,5.75,6.78125,8.65625,13.410625,26.1484375,1.5634375,63.9371875,3.5512500000000005,0.00869375,0.84375,10.65625,10.65625,0.0,68.48281250000001,68.6978125
116A,var,0.8238391454040043,2.8256636388643286,2.5044881587861423,4.683748498798798,3.5945651249490527,7.187703801458432,15.27280056536374,34.877831525678225,0.6972473080577293,179.65841088428016,9.98223914948445,0.011633892768007621,1.148623496843069,2.857111467461499,2.857111467461499,0.0,4.004194078069114,4.064881405384879
116B,mean,6.375,19.34375,12.625,22.65625,25.71875,35.28125,100.80687499999999,166.79031250000003,3.7424999999999997,667.15625,37.065,0.055581250000000006,8.625,19.3125,19.3125,3.4828125,59.490624999999994,59.629062499999996
116B,var,1.5562374497485916,4.579911127685777,3.295356581616017,5.914016058272077,5.917317672518521,9.162540501274743,31.23379304110173,53.337882965837174,0.9793301281998834,326.79456108492303,18.155783685922238,0.01778070297928347,1.6153559979150107,4.201469237064577,4.201469237064577,8.303760155185346,9.187989761605909,9.197876235636885
119B,mean,5.903225806451613,22.161290322580644,20.032258064516128,39.61290322580645,28.06451612903226,59.645161290322584,116.93580645161289,295.3058064516129,5.193548387096776,1705.9041935483867,94.77193548387096,0.09843870967741934,9.903225806451612,42.38709677419355,44.61290322580645,0.9112903225806451,48.44193548387098,48.55903225806451
119B,var,1.573056172933756,9.016460839875206,9.93359848051613,19.86353023776901,9.751544075819126,29.793426842820573,58.05054020332648,180.52497206890425,1.8156604563684202,1367.5936139657254,75.97744166142469,0.06018027582468419,3.2956945394557646,34.8912387739986,34.89493670577885,3.9350097281803635,7.1955906836173105,7.2057192136563435
121C,mean,10.90625,26.1875,24.09375,45.0,37.09375,69.09375,161.994375,360.97749999999996,9.518437500000001,3461.5465625,192.3084375,0.12031562500000001,13.0625,36.40625,36.40625,0.0,46.646249999999995,46.4446875
121C,var,1.0999822441748777,6.028253789448484,4.002806632539223,7.335700375560605,6.723835284828146,11.303648125162956,41.10896951529405,73.95062634961248,1.3409980177441538,923.9254103910708,51.33005942606723,0.024647643261767948,3.2009520068254695,5.2729224285494665,5.2729224285494665,0.0,2.0265221902313333,2.1263598360446307
125B,mean,6.6875,20.28125,18.875,37.6875,26.96875,56.5625,106.96281250000001,269.9790625,6.2346875,1727.1840625,95.95374999999999,0.0899875,5.96875,21.71875,23.78125,0.3125,52.950624999999995,52.950624999999995
125B,var,0.7261843774138906,3.718487385685206,3.6890886408434267,7.396948272767628,4.209248559719419,11.08472344039309,23.273933277700266,62.53190662370766,1.0130800325461706,601.8887713993518,33.43796754346023,0.020836847620261563,1.211516998436258,3.954699538207675,4.059975176956135,1.7399263633843818,4.10814354171991,4.10814354171991
128B,mean,5.21875,17.53125,14.1875,28.40625,22.75,42.59375,97.23156250000001,220.473125,4.1771875000000005,1602.2321874999998,89.01249999999999,0.07349375,6.125,24.34375,25.8125,0.78125,56.6003125,56.7134375
128B,var,2.9446389316009527,17.628074864757636,14.833318703176305,29.58130678211326,20.507620534815832,44.41273703497117,117.16529272542101,274.2957692714825,2.5865919111533135,2479.9774817119487,137.77588844750738,0.09143094367301204,4.916490109824284,14.615080770816835,15.065352427009465,4.349815908460955,10.237091714805711,10.320965497887965
128D,mean,4.09375,8.9375,5.90625,11.9375,13.03125,17.84375,38.113125000000004,68.54124999999999,2.7559375,216.43343750000003,12.025624999999998,0.022846875,5.21875,10.75,11.0625,0.0,64.66968750000001,64.67781250000002
128D,var,1.2589523174052304,4.322452284294183,2.765404299103478,5.825254822752392,5.21107219653499,8.588180013105221,24.90886870643416,44.85427151830135,0.9511173014374988,232.29409657545884,12.904887624825527,0.014952215228332389,1.5559236605630753,3.48209706929603,3.7494791304926607,0.0,4.513689929242344,4.511216392487037
129A,mean,3.6875,7.75,4.71875,9.4375,11.4375,14.15625,29.9684375,49.689687500000005,2.2275,113.65843749999999,6.315,0.0165375,0.5,8.125,8.1875,0.0,67.985625,68.44624999999999
129A,var,0.5266343608235224,0.8660254037844386,0.9757809372497497,1.9515618744994994,1.2231491119238078,2.927342811749249,4.776228316736308,10.480486178004519,0.3982147661752386,38.898729583157255,2.1615344665306635,0.003500959689856483,1.1726039399558574,1.7633419974582356,1.9435389756832766,0.0,2.4698480943926486,2.526919752880966
129E,mean,6.09375,26.6875,25.1875,50.15625,32.78125,75.34375,144.83999999999997,383.923125,5.6871875,2315.5921875,128.64375,0.127971875,11.625,20.59375,20.59375,0.0,52.15625,52.15625
129E,var,1.60778137117582,9.251477922472711,8.772960945427718,17.6778628781168,10.181890710349428,26.447600759567965,62.232864810323484,168.1727283449501,1.4539498666885835,1487.0128223949819,82.61206845665771,0.056052805652209554,2.6309456474811483,4.547385065892265,4.547385065892265,0.0,3.155667272939275,3.169719772708622
135C,mean,3.8620689655172415,16.517241379310345,12.620689655172415,24.655172413793103,20.379310344827587,37.275862068965516,77.4606896551724,170.83896551724138,2.8389655172413795,637.5037931034483,35.41724137931034,0.0569448275862069,3.7586206896551726,30.344827586206897,32.0,3.2517241379310344,58.769999999999996,58.79758620689654
135C,var,1.4791455578984287,7.815196027083136,7.756704744277236,15.414448801913913,8.643968569344986,23.15300911660056,45.93233553609306,126.14005274228481,1.6913131907354613,813.2630809930462,45.181500096950096,0.042054263683196154,2.2842062291971303,7.530516592019917,8.533908026625115,4.566660342364079,9.316448931307205,9.323329157945459
13A,mean,4.583333333333333,8.75,6.0,12.0,13.333333333333334,18.0,37.80833333333333,67.92,3.1141666666666663,221.35583333333332,12.295833333333333,0.022616666666666663,4.0,14.666666666666666,14.666666666666666,0.0,61.57166666666668,61.46000000000001
13A,var,0.8620067027323832,1.479019945774904,1.4142135623730951,2.8284271247461903,2.2110831935702664,4.242640687119285,8.394007617871743,17.913914982493356,0.6392503204709576,66.40702968039018,3.68882876247853,0.005971715740797522,0.7071067811865476,1.6499158227686108,1.6499158227686108,0.0,2.3047951222517695,2.3142205311220145
144A,mean,4.0625,6.875,6.53125,12.09375,10.9375,18.625,27.989687500000002,65.3425,3.6678125,241.48375,13.41625,0.0217875,0.71875,11.03125,12.0625,0.0,63.82843750000001,64.0090625
144A,var,0.49607837082461076,2.3284920012746446,1.9523123309296595,3.9159878622768995,2.560975156068485,5.867015851350668,10.317159700098848,25.70816322201958,0.7320977324399728,102.00280096491223,5.667188318513864,0.008576011237749167,0.9432117670491607,1.8621958644299477,1.9990231989649345,0.0,2.5478644358744345,2.5877685360351967
147A,mean,0.0,0.0,0.0,0.0,0.0,0.0,0.0,0.0,0.0,0.0,0.0,0.0,0.25806451612903225,6.0,6.0,7.78258064516129,100.0,100.0
147A,var,0.0,0.0,0.0,0.0,0.0,0.0,0.0,0.0,0.0,0.0,0.0,0.0,0.4375696763306625,1.3198240351921795,1.3198240351921795,13.456293159645977,0.0,0.0
14B,mean,6.037037037037037,10.962962962962964,11.148148148148149,20.62962962962963,17.0,31.77777777777778,55.527037037037026,131.51851851851853,6.052222222222222,832.0188888888888,46.22333333333333,0.04383703703703704,6.222222222222222,17.703703703703702,17.703703703703702,0.3085185185185185,58.17666666666667,58.48074074074075
14B,var,1.7946728058645507,4.787959292205129,3.597362240470542,6.6229016140021075,6.3595946761129705,10.155579868679867,29.52011101238973,57.80152719395363,1.7718463551258725,507.6647158518973,28.204793524820875,0.01925945940066947,3.107140323135458,4.950232428623295,4.950232428623295,1.5731419462306628,4.662351179235485,4.725205012935006
151A,mean,2.6875,13.25,7.46875,14.9375,15.9375,22.40625,53.369687500000005,89.6521875,1.5103125,138.40281249999998,7.686875,0.029890625,0.84375,12.9375,12.9375,0.0,62.3340625,62.448437500000004
151A,var,0.46351240544347894,1.1989578808281798,0.8285670989726782,1.6571341979453564,1.5995604865087159,2.4857012969180348,7.2329871441434035,12.698682445035143,0.262064929633383,39.363573439981835,2.185912906402037,0.0042298315107548905,0.3630921887069453,4.038389994787527,4.038389994787527,0.0,3.3072305817849696,3.3009412572164547
15E,mean,5.4375,12.03125,7.84375,15.6875,17.46875,23.53125,56.682500000000005,97.886875,3.51625,369.7403125,20.542187499999997,0.032625,3.09375,10.78125,10.8125,0.568125,64.00375,64.00375
15E,var,0.6584783595532961,1.6674151964942625,2.30636856063813,4.61273712127626,2.135772328105222,6.91910568191439,10.20589443654989,33.09281544360309,0.8365993291295423,227.2324106433264,12.624192977764707,0.011039163238216925,0.2914805954090255,1.268226492981439,1.2854352375751958,3.1631861286328067,3.8770976177419114,3.8770976177419114
166A,mean,5.625,11.40625,10.21875,18.78125,17.03125,29.0,54.9128125,120.43625,4.602812500000001,587.5378125,32.6403125,0.04015,2.28125,18.03125,18.71875,0.8521875,58.0840625,58.6134375
166A,var,1.0231690964840563,3.399075012043718,3.407109983182228,6.40182774194214,4.003782391376934,9.797958971132712,19.445103373724802,50.163247985327864,1.0052836489487682,341.67154385402046,18.9814057837491,0.016711934358415847,2.8088518005583705,3.7871854242299783,3.701641316699931,4.744779192949209,6.420789894638646,6.531454474969089
168C,mean,8.793103448275861,52.689655172413794,46.3448275862069,91.93103448275862,61.48275862068966,138.27586206896552,340.13034482758616,855.4375862068965,7.5117241379310355,7495.077586206898,416.3934482758621,0.28514137931034483,6.931034482758621,51.06896551724138,51.172413793103445,1.3462068965517242,45.263103448275864,45.37793103448274
168C,var,1.7690697018456083,32.951483089720384,33.01230268276585,65.63584546019555,33.98135461331006,98.64562019105321,266.03771747737335,768.0107984273856,2.0758198529330896,9556.649249921862,530.9243143429421,0.25600216528885117,3.7777117182756474,27.35454451871566,27.315612518796847,3.678403339712437,8.799896983506848,8.808300309371345
173A,mean,4.1875,18.75,16.09375,32.5,22.9375,48.59375,92.9009375,228.770625,3.6559375000000003,1034.0190625,57.4446875,0.07625312499999999,8.65625,21.5,22.0,0.428125,55.044375,55.048125
173A,var,1.4238482187368147,12.234684303242156,9.88799579983224,20.434346086919444,13.504484208958148,30.31486781989161,81.2163368864054,189.2829293501117,1.3908739594563377,1243.5132469247146,69.08470425790605,0.06309881132188129,5.1149864063846735,5.545268253204709,5.50567888638631,1.8356256384064265,5.998161664991617,5.996794684193799
175C,mean,6.71875,20.21875,19.25,37.40625,26.9375,56.65625,107.3146875,272.6440625,6.2121875,1807.11625,100.3959375,0.09086875,6.0,30.1875,31.625,1.0134375,51.535624999999996,51.683125000000004
175C,var,1.2804875780342424,5.236496771458949,6.393355926272211,12.280216241479627,5.936842068810657,18.657453897504343,33.28093908158758,107.80912701562467,1.5645481264070307,1061.6335796802432,58.98072947260905,0.035935084157929835,1.9039432764659772,5.7578071997940325,5.775757526073961,3.383716161056324,5.715367408082789,5.710312183617898
177B1,mean,5.633333333333334,9.1,7.6,14.966666666666667,14.733333333333333,22.566666666666666,43.35799999999999,88.17166666666667,4.650333333333334,426.48300000000006,23.69366666666666,0.029390000000000003,2.8,13.7,13.7,0.0,61.48166666666667,61.48166666666667
177B1,var,0.6574360974438673,1.9035055380358983,1.7625738755203049,3.6831447915545703,2.3654926665613565,5.438647707738467,11.03211354788072,26.702246233021086,0.9208890028421207,198.11958198943046,11.006477027439596,0.00890802447235076,1.4922019523732928,2.734349404642111,2.734349404642111,0.0,2.2295352031807485,2.2295352031807485
177B2,mean,5.84375,9.59375,8.03125,15.84375,15.4375,23.875,46.520937499999995,95.12656249999999,4.843125000000001,506.08875,28.1159375,0.0317125,2.84375,14.15625,14.15625,0.0,61.029062499999995,61.029062499999995
177B2,var,1.0034121473751452,1.6929887588226922,2.297884557043717,4.684478192659242,2.461421083439402,6.976523131187913,10.95476504750758,33.1261094728704,1.5532293727505286,408.7331003291605,22.707020508448345,0.011050530247458716,1.641443248333612,3.042504878796417,3.042504878796417,0.0,2.7589256960080943,2.7589256960080943
177D1,mean,3.1875,13.15625,9.125,18.25,16.34375,27.375,55.13875,112.9578125,2.180625,268.93375000000003,14.9409375,0.037665624999999994,2.65625,12.75,14.375,2.4146875,63.2203125,63.2884375
177D1,var,0.3903123748998999,4.500759484520363,3.958771905528279,7.917543811056558,4.747429403108592,11.876315716584836,26.644620089006715,65.77869904718278,0.4852701406175739,228.54005228501524,12.696147141794386,0.021926291429682655,1.2401959270615268,4.031128874149275,4.858947931394202,7.617968062570474,8.989028897903474,9.024359087137087
183A,mean,3.90625,12.8125,12.125,22.78125,16.71875,34.90625,57.20625,146.84249999999997,3.529375,621.0446875,34.5025,0.048946875,7.34375,24.21875,23.90625,1.09375,55.86375,56.0571875
183A,var,1.1821425199611086,6.453862699965037,6.4213997695206615,12.496835536946943,7.36645426494321,18.85198824892218,37.80963111017483,102.82254476767243,1.3954612532689683,721.1868828664677,40.066358784521455,0.03427326750157293,3.5672939236205363,6.863555815865418,6.667830302092278,4.632489712616748,6.4870220199641695,6.456509909761135
185A,mean,6.59375,26.0625,18.0,35.90625,32.65625,53.90625,144.55374999999998,275.5746875,4.8028125,1307.7521875000002,72.6534375,0.09184687500000001,5.15625,18.3125,17.875,1.07125,57.853125000000006,57.698125000000005
185A,var,1.0265042316035526,12.594486640987,6.509608283145768,13.07755561783241,12.724507296453565,19.585325142501464,82.18873937278451,130.68654315729046,1.287357357086116,587.6094779631195,32.64347270218954,0.04355411134708611,0.8332682266233364,2.7775607554111215,2.45903944661325,2.6608595298324187,5.630383777716666,5.622184538449001
193C,mean,6.451612903225806,34.54838709677419,25.838709677419356,51.54838709677419,41.0,77.38709677419355,197.86838709677423,430.4216129032259,4.716451612903226,2737.9761290322585,152.10967741935482,0.14347096774193546,12.806451612903226,33.41935483870968,31.258064516129032,1.7587096774193547,51.398387096774194,51.53387096774194
193C,var,2.1528482210920754,13.757903792125525,16.86396573379321,33.89151450530145,15.452320005370945,50.73757748445067,101.53711881572444,335.1419284528212,2.4847723961284496,3473.343025712964,192.96332458625344,0.11171179564468674,6.331790527166604,9.043886523764805,10.457186884828289,4.9120317995289655,8.020374899440514,8.017858565935837
193E,mean,5.9375,11.28125,9.65625,17.96875,17.21875,27.625,55.1478125,114.3725,4.7396875,552.660625,30.70375,0.038146875,5.71875,16.28125,16.40625,1.6225,61.5509375,61.580625
193E,var,0.49607837082461076,2.7412859094775213,2.544717260817005,4.503362459041022,3.0076400112879202,7.00334741391572,15.460657880240534,37.16860284568146,0.6013707486598846,225.79419870395114,12.54462976486353,0.01238774556706647,2.049914251255403,2.7639913960611384,2.8707509361663544,4.036715093984217,7.0631948151027055,7.1138974626694615
199A,mean,5.4375,14.78125,10.6875,18.84375,20.21875,29.53125,71.6771875,129.44875000000002,3.448125,490.9978125,27.2784375,0.043146875,8.40625,21.96875,21.96875,0.084375,55.5059375,55.515625
199A,var,1.5799030824705673,3.8220934626850767,3.106822130409142,5.858270729276686,5.060474131689638,8.9197266458956,26.265303662147975,50.49508229459083,1.1041241933654928,383.0164183306505,21.27849561608136,0.016828936842069823,2.1630328100840264,4.8572392814746115,4.8572392814746115,0.4697801181137831,2.3203432657892984,2.3455662129590373
202B,mean,8.566666666666666,31.766666666666666,28.533333333333335,54.266666666666666,40.333333333333336,82.8,188.12866666666667,453.51133333333325,7.074999999999999,3830.815333333333,212.82233333333335,0.15116999999999997,15.933333333333334,49.43333333333333,51.6,0.098,43.11333333333333,43.071999999999996
202B,var,1.4533486237727757,11.1942941815115,14.700869210885305,28.58896445989062,12.461496254017367,43.27308632394968,77.71979840998617,266.56082662603586,2.457472617684003,3259.7760066572405,181.09865949592842,0.08885652911669838,5.488978856662584,11.462063029354221,11.998888837443799,0.5277461510991813,5.302387093459783,5.441040586750541
205C,mean,7.375,26.78125,21.75,42.15625,34.15625,63.90625,149.335,328.2875,5.828125,2041.5143750000002,113.416875,0.10943125,1.0,19.9375,20.8125,1.5296875,55.822500000000005,55.822500000000005
205C,var,1.243734296383275,5.84023958733715,5.921359641163505,11.723665635691765,6.614895005780515,17.628739629862935,39.82973324038211,108.55093248678244,1.553012068328833,1285.9903608696332,71.44433219461412,0.03617271448809862,0.0,3.4363634484728185,3.703355741756387,4.810684387625502,5.611712082778304,5.611712082778304
208D,mean,4.875,16.25,16.6875,32.875,21.125,49.5625,77.41749999999999,219.613125,4.825312500000001,1072.3075000000001,59.5721875,0.07319999999999999,5.09375,25.3125,26.53125,0.0,51.95375,52.177187499999995
208D,var,1.0231690964840563,4.100304866714182,3.9877742852373177,8.641288966352183,4.284784125250653,12.616798078355696,22.917213235906324,65.1206725259681,0.7534586268294696,384.79905677346716,21.377063750427553,0.021701296044245835,2.4667713589832356,4.034519023378127,4.235153295631694,0.0,2.8835608954034595,2.917337435889744
21C,mean,6.84375,14.15625,10.9375,21.75,21.0,32.6875,73.32875,143.97968749999998,5.2821875,775.119375,43.064375,0.047984374999999996,4.96875,19.59375,19.9375,0.0,55.9665625,55.991875
21C,var,0.5650981662507851,1.9057376360611658,1.8864235340983213,3.5619517121937516,2.03100960115899,5.445396564989551,10.65490372727506,28.391309793268498,0.865168821585562,297.29663433532073,16.51660867458496,0.009467381811217661,1.1587810136086973,2.2893691134240455,2.5852647349933044,0.0,1.5962585343839983,1.5800938213837177
226A,mean,4.4375,8.3125,6.25,12.5,12.75,18.75,35.4003125,69.91968750000001,3.35625,256.656875,14.258125,0.0233,1.78125,10.28125,10.28125,4.0375,70.9803125,71.06031250000001
226A,var,0.7880950133074057,2.1423920626253263,2.0155644370746373,4.031128874149275,2.7950849718747373,6.046693311223912,12.482859369044569,29.002464602639268,0.9343237862218857,180.57813179890962,10.033544188589344,0.009678520031492418,0.41339864235384227,5.14923765595452,5.14923765595452,7.888937666124635,9.616366739956613,9.595656075920175
230A,mean,2.28125,4.25,3.0,5.9375,6.53125,8.9375,12.301874999999999,25.7890625,1.5671875000000002,48.1221875,2.6709375,0.008575000000000001,1.53125,11.8125,12.03125,0.0,66.8153125,67.21499999999999
230A,var,0.4496092053105675,2.1065374432940898,1.6770509831248424,3.325446398605757,2.5370304368493493,4.999609359740019,9.269455026287954,20.148752188314138,0.3867754062033288,50.33306950544389,2.795590679282958,0.0067515738905828465,1.5407866294526313,2.1999644883497553,2.4042199228647947,0.0,3.3426738776530005,3.4957679771403587
230B,mean,6.0,9.21875,6.34375,12.6875,15.21875,19.03125,45.16625,74.9234375,4.132187500000001,318.326875,17.686875,0.02494375,5.25,15.84375,15.90625,0.0,59.8159375,60.073125000000005
230B,var,0.5,1.0528050329951886,1.107061848994897,2.214123697989794,1.4520325194361179,3.3211855469846907,6.5583866870976735,15.195669327429897,0.6497101968137409,133.84626812217954,7.435625577876753,0.005075981278285017,0.9013878188659973,1.986035230679456,2.005607373715005,0.0,1.3680160346625145,1.4028084275391997
232A,mean,5.580645161290323,14.419354838709678,16.451612903225808,32.96774193548387,20.0,49.41935483870968,70.94516129032257,216.31290322580645,6.749999999999999,1772.2093548387097,98.45548387096774,0.07210645161290323,9.64516129032258,28.258064516129032,27.129032258064516,0.535483870967742,53.202903225806445,53.24225806451613
232A,var,1.6805182293717555,5.135419030227715,7.088558294100837,14.102124916451745,6.242414751959683,21.188515138567766,32.47396683111226,108.67854247641107,3.8898237790750962,2076.505446833361,115.36041669868786,0.03622098781613626,5.533174945181602,13.048217631181526,10.468822947312905,1.9973463665084155,5.50994127569455,5.498678263281105
235B,mean,5.129032258064516,19.612903225806452,17.032258064516128,34.03225806451613,24.741935483870968,51.064516129032256,100.51774193548388,245.8606451612903,4.518064516129033,1255.6619354838706,69.75806451612901,0.08194838709677421,3.3225806451612905,18.032258064516128,18.35483870967742,0.0,56.48129032258065,56.593870967741935
235B,var,1.5396257501653836,10.6185395367659,9.278778670214205,18.464410179809192,11.511474617389615,27.742985726556785,66.6976885854606,168.97618089322881,1.5301748147122292,1184.8759980783054,65.82763731870968,0.056323849706724056,2.0222487766009647,8.06619337397176,8.240530781122693,0.0,5.151438722892158,5.108911049566525
238A,mean,7.71875,20.0,16.09375,32.15625,27.71875,48.25,109.78218749999999,232.98375,6.1803125,1510.8534375,83.93593750000001,0.07765625000000001,4.3125,18.3125,18.3125,0.2975,56.228125,56.160624999999996
238A,var,1.0378576190884758,3.75,4.347120994117831,8.63897192595855,4.353406532532885,12.985568913220552,24.61612362029903,75.8582087165753,1.234801310877078,879.3994273245853,48.85600902520686,0.025277311188840874,1.2358574958303243,3.7453095666446585,3.7453095666446585,1.6564098979419315,3.6653891654741106,3.6749421232687465
23B,mean,1.625,3.4583333333333335,2.0,4.0,5.083333333333333,6.0,8.306666666666667,15.470416666666665,0.9429166666666666,20.144583333333333,1.1170833333333334,0.005154166666666667,1.625,9.833333333333334,9.833333333333334,0.0,72.66166666666668,72.90375
23B,var,0.8068715304598785,1.632461502013311,1.0801234497346435,2.160246899469287,2.3790170706033664,3.24037034920393,6.466537369841418,11.131329090741541,0.5393165363577209,20.43312547049657,1.1356476829202895,0.00369999765390316,1.6282019735483269,4.913134324327891,4.913134324327891,0.0,9.564860021046947,9.630288941883656
23E,mean,6.516129032258065,18.483870967741936,13.64516129032258,26.032258064516128,25.0,39.67741935483871,96.56709677419353,186.6816129032258,4.589032258064516,919.2887096774194,51.07193548387097,0.0622225806451613,5.870967741935484,33.16129032258065,33.225806451612904,1.8796774193548387,52.711290322580645,52.78838709677421
23E,var,1.2919344770645669,5.028120714425475,4.299650301585109,8.204970448602174,5.896964774219623,12.485829637127335,32.10234120630641,70.95357223937056,1.2238974098866129,542.3379732396487,30.12907227668821,0.02364519605683313,3.159644074318937,7.016555419005173,7.042313024620006,5.803327457016455,8.260839503513523,8.307925519093274
241A,mean,4.34375,16.15625,14.28125,28.25,20.5,42.53125,77.0978125,194.943125,3.7515625000000004,952.5959375,52.92343749999999,0.06499375,3.90625,19.3125,19.875,3.8168750000000005,60.9990625,61.003125
241A,var,1.3371933059584167,8.951638729165738,9.605448893076263,18.87127446676562,10.04676564870506,28.469264539806783,58.6709947362395,171.86014076563646,1.5606811601328918,1352.8817042702296,75.15928442354007,0.057282026726866955,0.9137619698258403,9.291923576418395,9.522178059666812,8.449041527556544,10.197550367421272,10.189736698481221
244A,mean,3.90625,8.1875,6.0625,12.0625,12.09375,18.125,33.3940625,67.4584375,2.801875,223.9721875,12.442499999999999,0.022484375,3.53125,15.96875,16.375,1.6978125,62.349374999999995,62.684062499999996
244A,var,0.9473441494515074,2.9201615965559165,3.2971341722774947,6.485259728800382,3.608664702836771,9.781200079744817,15.767741368727917,44.60539416016401,0.9561264217534206,228.83120170409418,12.713317328691202,0.014872670182565571,3.2208730862143575,4.088737389158174,4.2555111326373005,6.65443166918436,6.239521685143421,6.246193770696979
245B,mean,3.064516129032258,10.225806451612904,6.580645161290323,13.258064516129032,13.290322580645162,19.838709677419356,45.27193548387097,83.61709677419356,2.01258064516129,255.9658064516129,14.21967741935484,0.027864516129032263,6.548387096774194,16.419354838709676,18.419354838709676,0.43,65.1316129032258,65.24903225806452
245B,var,1.9664194392423446,7.7029934584292326,5.228792456342941,10.567655283429056,9.374617578048259,15.789128097428405,41.43633736611403,79.88038372763683,1.4650992870504418,325.3926331598062,18.076958151884238,0.026626612304804845,3.003639831479943,4.3312383206444,5.746102148965641,2.355206997272214,16.062266360148236,15.999441795673778
252C,mean,4.78125,15.53125,11.84375,23.6875,20.3125,35.53125,72.86656249999999,155.66468749999999,3.6574999999999998,597.1234375,33.1728125,0.0519,5.09375,16.25,16.53125,0.0,57.7034375,57.699374999999996
252C,var,0.8190839013800723,3.269024845041714,2.7398605689888673,5.479721137977735,3.9245819841099,8.219581706966602,19.799155381192243,44.53154043655287,0.7847013763209544,262.4754084982222,14.581093544890374,0.014839558618772996,0.9473441494515074,2.75,3.102261020207681,0.0,2.208214223890823,2.215755990486091
252D,mean,5.766666666666667,18.433333333333334,13.133333333333333,26.233333333333334,24.2,39.36666666666667,92.73166666666667,181.57933333333327,4.119666666666667,775.5529999999999,43.08566666666666,0.06053,8.866666666666667,30.6,31.633333333333333,0.4486666666666667,51.58399999999999,51.513000000000005
252D,var,1.174260996920569,3.556058992136598,2.65497436689865,5.339683719306062,4.331281565541543,7.993678057620841,23.227257132276485,44.71642896694185,0.9739249914079056,327.55499795861255,18.19649594167942,0.014902933715659252,2.3055488621054105,6.189237971403803,6.46262760458589,1.9201644605490318,4.28940135683291,4.309113713978781
257A,mean,5.28125,9.0,7.40625,13.53125,14.28125,20.9375,42.3053125,81.878125,4.1215625,374.8203125,20.821875000000002,0.027284375,3.90625,18.03125,18.625,1.5365625,60.6584375,60.6584375
257A,var,1.3517205471176355,3.491060010942235,2.737007661205938,5.117276955324971,4.584173691899119,7.849910429425294,21.560014347220264,41.46699504104892,1.436099555599733,296.1110003073634,16.45188979219029,0.013825431941150157,0.878897569401577,4.433426827804875,4.768057780690163,6.997401575484555,7.104471351451405,7.104471351451405
257C,mean,5.233333333333333,14.1,9.633333333333333,19.1,19.333333333333332,28.733333333333334,67.01633333333334,124.46566666666669,3.509666666666667,483.26266666666663,26.848999999999997,0.041479999999999996,3.7333333333333334,21.3,21.3,0.392,57.39333333333333,57.533
257C,var,1.085766498326822,3.186952567370068,3.301346526629534,6.420539956524944,4.133870932780666,9.71916777415753,20.261458401496064,49.25323554064466,1.0027245661474318,310.5646649994526,17.253019127097726,0.016417965769241937,1.412641340027806,9.957074536897538,9.957074536897538,1.5189983541794905,4.302380219780157,4.309530639563122
25A,mean,5.34375,12.21875,10.15625,20.25,17.5625,30.40625,57.6590625,126.39,4.455,582.97625,32.389687499999994,0.042140625,2.1875,11.1875,11.21875,0.5209375,62.4675,63.178125
25A,var,1.0490881457246575,2.76963868356506,2.032691795993677,4.115519408288582,3.613667631368441,6.1433875783235425,17.01090594283837,32.58288737972742,0.9052589408561508,216.56362009450595,12.0321193801152,0.01085886329729659,3.330141701189305,2.6860461183680373,2.7469798756998567,2.900457247761765,4.5231819552169235,4.630965367434204
261A,mean,5.433333333333334,16.3,14.933333333333334,28.833333333333332,21.733333333333334,43.766666666666666,80.94466666666668,198.7166666666667,4.810666666666667,1115.3870000000002,61.96533333333334,0.06623,3.6666666666666665,28.9,31.533333333333335,0.648,52.287666666666674,52.63700000000001
261A,var,1.856220772310114,6.094533069344471,5.9494164046194955,12.12733368149084,7.6634775975981615,18.05303914088213,40.27137227471755,104.8114825876546,1.83905217133416,967.7318851457084,53.762278271004185,0.034935370328651155,3.4769079494414123,17.453461929752883,17.18668735452595,3.489586795023158,5.5078481480721875,5.632080225517625
265A,mean,4.0,7.0625,5.03125,10.0625,11.0625,15.09375,27.9275,52.35,2.8540624999999995,149.1775,8.290937500000002,0.017453125,3.75,8.90625,8.90625,0.0,66.7296875,66.76749999999998
265A,var,0.0,0.34798527267687634,0.17399263633843817,0.34798527267687634,0.34798527267687634,0.5219779090153146,1.5450546106853313,2.56117160690181,0.03305860090430325,5.108423802896548,0.28360799723165403,0.0008525639180583474,0.9682458365518543,0.5219779090153146,0.5219779090153146,0.0,0.6764682382372056,0.783226499807049
266B,mean,4.0625,8.53125,8.1875,16.375,12.59375,24.5625,38.42937499999999,97.1028125,3.9234375,467.575625,25.9775,0.03238437500000001,1.46875,10.3125,10.34375,0.0,69.1665625,69.5684375
266B,var,1.9515618744994994,4.2055348574824585,3.9404750665370285,7.880950133074057,6.123006690956657,11.821425199611086,19.062032934851807,46.936290612540354,1.9045399860842382,225.44936124795157,12.525665650974403,0.015652378201390836,2.0153221671732786,2.0832291640623697,2.130278370894283,0.0,14.860800283248334,14.691077247213483
268A,mean,3.46875,7.03125,3.5625,7.125,10.5,10.6875,26.2021875,36.541562500000005,1.7515625,66.9009375,3.718125,0.01215625,0.15625,8.875,8.875,0.0,67.7584375,68.54187499999999
268A,var,0.4990224819584785,1.211516998436258,0.7880950133074057,1.5761900266148114,1.6770509831248424,2.3642850399222173,6.765730621288712,10.82363909152526,0.28380351229988326,33.14630620063258,1.8400907543855003,0.0035952170918457766,0.8699631816921909,1.340475661845451,1.340475661845451,0.0,1.4398027412092766,1.551902939740432
269B,mean,5.387096774193548,17.161290322580644,15.258064516129032,29.967741935483872,22.548387096774192,45.225806451612904,85.00193548387097,206.85387096774193,4.591612903225807,1026.0222580645159,57.00129032258065,0.06895483870967745,6.354838709677419,26.29032258064516,26.580645161290324,2.069032258064516,54.14483870967742,54.28806451612903
269B,var,1.7166625413742025,5.430480132004894,5.956659282037984,12.06563734655422,6.147848874658513,18.010229490073677,33.68129062535143,99.53540182906619,1.613899498758077,728.06491753144,40.44875138564413,0.033173433197896104,2.482823407083078,7.94819333655747,7.918024328150694,8.132039126430598,7.821345017144508,7.829969480167455
26C,mean,9.40625,40.65625,47.5,96.5,50.0625,144.0,253.073125,827.3259375,11.3328125,9968.708125000001,553.8175,0.27578437499999997,20.75,45.53125,45.75,1.591875,44.128437500000004,44.2296875
26C,var,1.4760457098274429,18.473984029913527,20.980645843252777,42.20855955845923,19.48226356843578,63.159025483298905,137.58682248487455,453.22720627916976,2.467944785614895,7599.577643882766,422.1985500182349,0.1510710575966137,6.946221994724902,11.283240821568066,11.269427669584644,3.509726162305971,7.99867337022795,8.011622605773674
26D,mean,5.709677419354839,13.709677419354838,11.806451612903226,23.612903225806452,19.419354838709676,35.41935483870968,67.09935483870967,154.78741935483873,4.877096774193548,855.6845161290323,47.537096774193564,0.05160000000000001,4.258064516129032,12.516129032258064,12.516129032258064,0.0,60.74967741935484,60.75419354838709
26D,var,1.1965959349026716,4.319449997747225,5.555696610534439,11.111393221068878,5.027499818247295,16.66708983160332,27.389618816964315,93.77657022077811,1.628304468533959,873.9118833997777,48.550572116727956,0.031257370743657434,1.7591739618627071,3.490733980882267,3.490733980882267,0.0,3.403410513256985,3.4016910160963523
270C,mean,5.225806451612903,13.193548387096774,10.64516129032258,20.903225806451612,18.419354838709676,31.548387096774192,63.12580645161291,136.951935483871,4.180645161290323,736.823870967742,40.93516129032259,0.045658064516129034,4.193548387096774,19.774193548387096,19.93548387096774,0.0,56.897096774193535,57.06225806451613
270C,var,1.735951489944995,4.3583020875529455,5.115116036881238,10.246493778628036,5.751713313038108,15.351449883563944,27.16625596322234,80.01339913673955,2.290689339103633,1015.16244917295,56.39834822969997,0.026672708949514578,2.9991327223663116,5.706304817674607,5.662186309026484,0.0,4.593192855034282,4.6390583789256326
272B,mean,6.366666666666666,13.766666666666667,9.533333333333333,19.066666666666666,20.133333333333333,28.6,69.68066666666667,125.03766666666665,4.402333333333333,579.777,32.20966666666667,0.041676666666666674,3.8333333333333335,20.666666666666668,21.133333333333333,0.8243333333333333,58.445,58.57
272B,var,1.1396880664852507,2.7286545321010416,2.2617593938249834,4.523518787649967,3.7124415446202272,6.78527818147495,17.422427678777208,35.165296973326164,0.952633834283783,234.8333169455873,13.046444594430913,0.01172890115152405,1.8089284734953515,8.719072325782268,8.819423009597749,2.1066698575925193,6.675210733252795,6.740426297102186
275A,mean,6.8125,14.40625,12.96875,24.28125,21.21875,37.25,74.7221875,164.9178125,5.725624999999999,998.5971874999999,55.47718750000001,0.054984375,3.03125,13.0625,14.09375,0.568125,59.1559375,60.157187500000006
275A,var,0.8454843286542927,2.5843202080044185,2.984170477285103,7.041104205840161,3.0591499534184328,9.971835337589566,15.388147576620252,48.506280504073324,1.4561484674905234,488.8675873142592,27.16066103236156,0.016153349292310094,4.209248559719419,3.1017887984193897,2.9723662186042956,3.1631861286328067,5.16898373677977,5.203741583211424
279A,mean,7.40625,27.59375,30.59375,58.90625,35.0,89.5,155.7265625,465.26968750000003,7.9175,4055.948125,225.3309375,0.15509062499999998,14.78125,30.0625,29.96875,2.85375,53.5078125,53.503750000000004
279A,var,1.3660933121496497,9.463282249700683,12.742300064646885,24.74161395175141,10.338036564067666,37.46164705402046,65.45266226486585,234.883681072733,2.3754867922175444,3232.5623102631735,179.58715649301342,0.07828891348466509,5.571884639643933,9.58168011102437,9.706584025160447,5.215408511085206,8.657354797502743,8.664316097505907
27E,mean,9.125,26.5,23.0,45.5625,35.625,68.5625,156.1434375,356.01,7.9853125,2869.7653124999997,159.43156249999998,0.118665625,4.59375,38.8125,38.96875,0.16125,47.8246875,47.8246875
27E,var,1.5360257159305635,7.545694136393285,6.128825336065631,12.139649655158916,7.975548570474635,18.25845266582029,48.5812512452962,115.41793188235526,1.7211750789340838,1244.4517920930693,69.13575807376088,0.03847625574116295,3.4808348046840716,9.129065874995097,9.159982174518682,0.6265169091892093,3.952699223612107,3.952699223612107
282B,mean,6.90625,19.375,17.75,34.5,26.28125,52.25,104.3640625,251.4796875,6.0728124999999995,1735.779375,96.4325,0.08382187499999999,3.75,24.84375,25.03125,3.285,56.126250000000006,56.970937500000005
282B,var,2.1266078476061354,7.025622748198198,7.495832175282475,14.337450958939668,8.60317664804693,21.815991840849225,47.55797776526136,127.82524590442743,2.0450293921711125,1400.8051723427172,77.82255147931093,0.042609680050246505,4.401704215414752,7.382874503707888,7.405590687953257,7.5608361806085975,10.611176522304207,10.512847306800085
283A,mean,5.172413793103448,12.862068965517242,10.655172413793103,21.03448275862069,18.03448275862069,31.689655172413794,60.16827586206897,133.5648275862069,4.255172413793104,621.8268965517243,34.544137931034484,0.04452413793103448,2.103448275862069,24.655172413793103,24.82758620689655,0.0,54.44206896551724,55.022413793103446
283A,var,0.9493724067542209,2.788203449894282,3.4066452510975083,6.541552903373462,3.4489654482896523,9.945033237148607,17.547925325640204,50.45960771921607,1.298589740873179,415.5405692638948,23.085634511716616,0.01681468272942787,2.940148103074787,8.563256962036098,8.538226277553571,0.0,3.614992134593766,3.8669828345324175
284A,mean,4.96875,9.6875,7.6875,15.34375,14.65625,23.03125,46.220625,97.63093749999999,3.8924999999999996,623.2628125,34.62625,0.032546875,7.125,18.5,18.5,0.0,59.728125000000006,59.5890625
284A,var,2.4429026663991342,5.4050757395248406,6.222125340267584,12.433848396112122,7.687690546418996,18.655569501827063,34.779615432166224,94.65701351984487,2.7812587078515367,870.259261227058,48.348125206025315,0.031555456980281164,2.8804296554507283,6.642665127793212,6.642665127793212,0.0,6.699106021281869,6.729258112607493
285C,mean,3.8125,9.875,7.96875,15.0625,13.6875,23.03125,44.271875,101.1784375,2.878125,733.610625,40.75625,0.03371875,4.28125,23.5,24.125,0.2790625,60.53124999999999,60.6040625
285C,var,2.6272311946229627,7.457169369137327,9.941970299568391,17.712879318450742,9.944965749061181,27.65014056813274,49.50666624540956,150.7866454653183,3.121335288682553,1747.7899456848668,97.10011832993561,0.05025717260687772,4.995212551783958,21.828879952943073,21.625722531282047,1.0833177032125663,9.713183614937998,9.698225952260225
288A,mean,7.419354838709677,15.096774193548388,13.096774193548388,25.451612903225808,22.516129032258064,38.54838709677419,81.57612903225805,175.4054838709677,6.267419354838711,1191.6916129032259,66.20483870967742,0.05847096774193549,7.645161290322581,16.741935483870968,17.06451612903226,2.083870967741935,58.90612903225807,58.90612903225807
288A,var,1.5403014692017192,4.0189457669945865,4.1062881654115,7.983202969773955,5.290715957050557,12.071931479949995,27.038047586201067,66.14602466970014,1.7278160142157004,686.9365358210216,38.163159052218845,0.022048702595850164,1.8930839678866076,3.12087396708331,3.1616194693692488,7.309047278023514,7.984503409294037,7.984503409294037
28A,mean,8.6875,43.6875,39.78125,75.65625,52.375,115.4375,270.5121875,674.14,7.471875,5601.810625,311.21187499999996,0.224709375,8.78125,43.4375,44.34375,1.0009375,46.0565625,46.19125
28A,var,1.6476782908080085,17.86833354708827,19.153547933411712,37.204342299488374,18.907257204576236,56.31437288783388,129.50254434600828,386.3794083054893,2.145303646194403,4680.227797628376,260.0123119493275,0.1287978851713388,5.9620381110405525,14.897435811239463,15.308513511686888,2.860923539015636,6.225278914120536,6.234274591923265
28B,mean,6.125,15.21875,12.25,21.84375,21.34375,34.09375,78.038125,155.45375,4.3565625,812.719375,45.1509375,0.051815625000000004,8.1875,28.0625,29.625,6.6390625,60.650625,60.663125
28B,var,1.709349291397168,6.622567359982079,6.324555320336759,11.672910345646454,8.029669105106386,17.971086804573062,42.976186751902205,102.30314614388699,1.6255068620568016,800.4763228421308,44.47152722243856,0.0341055357436205,2.8878787630369804,6.954933051439101,7.047827679505224,9.877014148825229,10.559272565351034,10.55219599108996
292A,mean,5.32258064516129,10.548387096774194,9.32258064516129,18.322580645161292,15.870967741935484,27.64516129032258,49.88806451612904,112.8383870967742,4.649677419354839,609.8454838709679,33.88032258064515,0.03761935483870967,4.645161290322581,21.967741935483872,21.967741935483872,2.0038709677419355,58.07999999999999,58.49225806451612
292A,var,1.5940837549168823,3.545453332653958,3.81327982420513,7.385194853061759,4.910436124667878,11.186248433064746,22.61259389600218,56.40956868594217,1.7433384433895194,514.4205974582296,28.57902924871955,0.018799183567633285,3.326805957252577,3.85615445219835,3.85615445219835,6.636747006030919,6.731227180450733,6.746640124214482
296A,mean,3.6875,6.90625,4.4375,8.84375,10.59375,13.28125,26.997812500000002,48.054375,2.3259375,176.46531249999998,9.805937499999999,0.016012500000000002,1.5,10.375,10.40625,0.0,66.7109375,66.95125
296A,var,1.0439558180306292,2.742710509240813,3.5172565658478767,7.013867402332325,3.698474136383814,10.530415397195878,16.632869891869046,51.660533953486926,1.323907236589388,433.58950796652397,24.08720106967793,0.017217755189048313,1.9685019685029528,3.295356581616017,3.3898688673015065,0.0,4.410025056175277,4.28879699770227
298A,mean,4.21875,9.96875,8.90625,16.8125,14.1875,25.71875,42.621562499999996,99.88875,3.6293749999999996,403.8096875,22.434375,0.0333,4.5625,15.84375,15.84375,0.0,59.592187499999994,59.810625
298A,var,1.1105847277448038,2.811631810443892,2.961834049621957,5.451132336496703,3.694907813464363,8.36747563112675,16.48542559152155,40.13089261638096,1.3070671786006256,263.3137031124232,14.628230185479548,0.013376098085764773,3.1017887984193897,3.937872006236363,3.937872006236363,0.0,3.8427388786962546,3.9409682641928243
29C,mean,3.0625,6.5625,4.46875,8.90625,9.625,13.375,23.8071875,45.74906250000001,2.0734375000000003,113.394375,6.3003125,0.015253125000000001,6.4375,28.25,28.28125,0.4628125,57.0921875,57.23
29C,var,0.9333240326917549,2.8716012519150356,2.291074734158622,4.564532937497549,3.6033838263498934,6.854514935427598,14.681714867986088,31.257606710144874,0.7976356051441974,105.24783836668274,5.8481671724860735,0.010422960962911404,1.9675095298371492,3.6996621467371855,3.6931894667752965,2.5768309441722694,5.03289847799891,5.025735642669638
31B,mean,5.935483870967742,16.70967741935484,9.451612903225806,19.548387096774192,22.64516129032258,29.0,84.26161290322581,131.71483870967745,3.468709677419355,486.01290322580644,27.0,0.0439,3.806451612903226,20.322580645161292,21.64516129032258,0.0,55.817741935483866,55.81838709677419
31B,var,1.6448450043847693,4.304487893463517,2.563247809718572,4.87150178657544,5.60269743269905,7.400958961404062,28.916568651204688,43.560511036352395,0.9103871630688457,254.69804196713773,14.149112362447381,0.014518886476452973,3.5507323627914875,2.889213496886849,3.955791076194692,0.0,2.445326958384646,2.402525682819583
31C,mean,5.1875,12.78125,9.15625,17.65625,17.96875,26.8125,60.564687500000005,114.70343749999999,3.6046875,518.3075,28.7946875,0.03822500000000001,5.59375,24.78125,25.40625,0.1303125,54.9571875,55.096562500000005
31C,var,1.911110606427582,3.6804753004876964,4.00085440093738,7.7039331472631565,5.370546847156255,11.687165770622062,25.385599877732727,61.190070610423334,1.8638736283191923,544.3653271184252,30.2431152273099,0.020398406800532242,3.008938506766132,4.075340284871927,3.9517351805883956,0.7255492935312874,3.6550275600662365,3.6774971187743644
35D,mean,4.46875,10.9375,7.53125,15.0,15.40625,22.53125,48.050625,91.416875,3.0603125,382.9496875,21.2734375,0.030453125,3.78125,16.375,16.75,4.4371875,66.02125000000001,66.02531250000001
35D,var,0.9995115994824673,2.816663584810937,4.472026770660032,8.774964387392123,3.706913937158509,13.245245314357149,17.497523920811624,64.9444960830737,1.6476886924852492,632.2490674839128,35.12599229998484,0.021662265353244455,1.7630650689920664,2.4206145913796355,2.7386127875258306,6.724269585973167,10.394140702217767,10.391190073920493
3A,mean,6.625,22.875,25.34375,47.59375,29.5,72.9375,124.150625,360.393125,7.153124999999999,2799.5753125,155.53281249999998,0.12013437500000002,9.875,31.28125,30.78125,0.0,49.045625,49.0790625
3A,var,1.4947825928876748,9.7971615787431,9.534835391211534,18.7113925440492,10.937321427113678,28.13354036999254,67.40371544551068,179.7615812582999,2.334008672729174,2126.384114942818,118.13209905214097,0.0599173055624114,5.206666399914632,10.701151734159271,11.055921419651101,0.0,4.392175526931386,4.366946415528103
3B,mean,7.15625,21.1875,21.4375,41.0625,28.34375,62.5,115.8140625,308.2315625,6.9087499999999995,2432.1156250000004,135.116875,0.10275,8.0625,34.3125,35.1875,0.7053125,49.939687500000005,50.208124999999995
3B,var,1.8046705897476139,7.422253279833558,9.103356180552312,17.222691245853536,8.96036193116662,26.31183193926261,50.71573472918532,155.43121911534888,2.3036530093527543,1797.6977834718518,99.8724467582745,0.051813421282521,5.442526412430168,11.40021244319596,11.473985521604948,2.2599031842855015,7.962606547315001,8.118262374694169
3D,mean,8.258064516129032,25.129032258064516,32.096774193548384,60.064516129032256,33.38709677419355,92.16129032258064,144.09225806451613,471.5606451612903,10.007096774193547,5171.022258064517,287.27967741935487,0.15718387096774195,15.419354838709678,56.29032258064516,56.645161290322584,0.36870967741935484,42.475806451612904,42.680645161290315
3D,var,1.9669485444420831,7.844216836189129,10.96432584371132,20.689619469630827,9.314149552903935,31.619814912634475,54.93926909278583,193.98027606643305,3.1336613580225587,3563.4134235143133,197.96776281202747,0.06465641747343785,4.884301340393209,11.570801819003359,11.737858207380343,1.0040393962694822,5.15742294624069,5.143389076928765
40B,mean,5.40625,15.8125,16.4375,32.875,21.21875,49.3125,77.248125,220.54500000000002,5.65375,1307.2668749999998,72.625,0.07351250000000001,7.78125,13.375,13.28125,0.0,58.485,58.485
40B,var,0.8964992679863157,5.002733627727944,5.852016212383558,11.704032424767115,5.295837840936975,17.556048637150674,29.955262625862172,100.49866634687248,1.4362032194296181,915.4846535935129,50.8608670172855,0.033506303045098836,3.620552228251928,3.1399641717701177,2.9815513474532014,0.0,2.873062390551239,2.873062390551239
42C,mean,7.612903225806452,40.41935483870968,51.935483870967744,103.0,48.03225806451613,154.93548387096774,242.00612903225803,870.8451612903225,10.075806451612904,9273.214838709679,515.1793548387096,0.29027741935483875,16.677419354838708,47.29032258064516,47.29032258064516,0.0,41.28774193548387,41.34451612903225
42C,var,1.4519712819260515,15.281813339345748,16.995133048802945,34.18828322214234,15.749006872872645,51.126620478377625,109.34993876356883,330.8098325748493,3.873491193620447,5640.013173940728,313.334303373492,0.11026451980952053,7.924592578411771,13.756391003614604,13.907977632690729,0.0,4.822489458626529,4.815255889565779
43D,mean,6.40625,15.90625,20.6875,39.28125,22.3125,59.96875,83.00843749999999,275.84343750000005,8.0825,2536.9890625,140.94437499999998,0.091946875,12.4375,34.65625,34.6875,2.170625,50.9746875,51.185312499999995
43D,var,1.8176113274019834,7.032777611833037,10.420645073602689,20.296604357318,7.923215493093697,30.687420442870398,44.09250950483079,173.34892079649242,3.498254922100446,2293.302046322016,127.40552386811716,0.05777643325988872,5.237708826385827,9.888785867713993,9.875593336605148,6.617205290708079,9.816504591877079,9.788664038179252
44B,mean,5.3125,16.90625,12.65625,25.0625,22.21875,37.71875,82.27125,169.2984375,3.9246875,695.705625,38.64875000000001,0.056434374999999995,5.0625,10.5625,10.5625,0.0,61.553749999999994,61.553749999999994
44B,var,1.5090870584562046,2.198854460281535,2.3266039494292965,4.629642939795682,3.3516262377389276,6.947276332311822,16.588529122182596,38.622433823279366,1.1695591700909151,334.71942627312416,18.59668514648511,0.012875888546402342,0.42847841252506524,1.7666617531378213,1.7666617531378213,0.0,1.606848137659561,1.606848137659561
47A,mean,4.71875,7.625,5.84375,11.6875,12.34375,17.53125,33.344375,64.40312499999999,3.7228125,255.15125000000003,14.174687500000001,0.021456250000000003,1.8125,8.21875,8.21875,0.0,67.4571875,67.603125
47A,var,0.624218261107443,1.948557158514987,1.9702375332685143,3.9404750665370285,2.272242490910686,5.910712599805543,9.609361300803243,26.26713136667906,1.2162114186455206,160.34780242394189,8.907808366952208,0.008778771892326398,1.0135796712641785,1.8830556118978536,1.8830556118978536,0.0,2.6886767590849887,2.7027548879569165
47C,mean,6.866666666666666,45.166666666666664,39.96666666666667,77.33333333333333,52.03333333333333,117.3,277.3546666666667,685.8006666666665,6.000000000000001,4515.791333333333,250.87666666666672,0.22860000000000003,19.633333333333333,49.2,49.666666666666664,1.901,45.29333333333333,45.41533333333334
47C,var,2.513076909996102,23.091244131825285,18.175960925231863,35.5446511056477,24.68127945540011,53.34488416583793,164.12435906416275,359.84578648761317,2.2360977915407307,2726.0761483907395,151.44850311427828,0.11995729795778719,13.546176172222507,18.13541654700364,18.148155706725564,4.1528282330639845,9.610684794655489,9.572558255532089
48B,mean,3.90625,19.0,18.34375,36.3125,22.90625,54.65625,90.39937499999999,252.775625,3.6940625,1025.1390625,56.95218750000001,0.08426875,7.09375,19.6875,20.03125,4.1590625,60.3096875,60.466875
48B,var,1.1280341029862528,7.110731326663946,8.172397808324066,16.384896818411764,7.7150800992277455,24.551743032573064,43.86927412334714,141.52452267490386,1.2175638057587577,692.44545129183,38.46873094917278,0.04717473792653755,2.6617589931284162,3.9483976180217715,3.9566745427821077,7.160606800131799,9.63011665439956,9.622895366487937
56B,mean,5.46875,15.75,16.71875,29.96875,21.21875,46.6875,76.9178125,207.15812499999998,5.2396875,1158.0065625,64.333125,0.06905312499999999,7.125,19.3125,20.375,1.0,55.9709375,55.9709375
56B,var,1.249609313945763,3.5443617196894563,4.251722996327489,7.19585112669099,4.6079711845344695,11.36452127236339,22.29121712333904,61.27332369379333,1.417800859551069,564.0005836965585,31.33368499290141,0.020417792246821765,1.340475661845451,3.694907813464363,4.013648589500581,4.0,5.887283626265492,5.887283626265492
586C,mean,5.266666666666667,18.0,16.633333333333333,32.733333333333334,23.266666666666666,49.36666666666667,89.25266666666667,228.30566666666664,4.8389999999999995,1230.637,68.36833333333334,0.07609666666666667,8.566666666666666,32.266666666666666,32.7,0.0,49.786333333333324,49.975
586C,var,1.339983416149452,5.7561561248226525,6.342887530314741,12.306998912091535,6.692948196090835,18.634168138723613,36.07517751708075,105.52988855243281,1.6738624993310134,933.4085165105006,51.85651396454986,0.03517383955283939,3.765486540792423,8.571010571818366,8.858705699291892,0.0,4.102882306650073,4.163983469387616
590B,mean,7.40625,48.375,34.53125,68.03125,55.78125,102.5625,296.7171875,606.7340624999999,5.1971875,3456.1175,192.0071875,0.202253125,3.46875,32.40625,33.34375,4.228125,53.6846875,53.625625
590B,var,1.6929887588226922,17.309228030157787,15.047807927984062,29.239831966642694,18.07231026840509,44.25984177276281,126.99192821874485,310.6889589169063,1.6556139993500145,2714.69656737521,150.81710685533935,0.10357005776398107,2.703982884098936,12.35885152178389,13.51991442049468,8.436412684570083,10.127796522558288,10.113954449639122
595B,mean,10.142857142857142,44.785714285714285,36.142857142857146,72.03571428571429,54.92857142857143,108.17857142857143,282.52142857142854,634.4407142857143,8.095357142857141,5709.240714285714,317.17928571428575,0.211475,10.571428571428571,33.0,34.464285714285715,0.0,46.05214285714286,45.96071428571429
595B,var,2.1165046271470076,13.243211584099399,13.687101033231162,27.30840025504599,14.861091508241463,40.9922062029815,101.70911694330925,285.7904155386872,2.3447699889371685,4452.526926092425,247.36315402848172,0.09526134212560428,5.772029671667693,8.066686343935071,8.406979000709311,0.0,3.6613154907012557,3.709671653328661
5A,mean,2.59375,5.46875,2.78125,5.46875,8.0625,8.25,17.4578125,25.39375,1.296875,36.191874999999996,2.0109375,0.008471875,1.84375,14.71875,16.78125,0.0,63.1834375,63.6015625
5A,var,0.6547602137424051,1.7497209598961774,0.8921314014762624,1.7497209598961774,2.3175620272173947,2.6339134382131846,8.759441240161598,11.797408017759663,0.32738010687120256,25.36679158337481,1.4108870422871387,0.003912259127968775,2.265355587429929,2.600893776666014,2.5828082463667332,0.0,2.4718143758368565,2.5702141318562837
5E,mean,6.78125,15.875,13.71875,24.375,22.65625,38.09375,83.018125,173.9175,5.2090625,969.96375,53.886875,0.05796875,6.5625,20.78125,21.625,0.271875,55.4303125,55.4221875
5E,var,1.2926323674966522,4.181432170919432,4.65184355256064,8.207275735589734,4.8257730922102,12.83637257707566,25.396937246140034,68.4806398279835,1.5014583730805693,544.2545850619335,30.235428560454952,0.022823184997661918,3.4363634484728185,5.354521307969556,5.672025652269213,1.5137359361444123,4.438566410153593,4.443005552533527
604D,mean,7.84375,16.46875,12.03125,24.0625,24.3125,36.09375,90.00343749999999,166.326875,5.7421875,961.5321875000001,53.4171875,0.05543125,4.125,14.59375,14.59375,0.0,58.7878125,58.69625
604D,var,0.5650981662507851,1.5407866294526313,1.1314916868894795,2.262983373778959,1.8946882989030147,3.3944750606684386,9.909465364417684,19.115980297499128,0.5686317699915737,182.25806245428447,10.125496356467853,0.006383153486913816,0.8926785535678563,2.8598445652692384,2.8598445652692384,0.0,2.132493749074953,2.174795608212412
610D,mean,3.107142857142857,14.214285714285714,10.285714285714286,20.142857142857142,17.321428571428573,30.428571428571427,61.600357142857135,129.24821428571428,2.2239285714285715,376.31964285714287,20.906428571428574,0.04309285714285715,7.714285714285714,30.321428571428573,30.892857142857142,0.5707142857142857,53.89107142857143,54.021071428571425
610D,var,1.4961685761181007,6.309613656143767,5.290538339183201,9.97394565038003,7.516902721906959,15.23723955930847,40.686952584172914,89.88487617318259,1.2067054892371636,563.8885083411066,31.327674804770773,0.029964144389246158,1.508479434424491,10.15963150143242,10.34179897901951,1.6716649710723153,4.6715792215769385,4.66733431053814
614A,mean,5.375,7.15625,6.375,11.5625,12.53125,17.9375,33.894999999999996,66.37718749999999,4.40625,322.2371875,17.901875,0.022115625,4.3125,17.9375,17.9375,1.0903125,61.21875,61.370312500000004
614A,var,1.192424001771182,1.8558922214126552,2.2878756522153907,3.4815361193013636,2.839282204624965,5.727878643092921,11.827357058954464,27.331998787407475,1.3642620486915262,247.39659739265787,13.744319835276498,0.00912168122438923,1.8103435447450298,3.578909575555102,3.578909575555102,4.200526369080873,6.537778077259889,6.557023183377025
614B,mean,2.96875,5.53125,3.5,7.0,8.5,10.5,20.064999999999998,34.760937500000004,1.9171874999999998,100.210625,5.56625,0.011584375000000001,0.84375,11.21875,11.40625,0.0,67.178125,67.6425
614B,var,1.5709148409446008,3.2305608549445406,2.179449471770337,4.4651427748729375,4.736823830374104,6.642665127793212,18.670376100925232,31.28947030945225,1.1636076292478277,158.9143298670997,8.828933878872352,0.010430517406120129,1.7159067391615432,3.7226869916096894,3.9039993516264833,0.0,5.548616064783633,5.467956656741164
615A,mean,1.09375,2.4375,1.375,2.75,3.53125,4.125,3.755625,8.8428125,0.5865625000000001,9.229687499999999,0.510625,0.0029625,2.25,9.21875,9.4375,0.0,73.31,73.4440625
615A,var,0.2914805954090255,1.4986973510352248,1.340475661845451,2.680951323690902,1.767490717797409,4.021426985536353,6.034930580327747,14.71233331136988,0.284929918740995,25.01055758129642,1.3897997551356094,0.0048960283649096634,1.299038105676658,2.606894404746767,2.9679275176459416,0.0,4.251818728497252,4.2412335023072885
621B,mean,4.903225806451613,18.06451612903226,15.35483870967742,30.70967741935484,22.967741935483872,46.064516129032256,87.30903225806453,209.6132258064516,4.223870967741935,930.6132258064515,51.700322580645164,0.06986451612903226,4.225806451612903,18.451612903225808,18.451612903225808,0.0,55.742258064516136,55.98516129032258
621B,var,0.8173457715690275,3.723815974377651,3.5428108677931385,7.085621735586277,4.284133299391033,10.628432603379418,23.180945088423545,59.75851033397761,1.0554334911866394,450.54431425301914,25.032526386988916,0.019918471705641715,2.7906488714686666,4.703044378995508,4.703044378995508,0.0,3.3833412666993983,3.44466944054587
622C,mean,5.1,9.366666666666667,8.933333333333334,16.066666666666666,14.466666666666667,25.0,43.703333333333326,100.60499999999999,4.211,483.42733333333325,26.857333333333337,0.03353,2.7333333333333334,18.933333333333334,19.333333333333332,0.8063333333333332,60.051,60.50833333333333
622C,var,0.5972157622389639,4.549603157297225,4.682829154356251,9.327140802816023,4.951318567367237,14.007141035914502,23.988245779038436,68.01409235102187,1.1313807198875776,412.71161594131183,22.928130747087856,0.022663511790247042,2.851120637379079,7.145783527523222,7.560129334578579,2.596362177269488,6.320274440243872,6.5007071837523105
625D,mean,4.125,9.625,7.125,12.6875,13.75,19.8125,42.589375000000004,80.97,2.6178125000000003,292.82624999999996,16.267812499999998,0.0269875,5.125,13.53125,15.21875,0.0,62.01875,61.92125
625D,var,1.340475661845451,6.445686542176869,5.649944689994761,10.489391962835596,7.520804478245662,16.119548497088868,38.178379429454246,84.48509661472845,1.2423760863135407,405.64766277021425,22.536083113306177,0.028164369667187654,1.6345871038277526,4.834668906709124,6.127470802664016,0.0,5.641999174716353,5.6073956465992305
626A,mean,3.34375,11.8125,9.59375,18.34375,15.15625,27.9375,48.341562499999995,110.89531249999999,2.5965625,314.893125,17.49375,0.036965625,5.0625,19.15625,19.78125,2.69875,59.378437500000004,59.42875
626A,var,0.6427176187875979,2.3642850399222173,2.3960824145884465,5.6712508265373,2.862575053601215,8.062015489317792,13.273507945663562,38.07735793621117,0.8085852203656396,176.98202859749455,9.832341007486468,0.012709607816898796,2.5973243443975185,2.785109681412924,2.3416657399167797,8.612787277501981,7.065333993067401,7.05594552044586
629B,mean,5.09375,12.125,12.9375,23.0625,17.21875,36.0,56.151250000000005,148.458125,4.908125,770.1537500000001,42.786249999999995,0.0494875,6.21875,24.75,24.90625,0.0,53.6759375,53.927499999999995
629B,var,0.878897569401577,2.7585095613392387,3.44544536308443,6.224636033536418,3.189184603860366,9.650129532809391,15.89471880649356,45.055000862660904,1.3547565221747413,378.37508264576235,21.02113649847458,0.015033602986310367,2.1321112629269607,5.562148865321747,5.541656876557768,0.0,3.1574652208842697,3.301363354736949
630J,mean,2.2580645161290325,6.290322580645161,3.161290322580645,6.32258064516129,8.548387096774194,9.483870967741936,19.801935483870967,29.87645161290322,1.134516129032258,37.865161290322575,2.1035483870967746,0.009954838709677418,1.8709677419354838,9.35483870967742,9.35483870967742,0.9051612903225806,70.47806451612905,70.49258064516128
630J,var,0.6704712803492427,1.7075458410149738,0.8834234798470422,1.7668469596940843,2.339543788963709,2.650270439541127,8.989588393230727,12.145260471685159,0.3425694062915588,32.1858983217874,1.7885848584972939,0.004034035737177368,1.288708668092786,2.694658840058981,2.694658840058981,2.905860453288394,5.4480795191930325,5.470640681794301
631D,mean,7.258064516129032,31.967741935483872,27.612903225806452,54.45161290322581,39.225806451612904,82.06451612903226,188.89677419354842,456.259677419355,6.142580645161291,3573.9258064516125,198.5516129032258,0.15208387096774192,9.774193548387096,45.03225806451613,46.03225806451613,2.174516129032258,49.30677419354839,49.45870967741936
631D,var,2.6514480758754213,19.189183564416872,18.131557624590904,35.4608723121764,21.321970612521927,53.581373438953385,138.66014613102803,362.6391429905605,2.7754476160257124,4047.0197754124197,224.83386450094838,0.12088676412186042,6.17857733608821,23.29956924836185,23.539238169720402,5.347975099894791,10.650454597929603,10.704759189389062
633D,mean,3.88,10.32,6.84,13.4,14.2,20.24,43.9736,80.9496,2.494,289.7464,16.098,0.026959999999999998,5.48,19.96,20.12,0.0,58.19520000000001,58.163199999999996
633D,var,1.6809521111560555,4.5844956102062095,4.295858470666835,7.92464510246358,6.164414002968977,12.215662077840891,30.589092942419843,67.33978036673419,1.3721253587045172,516.0792737778179,28.670381511239086,0.022450550104618817,2.33443783382638,3.2059943855222204,3.2658230203120313,0.0,2.9246936523335227,2.924676693243204
641D,mean,4.774193548387097,26.838709677419356,25.35483870967742,50.45161290322581,31.612903225806452,75.80645161290323,140.80483870967743,385.02451612903235,4.5048387096774185,1910.1119354838709,106.11774193548388,0.12834516129032258,3.2903225806451615,25.838709677419356,29.483870967741936,6.0854838709677415,57.81290322580645,58.22483870967743
641D,var,1.2626055348890919,9.363955513093632,10.15857618641883,20.133167482599802,10.12081030593397,30.288312826246393,60.66625303438519,185.00165990255698,1.5166024655464467,1369.6680591000268,76.09268252342548,0.061671150983937884,3.428472324022303,11.725617871314922,11.746985797990451,9.247578179459946,10.883408856855166,11.058745735030259
643B,mean,7.258064516129032,22.64516129032258,25.612903225806452,45.58064516129032,29.903225806451612,71.19354838709677,127.29225806451613,361.2693548387097,7.305806451612903,3224.8154838709675,179.15612903225804,0.12042903225806452,7.838709677419355,28.806451612903224,28.967741935483872,6.255806451612903,60.15483870967741,60.449999999999996
643B,var,1.163081056601287,14.081670509169859,16.891833146676262,33.517231190546475,14.861413206603151,50.26665627003887,99.10411135997099,316.3628849804163,3.63892289469106,3880.7937149853674,215.5997448929818,0.10545049960434237,9.270476113303227,10.412211673082624,10.384491759094088,6.760957545368922,12.162914249410028,12.04051868993112
645B,mean,4.125,8.0,6.8125,13.625,12.125,20.4375,33.944375,78.48031250000001,3.4293750000000003,357.3609375,19.853125,0.026168749999999998,2.0625,8.15625,8.15625,2.3659375000000002,70.00531249999999,70.01375
645B,var,1.0231690964840563,4.168333000133266,4.673311860982531,9.346623721965061,5.054391654788932,14.019935582947591,23.404804786824755,69.03776744853025,1.4171316485686853,504.2544651720955,28.015689626250055,0.02300776278644884,1.0588171466310885,3.692131625159103,3.692131625159103,9.17891430786309,8.149336239985669,8.157271200438293
653A,mean,4.21875,9.09375,6.28125,12.6875,13.3125,18.96875,38.436562499999994,72.2340625,2.9303125000000003,232.3646875,12.908125,0.024065625,1.25,8.875,8.875,0.0,66.0234375,66.43968749999999
653A,var,0.9264979425233496,2.6617589931284162,2.0346126013322534,4.282504378281475,3.4949740700039538,6.312113230725507,15.178183687733974,30.878302643135903,0.7439148320498457,139.73235206065326,7.760080717001273,0.010281129843522793,1.7677669529663689,0.4841229182759271,0.4841229182759271,0.0,1.677855046955412,1.5992957129135774
65B,mean,8.1875,23.25,16.625,30.9375,31.4375,47.5625,132.8175,241.6125,5.4399999999999995,1502.45,83.4690625,0.08053437499999999,10.71875,32.34375,33.5,0.0,49.1840625,49.28875
65B,var,2.1130176880471208,8.0156097709407,6.859072459159474,12.883947133933763,9.717694878416383,19.71347492833265,55.370652594582985,118.60401495101252,1.9047883740720384,1202.74589114347,66.81940237308393,0.03952728179193928,4.855630591128201,7.683624531267779,7.905694150420948,0.0,3.9557441298817286,3.9439572053332426
662D,mean,4.21875,7.84375,5.28125,9.5,12.0625,14.78125,33.321875000000006,55.029375,2.5596875,172.19718749999998,9.56625,0.01833125,4.8125,17.8125,18.75,0.6328125,62.3671875,62.635625000000005
662D,var,1.3859648038460428,2.785109681412924,2.4904112988620977,4.264680527307995,4.099828502510806,6.720929878930445,16.273244228929123,32.15856796188809,1.0515568350516058,207.8986223534558,11.550005073050835,0.01071352642398851,1.4238482187368147,4.805189252256357,5.2855936279664935,1.7379518016457618,8.479305777293549,8.389291886647824
663B,mean,3.5,6.96875,4.8125,8.90625,10.46875,13.71875,27.615312499999998,49.591875,2.1921875,153.7,8.5384375,0.01653125,4.75,17.375,18.15625,0.2603125,62.41875,62.7040625
663B,var,1.4142135623730951,3.4774665257195503,3.0967472854593736,6.053714639582873,4.821724114619168,9.128370524770563,19.425310805810643,41.42492519889897,1.1556484499378477,221.172748971251,12.287755620274751,0.013806665905912983,1.9685019685029528,4.929186038282588,5.408958858921003,1.4493586606991904,8.30544879506821,8.238944053766462
664B,mean,8.6875,34.09375,31.0,58.3125,42.78125,89.3125,203.4790625,492.0234375,7.4621875,3924.0334375,218.00125,0.1640125,13.5625,40.6875,41.8125,1.3540625,47.155625,47.364999999999995
664B,var,1.8614090764794289,11.07180928924898,12.549900398011133,23.59745417942368,11.658511844892555,36.115645415110606,75.8829072222203,234.2278780590786,2.3758902731068514,2528.22948902934,140.45714105533224,0.07807756459924964,6.1182999068368655,10.168694299171355,10.35747767315962,3.18969812381889,6.933039979646375,6.7608824313102796
671A,mean,8.066666666666666,41.0,31.166666666666668,59.833333333333336,49.06666666666667,91.0,250.35966666666667,535.6586666666667,5.616666666666666,4173.426,231.85800000000003,0.17855666666666667,8.6,59.1,60.36666666666667,0.17300000000000001,43.492333333333335,43.63066666666667
671A,var,2.2201101073795617,21.01586702153082,26.723377198417285,50.68535839426959,22.458752315201206,77.38087619043868,162.80176122068076,565.025232243265,2.404999422499353,7887.207105192814,438.1781225970401,0.18833348380524964,3.9883162696389394,50.86606596412452,50.784829318300254,0.9316335116342692,6.095310592760817,6.158549576717628
671B,mean,5.03125,11.84375,11.65625,19.5625,16.875,31.21875,55.5509375,129.87031249999998,4.1990625,640.5,35.582499999999996,0.043303125,4.0,23.625,24.5625,0.694375,56.006249999999994,56.087500000000006
671B,var,1.7044862679118304,4.770412554224215,3.9734224463930334,8.242183797392533,6.288630614052633,12.144274306746368,31.709299637426458,70.01617676849646,1.5770727618260834,706.2342812454306,39.23548832052431,0.023331757922076406,1.8200274723201295,10.264471491508951,10.467024111465493,3.8661163794400966,5.676916388982667,5.704918382413546
675C,mean,2.75,6.3125,4.5625,9.0,9.0625,13.5625,21.345625,44.846562500000005,2.0006250000000003,117.39375,6.521562500000001,0.014946874999999998,3.40625,14.09375,14.8125,0.0,63.0165625,63.0371875
675C,var,0.82915619758885,2.037730048362638,2.499218627891526,4.75,2.5973243443975185,7.245418811221336,10.88391529319183,31.656544703403654,1.1754518745465508,155.9864878312782,8.666379401664443,0.010553671883964132,0.9307045382397144,2.0518189338974335,2.3377005261581303,0.0,2.842184029684522,2.8538693408850633
675E,mean,6.304347826086956,15.608695652173912,13.869565217391305,25.434782608695652,21.91304347826087,39.30434782608695,80.30826086956522,178.3321739130435,5.148260869565218,998.5991304347828,55.47826086956522,0.0594391304347826,4.478260869565218,19.217391304347824,20.08695652173913,0.4830434782608695,56.55391304347826,56.69434782608695
675E,var,1.626807559466931,5.53046212735925,5.252778542796158,9.761619996329555,6.378721716554194,14.982409345364333,33.64550343393975,83.36365259233169,1.6746749254288469,824.0928442148982,45.783047617533484,0.027786965025544137,2.651817509909027,5.4927345034273936,5.531829192545712,2.265674743114709,4.921709440684762,4.963113351504938
676A,mean,2.53125,12.9375,10.625,21.25,15.46875,31.875,53.40625,132.5234375,1.9762499999999998,317.15875000000005,17.6190625,0.044181250000000005,2.71875,14.96875,14.75,2.1975,63.974062499999995,64.12593749999999
676A,var,0.8654614015078893,6.10295778700787,6.599005606907756,13.198011213815512,6.642591620557447,19.797016820723268,33.53472386478678,102.68483820680926,0.7313546933602054,347.7546579014974,19.31905655036223,0.03422808091958268,3.4390621450476875,5.692562993722599,6.036348233824818,5.412964183328761,7.566671105651001,7.607513497923861
679B,mean,9.3125,21.15625,19.15625,38.0,30.46875,57.15625,124.824375,285.55843749999997,8.41375,2540.7593749999996,141.153125,0.095178125,5.0625,27.1875,27.1875,0.0,51.274375,51.2659375
679B,var,1.4670868242881878,7.111211987945515,6.671344387565373,13.46523300949523,8.089284482418702,20.13254419931818,48.24519457530848,125.93187647765593,1.851341996363719,1657.0386958082358,92.057770497576,0.04198193610333348,2.105610065990377,5.955236666161976,5.955236666161976,0.0,2.7406157354461427,2.762968127049921
687A,mean,7.375,22.416666666666668,20.166666666666668,36.791666666666664,29.791666666666668,56.958333333333336,123.86708333333335,281.5175,6.086666666666667,1775.6200000000001,98.64583333333333,0.09383333333333332,9.208333333333334,43.166666666666664,43.708333333333336,2.0970833333333334,49.48916666666667,49.56875
687A,var,1.4947825928876748,7.527265255205387,5.82141639885766,10.140591561749355,8.83637919185354,15.899368872868996,50.594137463343735,100.5514819321426,0.8033298755112304,825.2169416129312,45.84513732090048,0.033519306211329744,5.634559777736757,14.820218921759858,15.404217946898687,6.166630278608858,9.736292465421435,9.730670717076325
688A,mean,2.09375,4.1875,2.09375,4.1875,6.28125,6.28125,10.961875000000001,16.730625,1.046875,18.0675,1.0025,0.0056031250000000005,2.75,13.34375,13.46875,0.480625,67.04125,67.2078125
688A,var,0.2914805954090255,0.582961190818051,0.2914805954090255,0.582961190818051,0.8744417862270764,0.8744417862270764,2.9905909088966016,3.795077352225512,0.14574029770451274,7.951590642758214,0.44305050502171867,0.0012533665602588095,0.9013878188659973,1.2401959270615268,1.5808299837427173,2.6760067468851796,4.038507420755842,4.055206325187875
688B,mean,3.838709677419355,7.709677419354839,5.709677419354839,10.290322580645162,11.548387096774194,16.0,31.823548387096775,59.318387096774195,2.588064516129032,200.58322580645165,11.143548387096773,0.019770967741935482,0.7096774193548387,6.451612903225806,7.516129032258065,4.320322580645161,71.26967741935484,71.3616129032258
688B,var,1.5470424268750709,3.5848565759504627,2.7614109108429283,5.56598858498648,5.008629389991349,8.324080885037409,20.70411920186604,39.79893790905563,1.3180812529529644,208.44444440305287,11.58100685031373,0.013261931780375984,0.8109551670952602,2.045273223760949,2.0299526093615836,16.490343309846136,8.335579196498767,8.319607658543255
68B,mean,6.225806451612903,18.419354838709676,13.709677419354838,27.419354838709676,24.64516129032258,41.12903225806452,93.95258064516128,190.25322580645164,4.636129032258064,886.0900000000003,49.227419354838716,0.06341935483870968,4.129032258064516,24.580645161290324,25.161290322580644,0.0,53.08741935483871,53.05741935483871
68B,var,0.5512260480850019,1.362497553673734,1.0834100402417204,2.1668200804834408,1.617413049899571,3.250230120725161,8.705935671765312,18.380984281114,0.4696441852828918,149.0974596395517,8.282373420059184,0.006130011806273886,1.408314835673747,4.01428251371225,4.088510843291576,0.0,1.5857530372379116,1.6086619720346944
698B,mean,7.9375,24.5625,24.8125,47.625,32.5,72.4375,138.3890625,366.30218749999995,7.719374999999999,3009.9134375000003,167.2175,0.122096875,12.71875,40.9375,41.59375,6.2971875,54.0121875,54.01625
698B,var,1.3678792892649556,5.968340954570206,7.4558596922152445,15.076368097124718,6.694213919497942,22.491578284993697,39.2253429206947,129.58778346487696,2.0752393499003916,1881.3971371207913,104.52291725382526,0.04319587280903553,4.396265282885008,10.571002495033287,10.550057390246748,8.799773517815316,10.728951700415273,10.732522056231705
699A,mean,6.483870967741935,14.741935483870968,9.774193548387096,18.451612903225808,21.225806451612904,28.225806451612904,74.84806451612903,124.5758064516129,4.0609677419354835,514.9512903225808,28.60741935483871,0.04152903225806452,5.290322580645161,13.774193548387096,14.516129032258064,0.0,59.39354838709677,59.38903225806452
699A,var,0.8374680635965915,1.1350072313393023,1.0067410667307892,1.8110540448539612,1.8787380359433599,2.813672579013745,9.213120174548706,16.231118414785747,0.6149920263774192,155.2789488617997,8.625736422134723,0.005406101305149587,0.5201456611805516,1.826501634437686,2.077078713807129,0.0,1.3526903858299406,1.3638000866618145
703A,mean,2.03125,5.0625,6.03125,12.0625,7.09375,18.09375,13.9475,51.1309375,2.41875,124.03,6.8928125,0.017003125,0.375,15.0625,15.0625,0.0,61.544375,62.311875
703A,var,0.17399263633843817,0.34798527267687634,0.17399263633843817,0.34798527267687634,0.5219779090153146,0.5219779090153146,1.8791204724551325,3.345878396788167,0.10439558180306294,15.31135199778256,0.8508239916949628,0.0011309521361998484,1.4523687548277813,0.8267972847076845,0.8267972847076845,0.0,0.6392717414175282,0.7936838062950511
710A,mean,6.78125,16.5625,14.8125,25.21875,23.34375,40.03125,86.045,182.10593749999998,5.1696875,955.4634375,53.08125,0.060721875,5.03125,11.71875,11.71875,0.0,60.2265625,60.390625
710A,var,0.9596345332990055,1.7842628029525247,1.5090870584562046,2.689497803958947,2.5691605511333853,3.852632014285818,12.906051148589176,22.576915181687106,0.7570521959176593,228.46546261975482,12.693458637719665,0.007526982063508256,2.7441343694323717,2.2532528569825447,2.2532528569825447,0.0,1.929864971596135,2.1687956587412747
710B,mean,2.25,4.1875,2.375,4.75,6.4375,7.125,11.656875000000001,19.869374999999998,1.333125,37.1665625,2.0640625000000004,0.006640625000000001,0.59375,6.3125,6.6875,0.0,73.97562500000001,74.0590625
710B,var,0.7905694150420949,1.0135796712641785,1.0825317547305484,2.165063509461097,1.7488835724541527,3.247595264191645,5.504826539898874,12.06312716957651,0.9152644341254608,54.23601776088094,3.0146484655915935,0.004002254003605344,0.7008644216251814,2.2836032383056386,2.6743866119168334,0.0,4.680446651696292,4.704434981599148
712C,mean,1.84375,3.8125,2.09375,4.1875,5.65625,6.28125,9.8903125,17.2875,1.0040625,28.040625,1.5565625,0.005784375,1.03125,4.25,4.25,9.375,82.424375,82.4325
712C,var,0.8332682266233364,1.9595519258238603,1.486593736533287,2.973187473066574,2.7569160193049043,4.4597812095998615,9.241915549676039,18.074442937473897,0.6231766371533436,54.79465518743023,3.044619854529256,0.0060249538055801724,0.3045873232752801,0.9682458365518543,0.9682458365518543,19.515618744994995,8.80564624882098,8.802283794561498
714C,mean,7.7727272727272725,27.818181818181817,18.954545454545453,36.45454545454545,35.59090909090909,55.40909090909091,158.00954545454545,287.6354545454546,5.116818181818181,1565.519090909091,86.97318181818183,0.09588181818181818,11.181818181818182,35.90909090909091,38.09090909090909,0.0,46.94772727272727,47.13727272727272
714C,var,1.7037877103628467,7.081578943327435,4.695038703754428,9.56189061149079,8.46199573982559,14.240336726448731,50.6557356958153,90.77462464443929,1.3628258955154922,831.9147309283189,46.21769666838211,0.030258982683789144,4.923379877836728,7.372609571978327,7.525164395118137,0.0,2.823516395332377,2.9579448974801625
715B,mean,8.65625,32.8125,24.9375,49.25,41.46875,74.1875,194.41125,402.906875,6.5415624999999995,2756.2768750000005,153.12656249999998,0.13429375,21.25,68.96875,69.09375,0.5509375,40.423437500000006,40.4278125
715B,var,1.3831434985206705,10.063664528888072,7.809999599871949,15.384651442265437,10.819497374531776,23.18059196288999,70.66295793014541,155.6003086524393,1.3638184203161907,1552.7952899759468,86.26682113540868,0.05187045725591302,5.612486080160912,15.466666526355962,15.591182153303835,2.0338684805300833,5.998989815676782,6.061290979638229
716A,mean,4.068965517241379,7.862068965517241,4.275862068965517,8.206896551724139,11.931034482758621,12.482758620689655,31.751379310344827,44.802068965517236,2.127586206896552,98.76620689655172,5.487241379310345,0.014920689655172415,3.1379310344827585,16.82758620689655,17.620689655172413,0.0,61.00448275862068,61.108275862068965
716A,var,0.5206782369152241,0.8992003317520892,0.7832977028690031,1.3488004976281343,1.3628326100254833,2.1110659124157194,5.50436361327612,9.205684667755046,0.40135679519740236,39.61420873737387,2.2004370985089867,0.00307877934951442,0.9728783434252334,3.434801259293503,3.6710779503409063,0.0,2.21967469845113,2.2732129304903226
717B,mean,5.516129032258065,15.741935483870968,12.096774193548388,24.129032258064516,21.258064516129032,36.225806451612904,77.6825806451613,163.0841935483871,4.254838709677419,771.4287096774193,42.85741935483871,0.054361290322580656,3.096774193548387,17.70967741935484,17.70967741935484,3.8648387096774193,62.009032258064515,62.11903225806453
717B,var,1.3882215994419362,5.236150654178796,4.8216904993572625,9.546970252334477,6.190355359727634,14.367772353922925,32.300388988743485,79.3567509079865,1.4309975563373603,565.7533976220697,31.43108261944843,0.026447021631438524,1.3761760650130026,3.887063311326985,3.887063311326985,9.948211338977131,8.23735408303431,8.23917759552325
722B,mean,4.1875,7.59375,4.375,7.84375,11.78125,12.21875,31.050624999999997,43.756874999999994,2.1596875,99.9403125,5.5528125,0.014603125,7.84375,25.0625,25.78125,0.0,56.8646875,56.829062500000006
722B,var,0.582961190818051,1.221151480161245,0.8569568250501305,1.8046705897476139,1.7630650689920664,2.65441112819774,7.442936642171221,12.563558024475988,0.4529796102958168,64.72820349760484,3.5947941825428265,0.004189084355127622,1.2018052826893382,2.714975828621684,3.038650759383184,0.0,1.7684332479185498,1.8472840864614601
723A,mean,1.5625,5.03125,4.0625,7.875,6.59375,11.9375,15.829687499999999,42.4853125,1.1062500000000002,115.226875,6.3996875,0.014165625,1.25,5.3125,5.15625,11.815625,82.0746875,82.0828125
723A,var,0.8267972847076845,4.996776304528751,5.573023752865225,10.52600945277934,5.732905976684076,16.09529725572038,23.803561509306622,70.85134309702494,1.0643858264276165,256.56727312779856,14.254262626573981,0.023603741882578175,0.7905694150420949,0.9164298936634487,0.7119241093684073,21.41819173294924,11.134476016065767,11.126249995611449
725A,mean,6.612903225806452,21.419354838709676,23.29032258064516,45.225806451612904,28.032258064516128,68.51612903225806,113.28516129032259,330.8516129032258,7.009032258064516,2376.0029032258067,132.00064516129035,0.11029354838709678,9.870967741935484,23.64516129032258,23.741935483870968,3.3941935483870966,56.29064516129032,56.29516129032258
725A,var,0.8679757449724976,3.8165530263736342,4.408156284823123,8.578704607149762,4.343952941643034,12.956181655106755,24.587018325434986,76.29494436794761,1.203876413222826,868.4929989993736,48.24932424300208,0.025436827955568814,2.3927570207293805,4.269534892677642,4.2575757295216565,6.2458377232974,8.68372186278548,8.681384931497057
729E,mean,6.5,21.166666666666668,21.466666666666665,40.96666666666667,27.666666666666668,62.43333333333333,111.74600000000001,302.0113333333333,6.277,2057.3656666666666,114.29866666666666,0.10067,8.9,33.833333333333336,34.8,7.266333333333333,57.803999999999995,57.84466666666666
729E,var,1.4317821063276353,4.705198071164369,6.5865182169506085,12.070579476101754,5.740692950816613,18.616629364331473,31.78058805833104,106.54744357118831,1.925613581865964,1388.5083171871493,77.14001900152448,0.03552213535248128,4.150100400391939,6.971768466863739,6.958927120373273,8.738797203022598,11.110923633973911,11.094577274005932
730I,mean,4.125,15.40625,12.5,22.65625,19.53125,35.15625,71.563125,155.7521875,3.10875,618.5862500000001,34.3665625,0.05191875,5.5625,33.71875,37.0625,1.4525000000000001,53.433125,53.963750000000005
730I,var,1.709349291397168,6.45106277581454,6.368869601428498,11.28497168527684,7.88980503165319,17.610560352740055,41.10246764470931,98.11237532589782,1.6235989152189036,691.5927426453284,38.422387566477354,0.03269918230533449,4.853719578838481,39.18963062389719,39.226854242342704,5.2955376261527976,7.551431750626831,7.988283901283178
733A,mean,4.5,10.0,7.28125,12.75,14.5,20.03125,43.395625,78.208125,2.92875,260.5990625,14.478124999999999,0.026059375000000003,4.96875,10.53125,10.5625,1.1996875,66.20531249999999,66.20531249999999
733A,var,1.0897247358851685,1.8540496217739157,2.2532528569825447,3.856812155135378,2.704163456597992,6.090383685573513,12.27069831384404,29.534824724118053,1.2107713192424074,217.52682779026614,12.084588955954398,0.009849329272055788,0.9180269263480239,3.596737888351054,3.5701671879619306,4.5722877782729014,5.4855776726197,5.4855776726197
740B,mean,4.142857142857143,12.892857142857142,9.678571428571429,19.321428571428573,17.035714285714285,29.0,57.75,123.40357142857144,3.0585714285714287,477.84678571428566,26.54714285714286,0.04112857142857144,5.821428571428571,19.535714285714285,20.0,0.5492857142857143,57.92071428571428,58.075357142857136
740B,var,1.2737538928662149,5.266737169079473,5.2102479474080114,10.37873365324007,6.344188245141841,15.588457268119896,32.13611341955162,82.60608971906048,1.3578915228231974,545.0552060640514,30.28080672839561,0.027529774234231474,1.753640528170131,6.143999063297122,6.464187055285009,2.854172295043857,5.940830226114041,5.99694772491024
740D,mean,7.0344827586206895,23.551724137931036,19.586206896551722,38.03448275862069,30.586206896551722,57.62068965517241,130.65758620689658,292.0441379310345,5.622413793103448,1892.5051724137932,105.13931034482756,0.09734137931034484,5.689655172413793,36.44827586206897,37.62068965517241,0.9879310344827585,49.956551724137924,49.943448275862075
740D,var,2.0423576406842545,10.440591233412524,9.56111824861979,18.263365929567556,12.095930468063559,27.81269096715959,72.01914264948387,177.3667096143728,1.7048200535488092,1789.4821845778522,99.41616911892652,0.05912656510863606,3.312499298902849,8.755633484620263,8.880097052527454,3.894318920852877,6.452293511432149,6.475854504053456
742B,mean,3.206896551724138,7.758620689655173,4.413793103448276,8.793103448275861,10.96551724137931,13.206896551724139,29.320344827586204,46.96448275862069,1.873793103448276,115.91620689655174,6.4399999999999995,0.015644827586206896,1.8275862068965518,14.517241379310345,15.068965517241379,0.0,62.9448275862069,63.094482758620686
742B,var,1.5620347107456722,2.5684447516601483,1.8292120289482545,3.632984052707841,3.986898878012313,5.460701674913389,17.176070058069588,27.49656449840998,1.1546261188952882,142.37917552628053,7.909699850445524,0.00915677951996061,1.3408429031188678,4.288080429437191,4.517636202803398,0.0,3.444968966067768,3.459228124194756
742C,mean,6.34375,12.5625,9.875,17.78125,18.90625,27.65625,64.0071875,118.924375,4.540625,583.5853125,32.4203125,0.039637500000000006,5.5625,26.375,26.6875,0.0,54.1709375,54.18375
742C,var,1.4918397827850014,4.1453098496976075,3.208874413248359,5.6443244447409295,5.444948203380818,8.816211541104263,26.5803823611483,47.22309650329354,1.2200049628485123,333.5801948649715,18.532603109853287,0.015742413847628322,1.9515618744994994,6.771955035290769,7.019782315000943,0.0,3.630167316542552,3.6131035395487907
743C,mean,4.1875,6.375,7.1875,11.9375,10.5625,19.125,26.395312500000003,66.1659375,4.0465625,281.183125,15.6196875,0.022084374999999996,1.96875,11.71875,11.71875,0.0,64.0809375,64.19437500000001
743C,var,0.7261843774138906,2.5093574874855915,2.4550649176752946,4.329675940529499,3.0815732589052627,6.767338841819582,13.533006175729906,32.73216975119575,1.0149864819758685,236.7045222085636,13.149865371072957,0.010918307714997548,0.7281987623581903,2.4268597894192405,2.4268597894192405,0.0,3.391448215157317,3.373567230599533
745B,mean,9.0,40.6875,33.625,63.21875,49.6875,96.84375,253.54500000000002,564.0165625,6.9515625,4732.733437499999,262.9290625,0.1880125,14.375,38.875,38.96875,1.9646875000000001,47.9371875,48.066875
745B,var,2.7613402542968153,20.019424161298947,20.16145766059587,36.8194364220516,22.153495068498785,56.90897851778311,148.8970942883037,397.92806111476807,2.6650153721120917,5073.34523923171,281.8522038826308,0.13264226737262147,13.028214574530157,14.596125342021423,14.563405283020177,5.782406497501171,7.799126647570468,7.79162227872829
747C,mean,6.0,14.32258064516129,11.096774193548388,21.161290322580644,20.322580645161292,32.25806451612903,71.25419354838711,142.16,4.397096774193549,679.8641935483869,37.769999999999996,0.04739032258064517,7.935483870967742,26.967741935483872,27.70967741935484,4.892903225806452,58.141290322580645,58.30645161290322
747C,var,0.915810939779251,3.6842042671662543,3.666367092734832,7.335713674160216,4.4022508668985765,11.001371591718165,23.03705273126717,60.83954046400225,1.0138498761058843,555.9760364165985,30.88720541040442,0.020274461209001254,2.340877749229256,6.408078927908577,6.1549536744521,10.26383289832937,10.497815054367875,10.493121110268168
74B,mean,8.0625,20.5625,28.65625,54.0,28.625,82.65625,115.54124999999999,402.0190625,10.834375000000001,4466.553750000001,248.14156249999996,0.134003125,14.78125,37.40625,37.78125,13.005312499999999,62.6296875,62.721875
74B,var,1.5799030824705673,6.580926511517964,7.152837614366763,13.45826883369477,7.452977592881921,20.584595841004507,44.0182755902307,128.37205494088693,2.6037064176621376,2157.7148661065457,119.87366084000102,0.04278131517069543,4.218518512167512,8.146545951352634,8.184338607211947,9.603770738743389,8.750881557154328,8.767173303544023
753A,mean,4.8125,6.65625,7.65625,14.5,11.46875,22.15625,29.4446875,78.52375,5.2465625,419.2059375,23.290625,0.026184375,2.34375,14.53125,14.53125,0.0,61.165625,61.254374999999996
753A,var,0.6343057228182637,1.6318964236433635,1.7959916306876265,3.6314597615834874,1.9523123309296595,5.420501447052661,8.268628583528454,24.125645684364596,0.7406019906763348,166.6815560593646,9.259750245518234,0.008044528784172196,1.2401959270615268,1.6952944987523555,1.6952944987523555,0.0,1.367406161085652,1.4304477828201214
756A,mean,6.925925925925926,20.185185185185187,18.555555555555557,36.2962962962963,27.11111111111111,54.851851851851855,108.88037037037037,266.54962962962964,6.2159259259259265,1886.923703703704,104.82888888888887,0.08885185185185186,6.925925925925926,35.7037037037037,37.25925925925926,0.5307407407407407,50.434814814814814,50.44481481481481
756A,var,1.8038215795386547,6.997550031774543,7.987644780271745,15.834362106495352,8.207193472275284,23.80585627250028,46.09385638194229,135.52077313723782,2.3183842701637407,1474.6086899723052,81.92329950916977,0.045181193812784785,3.5996494266126846,18.93813478792307,19.17867757498877,1.591949482554914,5.202201364785923,5.203564569116607
758C,mean,10.516129032258064,57.38709677419355,67.93548387096774,135.6451612903226,67.90322580645162,203.58064516129033,381.518064516129,1275.5264516129032,12.388064516129033,16239.408387096773,902.1890322580646,0.4251677419354839,14.741935483870968,32.45161290322581,32.38709677419355,0.8258064516129032,46.317419354838705,46.37806451612904
758C,var,1.499913282266151,32.90325743198986,39.54575584574191,79.28289421619625,33.198673543954186,118.8259160918511,262.7884860051883,937.3355816959129,2.1637533389845296,12313.62494567707,684.0911431180876,0.3124337910632058,7.733328549043456,12.323171747349472,12.382811758851497,2.256236910166369,6.4488473427386985,6.423994044183776
761C,mean,5.483870967741935,21.967741935483872,13.741935483870968,27.451612903225808,27.451612903225808,41.193548387096776,116.11870967741937,205.09451612903223,3.4616129032258067,817.1012903225807,45.39451612903226,0.06835806451612904,6.903225806451613,29.322580645161292,29.838709677419356,0.48645161290322575,52.76903225806452,52.88161290322579
761C,var,1.6038455347943292,11.778832493127007,7.699885805334551,14.711940969021136,12.856123706365846,22.385795258253236,75.2825564228585,134.9483844418878,1.2730331997145408,660.845299108024,36.71508135575104,0.04499645702320349,5.330102212356977,7.912371272047474,8.382380808128858,2.001996662024056,7.383572155342762,7.388771383649212
762C,mean,5.96875,14.6875,18.6875,36.25,20.65625,54.9375,74.1959375,249.5271875,7.099687499999999,2248.9815625,124.9425,0.0831625,8.5625,23.0625,23.09375,0.27375,54.405,54.417500000000004
762C,var,1.6485670861387474,5.381899641390575,10.159470643197903,20.496950992769634,6.706383968838945,30.620599173595544,33.17450130176931,150.03158134694456,3.4719802386165375,1721.4269794274412,95.63431046177935,0.05001245313669387,2.6450129961873534,5.744222641054227,5.789858455739656,1.0644768374652405,6.483070260301055,6.492374854396502
763C,mean,6.875,16.90625,12.96875,22.4375,23.78125,35.40625,89.5975,165.61374999999998,4.5121875000000005,867.051875,48.1703125,0.055190625,6.78125,25.28125,25.71875,0.0,53.2196875,53.339375000000004
763C,var,1.4737282653189494,6.04855031701812,6.018120423977905,10.982763484205604,7.2832615247222865,16.992386852278877,41.638403622737506,104.67049810446828,1.304604188956846,1076.37536021489,59.79901083443892,0.034897460145537455,2.368205742223424,5.71311197487849,5.99601104381071,0.0,3.3316910912243576,3.37226735437376
766C,mean,8.1875,28.8125,23.5,45.8125,37.0,69.3125,165.78375,364.254375,6.485625000000001,2494.3812500000004,138.57687500000003,0.121421875,7.53125,29.59375,29.9375,4.18375,55.70375,55.7671875
766C,var,1.589762167747113,6.6353103732982985,6.98659430624106,13.139723884085235,7.57050196486336,20.112865130309007,46.930053986624614,128.13176674661665,1.5091718289760778,1428.3730547106516,79.35322860624119,0.042704886535200805,2.657352712287174,7.136435450384176,7.369436460815711,6.847892353673501,9.913387964641553,9.854733708469436
776A,mean,0.375,0.8125,0.5,0.90625,1.1875,1.40625,2.7128125,4.5628125,0.2059375,9.544687500000002,0.53,0.001525,0.21875,9.8125,10.09375,0.0,94.6065625,94.67375
776A,var,1.0231690964840563,2.310810193417019,1.4361406616345072,2.6734735714983233,3.3113205447374012,4.106849271339283,9.344891396631839,15.281700705904552,0.5834962477117998,41.50139500549763,2.305567988587628,0.005101286602417081,0.6952686081652184,2.171369095755026,2.213020772044402,0.0,12.619429615025942,12.470435224461895
777A,mean,2.0,6.03125,5.0,10.0,8.03125,15.0,17.6840625,45.23625,1.6515625,79.1853125,4.4009374999999995,0.015078125000000001,3.71875,14.4375,14.5,0.0,62.7771875,62.945
777A,var,0.0,0.63661089960823,1.3228756555322954,2.6457513110645907,0.63661089960823,3.968626966596886,2.5908539366575165,12.795716995834974,0.40141242331765215,39.44931803786149,2.190850804161194,0.004263415178512996,2.2532528569825447,3.1318674540918874,3.020761493398643,0.0,2.9818432160064594,3.0005239125859338
777E,mean,6.375,17.59375,14.34375,26.65625,23.96875,41.0,90.7965625,190.219375,4.7759374999999995,991.0728125,55.058749999999996,0.06340000000000001,5.0,26.3125,27.0,1.0165625,54.230000000000004,54.487812500000004
777E,var,1.4086784586980805,4.3793505154874275,4.504229782937367,8.58636045932734,5.514097699306751,13.033610397737075,29.68755174831016,73.42474340002404,1.2655331370982548,644.5577611977183,35.80839616538976,0.02447423390016529,3.132491021535417,6.043785547982324,5.963430220938282,3.4139242534938807,5.561069478976143,5.54964792485467
779B,mean,3.625,8.0625,5.34375,10.21875,11.6875,15.5625,33.531875,59.893437500000005,2.2840625,206.529375,11.4746875,0.0199625,3.59375,12.0625,13.03125,0.18375,64.6496875,64.6496875
779B,var,1.653594569415369,4.980822597724195,4.150371783045466,7.7771073309746725,6.482849971270352,11.916211384076735,29.290900830878776,62.17833553625084,1.276932015063351,407.6059134517792,22.644667140462538,0.02072339785725304,1.2956507776017425,2.461421083439402,2.7554987638356874,1.0230767016700166,4.451696645925433,4.451696645925433
77A,mean,10.34375,42.21875,26.84375,52.15625,52.5625,79.0,276.180625,482.11750000000006,6.0981250000000005,3098.01875,172.1125,0.16070625,13.1875,52.1875,52.40625,0.0,43.165625000000006,43.79875
77A,var,1.018865024181319,34.948832576174844,26.09131725186561,51.37673924975679,34.82540155906318,77.46007035886296,275.0900759403352,604.2175780244646,0.8164536020956733,4179.891541061315,232.21645660622335,0.20140562451415675,7.112653776896496,31.967207318594472,32.17322195456184,0.0,6.619987225015998,5.307800126935829
780C,mean,6.52,16.68,13.52,25.88,23.2,39.4,86.21799999999999,180.27399999999997,5.0796,964.7156000000001,53.59440000000001,0.06008800000000001,4.48,36.48,37.08,0.0,49.705600000000004,49.813599999999994
780C,var,1.499866660740214,3.9060977970347848,3.52272621700864,6.724998141263685,4.604345773288535,10.225458424931373,24.751016140756725,55.72285218830781,1.5195959462962516,532.5190534212273,29.584216613593135,0.018576099052276827,3.7854458125827137,9.646222058401932,9.499136802888987,0.0,2.903712217145493,2.909274658742279
789C,mean,3.0344827586206895,8.413793103448276,7.0344827586206895,12.89655172413793,11.448275862068966,19.93103448275862,33.18586206896552,76.23620689655172,2.3848275862068964,280.2610344827586,15.57,0.025406896551724137,3.1379310344827585,19.0,19.620689655172413,0.0,60.11551724137931,60.199655172413784
789C,var,1.3767217088053194,5.6782539896509485,5.690177614467363,10.755415083883792,6.72917583156927,16.395817453372924,33.47963750856799,85.51395382863238,1.6331450949955324,468.904519413618,26.050834522340065,0.028495407143952923,2.4029312262323232,9.854108192823036,9.994528824358227,0.0,5.076241880467584,5.055325278772611
78A,mean,2.0625,4.375,2.1875,4.4375,6.4375,6.625,11.748125,18.24125,1.040625,20.64625,1.145625,0.00610625,3.75,9.09375,9.09375,0.0,69.7215625,70.0209375
78A,var,0.24206145913796356,1.4523687548277813,0.7261843774138906,1.6944302139657448,1.6944302139657448,2.4206145913796355,6.77045901208884,10.578085764329007,0.1573399484396763,19.892610711957843,1.1062208682604935,0.0035098911575004712,1.2747548783981961,0.8046495743489833,0.8046495743489833,0.0,1.4978904110761078,1.5916390124942745
790A,mean,5.5625,19.6875,17.125,33.8125,25.25,50.9375,100.335625,242.3584375,4.787812499999999,1274.9381250000001,70.8296875,0.080778125,5.40625,21.25,21.84375,1.540625,56.241875,56.54875
790A,var,1.248436522214886,6.894007814762034,7.261843774138907,14.331864629209976,7.520804478245662,21.585494985058833,42.35150830678141,124.00643433682622,1.5393865141165002,995.8500712439018,55.325663771683246,0.04133271052065634,5.1287143552258785,9.946733132038881,10.050215715968488,5.626485880136464,7.708624000713422,7.93419094410388
791C,mean,5.5625,17.1875,15.21875,29.875,22.75,45.09375,86.41749999999999,209.4378125,4.878125000000001,1257.764375,69.87625,0.06981562499999999,5.96875,20.5,21.15625,0.55875,56.416875000000005,56.530625
791C,var,1.7488835724541527,6.356283800303444,7.393977173179533,14.732510817915594,7.420411039827915,22.105371766552583,39.169936574495495,121.01884560716088,2.5388006980413014,1578.2154896451434,87.67868076640696,0.040331509931558165,3.9959696492215753,9.048480535426929,9.407807180076556,2.42642322926154,6.918119522989973,6.973675921590779
798C,mean,5.774193548387097,14.96774193548387,14.064516129032258,27.838709677419356,20.741935483870968,41.903225806451616,75.11645161290323,189.33548387096775,5.319032258064516,1159.791935483871,64.4325806451613,0.06310967741935483,8.32258064516129,33.41935483870968,34.193548387096776,0.0,50.22548387096774,50.307741935483875
798C,var,1.3127090289919874,6.507979573335421,7.015813860180985,13.861286944379389,7.487485222928964,20.871890092796715,40.21825797452848,116.77423798519916,1.7094167177983401,1056.7493350209509,58.70823423961769,0.038923608847361436,3.0415095655027535,8.315450809451768,8.573851300239959,0.0,4.209548928949957,4.175458800116129
799B,mean,4.78125,14.65625,15.6875,29.96875,19.4375,45.65625,69.950625,202.80906249999998,4.7434375,1133.0265625,62.946250000000006,0.0676,4.90625,28.40625,32.21875,0.52,52.3059375,52.7090625
799B,var,1.4083317924054686,5.866266780287102,6.8530900876903695,13.558863279696421,7.141154931101831,20.40620214389488,33.953268890629296,101.75204114535536,1.7997892400483315,754.343140025684,41.90776574439993,0.033912248893283384,3.8516179635965972,4.615594321157352,5.348681934598467,1.7896211191199103,6.578117540078906,6.787131831347742
799D,mean,8.40625,37.875,37.875,73.75,46.28125,111.625,230.300625,634.1324999999999,8.200312499999999,5297.245312499999,294.29125,0.21136875,18.65625,31.9375,33.25,0.189375,45.893437500000005,45.9225
799D,var,1.221151480161245,21.346472190973383,21.548999396723737,42.89667819307225,21.19733823944648,64.4208574531572,162.53281439715298,479.9657100447385,2.1086214163153496,3629.346335766766,201.63093733895974,0.15998106809381382,9.95492772135991,9.835959218601916,9.974968671630002,1.0543953762109353,5.436963542143147,5.424911865643533
79B,mean,5.384615384615385,15.73076923076923,13.423076923076923,26.807692307692307,21.115384615384617,40.23076923076923,77.9826923076923,182.62730769230768,4.5407692307692304,970.8738461538462,53.93692307692307,0.060876923076923065,4.961538461538462,26.653846153846153,27.076923076923077,0.11307692307692307,53.480000000000004,53.68115384615384
79B,var,1.6888075692384732,6.412473975401936,6.026691125083461,12.000061636922572,7.821700204101422,18.026279304452434,39.77888854054007,96.86222410277442,1.7124227620468992,749.0057560889888,41.6101800385463,0.03228583051542899,3.3105980081546647,7.74071308428716,7.69576845227336,0.5653846153846155,4.850207767159606,4.98416286229391
802D,mean,7.129032258064516,21.903225806451612,14.193548387096774,27.70967741935484,29.032258064516128,41.903225806451616,121.90709677419355,211.55580645161288,4.450322580645161,1129.711935483871,62.7616129032258,0.07051935483870966,7.161290322580645,25.35483870967742,26.258064516129032,1.4880645161290322,56.364838709677414,56.360967741935475
802D,var,2.2681801072576704,10.439857985406844,7.731040721323065,14.999340949795087,12.387516793954287,22.726075458010893,70.0354022547928,138.24484335653253,1.5866265366838757,1013.3048649438305,56.29435278483144,0.04608054952737714,3.3029485770761817,5.94354291591642,6.375192555905267,2.7894009292722273,6.03843916543262,6.044791602287744
802E,mean,5.857142857142857,19.607142857142858,14.0,27.357142857142858,25.464285714285715,41.357142857142854,101.99964285714286,197.7092857142857,4.125,900.7032142857144,50.03928571428572,0.06590357142857142,7.107142857142857,28.785714285714285,29.678571428571427,4.0,59.283928571428575,59.22607142857144
802E,var,1.5286381827880497,8.632742014787512,5.763183643984088,11.298591207106579,9.857854529174558,17.04660478493819,55.8162480493003,102.75487033742597,1.1991380833153216,609.9690297820373,33.8873252673549,0.03424983297292805,2.71686907137985,7.631500240343791,7.869713969337366,4.774592727582712,10.23548007782094,10.30526194970515
802F,mean,9.448275862068966,42.37931034482759,28.413793103448278,55.41379310344828,51.827586206896555,83.82758620689656,261.1803448275862,480.9441379310345,6.167241379310345,3084.0796551724143,171.33655172413793,0.16030689655172414,14.482758620689655,41.758620689655174,43.10344827586207,2.874827586206896,51.86137931034483,51.714482758620676
802F,var,1.354079580418749,8.71547887027264,7.151162149967294,14.131201089541396,9.38843369668504,21.273374917499563,62.04296628465096,141.24196701032767,1.295088591169503,1363.5759303959035,75.75464147727698,0.047078759622678976,3.539147468502124,7.66386583108116,7.849203023835832,2.712698898717119,6.694150160652586,6.666953802774055
803A,mean,8.0625,12.71875,14.03125,26.5625,20.78125,40.59375,71.8303125,180.7603125,8.4215625,1712.476875,95.13718750000001,0.060253125000000005,5.09375,20.78125,20.78125,0.0,54.828125,55.370625
803A,var,1.6381678027601445,3.4390621450476875,5.144683997827272,10.024773999946333,4.845967234464138,15.161339351703068,24.06862486780962,80.58533987660127,2.7356193418664354,1209.0499142442318,67.16956701300704,0.026852362377161064,4.8628655068282525,5.732224562724318,5.732224562724318,0.0,3.6205321065245375,3.886467658346715
805D,mean,5.3125,13.3125,7.9375,15.84375,18.625,23.78125,62.889375,100.8690625,3.1834374999999997,341.71781250000004,18.9834375,0.033606250000000004,4.28125,12.59375,12.59375,0.0,61.50375,61.50375
805D,var,1.2103072956898178,1.775484088917724,1.4563975247163805,2.916648065416875,2.8912583765550943,4.371315412721896,13.367809267392133,23.490185365298714,0.9300390091785128,169.11028492403958,9.395016501241162,0.007836371031127864,0.8379429798619952,0.8964992679863157,0.8964992679863157,0.0,1.2052975514369881,1.2052975514369881
808D,mean,5.875,19.5625,14.9375,29.5625,25.4375,44.5,102.716875,214.3859375,4.5328125,1150.3440625,63.90781249999999,0.07146562499999999,6.9375,22.09375,22.96875,2.6540625,57.205,57.234375
808D,var,2.161452058223823,10.325749064837863,7.829980443781453,15.198555646836972,11.80290615695982,23.025800746119558,70.4369036992284,144.48095657082663,1.9496397654037914,1226.2256266483428,68.12363107497899,0.04816681695793666,2.737899514226189,5.724723655994235,5.865600859033966,8.541600354798494,7.929671336190423,7.95173917199093
809B,mean,5.5625,17.71875,18.28125,36.0,23.28125,54.28125,89.85125000000001,254.6428125,5.6743749999999995,1726.719375,95.92875,0.08488124999999999,9.625,38.9375,39.0,4.0065625,54.2896875,54.7090625
809B,var,1.6571341979453564,7.8709687102351005,9.641169453831832,19.199609371026277,9.083757396446693,28.817566664059267,51.11025378715606,168.34683354303058,2.376327178520458,1627.897003857541,90.43835931692647,0.05610897007999256,7.841197293781097,11.642963271865113,11.696687565289585,6.049541619709196,10.631582809127893,10.485586046859458
810D,mean,5.925925925925926,16.85185185185185,16.59259259259259,32.74074074074074,22.77777777777778,49.333333333333336,85.78222222222222,227.64703703703708,5.713333333333333,1551.4185185185183,86.18925925925926,0.07588518518518518,9.481481481481481,35.2962962962963,35.407407407407405,2.1411111111111114,53.2962962962963,53.49
810D,var,1.803821579538655,6.168640547176854,7.870522874339461,15.147650086894894,7.704415921493207,22.981474020352746,41.56113848415087,132.29094904273785,2.1680405900259343,1517.2792130938506,84.2925076818999,0.044095709908936874,6.196596260256112,11.296721303480263,11.30145601651745,3.87884130592413,7.5831421944889135,7.728540181258899
814A,mean,5.580645161290323,11.741935483870968,8.387096774193548,16.419354838709676,17.322580645161292,24.806451612903224,57.90580645161291,107.4525806451613,3.8577419354838716,548.4254838709677,30.467741935483875,0.035803225806451615,8.193548387096774,20.70967741935484,21.419354838709676,1.2061290322580644,57.983870967741936,58.04419354838709
814A,var,1.8969277971598912,6.298836256752993,5.481213777486309,10.588411783638561,7.96924368765153,16.05518578636683,42.07212223683191,91.9982783488187,1.6941468681380785,767.8049159563265,42.65569256036491,0.030671868837442384,3.523372237655006,4.128528195039008,4.434281361919892,4.604748374911914,7.136415327409563,7.232077635802935
814D,mean,11.481481481481481,73.62962962962963,59.03703703703704,116.88888888888889,85.11111111111111,175.92592592592592,506.83703703703696,1149.0637037037036,9.102962962962962,11059.487037037037,614.4162962962963,0.3830222222222222,14.11111111111111,54.03703703703704,54.03703703703704,0.8866666666666666,41.71222222222222,41.61703703703704
814D,var,2.2172784514215946,30.945768750614832,24.036209538914996,48.010286963535094,32.1216822276761,72.03750356889776,243.85740833246848,550.6820693443665,1.9984842678886985,6304.896841656647,350.2713256483718,0.1835554519773719,5.619630496178574,17.442989638165436,17.641452618197565,2.5220582423444897,6.49008493543311,6.518320514669527
818B,mean,8.806451612903226,27.838709677419356,28.225806451612904,50.096774193548384,36.645161290322584,78.3225806451613,163.11741935483872,412.37838709677425,7.910967741935485,3441.048387096774,191.16967741935488,0.13745806451612905,10.709677419354838,31.451612903225808,31.870967741935484,1.3474193548387094,49.48354838709678,49.5858064516129
818B,var,1.4462265659006384,8.112502395023448,9.047222626467287,16.50484745746451,8.811826316859722,25.506971971339954,53.83357969722699,157.94007981993542,1.933628304073525,1816.6786120565876,100.92610198153034,0.052649368309132416,4.650310765800752,11.42391015392693,11.836907659285144,6.463385694092,7.540893909699045,7.682124947205331
819E,mean,5.71875,12.4375,22.03125,42.53125,18.15625,64.5625,61.6334375,277.395625,10.261875,3670.27125,203.9040625,0.092465625,7.03125,23.34375,22.8125,3.3453125,58.074999999999996,58.205625
819E,var,1.3046641090717563,5.706013823151851,14.034520776909343,28.18353284167015,6.54364851879286,42.204811263053884,33.13763113981737,207.61187428314253,5.771598260826459,5934.263800810062,329.68122150286496,0.06919502605577495,3.486441371585072,9.071278076296636,8.07557080025926,6.886785799801222,9.324334761794002,9.287525214467793
822C,mean,8.03448275862069,26.344827586206897,21.06896551724138,40.6551724137931,34.37931034482759,61.724137931034484,150.26586206896553,318.5096551724138,6.184482758620691,2096.989655172414,116.49999999999999,0.10616896551724138,8.793103448275861,35.55172413793103,36.86206896551724,0.0,47.20103448275863,47.45137931034483
822C,var,1.5862068965517242,7.747194651631873,6.8073542102375235,13.152358807896505,8.84897731516901,19.949758535785527,53.59704743008102,125.21721886338592,1.3981060741339766,1224.7278480726682,68.04029237302628,0.041745675831803025,3.986004051634078,5.786942536771911,5.84703955702804,0.0,2.584209803625814,2.623570512761952
828A,mean,4.548387096774194,9.32258064516129,14.290322580645162,28.580645161290324,13.870967741935484,42.87096774193548,40.28225806451613,163.91000000000003,7.041290322580645,1225.5158064516131,68.08451612903225,0.05463870967741937,8.290322580645162,26.741935483870968,27.322580645161292,0.6406451612903226,53.622903225806446,53.70967741935484
828A,var,0.7551419297238469,1.8029920790299512,3.743325659452557,7.486651318905114,2.253913234782377,11.229976978357671,10.349554676309452,54.41024037866876,1.902191845986783,765.6793304189432,42.53624942432571,0.01813847590103664,1.1693270297027005,4.839139765832045,5.158063507433982,2.06000616266518,4.006411147268504,4.047616968260234
830B,mean,3.225806451612903,7.096774193548387,4.709677419354839,9.258064516129032,10.32258064516129,13.96774193548387,26.54806451612903,49.60709677419354,2.1345161290322583,148.69806451612908,8.261290322580644,0.01653548387096774,3.3225806451612905,17.193548387096776,17.870967741935484,0.0,61.490967741935464,61.70741935483871
830B,var,1.2104298735028205,2.809601495215055,2.875856656519054,5.4118611784849495,3.9134762764167874,8.283227791331115,16.375700018399574,37.85664156955975,1.2393646621833652,193.59525354784375,10.755781563640323,0.012611862014609353,2.704680492419946,6.52251363993534,6.61738636391151,0.0,5.339948867000995,5.417680713000027
834A,mean,3.96875,9.90625,8.0,15.875,13.875,23.875,41.152499999999996,91.8865625,3.138125,301.33343749999995,16.7378125,0.030628125,2.8125,14.78125,14.84375,0.0,60.58625000000001,60.707499999999996
834A,var,0.5854685623498498,2.5539109102511777,2.6457513110645907,5.188629395129315,2.7810744326608736,7.829232082394799,13.605981680863751,38.54327345735691,0.5414762085031991,189.20225377901443,10.512830177447164,0.012851610657204604,2.037730048362638,2.803283510011073,2.8516374133995366,0.0,2.850310016033342,2.9885249287901217
835A,mean,3.53125,11.03125,8.0,16.0,14.5625,24.0,44.6865625,92.71937499999999,2.5603125,237.8396875,13.213125,0.030946875,1.59375,10.90625,10.90625,2.7696875,66.845,67.0353125
835A,var,0.4990224819584785,0.17399263633843817,0.0,0.0,0.5555121510822243,0.0,1.9579814372444249,1.3149665810867597,0.3596046820381375,36.25024892021216,2.010059758906436,0.00043659504620987264,1.4970674458754356,2.5539109102511777,2.5539109102511777,6.7400108885181895,8.098625269142907,8.057503872313296
835E,mean,5.241379310344827,16.413793103448278,16.96551724137931,33.3448275862069,21.655172413793103,50.310344827586206,80.60724137931037,228.30344827586205,5.241034482758621,1394.2355172413795,77.45724137931035,0.07609655172413793,6.896551724137931,32.13793103448276,32.41379310344828,6.1482758620689655,56.75103448275861,57.28068965517242
835E,var,1.6327504278278226,5.968406715013187,7.841018400695637,15.1413475054441,7.164451814190651,22.963394330791754,38.397697119933504,127.71838844399065,1.9941281818648195,1317.9485280608783,73.21961226321962,0.04256496440743191,6.087549915315893,8.435246814576912,8.652355634517074,10.662913837694976,12.120233110546321,12.15268266993341
838D,mean,6.9375,17.9375,13.65625,27.28125,24.875,40.9375,96.810625,196.1834375,5.254687499999999,1127.8125,62.65625,0.065396875,4.15625,14.75,14.75,0.0,58.8221875,58.734375
838D,var,1.197327753791751,8.933565567565953,7.788651098714077,15.45201114539787,9.610378504512713,23.240505453840715,57.873857274760724,145.5881682522951,1.1438285065269838,1194.1454661833498,66.34096221180017,0.04852442351779539,1.2527313908017152,3.929058411375428,3.929058411375428,0.0,4.200040724783959,4.2205316145451395
839C,mean,7.458333333333333,19.333333333333332,15.541666666666666,29.583333333333332,26.791666666666668,45.125,104.99125,215.33375,5.75125,1297.9033333333334,72.10666666666667,0.07177916666666667,5.208333333333333,38.625,38.791666666666664,0.6408333333333334,49.83416666666667,49.906666666666666
839C,var,1.1172573064826603,4.079079416840139,3.5937349033499335,7.099980438157716,4.9157838190420415,10.6860988360268,26.733496671233137,61.440979525917115,1.3177705683590497,645.1229139840115,35.84105381945247,0.020484872043507834,3.5587821730973586,16.221930885892306,16.31456191736559,3.073328701189568,5.913397864642254,5.918610948149536
85A,mean,4.40625,23.09375,22.71875,45.0625,27.5,67.78125,119.090625,331.478125,4.6996875,1613.6703125000001,89.64812500000001,0.11049687500000001,5.28125,24.84375,25.25,1.064375,53.655625,53.785624999999996
85A,var,1.1418016191528193,12.69930946695528,11.060160416445143,22.190844818302885,12.764697411219743,33.23000749981107,77.92881787798,196.98212494153975,2.397775641577783,1272.590683719839,70.69958669599401,0.06566478072554857,2.3349836054028303,11.172257423524576,11.363318177363512,4.123288991736452,7.277378450333265,7.205022092913733
86A,mean,3.9375,7.875,3.9375,7.875,11.8125,11.8125,31.26625,42.11437500000001,1.96875,83.336875,4.630000000000001,0.014,4.9375,11.59375,11.59375,0.5209375,65.60687500000002,65.4740625
86A,var,0.24206145913796356,0.4841229182759271,0.24206145913796356,0.4841229182759271,0.7261843774138906,0.7261843774138906,2.841801530279692,3.507470542909092,0.12103072956898178,10.469158107716925,0.5809475019311127,0.0011618950038622252,0.24206145913796356,0.8609360821222444,0.8609360821222444,2.9004572477617656,3.8716779610880603,3.8718962242154356
8E,mean,4.21875,6.5625,6.59375,10.4375,10.78125,17.03125,27.241875,59.1140625,3.3774999999999995,218.00968750000004,12.110624999999999,0.019700000000000002,5.125,17.59375,18.71875,1.3640625,61.1628125,61.04875
8E,var,1.0528050329951886,2.105610065990377,1.6366767968966873,3.181366648156103,3.1098068167492334,4.792470494171039,12.413434113265152,23.337277162751736,0.8715826122634617,150.03603093266412,8.336383335078528,0.007792263791736006,1.948557158514987,3.2293514732063464,3.58150086381394,5.283914185629224,6.583845397246487,6.6189778053336905
90B,mean,2.96875,7.46875,5.125,10.25,10.4375,15.375,26.534062499999997,52.347187500000004,2.0493750000000004,110.6221875,6.1440624999999995,0.01744375,5.5,18.03125,18.4375,2.4275,62.52625,63.1315625
90B,var,0.39404750665370286,1.3459284667098768,0.9270248108869579,1.8540496217739157,1.6381678027601445,2.7810744326608736,6.848034325344299,12.931322736473781,0.35649279007435763,43.36460183248364,2.4092917260252547,0.004324417410183712,4.683748498798798,2.7780880903059932,3.2106998847603307,5.838956456422672,8.93010909437841,9.08857975338247
93A,mean,5.65625,16.46875,13.0625,26.125,22.125,39.1875,82.2478125,179.09875,4.465625,924.57625,51.3653125,0.059703125,3.5,14.75,14.75,2.0675,61.563125,61.5671875
93A,var,1.5733994843967631,5.243951128443133,5.302932561328684,10.605865122657368,6.627358070905782,15.908797683986053,34.03349772047892,87.31194716181459,1.596644797497239,690.3490932390202,38.351765603454865,0.02911156862373402,1.8200274723201295,4.782781617427248,4.782781617427248,6.4434729571869855,9.070423238988079,9.067278476193602
94C,mean,5.65625,15.40625,12.8125,25.625,21.0625,38.4375,76.00375,171.09187500000002,4.7575,893.4665625,49.637187499999996,0.057031250000000006,3.15625,16.0,16.0,2.36,61.650625,61.66374999999999
94C,var,1.3371933059584167,4.159772943022251,4.049980709830604,8.099961419661208,5.267456098535611,12.14994212949181,26.378675780590278,64.1570878507151,1.6000390620231744,533.0436510245278,29.613989328775745,0.021391914908149293,1.7159067391615432,5.25,5.25,5.899618631742224,8.659598337069394,8.649305156340596
98B,mean,5.9,12.25,11.4,22.75,18.15,34.15,60.217,145.589,5.447,877.2915,48.738499999999995,0.04854,3.6,14.0,14.05,0.0,59.906000000000006,59.879
98B,var,0.9949874371066201,3.5053530492662217,4.59782557302906,9.235123171891104,4.1865857210858595,13.832118420545713,20.62054245164273,68.86911687396609,1.587107746814941,571.4310597025244,31.74653481484239,0.022953635877568504,1.1135528725660042,2.701851217221259,2.7290108097990378,0.0,3.3205758536735757,3.314710997960455
99C,mean,2.9310344827586206,13.793103448275861,10.068965517241379,19.724137931034484,16.724137931034484,29.79310344827586,63.27137931034483,136.64793103448278,2.0617241379310345,483.9000000000001,26.882068965517238,0.045548275862068964,6.482758620689655,19.79310344827586,19.517241379310345,2.475862068965517,63.95137931034483,63.87379310344828
99C,var,1.6801279607006665,10.662144800551113,9.508366676820991,18.643472652183103,11.999702731157445,28.117216851460554,61.82715493820394,154.2536358344048,1.5362966419855186,807.6569902822139,44.87007953078189,0.051417349954443324,6.049341312989902,11.722007920102836,11.877596092717415,5.71807691161827,13.335519260965128,13.40120231708337
ALL,mean,5.49789439585358,17.012309685779073,14.705701328150308,28.489795918367346,22.510204081632654,43.195497246517654,90.32245221898282,211.79591026886948,4.5787495950761254,1452.3219987042435,80.68446064139941,0.07059755425979915,6.180919987042436,23.307256235827666,23.78862973760933,1.2780336896663427,57.89150955620343,58.03073534175575
ALL,var,6.121391743949805,203.73454234918705,189.26923539249256,729.9123513350918,258.755240871859,1660.816494140501,9819.206361365956,68402.4684284474,7.7469535061344335,8206600.797872844,25329.030279098468,0.007600135350351365,35.144624615237056,244.71851877561306,250.45759018587307,26.802718841754537,114.17854336425918,114.41359641424496
